Country,ISO3 Code,Datetime (UTC),Datetime (Local),Price (EUR/MWhe)
United Kingdom,GBR,2024-01-01T00:00:00Z,2024-01-01T00:00:00Z,55
United Kingdom,GBR,2024-01-01T01:00:00Z,2024-01-01T01:00:00Z,51.45
United Kingdom,GBR,2024-01-01T02:00:00Z,2024-01-01T02:00:00Z,26.57
United Kingdom,GBR,2024-01-01T03:00:00Z,2024-01-01T03:00:00Z,9.77
United Kingdom,GBR,2024-01-01T04:00:00Z,2024-01-01T04:00:00Z,7.43
United Kingdom,GBR,2024-01-01T05:00:00Z,2024-01-01T05:00:00Z,5.12
United Kingdom,GBR,2024-01-01T06:00:00Z,2024-01-01T06:00:00Z,9.73
United Kingdom,GBR,2024-01-01T07:00:00Z,2024-01-01T07:00:00Z,24.73
United Kingdom,GBR,2024-01-01T08:00:00Z,2024-01-01T08:00:00Z,35.8
United Kingdom,GBR,2024-01-01T09:00:00Z,2024-01-01T09:00:00Z,47.39
United Kingdom,GBR,2024-01-01T10:00:00Z,2024-01-01T10:00:00Z,84.66
United Kingdom,GBR,2024-01-01T11:00:00Z,2024-01-01T11:00:00Z,48.8
United Kingdom,GBR,2024-01-01T12:00:00Z,2024-01-01T12:00:00Z,69.42
United Kingdom,GBR,2024-01-01T13:00:00Z,2024-01-01T13:00:00Z,91.94
United Kingdom,GBR,2024-01-01T14:00:00Z,2024-01-01T14:00:00Z,80.74
United Kingdom,GBR,2024-01-01T15:00:00Z,2024-01-01T15:00:00Z,91.99
United Kingdom,GBR,2024-01-01T16:00:00Z,2024-01-01T16:00:00Z,113.66
United Kingdom,GBR,2024-01-01T17:00:00Z,2024-01-01T17:00:00Z,125.7
United Kingdom,GBR,2024-01-01T18:00:00Z,2024-01-01T18:00:00Z,100.97
United Kingdom,GBR,2024-01-01T19:00:00Z,2024-01-01T19:00:00Z,87.12
United Kingdom,GBR,2024-01-01T20:00:00Z,2024-01-01T20:00:00Z,64.93
United Kingdom,GBR,2024-01-01T21:00:00Z,2024-01-01T21:00:00Z,63.38
United Kingdom,GBR,2024-01-01T22:00:00Z,2024-01-01T22:00:00Z,37.11
United Kingdom,GBR,2024-01-01T23:00:00Z,2024-01-01T23:00:00Z,14.27
United Kingdom,GBR,2024-01-02T00:00:00Z,2024-01-02T00:00:00Z,20.71
United Kingdom,GBR,2024-01-02T01:00:00Z,2024-01-02T01:00:00Z,20.7
United Kingdom,GBR,2024-01-02T02:00:00Z,2024-01-02T02:00:00Z,11.5
United Kingdom,GBR,2024-01-02T03:00:00Z,2024-01-02T03:00:00Z,9.95
United Kingdom,GBR,2024-01-02T04:00:00Z,2024-01-02T04:00:00Z,11.88
United Kingdom,GBR,2024-01-02T05:00:00Z,2024-01-02T05:00:00Z,31.8
United Kingdom,GBR,2024-01-02T06:00:00Z,2024-01-02T06:00:00Z,68.03
United Kingdom,GBR,2024-01-02T07:00:00Z,2024-01-02T07:00:00Z,66.34
United Kingdom,GBR,2024-01-02T08:00:00Z,2024-01-02T08:00:00Z,76.75
United Kingdom,GBR,2024-01-02T09:00:00Z,2024-01-02T09:00:00Z,87.06
United Kingdom,GBR,2024-01-02T10:00:00Z,2024-01-02T10:00:00Z,81.59
United Kingdom,GBR,2024-01-02T11:00:00Z,2024-01-02T11:00:00Z,85.13
United Kingdom,GBR,2024-01-02T12:00:00Z,2024-01-02T12:00:00Z,99.13
United Kingdom,GBR,2024-01-02T13:00:00Z,2024-01-02T13:00:00Z,100.97
United Kingdom,GBR,2024-01-02T14:00:00Z,2024-01-02T14:00:00Z,92.53
United Kingdom,GBR,2024-01-02T15:00:00Z,2024-01-02T15:00:00Z,83.22
United Kingdom,GBR,2024-01-02T16:00:00Z,2024-01-02T16:00:00Z,94.17
United Kingdom,GBR,2024-01-02T17:00:00Z,2024-01-02T17:00:00Z,100.28
United Kingdom,GBR,2024-01-02T18:00:00Z,2024-01-02T18:00:00Z,82.04
United Kingdom,GBR,2024-01-02T19:00:00Z,2024-01-02T19:00:00Z,79.88
United Kingdom,GBR,2024-01-02T20:00:00Z,2024-01-02T20:00:00Z,78.76
United Kingdom,GBR,2024-01-02T21:00:00Z,2024-01-02T21:00:00Z,67.02
United Kingdom,GBR,2024-01-02T22:00:00Z,2024-01-02T22:00:00Z,55.83
United Kingdom,GBR,2024-01-02T23:00:00Z,2024-01-02T23:00:00Z,50.7
United Kingdom,GBR,2024-01-03T00:00:00Z,2024-01-03T00:00:00Z,62.35
United Kingdom,GBR,2024-01-03T01:00:00Z,2024-01-03T01:00:00Z,60.7
United Kingdom,GBR,2024-01-03T02:00:00Z,2024-01-03T02:00:00Z,51.31
United Kingdom,GBR,2024-01-03T03:00:00Z,2024-01-03T03:00:00Z,53.33
United Kingdom,GBR,2024-01-03T04:00:00Z,2024-01-03T04:00:00Z,44.86
United Kingdom,GBR,2024-01-03T05:00:00Z,2024-01-03T05:00:00Z,70.17
United Kingdom,GBR,2024-01-03T06:00:00Z,2024-01-03T06:00:00Z,81.4
United Kingdom,GBR,2024-01-03T07:00:00Z,2024-01-03T07:00:00Z,82.84
United Kingdom,GBR,2024-01-03T08:00:00Z,2024-01-03T08:00:00Z,88.74
United Kingdom,GBR,2024-01-03T09:00:00Z,2024-01-03T09:00:00Z,89.26
United Kingdom,GBR,2024-01-03T10:00:00Z,2024-01-03T10:00:00Z,91.73
United Kingdom,GBR,2024-01-03T11:00:00Z,2024-01-03T11:00:00Z,86.38
United Kingdom,GBR,2024-01-03T12:00:00Z,2024-01-03T12:00:00Z,87.52
United Kingdom,GBR,2024-01-03T13:00:00Z,2024-01-03T13:00:00Z,94.55
United Kingdom,GBR,2024-01-03T14:00:00Z,2024-01-03T14:00:00Z,82
United Kingdom,GBR,2024-01-03T15:00:00Z,2024-01-03T15:00:00Z,83.2
United Kingdom,GBR,2024-01-03T16:00:00Z,2024-01-03T16:00:00Z,106.13
United Kingdom,GBR,2024-01-03T17:00:00Z,2024-01-03T17:00:00Z,109.92
United Kingdom,GBR,2024-01-03T18:00:00Z,2024-01-03T18:00:00Z,99.39
United Kingdom,GBR,2024-01-03T19:00:00Z,2024-01-03T19:00:00Z,94.24
United Kingdom,GBR,2024-01-03T20:00:00Z,2024-01-03T20:00:00Z,86.91
United Kingdom,GBR,2024-01-03T21:00:00Z,2024-01-03T21:00:00Z,83.29
United Kingdom,GBR,2024-01-03T22:00:00Z,2024-01-03T22:00:00Z,76
United Kingdom,GBR,2024-01-03T23:00:00Z,2024-01-03T23:00:00Z,79.79
United Kingdom,GBR,2024-01-04T00:00:00Z,2024-01-04T00:00:00Z,83.15
United Kingdom,GBR,2024-01-04T01:00:00Z,2024-01-04T01:00:00Z,77.31
United Kingdom,GBR,2024-01-04T02:00:00Z,2024-01-04T02:00:00Z,72.79
United Kingdom,GBR,2024-01-04T03:00:00Z,2024-01-04T03:00:00Z,69.28
United Kingdom,GBR,2024-01-04T04:00:00Z,2024-01-04T04:00:00Z,68.44
United Kingdom,GBR,2024-01-04T05:00:00Z,2024-01-04T05:00:00Z,73.15
United Kingdom,GBR,2024-01-04T06:00:00Z,2024-01-04T06:00:00Z,85.52
United Kingdom,GBR,2024-01-04T07:00:00Z,2024-01-04T07:00:00Z,86.74
United Kingdom,GBR,2024-01-04T08:00:00Z,2024-01-04T08:00:00Z,91.52
United Kingdom,GBR,2024-01-04T09:00:00Z,2024-01-04T09:00:00Z,93.43
United Kingdom,GBR,2024-01-04T10:00:00Z,2024-01-04T10:00:00Z,89.44
United Kingdom,GBR,2024-01-04T11:00:00Z,2024-01-04T11:00:00Z,90.17
United Kingdom,GBR,2024-01-04T12:00:00Z,2024-01-04T12:00:00Z,92.04
United Kingdom,GBR,2024-01-04T13:00:00Z,2024-01-04T13:00:00Z,97.41
United Kingdom,GBR,2024-01-04T14:00:00Z,2024-01-04T14:00:00Z,102.53
United Kingdom,GBR,2024-01-04T15:00:00Z,2024-01-04T15:00:00Z,106.26
United Kingdom,GBR,2024-01-04T16:00:00Z,2024-01-04T16:00:00Z,123.94
United Kingdom,GBR,2024-01-04T17:00:00Z,2024-01-04T17:00:00Z,129.74
United Kingdom,GBR,2024-01-04T18:00:00Z,2024-01-04T18:00:00Z,122.78
United Kingdom,GBR,2024-01-04T19:00:00Z,2024-01-04T19:00:00Z,112.54
United Kingdom,GBR,2024-01-04T20:00:00Z,2024-01-04T20:00:00Z,99.35
United Kingdom,GBR,2024-01-04T21:00:00Z,2024-01-04T21:00:00Z,93.7
United Kingdom,GBR,2024-01-04T22:00:00Z,2024-01-04T22:00:00Z,83.91
United Kingdom,GBR,2024-01-04T23:00:00Z,2024-01-04T23:00:00Z,90.74
United Kingdom,GBR,2024-01-05T00:00:00Z,2024-01-05T00:00:00Z,92.06
United Kingdom,GBR,2024-01-05T01:00:00Z,2024-01-05T01:00:00Z,89.64
United Kingdom,GBR,2024-01-05T02:00:00Z,2024-01-05T02:00:00Z,81.62
United Kingdom,GBR,2024-01-05T03:00:00Z,2024-01-05T03:00:00Z,80.91
United Kingdom,GBR,2024-01-05T04:00:00Z,2024-01-05T04:00:00Z,80.99
United Kingdom,GBR,2024-01-05T05:00:00Z,2024-01-05T05:00:00Z,85.22
United Kingdom,GBR,2024-01-05T06:00:00Z,2024-01-05T06:00:00Z,95.2
United Kingdom,GBR,2024-01-05T07:00:00Z,2024-01-05T07:00:00Z,98.74
United Kingdom,GBR,2024-01-05T08:00:00Z,2024-01-05T08:00:00Z,100.72
United Kingdom,GBR,2024-01-05T09:00:00Z,2024-01-05T09:00:00Z,99.54
United Kingdom,GBR,2024-01-05T10:00:00Z,2024-01-05T10:00:00Z,98.01
United Kingdom,GBR,2024-01-05T11:00:00Z,2024-01-05T11:00:00Z,94
United Kingdom,GBR,2024-01-05T12:00:00Z,2024-01-05T12:00:00Z,94.3
United Kingdom,GBR,2024-01-05T13:00:00Z,2024-01-05T13:00:00Z,95.7
United Kingdom,GBR,2024-01-05T14:00:00Z,2024-01-05T14:00:00Z,100.59
United Kingdom,GBR,2024-01-05T15:00:00Z,2024-01-05T15:00:00Z,103.78
United Kingdom,GBR,2024-01-05T16:00:00Z,2024-01-05T16:00:00Z,116.94
United Kingdom,GBR,2024-01-05T17:00:00Z,2024-01-05T17:00:00Z,118.95
United Kingdom,GBR,2024-01-05T18:00:00Z,2024-01-05T18:00:00Z,111.53
United Kingdom,GBR,2024-01-05T19:00:00Z,2024-01-05T19:00:00Z,103.32
United Kingdom,GBR,2024-01-05T20:00:00Z,2024-01-05T20:00:00Z,95.71
United Kingdom,GBR,2024-01-05T21:00:00Z,2024-01-05T21:00:00Z,96.81
United Kingdom,GBR,2024-01-05T22:00:00Z,2024-01-05T22:00:00Z,87.26
United Kingdom,GBR,2024-01-05T23:00:00Z,2024-01-05T23:00:00Z,88.52
United Kingdom,GBR,2024-01-06T00:00:00Z,2024-01-06T00:00:00Z,98.2
United Kingdom,GBR,2024-01-06T01:00:00Z,2024-01-06T01:00:00Z,93.4
United Kingdom,GBR,2024-01-06T02:00:00Z,2024-01-06T02:00:00Z,87.6
United Kingdom,GBR,2024-01-06T03:00:00Z,2024-01-06T03:00:00Z,82.95
United Kingdom,GBR,2024-01-06T04:00:00Z,2024-01-06T04:00:00Z,81.6
United Kingdom,GBR,2024-01-06T05:00:00Z,2024-01-06T05:00:00Z,81.45
United Kingdom,GBR,2024-01-06T06:00:00Z,2024-01-06T06:00:00Z,84.55
United Kingdom,GBR,2024-01-06T07:00:00Z,2024-01-06T07:00:00Z,89.48
United Kingdom,GBR,2024-01-06T08:00:00Z,2024-01-06T08:00:00Z,94.03
United Kingdom,GBR,2024-01-06T09:00:00Z,2024-01-06T09:00:00Z,99.26
United Kingdom,GBR,2024-01-06T10:00:00Z,2024-01-06T10:00:00Z,100.64
United Kingdom,GBR,2024-01-06T11:00:00Z,2024-01-06T11:00:00Z,100.05
United Kingdom,GBR,2024-01-06T12:00:00Z,2024-01-06T12:00:00Z,95.96
United Kingdom,GBR,2024-01-06T13:00:00Z,2024-01-06T13:00:00Z,97.55
United Kingdom,GBR,2024-01-06T14:00:00Z,2024-01-06T14:00:00Z,96.74
United Kingdom,GBR,2024-01-06T15:00:00Z,2024-01-06T15:00:00Z,99.58
United Kingdom,GBR,2024-01-06T16:00:00Z,2024-01-06T16:00:00Z,113.84
United Kingdom,GBR,2024-01-06T17:00:00Z,2024-01-06T17:00:00Z,121.34
United Kingdom,GBR,2024-01-06T18:00:00Z,2024-01-06T18:00:00Z,115.22
United Kingdom,GBR,2024-01-06T19:00:00Z,2024-01-06T19:00:00Z,100.73
United Kingdom,GBR,2024-01-06T20:00:00Z,2024-01-06T20:00:00Z,93.74
United Kingdom,GBR,2024-01-06T21:00:00Z,2024-01-06T21:00:00Z,92.14
United Kingdom,GBR,2024-01-06T22:00:00Z,2024-01-06T22:00:00Z,86.23
United Kingdom,GBR,2024-01-06T23:00:00Z,2024-01-06T23:00:00Z,88.78
United Kingdom,GBR,2024-01-07T00:00:00Z,2024-01-07T00:00:00Z,99.25
United Kingdom,GBR,2024-01-07T01:00:00Z,2024-01-07T01:00:00Z,97.65
United Kingdom,GBR,2024-01-07T02:00:00Z,2024-01-07T02:00:00Z,87.18
United Kingdom,GBR,2024-01-07T03:00:00Z,2024-01-07T03:00:00Z,83.4
United Kingdom,GBR,2024-01-07T04:00:00Z,2024-01-07T04:00:00Z,81.26
United Kingdom,GBR,2024-01-07T05:00:00Z,2024-01-07T05:00:00Z,80.49
United Kingdom,GBR,2024-01-07T06:00:00Z,2024-01-07T06:00:00Z,84.71
United Kingdom,GBR,2024-01-07T07:00:00Z,2024-01-07T07:00:00Z,84.53
United Kingdom,GBR,2024-01-07T08:00:00Z,2024-01-07T08:00:00Z,91.8
United Kingdom,GBR,2024-01-07T09:00:00Z,2024-01-07T09:00:00Z,93.11
United Kingdom,GBR,2024-01-07T10:00:00Z,2024-01-07T10:00:00Z,95.68
United Kingdom,GBR,2024-01-07T11:00:00Z,2024-01-07T11:00:00Z,99.58
United Kingdom,GBR,2024-01-07T12:00:00Z,2024-01-07T12:00:00Z,99.7
United Kingdom,GBR,2024-01-07T13:00:00Z,2024-01-07T13:00:00Z,105.2
United Kingdom,GBR,2024-01-07T14:00:00Z,2024-01-07T14:00:00Z,96.42
United Kingdom,GBR,2024-01-07T15:00:00Z,2024-01-07T15:00:00Z,101.13
United Kingdom,GBR,2024-01-07T16:00:00Z,2024-01-07T16:00:00Z,118
United Kingdom,GBR,2024-01-07T17:00:00Z,2024-01-07T17:00:00Z,135.16
United Kingdom,GBR,2024-01-07T18:00:00Z,2024-01-07T18:00:00Z,121.12
United Kingdom,GBR,2024-01-07T19:00:00Z,2024-01-07T19:00:00Z,105.07
United Kingdom,GBR,2024-01-07T20:00:00Z,2024-01-07T20:00:00Z,99.35
United Kingdom,GBR,2024-01-07T21:00:00Z,2024-01-07T21:00:00Z,94.24
United Kingdom,GBR,2024-01-07T22:00:00Z,2024-01-07T22:00:00Z,85.5
United Kingdom,GBR,2024-01-07T23:00:00Z,2024-01-07T23:00:00Z,91.3
United Kingdom,GBR,2024-01-08T00:00:00Z,2024-01-08T00:00:00Z,89.47
United Kingdom,GBR,2024-01-08T01:00:00Z,2024-01-08T01:00:00Z,86.82
United Kingdom,GBR,2024-01-08T02:00:00Z,2024-01-08T02:00:00Z,83.24
United Kingdom,GBR,2024-01-08T03:00:00Z,2024-01-08T03:00:00Z,82.26
United Kingdom,GBR,2024-01-08T04:00:00Z,2024-01-08T04:00:00Z,84.9
United Kingdom,GBR,2024-01-08T05:00:00Z,2024-01-08T05:00:00Z,96.89
United Kingdom,GBR,2024-01-08T06:00:00Z,2024-01-08T06:00:00Z,102.99
United Kingdom,GBR,2024-01-08T07:00:00Z,2024-01-08T07:00:00Z,114.2
United Kingdom,GBR,2024-01-08T08:00:00Z,2024-01-08T08:00:00Z,119.15
United Kingdom,GBR,2024-01-08T09:00:00Z,2024-01-08T09:00:00Z,114.2
United Kingdom,GBR,2024-01-08T10:00:00Z,2024-01-08T10:00:00Z,104.88
United Kingdom,GBR,2024-01-08T11:00:00Z,2024-01-08T11:00:00Z,101.61
United Kingdom,GBR,2024-01-08T12:00:00Z,2024-01-08T12:00:00Z,99.44
United Kingdom,GBR,2024-01-08T13:00:00Z,2024-01-08T13:00:00Z,102.93
United Kingdom,GBR,2024-01-08T14:00:00Z,2024-01-08T14:00:00Z,109.29
United Kingdom,GBR,2024-01-08T15:00:00Z,2024-01-08T15:00:00Z,117.49
United Kingdom,GBR,2024-01-08T16:00:00Z,2024-01-08T16:00:00Z,130.24
United Kingdom,GBR,2024-01-08T17:00:00Z,2024-01-08T17:00:00Z,132.1
United Kingdom,GBR,2024-01-08T18:00:00Z,2024-01-08T18:00:00Z,123.72
United Kingdom,GBR,2024-01-08T19:00:00Z,2024-01-08T19:00:00Z,110.96
United Kingdom,GBR,2024-01-08T20:00:00Z,2024-01-08T20:00:00Z,99.69
United Kingdom,GBR,2024-01-08T21:00:00Z,2024-01-08T21:00:00Z,99.52
United Kingdom,GBR,2024-01-08T22:00:00Z,2024-01-08T22:00:00Z,86.53
United Kingdom,GBR,2024-01-08T23:00:00Z,2024-01-08T23:00:00Z,87.46
United Kingdom,GBR,2024-01-09T00:00:00Z,2024-01-09T00:00:00Z,84.78
United Kingdom,GBR,2024-01-09T01:00:00Z,2024-01-09T01:00:00Z,83.85
United Kingdom,GBR,2024-01-09T02:00:00Z,2024-01-09T02:00:00Z,83.35
United Kingdom,GBR,2024-01-09T03:00:00Z,2024-01-09T03:00:00Z,83.63
United Kingdom,GBR,2024-01-09T04:00:00Z,2024-01-09T04:00:00Z,84.17
United Kingdom,GBR,2024-01-09T05:00:00Z,2024-01-09T05:00:00Z,87
United Kingdom,GBR,2024-01-09T06:00:00Z,2024-01-09T06:00:00Z,100.84
United Kingdom,GBR,2024-01-09T07:00:00Z,2024-01-09T07:00:00Z,120.64
United Kingdom,GBR,2024-01-09T08:00:00Z,2024-01-09T08:00:00Z,122.76
United Kingdom,GBR,2024-01-09T09:00:00Z,2024-01-09T09:00:00Z,110.21
United Kingdom,GBR,2024-01-09T10:00:00Z,2024-01-09T10:00:00Z,99.55
United Kingdom,GBR,2024-01-09T11:00:00Z,2024-01-09T11:00:00Z,95.41
United Kingdom,GBR,2024-01-09T12:00:00Z,2024-01-09T12:00:00Z,94.63
United Kingdom,GBR,2024-01-09T13:00:00Z,2024-01-09T13:00:00Z,101.46
United Kingdom,GBR,2024-01-09T14:00:00Z,2024-01-09T14:00:00Z,112.51
United Kingdom,GBR,2024-01-09T15:00:00Z,2024-01-09T15:00:00Z,125.06
United Kingdom,GBR,2024-01-09T16:00:00Z,2024-01-09T16:00:00Z,139.66
United Kingdom,GBR,2024-01-09T17:00:00Z,2024-01-09T17:00:00Z,141.87
United Kingdom,GBR,2024-01-09T18:00:00Z,2024-01-09T18:00:00Z,134.8
United Kingdom,GBR,2024-01-09T19:00:00Z,2024-01-09T19:00:00Z,121.49
United Kingdom,GBR,2024-01-09T20:00:00Z,2024-01-09T20:00:00Z,104.99
United Kingdom,GBR,2024-01-09T21:00:00Z,2024-01-09T21:00:00Z,99.43
United Kingdom,GBR,2024-01-09T22:00:00Z,2024-01-09T22:00:00Z,94.24
United Kingdom,GBR,2024-01-09T23:00:00Z,2024-01-09T23:00:00Z,78.98
United Kingdom,GBR,2024-01-10T00:00:00Z,2024-01-10T00:00:00Z,79.73
United Kingdom,GBR,2024-01-10T01:00:00Z,2024-01-10T01:00:00Z,79.81
United Kingdom,GBR,2024-01-10T02:00:00Z,2024-01-10T02:00:00Z,79.14
United Kingdom,GBR,2024-01-10T03:00:00Z,2024-01-10T03:00:00Z,79.49
United Kingdom,GBR,2024-01-10T04:00:00Z,2024-01-10T04:00:00Z,81.95
United Kingdom,GBR,2024-01-10T05:00:00Z,2024-01-10T05:00:00Z,87.67
United Kingdom,GBR,2024-01-10T06:00:00Z,2024-01-10T06:00:00Z,106.29
United Kingdom,GBR,2024-01-10T07:00:00Z,2024-01-10T07:00:00Z,131.35
United Kingdom,GBR,2024-01-10T08:00:00Z,2024-01-10T08:00:00Z,129.63
United Kingdom,GBR,2024-01-10T09:00:00Z,2024-01-10T09:00:00Z,121.65
United Kingdom,GBR,2024-01-10T10:00:00Z,2024-01-10T10:00:00Z,112.24
United Kingdom,GBR,2024-01-10T11:00:00Z,2024-01-10T11:00:00Z,105.37
United Kingdom,GBR,2024-01-10T12:00:00Z,2024-01-10T12:00:00Z,103.8
United Kingdom,GBR,2024-01-10T13:00:00Z,2024-01-10T13:00:00Z,111.02
United Kingdom,GBR,2024-01-10T14:00:00Z,2024-01-10T14:00:00Z,119.98
United Kingdom,GBR,2024-01-10T15:00:00Z,2024-01-10T15:00:00Z,128.23
United Kingdom,GBR,2024-01-10T16:00:00Z,2024-01-10T16:00:00Z,143.07
United Kingdom,GBR,2024-01-10T17:00:00Z,2024-01-10T17:00:00Z,143.56
United Kingdom,GBR,2024-01-10T18:00:00Z,2024-01-10T18:00:00Z,133.18
United Kingdom,GBR,2024-01-10T19:00:00Z,2024-01-10T19:00:00Z,123.24
United Kingdom,GBR,2024-01-10T20:00:00Z,2024-01-10T20:00:00Z,109.9
United Kingdom,GBR,2024-01-10T21:00:00Z,2024-01-10T21:00:00Z,99.96
United Kingdom,GBR,2024-01-10T22:00:00Z,2024-01-10T22:00:00Z,89.86
United Kingdom,GBR,2024-01-10T23:00:00Z,2024-01-10T23:00:00Z,86.31
United Kingdom,GBR,2024-01-11T00:00:00Z,2024-01-11T00:00:00Z,84.23
United Kingdom,GBR,2024-01-11T01:00:00Z,2024-01-11T01:00:00Z,84.13
United Kingdom,GBR,2024-01-11T02:00:00Z,2024-01-11T02:00:00Z,80.93
United Kingdom,GBR,2024-01-11T03:00:00Z,2024-01-11T03:00:00Z,80.78
United Kingdom,GBR,2024-01-11T04:00:00Z,2024-01-11T04:00:00Z,82.11
United Kingdom,GBR,2024-01-11T05:00:00Z,2024-01-11T05:00:00Z,85.74
United Kingdom,GBR,2024-01-11T06:00:00Z,2024-01-11T06:00:00Z,107.99
United Kingdom,GBR,2024-01-11T07:00:00Z,2024-01-11T07:00:00Z,131.89
United Kingdom,GBR,2024-01-11T08:00:00Z,2024-01-11T08:00:00Z,126.97
United Kingdom,GBR,2024-01-11T09:00:00Z,2024-01-11T09:00:00Z,117.97
United Kingdom,GBR,2024-01-11T10:00:00Z,2024-01-11T10:00:00Z,109.73
United Kingdom,GBR,2024-01-11T11:00:00Z,2024-01-11T11:00:00Z,99.08
United Kingdom,GBR,2024-01-11T12:00:00Z,2024-01-11T12:00:00Z,97.02
United Kingdom,GBR,2024-01-11T13:00:00Z,2024-01-11T13:00:00Z,102.88
United Kingdom,GBR,2024-01-11T14:00:00Z,2024-01-11T14:00:00Z,113.34
United Kingdom,GBR,2024-01-11T15:00:00Z,2024-01-11T15:00:00Z,121.15
United Kingdom,GBR,2024-01-11T16:00:00Z,2024-01-11T16:00:00Z,136.46
United Kingdom,GBR,2024-01-11T17:00:00Z,2024-01-11T17:00:00Z,136.95
United Kingdom,GBR,2024-01-11T18:00:00Z,2024-01-11T18:00:00Z,129.27
United Kingdom,GBR,2024-01-11T19:00:00Z,2024-01-11T19:00:00Z,116.09
United Kingdom,GBR,2024-01-11T20:00:00Z,2024-01-11T20:00:00Z,102.77
United Kingdom,GBR,2024-01-11T21:00:00Z,2024-01-11T21:00:00Z,97.3
United Kingdom,GBR,2024-01-11T22:00:00Z,2024-01-11T22:00:00Z,88.44
United Kingdom,GBR,2024-01-11T23:00:00Z,2024-01-11T23:00:00Z,81.82
United Kingdom,GBR,2024-01-12T00:00:00Z,2024-01-12T00:00:00Z,80.16
United Kingdom,GBR,2024-01-12T01:00:00Z,2024-01-12T01:00:00Z,79.69
United Kingdom,GBR,2024-01-12T02:00:00Z,2024-01-12T02:00:00Z,77.6
United Kingdom,GBR,2024-01-12T03:00:00Z,2024-01-12T03:00:00Z,77.21
United Kingdom,GBR,2024-01-12T04:00:00Z,2024-01-12T04:00:00Z,80.41
United Kingdom,GBR,2024-01-12T05:00:00Z,2024-01-12T05:00:00Z,85.38
United Kingdom,GBR,2024-01-12T06:00:00Z,2024-01-12T06:00:00Z,106.01
United Kingdom,GBR,2024-01-12T07:00:00Z,2024-01-12T07:00:00Z,127.85
United Kingdom,GBR,2024-01-12T08:00:00Z,2024-01-12T08:00:00Z,122.86
United Kingdom,GBR,2024-01-12T09:00:00Z,2024-01-12T09:00:00Z,119.73
United Kingdom,GBR,2024-01-12T10:00:00Z,2024-01-12T10:00:00Z,112.32
United Kingdom,GBR,2024-01-12T11:00:00Z,2024-01-12T11:00:00Z,106.11
United Kingdom,GBR,2024-01-12T12:00:00Z,2024-01-12T12:00:00Z,103.58
United Kingdom,GBR,2024-01-12T13:00:00Z,2024-01-12T13:00:00Z,105.79
United Kingdom,GBR,2024-01-12T14:00:00Z,2024-01-12T14:00:00Z,111.39
United Kingdom,GBR,2024-01-12T15:00:00Z,2024-01-12T15:00:00Z,118.22
United Kingdom,GBR,2024-01-12T16:00:00Z,2024-01-12T16:00:00Z,128.18
United Kingdom,GBR,2024-01-12T17:00:00Z,2024-01-12T17:00:00Z,128.11
United Kingdom,GBR,2024-01-12T18:00:00Z,2024-01-12T18:00:00Z,121.18
United Kingdom,GBR,2024-01-12T19:00:00Z,2024-01-12T19:00:00Z,110
United Kingdom,GBR,2024-01-12T20:00:00Z,2024-01-12T20:00:00Z,98.16
United Kingdom,GBR,2024-01-12T21:00:00Z,2024-01-12T21:00:00Z,92.19
United Kingdom,GBR,2024-01-12T22:00:00Z,2024-01-12T22:00:00Z,84.6
United Kingdom,GBR,2024-01-12T23:00:00Z,2024-01-12T23:00:00Z,92.79
United Kingdom,GBR,2024-01-13T00:00:00Z,2024-01-13T00:00:00Z,87.95
United Kingdom,GBR,2024-01-13T01:00:00Z,2024-01-13T01:00:00Z,83.57
United Kingdom,GBR,2024-01-13T02:00:00Z,2024-01-13T02:00:00Z,78.62
United Kingdom,GBR,2024-01-13T03:00:00Z,2024-01-13T03:00:00Z,77.98
United Kingdom,GBR,2024-01-13T04:00:00Z,2024-01-13T04:00:00Z,75.47
United Kingdom,GBR,2024-01-13T05:00:00Z,2024-01-13T05:00:00Z,76.86
United Kingdom,GBR,2024-01-13T06:00:00Z,2024-01-13T06:00:00Z,81.71
United Kingdom,GBR,2024-01-13T07:00:00Z,2024-01-13T07:00:00Z,86.71
United Kingdom,GBR,2024-01-13T08:00:00Z,2024-01-13T08:00:00Z,96.71
United Kingdom,GBR,2024-01-13T09:00:00Z,2024-01-13T09:00:00Z,99.06
United Kingdom,GBR,2024-01-13T10:00:00Z,2024-01-13T10:00:00Z,96.89
United Kingdom,GBR,2024-01-13T11:00:00Z,2024-01-13T11:00:00Z,91.23
United Kingdom,GBR,2024-01-13T12:00:00Z,2024-01-13T12:00:00Z,84.08
United Kingdom,GBR,2024-01-13T13:00:00Z,2024-01-13T13:00:00Z,82.98
United Kingdom,GBR,2024-01-13T14:00:00Z,2024-01-13T14:00:00Z,87.57
United Kingdom,GBR,2024-01-13T15:00:00Z,2024-01-13T15:00:00Z,89.05
United Kingdom,GBR,2024-01-13T16:00:00Z,2024-01-13T16:00:00Z,104.69
United Kingdom,GBR,2024-01-13T17:00:00Z,2024-01-13T17:00:00Z,114.18
United Kingdom,GBR,2024-01-13T18:00:00Z,2024-01-13T18:00:00Z,109.52
United Kingdom,GBR,2024-01-13T19:00:00Z,2024-01-13T19:00:00Z,97
United Kingdom,GBR,2024-01-13T20:00:00Z,2024-01-13T20:00:00Z,87.89
United Kingdom,GBR,2024-01-13T21:00:00Z,2024-01-13T21:00:00Z,86.28
United Kingdom,GBR,2024-01-13T22:00:00Z,2024-01-13T22:00:00Z,80.4
United Kingdom,GBR,2024-01-13T23:00:00Z,2024-01-13T23:00:00Z,90.27
United Kingdom,GBR,2024-01-14T00:00:00Z,2024-01-14T00:00:00Z,91.83
United Kingdom,GBR,2024-01-14T01:00:00Z,2024-01-14T01:00:00Z,81.54
United Kingdom,GBR,2024-01-14T02:00:00Z,2024-01-14T02:00:00Z,81.05
United Kingdom,GBR,2024-01-14T03:00:00Z,2024-01-14T03:00:00Z,78.86
United Kingdom,GBR,2024-01-14T04:00:00Z,2024-01-14T04:00:00Z,77.95
United Kingdom,GBR,2024-01-14T05:00:00Z,2024-01-14T05:00:00Z,76.79
United Kingdom,GBR,2024-01-14T06:00:00Z,2024-01-14T06:00:00Z,80.41
United Kingdom,GBR,2024-01-14T07:00:00Z,2024-01-14T07:00:00Z,81.26
United Kingdom,GBR,2024-01-14T08:00:00Z,2024-01-14T08:00:00Z,90.49
United Kingdom,GBR,2024-01-14T09:00:00Z,2024-01-14T09:00:00Z,90.83
United Kingdom,GBR,2024-01-14T10:00:00Z,2024-01-14T10:00:00Z,89.65
United Kingdom,GBR,2024-01-14T11:00:00Z,2024-01-14T11:00:00Z,85.77
United Kingdom,GBR,2024-01-14T12:00:00Z,2024-01-14T12:00:00Z,85.84
United Kingdom,GBR,2024-01-14T13:00:00Z,2024-01-14T13:00:00Z,82.08
United Kingdom,GBR,2024-01-14T14:00:00Z,2024-01-14T14:00:00Z,84.78
United Kingdom,GBR,2024-01-14T15:00:00Z,2024-01-14T15:00:00Z,90.51
United Kingdom,GBR,2024-01-14T16:00:00Z,2024-01-14T16:00:00Z,100.79
United Kingdom,GBR,2024-01-14T17:00:00Z,2024-01-14T17:00:00Z,110.47
United Kingdom,GBR,2024-01-14T18:00:00Z,2024-01-14T18:00:00Z,99.84
United Kingdom,GBR,2024-01-14T19:00:00Z,2024-01-14T19:00:00Z,87.83
United Kingdom,GBR,2024-01-14T20:00:00Z,2024-01-14T20:00:00Z,86.33
United Kingdom,GBR,2024-01-14T21:00:00Z,2024-01-14T21:00:00Z,82.97
United Kingdom,GBR,2024-01-14T22:00:00Z,2024-01-14T22:00:00Z,75.63
United Kingdom,GBR,2024-01-14T23:00:00Z,2024-01-14T23:00:00Z,81.01
United Kingdom,GBR,2024-01-15T00:00:00Z,2024-01-15T00:00:00Z,79.72
United Kingdom,GBR,2024-01-15T01:00:00Z,2024-01-15T01:00:00Z,77.1
United Kingdom,GBR,2024-01-15T02:00:00Z,2024-01-15T02:00:00Z,68.41
United Kingdom,GBR,2024-01-15T03:00:00Z,2024-01-15T03:00:00Z,67.87
United Kingdom,GBR,2024-01-15T04:00:00Z,2024-01-15T04:00:00Z,71.43
United Kingdom,GBR,2024-01-15T05:00:00Z,2024-01-15T05:00:00Z,85.5
United Kingdom,GBR,2024-01-15T06:00:00Z,2024-01-15T06:00:00Z,89.66
United Kingdom,GBR,2024-01-15T07:00:00Z,2024-01-15T07:00:00Z,97.56
United Kingdom,GBR,2024-01-15T08:00:00Z,2024-01-15T08:00:00Z,98.14
United Kingdom,GBR,2024-01-15T09:00:00Z,2024-01-15T09:00:00Z,96.22
United Kingdom,GBR,2024-01-15T10:00:00Z,2024-01-15T10:00:00Z,89.48
United Kingdom,GBR,2024-01-15T11:00:00Z,2024-01-15T11:00:00Z,83.06
United Kingdom,GBR,2024-01-15T12:00:00Z,2024-01-15T12:00:00Z,83.65
United Kingdom,GBR,2024-01-15T13:00:00Z,2024-01-15T13:00:00Z,87.54
United Kingdom,GBR,2024-01-15T14:00:00Z,2024-01-15T14:00:00Z,92.05
United Kingdom,GBR,2024-01-15T15:00:00Z,2024-01-15T15:00:00Z,98.86
United Kingdom,GBR,2024-01-15T16:00:00Z,2024-01-15T16:00:00Z,113.41
United Kingdom,GBR,2024-01-15T17:00:00Z,2024-01-15T17:00:00Z,120.19
United Kingdom,GBR,2024-01-15T18:00:00Z,2024-01-15T18:00:00Z,116.75
United Kingdom,GBR,2024-01-15T19:00:00Z,2024-01-15T19:00:00Z,110.6
United Kingdom,GBR,2024-01-15T20:00:00Z,2024-01-15T20:00:00Z,100.63
United Kingdom,GBR,2024-01-15T21:00:00Z,2024-01-15T21:00:00Z,90.4
United Kingdom,GBR,2024-01-15T22:00:00Z,2024-01-15T22:00:00Z,85.83
United Kingdom,GBR,2024-01-15T23:00:00Z,2024-01-15T23:00:00Z,77.49
United Kingdom,GBR,2024-01-16T00:00:00Z,2024-01-16T00:00:00Z,80.66
United Kingdom,GBR,2024-01-16T01:00:00Z,2024-01-16T01:00:00Z,80.58
United Kingdom,GBR,2024-01-16T02:00:00Z,2024-01-16T02:00:00Z,78.92
United Kingdom,GBR,2024-01-16T03:00:00Z,2024-01-16T03:00:00Z,78.56
United Kingdom,GBR,2024-01-16T04:00:00Z,2024-01-16T04:00:00Z,78.83
United Kingdom,GBR,2024-01-16T05:00:00Z,2024-01-16T05:00:00Z,86.34
United Kingdom,GBR,2024-01-16T06:00:00Z,2024-01-16T06:00:00Z,104.9
United Kingdom,GBR,2024-01-16T07:00:00Z,2024-01-16T07:00:00Z,128.89
United Kingdom,GBR,2024-01-16T08:00:00Z,2024-01-16T08:00:00Z,126.37
United Kingdom,GBR,2024-01-16T09:00:00Z,2024-01-16T09:00:00Z,119.93
United Kingdom,GBR,2024-01-16T10:00:00Z,2024-01-16T10:00:00Z,110.03
United Kingdom,GBR,2024-01-16T11:00:00Z,2024-01-16T11:00:00Z,100.81
United Kingdom,GBR,2024-01-16T12:00:00Z,2024-01-16T12:00:00Z,95.97
United Kingdom,GBR,2024-01-16T13:00:00Z,2024-01-16T13:00:00Z,95.29
United Kingdom,GBR,2024-01-16T14:00:00Z,2024-01-16T14:00:00Z,102.63
United Kingdom,GBR,2024-01-16T15:00:00Z,2024-01-16T15:00:00Z,108.03
United Kingdom,GBR,2024-01-16T16:00:00Z,2024-01-16T16:00:00Z,118.93
United Kingdom,GBR,2024-01-16T17:00:00Z,2024-01-16T17:00:00Z,119.86
United Kingdom,GBR,2024-01-16T18:00:00Z,2024-01-16T18:00:00Z,110.64
United Kingdom,GBR,2024-01-16T19:00:00Z,2024-01-16T19:00:00Z,99.91
United Kingdom,GBR,2024-01-16T20:00:00Z,2024-01-16T20:00:00Z,89.38
United Kingdom,GBR,2024-01-16T21:00:00Z,2024-01-16T21:00:00Z,81.88
United Kingdom,GBR,2024-01-16T22:00:00Z,2024-01-16T22:00:00Z,76.07
United Kingdom,GBR,2024-01-16T23:00:00Z,2024-01-16T23:00:00Z,74.01
United Kingdom,GBR,2024-01-17T00:00:00Z,2024-01-17T00:00:00Z,74.79
United Kingdom,GBR,2024-01-17T01:00:00Z,2024-01-17T01:00:00Z,75.28
United Kingdom,GBR,2024-01-17T02:00:00Z,2024-01-17T02:00:00Z,74.47
United Kingdom,GBR,2024-01-17T03:00:00Z,2024-01-17T03:00:00Z,74.39
United Kingdom,GBR,2024-01-17T04:00:00Z,2024-01-17T04:00:00Z,76.49
United Kingdom,GBR,2024-01-17T05:00:00Z,2024-01-17T05:00:00Z,81.17
United Kingdom,GBR,2024-01-17T06:00:00Z,2024-01-17T06:00:00Z,96.64
United Kingdom,GBR,2024-01-17T07:00:00Z,2024-01-17T07:00:00Z,117
United Kingdom,GBR,2024-01-17T08:00:00Z,2024-01-17T08:00:00Z,121.73
United Kingdom,GBR,2024-01-17T09:00:00Z,2024-01-17T09:00:00Z,124.96
United Kingdom,GBR,2024-01-17T10:00:00Z,2024-01-17T10:00:00Z,124.34
United Kingdom,GBR,2024-01-17T11:00:00Z,2024-01-17T11:00:00Z,113.65
United Kingdom,GBR,2024-01-17T12:00:00Z,2024-01-17T12:00:00Z,108.6
United Kingdom,GBR,2024-01-17T13:00:00Z,2024-01-17T13:00:00Z,106.97
United Kingdom,GBR,2024-01-17T14:00:00Z,2024-01-17T14:00:00Z,113.06
United Kingdom,GBR,2024-01-17T15:00:00Z,2024-01-17T15:00:00Z,116.02
United Kingdom,GBR,2024-01-17T16:00:00Z,2024-01-17T16:00:00Z,124.84
United Kingdom,GBR,2024-01-17T17:00:00Z,2024-01-17T17:00:00Z,126.86
United Kingdom,GBR,2024-01-17T18:00:00Z,2024-01-17T18:00:00Z,117.82
United Kingdom,GBR,2024-01-17T19:00:00Z,2024-01-17T19:00:00Z,108.77
United Kingdom,GBR,2024-01-17T20:00:00Z,2024-01-17T20:00:00Z,94.22
United Kingdom,GBR,2024-01-17T21:00:00Z,2024-01-17T21:00:00Z,88.7
United Kingdom,GBR,2024-01-17T22:00:00Z,2024-01-17T22:00:00Z,80.71
United Kingdom,GBR,2024-01-17T23:00:00Z,2024-01-17T23:00:00Z,76.41
United Kingdom,GBR,2024-01-18T00:00:00Z,2024-01-18T00:00:00Z,77.99
United Kingdom,GBR,2024-01-18T01:00:00Z,2024-01-18T01:00:00Z,74.89
United Kingdom,GBR,2024-01-18T02:00:00Z,2024-01-18T02:00:00Z,73.57
United Kingdom,GBR,2024-01-18T03:00:00Z,2024-01-18T03:00:00Z,72.75
United Kingdom,GBR,2024-01-18T04:00:00Z,2024-01-18T04:00:00Z,73.82
United Kingdom,GBR,2024-01-18T05:00:00Z,2024-01-18T05:00:00Z,78.97
United Kingdom,GBR,2024-01-18T06:00:00Z,2024-01-18T06:00:00Z,90.04
United Kingdom,GBR,2024-01-18T07:00:00Z,2024-01-18T07:00:00Z,108.6
United Kingdom,GBR,2024-01-18T08:00:00Z,2024-01-18T08:00:00Z,111.88
United Kingdom,GBR,2024-01-18T09:00:00Z,2024-01-18T09:00:00Z,102.9
United Kingdom,GBR,2024-01-18T10:00:00Z,2024-01-18T10:00:00Z,95.55
United Kingdom,GBR,2024-01-18T11:00:00Z,2024-01-18T11:00:00Z,88.45
United Kingdom,GBR,2024-01-18T12:00:00Z,2024-01-18T12:00:00Z,82.73
United Kingdom,GBR,2024-01-18T13:00:00Z,2024-01-18T13:00:00Z,81.53
United Kingdom,GBR,2024-01-18T14:00:00Z,2024-01-18T14:00:00Z,81.64
United Kingdom,GBR,2024-01-18T15:00:00Z,2024-01-18T15:00:00Z,86.96
United Kingdom,GBR,2024-01-18T16:00:00Z,2024-01-18T16:00:00Z,102.94
United Kingdom,GBR,2024-01-18T17:00:00Z,2024-01-18T17:00:00Z,106.29
United Kingdom,GBR,2024-01-18T18:00:00Z,2024-01-18T18:00:00Z,97.58
United Kingdom,GBR,2024-01-18T19:00:00Z,2024-01-18T19:00:00Z,90.91
United Kingdom,GBR,2024-01-18T20:00:00Z,2024-01-18T20:00:00Z,85.86
United Kingdom,GBR,2024-01-18T21:00:00Z,2024-01-18T21:00:00Z,83.39
United Kingdom,GBR,2024-01-18T22:00:00Z,2024-01-18T22:00:00Z,75.45
United Kingdom,GBR,2024-01-18T23:00:00Z,2024-01-18T23:00:00Z,76.77
United Kingdom,GBR,2024-01-19T00:00:00Z,2024-01-19T00:00:00Z,75.48
United Kingdom,GBR,2024-01-19T01:00:00Z,2024-01-19T01:00:00Z,72.32
United Kingdom,GBR,2024-01-19T02:00:00Z,2024-01-19T02:00:00Z,68.94
United Kingdom,GBR,2024-01-19T03:00:00Z,2024-01-19T03:00:00Z,69.32
United Kingdom,GBR,2024-01-19T04:00:00Z,2024-01-19T04:00:00Z,71.46
United Kingdom,GBR,2024-01-19T05:00:00Z,2024-01-19T05:00:00Z,75.45
United Kingdom,GBR,2024-01-19T06:00:00Z,2024-01-19T06:00:00Z,87.1
United Kingdom,GBR,2024-01-19T07:00:00Z,2024-01-19T07:00:00Z,103.51
United Kingdom,GBR,2024-01-19T08:00:00Z,2024-01-19T08:00:00Z,102.9
United Kingdom,GBR,2024-01-19T09:00:00Z,2024-01-19T09:00:00Z,95.78
United Kingdom,GBR,2024-01-19T10:00:00Z,2024-01-19T10:00:00Z,82.71
United Kingdom,GBR,2024-01-19T11:00:00Z,2024-01-19T11:00:00Z,76.29
United Kingdom,GBR,2024-01-19T12:00:00Z,2024-01-19T12:00:00Z,74.2
United Kingdom,GBR,2024-01-19T13:00:00Z,2024-01-19T13:00:00Z,73.51
United Kingdom,GBR,2024-01-19T14:00:00Z,2024-01-19T14:00:00Z,79.06
United Kingdom,GBR,2024-01-19T15:00:00Z,2024-01-19T15:00:00Z,80.75
United Kingdom,GBR,2024-01-19T16:00:00Z,2024-01-19T16:00:00Z,95.45
United Kingdom,GBR,2024-01-19T17:00:00Z,2024-01-19T17:00:00Z,97.78
United Kingdom,GBR,2024-01-19T18:00:00Z,2024-01-19T18:00:00Z,90.37
United Kingdom,GBR,2024-01-19T19:00:00Z,2024-01-19T19:00:00Z,85.06
United Kingdom,GBR,2024-01-19T20:00:00Z,2024-01-19T20:00:00Z,80.92
United Kingdom,GBR,2024-01-19T21:00:00Z,2024-01-19T21:00:00Z,80.75
United Kingdom,GBR,2024-01-19T22:00:00Z,2024-01-19T22:00:00Z,72.53
United Kingdom,GBR,2024-01-19T23:00:00Z,2024-01-19T23:00:00Z,79.26
United Kingdom,GBR,2024-01-20T00:00:00Z,2024-01-20T00:00:00Z,74.62
United Kingdom,GBR,2024-01-20T01:00:00Z,2024-01-20T01:00:00Z,75.43
United Kingdom,GBR,2024-01-20T02:00:00Z,2024-01-20T02:00:00Z,66.25
United Kingdom,GBR,2024-01-20T03:00:00Z,2024-01-20T03:00:00Z,64.11
United Kingdom,GBR,2024-01-20T04:00:00Z,2024-01-20T04:00:00Z,65.12
United Kingdom,GBR,2024-01-20T05:00:00Z,2024-01-20T05:00:00Z,67.54
United Kingdom,GBR,2024-01-20T06:00:00Z,2024-01-20T06:00:00Z,73.92
United Kingdom,GBR,2024-01-20T07:00:00Z,2024-01-20T07:00:00Z,76.56
United Kingdom,GBR,2024-01-20T08:00:00Z,2024-01-20T08:00:00Z,83.61
United Kingdom,GBR,2024-01-20T09:00:00Z,2024-01-20T09:00:00Z,82.82
United Kingdom,GBR,2024-01-20T10:00:00Z,2024-01-20T10:00:00Z,77.69
United Kingdom,GBR,2024-01-20T11:00:00Z,2024-01-20T11:00:00Z,77.39
United Kingdom,GBR,2024-01-20T12:00:00Z,2024-01-20T12:00:00Z,75.09
United Kingdom,GBR,2024-01-20T13:00:00Z,2024-01-20T13:00:00Z,73.48
United Kingdom,GBR,2024-01-20T14:00:00Z,2024-01-20T14:00:00Z,75.72
United Kingdom,GBR,2024-01-20T15:00:00Z,2024-01-20T15:00:00Z,79.45
United Kingdom,GBR,2024-01-20T16:00:00Z,2024-01-20T16:00:00Z,89.83
United Kingdom,GBR,2024-01-20T17:00:00Z,2024-01-20T17:00:00Z,98.5
United Kingdom,GBR,2024-01-20T18:00:00Z,2024-01-20T18:00:00Z,93.74
United Kingdom,GBR,2024-01-20T19:00:00Z,2024-01-20T19:00:00Z,82.87
United Kingdom,GBR,2024-01-20T20:00:00Z,2024-01-20T20:00:00Z,78.05
United Kingdom,GBR,2024-01-20T21:00:00Z,2024-01-20T21:00:00Z,77.08
United Kingdom,GBR,2024-01-20T22:00:00Z,2024-01-20T22:00:00Z,70.74
United Kingdom,GBR,2024-01-20T23:00:00Z,2024-01-20T23:00:00Z,66.39
United Kingdom,GBR,2024-01-21T00:00:00Z,2024-01-21T00:00:00Z,59.98
United Kingdom,GBR,2024-01-21T01:00:00Z,2024-01-21T01:00:00Z,55.53
United Kingdom,GBR,2024-01-21T02:00:00Z,2024-01-21T02:00:00Z,50.86
United Kingdom,GBR,2024-01-21T03:00:00Z,2024-01-21T03:00:00Z,46.82
United Kingdom,GBR,2024-01-21T04:00:00Z,2024-01-21T04:00:00Z,42.4
United Kingdom,GBR,2024-01-21T05:00:00Z,2024-01-21T05:00:00Z,41.25
United Kingdom,GBR,2024-01-21T06:00:00Z,2024-01-21T06:00:00Z,43.61
United Kingdom,GBR,2024-01-21T07:00:00Z,2024-01-21T07:00:00Z,47.06
United Kingdom,GBR,2024-01-21T08:00:00Z,2024-01-21T08:00:00Z,51.94
United Kingdom,GBR,2024-01-21T09:00:00Z,2024-01-21T09:00:00Z,60.46
United Kingdom,GBR,2024-01-21T10:00:00Z,2024-01-21T10:00:00Z,71.54
United Kingdom,GBR,2024-01-21T11:00:00Z,2024-01-21T11:00:00Z,81.99
United Kingdom,GBR,2024-01-21T12:00:00Z,2024-01-21T12:00:00Z,82.85
United Kingdom,GBR,2024-01-21T13:00:00Z,2024-01-21T13:00:00Z,81.68
United Kingdom,GBR,2024-01-21T14:00:00Z,2024-01-21T14:00:00Z,76.6
United Kingdom,GBR,2024-01-21T15:00:00Z,2024-01-21T15:00:00Z,77.89
United Kingdom,GBR,2024-01-21T16:00:00Z,2024-01-21T16:00:00Z,76.84
United Kingdom,GBR,2024-01-21T17:00:00Z,2024-01-21T17:00:00Z,95.67
United Kingdom,GBR,2024-01-21T18:00:00Z,2024-01-21T18:00:00Z,97.85
United Kingdom,GBR,2024-01-21T19:00:00Z,2024-01-21T19:00:00Z,80.86
United Kingdom,GBR,2024-01-21T20:00:00Z,2024-01-21T20:00:00Z,79.77
United Kingdom,GBR,2024-01-21T21:00:00Z,2024-01-21T21:00:00Z,80.34
United Kingdom,GBR,2024-01-21T22:00:00Z,2024-01-21T22:00:00Z,62.17
United Kingdom,GBR,2024-01-21T23:00:00Z,2024-01-21T23:00:00Z,51.77
United Kingdom,GBR,2024-01-22T00:00:00Z,2024-01-22T00:00:00Z,47.15
United Kingdom,GBR,2024-01-22T01:00:00Z,2024-01-22T01:00:00Z,40.5
United Kingdom,GBR,2024-01-22T02:00:00Z,2024-01-22T02:00:00Z,24.06
United Kingdom,GBR,2024-01-22T03:00:00Z,2024-01-22T03:00:00Z,16.79
United Kingdom,GBR,2024-01-22T04:00:00Z,2024-01-22T04:00:00Z,14.97
United Kingdom,GBR,2024-01-22T05:00:00Z,2024-01-22T05:00:00Z,34.94
United Kingdom,GBR,2024-01-22T06:00:00Z,2024-01-22T06:00:00Z,62.46
United Kingdom,GBR,2024-01-22T07:00:00Z,2024-01-22T07:00:00Z,77.56
United Kingdom,GBR,2024-01-22T08:00:00Z,2024-01-22T08:00:00Z,81.64
United Kingdom,GBR,2024-01-22T09:00:00Z,2024-01-22T09:00:00Z,86.35
United Kingdom,GBR,2024-01-22T10:00:00Z,2024-01-22T10:00:00Z,86.41
United Kingdom,GBR,2024-01-22T11:00:00Z,2024-01-22T11:00:00Z,84.37
United Kingdom,GBR,2024-01-22T12:00:00Z,2024-01-22T12:00:00Z,68.58
United Kingdom,GBR,2024-01-22T13:00:00Z,2024-01-22T13:00:00Z,67.52
United Kingdom,GBR,2024-01-22T14:00:00Z,2024-01-22T14:00:00Z,71.79
United Kingdom,GBR,2024-01-22T15:00:00Z,2024-01-22T15:00:00Z,72.14
United Kingdom,GBR,2024-01-22T16:00:00Z,2024-01-22T16:00:00Z,80.93
United Kingdom,GBR,2024-01-22T17:00:00Z,2024-01-22T17:00:00Z,96.79
United Kingdom,GBR,2024-01-22T18:00:00Z,2024-01-22T18:00:00Z,92.61
United Kingdom,GBR,2024-01-22T19:00:00Z,2024-01-22T19:00:00Z,82.4
United Kingdom,GBR,2024-01-22T20:00:00Z,2024-01-22T20:00:00Z,75.35
United Kingdom,GBR,2024-01-22T21:00:00Z,2024-01-22T21:00:00Z,70.28
United Kingdom,GBR,2024-01-22T22:00:00Z,2024-01-22T22:00:00Z,50.95
United Kingdom,GBR,2024-01-22T23:00:00Z,2024-01-22T23:00:00Z,42.7
United Kingdom,GBR,2024-01-23T00:00:00Z,2024-01-23T00:00:00Z,39.93
United Kingdom,GBR,2024-01-23T01:00:00Z,2024-01-23T01:00:00Z,39.89
United Kingdom,GBR,2024-01-23T02:00:00Z,2024-01-23T02:00:00Z,35.13
United Kingdom,GBR,2024-01-23T03:00:00Z,2024-01-23T03:00:00Z,36.89
United Kingdom,GBR,2024-01-23T04:00:00Z,2024-01-23T04:00:00Z,48.88
United Kingdom,GBR,2024-01-23T05:00:00Z,2024-01-23T05:00:00Z,65.29
United Kingdom,GBR,2024-01-23T06:00:00Z,2024-01-23T06:00:00Z,86.24
United Kingdom,GBR,2024-01-23T07:00:00Z,2024-01-23T07:00:00Z,97.39
United Kingdom,GBR,2024-01-23T08:00:00Z,2024-01-23T08:00:00Z,98.57
United Kingdom,GBR,2024-01-23T09:00:00Z,2024-01-23T09:00:00Z,87.83
United Kingdom,GBR,2024-01-23T10:00:00Z,2024-01-23T10:00:00Z,76.62
United Kingdom,GBR,2024-01-23T11:00:00Z,2024-01-23T11:00:00Z,74.64
United Kingdom,GBR,2024-01-23T12:00:00Z,2024-01-23T12:00:00Z,76.27
United Kingdom,GBR,2024-01-23T13:00:00Z,2024-01-23T13:00:00Z,72.51
United Kingdom,GBR,2024-01-23T14:00:00Z,2024-01-23T14:00:00Z,73.58
United Kingdom,GBR,2024-01-23T15:00:00Z,2024-01-23T15:00:00Z,75.15
United Kingdom,GBR,2024-01-23T16:00:00Z,2024-01-23T16:00:00Z,83.06
United Kingdom,GBR,2024-01-23T17:00:00Z,2024-01-23T17:00:00Z,92.66
United Kingdom,GBR,2024-01-23T18:00:00Z,2024-01-23T18:00:00Z,78.97
United Kingdom,GBR,2024-01-23T19:00:00Z,2024-01-23T19:00:00Z,75.48
United Kingdom,GBR,2024-01-23T20:00:00Z,2024-01-23T20:00:00Z,75.86
United Kingdom,GBR,2024-01-23T21:00:00Z,2024-01-23T21:00:00Z,73.92
United Kingdom,GBR,2024-01-23T22:00:00Z,2024-01-23T22:00:00Z,51.3
United Kingdom,GBR,2024-01-23T23:00:00Z,2024-01-23T23:00:00Z,18.65
United Kingdom,GBR,2024-01-24T00:00:00Z,2024-01-24T00:00:00Z,12.61
United Kingdom,GBR,2024-01-24T01:00:00Z,2024-01-24T01:00:00Z,9.88
United Kingdom,GBR,2024-01-24T02:00:00Z,2024-01-24T02:00:00Z,6.5
United Kingdom,GBR,2024-01-24T03:00:00Z,2024-01-24T03:00:00Z,4.42
United Kingdom,GBR,2024-01-24T04:00:00Z,2024-01-24T04:00:00Z,11.32
United Kingdom,GBR,2024-01-24T05:00:00Z,2024-01-24T05:00:00Z,39.83
United Kingdom,GBR,2024-01-24T06:00:00Z,2024-01-24T06:00:00Z,63.14
United Kingdom,GBR,2024-01-24T07:00:00Z,2024-01-24T07:00:00Z,77.28
United Kingdom,GBR,2024-01-24T08:00:00Z,2024-01-24T08:00:00Z,76.72
United Kingdom,GBR,2024-01-24T09:00:00Z,2024-01-24T09:00:00Z,75.48
United Kingdom,GBR,2024-01-24T10:00:00Z,2024-01-24T10:00:00Z,70.23
United Kingdom,GBR,2024-01-24T11:00:00Z,2024-01-24T11:00:00Z,65.82
United Kingdom,GBR,2024-01-24T12:00:00Z,2024-01-24T12:00:00Z,66.48
United Kingdom,GBR,2024-01-24T13:00:00Z,2024-01-24T13:00:00Z,69.07
United Kingdom,GBR,2024-01-24T14:00:00Z,2024-01-24T14:00:00Z,72.88
United Kingdom,GBR,2024-01-24T15:00:00Z,2024-01-24T15:00:00Z,73.09
United Kingdom,GBR,2024-01-24T16:00:00Z,2024-01-24T16:00:00Z,80.35
United Kingdom,GBR,2024-01-24T17:00:00Z,2024-01-24T17:00:00Z,93.13
United Kingdom,GBR,2024-01-24T18:00:00Z,2024-01-24T18:00:00Z,92.73
United Kingdom,GBR,2024-01-24T19:00:00Z,2024-01-24T19:00:00Z,96.15
United Kingdom,GBR,2024-01-24T20:00:00Z,2024-01-24T20:00:00Z,90.03
United Kingdom,GBR,2024-01-24T21:00:00Z,2024-01-24T21:00:00Z,80.73
United Kingdom,GBR,2024-01-24T22:00:00Z,2024-01-24T22:00:00Z,78.39
United Kingdom,GBR,2024-01-24T23:00:00Z,2024-01-24T23:00:00Z,68.39
United Kingdom,GBR,2024-01-25T00:00:00Z,2024-01-25T00:00:00Z,75.12
United Kingdom,GBR,2024-01-25T01:00:00Z,2024-01-25T01:00:00Z,72.27
United Kingdom,GBR,2024-01-25T02:00:00Z,2024-01-25T02:00:00Z,70.32
United Kingdom,GBR,2024-01-25T03:00:00Z,2024-01-25T03:00:00Z,67.58
United Kingdom,GBR,2024-01-25T04:00:00Z,2024-01-25T04:00:00Z,65.29
United Kingdom,GBR,2024-01-25T05:00:00Z,2024-01-25T05:00:00Z,74.06
United Kingdom,GBR,2024-01-25T06:00:00Z,2024-01-25T06:00:00Z,85.42
United Kingdom,GBR,2024-01-25T07:00:00Z,2024-01-25T07:00:00Z,98.69
United Kingdom,GBR,2024-01-25T08:00:00Z,2024-01-25T08:00:00Z,95.6
United Kingdom,GBR,2024-01-25T09:00:00Z,2024-01-25T09:00:00Z,89.52
United Kingdom,GBR,2024-01-25T10:00:00Z,2024-01-25T10:00:00Z,80.35
United Kingdom,GBR,2024-01-25T11:00:00Z,2024-01-25T11:00:00Z,77.5
United Kingdom,GBR,2024-01-25T12:00:00Z,2024-01-25T12:00:00Z,75.27
United Kingdom,GBR,2024-01-25T13:00:00Z,2024-01-25T13:00:00Z,75.62
United Kingdom,GBR,2024-01-25T14:00:00Z,2024-01-25T14:00:00Z,77.42
United Kingdom,GBR,2024-01-25T15:00:00Z,2024-01-25T15:00:00Z,73.12
United Kingdom,GBR,2024-01-25T16:00:00Z,2024-01-25T16:00:00Z,81.42
United Kingdom,GBR,2024-01-25T17:00:00Z,2024-01-25T17:00:00Z,96.73
United Kingdom,GBR,2024-01-25T18:00:00Z,2024-01-25T18:00:00Z,93.02
United Kingdom,GBR,2024-01-25T19:00:00Z,2024-01-25T19:00:00Z,83.24
United Kingdom,GBR,2024-01-25T20:00:00Z,2024-01-25T20:00:00Z,77.13
United Kingdom,GBR,2024-01-25T21:00:00Z,2024-01-25T21:00:00Z,74.1
United Kingdom,GBR,2024-01-25T22:00:00Z,2024-01-25T22:00:00Z,67.78
United Kingdom,GBR,2024-01-25T23:00:00Z,2024-01-25T23:00:00Z,64.44
United Kingdom,GBR,2024-01-26T00:00:00Z,2024-01-26T00:00:00Z,60.14
United Kingdom,GBR,2024-01-26T01:00:00Z,2024-01-26T01:00:00Z,56.84
United Kingdom,GBR,2024-01-26T02:00:00Z,2024-01-26T02:00:00Z,48.31
United Kingdom,GBR,2024-01-26T03:00:00Z,2024-01-26T03:00:00Z,45.66
United Kingdom,GBR,2024-01-26T04:00:00Z,2024-01-26T04:00:00Z,45.89
United Kingdom,GBR,2024-01-26T05:00:00Z,2024-01-26T05:00:00Z,56.97
United Kingdom,GBR,2024-01-26T06:00:00Z,2024-01-26T06:00:00Z,72.28
United Kingdom,GBR,2024-01-26T07:00:00Z,2024-01-26T07:00:00Z,87.77
United Kingdom,GBR,2024-01-26T08:00:00Z,2024-01-26T08:00:00Z,88.85
United Kingdom,GBR,2024-01-26T09:00:00Z,2024-01-26T09:00:00Z,84.02
United Kingdom,GBR,2024-01-26T10:00:00Z,2024-01-26T10:00:00Z,68.78
United Kingdom,GBR,2024-01-26T11:00:00Z,2024-01-26T11:00:00Z,62.56
United Kingdom,GBR,2024-01-26T12:00:00Z,2024-01-26T12:00:00Z,60.3
United Kingdom,GBR,2024-01-26T13:00:00Z,2024-01-26T13:00:00Z,60.7
United Kingdom,GBR,2024-01-26T14:00:00Z,2024-01-26T14:00:00Z,64.5
United Kingdom,GBR,2024-01-26T15:00:00Z,2024-01-26T15:00:00Z,69.57
United Kingdom,GBR,2024-01-26T16:00:00Z,2024-01-26T16:00:00Z,81.26
United Kingdom,GBR,2024-01-26T17:00:00Z,2024-01-26T17:00:00Z,97.4
United Kingdom,GBR,2024-01-26T18:00:00Z,2024-01-26T18:00:00Z,94.65
United Kingdom,GBR,2024-01-26T19:00:00Z,2024-01-26T19:00:00Z,91.26
United Kingdom,GBR,2024-01-26T20:00:00Z,2024-01-26T20:00:00Z,77.91
United Kingdom,GBR,2024-01-26T21:00:00Z,2024-01-26T21:00:00Z,78.29
United Kingdom,GBR,2024-01-26T22:00:00Z,2024-01-26T22:00:00Z,72.27
United Kingdom,GBR,2024-01-26T23:00:00Z,2024-01-26T23:00:00Z,68.06
United Kingdom,GBR,2024-01-27T00:00:00Z,2024-01-27T00:00:00Z,65.02
United Kingdom,GBR,2024-01-27T01:00:00Z,2024-01-27T01:00:00Z,64.43
United Kingdom,GBR,2024-01-27T02:00:00Z,2024-01-27T02:00:00Z,60.95
United Kingdom,GBR,2024-01-27T03:00:00Z,2024-01-27T03:00:00Z,57.83
United Kingdom,GBR,2024-01-27T04:00:00Z,2024-01-27T04:00:00Z,58.21
United Kingdom,GBR,2024-01-27T05:00:00Z,2024-01-27T05:00:00Z,60.27
United Kingdom,GBR,2024-01-27T06:00:00Z,2024-01-27T06:00:00Z,66.59
United Kingdom,GBR,2024-01-27T07:00:00Z,2024-01-27T07:00:00Z,75.93
United Kingdom,GBR,2024-01-27T08:00:00Z,2024-01-27T08:00:00Z,77.78
United Kingdom,GBR,2024-01-27T09:00:00Z,2024-01-27T09:00:00Z,75.12
United Kingdom,GBR,2024-01-27T10:00:00Z,2024-01-27T10:00:00Z,69.98
United Kingdom,GBR,2024-01-27T11:00:00Z,2024-01-27T11:00:00Z,64.77
United Kingdom,GBR,2024-01-27T12:00:00Z,2024-01-27T12:00:00Z,63.24
United Kingdom,GBR,2024-01-27T13:00:00Z,2024-01-27T13:00:00Z,63.7
United Kingdom,GBR,2024-01-27T14:00:00Z,2024-01-27T14:00:00Z,72.67
United Kingdom,GBR,2024-01-27T15:00:00Z,2024-01-27T15:00:00Z,75.18
United Kingdom,GBR,2024-01-27T16:00:00Z,2024-01-27T16:00:00Z,83.26
United Kingdom,GBR,2024-01-27T17:00:00Z,2024-01-27T17:00:00Z,97.64
United Kingdom,GBR,2024-01-27T18:00:00Z,2024-01-27T18:00:00Z,96.46
United Kingdom,GBR,2024-01-27T19:00:00Z,2024-01-27T19:00:00Z,86.73
United Kingdom,GBR,2024-01-27T20:00:00Z,2024-01-27T20:00:00Z,74.81
United Kingdom,GBR,2024-01-27T21:00:00Z,2024-01-27T21:00:00Z,76.98
United Kingdom,GBR,2024-01-27T22:00:00Z,2024-01-27T22:00:00Z,73.52
United Kingdom,GBR,2024-01-27T23:00:00Z,2024-01-27T23:00:00Z,65.22
United Kingdom,GBR,2024-01-28T00:00:00Z,2024-01-28T00:00:00Z,62.85
United Kingdom,GBR,2024-01-28T01:00:00Z,2024-01-28T01:00:00Z,61.24
United Kingdom,GBR,2024-01-28T02:00:00Z,2024-01-28T02:00:00Z,57.45
United Kingdom,GBR,2024-01-28T03:00:00Z,2024-01-28T03:00:00Z,51.28
United Kingdom,GBR,2024-01-28T04:00:00Z,2024-01-28T04:00:00Z,50.1
United Kingdom,GBR,2024-01-28T05:00:00Z,2024-01-28T05:00:00Z,48.31
United Kingdom,GBR,2024-01-28T06:00:00Z,2024-01-28T06:00:00Z,53.04
United Kingdom,GBR,2024-01-28T07:00:00Z,2024-01-28T07:00:00Z,57.84
United Kingdom,GBR,2024-01-28T08:00:00Z,2024-01-28T08:00:00Z,59.13
United Kingdom,GBR,2024-01-28T09:00:00Z,2024-01-28T09:00:00Z,57.68
United Kingdom,GBR,2024-01-28T10:00:00Z,2024-01-28T10:00:00Z,56.02
United Kingdom,GBR,2024-01-28T11:00:00Z,2024-01-28T11:00:00Z,53.43
United Kingdom,GBR,2024-01-28T12:00:00Z,2024-01-28T12:00:00Z,51.74
United Kingdom,GBR,2024-01-28T13:00:00Z,2024-01-28T13:00:00Z,53.79
United Kingdom,GBR,2024-01-28T14:00:00Z,2024-01-28T14:00:00Z,57.15
United Kingdom,GBR,2024-01-28T15:00:00Z,2024-01-28T15:00:00Z,63.52
United Kingdom,GBR,2024-01-28T16:00:00Z,2024-01-28T16:00:00Z,80.44
United Kingdom,GBR,2024-01-28T17:00:00Z,2024-01-28T17:00:00Z,97.1
United Kingdom,GBR,2024-01-28T18:00:00Z,2024-01-28T18:00:00Z,94.1
United Kingdom,GBR,2024-01-28T19:00:00Z,2024-01-28T19:00:00Z,83.16
United Kingdom,GBR,2024-01-28T20:00:00Z,2024-01-28T20:00:00Z,69.84
United Kingdom,GBR,2024-01-28T21:00:00Z,2024-01-28T21:00:00Z,72.16
United Kingdom,GBR,2024-01-28T22:00:00Z,2024-01-28T22:00:00Z,63.49
United Kingdom,GBR,2024-01-28T23:00:00Z,2024-01-28T23:00:00Z,52.16
United Kingdom,GBR,2024-01-29T00:00:00Z,2024-01-29T00:00:00Z,56.31
United Kingdom,GBR,2024-01-29T01:00:00Z,2024-01-29T01:00:00Z,65.47
United Kingdom,GBR,2024-01-29T02:00:00Z,2024-01-29T02:00:00Z,73.45
United Kingdom,GBR,2024-01-29T03:00:00Z,2024-01-29T03:00:00Z,77.29
United Kingdom,GBR,2024-01-29T04:00:00Z,2024-01-29T04:00:00Z,79.77
United Kingdom,GBR,2024-01-29T05:00:00Z,2024-01-29T05:00:00Z,82.67
United Kingdom,GBR,2024-01-29T06:00:00Z,2024-01-29T06:00:00Z,85.42
United Kingdom,GBR,2024-01-29T07:00:00Z,2024-01-29T07:00:00Z,91.11
United Kingdom,GBR,2024-01-29T08:00:00Z,2024-01-29T08:00:00Z,90.02
United Kingdom,GBR,2024-01-29T09:00:00Z,2024-01-29T09:00:00Z,88.55
United Kingdom,GBR,2024-01-29T10:00:00Z,2024-01-29T10:00:00Z,88.19
United Kingdom,GBR,2024-01-29T11:00:00Z,2024-01-29T11:00:00Z,82.14
United Kingdom,GBR,2024-01-29T12:00:00Z,2024-01-29T12:00:00Z,82.95
United Kingdom,GBR,2024-01-29T13:00:00Z,2024-01-29T13:00:00Z,83.12
United Kingdom,GBR,2024-01-29T14:00:00Z,2024-01-29T14:00:00Z,92.04
United Kingdom,GBR,2024-01-29T15:00:00Z,2024-01-29T15:00:00Z,91.9
United Kingdom,GBR,2024-01-29T16:00:00Z,2024-01-29T16:00:00Z,104.9
United Kingdom,GBR,2024-01-29T17:00:00Z,2024-01-29T17:00:00Z,109.77
United Kingdom,GBR,2024-01-29T18:00:00Z,2024-01-29T18:00:00Z,100.54
United Kingdom,GBR,2024-01-29T19:00:00Z,2024-01-29T19:00:00Z,89.78
United Kingdom,GBR,2024-01-29T20:00:00Z,2024-01-29T20:00:00Z,83.17
United Kingdom,GBR,2024-01-29T21:00:00Z,2024-01-29T21:00:00Z,78.24
United Kingdom,GBR,2024-01-29T22:00:00Z,2024-01-29T22:00:00Z,73.51
United Kingdom,GBR,2024-01-29T23:00:00Z,2024-01-29T23:00:00Z,72.03
United Kingdom,GBR,2024-01-30T00:00:00Z,2024-01-30T00:00:00Z,71.58
United Kingdom,GBR,2024-01-30T01:00:00Z,2024-01-30T01:00:00Z,70.85
United Kingdom,GBR,2024-01-30T02:00:00Z,2024-01-30T02:00:00Z,67.53
United Kingdom,GBR,2024-01-30T03:00:00Z,2024-01-30T03:00:00Z,66.57
United Kingdom,GBR,2024-01-30T04:00:00Z,2024-01-30T04:00:00Z,68.2
United Kingdom,GBR,2024-01-30T05:00:00Z,2024-01-30T05:00:00Z,76.88
United Kingdom,GBR,2024-01-30T06:00:00Z,2024-01-30T06:00:00Z,84.22
United Kingdom,GBR,2024-01-30T07:00:00Z,2024-01-30T07:00:00Z,95.62
United Kingdom,GBR,2024-01-30T08:00:00Z,2024-01-30T08:00:00Z,92.55
United Kingdom,GBR,2024-01-30T09:00:00Z,2024-01-30T09:00:00Z,85.91
United Kingdom,GBR,2024-01-30T10:00:00Z,2024-01-30T10:00:00Z,79.85
United Kingdom,GBR,2024-01-30T11:00:00Z,2024-01-30T11:00:00Z,77.16
United Kingdom,GBR,2024-01-30T12:00:00Z,2024-01-30T12:00:00Z,76.26
United Kingdom,GBR,2024-01-30T13:00:00Z,2024-01-30T13:00:00Z,75.44
United Kingdom,GBR,2024-01-30T14:00:00Z,2024-01-30T14:00:00Z,79.86
United Kingdom,GBR,2024-01-30T15:00:00Z,2024-01-30T15:00:00Z,86.56
United Kingdom,GBR,2024-01-30T16:00:00Z,2024-01-30T16:00:00Z,97.33
United Kingdom,GBR,2024-01-30T17:00:00Z,2024-01-30T17:00:00Z,105.03
United Kingdom,GBR,2024-01-30T18:00:00Z,2024-01-30T18:00:00Z,100.97
United Kingdom,GBR,2024-01-30T19:00:00Z,2024-01-30T19:00:00Z,93.67
United Kingdom,GBR,2024-01-30T20:00:00Z,2024-01-30T20:00:00Z,81.09
United Kingdom,GBR,2024-01-30T21:00:00Z,2024-01-30T21:00:00Z,81.02
United Kingdom,GBR,2024-01-30T22:00:00Z,2024-01-30T22:00:00Z,71.86
United Kingdom,GBR,2024-01-30T23:00:00Z,2024-01-30T23:00:00Z,74.4
United Kingdom,GBR,2024-01-31T00:00:00Z,2024-01-31T00:00:00Z,73.57
United Kingdom,GBR,2024-01-31T01:00:00Z,2024-01-31T01:00:00Z,72.62
United Kingdom,GBR,2024-01-31T02:00:00Z,2024-01-31T02:00:00Z,69.53
United Kingdom,GBR,2024-01-31T03:00:00Z,2024-01-31T03:00:00Z,68.28
United Kingdom,GBR,2024-01-31T04:00:00Z,2024-01-31T04:00:00Z,66.5
United Kingdom,GBR,2024-01-31T05:00:00Z,2024-01-31T05:00:00Z,69.1
United Kingdom,GBR,2024-01-31T06:00:00Z,2024-01-31T06:00:00Z,75.51
United Kingdom,GBR,2024-01-31T07:00:00Z,2024-01-31T07:00:00Z,91.04
United Kingdom,GBR,2024-01-31T08:00:00Z,2024-01-31T08:00:00Z,88.25
United Kingdom,GBR,2024-01-31T09:00:00Z,2024-01-31T09:00:00Z,84.46
United Kingdom,GBR,2024-01-31T10:00:00Z,2024-01-31T10:00:00Z,74.8
United Kingdom,GBR,2024-01-31T11:00:00Z,2024-01-31T11:00:00Z,72.07
United Kingdom,GBR,2024-01-31T12:00:00Z,2024-01-31T12:00:00Z,67.47
United Kingdom,GBR,2024-01-31T13:00:00Z,2024-01-31T13:00:00Z,67.28
United Kingdom,GBR,2024-01-31T14:00:00Z,2024-01-31T14:00:00Z,66.66
United Kingdom,GBR,2024-01-31T15:00:00Z,2024-01-31T15:00:00Z,69.23
United Kingdom,GBR,2024-01-31T16:00:00Z,2024-01-31T16:00:00Z,78.95
United Kingdom,GBR,2024-01-31T17:00:00Z,2024-01-31T17:00:00Z,89.37
United Kingdom,GBR,2024-01-31T18:00:00Z,2024-01-31T18:00:00Z,85.91
United Kingdom,GBR,2024-01-31T19:00:00Z,2024-01-31T19:00:00Z,83.79
United Kingdom,GBR,2024-01-31T20:00:00Z,2024-01-31T20:00:00Z,72.76
United Kingdom,GBR,2024-01-31T21:00:00Z,2024-01-31T21:00:00Z,69.05
United Kingdom,GBR,2024-01-31T22:00:00Z,2024-01-31T22:00:00Z,61.63
United Kingdom,GBR,2024-01-31T23:00:00Z,2024-01-31T23:00:00Z,49.84
United Kingdom,GBR,2024-02-01T00:00:00Z,2024-02-01T00:00:00Z,52.78
United Kingdom,GBR,2024-02-01T01:00:00Z,2024-02-01T01:00:00Z,54.91
United Kingdom,GBR,2024-02-01T02:00:00Z,2024-02-01T02:00:00Z,48.07
United Kingdom,GBR,2024-02-01T03:00:00Z,2024-02-01T03:00:00Z,49.25
United Kingdom,GBR,2024-02-01T04:00:00Z,2024-02-01T04:00:00Z,59.55
United Kingdom,GBR,2024-02-01T05:00:00Z,2024-02-01T05:00:00Z,72.97
United Kingdom,GBR,2024-02-01T06:00:00Z,2024-02-01T06:00:00Z,81.36
United Kingdom,GBR,2024-02-01T07:00:00Z,2024-02-01T07:00:00Z,96.26
United Kingdom,GBR,2024-02-01T08:00:00Z,2024-02-01T08:00:00Z,90.64
United Kingdom,GBR,2024-02-01T09:00:00Z,2024-02-01T09:00:00Z,87.77
United Kingdom,GBR,2024-02-01T10:00:00Z,2024-02-01T10:00:00Z,80.25
United Kingdom,GBR,2024-02-01T11:00:00Z,2024-02-01T11:00:00Z,73.94
United Kingdom,GBR,2024-02-01T12:00:00Z,2024-02-01T12:00:00Z,73.63
United Kingdom,GBR,2024-02-01T13:00:00Z,2024-02-01T13:00:00Z,73.67
United Kingdom,GBR,2024-02-01T14:00:00Z,2024-02-01T14:00:00Z,78.94
United Kingdom,GBR,2024-02-01T15:00:00Z,2024-02-01T15:00:00Z,83.16
United Kingdom,GBR,2024-02-01T16:00:00Z,2024-02-01T16:00:00Z,89.96
United Kingdom,GBR,2024-02-01T17:00:00Z,2024-02-01T17:00:00Z,100.86
United Kingdom,GBR,2024-02-01T18:00:00Z,2024-02-01T18:00:00Z,99.89
United Kingdom,GBR,2024-02-01T19:00:00Z,2024-02-01T19:00:00Z,92.81
United Kingdom,GBR,2024-02-01T20:00:00Z,2024-02-01T20:00:00Z,83.06
United Kingdom,GBR,2024-02-01T21:00:00Z,2024-02-01T21:00:00Z,78.94
United Kingdom,GBR,2024-02-01T22:00:00Z,2024-02-01T22:00:00Z,69.77
United Kingdom,GBR,2024-02-01T23:00:00Z,2024-02-01T23:00:00Z,62.5
United Kingdom,GBR,2024-02-02T00:00:00Z,2024-02-02T00:00:00Z,57.56
United Kingdom,GBR,2024-02-02T01:00:00Z,2024-02-02T01:00:00Z,55.07
United Kingdom,GBR,2024-02-02T02:00:00Z,2024-02-02T02:00:00Z,51.84
United Kingdom,GBR,2024-02-02T03:00:00Z,2024-02-02T03:00:00Z,48.76
United Kingdom,GBR,2024-02-02T04:00:00Z,2024-02-02T04:00:00Z,50.33
United Kingdom,GBR,2024-02-02T05:00:00Z,2024-02-02T05:00:00Z,54.64
United Kingdom,GBR,2024-02-02T06:00:00Z,2024-02-02T06:00:00Z,65.77
United Kingdom,GBR,2024-02-02T07:00:00Z,2024-02-02T07:00:00Z,88.78
United Kingdom,GBR,2024-02-02T08:00:00Z,2024-02-02T08:00:00Z,88.84
United Kingdom,GBR,2024-02-02T09:00:00Z,2024-02-02T09:00:00Z,87.45
United Kingdom,GBR,2024-02-02T10:00:00Z,2024-02-02T10:00:00Z,81.9
United Kingdom,GBR,2024-02-02T11:00:00Z,2024-02-02T11:00:00Z,74.31
United Kingdom,GBR,2024-02-02T12:00:00Z,2024-02-02T12:00:00Z,74.49
United Kingdom,GBR,2024-02-02T13:00:00Z,2024-02-02T13:00:00Z,69.85
United Kingdom,GBR,2024-02-02T14:00:00Z,2024-02-02T14:00:00Z,66.07
United Kingdom,GBR,2024-02-02T15:00:00Z,2024-02-02T15:00:00Z,65.4
United Kingdom,GBR,2024-02-02T16:00:00Z,2024-02-02T16:00:00Z,79.22
United Kingdom,GBR,2024-02-02T17:00:00Z,2024-02-02T17:00:00Z,91.42
United Kingdom,GBR,2024-02-02T18:00:00Z,2024-02-02T18:00:00Z,89.85
United Kingdom,GBR,2024-02-02T19:00:00Z,2024-02-02T19:00:00Z,81.59
United Kingdom,GBR,2024-02-02T20:00:00Z,2024-02-02T20:00:00Z,68.77
United Kingdom,GBR,2024-02-02T21:00:00Z,2024-02-02T21:00:00Z,58.93
United Kingdom,GBR,2024-02-02T22:00:00Z,2024-02-02T22:00:00Z,44.26
United Kingdom,GBR,2024-02-02T23:00:00Z,2024-02-02T23:00:00Z,36.68
United Kingdom,GBR,2024-02-03T00:00:00Z,2024-02-03T00:00:00Z,32.96
United Kingdom,GBR,2024-02-03T01:00:00Z,2024-02-03T01:00:00Z,26.83
United Kingdom,GBR,2024-02-03T02:00:00Z,2024-02-03T02:00:00Z,21.32
United Kingdom,GBR,2024-02-03T03:00:00Z,2024-02-03T03:00:00Z,15.83
United Kingdom,GBR,2024-02-03T04:00:00Z,2024-02-03T04:00:00Z,17.37
United Kingdom,GBR,2024-02-03T05:00:00Z,2024-02-03T05:00:00Z,24.11
United Kingdom,GBR,2024-02-03T06:00:00Z,2024-02-03T06:00:00Z,37.32
United Kingdom,GBR,2024-02-03T07:00:00Z,2024-02-03T07:00:00Z,53.36
United Kingdom,GBR,2024-02-03T08:00:00Z,2024-02-03T08:00:00Z,60.74
United Kingdom,GBR,2024-02-03T09:00:00Z,2024-02-03T09:00:00Z,60.75
United Kingdom,GBR,2024-02-03T10:00:00Z,2024-02-03T10:00:00Z,65.94
United Kingdom,GBR,2024-02-03T11:00:00Z,2024-02-03T11:00:00Z,58.43
United Kingdom,GBR,2024-02-03T12:00:00Z,2024-02-03T12:00:00Z,61.49
United Kingdom,GBR,2024-02-03T13:00:00Z,2024-02-03T13:00:00Z,55.92
United Kingdom,GBR,2024-02-03T14:00:00Z,2024-02-03T14:00:00Z,55.49
United Kingdom,GBR,2024-02-03T15:00:00Z,2024-02-03T15:00:00Z,58.26
United Kingdom,GBR,2024-02-03T16:00:00Z,2024-02-03T16:00:00Z,73.08
United Kingdom,GBR,2024-02-03T17:00:00Z,2024-02-03T17:00:00Z,94.53
United Kingdom,GBR,2024-02-03T18:00:00Z,2024-02-03T18:00:00Z,92.72
United Kingdom,GBR,2024-02-03T19:00:00Z,2024-02-03T19:00:00Z,69.28
United Kingdom,GBR,2024-02-03T20:00:00Z,2024-02-03T20:00:00Z,59.11
United Kingdom,GBR,2024-02-03T21:00:00Z,2024-02-03T21:00:00Z,54.27
United Kingdom,GBR,2024-02-03T22:00:00Z,2024-02-03T22:00:00Z,41.89
United Kingdom,GBR,2024-02-03T23:00:00Z,2024-02-03T23:00:00Z,24.61
United Kingdom,GBR,2024-02-04T00:00:00Z,2024-02-04T00:00:00Z,18.39
United Kingdom,GBR,2024-02-04T01:00:00Z,2024-02-04T01:00:00Z,12.39
United Kingdom,GBR,2024-02-04T02:00:00Z,2024-02-04T02:00:00Z,5.15
United Kingdom,GBR,2024-02-04T03:00:00Z,2024-02-04T03:00:00Z,2.45
United Kingdom,GBR,2024-02-04T04:00:00Z,2024-02-04T04:00:00Z,0.76
United Kingdom,GBR,2024-02-04T05:00:00Z,2024-02-04T05:00:00Z,0.32
United Kingdom,GBR,2024-02-04T06:00:00Z,2024-02-04T06:00:00Z,5.2
United Kingdom,GBR,2024-02-04T07:00:00Z,2024-02-04T07:00:00Z,11.66
United Kingdom,GBR,2024-02-04T08:00:00Z,2024-02-04T08:00:00Z,21.11
United Kingdom,GBR,2024-02-04T09:00:00Z,2024-02-04T09:00:00Z,31.67
United Kingdom,GBR,2024-02-04T10:00:00Z,2024-02-04T10:00:00Z,37.79
United Kingdom,GBR,2024-02-04T11:00:00Z,2024-02-04T11:00:00Z,45.95
United Kingdom,GBR,2024-02-04T12:00:00Z,2024-02-04T12:00:00Z,46.47
United Kingdom,GBR,2024-02-04T13:00:00Z,2024-02-04T13:00:00Z,44.08
United Kingdom,GBR,2024-02-04T14:00:00Z,2024-02-04T14:00:00Z,45.05
United Kingdom,GBR,2024-02-04T15:00:00Z,2024-02-04T15:00:00Z,50.47
United Kingdom,GBR,2024-02-04T16:00:00Z,2024-02-04T16:00:00Z,66.61
United Kingdom,GBR,2024-02-04T17:00:00Z,2024-02-04T17:00:00Z,91.35
United Kingdom,GBR,2024-02-04T18:00:00Z,2024-02-04T18:00:00Z,92.48
United Kingdom,GBR,2024-02-04T19:00:00Z,2024-02-04T19:00:00Z,76.76
United Kingdom,GBR,2024-02-04T20:00:00Z,2024-02-04T20:00:00Z,64.51
United Kingdom,GBR,2024-02-04T21:00:00Z,2024-02-04T21:00:00Z,53.82
United Kingdom,GBR,2024-02-04T22:00:00Z,2024-02-04T22:00:00Z,33.12
United Kingdom,GBR,2024-02-04T23:00:00Z,2024-02-04T23:00:00Z,23.23
United Kingdom,GBR,2024-02-05T00:00:00Z,2024-02-05T00:00:00Z,18.77
United Kingdom,GBR,2024-02-05T01:00:00Z,2024-02-05T01:00:00Z,17.9
United Kingdom,GBR,2024-02-05T02:00:00Z,2024-02-05T02:00:00Z,11.95
United Kingdom,GBR,2024-02-05T03:00:00Z,2024-02-05T03:00:00Z,11.19
United Kingdom,GBR,2024-02-05T04:00:00Z,2024-02-05T04:00:00Z,18
United Kingdom,GBR,2024-02-05T05:00:00Z,2024-02-05T05:00:00Z,40.84
United Kingdom,GBR,2024-02-05T06:00:00Z,2024-02-05T06:00:00Z,73.75
United Kingdom,GBR,2024-02-05T07:00:00Z,2024-02-05T07:00:00Z,88.26
United Kingdom,GBR,2024-02-05T08:00:00Z,2024-02-05T08:00:00Z,91.95
United Kingdom,GBR,2024-02-05T09:00:00Z,2024-02-05T09:00:00Z,85.63
United Kingdom,GBR,2024-02-05T10:00:00Z,2024-02-05T10:00:00Z,79.45
United Kingdom,GBR,2024-02-05T11:00:00Z,2024-02-05T11:00:00Z,76.5
United Kingdom,GBR,2024-02-05T12:00:00Z,2024-02-05T12:00:00Z,75.89
United Kingdom,GBR,2024-02-05T13:00:00Z,2024-02-05T13:00:00Z,73.89
United Kingdom,GBR,2024-02-05T14:00:00Z,2024-02-05T14:00:00Z,69.76
United Kingdom,GBR,2024-02-05T15:00:00Z,2024-02-05T15:00:00Z,74.9
United Kingdom,GBR,2024-02-05T16:00:00Z,2024-02-05T16:00:00Z,86.65
United Kingdom,GBR,2024-02-05T17:00:00Z,2024-02-05T17:00:00Z,96.71
United Kingdom,GBR,2024-02-05T18:00:00Z,2024-02-05T18:00:00Z,94.04
United Kingdom,GBR,2024-02-05T19:00:00Z,2024-02-05T19:00:00Z,84.22
United Kingdom,GBR,2024-02-05T20:00:00Z,2024-02-05T20:00:00Z,72.63
United Kingdom,GBR,2024-02-05T21:00:00Z,2024-02-05T21:00:00Z,60.5
United Kingdom,GBR,2024-02-05T22:00:00Z,2024-02-05T22:00:00Z,46
United Kingdom,GBR,2024-02-05T23:00:00Z,2024-02-05T23:00:00Z,29.31
United Kingdom,GBR,2024-02-06T00:00:00Z,2024-02-06T00:00:00Z,23.21
United Kingdom,GBR,2024-02-06T01:00:00Z,2024-02-06T01:00:00Z,18.14
United Kingdom,GBR,2024-02-06T02:00:00Z,2024-02-06T02:00:00Z,12.49
United Kingdom,GBR,2024-02-06T03:00:00Z,2024-02-06T03:00:00Z,10.29
United Kingdom,GBR,2024-02-06T04:00:00Z,2024-02-06T04:00:00Z,19.95
United Kingdom,GBR,2024-02-06T05:00:00Z,2024-02-06T05:00:00Z,38.82
United Kingdom,GBR,2024-02-06T06:00:00Z,2024-02-06T06:00:00Z,70.59
United Kingdom,GBR,2024-02-06T07:00:00Z,2024-02-06T07:00:00Z,82.2
United Kingdom,GBR,2024-02-06T08:00:00Z,2024-02-06T08:00:00Z,82.61
United Kingdom,GBR,2024-02-06T09:00:00Z,2024-02-06T09:00:00Z,81.02
United Kingdom,GBR,2024-02-06T10:00:00Z,2024-02-06T10:00:00Z,77.07
United Kingdom,GBR,2024-02-06T11:00:00Z,2024-02-06T11:00:00Z,76.65
United Kingdom,GBR,2024-02-06T12:00:00Z,2024-02-06T12:00:00Z,77.34
United Kingdom,GBR,2024-02-06T13:00:00Z,2024-02-06T13:00:00Z,77.86
United Kingdom,GBR,2024-02-06T14:00:00Z,2024-02-06T14:00:00Z,82.75
United Kingdom,GBR,2024-02-06T15:00:00Z,2024-02-06T15:00:00Z,77.34
United Kingdom,GBR,2024-02-06T16:00:00Z,2024-02-06T16:00:00Z,83.16
United Kingdom,GBR,2024-02-06T17:00:00Z,2024-02-06T17:00:00Z,95.99
United Kingdom,GBR,2024-02-06T18:00:00Z,2024-02-06T18:00:00Z,97.8
United Kingdom,GBR,2024-02-06T19:00:00Z,2024-02-06T19:00:00Z,102.79
United Kingdom,GBR,2024-02-06T20:00:00Z,2024-02-06T20:00:00Z,87.49
United Kingdom,GBR,2024-02-06T21:00:00Z,2024-02-06T21:00:00Z,88.38
United Kingdom,GBR,2024-02-06T22:00:00Z,2024-02-06T22:00:00Z,81.57
United Kingdom,GBR,2024-02-06T23:00:00Z,2024-02-06T23:00:00Z,71.51
United Kingdom,GBR,2024-02-07T00:00:00Z,2024-02-07T00:00:00Z,85.74
United Kingdom,GBR,2024-02-07T01:00:00Z,2024-02-07T01:00:00Z,89.84
United Kingdom,GBR,2024-02-07T02:00:00Z,2024-02-07T02:00:00Z,84.65
United Kingdom,GBR,2024-02-07T03:00:00Z,2024-02-07T03:00:00Z,76.26
United Kingdom,GBR,2024-02-07T04:00:00Z,2024-02-07T04:00:00Z,74.46
United Kingdom,GBR,2024-02-07T05:00:00Z,2024-02-07T05:00:00Z,74.69
United Kingdom,GBR,2024-02-07T06:00:00Z,2024-02-07T06:00:00Z,83.08
United Kingdom,GBR,2024-02-07T07:00:00Z,2024-02-07T07:00:00Z,85.17
United Kingdom,GBR,2024-02-07T08:00:00Z,2024-02-07T08:00:00Z,92.2
United Kingdom,GBR,2024-02-07T09:00:00Z,2024-02-07T09:00:00Z,93.15
United Kingdom,GBR,2024-02-07T10:00:00Z,2024-02-07T10:00:00Z,84.71
United Kingdom,GBR,2024-02-07T11:00:00Z,2024-02-07T11:00:00Z,79.49
United Kingdom,GBR,2024-02-07T12:00:00Z,2024-02-07T12:00:00Z,78.67
United Kingdom,GBR,2024-02-07T13:00:00Z,2024-02-07T13:00:00Z,82.26
United Kingdom,GBR,2024-02-07T14:00:00Z,2024-02-07T14:00:00Z,85.21
United Kingdom,GBR,2024-02-07T15:00:00Z,2024-02-07T15:00:00Z,89.41
United Kingdom,GBR,2024-02-07T16:00:00Z,2024-02-07T16:00:00Z,104.67
United Kingdom,GBR,2024-02-07T17:00:00Z,2024-02-07T17:00:00Z,122.47
United Kingdom,GBR,2024-02-07T18:00:00Z,2024-02-07T18:00:00Z,114.78
United Kingdom,GBR,2024-02-07T19:00:00Z,2024-02-07T19:00:00Z,108.14
United Kingdom,GBR,2024-02-07T20:00:00Z,2024-02-07T20:00:00Z,90.09
United Kingdom,GBR,2024-02-07T21:00:00Z,2024-02-07T21:00:00Z,82.92
United Kingdom,GBR,2024-02-07T22:00:00Z,2024-02-07T22:00:00Z,79.58
United Kingdom,GBR,2024-02-07T23:00:00Z,2024-02-07T23:00:00Z,75.77
United Kingdom,GBR,2024-02-08T00:00:00Z,2024-02-08T00:00:00Z,77.3
United Kingdom,GBR,2024-02-08T01:00:00Z,2024-02-08T01:00:00Z,80.14
United Kingdom,GBR,2024-02-08T02:00:00Z,2024-02-08T02:00:00Z,73.3
United Kingdom,GBR,2024-02-08T03:00:00Z,2024-02-08T03:00:00Z,70.21
United Kingdom,GBR,2024-02-08T04:00:00Z,2024-02-08T04:00:00Z,70.44
United Kingdom,GBR,2024-02-08T05:00:00Z,2024-02-08T05:00:00Z,73.16
United Kingdom,GBR,2024-02-08T06:00:00Z,2024-02-08T06:00:00Z,87.9
United Kingdom,GBR,2024-02-08T07:00:00Z,2024-02-08T07:00:00Z,97.66
United Kingdom,GBR,2024-02-08T08:00:00Z,2024-02-08T08:00:00Z,100.87
United Kingdom,GBR,2024-02-08T09:00:00Z,2024-02-08T09:00:00Z,99.56
United Kingdom,GBR,2024-02-08T10:00:00Z,2024-02-08T10:00:00Z,88.35
United Kingdom,GBR,2024-02-08T11:00:00Z,2024-02-08T11:00:00Z,84.04
United Kingdom,GBR,2024-02-08T12:00:00Z,2024-02-08T12:00:00Z,85.88
United Kingdom,GBR,2024-02-08T13:00:00Z,2024-02-08T13:00:00Z,80.98
United Kingdom,GBR,2024-02-08T14:00:00Z,2024-02-08T14:00:00Z,79.89
United Kingdom,GBR,2024-02-08T15:00:00Z,2024-02-08T15:00:00Z,78.46
United Kingdom,GBR,2024-02-08T16:00:00Z,2024-02-08T16:00:00Z,82.5
United Kingdom,GBR,2024-02-08T17:00:00Z,2024-02-08T17:00:00Z,88.71
United Kingdom,GBR,2024-02-08T18:00:00Z,2024-02-08T18:00:00Z,85.83
United Kingdom,GBR,2024-02-08T19:00:00Z,2024-02-08T19:00:00Z,81.99
United Kingdom,GBR,2024-02-08T20:00:00Z,2024-02-08T20:00:00Z,80.14
United Kingdom,GBR,2024-02-08T21:00:00Z,2024-02-08T21:00:00Z,75.79
United Kingdom,GBR,2024-02-08T22:00:00Z,2024-02-08T22:00:00Z,58.3
United Kingdom,GBR,2024-02-08T23:00:00Z,2024-02-08T23:00:00Z,58.1
United Kingdom,GBR,2024-02-09T00:00:00Z,2024-02-09T00:00:00Z,52.66
United Kingdom,GBR,2024-02-09T01:00:00Z,2024-02-09T01:00:00Z,49.84
United Kingdom,GBR,2024-02-09T02:00:00Z,2024-02-09T02:00:00Z,42.46
United Kingdom,GBR,2024-02-09T03:00:00Z,2024-02-09T03:00:00Z,39.52
United Kingdom,GBR,2024-02-09T04:00:00Z,2024-02-09T04:00:00Z,38.44
United Kingdom,GBR,2024-02-09T05:00:00Z,2024-02-09T05:00:00Z,49.09
United Kingdom,GBR,2024-02-09T06:00:00Z,2024-02-09T06:00:00Z,73.65
United Kingdom,GBR,2024-02-09T07:00:00Z,2024-02-09T07:00:00Z,77.4
United Kingdom,GBR,2024-02-09T08:00:00Z,2024-02-09T08:00:00Z,79.82
United Kingdom,GBR,2024-02-09T09:00:00Z,2024-02-09T09:00:00Z,81.46
United Kingdom,GBR,2024-02-09T10:00:00Z,2024-02-09T10:00:00Z,77.85
United Kingdom,GBR,2024-02-09T11:00:00Z,2024-02-09T11:00:00Z,75.63
United Kingdom,GBR,2024-02-09T12:00:00Z,2024-02-09T12:00:00Z,80.5
United Kingdom,GBR,2024-02-09T13:00:00Z,2024-02-09T13:00:00Z,80.44
United Kingdom,GBR,2024-02-09T14:00:00Z,2024-02-09T14:00:00Z,77.85
United Kingdom,GBR,2024-02-09T15:00:00Z,2024-02-09T15:00:00Z,81.87
United Kingdom,GBR,2024-02-09T16:00:00Z,2024-02-09T16:00:00Z,85.91
United Kingdom,GBR,2024-02-09T17:00:00Z,2024-02-09T17:00:00Z,89.26
United Kingdom,GBR,2024-02-09T18:00:00Z,2024-02-09T18:00:00Z,88.48
United Kingdom,GBR,2024-02-09T19:00:00Z,2024-02-09T19:00:00Z,84.64
United Kingdom,GBR,2024-02-09T20:00:00Z,2024-02-09T20:00:00Z,78.78
United Kingdom,GBR,2024-02-09T21:00:00Z,2024-02-09T21:00:00Z,77.23
United Kingdom,GBR,2024-02-09T22:00:00Z,2024-02-09T22:00:00Z,66.97
United Kingdom,GBR,2024-02-09T23:00:00Z,2024-02-09T23:00:00Z,63.79
United Kingdom,GBR,2024-02-10T00:00:00Z,2024-02-10T00:00:00Z,67.53
United Kingdom,GBR,2024-02-10T01:00:00Z,2024-02-10T01:00:00Z,71.08
United Kingdom,GBR,2024-02-10T02:00:00Z,2024-02-10T02:00:00Z,71.95
United Kingdom,GBR,2024-02-10T03:00:00Z,2024-02-10T03:00:00Z,74.23
United Kingdom,GBR,2024-02-10T04:00:00Z,2024-02-10T04:00:00Z,72
United Kingdom,GBR,2024-02-10T05:00:00Z,2024-02-10T05:00:00Z,73.1
United Kingdom,GBR,2024-02-10T06:00:00Z,2024-02-10T06:00:00Z,79.34
United Kingdom,GBR,2024-02-10T07:00:00Z,2024-02-10T07:00:00Z,73.65
United Kingdom,GBR,2024-02-10T08:00:00Z,2024-02-10T08:00:00Z,78.05
United Kingdom,GBR,2024-02-10T09:00:00Z,2024-02-10T09:00:00Z,80.95
United Kingdom,GBR,2024-02-10T10:00:00Z,2024-02-10T10:00:00Z,84.26
United Kingdom,GBR,2024-02-10T11:00:00Z,2024-02-10T11:00:00Z,74.78
United Kingdom,GBR,2024-02-10T12:00:00Z,2024-02-10T12:00:00Z,81.93
United Kingdom,GBR,2024-02-10T13:00:00Z,2024-02-10T13:00:00Z,79.17
United Kingdom,GBR,2024-02-10T14:00:00Z,2024-02-10T14:00:00Z,79.03
United Kingdom,GBR,2024-02-10T15:00:00Z,2024-02-10T15:00:00Z,82.24
United Kingdom,GBR,2024-02-10T16:00:00Z,2024-02-10T16:00:00Z,90.91
United Kingdom,GBR,2024-02-10T17:00:00Z,2024-02-10T17:00:00Z,106.74
United Kingdom,GBR,2024-02-10T18:00:00Z,2024-02-10T18:00:00Z,103.66
United Kingdom,GBR,2024-02-10T19:00:00Z,2024-02-10T19:00:00Z,90.98
United Kingdom,GBR,2024-02-10T20:00:00Z,2024-02-10T20:00:00Z,80.35
United Kingdom,GBR,2024-02-10T21:00:00Z,2024-02-10T21:00:00Z,83.33
United Kingdom,GBR,2024-02-10T22:00:00Z,2024-02-10T22:00:00Z,79.4
United Kingdom,GBR,2024-02-10T23:00:00Z,2024-02-10T23:00:00Z,80.29
United Kingdom,GBR,2024-02-11T00:00:00Z,2024-02-11T00:00:00Z,89.91
United Kingdom,GBR,2024-02-11T01:00:00Z,2024-02-11T01:00:00Z,89.83
United Kingdom,GBR,2024-02-11T02:00:00Z,2024-02-11T02:00:00Z,82.02
United Kingdom,GBR,2024-02-11T03:00:00Z,2024-02-11T03:00:00Z,75.14
United Kingdom,GBR,2024-02-11T04:00:00Z,2024-02-11T04:00:00Z,71.89
United Kingdom,GBR,2024-02-11T05:00:00Z,2024-02-11T05:00:00Z,69.7
United Kingdom,GBR,2024-02-11T06:00:00Z,2024-02-11T06:00:00Z,75.64
United Kingdom,GBR,2024-02-11T07:00:00Z,2024-02-11T07:00:00Z,65.88
United Kingdom,GBR,2024-02-11T08:00:00Z,2024-02-11T08:00:00Z,72.94
United Kingdom,GBR,2024-02-11T09:00:00Z,2024-02-11T09:00:00Z,91.49
United Kingdom,GBR,2024-02-11T10:00:00Z,2024-02-11T10:00:00Z,94.73
United Kingdom,GBR,2024-02-11T11:00:00Z,2024-02-11T11:00:00Z,92.74
United Kingdom,GBR,2024-02-11T12:00:00Z,2024-02-11T12:00:00Z,89.79
United Kingdom,GBR,2024-02-11T13:00:00Z,2024-02-11T13:00:00Z,73.83
United Kingdom,GBR,2024-02-11T14:00:00Z,2024-02-11T14:00:00Z,67.76
United Kingdom,GBR,2024-02-11T15:00:00Z,2024-02-11T15:00:00Z,71.7
United Kingdom,GBR,2024-02-11T16:00:00Z,2024-02-11T16:00:00Z,86.12
United Kingdom,GBR,2024-02-11T17:00:00Z,2024-02-11T17:00:00Z,100.3
United Kingdom,GBR,2024-02-11T18:00:00Z,2024-02-11T18:00:00Z,99.6
United Kingdom,GBR,2024-02-11T19:00:00Z,2024-02-11T19:00:00Z,83.31
United Kingdom,GBR,2024-02-11T20:00:00Z,2024-02-11T20:00:00Z,74.74
United Kingdom,GBR,2024-02-11T21:00:00Z,2024-02-11T21:00:00Z,70.75
United Kingdom,GBR,2024-02-11T22:00:00Z,2024-02-11T22:00:00Z,63.09
United Kingdom,GBR,2024-02-11T23:00:00Z,2024-02-11T23:00:00Z,66.53
United Kingdom,GBR,2024-02-12T00:00:00Z,2024-02-12T00:00:00Z,65.89
United Kingdom,GBR,2024-02-12T01:00:00Z,2024-02-12T01:00:00Z,65.81
United Kingdom,GBR,2024-02-12T02:00:00Z,2024-02-12T02:00:00Z,64.3
United Kingdom,GBR,2024-02-12T03:00:00Z,2024-02-12T03:00:00Z,64.72
United Kingdom,GBR,2024-02-12T04:00:00Z,2024-02-12T04:00:00Z,67.77
United Kingdom,GBR,2024-02-12T05:00:00Z,2024-02-12T05:00:00Z,77.45
United Kingdom,GBR,2024-02-12T06:00:00Z,2024-02-12T06:00:00Z,87.16
United Kingdom,GBR,2024-02-12T07:00:00Z,2024-02-12T07:00:00Z,96.89
United Kingdom,GBR,2024-02-12T08:00:00Z,2024-02-12T08:00:00Z,93.79
United Kingdom,GBR,2024-02-12T09:00:00Z,2024-02-12T09:00:00Z,87.18
United Kingdom,GBR,2024-02-12T10:00:00Z,2024-02-12T10:00:00Z,77.13
United Kingdom,GBR,2024-02-12T11:00:00Z,2024-02-12T11:00:00Z,70.85
United Kingdom,GBR,2024-02-12T12:00:00Z,2024-02-12T12:00:00Z,68.36
United Kingdom,GBR,2024-02-12T13:00:00Z,2024-02-12T13:00:00Z,66.96
United Kingdom,GBR,2024-02-12T14:00:00Z,2024-02-12T14:00:00Z,69.23
United Kingdom,GBR,2024-02-12T15:00:00Z,2024-02-12T15:00:00Z,75.84
United Kingdom,GBR,2024-02-12T16:00:00Z,2024-02-12T16:00:00Z,85
United Kingdom,GBR,2024-02-12T17:00:00Z,2024-02-12T17:00:00Z,95.55
United Kingdom,GBR,2024-02-12T18:00:00Z,2024-02-12T18:00:00Z,92.68
United Kingdom,GBR,2024-02-12T19:00:00Z,2024-02-12T19:00:00Z,86.11
United Kingdom,GBR,2024-02-12T20:00:00Z,2024-02-12T20:00:00Z,76.57
United Kingdom,GBR,2024-02-12T21:00:00Z,2024-02-12T21:00:00Z,70.74
United Kingdom,GBR,2024-02-12T22:00:00Z,2024-02-12T22:00:00Z,62.61
United Kingdom,GBR,2024-02-12T23:00:00Z,2024-02-12T23:00:00Z,65.59
United Kingdom,GBR,2024-02-13T00:00:00Z,2024-02-13T00:00:00Z,63.75
United Kingdom,GBR,2024-02-13T01:00:00Z,2024-02-13T01:00:00Z,62.38
United Kingdom,GBR,2024-02-13T02:00:00Z,2024-02-13T02:00:00Z,61.12
United Kingdom,GBR,2024-02-13T03:00:00Z,2024-02-13T03:00:00Z,61.22
United Kingdom,GBR,2024-02-13T04:00:00Z,2024-02-13T04:00:00Z,63.8
United Kingdom,GBR,2024-02-13T05:00:00Z,2024-02-13T05:00:00Z,72.71
United Kingdom,GBR,2024-02-13T06:00:00Z,2024-02-13T06:00:00Z,81.11
United Kingdom,GBR,2024-02-13T07:00:00Z,2024-02-13T07:00:00Z,89.21
United Kingdom,GBR,2024-02-13T08:00:00Z,2024-02-13T08:00:00Z,84.53
United Kingdom,GBR,2024-02-13T09:00:00Z,2024-02-13T09:00:00Z,76.46
United Kingdom,GBR,2024-02-13T10:00:00Z,2024-02-13T10:00:00Z,70.31
United Kingdom,GBR,2024-02-13T11:00:00Z,2024-02-13T11:00:00Z,68.22
United Kingdom,GBR,2024-02-13T12:00:00Z,2024-02-13T12:00:00Z,70.08
United Kingdom,GBR,2024-02-13T13:00:00Z,2024-02-13T13:00:00Z,71.32
United Kingdom,GBR,2024-02-13T14:00:00Z,2024-02-13T14:00:00Z,78.01
United Kingdom,GBR,2024-02-13T15:00:00Z,2024-02-13T15:00:00Z,81.21
United Kingdom,GBR,2024-02-13T16:00:00Z,2024-02-13T16:00:00Z,88.44
United Kingdom,GBR,2024-02-13T17:00:00Z,2024-02-13T17:00:00Z,99.2
United Kingdom,GBR,2024-02-13T18:00:00Z,2024-02-13T18:00:00Z,96.75
United Kingdom,GBR,2024-02-13T19:00:00Z,2024-02-13T19:00:00Z,85.49
United Kingdom,GBR,2024-02-13T20:00:00Z,2024-02-13T20:00:00Z,78.71
United Kingdom,GBR,2024-02-13T21:00:00Z,2024-02-13T21:00:00Z,77.76
United Kingdom,GBR,2024-02-13T22:00:00Z,2024-02-13T22:00:00Z,69.61
United Kingdom,GBR,2024-02-13T23:00:00Z,2024-02-13T23:00:00Z,71.92
United Kingdom,GBR,2024-02-14T00:00:00Z,2024-02-14T00:00:00Z,69.34
United Kingdom,GBR,2024-02-14T01:00:00Z,2024-02-14T01:00:00Z,70.27
United Kingdom,GBR,2024-02-14T02:00:00Z,2024-02-14T02:00:00Z,66.61
United Kingdom,GBR,2024-02-14T03:00:00Z,2024-02-14T03:00:00Z,65.52
United Kingdom,GBR,2024-02-14T04:00:00Z,2024-02-14T04:00:00Z,65.11
United Kingdom,GBR,2024-02-14T05:00:00Z,2024-02-14T05:00:00Z,71.48
United Kingdom,GBR,2024-02-14T06:00:00Z,2024-02-14T06:00:00Z,77.23
United Kingdom,GBR,2024-02-14T07:00:00Z,2024-02-14T07:00:00Z,86.01
United Kingdom,GBR,2024-02-14T08:00:00Z,2024-02-14T08:00:00Z,78.69
United Kingdom,GBR,2024-02-14T09:00:00Z,2024-02-14T09:00:00Z,78.99
United Kingdom,GBR,2024-02-14T10:00:00Z,2024-02-14T10:00:00Z,76.14
United Kingdom,GBR,2024-02-14T11:00:00Z,2024-02-14T11:00:00Z,76.41
United Kingdom,GBR,2024-02-14T12:00:00Z,2024-02-14T12:00:00Z,75.25
United Kingdom,GBR,2024-02-14T13:00:00Z,2024-02-14T13:00:00Z,74.76
United Kingdom,GBR,2024-02-14T14:00:00Z,2024-02-14T14:00:00Z,74.37
United Kingdom,GBR,2024-02-14T15:00:00Z,2024-02-14T15:00:00Z,78.77
United Kingdom,GBR,2024-02-14T16:00:00Z,2024-02-14T16:00:00Z,85.9
United Kingdom,GBR,2024-02-14T17:00:00Z,2024-02-14T17:00:00Z,91.78
United Kingdom,GBR,2024-02-14T18:00:00Z,2024-02-14T18:00:00Z,88.54
United Kingdom,GBR,2024-02-14T19:00:00Z,2024-02-14T19:00:00Z,80.88
United Kingdom,GBR,2024-02-14T20:00:00Z,2024-02-14T20:00:00Z,75.18
United Kingdom,GBR,2024-02-14T21:00:00Z,2024-02-14T21:00:00Z,74.3
United Kingdom,GBR,2024-02-14T22:00:00Z,2024-02-14T22:00:00Z,68.17
United Kingdom,GBR,2024-02-14T23:00:00Z,2024-02-14T23:00:00Z,67.11
United Kingdom,GBR,2024-02-15T00:00:00Z,2024-02-15T00:00:00Z,64.09
United Kingdom,GBR,2024-02-15T01:00:00Z,2024-02-15T01:00:00Z,62.18
United Kingdom,GBR,2024-02-15T02:00:00Z,2024-02-15T02:00:00Z,59.21
United Kingdom,GBR,2024-02-15T03:00:00Z,2024-02-15T03:00:00Z,60.53
United Kingdom,GBR,2024-02-15T04:00:00Z,2024-02-15T04:00:00Z,61.54
United Kingdom,GBR,2024-02-15T05:00:00Z,2024-02-15T05:00:00Z,66.94
United Kingdom,GBR,2024-02-15T06:00:00Z,2024-02-15T06:00:00Z,76.1
United Kingdom,GBR,2024-02-15T07:00:00Z,2024-02-15T07:00:00Z,79.97
United Kingdom,GBR,2024-02-15T08:00:00Z,2024-02-15T08:00:00Z,76.87
United Kingdom,GBR,2024-02-15T09:00:00Z,2024-02-15T09:00:00Z,74.59
United Kingdom,GBR,2024-02-15T10:00:00Z,2024-02-15T10:00:00Z,69.93
United Kingdom,GBR,2024-02-15T11:00:00Z,2024-02-15T11:00:00Z,67.61
United Kingdom,GBR,2024-02-15T12:00:00Z,2024-02-15T12:00:00Z,68.17
United Kingdom,GBR,2024-02-15T13:00:00Z,2024-02-15T13:00:00Z,70.62
United Kingdom,GBR,2024-02-15T14:00:00Z,2024-02-15T14:00:00Z,75.2
United Kingdom,GBR,2024-02-15T15:00:00Z,2024-02-15T15:00:00Z,77.8
United Kingdom,GBR,2024-02-15T16:00:00Z,2024-02-15T16:00:00Z,84.78
United Kingdom,GBR,2024-02-15T17:00:00Z,2024-02-15T17:00:00Z,92.6
United Kingdom,GBR,2024-02-15T18:00:00Z,2024-02-15T18:00:00Z,87.79
United Kingdom,GBR,2024-02-15T19:00:00Z,2024-02-15T19:00:00Z,85.62
United Kingdom,GBR,2024-02-15T20:00:00Z,2024-02-15T20:00:00Z,75.11
United Kingdom,GBR,2024-02-15T21:00:00Z,2024-02-15T21:00:00Z,73.35
United Kingdom,GBR,2024-02-15T22:00:00Z,2024-02-15T22:00:00Z,69.45
United Kingdom,GBR,2024-02-15T23:00:00Z,2024-02-15T23:00:00Z,65.25
United Kingdom,GBR,2024-02-16T00:00:00Z,2024-02-16T00:00:00Z,65.72
United Kingdom,GBR,2024-02-16T01:00:00Z,2024-02-16T01:00:00Z,65.73
United Kingdom,GBR,2024-02-16T02:00:00Z,2024-02-16T02:00:00Z,63.44
United Kingdom,GBR,2024-02-16T03:00:00Z,2024-02-16T03:00:00Z,61.11
United Kingdom,GBR,2024-02-16T04:00:00Z,2024-02-16T04:00:00Z,60.02
United Kingdom,GBR,2024-02-16T05:00:00Z,2024-02-16T05:00:00Z,62.95
United Kingdom,GBR,2024-02-16T06:00:00Z,2024-02-16T06:00:00Z,71.84
United Kingdom,GBR,2024-02-16T07:00:00Z,2024-02-16T07:00:00Z,76.34
United Kingdom,GBR,2024-02-16T08:00:00Z,2024-02-16T08:00:00Z,77.25
United Kingdom,GBR,2024-02-16T09:00:00Z,2024-02-16T09:00:00Z,76.09
United Kingdom,GBR,2024-02-16T10:00:00Z,2024-02-16T10:00:00Z,71.49
United Kingdom,GBR,2024-02-16T11:00:00Z,2024-02-16T11:00:00Z,68.02
United Kingdom,GBR,2024-02-16T12:00:00Z,2024-02-16T12:00:00Z,68.03
United Kingdom,GBR,2024-02-16T13:00:00Z,2024-02-16T13:00:00Z,66.35
United Kingdom,GBR,2024-02-16T14:00:00Z,2024-02-16T14:00:00Z,65.78
United Kingdom,GBR,2024-02-16T15:00:00Z,2024-02-16T15:00:00Z,69.07
United Kingdom,GBR,2024-02-16T16:00:00Z,2024-02-16T16:00:00Z,75.85
United Kingdom,GBR,2024-02-16T17:00:00Z,2024-02-16T17:00:00Z,87.91
United Kingdom,GBR,2024-02-16T18:00:00Z,2024-02-16T18:00:00Z,92.67
United Kingdom,GBR,2024-02-16T19:00:00Z,2024-02-16T19:00:00Z,91.57
United Kingdom,GBR,2024-02-16T20:00:00Z,2024-02-16T20:00:00Z,78.65
United Kingdom,GBR,2024-02-16T21:00:00Z,2024-02-16T21:00:00Z,73.53
United Kingdom,GBR,2024-02-16T22:00:00Z,2024-02-16T22:00:00Z,70.89
United Kingdom,GBR,2024-02-16T23:00:00Z,2024-02-16T23:00:00Z,72.04
United Kingdom,GBR,2024-02-17T00:00:00Z,2024-02-17T00:00:00Z,73.36
United Kingdom,GBR,2024-02-17T01:00:00Z,2024-02-17T01:00:00Z,71.74
United Kingdom,GBR,2024-02-17T02:00:00Z,2024-02-17T02:00:00Z,67.83
United Kingdom,GBR,2024-02-17T03:00:00Z,2024-02-17T03:00:00Z,63.62
United Kingdom,GBR,2024-02-17T04:00:00Z,2024-02-17T04:00:00Z,62.66
United Kingdom,GBR,2024-02-17T05:00:00Z,2024-02-17T05:00:00Z,62.69
United Kingdom,GBR,2024-02-17T06:00:00Z,2024-02-17T06:00:00Z,67.62
United Kingdom,GBR,2024-02-17T07:00:00Z,2024-02-17T07:00:00Z,72.39
United Kingdom,GBR,2024-02-17T08:00:00Z,2024-02-17T08:00:00Z,75.46
United Kingdom,GBR,2024-02-17T09:00:00Z,2024-02-17T09:00:00Z,80.79
United Kingdom,GBR,2024-02-17T10:00:00Z,2024-02-17T10:00:00Z,73.37
United Kingdom,GBR,2024-02-17T11:00:00Z,2024-02-17T11:00:00Z,67.8
United Kingdom,GBR,2024-02-17T12:00:00Z,2024-02-17T12:00:00Z,63.66
United Kingdom,GBR,2024-02-17T13:00:00Z,2024-02-17T13:00:00Z,62.4
United Kingdom,GBR,2024-02-17T14:00:00Z,2024-02-17T14:00:00Z,63.48
United Kingdom,GBR,2024-02-17T15:00:00Z,2024-02-17T15:00:00Z,66.8
United Kingdom,GBR,2024-02-17T16:00:00Z,2024-02-17T16:00:00Z,71.71
United Kingdom,GBR,2024-02-17T17:00:00Z,2024-02-17T17:00:00Z,84
United Kingdom,GBR,2024-02-17T18:00:00Z,2024-02-17T18:00:00Z,83.42
United Kingdom,GBR,2024-02-17T19:00:00Z,2024-02-17T19:00:00Z,76.95
United Kingdom,GBR,2024-02-17T20:00:00Z,2024-02-17T20:00:00Z,72.05
United Kingdom,GBR,2024-02-17T21:00:00Z,2024-02-17T21:00:00Z,70.3
United Kingdom,GBR,2024-02-17T22:00:00Z,2024-02-17T22:00:00Z,67.22
United Kingdom,GBR,2024-02-17T23:00:00Z,2024-02-17T23:00:00Z,66.71
United Kingdom,GBR,2024-02-18T00:00:00Z,2024-02-18T00:00:00Z,63.62
United Kingdom,GBR,2024-02-18T01:00:00Z,2024-02-18T01:00:00Z,59.1
United Kingdom,GBR,2024-02-18T02:00:00Z,2024-02-18T02:00:00Z,54.77
United Kingdom,GBR,2024-02-18T03:00:00Z,2024-02-18T03:00:00Z,53.44
United Kingdom,GBR,2024-02-18T04:00:00Z,2024-02-18T04:00:00Z,53.54
United Kingdom,GBR,2024-02-18T05:00:00Z,2024-02-18T05:00:00Z,54.88
United Kingdom,GBR,2024-02-18T06:00:00Z,2024-02-18T06:00:00Z,58.73
United Kingdom,GBR,2024-02-18T07:00:00Z,2024-02-18T07:00:00Z,57.79
United Kingdom,GBR,2024-02-18T08:00:00Z,2024-02-18T08:00:00Z,69.91
United Kingdom,GBR,2024-02-18T09:00:00Z,2024-02-18T09:00:00Z,69.48
United Kingdom,GBR,2024-02-18T10:00:00Z,2024-02-18T10:00:00Z,75.16
United Kingdom,GBR,2024-02-18T11:00:00Z,2024-02-18T11:00:00Z,77.3
United Kingdom,GBR,2024-02-18T12:00:00Z,2024-02-18T12:00:00Z,70.23
United Kingdom,GBR,2024-02-18T13:00:00Z,2024-02-18T13:00:00Z,64.21
United Kingdom,GBR,2024-02-18T14:00:00Z,2024-02-18T14:00:00Z,67.72
United Kingdom,GBR,2024-02-18T15:00:00Z,2024-02-18T15:00:00Z,63.34
United Kingdom,GBR,2024-02-18T16:00:00Z,2024-02-18T16:00:00Z,71.64
United Kingdom,GBR,2024-02-18T17:00:00Z,2024-02-18T17:00:00Z,86.46
United Kingdom,GBR,2024-02-18T18:00:00Z,2024-02-18T18:00:00Z,86.53
United Kingdom,GBR,2024-02-18T19:00:00Z,2024-02-18T19:00:00Z,78.56
United Kingdom,GBR,2024-02-18T20:00:00Z,2024-02-18T20:00:00Z,64.31
United Kingdom,GBR,2024-02-18T21:00:00Z,2024-02-18T21:00:00Z,69.83
United Kingdom,GBR,2024-02-18T22:00:00Z,2024-02-18T22:00:00Z,60.7
United Kingdom,GBR,2024-02-18T23:00:00Z,2024-02-18T23:00:00Z,62.87
United Kingdom,GBR,2024-02-19T00:00:00Z,2024-02-19T00:00:00Z,62.85
United Kingdom,GBR,2024-02-19T01:00:00Z,2024-02-19T01:00:00Z,56.85
United Kingdom,GBR,2024-02-19T02:00:00Z,2024-02-19T02:00:00Z,50.67
United Kingdom,GBR,2024-02-19T03:00:00Z,2024-02-19T03:00:00Z,50.38
United Kingdom,GBR,2024-02-19T04:00:00Z,2024-02-19T04:00:00Z,52.54
United Kingdom,GBR,2024-02-19T05:00:00Z,2024-02-19T05:00:00Z,65.11
United Kingdom,GBR,2024-02-19T06:00:00Z,2024-02-19T06:00:00Z,76.61
United Kingdom,GBR,2024-02-19T07:00:00Z,2024-02-19T07:00:00Z,79.7
United Kingdom,GBR,2024-02-19T08:00:00Z,2024-02-19T08:00:00Z,77.57
United Kingdom,GBR,2024-02-19T09:00:00Z,2024-02-19T09:00:00Z,72.54
United Kingdom,GBR,2024-02-19T10:00:00Z,2024-02-19T10:00:00Z,64.32
United Kingdom,GBR,2024-02-19T11:00:00Z,2024-02-19T11:00:00Z,61.32
United Kingdom,GBR,2024-02-19T12:00:00Z,2024-02-19T12:00:00Z,57.17
United Kingdom,GBR,2024-02-19T13:00:00Z,2024-02-19T13:00:00Z,58.45
United Kingdom,GBR,2024-02-19T14:00:00Z,2024-02-19T14:00:00Z,62.6
United Kingdom,GBR,2024-02-19T15:00:00Z,2024-02-19T15:00:00Z,67.95
United Kingdom,GBR,2024-02-19T16:00:00Z,2024-02-19T16:00:00Z,73.29
United Kingdom,GBR,2024-02-19T17:00:00Z,2024-02-19T17:00:00Z,87.39
United Kingdom,GBR,2024-02-19T18:00:00Z,2024-02-19T18:00:00Z,87.74
United Kingdom,GBR,2024-02-19T19:00:00Z,2024-02-19T19:00:00Z,80.14
United Kingdom,GBR,2024-02-19T20:00:00Z,2024-02-19T20:00:00Z,69.8
United Kingdom,GBR,2024-02-19T21:00:00Z,2024-02-19T21:00:00Z,69.82
United Kingdom,GBR,2024-02-19T22:00:00Z,2024-02-19T22:00:00Z,63.05
United Kingdom,GBR,2024-02-19T23:00:00Z,2024-02-19T23:00:00Z,62.34
United Kingdom,GBR,2024-02-20T00:00:00Z,2024-02-20T00:00:00Z,59.03
United Kingdom,GBR,2024-02-20T01:00:00Z,2024-02-20T01:00:00Z,58.13
United Kingdom,GBR,2024-02-20T02:00:00Z,2024-02-20T02:00:00Z,59.3
United Kingdom,GBR,2024-02-20T03:00:00Z,2024-02-20T03:00:00Z,57.13
United Kingdom,GBR,2024-02-20T04:00:00Z,2024-02-20T04:00:00Z,58.78
United Kingdom,GBR,2024-02-20T05:00:00Z,2024-02-20T05:00:00Z,67.4
United Kingdom,GBR,2024-02-20T06:00:00Z,2024-02-20T06:00:00Z,73.78
United Kingdom,GBR,2024-02-20T07:00:00Z,2024-02-20T07:00:00Z,80.36
United Kingdom,GBR,2024-02-20T08:00:00Z,2024-02-20T08:00:00Z,75.98
United Kingdom,GBR,2024-02-20T09:00:00Z,2024-02-20T09:00:00Z,72.49
United Kingdom,GBR,2024-02-20T10:00:00Z,2024-02-20T10:00:00Z,66.4
United Kingdom,GBR,2024-02-20T11:00:00Z,2024-02-20T11:00:00Z,60.29
United Kingdom,GBR,2024-02-20T12:00:00Z,2024-02-20T12:00:00Z,56.22
United Kingdom,GBR,2024-02-20T13:00:00Z,2024-02-20T13:00:00Z,56.76
United Kingdom,GBR,2024-02-20T14:00:00Z,2024-02-20T14:00:00Z,60.42
United Kingdom,GBR,2024-02-20T15:00:00Z,2024-02-20T15:00:00Z,66.33
United Kingdom,GBR,2024-02-20T16:00:00Z,2024-02-20T16:00:00Z,71.62
United Kingdom,GBR,2024-02-20T17:00:00Z,2024-02-20T17:00:00Z,79.48
United Kingdom,GBR,2024-02-20T18:00:00Z,2024-02-20T18:00:00Z,79.65
United Kingdom,GBR,2024-02-20T19:00:00Z,2024-02-20T19:00:00Z,79.69
United Kingdom,GBR,2024-02-20T20:00:00Z,2024-02-20T20:00:00Z,71.03
United Kingdom,GBR,2024-02-20T21:00:00Z,2024-02-20T21:00:00Z,69.94
United Kingdom,GBR,2024-02-20T22:00:00Z,2024-02-20T22:00:00Z,63.92
United Kingdom,GBR,2024-02-20T23:00:00Z,2024-02-20T23:00:00Z,63.7
United Kingdom,GBR,2024-02-21T00:00:00Z,2024-02-21T00:00:00Z,61.88
United Kingdom,GBR,2024-02-21T01:00:00Z,2024-02-21T01:00:00Z,56.33
United Kingdom,GBR,2024-02-21T02:00:00Z,2024-02-21T02:00:00Z,48.52
United Kingdom,GBR,2024-02-21T03:00:00Z,2024-02-21T03:00:00Z,43.86
United Kingdom,GBR,2024-02-21T04:00:00Z,2024-02-21T04:00:00Z,45.74
United Kingdom,GBR,2024-02-21T05:00:00Z,2024-02-21T05:00:00Z,54.09
United Kingdom,GBR,2024-02-21T06:00:00Z,2024-02-21T06:00:00Z,66.89
United Kingdom,GBR,2024-02-21T07:00:00Z,2024-02-21T07:00:00Z,73.97
United Kingdom,GBR,2024-02-21T08:00:00Z,2024-02-21T08:00:00Z,73.64
United Kingdom,GBR,2024-02-21T09:00:00Z,2024-02-21T09:00:00Z,65.27
United Kingdom,GBR,2024-02-21T10:00:00Z,2024-02-21T10:00:00Z,61.92
United Kingdom,GBR,2024-02-21T11:00:00Z,2024-02-21T11:00:00Z,58.94
United Kingdom,GBR,2024-02-21T12:00:00Z,2024-02-21T12:00:00Z,58.59
United Kingdom,GBR,2024-02-21T13:00:00Z,2024-02-21T13:00:00Z,54.94
United Kingdom,GBR,2024-02-21T14:00:00Z,2024-02-21T14:00:00Z,56.75
United Kingdom,GBR,2024-02-21T15:00:00Z,2024-02-21T15:00:00Z,59.5
United Kingdom,GBR,2024-02-21T16:00:00Z,2024-02-21T16:00:00Z,65.22
United Kingdom,GBR,2024-02-21T17:00:00Z,2024-02-21T17:00:00Z,72.01
United Kingdom,GBR,2024-02-21T18:00:00Z,2024-02-21T18:00:00Z,80.7
United Kingdom,GBR,2024-02-21T19:00:00Z,2024-02-21T19:00:00Z,82.64
United Kingdom,GBR,2024-02-21T20:00:00Z,2024-02-21T20:00:00Z,69.38
United Kingdom,GBR,2024-02-21T21:00:00Z,2024-02-21T21:00:00Z,64.74
United Kingdom,GBR,2024-02-21T22:00:00Z,2024-02-21T22:00:00Z,48.23
United Kingdom,GBR,2024-02-21T23:00:00Z,2024-02-21T23:00:00Z,35.13
United Kingdom,GBR,2024-02-22T00:00:00Z,2024-02-22T00:00:00Z,33.95
United Kingdom,GBR,2024-02-22T01:00:00Z,2024-02-22T01:00:00Z,29.64
United Kingdom,GBR,2024-02-22T02:00:00Z,2024-02-22T02:00:00Z,28.18
United Kingdom,GBR,2024-02-22T03:00:00Z,2024-02-22T03:00:00Z,35.4
United Kingdom,GBR,2024-02-22T04:00:00Z,2024-02-22T04:00:00Z,39.52
United Kingdom,GBR,2024-02-22T05:00:00Z,2024-02-22T05:00:00Z,53.82
United Kingdom,GBR,2024-02-22T06:00:00Z,2024-02-22T06:00:00Z,68.73
United Kingdom,GBR,2024-02-22T07:00:00Z,2024-02-22T07:00:00Z,74.12
United Kingdom,GBR,2024-02-22T08:00:00Z,2024-02-22T08:00:00Z,74.11
United Kingdom,GBR,2024-02-22T09:00:00Z,2024-02-22T09:00:00Z,73.98
United Kingdom,GBR,2024-02-22T10:00:00Z,2024-02-22T10:00:00Z,75.3
United Kingdom,GBR,2024-02-22T11:00:00Z,2024-02-22T11:00:00Z,75.19
United Kingdom,GBR,2024-02-22T12:00:00Z,2024-02-22T12:00:00Z,77.77
United Kingdom,GBR,2024-02-22T13:00:00Z,2024-02-22T13:00:00Z,72.54
United Kingdom,GBR,2024-02-22T14:00:00Z,2024-02-22T14:00:00Z,70.92
United Kingdom,GBR,2024-02-22T15:00:00Z,2024-02-22T15:00:00Z,65.53
United Kingdom,GBR,2024-02-22T16:00:00Z,2024-02-22T16:00:00Z,65.42
United Kingdom,GBR,2024-02-22T17:00:00Z,2024-02-22T17:00:00Z,78.07
United Kingdom,GBR,2024-02-22T18:00:00Z,2024-02-22T18:00:00Z,81.28
United Kingdom,GBR,2024-02-22T19:00:00Z,2024-02-22T19:00:00Z,78.58
United Kingdom,GBR,2024-02-22T20:00:00Z,2024-02-22T20:00:00Z,71
United Kingdom,GBR,2024-02-22T21:00:00Z,2024-02-22T21:00:00Z,69.96
United Kingdom,GBR,2024-02-22T22:00:00Z,2024-02-22T22:00:00Z,52.75
United Kingdom,GBR,2024-02-22T23:00:00Z,2024-02-22T23:00:00Z,53.98
United Kingdom,GBR,2024-02-23T00:00:00Z,2024-02-23T00:00:00Z,58.13
United Kingdom,GBR,2024-02-23T01:00:00Z,2024-02-23T01:00:00Z,56.81
United Kingdom,GBR,2024-02-23T02:00:00Z,2024-02-23T02:00:00Z,43.6
United Kingdom,GBR,2024-02-23T03:00:00Z,2024-02-23T03:00:00Z,38
United Kingdom,GBR,2024-02-23T04:00:00Z,2024-02-23T04:00:00Z,40.9
United Kingdom,GBR,2024-02-23T05:00:00Z,2024-02-23T05:00:00Z,46.76
United Kingdom,GBR,2024-02-23T06:00:00Z,2024-02-23T06:00:00Z,64.15
United Kingdom,GBR,2024-02-23T07:00:00Z,2024-02-23T07:00:00Z,72.61
United Kingdom,GBR,2024-02-23T08:00:00Z,2024-02-23T08:00:00Z,75.53
United Kingdom,GBR,2024-02-23T09:00:00Z,2024-02-23T09:00:00Z,73.6
United Kingdom,GBR,2024-02-23T10:00:00Z,2024-02-23T10:00:00Z,65.35
United Kingdom,GBR,2024-02-23T11:00:00Z,2024-02-23T11:00:00Z,64.13
United Kingdom,GBR,2024-02-23T12:00:00Z,2024-02-23T12:00:00Z,66.63
United Kingdom,GBR,2024-02-23T13:00:00Z,2024-02-23T13:00:00Z,66.58
United Kingdom,GBR,2024-02-23T14:00:00Z,2024-02-23T14:00:00Z,69.87
United Kingdom,GBR,2024-02-23T15:00:00Z,2024-02-23T15:00:00Z,71.11
United Kingdom,GBR,2024-02-23T16:00:00Z,2024-02-23T16:00:00Z,75.36
United Kingdom,GBR,2024-02-23T17:00:00Z,2024-02-23T17:00:00Z,87.75
United Kingdom,GBR,2024-02-23T18:00:00Z,2024-02-23T18:00:00Z,93.76
United Kingdom,GBR,2024-02-23T19:00:00Z,2024-02-23T19:00:00Z,93.84
United Kingdom,GBR,2024-02-23T20:00:00Z,2024-02-23T20:00:00Z,79.75
United Kingdom,GBR,2024-02-23T21:00:00Z,2024-02-23T21:00:00Z,74.38
United Kingdom,GBR,2024-02-23T22:00:00Z,2024-02-23T22:00:00Z,72.53
United Kingdom,GBR,2024-02-23T23:00:00Z,2024-02-23T23:00:00Z,64.39
United Kingdom,GBR,2024-02-24T00:00:00Z,2024-02-24T00:00:00Z,65.02
United Kingdom,GBR,2024-02-24T01:00:00Z,2024-02-24T01:00:00Z,69.65
United Kingdom,GBR,2024-02-24T02:00:00Z,2024-02-24T02:00:00Z,62.16
United Kingdom,GBR,2024-02-24T03:00:00Z,2024-02-24T03:00:00Z,62.39
United Kingdom,GBR,2024-02-24T04:00:00Z,2024-02-24T04:00:00Z,61.84
United Kingdom,GBR,2024-02-24T05:00:00Z,2024-02-24T05:00:00Z,64.6
United Kingdom,GBR,2024-02-24T06:00:00Z,2024-02-24T06:00:00Z,69.12
United Kingdom,GBR,2024-02-24T07:00:00Z,2024-02-24T07:00:00Z,68.62
United Kingdom,GBR,2024-02-24T08:00:00Z,2024-02-24T08:00:00Z,75.51
United Kingdom,GBR,2024-02-24T09:00:00Z,2024-02-24T09:00:00Z,79.4
United Kingdom,GBR,2024-02-24T10:00:00Z,2024-02-24T10:00:00Z,68.42
United Kingdom,GBR,2024-02-24T11:00:00Z,2024-02-24T11:00:00Z,63.83
United Kingdom,GBR,2024-02-24T12:00:00Z,2024-02-24T12:00:00Z,63.49
United Kingdom,GBR,2024-02-24T13:00:00Z,2024-02-24T13:00:00Z,61.91
United Kingdom,GBR,2024-02-24T14:00:00Z,2024-02-24T14:00:00Z,61.73
United Kingdom,GBR,2024-02-24T15:00:00Z,2024-02-24T15:00:00Z,68.3
United Kingdom,GBR,2024-02-24T16:00:00Z,2024-02-24T16:00:00Z,72.64
United Kingdom,GBR,2024-02-24T17:00:00Z,2024-02-24T17:00:00Z,88.81
United Kingdom,GBR,2024-02-24T18:00:00Z,2024-02-24T18:00:00Z,90.98
United Kingdom,GBR,2024-02-24T19:00:00Z,2024-02-24T19:00:00Z,85.36
United Kingdom,GBR,2024-02-24T20:00:00Z,2024-02-24T20:00:00Z,71.01
United Kingdom,GBR,2024-02-24T21:00:00Z,2024-02-24T21:00:00Z,74.54
United Kingdom,GBR,2024-02-24T22:00:00Z,2024-02-24T22:00:00Z,64.06
United Kingdom,GBR,2024-02-24T23:00:00Z,2024-02-24T23:00:00Z,74.29
United Kingdom,GBR,2024-02-25T00:00:00Z,2024-02-25T00:00:00Z,71.81
United Kingdom,GBR,2024-02-25T01:00:00Z,2024-02-25T01:00:00Z,69.3
United Kingdom,GBR,2024-02-25T02:00:00Z,2024-02-25T02:00:00Z,65.42
United Kingdom,GBR,2024-02-25T03:00:00Z,2024-02-25T03:00:00Z,62.46
United Kingdom,GBR,2024-02-25T04:00:00Z,2024-02-25T04:00:00Z,59.78
United Kingdom,GBR,2024-02-25T05:00:00Z,2024-02-25T05:00:00Z,58.24
United Kingdom,GBR,2024-02-25T06:00:00Z,2024-02-25T06:00:00Z,62.01
United Kingdom,GBR,2024-02-25T07:00:00Z,2024-02-25T07:00:00Z,62.2
United Kingdom,GBR,2024-02-25T08:00:00Z,2024-02-25T08:00:00Z,63.5
United Kingdom,GBR,2024-02-25T09:00:00Z,2024-02-25T09:00:00Z,71.69
United Kingdom,GBR,2024-02-25T10:00:00Z,2024-02-25T10:00:00Z,73.17
United Kingdom,GBR,2024-02-25T11:00:00Z,2024-02-25T11:00:00Z,75.37
United Kingdom,GBR,2024-02-25T12:00:00Z,2024-02-25T12:00:00Z,83.42
United Kingdom,GBR,2024-02-25T13:00:00Z,2024-02-25T13:00:00Z,79.55
United Kingdom,GBR,2024-02-25T14:00:00Z,2024-02-25T14:00:00Z,69.12
United Kingdom,GBR,2024-02-25T15:00:00Z,2024-02-25T15:00:00Z,71.9
United Kingdom,GBR,2024-02-25T16:00:00Z,2024-02-25T16:00:00Z,85.82
United Kingdom,GBR,2024-02-25T17:00:00Z,2024-02-25T17:00:00Z,90.95
United Kingdom,GBR,2024-02-25T18:00:00Z,2024-02-25T18:00:00Z,89.64
United Kingdom,GBR,2024-02-25T19:00:00Z,2024-02-25T19:00:00Z,77.97
United Kingdom,GBR,2024-02-25T20:00:00Z,2024-02-25T20:00:00Z,70.53
United Kingdom,GBR,2024-02-25T21:00:00Z,2024-02-25T21:00:00Z,70.18
United Kingdom,GBR,2024-02-25T22:00:00Z,2024-02-25T22:00:00Z,59.97
United Kingdom,GBR,2024-02-25T23:00:00Z,2024-02-25T23:00:00Z,60.39
United Kingdom,GBR,2024-02-26T00:00:00Z,2024-02-26T00:00:00Z,58.38
United Kingdom,GBR,2024-02-26T01:00:00Z,2024-02-26T01:00:00Z,55.67
United Kingdom,GBR,2024-02-26T02:00:00Z,2024-02-26T02:00:00Z,53.97
United Kingdom,GBR,2024-02-26T03:00:00Z,2024-02-26T03:00:00Z,53.94
United Kingdom,GBR,2024-02-26T04:00:00Z,2024-02-26T04:00:00Z,54.51
United Kingdom,GBR,2024-02-26T05:00:00Z,2024-02-26T05:00:00Z,61.87
United Kingdom,GBR,2024-02-26T06:00:00Z,2024-02-26T06:00:00Z,75.32
United Kingdom,GBR,2024-02-26T07:00:00Z,2024-02-26T07:00:00Z,79.28
United Kingdom,GBR,2024-02-26T08:00:00Z,2024-02-26T08:00:00Z,78.46
United Kingdom,GBR,2024-02-26T09:00:00Z,2024-02-26T09:00:00Z,72.64
United Kingdom,GBR,2024-02-26T10:00:00Z,2024-02-26T10:00:00Z,69.08
United Kingdom,GBR,2024-02-26T11:00:00Z,2024-02-26T11:00:00Z,65.13
United Kingdom,GBR,2024-02-26T12:00:00Z,2024-02-26T12:00:00Z,65.27
United Kingdom,GBR,2024-02-26T13:00:00Z,2024-02-26T13:00:00Z,66.97
United Kingdom,GBR,2024-02-26T14:00:00Z,2024-02-26T14:00:00Z,69.66
United Kingdom,GBR,2024-02-26T15:00:00Z,2024-02-26T15:00:00Z,71.43
United Kingdom,GBR,2024-02-26T16:00:00Z,2024-02-26T16:00:00Z,77.04
United Kingdom,GBR,2024-02-26T17:00:00Z,2024-02-26T17:00:00Z,88.01
United Kingdom,GBR,2024-02-26T18:00:00Z,2024-02-26T18:00:00Z,88.13
United Kingdom,GBR,2024-02-26T19:00:00Z,2024-02-26T19:00:00Z,84.73
United Kingdom,GBR,2024-02-26T20:00:00Z,2024-02-26T20:00:00Z,70.6
United Kingdom,GBR,2024-02-26T21:00:00Z,2024-02-26T21:00:00Z,69.7
United Kingdom,GBR,2024-02-26T22:00:00Z,2024-02-26T22:00:00Z,61.79
United Kingdom,GBR,2024-02-26T23:00:00Z,2024-02-26T23:00:00Z,63.17
United Kingdom,GBR,2024-02-27T00:00:00Z,2024-02-27T00:00:00Z,61.97
United Kingdom,GBR,2024-02-27T01:00:00Z,2024-02-27T01:00:00Z,61.91
United Kingdom,GBR,2024-02-27T02:00:00Z,2024-02-27T02:00:00Z,58.74
United Kingdom,GBR,2024-02-27T03:00:00Z,2024-02-27T03:00:00Z,58.3
United Kingdom,GBR,2024-02-27T04:00:00Z,2024-02-27T04:00:00Z,60.39
United Kingdom,GBR,2024-02-27T05:00:00Z,2024-02-27T05:00:00Z,69.55
United Kingdom,GBR,2024-02-27T06:00:00Z,2024-02-27T06:00:00Z,74.72
United Kingdom,GBR,2024-02-27T07:00:00Z,2024-02-27T07:00:00Z,85.19
United Kingdom,GBR,2024-02-27T08:00:00Z,2024-02-27T08:00:00Z,79.62
United Kingdom,GBR,2024-02-27T09:00:00Z,2024-02-27T09:00:00Z,76.54
United Kingdom,GBR,2024-02-27T10:00:00Z,2024-02-27T10:00:00Z,70.51
United Kingdom,GBR,2024-02-27T11:00:00Z,2024-02-27T11:00:00Z,67.24
United Kingdom,GBR,2024-02-27T12:00:00Z,2024-02-27T12:00:00Z,64.76
United Kingdom,GBR,2024-02-27T13:00:00Z,2024-02-27T13:00:00Z,65.61
United Kingdom,GBR,2024-02-27T14:00:00Z,2024-02-27T14:00:00Z,69.15
United Kingdom,GBR,2024-02-27T15:00:00Z,2024-02-27T15:00:00Z,72.06
United Kingdom,GBR,2024-02-27T16:00:00Z,2024-02-27T16:00:00Z,78.64
United Kingdom,GBR,2024-02-27T17:00:00Z,2024-02-27T17:00:00Z,91.51
United Kingdom,GBR,2024-02-27T18:00:00Z,2024-02-27T18:00:00Z,93
United Kingdom,GBR,2024-02-27T19:00:00Z,2024-02-27T19:00:00Z,83.97
United Kingdom,GBR,2024-02-27T20:00:00Z,2024-02-27T20:00:00Z,72.05
United Kingdom,GBR,2024-02-27T21:00:00Z,2024-02-27T21:00:00Z,72.58
United Kingdom,GBR,2024-02-27T22:00:00Z,2024-02-27T22:00:00Z,66.5
United Kingdom,GBR,2024-02-27T23:00:00Z,2024-02-27T23:00:00Z,64.55
United Kingdom,GBR,2024-02-28T00:00:00Z,2024-02-28T00:00:00Z,64.1
United Kingdom,GBR,2024-02-28T01:00:00Z,2024-02-28T01:00:00Z,64.75
United Kingdom,GBR,2024-02-28T02:00:00Z,2024-02-28T02:00:00Z,64.2
United Kingdom,GBR,2024-02-28T03:00:00Z,2024-02-28T03:00:00Z,64.18
United Kingdom,GBR,2024-02-28T04:00:00Z,2024-02-28T04:00:00Z,64.19
United Kingdom,GBR,2024-02-28T05:00:00Z,2024-02-28T05:00:00Z,73.02
United Kingdom,GBR,2024-02-28T06:00:00Z,2024-02-28T06:00:00Z,84.59
United Kingdom,GBR,2024-02-28T07:00:00Z,2024-02-28T07:00:00Z,93.87
United Kingdom,GBR,2024-02-28T08:00:00Z,2024-02-28T08:00:00Z,86.04
United Kingdom,GBR,2024-02-28T09:00:00Z,2024-02-28T09:00:00Z,73.28
United Kingdom,GBR,2024-02-28T10:00:00Z,2024-02-28T10:00:00Z,64.98
United Kingdom,GBR,2024-02-28T11:00:00Z,2024-02-28T11:00:00Z,63.19
United Kingdom,GBR,2024-02-28T12:00:00Z,2024-02-28T12:00:00Z,61.87
United Kingdom,GBR,2024-02-28T13:00:00Z,2024-02-28T13:00:00Z,60.75
United Kingdom,GBR,2024-02-28T14:00:00Z,2024-02-28T14:00:00Z,63.58
United Kingdom,GBR,2024-02-28T15:00:00Z,2024-02-28T15:00:00Z,65.5
United Kingdom,GBR,2024-02-28T16:00:00Z,2024-02-28T16:00:00Z,71.67
United Kingdom,GBR,2024-02-28T17:00:00Z,2024-02-28T17:00:00Z,83.98
United Kingdom,GBR,2024-02-28T18:00:00Z,2024-02-28T18:00:00Z,84.79
United Kingdom,GBR,2024-02-28T19:00:00Z,2024-02-28T19:00:00Z,77.77
United Kingdom,GBR,2024-02-28T20:00:00Z,2024-02-28T20:00:00Z,67.59
United Kingdom,GBR,2024-02-28T21:00:00Z,2024-02-28T21:00:00Z,65.52
United Kingdom,GBR,2024-02-28T22:00:00Z,2024-02-28T22:00:00Z,53.5
United Kingdom,GBR,2024-02-28T23:00:00Z,2024-02-28T23:00:00Z,52.17
United Kingdom,GBR,2024-03-01T00:00:00Z,2024-03-01T00:00:00Z,74.53
United Kingdom,GBR,2024-03-01T01:00:00Z,2024-03-01T01:00:00Z,73.84
United Kingdom,GBR,2024-03-01T02:00:00Z,2024-03-01T02:00:00Z,66.06
United Kingdom,GBR,2024-03-01T03:00:00Z,2024-03-01T03:00:00Z,60.16
United Kingdom,GBR,2024-03-01T04:00:00Z,2024-03-01T04:00:00Z,62.24
United Kingdom,GBR,2024-03-01T05:00:00Z,2024-03-01T05:00:00Z,73.55
United Kingdom,GBR,2024-03-01T06:00:00Z,2024-03-01T06:00:00Z,78.33
United Kingdom,GBR,2024-03-01T07:00:00Z,2024-03-01T07:00:00Z,86.53
United Kingdom,GBR,2024-03-01T08:00:00Z,2024-03-01T08:00:00Z,86.22
United Kingdom,GBR,2024-03-01T09:00:00Z,2024-03-01T09:00:00Z,82.14
United Kingdom,GBR,2024-03-01T10:00:00Z,2024-03-01T10:00:00Z,67.21
United Kingdom,GBR,2024-03-01T11:00:00Z,2024-03-01T11:00:00Z,66.91
United Kingdom,GBR,2024-03-01T12:00:00Z,2024-03-01T12:00:00Z,64.34
United Kingdom,GBR,2024-03-01T13:00:00Z,2024-03-01T13:00:00Z,63.09
United Kingdom,GBR,2024-03-01T14:00:00Z,2024-03-01T14:00:00Z,63.79
United Kingdom,GBR,2024-03-01T15:00:00Z,2024-03-01T15:00:00Z,71.57
United Kingdom,GBR,2024-03-01T16:00:00Z,2024-03-01T16:00:00Z,80.99
United Kingdom,GBR,2024-03-01T17:00:00Z,2024-03-01T17:00:00Z,91.26
United Kingdom,GBR,2024-03-01T18:00:00Z,2024-03-01T18:00:00Z,87.37
United Kingdom,GBR,2024-03-01T19:00:00Z,2024-03-01T19:00:00Z,87.21
United Kingdom,GBR,2024-03-01T20:00:00Z,2024-03-01T20:00:00Z,77.72
United Kingdom,GBR,2024-03-01T21:00:00Z,2024-03-01T21:00:00Z,72.71
United Kingdom,GBR,2024-03-01T22:00:00Z,2024-03-01T22:00:00Z,65.41
United Kingdom,GBR,2024-03-01T23:00:00Z,2024-03-01T23:00:00Z,69.04
United Kingdom,GBR,2024-03-02T00:00:00Z,2024-03-02T00:00:00Z,73.98
United Kingdom,GBR,2024-03-02T01:00:00Z,2024-03-02T01:00:00Z,73.36
United Kingdom,GBR,2024-03-02T02:00:00Z,2024-03-02T02:00:00Z,70.4
United Kingdom,GBR,2024-03-02T03:00:00Z,2024-03-02T03:00:00Z,68.13
United Kingdom,GBR,2024-03-02T04:00:00Z,2024-03-02T04:00:00Z,67.61
United Kingdom,GBR,2024-03-02T05:00:00Z,2024-03-02T05:00:00Z,66.81
United Kingdom,GBR,2024-03-02T06:00:00Z,2024-03-02T06:00:00Z,68.69
United Kingdom,GBR,2024-03-02T07:00:00Z,2024-03-02T07:00:00Z,70.84
United Kingdom,GBR,2024-03-02T08:00:00Z,2024-03-02T08:00:00Z,75.27
United Kingdom,GBR,2024-03-02T09:00:00Z,2024-03-02T09:00:00Z,79.96
United Kingdom,GBR,2024-03-02T10:00:00Z,2024-03-02T10:00:00Z,78.88
United Kingdom,GBR,2024-03-02T11:00:00Z,2024-03-02T11:00:00Z,74.24
United Kingdom,GBR,2024-03-02T12:00:00Z,2024-03-02T12:00:00Z,75.13
United Kingdom,GBR,2024-03-02T13:00:00Z,2024-03-02T13:00:00Z,71.06
United Kingdom,GBR,2024-03-02T14:00:00Z,2024-03-02T14:00:00Z,67.18
United Kingdom,GBR,2024-03-02T15:00:00Z,2024-03-02T15:00:00Z,71.41
United Kingdom,GBR,2024-03-02T16:00:00Z,2024-03-02T16:00:00Z,82.62
United Kingdom,GBR,2024-03-02T17:00:00Z,2024-03-02T17:00:00Z,91.52
United Kingdom,GBR,2024-03-02T18:00:00Z,2024-03-02T18:00:00Z,94.31
United Kingdom,GBR,2024-03-02T19:00:00Z,2024-03-02T19:00:00Z,88.96
United Kingdom,GBR,2024-03-02T20:00:00Z,2024-03-02T20:00:00Z,73.34
United Kingdom,GBR,2024-03-02T21:00:00Z,2024-03-02T21:00:00Z,78.52
United Kingdom,GBR,2024-03-02T22:00:00Z,2024-03-02T22:00:00Z,70.64
United Kingdom,GBR,2024-03-02T23:00:00Z,2024-03-02T23:00:00Z,68.22
United Kingdom,GBR,2024-03-03T00:00:00Z,2024-03-03T00:00:00Z,69.25
United Kingdom,GBR,2024-03-03T01:00:00Z,2024-03-03T01:00:00Z,71.01
United Kingdom,GBR,2024-03-03T02:00:00Z,2024-03-03T02:00:00Z,69.58
United Kingdom,GBR,2024-03-03T03:00:00Z,2024-03-03T03:00:00Z,69.09
United Kingdom,GBR,2024-03-03T04:00:00Z,2024-03-03T04:00:00Z,67.29
United Kingdom,GBR,2024-03-03T05:00:00Z,2024-03-03T05:00:00Z,68.83
United Kingdom,GBR,2024-03-03T06:00:00Z,2024-03-03T06:00:00Z,71.88
United Kingdom,GBR,2024-03-03T07:00:00Z,2024-03-03T07:00:00Z,72.36
United Kingdom,GBR,2024-03-03T08:00:00Z,2024-03-03T08:00:00Z,79.86
United Kingdom,GBR,2024-03-03T09:00:00Z,2024-03-03T09:00:00Z,76.3
United Kingdom,GBR,2024-03-03T10:00:00Z,2024-03-03T10:00:00Z,74.04
United Kingdom,GBR,2024-03-03T11:00:00Z,2024-03-03T11:00:00Z,72.55
United Kingdom,GBR,2024-03-03T12:00:00Z,2024-03-03T12:00:00Z,76.35
United Kingdom,GBR,2024-03-03T13:00:00Z,2024-03-03T13:00:00Z,83.47
United Kingdom,GBR,2024-03-03T14:00:00Z,2024-03-03T14:00:00Z,74.81
United Kingdom,GBR,2024-03-03T15:00:00Z,2024-03-03T15:00:00Z,76.21
United Kingdom,GBR,2024-03-03T16:00:00Z,2024-03-03T16:00:00Z,81.46
United Kingdom,GBR,2024-03-03T17:00:00Z,2024-03-03T17:00:00Z,102.41
United Kingdom,GBR,2024-03-03T18:00:00Z,2024-03-03T18:00:00Z,106.87
United Kingdom,GBR,2024-03-03T19:00:00Z,2024-03-03T19:00:00Z,98.95
United Kingdom,GBR,2024-03-03T20:00:00Z,2024-03-03T20:00:00Z,88.3
United Kingdom,GBR,2024-03-03T21:00:00Z,2024-03-03T21:00:00Z,77.22
United Kingdom,GBR,2024-03-03T22:00:00Z,2024-03-03T22:00:00Z,81.09
United Kingdom,GBR,2024-03-03T23:00:00Z,2024-03-03T23:00:00Z,70.52
United Kingdom,GBR,2024-03-04T00:00:00Z,2024-03-04T00:00:00Z,70.3
United Kingdom,GBR,2024-03-04T01:00:00Z,2024-03-04T01:00:00Z,71.66
United Kingdom,GBR,2024-03-04T02:00:00Z,2024-03-04T02:00:00Z,70.36
United Kingdom,GBR,2024-03-04T03:00:00Z,2024-03-04T03:00:00Z,68.82
United Kingdom,GBR,2024-03-04T04:00:00Z,2024-03-04T04:00:00Z,70.62
United Kingdom,GBR,2024-03-04T05:00:00Z,2024-03-04T05:00:00Z,76.19
United Kingdom,GBR,2024-03-04T06:00:00Z,2024-03-04T06:00:00Z,93.38
United Kingdom,GBR,2024-03-04T07:00:00Z,2024-03-04T07:00:00Z,103.47
United Kingdom,GBR,2024-03-04T08:00:00Z,2024-03-04T08:00:00Z,96.08
United Kingdom,GBR,2024-03-04T09:00:00Z,2024-03-04T09:00:00Z,86.15
United Kingdom,GBR,2024-03-04T10:00:00Z,2024-03-04T10:00:00Z,72.37
United Kingdom,GBR,2024-03-04T11:00:00Z,2024-03-04T11:00:00Z,70.64
United Kingdom,GBR,2024-03-04T12:00:00Z,2024-03-04T12:00:00Z,69.04
United Kingdom,GBR,2024-03-04T13:00:00Z,2024-03-04T13:00:00Z,68.41
United Kingdom,GBR,2024-03-04T14:00:00Z,2024-03-04T14:00:00Z,72.51
United Kingdom,GBR,2024-03-04T15:00:00Z,2024-03-04T15:00:00Z,75.84
United Kingdom,GBR,2024-03-04T16:00:00Z,2024-03-04T16:00:00Z,87.82
United Kingdom,GBR,2024-03-04T17:00:00Z,2024-03-04T17:00:00Z,93.41
United Kingdom,GBR,2024-03-04T18:00:00Z,2024-03-04T18:00:00Z,94.03
United Kingdom,GBR,2024-03-04T19:00:00Z,2024-03-04T19:00:00Z,84.75
United Kingdom,GBR,2024-03-04T20:00:00Z,2024-03-04T20:00:00Z,77.79
United Kingdom,GBR,2024-03-04T21:00:00Z,2024-03-04T21:00:00Z,71.89
United Kingdom,GBR,2024-03-04T22:00:00Z,2024-03-04T22:00:00Z,65.5
United Kingdom,GBR,2024-03-04T23:00:00Z,2024-03-04T23:00:00Z,58.97
United Kingdom,GBR,2024-03-05T00:00:00Z,2024-03-05T00:00:00Z,59.84
United Kingdom,GBR,2024-03-05T01:00:00Z,2024-03-05T01:00:00Z,61.32
United Kingdom,GBR,2024-03-05T02:00:00Z,2024-03-05T02:00:00Z,60.58
United Kingdom,GBR,2024-03-05T03:00:00Z,2024-03-05T03:00:00Z,61.45
United Kingdom,GBR,2024-03-05T04:00:00Z,2024-03-05T04:00:00Z,63.48
United Kingdom,GBR,2024-03-05T05:00:00Z,2024-03-05T05:00:00Z,72.22
United Kingdom,GBR,2024-03-05T06:00:00Z,2024-03-05T06:00:00Z,82.97
United Kingdom,GBR,2024-03-05T07:00:00Z,2024-03-05T07:00:00Z,91.6
United Kingdom,GBR,2024-03-05T08:00:00Z,2024-03-05T08:00:00Z,83.64
United Kingdom,GBR,2024-03-05T09:00:00Z,2024-03-05T09:00:00Z,76.21
United Kingdom,GBR,2024-03-05T10:00:00Z,2024-03-05T10:00:00Z,69.02
United Kingdom,GBR,2024-03-05T11:00:00Z,2024-03-05T11:00:00Z,65.59
United Kingdom,GBR,2024-03-05T12:00:00Z,2024-03-05T12:00:00Z,66.17
United Kingdom,GBR,2024-03-05T13:00:00Z,2024-03-05T13:00:00Z,67.99
United Kingdom,GBR,2024-03-05T14:00:00Z,2024-03-05T14:00:00Z,72.3
United Kingdom,GBR,2024-03-05T15:00:00Z,2024-03-05T15:00:00Z,73.32
United Kingdom,GBR,2024-03-05T16:00:00Z,2024-03-05T16:00:00Z,81.86
United Kingdom,GBR,2024-03-05T17:00:00Z,2024-03-05T17:00:00Z,102.26
United Kingdom,GBR,2024-03-05T18:00:00Z,2024-03-05T18:00:00Z,107.7
United Kingdom,GBR,2024-03-05T19:00:00Z,2024-03-05T19:00:00Z,95.71
United Kingdom,GBR,2024-03-05T20:00:00Z,2024-03-05T20:00:00Z,83.97
United Kingdom,GBR,2024-03-05T21:00:00Z,2024-03-05T21:00:00Z,77.77
United Kingdom,GBR,2024-03-05T22:00:00Z,2024-03-05T22:00:00Z,72.97
United Kingdom,GBR,2024-03-05T23:00:00Z,2024-03-05T23:00:00Z,75.7
United Kingdom,GBR,2024-03-06T00:00:00Z,2024-03-06T00:00:00Z,75.11
United Kingdom,GBR,2024-03-06T01:00:00Z,2024-03-06T01:00:00Z,76.2
United Kingdom,GBR,2024-03-06T02:00:00Z,2024-03-06T02:00:00Z,72.01
United Kingdom,GBR,2024-03-06T03:00:00Z,2024-03-06T03:00:00Z,71.15
United Kingdom,GBR,2024-03-06T04:00:00Z,2024-03-06T04:00:00Z,70.22
United Kingdom,GBR,2024-03-06T05:00:00Z,2024-03-06T05:00:00Z,82.65
United Kingdom,GBR,2024-03-06T06:00:00Z,2024-03-06T06:00:00Z,95.3
United Kingdom,GBR,2024-03-06T07:00:00Z,2024-03-06T07:00:00Z,100.72
United Kingdom,GBR,2024-03-06T08:00:00Z,2024-03-06T08:00:00Z,92.2
United Kingdom,GBR,2024-03-06T09:00:00Z,2024-03-06T09:00:00Z,83.4
United Kingdom,GBR,2024-03-06T10:00:00Z,2024-03-06T10:00:00Z,76.72
United Kingdom,GBR,2024-03-06T11:00:00Z,2024-03-06T11:00:00Z,72.43
United Kingdom,GBR,2024-03-06T12:00:00Z,2024-03-06T12:00:00Z,72.5
United Kingdom,GBR,2024-03-06T13:00:00Z,2024-03-06T13:00:00Z,73.66
United Kingdom,GBR,2024-03-06T14:00:00Z,2024-03-06T14:00:00Z,76.08
United Kingdom,GBR,2024-03-06T15:00:00Z,2024-03-06T15:00:00Z,81.25
United Kingdom,GBR,2024-03-06T16:00:00Z,2024-03-06T16:00:00Z,88.79
United Kingdom,GBR,2024-03-06T17:00:00Z,2024-03-06T17:00:00Z,108.85
United Kingdom,GBR,2024-03-06T18:00:00Z,2024-03-06T18:00:00Z,111.36
United Kingdom,GBR,2024-03-06T19:00:00Z,2024-03-06T19:00:00Z,93.61
United Kingdom,GBR,2024-03-06T20:00:00Z,2024-03-06T20:00:00Z,82.15
United Kingdom,GBR,2024-03-06T21:00:00Z,2024-03-06T21:00:00Z,80.04
United Kingdom,GBR,2024-03-06T22:00:00Z,2024-03-06T22:00:00Z,71.53
United Kingdom,GBR,2024-03-06T23:00:00Z,2024-03-06T23:00:00Z,73.27
United Kingdom,GBR,2024-03-07T00:00:00Z,2024-03-07T00:00:00Z,73.65
United Kingdom,GBR,2024-03-07T01:00:00Z,2024-03-07T01:00:00Z,73.05
United Kingdom,GBR,2024-03-07T02:00:00Z,2024-03-07T02:00:00Z,73.32
United Kingdom,GBR,2024-03-07T03:00:00Z,2024-03-07T03:00:00Z,72.36
United Kingdom,GBR,2024-03-07T04:00:00Z,2024-03-07T04:00:00Z,72.48
United Kingdom,GBR,2024-03-07T05:00:00Z,2024-03-07T05:00:00Z,84.14
United Kingdom,GBR,2024-03-07T06:00:00Z,2024-03-07T06:00:00Z,99.45
United Kingdom,GBR,2024-03-07T07:00:00Z,2024-03-07T07:00:00Z,105.28
United Kingdom,GBR,2024-03-07T08:00:00Z,2024-03-07T08:00:00Z,92.82
United Kingdom,GBR,2024-03-07T09:00:00Z,2024-03-07T09:00:00Z,81.56
United Kingdom,GBR,2024-03-07T10:00:00Z,2024-03-07T10:00:00Z,69.88
United Kingdom,GBR,2024-03-07T11:00:00Z,2024-03-07T11:00:00Z,69.12
United Kingdom,GBR,2024-03-07T12:00:00Z,2024-03-07T12:00:00Z,67.98
United Kingdom,GBR,2024-03-07T13:00:00Z,2024-03-07T13:00:00Z,67.87
United Kingdom,GBR,2024-03-07T14:00:00Z,2024-03-07T14:00:00Z,70.12
United Kingdom,GBR,2024-03-07T15:00:00Z,2024-03-07T15:00:00Z,73.81
United Kingdom,GBR,2024-03-07T16:00:00Z,2024-03-07T16:00:00Z,87.22
United Kingdom,GBR,2024-03-07T17:00:00Z,2024-03-07T17:00:00Z,100.35
United Kingdom,GBR,2024-03-07T18:00:00Z,2024-03-07T18:00:00Z,99.84
United Kingdom,GBR,2024-03-07T19:00:00Z,2024-03-07T19:00:00Z,86.83
United Kingdom,GBR,2024-03-07T20:00:00Z,2024-03-07T20:00:00Z,77.57
United Kingdom,GBR,2024-03-07T21:00:00Z,2024-03-07T21:00:00Z,76.08
United Kingdom,GBR,2024-03-07T22:00:00Z,2024-03-07T22:00:00Z,68.31
United Kingdom,GBR,2024-03-07T23:00:00Z,2024-03-07T23:00:00Z,70.98
United Kingdom,GBR,2024-03-08T00:00:00Z,2024-03-08T00:00:00Z,69.9
United Kingdom,GBR,2024-03-08T01:00:00Z,2024-03-08T01:00:00Z,72.34
United Kingdom,GBR,2024-03-08T02:00:00Z,2024-03-08T02:00:00Z,69.03
United Kingdom,GBR,2024-03-08T03:00:00Z,2024-03-08T03:00:00Z,66.63
United Kingdom,GBR,2024-03-08T04:00:00Z,2024-03-08T04:00:00Z,66.67
United Kingdom,GBR,2024-03-08T05:00:00Z,2024-03-08T05:00:00Z,76.89
United Kingdom,GBR,2024-03-08T06:00:00Z,2024-03-08T06:00:00Z,91.39
United Kingdom,GBR,2024-03-08T07:00:00Z,2024-03-08T07:00:00Z,97.47
United Kingdom,GBR,2024-03-08T08:00:00Z,2024-03-08T08:00:00Z,88.04
United Kingdom,GBR,2024-03-08T09:00:00Z,2024-03-08T09:00:00Z,74.86
United Kingdom,GBR,2024-03-08T10:00:00Z,2024-03-08T10:00:00Z,65.54
United Kingdom,GBR,2024-03-08T11:00:00Z,2024-03-08T11:00:00Z,58.21
United Kingdom,GBR,2024-03-08T12:00:00Z,2024-03-08T12:00:00Z,54.5
United Kingdom,GBR,2024-03-08T13:00:00Z,2024-03-08T13:00:00Z,51.33
United Kingdom,GBR,2024-03-08T14:00:00Z,2024-03-08T14:00:00Z,52.5
United Kingdom,GBR,2024-03-08T15:00:00Z,2024-03-08T15:00:00Z,62.75
United Kingdom,GBR,2024-03-08T16:00:00Z,2024-03-08T16:00:00Z,71.27
United Kingdom,GBR,2024-03-08T17:00:00Z,2024-03-08T17:00:00Z,86.56
United Kingdom,GBR,2024-03-08T18:00:00Z,2024-03-08T18:00:00Z,94.95
United Kingdom,GBR,2024-03-08T19:00:00Z,2024-03-08T19:00:00Z,91.75
United Kingdom,GBR,2024-03-08T20:00:00Z,2024-03-08T20:00:00Z,73.46
United Kingdom,GBR,2024-03-08T21:00:00Z,2024-03-08T21:00:00Z,66.56
United Kingdom,GBR,2024-03-08T22:00:00Z,2024-03-08T22:00:00Z,59.49
United Kingdom,GBR,2024-03-08T23:00:00Z,2024-03-08T23:00:00Z,53.82
United Kingdom,GBR,2024-03-09T00:00:00Z,2024-03-09T00:00:00Z,54.69
United Kingdom,GBR,2024-03-09T01:00:00Z,2024-03-09T01:00:00Z,54.32
United Kingdom,GBR,2024-03-09T02:00:00Z,2024-03-09T02:00:00Z,51.96
United Kingdom,GBR,2024-03-09T03:00:00Z,2024-03-09T03:00:00Z,49.46
United Kingdom,GBR,2024-03-09T04:00:00Z,2024-03-09T04:00:00Z,46.71
United Kingdom,GBR,2024-03-09T05:00:00Z,2024-03-09T05:00:00Z,48.57
United Kingdom,GBR,2024-03-09T06:00:00Z,2024-03-09T06:00:00Z,53.11
United Kingdom,GBR,2024-03-09T07:00:00Z,2024-03-09T07:00:00Z,49.89
United Kingdom,GBR,2024-03-09T08:00:00Z,2024-03-09T08:00:00Z,53.46
United Kingdom,GBR,2024-03-09T09:00:00Z,2024-03-09T09:00:00Z,49.47
United Kingdom,GBR,2024-03-09T10:00:00Z,2024-03-09T10:00:00Z,44.63
United Kingdom,GBR,2024-03-09T11:00:00Z,2024-03-09T11:00:00Z,44.68
United Kingdom,GBR,2024-03-09T12:00:00Z,2024-03-09T12:00:00Z,46.93
United Kingdom,GBR,2024-03-09T13:00:00Z,2024-03-09T13:00:00Z,47
United Kingdom,GBR,2024-03-09T14:00:00Z,2024-03-09T14:00:00Z,48.5
United Kingdom,GBR,2024-03-09T15:00:00Z,2024-03-09T15:00:00Z,60.34
United Kingdom,GBR,2024-03-09T16:00:00Z,2024-03-09T16:00:00Z,73.77
United Kingdom,GBR,2024-03-09T17:00:00Z,2024-03-09T17:00:00Z,86.7
United Kingdom,GBR,2024-03-09T18:00:00Z,2024-03-09T18:00:00Z,97.91
United Kingdom,GBR,2024-03-09T19:00:00Z,2024-03-09T19:00:00Z,85.55
United Kingdom,GBR,2024-03-09T20:00:00Z,2024-03-09T20:00:00Z,73.26
United Kingdom,GBR,2024-03-09T21:00:00Z,2024-03-09T21:00:00Z,70.03
United Kingdom,GBR,2024-03-09T22:00:00Z,2024-03-09T22:00:00Z,63.83
United Kingdom,GBR,2024-03-09T23:00:00Z,2024-03-09T23:00:00Z,52.28
United Kingdom,GBR,2024-03-10T00:00:00Z,2024-03-10T00:00:00Z,53.02
United Kingdom,GBR,2024-03-10T01:00:00Z,2024-03-10T01:00:00Z,50.5
United Kingdom,GBR,2024-03-10T02:00:00Z,2024-03-10T02:00:00Z,45.22
United Kingdom,GBR,2024-03-10T03:00:00Z,2024-03-10T03:00:00Z,40.67
United Kingdom,GBR,2024-03-10T04:00:00Z,2024-03-10T04:00:00Z,38.81
United Kingdom,GBR,2024-03-10T05:00:00Z,2024-03-10T05:00:00Z,38.15
United Kingdom,GBR,2024-03-10T06:00:00Z,2024-03-10T06:00:00Z,39.83
United Kingdom,GBR,2024-03-10T07:00:00Z,2024-03-10T07:00:00Z,39.84
United Kingdom,GBR,2024-03-10T08:00:00Z,2024-03-10T08:00:00Z,42.54
United Kingdom,GBR,2024-03-10T09:00:00Z,2024-03-10T09:00:00Z,58.66
United Kingdom,GBR,2024-03-10T10:00:00Z,2024-03-10T10:00:00Z,62.75
United Kingdom,GBR,2024-03-10T11:00:00Z,2024-03-10T11:00:00Z,69.43
United Kingdom,GBR,2024-03-10T12:00:00Z,2024-03-10T12:00:00Z,78.97
United Kingdom,GBR,2024-03-10T13:00:00Z,2024-03-10T13:00:00Z,79.2
United Kingdom,GBR,2024-03-10T14:00:00Z,2024-03-10T14:00:00Z,76.58
United Kingdom,GBR,2024-03-10T15:00:00Z,2024-03-10T15:00:00Z,71.61
United Kingdom,GBR,2024-03-10T16:00:00Z,2024-03-10T16:00:00Z,76.12
United Kingdom,GBR,2024-03-10T17:00:00Z,2024-03-10T17:00:00Z,89.78
United Kingdom,GBR,2024-03-10T18:00:00Z,2024-03-10T18:00:00Z,94.54
United Kingdom,GBR,2024-03-10T19:00:00Z,2024-03-10T19:00:00Z,95.98
United Kingdom,GBR,2024-03-10T20:00:00Z,2024-03-10T20:00:00Z,79.67
United Kingdom,GBR,2024-03-10T21:00:00Z,2024-03-10T21:00:00Z,76.43
United Kingdom,GBR,2024-03-10T22:00:00Z,2024-03-10T22:00:00Z,73.9
United Kingdom,GBR,2024-03-10T23:00:00Z,2024-03-10T23:00:00Z,63.16
United Kingdom,GBR,2024-03-11T00:00:00Z,2024-03-11T00:00:00Z,68.98
United Kingdom,GBR,2024-03-11T01:00:00Z,2024-03-11T01:00:00Z,69.51
United Kingdom,GBR,2024-03-11T02:00:00Z,2024-03-11T02:00:00Z,65.91
United Kingdom,GBR,2024-03-11T03:00:00Z,2024-03-11T03:00:00Z,62.59
United Kingdom,GBR,2024-03-11T04:00:00Z,2024-03-11T04:00:00Z,65.34
United Kingdom,GBR,2024-03-11T05:00:00Z,2024-03-11T05:00:00Z,78.03
United Kingdom,GBR,2024-03-11T06:00:00Z,2024-03-11T06:00:00Z,84.57
United Kingdom,GBR,2024-03-11T07:00:00Z,2024-03-11T07:00:00Z,87.26
United Kingdom,GBR,2024-03-11T08:00:00Z,2024-03-11T08:00:00Z,82.7
United Kingdom,GBR,2024-03-11T09:00:00Z,2024-03-11T09:00:00Z,81.36
United Kingdom,GBR,2024-03-11T10:00:00Z,2024-03-11T10:00:00Z,77.68
United Kingdom,GBR,2024-03-11T11:00:00Z,2024-03-11T11:00:00Z,81.96
United Kingdom,GBR,2024-03-11T12:00:00Z,2024-03-11T12:00:00Z,85.44
United Kingdom,GBR,2024-03-11T13:00:00Z,2024-03-11T13:00:00Z,86.51
United Kingdom,GBR,2024-03-11T14:00:00Z,2024-03-11T14:00:00Z,84.05
United Kingdom,GBR,2024-03-11T15:00:00Z,2024-03-11T15:00:00Z,79.84
United Kingdom,GBR,2024-03-11T16:00:00Z,2024-03-11T16:00:00Z,87.67
United Kingdom,GBR,2024-03-11T17:00:00Z,2024-03-11T17:00:00Z,103.38
United Kingdom,GBR,2024-03-11T18:00:00Z,2024-03-11T18:00:00Z,112.27
United Kingdom,GBR,2024-03-11T19:00:00Z,2024-03-11T19:00:00Z,99.39
United Kingdom,GBR,2024-03-11T20:00:00Z,2024-03-11T20:00:00Z,83.41
United Kingdom,GBR,2024-03-11T21:00:00Z,2024-03-11T21:00:00Z,81.36
United Kingdom,GBR,2024-03-11T22:00:00Z,2024-03-11T22:00:00Z,76.05
United Kingdom,GBR,2024-03-11T23:00:00Z,2024-03-11T23:00:00Z,73.91
United Kingdom,GBR,2024-03-12T00:00:00Z,2024-03-12T00:00:00Z,73.15
United Kingdom,GBR,2024-03-12T01:00:00Z,2024-03-12T01:00:00Z,71.97
United Kingdom,GBR,2024-03-12T02:00:00Z,2024-03-12T02:00:00Z,69.02
United Kingdom,GBR,2024-03-12T03:00:00Z,2024-03-12T03:00:00Z,69.62
United Kingdom,GBR,2024-03-12T04:00:00Z,2024-03-12T04:00:00Z,69.59
United Kingdom,GBR,2024-03-12T05:00:00Z,2024-03-12T05:00:00Z,77.45
United Kingdom,GBR,2024-03-12T06:00:00Z,2024-03-12T06:00:00Z,89.35
United Kingdom,GBR,2024-03-12T07:00:00Z,2024-03-12T07:00:00Z,97.4
United Kingdom,GBR,2024-03-12T08:00:00Z,2024-03-12T08:00:00Z,88.84
United Kingdom,GBR,2024-03-12T09:00:00Z,2024-03-12T09:00:00Z,83.97
United Kingdom,GBR,2024-03-12T10:00:00Z,2024-03-12T10:00:00Z,77.14
United Kingdom,GBR,2024-03-12T11:00:00Z,2024-03-12T11:00:00Z,74.95
United Kingdom,GBR,2024-03-12T12:00:00Z,2024-03-12T12:00:00Z,72.92
United Kingdom,GBR,2024-03-12T13:00:00Z,2024-03-12T13:00:00Z,70.77
United Kingdom,GBR,2024-03-12T14:00:00Z,2024-03-12T14:00:00Z,70.98
United Kingdom,GBR,2024-03-12T15:00:00Z,2024-03-12T15:00:00Z,72.08
United Kingdom,GBR,2024-03-12T16:00:00Z,2024-03-12T16:00:00Z,78.36
United Kingdom,GBR,2024-03-12T17:00:00Z,2024-03-12T17:00:00Z,87.5
United Kingdom,GBR,2024-03-12T18:00:00Z,2024-03-12T18:00:00Z,99.86
United Kingdom,GBR,2024-03-12T19:00:00Z,2024-03-12T19:00:00Z,83.28
United Kingdom,GBR,2024-03-12T20:00:00Z,2024-03-12T20:00:00Z,75.44
United Kingdom,GBR,2024-03-12T21:00:00Z,2024-03-12T21:00:00Z,75.98
United Kingdom,GBR,2024-03-12T22:00:00Z,2024-03-12T22:00:00Z,63.69
United Kingdom,GBR,2024-03-12T23:00:00Z,2024-03-12T23:00:00Z,62.74
United Kingdom,GBR,2024-03-13T00:00:00Z,2024-03-13T00:00:00Z,58.59
United Kingdom,GBR,2024-03-13T01:00:00Z,2024-03-13T01:00:00Z,56.45
United Kingdom,GBR,2024-03-13T02:00:00Z,2024-03-13T02:00:00Z,55.85
United Kingdom,GBR,2024-03-13T03:00:00Z,2024-03-13T03:00:00Z,55.63
United Kingdom,GBR,2024-03-13T04:00:00Z,2024-03-13T04:00:00Z,57.14
United Kingdom,GBR,2024-03-13T05:00:00Z,2024-03-13T05:00:00Z,64.52
United Kingdom,GBR,2024-03-13T06:00:00Z,2024-03-13T06:00:00Z,78.19
United Kingdom,GBR,2024-03-13T07:00:00Z,2024-03-13T07:00:00Z,84.6
United Kingdom,GBR,2024-03-13T08:00:00Z,2024-03-13T08:00:00Z,79.7
United Kingdom,GBR,2024-03-13T09:00:00Z,2024-03-13T09:00:00Z,73.83
United Kingdom,GBR,2024-03-13T10:00:00Z,2024-03-13T10:00:00Z,67.07
United Kingdom,GBR,2024-03-13T11:00:00Z,2024-03-13T11:00:00Z,63.76
United Kingdom,GBR,2024-03-13T12:00:00Z,2024-03-13T12:00:00Z,61.54
United Kingdom,GBR,2024-03-13T13:00:00Z,2024-03-13T13:00:00Z,61.6
United Kingdom,GBR,2024-03-13T14:00:00Z,2024-03-13T14:00:00Z,63.35
United Kingdom,GBR,2024-03-13T15:00:00Z,2024-03-13T15:00:00Z,66.61
United Kingdom,GBR,2024-03-13T16:00:00Z,2024-03-13T16:00:00Z,72.44
United Kingdom,GBR,2024-03-13T17:00:00Z,2024-03-13T17:00:00Z,80.52
United Kingdom,GBR,2024-03-13T18:00:00Z,2024-03-13T18:00:00Z,93.98
United Kingdom,GBR,2024-03-13T19:00:00Z,2024-03-13T19:00:00Z,86.01
United Kingdom,GBR,2024-03-13T20:00:00Z,2024-03-13T20:00:00Z,75.32
United Kingdom,GBR,2024-03-13T21:00:00Z,2024-03-13T21:00:00Z,70.37
United Kingdom,GBR,2024-03-13T22:00:00Z,2024-03-13T22:00:00Z,64.53
United Kingdom,GBR,2024-03-13T23:00:00Z,2024-03-13T23:00:00Z,62.66
United Kingdom,GBR,2024-03-14T00:00:00Z,2024-03-14T00:00:00Z,58.89
United Kingdom,GBR,2024-03-14T01:00:00Z,2024-03-14T01:00:00Z,57.28
United Kingdom,GBR,2024-03-14T02:00:00Z,2024-03-14T02:00:00Z,55.89
United Kingdom,GBR,2024-03-14T03:00:00Z,2024-03-14T03:00:00Z,56.82
United Kingdom,GBR,2024-03-14T04:00:00Z,2024-03-14T04:00:00Z,61.31
United Kingdom,GBR,2024-03-14T05:00:00Z,2024-03-14T05:00:00Z,70.92
United Kingdom,GBR,2024-03-14T06:00:00Z,2024-03-14T06:00:00Z,81.33
United Kingdom,GBR,2024-03-14T07:00:00Z,2024-03-14T07:00:00Z,83.84
United Kingdom,GBR,2024-03-14T08:00:00Z,2024-03-14T08:00:00Z,79.39
United Kingdom,GBR,2024-03-14T09:00:00Z,2024-03-14T09:00:00Z,80.02
United Kingdom,GBR,2024-03-14T10:00:00Z,2024-03-14T10:00:00Z,72.9
United Kingdom,GBR,2024-03-14T11:00:00Z,2024-03-14T11:00:00Z,71.18
United Kingdom,GBR,2024-03-14T12:00:00Z,2024-03-14T12:00:00Z,71.83
United Kingdom,GBR,2024-03-14T13:00:00Z,2024-03-14T13:00:00Z,69.08
United Kingdom,GBR,2024-03-14T14:00:00Z,2024-03-14T14:00:00Z,67.45
United Kingdom,GBR,2024-03-14T15:00:00Z,2024-03-14T15:00:00Z,70.11
United Kingdom,GBR,2024-03-14T16:00:00Z,2024-03-14T16:00:00Z,76.46
United Kingdom,GBR,2024-03-14T17:00:00Z,2024-03-14T17:00:00Z,85.22
United Kingdom,GBR,2024-03-14T18:00:00Z,2024-03-14T18:00:00Z,85.63
United Kingdom,GBR,2024-03-14T19:00:00Z,2024-03-14T19:00:00Z,76.99
United Kingdom,GBR,2024-03-14T20:00:00Z,2024-03-14T20:00:00Z,68.2
United Kingdom,GBR,2024-03-14T21:00:00Z,2024-03-14T21:00:00Z,69.03
United Kingdom,GBR,2024-03-14T22:00:00Z,2024-03-14T22:00:00Z,58.23
United Kingdom,GBR,2024-03-14T23:00:00Z,2024-03-14T23:00:00Z,53.8
United Kingdom,GBR,2024-03-15T00:00:00Z,2024-03-15T00:00:00Z,51.93
United Kingdom,GBR,2024-03-15T01:00:00Z,2024-03-15T01:00:00Z,49.12
United Kingdom,GBR,2024-03-15T02:00:00Z,2024-03-15T02:00:00Z,46.77
United Kingdom,GBR,2024-03-15T03:00:00Z,2024-03-15T03:00:00Z,47.05
United Kingdom,GBR,2024-03-15T04:00:00Z,2024-03-15T04:00:00Z,45.73
United Kingdom,GBR,2024-03-15T05:00:00Z,2024-03-15T05:00:00Z,55.05
United Kingdom,GBR,2024-03-15T06:00:00Z,2024-03-15T06:00:00Z,69.66
United Kingdom,GBR,2024-03-15T07:00:00Z,2024-03-15T07:00:00Z,70.98
United Kingdom,GBR,2024-03-15T08:00:00Z,2024-03-15T08:00:00Z,78.44
United Kingdom,GBR,2024-03-15T09:00:00Z,2024-03-15T09:00:00Z,81.23
United Kingdom,GBR,2024-03-15T10:00:00Z,2024-03-15T10:00:00Z,74.09
United Kingdom,GBR,2024-03-15T11:00:00Z,2024-03-15T11:00:00Z,74.84
United Kingdom,GBR,2024-03-15T12:00:00Z,2024-03-15T12:00:00Z,72.15
United Kingdom,GBR,2024-03-15T13:00:00Z,2024-03-15T13:00:00Z,67.26
United Kingdom,GBR,2024-03-15T14:00:00Z,2024-03-15T14:00:00Z,65.37
United Kingdom,GBR,2024-03-15T15:00:00Z,2024-03-15T15:00:00Z,65.25
United Kingdom,GBR,2024-03-15T16:00:00Z,2024-03-15T16:00:00Z,71.12
United Kingdom,GBR,2024-03-15T17:00:00Z,2024-03-15T17:00:00Z,83.99
United Kingdom,GBR,2024-03-15T18:00:00Z,2024-03-15T18:00:00Z,96.34
United Kingdom,GBR,2024-03-15T19:00:00Z,2024-03-15T19:00:00Z,92.67
United Kingdom,GBR,2024-03-15T20:00:00Z,2024-03-15T20:00:00Z,78.89
United Kingdom,GBR,2024-03-15T21:00:00Z,2024-03-15T21:00:00Z,75.95
United Kingdom,GBR,2024-03-15T22:00:00Z,2024-03-15T22:00:00Z,68.87
United Kingdom,GBR,2024-03-15T23:00:00Z,2024-03-15T23:00:00Z,66.12
United Kingdom,GBR,2024-03-16T00:00:00Z,2024-03-16T00:00:00Z,69.63
United Kingdom,GBR,2024-03-16T01:00:00Z,2024-03-16T01:00:00Z,69.35
United Kingdom,GBR,2024-03-16T02:00:00Z,2024-03-16T02:00:00Z,69.06
United Kingdom,GBR,2024-03-16T03:00:00Z,2024-03-16T03:00:00Z,68.02
United Kingdom,GBR,2024-03-16T04:00:00Z,2024-03-16T04:00:00Z,68.56
United Kingdom,GBR,2024-03-16T05:00:00Z,2024-03-16T05:00:00Z,69.06
United Kingdom,GBR,2024-03-16T06:00:00Z,2024-03-16T06:00:00Z,78.66
United Kingdom,GBR,2024-03-16T07:00:00Z,2024-03-16T07:00:00Z,76.41
United Kingdom,GBR,2024-03-16T08:00:00Z,2024-03-16T08:00:00Z,90.19
United Kingdom,GBR,2024-03-16T09:00:00Z,2024-03-16T09:00:00Z,95.2
United Kingdom,GBR,2024-03-16T10:00:00Z,2024-03-16T10:00:00Z,91.04
United Kingdom,GBR,2024-03-16T11:00:00Z,2024-03-16T11:00:00Z,81.38
United Kingdom,GBR,2024-03-16T12:00:00Z,2024-03-16T12:00:00Z,76.61
United Kingdom,GBR,2024-03-16T13:00:00Z,2024-03-16T13:00:00Z,71.15
United Kingdom,GBR,2024-03-16T14:00:00Z,2024-03-16T14:00:00Z,67.12
United Kingdom,GBR,2024-03-16T15:00:00Z,2024-03-16T15:00:00Z,67.21
United Kingdom,GBR,2024-03-16T16:00:00Z,2024-03-16T16:00:00Z,73.26
United Kingdom,GBR,2024-03-16T17:00:00Z,2024-03-16T17:00:00Z,87.68
United Kingdom,GBR,2024-03-16T18:00:00Z,2024-03-16T18:00:00Z,91.32
United Kingdom,GBR,2024-03-16T19:00:00Z,2024-03-16T19:00:00Z,84.52
United Kingdom,GBR,2024-03-16T20:00:00Z,2024-03-16T20:00:00Z,73.31
United Kingdom,GBR,2024-03-16T21:00:00Z,2024-03-16T21:00:00Z,70.68
United Kingdom,GBR,2024-03-16T22:00:00Z,2024-03-16T22:00:00Z,61.67
United Kingdom,GBR,2024-03-16T23:00:00Z,2024-03-16T23:00:00Z,58.81
United Kingdom,GBR,2024-03-17T00:00:00Z,2024-03-17T00:00:00Z,59
United Kingdom,GBR,2024-03-17T01:00:00Z,2024-03-17T01:00:00Z,56.36
United Kingdom,GBR,2024-03-17T02:00:00Z,2024-03-17T02:00:00Z,56.01
United Kingdom,GBR,2024-03-17T03:00:00Z,2024-03-17T03:00:00Z,55.11
United Kingdom,GBR,2024-03-17T04:00:00Z,2024-03-17T04:00:00Z,55.3
United Kingdom,GBR,2024-03-17T05:00:00Z,2024-03-17T05:00:00Z,57.22
United Kingdom,GBR,2024-03-17T06:00:00Z,2024-03-17T06:00:00Z,62.03
United Kingdom,GBR,2024-03-17T07:00:00Z,2024-03-17T07:00:00Z,57.34
United Kingdom,GBR,2024-03-17T08:00:00Z,2024-03-17T08:00:00Z,75.86
United Kingdom,GBR,2024-03-17T09:00:00Z,2024-03-17T09:00:00Z,82.29
United Kingdom,GBR,2024-03-17T10:00:00Z,2024-03-17T10:00:00Z,80.79
United Kingdom,GBR,2024-03-17T11:00:00Z,2024-03-17T11:00:00Z,77.44
United Kingdom,GBR,2024-03-17T12:00:00Z,2024-03-17T12:00:00Z,74.72
United Kingdom,GBR,2024-03-17T13:00:00Z,2024-03-17T13:00:00Z,72.32
United Kingdom,GBR,2024-03-17T14:00:00Z,2024-03-17T14:00:00Z,69.58
United Kingdom,GBR,2024-03-17T15:00:00Z,2024-03-17T15:00:00Z,72.74
United Kingdom,GBR,2024-03-17T16:00:00Z,2024-03-17T16:00:00Z,82.5
United Kingdom,GBR,2024-03-17T17:00:00Z,2024-03-17T17:00:00Z,96.09
United Kingdom,GBR,2024-03-17T18:00:00Z,2024-03-17T18:00:00Z,101.36
United Kingdom,GBR,2024-03-17T19:00:00Z,2024-03-17T19:00:00Z,94.93
United Kingdom,GBR,2024-03-17T20:00:00Z,2024-03-17T20:00:00Z,81.92
United Kingdom,GBR,2024-03-17T21:00:00Z,2024-03-17T21:00:00Z,75.53
United Kingdom,GBR,2024-03-17T22:00:00Z,2024-03-17T22:00:00Z,66.27
United Kingdom,GBR,2024-03-17T23:00:00Z,2024-03-17T23:00:00Z,67.52
United Kingdom,GBR,2024-03-18T00:00:00Z,2024-03-18T00:00:00Z,65.59
United Kingdom,GBR,2024-03-18T01:00:00Z,2024-03-18T01:00:00Z,67.84
United Kingdom,GBR,2024-03-18T02:00:00Z,2024-03-18T02:00:00Z,65.95
United Kingdom,GBR,2024-03-18T03:00:00Z,2024-03-18T03:00:00Z,66.68
United Kingdom,GBR,2024-03-18T04:00:00Z,2024-03-18T04:00:00Z,72.42
United Kingdom,GBR,2024-03-18T05:00:00Z,2024-03-18T05:00:00Z,79.71
United Kingdom,GBR,2024-03-18T06:00:00Z,2024-03-18T06:00:00Z,92.07
United Kingdom,GBR,2024-03-18T07:00:00Z,2024-03-18T07:00:00Z,96.66
United Kingdom,GBR,2024-03-18T08:00:00Z,2024-03-18T08:00:00Z,101.01
United Kingdom,GBR,2024-03-18T09:00:00Z,2024-03-18T09:00:00Z,96.57
United Kingdom,GBR,2024-03-18T10:00:00Z,2024-03-18T10:00:00Z,82.89
United Kingdom,GBR,2024-03-18T11:00:00Z,2024-03-18T11:00:00Z,77.26
United Kingdom,GBR,2024-03-18T12:00:00Z,2024-03-18T12:00:00Z,67.64
United Kingdom,GBR,2024-03-18T13:00:00Z,2024-03-18T13:00:00Z,65.81
United Kingdom,GBR,2024-03-18T14:00:00Z,2024-03-18T14:00:00Z,65.71
United Kingdom,GBR,2024-03-18T15:00:00Z,2024-03-18T15:00:00Z,74.73
United Kingdom,GBR,2024-03-18T16:00:00Z,2024-03-18T16:00:00Z,85.61
United Kingdom,GBR,2024-03-18T17:00:00Z,2024-03-18T17:00:00Z,96.96
United Kingdom,GBR,2024-03-18T18:00:00Z,2024-03-18T18:00:00Z,99.93
United Kingdom,GBR,2024-03-18T19:00:00Z,2024-03-18T19:00:00Z,93.13
United Kingdom,GBR,2024-03-18T20:00:00Z,2024-03-18T20:00:00Z,79.72
United Kingdom,GBR,2024-03-18T21:00:00Z,2024-03-18T21:00:00Z,76.69
United Kingdom,GBR,2024-03-18T22:00:00Z,2024-03-18T22:00:00Z,63.84
United Kingdom,GBR,2024-03-18T23:00:00Z,2024-03-18T23:00:00Z,62.26
United Kingdom,GBR,2024-03-19T00:00:00Z,2024-03-19T00:00:00Z,56.64
United Kingdom,GBR,2024-03-19T01:00:00Z,2024-03-19T01:00:00Z,56.52
United Kingdom,GBR,2024-03-19T02:00:00Z,2024-03-19T02:00:00Z,52.81
United Kingdom,GBR,2024-03-19T03:00:00Z,2024-03-19T03:00:00Z,53.36
United Kingdom,GBR,2024-03-19T04:00:00Z,2024-03-19T04:00:00Z,54.7
United Kingdom,GBR,2024-03-19T05:00:00Z,2024-03-19T05:00:00Z,69.13
United Kingdom,GBR,2024-03-19T06:00:00Z,2024-03-19T06:00:00Z,86.93
United Kingdom,GBR,2024-03-19T07:00:00Z,2024-03-19T07:00:00Z,93.43
United Kingdom,GBR,2024-03-19T08:00:00Z,2024-03-19T08:00:00Z,81.65
United Kingdom,GBR,2024-03-19T09:00:00Z,2024-03-19T09:00:00Z,80.69
United Kingdom,GBR,2024-03-19T10:00:00Z,2024-03-19T10:00:00Z,75.74
United Kingdom,GBR,2024-03-19T11:00:00Z,2024-03-19T11:00:00Z,73.57
United Kingdom,GBR,2024-03-19T12:00:00Z,2024-03-19T12:00:00Z,79.19
United Kingdom,GBR,2024-03-19T13:00:00Z,2024-03-19T13:00:00Z,86.06
United Kingdom,GBR,2024-03-19T14:00:00Z,2024-03-19T14:00:00Z,82.89
United Kingdom,GBR,2024-03-19T15:00:00Z,2024-03-19T15:00:00Z,82.02
United Kingdom,GBR,2024-03-19T16:00:00Z,2024-03-19T16:00:00Z,86.73
United Kingdom,GBR,2024-03-19T17:00:00Z,2024-03-19T17:00:00Z,105.24
United Kingdom,GBR,2024-03-19T18:00:00Z,2024-03-19T18:00:00Z,129.19
United Kingdom,GBR,2024-03-19T19:00:00Z,2024-03-19T19:00:00Z,113.31
United Kingdom,GBR,2024-03-19T20:00:00Z,2024-03-19T20:00:00Z,94.14
United Kingdom,GBR,2024-03-19T21:00:00Z,2024-03-19T21:00:00Z,86.91
United Kingdom,GBR,2024-03-19T22:00:00Z,2024-03-19T22:00:00Z,83.58
United Kingdom,GBR,2024-03-19T23:00:00Z,2024-03-19T23:00:00Z,78.49
United Kingdom,GBR,2024-03-20T00:00:00Z,2024-03-20T00:00:00Z,81.87
United Kingdom,GBR,2024-03-20T01:00:00Z,2024-03-20T01:00:00Z,80.52
United Kingdom,GBR,2024-03-20T02:00:00Z,2024-03-20T02:00:00Z,77.16
United Kingdom,GBR,2024-03-20T03:00:00Z,2024-03-20T03:00:00Z,74.78
United Kingdom,GBR,2024-03-20T04:00:00Z,2024-03-20T04:00:00Z,76.81
United Kingdom,GBR,2024-03-20T05:00:00Z,2024-03-20T05:00:00Z,84.93
United Kingdom,GBR,2024-03-20T06:00:00Z,2024-03-20T06:00:00Z,95.01
United Kingdom,GBR,2024-03-20T07:00:00Z,2024-03-20T07:00:00Z,99.02
United Kingdom,GBR,2024-03-20T08:00:00Z,2024-03-20T08:00:00Z,96.35
United Kingdom,GBR,2024-03-20T09:00:00Z,2024-03-20T09:00:00Z,98.57
United Kingdom,GBR,2024-03-20T10:00:00Z,2024-03-20T10:00:00Z,89.52
United Kingdom,GBR,2024-03-20T11:00:00Z,2024-03-20T11:00:00Z,84.38
United Kingdom,GBR,2024-03-20T12:00:00Z,2024-03-20T12:00:00Z,81.69
United Kingdom,GBR,2024-03-20T13:00:00Z,2024-03-20T13:00:00Z,78.17
United Kingdom,GBR,2024-03-20T14:00:00Z,2024-03-20T14:00:00Z,79.07
United Kingdom,GBR,2024-03-20T15:00:00Z,2024-03-20T15:00:00Z,84.89
United Kingdom,GBR,2024-03-20T16:00:00Z,2024-03-20T16:00:00Z,93.26
United Kingdom,GBR,2024-03-20T17:00:00Z,2024-03-20T17:00:00Z,115.86
United Kingdom,GBR,2024-03-20T18:00:00Z,2024-03-20T18:00:00Z,131.35
United Kingdom,GBR,2024-03-20T19:00:00Z,2024-03-20T19:00:00Z,110.47
United Kingdom,GBR,2024-03-20T20:00:00Z,2024-03-20T20:00:00Z,92.15
United Kingdom,GBR,2024-03-20T21:00:00Z,2024-03-20T21:00:00Z,88.55
United Kingdom,GBR,2024-03-20T22:00:00Z,2024-03-20T22:00:00Z,76.29
United Kingdom,GBR,2024-03-20T23:00:00Z,2024-03-20T23:00:00Z,85.11
United Kingdom,GBR,2024-03-21T00:00:00Z,2024-03-21T00:00:00Z,85.7
United Kingdom,GBR,2024-03-21T01:00:00Z,2024-03-21T01:00:00Z,84.55
United Kingdom,GBR,2024-03-21T02:00:00Z,2024-03-21T02:00:00Z,72.56
United Kingdom,GBR,2024-03-21T03:00:00Z,2024-03-21T03:00:00Z,68.39
United Kingdom,GBR,2024-03-21T04:00:00Z,2024-03-21T04:00:00Z,66.69
United Kingdom,GBR,2024-03-21T05:00:00Z,2024-03-21T05:00:00Z,76.66
United Kingdom,GBR,2024-03-21T06:00:00Z,2024-03-21T06:00:00Z,92.04
United Kingdom,GBR,2024-03-21T07:00:00Z,2024-03-21T07:00:00Z,98.35
United Kingdom,GBR,2024-03-21T08:00:00Z,2024-03-21T08:00:00Z,87.16
United Kingdom,GBR,2024-03-21T09:00:00Z,2024-03-21T09:00:00Z,80.65
United Kingdom,GBR,2024-03-21T10:00:00Z,2024-03-21T10:00:00Z,81.44
United Kingdom,GBR,2024-03-21T11:00:00Z,2024-03-21T11:00:00Z,74.21
United Kingdom,GBR,2024-03-21T12:00:00Z,2024-03-21T12:00:00Z,67.36
United Kingdom,GBR,2024-03-21T13:00:00Z,2024-03-21T13:00:00Z,63.93
United Kingdom,GBR,2024-03-21T14:00:00Z,2024-03-21T14:00:00Z,66.73
United Kingdom,GBR,2024-03-21T15:00:00Z,2024-03-21T15:00:00Z,68.32
United Kingdom,GBR,2024-03-21T16:00:00Z,2024-03-21T16:00:00Z,75.8
United Kingdom,GBR,2024-03-21T17:00:00Z,2024-03-21T17:00:00Z,86.83
United Kingdom,GBR,2024-03-21T18:00:00Z,2024-03-21T18:00:00Z,111.22
United Kingdom,GBR,2024-03-21T19:00:00Z,2024-03-21T19:00:00Z,97.93
United Kingdom,GBR,2024-03-21T20:00:00Z,2024-03-21T20:00:00Z,76.2
United Kingdom,GBR,2024-03-21T21:00:00Z,2024-03-21T21:00:00Z,72.58
United Kingdom,GBR,2024-03-21T22:00:00Z,2024-03-21T22:00:00Z,60.5
United Kingdom,GBR,2024-03-21T23:00:00Z,2024-03-21T23:00:00Z,50.94
United Kingdom,GBR,2024-03-22T00:00:00Z,2024-03-22T00:00:00Z,47.73
United Kingdom,GBR,2024-03-22T01:00:00Z,2024-03-22T01:00:00Z,44.81
United Kingdom,GBR,2024-03-22T02:00:00Z,2024-03-22T02:00:00Z,39.8
United Kingdom,GBR,2024-03-22T03:00:00Z,2024-03-22T03:00:00Z,35.52
United Kingdom,GBR,2024-03-22T04:00:00Z,2024-03-22T04:00:00Z,35.47
United Kingdom,GBR,2024-03-22T05:00:00Z,2024-03-22T05:00:00Z,51.96
United Kingdom,GBR,2024-03-22T06:00:00Z,2024-03-22T06:00:00Z,64.89
United Kingdom,GBR,2024-03-22T07:00:00Z,2024-03-22T07:00:00Z,76.17
United Kingdom,GBR,2024-03-22T08:00:00Z,2024-03-22T08:00:00Z,78.08
United Kingdom,GBR,2024-03-22T09:00:00Z,2024-03-22T09:00:00Z,77.76
United Kingdom,GBR,2024-03-22T10:00:00Z,2024-03-22T10:00:00Z,68.98
United Kingdom,GBR,2024-03-22T11:00:00Z,2024-03-22T11:00:00Z,60.81
United Kingdom,GBR,2024-03-22T12:00:00Z,2024-03-22T12:00:00Z,62.33
United Kingdom,GBR,2024-03-22T13:00:00Z,2024-03-22T13:00:00Z,54.9
United Kingdom,GBR,2024-03-22T14:00:00Z,2024-03-22T14:00:00Z,58.24
United Kingdom,GBR,2024-03-22T15:00:00Z,2024-03-22T15:00:00Z,58.75
United Kingdom,GBR,2024-03-22T16:00:00Z,2024-03-22T16:00:00Z,69.94
United Kingdom,GBR,2024-03-22T17:00:00Z,2024-03-22T17:00:00Z,85
United Kingdom,GBR,2024-03-22T18:00:00Z,2024-03-22T18:00:00Z,101.18
United Kingdom,GBR,2024-03-22T19:00:00Z,2024-03-22T19:00:00Z,90.4
United Kingdom,GBR,2024-03-22T20:00:00Z,2024-03-22T20:00:00Z,71.63
United Kingdom,GBR,2024-03-22T21:00:00Z,2024-03-22T21:00:00Z,63.67
United Kingdom,GBR,2024-03-22T22:00:00Z,2024-03-22T22:00:00Z,45.26
United Kingdom,GBR,2024-03-22T23:00:00Z,2024-03-22T23:00:00Z,17.38
United Kingdom,GBR,2024-03-23T00:00:00Z,2024-03-23T00:00:00Z,12.52
United Kingdom,GBR,2024-03-23T01:00:00Z,2024-03-23T01:00:00Z,8.58
United Kingdom,GBR,2024-03-23T02:00:00Z,2024-03-23T02:00:00Z,2.39
United Kingdom,GBR,2024-03-23T03:00:00Z,2024-03-23T03:00:00Z,-0.01
United Kingdom,GBR,2024-03-23T04:00:00Z,2024-03-23T04:00:00Z,0.43
United Kingdom,GBR,2024-03-23T05:00:00Z,2024-03-23T05:00:00Z,0.26
United Kingdom,GBR,2024-03-23T06:00:00Z,2024-03-23T06:00:00Z,6.32
United Kingdom,GBR,2024-03-23T07:00:00Z,2024-03-23T07:00:00Z,9.38
United Kingdom,GBR,2024-03-23T08:00:00Z,2024-03-23T08:00:00Z,0.05
United Kingdom,GBR,2024-03-23T09:00:00Z,2024-03-23T09:00:00Z,-2.2
United Kingdom,GBR,2024-03-23T10:00:00Z,2024-03-23T10:00:00Z,-2.93
United Kingdom,GBR,2024-03-23T11:00:00Z,2024-03-23T11:00:00Z,-4.65
United Kingdom,GBR,2024-03-23T12:00:00Z,2024-03-23T12:00:00Z,-5.57
United Kingdom,GBR,2024-03-23T13:00:00Z,2024-03-23T13:00:00Z,-9.44
United Kingdom,GBR,2024-03-23T14:00:00Z,2024-03-23T14:00:00Z,-9.31
United Kingdom,GBR,2024-03-23T15:00:00Z,2024-03-23T15:00:00Z,-3.39
United Kingdom,GBR,2024-03-23T16:00:00Z,2024-03-23T16:00:00Z,11.95
United Kingdom,GBR,2024-03-23T17:00:00Z,2024-03-23T17:00:00Z,52.46
United Kingdom,GBR,2024-03-23T18:00:00Z,2024-03-23T18:00:00Z,73.73
United Kingdom,GBR,2024-03-23T19:00:00Z,2024-03-23T19:00:00Z,63.58
United Kingdom,GBR,2024-03-23T20:00:00Z,2024-03-23T20:00:00Z,42.83
United Kingdom,GBR,2024-03-23T21:00:00Z,2024-03-23T21:00:00Z,24.61
United Kingdom,GBR,2024-03-23T22:00:00Z,2024-03-23T22:00:00Z,17.23
United Kingdom,GBR,2024-03-23T23:00:00Z,2024-03-23T23:00:00Z,6.41
United Kingdom,GBR,2024-03-24T00:00:00Z,2024-03-24T00:00:00Z,1.97
United Kingdom,GBR,2024-03-24T01:00:00Z,2024-03-24T01:00:00Z,0
United Kingdom,GBR,2024-03-24T02:00:00Z,2024-03-24T02:00:00Z,-0.15
United Kingdom,GBR,2024-03-24T03:00:00Z,2024-03-24T03:00:00Z,-0.15
United Kingdom,GBR,2024-03-24T04:00:00Z,2024-03-24T04:00:00Z,-0.77
United Kingdom,GBR,2024-03-24T05:00:00Z,2024-03-24T05:00:00Z,-0.17
United Kingdom,GBR,2024-03-24T06:00:00Z,2024-03-24T06:00:00Z,0.06
United Kingdom,GBR,2024-03-24T07:00:00Z,2024-03-24T07:00:00Z,0.49
United Kingdom,GBR,2024-03-24T08:00:00Z,2024-03-24T08:00:00Z,1.66
United Kingdom,GBR,2024-03-24T09:00:00Z,2024-03-24T09:00:00Z,8.39
United Kingdom,GBR,2024-03-24T10:00:00Z,2024-03-24T10:00:00Z,18.22
United Kingdom,GBR,2024-03-24T11:00:00Z,2024-03-24T11:00:00Z,43.25
United Kingdom,GBR,2024-03-24T12:00:00Z,2024-03-24T12:00:00Z,68.97
United Kingdom,GBR,2024-03-24T13:00:00Z,2024-03-24T13:00:00Z,75.68
United Kingdom,GBR,2024-03-24T14:00:00Z,2024-03-24T14:00:00Z,83.63
United Kingdom,GBR,2024-03-24T15:00:00Z,2024-03-24T15:00:00Z,70.34
United Kingdom,GBR,2024-03-24T16:00:00Z,2024-03-24T16:00:00Z,81.54
United Kingdom,GBR,2024-03-24T17:00:00Z,2024-03-24T17:00:00Z,83.27
United Kingdom,GBR,2024-03-24T18:00:00Z,2024-03-24T18:00:00Z,105.87
United Kingdom,GBR,2024-03-24T19:00:00Z,2024-03-24T19:00:00Z,108.35
United Kingdom,GBR,2024-03-24T20:00:00Z,2024-03-24T20:00:00Z,97.43
United Kingdom,GBR,2024-03-24T21:00:00Z,2024-03-24T21:00:00Z,82.98
United Kingdom,GBR,2024-03-24T22:00:00Z,2024-03-24T22:00:00Z,81.38
United Kingdom,GBR,2024-03-24T23:00:00Z,2024-03-24T23:00:00Z,78
United Kingdom,GBR,2024-03-25T00:00:00Z,2024-03-25T00:00:00Z,88.75
United Kingdom,GBR,2024-03-25T01:00:00Z,2024-03-25T01:00:00Z,76.74
United Kingdom,GBR,2024-03-25T02:00:00Z,2024-03-25T02:00:00Z,71.71
United Kingdom,GBR,2024-03-25T03:00:00Z,2024-03-25T03:00:00Z,67.15
United Kingdom,GBR,2024-03-25T04:00:00Z,2024-03-25T04:00:00Z,68.3
United Kingdom,GBR,2024-03-25T05:00:00Z,2024-03-25T05:00:00Z,79.36
United Kingdom,GBR,2024-03-25T06:00:00Z,2024-03-25T06:00:00Z,90.01
United Kingdom,GBR,2024-03-25T07:00:00Z,2024-03-25T07:00:00Z,93.76
United Kingdom,GBR,2024-03-25T08:00:00Z,2024-03-25T08:00:00Z,97.91
United Kingdom,GBR,2024-03-25T09:00:00Z,2024-03-25T09:00:00Z,95.46
United Kingdom,GBR,2024-03-25T10:00:00Z,2024-03-25T10:00:00Z,84.47
United Kingdom,GBR,2024-03-25T11:00:00Z,2024-03-25T11:00:00Z,79.14
United Kingdom,GBR,2024-03-25T12:00:00Z,2024-03-25T12:00:00Z,79.13
United Kingdom,GBR,2024-03-25T13:00:00Z,2024-03-25T13:00:00Z,74.26
United Kingdom,GBR,2024-03-25T14:00:00Z,2024-03-25T14:00:00Z,72.49
United Kingdom,GBR,2024-03-25T15:00:00Z,2024-03-25T15:00:00Z,76.57
United Kingdom,GBR,2024-03-25T16:00:00Z,2024-03-25T16:00:00Z,85.58
United Kingdom,GBR,2024-03-25T17:00:00Z,2024-03-25T17:00:00Z,103.44
United Kingdom,GBR,2024-03-25T18:00:00Z,2024-03-25T18:00:00Z,114.04
United Kingdom,GBR,2024-03-25T19:00:00Z,2024-03-25T19:00:00Z,98.08
United Kingdom,GBR,2024-03-25T20:00:00Z,2024-03-25T20:00:00Z,77.79
United Kingdom,GBR,2024-03-25T21:00:00Z,2024-03-25T21:00:00Z,77.38
United Kingdom,GBR,2024-03-25T22:00:00Z,2024-03-25T22:00:00Z,69.43
United Kingdom,GBR,2024-03-25T23:00:00Z,2024-03-25T23:00:00Z,76.85
United Kingdom,GBR,2024-03-26T00:00:00Z,2024-03-26T00:00:00Z,74.38
United Kingdom,GBR,2024-03-26T01:00:00Z,2024-03-26T01:00:00Z,72.03
United Kingdom,GBR,2024-03-26T02:00:00Z,2024-03-26T02:00:00Z,67.9
United Kingdom,GBR,2024-03-26T03:00:00Z,2024-03-26T03:00:00Z,66.89
United Kingdom,GBR,2024-03-26T04:00:00Z,2024-03-26T04:00:00Z,69.38
United Kingdom,GBR,2024-03-26T05:00:00Z,2024-03-26T05:00:00Z,81.65
United Kingdom,GBR,2024-03-26T06:00:00Z,2024-03-26T06:00:00Z,86.8
United Kingdom,GBR,2024-03-26T07:00:00Z,2024-03-26T07:00:00Z,84.95
United Kingdom,GBR,2024-03-26T08:00:00Z,2024-03-26T08:00:00Z,93.65
United Kingdom,GBR,2024-03-26T09:00:00Z,2024-03-26T09:00:00Z,94.18
United Kingdom,GBR,2024-03-26T10:00:00Z,2024-03-26T10:00:00Z,92.78
United Kingdom,GBR,2024-03-26T11:00:00Z,2024-03-26T11:00:00Z,89.92
United Kingdom,GBR,2024-03-26T12:00:00Z,2024-03-26T12:00:00Z,88.18
United Kingdom,GBR,2024-03-26T13:00:00Z,2024-03-26T13:00:00Z,83.36
United Kingdom,GBR,2024-03-26T14:00:00Z,2024-03-26T14:00:00Z,78.76
United Kingdom,GBR,2024-03-26T15:00:00Z,2024-03-26T15:00:00Z,80.94
United Kingdom,GBR,2024-03-26T16:00:00Z,2024-03-26T16:00:00Z,85.66
United Kingdom,GBR,2024-03-26T17:00:00Z,2024-03-26T17:00:00Z,103.15
United Kingdom,GBR,2024-03-26T18:00:00Z,2024-03-26T18:00:00Z,108.53
United Kingdom,GBR,2024-03-26T19:00:00Z,2024-03-26T19:00:00Z,90.75
United Kingdom,GBR,2024-03-26T20:00:00Z,2024-03-26T20:00:00Z,81.18
United Kingdom,GBR,2024-03-26T21:00:00Z,2024-03-26T21:00:00Z,80.96
United Kingdom,GBR,2024-03-26T22:00:00Z,2024-03-26T22:00:00Z,71.19
United Kingdom,GBR,2024-03-26T23:00:00Z,2024-03-26T23:00:00Z,59.83
United Kingdom,GBR,2024-03-27T00:00:00Z,2024-03-27T00:00:00Z,55.4
United Kingdom,GBR,2024-03-27T01:00:00Z,2024-03-27T01:00:00Z,54.61
United Kingdom,GBR,2024-03-27T02:00:00Z,2024-03-27T02:00:00Z,52.61
United Kingdom,GBR,2024-03-27T03:00:00Z,2024-03-27T03:00:00Z,50.8
United Kingdom,GBR,2024-03-27T04:00:00Z,2024-03-27T04:00:00Z,52.12
United Kingdom,GBR,2024-03-27T05:00:00Z,2024-03-27T05:00:00Z,61.42
United Kingdom,GBR,2024-03-27T06:00:00Z,2024-03-27T06:00:00Z,75.6
United Kingdom,GBR,2024-03-27T07:00:00Z,2024-03-27T07:00:00Z,80.38
United Kingdom,GBR,2024-03-27T08:00:00Z,2024-03-27T08:00:00Z,80.68
United Kingdom,GBR,2024-03-27T09:00:00Z,2024-03-27T09:00:00Z,79.88
United Kingdom,GBR,2024-03-27T10:00:00Z,2024-03-27T10:00:00Z,71.42
United Kingdom,GBR,2024-03-27T11:00:00Z,2024-03-27T11:00:00Z,68.72
United Kingdom,GBR,2024-03-27T12:00:00Z,2024-03-27T12:00:00Z,72.49
United Kingdom,GBR,2024-03-27T13:00:00Z,2024-03-27T13:00:00Z,67.48
United Kingdom,GBR,2024-03-27T14:00:00Z,2024-03-27T14:00:00Z,69.43
United Kingdom,GBR,2024-03-27T15:00:00Z,2024-03-27T15:00:00Z,71.06
United Kingdom,GBR,2024-03-27T16:00:00Z,2024-03-27T16:00:00Z,81.83
United Kingdom,GBR,2024-03-27T17:00:00Z,2024-03-27T17:00:00Z,98.28
United Kingdom,GBR,2024-03-27T18:00:00Z,2024-03-27T18:00:00Z,108.62
United Kingdom,GBR,2024-03-27T19:00:00Z,2024-03-27T19:00:00Z,90.59
United Kingdom,GBR,2024-03-27T20:00:00Z,2024-03-27T20:00:00Z,81.48
United Kingdom,GBR,2024-03-27T21:00:00Z,2024-03-27T21:00:00Z,79.13
United Kingdom,GBR,2024-03-27T22:00:00Z,2024-03-27T22:00:00Z,75.44
United Kingdom,GBR,2024-03-27T23:00:00Z,2024-03-27T23:00:00Z,67.24
United Kingdom,GBR,2024-03-28T00:00:00Z,2024-03-28T00:00:00Z,68.42
United Kingdom,GBR,2024-03-28T01:00:00Z,2024-03-28T01:00:00Z,61.74
United Kingdom,GBR,2024-03-28T02:00:00Z,2024-03-28T02:00:00Z,57.82
United Kingdom,GBR,2024-03-28T03:00:00Z,2024-03-28T03:00:00Z,54.29
United Kingdom,GBR,2024-03-28T04:00:00Z,2024-03-28T04:00:00Z,53.27
United Kingdom,GBR,2024-03-28T05:00:00Z,2024-03-28T05:00:00Z,60.48
United Kingdom,GBR,2024-03-28T06:00:00Z,2024-03-28T06:00:00Z,71.26
United Kingdom,GBR,2024-03-28T07:00:00Z,2024-03-28T07:00:00Z,77.62
United Kingdom,GBR,2024-03-28T08:00:00Z,2024-03-28T08:00:00Z,86.29
United Kingdom,GBR,2024-03-28T09:00:00Z,2024-03-28T09:00:00Z,82.42
United Kingdom,GBR,2024-03-28T10:00:00Z,2024-03-28T10:00:00Z,75.68
United Kingdom,GBR,2024-03-28T11:00:00Z,2024-03-28T11:00:00Z,74.47
United Kingdom,GBR,2024-03-28T12:00:00Z,2024-03-28T12:00:00Z,70.49
United Kingdom,GBR,2024-03-28T13:00:00Z,2024-03-28T13:00:00Z,64.03
United Kingdom,GBR,2024-03-28T14:00:00Z,2024-03-28T14:00:00Z,56.63
United Kingdom,GBR,2024-03-28T15:00:00Z,2024-03-28T15:00:00Z,64.8
United Kingdom,GBR,2024-03-28T16:00:00Z,2024-03-28T16:00:00Z,71.43
United Kingdom,GBR,2024-03-28T17:00:00Z,2024-03-28T17:00:00Z,84.51
United Kingdom,GBR,2024-03-28T18:00:00Z,2024-03-28T18:00:00Z,99.75
United Kingdom,GBR,2024-03-28T19:00:00Z,2024-03-28T19:00:00Z,99.05
United Kingdom,GBR,2024-03-28T20:00:00Z,2024-03-28T20:00:00Z,85
United Kingdom,GBR,2024-03-28T21:00:00Z,2024-03-28T21:00:00Z,67.47
United Kingdom,GBR,2024-03-28T22:00:00Z,2024-03-28T22:00:00Z,53.16
United Kingdom,GBR,2024-03-28T23:00:00Z,2024-03-28T23:00:00Z,44.48
United Kingdom,GBR,2024-03-29T00:00:00Z,2024-03-29T00:00:00Z,51.67
United Kingdom,GBR,2024-03-29T01:00:00Z,2024-03-29T01:00:00Z,51.69
United Kingdom,GBR,2024-03-29T02:00:00Z,2024-03-29T02:00:00Z,49.69
United Kingdom,GBR,2024-03-29T03:00:00Z,2024-03-29T03:00:00Z,50.79
United Kingdom,GBR,2024-03-29T04:00:00Z,2024-03-29T04:00:00Z,53.35
United Kingdom,GBR,2024-03-29T05:00:00Z,2024-03-29T05:00:00Z,58.54
United Kingdom,GBR,2024-03-29T06:00:00Z,2024-03-29T06:00:00Z,70.95
United Kingdom,GBR,2024-03-29T07:00:00Z,2024-03-29T07:00:00Z,87.76
United Kingdom,GBR,2024-03-29T08:00:00Z,2024-03-29T08:00:00Z,94.35
United Kingdom,GBR,2024-03-29T09:00:00Z,2024-03-29T09:00:00Z,98.57
United Kingdom,GBR,2024-03-29T10:00:00Z,2024-03-29T10:00:00Z,85.78
United Kingdom,GBR,2024-03-29T11:00:00Z,2024-03-29T11:00:00Z,72.31
United Kingdom,GBR,2024-03-29T12:00:00Z,2024-03-29T12:00:00Z,67.07
United Kingdom,GBR,2024-03-29T13:00:00Z,2024-03-29T13:00:00Z,49.32
United Kingdom,GBR,2024-03-29T14:00:00Z,2024-03-29T14:00:00Z,42.77
United Kingdom,GBR,2024-03-29T15:00:00Z,2024-03-29T15:00:00Z,56.55
United Kingdom,GBR,2024-03-29T16:00:00Z,2024-03-29T16:00:00Z,72.66
United Kingdom,GBR,2024-03-29T17:00:00Z,2024-03-29T17:00:00Z,87.95
United Kingdom,GBR,2024-03-29T18:00:00Z,2024-03-29T18:00:00Z,100.58
United Kingdom,GBR,2024-03-29T19:00:00Z,2024-03-29T19:00:00Z,100.74
United Kingdom,GBR,2024-03-29T20:00:00Z,2024-03-29T20:00:00Z,89.74
United Kingdom,GBR,2024-03-29T21:00:00Z,2024-03-29T21:00:00Z,70.46
United Kingdom,GBR,2024-03-29T22:00:00Z,2024-03-29T22:00:00Z,69.29
United Kingdom,GBR,2024-03-29T23:00:00Z,2024-03-29T23:00:00Z,69.73
United Kingdom,GBR,2024-03-30T00:00:00Z,2024-03-30T00:00:00Z,66.14
United Kingdom,GBR,2024-03-30T01:00:00Z,2024-03-30T01:00:00Z,65.81
United Kingdom,GBR,2024-03-30T02:00:00Z,2024-03-30T02:00:00Z,62
United Kingdom,GBR,2024-03-30T03:00:00Z,2024-03-30T03:00:00Z,65.28
United Kingdom,GBR,2024-03-30T04:00:00Z,2024-03-30T04:00:00Z,65.31
United Kingdom,GBR,2024-03-30T05:00:00Z,2024-03-30T05:00:00Z,68.46
United Kingdom,GBR,2024-03-30T06:00:00Z,2024-03-30T06:00:00Z,76.93
United Kingdom,GBR,2024-03-30T07:00:00Z,2024-03-30T07:00:00Z,76.8
United Kingdom,GBR,2024-03-30T08:00:00Z,2024-03-30T08:00:00Z,82.2
United Kingdom,GBR,2024-03-30T09:00:00Z,2024-03-30T09:00:00Z,88.88
United Kingdom,GBR,2024-03-30T10:00:00Z,2024-03-30T10:00:00Z,85.19
United Kingdom,GBR,2024-03-30T11:00:00Z,2024-03-30T11:00:00Z,77.37
United Kingdom,GBR,2024-03-30T12:00:00Z,2024-03-30T12:00:00Z,79.83
United Kingdom,GBR,2024-03-30T13:00:00Z,2024-03-30T13:00:00Z,70.13
United Kingdom,GBR,2024-03-30T14:00:00Z,2024-03-30T14:00:00Z,69.01
United Kingdom,GBR,2024-03-30T15:00:00Z,2024-03-30T15:00:00Z,74.46
United Kingdom,GBR,2024-03-30T16:00:00Z,2024-03-30T16:00:00Z,79.83
United Kingdom,GBR,2024-03-30T17:00:00Z,2024-03-30T17:00:00Z,98.62
United Kingdom,GBR,2024-03-30T18:00:00Z,2024-03-30T18:00:00Z,111.23
United Kingdom,GBR,2024-03-30T19:00:00Z,2024-03-30T19:00:00Z,109.79
United Kingdom,GBR,2024-03-30T20:00:00Z,2024-03-30T20:00:00Z,101.56
United Kingdom,GBR,2024-03-30T21:00:00Z,2024-03-30T21:00:00Z,81.62
United Kingdom,GBR,2024-03-30T22:00:00Z,2024-03-30T22:00:00Z,82.32
United Kingdom,GBR,2024-03-30T23:00:00Z,2024-03-30T23:00:00Z,91.21
United Kingdom,GBR,2024-03-31T00:00:00Z,2024-03-31T00:00:00Z,91.86
United Kingdom,GBR,2024-03-31T01:00:00Z,2024-03-31T02:00:00Z,80.19
United Kingdom,GBR,2024-03-31T02:00:00Z,2024-03-31T03:00:00Z,81.52
United Kingdom,GBR,2024-03-31T03:00:00Z,2024-03-31T04:00:00Z,76.95
United Kingdom,GBR,2024-03-31T04:00:00Z,2024-03-31T05:00:00Z,68.52
United Kingdom,GBR,2024-03-31T05:00:00Z,2024-03-31T06:00:00Z,70.16
United Kingdom,GBR,2024-03-31T06:00:00Z,2024-03-31T07:00:00Z,77.23
United Kingdom,GBR,2024-03-31T07:00:00Z,2024-03-31T08:00:00Z,83.27
United Kingdom,GBR,2024-03-31T08:00:00Z,2024-03-31T09:00:00Z,92.01
United Kingdom,GBR,2024-03-31T09:00:00Z,2024-03-31T10:00:00Z,81.29
United Kingdom,GBR,2024-03-31T10:00:00Z,2024-03-31T11:00:00Z,72.39
United Kingdom,GBR,2024-03-31T11:00:00Z,2024-03-31T12:00:00Z,66.65
United Kingdom,GBR,2024-03-31T12:00:00Z,2024-03-31T13:00:00Z,60.47
United Kingdom,GBR,2024-03-31T13:00:00Z,2024-03-31T14:00:00Z,57.05
United Kingdom,GBR,2024-03-31T14:00:00Z,2024-03-31T15:00:00Z,57.92
United Kingdom,GBR,2024-03-31T15:00:00Z,2024-03-31T16:00:00Z,66.03
United Kingdom,GBR,2024-03-31T16:00:00Z,2024-03-31T17:00:00Z,84.36
United Kingdom,GBR,2024-03-31T17:00:00Z,2024-03-31T18:00:00Z,94.82
United Kingdom,GBR,2024-03-31T18:00:00Z,2024-03-31T19:00:00Z,90.95
United Kingdom,GBR,2024-03-31T19:00:00Z,2024-03-31T20:00:00Z,88.28
United Kingdom,GBR,2024-03-31T20:00:00Z,2024-03-31T21:00:00Z,71.36
United Kingdom,GBR,2024-03-31T21:00:00Z,2024-03-31T22:00:00Z,72.28
United Kingdom,GBR,2024-03-31T22:00:00Z,2024-03-31T23:00:00Z,59.02
United Kingdom,GBR,2024-03-31T23:00:00Z,2024-04-01T00:00:00Z,52.53
United Kingdom,GBR,2024-04-01T00:00:00Z,2024-04-01T01:00:00Z,52.15
United Kingdom,GBR,2024-04-01T01:00:00Z,2024-04-01T02:00:00Z,50.05
United Kingdom,GBR,2024-04-01T02:00:00Z,2024-04-01T03:00:00Z,48.4
United Kingdom,GBR,2024-04-01T03:00:00Z,2024-04-01T04:00:00Z,47.26
United Kingdom,GBR,2024-04-01T04:00:00Z,2024-04-01T05:00:00Z,50.25
United Kingdom,GBR,2024-04-01T05:00:00Z,2024-04-01T06:00:00Z,60.74
United Kingdom,GBR,2024-04-01T06:00:00Z,2024-04-01T07:00:00Z,62.18
United Kingdom,GBR,2024-04-01T07:00:00Z,2024-04-01T08:00:00Z,80.47
United Kingdom,GBR,2024-04-01T08:00:00Z,2024-04-01T09:00:00Z,91.71
United Kingdom,GBR,2024-04-01T09:00:00Z,2024-04-01T10:00:00Z,91.07
United Kingdom,GBR,2024-04-01T10:00:00Z,2024-04-01T11:00:00Z,89.1
United Kingdom,GBR,2024-04-01T11:00:00Z,2024-04-01T12:00:00Z,81
United Kingdom,GBR,2024-04-01T12:00:00Z,2024-04-01T13:00:00Z,66.5
United Kingdom,GBR,2024-04-01T13:00:00Z,2024-04-01T14:00:00Z,59.7
United Kingdom,GBR,2024-04-01T14:00:00Z,2024-04-01T15:00:00Z,65.92
United Kingdom,GBR,2024-04-01T15:00:00Z,2024-04-01T16:00:00Z,69.64
United Kingdom,GBR,2024-04-01T16:00:00Z,2024-04-01T17:00:00Z,84.42
United Kingdom,GBR,2024-04-01T17:00:00Z,2024-04-01T18:00:00Z,99.73
United Kingdom,GBR,2024-04-01T18:00:00Z,2024-04-01T19:00:00Z,101.79
United Kingdom,GBR,2024-04-01T19:00:00Z,2024-04-01T20:00:00Z,99.23
United Kingdom,GBR,2024-04-01T20:00:00Z,2024-04-01T21:00:00Z,75.21
United Kingdom,GBR,2024-04-01T21:00:00Z,2024-04-01T22:00:00Z,77.01
United Kingdom,GBR,2024-04-01T22:00:00Z,2024-04-01T23:00:00Z,65.13
United Kingdom,GBR,2024-04-01T23:00:00Z,2024-04-02T00:00:00Z,62.95
United Kingdom,GBR,2024-04-02T00:00:00Z,2024-04-02T01:00:00Z,64.41
United Kingdom,GBR,2024-04-02T01:00:00Z,2024-04-02T02:00:00Z,65.56
United Kingdom,GBR,2024-04-02T02:00:00Z,2024-04-02T03:00:00Z,62.43
United Kingdom,GBR,2024-04-02T03:00:00Z,2024-04-02T04:00:00Z,61.86
United Kingdom,GBR,2024-04-02T04:00:00Z,2024-04-02T05:00:00Z,62.87
United Kingdom,GBR,2024-04-02T05:00:00Z,2024-04-02T06:00:00Z,85.25
United Kingdom,GBR,2024-04-02T06:00:00Z,2024-04-02T07:00:00Z,80.18
United Kingdom,GBR,2024-04-02T07:00:00Z,2024-04-02T08:00:00Z,97.21
United Kingdom,GBR,2024-04-02T08:00:00Z,2024-04-02T09:00:00Z,100.37
United Kingdom,GBR,2024-04-02T09:00:00Z,2024-04-02T10:00:00Z,87.86
United Kingdom,GBR,2024-04-02T10:00:00Z,2024-04-02T11:00:00Z,80.24
United Kingdom,GBR,2024-04-02T11:00:00Z,2024-04-02T12:00:00Z,81.86
United Kingdom,GBR,2024-04-02T12:00:00Z,2024-04-02T13:00:00Z,74.03
United Kingdom,GBR,2024-04-02T13:00:00Z,2024-04-02T14:00:00Z,76.55
United Kingdom,GBR,2024-04-02T14:00:00Z,2024-04-02T15:00:00Z,84.2
United Kingdom,GBR,2024-04-02T15:00:00Z,2024-04-02T16:00:00Z,76.42
United Kingdom,GBR,2024-04-02T16:00:00Z,2024-04-02T17:00:00Z,90.71
United Kingdom,GBR,2024-04-02T17:00:00Z,2024-04-02T18:00:00Z,102.06
United Kingdom,GBR,2024-04-02T18:00:00Z,2024-04-02T19:00:00Z,99.4
United Kingdom,GBR,2024-04-02T19:00:00Z,2024-04-02T20:00:00Z,87.95
United Kingdom,GBR,2024-04-02T20:00:00Z,2024-04-02T21:00:00Z,79.34
United Kingdom,GBR,2024-04-02T21:00:00Z,2024-04-02T22:00:00Z,65.24
United Kingdom,GBR,2024-04-02T22:00:00Z,2024-04-02T23:00:00Z,69.31
United Kingdom,GBR,2024-04-02T23:00:00Z,2024-04-03T00:00:00Z,56.45
United Kingdom,GBR,2024-04-03T00:00:00Z,2024-04-03T01:00:00Z,54.54
United Kingdom,GBR,2024-04-03T01:00:00Z,2024-04-03T02:00:00Z,54.73
United Kingdom,GBR,2024-04-03T02:00:00Z,2024-04-03T03:00:00Z,54.19
United Kingdom,GBR,2024-04-03T03:00:00Z,2024-04-03T04:00:00Z,46.42
United Kingdom,GBR,2024-04-03T04:00:00Z,2024-04-03T05:00:00Z,58.29
United Kingdom,GBR,2024-04-03T05:00:00Z,2024-04-03T06:00:00Z,76.69
United Kingdom,GBR,2024-04-03T06:00:00Z,2024-04-03T07:00:00Z,89.23
United Kingdom,GBR,2024-04-03T07:00:00Z,2024-04-03T08:00:00Z,86.38
United Kingdom,GBR,2024-04-03T08:00:00Z,2024-04-03T09:00:00Z,82.77
United Kingdom,GBR,2024-04-03T09:00:00Z,2024-04-03T10:00:00Z,76.21
United Kingdom,GBR,2024-04-03T10:00:00Z,2024-04-03T11:00:00Z,69.06
United Kingdom,GBR,2024-04-03T11:00:00Z,2024-04-03T12:00:00Z,71.23
United Kingdom,GBR,2024-04-03T12:00:00Z,2024-04-03T13:00:00Z,63.2
United Kingdom,GBR,2024-04-03T13:00:00Z,2024-04-03T14:00:00Z,62.26
United Kingdom,GBR,2024-04-03T14:00:00Z,2024-04-03T15:00:00Z,63.58
United Kingdom,GBR,2024-04-03T15:00:00Z,2024-04-03T16:00:00Z,73.64
United Kingdom,GBR,2024-04-03T16:00:00Z,2024-04-03T17:00:00Z,82.24
United Kingdom,GBR,2024-04-03T17:00:00Z,2024-04-03T18:00:00Z,92.61
United Kingdom,GBR,2024-04-03T18:00:00Z,2024-04-03T19:00:00Z,86.31
United Kingdom,GBR,2024-04-03T19:00:00Z,2024-04-03T20:00:00Z,77.52
United Kingdom,GBR,2024-04-03T20:00:00Z,2024-04-03T21:00:00Z,66.65
United Kingdom,GBR,2024-04-03T21:00:00Z,2024-04-03T22:00:00Z,52.38
United Kingdom,GBR,2024-04-03T22:00:00Z,2024-04-03T23:00:00Z,54.95
United Kingdom,GBR,2024-04-03T23:00:00Z,2024-04-04T00:00:00Z,50.08
United Kingdom,GBR,2024-04-04T00:00:00Z,2024-04-04T01:00:00Z,50.52
United Kingdom,GBR,2024-04-04T01:00:00Z,2024-04-04T02:00:00Z,51.58
United Kingdom,GBR,2024-04-04T02:00:00Z,2024-04-04T03:00:00Z,53.34
United Kingdom,GBR,2024-04-04T03:00:00Z,2024-04-04T04:00:00Z,56.28
United Kingdom,GBR,2024-04-04T04:00:00Z,2024-04-04T05:00:00Z,63.29
United Kingdom,GBR,2024-04-04T05:00:00Z,2024-04-04T06:00:00Z,78.03
United Kingdom,GBR,2024-04-04T06:00:00Z,2024-04-04T07:00:00Z,77.78
United Kingdom,GBR,2024-04-04T07:00:00Z,2024-04-04T08:00:00Z,91.42
United Kingdom,GBR,2024-04-04T08:00:00Z,2024-04-04T09:00:00Z,93.52
United Kingdom,GBR,2024-04-04T09:00:00Z,2024-04-04T10:00:00Z,82.95
United Kingdom,GBR,2024-04-04T10:00:00Z,2024-04-04T11:00:00Z,75.45
United Kingdom,GBR,2024-04-04T11:00:00Z,2024-04-04T12:00:00Z,71.88
United Kingdom,GBR,2024-04-04T12:00:00Z,2024-04-04T13:00:00Z,67.49
United Kingdom,GBR,2024-04-04T13:00:00Z,2024-04-04T14:00:00Z,65.38
United Kingdom,GBR,2024-04-04T14:00:00Z,2024-04-04T15:00:00Z,67.32
United Kingdom,GBR,2024-04-04T15:00:00Z,2024-04-04T16:00:00Z,77.42
United Kingdom,GBR,2024-04-04T16:00:00Z,2024-04-04T17:00:00Z,90.48
United Kingdom,GBR,2024-04-04T17:00:00Z,2024-04-04T18:00:00Z,94.8
United Kingdom,GBR,2024-04-04T18:00:00Z,2024-04-04T19:00:00Z,91.15
United Kingdom,GBR,2024-04-04T19:00:00Z,2024-04-04T20:00:00Z,77.44
United Kingdom,GBR,2024-04-04T20:00:00Z,2024-04-04T21:00:00Z,75.1
United Kingdom,GBR,2024-04-04T21:00:00Z,2024-04-04T22:00:00Z,54.81
United Kingdom,GBR,2024-04-04T22:00:00Z,2024-04-04T23:00:00Z,57.47
United Kingdom,GBR,2024-04-04T23:00:00Z,2024-04-05T00:00:00Z,40.19
United Kingdom,GBR,2024-04-05T00:00:00Z,2024-04-05T01:00:00Z,30.54
United Kingdom,GBR,2024-04-05T01:00:00Z,2024-04-05T02:00:00Z,24.86
United Kingdom,GBR,2024-04-05T02:00:00Z,2024-04-05T03:00:00Z,20.26
United Kingdom,GBR,2024-04-05T03:00:00Z,2024-04-05T04:00:00Z,15.43
United Kingdom,GBR,2024-04-05T04:00:00Z,2024-04-05T05:00:00Z,27.19
United Kingdom,GBR,2024-04-05T05:00:00Z,2024-04-05T06:00:00Z,55.81
United Kingdom,GBR,2024-04-05T06:00:00Z,2024-04-05T07:00:00Z,83.22
United Kingdom,GBR,2024-04-05T07:00:00Z,2024-04-05T08:00:00Z,89.49
United Kingdom,GBR,2024-04-05T08:00:00Z,2024-04-05T09:00:00Z,83.52
United Kingdom,GBR,2024-04-05T09:00:00Z,2024-04-05T10:00:00Z,62.36
United Kingdom,GBR,2024-04-05T10:00:00Z,2024-04-05T11:00:00Z,53.5
United Kingdom,GBR,2024-04-05T11:00:00Z,2024-04-05T12:00:00Z,52.32
United Kingdom,GBR,2024-04-05T12:00:00Z,2024-04-05T13:00:00Z,29.91
United Kingdom,GBR,2024-04-05T13:00:00Z,2024-04-05T14:00:00Z,15.62
United Kingdom,GBR,2024-04-05T14:00:00Z,2024-04-05T15:00:00Z,14.28
United Kingdom,GBR,2024-04-05T15:00:00Z,2024-04-05T16:00:00Z,36.5
United Kingdom,GBR,2024-04-05T16:00:00Z,2024-04-05T17:00:00Z,60.37
United Kingdom,GBR,2024-04-05T17:00:00Z,2024-04-05T18:00:00Z,75.76
United Kingdom,GBR,2024-04-05T18:00:00Z,2024-04-05T19:00:00Z,75.74
United Kingdom,GBR,2024-04-05T19:00:00Z,2024-04-05T20:00:00Z,70.1
United Kingdom,GBR,2024-04-05T20:00:00Z,2024-04-05T21:00:00Z,55.81
United Kingdom,GBR,2024-04-05T21:00:00Z,2024-04-05T22:00:00Z,43.53
United Kingdom,GBR,2024-04-05T22:00:00Z,2024-04-05T23:00:00Z,38.78
United Kingdom,GBR,2024-04-05T23:00:00Z,2024-04-06T00:00:00Z,27.31
United Kingdom,GBR,2024-04-06T00:00:00Z,2024-04-06T01:00:00Z,25.64
United Kingdom,GBR,2024-04-06T01:00:00Z,2024-04-06T02:00:00Z,13.71
United Kingdom,GBR,2024-04-06T02:00:00Z,2024-04-06T03:00:00Z,2.95
United Kingdom,GBR,2024-04-06T03:00:00Z,2024-04-06T04:00:00Z,-1.06
United Kingdom,GBR,2024-04-06T04:00:00Z,2024-04-06T05:00:00Z,-2.22
United Kingdom,GBR,2024-04-06T05:00:00Z,2024-04-06T06:00:00Z,-0.3
United Kingdom,GBR,2024-04-06T06:00:00Z,2024-04-06T07:00:00Z,2.25
United Kingdom,GBR,2024-04-06T07:00:00Z,2024-04-06T08:00:00Z,-1.85
United Kingdom,GBR,2024-04-06T08:00:00Z,2024-04-06T09:00:00Z,-0.69
United Kingdom,GBR,2024-04-06T09:00:00Z,2024-04-06T10:00:00Z,-1.71
United Kingdom,GBR,2024-04-06T10:00:00Z,2024-04-06T11:00:00Z,-9.76
United Kingdom,GBR,2024-04-06T11:00:00Z,2024-04-06T12:00:00Z,-19.52
United Kingdom,GBR,2024-04-06T12:00:00Z,2024-04-06T13:00:00Z,-21.22
United Kingdom,GBR,2024-04-06T13:00:00Z,2024-04-06T14:00:00Z,-19.96
United Kingdom,GBR,2024-04-06T14:00:00Z,2024-04-06T15:00:00Z,-9.69
United Kingdom,GBR,2024-04-06T15:00:00Z,2024-04-06T16:00:00Z,-0.5
United Kingdom,GBR,2024-04-06T16:00:00Z,2024-04-06T17:00:00Z,23.26
United Kingdom,GBR,2024-04-06T17:00:00Z,2024-04-06T18:00:00Z,42.33
United Kingdom,GBR,2024-04-06T18:00:00Z,2024-04-06T19:00:00Z,42.03
United Kingdom,GBR,2024-04-06T19:00:00Z,2024-04-06T20:00:00Z,34.67
United Kingdom,GBR,2024-04-06T20:00:00Z,2024-04-06T21:00:00Z,17.77
United Kingdom,GBR,2024-04-06T21:00:00Z,2024-04-06T22:00:00Z,1.64
United Kingdom,GBR,2024-04-06T22:00:00Z,2024-04-06T23:00:00Z,0
United Kingdom,GBR,2024-04-06T23:00:00Z,2024-04-07T00:00:00Z,-0.5
United Kingdom,GBR,2024-04-07T00:00:00Z,2024-04-07T01:00:00Z,-0.69
United Kingdom,GBR,2024-04-07T01:00:00Z,2024-04-07T02:00:00Z,-1.55
United Kingdom,GBR,2024-04-07T02:00:00Z,2024-04-07T03:00:00Z,-3.4
United Kingdom,GBR,2024-04-07T03:00:00Z,2024-04-07T04:00:00Z,-3.38
United Kingdom,GBR,2024-04-07T04:00:00Z,2024-04-07T05:00:00Z,-2.75
United Kingdom,GBR,2024-04-07T05:00:00Z,2024-04-07T06:00:00Z,-1.78
United Kingdom,GBR,2024-04-07T06:00:00Z,2024-04-07T07:00:00Z,-1.21
United Kingdom,GBR,2024-04-07T07:00:00Z,2024-04-07T08:00:00Z,-0.64
United Kingdom,GBR,2024-04-07T08:00:00Z,2024-04-07T09:00:00Z,-2.26
United Kingdom,GBR,2024-04-07T09:00:00Z,2024-04-07T10:00:00Z,-4.27
United Kingdom,GBR,2024-04-07T10:00:00Z,2024-04-07T11:00:00Z,-4.24
United Kingdom,GBR,2024-04-07T11:00:00Z,2024-04-07T12:00:00Z,-3.59
United Kingdom,GBR,2024-04-07T12:00:00Z,2024-04-07T13:00:00Z,-4.49
United Kingdom,GBR,2024-04-07T13:00:00Z,2024-04-07T14:00:00Z,-4.68
United Kingdom,GBR,2024-04-07T14:00:00Z,2024-04-07T15:00:00Z,-1.46
United Kingdom,GBR,2024-04-07T15:00:00Z,2024-04-07T16:00:00Z,2.34
United Kingdom,GBR,2024-04-07T16:00:00Z,2024-04-07T17:00:00Z,24.82
United Kingdom,GBR,2024-04-07T17:00:00Z,2024-04-07T18:00:00Z,51.72
United Kingdom,GBR,2024-04-07T18:00:00Z,2024-04-07T19:00:00Z,55.6
United Kingdom,GBR,2024-04-07T19:00:00Z,2024-04-07T20:00:00Z,59.52
United Kingdom,GBR,2024-04-07T20:00:00Z,2024-04-07T21:00:00Z,48.42
United Kingdom,GBR,2024-04-07T21:00:00Z,2024-04-07T22:00:00Z,26.4
United Kingdom,GBR,2024-04-07T22:00:00Z,2024-04-07T23:00:00Z,14.6
United Kingdom,GBR,2024-04-07T23:00:00Z,2024-04-08T00:00:00Z,15.59
United Kingdom,GBR,2024-04-08T00:00:00Z,2024-04-08T01:00:00Z,23.8
United Kingdom,GBR,2024-04-08T01:00:00Z,2024-04-08T02:00:00Z,29.8
United Kingdom,GBR,2024-04-08T02:00:00Z,2024-04-08T03:00:00Z,32.41
United Kingdom,GBR,2024-04-08T03:00:00Z,2024-04-08T04:00:00Z,40.98
United Kingdom,GBR,2024-04-08T04:00:00Z,2024-04-08T05:00:00Z,59.09
United Kingdom,GBR,2024-04-08T05:00:00Z,2024-04-08T06:00:00Z,78.75
United Kingdom,GBR,2024-04-08T06:00:00Z,2024-04-08T07:00:00Z,82.51
United Kingdom,GBR,2024-04-08T07:00:00Z,2024-04-08T08:00:00Z,87.75
United Kingdom,GBR,2024-04-08T08:00:00Z,2024-04-08T09:00:00Z,78.45
United Kingdom,GBR,2024-04-08T09:00:00Z,2024-04-08T10:00:00Z,70.19
United Kingdom,GBR,2024-04-08T10:00:00Z,2024-04-08T11:00:00Z,72.13
United Kingdom,GBR,2024-04-08T11:00:00Z,2024-04-08T12:00:00Z,78.35
United Kingdom,GBR,2024-04-08T12:00:00Z,2024-04-08T13:00:00Z,72.46
United Kingdom,GBR,2024-04-08T13:00:00Z,2024-04-08T14:00:00Z,76.18
United Kingdom,GBR,2024-04-08T14:00:00Z,2024-04-08T15:00:00Z,80.18
United Kingdom,GBR,2024-04-08T15:00:00Z,2024-04-08T16:00:00Z,79.19
United Kingdom,GBR,2024-04-08T16:00:00Z,2024-04-08T17:00:00Z,96.64
United Kingdom,GBR,2024-04-08T17:00:00Z,2024-04-08T18:00:00Z,105.69
United Kingdom,GBR,2024-04-08T18:00:00Z,2024-04-08T19:00:00Z,99.48
United Kingdom,GBR,2024-04-08T19:00:00Z,2024-04-08T20:00:00Z,84.13
United Kingdom,GBR,2024-04-08T20:00:00Z,2024-04-08T21:00:00Z,78.73
United Kingdom,GBR,2024-04-08T21:00:00Z,2024-04-08T22:00:00Z,72.26
United Kingdom,GBR,2024-04-08T22:00:00Z,2024-04-08T23:00:00Z,79.09
United Kingdom,GBR,2024-04-08T23:00:00Z,2024-04-09T00:00:00Z,67.62
United Kingdom,GBR,2024-04-09T00:00:00Z,2024-04-09T01:00:00Z,64.02
United Kingdom,GBR,2024-04-09T01:00:00Z,2024-04-09T02:00:00Z,59.2
United Kingdom,GBR,2024-04-09T02:00:00Z,2024-04-09T03:00:00Z,47.09
United Kingdom,GBR,2024-04-09T03:00:00Z,2024-04-09T04:00:00Z,45.87
United Kingdom,GBR,2024-04-09T04:00:00Z,2024-04-09T05:00:00Z,43.57
United Kingdom,GBR,2024-04-09T05:00:00Z,2024-04-09T06:00:00Z,70.56
United Kingdom,GBR,2024-04-09T06:00:00Z,2024-04-09T07:00:00Z,82.77
United Kingdom,GBR,2024-04-09T07:00:00Z,2024-04-09T08:00:00Z,85.81
United Kingdom,GBR,2024-04-09T08:00:00Z,2024-04-09T09:00:00Z,82.59
United Kingdom,GBR,2024-04-09T09:00:00Z,2024-04-09T10:00:00Z,65.75
United Kingdom,GBR,2024-04-09T10:00:00Z,2024-04-09T11:00:00Z,52.64
United Kingdom,GBR,2024-04-09T11:00:00Z,2024-04-09T12:00:00Z,47.81
United Kingdom,GBR,2024-04-09T12:00:00Z,2024-04-09T13:00:00Z,25.21
United Kingdom,GBR,2024-04-09T13:00:00Z,2024-04-09T14:00:00Z,19.86
United Kingdom,GBR,2024-04-09T14:00:00Z,2024-04-09T15:00:00Z,18.1
United Kingdom,GBR,2024-04-09T15:00:00Z,2024-04-09T16:00:00Z,37.2
United Kingdom,GBR,2024-04-09T16:00:00Z,2024-04-09T17:00:00Z,57.39
United Kingdom,GBR,2024-04-09T17:00:00Z,2024-04-09T18:00:00Z,71.25
United Kingdom,GBR,2024-04-09T18:00:00Z,2024-04-09T19:00:00Z,75.26
United Kingdom,GBR,2024-04-09T19:00:00Z,2024-04-09T20:00:00Z,79.41
United Kingdom,GBR,2024-04-09T20:00:00Z,2024-04-09T21:00:00Z,61.53
United Kingdom,GBR,2024-04-09T21:00:00Z,2024-04-09T22:00:00Z,42.57
United Kingdom,GBR,2024-04-09T22:00:00Z,2024-04-09T23:00:00Z,22.06
United Kingdom,GBR,2024-04-09T23:00:00Z,2024-04-10T00:00:00Z,15.25
United Kingdom,GBR,2024-04-10T00:00:00Z,2024-04-10T01:00:00Z,21.55
United Kingdom,GBR,2024-04-10T01:00:00Z,2024-04-10T02:00:00Z,26.87
United Kingdom,GBR,2024-04-10T02:00:00Z,2024-04-10T03:00:00Z,35.57
United Kingdom,GBR,2024-04-10T03:00:00Z,2024-04-10T04:00:00Z,44.94
United Kingdom,GBR,2024-04-10T04:00:00Z,2024-04-10T05:00:00Z,65.14
United Kingdom,GBR,2024-04-10T05:00:00Z,2024-04-10T06:00:00Z,84.94
United Kingdom,GBR,2024-04-10T06:00:00Z,2024-04-10T07:00:00Z,98.32
United Kingdom,GBR,2024-04-10T07:00:00Z,2024-04-10T08:00:00Z,100.21
United Kingdom,GBR,2024-04-10T08:00:00Z,2024-04-10T09:00:00Z,87.54
United Kingdom,GBR,2024-04-10T09:00:00Z,2024-04-10T10:00:00Z,74.96
United Kingdom,GBR,2024-04-10T10:00:00Z,2024-04-10T11:00:00Z,69.96
United Kingdom,GBR,2024-04-10T11:00:00Z,2024-04-10T12:00:00Z,65.72
United Kingdom,GBR,2024-04-10T12:00:00Z,2024-04-10T13:00:00Z,55.02
United Kingdom,GBR,2024-04-10T13:00:00Z,2024-04-10T14:00:00Z,46.01
United Kingdom,GBR,2024-04-10T14:00:00Z,2024-04-10T15:00:00Z,42.05
United Kingdom,GBR,2024-04-10T15:00:00Z,2024-04-10T16:00:00Z,59.58
United Kingdom,GBR,2024-04-10T16:00:00Z,2024-04-10T17:00:00Z,69.22
United Kingdom,GBR,2024-04-10T17:00:00Z,2024-04-10T18:00:00Z,82.56
United Kingdom,GBR,2024-04-10T18:00:00Z,2024-04-10T19:00:00Z,90.05
United Kingdom,GBR,2024-04-10T19:00:00Z,2024-04-10T20:00:00Z,76.96
United Kingdom,GBR,2024-04-10T20:00:00Z,2024-04-10T21:00:00Z,59.76
United Kingdom,GBR,2024-04-10T21:00:00Z,2024-04-10T22:00:00Z,24.43
United Kingdom,GBR,2024-04-10T22:00:00Z,2024-04-10T23:00:00Z,5.84
United Kingdom,GBR,2024-04-10T23:00:00Z,2024-04-11T00:00:00Z,0.29
United Kingdom,GBR,2024-04-11T00:00:00Z,2024-04-11T01:00:00Z,0.26
United Kingdom,GBR,2024-04-11T01:00:00Z,2024-04-11T02:00:00Z,-0.3
United Kingdom,GBR,2024-04-11T02:00:00Z,2024-04-11T03:00:00Z,-1.1
United Kingdom,GBR,2024-04-11T03:00:00Z,2024-04-11T04:00:00Z,-0.64
United Kingdom,GBR,2024-04-11T04:00:00Z,2024-04-11T05:00:00Z,6.9
United Kingdom,GBR,2024-04-11T05:00:00Z,2024-04-11T06:00:00Z,46.6
United Kingdom,GBR,2024-04-11T06:00:00Z,2024-04-11T07:00:00Z,68.51
United Kingdom,GBR,2024-04-11T07:00:00Z,2024-04-11T08:00:00Z,71.32
United Kingdom,GBR,2024-04-11T08:00:00Z,2024-04-11T09:00:00Z,75.68
United Kingdom,GBR,2024-04-11T09:00:00Z,2024-04-11T10:00:00Z,73.96
United Kingdom,GBR,2024-04-11T10:00:00Z,2024-04-11T11:00:00Z,73.19
United Kingdom,GBR,2024-04-11T11:00:00Z,2024-04-11T12:00:00Z,76.23
United Kingdom,GBR,2024-04-11T12:00:00Z,2024-04-11T13:00:00Z,72.28
United Kingdom,GBR,2024-04-11T13:00:00Z,2024-04-11T14:00:00Z,65.77
United Kingdom,GBR,2024-04-11T14:00:00Z,2024-04-11T15:00:00Z,67.82
United Kingdom,GBR,2024-04-11T15:00:00Z,2024-04-11T16:00:00Z,70.57
United Kingdom,GBR,2024-04-11T16:00:00Z,2024-04-11T17:00:00Z,88.09
United Kingdom,GBR,2024-04-11T17:00:00Z,2024-04-11T18:00:00Z,100.51
United Kingdom,GBR,2024-04-11T18:00:00Z,2024-04-11T19:00:00Z,97.8
United Kingdom,GBR,2024-04-11T19:00:00Z,2024-04-11T20:00:00Z,84.68
United Kingdom,GBR,2024-04-11T20:00:00Z,2024-04-11T21:00:00Z,69.43
United Kingdom,GBR,2024-04-11T21:00:00Z,2024-04-11T22:00:00Z,53.82
United Kingdom,GBR,2024-04-11T22:00:00Z,2024-04-11T23:00:00Z,19.49
United Kingdom,GBR,2024-04-11T23:00:00Z,2024-04-12T00:00:00Z,8.72
United Kingdom,GBR,2024-04-12T00:00:00Z,2024-04-12T01:00:00Z,7.87
United Kingdom,GBR,2024-04-12T01:00:00Z,2024-04-12T02:00:00Z,8.03
United Kingdom,GBR,2024-04-12T02:00:00Z,2024-04-12T03:00:00Z,10.55
United Kingdom,GBR,2024-04-12T03:00:00Z,2024-04-12T04:00:00Z,10.53
United Kingdom,GBR,2024-04-12T04:00:00Z,2024-04-12T05:00:00Z,23.47
United Kingdom,GBR,2024-04-12T05:00:00Z,2024-04-12T06:00:00Z,62.59
United Kingdom,GBR,2024-04-12T06:00:00Z,2024-04-12T07:00:00Z,73.21
United Kingdom,GBR,2024-04-12T07:00:00Z,2024-04-12T08:00:00Z,71.59
United Kingdom,GBR,2024-04-12T08:00:00Z,2024-04-12T09:00:00Z,58.17
United Kingdom,GBR,2024-04-12T09:00:00Z,2024-04-12T10:00:00Z,31.01
United Kingdom,GBR,2024-04-12T10:00:00Z,2024-04-12T11:00:00Z,7.37
United Kingdom,GBR,2024-04-12T11:00:00Z,2024-04-12T12:00:00Z,2.43
United Kingdom,GBR,2024-04-12T12:00:00Z,2024-04-12T13:00:00Z,0.3
United Kingdom,GBR,2024-04-12T13:00:00Z,2024-04-12T14:00:00Z,-2.06
United Kingdom,GBR,2024-04-12T14:00:00Z,2024-04-12T15:00:00Z,-0.14
United Kingdom,GBR,2024-04-12T15:00:00Z,2024-04-12T16:00:00Z,20.45
United Kingdom,GBR,2024-04-12T16:00:00Z,2024-04-12T17:00:00Z,54.49
United Kingdom,GBR,2024-04-12T17:00:00Z,2024-04-12T18:00:00Z,71.53
United Kingdom,GBR,2024-04-12T18:00:00Z,2024-04-12T19:00:00Z,73.02
United Kingdom,GBR,2024-04-12T19:00:00Z,2024-04-12T20:00:00Z,71.58
United Kingdom,GBR,2024-04-12T20:00:00Z,2024-04-12T21:00:00Z,48.77
United Kingdom,GBR,2024-04-12T21:00:00Z,2024-04-12T22:00:00Z,22.41
United Kingdom,GBR,2024-04-12T22:00:00Z,2024-04-12T23:00:00Z,14.73
United Kingdom,GBR,2024-04-12T23:00:00Z,2024-04-13T00:00:00Z,8.73
United Kingdom,GBR,2024-04-13T00:00:00Z,2024-04-13T01:00:00Z,11.78
United Kingdom,GBR,2024-04-13T01:00:00Z,2024-04-13T02:00:00Z,16.87
United Kingdom,GBR,2024-04-13T02:00:00Z,2024-04-13T03:00:00Z,18.94
United Kingdom,GBR,2024-04-13T03:00:00Z,2024-04-13T04:00:00Z,23.28
United Kingdom,GBR,2024-04-13T04:00:00Z,2024-04-13T05:00:00Z,27.03
United Kingdom,GBR,2024-04-13T05:00:00Z,2024-04-13T06:00:00Z,38.36
United Kingdom,GBR,2024-04-13T06:00:00Z,2024-04-13T07:00:00Z,40.15
United Kingdom,GBR,2024-04-13T07:00:00Z,2024-04-13T08:00:00Z,31.95
United Kingdom,GBR,2024-04-13T08:00:00Z,2024-04-13T09:00:00Z,17.79
United Kingdom,GBR,2024-04-13T09:00:00Z,2024-04-13T10:00:00Z,0.22
United Kingdom,GBR,2024-04-13T10:00:00Z,2024-04-13T11:00:00Z,-7.53
United Kingdom,GBR,2024-04-13T11:00:00Z,2024-04-13T12:00:00Z,-20.44
United Kingdom,GBR,2024-04-13T12:00:00Z,2024-04-13T13:00:00Z,-27.51
United Kingdom,GBR,2024-04-13T13:00:00Z,2024-04-13T14:00:00Z,-27.83
United Kingdom,GBR,2024-04-13T14:00:00Z,2024-04-13T15:00:00Z,-20.78
United Kingdom,GBR,2024-04-13T15:00:00Z,2024-04-13T16:00:00Z,-5.81
United Kingdom,GBR,2024-04-13T16:00:00Z,2024-04-13T17:00:00Z,15.67
United Kingdom,GBR,2024-04-13T17:00:00Z,2024-04-13T18:00:00Z,38.55
United Kingdom,GBR,2024-04-13T18:00:00Z,2024-04-13T19:00:00Z,38.08
United Kingdom,GBR,2024-04-13T19:00:00Z,2024-04-13T20:00:00Z,38.02
United Kingdom,GBR,2024-04-13T20:00:00Z,2024-04-13T21:00:00Z,29.03
United Kingdom,GBR,2024-04-13T21:00:00Z,2024-04-13T22:00:00Z,14.27
United Kingdom,GBR,2024-04-13T22:00:00Z,2024-04-13T23:00:00Z,1.12
United Kingdom,GBR,2024-04-13T23:00:00Z,2024-04-14T00:00:00Z,-2.75
United Kingdom,GBR,2024-04-14T00:00:00Z,2024-04-14T01:00:00Z,-2.27
United Kingdom,GBR,2024-04-14T01:00:00Z,2024-04-14T02:00:00Z,-3.03
United Kingdom,GBR,2024-04-14T02:00:00Z,2024-04-14T03:00:00Z,-2.53
United Kingdom,GBR,2024-04-14T03:00:00Z,2024-04-14T04:00:00Z,0.19
United Kingdom,GBR,2024-04-14T04:00:00Z,2024-04-14T05:00:00Z,0.77
United Kingdom,GBR,2024-04-14T05:00:00Z,2024-04-14T06:00:00Z,6.71
United Kingdom,GBR,2024-04-14T06:00:00Z,2024-04-14T07:00:00Z,10.92
United Kingdom,GBR,2024-04-14T07:00:00Z,2024-04-14T08:00:00Z,6.72
United Kingdom,GBR,2024-04-14T08:00:00Z,2024-04-14T09:00:00Z,6.7
United Kingdom,GBR,2024-04-14T09:00:00Z,2024-04-14T10:00:00Z,4.61
United Kingdom,GBR,2024-04-14T10:00:00Z,2024-04-14T11:00:00Z,17.2
United Kingdom,GBR,2024-04-14T11:00:00Z,2024-04-14T12:00:00Z,24.74
United Kingdom,GBR,2024-04-14T12:00:00Z,2024-04-14T13:00:00Z,6.72
United Kingdom,GBR,2024-04-14T13:00:00Z,2024-04-14T14:00:00Z,2.59
United Kingdom,GBR,2024-04-14T14:00:00Z,2024-04-14T15:00:00Z,4.31
United Kingdom,GBR,2024-04-14T15:00:00Z,2024-04-14T16:00:00Z,37.46
United Kingdom,GBR,2024-04-14T16:00:00Z,2024-04-14T17:00:00Z,72.01
United Kingdom,GBR,2024-04-14T17:00:00Z,2024-04-14T18:00:00Z,94.18
United Kingdom,GBR,2024-04-14T18:00:00Z,2024-04-14T19:00:00Z,89.4
United Kingdom,GBR,2024-04-14T19:00:00Z,2024-04-14T20:00:00Z,87.48
United Kingdom,GBR,2024-04-14T20:00:00Z,2024-04-14T21:00:00Z,70.24
United Kingdom,GBR,2024-04-14T21:00:00Z,2024-04-14T22:00:00Z,24.93
United Kingdom,GBR,2024-04-14T22:00:00Z,2024-04-14T23:00:00Z,9.34
United Kingdom,GBR,2024-04-14T23:00:00Z,2024-04-15T00:00:00Z,1.83
United Kingdom,GBR,2024-04-15T00:00:00Z,2024-04-15T01:00:00Z,0.88
United Kingdom,GBR,2024-04-15T01:00:00Z,2024-04-15T02:00:00Z,-0.35
United Kingdom,GBR,2024-04-15T02:00:00Z,2024-04-15T03:00:00Z,-0.35
United Kingdom,GBR,2024-04-15T03:00:00Z,2024-04-15T04:00:00Z,-1.43
United Kingdom,GBR,2024-04-15T04:00:00Z,2024-04-15T05:00:00Z,4.8
United Kingdom,GBR,2024-04-15T05:00:00Z,2024-04-15T06:00:00Z,32.24
United Kingdom,GBR,2024-04-15T06:00:00Z,2024-04-15T07:00:00Z,74.18
United Kingdom,GBR,2024-04-15T07:00:00Z,2024-04-15T08:00:00Z,77.71
United Kingdom,GBR,2024-04-15T08:00:00Z,2024-04-15T09:00:00Z,62.66
United Kingdom,GBR,2024-04-15T09:00:00Z,2024-04-15T10:00:00Z,50.3
United Kingdom,GBR,2024-04-15T10:00:00Z,2024-04-15T11:00:00Z,29.49
United Kingdom,GBR,2024-04-15T11:00:00Z,2024-04-15T12:00:00Z,18.3
United Kingdom,GBR,2024-04-15T12:00:00Z,2024-04-15T13:00:00Z,13.13
United Kingdom,GBR,2024-04-15T13:00:00Z,2024-04-15T14:00:00Z,6.51
United Kingdom,GBR,2024-04-15T14:00:00Z,2024-04-15T15:00:00Z,9.18
United Kingdom,GBR,2024-04-15T15:00:00Z,2024-04-15T16:00:00Z,21.4
United Kingdom,GBR,2024-04-15T16:00:00Z,2024-04-15T17:00:00Z,60.45
United Kingdom,GBR,2024-04-15T17:00:00Z,2024-04-15T18:00:00Z,74.35
United Kingdom,GBR,2024-04-15T18:00:00Z,2024-04-15T19:00:00Z,84.6
United Kingdom,GBR,2024-04-15T19:00:00Z,2024-04-15T20:00:00Z,79.99
United Kingdom,GBR,2024-04-15T20:00:00Z,2024-04-15T21:00:00Z,60.71
United Kingdom,GBR,2024-04-15T21:00:00Z,2024-04-15T22:00:00Z,20.64
United Kingdom,GBR,2024-04-15T22:00:00Z,2024-04-15T23:00:00Z,3.44
United Kingdom,GBR,2024-04-15T23:00:00Z,2024-04-16T00:00:00Z,-0.57
United Kingdom,GBR,2024-04-16T00:00:00Z,2024-04-16T01:00:00Z,-0.97
United Kingdom,GBR,2024-04-16T01:00:00Z,2024-04-16T02:00:00Z,0.42
United Kingdom,GBR,2024-04-16T02:00:00Z,2024-04-16T03:00:00Z,1.24
United Kingdom,GBR,2024-04-16T03:00:00Z,2024-04-16T04:00:00Z,0.11
United Kingdom,GBR,2024-04-16T04:00:00Z,2024-04-16T05:00:00Z,2.96
United Kingdom,GBR,2024-04-16T05:00:00Z,2024-04-16T06:00:00Z,48.74
United Kingdom,GBR,2024-04-16T06:00:00Z,2024-04-16T07:00:00Z,76.92
United Kingdom,GBR,2024-04-16T07:00:00Z,2024-04-16T08:00:00Z,69.12
United Kingdom,GBR,2024-04-16T08:00:00Z,2024-04-16T09:00:00Z,55.25
United Kingdom,GBR,2024-04-16T09:00:00Z,2024-04-16T10:00:00Z,43.45
United Kingdom,GBR,2024-04-16T10:00:00Z,2024-04-16T11:00:00Z,35.61
United Kingdom,GBR,2024-04-16T11:00:00Z,2024-04-16T12:00:00Z,35.71
United Kingdom,GBR,2024-04-16T12:00:00Z,2024-04-16T13:00:00Z,33.19
United Kingdom,GBR,2024-04-16T13:00:00Z,2024-04-16T14:00:00Z,36.85
United Kingdom,GBR,2024-04-16T14:00:00Z,2024-04-16T15:00:00Z,40.37
United Kingdom,GBR,2024-04-16T15:00:00Z,2024-04-16T16:00:00Z,65.92
United Kingdom,GBR,2024-04-16T16:00:00Z,2024-04-16T17:00:00Z,81.89
United Kingdom,GBR,2024-04-16T17:00:00Z,2024-04-16T18:00:00Z,94.25
United Kingdom,GBR,2024-04-16T18:00:00Z,2024-04-16T19:00:00Z,101.59
United Kingdom,GBR,2024-04-16T19:00:00Z,2024-04-16T20:00:00Z,107.63
United Kingdom,GBR,2024-04-16T20:00:00Z,2024-04-16T21:00:00Z,98.52
United Kingdom,GBR,2024-04-16T21:00:00Z,2024-04-16T22:00:00Z,84.22
United Kingdom,GBR,2024-04-16T22:00:00Z,2024-04-16T23:00:00Z,78.08
United Kingdom,GBR,2024-04-16T23:00:00Z,2024-04-17T00:00:00Z,65.38
United Kingdom,GBR,2024-04-17T00:00:00Z,2024-04-17T01:00:00Z,61.32
United Kingdom,GBR,2024-04-17T01:00:00Z,2024-04-17T02:00:00Z,57.91
United Kingdom,GBR,2024-04-17T02:00:00Z,2024-04-17T03:00:00Z,58.38
United Kingdom,GBR,2024-04-17T03:00:00Z,2024-04-17T04:00:00Z,58.85
United Kingdom,GBR,2024-04-17T04:00:00Z,2024-04-17T05:00:00Z,63.13
United Kingdom,GBR,2024-04-17T05:00:00Z,2024-04-17T06:00:00Z,87.62
United Kingdom,GBR,2024-04-17T06:00:00Z,2024-04-17T07:00:00Z,101.37
United Kingdom,GBR,2024-04-17T07:00:00Z,2024-04-17T08:00:00Z,94.76
United Kingdom,GBR,2024-04-17T08:00:00Z,2024-04-17T09:00:00Z,83.66
United Kingdom,GBR,2024-04-17T09:00:00Z,2024-04-17T10:00:00Z,76.86
United Kingdom,GBR,2024-04-17T10:00:00Z,2024-04-17T11:00:00Z,75.47
United Kingdom,GBR,2024-04-17T11:00:00Z,2024-04-17T12:00:00Z,83.49
United Kingdom,GBR,2024-04-17T12:00:00Z,2024-04-17T13:00:00Z,84.73
United Kingdom,GBR,2024-04-17T13:00:00Z,2024-04-17T14:00:00Z,85.01
United Kingdom,GBR,2024-04-17T14:00:00Z,2024-04-17T15:00:00Z,85.88
United Kingdom,GBR,2024-04-17T15:00:00Z,2024-04-17T16:00:00Z,88.72
United Kingdom,GBR,2024-04-17T16:00:00Z,2024-04-17T17:00:00Z,91.33
United Kingdom,GBR,2024-04-17T17:00:00Z,2024-04-17T18:00:00Z,112.91
United Kingdom,GBR,2024-04-17T18:00:00Z,2024-04-17T19:00:00Z,116.01
United Kingdom,GBR,2024-04-17T19:00:00Z,2024-04-17T20:00:00Z,112
United Kingdom,GBR,2024-04-17T20:00:00Z,2024-04-17T21:00:00Z,93.96
United Kingdom,GBR,2024-04-17T21:00:00Z,2024-04-17T22:00:00Z,83.54
United Kingdom,GBR,2024-04-17T22:00:00Z,2024-04-17T23:00:00Z,88.86
United Kingdom,GBR,2024-04-17T23:00:00Z,2024-04-18T00:00:00Z,85.87
United Kingdom,GBR,2024-04-18T00:00:00Z,2024-04-18T01:00:00Z,84.48
United Kingdom,GBR,2024-04-18T01:00:00Z,2024-04-18T02:00:00Z,86.91
United Kingdom,GBR,2024-04-18T02:00:00Z,2024-04-18T03:00:00Z,88.55
United Kingdom,GBR,2024-04-18T03:00:00Z,2024-04-18T04:00:00Z,87.19
United Kingdom,GBR,2024-04-18T04:00:00Z,2024-04-18T05:00:00Z,97.6
United Kingdom,GBR,2024-04-18T05:00:00Z,2024-04-18T06:00:00Z,106.31
United Kingdom,GBR,2024-04-18T06:00:00Z,2024-04-18T07:00:00Z,123.54
United Kingdom,GBR,2024-04-18T07:00:00Z,2024-04-18T08:00:00Z,98.44
United Kingdom,GBR,2024-04-18T08:00:00Z,2024-04-18T09:00:00Z,88.83
United Kingdom,GBR,2024-04-18T09:00:00Z,2024-04-18T10:00:00Z,82.47
United Kingdom,GBR,2024-04-18T10:00:00Z,2024-04-18T11:00:00Z,84.52
United Kingdom,GBR,2024-04-18T11:00:00Z,2024-04-18T12:00:00Z,81.08
United Kingdom,GBR,2024-04-18T12:00:00Z,2024-04-18T13:00:00Z,69.06
United Kingdom,GBR,2024-04-18T13:00:00Z,2024-04-18T14:00:00Z,63.27
United Kingdom,GBR,2024-04-18T14:00:00Z,2024-04-18T15:00:00Z,68.06
United Kingdom,GBR,2024-04-18T15:00:00Z,2024-04-18T16:00:00Z,78.58
United Kingdom,GBR,2024-04-18T16:00:00Z,2024-04-18T17:00:00Z,92.32
United Kingdom,GBR,2024-04-18T17:00:00Z,2024-04-18T18:00:00Z,103.54
United Kingdom,GBR,2024-04-18T18:00:00Z,2024-04-18T19:00:00Z,105.16
United Kingdom,GBR,2024-04-18T19:00:00Z,2024-04-18T20:00:00Z,98.92
United Kingdom,GBR,2024-04-18T20:00:00Z,2024-04-18T21:00:00Z,81.91
United Kingdom,GBR,2024-04-18T21:00:00Z,2024-04-18T22:00:00Z,68.72
United Kingdom,GBR,2024-04-18T22:00:00Z,2024-04-18T23:00:00Z,59.87
United Kingdom,GBR,2024-04-18T23:00:00Z,2024-04-19T00:00:00Z,45.71
United Kingdom,GBR,2024-04-19T00:00:00Z,2024-04-19T01:00:00Z,32.83
United Kingdom,GBR,2024-04-19T01:00:00Z,2024-04-19T02:00:00Z,22.48
United Kingdom,GBR,2024-04-19T02:00:00Z,2024-04-19T03:00:00Z,19.32
United Kingdom,GBR,2024-04-19T03:00:00Z,2024-04-19T04:00:00Z,22.12
United Kingdom,GBR,2024-04-19T04:00:00Z,2024-04-19T05:00:00Z,34.91
United Kingdom,GBR,2024-04-19T05:00:00Z,2024-04-19T06:00:00Z,74.2
United Kingdom,GBR,2024-04-19T06:00:00Z,2024-04-19T07:00:00Z,84.97
United Kingdom,GBR,2024-04-19T07:00:00Z,2024-04-19T08:00:00Z,76.81
United Kingdom,GBR,2024-04-19T08:00:00Z,2024-04-19T09:00:00Z,62.01
United Kingdom,GBR,2024-04-19T09:00:00Z,2024-04-19T10:00:00Z,51.01
United Kingdom,GBR,2024-04-19T10:00:00Z,2024-04-19T11:00:00Z,42.44
United Kingdom,GBR,2024-04-19T11:00:00Z,2024-04-19T12:00:00Z,34.78
United Kingdom,GBR,2024-04-19T12:00:00Z,2024-04-19T13:00:00Z,29.48
United Kingdom,GBR,2024-04-19T13:00:00Z,2024-04-19T14:00:00Z,29.28
United Kingdom,GBR,2024-04-19T14:00:00Z,2024-04-19T15:00:00Z,24.09
United Kingdom,GBR,2024-04-19T15:00:00Z,2024-04-19T16:00:00Z,51.36
United Kingdom,GBR,2024-04-19T16:00:00Z,2024-04-19T17:00:00Z,73.98
United Kingdom,GBR,2024-04-19T17:00:00Z,2024-04-19T18:00:00Z,83.43
United Kingdom,GBR,2024-04-19T18:00:00Z,2024-04-19T19:00:00Z,98.36
United Kingdom,GBR,2024-04-19T19:00:00Z,2024-04-19T20:00:00Z,97.98
United Kingdom,GBR,2024-04-19T20:00:00Z,2024-04-19T21:00:00Z,97.65
United Kingdom,GBR,2024-04-19T21:00:00Z,2024-04-19T22:00:00Z,82.16
United Kingdom,GBR,2024-04-19T22:00:00Z,2024-04-19T23:00:00Z,77.1
United Kingdom,GBR,2024-04-19T23:00:00Z,2024-04-20T00:00:00Z,69.37
United Kingdom,GBR,2024-04-20T00:00:00Z,2024-04-20T01:00:00Z,75.71
United Kingdom,GBR,2024-04-20T01:00:00Z,2024-04-20T02:00:00Z,78.04
United Kingdom,GBR,2024-04-20T02:00:00Z,2024-04-20T03:00:00Z,74.31
United Kingdom,GBR,2024-04-20T03:00:00Z,2024-04-20T04:00:00Z,68.34
United Kingdom,GBR,2024-04-20T04:00:00Z,2024-04-20T05:00:00Z,69.91
United Kingdom,GBR,2024-04-20T05:00:00Z,2024-04-20T06:00:00Z,81.1
United Kingdom,GBR,2024-04-20T06:00:00Z,2024-04-20T07:00:00Z,89.4
United Kingdom,GBR,2024-04-20T07:00:00Z,2024-04-20T08:00:00Z,90.53
United Kingdom,GBR,2024-04-20T08:00:00Z,2024-04-20T09:00:00Z,87.99
United Kingdom,GBR,2024-04-20T09:00:00Z,2024-04-20T10:00:00Z,82.25
United Kingdom,GBR,2024-04-20T10:00:00Z,2024-04-20T11:00:00Z,77.31
United Kingdom,GBR,2024-04-20T11:00:00Z,2024-04-20T12:00:00Z,79.64
United Kingdom,GBR,2024-04-20T12:00:00Z,2024-04-20T13:00:00Z,68.86
United Kingdom,GBR,2024-04-20T13:00:00Z,2024-04-20T14:00:00Z,62.25
United Kingdom,GBR,2024-04-20T14:00:00Z,2024-04-20T15:00:00Z,61
United Kingdom,GBR,2024-04-20T15:00:00Z,2024-04-20T16:00:00Z,79.16
United Kingdom,GBR,2024-04-20T16:00:00Z,2024-04-20T17:00:00Z,88.82
United Kingdom,GBR,2024-04-20T17:00:00Z,2024-04-20T18:00:00Z,99.77
United Kingdom,GBR,2024-04-20T18:00:00Z,2024-04-20T19:00:00Z,105.58
United Kingdom,GBR,2024-04-20T19:00:00Z,2024-04-20T20:00:00Z,105.27
United Kingdom,GBR,2024-04-20T20:00:00Z,2024-04-20T21:00:00Z,94.15
United Kingdom,GBR,2024-04-20T21:00:00Z,2024-04-20T22:00:00Z,83.09
United Kingdom,GBR,2024-04-20T22:00:00Z,2024-04-20T23:00:00Z,81.78
United Kingdom,GBR,2024-04-20T23:00:00Z,2024-04-21T00:00:00Z,72.93
United Kingdom,GBR,2024-04-21T00:00:00Z,2024-04-21T01:00:00Z,68.33
United Kingdom,GBR,2024-04-21T01:00:00Z,2024-04-21T02:00:00Z,67.33
United Kingdom,GBR,2024-04-21T02:00:00Z,2024-04-21T03:00:00Z,65.86
United Kingdom,GBR,2024-04-21T03:00:00Z,2024-04-21T04:00:00Z,66.23
United Kingdom,GBR,2024-04-21T04:00:00Z,2024-04-21T05:00:00Z,65.2
United Kingdom,GBR,2024-04-21T05:00:00Z,2024-04-21T06:00:00Z,62.33
United Kingdom,GBR,2024-04-21T06:00:00Z,2024-04-21T07:00:00Z,61.03
United Kingdom,GBR,2024-04-21T07:00:00Z,2024-04-21T08:00:00Z,66.71
United Kingdom,GBR,2024-04-21T08:00:00Z,2024-04-21T09:00:00Z,72.61
United Kingdom,GBR,2024-04-21T09:00:00Z,2024-04-21T10:00:00Z,77.2
United Kingdom,GBR,2024-04-21T10:00:00Z,2024-04-21T11:00:00Z,80.74
United Kingdom,GBR,2024-04-21T11:00:00Z,2024-04-21T12:00:00Z,91.21
United Kingdom,GBR,2024-04-21T12:00:00Z,2024-04-21T13:00:00Z,83.93
United Kingdom,GBR,2024-04-21T13:00:00Z,2024-04-21T14:00:00Z,83.35
United Kingdom,GBR,2024-04-21T14:00:00Z,2024-04-21T15:00:00Z,79.63
United Kingdom,GBR,2024-04-21T15:00:00Z,2024-04-21T16:00:00Z,80.59
United Kingdom,GBR,2024-04-21T16:00:00Z,2024-04-21T17:00:00Z,94.65
United Kingdom,GBR,2024-04-21T17:00:00Z,2024-04-21T18:00:00Z,105.05
United Kingdom,GBR,2024-04-21T18:00:00Z,2024-04-21T19:00:00Z,108.32
United Kingdom,GBR,2024-04-21T19:00:00Z,2024-04-21T20:00:00Z,107.46
United Kingdom,GBR,2024-04-21T20:00:00Z,2024-04-21T21:00:00Z,97.24
United Kingdom,GBR,2024-04-21T21:00:00Z,2024-04-21T22:00:00Z,92.88
United Kingdom,GBR,2024-04-21T22:00:00Z,2024-04-21T23:00:00Z,82.01
United Kingdom,GBR,2024-04-21T23:00:00Z,2024-04-22T00:00:00Z,75.77
United Kingdom,GBR,2024-04-22T00:00:00Z,2024-04-22T01:00:00Z,77.83
United Kingdom,GBR,2024-04-22T01:00:00Z,2024-04-22T02:00:00Z,80.55
United Kingdom,GBR,2024-04-22T02:00:00Z,2024-04-22T03:00:00Z,75.98
United Kingdom,GBR,2024-04-22T03:00:00Z,2024-04-22T04:00:00Z,77.24
United Kingdom,GBR,2024-04-22T04:00:00Z,2024-04-22T05:00:00Z,96.41
United Kingdom,GBR,2024-04-22T05:00:00Z,2024-04-22T06:00:00Z,115.88
United Kingdom,GBR,2024-04-22T06:00:00Z,2024-04-22T07:00:00Z,117.97
United Kingdom,GBR,2024-04-22T07:00:00Z,2024-04-22T08:00:00Z,95.56
United Kingdom,GBR,2024-04-22T08:00:00Z,2024-04-22T09:00:00Z,88.18
United Kingdom,GBR,2024-04-22T09:00:00Z,2024-04-22T10:00:00Z,84.76
United Kingdom,GBR,2024-04-22T10:00:00Z,2024-04-22T11:00:00Z,82.34
United Kingdom,GBR,2024-04-22T11:00:00Z,2024-04-22T12:00:00Z,82.63
United Kingdom,GBR,2024-04-22T12:00:00Z,2024-04-22T13:00:00Z,75.79
United Kingdom,GBR,2024-04-22T13:00:00Z,2024-04-22T14:00:00Z,74.49
United Kingdom,GBR,2024-04-22T14:00:00Z,2024-04-22T15:00:00Z,76.34
United Kingdom,GBR,2024-04-22T15:00:00Z,2024-04-22T16:00:00Z,89.79
United Kingdom,GBR,2024-04-22T16:00:00Z,2024-04-22T17:00:00Z,99.31
United Kingdom,GBR,2024-04-22T17:00:00Z,2024-04-22T18:00:00Z,116.81
United Kingdom,GBR,2024-04-22T18:00:00Z,2024-04-22T19:00:00Z,110.85
United Kingdom,GBR,2024-04-22T19:00:00Z,2024-04-22T20:00:00Z,104.06
United Kingdom,GBR,2024-04-22T20:00:00Z,2024-04-22T21:00:00Z,90.68
United Kingdom,GBR,2024-04-22T21:00:00Z,2024-04-22T22:00:00Z,84.23
United Kingdom,GBR,2024-04-22T22:00:00Z,2024-04-22T23:00:00Z,81.91
United Kingdom,GBR,2024-04-22T23:00:00Z,2024-04-23T00:00:00Z,75.79
United Kingdom,GBR,2024-04-23T00:00:00Z,2024-04-23T01:00:00Z,75.27
United Kingdom,GBR,2024-04-23T01:00:00Z,2024-04-23T02:00:00Z,75.56
United Kingdom,GBR,2024-04-23T02:00:00Z,2024-04-23T03:00:00Z,73.56
United Kingdom,GBR,2024-04-23T03:00:00Z,2024-04-23T04:00:00Z,72.57
United Kingdom,GBR,2024-04-23T04:00:00Z,2024-04-23T05:00:00Z,87.01
United Kingdom,GBR,2024-04-23T05:00:00Z,2024-04-23T06:00:00Z,120.41
United Kingdom,GBR,2024-04-23T06:00:00Z,2024-04-23T07:00:00Z,117.67
United Kingdom,GBR,2024-04-23T07:00:00Z,2024-04-23T08:00:00Z,99.3
United Kingdom,GBR,2024-04-23T08:00:00Z,2024-04-23T09:00:00Z,84.36
United Kingdom,GBR,2024-04-23T09:00:00Z,2024-04-23T10:00:00Z,76.6
United Kingdom,GBR,2024-04-23T10:00:00Z,2024-04-23T11:00:00Z,76.58
United Kingdom,GBR,2024-04-23T11:00:00Z,2024-04-23T12:00:00Z,76.28
United Kingdom,GBR,2024-04-23T12:00:00Z,2024-04-23T13:00:00Z,70.85
United Kingdom,GBR,2024-04-23T13:00:00Z,2024-04-23T14:00:00Z,70.2
United Kingdom,GBR,2024-04-23T14:00:00Z,2024-04-23T15:00:00Z,68.56
United Kingdom,GBR,2024-04-23T15:00:00Z,2024-04-23T16:00:00Z,74.56
United Kingdom,GBR,2024-04-23T16:00:00Z,2024-04-23T17:00:00Z,86.51
United Kingdom,GBR,2024-04-23T17:00:00Z,2024-04-23T18:00:00Z,105.71
United Kingdom,GBR,2024-04-23T18:00:00Z,2024-04-23T19:00:00Z,107.18
United Kingdom,GBR,2024-04-23T19:00:00Z,2024-04-23T20:00:00Z,103.79
United Kingdom,GBR,2024-04-23T20:00:00Z,2024-04-23T21:00:00Z,92.3
United Kingdom,GBR,2024-04-23T21:00:00Z,2024-04-23T22:00:00Z,78.77
United Kingdom,GBR,2024-04-23T22:00:00Z,2024-04-23T23:00:00Z,72.93
United Kingdom,GBR,2024-04-23T23:00:00Z,2024-04-24T00:00:00Z,69.65
United Kingdom,GBR,2024-04-24T00:00:00Z,2024-04-24T01:00:00Z,69.63
United Kingdom,GBR,2024-04-24T01:00:00Z,2024-04-24T02:00:00Z,67.84
United Kingdom,GBR,2024-04-24T02:00:00Z,2024-04-24T03:00:00Z,66.82
United Kingdom,GBR,2024-04-24T03:00:00Z,2024-04-24T04:00:00Z,66.83
United Kingdom,GBR,2024-04-24T04:00:00Z,2024-04-24T05:00:00Z,81.22
United Kingdom,GBR,2024-04-24T05:00:00Z,2024-04-24T06:00:00Z,104.36
United Kingdom,GBR,2024-04-24T06:00:00Z,2024-04-24T07:00:00Z,113.9
United Kingdom,GBR,2024-04-24T07:00:00Z,2024-04-24T08:00:00Z,100.26
United Kingdom,GBR,2024-04-24T08:00:00Z,2024-04-24T09:00:00Z,83.59
United Kingdom,GBR,2024-04-24T09:00:00Z,2024-04-24T10:00:00Z,77.15
United Kingdom,GBR,2024-04-24T10:00:00Z,2024-04-24T11:00:00Z,78.12
United Kingdom,GBR,2024-04-24T11:00:00Z,2024-04-24T12:00:00Z,76.93
United Kingdom,GBR,2024-04-24T12:00:00Z,2024-04-24T13:00:00Z,71.99
United Kingdom,GBR,2024-04-24T13:00:00Z,2024-04-24T14:00:00Z,71.99
United Kingdom,GBR,2024-04-24T14:00:00Z,2024-04-24T15:00:00Z,74.43
United Kingdom,GBR,2024-04-24T15:00:00Z,2024-04-24T16:00:00Z,82.21
United Kingdom,GBR,2024-04-24T16:00:00Z,2024-04-24T17:00:00Z,84.65
United Kingdom,GBR,2024-04-24T17:00:00Z,2024-04-24T18:00:00Z,93.65
United Kingdom,GBR,2024-04-24T18:00:00Z,2024-04-24T19:00:00Z,103.83
United Kingdom,GBR,2024-04-24T19:00:00Z,2024-04-24T20:00:00Z,105.38
United Kingdom,GBR,2024-04-24T20:00:00Z,2024-04-24T21:00:00Z,98.36
United Kingdom,GBR,2024-04-24T21:00:00Z,2024-04-24T22:00:00Z,84.35
United Kingdom,GBR,2024-04-24T22:00:00Z,2024-04-24T23:00:00Z,81.41
United Kingdom,GBR,2024-04-24T23:00:00Z,2024-04-25T00:00:00Z,78.31
United Kingdom,GBR,2024-04-25T00:00:00Z,2024-04-25T01:00:00Z,76.79
United Kingdom,GBR,2024-04-25T01:00:00Z,2024-04-25T02:00:00Z,73.85
United Kingdom,GBR,2024-04-25T02:00:00Z,2024-04-25T03:00:00Z,72.63
United Kingdom,GBR,2024-04-25T03:00:00Z,2024-04-25T04:00:00Z,73.17
United Kingdom,GBR,2024-04-25T04:00:00Z,2024-04-25T05:00:00Z,87.21
United Kingdom,GBR,2024-04-25T05:00:00Z,2024-04-25T06:00:00Z,111.56
United Kingdom,GBR,2024-04-25T06:00:00Z,2024-04-25T07:00:00Z,113.13
United Kingdom,GBR,2024-04-25T07:00:00Z,2024-04-25T08:00:00Z,94.91
United Kingdom,GBR,2024-04-25T08:00:00Z,2024-04-25T09:00:00Z,83.29
United Kingdom,GBR,2024-04-25T09:00:00Z,2024-04-25T10:00:00Z,77.38
United Kingdom,GBR,2024-04-25T10:00:00Z,2024-04-25T11:00:00Z,75.15
United Kingdom,GBR,2024-04-25T11:00:00Z,2024-04-25T12:00:00Z,74.26
United Kingdom,GBR,2024-04-25T12:00:00Z,2024-04-25T13:00:00Z,74.05
United Kingdom,GBR,2024-04-25T13:00:00Z,2024-04-25T14:00:00Z,74.47
United Kingdom,GBR,2024-04-25T14:00:00Z,2024-04-25T15:00:00Z,76.71
United Kingdom,GBR,2024-04-25T15:00:00Z,2024-04-25T16:00:00Z,87.37
United Kingdom,GBR,2024-04-25T16:00:00Z,2024-04-25T17:00:00Z,100.13
United Kingdom,GBR,2024-04-25T17:00:00Z,2024-04-25T18:00:00Z,115.17
United Kingdom,GBR,2024-04-25T18:00:00Z,2024-04-25T19:00:00Z,115.84
United Kingdom,GBR,2024-04-25T19:00:00Z,2024-04-25T20:00:00Z,112.46
United Kingdom,GBR,2024-04-25T20:00:00Z,2024-04-25T21:00:00Z,97.04
United Kingdom,GBR,2024-04-25T21:00:00Z,2024-04-25T22:00:00Z,85.18
United Kingdom,GBR,2024-04-25T22:00:00Z,2024-04-25T23:00:00Z,82.17
United Kingdom,GBR,2024-04-25T23:00:00Z,2024-04-26T00:00:00Z,74.78
United Kingdom,GBR,2024-04-26T00:00:00Z,2024-04-26T01:00:00Z,74.04
United Kingdom,GBR,2024-04-26T01:00:00Z,2024-04-26T02:00:00Z,73.98
United Kingdom,GBR,2024-04-26T02:00:00Z,2024-04-26T03:00:00Z,73.71
United Kingdom,GBR,2024-04-26T03:00:00Z,2024-04-26T04:00:00Z,76.1
United Kingdom,GBR,2024-04-26T04:00:00Z,2024-04-26T05:00:00Z,85.47
United Kingdom,GBR,2024-04-26T05:00:00Z,2024-04-26T06:00:00Z,105.01
United Kingdom,GBR,2024-04-26T06:00:00Z,2024-04-26T07:00:00Z,108.88
United Kingdom,GBR,2024-04-26T07:00:00Z,2024-04-26T08:00:00Z,105.06
United Kingdom,GBR,2024-04-26T08:00:00Z,2024-04-26T09:00:00Z,96.68
United Kingdom,GBR,2024-04-26T09:00:00Z,2024-04-26T10:00:00Z,88.11
United Kingdom,GBR,2024-04-26T10:00:00Z,2024-04-26T11:00:00Z,83.89
United Kingdom,GBR,2024-04-26T11:00:00Z,2024-04-26T12:00:00Z,82.49
United Kingdom,GBR,2024-04-26T12:00:00Z,2024-04-26T13:00:00Z,77.29
United Kingdom,GBR,2024-04-26T13:00:00Z,2024-04-26T14:00:00Z,75.84
United Kingdom,GBR,2024-04-26T14:00:00Z,2024-04-26T15:00:00Z,76.63
United Kingdom,GBR,2024-04-26T15:00:00Z,2024-04-26T16:00:00Z,88.3
United Kingdom,GBR,2024-04-26T16:00:00Z,2024-04-26T17:00:00Z,97.58
United Kingdom,GBR,2024-04-26T17:00:00Z,2024-04-26T18:00:00Z,113.38
United Kingdom,GBR,2024-04-26T18:00:00Z,2024-04-26T19:00:00Z,116.6
United Kingdom,GBR,2024-04-26T19:00:00Z,2024-04-26T20:00:00Z,104.79
United Kingdom,GBR,2024-04-26T20:00:00Z,2024-04-26T21:00:00Z,92.15
United Kingdom,GBR,2024-04-26T21:00:00Z,2024-04-26T22:00:00Z,87.88
United Kingdom,GBR,2024-04-26T22:00:00Z,2024-04-26T23:00:00Z,89.09
United Kingdom,GBR,2024-04-26T23:00:00Z,2024-04-27T00:00:00Z,87.1
United Kingdom,GBR,2024-04-27T00:00:00Z,2024-04-27T01:00:00Z,86.85
United Kingdom,GBR,2024-04-27T01:00:00Z,2024-04-27T02:00:00Z,85.14
United Kingdom,GBR,2024-04-27T02:00:00Z,2024-04-27T03:00:00Z,79.98
United Kingdom,GBR,2024-04-27T03:00:00Z,2024-04-27T04:00:00Z,77.99
United Kingdom,GBR,2024-04-27T04:00:00Z,2024-04-27T05:00:00Z,77.33
United Kingdom,GBR,2024-04-27T05:00:00Z,2024-04-27T06:00:00Z,77.51
United Kingdom,GBR,2024-04-27T06:00:00Z,2024-04-27T07:00:00Z,78.58
United Kingdom,GBR,2024-04-27T07:00:00Z,2024-04-27T08:00:00Z,85.72
United Kingdom,GBR,2024-04-27T08:00:00Z,2024-04-27T09:00:00Z,93.32
United Kingdom,GBR,2024-04-27T09:00:00Z,2024-04-27T10:00:00Z,97.88
United Kingdom,GBR,2024-04-27T10:00:00Z,2024-04-27T11:00:00Z,90.11
United Kingdom,GBR,2024-04-27T11:00:00Z,2024-04-27T12:00:00Z,87.51
United Kingdom,GBR,2024-04-27T12:00:00Z,2024-04-27T13:00:00Z,79.54
United Kingdom,GBR,2024-04-27T13:00:00Z,2024-04-27T14:00:00Z,73.14
United Kingdom,GBR,2024-04-27T14:00:00Z,2024-04-27T15:00:00Z,75.62
United Kingdom,GBR,2024-04-27T15:00:00Z,2024-04-27T16:00:00Z,79.27
United Kingdom,GBR,2024-04-27T16:00:00Z,2024-04-27T17:00:00Z,92.02
United Kingdom,GBR,2024-04-27T17:00:00Z,2024-04-27T18:00:00Z,100.3
United Kingdom,GBR,2024-04-27T18:00:00Z,2024-04-27T19:00:00Z,97.68
United Kingdom,GBR,2024-04-27T19:00:00Z,2024-04-27T20:00:00Z,93.36
United Kingdom,GBR,2024-04-27T20:00:00Z,2024-04-27T21:00:00Z,89.78
United Kingdom,GBR,2024-04-27T21:00:00Z,2024-04-27T22:00:00Z,80.37
United Kingdom,GBR,2024-04-27T22:00:00Z,2024-04-27T23:00:00Z,88.24
United Kingdom,GBR,2024-04-27T23:00:00Z,2024-04-28T00:00:00Z,86.74
United Kingdom,GBR,2024-04-28T00:00:00Z,2024-04-28T01:00:00Z,88.55
United Kingdom,GBR,2024-04-28T01:00:00Z,2024-04-28T02:00:00Z,78.77
United Kingdom,GBR,2024-04-28T02:00:00Z,2024-04-28T03:00:00Z,66.24
United Kingdom,GBR,2024-04-28T03:00:00Z,2024-04-28T04:00:00Z,59.71
United Kingdom,GBR,2024-04-28T04:00:00Z,2024-04-28T05:00:00Z,58.25
United Kingdom,GBR,2024-04-28T05:00:00Z,2024-04-28T06:00:00Z,66.4
United Kingdom,GBR,2024-04-28T06:00:00Z,2024-04-28T07:00:00Z,70.4
United Kingdom,GBR,2024-04-28T07:00:00Z,2024-04-28T08:00:00Z,77.31
United Kingdom,GBR,2024-04-28T08:00:00Z,2024-04-28T09:00:00Z,89.77
United Kingdom,GBR,2024-04-28T09:00:00Z,2024-04-28T10:00:00Z,93.08
United Kingdom,GBR,2024-04-28T10:00:00Z,2024-04-28T11:00:00Z,88.03
United Kingdom,GBR,2024-04-28T11:00:00Z,2024-04-28T12:00:00Z,88.19
United Kingdom,GBR,2024-04-28T12:00:00Z,2024-04-28T13:00:00Z,74.62
United Kingdom,GBR,2024-04-28T13:00:00Z,2024-04-28T14:00:00Z,58.24
United Kingdom,GBR,2024-04-28T14:00:00Z,2024-04-28T15:00:00Z,55.78
United Kingdom,GBR,2024-04-28T15:00:00Z,2024-04-28T16:00:00Z,70.82
United Kingdom,GBR,2024-04-28T16:00:00Z,2024-04-28T17:00:00Z,82.73
United Kingdom,GBR,2024-04-28T17:00:00Z,2024-04-28T18:00:00Z,92.77
United Kingdom,GBR,2024-04-28T18:00:00Z,2024-04-28T19:00:00Z,99.89
United Kingdom,GBR,2024-04-28T19:00:00Z,2024-04-28T20:00:00Z,98.21
United Kingdom,GBR,2024-04-28T20:00:00Z,2024-04-28T21:00:00Z,91.23
United Kingdom,GBR,2024-04-28T21:00:00Z,2024-04-28T22:00:00Z,75.18
United Kingdom,GBR,2024-04-28T22:00:00Z,2024-04-28T23:00:00Z,72.36
United Kingdom,GBR,2024-04-28T23:00:00Z,2024-04-29T00:00:00Z,65.22
United Kingdom,GBR,2024-04-29T00:00:00Z,2024-04-29T01:00:00Z,65.19
United Kingdom,GBR,2024-04-29T01:00:00Z,2024-04-29T02:00:00Z,64.22
United Kingdom,GBR,2024-04-29T02:00:00Z,2024-04-29T03:00:00Z,64.4
United Kingdom,GBR,2024-04-29T03:00:00Z,2024-04-29T04:00:00Z,66.82
United Kingdom,GBR,2024-04-29T04:00:00Z,2024-04-29T05:00:00Z,79.6
United Kingdom,GBR,2024-04-29T05:00:00Z,2024-04-29T06:00:00Z,102.43
United Kingdom,GBR,2024-04-29T06:00:00Z,2024-04-29T07:00:00Z,103.06
United Kingdom,GBR,2024-04-29T07:00:00Z,2024-04-29T08:00:00Z,90.18
United Kingdom,GBR,2024-04-29T08:00:00Z,2024-04-29T09:00:00Z,77.22
United Kingdom,GBR,2024-04-29T09:00:00Z,2024-04-29T10:00:00Z,72.16
United Kingdom,GBR,2024-04-29T10:00:00Z,2024-04-29T11:00:00Z,65.56
United Kingdom,GBR,2024-04-29T11:00:00Z,2024-04-29T12:00:00Z,59.47
United Kingdom,GBR,2024-04-29T12:00:00Z,2024-04-29T13:00:00Z,51.05
United Kingdom,GBR,2024-04-29T13:00:00Z,2024-04-29T14:00:00Z,50.61
United Kingdom,GBR,2024-04-29T14:00:00Z,2024-04-29T15:00:00Z,58.02
United Kingdom,GBR,2024-04-29T15:00:00Z,2024-04-29T16:00:00Z,70.63
United Kingdom,GBR,2024-04-29T16:00:00Z,2024-04-29T17:00:00Z,86.98
United Kingdom,GBR,2024-04-29T17:00:00Z,2024-04-29T18:00:00Z,103.55
United Kingdom,GBR,2024-04-29T18:00:00Z,2024-04-29T19:00:00Z,107.78
United Kingdom,GBR,2024-04-29T19:00:00Z,2024-04-29T20:00:00Z,105.29
United Kingdom,GBR,2024-04-29T20:00:00Z,2024-04-29T21:00:00Z,90.33
United Kingdom,GBR,2024-04-29T21:00:00Z,2024-04-29T22:00:00Z,73.61
United Kingdom,GBR,2024-04-29T22:00:00Z,2024-04-29T23:00:00Z,73.41
United Kingdom,GBR,2024-04-29T23:00:00Z,2024-04-30T00:00:00Z,67.07
United Kingdom,GBR,2024-04-30T00:00:00Z,2024-04-30T01:00:00Z,65.57
United Kingdom,GBR,2024-04-30T01:00:00Z,2024-04-30T02:00:00Z,66.23
United Kingdom,GBR,2024-04-30T02:00:00Z,2024-04-30T03:00:00Z,67.43
United Kingdom,GBR,2024-04-30T03:00:00Z,2024-04-30T04:00:00Z,70.36
United Kingdom,GBR,2024-04-30T04:00:00Z,2024-04-30T05:00:00Z,80.67
United Kingdom,GBR,2024-04-30T05:00:00Z,2024-04-30T06:00:00Z,101.6
United Kingdom,GBR,2024-04-30T06:00:00Z,2024-04-30T07:00:00Z,105.26
United Kingdom,GBR,2024-04-30T07:00:00Z,2024-04-30T08:00:00Z,95.58
United Kingdom,GBR,2024-04-30T08:00:00Z,2024-04-30T09:00:00Z,75.27
United Kingdom,GBR,2024-04-30T09:00:00Z,2024-04-30T10:00:00Z,65.65
United Kingdom,GBR,2024-04-30T10:00:00Z,2024-04-30T11:00:00Z,59.6
United Kingdom,GBR,2024-04-30T11:00:00Z,2024-04-30T12:00:00Z,49.71
United Kingdom,GBR,2024-04-30T12:00:00Z,2024-04-30T13:00:00Z,43.28
United Kingdom,GBR,2024-04-30T13:00:00Z,2024-04-30T14:00:00Z,45.4
United Kingdom,GBR,2024-04-30T14:00:00Z,2024-04-30T15:00:00Z,52.02
United Kingdom,GBR,2024-04-30T15:00:00Z,2024-04-30T16:00:00Z,69.15
United Kingdom,GBR,2024-04-30T16:00:00Z,2024-04-30T17:00:00Z,82.18
United Kingdom,GBR,2024-04-30T17:00:00Z,2024-04-30T18:00:00Z,99.8
United Kingdom,GBR,2024-04-30T18:00:00Z,2024-04-30T19:00:00Z,102.28
United Kingdom,GBR,2024-04-30T19:00:00Z,2024-04-30T20:00:00Z,97.97
United Kingdom,GBR,2024-04-30T20:00:00Z,2024-04-30T21:00:00Z,88.33
United Kingdom,GBR,2024-04-30T21:00:00Z,2024-04-30T22:00:00Z,76.61
United Kingdom,GBR,2024-04-30T22:00:00Z,2024-04-30T23:00:00Z,68.2
United Kingdom,GBR,2024-04-30T23:00:00Z,2024-05-01T00:00:00Z,63.43
United Kingdom,GBR,2024-05-01T00:00:00Z,2024-05-01T01:00:00Z,65.21
United Kingdom,GBR,2024-05-01T01:00:00Z,2024-05-01T02:00:00Z,63.38
United Kingdom,GBR,2024-05-01T02:00:00Z,2024-05-01T03:00:00Z,65.06
United Kingdom,GBR,2024-05-01T03:00:00Z,2024-05-01T04:00:00Z,64.96
United Kingdom,GBR,2024-05-01T04:00:00Z,2024-05-01T05:00:00Z,71.69
United Kingdom,GBR,2024-05-01T05:00:00Z,2024-05-01T06:00:00Z,87.75
United Kingdom,GBR,2024-05-01T06:00:00Z,2024-05-01T07:00:00Z,94.11
United Kingdom,GBR,2024-05-01T07:00:00Z,2024-05-01T08:00:00Z,104.83
United Kingdom,GBR,2024-05-01T08:00:00Z,2024-05-01T09:00:00Z,98.19
United Kingdom,GBR,2024-05-01T09:00:00Z,2024-05-01T10:00:00Z,94.25
United Kingdom,GBR,2024-05-01T10:00:00Z,2024-05-01T11:00:00Z,90.67
United Kingdom,GBR,2024-05-01T11:00:00Z,2024-05-01T12:00:00Z,84.77
United Kingdom,GBR,2024-05-01T12:00:00Z,2024-05-01T13:00:00Z,78.49
United Kingdom,GBR,2024-05-01T13:00:00Z,2024-05-01T14:00:00Z,73.97
United Kingdom,GBR,2024-05-01T14:00:00Z,2024-05-01T15:00:00Z,71.9
United Kingdom,GBR,2024-05-01T15:00:00Z,2024-05-01T16:00:00Z,84.06
United Kingdom,GBR,2024-05-01T16:00:00Z,2024-05-01T17:00:00Z,92.98
United Kingdom,GBR,2024-05-01T17:00:00Z,2024-05-01T18:00:00Z,93.79
United Kingdom,GBR,2024-05-01T18:00:00Z,2024-05-01T19:00:00Z,94.32
United Kingdom,GBR,2024-05-01T19:00:00Z,2024-05-01T20:00:00Z,88.36
United Kingdom,GBR,2024-05-01T20:00:00Z,2024-05-01T21:00:00Z,78.13
United Kingdom,GBR,2024-05-01T21:00:00Z,2024-05-01T22:00:00Z,66.32
United Kingdom,GBR,2024-05-01T22:00:00Z,2024-05-01T23:00:00Z,75.68
United Kingdom,GBR,2024-05-01T23:00:00Z,2024-05-02T00:00:00Z,66.06
United Kingdom,GBR,2024-05-02T00:00:00Z,2024-05-02T01:00:00Z,64.32
United Kingdom,GBR,2024-05-02T01:00:00Z,2024-05-02T02:00:00Z,54.83
United Kingdom,GBR,2024-05-02T02:00:00Z,2024-05-02T03:00:00Z,50.8
United Kingdom,GBR,2024-05-02T03:00:00Z,2024-05-02T04:00:00Z,53.56
United Kingdom,GBR,2024-05-02T04:00:00Z,2024-05-02T05:00:00Z,64.87
United Kingdom,GBR,2024-05-02T05:00:00Z,2024-05-02T06:00:00Z,81.26
United Kingdom,GBR,2024-05-02T06:00:00Z,2024-05-02T07:00:00Z,97.94
United Kingdom,GBR,2024-05-02T07:00:00Z,2024-05-02T08:00:00Z,96.62
United Kingdom,GBR,2024-05-02T08:00:00Z,2024-05-02T09:00:00Z,92.89
United Kingdom,GBR,2024-05-02T09:00:00Z,2024-05-02T10:00:00Z,79
United Kingdom,GBR,2024-05-02T10:00:00Z,2024-05-02T11:00:00Z,76.79
United Kingdom,GBR,2024-05-02T11:00:00Z,2024-05-02T12:00:00Z,69.27
United Kingdom,GBR,2024-05-02T12:00:00Z,2024-05-02T13:00:00Z,62.55
United Kingdom,GBR,2024-05-02T13:00:00Z,2024-05-02T14:00:00Z,46.92
United Kingdom,GBR,2024-05-02T14:00:00Z,2024-05-02T15:00:00Z,43.87
United Kingdom,GBR,2024-05-02T15:00:00Z,2024-05-02T16:00:00Z,67.61
United Kingdom,GBR,2024-05-02T16:00:00Z,2024-05-02T17:00:00Z,82.71
United Kingdom,GBR,2024-05-02T17:00:00Z,2024-05-02T18:00:00Z,91.46
United Kingdom,GBR,2024-05-02T18:00:00Z,2024-05-02T19:00:00Z,93.57
United Kingdom,GBR,2024-05-02T19:00:00Z,2024-05-02T20:00:00Z,93.67
United Kingdom,GBR,2024-05-02T20:00:00Z,2024-05-02T21:00:00Z,84
United Kingdom,GBR,2024-05-02T21:00:00Z,2024-05-02T22:00:00Z,77.84
United Kingdom,GBR,2024-05-02T22:00:00Z,2024-05-02T23:00:00Z,82.79
United Kingdom,GBR,2024-05-02T23:00:00Z,2024-05-03T00:00:00Z,72.54
United Kingdom,GBR,2024-05-03T00:00:00Z,2024-05-03T01:00:00Z,70.62
United Kingdom,GBR,2024-05-03T01:00:00Z,2024-05-03T02:00:00Z,70.34
United Kingdom,GBR,2024-05-03T02:00:00Z,2024-05-03T03:00:00Z,69.08
United Kingdom,GBR,2024-05-03T03:00:00Z,2024-05-03T04:00:00Z,70.31
United Kingdom,GBR,2024-05-03T04:00:00Z,2024-05-03T05:00:00Z,72.7
United Kingdom,GBR,2024-05-03T05:00:00Z,2024-05-03T06:00:00Z,82.09
United Kingdom,GBR,2024-05-03T06:00:00Z,2024-05-03T07:00:00Z,90
United Kingdom,GBR,2024-05-03T07:00:00Z,2024-05-03T08:00:00Z,93.61
United Kingdom,GBR,2024-05-03T08:00:00Z,2024-05-03T09:00:00Z,95.81
United Kingdom,GBR,2024-05-03T09:00:00Z,2024-05-03T10:00:00Z,91.62
United Kingdom,GBR,2024-05-03T10:00:00Z,2024-05-03T11:00:00Z,86.38
United Kingdom,GBR,2024-05-03T11:00:00Z,2024-05-03T12:00:00Z,86.24
United Kingdom,GBR,2024-05-03T12:00:00Z,2024-05-03T13:00:00Z,77.16
United Kingdom,GBR,2024-05-03T13:00:00Z,2024-05-03T14:00:00Z,71.08
United Kingdom,GBR,2024-05-03T14:00:00Z,2024-05-03T15:00:00Z,68.54
United Kingdom,GBR,2024-05-03T15:00:00Z,2024-05-03T16:00:00Z,74.8
United Kingdom,GBR,2024-05-03T16:00:00Z,2024-05-03T17:00:00Z,92.17
United Kingdom,GBR,2024-05-03T17:00:00Z,2024-05-03T18:00:00Z,95.82
United Kingdom,GBR,2024-05-03T18:00:00Z,2024-05-03T19:00:00Z,99.3
United Kingdom,GBR,2024-05-03T19:00:00Z,2024-05-03T20:00:00Z,94.66
United Kingdom,GBR,2024-05-03T20:00:00Z,2024-05-03T21:00:00Z,92.19
United Kingdom,GBR,2024-05-03T21:00:00Z,2024-05-03T22:00:00Z,75.52
United Kingdom,GBR,2024-05-03T22:00:00Z,2024-05-03T23:00:00Z,84.2
United Kingdom,GBR,2024-05-03T23:00:00Z,2024-05-04T00:00:00Z,79.18
United Kingdom,GBR,2024-05-04T00:00:00Z,2024-05-04T01:00:00Z,74.59
United Kingdom,GBR,2024-05-04T01:00:00Z,2024-05-04T02:00:00Z,72.69
United Kingdom,GBR,2024-05-04T02:00:00Z,2024-05-04T03:00:00Z,73.93
United Kingdom,GBR,2024-05-04T03:00:00Z,2024-05-04T04:00:00Z,73.8
United Kingdom,GBR,2024-05-04T04:00:00Z,2024-05-04T05:00:00Z,76.82
United Kingdom,GBR,2024-05-04T05:00:00Z,2024-05-04T06:00:00Z,78.67
United Kingdom,GBR,2024-05-04T06:00:00Z,2024-05-04T07:00:00Z,75.56
United Kingdom,GBR,2024-05-04T07:00:00Z,2024-05-04T08:00:00Z,81.16
United Kingdom,GBR,2024-05-04T08:00:00Z,2024-05-04T09:00:00Z,94.53
United Kingdom,GBR,2024-05-04T09:00:00Z,2024-05-04T10:00:00Z,98.58
United Kingdom,GBR,2024-05-04T10:00:00Z,2024-05-04T11:00:00Z,91.78
United Kingdom,GBR,2024-05-04T11:00:00Z,2024-05-04T12:00:00Z,84.21
United Kingdom,GBR,2024-05-04T12:00:00Z,2024-05-04T13:00:00Z,74.93
United Kingdom,GBR,2024-05-04T13:00:00Z,2024-05-04T14:00:00Z,70.68
United Kingdom,GBR,2024-05-04T14:00:00Z,2024-05-04T15:00:00Z,72.24
United Kingdom,GBR,2024-05-04T15:00:00Z,2024-05-04T16:00:00Z,79.81
United Kingdom,GBR,2024-05-04T16:00:00Z,2024-05-04T17:00:00Z,91.52
United Kingdom,GBR,2024-05-04T17:00:00Z,2024-05-04T18:00:00Z,108.74
United Kingdom,GBR,2024-05-04T18:00:00Z,2024-05-04T19:00:00Z,113.96
United Kingdom,GBR,2024-05-04T19:00:00Z,2024-05-04T20:00:00Z,105.31
United Kingdom,GBR,2024-05-04T20:00:00Z,2024-05-04T21:00:00Z,91.57
United Kingdom,GBR,2024-05-04T21:00:00Z,2024-05-04T22:00:00Z,86.04
United Kingdom,GBR,2024-05-04T22:00:00Z,2024-05-04T23:00:00Z,96.98
United Kingdom,GBR,2024-05-04T23:00:00Z,2024-05-05T00:00:00Z,88.95
United Kingdom,GBR,2024-05-05T00:00:00Z,2024-05-05T01:00:00Z,85.97
United Kingdom,GBR,2024-05-05T01:00:00Z,2024-05-05T02:00:00Z,85.44
United Kingdom,GBR,2024-05-05T02:00:00Z,2024-05-05T03:00:00Z,80.88
United Kingdom,GBR,2024-05-05T03:00:00Z,2024-05-05T04:00:00Z,77.15
United Kingdom,GBR,2024-05-05T04:00:00Z,2024-05-05T05:00:00Z,77.29
United Kingdom,GBR,2024-05-05T05:00:00Z,2024-05-05T06:00:00Z,77.1
United Kingdom,GBR,2024-05-05T06:00:00Z,2024-05-05T07:00:00Z,80.38
United Kingdom,GBR,2024-05-05T07:00:00Z,2024-05-05T08:00:00Z,87.81
United Kingdom,GBR,2024-05-05T08:00:00Z,2024-05-05T09:00:00Z,97.83
United Kingdom,GBR,2024-05-05T09:00:00Z,2024-05-05T10:00:00Z,91.3
United Kingdom,GBR,2024-05-05T10:00:00Z,2024-05-05T11:00:00Z,88.67
United Kingdom,GBR,2024-05-05T11:00:00Z,2024-05-05T12:00:00Z,91.59
United Kingdom,GBR,2024-05-05T12:00:00Z,2024-05-05T13:00:00Z,85
United Kingdom,GBR,2024-05-05T13:00:00Z,2024-05-05T14:00:00Z,82.74
United Kingdom,GBR,2024-05-05T14:00:00Z,2024-05-05T15:00:00Z,86.21
United Kingdom,GBR,2024-05-05T15:00:00Z,2024-05-05T16:00:00Z,84.62
United Kingdom,GBR,2024-05-05T16:00:00Z,2024-05-05T17:00:00Z,92.32
United Kingdom,GBR,2024-05-05T17:00:00Z,2024-05-05T18:00:00Z,101.68
United Kingdom,GBR,2024-05-05T18:00:00Z,2024-05-05T19:00:00Z,113.79
United Kingdom,GBR,2024-05-05T19:00:00Z,2024-05-05T20:00:00Z,109.09
United Kingdom,GBR,2024-05-05T20:00:00Z,2024-05-05T21:00:00Z,101.75
United Kingdom,GBR,2024-05-05T21:00:00Z,2024-05-05T22:00:00Z,90.97
United Kingdom,GBR,2024-05-05T22:00:00Z,2024-05-05T23:00:00Z,85.94
United Kingdom,GBR,2024-05-05T23:00:00Z,2024-05-06T00:00:00Z,81
United Kingdom,GBR,2024-05-06T00:00:00Z,2024-05-06T01:00:00Z,79.63
United Kingdom,GBR,2024-05-06T01:00:00Z,2024-05-06T02:00:00Z,80.57
United Kingdom,GBR,2024-05-06T02:00:00Z,2024-05-06T03:00:00Z,80.21
United Kingdom,GBR,2024-05-06T03:00:00Z,2024-05-06T04:00:00Z,83.11
United Kingdom,GBR,2024-05-06T04:00:00Z,2024-05-06T05:00:00Z,98.78
United Kingdom,GBR,2024-05-06T05:00:00Z,2024-05-06T06:00:00Z,109.89
United Kingdom,GBR,2024-05-06T06:00:00Z,2024-05-06T07:00:00Z,100.42
United Kingdom,GBR,2024-05-06T07:00:00Z,2024-05-06T08:00:00Z,94.25
United Kingdom,GBR,2024-05-06T08:00:00Z,2024-05-06T09:00:00Z,88.39
United Kingdom,GBR,2024-05-06T09:00:00Z,2024-05-06T10:00:00Z,85.82
United Kingdom,GBR,2024-05-06T10:00:00Z,2024-05-06T11:00:00Z,81.99
United Kingdom,GBR,2024-05-06T11:00:00Z,2024-05-06T12:00:00Z,79.24
United Kingdom,GBR,2024-05-06T12:00:00Z,2024-05-06T13:00:00Z,74.66
United Kingdom,GBR,2024-05-06T13:00:00Z,2024-05-06T14:00:00Z,76.11
United Kingdom,GBR,2024-05-06T14:00:00Z,2024-05-06T15:00:00Z,81.66
United Kingdom,GBR,2024-05-06T15:00:00Z,2024-05-06T16:00:00Z,88.36
United Kingdom,GBR,2024-05-06T16:00:00Z,2024-05-06T17:00:00Z,101.36
United Kingdom,GBR,2024-05-06T17:00:00Z,2024-05-06T18:00:00Z,107.98
United Kingdom,GBR,2024-05-06T18:00:00Z,2024-05-06T19:00:00Z,109.92
United Kingdom,GBR,2024-05-06T19:00:00Z,2024-05-06T20:00:00Z,107.48
United Kingdom,GBR,2024-05-06T20:00:00Z,2024-05-06T21:00:00Z,95.75
United Kingdom,GBR,2024-05-06T21:00:00Z,2024-05-06T22:00:00Z,89.7
United Kingdom,GBR,2024-05-06T22:00:00Z,2024-05-06T23:00:00Z,83.67
United Kingdom,GBR,2024-05-06T23:00:00Z,2024-05-07T00:00:00Z,78.58
United Kingdom,GBR,2024-05-07T00:00:00Z,2024-05-07T01:00:00Z,78.39
United Kingdom,GBR,2024-05-07T01:00:00Z,2024-05-07T02:00:00Z,77.5
United Kingdom,GBR,2024-05-07T02:00:00Z,2024-05-07T03:00:00Z,75.1
United Kingdom,GBR,2024-05-07T03:00:00Z,2024-05-07T04:00:00Z,78.66
United Kingdom,GBR,2024-05-07T04:00:00Z,2024-05-07T05:00:00Z,87.49
United Kingdom,GBR,2024-05-07T05:00:00Z,2024-05-07T06:00:00Z,108.36
United Kingdom,GBR,2024-05-07T06:00:00Z,2024-05-07T07:00:00Z,117.37
United Kingdom,GBR,2024-05-07T07:00:00Z,2024-05-07T08:00:00Z,102.8
United Kingdom,GBR,2024-05-07T08:00:00Z,2024-05-07T09:00:00Z,95.44
United Kingdom,GBR,2024-05-07T09:00:00Z,2024-05-07T10:00:00Z,87.01
United Kingdom,GBR,2024-05-07T10:00:00Z,2024-05-07T11:00:00Z,81.58
United Kingdom,GBR,2024-05-07T11:00:00Z,2024-05-07T12:00:00Z,80.87
United Kingdom,GBR,2024-05-07T12:00:00Z,2024-05-07T13:00:00Z,73.62
United Kingdom,GBR,2024-05-07T13:00:00Z,2024-05-07T14:00:00Z,73.02
United Kingdom,GBR,2024-05-07T14:00:00Z,2024-05-07T15:00:00Z,74.35
United Kingdom,GBR,2024-05-07T15:00:00Z,2024-05-07T16:00:00Z,82.61
United Kingdom,GBR,2024-05-07T16:00:00Z,2024-05-07T17:00:00Z,95.74
United Kingdom,GBR,2024-05-07T17:00:00Z,2024-05-07T18:00:00Z,107.39
United Kingdom,GBR,2024-05-07T18:00:00Z,2024-05-07T19:00:00Z,116.2
United Kingdom,GBR,2024-05-07T19:00:00Z,2024-05-07T20:00:00Z,108.51
United Kingdom,GBR,2024-05-07T20:00:00Z,2024-05-07T21:00:00Z,99.05
United Kingdom,GBR,2024-05-07T21:00:00Z,2024-05-07T22:00:00Z,91.03
United Kingdom,GBR,2024-05-07T22:00:00Z,2024-05-07T23:00:00Z,89.35
United Kingdom,GBR,2024-05-07T23:00:00Z,2024-05-08T00:00:00Z,88.63
United Kingdom,GBR,2024-05-08T00:00:00Z,2024-05-08T01:00:00Z,85.08
United Kingdom,GBR,2024-05-08T01:00:00Z,2024-05-08T02:00:00Z,81.32
United Kingdom,GBR,2024-05-08T02:00:00Z,2024-05-08T03:00:00Z,81.64
United Kingdom,GBR,2024-05-08T03:00:00Z,2024-05-08T04:00:00Z,81.74
United Kingdom,GBR,2024-05-08T04:00:00Z,2024-05-08T05:00:00Z,87.89
United Kingdom,GBR,2024-05-08T05:00:00Z,2024-05-08T06:00:00Z,109.7
United Kingdom,GBR,2024-05-08T06:00:00Z,2024-05-08T07:00:00Z,115.16
United Kingdom,GBR,2024-05-08T07:00:00Z,2024-05-08T08:00:00Z,104.29
United Kingdom,GBR,2024-05-08T08:00:00Z,2024-05-08T09:00:00Z,88.35
United Kingdom,GBR,2024-05-08T09:00:00Z,2024-05-08T10:00:00Z,85.9
United Kingdom,GBR,2024-05-08T10:00:00Z,2024-05-08T11:00:00Z,75.95
United Kingdom,GBR,2024-05-08T11:00:00Z,2024-05-08T12:00:00Z,75.19
United Kingdom,GBR,2024-05-08T12:00:00Z,2024-05-08T13:00:00Z,71.92
United Kingdom,GBR,2024-05-08T13:00:00Z,2024-05-08T14:00:00Z,71.02
United Kingdom,GBR,2024-05-08T14:00:00Z,2024-05-08T15:00:00Z,75.18
United Kingdom,GBR,2024-05-08T15:00:00Z,2024-05-08T16:00:00Z,86.35
United Kingdom,GBR,2024-05-08T16:00:00Z,2024-05-08T17:00:00Z,96.63
United Kingdom,GBR,2024-05-08T17:00:00Z,2024-05-08T18:00:00Z,108.6
United Kingdom,GBR,2024-05-08T18:00:00Z,2024-05-08T19:00:00Z,112.58
United Kingdom,GBR,2024-05-08T19:00:00Z,2024-05-08T20:00:00Z,107.76
United Kingdom,GBR,2024-05-08T20:00:00Z,2024-05-08T21:00:00Z,90.87
United Kingdom,GBR,2024-05-08T21:00:00Z,2024-05-08T22:00:00Z,86.55
United Kingdom,GBR,2024-05-08T22:00:00Z,2024-05-08T23:00:00Z,78.82
United Kingdom,GBR,2024-05-08T23:00:00Z,2024-05-09T00:00:00Z,76.25
United Kingdom,GBR,2024-05-09T00:00:00Z,2024-05-09T01:00:00Z,74.64
United Kingdom,GBR,2024-05-09T01:00:00Z,2024-05-09T02:00:00Z,70.91
United Kingdom,GBR,2024-05-09T02:00:00Z,2024-05-09T03:00:00Z,70.19
United Kingdom,GBR,2024-05-09T03:00:00Z,2024-05-09T04:00:00Z,70.95
United Kingdom,GBR,2024-05-09T04:00:00Z,2024-05-09T05:00:00Z,72.43
United Kingdom,GBR,2024-05-09T05:00:00Z,2024-05-09T06:00:00Z,81.32
United Kingdom,GBR,2024-05-09T06:00:00Z,2024-05-09T07:00:00Z,91.1
United Kingdom,GBR,2024-05-09T07:00:00Z,2024-05-09T08:00:00Z,99.04
United Kingdom,GBR,2024-05-09T08:00:00Z,2024-05-09T09:00:00Z,94.59
United Kingdom,GBR,2024-05-09T09:00:00Z,2024-05-09T10:00:00Z,80.52
United Kingdom,GBR,2024-05-09T10:00:00Z,2024-05-09T11:00:00Z,73.68
United Kingdom,GBR,2024-05-09T11:00:00Z,2024-05-09T12:00:00Z,73.68
United Kingdom,GBR,2024-05-09T12:00:00Z,2024-05-09T13:00:00Z,72.26
United Kingdom,GBR,2024-05-09T13:00:00Z,2024-05-09T14:00:00Z,74.36
United Kingdom,GBR,2024-05-09T14:00:00Z,2024-05-09T15:00:00Z,77.05
United Kingdom,GBR,2024-05-09T15:00:00Z,2024-05-09T16:00:00Z,84.5
United Kingdom,GBR,2024-05-09T16:00:00Z,2024-05-09T17:00:00Z,87.69
United Kingdom,GBR,2024-05-09T17:00:00Z,2024-05-09T18:00:00Z,103.44
United Kingdom,GBR,2024-05-09T18:00:00Z,2024-05-09T19:00:00Z,110.52
United Kingdom,GBR,2024-05-09T19:00:00Z,2024-05-09T20:00:00Z,106.8
United Kingdom,GBR,2024-05-09T20:00:00Z,2024-05-09T21:00:00Z,101.46
United Kingdom,GBR,2024-05-09T21:00:00Z,2024-05-09T22:00:00Z,86.68
United Kingdom,GBR,2024-05-09T22:00:00Z,2024-05-09T23:00:00Z,86.66
United Kingdom,GBR,2024-05-09T23:00:00Z,2024-05-10T00:00:00Z,80.32
United Kingdom,GBR,2024-05-10T00:00:00Z,2024-05-10T01:00:00Z,76.41
United Kingdom,GBR,2024-05-10T01:00:00Z,2024-05-10T02:00:00Z,74.97
United Kingdom,GBR,2024-05-10T02:00:00Z,2024-05-10T03:00:00Z,73.95
United Kingdom,GBR,2024-05-10T03:00:00Z,2024-05-10T04:00:00Z,75.39
United Kingdom,GBR,2024-05-10T04:00:00Z,2024-05-10T05:00:00Z,77.39
United Kingdom,GBR,2024-05-10T05:00:00Z,2024-05-10T06:00:00Z,96.96
United Kingdom,GBR,2024-05-10T06:00:00Z,2024-05-10T07:00:00Z,102.74
United Kingdom,GBR,2024-05-10T07:00:00Z,2024-05-10T08:00:00Z,105.95
United Kingdom,GBR,2024-05-10T08:00:00Z,2024-05-10T09:00:00Z,95.51
United Kingdom,GBR,2024-05-10T09:00:00Z,2024-05-10T10:00:00Z,83.35
United Kingdom,GBR,2024-05-10T10:00:00Z,2024-05-10T11:00:00Z,77.85
United Kingdom,GBR,2024-05-10T11:00:00Z,2024-05-10T12:00:00Z,75.43
United Kingdom,GBR,2024-05-10T12:00:00Z,2024-05-10T13:00:00Z,71.35
United Kingdom,GBR,2024-05-10T13:00:00Z,2024-05-10T14:00:00Z,67.12
United Kingdom,GBR,2024-05-10T14:00:00Z,2024-05-10T15:00:00Z,69.07
United Kingdom,GBR,2024-05-10T15:00:00Z,2024-05-10T16:00:00Z,76.52
United Kingdom,GBR,2024-05-10T16:00:00Z,2024-05-10T17:00:00Z,91.19
United Kingdom,GBR,2024-05-10T17:00:00Z,2024-05-10T18:00:00Z,102.54
United Kingdom,GBR,2024-05-10T18:00:00Z,2024-05-10T19:00:00Z,107.87
United Kingdom,GBR,2024-05-10T19:00:00Z,2024-05-10T20:00:00Z,104.74
United Kingdom,GBR,2024-05-10T20:00:00Z,2024-05-10T21:00:00Z,97.48
United Kingdom,GBR,2024-05-10T21:00:00Z,2024-05-10T22:00:00Z,85.05
United Kingdom,GBR,2024-05-10T22:00:00Z,2024-05-10T23:00:00Z,89.2
United Kingdom,GBR,2024-05-10T23:00:00Z,2024-05-11T00:00:00Z,87.7
United Kingdom,GBR,2024-05-11T00:00:00Z,2024-05-11T01:00:00Z,87.7
United Kingdom,GBR,2024-05-11T01:00:00Z,2024-05-11T02:00:00Z,85.65
United Kingdom,GBR,2024-05-11T02:00:00Z,2024-05-11T03:00:00Z,84.32
United Kingdom,GBR,2024-05-11T03:00:00Z,2024-05-11T04:00:00Z,83.78
United Kingdom,GBR,2024-05-11T04:00:00Z,2024-05-11T05:00:00Z,81.68
United Kingdom,GBR,2024-05-11T05:00:00Z,2024-05-11T06:00:00Z,79.82
United Kingdom,GBR,2024-05-11T06:00:00Z,2024-05-11T07:00:00Z,78.96
United Kingdom,GBR,2024-05-11T07:00:00Z,2024-05-11T08:00:00Z,88.3
United Kingdom,GBR,2024-05-11T08:00:00Z,2024-05-11T09:00:00Z,86.91
United Kingdom,GBR,2024-05-11T09:00:00Z,2024-05-11T10:00:00Z,81.04
United Kingdom,GBR,2024-05-11T10:00:00Z,2024-05-11T11:00:00Z,79.5
United Kingdom,GBR,2024-05-11T11:00:00Z,2024-05-11T12:00:00Z,69.63
United Kingdom,GBR,2024-05-11T12:00:00Z,2024-05-11T13:00:00Z,55.19
United Kingdom,GBR,2024-05-11T13:00:00Z,2024-05-11T14:00:00Z,49.32
United Kingdom,GBR,2024-05-11T14:00:00Z,2024-05-11T15:00:00Z,53.26
United Kingdom,GBR,2024-05-11T15:00:00Z,2024-05-11T16:00:00Z,64.95
United Kingdom,GBR,2024-05-11T16:00:00Z,2024-05-11T17:00:00Z,83.63
United Kingdom,GBR,2024-05-11T17:00:00Z,2024-05-11T18:00:00Z,97.59
United Kingdom,GBR,2024-05-11T18:00:00Z,2024-05-11T19:00:00Z,102.93
United Kingdom,GBR,2024-05-11T19:00:00Z,2024-05-11T20:00:00Z,102.23
United Kingdom,GBR,2024-05-11T20:00:00Z,2024-05-11T21:00:00Z,89.01
United Kingdom,GBR,2024-05-11T21:00:00Z,2024-05-11T22:00:00Z,81.25
United Kingdom,GBR,2024-05-11T22:00:00Z,2024-05-11T23:00:00Z,70.04
United Kingdom,GBR,2024-05-11T23:00:00Z,2024-05-12T00:00:00Z,57.97
United Kingdom,GBR,2024-05-12T00:00:00Z,2024-05-12T01:00:00Z,49.11
United Kingdom,GBR,2024-05-12T01:00:00Z,2024-05-12T02:00:00Z,48.03
United Kingdom,GBR,2024-05-12T02:00:00Z,2024-05-12T03:00:00Z,41.39
United Kingdom,GBR,2024-05-12T03:00:00Z,2024-05-12T04:00:00Z,43.93
United Kingdom,GBR,2024-05-12T04:00:00Z,2024-05-12T05:00:00Z,38.46
United Kingdom,GBR,2024-05-12T05:00:00Z,2024-05-12T06:00:00Z,27.75
United Kingdom,GBR,2024-05-12T06:00:00Z,2024-05-12T07:00:00Z,27.19
United Kingdom,GBR,2024-05-12T07:00:00Z,2024-05-12T08:00:00Z,44.15
United Kingdom,GBR,2024-05-12T08:00:00Z,2024-05-12T09:00:00Z,50.22
United Kingdom,GBR,2024-05-12T09:00:00Z,2024-05-12T10:00:00Z,40.01
United Kingdom,GBR,2024-05-12T10:00:00Z,2024-05-12T11:00:00Z,38.57
United Kingdom,GBR,2024-05-12T11:00:00Z,2024-05-12T12:00:00Z,36.73
United Kingdom,GBR,2024-05-12T12:00:00Z,2024-05-12T13:00:00Z,29.46
United Kingdom,GBR,2024-05-12T13:00:00Z,2024-05-12T14:00:00Z,23.38
United Kingdom,GBR,2024-05-12T14:00:00Z,2024-05-12T15:00:00Z,34.22
United Kingdom,GBR,2024-05-12T15:00:00Z,2024-05-12T16:00:00Z,68.37
United Kingdom,GBR,2024-05-12T16:00:00Z,2024-05-12T17:00:00Z,80.81
United Kingdom,GBR,2024-05-12T17:00:00Z,2024-05-12T18:00:00Z,91.94
United Kingdom,GBR,2024-05-12T18:00:00Z,2024-05-12T19:00:00Z,95.21
United Kingdom,GBR,2024-05-12T19:00:00Z,2024-05-12T20:00:00Z,101.49
United Kingdom,GBR,2024-05-12T20:00:00Z,2024-05-12T21:00:00Z,93.71
United Kingdom,GBR,2024-05-12T21:00:00Z,2024-05-12T22:00:00Z,77.64
United Kingdom,GBR,2024-05-12T22:00:00Z,2024-05-12T23:00:00Z,60.97
United Kingdom,GBR,2024-05-12T23:00:00Z,2024-05-13T00:00:00Z,50.18
United Kingdom,GBR,2024-05-13T00:00:00Z,2024-05-13T01:00:00Z,52.37
United Kingdom,GBR,2024-05-13T01:00:00Z,2024-05-13T02:00:00Z,53.63
United Kingdom,GBR,2024-05-13T02:00:00Z,2024-05-13T03:00:00Z,51.3
United Kingdom,GBR,2024-05-13T03:00:00Z,2024-05-13T04:00:00Z,55.84
United Kingdom,GBR,2024-05-13T04:00:00Z,2024-05-13T05:00:00Z,67.17
United Kingdom,GBR,2024-05-13T05:00:00Z,2024-05-13T06:00:00Z,86.6
United Kingdom,GBR,2024-05-13T06:00:00Z,2024-05-13T07:00:00Z,92.82
United Kingdom,GBR,2024-05-13T07:00:00Z,2024-05-13T08:00:00Z,101.62
United Kingdom,GBR,2024-05-13T08:00:00Z,2024-05-13T09:00:00Z,101.84
United Kingdom,GBR,2024-05-13T09:00:00Z,2024-05-13T10:00:00Z,93.09
United Kingdom,GBR,2024-05-13T10:00:00Z,2024-05-13T11:00:00Z,94.52
United Kingdom,GBR,2024-05-13T11:00:00Z,2024-05-13T12:00:00Z,85.25
United Kingdom,GBR,2024-05-13T12:00:00Z,2024-05-13T13:00:00Z,72.92
United Kingdom,GBR,2024-05-13T13:00:00Z,2024-05-13T14:00:00Z,65.64
United Kingdom,GBR,2024-05-13T14:00:00Z,2024-05-13T15:00:00Z,62.76
United Kingdom,GBR,2024-05-13T15:00:00Z,2024-05-13T16:00:00Z,70.79
United Kingdom,GBR,2024-05-13T16:00:00Z,2024-05-13T17:00:00Z,84.38
United Kingdom,GBR,2024-05-13T17:00:00Z,2024-05-13T18:00:00Z,101.03
United Kingdom,GBR,2024-05-13T18:00:00Z,2024-05-13T19:00:00Z,100.18
United Kingdom,GBR,2024-05-13T19:00:00Z,2024-05-13T20:00:00Z,91.78
United Kingdom,GBR,2024-05-13T20:00:00Z,2024-05-13T21:00:00Z,82.17
United Kingdom,GBR,2024-05-13T21:00:00Z,2024-05-13T22:00:00Z,67.5
United Kingdom,GBR,2024-05-13T22:00:00Z,2024-05-13T23:00:00Z,60.01
United Kingdom,GBR,2024-05-13T23:00:00Z,2024-05-14T00:00:00Z,51.72
United Kingdom,GBR,2024-05-14T00:00:00Z,2024-05-14T01:00:00Z,49.02
United Kingdom,GBR,2024-05-14T01:00:00Z,2024-05-14T02:00:00Z,40.64
United Kingdom,GBR,2024-05-14T02:00:00Z,2024-05-14T03:00:00Z,32.6
United Kingdom,GBR,2024-05-14T03:00:00Z,2024-05-14T04:00:00Z,41.84
United Kingdom,GBR,2024-05-14T04:00:00Z,2024-05-14T05:00:00Z,58.28
United Kingdom,GBR,2024-05-14T05:00:00Z,2024-05-14T06:00:00Z,76.99
United Kingdom,GBR,2024-05-14T06:00:00Z,2024-05-14T07:00:00Z,76.58
United Kingdom,GBR,2024-05-14T07:00:00Z,2024-05-14T08:00:00Z,92.77
United Kingdom,GBR,2024-05-14T08:00:00Z,2024-05-14T09:00:00Z,94.43
United Kingdom,GBR,2024-05-14T09:00:00Z,2024-05-14T10:00:00Z,87.66
United Kingdom,GBR,2024-05-14T10:00:00Z,2024-05-14T11:00:00Z,82.77
United Kingdom,GBR,2024-05-14T11:00:00Z,2024-05-14T12:00:00Z,82.76
United Kingdom,GBR,2024-05-14T12:00:00Z,2024-05-14T13:00:00Z,70.91
United Kingdom,GBR,2024-05-14T13:00:00Z,2024-05-14T14:00:00Z,66.87
United Kingdom,GBR,2024-05-14T14:00:00Z,2024-05-14T15:00:00Z,70.16
United Kingdom,GBR,2024-05-14T15:00:00Z,2024-05-14T16:00:00Z,82
United Kingdom,GBR,2024-05-14T16:00:00Z,2024-05-14T17:00:00Z,87.84
United Kingdom,GBR,2024-05-14T17:00:00Z,2024-05-14T18:00:00Z,106.18
United Kingdom,GBR,2024-05-14T18:00:00Z,2024-05-14T19:00:00Z,110.25
United Kingdom,GBR,2024-05-14T19:00:00Z,2024-05-14T20:00:00Z,100.52
United Kingdom,GBR,2024-05-14T20:00:00Z,2024-05-14T21:00:00Z,82.7
United Kingdom,GBR,2024-05-14T21:00:00Z,2024-05-14T22:00:00Z,88.22
United Kingdom,GBR,2024-05-14T22:00:00Z,2024-05-14T23:00:00Z,78.96
United Kingdom,GBR,2024-05-14T23:00:00Z,2024-05-15T00:00:00Z,72.28
United Kingdom,GBR,2024-05-15T00:00:00Z,2024-05-15T01:00:00Z,68.99
United Kingdom,GBR,2024-05-15T01:00:00Z,2024-05-15T02:00:00Z,69.87
United Kingdom,GBR,2024-05-15T02:00:00Z,2024-05-15T03:00:00Z,69.33
United Kingdom,GBR,2024-05-15T03:00:00Z,2024-05-15T04:00:00Z,68.78
United Kingdom,GBR,2024-05-15T04:00:00Z,2024-05-15T05:00:00Z,75.69
United Kingdom,GBR,2024-05-15T05:00:00Z,2024-05-15T06:00:00Z,86.53
United Kingdom,GBR,2024-05-15T06:00:00Z,2024-05-15T07:00:00Z,94.44
United Kingdom,GBR,2024-05-15T07:00:00Z,2024-05-15T08:00:00Z,100.88
United Kingdom,GBR,2024-05-15T08:00:00Z,2024-05-15T09:00:00Z,98.52
United Kingdom,GBR,2024-05-15T09:00:00Z,2024-05-15T10:00:00Z,88.61
United Kingdom,GBR,2024-05-15T10:00:00Z,2024-05-15T11:00:00Z,83.54
United Kingdom,GBR,2024-05-15T11:00:00Z,2024-05-15T12:00:00Z,79.38
United Kingdom,GBR,2024-05-15T12:00:00Z,2024-05-15T13:00:00Z,68.32
United Kingdom,GBR,2024-05-15T13:00:00Z,2024-05-15T14:00:00Z,66.69
United Kingdom,GBR,2024-05-15T14:00:00Z,2024-05-15T15:00:00Z,66.29
United Kingdom,GBR,2024-05-15T15:00:00Z,2024-05-15T16:00:00Z,71.43
United Kingdom,GBR,2024-05-15T16:00:00Z,2024-05-15T17:00:00Z,87.41
United Kingdom,GBR,2024-05-15T17:00:00Z,2024-05-15T18:00:00Z,102.87
United Kingdom,GBR,2024-05-15T18:00:00Z,2024-05-15T19:00:00Z,108.59
United Kingdom,GBR,2024-05-15T19:00:00Z,2024-05-15T20:00:00Z,102.43
United Kingdom,GBR,2024-05-15T20:00:00Z,2024-05-15T21:00:00Z,89.41
United Kingdom,GBR,2024-05-15T21:00:00Z,2024-05-15T22:00:00Z,80.46
United Kingdom,GBR,2024-05-15T22:00:00Z,2024-05-15T23:00:00Z,90.01
United Kingdom,GBR,2024-05-15T23:00:00Z,2024-05-16T00:00:00Z,82.69
United Kingdom,GBR,2024-05-16T00:00:00Z,2024-05-16T01:00:00Z,80.06
United Kingdom,GBR,2024-05-16T01:00:00Z,2024-05-16T02:00:00Z,77.27
United Kingdom,GBR,2024-05-16T02:00:00Z,2024-05-16T03:00:00Z,72.05
United Kingdom,GBR,2024-05-16T03:00:00Z,2024-05-16T04:00:00Z,73.23
United Kingdom,GBR,2024-05-16T04:00:00Z,2024-05-16T05:00:00Z,79.85
United Kingdom,GBR,2024-05-16T05:00:00Z,2024-05-16T06:00:00Z,86.39
United Kingdom,GBR,2024-05-16T06:00:00Z,2024-05-16T07:00:00Z,98.02
United Kingdom,GBR,2024-05-16T07:00:00Z,2024-05-16T08:00:00Z,104.09
United Kingdom,GBR,2024-05-16T08:00:00Z,2024-05-16T09:00:00Z,99.08
United Kingdom,GBR,2024-05-16T09:00:00Z,2024-05-16T10:00:00Z,87.2
United Kingdom,GBR,2024-05-16T10:00:00Z,2024-05-16T11:00:00Z,85.16
United Kingdom,GBR,2024-05-16T11:00:00Z,2024-05-16T12:00:00Z,81.08
United Kingdom,GBR,2024-05-16T12:00:00Z,2024-05-16T13:00:00Z,75.64
United Kingdom,GBR,2024-05-16T13:00:00Z,2024-05-16T14:00:00Z,72.44
United Kingdom,GBR,2024-05-16T14:00:00Z,2024-05-16T15:00:00Z,72.25
United Kingdom,GBR,2024-05-16T15:00:00Z,2024-05-16T16:00:00Z,81.63
United Kingdom,GBR,2024-05-16T16:00:00Z,2024-05-16T17:00:00Z,93.94
United Kingdom,GBR,2024-05-16T17:00:00Z,2024-05-16T18:00:00Z,105.6
United Kingdom,GBR,2024-05-16T18:00:00Z,2024-05-16T19:00:00Z,108.13
United Kingdom,GBR,2024-05-16T19:00:00Z,2024-05-16T20:00:00Z,99.66
United Kingdom,GBR,2024-05-16T20:00:00Z,2024-05-16T21:00:00Z,84.84
United Kingdom,GBR,2024-05-16T21:00:00Z,2024-05-16T22:00:00Z,70.28
United Kingdom,GBR,2024-05-16T22:00:00Z,2024-05-16T23:00:00Z,86.93
United Kingdom,GBR,2024-05-16T23:00:00Z,2024-05-17T00:00:00Z,79.53
United Kingdom,GBR,2024-05-17T00:00:00Z,2024-05-17T01:00:00Z,75.31
United Kingdom,GBR,2024-05-17T01:00:00Z,2024-05-17T02:00:00Z,73.98
United Kingdom,GBR,2024-05-17T02:00:00Z,2024-05-17T03:00:00Z,72.08
United Kingdom,GBR,2024-05-17T03:00:00Z,2024-05-17T04:00:00Z,73.28
United Kingdom,GBR,2024-05-17T04:00:00Z,2024-05-17T05:00:00Z,77.95
United Kingdom,GBR,2024-05-17T05:00:00Z,2024-05-17T06:00:00Z,92.84
United Kingdom,GBR,2024-05-17T06:00:00Z,2024-05-17T07:00:00Z,102.25
United Kingdom,GBR,2024-05-17T07:00:00Z,2024-05-17T08:00:00Z,98.71
United Kingdom,GBR,2024-05-17T08:00:00Z,2024-05-17T09:00:00Z,92.03
United Kingdom,GBR,2024-05-17T09:00:00Z,2024-05-17T10:00:00Z,79.81
United Kingdom,GBR,2024-05-17T10:00:00Z,2024-05-17T11:00:00Z,79.31
United Kingdom,GBR,2024-05-17T11:00:00Z,2024-05-17T12:00:00Z,78.94
United Kingdom,GBR,2024-05-17T12:00:00Z,2024-05-17T13:00:00Z,75.27
United Kingdom,GBR,2024-05-17T13:00:00Z,2024-05-17T14:00:00Z,72.58
United Kingdom,GBR,2024-05-17T14:00:00Z,2024-05-17T15:00:00Z,77.46
United Kingdom,GBR,2024-05-17T15:00:00Z,2024-05-17T16:00:00Z,85.6
United Kingdom,GBR,2024-05-17T16:00:00Z,2024-05-17T17:00:00Z,96
United Kingdom,GBR,2024-05-17T17:00:00Z,2024-05-17T18:00:00Z,110.37
United Kingdom,GBR,2024-05-17T18:00:00Z,2024-05-17T19:00:00Z,114.84
United Kingdom,GBR,2024-05-17T19:00:00Z,2024-05-17T20:00:00Z,105.39
United Kingdom,GBR,2024-05-17T20:00:00Z,2024-05-17T21:00:00Z,93.85
United Kingdom,GBR,2024-05-17T21:00:00Z,2024-05-17T22:00:00Z,85.04
United Kingdom,GBR,2024-05-17T22:00:00Z,2024-05-17T23:00:00Z,92.53
United Kingdom,GBR,2024-05-17T23:00:00Z,2024-05-18T00:00:00Z,88.36
United Kingdom,GBR,2024-05-18T00:00:00Z,2024-05-18T01:00:00Z,83.64
United Kingdom,GBR,2024-05-18T01:00:00Z,2024-05-18T02:00:00Z,76.51
United Kingdom,GBR,2024-05-18T02:00:00Z,2024-05-18T03:00:00Z,72.66
United Kingdom,GBR,2024-05-18T03:00:00Z,2024-05-18T04:00:00Z,72.39
United Kingdom,GBR,2024-05-18T04:00:00Z,2024-05-18T05:00:00Z,74.76
United Kingdom,GBR,2024-05-18T05:00:00Z,2024-05-18T06:00:00Z,70.25
United Kingdom,GBR,2024-05-18T06:00:00Z,2024-05-18T07:00:00Z,75.95
United Kingdom,GBR,2024-05-18T07:00:00Z,2024-05-18T08:00:00Z,92.62
United Kingdom,GBR,2024-05-18T08:00:00Z,2024-05-18T09:00:00Z,102.95
United Kingdom,GBR,2024-05-18T09:00:00Z,2024-05-18T10:00:00Z,99.26
United Kingdom,GBR,2024-05-18T10:00:00Z,2024-05-18T11:00:00Z,88.79
United Kingdom,GBR,2024-05-18T11:00:00Z,2024-05-18T12:00:00Z,84.09
United Kingdom,GBR,2024-05-18T12:00:00Z,2024-05-18T13:00:00Z,77.78
United Kingdom,GBR,2024-05-18T13:00:00Z,2024-05-18T14:00:00Z,73.81
United Kingdom,GBR,2024-05-18T14:00:00Z,2024-05-18T15:00:00Z,72.43
United Kingdom,GBR,2024-05-18T15:00:00Z,2024-05-18T16:00:00Z,74.13
United Kingdom,GBR,2024-05-18T16:00:00Z,2024-05-18T17:00:00Z,80.18
United Kingdom,GBR,2024-05-18T17:00:00Z,2024-05-18T18:00:00Z,96.69
United Kingdom,GBR,2024-05-18T18:00:00Z,2024-05-18T19:00:00Z,104.87
United Kingdom,GBR,2024-05-18T19:00:00Z,2024-05-18T20:00:00Z,103.5
United Kingdom,GBR,2024-05-18T20:00:00Z,2024-05-18T21:00:00Z,94.88
United Kingdom,GBR,2024-05-18T21:00:00Z,2024-05-18T22:00:00Z,85.55
United Kingdom,GBR,2024-05-18T22:00:00Z,2024-05-18T23:00:00Z,93.63
United Kingdom,GBR,2024-05-18T23:00:00Z,2024-05-19T00:00:00Z,88.03
United Kingdom,GBR,2024-05-19T00:00:00Z,2024-05-19T01:00:00Z,84.19
United Kingdom,GBR,2024-05-19T01:00:00Z,2024-05-19T02:00:00Z,82.35
United Kingdom,GBR,2024-05-19T02:00:00Z,2024-05-19T03:00:00Z,79.7
United Kingdom,GBR,2024-05-19T03:00:00Z,2024-05-19T04:00:00Z,79.96
United Kingdom,GBR,2024-05-19T04:00:00Z,2024-05-19T05:00:00Z,75.5
United Kingdom,GBR,2024-05-19T05:00:00Z,2024-05-19T06:00:00Z,76.69
United Kingdom,GBR,2024-05-19T06:00:00Z,2024-05-19T07:00:00Z,79.85
United Kingdom,GBR,2024-05-19T07:00:00Z,2024-05-19T08:00:00Z,88.62
United Kingdom,GBR,2024-05-19T08:00:00Z,2024-05-19T09:00:00Z,91.04
United Kingdom,GBR,2024-05-19T09:00:00Z,2024-05-19T10:00:00Z,81.53
United Kingdom,GBR,2024-05-19T10:00:00Z,2024-05-19T11:00:00Z,71.3
United Kingdom,GBR,2024-05-19T11:00:00Z,2024-05-19T12:00:00Z,69.63
United Kingdom,GBR,2024-05-19T12:00:00Z,2024-05-19T13:00:00Z,65.72
United Kingdom,GBR,2024-05-19T13:00:00Z,2024-05-19T14:00:00Z,64.26
United Kingdom,GBR,2024-05-19T14:00:00Z,2024-05-19T15:00:00Z,65.2
United Kingdom,GBR,2024-05-19T15:00:00Z,2024-05-19T16:00:00Z,78.56
United Kingdom,GBR,2024-05-19T16:00:00Z,2024-05-19T17:00:00Z,78.4
United Kingdom,GBR,2024-05-19T17:00:00Z,2024-05-19T18:00:00Z,97.11
United Kingdom,GBR,2024-05-19T18:00:00Z,2024-05-19T19:00:00Z,109.18
United Kingdom,GBR,2024-05-19T19:00:00Z,2024-05-19T20:00:00Z,106.44
United Kingdom,GBR,2024-05-19T20:00:00Z,2024-05-19T21:00:00Z,101.58
United Kingdom,GBR,2024-05-19T21:00:00Z,2024-05-19T22:00:00Z,81.22
United Kingdom,GBR,2024-05-19T22:00:00Z,2024-05-19T23:00:00Z,89.64
United Kingdom,GBR,2024-05-19T23:00:00Z,2024-05-20T00:00:00Z,82.99
United Kingdom,GBR,2024-05-20T00:00:00Z,2024-05-20T01:00:00Z,77.62
United Kingdom,GBR,2024-05-20T01:00:00Z,2024-05-20T02:00:00Z,75.72
United Kingdom,GBR,2024-05-20T02:00:00Z,2024-05-20T03:00:00Z,74.88
United Kingdom,GBR,2024-05-20T03:00:00Z,2024-05-20T04:00:00Z,74.11
United Kingdom,GBR,2024-05-20T04:00:00Z,2024-05-20T05:00:00Z,73.61
United Kingdom,GBR,2024-05-20T05:00:00Z,2024-05-20T06:00:00Z,88.34
United Kingdom,GBR,2024-05-20T06:00:00Z,2024-05-20T07:00:00Z,105.92
United Kingdom,GBR,2024-05-20T07:00:00Z,2024-05-20T08:00:00Z,108.68
United Kingdom,GBR,2024-05-20T08:00:00Z,2024-05-20T09:00:00Z,100.93
United Kingdom,GBR,2024-05-20T09:00:00Z,2024-05-20T10:00:00Z,88.35
United Kingdom,GBR,2024-05-20T10:00:00Z,2024-05-20T11:00:00Z,80.62
United Kingdom,GBR,2024-05-20T11:00:00Z,2024-05-20T12:00:00Z,75.28
United Kingdom,GBR,2024-05-20T12:00:00Z,2024-05-20T13:00:00Z,72.88
United Kingdom,GBR,2024-05-20T13:00:00Z,2024-05-20T14:00:00Z,70.85
United Kingdom,GBR,2024-05-20T14:00:00Z,2024-05-20T15:00:00Z,73.86
United Kingdom,GBR,2024-05-20T15:00:00Z,2024-05-20T16:00:00Z,82.51
United Kingdom,GBR,2024-05-20T16:00:00Z,2024-05-20T17:00:00Z,85.84
United Kingdom,GBR,2024-05-20T17:00:00Z,2024-05-20T18:00:00Z,104.16
United Kingdom,GBR,2024-05-20T18:00:00Z,2024-05-20T19:00:00Z,113.61
United Kingdom,GBR,2024-05-20T19:00:00Z,2024-05-20T20:00:00Z,110.64
United Kingdom,GBR,2024-05-20T20:00:00Z,2024-05-20T21:00:00Z,101.32
United Kingdom,GBR,2024-05-20T21:00:00Z,2024-05-20T22:00:00Z,88.32
United Kingdom,GBR,2024-05-20T22:00:00Z,2024-05-20T23:00:00Z,87.23
United Kingdom,GBR,2024-05-20T23:00:00Z,2024-05-21T00:00:00Z,79.96
United Kingdom,GBR,2024-05-21T00:00:00Z,2024-05-21T01:00:00Z,77.75
United Kingdom,GBR,2024-05-21T01:00:00Z,2024-05-21T02:00:00Z,77.27
United Kingdom,GBR,2024-05-21T02:00:00Z,2024-05-21T03:00:00Z,77.22
United Kingdom,GBR,2024-05-21T03:00:00Z,2024-05-21T04:00:00Z,80.29
United Kingdom,GBR,2024-05-21T04:00:00Z,2024-05-21T05:00:00Z,83.11
United Kingdom,GBR,2024-05-21T05:00:00Z,2024-05-21T06:00:00Z,101.11
United Kingdom,GBR,2024-05-21T06:00:00Z,2024-05-21T07:00:00Z,102.59
United Kingdom,GBR,2024-05-21T07:00:00Z,2024-05-21T08:00:00Z,102.47
United Kingdom,GBR,2024-05-21T08:00:00Z,2024-05-21T09:00:00Z,103.39
United Kingdom,GBR,2024-05-21T09:00:00Z,2024-05-21T10:00:00Z,96.69
United Kingdom,GBR,2024-05-21T10:00:00Z,2024-05-21T11:00:00Z,92.07
United Kingdom,GBR,2024-05-21T11:00:00Z,2024-05-21T12:00:00Z,91.9
United Kingdom,GBR,2024-05-21T12:00:00Z,2024-05-21T13:00:00Z,87.17
United Kingdom,GBR,2024-05-21T13:00:00Z,2024-05-21T14:00:00Z,82.83
United Kingdom,GBR,2024-05-21T14:00:00Z,2024-05-21T15:00:00Z,82.54
United Kingdom,GBR,2024-05-21T15:00:00Z,2024-05-21T16:00:00Z,92.79
United Kingdom,GBR,2024-05-21T16:00:00Z,2024-05-21T17:00:00Z,106.1
United Kingdom,GBR,2024-05-21T17:00:00Z,2024-05-21T18:00:00Z,114.93
United Kingdom,GBR,2024-05-21T18:00:00Z,2024-05-21T19:00:00Z,120.22
United Kingdom,GBR,2024-05-21T19:00:00Z,2024-05-21T20:00:00Z,108.91
United Kingdom,GBR,2024-05-21T20:00:00Z,2024-05-21T21:00:00Z,101.08
United Kingdom,GBR,2024-05-21T21:00:00Z,2024-05-21T22:00:00Z,91.11
United Kingdom,GBR,2024-05-21T22:00:00Z,2024-05-21T23:00:00Z,98.88
United Kingdom,GBR,2024-05-21T23:00:00Z,2024-05-22T00:00:00Z,88.06
United Kingdom,GBR,2024-05-22T00:00:00Z,2024-05-22T01:00:00Z,83.54
United Kingdom,GBR,2024-05-22T01:00:00Z,2024-05-22T02:00:00Z,78.41
United Kingdom,GBR,2024-05-22T02:00:00Z,2024-05-22T03:00:00Z,76.43
United Kingdom,GBR,2024-05-22T03:00:00Z,2024-05-22T04:00:00Z,72.3
United Kingdom,GBR,2024-05-22T04:00:00Z,2024-05-22T05:00:00Z,73.26
United Kingdom,GBR,2024-05-22T05:00:00Z,2024-05-22T06:00:00Z,92.61
United Kingdom,GBR,2024-05-22T06:00:00Z,2024-05-22T07:00:00Z,102.59
United Kingdom,GBR,2024-05-22T07:00:00Z,2024-05-22T08:00:00Z,109.33
United Kingdom,GBR,2024-05-22T08:00:00Z,2024-05-22T09:00:00Z,110.48
United Kingdom,GBR,2024-05-22T09:00:00Z,2024-05-22T10:00:00Z,100.27
United Kingdom,GBR,2024-05-22T10:00:00Z,2024-05-22T11:00:00Z,91.76
United Kingdom,GBR,2024-05-22T11:00:00Z,2024-05-22T12:00:00Z,92.43
United Kingdom,GBR,2024-05-22T12:00:00Z,2024-05-22T13:00:00Z,89.97
United Kingdom,GBR,2024-05-22T13:00:00Z,2024-05-22T14:00:00Z,76.67
United Kingdom,GBR,2024-05-22T14:00:00Z,2024-05-22T15:00:00Z,75.81
United Kingdom,GBR,2024-05-22T15:00:00Z,2024-05-22T16:00:00Z,79.17
United Kingdom,GBR,2024-05-22T16:00:00Z,2024-05-22T17:00:00Z,91.82
United Kingdom,GBR,2024-05-22T17:00:00Z,2024-05-22T18:00:00Z,95.05
United Kingdom,GBR,2024-05-22T18:00:00Z,2024-05-22T19:00:00Z,94.71
United Kingdom,GBR,2024-05-22T19:00:00Z,2024-05-22T20:00:00Z,86.86
United Kingdom,GBR,2024-05-22T20:00:00Z,2024-05-22T21:00:00Z,85.83
United Kingdom,GBR,2024-05-22T21:00:00Z,2024-05-22T22:00:00Z,72.69
United Kingdom,GBR,2024-05-22T22:00:00Z,2024-05-22T23:00:00Z,62.38
United Kingdom,GBR,2024-05-22T23:00:00Z,2024-05-23T00:00:00Z,45.07
United Kingdom,GBR,2024-05-23T00:00:00Z,2024-05-23T01:00:00Z,41.06
United Kingdom,GBR,2024-05-23T01:00:00Z,2024-05-23T02:00:00Z,30.05
United Kingdom,GBR,2024-05-23T02:00:00Z,2024-05-23T03:00:00Z,28.73
United Kingdom,GBR,2024-05-23T03:00:00Z,2024-05-23T04:00:00Z,32.68
United Kingdom,GBR,2024-05-23T04:00:00Z,2024-05-23T05:00:00Z,40.71
United Kingdom,GBR,2024-05-23T05:00:00Z,2024-05-23T06:00:00Z,80.6
United Kingdom,GBR,2024-05-23T06:00:00Z,2024-05-23T07:00:00Z,99.2
United Kingdom,GBR,2024-05-23T07:00:00Z,2024-05-23T08:00:00Z,89.65
United Kingdom,GBR,2024-05-23T08:00:00Z,2024-05-23T09:00:00Z,87.23
United Kingdom,GBR,2024-05-23T09:00:00Z,2024-05-23T10:00:00Z,81.49
United Kingdom,GBR,2024-05-23T10:00:00Z,2024-05-23T11:00:00Z,79.36
United Kingdom,GBR,2024-05-23T11:00:00Z,2024-05-23T12:00:00Z,80.07
United Kingdom,GBR,2024-05-23T12:00:00Z,2024-05-23T13:00:00Z,75.83
United Kingdom,GBR,2024-05-23T13:00:00Z,2024-05-23T14:00:00Z,77.19
United Kingdom,GBR,2024-05-23T14:00:00Z,2024-05-23T15:00:00Z,79.66
United Kingdom,GBR,2024-05-23T15:00:00Z,2024-05-23T16:00:00Z,90.41
United Kingdom,GBR,2024-05-23T16:00:00Z,2024-05-23T17:00:00Z,96.07
United Kingdom,GBR,2024-05-23T17:00:00Z,2024-05-23T18:00:00Z,105.35
United Kingdom,GBR,2024-05-23T18:00:00Z,2024-05-23T19:00:00Z,113.46
United Kingdom,GBR,2024-05-23T19:00:00Z,2024-05-23T20:00:00Z,112.68
United Kingdom,GBR,2024-05-23T20:00:00Z,2024-05-23T21:00:00Z,108.39
United Kingdom,GBR,2024-05-23T21:00:00Z,2024-05-23T22:00:00Z,91.86
United Kingdom,GBR,2024-05-23T22:00:00Z,2024-05-23T23:00:00Z,92.28
United Kingdom,GBR,2024-05-23T23:00:00Z,2024-05-24T00:00:00Z,89.68
United Kingdom,GBR,2024-05-24T00:00:00Z,2024-05-24T01:00:00Z,86.26
United Kingdom,GBR,2024-05-24T01:00:00Z,2024-05-24T02:00:00Z,86.39
United Kingdom,GBR,2024-05-24T02:00:00Z,2024-05-24T03:00:00Z,87.48
United Kingdom,GBR,2024-05-24T03:00:00Z,2024-05-24T04:00:00Z,88.63
United Kingdom,GBR,2024-05-24T04:00:00Z,2024-05-24T05:00:00Z,98.63
United Kingdom,GBR,2024-05-24T05:00:00Z,2024-05-24T06:00:00Z,114.39
United Kingdom,GBR,2024-05-24T06:00:00Z,2024-05-24T07:00:00Z,117.41
United Kingdom,GBR,2024-05-24T07:00:00Z,2024-05-24T08:00:00Z,112.93
United Kingdom,GBR,2024-05-24T08:00:00Z,2024-05-24T09:00:00Z,109.43
United Kingdom,GBR,2024-05-24T09:00:00Z,2024-05-24T10:00:00Z,105.12
United Kingdom,GBR,2024-05-24T10:00:00Z,2024-05-24T11:00:00Z,101.24
United Kingdom,GBR,2024-05-24T11:00:00Z,2024-05-24T12:00:00Z,99.68
United Kingdom,GBR,2024-05-24T12:00:00Z,2024-05-24T13:00:00Z,88.71
United Kingdom,GBR,2024-05-24T13:00:00Z,2024-05-24T14:00:00Z,87.11
United Kingdom,GBR,2024-05-24T14:00:00Z,2024-05-24T15:00:00Z,86.97
United Kingdom,GBR,2024-05-24T15:00:00Z,2024-05-24T16:00:00Z,93.26
United Kingdom,GBR,2024-05-24T16:00:00Z,2024-05-24T17:00:00Z,110.9
United Kingdom,GBR,2024-05-24T17:00:00Z,2024-05-24T18:00:00Z,126.46
United Kingdom,GBR,2024-05-24T18:00:00Z,2024-05-24T19:00:00Z,126.99
United Kingdom,GBR,2024-05-24T19:00:00Z,2024-05-24T20:00:00Z,115.23
United Kingdom,GBR,2024-05-24T20:00:00Z,2024-05-24T21:00:00Z,104.7
United Kingdom,GBR,2024-05-24T21:00:00Z,2024-05-24T22:00:00Z,95.18
United Kingdom,GBR,2024-05-24T22:00:00Z,2024-05-24T23:00:00Z,106.57
United Kingdom,GBR,2024-05-24T23:00:00Z,2024-05-25T00:00:00Z,98.01
United Kingdom,GBR,2024-05-25T00:00:00Z,2024-05-25T01:00:00Z,98.36
United Kingdom,GBR,2024-05-25T01:00:00Z,2024-05-25T02:00:00Z,94.99
United Kingdom,GBR,2024-05-25T02:00:00Z,2024-05-25T03:00:00Z,92.5
United Kingdom,GBR,2024-05-25T03:00:00Z,2024-05-25T04:00:00Z,91.56
United Kingdom,GBR,2024-05-25T04:00:00Z,2024-05-25T05:00:00Z,87.48
United Kingdom,GBR,2024-05-25T05:00:00Z,2024-05-25T06:00:00Z,92.8
United Kingdom,GBR,2024-05-25T06:00:00Z,2024-05-25T07:00:00Z,95.65
United Kingdom,GBR,2024-05-25T07:00:00Z,2024-05-25T08:00:00Z,103.64
United Kingdom,GBR,2024-05-25T08:00:00Z,2024-05-25T09:00:00Z,95.95
United Kingdom,GBR,2024-05-25T09:00:00Z,2024-05-25T10:00:00Z,89.82
United Kingdom,GBR,2024-05-25T10:00:00Z,2024-05-25T11:00:00Z,87.24
United Kingdom,GBR,2024-05-25T11:00:00Z,2024-05-25T12:00:00Z,78.04
United Kingdom,GBR,2024-05-25T12:00:00Z,2024-05-25T13:00:00Z,70.46
United Kingdom,GBR,2024-05-25T13:00:00Z,2024-05-25T14:00:00Z,64.63
United Kingdom,GBR,2024-05-25T14:00:00Z,2024-05-25T15:00:00Z,68.58
United Kingdom,GBR,2024-05-25T15:00:00Z,2024-05-25T16:00:00Z,82.31
United Kingdom,GBR,2024-05-25T16:00:00Z,2024-05-25T17:00:00Z,92.56
United Kingdom,GBR,2024-05-25T17:00:00Z,2024-05-25T18:00:00Z,107.23
United Kingdom,GBR,2024-05-25T18:00:00Z,2024-05-25T19:00:00Z,117.23
United Kingdom,GBR,2024-05-25T19:00:00Z,2024-05-25T20:00:00Z,118.57
United Kingdom,GBR,2024-05-25T20:00:00Z,2024-05-25T21:00:00Z,107.41
United Kingdom,GBR,2024-05-25T21:00:00Z,2024-05-25T22:00:00Z,97.58
United Kingdom,GBR,2024-05-25T22:00:00Z,2024-05-25T23:00:00Z,96.8
United Kingdom,GBR,2024-05-25T23:00:00Z,2024-05-26T00:00:00Z,94.3
United Kingdom,GBR,2024-05-26T00:00:00Z,2024-05-26T01:00:00Z,91.81
United Kingdom,GBR,2024-05-26T01:00:00Z,2024-05-26T02:00:00Z,88.58
United Kingdom,GBR,2024-05-26T02:00:00Z,2024-05-26T03:00:00Z,85.87
United Kingdom,GBR,2024-05-26T03:00:00Z,2024-05-26T04:00:00Z,85.17
United Kingdom,GBR,2024-05-26T04:00:00Z,2024-05-26T05:00:00Z,80.28
United Kingdom,GBR,2024-05-26T05:00:00Z,2024-05-26T06:00:00Z,78.12
United Kingdom,GBR,2024-05-26T06:00:00Z,2024-05-26T07:00:00Z,75.57
United Kingdom,GBR,2024-05-26T07:00:00Z,2024-05-26T08:00:00Z,84.72
United Kingdom,GBR,2024-05-26T08:00:00Z,2024-05-26T09:00:00Z,94.1
United Kingdom,GBR,2024-05-26T09:00:00Z,2024-05-26T10:00:00Z,93.61
United Kingdom,GBR,2024-05-26T10:00:00Z,2024-05-26T11:00:00Z,90.34
United Kingdom,GBR,2024-05-26T11:00:00Z,2024-05-26T12:00:00Z,82.77
United Kingdom,GBR,2024-05-26T12:00:00Z,2024-05-26T13:00:00Z,72.02
United Kingdom,GBR,2024-05-26T13:00:00Z,2024-05-26T14:00:00Z,59.99
United Kingdom,GBR,2024-05-26T14:00:00Z,2024-05-26T15:00:00Z,68.27
United Kingdom,GBR,2024-05-26T15:00:00Z,2024-05-26T16:00:00Z,79.27
United Kingdom,GBR,2024-05-26T16:00:00Z,2024-05-26T17:00:00Z,88.8
United Kingdom,GBR,2024-05-26T17:00:00Z,2024-05-26T18:00:00Z,100.35
United Kingdom,GBR,2024-05-26T18:00:00Z,2024-05-26T19:00:00Z,113.6
United Kingdom,GBR,2024-05-26T19:00:00Z,2024-05-26T20:00:00Z,111.82
United Kingdom,GBR,2024-05-26T20:00:00Z,2024-05-26T21:00:00Z,104.64
United Kingdom,GBR,2024-05-26T21:00:00Z,2024-05-26T22:00:00Z,88.35
United Kingdom,GBR,2024-05-26T22:00:00Z,2024-05-26T23:00:00Z,86.37
United Kingdom,GBR,2024-05-26T23:00:00Z,2024-05-27T00:00:00Z,81.01
United Kingdom,GBR,2024-05-27T00:00:00Z,2024-05-27T01:00:00Z,77.28
United Kingdom,GBR,2024-05-27T01:00:00Z,2024-05-27T02:00:00Z,76.03
United Kingdom,GBR,2024-05-27T02:00:00Z,2024-05-27T03:00:00Z,75.79
United Kingdom,GBR,2024-05-27T03:00:00Z,2024-05-27T04:00:00Z,82.28
United Kingdom,GBR,2024-05-27T04:00:00Z,2024-05-27T05:00:00Z,88.57
United Kingdom,GBR,2024-05-27T05:00:00Z,2024-05-27T06:00:00Z,103.68
United Kingdom,GBR,2024-05-27T06:00:00Z,2024-05-27T07:00:00Z,107.51
United Kingdom,GBR,2024-05-27T07:00:00Z,2024-05-27T08:00:00Z,95
United Kingdom,GBR,2024-05-27T08:00:00Z,2024-05-27T09:00:00Z,92.75
United Kingdom,GBR,2024-05-27T09:00:00Z,2024-05-27T10:00:00Z,91.35
United Kingdom,GBR,2024-05-27T10:00:00Z,2024-05-27T11:00:00Z,92.85
United Kingdom,GBR,2024-05-27T11:00:00Z,2024-05-27T12:00:00Z,86.77
United Kingdom,GBR,2024-05-27T12:00:00Z,2024-05-27T13:00:00Z,78.41
United Kingdom,GBR,2024-05-27T13:00:00Z,2024-05-27T14:00:00Z,76.89
United Kingdom,GBR,2024-05-27T14:00:00Z,2024-05-27T15:00:00Z,84.27
United Kingdom,GBR,2024-05-27T15:00:00Z,2024-05-27T16:00:00Z,90.57
United Kingdom,GBR,2024-05-27T16:00:00Z,2024-05-27T17:00:00Z,99.6
United Kingdom,GBR,2024-05-27T17:00:00Z,2024-05-27T18:00:00Z,114.03
United Kingdom,GBR,2024-05-27T18:00:00Z,2024-05-27T19:00:00Z,122.24
United Kingdom,GBR,2024-05-27T19:00:00Z,2024-05-27T20:00:00Z,118.3
United Kingdom,GBR,2024-05-27T20:00:00Z,2024-05-27T21:00:00Z,112.43
United Kingdom,GBR,2024-05-27T21:00:00Z,2024-05-27T22:00:00Z,97.3
United Kingdom,GBR,2024-05-27T22:00:00Z,2024-05-27T23:00:00Z,100.97
United Kingdom,GBR,2024-05-27T23:00:00Z,2024-05-28T00:00:00Z,90.91
United Kingdom,GBR,2024-05-28T00:00:00Z,2024-05-28T01:00:00Z,87.68
United Kingdom,GBR,2024-05-28T01:00:00Z,2024-05-28T02:00:00Z,84.5
United Kingdom,GBR,2024-05-28T02:00:00Z,2024-05-28T03:00:00Z,83.18
United Kingdom,GBR,2024-05-28T03:00:00Z,2024-05-28T04:00:00Z,83.3
United Kingdom,GBR,2024-05-28T04:00:00Z,2024-05-28T05:00:00Z,89.54
United Kingdom,GBR,2024-05-28T05:00:00Z,2024-05-28T06:00:00Z,110.6
United Kingdom,GBR,2024-05-28T06:00:00Z,2024-05-28T07:00:00Z,110.18
United Kingdom,GBR,2024-05-28T07:00:00Z,2024-05-28T08:00:00Z,110.49
United Kingdom,GBR,2024-05-28T08:00:00Z,2024-05-28T09:00:00Z,111.91
United Kingdom,GBR,2024-05-28T09:00:00Z,2024-05-28T10:00:00Z,103.87
United Kingdom,GBR,2024-05-28T10:00:00Z,2024-05-28T11:00:00Z,96.63
United Kingdom,GBR,2024-05-28T11:00:00Z,2024-05-28T12:00:00Z,88.52
United Kingdom,GBR,2024-05-28T12:00:00Z,2024-05-28T13:00:00Z,83.25
United Kingdom,GBR,2024-05-28T13:00:00Z,2024-05-28T14:00:00Z,82.33
United Kingdom,GBR,2024-05-28T14:00:00Z,2024-05-28T15:00:00Z,81.39
United Kingdom,GBR,2024-05-28T15:00:00Z,2024-05-28T16:00:00Z,85.35
United Kingdom,GBR,2024-05-28T16:00:00Z,2024-05-28T17:00:00Z,99.85
United Kingdom,GBR,2024-05-28T17:00:00Z,2024-05-28T18:00:00Z,113.14
United Kingdom,GBR,2024-05-28T18:00:00Z,2024-05-28T19:00:00Z,114.45
United Kingdom,GBR,2024-05-28T19:00:00Z,2024-05-28T20:00:00Z,108.95
United Kingdom,GBR,2024-05-28T20:00:00Z,2024-05-28T21:00:00Z,97.33
United Kingdom,GBR,2024-05-28T21:00:00Z,2024-05-28T22:00:00Z,86.78
United Kingdom,GBR,2024-05-28T22:00:00Z,2024-05-28T23:00:00Z,81.2
United Kingdom,GBR,2024-05-28T23:00:00Z,2024-05-29T00:00:00Z,67.13
United Kingdom,GBR,2024-05-29T00:00:00Z,2024-05-29T01:00:00Z,62.49
United Kingdom,GBR,2024-05-29T01:00:00Z,2024-05-29T02:00:00Z,57.8
United Kingdom,GBR,2024-05-29T02:00:00Z,2024-05-29T03:00:00Z,57.57
United Kingdom,GBR,2024-05-29T03:00:00Z,2024-05-29T04:00:00Z,58.93
United Kingdom,GBR,2024-05-29T04:00:00Z,2024-05-29T05:00:00Z,73.32
United Kingdom,GBR,2024-05-29T05:00:00Z,2024-05-29T06:00:00Z,89.8
United Kingdom,GBR,2024-05-29T06:00:00Z,2024-05-29T07:00:00Z,91.48
United Kingdom,GBR,2024-05-29T07:00:00Z,2024-05-29T08:00:00Z,94.85
United Kingdom,GBR,2024-05-29T08:00:00Z,2024-05-29T09:00:00Z,103.21
United Kingdom,GBR,2024-05-29T09:00:00Z,2024-05-29T10:00:00Z,100.69
United Kingdom,GBR,2024-05-29T10:00:00Z,2024-05-29T11:00:00Z,100.8
United Kingdom,GBR,2024-05-29T11:00:00Z,2024-05-29T12:00:00Z,95.8
United Kingdom,GBR,2024-05-29T12:00:00Z,2024-05-29T13:00:00Z,87.29
United Kingdom,GBR,2024-05-29T13:00:00Z,2024-05-29T14:00:00Z,83.02
United Kingdom,GBR,2024-05-29T14:00:00Z,2024-05-29T15:00:00Z,83.3
United Kingdom,GBR,2024-05-29T15:00:00Z,2024-05-29T16:00:00Z,84.18
United Kingdom,GBR,2024-05-29T16:00:00Z,2024-05-29T17:00:00Z,91.51
United Kingdom,GBR,2024-05-29T17:00:00Z,2024-05-29T18:00:00Z,109.41
United Kingdom,GBR,2024-05-29T18:00:00Z,2024-05-29T19:00:00Z,117.34
United Kingdom,GBR,2024-05-29T19:00:00Z,2024-05-29T20:00:00Z,118.09
United Kingdom,GBR,2024-05-29T20:00:00Z,2024-05-29T21:00:00Z,111.22
United Kingdom,GBR,2024-05-29T21:00:00Z,2024-05-29T22:00:00Z,94.7
United Kingdom,GBR,2024-05-29T22:00:00Z,2024-05-29T23:00:00Z,89.34
United Kingdom,GBR,2024-05-29T23:00:00Z,2024-05-30T00:00:00Z,81.56
United Kingdom,GBR,2024-05-30T00:00:00Z,2024-05-30T01:00:00Z,78.09
United Kingdom,GBR,2024-05-30T01:00:00Z,2024-05-30T02:00:00Z,68.53
United Kingdom,GBR,2024-05-30T02:00:00Z,2024-05-30T03:00:00Z,61.67
United Kingdom,GBR,2024-05-30T03:00:00Z,2024-05-30T04:00:00Z,59.73
United Kingdom,GBR,2024-05-30T04:00:00Z,2024-05-30T05:00:00Z,63.2
United Kingdom,GBR,2024-05-30T05:00:00Z,2024-05-30T06:00:00Z,81.37
United Kingdom,GBR,2024-05-30T06:00:00Z,2024-05-30T07:00:00Z,89.7
United Kingdom,GBR,2024-05-30T07:00:00Z,2024-05-30T08:00:00Z,94.68
United Kingdom,GBR,2024-05-30T08:00:00Z,2024-05-30T09:00:00Z,93
United Kingdom,GBR,2024-05-30T09:00:00Z,2024-05-30T10:00:00Z,84.75
United Kingdom,GBR,2024-05-30T10:00:00Z,2024-05-30T11:00:00Z,78.33
United Kingdom,GBR,2024-05-30T11:00:00Z,2024-05-30T12:00:00Z,72.07
United Kingdom,GBR,2024-05-30T12:00:00Z,2024-05-30T13:00:00Z,52.28
United Kingdom,GBR,2024-05-30T13:00:00Z,2024-05-30T14:00:00Z,47.28
United Kingdom,GBR,2024-05-30T14:00:00Z,2024-05-30T15:00:00Z,55.98
United Kingdom,GBR,2024-05-30T15:00:00Z,2024-05-30T16:00:00Z,68.15
United Kingdom,GBR,2024-05-30T16:00:00Z,2024-05-30T17:00:00Z,87.6
United Kingdom,GBR,2024-05-30T17:00:00Z,2024-05-30T18:00:00Z,105.26
United Kingdom,GBR,2024-05-30T18:00:00Z,2024-05-30T19:00:00Z,108.19
United Kingdom,GBR,2024-05-30T19:00:00Z,2024-05-30T20:00:00Z,106.35
United Kingdom,GBR,2024-05-30T20:00:00Z,2024-05-30T21:00:00Z,103.32
United Kingdom,GBR,2024-05-30T21:00:00Z,2024-05-30T22:00:00Z,87.89
United Kingdom,GBR,2024-05-30T22:00:00Z,2024-05-30T23:00:00Z,74.65
United Kingdom,GBR,2024-05-30T23:00:00Z,2024-05-31T00:00:00Z,61.46
United Kingdom,GBR,2024-05-31T00:00:00Z,2024-05-31T01:00:00Z,57.01
United Kingdom,GBR,2024-05-31T01:00:00Z,2024-05-31T02:00:00Z,55.95
United Kingdom,GBR,2024-05-31T02:00:00Z,2024-05-31T03:00:00Z,52.52
United Kingdom,GBR,2024-05-31T03:00:00Z,2024-05-31T04:00:00Z,50.16
United Kingdom,GBR,2024-05-31T04:00:00Z,2024-05-31T05:00:00Z,60.81
United Kingdom,GBR,2024-05-31T05:00:00Z,2024-05-31T06:00:00Z,88.76
United Kingdom,GBR,2024-05-31T06:00:00Z,2024-05-31T07:00:00Z,95.51
United Kingdom,GBR,2024-05-31T07:00:00Z,2024-05-31T08:00:00Z,95.35
United Kingdom,GBR,2024-05-31T08:00:00Z,2024-05-31T09:00:00Z,93.12
United Kingdom,GBR,2024-05-31T09:00:00Z,2024-05-31T10:00:00Z,96.27
United Kingdom,GBR,2024-05-31T10:00:00Z,2024-05-31T11:00:00Z,94.71
United Kingdom,GBR,2024-05-31T11:00:00Z,2024-05-31T12:00:00Z,88.69
United Kingdom,GBR,2024-05-31T12:00:00Z,2024-05-31T13:00:00Z,73.91
United Kingdom,GBR,2024-05-31T13:00:00Z,2024-05-31T14:00:00Z,60.76
United Kingdom,GBR,2024-05-31T14:00:00Z,2024-05-31T15:00:00Z,61.95
United Kingdom,GBR,2024-05-31T15:00:00Z,2024-05-31T16:00:00Z,75.91
United Kingdom,GBR,2024-05-31T16:00:00Z,2024-05-31T17:00:00Z,92.63
United Kingdom,GBR,2024-05-31T17:00:00Z,2024-05-31T18:00:00Z,102.27
United Kingdom,GBR,2024-05-31T18:00:00Z,2024-05-31T19:00:00Z,107.87
United Kingdom,GBR,2024-05-31T19:00:00Z,2024-05-31T20:00:00Z,100.19
United Kingdom,GBR,2024-05-31T20:00:00Z,2024-05-31T21:00:00Z,99.15
United Kingdom,GBR,2024-05-31T21:00:00Z,2024-05-31T22:00:00Z,85.65
United Kingdom,GBR,2024-05-31T22:00:00Z,2024-05-31T23:00:00Z,86.34
United Kingdom,GBR,2024-05-31T23:00:00Z,2024-06-01T00:00:00Z,76.82
United Kingdom,GBR,2024-06-01T00:00:00Z,2024-06-01T01:00:00Z,67.5
United Kingdom,GBR,2024-06-01T01:00:00Z,2024-06-01T02:00:00Z,61.88
United Kingdom,GBR,2024-06-01T02:00:00Z,2024-06-01T03:00:00Z,62.33
United Kingdom,GBR,2024-06-01T03:00:00Z,2024-06-01T04:00:00Z,61.52
United Kingdom,GBR,2024-06-01T04:00:00Z,2024-06-01T05:00:00Z,60.24
United Kingdom,GBR,2024-06-01T05:00:00Z,2024-06-01T06:00:00Z,64.85
United Kingdom,GBR,2024-06-01T06:00:00Z,2024-06-01T07:00:00Z,59.06
United Kingdom,GBR,2024-06-01T07:00:00Z,2024-06-01T08:00:00Z,71.42
United Kingdom,GBR,2024-06-01T08:00:00Z,2024-06-01T09:00:00Z,76.37
United Kingdom,GBR,2024-06-01T09:00:00Z,2024-06-01T10:00:00Z,75.85
United Kingdom,GBR,2024-06-01T10:00:00Z,2024-06-01T11:00:00Z,65.79
United Kingdom,GBR,2024-06-01T11:00:00Z,2024-06-01T12:00:00Z,62.43
United Kingdom,GBR,2024-06-01T12:00:00Z,2024-06-01T13:00:00Z,53.25
United Kingdom,GBR,2024-06-01T13:00:00Z,2024-06-01T14:00:00Z,42.03
United Kingdom,GBR,2024-06-01T14:00:00Z,2024-06-01T15:00:00Z,48.54
United Kingdom,GBR,2024-06-01T15:00:00Z,2024-06-01T16:00:00Z,60.24
United Kingdom,GBR,2024-06-01T16:00:00Z,2024-06-01T17:00:00Z,89.05
United Kingdom,GBR,2024-06-01T17:00:00Z,2024-06-01T18:00:00Z,102.31
United Kingdom,GBR,2024-06-01T18:00:00Z,2024-06-01T19:00:00Z,107.29
United Kingdom,GBR,2024-06-01T19:00:00Z,2024-06-01T20:00:00Z,106.64
United Kingdom,GBR,2024-06-01T20:00:00Z,2024-06-01T21:00:00Z,106.52
United Kingdom,GBR,2024-06-01T21:00:00Z,2024-06-01T22:00:00Z,96.29
United Kingdom,GBR,2024-06-01T22:00:00Z,2024-06-01T23:00:00Z,96.9
United Kingdom,GBR,2024-06-01T23:00:00Z,2024-06-02T00:00:00Z,89.72
United Kingdom,GBR,2024-06-02T00:00:00Z,2024-06-02T01:00:00Z,95.12
United Kingdom,GBR,2024-06-02T01:00:00Z,2024-06-02T02:00:00Z,78.42
United Kingdom,GBR,2024-06-02T02:00:00Z,2024-06-02T03:00:00Z,70.4
United Kingdom,GBR,2024-06-02T03:00:00Z,2024-06-02T04:00:00Z,62.88
United Kingdom,GBR,2024-06-02T04:00:00Z,2024-06-02T05:00:00Z,49.69
United Kingdom,GBR,2024-06-02T05:00:00Z,2024-06-02T06:00:00Z,59.12
United Kingdom,GBR,2024-06-02T06:00:00Z,2024-06-02T07:00:00Z,66.33
United Kingdom,GBR,2024-06-02T07:00:00Z,2024-06-02T08:00:00Z,71.83
United Kingdom,GBR,2024-06-02T08:00:00Z,2024-06-02T09:00:00Z,74.41
United Kingdom,GBR,2024-06-02T09:00:00Z,2024-06-02T10:00:00Z,71.9
United Kingdom,GBR,2024-06-02T10:00:00Z,2024-06-02T11:00:00Z,64.66
United Kingdom,GBR,2024-06-02T11:00:00Z,2024-06-02T12:00:00Z,61.1
United Kingdom,GBR,2024-06-02T12:00:00Z,2024-06-02T13:00:00Z,54.84
United Kingdom,GBR,2024-06-02T13:00:00Z,2024-06-02T14:00:00Z,48.93
United Kingdom,GBR,2024-06-02T14:00:00Z,2024-06-02T15:00:00Z,54.16
United Kingdom,GBR,2024-06-02T15:00:00Z,2024-06-02T16:00:00Z,68.96
United Kingdom,GBR,2024-06-02T16:00:00Z,2024-06-02T17:00:00Z,95.1
United Kingdom,GBR,2024-06-02T17:00:00Z,2024-06-02T18:00:00Z,110.1
United Kingdom,GBR,2024-06-02T18:00:00Z,2024-06-02T19:00:00Z,114.19
United Kingdom,GBR,2024-06-02T19:00:00Z,2024-06-02T20:00:00Z,114.67
United Kingdom,GBR,2024-06-02T20:00:00Z,2024-06-02T21:00:00Z,110.57
United Kingdom,GBR,2024-06-02T21:00:00Z,2024-06-02T22:00:00Z,102.63
United Kingdom,GBR,2024-06-02T22:00:00Z,2024-06-02T23:00:00Z,92.17
United Kingdom,GBR,2024-06-02T23:00:00Z,2024-06-03T00:00:00Z,88.19
United Kingdom,GBR,2024-06-03T00:00:00Z,2024-06-03T01:00:00Z,83.17
United Kingdom,GBR,2024-06-03T01:00:00Z,2024-06-03T02:00:00Z,77.08
United Kingdom,GBR,2024-06-03T02:00:00Z,2024-06-03T03:00:00Z,76.24
United Kingdom,GBR,2024-06-03T03:00:00Z,2024-06-03T04:00:00Z,74.52
United Kingdom,GBR,2024-06-03T04:00:00Z,2024-06-03T05:00:00Z,80.81
United Kingdom,GBR,2024-06-03T05:00:00Z,2024-06-03T06:00:00Z,96.83
United Kingdom,GBR,2024-06-03T06:00:00Z,2024-06-03T07:00:00Z,103.16
United Kingdom,GBR,2024-06-03T07:00:00Z,2024-06-03T08:00:00Z,104.77
United Kingdom,GBR,2024-06-03T08:00:00Z,2024-06-03T09:00:00Z,102.37
United Kingdom,GBR,2024-06-03T09:00:00Z,2024-06-03T10:00:00Z,101.9
United Kingdom,GBR,2024-06-03T10:00:00Z,2024-06-03T11:00:00Z,93.75
United Kingdom,GBR,2024-06-03T11:00:00Z,2024-06-03T12:00:00Z,90.19
United Kingdom,GBR,2024-06-03T12:00:00Z,2024-06-03T13:00:00Z,86.07
United Kingdom,GBR,2024-06-03T13:00:00Z,2024-06-03T14:00:00Z,82.39
United Kingdom,GBR,2024-06-03T14:00:00Z,2024-06-03T15:00:00Z,84.18
United Kingdom,GBR,2024-06-03T15:00:00Z,2024-06-03T16:00:00Z,96.06
United Kingdom,GBR,2024-06-03T16:00:00Z,2024-06-03T17:00:00Z,101.6
United Kingdom,GBR,2024-06-03T17:00:00Z,2024-06-03T18:00:00Z,119.63
United Kingdom,GBR,2024-06-03T18:00:00Z,2024-06-03T19:00:00Z,127.51
United Kingdom,GBR,2024-06-03T19:00:00Z,2024-06-03T20:00:00Z,121.91
United Kingdom,GBR,2024-06-03T20:00:00Z,2024-06-03T21:00:00Z,107.71
United Kingdom,GBR,2024-06-03T21:00:00Z,2024-06-03T22:00:00Z,95.57
United Kingdom,GBR,2024-06-03T22:00:00Z,2024-06-03T23:00:00Z,108.01
United Kingdom,GBR,2024-06-03T23:00:00Z,2024-06-04T00:00:00Z,98.04
United Kingdom,GBR,2024-06-04T00:00:00Z,2024-06-04T01:00:00Z,96.67
United Kingdom,GBR,2024-06-04T01:00:00Z,2024-06-04T02:00:00Z,90.61
United Kingdom,GBR,2024-06-04T02:00:00Z,2024-06-04T03:00:00Z,86.12
United Kingdom,GBR,2024-06-04T03:00:00Z,2024-06-04T04:00:00Z,86.81
United Kingdom,GBR,2024-06-04T04:00:00Z,2024-06-04T05:00:00Z,92.73
United Kingdom,GBR,2024-06-04T05:00:00Z,2024-06-04T06:00:00Z,121.02
United Kingdom,GBR,2024-06-04T06:00:00Z,2024-06-04T07:00:00Z,122.03
United Kingdom,GBR,2024-06-04T07:00:00Z,2024-06-04T08:00:00Z,102.84
United Kingdom,GBR,2024-06-04T08:00:00Z,2024-06-04T09:00:00Z,90.5
United Kingdom,GBR,2024-06-04T09:00:00Z,2024-06-04T10:00:00Z,72.91
United Kingdom,GBR,2024-06-04T10:00:00Z,2024-06-04T11:00:00Z,60.84
United Kingdom,GBR,2024-06-04T11:00:00Z,2024-06-04T12:00:00Z,48.02
United Kingdom,GBR,2024-06-04T12:00:00Z,2024-06-04T13:00:00Z,44.41
United Kingdom,GBR,2024-06-04T13:00:00Z,2024-06-04T14:00:00Z,41.36
United Kingdom,GBR,2024-06-04T14:00:00Z,2024-06-04T15:00:00Z,46.22
United Kingdom,GBR,2024-06-04T15:00:00Z,2024-06-04T16:00:00Z,63.48
United Kingdom,GBR,2024-06-04T16:00:00Z,2024-06-04T17:00:00Z,84.4
United Kingdom,GBR,2024-06-04T17:00:00Z,2024-06-04T18:00:00Z,102.19
United Kingdom,GBR,2024-06-04T18:00:00Z,2024-06-04T19:00:00Z,111.78
United Kingdom,GBR,2024-06-04T19:00:00Z,2024-06-04T20:00:00Z,115.06
United Kingdom,GBR,2024-06-04T20:00:00Z,2024-06-04T21:00:00Z,108.02
United Kingdom,GBR,2024-06-04T21:00:00Z,2024-06-04T22:00:00Z,89.94
United Kingdom,GBR,2024-06-04T22:00:00Z,2024-06-04T23:00:00Z,63.86
United Kingdom,GBR,2024-06-04T23:00:00Z,2024-06-05T00:00:00Z,49.56
United Kingdom,GBR,2024-06-05T00:00:00Z,2024-06-05T01:00:00Z,41
United Kingdom,GBR,2024-06-05T01:00:00Z,2024-06-05T02:00:00Z,39.17
United Kingdom,GBR,2024-06-05T02:00:00Z,2024-06-05T03:00:00Z,36.93
United Kingdom,GBR,2024-06-05T03:00:00Z,2024-06-05T04:00:00Z,43.44
United Kingdom,GBR,2024-06-05T04:00:00Z,2024-06-05T05:00:00Z,60.59
United Kingdom,GBR,2024-06-05T05:00:00Z,2024-06-05T06:00:00Z,96.72
United Kingdom,GBR,2024-06-05T06:00:00Z,2024-06-05T07:00:00Z,109.33
United Kingdom,GBR,2024-06-05T07:00:00Z,2024-06-05T08:00:00Z,104.91
United Kingdom,GBR,2024-06-05T08:00:00Z,2024-06-05T09:00:00Z,91.7
United Kingdom,GBR,2024-06-05T09:00:00Z,2024-06-05T10:00:00Z,70.26
United Kingdom,GBR,2024-06-05T10:00:00Z,2024-06-05T11:00:00Z,64.57
United Kingdom,GBR,2024-06-05T11:00:00Z,2024-06-05T12:00:00Z,58.2
United Kingdom,GBR,2024-06-05T12:00:00Z,2024-06-05T13:00:00Z,43.82
United Kingdom,GBR,2024-06-05T13:00:00Z,2024-06-05T14:00:00Z,29.81
United Kingdom,GBR,2024-06-05T14:00:00Z,2024-06-05T15:00:00Z,44.17
United Kingdom,GBR,2024-06-05T15:00:00Z,2024-06-05T16:00:00Z,60.16
United Kingdom,GBR,2024-06-05T16:00:00Z,2024-06-05T17:00:00Z,88.42
United Kingdom,GBR,2024-06-05T17:00:00Z,2024-06-05T18:00:00Z,111.44
United Kingdom,GBR,2024-06-05T18:00:00Z,2024-06-05T19:00:00Z,122.17
United Kingdom,GBR,2024-06-05T19:00:00Z,2024-06-05T20:00:00Z,123.15
United Kingdom,GBR,2024-06-05T20:00:00Z,2024-06-05T21:00:00Z,121.83
United Kingdom,GBR,2024-06-05T21:00:00Z,2024-06-05T22:00:00Z,106.68
United Kingdom,GBR,2024-06-05T22:00:00Z,2024-06-05T23:00:00Z,89.45
United Kingdom,GBR,2024-06-05T23:00:00Z,2024-06-06T00:00:00Z,81.86
United Kingdom,GBR,2024-06-06T00:00:00Z,2024-06-06T01:00:00Z,76.91
United Kingdom,GBR,2024-06-06T01:00:00Z,2024-06-06T02:00:00Z,74.98
United Kingdom,GBR,2024-06-06T02:00:00Z,2024-06-06T03:00:00Z,76.44
United Kingdom,GBR,2024-06-06T03:00:00Z,2024-06-06T04:00:00Z,81.14
United Kingdom,GBR,2024-06-06T04:00:00Z,2024-06-06T05:00:00Z,93.44
United Kingdom,GBR,2024-06-06T05:00:00Z,2024-06-06T06:00:00Z,113.16
United Kingdom,GBR,2024-06-06T06:00:00Z,2024-06-06T07:00:00Z,112.62
United Kingdom,GBR,2024-06-06T07:00:00Z,2024-06-06T08:00:00Z,112.88
United Kingdom,GBR,2024-06-06T08:00:00Z,2024-06-06T09:00:00Z,100.67
United Kingdom,GBR,2024-06-06T09:00:00Z,2024-06-06T10:00:00Z,88
United Kingdom,GBR,2024-06-06T10:00:00Z,2024-06-06T11:00:00Z,86.47
United Kingdom,GBR,2024-06-06T11:00:00Z,2024-06-06T12:00:00Z,79.1
United Kingdom,GBR,2024-06-06T12:00:00Z,2024-06-06T13:00:00Z,71.63
United Kingdom,GBR,2024-06-06T13:00:00Z,2024-06-06T14:00:00Z,57.64
United Kingdom,GBR,2024-06-06T14:00:00Z,2024-06-06T15:00:00Z,64.83
United Kingdom,GBR,2024-06-06T15:00:00Z,2024-06-06T16:00:00Z,82.32
United Kingdom,GBR,2024-06-06T16:00:00Z,2024-06-06T17:00:00Z,98.91
United Kingdom,GBR,2024-06-06T17:00:00Z,2024-06-06T18:00:00Z,114.89
United Kingdom,GBR,2024-06-06T18:00:00Z,2024-06-06T19:00:00Z,124.41
United Kingdom,GBR,2024-06-06T19:00:00Z,2024-06-06T20:00:00Z,123.86
United Kingdom,GBR,2024-06-06T20:00:00Z,2024-06-06T21:00:00Z,117.25
United Kingdom,GBR,2024-06-06T21:00:00Z,2024-06-06T22:00:00Z,100.26
United Kingdom,GBR,2024-06-06T22:00:00Z,2024-06-06T23:00:00Z,98.52
United Kingdom,GBR,2024-06-06T23:00:00Z,2024-06-07T00:00:00Z,89.21
United Kingdom,GBR,2024-06-07T00:00:00Z,2024-06-07T01:00:00Z,86.64
United Kingdom,GBR,2024-06-07T01:00:00Z,2024-06-07T02:00:00Z,82.4
United Kingdom,GBR,2024-06-07T02:00:00Z,2024-06-07T03:00:00Z,80.95
United Kingdom,GBR,2024-06-07T03:00:00Z,2024-06-07T04:00:00Z,78
United Kingdom,GBR,2024-06-07T04:00:00Z,2024-06-07T05:00:00Z,86.95
United Kingdom,GBR,2024-06-07T05:00:00Z,2024-06-07T06:00:00Z,109.77
United Kingdom,GBR,2024-06-07T06:00:00Z,2024-06-07T07:00:00Z,100.83
United Kingdom,GBR,2024-06-07T07:00:00Z,2024-06-07T08:00:00Z,89.15
United Kingdom,GBR,2024-06-07T08:00:00Z,2024-06-07T09:00:00Z,80.27
United Kingdom,GBR,2024-06-07T09:00:00Z,2024-06-07T10:00:00Z,66.88
United Kingdom,GBR,2024-06-07T10:00:00Z,2024-06-07T11:00:00Z,61.42
United Kingdom,GBR,2024-06-07T11:00:00Z,2024-06-07T12:00:00Z,40.9
United Kingdom,GBR,2024-06-07T12:00:00Z,2024-06-07T13:00:00Z,19.04
United Kingdom,GBR,2024-06-07T13:00:00Z,2024-06-07T14:00:00Z,19.49
United Kingdom,GBR,2024-06-07T14:00:00Z,2024-06-07T15:00:00Z,32.77
United Kingdom,GBR,2024-06-07T15:00:00Z,2024-06-07T16:00:00Z,52.13
United Kingdom,GBR,2024-06-07T16:00:00Z,2024-06-07T17:00:00Z,81.56
United Kingdom,GBR,2024-06-07T17:00:00Z,2024-06-07T18:00:00Z,98.63
United Kingdom,GBR,2024-06-07T18:00:00Z,2024-06-07T19:00:00Z,112.32
United Kingdom,GBR,2024-06-07T19:00:00Z,2024-06-07T20:00:00Z,114.36
United Kingdom,GBR,2024-06-07T20:00:00Z,2024-06-07T21:00:00Z,103.88
United Kingdom,GBR,2024-06-07T21:00:00Z,2024-06-07T22:00:00Z,88.09
United Kingdom,GBR,2024-06-07T22:00:00Z,2024-06-07T23:00:00Z,80.76
United Kingdom,GBR,2024-06-07T23:00:00Z,2024-06-08T00:00:00Z,67.27
United Kingdom,GBR,2024-06-08T00:00:00Z,2024-06-08T01:00:00Z,51.79
United Kingdom,GBR,2024-06-08T01:00:00Z,2024-06-08T02:00:00Z,45.37
United Kingdom,GBR,2024-06-08T02:00:00Z,2024-06-08T03:00:00Z,39.53
United Kingdom,GBR,2024-06-08T03:00:00Z,2024-06-08T04:00:00Z,39.54
United Kingdom,GBR,2024-06-08T04:00:00Z,2024-06-08T05:00:00Z,36.77
United Kingdom,GBR,2024-06-08T05:00:00Z,2024-06-08T06:00:00Z,37.34
United Kingdom,GBR,2024-06-08T06:00:00Z,2024-06-08T07:00:00Z,27.57
United Kingdom,GBR,2024-06-08T07:00:00Z,2024-06-08T08:00:00Z,10.93
United Kingdom,GBR,2024-06-08T08:00:00Z,2024-06-08T09:00:00Z,3.35
United Kingdom,GBR,2024-06-08T09:00:00Z,2024-06-08T10:00:00Z,0.31
United Kingdom,GBR,2024-06-08T10:00:00Z,2024-06-08T11:00:00Z,-5.53
United Kingdom,GBR,2024-06-08T11:00:00Z,2024-06-08T12:00:00Z,-10.73
United Kingdom,GBR,2024-06-08T12:00:00Z,2024-06-08T13:00:00Z,-15.37
United Kingdom,GBR,2024-06-08T13:00:00Z,2024-06-08T14:00:00Z,-14.09
United Kingdom,GBR,2024-06-08T14:00:00Z,2024-06-08T15:00:00Z,-9.19
United Kingdom,GBR,2024-06-08T15:00:00Z,2024-06-08T16:00:00Z,4.61
United Kingdom,GBR,2024-06-08T16:00:00Z,2024-06-08T17:00:00Z,43.8
United Kingdom,GBR,2024-06-08T17:00:00Z,2024-06-08T18:00:00Z,86.3
United Kingdom,GBR,2024-06-08T18:00:00Z,2024-06-08T19:00:00Z,100.21
United Kingdom,GBR,2024-06-08T19:00:00Z,2024-06-08T20:00:00Z,111.63
United Kingdom,GBR,2024-06-08T20:00:00Z,2024-06-08T21:00:00Z,105.06
United Kingdom,GBR,2024-06-08T21:00:00Z,2024-06-08T22:00:00Z,91.64
United Kingdom,GBR,2024-06-08T22:00:00Z,2024-06-08T23:00:00Z,57.41
United Kingdom,GBR,2024-06-08T23:00:00Z,2024-06-09T00:00:00Z,31.31
United Kingdom,GBR,2024-06-09T00:00:00Z,2024-06-09T01:00:00Z,15.91
United Kingdom,GBR,2024-06-09T01:00:00Z,2024-06-09T02:00:00Z,14.38
United Kingdom,GBR,2024-06-09T02:00:00Z,2024-06-09T03:00:00Z,11.98
United Kingdom,GBR,2024-06-09T03:00:00Z,2024-06-09T04:00:00Z,9
United Kingdom,GBR,2024-06-09T04:00:00Z,2024-06-09T05:00:00Z,6.92
United Kingdom,GBR,2024-06-09T05:00:00Z,2024-06-09T06:00:00Z,2.01
United Kingdom,GBR,2024-06-09T06:00:00Z,2024-06-09T07:00:00Z,-2.35
United Kingdom,GBR,2024-06-09T07:00:00Z,2024-06-09T08:00:00Z,-3.57
United Kingdom,GBR,2024-06-09T08:00:00Z,2024-06-09T09:00:00Z,-7.93
United Kingdom,GBR,2024-06-09T09:00:00Z,2024-06-09T10:00:00Z,-5.43
United Kingdom,GBR,2024-06-09T10:00:00Z,2024-06-09T11:00:00Z,-4.68
United Kingdom,GBR,2024-06-09T11:00:00Z,2024-06-09T12:00:00Z,-1.64
United Kingdom,GBR,2024-06-09T12:00:00Z,2024-06-09T13:00:00Z,-0.4
United Kingdom,GBR,2024-06-09T13:00:00Z,2024-06-09T14:00:00Z,1.83
United Kingdom,GBR,2024-06-09T14:00:00Z,2024-06-09T15:00:00Z,16.72
United Kingdom,GBR,2024-06-09T15:00:00Z,2024-06-09T16:00:00Z,68.86
United Kingdom,GBR,2024-06-09T16:00:00Z,2024-06-09T17:00:00Z,101.21
United Kingdom,GBR,2024-06-09T17:00:00Z,2024-06-09T18:00:00Z,107.12
United Kingdom,GBR,2024-06-09T18:00:00Z,2024-06-09T19:00:00Z,113.15
United Kingdom,GBR,2024-06-09T19:00:00Z,2024-06-09T20:00:00Z,112.79
United Kingdom,GBR,2024-06-09T20:00:00Z,2024-06-09T21:00:00Z,111.5
United Kingdom,GBR,2024-06-09T21:00:00Z,2024-06-09T22:00:00Z,93.49
United Kingdom,GBR,2024-06-09T22:00:00Z,2024-06-09T23:00:00Z,99.8
United Kingdom,GBR,2024-06-09T23:00:00Z,2024-06-10T00:00:00Z,83.12
United Kingdom,GBR,2024-06-10T00:00:00Z,2024-06-10T01:00:00Z,78.67
United Kingdom,GBR,2024-06-10T01:00:00Z,2024-06-10T02:00:00Z,75.53
United Kingdom,GBR,2024-06-10T02:00:00Z,2024-06-10T03:00:00Z,70.88
United Kingdom,GBR,2024-06-10T03:00:00Z,2024-06-10T04:00:00Z,65.25
United Kingdom,GBR,2024-06-10T04:00:00Z,2024-06-10T05:00:00Z,69.06
United Kingdom,GBR,2024-06-10T05:00:00Z,2024-06-10T06:00:00Z,96.99
United Kingdom,GBR,2024-06-10T06:00:00Z,2024-06-10T07:00:00Z,110.12
United Kingdom,GBR,2024-06-10T07:00:00Z,2024-06-10T08:00:00Z,111.51
United Kingdom,GBR,2024-06-10T08:00:00Z,2024-06-10T09:00:00Z,101.7
United Kingdom,GBR,2024-06-10T09:00:00Z,2024-06-10T10:00:00Z,83.33
United Kingdom,GBR,2024-06-10T10:00:00Z,2024-06-10T11:00:00Z,81.84
United Kingdom,GBR,2024-06-10T11:00:00Z,2024-06-10T12:00:00Z,67.39
United Kingdom,GBR,2024-06-10T12:00:00Z,2024-06-10T13:00:00Z,61.21
United Kingdom,GBR,2024-06-10T13:00:00Z,2024-06-10T14:00:00Z,57.25
United Kingdom,GBR,2024-06-10T14:00:00Z,2024-06-10T15:00:00Z,50.06
United Kingdom,GBR,2024-06-10T15:00:00Z,2024-06-10T16:00:00Z,66.46
United Kingdom,GBR,2024-06-10T16:00:00Z,2024-06-10T17:00:00Z,83.82
United Kingdom,GBR,2024-06-10T17:00:00Z,2024-06-10T18:00:00Z,104.48
United Kingdom,GBR,2024-06-10T18:00:00Z,2024-06-10T19:00:00Z,110.15
United Kingdom,GBR,2024-06-10T19:00:00Z,2024-06-10T20:00:00Z,109.33
United Kingdom,GBR,2024-06-10T20:00:00Z,2024-06-10T21:00:00Z,106.11
United Kingdom,GBR,2024-06-10T21:00:00Z,2024-06-10T22:00:00Z,86.99
United Kingdom,GBR,2024-06-10T22:00:00Z,2024-06-10T23:00:00Z,75.49
United Kingdom,GBR,2024-06-10T23:00:00Z,2024-06-11T00:00:00Z,63.19
United Kingdom,GBR,2024-06-11T00:00:00Z,2024-06-11T01:00:00Z,60.89
United Kingdom,GBR,2024-06-11T01:00:00Z,2024-06-11T02:00:00Z,51.52
United Kingdom,GBR,2024-06-11T02:00:00Z,2024-06-11T03:00:00Z,50.52
United Kingdom,GBR,2024-06-11T03:00:00Z,2024-06-11T04:00:00Z,54.25
United Kingdom,GBR,2024-06-11T04:00:00Z,2024-06-11T05:00:00Z,69.31
United Kingdom,GBR,2024-06-11T05:00:00Z,2024-06-11T06:00:00Z,87.16
United Kingdom,GBR,2024-06-11T06:00:00Z,2024-06-11T07:00:00Z,90.62
United Kingdom,GBR,2024-06-11T07:00:00Z,2024-06-11T08:00:00Z,92.05
United Kingdom,GBR,2024-06-11T08:00:00Z,2024-06-11T09:00:00Z,90.76
United Kingdom,GBR,2024-06-11T09:00:00Z,2024-06-11T10:00:00Z,83.88
United Kingdom,GBR,2024-06-11T10:00:00Z,2024-06-11T11:00:00Z,89.87
United Kingdom,GBR,2024-06-11T11:00:00Z,2024-06-11T12:00:00Z,98.74
United Kingdom,GBR,2024-06-11T12:00:00Z,2024-06-11T13:00:00Z,94.2
United Kingdom,GBR,2024-06-11T13:00:00Z,2024-06-11T14:00:00Z,88.71
United Kingdom,GBR,2024-06-11T14:00:00Z,2024-06-11T15:00:00Z,82.14
United Kingdom,GBR,2024-06-11T15:00:00Z,2024-06-11T16:00:00Z,89.47
United Kingdom,GBR,2024-06-11T16:00:00Z,2024-06-11T17:00:00Z,96.02
United Kingdom,GBR,2024-06-11T17:00:00Z,2024-06-11T18:00:00Z,105.28
United Kingdom,GBR,2024-06-11T18:00:00Z,2024-06-11T19:00:00Z,120.2
United Kingdom,GBR,2024-06-11T19:00:00Z,2024-06-11T20:00:00Z,120.53
United Kingdom,GBR,2024-06-11T20:00:00Z,2024-06-11T21:00:00Z,112.08
United Kingdom,GBR,2024-06-11T21:00:00Z,2024-06-11T22:00:00Z,92.39
United Kingdom,GBR,2024-06-11T22:00:00Z,2024-06-11T23:00:00Z,95.36
United Kingdom,GBR,2024-06-11T23:00:00Z,2024-06-12T00:00:00Z,88.71
United Kingdom,GBR,2024-06-12T00:00:00Z,2024-06-12T01:00:00Z,87.41
United Kingdom,GBR,2024-06-12T01:00:00Z,2024-06-12T02:00:00Z,83.75
United Kingdom,GBR,2024-06-12T02:00:00Z,2024-06-12T03:00:00Z,83.8
United Kingdom,GBR,2024-06-12T03:00:00Z,2024-06-12T04:00:00Z,84.87
United Kingdom,GBR,2024-06-12T04:00:00Z,2024-06-12T05:00:00Z,96.68
United Kingdom,GBR,2024-06-12T05:00:00Z,2024-06-12T06:00:00Z,105.95
United Kingdom,GBR,2024-06-12T06:00:00Z,2024-06-12T07:00:00Z,91.93
United Kingdom,GBR,2024-06-12T07:00:00Z,2024-06-12T08:00:00Z,101.64
United Kingdom,GBR,2024-06-12T08:00:00Z,2024-06-12T09:00:00Z,99.67
United Kingdom,GBR,2024-06-12T09:00:00Z,2024-06-12T10:00:00Z,100.89
United Kingdom,GBR,2024-06-12T10:00:00Z,2024-06-12T11:00:00Z,106.57
United Kingdom,GBR,2024-06-12T11:00:00Z,2024-06-12T12:00:00Z,109.09
United Kingdom,GBR,2024-06-12T12:00:00Z,2024-06-12T13:00:00Z,99.03
United Kingdom,GBR,2024-06-12T13:00:00Z,2024-06-12T14:00:00Z,93.58
United Kingdom,GBR,2024-06-12T14:00:00Z,2024-06-12T15:00:00Z,96.94
United Kingdom,GBR,2024-06-12T15:00:00Z,2024-06-12T16:00:00Z,102.57
United Kingdom,GBR,2024-06-12T16:00:00Z,2024-06-12T17:00:00Z,104.86
United Kingdom,GBR,2024-06-12T17:00:00Z,2024-06-12T18:00:00Z,119.06
United Kingdom,GBR,2024-06-12T18:00:00Z,2024-06-12T19:00:00Z,133.26
United Kingdom,GBR,2024-06-12T19:00:00Z,2024-06-12T20:00:00Z,135.89
United Kingdom,GBR,2024-06-12T20:00:00Z,2024-06-12T21:00:00Z,124.82
United Kingdom,GBR,2024-06-12T21:00:00Z,2024-06-12T22:00:00Z,104.86
United Kingdom,GBR,2024-06-12T22:00:00Z,2024-06-12T23:00:00Z,103.39
United Kingdom,GBR,2024-06-12T23:00:00Z,2024-06-13T00:00:00Z,95.13
United Kingdom,GBR,2024-06-13T00:00:00Z,2024-06-13T01:00:00Z,89.93
United Kingdom,GBR,2024-06-13T01:00:00Z,2024-06-13T02:00:00Z,85.34
United Kingdom,GBR,2024-06-13T02:00:00Z,2024-06-13T03:00:00Z,81.25
United Kingdom,GBR,2024-06-13T03:00:00Z,2024-06-13T04:00:00Z,81.74
United Kingdom,GBR,2024-06-13T04:00:00Z,2024-06-13T05:00:00Z,92.51
United Kingdom,GBR,2024-06-13T05:00:00Z,2024-06-13T06:00:00Z,114.09
United Kingdom,GBR,2024-06-13T06:00:00Z,2024-06-13T07:00:00Z,115.17
United Kingdom,GBR,2024-06-13T07:00:00Z,2024-06-13T08:00:00Z,112.96
United Kingdom,GBR,2024-06-13T08:00:00Z,2024-06-13T09:00:00Z,109.58
United Kingdom,GBR,2024-06-13T09:00:00Z,2024-06-13T10:00:00Z,97.86
United Kingdom,GBR,2024-06-13T10:00:00Z,2024-06-13T11:00:00Z,100.6
United Kingdom,GBR,2024-06-13T11:00:00Z,2024-06-13T12:00:00Z,94.13
United Kingdom,GBR,2024-06-13T12:00:00Z,2024-06-13T13:00:00Z,87.61
United Kingdom,GBR,2024-06-13T13:00:00Z,2024-06-13T14:00:00Z,79.14
United Kingdom,GBR,2024-06-13T14:00:00Z,2024-06-13T15:00:00Z,74.26
United Kingdom,GBR,2024-06-13T15:00:00Z,2024-06-13T16:00:00Z,79.39
United Kingdom,GBR,2024-06-13T16:00:00Z,2024-06-13T17:00:00Z,97.07
United Kingdom,GBR,2024-06-13T17:00:00Z,2024-06-13T18:00:00Z,111.35
United Kingdom,GBR,2024-06-13T18:00:00Z,2024-06-13T19:00:00Z,116.21
United Kingdom,GBR,2024-06-13T19:00:00Z,2024-06-13T20:00:00Z,108.61
United Kingdom,GBR,2024-06-13T20:00:00Z,2024-06-13T21:00:00Z,92.88
United Kingdom,GBR,2024-06-13T21:00:00Z,2024-06-13T22:00:00Z,72.94
United Kingdom,GBR,2024-06-13T22:00:00Z,2024-06-13T23:00:00Z,56.85
United Kingdom,GBR,2024-06-13T23:00:00Z,2024-06-14T00:00:00Z,48.91
United Kingdom,GBR,2024-06-14T00:00:00Z,2024-06-14T01:00:00Z,46.54
United Kingdom,GBR,2024-06-14T01:00:00Z,2024-06-14T02:00:00Z,44.29
United Kingdom,GBR,2024-06-14T02:00:00Z,2024-06-14T03:00:00Z,41.94
United Kingdom,GBR,2024-06-14T03:00:00Z,2024-06-14T04:00:00Z,42.44
United Kingdom,GBR,2024-06-14T04:00:00Z,2024-06-14T05:00:00Z,56.76
United Kingdom,GBR,2024-06-14T05:00:00Z,2024-06-14T06:00:00Z,86.91
United Kingdom,GBR,2024-06-14T06:00:00Z,2024-06-14T07:00:00Z,102.99
United Kingdom,GBR,2024-06-14T07:00:00Z,2024-06-14T08:00:00Z,103.22
United Kingdom,GBR,2024-06-14T08:00:00Z,2024-06-14T09:00:00Z,104.58
United Kingdom,GBR,2024-06-14T09:00:00Z,2024-06-14T10:00:00Z,98.2
United Kingdom,GBR,2024-06-14T10:00:00Z,2024-06-14T11:00:00Z,97.52
United Kingdom,GBR,2024-06-14T11:00:00Z,2024-06-14T12:00:00Z,94.32
United Kingdom,GBR,2024-06-14T12:00:00Z,2024-06-14T13:00:00Z,87.19
United Kingdom,GBR,2024-06-14T13:00:00Z,2024-06-14T14:00:00Z,79.73
United Kingdom,GBR,2024-06-14T14:00:00Z,2024-06-14T15:00:00Z,71.04
United Kingdom,GBR,2024-06-14T15:00:00Z,2024-06-14T16:00:00Z,84.22
United Kingdom,GBR,2024-06-14T16:00:00Z,2024-06-14T17:00:00Z,98.7
United Kingdom,GBR,2024-06-14T17:00:00Z,2024-06-14T18:00:00Z,109.51
United Kingdom,GBR,2024-06-14T18:00:00Z,2024-06-14T19:00:00Z,119.49
United Kingdom,GBR,2024-06-14T19:00:00Z,2024-06-14T20:00:00Z,116.81
United Kingdom,GBR,2024-06-14T20:00:00Z,2024-06-14T21:00:00Z,108.79
United Kingdom,GBR,2024-06-14T21:00:00Z,2024-06-14T22:00:00Z,92.52
United Kingdom,GBR,2024-06-14T22:00:00Z,2024-06-14T23:00:00Z,109.79
United Kingdom,GBR,2024-06-14T23:00:00Z,2024-06-15T00:00:00Z,94.6
United Kingdom,GBR,2024-06-15T00:00:00Z,2024-06-15T01:00:00Z,88.31
United Kingdom,GBR,2024-06-15T01:00:00Z,2024-06-15T02:00:00Z,80.97
United Kingdom,GBR,2024-06-15T02:00:00Z,2024-06-15T03:00:00Z,73.42
United Kingdom,GBR,2024-06-15T03:00:00Z,2024-06-15T04:00:00Z,68.11
United Kingdom,GBR,2024-06-15T04:00:00Z,2024-06-15T05:00:00Z,65.68
United Kingdom,GBR,2024-06-15T05:00:00Z,2024-06-15T06:00:00Z,78.8
United Kingdom,GBR,2024-06-15T06:00:00Z,2024-06-15T07:00:00Z,90.42
United Kingdom,GBR,2024-06-15T07:00:00Z,2024-06-15T08:00:00Z,103.91
United Kingdom,GBR,2024-06-15T08:00:00Z,2024-06-15T09:00:00Z,105.2
United Kingdom,GBR,2024-06-15T09:00:00Z,2024-06-15T10:00:00Z,100.42
United Kingdom,GBR,2024-06-15T10:00:00Z,2024-06-15T11:00:00Z,84.39
United Kingdom,GBR,2024-06-15T11:00:00Z,2024-06-15T12:00:00Z,75.9
United Kingdom,GBR,2024-06-15T12:00:00Z,2024-06-15T13:00:00Z,61.11
United Kingdom,GBR,2024-06-15T13:00:00Z,2024-06-15T14:00:00Z,54.11
United Kingdom,GBR,2024-06-15T14:00:00Z,2024-06-15T15:00:00Z,62.5
United Kingdom,GBR,2024-06-15T15:00:00Z,2024-06-15T16:00:00Z,81.33
United Kingdom,GBR,2024-06-15T16:00:00Z,2024-06-15T17:00:00Z,106.69
United Kingdom,GBR,2024-06-15T17:00:00Z,2024-06-15T18:00:00Z,109.92
United Kingdom,GBR,2024-06-15T18:00:00Z,2024-06-15T19:00:00Z,113.76
United Kingdom,GBR,2024-06-15T19:00:00Z,2024-06-15T20:00:00Z,107
United Kingdom,GBR,2024-06-15T20:00:00Z,2024-06-15T21:00:00Z,106.93
United Kingdom,GBR,2024-06-15T21:00:00Z,2024-06-15T22:00:00Z,92.75
United Kingdom,GBR,2024-06-15T22:00:00Z,2024-06-15T23:00:00Z,101.86
United Kingdom,GBR,2024-06-15T23:00:00Z,2024-06-16T00:00:00Z,68.08
United Kingdom,GBR,2024-06-16T00:00:00Z,2024-06-16T01:00:00Z,58.57
United Kingdom,GBR,2024-06-16T01:00:00Z,2024-06-16T02:00:00Z,46.16
United Kingdom,GBR,2024-06-16T02:00:00Z,2024-06-16T03:00:00Z,32.44
United Kingdom,GBR,2024-06-16T03:00:00Z,2024-06-16T04:00:00Z,25.33
United Kingdom,GBR,2024-06-16T04:00:00Z,2024-06-16T05:00:00Z,24.59
United Kingdom,GBR,2024-06-16T05:00:00Z,2024-06-16T06:00:00Z,26.68
United Kingdom,GBR,2024-06-16T06:00:00Z,2024-06-16T07:00:00Z,33.24
United Kingdom,GBR,2024-06-16T07:00:00Z,2024-06-16T08:00:00Z,58.5
United Kingdom,GBR,2024-06-16T08:00:00Z,2024-06-16T09:00:00Z,72.85
United Kingdom,GBR,2024-06-16T09:00:00Z,2024-06-16T10:00:00Z,86.65
United Kingdom,GBR,2024-06-16T10:00:00Z,2024-06-16T11:00:00Z,88.02
United Kingdom,GBR,2024-06-16T11:00:00Z,2024-06-16T12:00:00Z,86.92
United Kingdom,GBR,2024-06-16T12:00:00Z,2024-06-16T13:00:00Z,70.38
United Kingdom,GBR,2024-06-16T13:00:00Z,2024-06-16T14:00:00Z,64.65
United Kingdom,GBR,2024-06-16T14:00:00Z,2024-06-16T15:00:00Z,65.25
United Kingdom,GBR,2024-06-16T15:00:00Z,2024-06-16T16:00:00Z,81.43
United Kingdom,GBR,2024-06-16T16:00:00Z,2024-06-16T17:00:00Z,101.4
United Kingdom,GBR,2024-06-16T17:00:00Z,2024-06-16T18:00:00Z,108.03
United Kingdom,GBR,2024-06-16T18:00:00Z,2024-06-16T19:00:00Z,115.77
United Kingdom,GBR,2024-06-16T19:00:00Z,2024-06-16T20:00:00Z,119.6
United Kingdom,GBR,2024-06-16T20:00:00Z,2024-06-16T21:00:00Z,116.57
United Kingdom,GBR,2024-06-16T21:00:00Z,2024-06-16T22:00:00Z,99.33
United Kingdom,GBR,2024-06-16T22:00:00Z,2024-06-16T23:00:00Z,91.25
United Kingdom,GBR,2024-06-16T23:00:00Z,2024-06-17T00:00:00Z,83.84
United Kingdom,GBR,2024-06-17T00:00:00Z,2024-06-17T01:00:00Z,80.14
United Kingdom,GBR,2024-06-17T01:00:00Z,2024-06-17T02:00:00Z,78.26
United Kingdom,GBR,2024-06-17T02:00:00Z,2024-06-17T03:00:00Z,77.23
United Kingdom,GBR,2024-06-17T03:00:00Z,2024-06-17T04:00:00Z,84.16
United Kingdom,GBR,2024-06-17T04:00:00Z,2024-06-17T05:00:00Z,97.9
United Kingdom,GBR,2024-06-17T05:00:00Z,2024-06-17T06:00:00Z,115.2
United Kingdom,GBR,2024-06-17T06:00:00Z,2024-06-17T07:00:00Z,110.04
United Kingdom,GBR,2024-06-17T07:00:00Z,2024-06-17T08:00:00Z,103.49
United Kingdom,GBR,2024-06-17T08:00:00Z,2024-06-17T09:00:00Z,102.8
United Kingdom,GBR,2024-06-17T09:00:00Z,2024-06-17T10:00:00Z,93.53
United Kingdom,GBR,2024-06-17T10:00:00Z,2024-06-17T11:00:00Z,96.36
United Kingdom,GBR,2024-06-17T11:00:00Z,2024-06-17T12:00:00Z,98.27
United Kingdom,GBR,2024-06-17T12:00:00Z,2024-06-17T13:00:00Z,92.17
United Kingdom,GBR,2024-06-17T13:00:00Z,2024-06-17T14:00:00Z,94.15
United Kingdom,GBR,2024-06-17T14:00:00Z,2024-06-17T15:00:00Z,92.67
United Kingdom,GBR,2024-06-17T15:00:00Z,2024-06-17T16:00:00Z,94.71
United Kingdom,GBR,2024-06-17T16:00:00Z,2024-06-17T17:00:00Z,106.3
United Kingdom,GBR,2024-06-17T17:00:00Z,2024-06-17T18:00:00Z,127.99
United Kingdom,GBR,2024-06-17T18:00:00Z,2024-06-17T19:00:00Z,136.67
United Kingdom,GBR,2024-06-17T19:00:00Z,2024-06-17T20:00:00Z,133.06
United Kingdom,GBR,2024-06-17T20:00:00Z,2024-06-17T21:00:00Z,121.8
United Kingdom,GBR,2024-06-17T21:00:00Z,2024-06-17T22:00:00Z,105.22
United Kingdom,GBR,2024-06-17T22:00:00Z,2024-06-17T23:00:00Z,100.28
United Kingdom,GBR,2024-06-17T23:00:00Z,2024-06-18T00:00:00Z,93.36
United Kingdom,GBR,2024-06-18T00:00:00Z,2024-06-18T01:00:00Z,88.68
United Kingdom,GBR,2024-06-18T01:00:00Z,2024-06-18T02:00:00Z,87.99
United Kingdom,GBR,2024-06-18T02:00:00Z,2024-06-18T03:00:00Z,89.04
United Kingdom,GBR,2024-06-18T03:00:00Z,2024-06-18T04:00:00Z,90.9
United Kingdom,GBR,2024-06-18T04:00:00Z,2024-06-18T05:00:00Z,100.39
United Kingdom,GBR,2024-06-18T05:00:00Z,2024-06-18T06:00:00Z,116.12
United Kingdom,GBR,2024-06-18T06:00:00Z,2024-06-18T07:00:00Z,116.95
United Kingdom,GBR,2024-06-18T07:00:00Z,2024-06-18T08:00:00Z,115.06
United Kingdom,GBR,2024-06-18T08:00:00Z,2024-06-18T09:00:00Z,109.16
United Kingdom,GBR,2024-06-18T09:00:00Z,2024-06-18T10:00:00Z,103.65
United Kingdom,GBR,2024-06-18T10:00:00Z,2024-06-18T11:00:00Z,101.37
United Kingdom,GBR,2024-06-18T11:00:00Z,2024-06-18T12:00:00Z,102.33
United Kingdom,GBR,2024-06-18T12:00:00Z,2024-06-18T13:00:00Z,90.95
United Kingdom,GBR,2024-06-18T13:00:00Z,2024-06-18T14:00:00Z,86
United Kingdom,GBR,2024-06-18T14:00:00Z,2024-06-18T15:00:00Z,86.11
United Kingdom,GBR,2024-06-18T15:00:00Z,2024-06-18T16:00:00Z,88.44
United Kingdom,GBR,2024-06-18T16:00:00Z,2024-06-18T17:00:00Z,108.64
United Kingdom,GBR,2024-06-18T17:00:00Z,2024-06-18T18:00:00Z,120.55
United Kingdom,GBR,2024-06-18T18:00:00Z,2024-06-18T19:00:00Z,121.89
United Kingdom,GBR,2024-06-18T19:00:00Z,2024-06-18T20:00:00Z,119.62
United Kingdom,GBR,2024-06-18T20:00:00Z,2024-06-18T21:00:00Z,109.82
United Kingdom,GBR,2024-06-18T21:00:00Z,2024-06-18T22:00:00Z,94
United Kingdom,GBR,2024-06-18T22:00:00Z,2024-06-18T23:00:00Z,93.4
United Kingdom,GBR,2024-06-18T23:00:00Z,2024-06-19T00:00:00Z,88.87
United Kingdom,GBR,2024-06-19T00:00:00Z,2024-06-19T01:00:00Z,86.22
United Kingdom,GBR,2024-06-19T01:00:00Z,2024-06-19T02:00:00Z,83.43
United Kingdom,GBR,2024-06-19T02:00:00Z,2024-06-19T03:00:00Z,78.4
United Kingdom,GBR,2024-06-19T03:00:00Z,2024-06-19T04:00:00Z,75.05
United Kingdom,GBR,2024-06-19T04:00:00Z,2024-06-19T05:00:00Z,89.67
United Kingdom,GBR,2024-06-19T05:00:00Z,2024-06-19T06:00:00Z,106.39
United Kingdom,GBR,2024-06-19T06:00:00Z,2024-06-19T07:00:00Z,106.99
United Kingdom,GBR,2024-06-19T07:00:00Z,2024-06-19T08:00:00Z,119.04
United Kingdom,GBR,2024-06-19T08:00:00Z,2024-06-19T09:00:00Z,116
United Kingdom,GBR,2024-06-19T09:00:00Z,2024-06-19T10:00:00Z,107.84
United Kingdom,GBR,2024-06-19T10:00:00Z,2024-06-19T11:00:00Z,101.68
United Kingdom,GBR,2024-06-19T11:00:00Z,2024-06-19T12:00:00Z,96.06
United Kingdom,GBR,2024-06-19T12:00:00Z,2024-06-19T13:00:00Z,86.56
United Kingdom,GBR,2024-06-19T13:00:00Z,2024-06-19T14:00:00Z,80.92
United Kingdom,GBR,2024-06-19T14:00:00Z,2024-06-19T15:00:00Z,78.7
United Kingdom,GBR,2024-06-19T15:00:00Z,2024-06-19T16:00:00Z,85.91
United Kingdom,GBR,2024-06-19T16:00:00Z,2024-06-19T17:00:00Z,96.76
United Kingdom,GBR,2024-06-19T17:00:00Z,2024-06-19T18:00:00Z,109.06
United Kingdom,GBR,2024-06-19T18:00:00Z,2024-06-19T19:00:00Z,115.46
United Kingdom,GBR,2024-06-19T19:00:00Z,2024-06-19T20:00:00Z,113.57
United Kingdom,GBR,2024-06-19T20:00:00Z,2024-06-19T21:00:00Z,110.17
United Kingdom,GBR,2024-06-19T21:00:00Z,2024-06-19T22:00:00Z,90.68
United Kingdom,GBR,2024-06-19T22:00:00Z,2024-06-19T23:00:00Z,93.06
United Kingdom,GBR,2024-06-19T23:00:00Z,2024-06-20T00:00:00Z,85.56
United Kingdom,GBR,2024-06-20T00:00:00Z,2024-06-20T01:00:00Z,84.79
United Kingdom,GBR,2024-06-20T01:00:00Z,2024-06-20T02:00:00Z,85.55
United Kingdom,GBR,2024-06-20T02:00:00Z,2024-06-20T03:00:00Z,86.06
United Kingdom,GBR,2024-06-20T03:00:00Z,2024-06-20T04:00:00Z,87.67
United Kingdom,GBR,2024-06-20T04:00:00Z,2024-06-20T05:00:00Z,97.05
United Kingdom,GBR,2024-06-20T05:00:00Z,2024-06-20T06:00:00Z,108.29
United Kingdom,GBR,2024-06-20T06:00:00Z,2024-06-20T07:00:00Z,112.58
United Kingdom,GBR,2024-06-20T07:00:00Z,2024-06-20T08:00:00Z,114.46
United Kingdom,GBR,2024-06-20T08:00:00Z,2024-06-20T09:00:00Z,110.25
United Kingdom,GBR,2024-06-20T09:00:00Z,2024-06-20T10:00:00Z,98.12
United Kingdom,GBR,2024-06-20T10:00:00Z,2024-06-20T11:00:00Z,91.66
United Kingdom,GBR,2024-06-20T11:00:00Z,2024-06-20T12:00:00Z,85.8
United Kingdom,GBR,2024-06-20T12:00:00Z,2024-06-20T13:00:00Z,82.29
United Kingdom,GBR,2024-06-20T13:00:00Z,2024-06-20T14:00:00Z,81.81
United Kingdom,GBR,2024-06-20T14:00:00Z,2024-06-20T15:00:00Z,81.27
United Kingdom,GBR,2024-06-20T15:00:00Z,2024-06-20T16:00:00Z,90.77
United Kingdom,GBR,2024-06-20T16:00:00Z,2024-06-20T17:00:00Z,104.43
United Kingdom,GBR,2024-06-20T17:00:00Z,2024-06-20T18:00:00Z,121.58
United Kingdom,GBR,2024-06-20T18:00:00Z,2024-06-20T19:00:00Z,128
United Kingdom,GBR,2024-06-20T19:00:00Z,2024-06-20T20:00:00Z,125.06
United Kingdom,GBR,2024-06-20T20:00:00Z,2024-06-20T21:00:00Z,113.55
United Kingdom,GBR,2024-06-20T21:00:00Z,2024-06-20T22:00:00Z,99.91
United Kingdom,GBR,2024-06-20T22:00:00Z,2024-06-20T23:00:00Z,103.87
United Kingdom,GBR,2024-06-20T23:00:00Z,2024-06-21T00:00:00Z,92.65
United Kingdom,GBR,2024-06-21T00:00:00Z,2024-06-21T01:00:00Z,87.62
United Kingdom,GBR,2024-06-21T01:00:00Z,2024-06-21T02:00:00Z,84.85
United Kingdom,GBR,2024-06-21T02:00:00Z,2024-06-21T03:00:00Z,85.25
United Kingdom,GBR,2024-06-21T03:00:00Z,2024-06-21T04:00:00Z,86.76
United Kingdom,GBR,2024-06-21T04:00:00Z,2024-06-21T05:00:00Z,95.04
United Kingdom,GBR,2024-06-21T05:00:00Z,2024-06-21T06:00:00Z,115.84
United Kingdom,GBR,2024-06-21T06:00:00Z,2024-06-21T07:00:00Z,117.3
United Kingdom,GBR,2024-06-21T07:00:00Z,2024-06-21T08:00:00Z,111.05
United Kingdom,GBR,2024-06-21T08:00:00Z,2024-06-21T09:00:00Z,99.75
United Kingdom,GBR,2024-06-21T09:00:00Z,2024-06-21T10:00:00Z,86.64
United Kingdom,GBR,2024-06-21T10:00:00Z,2024-06-21T11:00:00Z,87.28
United Kingdom,GBR,2024-06-21T11:00:00Z,2024-06-21T12:00:00Z,79.87
United Kingdom,GBR,2024-06-21T12:00:00Z,2024-06-21T13:00:00Z,74.47
United Kingdom,GBR,2024-06-21T13:00:00Z,2024-06-21T14:00:00Z,72.27
United Kingdom,GBR,2024-06-21T14:00:00Z,2024-06-21T15:00:00Z,74.53
United Kingdom,GBR,2024-06-21T15:00:00Z,2024-06-21T16:00:00Z,84.64
United Kingdom,GBR,2024-06-21T16:00:00Z,2024-06-21T17:00:00Z,99.14
United Kingdom,GBR,2024-06-21T17:00:00Z,2024-06-21T18:00:00Z,108.81
United Kingdom,GBR,2024-06-21T18:00:00Z,2024-06-21T19:00:00Z,113.15
United Kingdom,GBR,2024-06-21T19:00:00Z,2024-06-21T20:00:00Z,114.49
United Kingdom,GBR,2024-06-21T20:00:00Z,2024-06-21T21:00:00Z,108.28
United Kingdom,GBR,2024-06-21T21:00:00Z,2024-06-21T22:00:00Z,95.17
United Kingdom,GBR,2024-06-21T22:00:00Z,2024-06-21T23:00:00Z,91.11
United Kingdom,GBR,2024-06-21T23:00:00Z,2024-06-22T00:00:00Z,84.18
United Kingdom,GBR,2024-06-22T00:00:00Z,2024-06-22T01:00:00Z,84.13
United Kingdom,GBR,2024-06-22T01:00:00Z,2024-06-22T02:00:00Z,76.46
United Kingdom,GBR,2024-06-22T02:00:00Z,2024-06-22T03:00:00Z,72.77
United Kingdom,GBR,2024-06-22T03:00:00Z,2024-06-22T04:00:00Z,80.4
United Kingdom,GBR,2024-06-22T04:00:00Z,2024-06-22T05:00:00Z,83.91
United Kingdom,GBR,2024-06-22T05:00:00Z,2024-06-22T06:00:00Z,87.91
United Kingdom,GBR,2024-06-22T06:00:00Z,2024-06-22T07:00:00Z,95.63
United Kingdom,GBR,2024-06-22T07:00:00Z,2024-06-22T08:00:00Z,110.52
United Kingdom,GBR,2024-06-22T08:00:00Z,2024-06-22T09:00:00Z,113.9
United Kingdom,GBR,2024-06-22T09:00:00Z,2024-06-22T10:00:00Z,111.39
United Kingdom,GBR,2024-06-22T10:00:00Z,2024-06-22T11:00:00Z,105.38
United Kingdom,GBR,2024-06-22T11:00:00Z,2024-06-22T12:00:00Z,98.05
United Kingdom,GBR,2024-06-22T12:00:00Z,2024-06-22T13:00:00Z,82.54
United Kingdom,GBR,2024-06-22T13:00:00Z,2024-06-22T14:00:00Z,68.81
United Kingdom,GBR,2024-06-22T14:00:00Z,2024-06-22T15:00:00Z,68.37
United Kingdom,GBR,2024-06-22T15:00:00Z,2024-06-22T16:00:00Z,74.66
United Kingdom,GBR,2024-06-22T16:00:00Z,2024-06-22T17:00:00Z,89.74
United Kingdom,GBR,2024-06-22T17:00:00Z,2024-06-22T18:00:00Z,104.01
United Kingdom,GBR,2024-06-22T18:00:00Z,2024-06-22T19:00:00Z,111.33
United Kingdom,GBR,2024-06-22T19:00:00Z,2024-06-22T20:00:00Z,109.89
United Kingdom,GBR,2024-06-22T20:00:00Z,2024-06-22T21:00:00Z,107.56
United Kingdom,GBR,2024-06-22T21:00:00Z,2024-06-22T22:00:00Z,90.91
United Kingdom,GBR,2024-06-22T22:00:00Z,2024-06-22T23:00:00Z,94.86
United Kingdom,GBR,2024-06-22T23:00:00Z,2024-06-23T00:00:00Z,83.59
United Kingdom,GBR,2024-06-23T00:00:00Z,2024-06-23T01:00:00Z,75.01
United Kingdom,GBR,2024-06-23T01:00:00Z,2024-06-23T02:00:00Z,73.84
United Kingdom,GBR,2024-06-23T02:00:00Z,2024-06-23T03:00:00Z,75.12
United Kingdom,GBR,2024-06-23T03:00:00Z,2024-06-23T04:00:00Z,74.79
United Kingdom,GBR,2024-06-23T04:00:00Z,2024-06-23T05:00:00Z,71.61
United Kingdom,GBR,2024-06-23T05:00:00Z,2024-06-23T06:00:00Z,69.96
United Kingdom,GBR,2024-06-23T06:00:00Z,2024-06-23T07:00:00Z,55.34
United Kingdom,GBR,2024-06-23T07:00:00Z,2024-06-23T08:00:00Z,74.84
United Kingdom,GBR,2024-06-23T08:00:00Z,2024-06-23T09:00:00Z,83.51
United Kingdom,GBR,2024-06-23T09:00:00Z,2024-06-23T10:00:00Z,92.33
United Kingdom,GBR,2024-06-23T10:00:00Z,2024-06-23T11:00:00Z,94.58
United Kingdom,GBR,2024-06-23T11:00:00Z,2024-06-23T12:00:00Z,95.85
United Kingdom,GBR,2024-06-23T12:00:00Z,2024-06-23T13:00:00Z,88.88
United Kingdom,GBR,2024-06-23T13:00:00Z,2024-06-23T14:00:00Z,86.3
United Kingdom,GBR,2024-06-23T14:00:00Z,2024-06-23T15:00:00Z,87.04
United Kingdom,GBR,2024-06-23T15:00:00Z,2024-06-23T16:00:00Z,95.04
United Kingdom,GBR,2024-06-23T16:00:00Z,2024-06-23T17:00:00Z,93.36
United Kingdom,GBR,2024-06-23T17:00:00Z,2024-06-23T18:00:00Z,111.52
United Kingdom,GBR,2024-06-23T18:00:00Z,2024-06-23T19:00:00Z,118.81
United Kingdom,GBR,2024-06-23T19:00:00Z,2024-06-23T20:00:00Z,117.46
United Kingdom,GBR,2024-06-23T20:00:00Z,2024-06-23T21:00:00Z,113.17
United Kingdom,GBR,2024-06-23T21:00:00Z,2024-06-23T22:00:00Z,95.74
United Kingdom,GBR,2024-06-23T22:00:00Z,2024-06-23T23:00:00Z,96
United Kingdom,GBR,2024-06-23T23:00:00Z,2024-06-24T00:00:00Z,89.22
United Kingdom,GBR,2024-06-24T00:00:00Z,2024-06-24T01:00:00Z,87.86
United Kingdom,GBR,2024-06-24T01:00:00Z,2024-06-24T02:00:00Z,84.87
United Kingdom,GBR,2024-06-24T02:00:00Z,2024-06-24T03:00:00Z,84.38
United Kingdom,GBR,2024-06-24T03:00:00Z,2024-06-24T04:00:00Z,84.56
United Kingdom,GBR,2024-06-24T04:00:00Z,2024-06-24T05:00:00Z,95.62
United Kingdom,GBR,2024-06-24T05:00:00Z,2024-06-24T06:00:00Z,110.3
United Kingdom,GBR,2024-06-24T06:00:00Z,2024-06-24T07:00:00Z,105.89
United Kingdom,GBR,2024-06-24T07:00:00Z,2024-06-24T08:00:00Z,107.13
United Kingdom,GBR,2024-06-24T08:00:00Z,2024-06-24T09:00:00Z,103.33
United Kingdom,GBR,2024-06-24T09:00:00Z,2024-06-24T10:00:00Z,96.51
United Kingdom,GBR,2024-06-24T10:00:00Z,2024-06-24T11:00:00Z,96.4
United Kingdom,GBR,2024-06-24T11:00:00Z,2024-06-24T12:00:00Z,94.56
United Kingdom,GBR,2024-06-24T12:00:00Z,2024-06-24T13:00:00Z,86.57
United Kingdom,GBR,2024-06-24T13:00:00Z,2024-06-24T14:00:00Z,83.39
United Kingdom,GBR,2024-06-24T14:00:00Z,2024-06-24T15:00:00Z,81.2
United Kingdom,GBR,2024-06-24T15:00:00Z,2024-06-24T16:00:00Z,88.52
United Kingdom,GBR,2024-06-24T16:00:00Z,2024-06-24T17:00:00Z,100.2
United Kingdom,GBR,2024-06-24T17:00:00Z,2024-06-24T18:00:00Z,116.57
United Kingdom,GBR,2024-06-24T18:00:00Z,2024-06-24T19:00:00Z,125.73
United Kingdom,GBR,2024-06-24T19:00:00Z,2024-06-24T20:00:00Z,123.55
United Kingdom,GBR,2024-06-24T20:00:00Z,2024-06-24T21:00:00Z,110.84
United Kingdom,GBR,2024-06-24T21:00:00Z,2024-06-24T22:00:00Z,96.27
United Kingdom,GBR,2024-06-24T22:00:00Z,2024-06-24T23:00:00Z,86.18
United Kingdom,GBR,2024-06-24T23:00:00Z,2024-06-25T00:00:00Z,83.46
United Kingdom,GBR,2024-06-25T00:00:00Z,2024-06-25T01:00:00Z,81.2
United Kingdom,GBR,2024-06-25T01:00:00Z,2024-06-25T02:00:00Z,82.25
United Kingdom,GBR,2024-06-25T02:00:00Z,2024-06-25T03:00:00Z,83.8
United Kingdom,GBR,2024-06-25T03:00:00Z,2024-06-25T04:00:00Z,85.51
United Kingdom,GBR,2024-06-25T04:00:00Z,2024-06-25T05:00:00Z,100.89
United Kingdom,GBR,2024-06-25T05:00:00Z,2024-06-25T06:00:00Z,116.97
United Kingdom,GBR,2024-06-25T06:00:00Z,2024-06-25T07:00:00Z,109.82
United Kingdom,GBR,2024-06-25T07:00:00Z,2024-06-25T08:00:00Z,107.81
United Kingdom,GBR,2024-06-25T08:00:00Z,2024-06-25T09:00:00Z,98.57
United Kingdom,GBR,2024-06-25T09:00:00Z,2024-06-25T10:00:00Z,85.64
United Kingdom,GBR,2024-06-25T10:00:00Z,2024-06-25T11:00:00Z,86.16
United Kingdom,GBR,2024-06-25T11:00:00Z,2024-06-25T12:00:00Z,85.59
United Kingdom,GBR,2024-06-25T12:00:00Z,2024-06-25T13:00:00Z,85.84
United Kingdom,GBR,2024-06-25T13:00:00Z,2024-06-25T14:00:00Z,84.5
United Kingdom,GBR,2024-06-25T14:00:00Z,2024-06-25T15:00:00Z,88.32
United Kingdom,GBR,2024-06-25T15:00:00Z,2024-06-25T16:00:00Z,94.75
United Kingdom,GBR,2024-06-25T16:00:00Z,2024-06-25T17:00:00Z,101.86
United Kingdom,GBR,2024-06-25T17:00:00Z,2024-06-25T18:00:00Z,123.82
United Kingdom,GBR,2024-06-25T18:00:00Z,2024-06-25T19:00:00Z,131.18
United Kingdom,GBR,2024-06-25T19:00:00Z,2024-06-25T20:00:00Z,125.65
United Kingdom,GBR,2024-06-25T20:00:00Z,2024-06-25T21:00:00Z,113.14
United Kingdom,GBR,2024-06-25T21:00:00Z,2024-06-25T22:00:00Z,99.73
United Kingdom,GBR,2024-06-25T22:00:00Z,2024-06-25T23:00:00Z,98.54
United Kingdom,GBR,2024-06-25T23:00:00Z,2024-06-26T00:00:00Z,87.58
United Kingdom,GBR,2024-06-26T00:00:00Z,2024-06-26T01:00:00Z,83.72
United Kingdom,GBR,2024-06-26T01:00:00Z,2024-06-26T02:00:00Z,82.27
United Kingdom,GBR,2024-06-26T02:00:00Z,2024-06-26T03:00:00Z,79.89
United Kingdom,GBR,2024-06-26T03:00:00Z,2024-06-26T04:00:00Z,85.47
United Kingdom,GBR,2024-06-26T04:00:00Z,2024-06-26T05:00:00Z,96.49
United Kingdom,GBR,2024-06-26T05:00:00Z,2024-06-26T06:00:00Z,117.98
United Kingdom,GBR,2024-06-26T06:00:00Z,2024-06-26T07:00:00Z,112.26
United Kingdom,GBR,2024-06-26T07:00:00Z,2024-06-26T08:00:00Z,109.09
United Kingdom,GBR,2024-06-26T08:00:00Z,2024-06-26T09:00:00Z,97.72
United Kingdom,GBR,2024-06-26T09:00:00Z,2024-06-26T10:00:00Z,86.33
United Kingdom,GBR,2024-06-26T10:00:00Z,2024-06-26T11:00:00Z,83.68
United Kingdom,GBR,2024-06-26T11:00:00Z,2024-06-26T12:00:00Z,84.66
United Kingdom,GBR,2024-06-26T12:00:00Z,2024-06-26T13:00:00Z,81.09
United Kingdom,GBR,2024-06-26T13:00:00Z,2024-06-26T14:00:00Z,81.04
United Kingdom,GBR,2024-06-26T14:00:00Z,2024-06-26T15:00:00Z,80.4
United Kingdom,GBR,2024-06-26T15:00:00Z,2024-06-26T16:00:00Z,87.05
United Kingdom,GBR,2024-06-26T16:00:00Z,2024-06-26T17:00:00Z,96.9
United Kingdom,GBR,2024-06-26T17:00:00Z,2024-06-26T18:00:00Z,121.17
United Kingdom,GBR,2024-06-26T18:00:00Z,2024-06-26T19:00:00Z,129.79
United Kingdom,GBR,2024-06-26T19:00:00Z,2024-06-26T20:00:00Z,125.55
United Kingdom,GBR,2024-06-26T20:00:00Z,2024-06-26T21:00:00Z,109.03
United Kingdom,GBR,2024-06-26T21:00:00Z,2024-06-26T22:00:00Z,93.9
United Kingdom,GBR,2024-06-26T22:00:00Z,2024-06-26T23:00:00Z,98.9
United Kingdom,GBR,2024-06-26T23:00:00Z,2024-06-27T00:00:00Z,91.74
United Kingdom,GBR,2024-06-27T00:00:00Z,2024-06-27T01:00:00Z,84.84
United Kingdom,GBR,2024-06-27T01:00:00Z,2024-06-27T02:00:00Z,76.93
United Kingdom,GBR,2024-06-27T02:00:00Z,2024-06-27T03:00:00Z,70.63
United Kingdom,GBR,2024-06-27T03:00:00Z,2024-06-27T04:00:00Z,72.81
United Kingdom,GBR,2024-06-27T04:00:00Z,2024-06-27T05:00:00Z,78.36
United Kingdom,GBR,2024-06-27T05:00:00Z,2024-06-27T06:00:00Z,103.31
United Kingdom,GBR,2024-06-27T06:00:00Z,2024-06-27T07:00:00Z,109.43
United Kingdom,GBR,2024-06-27T07:00:00Z,2024-06-27T08:00:00Z,91.98
United Kingdom,GBR,2024-06-27T08:00:00Z,2024-06-27T09:00:00Z,77.16
United Kingdom,GBR,2024-06-27T09:00:00Z,2024-06-27T10:00:00Z,55.95
United Kingdom,GBR,2024-06-27T10:00:00Z,2024-06-27T11:00:00Z,43.97
United Kingdom,GBR,2024-06-27T11:00:00Z,2024-06-27T12:00:00Z,34.88
United Kingdom,GBR,2024-06-27T12:00:00Z,2024-06-27T13:00:00Z,23.95
United Kingdom,GBR,2024-06-27T13:00:00Z,2024-06-27T14:00:00Z,24.45
United Kingdom,GBR,2024-06-27T14:00:00Z,2024-06-27T15:00:00Z,28.83
United Kingdom,GBR,2024-06-27T15:00:00Z,2024-06-27T16:00:00Z,45.47
United Kingdom,GBR,2024-06-27T16:00:00Z,2024-06-27T17:00:00Z,75.73
United Kingdom,GBR,2024-06-27T17:00:00Z,2024-06-27T18:00:00Z,92.63
United Kingdom,GBR,2024-06-27T18:00:00Z,2024-06-27T19:00:00Z,104.11
United Kingdom,GBR,2024-06-27T19:00:00Z,2024-06-27T20:00:00Z,100.97
United Kingdom,GBR,2024-06-27T20:00:00Z,2024-06-27T21:00:00Z,93.9
United Kingdom,GBR,2024-06-27T21:00:00Z,2024-06-27T22:00:00Z,78.77
United Kingdom,GBR,2024-06-27T22:00:00Z,2024-06-27T23:00:00Z,49.25
United Kingdom,GBR,2024-06-27T23:00:00Z,2024-06-28T00:00:00Z,33.37
United Kingdom,GBR,2024-06-28T00:00:00Z,2024-06-28T01:00:00Z,26.78
United Kingdom,GBR,2024-06-28T01:00:00Z,2024-06-28T02:00:00Z,21.67
United Kingdom,GBR,2024-06-28T02:00:00Z,2024-06-28T03:00:00Z,18.21
United Kingdom,GBR,2024-06-28T03:00:00Z,2024-06-28T04:00:00Z,17.71
United Kingdom,GBR,2024-06-28T04:00:00Z,2024-06-28T05:00:00Z,24.09
United Kingdom,GBR,2024-06-28T05:00:00Z,2024-06-28T06:00:00Z,51.57
United Kingdom,GBR,2024-06-28T06:00:00Z,2024-06-28T07:00:00Z,60.16
United Kingdom,GBR,2024-06-28T07:00:00Z,2024-06-28T08:00:00Z,42.76
United Kingdom,GBR,2024-06-28T08:00:00Z,2024-06-28T09:00:00Z,26.66
United Kingdom,GBR,2024-06-28T09:00:00Z,2024-06-28T10:00:00Z,10.9
United Kingdom,GBR,2024-06-28T10:00:00Z,2024-06-28T11:00:00Z,1.76
United Kingdom,GBR,2024-06-28T11:00:00Z,2024-06-28T12:00:00Z,-1.6
United Kingdom,GBR,2024-06-28T12:00:00Z,2024-06-28T13:00:00Z,-2.05
United Kingdom,GBR,2024-06-28T13:00:00Z,2024-06-28T14:00:00Z,0.01
United Kingdom,GBR,2024-06-28T14:00:00Z,2024-06-28T15:00:00Z,3.2
United Kingdom,GBR,2024-06-28T15:00:00Z,2024-06-28T16:00:00Z,31.04
United Kingdom,GBR,2024-06-28T16:00:00Z,2024-06-28T17:00:00Z,62.15
United Kingdom,GBR,2024-06-28T17:00:00Z,2024-06-28T18:00:00Z,94.36
United Kingdom,GBR,2024-06-28T18:00:00Z,2024-06-28T19:00:00Z,103.85
United Kingdom,GBR,2024-06-28T19:00:00Z,2024-06-28T20:00:00Z,110.05
United Kingdom,GBR,2024-06-28T20:00:00Z,2024-06-28T21:00:00Z,112.92
United Kingdom,GBR,2024-06-28T21:00:00Z,2024-06-28T22:00:00Z,102.27
United Kingdom,GBR,2024-06-28T22:00:00Z,2024-06-28T23:00:00Z,99.05
United Kingdom,GBR,2024-06-28T23:00:00Z,2024-06-29T00:00:00Z,97.03
United Kingdom,GBR,2024-06-29T00:00:00Z,2024-06-29T01:00:00Z,94.73
United Kingdom,GBR,2024-06-29T01:00:00Z,2024-06-29T02:00:00Z,88.81
United Kingdom,GBR,2024-06-29T02:00:00Z,2024-06-29T03:00:00Z,87.97
United Kingdom,GBR,2024-06-29T03:00:00Z,2024-06-29T04:00:00Z,87.44
United Kingdom,GBR,2024-06-29T04:00:00Z,2024-06-29T05:00:00Z,87.92
United Kingdom,GBR,2024-06-29T05:00:00Z,2024-06-29T06:00:00Z,81.81
United Kingdom,GBR,2024-06-29T06:00:00Z,2024-06-29T07:00:00Z,85.45
United Kingdom,GBR,2024-06-29T07:00:00Z,2024-06-29T08:00:00Z,102.28
United Kingdom,GBR,2024-06-29T08:00:00Z,2024-06-29T09:00:00Z,103.82
United Kingdom,GBR,2024-06-29T09:00:00Z,2024-06-29T10:00:00Z,95.55
United Kingdom,GBR,2024-06-29T10:00:00Z,2024-06-29T11:00:00Z,92.11
United Kingdom,GBR,2024-06-29T11:00:00Z,2024-06-29T12:00:00Z,84.3
United Kingdom,GBR,2024-06-29T12:00:00Z,2024-06-29T13:00:00Z,76.07
United Kingdom,GBR,2024-06-29T13:00:00Z,2024-06-29T14:00:00Z,62.58
United Kingdom,GBR,2024-06-29T14:00:00Z,2024-06-29T15:00:00Z,70.3
United Kingdom,GBR,2024-06-29T15:00:00Z,2024-06-29T16:00:00Z,91.24
United Kingdom,GBR,2024-06-29T16:00:00Z,2024-06-29T17:00:00Z,95.32
United Kingdom,GBR,2024-06-29T17:00:00Z,2024-06-29T18:00:00Z,107.12
United Kingdom,GBR,2024-06-29T18:00:00Z,2024-06-29T19:00:00Z,116.13
United Kingdom,GBR,2024-06-29T19:00:00Z,2024-06-29T20:00:00Z,115.1
United Kingdom,GBR,2024-06-29T20:00:00Z,2024-06-29T21:00:00Z,108.86
United Kingdom,GBR,2024-06-29T21:00:00Z,2024-06-29T22:00:00Z,97.64
United Kingdom,GBR,2024-06-29T22:00:00Z,2024-06-29T23:00:00Z,99.61
United Kingdom,GBR,2024-06-29T23:00:00Z,2024-06-30T00:00:00Z,90.99
United Kingdom,GBR,2024-06-30T00:00:00Z,2024-06-30T01:00:00Z,92.59
United Kingdom,GBR,2024-06-30T01:00:00Z,2024-06-30T02:00:00Z,87.63
United Kingdom,GBR,2024-06-30T02:00:00Z,2024-06-30T03:00:00Z,80.28
United Kingdom,GBR,2024-06-30T03:00:00Z,2024-06-30T04:00:00Z,72.2
United Kingdom,GBR,2024-06-30T04:00:00Z,2024-06-30T05:00:00Z,58.83
United Kingdom,GBR,2024-06-30T05:00:00Z,2024-06-30T06:00:00Z,50.8
United Kingdom,GBR,2024-06-30T06:00:00Z,2024-06-30T07:00:00Z,50.41
United Kingdom,GBR,2024-06-30T07:00:00Z,2024-06-30T08:00:00Z,73.78
United Kingdom,GBR,2024-06-30T08:00:00Z,2024-06-30T09:00:00Z,89.07
United Kingdom,GBR,2024-06-30T09:00:00Z,2024-06-30T10:00:00Z,94.14
United Kingdom,GBR,2024-06-30T10:00:00Z,2024-06-30T11:00:00Z,91.27
United Kingdom,GBR,2024-06-30T11:00:00Z,2024-06-30T12:00:00Z,96.34
United Kingdom,GBR,2024-06-30T12:00:00Z,2024-06-30T13:00:00Z,92.9
United Kingdom,GBR,2024-06-30T13:00:00Z,2024-06-30T14:00:00Z,92.98
United Kingdom,GBR,2024-06-30T14:00:00Z,2024-06-30T15:00:00Z,89.18
United Kingdom,GBR,2024-06-30T15:00:00Z,2024-06-30T16:00:00Z,95.71
United Kingdom,GBR,2024-06-30T16:00:00Z,2024-06-30T17:00:00Z,102.86
United Kingdom,GBR,2024-06-30T17:00:00Z,2024-06-30T18:00:00Z,103.48
United Kingdom,GBR,2024-06-30T18:00:00Z,2024-06-30T19:00:00Z,112.99
United Kingdom,GBR,2024-06-30T19:00:00Z,2024-06-30T20:00:00Z,113.97
United Kingdom,GBR,2024-06-30T20:00:00Z,2024-06-30T21:00:00Z,112.07
United Kingdom,GBR,2024-06-30T21:00:00Z,2024-06-30T22:00:00Z,104.18
United Kingdom,GBR,2024-06-30T22:00:00Z,2024-06-30T23:00:00Z,94.5
United Kingdom,GBR,2024-06-30T23:00:00Z,2024-07-01T00:00:00Z,88.23
United Kingdom,GBR,2024-07-01T00:00:00Z,2024-07-01T01:00:00Z,84.7
United Kingdom,GBR,2024-07-01T01:00:00Z,2024-07-01T02:00:00Z,85.29
United Kingdom,GBR,2024-07-01T02:00:00Z,2024-07-01T03:00:00Z,80.6
United Kingdom,GBR,2024-07-01T03:00:00Z,2024-07-01T04:00:00Z,81.29
United Kingdom,GBR,2024-07-01T04:00:00Z,2024-07-01T05:00:00Z,94.87
United Kingdom,GBR,2024-07-01T05:00:00Z,2024-07-01T06:00:00Z,105.25
United Kingdom,GBR,2024-07-01T06:00:00Z,2024-07-01T07:00:00Z,117.43
United Kingdom,GBR,2024-07-01T07:00:00Z,2024-07-01T08:00:00Z,109.99
United Kingdom,GBR,2024-07-01T08:00:00Z,2024-07-01T09:00:00Z,106.52
United Kingdom,GBR,2024-07-01T09:00:00Z,2024-07-01T10:00:00Z,102.76
United Kingdom,GBR,2024-07-01T10:00:00Z,2024-07-01T11:00:00Z,105.6
United Kingdom,GBR,2024-07-01T11:00:00Z,2024-07-01T12:00:00Z,99.32
United Kingdom,GBR,2024-07-01T12:00:00Z,2024-07-01T13:00:00Z,86.17
United Kingdom,GBR,2024-07-01T13:00:00Z,2024-07-01T14:00:00Z,80.52
United Kingdom,GBR,2024-07-01T14:00:00Z,2024-07-01T15:00:00Z,75.7
United Kingdom,GBR,2024-07-01T15:00:00Z,2024-07-01T16:00:00Z,81.24
United Kingdom,GBR,2024-07-01T16:00:00Z,2024-07-01T17:00:00Z,88.39
United Kingdom,GBR,2024-07-01T17:00:00Z,2024-07-01T18:00:00Z,104.61
United Kingdom,GBR,2024-07-01T18:00:00Z,2024-07-01T19:00:00Z,107.52
United Kingdom,GBR,2024-07-01T19:00:00Z,2024-07-01T20:00:00Z,107.94
United Kingdom,GBR,2024-07-01T20:00:00Z,2024-07-01T21:00:00Z,98.22
United Kingdom,GBR,2024-07-01T21:00:00Z,2024-07-01T22:00:00Z,86.55
United Kingdom,GBR,2024-07-01T22:00:00Z,2024-07-01T23:00:00Z,78.65
United Kingdom,GBR,2024-07-01T23:00:00Z,2024-07-02T00:00:00Z,67.07
United Kingdom,GBR,2024-07-02T00:00:00Z,2024-07-02T01:00:00Z,61.02
United Kingdom,GBR,2024-07-02T01:00:00Z,2024-07-02T02:00:00Z,58.33
United Kingdom,GBR,2024-07-02T02:00:00Z,2024-07-02T03:00:00Z,54.57
United Kingdom,GBR,2024-07-02T03:00:00Z,2024-07-02T04:00:00Z,58.03
United Kingdom,GBR,2024-07-02T04:00:00Z,2024-07-02T05:00:00Z,69.94
United Kingdom,GBR,2024-07-02T05:00:00Z,2024-07-02T06:00:00Z,95.07
United Kingdom,GBR,2024-07-02T06:00:00Z,2024-07-02T07:00:00Z,92.77
United Kingdom,GBR,2024-07-02T07:00:00Z,2024-07-02T08:00:00Z,93.71
United Kingdom,GBR,2024-07-02T08:00:00Z,2024-07-02T09:00:00Z,97.83
United Kingdom,GBR,2024-07-02T09:00:00Z,2024-07-02T10:00:00Z,93.42
United Kingdom,GBR,2024-07-02T10:00:00Z,2024-07-02T11:00:00Z,98.08
United Kingdom,GBR,2024-07-02T11:00:00Z,2024-07-02T12:00:00Z,93.14
United Kingdom,GBR,2024-07-02T12:00:00Z,2024-07-02T13:00:00Z,89.3
United Kingdom,GBR,2024-07-02T13:00:00Z,2024-07-02T14:00:00Z,90.8
United Kingdom,GBR,2024-07-02T14:00:00Z,2024-07-02T15:00:00Z,87.14
United Kingdom,GBR,2024-07-02T15:00:00Z,2024-07-02T16:00:00Z,96.65
United Kingdom,GBR,2024-07-02T16:00:00Z,2024-07-02T17:00:00Z,109
United Kingdom,GBR,2024-07-02T17:00:00Z,2024-07-02T18:00:00Z,116.64
United Kingdom,GBR,2024-07-02T18:00:00Z,2024-07-02T19:00:00Z,116.74
United Kingdom,GBR,2024-07-02T19:00:00Z,2024-07-02T20:00:00Z,117.05
United Kingdom,GBR,2024-07-02T20:00:00Z,2024-07-02T21:00:00Z,107.48
United Kingdom,GBR,2024-07-02T21:00:00Z,2024-07-02T22:00:00Z,94.91
United Kingdom,GBR,2024-07-02T22:00:00Z,2024-07-02T23:00:00Z,103.95
United Kingdom,GBR,2024-07-02T23:00:00Z,2024-07-03T00:00:00Z,90.25
United Kingdom,GBR,2024-07-03T00:00:00Z,2024-07-03T01:00:00Z,77.79
United Kingdom,GBR,2024-07-03T01:00:00Z,2024-07-03T02:00:00Z,64.81
United Kingdom,GBR,2024-07-03T02:00:00Z,2024-07-03T03:00:00Z,58.17
United Kingdom,GBR,2024-07-03T03:00:00Z,2024-07-03T04:00:00Z,58.93
United Kingdom,GBR,2024-07-03T04:00:00Z,2024-07-03T05:00:00Z,72.64
United Kingdom,GBR,2024-07-03T05:00:00Z,2024-07-03T06:00:00Z,90.5
United Kingdom,GBR,2024-07-03T06:00:00Z,2024-07-03T07:00:00Z,104.8
United Kingdom,GBR,2024-07-03T07:00:00Z,2024-07-03T08:00:00Z,109.87
United Kingdom,GBR,2024-07-03T08:00:00Z,2024-07-03T09:00:00Z,108.05
United Kingdom,GBR,2024-07-03T09:00:00Z,2024-07-03T10:00:00Z,95.23
United Kingdom,GBR,2024-07-03T10:00:00Z,2024-07-03T11:00:00Z,86.81
United Kingdom,GBR,2024-07-03T11:00:00Z,2024-07-03T12:00:00Z,90.51
United Kingdom,GBR,2024-07-03T12:00:00Z,2024-07-03T13:00:00Z,79.79
United Kingdom,GBR,2024-07-03T13:00:00Z,2024-07-03T14:00:00Z,68.92
United Kingdom,GBR,2024-07-03T14:00:00Z,2024-07-03T15:00:00Z,63.48
United Kingdom,GBR,2024-07-03T15:00:00Z,2024-07-03T16:00:00Z,74.14
United Kingdom,GBR,2024-07-03T16:00:00Z,2024-07-03T17:00:00Z,92.2
United Kingdom,GBR,2024-07-03T17:00:00Z,2024-07-03T18:00:00Z,93.29
United Kingdom,GBR,2024-07-03T18:00:00Z,2024-07-03T19:00:00Z,91.89
United Kingdom,GBR,2024-07-03T19:00:00Z,2024-07-03T20:00:00Z,84.92
United Kingdom,GBR,2024-07-03T20:00:00Z,2024-07-03T21:00:00Z,77.01
United Kingdom,GBR,2024-07-03T21:00:00Z,2024-07-03T22:00:00Z,53.31
United Kingdom,GBR,2024-07-03T22:00:00Z,2024-07-03T23:00:00Z,11.87
United Kingdom,GBR,2024-07-03T23:00:00Z,2024-07-04T00:00:00Z,1.71
United Kingdom,GBR,2024-07-04T00:00:00Z,2024-07-04T01:00:00Z,-2.85
United Kingdom,GBR,2024-07-04T01:00:00Z,2024-07-04T02:00:00Z,-5.96
United Kingdom,GBR,2024-07-04T02:00:00Z,2024-07-04T03:00:00Z,-6.58
United Kingdom,GBR,2024-07-04T03:00:00Z,2024-07-04T04:00:00Z,-7.19
United Kingdom,GBR,2024-07-04T04:00:00Z,2024-07-04T05:00:00Z,0.37
United Kingdom,GBR,2024-07-04T05:00:00Z,2024-07-04T06:00:00Z,25.92
United Kingdom,GBR,2024-07-04T06:00:00Z,2024-07-04T07:00:00Z,40.69
United Kingdom,GBR,2024-07-04T07:00:00Z,2024-07-04T08:00:00Z,26.32
United Kingdom,GBR,2024-07-04T08:00:00Z,2024-07-04T09:00:00Z,8.48
United Kingdom,GBR,2024-07-04T09:00:00Z,2024-07-04T10:00:00Z,0.11
United Kingdom,GBR,2024-07-04T10:00:00Z,2024-07-04T11:00:00Z,-0.61
United Kingdom,GBR,2024-07-04T11:00:00Z,2024-07-04T12:00:00Z,-5.63
United Kingdom,GBR,2024-07-04T12:00:00Z,2024-07-04T13:00:00Z,-11.31
United Kingdom,GBR,2024-07-04T13:00:00Z,2024-07-04T14:00:00Z,-9.45
United Kingdom,GBR,2024-07-04T14:00:00Z,2024-07-04T15:00:00Z,-6.38
United Kingdom,GBR,2024-07-04T15:00:00Z,2024-07-04T16:00:00Z,-1.11
United Kingdom,GBR,2024-07-04T16:00:00Z,2024-07-04T17:00:00Z,14.08
United Kingdom,GBR,2024-07-04T17:00:00Z,2024-07-04T18:00:00Z,45.55
United Kingdom,GBR,2024-07-04T18:00:00Z,2024-07-04T19:00:00Z,50.46
United Kingdom,GBR,2024-07-04T19:00:00Z,2024-07-04T20:00:00Z,51.71
United Kingdom,GBR,2024-07-04T20:00:00Z,2024-07-04T21:00:00Z,62.68
United Kingdom,GBR,2024-07-04T21:00:00Z,2024-07-04T22:00:00Z,53.74
United Kingdom,GBR,2024-07-04T22:00:00Z,2024-07-04T23:00:00Z,23.36
United Kingdom,GBR,2024-07-04T23:00:00Z,2024-07-05T00:00:00Z,11.4
United Kingdom,GBR,2024-07-05T00:00:00Z,2024-07-05T01:00:00Z,7.8
United Kingdom,GBR,2024-07-05T01:00:00Z,2024-07-05T02:00:00Z,4.75
United Kingdom,GBR,2024-07-05T02:00:00Z,2024-07-05T03:00:00Z,5.75
United Kingdom,GBR,2024-07-05T03:00:00Z,2024-07-05T04:00:00Z,8.36
United Kingdom,GBR,2024-07-05T04:00:00Z,2024-07-05T05:00:00Z,22.8
United Kingdom,GBR,2024-07-05T05:00:00Z,2024-07-05T06:00:00Z,40.29
United Kingdom,GBR,2024-07-05T06:00:00Z,2024-07-05T07:00:00Z,56.66
United Kingdom,GBR,2024-07-05T07:00:00Z,2024-07-05T08:00:00Z,75.81
United Kingdom,GBR,2024-07-05T08:00:00Z,2024-07-05T09:00:00Z,80.03
United Kingdom,GBR,2024-07-05T09:00:00Z,2024-07-05T10:00:00Z,82.6
United Kingdom,GBR,2024-07-05T10:00:00Z,2024-07-05T11:00:00Z,84.43
United Kingdom,GBR,2024-07-05T11:00:00Z,2024-07-05T12:00:00Z,95.95
United Kingdom,GBR,2024-07-05T12:00:00Z,2024-07-05T13:00:00Z,93.57
United Kingdom,GBR,2024-07-05T13:00:00Z,2024-07-05T14:00:00Z,89.66
United Kingdom,GBR,2024-07-05T14:00:00Z,2024-07-05T15:00:00Z,84.92
United Kingdom,GBR,2024-07-05T15:00:00Z,2024-07-05T16:00:00Z,96.39
United Kingdom,GBR,2024-07-05T16:00:00Z,2024-07-05T17:00:00Z,110
United Kingdom,GBR,2024-07-05T17:00:00Z,2024-07-05T18:00:00Z,110.7
United Kingdom,GBR,2024-07-05T18:00:00Z,2024-07-05T19:00:00Z,112.21
United Kingdom,GBR,2024-07-05T19:00:00Z,2024-07-05T20:00:00Z,108.21
United Kingdom,GBR,2024-07-05T20:00:00Z,2024-07-05T21:00:00Z,100.69
United Kingdom,GBR,2024-07-05T21:00:00Z,2024-07-05T22:00:00Z,92.08
United Kingdom,GBR,2024-07-05T22:00:00Z,2024-07-05T23:00:00Z,99.88
United Kingdom,GBR,2024-07-05T23:00:00Z,2024-07-06T00:00:00Z,91.85
United Kingdom,GBR,2024-07-06T00:00:00Z,2024-07-06T01:00:00Z,91.87
United Kingdom,GBR,2024-07-06T01:00:00Z,2024-07-06T02:00:00Z,69.53
United Kingdom,GBR,2024-07-06T02:00:00Z,2024-07-06T03:00:00Z,51.46
United Kingdom,GBR,2024-07-06T03:00:00Z,2024-07-06T04:00:00Z,38.41
United Kingdom,GBR,2024-07-06T04:00:00Z,2024-07-06T05:00:00Z,38.75
United Kingdom,GBR,2024-07-06T05:00:00Z,2024-07-06T06:00:00Z,53.47
United Kingdom,GBR,2024-07-06T06:00:00Z,2024-07-06T07:00:00Z,76.18
United Kingdom,GBR,2024-07-06T07:00:00Z,2024-07-06T08:00:00Z,90.51
United Kingdom,GBR,2024-07-06T08:00:00Z,2024-07-06T09:00:00Z,87.65
United Kingdom,GBR,2024-07-06T09:00:00Z,2024-07-06T10:00:00Z,55.05
United Kingdom,GBR,2024-07-06T10:00:00Z,2024-07-06T11:00:00Z,31.77
United Kingdom,GBR,2024-07-06T11:00:00Z,2024-07-06T12:00:00Z,4.43
United Kingdom,GBR,2024-07-06T12:00:00Z,2024-07-06T13:00:00Z,-8.7
United Kingdom,GBR,2024-07-06T13:00:00Z,2024-07-06T14:00:00Z,-16.36
United Kingdom,GBR,2024-07-06T14:00:00Z,2024-07-06T15:00:00Z,-11.04
United Kingdom,GBR,2024-07-06T15:00:00Z,2024-07-06T16:00:00Z,-5.46
United Kingdom,GBR,2024-07-06T16:00:00Z,2024-07-06T17:00:00Z,19.8
United Kingdom,GBR,2024-07-06T17:00:00Z,2024-07-06T18:00:00Z,53.29
United Kingdom,GBR,2024-07-06T18:00:00Z,2024-07-06T19:00:00Z,78.04
United Kingdom,GBR,2024-07-06T19:00:00Z,2024-07-06T20:00:00Z,86.65
United Kingdom,GBR,2024-07-06T20:00:00Z,2024-07-06T21:00:00Z,94.44
United Kingdom,GBR,2024-07-06T21:00:00Z,2024-07-06T22:00:00Z,91.51
United Kingdom,GBR,2024-07-06T22:00:00Z,2024-07-06T23:00:00Z,55.04
United Kingdom,GBR,2024-07-06T23:00:00Z,2024-07-07T00:00:00Z,49.07
United Kingdom,GBR,2024-07-07T00:00:00Z,2024-07-07T01:00:00Z,43.6
United Kingdom,GBR,2024-07-07T01:00:00Z,2024-07-07T02:00:00Z,33.4
United Kingdom,GBR,2024-07-07T02:00:00Z,2024-07-07T03:00:00Z,27.95
United Kingdom,GBR,2024-07-07T03:00:00Z,2024-07-07T04:00:00Z,21.26
United Kingdom,GBR,2024-07-07T04:00:00Z,2024-07-07T05:00:00Z,18.07
United Kingdom,GBR,2024-07-07T05:00:00Z,2024-07-07T06:00:00Z,34.7
United Kingdom,GBR,2024-07-07T06:00:00Z,2024-07-07T07:00:00Z,42.91
United Kingdom,GBR,2024-07-07T07:00:00Z,2024-07-07T08:00:00Z,61.15
United Kingdom,GBR,2024-07-07T08:00:00Z,2024-07-07T09:00:00Z,89.71
United Kingdom,GBR,2024-07-07T09:00:00Z,2024-07-07T10:00:00Z,99.32
United Kingdom,GBR,2024-07-07T10:00:00Z,2024-07-07T11:00:00Z,93.89
United Kingdom,GBR,2024-07-07T11:00:00Z,2024-07-07T12:00:00Z,99.7
United Kingdom,GBR,2024-07-07T12:00:00Z,2024-07-07T13:00:00Z,90.7
United Kingdom,GBR,2024-07-07T13:00:00Z,2024-07-07T14:00:00Z,67.66
United Kingdom,GBR,2024-07-07T14:00:00Z,2024-07-07T15:00:00Z,82.41
United Kingdom,GBR,2024-07-07T15:00:00Z,2024-07-07T16:00:00Z,91.88
United Kingdom,GBR,2024-07-07T16:00:00Z,2024-07-07T17:00:00Z,87.84
United Kingdom,GBR,2024-07-07T17:00:00Z,2024-07-07T18:00:00Z,91.31
United Kingdom,GBR,2024-07-07T18:00:00Z,2024-07-07T19:00:00Z,106.5
United Kingdom,GBR,2024-07-07T19:00:00Z,2024-07-07T20:00:00Z,111.79
United Kingdom,GBR,2024-07-07T20:00:00Z,2024-07-07T21:00:00Z,110.02
United Kingdom,GBR,2024-07-07T21:00:00Z,2024-07-07T22:00:00Z,100.81
United Kingdom,GBR,2024-07-07T22:00:00Z,2024-07-07T23:00:00Z,88.54
United Kingdom,GBR,2024-07-07T23:00:00Z,2024-07-08T00:00:00Z,79.88
United Kingdom,GBR,2024-07-08T00:00:00Z,2024-07-08T01:00:00Z,80.37
United Kingdom,GBR,2024-07-08T01:00:00Z,2024-07-08T02:00:00Z,79.98
United Kingdom,GBR,2024-07-08T02:00:00Z,2024-07-08T03:00:00Z,80.55
United Kingdom,GBR,2024-07-08T03:00:00Z,2024-07-08T04:00:00Z,81.73
United Kingdom,GBR,2024-07-08T04:00:00Z,2024-07-08T05:00:00Z,94.83
United Kingdom,GBR,2024-07-08T05:00:00Z,2024-07-08T06:00:00Z,100.93
United Kingdom,GBR,2024-07-08T06:00:00Z,2024-07-08T07:00:00Z,100.11
United Kingdom,GBR,2024-07-08T07:00:00Z,2024-07-08T08:00:00Z,101.92
United Kingdom,GBR,2024-07-08T08:00:00Z,2024-07-08T09:00:00Z,98.61
United Kingdom,GBR,2024-07-08T09:00:00Z,2024-07-08T10:00:00Z,92.86
United Kingdom,GBR,2024-07-08T10:00:00Z,2024-07-08T11:00:00Z,96.52
United Kingdom,GBR,2024-07-08T11:00:00Z,2024-07-08T12:00:00Z,99.67
United Kingdom,GBR,2024-07-08T12:00:00Z,2024-07-08T13:00:00Z,93.57
United Kingdom,GBR,2024-07-08T13:00:00Z,2024-07-08T14:00:00Z,89.14
United Kingdom,GBR,2024-07-08T14:00:00Z,2024-07-08T15:00:00Z,85.97
United Kingdom,GBR,2024-07-08T15:00:00Z,2024-07-08T16:00:00Z,91.75
United Kingdom,GBR,2024-07-08T16:00:00Z,2024-07-08T17:00:00Z,108.65
United Kingdom,GBR,2024-07-08T17:00:00Z,2024-07-08T18:00:00Z,130.61
United Kingdom,GBR,2024-07-08T18:00:00Z,2024-07-08T19:00:00Z,130.49
United Kingdom,GBR,2024-07-08T19:00:00Z,2024-07-08T20:00:00Z,115.03
United Kingdom,GBR,2024-07-08T20:00:00Z,2024-07-08T21:00:00Z,113.95
United Kingdom,GBR,2024-07-08T21:00:00Z,2024-07-08T22:00:00Z,94.69
United Kingdom,GBR,2024-07-08T22:00:00Z,2024-07-08T23:00:00Z,93.5
United Kingdom,GBR,2024-07-08T23:00:00Z,2024-07-09T00:00:00Z,91.01
United Kingdom,GBR,2024-07-09T00:00:00Z,2024-07-09T01:00:00Z,90.89
United Kingdom,GBR,2024-07-09T01:00:00Z,2024-07-09T02:00:00Z,82.09
United Kingdom,GBR,2024-07-09T02:00:00Z,2024-07-09T03:00:00Z,70.98
United Kingdom,GBR,2024-07-09T03:00:00Z,2024-07-09T04:00:00Z,69.6
United Kingdom,GBR,2024-07-09T04:00:00Z,2024-07-09T05:00:00Z,70.96
United Kingdom,GBR,2024-07-09T05:00:00Z,2024-07-09T06:00:00Z,85.26
United Kingdom,GBR,2024-07-09T06:00:00Z,2024-07-09T07:00:00Z,90.08
United Kingdom,GBR,2024-07-09T07:00:00Z,2024-07-09T08:00:00Z,88.9
United Kingdom,GBR,2024-07-09T08:00:00Z,2024-07-09T09:00:00Z,91.27
United Kingdom,GBR,2024-07-09T09:00:00Z,2024-07-09T10:00:00Z,83.73
United Kingdom,GBR,2024-07-09T10:00:00Z,2024-07-09T11:00:00Z,89.78
United Kingdom,GBR,2024-07-09T11:00:00Z,2024-07-09T12:00:00Z,91.19
United Kingdom,GBR,2024-07-09T12:00:00Z,2024-07-09T13:00:00Z,89.31
United Kingdom,GBR,2024-07-09T13:00:00Z,2024-07-09T14:00:00Z,87.75
United Kingdom,GBR,2024-07-09T14:00:00Z,2024-07-09T15:00:00Z,82.19
United Kingdom,GBR,2024-07-09T15:00:00Z,2024-07-09T16:00:00Z,87.03
United Kingdom,GBR,2024-07-09T16:00:00Z,2024-07-09T17:00:00Z,92.64
United Kingdom,GBR,2024-07-09T17:00:00Z,2024-07-09T18:00:00Z,104.8
United Kingdom,GBR,2024-07-09T18:00:00Z,2024-07-09T19:00:00Z,117.41
United Kingdom,GBR,2024-07-09T19:00:00Z,2024-07-09T20:00:00Z,107.08
United Kingdom,GBR,2024-07-09T20:00:00Z,2024-07-09T21:00:00Z,93.29
United Kingdom,GBR,2024-07-09T21:00:00Z,2024-07-09T22:00:00Z,85.83
United Kingdom,GBR,2024-07-09T22:00:00Z,2024-07-09T23:00:00Z,87.17
United Kingdom,GBR,2024-07-09T23:00:00Z,2024-07-10T00:00:00Z,74.34
United Kingdom,GBR,2024-07-10T00:00:00Z,2024-07-10T01:00:00Z,63.3
United Kingdom,GBR,2024-07-10T01:00:00Z,2024-07-10T02:00:00Z,56.67
United Kingdom,GBR,2024-07-10T02:00:00Z,2024-07-10T03:00:00Z,49.05
United Kingdom,GBR,2024-07-10T03:00:00Z,2024-07-10T04:00:00Z,51.37
United Kingdom,GBR,2024-07-10T04:00:00Z,2024-07-10T05:00:00Z,60.41
United Kingdom,GBR,2024-07-10T05:00:00Z,2024-07-10T06:00:00Z,81.8
United Kingdom,GBR,2024-07-10T06:00:00Z,2024-07-10T07:00:00Z,95.95
United Kingdom,GBR,2024-07-10T07:00:00Z,2024-07-10T08:00:00Z,103.6
United Kingdom,GBR,2024-07-10T08:00:00Z,2024-07-10T09:00:00Z,99.64
United Kingdom,GBR,2024-07-10T09:00:00Z,2024-07-10T10:00:00Z,79.68
United Kingdom,GBR,2024-07-10T10:00:00Z,2024-07-10T11:00:00Z,80.74
United Kingdom,GBR,2024-07-10T11:00:00Z,2024-07-10T12:00:00Z,71.74
United Kingdom,GBR,2024-07-10T12:00:00Z,2024-07-10T13:00:00Z,55.83
United Kingdom,GBR,2024-07-10T13:00:00Z,2024-07-10T14:00:00Z,48.3
United Kingdom,GBR,2024-07-10T14:00:00Z,2024-07-10T15:00:00Z,60.11
United Kingdom,GBR,2024-07-10T15:00:00Z,2024-07-10T16:00:00Z,76.45
United Kingdom,GBR,2024-07-10T16:00:00Z,2024-07-10T17:00:00Z,79.24
United Kingdom,GBR,2024-07-10T17:00:00Z,2024-07-10T18:00:00Z,96.24
United Kingdom,GBR,2024-07-10T18:00:00Z,2024-07-10T19:00:00Z,107.53
United Kingdom,GBR,2024-07-10T19:00:00Z,2024-07-10T20:00:00Z,109.03
United Kingdom,GBR,2024-07-10T20:00:00Z,2024-07-10T21:00:00Z,103.63
United Kingdom,GBR,2024-07-10T21:00:00Z,2024-07-10T22:00:00Z,88.7
United Kingdom,GBR,2024-07-10T22:00:00Z,2024-07-10T23:00:00Z,88.2
United Kingdom,GBR,2024-07-10T23:00:00Z,2024-07-11T00:00:00Z,81.49
United Kingdom,GBR,2024-07-11T00:00:00Z,2024-07-11T01:00:00Z,74.35
United Kingdom,GBR,2024-07-11T01:00:00Z,2024-07-11T02:00:00Z,71.84
United Kingdom,GBR,2024-07-11T02:00:00Z,2024-07-11T03:00:00Z,71.71
United Kingdom,GBR,2024-07-11T03:00:00Z,2024-07-11T04:00:00Z,72.6
United Kingdom,GBR,2024-07-11T04:00:00Z,2024-07-11T05:00:00Z,80.46
United Kingdom,GBR,2024-07-11T05:00:00Z,2024-07-11T06:00:00Z,97.03
United Kingdom,GBR,2024-07-11T06:00:00Z,2024-07-11T07:00:00Z,103.92
United Kingdom,GBR,2024-07-11T07:00:00Z,2024-07-11T08:00:00Z,95.93
United Kingdom,GBR,2024-07-11T08:00:00Z,2024-07-11T09:00:00Z,90.97
United Kingdom,GBR,2024-07-11T09:00:00Z,2024-07-11T10:00:00Z,81.23
United Kingdom,GBR,2024-07-11T10:00:00Z,2024-07-11T11:00:00Z,82.51
United Kingdom,GBR,2024-07-11T11:00:00Z,2024-07-11T12:00:00Z,79.56
United Kingdom,GBR,2024-07-11T12:00:00Z,2024-07-11T13:00:00Z,74.52
United Kingdom,GBR,2024-07-11T13:00:00Z,2024-07-11T14:00:00Z,75.24
United Kingdom,GBR,2024-07-11T14:00:00Z,2024-07-11T15:00:00Z,74.98
United Kingdom,GBR,2024-07-11T15:00:00Z,2024-07-11T16:00:00Z,79.47
United Kingdom,GBR,2024-07-11T16:00:00Z,2024-07-11T17:00:00Z,86.83
United Kingdom,GBR,2024-07-11T17:00:00Z,2024-07-11T18:00:00Z,101.65
United Kingdom,GBR,2024-07-11T18:00:00Z,2024-07-11T19:00:00Z,110.59
United Kingdom,GBR,2024-07-11T19:00:00Z,2024-07-11T20:00:00Z,112.08
United Kingdom,GBR,2024-07-11T20:00:00Z,2024-07-11T21:00:00Z,105.71
United Kingdom,GBR,2024-07-11T21:00:00Z,2024-07-11T22:00:00Z,92.04
United Kingdom,GBR,2024-07-11T22:00:00Z,2024-07-11T23:00:00Z,92.22
United Kingdom,GBR,2024-07-11T23:00:00Z,2024-07-12T00:00:00Z,86.42
United Kingdom,GBR,2024-07-12T00:00:00Z,2024-07-12T01:00:00Z,80.21
United Kingdom,GBR,2024-07-12T01:00:00Z,2024-07-12T02:00:00Z,76.38
United Kingdom,GBR,2024-07-12T02:00:00Z,2024-07-12T03:00:00Z,73.47
United Kingdom,GBR,2024-07-12T03:00:00Z,2024-07-12T04:00:00Z,71.89
United Kingdom,GBR,2024-07-12T04:00:00Z,2024-07-12T05:00:00Z,73.01
United Kingdom,GBR,2024-07-12T05:00:00Z,2024-07-12T06:00:00Z,84.48
United Kingdom,GBR,2024-07-12T06:00:00Z,2024-07-12T07:00:00Z,95.98
United Kingdom,GBR,2024-07-12T07:00:00Z,2024-07-12T08:00:00Z,98.13
United Kingdom,GBR,2024-07-12T08:00:00Z,2024-07-12T09:00:00Z,92.95
United Kingdom,GBR,2024-07-12T09:00:00Z,2024-07-12T10:00:00Z,91.12
United Kingdom,GBR,2024-07-12T10:00:00Z,2024-07-12T11:00:00Z,90.11
United Kingdom,GBR,2024-07-12T11:00:00Z,2024-07-12T12:00:00Z,84.88
United Kingdom,GBR,2024-07-12T12:00:00Z,2024-07-12T13:00:00Z,76.84
United Kingdom,GBR,2024-07-12T13:00:00Z,2024-07-12T14:00:00Z,72.85
United Kingdom,GBR,2024-07-12T14:00:00Z,2024-07-12T15:00:00Z,72.55
United Kingdom,GBR,2024-07-12T15:00:00Z,2024-07-12T16:00:00Z,74.43
United Kingdom,GBR,2024-07-12T16:00:00Z,2024-07-12T17:00:00Z,91.5
United Kingdom,GBR,2024-07-12T17:00:00Z,2024-07-12T18:00:00Z,96.92
United Kingdom,GBR,2024-07-12T18:00:00Z,2024-07-12T19:00:00Z,98.71
United Kingdom,GBR,2024-07-12T19:00:00Z,2024-07-12T20:00:00Z,100.33
United Kingdom,GBR,2024-07-12T20:00:00Z,2024-07-12T21:00:00Z,92.08
United Kingdom,GBR,2024-07-12T21:00:00Z,2024-07-12T22:00:00Z,81.48
United Kingdom,GBR,2024-07-12T22:00:00Z,2024-07-12T23:00:00Z,90.42
United Kingdom,GBR,2024-07-12T23:00:00Z,2024-07-13T00:00:00Z,85.51
United Kingdom,GBR,2024-07-13T00:00:00Z,2024-07-13T01:00:00Z,80.73
United Kingdom,GBR,2024-07-13T01:00:00Z,2024-07-13T02:00:00Z,70.06
United Kingdom,GBR,2024-07-13T02:00:00Z,2024-07-13T03:00:00Z,62.1
United Kingdom,GBR,2024-07-13T03:00:00Z,2024-07-13T04:00:00Z,58.44
United Kingdom,GBR,2024-07-13T04:00:00Z,2024-07-13T05:00:00Z,60.34
United Kingdom,GBR,2024-07-13T05:00:00Z,2024-07-13T06:00:00Z,70.89
United Kingdom,GBR,2024-07-13T06:00:00Z,2024-07-13T07:00:00Z,76.1
United Kingdom,GBR,2024-07-13T07:00:00Z,2024-07-13T08:00:00Z,82.5
United Kingdom,GBR,2024-07-13T08:00:00Z,2024-07-13T09:00:00Z,92.84
United Kingdom,GBR,2024-07-13T09:00:00Z,2024-07-13T10:00:00Z,96.11
United Kingdom,GBR,2024-07-13T10:00:00Z,2024-07-13T11:00:00Z,96.13
United Kingdom,GBR,2024-07-13T11:00:00Z,2024-07-13T12:00:00Z,86.33
United Kingdom,GBR,2024-07-13T12:00:00Z,2024-07-13T13:00:00Z,76.4
United Kingdom,GBR,2024-07-13T13:00:00Z,2024-07-13T14:00:00Z,70.75
United Kingdom,GBR,2024-07-13T14:00:00Z,2024-07-13T15:00:00Z,66.92
United Kingdom,GBR,2024-07-13T15:00:00Z,2024-07-13T16:00:00Z,77.16
United Kingdom,GBR,2024-07-13T16:00:00Z,2024-07-13T17:00:00Z,89.83
United Kingdom,GBR,2024-07-13T17:00:00Z,2024-07-13T18:00:00Z,100.22
United Kingdom,GBR,2024-07-13T18:00:00Z,2024-07-13T19:00:00Z,98.83
United Kingdom,GBR,2024-07-13T19:00:00Z,2024-07-13T20:00:00Z,97.61
United Kingdom,GBR,2024-07-13T20:00:00Z,2024-07-13T21:00:00Z,94.46
United Kingdom,GBR,2024-07-13T21:00:00Z,2024-07-13T22:00:00Z,80.78
United Kingdom,GBR,2024-07-13T22:00:00Z,2024-07-13T23:00:00Z,80.83
United Kingdom,GBR,2024-07-13T23:00:00Z,2024-07-14T00:00:00Z,68.63
United Kingdom,GBR,2024-07-14T00:00:00Z,2024-07-14T01:00:00Z,64.57
United Kingdom,GBR,2024-07-14T01:00:00Z,2024-07-14T02:00:00Z,53.76
United Kingdom,GBR,2024-07-14T02:00:00Z,2024-07-14T03:00:00Z,46.59
United Kingdom,GBR,2024-07-14T03:00:00Z,2024-07-14T04:00:00Z,37.05
United Kingdom,GBR,2024-07-14T04:00:00Z,2024-07-14T05:00:00Z,30.31
United Kingdom,GBR,2024-07-14T05:00:00Z,2024-07-14T06:00:00Z,26.17
United Kingdom,GBR,2024-07-14T06:00:00Z,2024-07-14T07:00:00Z,38.76
United Kingdom,GBR,2024-07-14T07:00:00Z,2024-07-14T08:00:00Z,55.28
United Kingdom,GBR,2024-07-14T08:00:00Z,2024-07-14T09:00:00Z,64.23
United Kingdom,GBR,2024-07-14T09:00:00Z,2024-07-14T10:00:00Z,72.94
United Kingdom,GBR,2024-07-14T10:00:00Z,2024-07-14T11:00:00Z,80.67
United Kingdom,GBR,2024-07-14T11:00:00Z,2024-07-14T12:00:00Z,86.42
United Kingdom,GBR,2024-07-14T12:00:00Z,2024-07-14T13:00:00Z,87.97
United Kingdom,GBR,2024-07-14T13:00:00Z,2024-07-14T14:00:00Z,83.29
United Kingdom,GBR,2024-07-14T14:00:00Z,2024-07-14T15:00:00Z,83.88
United Kingdom,GBR,2024-07-14T15:00:00Z,2024-07-14T16:00:00Z,81.6
United Kingdom,GBR,2024-07-14T16:00:00Z,2024-07-14T17:00:00Z,83.45
United Kingdom,GBR,2024-07-14T17:00:00Z,2024-07-14T18:00:00Z,95.72
United Kingdom,GBR,2024-07-14T18:00:00Z,2024-07-14T19:00:00Z,96.95
United Kingdom,GBR,2024-07-14T19:00:00Z,2024-07-14T20:00:00Z,97.88
United Kingdom,GBR,2024-07-14T20:00:00Z,2024-07-14T21:00:00Z,98.48
United Kingdom,GBR,2024-07-14T21:00:00Z,2024-07-14T22:00:00Z,87.47
United Kingdom,GBR,2024-07-14T22:00:00Z,2024-07-14T23:00:00Z,91.47
United Kingdom,GBR,2024-07-14T23:00:00Z,2024-07-15T00:00:00Z,81.34
United Kingdom,GBR,2024-07-15T00:00:00Z,2024-07-15T01:00:00Z,76.49
United Kingdom,GBR,2024-07-15T01:00:00Z,2024-07-15T02:00:00Z,77.53
United Kingdom,GBR,2024-07-15T02:00:00Z,2024-07-15T03:00:00Z,75.15
United Kingdom,GBR,2024-07-15T03:00:00Z,2024-07-15T04:00:00Z,71.09
United Kingdom,GBR,2024-07-15T04:00:00Z,2024-07-15T05:00:00Z,86.77
United Kingdom,GBR,2024-07-15T05:00:00Z,2024-07-15T06:00:00Z,99.98
United Kingdom,GBR,2024-07-15T06:00:00Z,2024-07-15T07:00:00Z,92.16
United Kingdom,GBR,2024-07-15T07:00:00Z,2024-07-15T08:00:00Z,91.18
United Kingdom,GBR,2024-07-15T08:00:00Z,2024-07-15T09:00:00Z,92.61
United Kingdom,GBR,2024-07-15T09:00:00Z,2024-07-15T10:00:00Z,92.88
United Kingdom,GBR,2024-07-15T10:00:00Z,2024-07-15T11:00:00Z,94.19
United Kingdom,GBR,2024-07-15T11:00:00Z,2024-07-15T12:00:00Z,96.35
United Kingdom,GBR,2024-07-15T12:00:00Z,2024-07-15T13:00:00Z,92.3
United Kingdom,GBR,2024-07-15T13:00:00Z,2024-07-15T14:00:00Z,86.7
United Kingdom,GBR,2024-07-15T14:00:00Z,2024-07-15T15:00:00Z,83.29
United Kingdom,GBR,2024-07-15T15:00:00Z,2024-07-15T16:00:00Z,89.59
United Kingdom,GBR,2024-07-15T16:00:00Z,2024-07-15T17:00:00Z,100.57
United Kingdom,GBR,2024-07-15T17:00:00Z,2024-07-15T18:00:00Z,113.16
United Kingdom,GBR,2024-07-15T18:00:00Z,2024-07-15T19:00:00Z,116.22
United Kingdom,GBR,2024-07-15T19:00:00Z,2024-07-15T20:00:00Z,112.66
United Kingdom,GBR,2024-07-15T20:00:00Z,2024-07-15T21:00:00Z,100.74
United Kingdom,GBR,2024-07-15T21:00:00Z,2024-07-15T22:00:00Z,86.8
United Kingdom,GBR,2024-07-15T22:00:00Z,2024-07-15T23:00:00Z,90.29
United Kingdom,GBR,2024-07-15T23:00:00Z,2024-07-16T00:00:00Z,80.67
United Kingdom,GBR,2024-07-16T00:00:00Z,2024-07-16T01:00:00Z,75.85
United Kingdom,GBR,2024-07-16T01:00:00Z,2024-07-16T02:00:00Z,68.65
United Kingdom,GBR,2024-07-16T02:00:00Z,2024-07-16T03:00:00Z,60.92
United Kingdom,GBR,2024-07-16T03:00:00Z,2024-07-16T04:00:00Z,59.86
United Kingdom,GBR,2024-07-16T04:00:00Z,2024-07-16T05:00:00Z,67.56
United Kingdom,GBR,2024-07-16T05:00:00Z,2024-07-16T06:00:00Z,82.36
United Kingdom,GBR,2024-07-16T06:00:00Z,2024-07-16T07:00:00Z,88.05
United Kingdom,GBR,2024-07-16T07:00:00Z,2024-07-16T08:00:00Z,101.59
United Kingdom,GBR,2024-07-16T08:00:00Z,2024-07-16T09:00:00Z,102.12
United Kingdom,GBR,2024-07-16T09:00:00Z,2024-07-16T10:00:00Z,96.61
United Kingdom,GBR,2024-07-16T10:00:00Z,2024-07-16T11:00:00Z,87.11
United Kingdom,GBR,2024-07-16T11:00:00Z,2024-07-16T12:00:00Z,77.59
United Kingdom,GBR,2024-07-16T12:00:00Z,2024-07-16T13:00:00Z,73.2
United Kingdom,GBR,2024-07-16T13:00:00Z,2024-07-16T14:00:00Z,72.44
United Kingdom,GBR,2024-07-16T14:00:00Z,2024-07-16T15:00:00Z,70.38
United Kingdom,GBR,2024-07-16T15:00:00Z,2024-07-16T16:00:00Z,74.06
United Kingdom,GBR,2024-07-16T16:00:00Z,2024-07-16T17:00:00Z,84.55
United Kingdom,GBR,2024-07-16T17:00:00Z,2024-07-16T18:00:00Z,91.42
United Kingdom,GBR,2024-07-16T18:00:00Z,2024-07-16T19:00:00Z,107.32
United Kingdom,GBR,2024-07-16T19:00:00Z,2024-07-16T20:00:00Z,108.45
United Kingdom,GBR,2024-07-16T20:00:00Z,2024-07-16T21:00:00Z,105.51
United Kingdom,GBR,2024-07-16T21:00:00Z,2024-07-16T22:00:00Z,88.45
United Kingdom,GBR,2024-07-16T22:00:00Z,2024-07-16T23:00:00Z,95.89
United Kingdom,GBR,2024-07-16T23:00:00Z,2024-07-17T00:00:00Z,93.59
United Kingdom,GBR,2024-07-17T00:00:00Z,2024-07-17T01:00:00Z,86.86
United Kingdom,GBR,2024-07-17T01:00:00Z,2024-07-17T02:00:00Z,81.66
United Kingdom,GBR,2024-07-17T02:00:00Z,2024-07-17T03:00:00Z,80.86
United Kingdom,GBR,2024-07-17T03:00:00Z,2024-07-17T04:00:00Z,83.87
United Kingdom,GBR,2024-07-17T04:00:00Z,2024-07-17T05:00:00Z,85.93
United Kingdom,GBR,2024-07-17T05:00:00Z,2024-07-17T06:00:00Z,92.8
United Kingdom,GBR,2024-07-17T06:00:00Z,2024-07-17T07:00:00Z,100.39
United Kingdom,GBR,2024-07-17T07:00:00Z,2024-07-17T08:00:00Z,106.58
United Kingdom,GBR,2024-07-17T08:00:00Z,2024-07-17T09:00:00Z,92.59
United Kingdom,GBR,2024-07-17T09:00:00Z,2024-07-17T10:00:00Z,86.92
United Kingdom,GBR,2024-07-17T10:00:00Z,2024-07-17T11:00:00Z,81.98
United Kingdom,GBR,2024-07-17T11:00:00Z,2024-07-17T12:00:00Z,79.25
United Kingdom,GBR,2024-07-17T12:00:00Z,2024-07-17T13:00:00Z,76.05
United Kingdom,GBR,2024-07-17T13:00:00Z,2024-07-17T14:00:00Z,75.98
United Kingdom,GBR,2024-07-17T14:00:00Z,2024-07-17T15:00:00Z,76.09
United Kingdom,GBR,2024-07-17T15:00:00Z,2024-07-17T16:00:00Z,83.59
United Kingdom,GBR,2024-07-17T16:00:00Z,2024-07-17T17:00:00Z,89.15
United Kingdom,GBR,2024-07-17T17:00:00Z,2024-07-17T18:00:00Z,107.89
United Kingdom,GBR,2024-07-17T18:00:00Z,2024-07-17T19:00:00Z,114.46
United Kingdom,GBR,2024-07-17T19:00:00Z,2024-07-17T20:00:00Z,117.25
United Kingdom,GBR,2024-07-17T20:00:00Z,2024-07-17T21:00:00Z,108.4
United Kingdom,GBR,2024-07-17T21:00:00Z,2024-07-17T22:00:00Z,93.54
United Kingdom,GBR,2024-07-17T22:00:00Z,2024-07-17T23:00:00Z,94.16
United Kingdom,GBR,2024-07-17T23:00:00Z,2024-07-18T00:00:00Z,83.68
United Kingdom,GBR,2024-07-18T00:00:00Z,2024-07-18T01:00:00Z,78.64
United Kingdom,GBR,2024-07-18T01:00:00Z,2024-07-18T02:00:00Z,76.24
United Kingdom,GBR,2024-07-18T02:00:00Z,2024-07-18T03:00:00Z,75.84
United Kingdom,GBR,2024-07-18T03:00:00Z,2024-07-18T04:00:00Z,77.95
United Kingdom,GBR,2024-07-18T04:00:00Z,2024-07-18T05:00:00Z,84.34
United Kingdom,GBR,2024-07-18T05:00:00Z,2024-07-18T06:00:00Z,92.69
United Kingdom,GBR,2024-07-18T06:00:00Z,2024-07-18T07:00:00Z,101.33
United Kingdom,GBR,2024-07-18T07:00:00Z,2024-07-18T08:00:00Z,99
United Kingdom,GBR,2024-07-18T08:00:00Z,2024-07-18T09:00:00Z,89.71
United Kingdom,GBR,2024-07-18T09:00:00Z,2024-07-18T10:00:00Z,77.42
United Kingdom,GBR,2024-07-18T10:00:00Z,2024-07-18T11:00:00Z,75.76
United Kingdom,GBR,2024-07-18T11:00:00Z,2024-07-18T12:00:00Z,75.72
United Kingdom,GBR,2024-07-18T12:00:00Z,2024-07-18T13:00:00Z,75.99
United Kingdom,GBR,2024-07-18T13:00:00Z,2024-07-18T14:00:00Z,76.72
United Kingdom,GBR,2024-07-18T14:00:00Z,2024-07-18T15:00:00Z,79
United Kingdom,GBR,2024-07-18T15:00:00Z,2024-07-18T16:00:00Z,83.32
United Kingdom,GBR,2024-07-18T16:00:00Z,2024-07-18T17:00:00Z,93.5
United Kingdom,GBR,2024-07-18T17:00:00Z,2024-07-18T18:00:00Z,115.31
United Kingdom,GBR,2024-07-18T18:00:00Z,2024-07-18T19:00:00Z,126.64
United Kingdom,GBR,2024-07-18T19:00:00Z,2024-07-18T20:00:00Z,123.9
United Kingdom,GBR,2024-07-18T20:00:00Z,2024-07-18T21:00:00Z,111.61
United Kingdom,GBR,2024-07-18T21:00:00Z,2024-07-18T22:00:00Z,96.26
United Kingdom,GBR,2024-07-18T22:00:00Z,2024-07-18T23:00:00Z,97.49
United Kingdom,GBR,2024-07-18T23:00:00Z,2024-07-19T00:00:00Z,84.61
United Kingdom,GBR,2024-07-19T00:00:00Z,2024-07-19T01:00:00Z,79.42
United Kingdom,GBR,2024-07-19T01:00:00Z,2024-07-19T02:00:00Z,74.81
United Kingdom,GBR,2024-07-19T02:00:00Z,2024-07-19T03:00:00Z,71.24
United Kingdom,GBR,2024-07-19T03:00:00Z,2024-07-19T04:00:00Z,76.72
United Kingdom,GBR,2024-07-19T04:00:00Z,2024-07-19T05:00:00Z,82.35
United Kingdom,GBR,2024-07-19T05:00:00Z,2024-07-19T06:00:00Z,109
United Kingdom,GBR,2024-07-19T06:00:00Z,2024-07-19T07:00:00Z,109.28
United Kingdom,GBR,2024-07-19T07:00:00Z,2024-07-19T08:00:00Z,99.66
United Kingdom,GBR,2024-07-19T08:00:00Z,2024-07-19T09:00:00Z,90.07
United Kingdom,GBR,2024-07-19T09:00:00Z,2024-07-19T10:00:00Z,83.6
United Kingdom,GBR,2024-07-19T10:00:00Z,2024-07-19T11:00:00Z,79.64
United Kingdom,GBR,2024-07-19T11:00:00Z,2024-07-19T12:00:00Z,76.21
United Kingdom,GBR,2024-07-19T12:00:00Z,2024-07-19T13:00:00Z,67.44
United Kingdom,GBR,2024-07-19T13:00:00Z,2024-07-19T14:00:00Z,65.07
United Kingdom,GBR,2024-07-19T14:00:00Z,2024-07-19T15:00:00Z,67.55
United Kingdom,GBR,2024-07-19T15:00:00Z,2024-07-19T16:00:00Z,82.46
United Kingdom,GBR,2024-07-19T16:00:00Z,2024-07-19T17:00:00Z,89.1
United Kingdom,GBR,2024-07-19T17:00:00Z,2024-07-19T18:00:00Z,103.84
United Kingdom,GBR,2024-07-19T18:00:00Z,2024-07-19T19:00:00Z,114.08
United Kingdom,GBR,2024-07-19T19:00:00Z,2024-07-19T20:00:00Z,115.68
United Kingdom,GBR,2024-07-19T20:00:00Z,2024-07-19T21:00:00Z,105.47
United Kingdom,GBR,2024-07-19T21:00:00Z,2024-07-19T22:00:00Z,90.4
United Kingdom,GBR,2024-07-19T22:00:00Z,2024-07-19T23:00:00Z,92.41
United Kingdom,GBR,2024-07-19T23:00:00Z,2024-07-20T00:00:00Z,85.25
United Kingdom,GBR,2024-07-20T00:00:00Z,2024-07-20T01:00:00Z,80.52
United Kingdom,GBR,2024-07-20T01:00:00Z,2024-07-20T02:00:00Z,75
United Kingdom,GBR,2024-07-20T02:00:00Z,2024-07-20T03:00:00Z,76.2
United Kingdom,GBR,2024-07-20T03:00:00Z,2024-07-20T04:00:00Z,78.56
United Kingdom,GBR,2024-07-20T04:00:00Z,2024-07-20T05:00:00Z,75.05
United Kingdom,GBR,2024-07-20T05:00:00Z,2024-07-20T06:00:00Z,81.89
United Kingdom,GBR,2024-07-20T06:00:00Z,2024-07-20T07:00:00Z,82.39
United Kingdom,GBR,2024-07-20T07:00:00Z,2024-07-20T08:00:00Z,80.71
United Kingdom,GBR,2024-07-20T08:00:00Z,2024-07-20T09:00:00Z,93.37
United Kingdom,GBR,2024-07-20T09:00:00Z,2024-07-20T10:00:00Z,90.29
United Kingdom,GBR,2024-07-20T10:00:00Z,2024-07-20T11:00:00Z,90.25
United Kingdom,GBR,2024-07-20T11:00:00Z,2024-07-20T12:00:00Z,95.86
United Kingdom,GBR,2024-07-20T12:00:00Z,2024-07-20T13:00:00Z,87.03
United Kingdom,GBR,2024-07-20T13:00:00Z,2024-07-20T14:00:00Z,81.07
United Kingdom,GBR,2024-07-20T14:00:00Z,2024-07-20T15:00:00Z,85.63
United Kingdom,GBR,2024-07-20T15:00:00Z,2024-07-20T16:00:00Z,88.75
United Kingdom,GBR,2024-07-20T16:00:00Z,2024-07-20T17:00:00Z,93.26
United Kingdom,GBR,2024-07-20T17:00:00Z,2024-07-20T18:00:00Z,109.44
United Kingdom,GBR,2024-07-20T18:00:00Z,2024-07-20T19:00:00Z,111.57
United Kingdom,GBR,2024-07-20T19:00:00Z,2024-07-20T20:00:00Z,105.58
United Kingdom,GBR,2024-07-20T20:00:00Z,2024-07-20T21:00:00Z,100.17
United Kingdom,GBR,2024-07-20T21:00:00Z,2024-07-20T22:00:00Z,89.04
United Kingdom,GBR,2024-07-20T22:00:00Z,2024-07-20T23:00:00Z,88.83
United Kingdom,GBR,2024-07-20T23:00:00Z,2024-07-21T00:00:00Z,83.27
United Kingdom,GBR,2024-07-21T00:00:00Z,2024-07-21T01:00:00Z,77.01
United Kingdom,GBR,2024-07-21T01:00:00Z,2024-07-21T02:00:00Z,68.46
United Kingdom,GBR,2024-07-21T02:00:00Z,2024-07-21T03:00:00Z,65.67
United Kingdom,GBR,2024-07-21T03:00:00Z,2024-07-21T04:00:00Z,72.39
United Kingdom,GBR,2024-07-21T04:00:00Z,2024-07-21T05:00:00Z,66.36
United Kingdom,GBR,2024-07-21T05:00:00Z,2024-07-21T06:00:00Z,69.58
United Kingdom,GBR,2024-07-21T06:00:00Z,2024-07-21T07:00:00Z,74.05
United Kingdom,GBR,2024-07-21T07:00:00Z,2024-07-21T08:00:00Z,84.59
United Kingdom,GBR,2024-07-21T08:00:00Z,2024-07-21T09:00:00Z,93.17
United Kingdom,GBR,2024-07-21T09:00:00Z,2024-07-21T10:00:00Z,96.73
United Kingdom,GBR,2024-07-21T10:00:00Z,2024-07-21T11:00:00Z,86.97
United Kingdom,GBR,2024-07-21T11:00:00Z,2024-07-21T12:00:00Z,97.06
United Kingdom,GBR,2024-07-21T12:00:00Z,2024-07-21T13:00:00Z,83.2
United Kingdom,GBR,2024-07-21T13:00:00Z,2024-07-21T14:00:00Z,74.09
United Kingdom,GBR,2024-07-21T14:00:00Z,2024-07-21T15:00:00Z,62.89
United Kingdom,GBR,2024-07-21T15:00:00Z,2024-07-21T16:00:00Z,80.94
United Kingdom,GBR,2024-07-21T16:00:00Z,2024-07-21T17:00:00Z,85.98
United Kingdom,GBR,2024-07-21T17:00:00Z,2024-07-21T18:00:00Z,101
United Kingdom,GBR,2024-07-21T18:00:00Z,2024-07-21T19:00:00Z,107.63
United Kingdom,GBR,2024-07-21T19:00:00Z,2024-07-21T20:00:00Z,106.48
United Kingdom,GBR,2024-07-21T20:00:00Z,2024-07-21T21:00:00Z,103.89
United Kingdom,GBR,2024-07-21T21:00:00Z,2024-07-21T22:00:00Z,93.83
United Kingdom,GBR,2024-07-21T22:00:00Z,2024-07-21T23:00:00Z,91.35
United Kingdom,GBR,2024-07-21T23:00:00Z,2024-07-22T00:00:00Z,86.57
United Kingdom,GBR,2024-07-22T00:00:00Z,2024-07-22T01:00:00Z,82.71
United Kingdom,GBR,2024-07-22T01:00:00Z,2024-07-22T02:00:00Z,77.46
United Kingdom,GBR,2024-07-22T02:00:00Z,2024-07-22T03:00:00Z,73.62
United Kingdom,GBR,2024-07-22T03:00:00Z,2024-07-22T04:00:00Z,71.19
United Kingdom,GBR,2024-07-22T04:00:00Z,2024-07-22T05:00:00Z,78.31
United Kingdom,GBR,2024-07-22T05:00:00Z,2024-07-22T06:00:00Z,92.26
United Kingdom,GBR,2024-07-22T06:00:00Z,2024-07-22T07:00:00Z,101.64
United Kingdom,GBR,2024-07-22T07:00:00Z,2024-07-22T08:00:00Z,105.7
United Kingdom,GBR,2024-07-22T08:00:00Z,2024-07-22T09:00:00Z,103.8
United Kingdom,GBR,2024-07-22T09:00:00Z,2024-07-22T10:00:00Z,93.53
United Kingdom,GBR,2024-07-22T10:00:00Z,2024-07-22T11:00:00Z,91.48
United Kingdom,GBR,2024-07-22T11:00:00Z,2024-07-22T12:00:00Z,79.4
United Kingdom,GBR,2024-07-22T12:00:00Z,2024-07-22T13:00:00Z,71.19
United Kingdom,GBR,2024-07-22T13:00:00Z,2024-07-22T14:00:00Z,58.55
United Kingdom,GBR,2024-07-22T14:00:00Z,2024-07-22T15:00:00Z,58.42
United Kingdom,GBR,2024-07-22T15:00:00Z,2024-07-22T16:00:00Z,73.35
United Kingdom,GBR,2024-07-22T16:00:00Z,2024-07-22T17:00:00Z,89.05
United Kingdom,GBR,2024-07-22T17:00:00Z,2024-07-22T18:00:00Z,101.64
United Kingdom,GBR,2024-07-22T18:00:00Z,2024-07-22T19:00:00Z,113.1
United Kingdom,GBR,2024-07-22T19:00:00Z,2024-07-22T20:00:00Z,112.68
United Kingdom,GBR,2024-07-22T20:00:00Z,2024-07-22T21:00:00Z,106.91
United Kingdom,GBR,2024-07-22T21:00:00Z,2024-07-22T22:00:00Z,87.4
United Kingdom,GBR,2024-07-22T22:00:00Z,2024-07-22T23:00:00Z,85.6
United Kingdom,GBR,2024-07-22T23:00:00Z,2024-07-23T00:00:00Z,80.21
United Kingdom,GBR,2024-07-23T00:00:00Z,2024-07-23T01:00:00Z,76.47
United Kingdom,GBR,2024-07-23T01:00:00Z,2024-07-23T02:00:00Z,72.36
United Kingdom,GBR,2024-07-23T02:00:00Z,2024-07-23T03:00:00Z,71.25
United Kingdom,GBR,2024-07-23T03:00:00Z,2024-07-23T04:00:00Z,76.36
United Kingdom,GBR,2024-07-23T04:00:00Z,2024-07-23T05:00:00Z,78.44
United Kingdom,GBR,2024-07-23T05:00:00Z,2024-07-23T06:00:00Z,91.87
United Kingdom,GBR,2024-07-23T06:00:00Z,2024-07-23T07:00:00Z,94.1
United Kingdom,GBR,2024-07-23T07:00:00Z,2024-07-23T08:00:00Z,100.78
United Kingdom,GBR,2024-07-23T08:00:00Z,2024-07-23T09:00:00Z,97.31
United Kingdom,GBR,2024-07-23T09:00:00Z,2024-07-23T10:00:00Z,84.7
United Kingdom,GBR,2024-07-23T10:00:00Z,2024-07-23T11:00:00Z,81.9
United Kingdom,GBR,2024-07-23T11:00:00Z,2024-07-23T12:00:00Z,79.45
United Kingdom,GBR,2024-07-23T12:00:00Z,2024-07-23T13:00:00Z,73.02
United Kingdom,GBR,2024-07-23T13:00:00Z,2024-07-23T14:00:00Z,67.91
United Kingdom,GBR,2024-07-23T14:00:00Z,2024-07-23T15:00:00Z,64.32
United Kingdom,GBR,2024-07-23T15:00:00Z,2024-07-23T16:00:00Z,74.02
United Kingdom,GBR,2024-07-23T16:00:00Z,2024-07-23T17:00:00Z,88.06
United Kingdom,GBR,2024-07-23T17:00:00Z,2024-07-23T18:00:00Z,100.11
United Kingdom,GBR,2024-07-23T18:00:00Z,2024-07-23T19:00:00Z,112.58
United Kingdom,GBR,2024-07-23T19:00:00Z,2024-07-23T20:00:00Z,113.47
United Kingdom,GBR,2024-07-23T20:00:00Z,2024-07-23T21:00:00Z,110.22
United Kingdom,GBR,2024-07-23T21:00:00Z,2024-07-23T22:00:00Z,92.2
United Kingdom,GBR,2024-07-23T22:00:00Z,2024-07-23T23:00:00Z,105.18
United Kingdom,GBR,2024-07-23T23:00:00Z,2024-07-24T00:00:00Z,92.58
United Kingdom,GBR,2024-07-24T00:00:00Z,2024-07-24T01:00:00Z,79.85
United Kingdom,GBR,2024-07-24T01:00:00Z,2024-07-24T02:00:00Z,74.76
United Kingdom,GBR,2024-07-24T02:00:00Z,2024-07-24T03:00:00Z,73.39
United Kingdom,GBR,2024-07-24T03:00:00Z,2024-07-24T04:00:00Z,72.75
United Kingdom,GBR,2024-07-24T04:00:00Z,2024-07-24T05:00:00Z,79.92
United Kingdom,GBR,2024-07-24T05:00:00Z,2024-07-24T06:00:00Z,92.71
United Kingdom,GBR,2024-07-24T06:00:00Z,2024-07-24T07:00:00Z,103.62
United Kingdom,GBR,2024-07-24T07:00:00Z,2024-07-24T08:00:00Z,110.9
United Kingdom,GBR,2024-07-24T08:00:00Z,2024-07-24T09:00:00Z,104.84
United Kingdom,GBR,2024-07-24T09:00:00Z,2024-07-24T10:00:00Z,93.74
United Kingdom,GBR,2024-07-24T10:00:00Z,2024-07-24T11:00:00Z,90.74
United Kingdom,GBR,2024-07-24T11:00:00Z,2024-07-24T12:00:00Z,88.09
United Kingdom,GBR,2024-07-24T12:00:00Z,2024-07-24T13:00:00Z,80.42
United Kingdom,GBR,2024-07-24T13:00:00Z,2024-07-24T14:00:00Z,75.41
United Kingdom,GBR,2024-07-24T14:00:00Z,2024-07-24T15:00:00Z,72.18
United Kingdom,GBR,2024-07-24T15:00:00Z,2024-07-24T16:00:00Z,71.13
United Kingdom,GBR,2024-07-24T16:00:00Z,2024-07-24T17:00:00Z,77.24
United Kingdom,GBR,2024-07-24T17:00:00Z,2024-07-24T18:00:00Z,96.71
United Kingdom,GBR,2024-07-24T18:00:00Z,2024-07-24T19:00:00Z,108.17
United Kingdom,GBR,2024-07-24T19:00:00Z,2024-07-24T20:00:00Z,101.84
United Kingdom,GBR,2024-07-24T20:00:00Z,2024-07-24T21:00:00Z,95.67
United Kingdom,GBR,2024-07-24T21:00:00Z,2024-07-24T22:00:00Z,79.7
United Kingdom,GBR,2024-07-24T22:00:00Z,2024-07-24T23:00:00Z,79.01
United Kingdom,GBR,2024-07-24T23:00:00Z,2024-07-25T00:00:00Z,72.43
United Kingdom,GBR,2024-07-25T00:00:00Z,2024-07-25T01:00:00Z,69.94
United Kingdom,GBR,2024-07-25T01:00:00Z,2024-07-25T02:00:00Z,68.28
United Kingdom,GBR,2024-07-25T02:00:00Z,2024-07-25T03:00:00Z,69.64
United Kingdom,GBR,2024-07-25T03:00:00Z,2024-07-25T04:00:00Z,72.33
United Kingdom,GBR,2024-07-25T04:00:00Z,2024-07-25T05:00:00Z,80.67
United Kingdom,GBR,2024-07-25T05:00:00Z,2024-07-25T06:00:00Z,90.22
United Kingdom,GBR,2024-07-25T06:00:00Z,2024-07-25T07:00:00Z,89.31
United Kingdom,GBR,2024-07-25T07:00:00Z,2024-07-25T08:00:00Z,96.53
United Kingdom,GBR,2024-07-25T08:00:00Z,2024-07-25T09:00:00Z,100.16
United Kingdom,GBR,2024-07-25T09:00:00Z,2024-07-25T10:00:00Z,97.47
United Kingdom,GBR,2024-07-25T10:00:00Z,2024-07-25T11:00:00Z,94.79
United Kingdom,GBR,2024-07-25T11:00:00Z,2024-07-25T12:00:00Z,93.08
United Kingdom,GBR,2024-07-25T12:00:00Z,2024-07-25T13:00:00Z,84.02
United Kingdom,GBR,2024-07-25T13:00:00Z,2024-07-25T14:00:00Z,79.06
United Kingdom,GBR,2024-07-25T14:00:00Z,2024-07-25T15:00:00Z,78.69
United Kingdom,GBR,2024-07-25T15:00:00Z,2024-07-25T16:00:00Z,83.24
United Kingdom,GBR,2024-07-25T16:00:00Z,2024-07-25T17:00:00Z,88.31
United Kingdom,GBR,2024-07-25T17:00:00Z,2024-07-25T18:00:00Z,103.78
United Kingdom,GBR,2024-07-25T18:00:00Z,2024-07-25T19:00:00Z,110.06
United Kingdom,GBR,2024-07-25T19:00:00Z,2024-07-25T20:00:00Z,104.64
United Kingdom,GBR,2024-07-25T20:00:00Z,2024-07-25T21:00:00Z,100.23
United Kingdom,GBR,2024-07-25T21:00:00Z,2024-07-25T22:00:00Z,83.8
United Kingdom,GBR,2024-07-25T22:00:00Z,2024-07-25T23:00:00Z,83.42
United Kingdom,GBR,2024-07-25T23:00:00Z,2024-07-26T00:00:00Z,78.83
United Kingdom,GBR,2024-07-26T00:00:00Z,2024-07-26T01:00:00Z,75.11
United Kingdom,GBR,2024-07-26T01:00:00Z,2024-07-26T02:00:00Z,71.8
United Kingdom,GBR,2024-07-26T02:00:00Z,2024-07-26T03:00:00Z,71.52
United Kingdom,GBR,2024-07-26T03:00:00Z,2024-07-26T04:00:00Z,73.81
United Kingdom,GBR,2024-07-26T04:00:00Z,2024-07-26T05:00:00Z,80.78
United Kingdom,GBR,2024-07-26T05:00:00Z,2024-07-26T06:00:00Z,93.52
United Kingdom,GBR,2024-07-26T06:00:00Z,2024-07-26T07:00:00Z,98.88
United Kingdom,GBR,2024-07-26T07:00:00Z,2024-07-26T08:00:00Z,101.42
United Kingdom,GBR,2024-07-26T08:00:00Z,2024-07-26T09:00:00Z,96.37
United Kingdom,GBR,2024-07-26T09:00:00Z,2024-07-26T10:00:00Z,91.42
United Kingdom,GBR,2024-07-26T10:00:00Z,2024-07-26T11:00:00Z,87.22
United Kingdom,GBR,2024-07-26T11:00:00Z,2024-07-26T12:00:00Z,83.91
United Kingdom,GBR,2024-07-26T12:00:00Z,2024-07-26T13:00:00Z,79.28
United Kingdom,GBR,2024-07-26T13:00:00Z,2024-07-26T14:00:00Z,75.83
United Kingdom,GBR,2024-07-26T14:00:00Z,2024-07-26T15:00:00Z,75.71
United Kingdom,GBR,2024-07-26T15:00:00Z,2024-07-26T16:00:00Z,78.86
United Kingdom,GBR,2024-07-26T16:00:00Z,2024-07-26T17:00:00Z,85.84
United Kingdom,GBR,2024-07-26T17:00:00Z,2024-07-26T18:00:00Z,100.74
United Kingdom,GBR,2024-07-26T18:00:00Z,2024-07-26T19:00:00Z,106.55
United Kingdom,GBR,2024-07-26T19:00:00Z,2024-07-26T20:00:00Z,107.29
United Kingdom,GBR,2024-07-26T20:00:00Z,2024-07-26T21:00:00Z,104.39
United Kingdom,GBR,2024-07-26T21:00:00Z,2024-07-26T22:00:00Z,89.75
United Kingdom,GBR,2024-07-26T22:00:00Z,2024-07-26T23:00:00Z,92.44
United Kingdom,GBR,2024-07-26T23:00:00Z,2024-07-27T00:00:00Z,85.22
United Kingdom,GBR,2024-07-27T00:00:00Z,2024-07-27T01:00:00Z,80.48
United Kingdom,GBR,2024-07-27T01:00:00Z,2024-07-27T02:00:00Z,77.99
United Kingdom,GBR,2024-07-27T02:00:00Z,2024-07-27T03:00:00Z,82.85
United Kingdom,GBR,2024-07-27T03:00:00Z,2024-07-27T04:00:00Z,80.51
United Kingdom,GBR,2024-07-27T04:00:00Z,2024-07-27T05:00:00Z,82.02
United Kingdom,GBR,2024-07-27T05:00:00Z,2024-07-27T06:00:00Z,81.86
United Kingdom,GBR,2024-07-27T06:00:00Z,2024-07-27T07:00:00Z,80.35
United Kingdom,GBR,2024-07-27T07:00:00Z,2024-07-27T08:00:00Z,87.59
United Kingdom,GBR,2024-07-27T08:00:00Z,2024-07-27T09:00:00Z,89.16
United Kingdom,GBR,2024-07-27T09:00:00Z,2024-07-27T10:00:00Z,90.95
United Kingdom,GBR,2024-07-27T10:00:00Z,2024-07-27T11:00:00Z,87.89
United Kingdom,GBR,2024-07-27T11:00:00Z,2024-07-27T12:00:00Z,84.75
United Kingdom,GBR,2024-07-27T12:00:00Z,2024-07-27T13:00:00Z,80.42
United Kingdom,GBR,2024-07-27T13:00:00Z,2024-07-27T14:00:00Z,78.12
United Kingdom,GBR,2024-07-27T14:00:00Z,2024-07-27T15:00:00Z,76.49
United Kingdom,GBR,2024-07-27T15:00:00Z,2024-07-27T16:00:00Z,86.39
United Kingdom,GBR,2024-07-27T16:00:00Z,2024-07-27T17:00:00Z,94.47
United Kingdom,GBR,2024-07-27T17:00:00Z,2024-07-27T18:00:00Z,108.8
United Kingdom,GBR,2024-07-27T18:00:00Z,2024-07-27T19:00:00Z,110.31
United Kingdom,GBR,2024-07-27T19:00:00Z,2024-07-27T20:00:00Z,109.65
United Kingdom,GBR,2024-07-27T20:00:00Z,2024-07-27T21:00:00Z,103.64
United Kingdom,GBR,2024-07-27T21:00:00Z,2024-07-27T22:00:00Z,90.6
United Kingdom,GBR,2024-07-27T22:00:00Z,2024-07-27T23:00:00Z,97.32
United Kingdom,GBR,2024-07-27T23:00:00Z,2024-07-28T00:00:00Z,89.35
United Kingdom,GBR,2024-07-28T00:00:00Z,2024-07-28T01:00:00Z,85.58
United Kingdom,GBR,2024-07-28T01:00:00Z,2024-07-28T02:00:00Z,80.38
United Kingdom,GBR,2024-07-28T02:00:00Z,2024-07-28T03:00:00Z,79.16
United Kingdom,GBR,2024-07-28T03:00:00Z,2024-07-28T04:00:00Z,77.07
United Kingdom,GBR,2024-07-28T04:00:00Z,2024-07-28T05:00:00Z,75.28
United Kingdom,GBR,2024-07-28T05:00:00Z,2024-07-28T06:00:00Z,77.22
United Kingdom,GBR,2024-07-28T06:00:00Z,2024-07-28T07:00:00Z,78.35
United Kingdom,GBR,2024-07-28T07:00:00Z,2024-07-28T08:00:00Z,86.28
United Kingdom,GBR,2024-07-28T08:00:00Z,2024-07-28T09:00:00Z,89.36
United Kingdom,GBR,2024-07-28T09:00:00Z,2024-07-28T10:00:00Z,85.15
United Kingdom,GBR,2024-07-28T10:00:00Z,2024-07-28T11:00:00Z,80.63
United Kingdom,GBR,2024-07-28T11:00:00Z,2024-07-28T12:00:00Z,81.15
United Kingdom,GBR,2024-07-28T12:00:00Z,2024-07-28T13:00:00Z,77.02
United Kingdom,GBR,2024-07-28T13:00:00Z,2024-07-28T14:00:00Z,74.24
United Kingdom,GBR,2024-07-28T14:00:00Z,2024-07-28T15:00:00Z,75.51
United Kingdom,GBR,2024-07-28T15:00:00Z,2024-07-28T16:00:00Z,82.47
United Kingdom,GBR,2024-07-28T16:00:00Z,2024-07-28T17:00:00Z,89.81
United Kingdom,GBR,2024-07-28T17:00:00Z,2024-07-28T18:00:00Z,102.06
United Kingdom,GBR,2024-07-28T18:00:00Z,2024-07-28T19:00:00Z,106.26
United Kingdom,GBR,2024-07-28T19:00:00Z,2024-07-28T20:00:00Z,102.73
United Kingdom,GBR,2024-07-28T20:00:00Z,2024-07-28T21:00:00Z,99.01
United Kingdom,GBR,2024-07-28T21:00:00Z,2024-07-28T22:00:00Z,80.6
United Kingdom,GBR,2024-07-28T22:00:00Z,2024-07-28T23:00:00Z,83.61
United Kingdom,GBR,2024-07-28T23:00:00Z,2024-07-29T00:00:00Z,80.39
United Kingdom,GBR,2024-07-29T00:00:00Z,2024-07-29T01:00:00Z,75
United Kingdom,GBR,2024-07-29T01:00:00Z,2024-07-29T02:00:00Z,69.22
United Kingdom,GBR,2024-07-29T02:00:00Z,2024-07-29T03:00:00Z,72.79
United Kingdom,GBR,2024-07-29T03:00:00Z,2024-07-29T04:00:00Z,73.82
United Kingdom,GBR,2024-07-29T04:00:00Z,2024-07-29T05:00:00Z,79.76
United Kingdom,GBR,2024-07-29T05:00:00Z,2024-07-29T06:00:00Z,96
United Kingdom,GBR,2024-07-29T06:00:00Z,2024-07-29T07:00:00Z,93.74
United Kingdom,GBR,2024-07-29T07:00:00Z,2024-07-29T08:00:00Z,98.38
United Kingdom,GBR,2024-07-29T08:00:00Z,2024-07-29T09:00:00Z,89.36
United Kingdom,GBR,2024-07-29T09:00:00Z,2024-07-29T10:00:00Z,89.29
United Kingdom,GBR,2024-07-29T10:00:00Z,2024-07-29T11:00:00Z,83.13
United Kingdom,GBR,2024-07-29T11:00:00Z,2024-07-29T12:00:00Z,79.13
United Kingdom,GBR,2024-07-29T12:00:00Z,2024-07-29T13:00:00Z,76.19
United Kingdom,GBR,2024-07-29T13:00:00Z,2024-07-29T14:00:00Z,75.39
United Kingdom,GBR,2024-07-29T14:00:00Z,2024-07-29T15:00:00Z,74.62
United Kingdom,GBR,2024-07-29T15:00:00Z,2024-07-29T16:00:00Z,76.31
United Kingdom,GBR,2024-07-29T16:00:00Z,2024-07-29T17:00:00Z,88.4
United Kingdom,GBR,2024-07-29T17:00:00Z,2024-07-29T18:00:00Z,116.26
United Kingdom,GBR,2024-07-29T18:00:00Z,2024-07-29T19:00:00Z,119.78
United Kingdom,GBR,2024-07-29T19:00:00Z,2024-07-29T20:00:00Z,109.98
United Kingdom,GBR,2024-07-29T20:00:00Z,2024-07-29T21:00:00Z,96.03
United Kingdom,GBR,2024-07-29T21:00:00Z,2024-07-29T22:00:00Z,83.8
United Kingdom,GBR,2024-07-29T22:00:00Z,2024-07-29T23:00:00Z,82.94
United Kingdom,GBR,2024-07-29T23:00:00Z,2024-07-30T00:00:00Z,78.12
United Kingdom,GBR,2024-07-30T00:00:00Z,2024-07-30T01:00:00Z,80.16
United Kingdom,GBR,2024-07-30T01:00:00Z,2024-07-30T02:00:00Z,78.25
United Kingdom,GBR,2024-07-30T02:00:00Z,2024-07-30T03:00:00Z,78.51
United Kingdom,GBR,2024-07-30T03:00:00Z,2024-07-30T04:00:00Z,81.52
United Kingdom,GBR,2024-07-30T04:00:00Z,2024-07-30T05:00:00Z,84.26
United Kingdom,GBR,2024-07-30T05:00:00Z,2024-07-30T06:00:00Z,104.69
United Kingdom,GBR,2024-07-30T06:00:00Z,2024-07-30T07:00:00Z,99.15
United Kingdom,GBR,2024-07-30T07:00:00Z,2024-07-30T08:00:00Z,100.1
United Kingdom,GBR,2024-07-30T08:00:00Z,2024-07-30T09:00:00Z,92.38
United Kingdom,GBR,2024-07-30T09:00:00Z,2024-07-30T10:00:00Z,83
United Kingdom,GBR,2024-07-30T10:00:00Z,2024-07-30T11:00:00Z,80.72
United Kingdom,GBR,2024-07-30T11:00:00Z,2024-07-30T12:00:00Z,77.01
United Kingdom,GBR,2024-07-30T12:00:00Z,2024-07-30T13:00:00Z,77.35
United Kingdom,GBR,2024-07-30T13:00:00Z,2024-07-30T14:00:00Z,74.86
United Kingdom,GBR,2024-07-30T14:00:00Z,2024-07-30T15:00:00Z,77.21
United Kingdom,GBR,2024-07-30T15:00:00Z,2024-07-30T16:00:00Z,82.92
United Kingdom,GBR,2024-07-30T16:00:00Z,2024-07-30T17:00:00Z,94.01
United Kingdom,GBR,2024-07-30T17:00:00Z,2024-07-30T18:00:00Z,112.8
United Kingdom,GBR,2024-07-30T18:00:00Z,2024-07-30T19:00:00Z,125.65
United Kingdom,GBR,2024-07-30T19:00:00Z,2024-07-30T20:00:00Z,118.88
United Kingdom,GBR,2024-07-30T20:00:00Z,2024-07-30T21:00:00Z,108.21
United Kingdom,GBR,2024-07-30T21:00:00Z,2024-07-30T22:00:00Z,94.87
United Kingdom,GBR,2024-07-30T22:00:00Z,2024-07-30T23:00:00Z,94.04
United Kingdom,GBR,2024-07-30T23:00:00Z,2024-07-31T00:00:00Z,87.31
United Kingdom,GBR,2024-07-31T00:00:00Z,2024-07-31T01:00:00Z,83.43
United Kingdom,GBR,2024-07-31T01:00:00Z,2024-07-31T02:00:00Z,79.66
United Kingdom,GBR,2024-07-31T02:00:00Z,2024-07-31T03:00:00Z,79.68
United Kingdom,GBR,2024-07-31T03:00:00Z,2024-07-31T04:00:00Z,79.18
United Kingdom,GBR,2024-07-31T04:00:00Z,2024-07-31T05:00:00Z,82.2
United Kingdom,GBR,2024-07-31T05:00:00Z,2024-07-31T06:00:00Z,98.53
United Kingdom,GBR,2024-07-31T06:00:00Z,2024-07-31T07:00:00Z,98.34
United Kingdom,GBR,2024-07-31T07:00:00Z,2024-07-31T08:00:00Z,98.15
United Kingdom,GBR,2024-07-31T08:00:00Z,2024-07-31T09:00:00Z,95.75
United Kingdom,GBR,2024-07-31T09:00:00Z,2024-07-31T10:00:00Z,91.86
United Kingdom,GBR,2024-07-31T10:00:00Z,2024-07-31T11:00:00Z,85.11
United Kingdom,GBR,2024-07-31T11:00:00Z,2024-07-31T12:00:00Z,85.47
United Kingdom,GBR,2024-07-31T12:00:00Z,2024-07-31T13:00:00Z,80.28
United Kingdom,GBR,2024-07-31T13:00:00Z,2024-07-31T14:00:00Z,81.87
United Kingdom,GBR,2024-07-31T14:00:00Z,2024-07-31T15:00:00Z,86.48
United Kingdom,GBR,2024-07-31T15:00:00Z,2024-07-31T16:00:00Z,90.45
United Kingdom,GBR,2024-07-31T16:00:00Z,2024-07-31T17:00:00Z,96.7
United Kingdom,GBR,2024-07-31T17:00:00Z,2024-07-31T18:00:00Z,113.21
United Kingdom,GBR,2024-07-31T18:00:00Z,2024-07-31T19:00:00Z,122.13
United Kingdom,GBR,2024-07-31T19:00:00Z,2024-07-31T20:00:00Z,116.21
United Kingdom,GBR,2024-07-31T20:00:00Z,2024-07-31T21:00:00Z,108.9
United Kingdom,GBR,2024-07-31T21:00:00Z,2024-07-31T22:00:00Z,94.9
United Kingdom,GBR,2024-07-31T22:00:00Z,2024-07-31T23:00:00Z,98.41
United Kingdom,GBR,2024-07-31T23:00:00Z,2024-08-01T00:00:00Z,86.26
United Kingdom,GBR,2024-08-01T00:00:00Z,2024-08-01T01:00:00Z,81.37
United Kingdom,GBR,2024-08-01T01:00:00Z,2024-08-01T02:00:00Z,78.82
United Kingdom,GBR,2024-08-01T02:00:00Z,2024-08-01T03:00:00Z,77.59
United Kingdom,GBR,2024-08-01T03:00:00Z,2024-08-01T04:00:00Z,80.72
United Kingdom,GBR,2024-08-01T04:00:00Z,2024-08-01T05:00:00Z,88.43
United Kingdom,GBR,2024-08-01T05:00:00Z,2024-08-01T06:00:00Z,103.25
United Kingdom,GBR,2024-08-01T06:00:00Z,2024-08-01T07:00:00Z,107.96
United Kingdom,GBR,2024-08-01T07:00:00Z,2024-08-01T08:00:00Z,114
United Kingdom,GBR,2024-08-01T08:00:00Z,2024-08-01T09:00:00Z,110.87
United Kingdom,GBR,2024-08-01T09:00:00Z,2024-08-01T10:00:00Z,99.91
United Kingdom,GBR,2024-08-01T10:00:00Z,2024-08-01T11:00:00Z,95.34
United Kingdom,GBR,2024-08-01T11:00:00Z,2024-08-01T12:00:00Z,90.48
United Kingdom,GBR,2024-08-01T12:00:00Z,2024-08-01T13:00:00Z,84.24
United Kingdom,GBR,2024-08-01T13:00:00Z,2024-08-01T14:00:00Z,81.2
United Kingdom,GBR,2024-08-01T14:00:00Z,2024-08-01T15:00:00Z,83.61
United Kingdom,GBR,2024-08-01T15:00:00Z,2024-08-01T16:00:00Z,92.33
United Kingdom,GBR,2024-08-01T16:00:00Z,2024-08-01T17:00:00Z,100.83
United Kingdom,GBR,2024-08-01T17:00:00Z,2024-08-01T18:00:00Z,117.26
United Kingdom,GBR,2024-08-01T18:00:00Z,2024-08-01T19:00:00Z,117.12
United Kingdom,GBR,2024-08-01T19:00:00Z,2024-08-01T20:00:00Z,118.16
United Kingdom,GBR,2024-08-01T20:00:00Z,2024-08-01T21:00:00Z,112.87
United Kingdom,GBR,2024-08-01T21:00:00Z,2024-08-01T22:00:00Z,100.59
United Kingdom,GBR,2024-08-01T22:00:00Z,2024-08-01T23:00:00Z,98.68
United Kingdom,GBR,2024-08-01T23:00:00Z,2024-08-02T00:00:00Z,93.83
United Kingdom,GBR,2024-08-02T00:00:00Z,2024-08-02T01:00:00Z,90.12
United Kingdom,GBR,2024-08-02T01:00:00Z,2024-08-02T02:00:00Z,83.28
United Kingdom,GBR,2024-08-02T02:00:00Z,2024-08-02T03:00:00Z,82.37
United Kingdom,GBR,2024-08-02T03:00:00Z,2024-08-02T04:00:00Z,77.21
United Kingdom,GBR,2024-08-02T04:00:00Z,2024-08-02T05:00:00Z,85
United Kingdom,GBR,2024-08-02T05:00:00Z,2024-08-02T06:00:00Z,98.99
United Kingdom,GBR,2024-08-02T06:00:00Z,2024-08-02T07:00:00Z,113.98
United Kingdom,GBR,2024-08-02T07:00:00Z,2024-08-02T08:00:00Z,100.45
United Kingdom,GBR,2024-08-02T08:00:00Z,2024-08-02T09:00:00Z,91.71
United Kingdom,GBR,2024-08-02T09:00:00Z,2024-08-02T10:00:00Z,85.75
United Kingdom,GBR,2024-08-02T10:00:00Z,2024-08-02T11:00:00Z,74.2
United Kingdom,GBR,2024-08-02T11:00:00Z,2024-08-02T12:00:00Z,67.02
United Kingdom,GBR,2024-08-02T12:00:00Z,2024-08-02T13:00:00Z,58.02
United Kingdom,GBR,2024-08-02T13:00:00Z,2024-08-02T14:00:00Z,57.94
United Kingdom,GBR,2024-08-02T14:00:00Z,2024-08-02T15:00:00Z,63.18
United Kingdom,GBR,2024-08-02T15:00:00Z,2024-08-02T16:00:00Z,74.47
United Kingdom,GBR,2024-08-02T16:00:00Z,2024-08-02T17:00:00Z,88.68
United Kingdom,GBR,2024-08-02T17:00:00Z,2024-08-02T18:00:00Z,100.39
United Kingdom,GBR,2024-08-02T18:00:00Z,2024-08-02T19:00:00Z,109.82
United Kingdom,GBR,2024-08-02T19:00:00Z,2024-08-02T20:00:00Z,108.65
United Kingdom,GBR,2024-08-02T20:00:00Z,2024-08-02T21:00:00Z,109.06
United Kingdom,GBR,2024-08-02T21:00:00Z,2024-08-02T22:00:00Z,95.73
United Kingdom,GBR,2024-08-02T22:00:00Z,2024-08-02T23:00:00Z,95.47
United Kingdom,GBR,2024-08-02T23:00:00Z,2024-08-03T00:00:00Z,93.73
United Kingdom,GBR,2024-08-03T00:00:00Z,2024-08-03T01:00:00Z,87.18
United Kingdom,GBR,2024-08-03T01:00:00Z,2024-08-03T02:00:00Z,85.68
United Kingdom,GBR,2024-08-03T02:00:00Z,2024-08-03T03:00:00Z,83.26
United Kingdom,GBR,2024-08-03T03:00:00Z,2024-08-03T04:00:00Z,85.68
United Kingdom,GBR,2024-08-03T04:00:00Z,2024-08-03T05:00:00Z,87.61
United Kingdom,GBR,2024-08-03T05:00:00Z,2024-08-03T06:00:00Z,90.84
United Kingdom,GBR,2024-08-03T06:00:00Z,2024-08-03T07:00:00Z,88.75
United Kingdom,GBR,2024-08-03T07:00:00Z,2024-08-03T08:00:00Z,103.76
United Kingdom,GBR,2024-08-03T08:00:00Z,2024-08-03T09:00:00Z,112.22
United Kingdom,GBR,2024-08-03T09:00:00Z,2024-08-03T10:00:00Z,108.05
United Kingdom,GBR,2024-08-03T10:00:00Z,2024-08-03T11:00:00Z,103.35
United Kingdom,GBR,2024-08-03T11:00:00Z,2024-08-03T12:00:00Z,98.98
United Kingdom,GBR,2024-08-03T12:00:00Z,2024-08-03T13:00:00Z,77.62
United Kingdom,GBR,2024-08-03T13:00:00Z,2024-08-03T14:00:00Z,70.38
United Kingdom,GBR,2024-08-03T14:00:00Z,2024-08-03T15:00:00Z,70.41
United Kingdom,GBR,2024-08-03T15:00:00Z,2024-08-03T16:00:00Z,76.44
United Kingdom,GBR,2024-08-03T16:00:00Z,2024-08-03T17:00:00Z,91.05
United Kingdom,GBR,2024-08-03T17:00:00Z,2024-08-03T18:00:00Z,103.58
United Kingdom,GBR,2024-08-03T18:00:00Z,2024-08-03T19:00:00Z,110.6
United Kingdom,GBR,2024-08-03T19:00:00Z,2024-08-03T20:00:00Z,112.89
United Kingdom,GBR,2024-08-03T20:00:00Z,2024-08-03T21:00:00Z,112.59
United Kingdom,GBR,2024-08-03T21:00:00Z,2024-08-03T22:00:00Z,92.46
United Kingdom,GBR,2024-08-03T22:00:00Z,2024-08-03T23:00:00Z,101.48
United Kingdom,GBR,2024-08-03T23:00:00Z,2024-08-04T00:00:00Z,93.93
United Kingdom,GBR,2024-08-04T00:00:00Z,2024-08-04T01:00:00Z,90.48
United Kingdom,GBR,2024-08-04T01:00:00Z,2024-08-04T02:00:00Z,87.41
United Kingdom,GBR,2024-08-04T02:00:00Z,2024-08-04T03:00:00Z,82.93
United Kingdom,GBR,2024-08-04T03:00:00Z,2024-08-04T04:00:00Z,78.19
United Kingdom,GBR,2024-08-04T04:00:00Z,2024-08-04T05:00:00Z,76.94
United Kingdom,GBR,2024-08-04T05:00:00Z,2024-08-04T06:00:00Z,79.89
United Kingdom,GBR,2024-08-04T06:00:00Z,2024-08-04T07:00:00Z,86.4
United Kingdom,GBR,2024-08-04T07:00:00Z,2024-08-04T08:00:00Z,95.88
United Kingdom,GBR,2024-08-04T08:00:00Z,2024-08-04T09:00:00Z,105.81
United Kingdom,GBR,2024-08-04T09:00:00Z,2024-08-04T10:00:00Z,107.24
United Kingdom,GBR,2024-08-04T10:00:00Z,2024-08-04T11:00:00Z,103.33
United Kingdom,GBR,2024-08-04T11:00:00Z,2024-08-04T12:00:00Z,90.24
United Kingdom,GBR,2024-08-04T12:00:00Z,2024-08-04T13:00:00Z,70.66
United Kingdom,GBR,2024-08-04T13:00:00Z,2024-08-04T14:00:00Z,54.94
United Kingdom,GBR,2024-08-04T14:00:00Z,2024-08-04T15:00:00Z,51.92
United Kingdom,GBR,2024-08-04T15:00:00Z,2024-08-04T16:00:00Z,56.25
United Kingdom,GBR,2024-08-04T16:00:00Z,2024-08-04T17:00:00Z,77.52
United Kingdom,GBR,2024-08-04T17:00:00Z,2024-08-04T18:00:00Z,96.36
United Kingdom,GBR,2024-08-04T18:00:00Z,2024-08-04T19:00:00Z,99.8
United Kingdom,GBR,2024-08-04T19:00:00Z,2024-08-04T20:00:00Z,98.76
United Kingdom,GBR,2024-08-04T20:00:00Z,2024-08-04T21:00:00Z,93.48
United Kingdom,GBR,2024-08-04T21:00:00Z,2024-08-04T22:00:00Z,76.84
United Kingdom,GBR,2024-08-04T22:00:00Z,2024-08-04T23:00:00Z,53.51
United Kingdom,GBR,2024-08-04T23:00:00Z,2024-08-05T00:00:00Z,49.68
United Kingdom,GBR,2024-08-05T00:00:00Z,2024-08-05T01:00:00Z,47.75
United Kingdom,GBR,2024-08-05T01:00:00Z,2024-08-05T02:00:00Z,43.12
United Kingdom,GBR,2024-08-05T02:00:00Z,2024-08-05T03:00:00Z,42.52
United Kingdom,GBR,2024-08-05T03:00:00Z,2024-08-05T04:00:00Z,44.41
United Kingdom,GBR,2024-08-05T04:00:00Z,2024-08-05T05:00:00Z,47.12
United Kingdom,GBR,2024-08-05T05:00:00Z,2024-08-05T06:00:00Z,61.46
United Kingdom,GBR,2024-08-05T06:00:00Z,2024-08-05T07:00:00Z,79.28
United Kingdom,GBR,2024-08-05T07:00:00Z,2024-08-05T08:00:00Z,79.08
United Kingdom,GBR,2024-08-05T08:00:00Z,2024-08-05T09:00:00Z,73.25
United Kingdom,GBR,2024-08-05T09:00:00Z,2024-08-05T10:00:00Z,67.2
United Kingdom,GBR,2024-08-05T10:00:00Z,2024-08-05T11:00:00Z,61.96
United Kingdom,GBR,2024-08-05T11:00:00Z,2024-08-05T12:00:00Z,62.06
United Kingdom,GBR,2024-08-05T12:00:00Z,2024-08-05T13:00:00Z,61.69
United Kingdom,GBR,2024-08-05T13:00:00Z,2024-08-05T14:00:00Z,60.85
United Kingdom,GBR,2024-08-05T14:00:00Z,2024-08-05T15:00:00Z,67.01
United Kingdom,GBR,2024-08-05T15:00:00Z,2024-08-05T16:00:00Z,80.8
United Kingdom,GBR,2024-08-05T16:00:00Z,2024-08-05T17:00:00Z,92.94
United Kingdom,GBR,2024-08-05T17:00:00Z,2024-08-05T18:00:00Z,104.25
United Kingdom,GBR,2024-08-05T18:00:00Z,2024-08-05T19:00:00Z,110.19
United Kingdom,GBR,2024-08-05T19:00:00Z,2024-08-05T20:00:00Z,111.34
United Kingdom,GBR,2024-08-05T20:00:00Z,2024-08-05T21:00:00Z,107.33
United Kingdom,GBR,2024-08-05T21:00:00Z,2024-08-05T22:00:00Z,95.82
United Kingdom,GBR,2024-08-05T22:00:00Z,2024-08-05T23:00:00Z,87.42
United Kingdom,GBR,2024-08-05T23:00:00Z,2024-08-06T00:00:00Z,74.82
United Kingdom,GBR,2024-08-06T00:00:00Z,2024-08-06T01:00:00Z,72.32
United Kingdom,GBR,2024-08-06T01:00:00Z,2024-08-06T02:00:00Z,68.08
United Kingdom,GBR,2024-08-06T02:00:00Z,2024-08-06T03:00:00Z,67.3
United Kingdom,GBR,2024-08-06T03:00:00Z,2024-08-06T04:00:00Z,72.39
United Kingdom,GBR,2024-08-06T04:00:00Z,2024-08-06T05:00:00Z,79.99
United Kingdom,GBR,2024-08-06T05:00:00Z,2024-08-06T06:00:00Z,89.67
United Kingdom,GBR,2024-08-06T06:00:00Z,2024-08-06T07:00:00Z,97.15
United Kingdom,GBR,2024-08-06T07:00:00Z,2024-08-06T08:00:00Z,109.74
United Kingdom,GBR,2024-08-06T08:00:00Z,2024-08-06T09:00:00Z,106.94
United Kingdom,GBR,2024-08-06T09:00:00Z,2024-08-06T10:00:00Z,94.63
United Kingdom,GBR,2024-08-06T10:00:00Z,2024-08-06T11:00:00Z,89.91
United Kingdom,GBR,2024-08-06T11:00:00Z,2024-08-06T12:00:00Z,84.97
United Kingdom,GBR,2024-08-06T12:00:00Z,2024-08-06T13:00:00Z,72.21
United Kingdom,GBR,2024-08-06T13:00:00Z,2024-08-06T14:00:00Z,63.61
United Kingdom,GBR,2024-08-06T14:00:00Z,2024-08-06T15:00:00Z,60.06
United Kingdom,GBR,2024-08-06T15:00:00Z,2024-08-06T16:00:00Z,70.43
United Kingdom,GBR,2024-08-06T16:00:00Z,2024-08-06T17:00:00Z,84.6
United Kingdom,GBR,2024-08-06T17:00:00Z,2024-08-06T18:00:00Z,99.91
United Kingdom,GBR,2024-08-06T18:00:00Z,2024-08-06T19:00:00Z,104.16
United Kingdom,GBR,2024-08-06T19:00:00Z,2024-08-06T20:00:00Z,105.08
United Kingdom,GBR,2024-08-06T20:00:00Z,2024-08-06T21:00:00Z,105.16
United Kingdom,GBR,2024-08-06T21:00:00Z,2024-08-06T22:00:00Z,89.52
United Kingdom,GBR,2024-08-06T22:00:00Z,2024-08-06T23:00:00Z,90.55
United Kingdom,GBR,2024-08-06T23:00:00Z,2024-08-07T00:00:00Z,73.7
United Kingdom,GBR,2024-08-07T00:00:00Z,2024-08-07T01:00:00Z,60.99
United Kingdom,GBR,2024-08-07T01:00:00Z,2024-08-07T02:00:00Z,52.58
United Kingdom,GBR,2024-08-07T02:00:00Z,2024-08-07T03:00:00Z,50
United Kingdom,GBR,2024-08-07T03:00:00Z,2024-08-07T04:00:00Z,48.47
United Kingdom,GBR,2024-08-07T04:00:00Z,2024-08-07T05:00:00Z,47.82
United Kingdom,GBR,2024-08-07T05:00:00Z,2024-08-07T06:00:00Z,65.04
United Kingdom,GBR,2024-08-07T06:00:00Z,2024-08-07T07:00:00Z,76.55
United Kingdom,GBR,2024-08-07T07:00:00Z,2024-08-07T08:00:00Z,64.26
United Kingdom,GBR,2024-08-07T08:00:00Z,2024-08-07T09:00:00Z,48.19
United Kingdom,GBR,2024-08-07T09:00:00Z,2024-08-07T10:00:00Z,35.81
United Kingdom,GBR,2024-08-07T10:00:00Z,2024-08-07T11:00:00Z,33.57
United Kingdom,GBR,2024-08-07T11:00:00Z,2024-08-07T12:00:00Z,28.13
United Kingdom,GBR,2024-08-07T12:00:00Z,2024-08-07T13:00:00Z,28.59
United Kingdom,GBR,2024-08-07T13:00:00Z,2024-08-07T14:00:00Z,32.21
United Kingdom,GBR,2024-08-07T14:00:00Z,2024-08-07T15:00:00Z,29.22
United Kingdom,GBR,2024-08-07T15:00:00Z,2024-08-07T16:00:00Z,40.51
United Kingdom,GBR,2024-08-07T16:00:00Z,2024-08-07T17:00:00Z,80.98
United Kingdom,GBR,2024-08-07T17:00:00Z,2024-08-07T18:00:00Z,94.99
United Kingdom,GBR,2024-08-07T18:00:00Z,2024-08-07T19:00:00Z,99.11
United Kingdom,GBR,2024-08-07T19:00:00Z,2024-08-07T20:00:00Z,104.18
United Kingdom,GBR,2024-08-07T20:00:00Z,2024-08-07T21:00:00Z,101.55
United Kingdom,GBR,2024-08-07T21:00:00Z,2024-08-07T22:00:00Z,86.05
United Kingdom,GBR,2024-08-07T22:00:00Z,2024-08-07T23:00:00Z,63.05
United Kingdom,GBR,2024-08-07T23:00:00Z,2024-08-08T00:00:00Z,50.85
United Kingdom,GBR,2024-08-08T00:00:00Z,2024-08-08T01:00:00Z,49.04
United Kingdom,GBR,2024-08-08T01:00:00Z,2024-08-08T02:00:00Z,45.14
United Kingdom,GBR,2024-08-08T02:00:00Z,2024-08-08T03:00:00Z,45.3
United Kingdom,GBR,2024-08-08T03:00:00Z,2024-08-08T04:00:00Z,50.92
United Kingdom,GBR,2024-08-08T04:00:00Z,2024-08-08T05:00:00Z,58.36
United Kingdom,GBR,2024-08-08T05:00:00Z,2024-08-08T06:00:00Z,84.82
United Kingdom,GBR,2024-08-08T06:00:00Z,2024-08-08T07:00:00Z,91.74
United Kingdom,GBR,2024-08-08T07:00:00Z,2024-08-08T08:00:00Z,96.38
United Kingdom,GBR,2024-08-08T08:00:00Z,2024-08-08T09:00:00Z,102.37
United Kingdom,GBR,2024-08-08T09:00:00Z,2024-08-08T10:00:00Z,105.93
United Kingdom,GBR,2024-08-08T10:00:00Z,2024-08-08T11:00:00Z,98.1
United Kingdom,GBR,2024-08-08T11:00:00Z,2024-08-08T12:00:00Z,93.6
United Kingdom,GBR,2024-08-08T12:00:00Z,2024-08-08T13:00:00Z,87.15
United Kingdom,GBR,2024-08-08T13:00:00Z,2024-08-08T14:00:00Z,80.75
United Kingdom,GBR,2024-08-08T14:00:00Z,2024-08-08T15:00:00Z,82.37
United Kingdom,GBR,2024-08-08T15:00:00Z,2024-08-08T16:00:00Z,79.28
United Kingdom,GBR,2024-08-08T16:00:00Z,2024-08-08T17:00:00Z,88.01
United Kingdom,GBR,2024-08-08T17:00:00Z,2024-08-08T18:00:00Z,90.91
United Kingdom,GBR,2024-08-08T18:00:00Z,2024-08-08T19:00:00Z,91.61
United Kingdom,GBR,2024-08-08T19:00:00Z,2024-08-08T20:00:00Z,83.05
United Kingdom,GBR,2024-08-08T20:00:00Z,2024-08-08T21:00:00Z,75.6
United Kingdom,GBR,2024-08-08T21:00:00Z,2024-08-08T22:00:00Z,54.46
United Kingdom,GBR,2024-08-08T22:00:00Z,2024-08-08T23:00:00Z,21.96
United Kingdom,GBR,2024-08-08T23:00:00Z,2024-08-09T00:00:00Z,6.85
United Kingdom,GBR,2024-08-09T00:00:00Z,2024-08-09T01:00:00Z,-0.92
United Kingdom,GBR,2024-08-09T01:00:00Z,2024-08-09T02:00:00Z,-4.22
United Kingdom,GBR,2024-08-09T02:00:00Z,2024-08-09T03:00:00Z,-6.82
United Kingdom,GBR,2024-08-09T03:00:00Z,2024-08-09T04:00:00Z,-5.97
United Kingdom,GBR,2024-08-09T04:00:00Z,2024-08-09T05:00:00Z,-5.99
United Kingdom,GBR,2024-08-09T05:00:00Z,2024-08-09T06:00:00Z,6.21
United Kingdom,GBR,2024-08-09T06:00:00Z,2024-08-09T07:00:00Z,30.66
United Kingdom,GBR,2024-08-09T07:00:00Z,2024-08-09T08:00:00Z,31.76
United Kingdom,GBR,2024-08-09T08:00:00Z,2024-08-09T09:00:00Z,13.06
United Kingdom,GBR,2024-08-09T09:00:00Z,2024-08-09T10:00:00Z,2.66
United Kingdom,GBR,2024-08-09T10:00:00Z,2024-08-09T11:00:00Z,-0.77
United Kingdom,GBR,2024-08-09T11:00:00Z,2024-08-09T12:00:00Z,-3.9
United Kingdom,GBR,2024-08-09T12:00:00Z,2024-08-09T13:00:00Z,-6.12
United Kingdom,GBR,2024-08-09T13:00:00Z,2024-08-09T14:00:00Z,-5.18
United Kingdom,GBR,2024-08-09T14:00:00Z,2024-08-09T15:00:00Z,-3.03
United Kingdom,GBR,2024-08-09T15:00:00Z,2024-08-09T16:00:00Z,4.55
United Kingdom,GBR,2024-08-09T16:00:00Z,2024-08-09T17:00:00Z,31.78
United Kingdom,GBR,2024-08-09T17:00:00Z,2024-08-09T18:00:00Z,61
United Kingdom,GBR,2024-08-09T18:00:00Z,2024-08-09T19:00:00Z,81.7
United Kingdom,GBR,2024-08-09T19:00:00Z,2024-08-09T20:00:00Z,84.55
United Kingdom,GBR,2024-08-09T20:00:00Z,2024-08-09T21:00:00Z,83.55
United Kingdom,GBR,2024-08-09T21:00:00Z,2024-08-09T22:00:00Z,63.04
United Kingdom,GBR,2024-08-09T22:00:00Z,2024-08-09T23:00:00Z,53.57
United Kingdom,GBR,2024-08-09T23:00:00Z,2024-08-10T00:00:00Z,34
United Kingdom,GBR,2024-08-10T00:00:00Z,2024-08-10T01:00:00Z,23.69
United Kingdom,GBR,2024-08-10T01:00:00Z,2024-08-10T02:00:00Z,15.2
United Kingdom,GBR,2024-08-10T02:00:00Z,2024-08-10T03:00:00Z,12.81
United Kingdom,GBR,2024-08-10T03:00:00Z,2024-08-10T04:00:00Z,14.37
United Kingdom,GBR,2024-08-10T04:00:00Z,2024-08-10T05:00:00Z,16.92
United Kingdom,GBR,2024-08-10T05:00:00Z,2024-08-10T06:00:00Z,19.48
United Kingdom,GBR,2024-08-10T06:00:00Z,2024-08-10T07:00:00Z,20.04
United Kingdom,GBR,2024-08-10T07:00:00Z,2024-08-10T08:00:00Z,10.94
United Kingdom,GBR,2024-08-10T08:00:00Z,2024-08-10T09:00:00Z,4.67
United Kingdom,GBR,2024-08-10T09:00:00Z,2024-08-10T10:00:00Z,3.9
United Kingdom,GBR,2024-08-10T10:00:00Z,2024-08-10T11:00:00Z,3.35
United Kingdom,GBR,2024-08-10T11:00:00Z,2024-08-10T12:00:00Z,1.53
United Kingdom,GBR,2024-08-10T12:00:00Z,2024-08-10T13:00:00Z,-7.89
United Kingdom,GBR,2024-08-10T13:00:00Z,2024-08-10T14:00:00Z,-7.76
United Kingdom,GBR,2024-08-10T14:00:00Z,2024-08-10T15:00:00Z,1.18
United Kingdom,GBR,2024-08-10T15:00:00Z,2024-08-10T16:00:00Z,13.49
United Kingdom,GBR,2024-08-10T16:00:00Z,2024-08-10T17:00:00Z,63.8
United Kingdom,GBR,2024-08-10T17:00:00Z,2024-08-10T18:00:00Z,89.69
United Kingdom,GBR,2024-08-10T18:00:00Z,2024-08-10T19:00:00Z,98.59
United Kingdom,GBR,2024-08-10T19:00:00Z,2024-08-10T20:00:00Z,106.72
United Kingdom,GBR,2024-08-10T20:00:00Z,2024-08-10T21:00:00Z,109.41
United Kingdom,GBR,2024-08-10T21:00:00Z,2024-08-10T22:00:00Z,98.52
United Kingdom,GBR,2024-08-10T22:00:00Z,2024-08-10T23:00:00Z,94.33
United Kingdom,GBR,2024-08-10T23:00:00Z,2024-08-11T00:00:00Z,94.06
United Kingdom,GBR,2024-08-11T00:00:00Z,2024-08-11T01:00:00Z,87.53
United Kingdom,GBR,2024-08-11T01:00:00Z,2024-08-11T02:00:00Z,80.66
United Kingdom,GBR,2024-08-11T02:00:00Z,2024-08-11T03:00:00Z,76.71
United Kingdom,GBR,2024-08-11T03:00:00Z,2024-08-11T04:00:00Z,77.19
United Kingdom,GBR,2024-08-11T04:00:00Z,2024-08-11T05:00:00Z,75.61
United Kingdom,GBR,2024-08-11T05:00:00Z,2024-08-11T06:00:00Z,78.17
United Kingdom,GBR,2024-08-11T06:00:00Z,2024-08-11T07:00:00Z,85.24
United Kingdom,GBR,2024-08-11T07:00:00Z,2024-08-11T08:00:00Z,96.7
United Kingdom,GBR,2024-08-11T08:00:00Z,2024-08-11T09:00:00Z,98.32
United Kingdom,GBR,2024-08-11T09:00:00Z,2024-08-11T10:00:00Z,99.97
United Kingdom,GBR,2024-08-11T10:00:00Z,2024-08-11T11:00:00Z,96.93
United Kingdom,GBR,2024-08-11T11:00:00Z,2024-08-11T12:00:00Z,91.24
United Kingdom,GBR,2024-08-11T12:00:00Z,2024-08-11T13:00:00Z,84.6
United Kingdom,GBR,2024-08-11T13:00:00Z,2024-08-11T14:00:00Z,76.97
United Kingdom,GBR,2024-08-11T14:00:00Z,2024-08-11T15:00:00Z,80.95
United Kingdom,GBR,2024-08-11T15:00:00Z,2024-08-11T16:00:00Z,90.06
United Kingdom,GBR,2024-08-11T16:00:00Z,2024-08-11T17:00:00Z,102.53
United Kingdom,GBR,2024-08-11T17:00:00Z,2024-08-11T18:00:00Z,107.1
United Kingdom,GBR,2024-08-11T18:00:00Z,2024-08-11T19:00:00Z,110.61
United Kingdom,GBR,2024-08-11T19:00:00Z,2024-08-11T20:00:00Z,99.94
United Kingdom,GBR,2024-08-11T20:00:00Z,2024-08-11T21:00:00Z,90.25
United Kingdom,GBR,2024-08-11T21:00:00Z,2024-08-11T22:00:00Z,74.8
United Kingdom,GBR,2024-08-11T22:00:00Z,2024-08-11T23:00:00Z,40.32
United Kingdom,GBR,2024-08-11T23:00:00Z,2024-08-12T00:00:00Z,27.23
United Kingdom,GBR,2024-08-12T00:00:00Z,2024-08-12T01:00:00Z,19.72
United Kingdom,GBR,2024-08-12T01:00:00Z,2024-08-12T02:00:00Z,8.73
United Kingdom,GBR,2024-08-12T02:00:00Z,2024-08-12T03:00:00Z,7.3
United Kingdom,GBR,2024-08-12T03:00:00Z,2024-08-12T04:00:00Z,8.97
United Kingdom,GBR,2024-08-12T04:00:00Z,2024-08-12T05:00:00Z,19.53
United Kingdom,GBR,2024-08-12T05:00:00Z,2024-08-12T06:00:00Z,37.63
United Kingdom,GBR,2024-08-12T06:00:00Z,2024-08-12T07:00:00Z,49.07
United Kingdom,GBR,2024-08-12T07:00:00Z,2024-08-12T08:00:00Z,50.18
United Kingdom,GBR,2024-08-12T08:00:00Z,2024-08-12T09:00:00Z,37.43
United Kingdom,GBR,2024-08-12T09:00:00Z,2024-08-12T10:00:00Z,27.83
United Kingdom,GBR,2024-08-12T10:00:00Z,2024-08-12T11:00:00Z,23.92
United Kingdom,GBR,2024-08-12T11:00:00Z,2024-08-12T12:00:00Z,28.67
United Kingdom,GBR,2024-08-12T12:00:00Z,2024-08-12T13:00:00Z,39.88
United Kingdom,GBR,2024-08-12T13:00:00Z,2024-08-12T14:00:00Z,51.43
United Kingdom,GBR,2024-08-12T14:00:00Z,2024-08-12T15:00:00Z,57.63
United Kingdom,GBR,2024-08-12T15:00:00Z,2024-08-12T16:00:00Z,92.56
United Kingdom,GBR,2024-08-12T16:00:00Z,2024-08-12T17:00:00Z,93.64
United Kingdom,GBR,2024-08-12T17:00:00Z,2024-08-12T18:00:00Z,115.71
United Kingdom,GBR,2024-08-12T18:00:00Z,2024-08-12T19:00:00Z,121.75
United Kingdom,GBR,2024-08-12T19:00:00Z,2024-08-12T20:00:00Z,125.46
United Kingdom,GBR,2024-08-12T20:00:00Z,2024-08-12T21:00:00Z,112.5
United Kingdom,GBR,2024-08-12T21:00:00Z,2024-08-12T22:00:00Z,97.81
United Kingdom,GBR,2024-08-12T22:00:00Z,2024-08-12T23:00:00Z,98.38
United Kingdom,GBR,2024-08-12T23:00:00Z,2024-08-13T00:00:00Z,83.08
United Kingdom,GBR,2024-08-13T00:00:00Z,2024-08-13T01:00:00Z,72.61
United Kingdom,GBR,2024-08-13T01:00:00Z,2024-08-13T02:00:00Z,68.47
United Kingdom,GBR,2024-08-13T02:00:00Z,2024-08-13T03:00:00Z,68.58
United Kingdom,GBR,2024-08-13T03:00:00Z,2024-08-13T04:00:00Z,75.12
United Kingdom,GBR,2024-08-13T04:00:00Z,2024-08-13T05:00:00Z,87.82
United Kingdom,GBR,2024-08-13T05:00:00Z,2024-08-13T06:00:00Z,105.23
United Kingdom,GBR,2024-08-13T06:00:00Z,2024-08-13T07:00:00Z,112.84
United Kingdom,GBR,2024-08-13T07:00:00Z,2024-08-13T08:00:00Z,101.48
United Kingdom,GBR,2024-08-13T08:00:00Z,2024-08-13T09:00:00Z,82.82
United Kingdom,GBR,2024-08-13T09:00:00Z,2024-08-13T10:00:00Z,63.07
United Kingdom,GBR,2024-08-13T10:00:00Z,2024-08-13T11:00:00Z,51.06
United Kingdom,GBR,2024-08-13T11:00:00Z,2024-08-13T12:00:00Z,43.79
United Kingdom,GBR,2024-08-13T12:00:00Z,2024-08-13T13:00:00Z,44.9
United Kingdom,GBR,2024-08-13T13:00:00Z,2024-08-13T14:00:00Z,53.22
United Kingdom,GBR,2024-08-13T14:00:00Z,2024-08-13T15:00:00Z,77.48
United Kingdom,GBR,2024-08-13T15:00:00Z,2024-08-13T16:00:00Z,93.38
United Kingdom,GBR,2024-08-13T16:00:00Z,2024-08-13T17:00:00Z,98.22
United Kingdom,GBR,2024-08-13T17:00:00Z,2024-08-13T18:00:00Z,111.06
United Kingdom,GBR,2024-08-13T18:00:00Z,2024-08-13T19:00:00Z,114.58
United Kingdom,GBR,2024-08-13T19:00:00Z,2024-08-13T20:00:00Z,118.38
United Kingdom,GBR,2024-08-13T20:00:00Z,2024-08-13T21:00:00Z,110.97
United Kingdom,GBR,2024-08-13T21:00:00Z,2024-08-13T22:00:00Z,98.88
United Kingdom,GBR,2024-08-13T22:00:00Z,2024-08-13T23:00:00Z,93.29
United Kingdom,GBR,2024-08-13T23:00:00Z,2024-08-14T00:00:00Z,79.68
United Kingdom,GBR,2024-08-14T00:00:00Z,2024-08-14T01:00:00Z,78.81
United Kingdom,GBR,2024-08-14T01:00:00Z,2024-08-14T02:00:00Z,77.94
United Kingdom,GBR,2024-08-14T02:00:00Z,2024-08-14T03:00:00Z,80.52
United Kingdom,GBR,2024-08-14T03:00:00Z,2024-08-14T04:00:00Z,86.92
United Kingdom,GBR,2024-08-14T04:00:00Z,2024-08-14T05:00:00Z,92.22
United Kingdom,GBR,2024-08-14T05:00:00Z,2024-08-14T06:00:00Z,106.06
United Kingdom,GBR,2024-08-14T06:00:00Z,2024-08-14T07:00:00Z,116.45
United Kingdom,GBR,2024-08-14T07:00:00Z,2024-08-14T08:00:00Z,111.66
United Kingdom,GBR,2024-08-14T08:00:00Z,2024-08-14T09:00:00Z,106.02
United Kingdom,GBR,2024-08-14T09:00:00Z,2024-08-14T10:00:00Z,99.22
United Kingdom,GBR,2024-08-14T10:00:00Z,2024-08-14T11:00:00Z,98.06
United Kingdom,GBR,2024-08-14T11:00:00Z,2024-08-14T12:00:00Z,89.72
United Kingdom,GBR,2024-08-14T12:00:00Z,2024-08-14T13:00:00Z,79.4
United Kingdom,GBR,2024-08-14T13:00:00Z,2024-08-14T14:00:00Z,78.4
United Kingdom,GBR,2024-08-14T14:00:00Z,2024-08-14T15:00:00Z,78.89
United Kingdom,GBR,2024-08-14T15:00:00Z,2024-08-14T16:00:00Z,80.78
United Kingdom,GBR,2024-08-14T16:00:00Z,2024-08-14T17:00:00Z,97.65
United Kingdom,GBR,2024-08-14T17:00:00Z,2024-08-14T18:00:00Z,111.56
United Kingdom,GBR,2024-08-14T18:00:00Z,2024-08-14T19:00:00Z,112.01
United Kingdom,GBR,2024-08-14T19:00:00Z,2024-08-14T20:00:00Z,111.1
United Kingdom,GBR,2024-08-14T20:00:00Z,2024-08-14T21:00:00Z,101.35
United Kingdom,GBR,2024-08-14T21:00:00Z,2024-08-14T22:00:00Z,88.2
United Kingdom,GBR,2024-08-14T22:00:00Z,2024-08-14T23:00:00Z,87.19
United Kingdom,GBR,2024-08-14T23:00:00Z,2024-08-15T00:00:00Z,66.59
United Kingdom,GBR,2024-08-15T00:00:00Z,2024-08-15T01:00:00Z,62.04
United Kingdom,GBR,2024-08-15T01:00:00Z,2024-08-15T02:00:00Z,50.87
United Kingdom,GBR,2024-08-15T02:00:00Z,2024-08-15T03:00:00Z,45.8
United Kingdom,GBR,2024-08-15T03:00:00Z,2024-08-15T04:00:00Z,44.99
United Kingdom,GBR,2024-08-15T04:00:00Z,2024-08-15T05:00:00Z,45.92
United Kingdom,GBR,2024-08-15T05:00:00Z,2024-08-15T06:00:00Z,60.42
United Kingdom,GBR,2024-08-15T06:00:00Z,2024-08-15T07:00:00Z,78.66
United Kingdom,GBR,2024-08-15T07:00:00Z,2024-08-15T08:00:00Z,77.09
United Kingdom,GBR,2024-08-15T08:00:00Z,2024-08-15T09:00:00Z,63.58
United Kingdom,GBR,2024-08-15T09:00:00Z,2024-08-15T10:00:00Z,47.68
United Kingdom,GBR,2024-08-15T10:00:00Z,2024-08-15T11:00:00Z,35.18
United Kingdom,GBR,2024-08-15T11:00:00Z,2024-08-15T12:00:00Z,26.29
United Kingdom,GBR,2024-08-15T12:00:00Z,2024-08-15T13:00:00Z,15.71
United Kingdom,GBR,2024-08-15T13:00:00Z,2024-08-15T14:00:00Z,22.1
United Kingdom,GBR,2024-08-15T14:00:00Z,2024-08-15T15:00:00Z,33.9
United Kingdom,GBR,2024-08-15T15:00:00Z,2024-08-15T16:00:00Z,49.22
United Kingdom,GBR,2024-08-15T16:00:00Z,2024-08-15T17:00:00Z,88.12
United Kingdom,GBR,2024-08-15T17:00:00Z,2024-08-15T18:00:00Z,96.41
United Kingdom,GBR,2024-08-15T18:00:00Z,2024-08-15T19:00:00Z,105.39
United Kingdom,GBR,2024-08-15T19:00:00Z,2024-08-15T20:00:00Z,113.93
United Kingdom,GBR,2024-08-15T20:00:00Z,2024-08-15T21:00:00Z,110.65
United Kingdom,GBR,2024-08-15T21:00:00Z,2024-08-15T22:00:00Z,92.64
United Kingdom,GBR,2024-08-15T22:00:00Z,2024-08-15T23:00:00Z,78.72
United Kingdom,GBR,2024-08-15T23:00:00Z,2024-08-16T00:00:00Z,72.04
United Kingdom,GBR,2024-08-16T00:00:00Z,2024-08-16T01:00:00Z,65.76
United Kingdom,GBR,2024-08-16T01:00:00Z,2024-08-16T02:00:00Z,59.32
United Kingdom,GBR,2024-08-16T02:00:00Z,2024-08-16T03:00:00Z,55.98
United Kingdom,GBR,2024-08-16T03:00:00Z,2024-08-16T04:00:00Z,61.6
United Kingdom,GBR,2024-08-16T04:00:00Z,2024-08-16T05:00:00Z,77.43
United Kingdom,GBR,2024-08-16T05:00:00Z,2024-08-16T06:00:00Z,93.02
United Kingdom,GBR,2024-08-16T06:00:00Z,2024-08-16T07:00:00Z,109.74
United Kingdom,GBR,2024-08-16T07:00:00Z,2024-08-16T08:00:00Z,102.91
United Kingdom,GBR,2024-08-16T08:00:00Z,2024-08-16T09:00:00Z,88.4
United Kingdom,GBR,2024-08-16T09:00:00Z,2024-08-16T10:00:00Z,77.54
United Kingdom,GBR,2024-08-16T10:00:00Z,2024-08-16T11:00:00Z,61.65
United Kingdom,GBR,2024-08-16T11:00:00Z,2024-08-16T12:00:00Z,44.57
United Kingdom,GBR,2024-08-16T12:00:00Z,2024-08-16T13:00:00Z,36.79
United Kingdom,GBR,2024-08-16T13:00:00Z,2024-08-16T14:00:00Z,42.45
United Kingdom,GBR,2024-08-16T14:00:00Z,2024-08-16T15:00:00Z,53.66
United Kingdom,GBR,2024-08-16T15:00:00Z,2024-08-16T16:00:00Z,67.04
United Kingdom,GBR,2024-08-16T16:00:00Z,2024-08-16T17:00:00Z,86.76
United Kingdom,GBR,2024-08-16T17:00:00Z,2024-08-16T18:00:00Z,99.06
United Kingdom,GBR,2024-08-16T18:00:00Z,2024-08-16T19:00:00Z,109.48
United Kingdom,GBR,2024-08-16T19:00:00Z,2024-08-16T20:00:00Z,109.3
United Kingdom,GBR,2024-08-16T20:00:00Z,2024-08-16T21:00:00Z,105.08
United Kingdom,GBR,2024-08-16T21:00:00Z,2024-08-16T22:00:00Z,85.16
United Kingdom,GBR,2024-08-16T22:00:00Z,2024-08-16T23:00:00Z,93.58
United Kingdom,GBR,2024-08-16T23:00:00Z,2024-08-17T00:00:00Z,82.67
United Kingdom,GBR,2024-08-17T00:00:00Z,2024-08-17T01:00:00Z,81.85
United Kingdom,GBR,2024-08-17T01:00:00Z,2024-08-17T02:00:00Z,77.32
United Kingdom,GBR,2024-08-17T02:00:00Z,2024-08-17T03:00:00Z,76.09
United Kingdom,GBR,2024-08-17T03:00:00Z,2024-08-17T04:00:00Z,76.95
United Kingdom,GBR,2024-08-17T04:00:00Z,2024-08-17T05:00:00Z,83.49
United Kingdom,GBR,2024-08-17T05:00:00Z,2024-08-17T06:00:00Z,89.07
United Kingdom,GBR,2024-08-17T06:00:00Z,2024-08-17T07:00:00Z,93.88
United Kingdom,GBR,2024-08-17T07:00:00Z,2024-08-17T08:00:00Z,79.3
United Kingdom,GBR,2024-08-17T08:00:00Z,2024-08-17T09:00:00Z,65.25
United Kingdom,GBR,2024-08-17T09:00:00Z,2024-08-17T10:00:00Z,52.49
United Kingdom,GBR,2024-08-17T10:00:00Z,2024-08-17T11:00:00Z,46.41
United Kingdom,GBR,2024-08-17T11:00:00Z,2024-08-17T12:00:00Z,38.72
United Kingdom,GBR,2024-08-17T12:00:00Z,2024-08-17T13:00:00Z,38.42
United Kingdom,GBR,2024-08-17T13:00:00Z,2024-08-17T14:00:00Z,40.74
United Kingdom,GBR,2024-08-17T14:00:00Z,2024-08-17T15:00:00Z,50.41
United Kingdom,GBR,2024-08-17T15:00:00Z,2024-08-17T16:00:00Z,70.55
United Kingdom,GBR,2024-08-17T16:00:00Z,2024-08-17T17:00:00Z,87.79
United Kingdom,GBR,2024-08-17T17:00:00Z,2024-08-17T18:00:00Z,96.54
United Kingdom,GBR,2024-08-17T18:00:00Z,2024-08-17T19:00:00Z,109.53
United Kingdom,GBR,2024-08-17T19:00:00Z,2024-08-17T20:00:00Z,112.02
United Kingdom,GBR,2024-08-17T20:00:00Z,2024-08-17T21:00:00Z,113.22
United Kingdom,GBR,2024-08-17T21:00:00Z,2024-08-17T22:00:00Z,96.63
United Kingdom,GBR,2024-08-17T22:00:00Z,2024-08-17T23:00:00Z,97.08
United Kingdom,GBR,2024-08-17T23:00:00Z,2024-08-18T00:00:00Z,80.15
United Kingdom,GBR,2024-08-18T00:00:00Z,2024-08-18T01:00:00Z,73.2
United Kingdom,GBR,2024-08-18T01:00:00Z,2024-08-18T02:00:00Z,64.6
United Kingdom,GBR,2024-08-18T02:00:00Z,2024-08-18T03:00:00Z,58.92
United Kingdom,GBR,2024-08-18T03:00:00Z,2024-08-18T04:00:00Z,56.17
United Kingdom,GBR,2024-08-18T04:00:00Z,2024-08-18T05:00:00Z,56.53
United Kingdom,GBR,2024-08-18T05:00:00Z,2024-08-18T06:00:00Z,55.58
United Kingdom,GBR,2024-08-18T06:00:00Z,2024-08-18T07:00:00Z,56.27
United Kingdom,GBR,2024-08-18T07:00:00Z,2024-08-18T08:00:00Z,46.94
United Kingdom,GBR,2024-08-18T08:00:00Z,2024-08-18T09:00:00Z,31.6
United Kingdom,GBR,2024-08-18T09:00:00Z,2024-08-18T10:00:00Z,26.65
United Kingdom,GBR,2024-08-18T10:00:00Z,2024-08-18T11:00:00Z,17.93
United Kingdom,GBR,2024-08-18T11:00:00Z,2024-08-18T12:00:00Z,7.67
United Kingdom,GBR,2024-08-18T12:00:00Z,2024-08-18T13:00:00Z,5.53
United Kingdom,GBR,2024-08-18T13:00:00Z,2024-08-18T14:00:00Z,5.03
United Kingdom,GBR,2024-08-18T14:00:00Z,2024-08-18T15:00:00Z,8.05
United Kingdom,GBR,2024-08-18T15:00:00Z,2024-08-18T16:00:00Z,44.23
United Kingdom,GBR,2024-08-18T16:00:00Z,2024-08-18T17:00:00Z,78.67
United Kingdom,GBR,2024-08-18T17:00:00Z,2024-08-18T18:00:00Z,98.62
United Kingdom,GBR,2024-08-18T18:00:00Z,2024-08-18T19:00:00Z,104.17
United Kingdom,GBR,2024-08-18T19:00:00Z,2024-08-18T20:00:00Z,107.16
United Kingdom,GBR,2024-08-18T20:00:00Z,2024-08-18T21:00:00Z,111.26
United Kingdom,GBR,2024-08-18T21:00:00Z,2024-08-18T22:00:00Z,97.23
United Kingdom,GBR,2024-08-18T22:00:00Z,2024-08-18T23:00:00Z,101.67
United Kingdom,GBR,2024-08-18T23:00:00Z,2024-08-19T00:00:00Z,94.45
United Kingdom,GBR,2024-08-19T00:00:00Z,2024-08-19T01:00:00Z,93.24
United Kingdom,GBR,2024-08-19T01:00:00Z,2024-08-19T02:00:00Z,89.43
United Kingdom,GBR,2024-08-19T02:00:00Z,2024-08-19T03:00:00Z,87.84
United Kingdom,GBR,2024-08-19T03:00:00Z,2024-08-19T04:00:00Z,88.37
United Kingdom,GBR,2024-08-19T04:00:00Z,2024-08-19T05:00:00Z,98.78
United Kingdom,GBR,2024-08-19T05:00:00Z,2024-08-19T06:00:00Z,108.53
United Kingdom,GBR,2024-08-19T06:00:00Z,2024-08-19T07:00:00Z,115.79
United Kingdom,GBR,2024-08-19T07:00:00Z,2024-08-19T08:00:00Z,107.63
United Kingdom,GBR,2024-08-19T08:00:00Z,2024-08-19T09:00:00Z,97.95
United Kingdom,GBR,2024-08-19T09:00:00Z,2024-08-19T10:00:00Z,87.8
United Kingdom,GBR,2024-08-19T10:00:00Z,2024-08-19T11:00:00Z,78.74
United Kingdom,GBR,2024-08-19T11:00:00Z,2024-08-19T12:00:00Z,71.81
United Kingdom,GBR,2024-08-19T12:00:00Z,2024-08-19T13:00:00Z,66.57
United Kingdom,GBR,2024-08-19T13:00:00Z,2024-08-19T14:00:00Z,64.68
United Kingdom,GBR,2024-08-19T14:00:00Z,2024-08-19T15:00:00Z,81.03
United Kingdom,GBR,2024-08-19T15:00:00Z,2024-08-19T16:00:00Z,87.16
United Kingdom,GBR,2024-08-19T16:00:00Z,2024-08-19T17:00:00Z,91.86
United Kingdom,GBR,2024-08-19T17:00:00Z,2024-08-19T18:00:00Z,109.15
United Kingdom,GBR,2024-08-19T18:00:00Z,2024-08-19T19:00:00Z,111.44
United Kingdom,GBR,2024-08-19T19:00:00Z,2024-08-19T20:00:00Z,109.51
United Kingdom,GBR,2024-08-19T20:00:00Z,2024-08-19T21:00:00Z,99.81
United Kingdom,GBR,2024-08-19T21:00:00Z,2024-08-19T22:00:00Z,86.48
United Kingdom,GBR,2024-08-19T22:00:00Z,2024-08-19T23:00:00Z,61.26
United Kingdom,GBR,2024-08-19T23:00:00Z,2024-08-20T00:00:00Z,49.02
United Kingdom,GBR,2024-08-20T00:00:00Z,2024-08-20T01:00:00Z,46.47
United Kingdom,GBR,2024-08-20T01:00:00Z,2024-08-20T02:00:00Z,43.55
United Kingdom,GBR,2024-08-20T02:00:00Z,2024-08-20T03:00:00Z,42.02
United Kingdom,GBR,2024-08-20T03:00:00Z,2024-08-20T04:00:00Z,42.69
United Kingdom,GBR,2024-08-20T04:00:00Z,2024-08-20T05:00:00Z,55.27
United Kingdom,GBR,2024-08-20T05:00:00Z,2024-08-20T06:00:00Z,89.67
United Kingdom,GBR,2024-08-20T06:00:00Z,2024-08-20T07:00:00Z,100.98
United Kingdom,GBR,2024-08-20T07:00:00Z,2024-08-20T08:00:00Z,100.07
United Kingdom,GBR,2024-08-20T08:00:00Z,2024-08-20T09:00:00Z,83.46
United Kingdom,GBR,2024-08-20T09:00:00Z,2024-08-20T10:00:00Z,63.28
United Kingdom,GBR,2024-08-20T10:00:00Z,2024-08-20T11:00:00Z,53.73
United Kingdom,GBR,2024-08-20T11:00:00Z,2024-08-20T12:00:00Z,39.56
United Kingdom,GBR,2024-08-20T12:00:00Z,2024-08-20T13:00:00Z,32.07
United Kingdom,GBR,2024-08-20T13:00:00Z,2024-08-20T14:00:00Z,30.41
United Kingdom,GBR,2024-08-20T14:00:00Z,2024-08-20T15:00:00Z,39.45
United Kingdom,GBR,2024-08-20T15:00:00Z,2024-08-20T16:00:00Z,53.26
United Kingdom,GBR,2024-08-20T16:00:00Z,2024-08-20T17:00:00Z,78.85
United Kingdom,GBR,2024-08-20T17:00:00Z,2024-08-20T18:00:00Z,101.98
United Kingdom,GBR,2024-08-20T18:00:00Z,2024-08-20T19:00:00Z,112.55
United Kingdom,GBR,2024-08-20T19:00:00Z,2024-08-20T20:00:00Z,110.52
United Kingdom,GBR,2024-08-20T20:00:00Z,2024-08-20T21:00:00Z,96.91
United Kingdom,GBR,2024-08-20T21:00:00Z,2024-08-20T22:00:00Z,72.46
United Kingdom,GBR,2024-08-20T22:00:00Z,2024-08-20T23:00:00Z,42.92
United Kingdom,GBR,2024-08-20T23:00:00Z,2024-08-21T00:00:00Z,25.83
United Kingdom,GBR,2024-08-21T00:00:00Z,2024-08-21T01:00:00Z,20.45
United Kingdom,GBR,2024-08-21T01:00:00Z,2024-08-21T02:00:00Z,9.03
United Kingdom,GBR,2024-08-21T02:00:00Z,2024-08-21T03:00:00Z,7.61
United Kingdom,GBR,2024-08-21T03:00:00Z,2024-08-21T04:00:00Z,14.93
United Kingdom,GBR,2024-08-21T04:00:00Z,2024-08-21T05:00:00Z,40.77
United Kingdom,GBR,2024-08-21T05:00:00Z,2024-08-21T06:00:00Z,72.27
United Kingdom,GBR,2024-08-21T06:00:00Z,2024-08-21T07:00:00Z,80.86
United Kingdom,GBR,2024-08-21T07:00:00Z,2024-08-21T08:00:00Z,55.06
United Kingdom,GBR,2024-08-21T08:00:00Z,2024-08-21T09:00:00Z,27.7
United Kingdom,GBR,2024-08-21T09:00:00Z,2024-08-21T10:00:00Z,9.05
United Kingdom,GBR,2024-08-21T10:00:00Z,2024-08-21T11:00:00Z,1.12
United Kingdom,GBR,2024-08-21T11:00:00Z,2024-08-21T12:00:00Z,-2.44
United Kingdom,GBR,2024-08-21T12:00:00Z,2024-08-21T13:00:00Z,-4.18
United Kingdom,GBR,2024-08-21T13:00:00Z,2024-08-21T14:00:00Z,-2.31
United Kingdom,GBR,2024-08-21T14:00:00Z,2024-08-21T15:00:00Z,3.5
United Kingdom,GBR,2024-08-21T15:00:00Z,2024-08-21T16:00:00Z,27.51
United Kingdom,GBR,2024-08-21T16:00:00Z,2024-08-21T17:00:00Z,72.13
United Kingdom,GBR,2024-08-21T17:00:00Z,2024-08-21T18:00:00Z,94.69
United Kingdom,GBR,2024-08-21T18:00:00Z,2024-08-21T19:00:00Z,103.39
United Kingdom,GBR,2024-08-21T19:00:00Z,2024-08-21T20:00:00Z,98.49
United Kingdom,GBR,2024-08-21T20:00:00Z,2024-08-21T21:00:00Z,89.24
United Kingdom,GBR,2024-08-21T21:00:00Z,2024-08-21T22:00:00Z,64.11
United Kingdom,GBR,2024-08-21T22:00:00Z,2024-08-21T23:00:00Z,28.89
United Kingdom,GBR,2024-08-21T23:00:00Z,2024-08-22T00:00:00Z,7.61
United Kingdom,GBR,2024-08-22T00:00:00Z,2024-08-22T01:00:00Z,2.22
United Kingdom,GBR,2024-08-22T01:00:00Z,2024-08-22T02:00:00Z,-9.12
United Kingdom,GBR,2024-08-22T02:00:00Z,2024-08-22T03:00:00Z,-8.43
United Kingdom,GBR,2024-08-22T03:00:00Z,2024-08-22T04:00:00Z,-4.16
United Kingdom,GBR,2024-08-22T04:00:00Z,2024-08-22T05:00:00Z,8.16
United Kingdom,GBR,2024-08-22T05:00:00Z,2024-08-22T06:00:00Z,29.62
United Kingdom,GBR,2024-08-22T06:00:00Z,2024-08-22T07:00:00Z,43.61
United Kingdom,GBR,2024-08-22T07:00:00Z,2024-08-22T08:00:00Z,40.62
United Kingdom,GBR,2024-08-22T08:00:00Z,2024-08-22T09:00:00Z,10.74
United Kingdom,GBR,2024-08-22T09:00:00Z,2024-08-22T10:00:00Z,0.27
United Kingdom,GBR,2024-08-22T10:00:00Z,2024-08-22T11:00:00Z,-4.41
United Kingdom,GBR,2024-08-22T11:00:00Z,2024-08-22T12:00:00Z,-7.83
United Kingdom,GBR,2024-08-22T12:00:00Z,2024-08-22T13:00:00Z,-8.31
United Kingdom,GBR,2024-08-22T13:00:00Z,2024-08-22T14:00:00Z,-8.48
United Kingdom,GBR,2024-08-22T14:00:00Z,2024-08-22T15:00:00Z,0
United Kingdom,GBR,2024-08-22T15:00:00Z,2024-08-22T16:00:00Z,26.4
United Kingdom,GBR,2024-08-22T16:00:00Z,2024-08-22T17:00:00Z,78.71
United Kingdom,GBR,2024-08-22T17:00:00Z,2024-08-22T18:00:00Z,108.27
United Kingdom,GBR,2024-08-22T18:00:00Z,2024-08-22T19:00:00Z,118.88
United Kingdom,GBR,2024-08-22T19:00:00Z,2024-08-22T20:00:00Z,121.64
United Kingdom,GBR,2024-08-22T20:00:00Z,2024-08-22T21:00:00Z,110.98
United Kingdom,GBR,2024-08-22T21:00:00Z,2024-08-22T22:00:00Z,95.14
United Kingdom,GBR,2024-08-22T22:00:00Z,2024-08-22T23:00:00Z,67.27
United Kingdom,GBR,2024-08-22T23:00:00Z,2024-08-23T00:00:00Z,43.57
United Kingdom,GBR,2024-08-23T00:00:00Z,2024-08-23T01:00:00Z,40.13
United Kingdom,GBR,2024-08-23T01:00:00Z,2024-08-23T02:00:00Z,33.3
United Kingdom,GBR,2024-08-23T02:00:00Z,2024-08-23T03:00:00Z,21.25
United Kingdom,GBR,2024-08-23T03:00:00Z,2024-08-23T04:00:00Z,19.74
United Kingdom,GBR,2024-08-23T04:00:00Z,2024-08-23T05:00:00Z,22.38
United Kingdom,GBR,2024-08-23T05:00:00Z,2024-08-23T06:00:00Z,41.42
United Kingdom,GBR,2024-08-23T06:00:00Z,2024-08-23T07:00:00Z,40.11
United Kingdom,GBR,2024-08-23T07:00:00Z,2024-08-23T08:00:00Z,23.89
United Kingdom,GBR,2024-08-23T08:00:00Z,2024-08-23T09:00:00Z,0.08
United Kingdom,GBR,2024-08-23T09:00:00Z,2024-08-23T10:00:00Z,-2.08
United Kingdom,GBR,2024-08-23T10:00:00Z,2024-08-23T11:00:00Z,-8.08
United Kingdom,GBR,2024-08-23T11:00:00Z,2024-08-23T12:00:00Z,-11.47
United Kingdom,GBR,2024-08-23T12:00:00Z,2024-08-23T13:00:00Z,-14.28
United Kingdom,GBR,2024-08-23T13:00:00Z,2024-08-23T14:00:00Z,-11.83
United Kingdom,GBR,2024-08-23T14:00:00Z,2024-08-23T15:00:00Z,-3.24
United Kingdom,GBR,2024-08-23T15:00:00Z,2024-08-23T16:00:00Z,3.59
United Kingdom,GBR,2024-08-23T16:00:00Z,2024-08-23T17:00:00Z,62.71
United Kingdom,GBR,2024-08-23T17:00:00Z,2024-08-23T18:00:00Z,104.25
United Kingdom,GBR,2024-08-23T18:00:00Z,2024-08-23T19:00:00Z,114.44
United Kingdom,GBR,2024-08-23T19:00:00Z,2024-08-23T20:00:00Z,117.54
United Kingdom,GBR,2024-08-23T20:00:00Z,2024-08-23T21:00:00Z,111.06
United Kingdom,GBR,2024-08-23T21:00:00Z,2024-08-23T22:00:00Z,94.45
United Kingdom,GBR,2024-08-23T22:00:00Z,2024-08-23T23:00:00Z,75.49
United Kingdom,GBR,2024-08-23T23:00:00Z,2024-08-24T00:00:00Z,61.72
United Kingdom,GBR,2024-08-24T00:00:00Z,2024-08-24T01:00:00Z,56.59
United Kingdom,GBR,2024-08-24T01:00:00Z,2024-08-24T02:00:00Z,55.54
United Kingdom,GBR,2024-08-24T02:00:00Z,2024-08-24T03:00:00Z,58.88
United Kingdom,GBR,2024-08-24T03:00:00Z,2024-08-24T04:00:00Z,67.1
United Kingdom,GBR,2024-08-24T04:00:00Z,2024-08-24T05:00:00Z,79.21
United Kingdom,GBR,2024-08-24T05:00:00Z,2024-08-24T06:00:00Z,78.02
United Kingdom,GBR,2024-08-24T06:00:00Z,2024-08-24T07:00:00Z,74.58
United Kingdom,GBR,2024-08-24T07:00:00Z,2024-08-24T08:00:00Z,97.31
United Kingdom,GBR,2024-08-24T08:00:00Z,2024-08-24T09:00:00Z,108.08
United Kingdom,GBR,2024-08-24T09:00:00Z,2024-08-24T10:00:00Z,109.85
United Kingdom,GBR,2024-08-24T10:00:00Z,2024-08-24T11:00:00Z,107.27
United Kingdom,GBR,2024-08-24T11:00:00Z,2024-08-24T12:00:00Z,92.38
United Kingdom,GBR,2024-08-24T12:00:00Z,2024-08-24T13:00:00Z,75.65
United Kingdom,GBR,2024-08-24T13:00:00Z,2024-08-24T14:00:00Z,34.35
United Kingdom,GBR,2024-08-24T14:00:00Z,2024-08-24T15:00:00Z,22.97
United Kingdom,GBR,2024-08-24T15:00:00Z,2024-08-24T16:00:00Z,25.41
United Kingdom,GBR,2024-08-24T16:00:00Z,2024-08-24T17:00:00Z,58.09
United Kingdom,GBR,2024-08-24T17:00:00Z,2024-08-24T18:00:00Z,84.91
United Kingdom,GBR,2024-08-24T18:00:00Z,2024-08-24T19:00:00Z,90.41
United Kingdom,GBR,2024-08-24T19:00:00Z,2024-08-24T20:00:00Z,84.31
United Kingdom,GBR,2024-08-24T20:00:00Z,2024-08-24T21:00:00Z,73.29
United Kingdom,GBR,2024-08-24T21:00:00Z,2024-08-24T22:00:00Z,50.65
United Kingdom,GBR,2024-08-24T22:00:00Z,2024-08-24T23:00:00Z,12.17
United Kingdom,GBR,2024-08-24T23:00:00Z,2024-08-25T00:00:00Z,3.36
United Kingdom,GBR,2024-08-25T00:00:00Z,2024-08-25T01:00:00Z,0.04
United Kingdom,GBR,2024-08-25T01:00:00Z,2024-08-25T02:00:00Z,-2.71
United Kingdom,GBR,2024-08-25T02:00:00Z,2024-08-25T03:00:00Z,-3.72
United Kingdom,GBR,2024-08-25T03:00:00Z,2024-08-25T04:00:00Z,-3.58
United Kingdom,GBR,2024-08-25T04:00:00Z,2024-08-25T05:00:00Z,-2.49
United Kingdom,GBR,2024-08-25T05:00:00Z,2024-08-25T06:00:00Z,-2.79
United Kingdom,GBR,2024-08-25T06:00:00Z,2024-08-25T07:00:00Z,-0.48
United Kingdom,GBR,2024-08-25T07:00:00Z,2024-08-25T08:00:00Z,-1.77
United Kingdom,GBR,2024-08-25T08:00:00Z,2024-08-25T09:00:00Z,-5.22
United Kingdom,GBR,2024-08-25T09:00:00Z,2024-08-25T10:00:00Z,-10.3
United Kingdom,GBR,2024-08-25T10:00:00Z,2024-08-25T11:00:00Z,-11.42
United Kingdom,GBR,2024-08-25T11:00:00Z,2024-08-25T12:00:00Z,-13.15
United Kingdom,GBR,2024-08-25T12:00:00Z,2024-08-25T13:00:00Z,-16.1
United Kingdom,GBR,2024-08-25T13:00:00Z,2024-08-25T14:00:00Z,-12.9
United Kingdom,GBR,2024-08-25T14:00:00Z,2024-08-25T15:00:00Z,-7.87
United Kingdom,GBR,2024-08-25T15:00:00Z,2024-08-25T16:00:00Z,-0.07
United Kingdom,GBR,2024-08-25T16:00:00Z,2024-08-25T17:00:00Z,42.03
United Kingdom,GBR,2024-08-25T17:00:00Z,2024-08-25T18:00:00Z,78.05
United Kingdom,GBR,2024-08-25T18:00:00Z,2024-08-25T19:00:00Z,94.39
United Kingdom,GBR,2024-08-25T19:00:00Z,2024-08-25T20:00:00Z,96.18
United Kingdom,GBR,2024-08-25T20:00:00Z,2024-08-25T21:00:00Z,91.55
United Kingdom,GBR,2024-08-25T21:00:00Z,2024-08-25T22:00:00Z,75.25
United Kingdom,GBR,2024-08-25T22:00:00Z,2024-08-25T23:00:00Z,48.25
United Kingdom,GBR,2024-08-25T23:00:00Z,2024-08-26T00:00:00Z,34.07
United Kingdom,GBR,2024-08-26T00:00:00Z,2024-08-26T01:00:00Z,28.19
United Kingdom,GBR,2024-08-26T01:00:00Z,2024-08-26T02:00:00Z,24.58
United Kingdom,GBR,2024-08-26T02:00:00Z,2024-08-26T03:00:00Z,25.09
United Kingdom,GBR,2024-08-26T03:00:00Z,2024-08-26T04:00:00Z,26.6
United Kingdom,GBR,2024-08-26T04:00:00Z,2024-08-26T05:00:00Z,42.56
United Kingdom,GBR,2024-08-26T05:00:00Z,2024-08-26T06:00:00Z,57.24
United Kingdom,GBR,2024-08-26T06:00:00Z,2024-08-26T07:00:00Z,72.73
United Kingdom,GBR,2024-08-26T07:00:00Z,2024-08-26T08:00:00Z,74.85
United Kingdom,GBR,2024-08-26T08:00:00Z,2024-08-26T09:00:00Z,59.16
United Kingdom,GBR,2024-08-26T09:00:00Z,2024-08-26T10:00:00Z,49.41
United Kingdom,GBR,2024-08-26T10:00:00Z,2024-08-26T11:00:00Z,44.27
United Kingdom,GBR,2024-08-26T11:00:00Z,2024-08-26T12:00:00Z,42.42
United Kingdom,GBR,2024-08-26T12:00:00Z,2024-08-26T13:00:00Z,49.26
United Kingdom,GBR,2024-08-26T13:00:00Z,2024-08-26T14:00:00Z,57.4
United Kingdom,GBR,2024-08-26T14:00:00Z,2024-08-26T15:00:00Z,67.29
United Kingdom,GBR,2024-08-26T15:00:00Z,2024-08-26T16:00:00Z,87.47
United Kingdom,GBR,2024-08-26T16:00:00Z,2024-08-26T17:00:00Z,103.31
United Kingdom,GBR,2024-08-26T17:00:00Z,2024-08-26T18:00:00Z,118.5
United Kingdom,GBR,2024-08-26T18:00:00Z,2024-08-26T19:00:00Z,123.1
United Kingdom,GBR,2024-08-26T19:00:00Z,2024-08-26T20:00:00Z,121.76
United Kingdom,GBR,2024-08-26T20:00:00Z,2024-08-26T21:00:00Z,104.06
United Kingdom,GBR,2024-08-26T21:00:00Z,2024-08-26T22:00:00Z,88.78
United Kingdom,GBR,2024-08-26T22:00:00Z,2024-08-26T23:00:00Z,97.41
United Kingdom,GBR,2024-08-26T23:00:00Z,2024-08-27T00:00:00Z,76.64
United Kingdom,GBR,2024-08-27T00:00:00Z,2024-08-27T01:00:00Z,61.76
United Kingdom,GBR,2024-08-27T01:00:00Z,2024-08-27T02:00:00Z,46.2
United Kingdom,GBR,2024-08-27T02:00:00Z,2024-08-27T03:00:00Z,39.4
United Kingdom,GBR,2024-08-27T03:00:00Z,2024-08-27T04:00:00Z,36.23
United Kingdom,GBR,2024-08-27T04:00:00Z,2024-08-27T05:00:00Z,46.71
United Kingdom,GBR,2024-08-27T05:00:00Z,2024-08-27T06:00:00Z,66.84
United Kingdom,GBR,2024-08-27T06:00:00Z,2024-08-27T07:00:00Z,89.69
United Kingdom,GBR,2024-08-27T07:00:00Z,2024-08-27T08:00:00Z,83.08
United Kingdom,GBR,2024-08-27T08:00:00Z,2024-08-27T09:00:00Z,66.83
United Kingdom,GBR,2024-08-27T09:00:00Z,2024-08-27T10:00:00Z,45.18
United Kingdom,GBR,2024-08-27T10:00:00Z,2024-08-27T11:00:00Z,33.62
United Kingdom,GBR,2024-08-27T11:00:00Z,2024-08-27T12:00:00Z,25.18
United Kingdom,GBR,2024-08-27T12:00:00Z,2024-08-27T13:00:00Z,27.77
United Kingdom,GBR,2024-08-27T13:00:00Z,2024-08-27T14:00:00Z,40.12
United Kingdom,GBR,2024-08-27T14:00:00Z,2024-08-27T15:00:00Z,51.45
United Kingdom,GBR,2024-08-27T15:00:00Z,2024-08-27T16:00:00Z,86.72
United Kingdom,GBR,2024-08-27T16:00:00Z,2024-08-27T17:00:00Z,103.63
United Kingdom,GBR,2024-08-27T17:00:00Z,2024-08-27T18:00:00Z,117.72
United Kingdom,GBR,2024-08-27T18:00:00Z,2024-08-27T19:00:00Z,118.02
United Kingdom,GBR,2024-08-27T19:00:00Z,2024-08-27T20:00:00Z,121.47
United Kingdom,GBR,2024-08-27T20:00:00Z,2024-08-27T21:00:00Z,103.43
United Kingdom,GBR,2024-08-27T21:00:00Z,2024-08-27T22:00:00Z,91.44
United Kingdom,GBR,2024-08-27T22:00:00Z,2024-08-27T23:00:00Z,94.05
United Kingdom,GBR,2024-08-27T23:00:00Z,2024-08-28T00:00:00Z,88.83
United Kingdom,GBR,2024-08-28T00:00:00Z,2024-08-28T01:00:00Z,87.03
United Kingdom,GBR,2024-08-28T01:00:00Z,2024-08-28T02:00:00Z,86.9
United Kingdom,GBR,2024-08-28T02:00:00Z,2024-08-28T03:00:00Z,84.75
United Kingdom,GBR,2024-08-28T03:00:00Z,2024-08-28T04:00:00Z,90.03
United Kingdom,GBR,2024-08-28T04:00:00Z,2024-08-28T05:00:00Z,104.22
United Kingdom,GBR,2024-08-28T05:00:00Z,2024-08-28T06:00:00Z,118.55
United Kingdom,GBR,2024-08-28T06:00:00Z,2024-08-28T07:00:00Z,120.51
United Kingdom,GBR,2024-08-28T07:00:00Z,2024-08-28T08:00:00Z,106.69
United Kingdom,GBR,2024-08-28T08:00:00Z,2024-08-28T09:00:00Z,96.92
United Kingdom,GBR,2024-08-28T09:00:00Z,2024-08-28T10:00:00Z,91.25
United Kingdom,GBR,2024-08-28T10:00:00Z,2024-08-28T11:00:00Z,84.55
United Kingdom,GBR,2024-08-28T11:00:00Z,2024-08-28T12:00:00Z,86.6
United Kingdom,GBR,2024-08-28T12:00:00Z,2024-08-28T13:00:00Z,79.99
United Kingdom,GBR,2024-08-28T13:00:00Z,2024-08-28T14:00:00Z,73.96
United Kingdom,GBR,2024-08-28T14:00:00Z,2024-08-28T15:00:00Z,83.69
United Kingdom,GBR,2024-08-28T15:00:00Z,2024-08-28T16:00:00Z,91.74
United Kingdom,GBR,2024-08-28T16:00:00Z,2024-08-28T17:00:00Z,110.59
United Kingdom,GBR,2024-08-28T17:00:00Z,2024-08-28T18:00:00Z,128.03
United Kingdom,GBR,2024-08-28T18:00:00Z,2024-08-28T19:00:00Z,132.48
United Kingdom,GBR,2024-08-28T19:00:00Z,2024-08-28T20:00:00Z,125.42
United Kingdom,GBR,2024-08-28T20:00:00Z,2024-08-28T21:00:00Z,110.7
United Kingdom,GBR,2024-08-28T21:00:00Z,2024-08-28T22:00:00Z,98.08
United Kingdom,GBR,2024-08-28T22:00:00Z,2024-08-28T23:00:00Z,99.9
United Kingdom,GBR,2024-08-28T23:00:00Z,2024-08-29T00:00:00Z,96.44
United Kingdom,GBR,2024-08-29T00:00:00Z,2024-08-29T01:00:00Z,92.01
United Kingdom,GBR,2024-08-29T01:00:00Z,2024-08-29T02:00:00Z,89.56
United Kingdom,GBR,2024-08-29T02:00:00Z,2024-08-29T03:00:00Z,87.65
United Kingdom,GBR,2024-08-29T03:00:00Z,2024-08-29T04:00:00Z,96.73
United Kingdom,GBR,2024-08-29T04:00:00Z,2024-08-29T05:00:00Z,107.59
United Kingdom,GBR,2024-08-29T05:00:00Z,2024-08-29T06:00:00Z,125.49
United Kingdom,GBR,2024-08-29T06:00:00Z,2024-08-29T07:00:00Z,125.71
United Kingdom,GBR,2024-08-29T07:00:00Z,2024-08-29T08:00:00Z,114.24
United Kingdom,GBR,2024-08-29T08:00:00Z,2024-08-29T09:00:00Z,103.53
United Kingdom,GBR,2024-08-29T09:00:00Z,2024-08-29T10:00:00Z,90.8
United Kingdom,GBR,2024-08-29T10:00:00Z,2024-08-29T11:00:00Z,79.23
United Kingdom,GBR,2024-08-29T11:00:00Z,2024-08-29T12:00:00Z,60.48
United Kingdom,GBR,2024-08-29T12:00:00Z,2024-08-29T13:00:00Z,57.84
United Kingdom,GBR,2024-08-29T13:00:00Z,2024-08-29T14:00:00Z,78.75
United Kingdom,GBR,2024-08-29T14:00:00Z,2024-08-29T15:00:00Z,92.13
United Kingdom,GBR,2024-08-29T15:00:00Z,2024-08-29T16:00:00Z,102.68
United Kingdom,GBR,2024-08-29T16:00:00Z,2024-08-29T17:00:00Z,110.25
United Kingdom,GBR,2024-08-29T17:00:00Z,2024-08-29T18:00:00Z,126.83
United Kingdom,GBR,2024-08-29T18:00:00Z,2024-08-29T19:00:00Z,130.09
United Kingdom,GBR,2024-08-29T19:00:00Z,2024-08-29T20:00:00Z,131.47
United Kingdom,GBR,2024-08-29T20:00:00Z,2024-08-29T21:00:00Z,116.21
United Kingdom,GBR,2024-08-29T21:00:00Z,2024-08-29T22:00:00Z,105.19
United Kingdom,GBR,2024-08-29T22:00:00Z,2024-08-29T23:00:00Z,105.36
United Kingdom,GBR,2024-08-29T23:00:00Z,2024-08-30T00:00:00Z,99
United Kingdom,GBR,2024-08-30T00:00:00Z,2024-08-30T01:00:00Z,93.51
United Kingdom,GBR,2024-08-30T01:00:00Z,2024-08-30T02:00:00Z,89.96
United Kingdom,GBR,2024-08-30T02:00:00Z,2024-08-30T03:00:00Z,88.07
United Kingdom,GBR,2024-08-30T03:00:00Z,2024-08-30T04:00:00Z,91.51
United Kingdom,GBR,2024-08-30T04:00:00Z,2024-08-30T05:00:00Z,104.24
United Kingdom,GBR,2024-08-30T05:00:00Z,2024-08-30T06:00:00Z,124.5
United Kingdom,GBR,2024-08-30T06:00:00Z,2024-08-30T07:00:00Z,135.55
United Kingdom,GBR,2024-08-30T07:00:00Z,2024-08-30T08:00:00Z,125.32
United Kingdom,GBR,2024-08-30T08:00:00Z,2024-08-30T09:00:00Z,108.64
United Kingdom,GBR,2024-08-30T09:00:00Z,2024-08-30T10:00:00Z,94.61
United Kingdom,GBR,2024-08-30T10:00:00Z,2024-08-30T11:00:00Z,90.35
United Kingdom,GBR,2024-08-30T11:00:00Z,2024-08-30T12:00:00Z,83.23
United Kingdom,GBR,2024-08-30T12:00:00Z,2024-08-30T13:00:00Z,84.34
United Kingdom,GBR,2024-08-30T13:00:00Z,2024-08-30T14:00:00Z,92.05
United Kingdom,GBR,2024-08-30T14:00:00Z,2024-08-30T15:00:00Z,98.27
United Kingdom,GBR,2024-08-30T15:00:00Z,2024-08-30T16:00:00Z,108.27
United Kingdom,GBR,2024-08-30T16:00:00Z,2024-08-30T17:00:00Z,120.4
United Kingdom,GBR,2024-08-30T17:00:00Z,2024-08-30T18:00:00Z,136.05
United Kingdom,GBR,2024-08-30T18:00:00Z,2024-08-30T19:00:00Z,135.86
United Kingdom,GBR,2024-08-30T19:00:00Z,2024-08-30T20:00:00Z,128.43
United Kingdom,GBR,2024-08-30T20:00:00Z,2024-08-30T21:00:00Z,113.79
United Kingdom,GBR,2024-08-30T21:00:00Z,2024-08-30T22:00:00Z,105.04
United Kingdom,GBR,2024-08-30T22:00:00Z,2024-08-30T23:00:00Z,109
United Kingdom,GBR,2024-08-30T23:00:00Z,2024-08-31T00:00:00Z,104.08
United Kingdom,GBR,2024-08-31T00:00:00Z,2024-08-31T01:00:00Z,101.57
United Kingdom,GBR,2024-08-31T01:00:00Z,2024-08-31T02:00:00Z,104.85
United Kingdom,GBR,2024-08-31T02:00:00Z,2024-08-31T03:00:00Z,102.33
United Kingdom,GBR,2024-08-31T03:00:00Z,2024-08-31T04:00:00Z,98.03
United Kingdom,GBR,2024-08-31T04:00:00Z,2024-08-31T05:00:00Z,98.04
United Kingdom,GBR,2024-08-31T05:00:00Z,2024-08-31T06:00:00Z,101.87
United Kingdom,GBR,2024-08-31T06:00:00Z,2024-08-31T07:00:00Z,104.81
United Kingdom,GBR,2024-08-31T07:00:00Z,2024-08-31T08:00:00Z,97.53
United Kingdom,GBR,2024-08-31T08:00:00Z,2024-08-31T09:00:00Z,93.75
United Kingdom,GBR,2024-08-31T09:00:00Z,2024-08-31T10:00:00Z,69.83
United Kingdom,GBR,2024-08-31T10:00:00Z,2024-08-31T11:00:00Z,49.86
United Kingdom,GBR,2024-08-31T11:00:00Z,2024-08-31T12:00:00Z,30.63
United Kingdom,GBR,2024-08-31T12:00:00Z,2024-08-31T13:00:00Z,19.98
United Kingdom,GBR,2024-08-31T13:00:00Z,2024-08-31T14:00:00Z,15.26
United Kingdom,GBR,2024-08-31T14:00:00Z,2024-08-31T15:00:00Z,30.14
United Kingdom,GBR,2024-08-31T15:00:00Z,2024-08-31T16:00:00Z,65.12
United Kingdom,GBR,2024-08-31T16:00:00Z,2024-08-31T17:00:00Z,109.5
United Kingdom,GBR,2024-08-31T17:00:00Z,2024-08-31T18:00:00Z,126.7
United Kingdom,GBR,2024-08-31T18:00:00Z,2024-08-31T19:00:00Z,124.89
United Kingdom,GBR,2024-08-31T19:00:00Z,2024-08-31T20:00:00Z,109.62
United Kingdom,GBR,2024-08-31T20:00:00Z,2024-08-31T21:00:00Z,99.04
United Kingdom,GBR,2024-08-31T21:00:00Z,2024-08-31T22:00:00Z,86.03
United Kingdom,GBR,2024-08-31T22:00:00Z,2024-08-31T23:00:00Z,85.4
United Kingdom,GBR,2024-08-31T23:00:00Z,2024-09-01T00:00:00Z,75.69
United Kingdom,GBR,2024-09-01T00:00:00Z,2024-09-01T01:00:00Z,69.03
United Kingdom,GBR,2024-09-01T01:00:00Z,2024-09-01T02:00:00Z,58.26
United Kingdom,GBR,2024-09-01T02:00:00Z,2024-09-01T03:00:00Z,55.48
United Kingdom,GBR,2024-09-01T03:00:00Z,2024-09-01T04:00:00Z,50.56
United Kingdom,GBR,2024-09-01T04:00:00Z,2024-09-01T05:00:00Z,51.44
United Kingdom,GBR,2024-09-01T05:00:00Z,2024-09-01T06:00:00Z,54.14
United Kingdom,GBR,2024-09-01T06:00:00Z,2024-09-01T07:00:00Z,49.82
United Kingdom,GBR,2024-09-01T07:00:00Z,2024-09-01T08:00:00Z,39.36
United Kingdom,GBR,2024-09-01T08:00:00Z,2024-09-01T09:00:00Z,26.12
United Kingdom,GBR,2024-09-01T09:00:00Z,2024-09-01T10:00:00Z,26.62
United Kingdom,GBR,2024-09-01T10:00:00Z,2024-09-01T11:00:00Z,20.26
United Kingdom,GBR,2024-09-01T11:00:00Z,2024-09-01T12:00:00Z,26.56
United Kingdom,GBR,2024-09-01T12:00:00Z,2024-09-01T13:00:00Z,21.86
United Kingdom,GBR,2024-09-01T13:00:00Z,2024-09-01T14:00:00Z,26.28
United Kingdom,GBR,2024-09-01T14:00:00Z,2024-09-01T15:00:00Z,29.34
United Kingdom,GBR,2024-09-01T15:00:00Z,2024-09-01T16:00:00Z,75.1
United Kingdom,GBR,2024-09-01T16:00:00Z,2024-09-01T17:00:00Z,106.25
United Kingdom,GBR,2024-09-01T17:00:00Z,2024-09-01T18:00:00Z,121.45
United Kingdom,GBR,2024-09-01T18:00:00Z,2024-09-01T19:00:00Z,127.16
United Kingdom,GBR,2024-09-01T19:00:00Z,2024-09-01T20:00:00Z,121.09
United Kingdom,GBR,2024-09-01T20:00:00Z,2024-09-01T21:00:00Z,113.33
United Kingdom,GBR,2024-09-01T21:00:00Z,2024-09-01T22:00:00Z,100.92
United Kingdom,GBR,2024-09-01T22:00:00Z,2024-09-01T23:00:00Z,94.76
United Kingdom,GBR,2024-09-01T23:00:00Z,2024-09-02T00:00:00Z,95.92
United Kingdom,GBR,2024-09-02T00:00:00Z,2024-09-02T01:00:00Z,93.05
United Kingdom,GBR,2024-09-02T01:00:00Z,2024-09-02T02:00:00Z,91.02
United Kingdom,GBR,2024-09-02T02:00:00Z,2024-09-02T03:00:00Z,90.94
United Kingdom,GBR,2024-09-02T03:00:00Z,2024-09-02T04:00:00Z,95.16
United Kingdom,GBR,2024-09-02T04:00:00Z,2024-09-02T05:00:00Z,104.96
United Kingdom,GBR,2024-09-02T05:00:00Z,2024-09-02T06:00:00Z,119.07
United Kingdom,GBR,2024-09-02T06:00:00Z,2024-09-02T07:00:00Z,129.34
United Kingdom,GBR,2024-09-02T07:00:00Z,2024-09-02T08:00:00Z,121.18
United Kingdom,GBR,2024-09-02T08:00:00Z,2024-09-02T09:00:00Z,114
United Kingdom,GBR,2024-09-02T09:00:00Z,2024-09-02T10:00:00Z,108.32
United Kingdom,GBR,2024-09-02T10:00:00Z,2024-09-02T11:00:00Z,102.92
United Kingdom,GBR,2024-09-02T11:00:00Z,2024-09-02T12:00:00Z,94.59
United Kingdom,GBR,2024-09-02T12:00:00Z,2024-09-02T13:00:00Z,88.86
United Kingdom,GBR,2024-09-02T13:00:00Z,2024-09-02T14:00:00Z,89.68
United Kingdom,GBR,2024-09-02T14:00:00Z,2024-09-02T15:00:00Z,100.45
United Kingdom,GBR,2024-09-02T15:00:00Z,2024-09-02T16:00:00Z,109.88
United Kingdom,GBR,2024-09-02T16:00:00Z,2024-09-02T17:00:00Z,125.92
United Kingdom,GBR,2024-09-02T17:00:00Z,2024-09-02T18:00:00Z,141.29
United Kingdom,GBR,2024-09-02T18:00:00Z,2024-09-02T19:00:00Z,141.27
United Kingdom,GBR,2024-09-02T19:00:00Z,2024-09-02T20:00:00Z,125.08
United Kingdom,GBR,2024-09-02T20:00:00Z,2024-09-02T21:00:00Z,105.16
United Kingdom,GBR,2024-09-02T21:00:00Z,2024-09-02T22:00:00Z,102.5
United Kingdom,GBR,2024-09-02T22:00:00Z,2024-09-02T23:00:00Z,99.62
United Kingdom,GBR,2024-09-02T23:00:00Z,2024-09-03T00:00:00Z,92.06
United Kingdom,GBR,2024-09-03T00:00:00Z,2024-09-03T01:00:00Z,91.03
United Kingdom,GBR,2024-09-03T01:00:00Z,2024-09-03T02:00:00Z,92.72
United Kingdom,GBR,2024-09-03T02:00:00Z,2024-09-03T03:00:00Z,91.79
United Kingdom,GBR,2024-09-03T03:00:00Z,2024-09-03T04:00:00Z,98.9
United Kingdom,GBR,2024-09-03T04:00:00Z,2024-09-03T05:00:00Z,111.69
United Kingdom,GBR,2024-09-03T05:00:00Z,2024-09-03T06:00:00Z,131.34
United Kingdom,GBR,2024-09-03T06:00:00Z,2024-09-03T07:00:00Z,139.22
United Kingdom,GBR,2024-09-03T07:00:00Z,2024-09-03T08:00:00Z,125.78
United Kingdom,GBR,2024-09-03T08:00:00Z,2024-09-03T09:00:00Z,115.94
United Kingdom,GBR,2024-09-03T09:00:00Z,2024-09-03T10:00:00Z,105.14
United Kingdom,GBR,2024-09-03T10:00:00Z,2024-09-03T11:00:00Z,95.34
United Kingdom,GBR,2024-09-03T11:00:00Z,2024-09-03T12:00:00Z,90.95
United Kingdom,GBR,2024-09-03T12:00:00Z,2024-09-03T13:00:00Z,89.57
United Kingdom,GBR,2024-09-03T13:00:00Z,2024-09-03T14:00:00Z,94.33
United Kingdom,GBR,2024-09-03T14:00:00Z,2024-09-03T15:00:00Z,96.32
United Kingdom,GBR,2024-09-03T15:00:00Z,2024-09-03T16:00:00Z,109.63
United Kingdom,GBR,2024-09-03T16:00:00Z,2024-09-03T17:00:00Z,130.25
United Kingdom,GBR,2024-09-03T17:00:00Z,2024-09-03T18:00:00Z,146.66
United Kingdom,GBR,2024-09-03T18:00:00Z,2024-09-03T19:00:00Z,147.91
United Kingdom,GBR,2024-09-03T19:00:00Z,2024-09-03T20:00:00Z,145.72
United Kingdom,GBR,2024-09-03T20:00:00Z,2024-09-03T21:00:00Z,127.48
United Kingdom,GBR,2024-09-03T21:00:00Z,2024-09-03T22:00:00Z,108.82
United Kingdom,GBR,2024-09-03T22:00:00Z,2024-09-03T23:00:00Z,106.9
United Kingdom,GBR,2024-09-03T23:00:00Z,2024-09-04T00:00:00Z,100.75
United Kingdom,GBR,2024-09-04T00:00:00Z,2024-09-04T01:00:00Z,96.01
United Kingdom,GBR,2024-09-04T01:00:00Z,2024-09-04T02:00:00Z,93.18
United Kingdom,GBR,2024-09-04T02:00:00Z,2024-09-04T03:00:00Z,91.54
United Kingdom,GBR,2024-09-04T03:00:00Z,2024-09-04T04:00:00Z,93.5
United Kingdom,GBR,2024-09-04T04:00:00Z,2024-09-04T05:00:00Z,106.32
United Kingdom,GBR,2024-09-04T05:00:00Z,2024-09-04T06:00:00Z,119.25
United Kingdom,GBR,2024-09-04T06:00:00Z,2024-09-04T07:00:00Z,133.71
United Kingdom,GBR,2024-09-04T07:00:00Z,2024-09-04T08:00:00Z,124.81
United Kingdom,GBR,2024-09-04T08:00:00Z,2024-09-04T09:00:00Z,113.09
United Kingdom,GBR,2024-09-04T09:00:00Z,2024-09-04T10:00:00Z,103.94
United Kingdom,GBR,2024-09-04T10:00:00Z,2024-09-04T11:00:00Z,98.53
United Kingdom,GBR,2024-09-04T11:00:00Z,2024-09-04T12:00:00Z,93.51
United Kingdom,GBR,2024-09-04T12:00:00Z,2024-09-04T13:00:00Z,94.42
United Kingdom,GBR,2024-09-04T13:00:00Z,2024-09-04T14:00:00Z,96.68
United Kingdom,GBR,2024-09-04T14:00:00Z,2024-09-04T15:00:00Z,100.92
United Kingdom,GBR,2024-09-04T15:00:00Z,2024-09-04T16:00:00Z,109.71
United Kingdom,GBR,2024-09-04T16:00:00Z,2024-09-04T17:00:00Z,130.21
United Kingdom,GBR,2024-09-04T17:00:00Z,2024-09-04T18:00:00Z,143.41
United Kingdom,GBR,2024-09-04T18:00:00Z,2024-09-04T19:00:00Z,137.58
United Kingdom,GBR,2024-09-04T19:00:00Z,2024-09-04T20:00:00Z,129.83
United Kingdom,GBR,2024-09-04T20:00:00Z,2024-09-04T21:00:00Z,111.21
United Kingdom,GBR,2024-09-04T21:00:00Z,2024-09-04T22:00:00Z,102.99
United Kingdom,GBR,2024-09-04T22:00:00Z,2024-09-04T23:00:00Z,101.29
United Kingdom,GBR,2024-09-04T23:00:00Z,2024-09-05T00:00:00Z,96.63
United Kingdom,GBR,2024-09-05T00:00:00Z,2024-09-05T01:00:00Z,91.28
United Kingdom,GBR,2024-09-05T01:00:00Z,2024-09-05T02:00:00Z,86.52
United Kingdom,GBR,2024-09-05T02:00:00Z,2024-09-05T03:00:00Z,79.21
United Kingdom,GBR,2024-09-05T03:00:00Z,2024-09-05T04:00:00Z,80.62
United Kingdom,GBR,2024-09-05T04:00:00Z,2024-09-05T05:00:00Z,88.87
United Kingdom,GBR,2024-09-05T05:00:00Z,2024-09-05T06:00:00Z,110.01
United Kingdom,GBR,2024-09-05T06:00:00Z,2024-09-05T07:00:00Z,114.06
United Kingdom,GBR,2024-09-05T07:00:00Z,2024-09-05T08:00:00Z,105.91
United Kingdom,GBR,2024-09-05T08:00:00Z,2024-09-05T09:00:00Z,102.17
United Kingdom,GBR,2024-09-05T09:00:00Z,2024-09-05T10:00:00Z,94.77
United Kingdom,GBR,2024-09-05T10:00:00Z,2024-09-05T11:00:00Z,96.07
United Kingdom,GBR,2024-09-05T11:00:00Z,2024-09-05T12:00:00Z,96.85
United Kingdom,GBR,2024-09-05T12:00:00Z,2024-09-05T13:00:00Z,87.62
United Kingdom,GBR,2024-09-05T13:00:00Z,2024-09-05T14:00:00Z,74.27
United Kingdom,GBR,2024-09-05T14:00:00Z,2024-09-05T15:00:00Z,72.87
United Kingdom,GBR,2024-09-05T15:00:00Z,2024-09-05T16:00:00Z,81.3
United Kingdom,GBR,2024-09-05T16:00:00Z,2024-09-05T17:00:00Z,101.5
United Kingdom,GBR,2024-09-05T17:00:00Z,2024-09-05T18:00:00Z,117.01
United Kingdom,GBR,2024-09-05T18:00:00Z,2024-09-05T19:00:00Z,117.45
United Kingdom,GBR,2024-09-05T19:00:00Z,2024-09-05T20:00:00Z,107.2
United Kingdom,GBR,2024-09-05T20:00:00Z,2024-09-05T21:00:00Z,93.62
United Kingdom,GBR,2024-09-05T21:00:00Z,2024-09-05T22:00:00Z,83.04
United Kingdom,GBR,2024-09-05T22:00:00Z,2024-09-05T23:00:00Z,71.56
United Kingdom,GBR,2024-09-05T23:00:00Z,2024-09-06T00:00:00Z,64.92
United Kingdom,GBR,2024-09-06T00:00:00Z,2024-09-06T01:00:00Z,61.2
United Kingdom,GBR,2024-09-06T01:00:00Z,2024-09-06T02:00:00Z,60.7
United Kingdom,GBR,2024-09-06T02:00:00Z,2024-09-06T03:00:00Z,57.44
United Kingdom,GBR,2024-09-06T03:00:00Z,2024-09-06T04:00:00Z,62.18
United Kingdom,GBR,2024-09-06T04:00:00Z,2024-09-06T05:00:00Z,74.85
United Kingdom,GBR,2024-09-06T05:00:00Z,2024-09-06T06:00:00Z,99.82
United Kingdom,GBR,2024-09-06T06:00:00Z,2024-09-06T07:00:00Z,107.6
United Kingdom,GBR,2024-09-06T07:00:00Z,2024-09-06T08:00:00Z,97.45
United Kingdom,GBR,2024-09-06T08:00:00Z,2024-09-06T09:00:00Z,98.22
United Kingdom,GBR,2024-09-06T09:00:00Z,2024-09-06T10:00:00Z,90.66
United Kingdom,GBR,2024-09-06T10:00:00Z,2024-09-06T11:00:00Z,89.35
United Kingdom,GBR,2024-09-06T11:00:00Z,2024-09-06T12:00:00Z,90.87
United Kingdom,GBR,2024-09-06T12:00:00Z,2024-09-06T13:00:00Z,90.31
United Kingdom,GBR,2024-09-06T13:00:00Z,2024-09-06T14:00:00Z,85.62
United Kingdom,GBR,2024-09-06T14:00:00Z,2024-09-06T15:00:00Z,82.31
United Kingdom,GBR,2024-09-06T15:00:00Z,2024-09-06T16:00:00Z,92.36
United Kingdom,GBR,2024-09-06T16:00:00Z,2024-09-06T17:00:00Z,101.97
United Kingdom,GBR,2024-09-06T17:00:00Z,2024-09-06T18:00:00Z,113.69
United Kingdom,GBR,2024-09-06T18:00:00Z,2024-09-06T19:00:00Z,120.37
United Kingdom,GBR,2024-09-06T19:00:00Z,2024-09-06T20:00:00Z,114.2
United Kingdom,GBR,2024-09-06T20:00:00Z,2024-09-06T21:00:00Z,105.53
United Kingdom,GBR,2024-09-06T21:00:00Z,2024-09-06T22:00:00Z,94.59
United Kingdom,GBR,2024-09-06T22:00:00Z,2024-09-06T23:00:00Z,109.24
United Kingdom,GBR,2024-09-06T23:00:00Z,2024-09-07T00:00:00Z,99.8
United Kingdom,GBR,2024-09-07T00:00:00Z,2024-09-07T01:00:00Z,95.41
United Kingdom,GBR,2024-09-07T01:00:00Z,2024-09-07T02:00:00Z,87.82
United Kingdom,GBR,2024-09-07T02:00:00Z,2024-09-07T03:00:00Z,86.56
United Kingdom,GBR,2024-09-07T03:00:00Z,2024-09-07T04:00:00Z,87.23
United Kingdom,GBR,2024-09-07T04:00:00Z,2024-09-07T05:00:00Z,87.88
United Kingdom,GBR,2024-09-07T05:00:00Z,2024-09-07T06:00:00Z,93.58
United Kingdom,GBR,2024-09-07T06:00:00Z,2024-09-07T07:00:00Z,92.42
United Kingdom,GBR,2024-09-07T07:00:00Z,2024-09-07T08:00:00Z,98.17
United Kingdom,GBR,2024-09-07T08:00:00Z,2024-09-07T09:00:00Z,108.43
United Kingdom,GBR,2024-09-07T09:00:00Z,2024-09-07T10:00:00Z,110.18
United Kingdom,GBR,2024-09-07T10:00:00Z,2024-09-07T11:00:00Z,103.32
United Kingdom,GBR,2024-09-07T11:00:00Z,2024-09-07T12:00:00Z,99.32
United Kingdom,GBR,2024-09-07T12:00:00Z,2024-09-07T13:00:00Z,89.44
United Kingdom,GBR,2024-09-07T13:00:00Z,2024-09-07T14:00:00Z,87.72
United Kingdom,GBR,2024-09-07T14:00:00Z,2024-09-07T15:00:00Z,86.8
United Kingdom,GBR,2024-09-07T15:00:00Z,2024-09-07T16:00:00Z,93.13
United Kingdom,GBR,2024-09-07T16:00:00Z,2024-09-07T17:00:00Z,118.67
United Kingdom,GBR,2024-09-07T17:00:00Z,2024-09-07T18:00:00Z,129.83
United Kingdom,GBR,2024-09-07T18:00:00Z,2024-09-07T19:00:00Z,123.87
United Kingdom,GBR,2024-09-07T19:00:00Z,2024-09-07T20:00:00Z,108.87
United Kingdom,GBR,2024-09-07T20:00:00Z,2024-09-07T21:00:00Z,99.76
United Kingdom,GBR,2024-09-07T21:00:00Z,2024-09-07T22:00:00Z,96.28
United Kingdom,GBR,2024-09-07T22:00:00Z,2024-09-07T23:00:00Z,115.12
United Kingdom,GBR,2024-09-07T23:00:00Z,2024-09-08T00:00:00Z,102.27
United Kingdom,GBR,2024-09-08T00:00:00Z,2024-09-08T01:00:00Z,97.29
United Kingdom,GBR,2024-09-08T01:00:00Z,2024-09-08T02:00:00Z,91.54
United Kingdom,GBR,2024-09-08T02:00:00Z,2024-09-08T03:00:00Z,86.37
United Kingdom,GBR,2024-09-08T03:00:00Z,2024-09-08T04:00:00Z,80.18
United Kingdom,GBR,2024-09-08T04:00:00Z,2024-09-08T05:00:00Z,82.33
United Kingdom,GBR,2024-09-08T05:00:00Z,2024-09-08T06:00:00Z,79.79
United Kingdom,GBR,2024-09-08T06:00:00Z,2024-09-08T07:00:00Z,81.76
United Kingdom,GBR,2024-09-08T07:00:00Z,2024-09-08T08:00:00Z,95.89
United Kingdom,GBR,2024-09-08T08:00:00Z,2024-09-08T09:00:00Z,110.6
United Kingdom,GBR,2024-09-08T09:00:00Z,2024-09-08T10:00:00Z,115.31
United Kingdom,GBR,2024-09-08T10:00:00Z,2024-09-08T11:00:00Z,113.27
United Kingdom,GBR,2024-09-08T11:00:00Z,2024-09-08T12:00:00Z,104.12
United Kingdom,GBR,2024-09-08T12:00:00Z,2024-09-08T13:00:00Z,88.93
United Kingdom,GBR,2024-09-08T13:00:00Z,2024-09-08T14:00:00Z,83.6
United Kingdom,GBR,2024-09-08T14:00:00Z,2024-09-08T15:00:00Z,70.27
United Kingdom,GBR,2024-09-08T15:00:00Z,2024-09-08T16:00:00Z,92.39
United Kingdom,GBR,2024-09-08T16:00:00Z,2024-09-08T17:00:00Z,105.13
United Kingdom,GBR,2024-09-08T17:00:00Z,2024-09-08T18:00:00Z,121.84
United Kingdom,GBR,2024-09-08T18:00:00Z,2024-09-08T19:00:00Z,124.99
United Kingdom,GBR,2024-09-08T19:00:00Z,2024-09-08T20:00:00Z,112.36
United Kingdom,GBR,2024-09-08T20:00:00Z,2024-09-08T21:00:00Z,98.55
United Kingdom,GBR,2024-09-08T21:00:00Z,2024-09-08T22:00:00Z,91.91
United Kingdom,GBR,2024-09-08T22:00:00Z,2024-09-08T23:00:00Z,94.46
United Kingdom,GBR,2024-09-08T23:00:00Z,2024-09-09T00:00:00Z,90.27
United Kingdom,GBR,2024-09-09T00:00:00Z,2024-09-09T01:00:00Z,86.7
United Kingdom,GBR,2024-09-09T01:00:00Z,2024-09-09T02:00:00Z,84.37
United Kingdom,GBR,2024-09-09T02:00:00Z,2024-09-09T03:00:00Z,81.17
United Kingdom,GBR,2024-09-09T03:00:00Z,2024-09-09T04:00:00Z,76.5
United Kingdom,GBR,2024-09-09T04:00:00Z,2024-09-09T05:00:00Z,85.39
United Kingdom,GBR,2024-09-09T05:00:00Z,2024-09-09T06:00:00Z,112.11
United Kingdom,GBR,2024-09-09T06:00:00Z,2024-09-09T07:00:00Z,127.74
United Kingdom,GBR,2024-09-09T07:00:00Z,2024-09-09T08:00:00Z,120.8
United Kingdom,GBR,2024-09-09T08:00:00Z,2024-09-09T09:00:00Z,108.06
United Kingdom,GBR,2024-09-09T09:00:00Z,2024-09-09T10:00:00Z,97.33
United Kingdom,GBR,2024-09-09T10:00:00Z,2024-09-09T11:00:00Z,92.74
United Kingdom,GBR,2024-09-09T11:00:00Z,2024-09-09T12:00:00Z,86.6
United Kingdom,GBR,2024-09-09T12:00:00Z,2024-09-09T13:00:00Z,80.55
United Kingdom,GBR,2024-09-09T13:00:00Z,2024-09-09T14:00:00Z,77.73
United Kingdom,GBR,2024-09-09T14:00:00Z,2024-09-09T15:00:00Z,82.93
United Kingdom,GBR,2024-09-09T15:00:00Z,2024-09-09T16:00:00Z,91.45
United Kingdom,GBR,2024-09-09T16:00:00Z,2024-09-09T17:00:00Z,112.87
United Kingdom,GBR,2024-09-09T17:00:00Z,2024-09-09T18:00:00Z,133.68
United Kingdom,GBR,2024-09-09T18:00:00Z,2024-09-09T19:00:00Z,132.26
United Kingdom,GBR,2024-09-09T19:00:00Z,2024-09-09T20:00:00Z,106.41
United Kingdom,GBR,2024-09-09T20:00:00Z,2024-09-09T21:00:00Z,88.47
United Kingdom,GBR,2024-09-09T21:00:00Z,2024-09-09T22:00:00Z,69.39
United Kingdom,GBR,2024-09-09T22:00:00Z,2024-09-09T23:00:00Z,58.05
United Kingdom,GBR,2024-09-09T23:00:00Z,2024-09-10T00:00:00Z,35.74
United Kingdom,GBR,2024-09-10T00:00:00Z,2024-09-10T01:00:00Z,19.31
United Kingdom,GBR,2024-09-10T01:00:00Z,2024-09-10T02:00:00Z,7.55
United Kingdom,GBR,2024-09-10T02:00:00Z,2024-09-10T03:00:00Z,3
United Kingdom,GBR,2024-09-10T03:00:00Z,2024-09-10T04:00:00Z,0.65
United Kingdom,GBR,2024-09-10T04:00:00Z,2024-09-10T05:00:00Z,11.37
United Kingdom,GBR,2024-09-10T05:00:00Z,2024-09-10T06:00:00Z,38.21
United Kingdom,GBR,2024-09-10T06:00:00Z,2024-09-10T07:00:00Z,67.45
United Kingdom,GBR,2024-09-10T07:00:00Z,2024-09-10T08:00:00Z,61.21
United Kingdom,GBR,2024-09-10T08:00:00Z,2024-09-10T09:00:00Z,38.25
United Kingdom,GBR,2024-09-10T09:00:00Z,2024-09-10T10:00:00Z,18.23
United Kingdom,GBR,2024-09-10T10:00:00Z,2024-09-10T11:00:00Z,7.68
United Kingdom,GBR,2024-09-10T11:00:00Z,2024-09-10T12:00:00Z,1.79
United Kingdom,GBR,2024-09-10T12:00:00Z,2024-09-10T13:00:00Z,1.55
United Kingdom,GBR,2024-09-10T13:00:00Z,2024-09-10T14:00:00Z,0.38
United Kingdom,GBR,2024-09-10T14:00:00Z,2024-09-10T15:00:00Z,10.17
United Kingdom,GBR,2024-09-10T15:00:00Z,2024-09-10T16:00:00Z,36.79
United Kingdom,GBR,2024-09-10T16:00:00Z,2024-09-10T17:00:00Z,88.05
United Kingdom,GBR,2024-09-10T17:00:00Z,2024-09-10T18:00:00Z,107.9
United Kingdom,GBR,2024-09-10T18:00:00Z,2024-09-10T19:00:00Z,114.54
United Kingdom,GBR,2024-09-10T19:00:00Z,2024-09-10T20:00:00Z,114.09
United Kingdom,GBR,2024-09-10T20:00:00Z,2024-09-10T21:00:00Z,90.11
United Kingdom,GBR,2024-09-10T21:00:00Z,2024-09-10T22:00:00Z,55.27
United Kingdom,GBR,2024-09-10T22:00:00Z,2024-09-10T23:00:00Z,38.7
United Kingdom,GBR,2024-09-10T23:00:00Z,2024-09-11T00:00:00Z,20.86
United Kingdom,GBR,2024-09-11T00:00:00Z,2024-09-11T01:00:00Z,21.47
United Kingdom,GBR,2024-09-11T01:00:00Z,2024-09-11T02:00:00Z,21.47
United Kingdom,GBR,2024-09-11T02:00:00Z,2024-09-11T03:00:00Z,19.9
United Kingdom,GBR,2024-09-11T03:00:00Z,2024-09-11T04:00:00Z,21.53
United Kingdom,GBR,2024-09-11T04:00:00Z,2024-09-11T05:00:00Z,36.03
United Kingdom,GBR,2024-09-11T05:00:00Z,2024-09-11T06:00:00Z,95.84
United Kingdom,GBR,2024-09-11T06:00:00Z,2024-09-11T07:00:00Z,112.38
United Kingdom,GBR,2024-09-11T07:00:00Z,2024-09-11T08:00:00Z,98.78
United Kingdom,GBR,2024-09-11T08:00:00Z,2024-09-11T09:00:00Z,76.75
United Kingdom,GBR,2024-09-11T09:00:00Z,2024-09-11T10:00:00Z,58.86
United Kingdom,GBR,2024-09-11T10:00:00Z,2024-09-11T11:00:00Z,51.5
United Kingdom,GBR,2024-09-11T11:00:00Z,2024-09-11T12:00:00Z,50.03
United Kingdom,GBR,2024-09-11T12:00:00Z,2024-09-11T13:00:00Z,45.67
United Kingdom,GBR,2024-09-11T13:00:00Z,2024-09-11T14:00:00Z,43.34
United Kingdom,GBR,2024-09-11T14:00:00Z,2024-09-11T15:00:00Z,57.22
United Kingdom,GBR,2024-09-11T15:00:00Z,2024-09-11T16:00:00Z,88.49
United Kingdom,GBR,2024-09-11T16:00:00Z,2024-09-11T17:00:00Z,104.48
United Kingdom,GBR,2024-09-11T17:00:00Z,2024-09-11T18:00:00Z,126.08
United Kingdom,GBR,2024-09-11T18:00:00Z,2024-09-11T19:00:00Z,135.13
United Kingdom,GBR,2024-09-11T19:00:00Z,2024-09-11T20:00:00Z,116.55
United Kingdom,GBR,2024-09-11T20:00:00Z,2024-09-11T21:00:00Z,98.72
United Kingdom,GBR,2024-09-11T21:00:00Z,2024-09-11T22:00:00Z,92.11
United Kingdom,GBR,2024-09-11T22:00:00Z,2024-09-11T23:00:00Z,79.61
United Kingdom,GBR,2024-09-11T23:00:00Z,2024-09-12T00:00:00Z,72.18
United Kingdom,GBR,2024-09-12T00:00:00Z,2024-09-12T01:00:00Z,71.43
United Kingdom,GBR,2024-09-12T01:00:00Z,2024-09-12T02:00:00Z,72.31
United Kingdom,GBR,2024-09-12T02:00:00Z,2024-09-12T03:00:00Z,71.48
United Kingdom,GBR,2024-09-12T03:00:00Z,2024-09-12T04:00:00Z,72.65
United Kingdom,GBR,2024-09-12T04:00:00Z,2024-09-12T05:00:00Z,90.62
United Kingdom,GBR,2024-09-12T05:00:00Z,2024-09-12T06:00:00Z,114
United Kingdom,GBR,2024-09-12T06:00:00Z,2024-09-12T07:00:00Z,129.55
United Kingdom,GBR,2024-09-12T07:00:00Z,2024-09-12T08:00:00Z,109.72
United Kingdom,GBR,2024-09-12T08:00:00Z,2024-09-12T09:00:00Z,94.41
United Kingdom,GBR,2024-09-12T09:00:00Z,2024-09-12T10:00:00Z,82.83
United Kingdom,GBR,2024-09-12T10:00:00Z,2024-09-12T11:00:00Z,79.08
United Kingdom,GBR,2024-09-12T11:00:00Z,2024-09-12T12:00:00Z,78.17
United Kingdom,GBR,2024-09-12T12:00:00Z,2024-09-12T13:00:00Z,78.57
United Kingdom,GBR,2024-09-12T13:00:00Z,2024-09-12T14:00:00Z,85.36
United Kingdom,GBR,2024-09-12T14:00:00Z,2024-09-12T15:00:00Z,85.35
United Kingdom,GBR,2024-09-12T15:00:00Z,2024-09-12T16:00:00Z,103.55
United Kingdom,GBR,2024-09-12T16:00:00Z,2024-09-12T17:00:00Z,106.88
United Kingdom,GBR,2024-09-12T17:00:00Z,2024-09-12T18:00:00Z,132.87
United Kingdom,GBR,2024-09-12T18:00:00Z,2024-09-12T19:00:00Z,132.92
United Kingdom,GBR,2024-09-12T19:00:00Z,2024-09-12T20:00:00Z,119.54
United Kingdom,GBR,2024-09-12T20:00:00Z,2024-09-12T21:00:00Z,103.11
United Kingdom,GBR,2024-09-12T21:00:00Z,2024-09-12T22:00:00Z,97.04
United Kingdom,GBR,2024-09-12T22:00:00Z,2024-09-12T23:00:00Z,95.57
United Kingdom,GBR,2024-09-12T23:00:00Z,2024-09-13T00:00:00Z,88.24
United Kingdom,GBR,2024-09-13T00:00:00Z,2024-09-13T01:00:00Z,87.49
United Kingdom,GBR,2024-09-13T01:00:00Z,2024-09-13T02:00:00Z,86.98
United Kingdom,GBR,2024-09-13T02:00:00Z,2024-09-13T03:00:00Z,85.84
United Kingdom,GBR,2024-09-13T03:00:00Z,2024-09-13T04:00:00Z,86.98
United Kingdom,GBR,2024-09-13T04:00:00Z,2024-09-13T05:00:00Z,101.03
United Kingdom,GBR,2024-09-13T05:00:00Z,2024-09-13T06:00:00Z,120.09
United Kingdom,GBR,2024-09-13T06:00:00Z,2024-09-13T07:00:00Z,129.67
United Kingdom,GBR,2024-09-13T07:00:00Z,2024-09-13T08:00:00Z,113.75
United Kingdom,GBR,2024-09-13T08:00:00Z,2024-09-13T09:00:00Z,96.15
United Kingdom,GBR,2024-09-13T09:00:00Z,2024-09-13T10:00:00Z,85.98
United Kingdom,GBR,2024-09-13T10:00:00Z,2024-09-13T11:00:00Z,82.15
United Kingdom,GBR,2024-09-13T11:00:00Z,2024-09-13T12:00:00Z,82.55
United Kingdom,GBR,2024-09-13T12:00:00Z,2024-09-13T13:00:00Z,85.99
United Kingdom,GBR,2024-09-13T13:00:00Z,2024-09-13T14:00:00Z,89.56
United Kingdom,GBR,2024-09-13T14:00:00Z,2024-09-13T15:00:00Z,91.7
United Kingdom,GBR,2024-09-13T15:00:00Z,2024-09-13T16:00:00Z,99.78
United Kingdom,GBR,2024-09-13T16:00:00Z,2024-09-13T17:00:00Z,109.76
United Kingdom,GBR,2024-09-13T17:00:00Z,2024-09-13T18:00:00Z,123.34
United Kingdom,GBR,2024-09-13T18:00:00Z,2024-09-13T19:00:00Z,129.16
United Kingdom,GBR,2024-09-13T19:00:00Z,2024-09-13T20:00:00Z,119.03
United Kingdom,GBR,2024-09-13T20:00:00Z,2024-09-13T21:00:00Z,94.09
United Kingdom,GBR,2024-09-13T21:00:00Z,2024-09-13T22:00:00Z,92.98
United Kingdom,GBR,2024-09-13T22:00:00Z,2024-09-13T23:00:00Z,106.14
United Kingdom,GBR,2024-09-13T23:00:00Z,2024-09-14T00:00:00Z,100.05
United Kingdom,GBR,2024-09-14T00:00:00Z,2024-09-14T01:00:00Z,93.44
United Kingdom,GBR,2024-09-14T01:00:00Z,2024-09-14T02:00:00Z,85.8
United Kingdom,GBR,2024-09-14T02:00:00Z,2024-09-14T03:00:00Z,70.68
United Kingdom,GBR,2024-09-14T03:00:00Z,2024-09-14T04:00:00Z,69.35
United Kingdom,GBR,2024-09-14T04:00:00Z,2024-09-14T05:00:00Z,73.31
United Kingdom,GBR,2024-09-14T05:00:00Z,2024-09-14T06:00:00Z,91.48
United Kingdom,GBR,2024-09-14T06:00:00Z,2024-09-14T07:00:00Z,100.04
United Kingdom,GBR,2024-09-14T07:00:00Z,2024-09-14T08:00:00Z,104.28
United Kingdom,GBR,2024-09-14T08:00:00Z,2024-09-14T09:00:00Z,85.68
United Kingdom,GBR,2024-09-14T09:00:00Z,2024-09-14T10:00:00Z,59.3
United Kingdom,GBR,2024-09-14T10:00:00Z,2024-09-14T11:00:00Z,26.17
United Kingdom,GBR,2024-09-14T11:00:00Z,2024-09-14T12:00:00Z,11.01
United Kingdom,GBR,2024-09-14T12:00:00Z,2024-09-14T13:00:00Z,7.26
United Kingdom,GBR,2024-09-14T13:00:00Z,2024-09-14T14:00:00Z,10.68
United Kingdom,GBR,2024-09-14T14:00:00Z,2024-09-14T15:00:00Z,22.03
United Kingdom,GBR,2024-09-14T15:00:00Z,2024-09-14T16:00:00Z,61.05
United Kingdom,GBR,2024-09-14T16:00:00Z,2024-09-14T17:00:00Z,97.25
United Kingdom,GBR,2024-09-14T17:00:00Z,2024-09-14T18:00:00Z,117.25
United Kingdom,GBR,2024-09-14T18:00:00Z,2024-09-14T19:00:00Z,115.79
United Kingdom,GBR,2024-09-14T19:00:00Z,2024-09-14T20:00:00Z,105.58
United Kingdom,GBR,2024-09-14T20:00:00Z,2024-09-14T21:00:00Z,91.84
United Kingdom,GBR,2024-09-14T21:00:00Z,2024-09-14T22:00:00Z,84.89
United Kingdom,GBR,2024-09-14T22:00:00Z,2024-09-14T23:00:00Z,66.59
United Kingdom,GBR,2024-09-14T23:00:00Z,2024-09-15T00:00:00Z,65.01
United Kingdom,GBR,2024-09-15T00:00:00Z,2024-09-15T01:00:00Z,63.83
United Kingdom,GBR,2024-09-15T01:00:00Z,2024-09-15T02:00:00Z,63.47
United Kingdom,GBR,2024-09-15T02:00:00Z,2024-09-15T03:00:00Z,66.21
United Kingdom,GBR,2024-09-15T03:00:00Z,2024-09-15T04:00:00Z,65.32
United Kingdom,GBR,2024-09-15T04:00:00Z,2024-09-15T05:00:00Z,71
United Kingdom,GBR,2024-09-15T05:00:00Z,2024-09-15T06:00:00Z,86.71
United Kingdom,GBR,2024-09-15T06:00:00Z,2024-09-15T07:00:00Z,95.15
United Kingdom,GBR,2024-09-15T07:00:00Z,2024-09-15T08:00:00Z,94.22
United Kingdom,GBR,2024-09-15T08:00:00Z,2024-09-15T09:00:00Z,98.4
United Kingdom,GBR,2024-09-15T09:00:00Z,2024-09-15T10:00:00Z,93.85
United Kingdom,GBR,2024-09-15T10:00:00Z,2024-09-15T11:00:00Z,87.22
United Kingdom,GBR,2024-09-15T11:00:00Z,2024-09-15T12:00:00Z,89.81
United Kingdom,GBR,2024-09-15T12:00:00Z,2024-09-15T13:00:00Z,95.03
United Kingdom,GBR,2024-09-15T13:00:00Z,2024-09-15T14:00:00Z,95.76
United Kingdom,GBR,2024-09-15T14:00:00Z,2024-09-15T15:00:00Z,76.02
United Kingdom,GBR,2024-09-15T15:00:00Z,2024-09-15T16:00:00Z,100.66
United Kingdom,GBR,2024-09-15T16:00:00Z,2024-09-15T17:00:00Z,99.93
United Kingdom,GBR,2024-09-15T17:00:00Z,2024-09-15T18:00:00Z,131.8
United Kingdom,GBR,2024-09-15T18:00:00Z,2024-09-15T19:00:00Z,127.28
United Kingdom,GBR,2024-09-15T19:00:00Z,2024-09-15T20:00:00Z,119.91
United Kingdom,GBR,2024-09-15T20:00:00Z,2024-09-15T21:00:00Z,102.7
United Kingdom,GBR,2024-09-15T21:00:00Z,2024-09-15T22:00:00Z,97.12
United Kingdom,GBR,2024-09-15T22:00:00Z,2024-09-15T23:00:00Z,88.68
United Kingdom,GBR,2024-09-15T23:00:00Z,2024-09-16T00:00:00Z,86.53
United Kingdom,GBR,2024-09-16T00:00:00Z,2024-09-16T01:00:00Z,86.08
United Kingdom,GBR,2024-09-16T01:00:00Z,2024-09-16T02:00:00Z,86.06
United Kingdom,GBR,2024-09-16T02:00:00Z,2024-09-16T03:00:00Z,85.08
United Kingdom,GBR,2024-09-16T03:00:00Z,2024-09-16T04:00:00Z,86.61
United Kingdom,GBR,2024-09-16T04:00:00Z,2024-09-16T05:00:00Z,97.46
United Kingdom,GBR,2024-09-16T05:00:00Z,2024-09-16T06:00:00Z,123.37
United Kingdom,GBR,2024-09-16T06:00:00Z,2024-09-16T07:00:00Z,138.82
United Kingdom,GBR,2024-09-16T07:00:00Z,2024-09-16T08:00:00Z,130.16
United Kingdom,GBR,2024-09-16T08:00:00Z,2024-09-16T09:00:00Z,112.94
United Kingdom,GBR,2024-09-16T09:00:00Z,2024-09-16T10:00:00Z,93.27
United Kingdom,GBR,2024-09-16T10:00:00Z,2024-09-16T11:00:00Z,88.57
United Kingdom,GBR,2024-09-16T11:00:00Z,2024-09-16T12:00:00Z,84.72
United Kingdom,GBR,2024-09-16T12:00:00Z,2024-09-16T13:00:00Z,82.24
United Kingdom,GBR,2024-09-16T13:00:00Z,2024-09-16T14:00:00Z,81.81
United Kingdom,GBR,2024-09-16T14:00:00Z,2024-09-16T15:00:00Z,83.29
United Kingdom,GBR,2024-09-16T15:00:00Z,2024-09-16T16:00:00Z,92.18
United Kingdom,GBR,2024-09-16T16:00:00Z,2024-09-16T17:00:00Z,114.45
United Kingdom,GBR,2024-09-16T17:00:00Z,2024-09-16T18:00:00Z,129.88
United Kingdom,GBR,2024-09-16T18:00:00Z,2024-09-16T19:00:00Z,134.03
United Kingdom,GBR,2024-09-16T19:00:00Z,2024-09-16T20:00:00Z,114.66
United Kingdom,GBR,2024-09-16T20:00:00Z,2024-09-16T21:00:00Z,93.67
United Kingdom,GBR,2024-09-16T21:00:00Z,2024-09-16T22:00:00Z,87.78
United Kingdom,GBR,2024-09-16T22:00:00Z,2024-09-16T23:00:00Z,94.35
United Kingdom,GBR,2024-09-16T23:00:00Z,2024-09-17T00:00:00Z,85.95
United Kingdom,GBR,2024-09-17T00:00:00Z,2024-09-17T01:00:00Z,86.06
United Kingdom,GBR,2024-09-17T01:00:00Z,2024-09-17T02:00:00Z,85.15
United Kingdom,GBR,2024-09-17T02:00:00Z,2024-09-17T03:00:00Z,83.73
United Kingdom,GBR,2024-09-17T03:00:00Z,2024-09-17T04:00:00Z,84.13
United Kingdom,GBR,2024-09-17T04:00:00Z,2024-09-17T05:00:00Z,94.91
United Kingdom,GBR,2024-09-17T05:00:00Z,2024-09-17T06:00:00Z,115.37
United Kingdom,GBR,2024-09-17T06:00:00Z,2024-09-17T07:00:00Z,123.56
United Kingdom,GBR,2024-09-17T07:00:00Z,2024-09-17T08:00:00Z,113.42
United Kingdom,GBR,2024-09-17T08:00:00Z,2024-09-17T09:00:00Z,96.77
United Kingdom,GBR,2024-09-17T09:00:00Z,2024-09-17T10:00:00Z,87.72
United Kingdom,GBR,2024-09-17T10:00:00Z,2024-09-17T11:00:00Z,85.02
United Kingdom,GBR,2024-09-17T11:00:00Z,2024-09-17T12:00:00Z,82.96
United Kingdom,GBR,2024-09-17T12:00:00Z,2024-09-17T13:00:00Z,82.6
United Kingdom,GBR,2024-09-17T13:00:00Z,2024-09-17T14:00:00Z,81.43
United Kingdom,GBR,2024-09-17T14:00:00Z,2024-09-17T15:00:00Z,82.52
United Kingdom,GBR,2024-09-17T15:00:00Z,2024-09-17T16:00:00Z,89.81
United Kingdom,GBR,2024-09-17T16:00:00Z,2024-09-17T17:00:00Z,110
United Kingdom,GBR,2024-09-17T17:00:00Z,2024-09-17T18:00:00Z,127.87
United Kingdom,GBR,2024-09-17T18:00:00Z,2024-09-17T19:00:00Z,121.43
United Kingdom,GBR,2024-09-17T19:00:00Z,2024-09-17T20:00:00Z,107.7
United Kingdom,GBR,2024-09-17T20:00:00Z,2024-09-17T21:00:00Z,92.92
United Kingdom,GBR,2024-09-17T21:00:00Z,2024-09-17T22:00:00Z,89.7
United Kingdom,GBR,2024-09-17T22:00:00Z,2024-09-17T23:00:00Z,88.15
United Kingdom,GBR,2024-09-17T23:00:00Z,2024-09-18T00:00:00Z,81.37
United Kingdom,GBR,2024-09-18T00:00:00Z,2024-09-18T01:00:00Z,82.07
United Kingdom,GBR,2024-09-18T01:00:00Z,2024-09-18T02:00:00Z,80.8
United Kingdom,GBR,2024-09-18T02:00:00Z,2024-09-18T03:00:00Z,81.16
United Kingdom,GBR,2024-09-18T03:00:00Z,2024-09-18T04:00:00Z,84.42
United Kingdom,GBR,2024-09-18T04:00:00Z,2024-09-18T05:00:00Z,96.51
United Kingdom,GBR,2024-09-18T05:00:00Z,2024-09-18T06:00:00Z,108.85
United Kingdom,GBR,2024-09-18T06:00:00Z,2024-09-18T07:00:00Z,125.23
United Kingdom,GBR,2024-09-18T07:00:00Z,2024-09-18T08:00:00Z,110.37
United Kingdom,GBR,2024-09-18T08:00:00Z,2024-09-18T09:00:00Z,96.05
United Kingdom,GBR,2024-09-18T09:00:00Z,2024-09-18T10:00:00Z,87.9
United Kingdom,GBR,2024-09-18T10:00:00Z,2024-09-18T11:00:00Z,80.88
United Kingdom,GBR,2024-09-18T11:00:00Z,2024-09-18T12:00:00Z,80.29
United Kingdom,GBR,2024-09-18T12:00:00Z,2024-09-18T13:00:00Z,80.13
United Kingdom,GBR,2024-09-18T13:00:00Z,2024-09-18T14:00:00Z,79.55
United Kingdom,GBR,2024-09-18T14:00:00Z,2024-09-18T15:00:00Z,80.52
United Kingdom,GBR,2024-09-18T15:00:00Z,2024-09-18T16:00:00Z,88.53
United Kingdom,GBR,2024-09-18T16:00:00Z,2024-09-18T17:00:00Z,107.05
United Kingdom,GBR,2024-09-18T17:00:00Z,2024-09-18T18:00:00Z,126.2
United Kingdom,GBR,2024-09-18T18:00:00Z,2024-09-18T19:00:00Z,115.9
United Kingdom,GBR,2024-09-18T19:00:00Z,2024-09-18T20:00:00Z,97.44
United Kingdom,GBR,2024-09-18T20:00:00Z,2024-09-18T21:00:00Z,92.57
United Kingdom,GBR,2024-09-18T21:00:00Z,2024-09-18T22:00:00Z,87.34
United Kingdom,GBR,2024-09-18T22:00:00Z,2024-09-18T23:00:00Z,83.07
United Kingdom,GBR,2024-09-18T23:00:00Z,2024-09-19T00:00:00Z,82.43
United Kingdom,GBR,2024-09-19T00:00:00Z,2024-09-19T01:00:00Z,83.49
United Kingdom,GBR,2024-09-19T01:00:00Z,2024-09-19T02:00:00Z,83.93
United Kingdom,GBR,2024-09-19T02:00:00Z,2024-09-19T03:00:00Z,84.32
United Kingdom,GBR,2024-09-19T03:00:00Z,2024-09-19T04:00:00Z,85.03
United Kingdom,GBR,2024-09-19T04:00:00Z,2024-09-19T05:00:00Z,94.6
United Kingdom,GBR,2024-09-19T05:00:00Z,2024-09-19T06:00:00Z,112.38
United Kingdom,GBR,2024-09-19T06:00:00Z,2024-09-19T07:00:00Z,124.3
United Kingdom,GBR,2024-09-19T07:00:00Z,2024-09-19T08:00:00Z,114.5
United Kingdom,GBR,2024-09-19T08:00:00Z,2024-09-19T09:00:00Z,108.82
United Kingdom,GBR,2024-09-19T09:00:00Z,2024-09-19T10:00:00Z,93.21
United Kingdom,GBR,2024-09-19T10:00:00Z,2024-09-19T11:00:00Z,83.47
United Kingdom,GBR,2024-09-19T11:00:00Z,2024-09-19T12:00:00Z,80.38
United Kingdom,GBR,2024-09-19T12:00:00Z,2024-09-19T13:00:00Z,79.82
United Kingdom,GBR,2024-09-19T13:00:00Z,2024-09-19T14:00:00Z,78.39
United Kingdom,GBR,2024-09-19T14:00:00Z,2024-09-19T15:00:00Z,78.6
United Kingdom,GBR,2024-09-19T15:00:00Z,2024-09-19T16:00:00Z,87.48
United Kingdom,GBR,2024-09-19T16:00:00Z,2024-09-19T17:00:00Z,113.58
United Kingdom,GBR,2024-09-19T17:00:00Z,2024-09-19T18:00:00Z,129.14
United Kingdom,GBR,2024-09-19T18:00:00Z,2024-09-19T19:00:00Z,116.84
United Kingdom,GBR,2024-09-19T19:00:00Z,2024-09-19T20:00:00Z,99.84
United Kingdom,GBR,2024-09-19T20:00:00Z,2024-09-19T21:00:00Z,91.81
United Kingdom,GBR,2024-09-19T21:00:00Z,2024-09-19T22:00:00Z,87.12
United Kingdom,GBR,2024-09-19T22:00:00Z,2024-09-19T23:00:00Z,95.95
United Kingdom,GBR,2024-09-19T23:00:00Z,2024-09-20T00:00:00Z,88.76
United Kingdom,GBR,2024-09-20T00:00:00Z,2024-09-20T01:00:00Z,86.41
United Kingdom,GBR,2024-09-20T01:00:00Z,2024-09-20T02:00:00Z,82.89
United Kingdom,GBR,2024-09-20T02:00:00Z,2024-09-20T03:00:00Z,80.78
United Kingdom,GBR,2024-09-20T03:00:00Z,2024-09-20T04:00:00Z,83.71
United Kingdom,GBR,2024-09-20T04:00:00Z,2024-09-20T05:00:00Z,101.26
United Kingdom,GBR,2024-09-20T05:00:00Z,2024-09-20T06:00:00Z,109.57
United Kingdom,GBR,2024-09-20T06:00:00Z,2024-09-20T07:00:00Z,121.03
United Kingdom,GBR,2024-09-20T07:00:00Z,2024-09-20T08:00:00Z,113.91
United Kingdom,GBR,2024-09-20T08:00:00Z,2024-09-20T09:00:00Z,105.96
United Kingdom,GBR,2024-09-20T09:00:00Z,2024-09-20T10:00:00Z,95.42
United Kingdom,GBR,2024-09-20T10:00:00Z,2024-09-20T11:00:00Z,91.34
United Kingdom,GBR,2024-09-20T11:00:00Z,2024-09-20T12:00:00Z,86.33
United Kingdom,GBR,2024-09-20T12:00:00Z,2024-09-20T13:00:00Z,79.23
United Kingdom,GBR,2024-09-20T13:00:00Z,2024-09-20T14:00:00Z,79.16
United Kingdom,GBR,2024-09-20T14:00:00Z,2024-09-20T15:00:00Z,78.65
United Kingdom,GBR,2024-09-20T15:00:00Z,2024-09-20T16:00:00Z,89.22
United Kingdom,GBR,2024-09-20T16:00:00Z,2024-09-20T17:00:00Z,112.3
United Kingdom,GBR,2024-09-20T17:00:00Z,2024-09-20T18:00:00Z,129.1
United Kingdom,GBR,2024-09-20T18:00:00Z,2024-09-20T19:00:00Z,115.89
United Kingdom,GBR,2024-09-20T19:00:00Z,2024-09-20T20:00:00Z,95.84
United Kingdom,GBR,2024-09-20T20:00:00Z,2024-09-20T21:00:00Z,93.2
United Kingdom,GBR,2024-09-20T21:00:00Z,2024-09-20T22:00:00Z,93.09
United Kingdom,GBR,2024-09-20T22:00:00Z,2024-09-20T23:00:00Z,81.83
United Kingdom,GBR,2024-09-20T23:00:00Z,2024-09-21T00:00:00Z,77.73
United Kingdom,GBR,2024-09-21T00:00:00Z,2024-09-21T01:00:00Z,80.55
United Kingdom,GBR,2024-09-21T01:00:00Z,2024-09-21T02:00:00Z,82.7
United Kingdom,GBR,2024-09-21T02:00:00Z,2024-09-21T03:00:00Z,83.51
United Kingdom,GBR,2024-09-21T03:00:00Z,2024-09-21T04:00:00Z,85.73
United Kingdom,GBR,2024-09-21T04:00:00Z,2024-09-21T05:00:00Z,93.8
United Kingdom,GBR,2024-09-21T05:00:00Z,2024-09-21T06:00:00Z,99.68
United Kingdom,GBR,2024-09-21T06:00:00Z,2024-09-21T07:00:00Z,92.04
United Kingdom,GBR,2024-09-21T07:00:00Z,2024-09-21T08:00:00Z,88.79
United Kingdom,GBR,2024-09-21T08:00:00Z,2024-09-21T09:00:00Z,101.88
United Kingdom,GBR,2024-09-21T09:00:00Z,2024-09-21T10:00:00Z,97.45
United Kingdom,GBR,2024-09-21T10:00:00Z,2024-09-21T11:00:00Z,92.33
United Kingdom,GBR,2024-09-21T11:00:00Z,2024-09-21T12:00:00Z,83.67
United Kingdom,GBR,2024-09-21T12:00:00Z,2024-09-21T13:00:00Z,77.57
United Kingdom,GBR,2024-09-21T13:00:00Z,2024-09-21T14:00:00Z,75.07
United Kingdom,GBR,2024-09-21T14:00:00Z,2024-09-21T15:00:00Z,76.84
United Kingdom,GBR,2024-09-21T15:00:00Z,2024-09-21T16:00:00Z,91.87
United Kingdom,GBR,2024-09-21T16:00:00Z,2024-09-21T17:00:00Z,114.68
United Kingdom,GBR,2024-09-21T17:00:00Z,2024-09-21T18:00:00Z,125.77
United Kingdom,GBR,2024-09-21T18:00:00Z,2024-09-21T19:00:00Z,112.58
United Kingdom,GBR,2024-09-21T19:00:00Z,2024-09-21T20:00:00Z,92.81
United Kingdom,GBR,2024-09-21T20:00:00Z,2024-09-21T21:00:00Z,90.45
United Kingdom,GBR,2024-09-21T21:00:00Z,2024-09-21T22:00:00Z,89.82
United Kingdom,GBR,2024-09-21T22:00:00Z,2024-09-21T23:00:00Z,102.31
United Kingdom,GBR,2024-09-21T23:00:00Z,2024-09-22T00:00:00Z,94.63
United Kingdom,GBR,2024-09-22T00:00:00Z,2024-09-22T01:00:00Z,91.25
United Kingdom,GBR,2024-09-22T01:00:00Z,2024-09-22T02:00:00Z,88.3
United Kingdom,GBR,2024-09-22T02:00:00Z,2024-09-22T03:00:00Z,87.39
United Kingdom,GBR,2024-09-22T03:00:00Z,2024-09-22T04:00:00Z,87.07
United Kingdom,GBR,2024-09-22T04:00:00Z,2024-09-22T05:00:00Z,88.26
United Kingdom,GBR,2024-09-22T05:00:00Z,2024-09-22T06:00:00Z,95.16
United Kingdom,GBR,2024-09-22T06:00:00Z,2024-09-22T07:00:00Z,85.93
United Kingdom,GBR,2024-09-22T07:00:00Z,2024-09-22T08:00:00Z,88.13
United Kingdom,GBR,2024-09-22T08:00:00Z,2024-09-22T09:00:00Z,97.1
United Kingdom,GBR,2024-09-22T09:00:00Z,2024-09-22T10:00:00Z,99.13
United Kingdom,GBR,2024-09-22T10:00:00Z,2024-09-22T11:00:00Z,92.09
United Kingdom,GBR,2024-09-22T11:00:00Z,2024-09-22T12:00:00Z,96.22
United Kingdom,GBR,2024-09-22T12:00:00Z,2024-09-22T13:00:00Z,96.82
United Kingdom,GBR,2024-09-22T13:00:00Z,2024-09-22T14:00:00Z,93.08
United Kingdom,GBR,2024-09-22T14:00:00Z,2024-09-22T15:00:00Z,80.62
United Kingdom,GBR,2024-09-22T15:00:00Z,2024-09-22T16:00:00Z,95.64
United Kingdom,GBR,2024-09-22T16:00:00Z,2024-09-22T17:00:00Z,120.68
United Kingdom,GBR,2024-09-22T17:00:00Z,2024-09-22T18:00:00Z,134.8
United Kingdom,GBR,2024-09-22T18:00:00Z,2024-09-22T19:00:00Z,128.13
United Kingdom,GBR,2024-09-22T19:00:00Z,2024-09-22T20:00:00Z,102.11
United Kingdom,GBR,2024-09-22T20:00:00Z,2024-09-22T21:00:00Z,96.14
United Kingdom,GBR,2024-09-22T21:00:00Z,2024-09-22T22:00:00Z,88.44
United Kingdom,GBR,2024-09-22T22:00:00Z,2024-09-22T23:00:00Z,87.38
United Kingdom,GBR,2024-09-22T23:00:00Z,2024-09-23T00:00:00Z,85.2
United Kingdom,GBR,2024-09-23T00:00:00Z,2024-09-23T01:00:00Z,85.01
United Kingdom,GBR,2024-09-23T01:00:00Z,2024-09-23T02:00:00Z,85.57
United Kingdom,GBR,2024-09-23T02:00:00Z,2024-09-23T03:00:00Z,84.38
United Kingdom,GBR,2024-09-23T03:00:00Z,2024-09-23T04:00:00Z,84.65
United Kingdom,GBR,2024-09-23T04:00:00Z,2024-09-23T05:00:00Z,88.86
United Kingdom,GBR,2024-09-23T05:00:00Z,2024-09-23T06:00:00Z,102.66
United Kingdom,GBR,2024-09-23T06:00:00Z,2024-09-23T07:00:00Z,127.46
United Kingdom,GBR,2024-09-23T07:00:00Z,2024-09-23T08:00:00Z,118.13
United Kingdom,GBR,2024-09-23T08:00:00Z,2024-09-23T09:00:00Z,118.82
United Kingdom,GBR,2024-09-23T09:00:00Z,2024-09-23T10:00:00Z,110.51
United Kingdom,GBR,2024-09-23T10:00:00Z,2024-09-23T11:00:00Z,104.71
United Kingdom,GBR,2024-09-23T11:00:00Z,2024-09-23T12:00:00Z,100
United Kingdom,GBR,2024-09-23T12:00:00Z,2024-09-23T13:00:00Z,94.49
United Kingdom,GBR,2024-09-23T13:00:00Z,2024-09-23T14:00:00Z,93.21
United Kingdom,GBR,2024-09-23T14:00:00Z,2024-09-23T15:00:00Z,102.16
United Kingdom,GBR,2024-09-23T15:00:00Z,2024-09-23T16:00:00Z,123.75
United Kingdom,GBR,2024-09-23T16:00:00Z,2024-09-23T17:00:00Z,147.84
United Kingdom,GBR,2024-09-23T17:00:00Z,2024-09-23T18:00:00Z,155.65
United Kingdom,GBR,2024-09-23T18:00:00Z,2024-09-23T19:00:00Z,148.91
United Kingdom,GBR,2024-09-23T19:00:00Z,2024-09-23T20:00:00Z,123.07
United Kingdom,GBR,2024-09-23T20:00:00Z,2024-09-23T21:00:00Z,100.49
United Kingdom,GBR,2024-09-23T21:00:00Z,2024-09-23T22:00:00Z,92.25
United Kingdom,GBR,2024-09-23T22:00:00Z,2024-09-23T23:00:00Z,92.75
United Kingdom,GBR,2024-09-23T23:00:00Z,2024-09-24T00:00:00Z,89.24
United Kingdom,GBR,2024-09-24T00:00:00Z,2024-09-24T01:00:00Z,87.19
United Kingdom,GBR,2024-09-24T01:00:00Z,2024-09-24T02:00:00Z,84.82
United Kingdom,GBR,2024-09-24T02:00:00Z,2024-09-24T03:00:00Z,82.43
United Kingdom,GBR,2024-09-24T03:00:00Z,2024-09-24T04:00:00Z,86.35
United Kingdom,GBR,2024-09-24T04:00:00Z,2024-09-24T05:00:00Z,98.24
United Kingdom,GBR,2024-09-24T05:00:00Z,2024-09-24T06:00:00Z,107.39
United Kingdom,GBR,2024-09-24T06:00:00Z,2024-09-24T07:00:00Z,136.16
United Kingdom,GBR,2024-09-24T07:00:00Z,2024-09-24T08:00:00Z,118.51
United Kingdom,GBR,2024-09-24T08:00:00Z,2024-09-24T09:00:00Z,104.53
United Kingdom,GBR,2024-09-24T09:00:00Z,2024-09-24T10:00:00Z,90.17
United Kingdom,GBR,2024-09-24T10:00:00Z,2024-09-24T11:00:00Z,83.66
United Kingdom,GBR,2024-09-24T11:00:00Z,2024-09-24T12:00:00Z,82.17
United Kingdom,GBR,2024-09-24T12:00:00Z,2024-09-24T13:00:00Z,81.41
United Kingdom,GBR,2024-09-24T13:00:00Z,2024-09-24T14:00:00Z,81.78
United Kingdom,GBR,2024-09-24T14:00:00Z,2024-09-24T15:00:00Z,82.03
United Kingdom,GBR,2024-09-24T15:00:00Z,2024-09-24T16:00:00Z,99.56
United Kingdom,GBR,2024-09-24T16:00:00Z,2024-09-24T17:00:00Z,125.97
United Kingdom,GBR,2024-09-24T17:00:00Z,2024-09-24T18:00:00Z,138.65
United Kingdom,GBR,2024-09-24T18:00:00Z,2024-09-24T19:00:00Z,116.98
United Kingdom,GBR,2024-09-24T19:00:00Z,2024-09-24T20:00:00Z,96.11
United Kingdom,GBR,2024-09-24T20:00:00Z,2024-09-24T21:00:00Z,92.88
United Kingdom,GBR,2024-09-24T21:00:00Z,2024-09-24T22:00:00Z,79.78
United Kingdom,GBR,2024-09-24T22:00:00Z,2024-09-24T23:00:00Z,83.9
United Kingdom,GBR,2024-09-24T23:00:00Z,2024-09-25T00:00:00Z,82.7
United Kingdom,GBR,2024-09-25T00:00:00Z,2024-09-25T01:00:00Z,83.99
United Kingdom,GBR,2024-09-25T01:00:00Z,2024-09-25T02:00:00Z,84.21
United Kingdom,GBR,2024-09-25T02:00:00Z,2024-09-25T03:00:00Z,83.59
United Kingdom,GBR,2024-09-25T03:00:00Z,2024-09-25T04:00:00Z,83.93
United Kingdom,GBR,2024-09-25T04:00:00Z,2024-09-25T05:00:00Z,99.18
United Kingdom,GBR,2024-09-25T05:00:00Z,2024-09-25T06:00:00Z,103.29
United Kingdom,GBR,2024-09-25T06:00:00Z,2024-09-25T07:00:00Z,105.73
United Kingdom,GBR,2024-09-25T07:00:00Z,2024-09-25T08:00:00Z,114.2
United Kingdom,GBR,2024-09-25T08:00:00Z,2024-09-25T09:00:00Z,114.55
United Kingdom,GBR,2024-09-25T09:00:00Z,2024-09-25T10:00:00Z,107.04
United Kingdom,GBR,2024-09-25T10:00:00Z,2024-09-25T11:00:00Z,103.14
United Kingdom,GBR,2024-09-25T11:00:00Z,2024-09-25T12:00:00Z,100.54
United Kingdom,GBR,2024-09-25T12:00:00Z,2024-09-25T13:00:00Z,99.63
United Kingdom,GBR,2024-09-25T13:00:00Z,2024-09-25T14:00:00Z,96.85
United Kingdom,GBR,2024-09-25T14:00:00Z,2024-09-25T15:00:00Z,99.84
United Kingdom,GBR,2024-09-25T15:00:00Z,2024-09-25T16:00:00Z,115.5
United Kingdom,GBR,2024-09-25T16:00:00Z,2024-09-25T17:00:00Z,144.27
United Kingdom,GBR,2024-09-25T17:00:00Z,2024-09-25T18:00:00Z,152.92
United Kingdom,GBR,2024-09-25T18:00:00Z,2024-09-25T19:00:00Z,127.55
United Kingdom,GBR,2024-09-25T19:00:00Z,2024-09-25T20:00:00Z,103.38
United Kingdom,GBR,2024-09-25T20:00:00Z,2024-09-25T21:00:00Z,97.52
United Kingdom,GBR,2024-09-25T21:00:00Z,2024-09-25T22:00:00Z,91.58
United Kingdom,GBR,2024-09-25T22:00:00Z,2024-09-25T23:00:00Z,100.01
United Kingdom,GBR,2024-09-25T23:00:00Z,2024-09-26T00:00:00Z,82.7
United Kingdom,GBR,2024-09-26T00:00:00Z,2024-09-26T01:00:00Z,78.11
United Kingdom,GBR,2024-09-26T01:00:00Z,2024-09-26T02:00:00Z,72.25
United Kingdom,GBR,2024-09-26T02:00:00Z,2024-09-26T03:00:00Z,62.21
United Kingdom,GBR,2024-09-26T03:00:00Z,2024-09-26T04:00:00Z,56.17
United Kingdom,GBR,2024-09-26T04:00:00Z,2024-09-26T05:00:00Z,74.13
United Kingdom,GBR,2024-09-26T05:00:00Z,2024-09-26T06:00:00Z,97.69
United Kingdom,GBR,2024-09-26T06:00:00Z,2024-09-26T07:00:00Z,106.65
United Kingdom,GBR,2024-09-26T07:00:00Z,2024-09-26T08:00:00Z,113.1
United Kingdom,GBR,2024-09-26T08:00:00Z,2024-09-26T09:00:00Z,110.91
United Kingdom,GBR,2024-09-26T09:00:00Z,2024-09-26T10:00:00Z,101.99
United Kingdom,GBR,2024-09-26T10:00:00Z,2024-09-26T11:00:00Z,88.31
United Kingdom,GBR,2024-09-26T11:00:00Z,2024-09-26T12:00:00Z,86.88
United Kingdom,GBR,2024-09-26T12:00:00Z,2024-09-26T13:00:00Z,85.82
United Kingdom,GBR,2024-09-26T13:00:00Z,2024-09-26T14:00:00Z,83.18
United Kingdom,GBR,2024-09-26T14:00:00Z,2024-09-26T15:00:00Z,82.96
United Kingdom,GBR,2024-09-26T15:00:00Z,2024-09-26T16:00:00Z,92.97
United Kingdom,GBR,2024-09-26T16:00:00Z,2024-09-26T17:00:00Z,108.23
United Kingdom,GBR,2024-09-26T17:00:00Z,2024-09-26T18:00:00Z,112.37
United Kingdom,GBR,2024-09-26T18:00:00Z,2024-09-26T19:00:00Z,119.88
United Kingdom,GBR,2024-09-26T19:00:00Z,2024-09-26T20:00:00Z,98.8
United Kingdom,GBR,2024-09-26T20:00:00Z,2024-09-26T21:00:00Z,90.67
United Kingdom,GBR,2024-09-26T21:00:00Z,2024-09-26T22:00:00Z,56.52
United Kingdom,GBR,2024-09-26T22:00:00Z,2024-09-26T23:00:00Z,29.12
United Kingdom,GBR,2024-09-26T23:00:00Z,2024-09-27T00:00:00Z,8.61
United Kingdom,GBR,2024-09-27T00:00:00Z,2024-09-27T01:00:00Z,4.64
United Kingdom,GBR,2024-09-27T01:00:00Z,2024-09-27T02:00:00Z,0.54
United Kingdom,GBR,2024-09-27T02:00:00Z,2024-09-27T03:00:00Z,-2.22
United Kingdom,GBR,2024-09-27T03:00:00Z,2024-09-27T04:00:00Z,-4.05
United Kingdom,GBR,2024-09-27T04:00:00Z,2024-09-27T05:00:00Z,1.05
United Kingdom,GBR,2024-09-27T05:00:00Z,2024-09-27T06:00:00Z,37.84
United Kingdom,GBR,2024-09-27T06:00:00Z,2024-09-27T07:00:00Z,90.14
United Kingdom,GBR,2024-09-27T07:00:00Z,2024-09-27T08:00:00Z,115.12
United Kingdom,GBR,2024-09-27T08:00:00Z,2024-09-27T09:00:00Z,115.43
United Kingdom,GBR,2024-09-27T09:00:00Z,2024-09-27T10:00:00Z,103.53
United Kingdom,GBR,2024-09-27T10:00:00Z,2024-09-27T11:00:00Z,89.65
United Kingdom,GBR,2024-09-27T11:00:00Z,2024-09-27T12:00:00Z,76.03
United Kingdom,GBR,2024-09-27T12:00:00Z,2024-09-27T13:00:00Z,64.34
United Kingdom,GBR,2024-09-27T13:00:00Z,2024-09-27T14:00:00Z,55.25
United Kingdom,GBR,2024-09-27T14:00:00Z,2024-09-27T15:00:00Z,54.47
United Kingdom,GBR,2024-09-27T15:00:00Z,2024-09-27T16:00:00Z,84.05
United Kingdom,GBR,2024-09-27T16:00:00Z,2024-09-27T17:00:00Z,96.61
United Kingdom,GBR,2024-09-27T17:00:00Z,2024-09-27T18:00:00Z,112.82
United Kingdom,GBR,2024-09-27T18:00:00Z,2024-09-27T19:00:00Z,125.61
United Kingdom,GBR,2024-09-27T19:00:00Z,2024-09-27T20:00:00Z,111.1
United Kingdom,GBR,2024-09-27T20:00:00Z,2024-09-27T21:00:00Z,97.02
United Kingdom,GBR,2024-09-27T21:00:00Z,2024-09-27T22:00:00Z,93.12
United Kingdom,GBR,2024-09-27T22:00:00Z,2024-09-27T23:00:00Z,69.33
United Kingdom,GBR,2024-09-27T23:00:00Z,2024-09-28T00:00:00Z,59.63
United Kingdom,GBR,2024-09-28T00:00:00Z,2024-09-28T01:00:00Z,61.95
United Kingdom,GBR,2024-09-28T01:00:00Z,2024-09-28T02:00:00Z,63.48
United Kingdom,GBR,2024-09-28T02:00:00Z,2024-09-28T03:00:00Z,61.28
United Kingdom,GBR,2024-09-28T03:00:00Z,2024-09-28T04:00:00Z,69.46
United Kingdom,GBR,2024-09-28T04:00:00Z,2024-09-28T05:00:00Z,87.31
United Kingdom,GBR,2024-09-28T05:00:00Z,2024-09-28T06:00:00Z,100.72
United Kingdom,GBR,2024-09-28T06:00:00Z,2024-09-28T07:00:00Z,98.25
United Kingdom,GBR,2024-09-28T07:00:00Z,2024-09-28T08:00:00Z,113.03
United Kingdom,GBR,2024-09-28T08:00:00Z,2024-09-28T09:00:00Z,114.55
United Kingdom,GBR,2024-09-28T09:00:00Z,2024-09-28T10:00:00Z,106.4
United Kingdom,GBR,2024-09-28T10:00:00Z,2024-09-28T11:00:00Z,85.83
United Kingdom,GBR,2024-09-28T11:00:00Z,2024-09-28T12:00:00Z,86
United Kingdom,GBR,2024-09-28T12:00:00Z,2024-09-28T13:00:00Z,85.18
United Kingdom,GBR,2024-09-28T13:00:00Z,2024-09-28T14:00:00Z,91.35
United Kingdom,GBR,2024-09-28T14:00:00Z,2024-09-28T15:00:00Z,94.96
United Kingdom,GBR,2024-09-28T15:00:00Z,2024-09-28T16:00:00Z,103.9
United Kingdom,GBR,2024-09-28T16:00:00Z,2024-09-28T17:00:00Z,112.79
United Kingdom,GBR,2024-09-28T17:00:00Z,2024-09-28T18:00:00Z,136.98
United Kingdom,GBR,2024-09-28T18:00:00Z,2024-09-28T19:00:00Z,136.05
United Kingdom,GBR,2024-09-28T19:00:00Z,2024-09-28T20:00:00Z,112.37
United Kingdom,GBR,2024-09-28T20:00:00Z,2024-09-28T21:00:00Z,105.97
United Kingdom,GBR,2024-09-28T21:00:00Z,2024-09-28T22:00:00Z,98.68
United Kingdom,GBR,2024-09-28T22:00:00Z,2024-09-28T23:00:00Z,124.64
United Kingdom,GBR,2024-09-28T23:00:00Z,2024-09-29T00:00:00Z,108.47
United Kingdom,GBR,2024-09-29T00:00:00Z,2024-09-29T01:00:00Z,106.69
United Kingdom,GBR,2024-09-29T01:00:00Z,2024-09-29T02:00:00Z,110.95
United Kingdom,GBR,2024-09-29T02:00:00Z,2024-09-29T03:00:00Z,101.98
United Kingdom,GBR,2024-09-29T03:00:00Z,2024-09-29T04:00:00Z,89.2
United Kingdom,GBR,2024-09-29T04:00:00Z,2024-09-29T05:00:00Z,92.02
United Kingdom,GBR,2024-09-29T05:00:00Z,2024-09-29T06:00:00Z,100.43
United Kingdom,GBR,2024-09-29T06:00:00Z,2024-09-29T07:00:00Z,99.57
United Kingdom,GBR,2024-09-29T07:00:00Z,2024-09-29T08:00:00Z,109.73
United Kingdom,GBR,2024-09-29T08:00:00Z,2024-09-29T09:00:00Z,117.57
United Kingdom,GBR,2024-09-29T09:00:00Z,2024-09-29T10:00:00Z,115.89
United Kingdom,GBR,2024-09-29T10:00:00Z,2024-09-29T11:00:00Z,105.88
United Kingdom,GBR,2024-09-29T11:00:00Z,2024-09-29T12:00:00Z,101.8
United Kingdom,GBR,2024-09-29T12:00:00Z,2024-09-29T13:00:00Z,95.37
United Kingdom,GBR,2024-09-29T13:00:00Z,2024-09-29T14:00:00Z,78.84
United Kingdom,GBR,2024-09-29T14:00:00Z,2024-09-29T15:00:00Z,78.33
United Kingdom,GBR,2024-09-29T15:00:00Z,2024-09-29T16:00:00Z,99.61
United Kingdom,GBR,2024-09-29T16:00:00Z,2024-09-29T17:00:00Z,131.32
United Kingdom,GBR,2024-09-29T17:00:00Z,2024-09-29T18:00:00Z,134.78
United Kingdom,GBR,2024-09-29T18:00:00Z,2024-09-29T19:00:00Z,115.07
United Kingdom,GBR,2024-09-29T19:00:00Z,2024-09-29T20:00:00Z,92.73
United Kingdom,GBR,2024-09-29T20:00:00Z,2024-09-29T21:00:00Z,76.1
United Kingdom,GBR,2024-09-29T21:00:00Z,2024-09-29T22:00:00Z,47.05
United Kingdom,GBR,2024-09-29T22:00:00Z,2024-09-29T23:00:00Z,18.39
United Kingdom,GBR,2024-09-29T23:00:00Z,2024-09-30T00:00:00Z,8.69
United Kingdom,GBR,2024-09-30T00:00:00Z,2024-09-30T01:00:00Z,10.34
United Kingdom,GBR,2024-09-30T01:00:00Z,2024-09-30T02:00:00Z,11.42
United Kingdom,GBR,2024-09-30T02:00:00Z,2024-09-30T03:00:00Z,6.02
United Kingdom,GBR,2024-09-30T03:00:00Z,2024-09-30T04:00:00Z,25.22
United Kingdom,GBR,2024-09-30T04:00:00Z,2024-09-30T05:00:00Z,49.62
United Kingdom,GBR,2024-09-30T05:00:00Z,2024-09-30T06:00:00Z,91.36
United Kingdom,GBR,2024-09-30T06:00:00Z,2024-09-30T07:00:00Z,93.61
United Kingdom,GBR,2024-09-30T07:00:00Z,2024-09-30T08:00:00Z,95.25
United Kingdom,GBR,2024-09-30T08:00:00Z,2024-09-30T09:00:00Z,103.83
United Kingdom,GBR,2024-09-30T09:00:00Z,2024-09-30T10:00:00Z,109.33
United Kingdom,GBR,2024-09-30T10:00:00Z,2024-09-30T11:00:00Z,105.62
United Kingdom,GBR,2024-09-30T11:00:00Z,2024-09-30T12:00:00Z,106.79
United Kingdom,GBR,2024-09-30T12:00:00Z,2024-09-30T13:00:00Z,104.98
United Kingdom,GBR,2024-09-30T13:00:00Z,2024-09-30T14:00:00Z,103.94
United Kingdom,GBR,2024-09-30T14:00:00Z,2024-09-30T15:00:00Z,102.02
United Kingdom,GBR,2024-09-30T15:00:00Z,2024-09-30T16:00:00Z,103.19
United Kingdom,GBR,2024-09-30T16:00:00Z,2024-09-30T17:00:00Z,125.06
United Kingdom,GBR,2024-09-30T17:00:00Z,2024-09-30T18:00:00Z,131.02
United Kingdom,GBR,2024-09-30T18:00:00Z,2024-09-30T19:00:00Z,131.06
United Kingdom,GBR,2024-09-30T19:00:00Z,2024-09-30T20:00:00Z,105.98
United Kingdom,GBR,2024-09-30T20:00:00Z,2024-09-30T21:00:00Z,99.76
United Kingdom,GBR,2024-09-30T21:00:00Z,2024-09-30T22:00:00Z,100.03
United Kingdom,GBR,2024-09-30T22:00:00Z,2024-09-30T23:00:00Z,95.49
United Kingdom,GBR,2024-09-30T23:00:00Z,2024-10-01T00:00:00Z,65.52
United Kingdom,GBR,2024-10-01T00:00:00Z,2024-10-01T01:00:00Z,48.3
United Kingdom,GBR,2024-10-01T01:00:00Z,2024-10-01T02:00:00Z,27.19
United Kingdom,GBR,2024-10-01T02:00:00Z,2024-10-01T03:00:00Z,15.34
United Kingdom,GBR,2024-10-01T03:00:00Z,2024-10-01T04:00:00Z,22.13
United Kingdom,GBR,2024-10-01T04:00:00Z,2024-10-01T05:00:00Z,51.01
United Kingdom,GBR,2024-10-01T05:00:00Z,2024-10-01T06:00:00Z,94.81
United Kingdom,GBR,2024-10-01T06:00:00Z,2024-10-01T07:00:00Z,106.01
United Kingdom,GBR,2024-10-01T07:00:00Z,2024-10-01T08:00:00Z,118.01
United Kingdom,GBR,2024-10-01T08:00:00Z,2024-10-01T09:00:00Z,111.64
United Kingdom,GBR,2024-10-01T09:00:00Z,2024-10-01T10:00:00Z,94.29
United Kingdom,GBR,2024-10-01T10:00:00Z,2024-10-01T11:00:00Z,91.13
United Kingdom,GBR,2024-10-01T11:00:00Z,2024-10-01T12:00:00Z,90.22
United Kingdom,GBR,2024-10-01T12:00:00Z,2024-10-01T13:00:00Z,92.98
United Kingdom,GBR,2024-10-01T13:00:00Z,2024-10-01T14:00:00Z,86.77
United Kingdom,GBR,2024-10-01T14:00:00Z,2024-10-01T15:00:00Z,93.05
United Kingdom,GBR,2024-10-01T15:00:00Z,2024-10-01T16:00:00Z,99.71
United Kingdom,GBR,2024-10-01T16:00:00Z,2024-10-01T17:00:00Z,123.28
United Kingdom,GBR,2024-10-01T17:00:00Z,2024-10-01T18:00:00Z,137.87
United Kingdom,GBR,2024-10-01T18:00:00Z,2024-10-01T19:00:00Z,129.64
United Kingdom,GBR,2024-10-01T19:00:00Z,2024-10-01T20:00:00Z,102.61
United Kingdom,GBR,2024-10-01T20:00:00Z,2024-10-01T21:00:00Z,93.4
United Kingdom,GBR,2024-10-01T21:00:00Z,2024-10-01T22:00:00Z,90.68
United Kingdom,GBR,2024-10-01T22:00:00Z,2024-10-01T23:00:00Z,87.94
United Kingdom,GBR,2024-10-01T23:00:00Z,2024-10-02T00:00:00Z,78.26
United Kingdom,GBR,2024-10-02T00:00:00Z,2024-10-02T01:00:00Z,79.45
United Kingdom,GBR,2024-10-02T01:00:00Z,2024-10-02T02:00:00Z,80.05
United Kingdom,GBR,2024-10-02T02:00:00Z,2024-10-02T03:00:00Z,78.31
United Kingdom,GBR,2024-10-02T03:00:00Z,2024-10-02T04:00:00Z,78.41
United Kingdom,GBR,2024-10-02T04:00:00Z,2024-10-02T05:00:00Z,93.83
United Kingdom,GBR,2024-10-02T05:00:00Z,2024-10-02T06:00:00Z,113.27
United Kingdom,GBR,2024-10-02T06:00:00Z,2024-10-02T07:00:00Z,128.18
United Kingdom,GBR,2024-10-02T07:00:00Z,2024-10-02T08:00:00Z,115.07
United Kingdom,GBR,2024-10-02T08:00:00Z,2024-10-02T09:00:00Z,107.45
United Kingdom,GBR,2024-10-02T09:00:00Z,2024-10-02T10:00:00Z,93.2
United Kingdom,GBR,2024-10-02T10:00:00Z,2024-10-02T11:00:00Z,85.46
United Kingdom,GBR,2024-10-02T11:00:00Z,2024-10-02T12:00:00Z,85.14
United Kingdom,GBR,2024-10-02T12:00:00Z,2024-10-02T13:00:00Z,86.39
United Kingdom,GBR,2024-10-02T13:00:00Z,2024-10-02T14:00:00Z,85.81
United Kingdom,GBR,2024-10-02T14:00:00Z,2024-10-02T15:00:00Z,91.02
United Kingdom,GBR,2024-10-02T15:00:00Z,2024-10-02T16:00:00Z,102.24
United Kingdom,GBR,2024-10-02T16:00:00Z,2024-10-02T17:00:00Z,123.69
United Kingdom,GBR,2024-10-02T17:00:00Z,2024-10-02T18:00:00Z,141.03
United Kingdom,GBR,2024-10-02T18:00:00Z,2024-10-02T19:00:00Z,126.1
United Kingdom,GBR,2024-10-02T19:00:00Z,2024-10-02T20:00:00Z,103.77
United Kingdom,GBR,2024-10-02T20:00:00Z,2024-10-02T21:00:00Z,99
United Kingdom,GBR,2024-10-02T21:00:00Z,2024-10-02T22:00:00Z,91.51
United Kingdom,GBR,2024-10-02T22:00:00Z,2024-10-02T23:00:00Z,94.92
United Kingdom,GBR,2024-10-02T23:00:00Z,2024-10-03T00:00:00Z,89.41
United Kingdom,GBR,2024-10-03T00:00:00Z,2024-10-03T01:00:00Z,90.65
United Kingdom,GBR,2024-10-03T01:00:00Z,2024-10-03T02:00:00Z,89.94
United Kingdom,GBR,2024-10-03T02:00:00Z,2024-10-03T03:00:00Z,90.37
United Kingdom,GBR,2024-10-03T03:00:00Z,2024-10-03T04:00:00Z,92.17
United Kingdom,GBR,2024-10-03T04:00:00Z,2024-10-03T05:00:00Z,98.2
United Kingdom,GBR,2024-10-03T05:00:00Z,2024-10-03T06:00:00Z,115.47
United Kingdom,GBR,2024-10-03T06:00:00Z,2024-10-03T07:00:00Z,128.97
United Kingdom,GBR,2024-10-03T07:00:00Z,2024-10-03T08:00:00Z,130.32
United Kingdom,GBR,2024-10-03T08:00:00Z,2024-10-03T09:00:00Z,117.8
United Kingdom,GBR,2024-10-03T09:00:00Z,2024-10-03T10:00:00Z,102.66
United Kingdom,GBR,2024-10-03T10:00:00Z,2024-10-03T11:00:00Z,90.19
United Kingdom,GBR,2024-10-03T11:00:00Z,2024-10-03T12:00:00Z,88.58
United Kingdom,GBR,2024-10-03T12:00:00Z,2024-10-03T13:00:00Z,89.35
United Kingdom,GBR,2024-10-03T13:00:00Z,2024-10-03T14:00:00Z,90.15
United Kingdom,GBR,2024-10-03T14:00:00Z,2024-10-03T15:00:00Z,96.65
United Kingdom,GBR,2024-10-03T15:00:00Z,2024-10-03T16:00:00Z,105.67
United Kingdom,GBR,2024-10-03T16:00:00Z,2024-10-03T17:00:00Z,137.03
United Kingdom,GBR,2024-10-03T17:00:00Z,2024-10-03T18:00:00Z,150.66
United Kingdom,GBR,2024-10-03T18:00:00Z,2024-10-03T19:00:00Z,140.26
United Kingdom,GBR,2024-10-03T19:00:00Z,2024-10-03T20:00:00Z,112.71
United Kingdom,GBR,2024-10-03T20:00:00Z,2024-10-03T21:00:00Z,104.37
United Kingdom,GBR,2024-10-03T21:00:00Z,2024-10-03T22:00:00Z,96.05
United Kingdom,GBR,2024-10-03T22:00:00Z,2024-10-03T23:00:00Z,100.07
United Kingdom,GBR,2024-10-03T23:00:00Z,2024-10-04T00:00:00Z,94.22
United Kingdom,GBR,2024-10-04T00:00:00Z,2024-10-04T01:00:00Z,84.69
United Kingdom,GBR,2024-10-04T01:00:00Z,2024-10-04T02:00:00Z,86.4
United Kingdom,GBR,2024-10-04T02:00:00Z,2024-10-04T03:00:00Z,77.5
United Kingdom,GBR,2024-10-04T03:00:00Z,2024-10-04T04:00:00Z,84.81
United Kingdom,GBR,2024-10-04T04:00:00Z,2024-10-04T05:00:00Z,97.84
United Kingdom,GBR,2024-10-04T05:00:00Z,2024-10-04T06:00:00Z,121.88
United Kingdom,GBR,2024-10-04T06:00:00Z,2024-10-04T07:00:00Z,132.59
United Kingdom,GBR,2024-10-04T07:00:00Z,2024-10-04T08:00:00Z,122.8
United Kingdom,GBR,2024-10-04T08:00:00Z,2024-10-04T09:00:00Z,104.46
United Kingdom,GBR,2024-10-04T09:00:00Z,2024-10-04T10:00:00Z,96.61
United Kingdom,GBR,2024-10-04T10:00:00Z,2024-10-04T11:00:00Z,86.7
United Kingdom,GBR,2024-10-04T11:00:00Z,2024-10-04T12:00:00Z,79.53
United Kingdom,GBR,2024-10-04T12:00:00Z,2024-10-04T13:00:00Z,76.34
United Kingdom,GBR,2024-10-04T13:00:00Z,2024-10-04T14:00:00Z,82.47
United Kingdom,GBR,2024-10-04T14:00:00Z,2024-10-04T15:00:00Z,89.61
United Kingdom,GBR,2024-10-04T15:00:00Z,2024-10-04T16:00:00Z,99.99
United Kingdom,GBR,2024-10-04T16:00:00Z,2024-10-04T17:00:00Z,118.97
United Kingdom,GBR,2024-10-04T17:00:00Z,2024-10-04T18:00:00Z,139
United Kingdom,GBR,2024-10-04T18:00:00Z,2024-10-04T19:00:00Z,126.47
United Kingdom,GBR,2024-10-04T19:00:00Z,2024-10-04T20:00:00Z,101.9
United Kingdom,GBR,2024-10-04T20:00:00Z,2024-10-04T21:00:00Z,99.82
United Kingdom,GBR,2024-10-04T21:00:00Z,2024-10-04T22:00:00Z,93.33
United Kingdom,GBR,2024-10-04T22:00:00Z,2024-10-04T23:00:00Z,99.65
United Kingdom,GBR,2024-10-04T23:00:00Z,2024-10-05T00:00:00Z,94.09
United Kingdom,GBR,2024-10-05T00:00:00Z,2024-10-05T01:00:00Z,89.88
United Kingdom,GBR,2024-10-05T01:00:00Z,2024-10-05T02:00:00Z,85.68
United Kingdom,GBR,2024-10-05T02:00:00Z,2024-10-05T03:00:00Z,84.06
United Kingdom,GBR,2024-10-05T03:00:00Z,2024-10-05T04:00:00Z,83.49
United Kingdom,GBR,2024-10-05T04:00:00Z,2024-10-05T05:00:00Z,90.91
United Kingdom,GBR,2024-10-05T05:00:00Z,2024-10-05T06:00:00Z,106.4
United Kingdom,GBR,2024-10-05T06:00:00Z,2024-10-05T07:00:00Z,118.83
United Kingdom,GBR,2024-10-05T07:00:00Z,2024-10-05T08:00:00Z,110.8
United Kingdom,GBR,2024-10-05T08:00:00Z,2024-10-05T09:00:00Z,100.16
United Kingdom,GBR,2024-10-05T09:00:00Z,2024-10-05T10:00:00Z,85.41
United Kingdom,GBR,2024-10-05T10:00:00Z,2024-10-05T11:00:00Z,66.15
United Kingdom,GBR,2024-10-05T11:00:00Z,2024-10-05T12:00:00Z,53.93
United Kingdom,GBR,2024-10-05T12:00:00Z,2024-10-05T13:00:00Z,49.3
United Kingdom,GBR,2024-10-05T13:00:00Z,2024-10-05T14:00:00Z,55.39
United Kingdom,GBR,2024-10-05T14:00:00Z,2024-10-05T15:00:00Z,73.7
United Kingdom,GBR,2024-10-05T15:00:00Z,2024-10-05T16:00:00Z,86.49
United Kingdom,GBR,2024-10-05T16:00:00Z,2024-10-05T17:00:00Z,115.85
United Kingdom,GBR,2024-10-05T17:00:00Z,2024-10-05T18:00:00Z,137.12
United Kingdom,GBR,2024-10-05T18:00:00Z,2024-10-05T19:00:00Z,115.02
United Kingdom,GBR,2024-10-05T19:00:00Z,2024-10-05T20:00:00Z,93.32
United Kingdom,GBR,2024-10-05T20:00:00Z,2024-10-05T21:00:00Z,89.26
United Kingdom,GBR,2024-10-05T21:00:00Z,2024-10-05T22:00:00Z,80.91
United Kingdom,GBR,2024-10-05T22:00:00Z,2024-10-05T23:00:00Z,59.63
United Kingdom,GBR,2024-10-05T23:00:00Z,2024-10-06T00:00:00Z,46.4
United Kingdom,GBR,2024-10-06T00:00:00Z,2024-10-06T01:00:00Z,41.82
United Kingdom,GBR,2024-10-06T01:00:00Z,2024-10-06T02:00:00Z,40.6
United Kingdom,GBR,2024-10-06T02:00:00Z,2024-10-06T03:00:00Z,39.53
United Kingdom,GBR,2024-10-06T03:00:00Z,2024-10-06T04:00:00Z,36.57
United Kingdom,GBR,2024-10-06T04:00:00Z,2024-10-06T05:00:00Z,40.74
United Kingdom,GBR,2024-10-06T05:00:00Z,2024-10-06T06:00:00Z,58.54
United Kingdom,GBR,2024-10-06T06:00:00Z,2024-10-06T07:00:00Z,66.81
United Kingdom,GBR,2024-10-06T07:00:00Z,2024-10-06T08:00:00Z,60.07
United Kingdom,GBR,2024-10-06T08:00:00Z,2024-10-06T09:00:00Z,87
United Kingdom,GBR,2024-10-06T09:00:00Z,2024-10-06T10:00:00Z,108.11
United Kingdom,GBR,2024-10-06T10:00:00Z,2024-10-06T11:00:00Z,112.75
United Kingdom,GBR,2024-10-06T11:00:00Z,2024-10-06T12:00:00Z,109.81
United Kingdom,GBR,2024-10-06T12:00:00Z,2024-10-06T13:00:00Z,97.41
United Kingdom,GBR,2024-10-06T13:00:00Z,2024-10-06T14:00:00Z,101.65
United Kingdom,GBR,2024-10-06T14:00:00Z,2024-10-06T15:00:00Z,101.31
United Kingdom,GBR,2024-10-06T15:00:00Z,2024-10-06T16:00:00Z,110.04
United Kingdom,GBR,2024-10-06T16:00:00Z,2024-10-06T17:00:00Z,124.55
United Kingdom,GBR,2024-10-06T17:00:00Z,2024-10-06T18:00:00Z,134.51
United Kingdom,GBR,2024-10-06T18:00:00Z,2024-10-06T19:00:00Z,129.36
United Kingdom,GBR,2024-10-06T19:00:00Z,2024-10-06T20:00:00Z,108.2
United Kingdom,GBR,2024-10-06T20:00:00Z,2024-10-06T21:00:00Z,105.83
United Kingdom,GBR,2024-10-06T21:00:00Z,2024-10-06T22:00:00Z,94.7
United Kingdom,GBR,2024-10-06T22:00:00Z,2024-10-06T23:00:00Z,94.7
United Kingdom,GBR,2024-10-06T23:00:00Z,2024-10-07T00:00:00Z,83.81
United Kingdom,GBR,2024-10-07T00:00:00Z,2024-10-07T01:00:00Z,87.19
United Kingdom,GBR,2024-10-07T01:00:00Z,2024-10-07T02:00:00Z,82.51
United Kingdom,GBR,2024-10-07T02:00:00Z,2024-10-07T03:00:00Z,79.3
United Kingdom,GBR,2024-10-07T03:00:00Z,2024-10-07T04:00:00Z,77.57
United Kingdom,GBR,2024-10-07T04:00:00Z,2024-10-07T05:00:00Z,87.61
United Kingdom,GBR,2024-10-07T05:00:00Z,2024-10-07T06:00:00Z,113.5
United Kingdom,GBR,2024-10-07T06:00:00Z,2024-10-07T07:00:00Z,115.41
United Kingdom,GBR,2024-10-07T07:00:00Z,2024-10-07T08:00:00Z,118.56
United Kingdom,GBR,2024-10-07T08:00:00Z,2024-10-07T09:00:00Z,113.52
United Kingdom,GBR,2024-10-07T09:00:00Z,2024-10-07T10:00:00Z,107.22
United Kingdom,GBR,2024-10-07T10:00:00Z,2024-10-07T11:00:00Z,102.72
United Kingdom,GBR,2024-10-07T11:00:00Z,2024-10-07T12:00:00Z,102.5
United Kingdom,GBR,2024-10-07T12:00:00Z,2024-10-07T13:00:00Z,102.59
United Kingdom,GBR,2024-10-07T13:00:00Z,2024-10-07T14:00:00Z,104.2
United Kingdom,GBR,2024-10-07T14:00:00Z,2024-10-07T15:00:00Z,107.41
United Kingdom,GBR,2024-10-07T15:00:00Z,2024-10-07T16:00:00Z,112.1
United Kingdom,GBR,2024-10-07T16:00:00Z,2024-10-07T17:00:00Z,160.3
United Kingdom,GBR,2024-10-07T17:00:00Z,2024-10-07T18:00:00Z,179.46
United Kingdom,GBR,2024-10-07T18:00:00Z,2024-10-07T19:00:00Z,152.52
United Kingdom,GBR,2024-10-07T19:00:00Z,2024-10-07T20:00:00Z,114.13
United Kingdom,GBR,2024-10-07T20:00:00Z,2024-10-07T21:00:00Z,111.88
United Kingdom,GBR,2024-10-07T21:00:00Z,2024-10-07T22:00:00Z,103.67
United Kingdom,GBR,2024-10-07T22:00:00Z,2024-10-07T23:00:00Z,109.25
United Kingdom,GBR,2024-10-07T23:00:00Z,2024-10-08T00:00:00Z,106.94
United Kingdom,GBR,2024-10-08T00:00:00Z,2024-10-08T01:00:00Z,103.85
United Kingdom,GBR,2024-10-08T01:00:00Z,2024-10-08T02:00:00Z,96.59
United Kingdom,GBR,2024-10-08T02:00:00Z,2024-10-08T03:00:00Z,88.71
United Kingdom,GBR,2024-10-08T03:00:00Z,2024-10-08T04:00:00Z,84.14
United Kingdom,GBR,2024-10-08T04:00:00Z,2024-10-08T05:00:00Z,87.44
United Kingdom,GBR,2024-10-08T05:00:00Z,2024-10-08T06:00:00Z,110.14
United Kingdom,GBR,2024-10-08T06:00:00Z,2024-10-08T07:00:00Z,114.77
United Kingdom,GBR,2024-10-08T07:00:00Z,2024-10-08T08:00:00Z,128.33
United Kingdom,GBR,2024-10-08T08:00:00Z,2024-10-08T09:00:00Z,125.46
United Kingdom,GBR,2024-10-08T09:00:00Z,2024-10-08T10:00:00Z,110.23
United Kingdom,GBR,2024-10-08T10:00:00Z,2024-10-08T11:00:00Z,102.8
United Kingdom,GBR,2024-10-08T11:00:00Z,2024-10-08T12:00:00Z,96.34
United Kingdom,GBR,2024-10-08T12:00:00Z,2024-10-08T13:00:00Z,92.27
United Kingdom,GBR,2024-10-08T13:00:00Z,2024-10-08T14:00:00Z,90.98
United Kingdom,GBR,2024-10-08T14:00:00Z,2024-10-08T15:00:00Z,97.23
United Kingdom,GBR,2024-10-08T15:00:00Z,2024-10-08T16:00:00Z,116.1
United Kingdom,GBR,2024-10-08T16:00:00Z,2024-10-08T17:00:00Z,134.77
United Kingdom,GBR,2024-10-08T17:00:00Z,2024-10-08T18:00:00Z,144.97
United Kingdom,GBR,2024-10-08T18:00:00Z,2024-10-08T19:00:00Z,116.71
United Kingdom,GBR,2024-10-08T19:00:00Z,2024-10-08T20:00:00Z,99.74
United Kingdom,GBR,2024-10-08T20:00:00Z,2024-10-08T21:00:00Z,103.37
United Kingdom,GBR,2024-10-08T21:00:00Z,2024-10-08T22:00:00Z,94.95
United Kingdom,GBR,2024-10-08T22:00:00Z,2024-10-08T23:00:00Z,83.89
United Kingdom,GBR,2024-10-08T23:00:00Z,2024-10-09T00:00:00Z,72.14
United Kingdom,GBR,2024-10-09T00:00:00Z,2024-10-09T01:00:00Z,69.54
United Kingdom,GBR,2024-10-09T01:00:00Z,2024-10-09T02:00:00Z,63.97
United Kingdom,GBR,2024-10-09T02:00:00Z,2024-10-09T03:00:00Z,60.73
United Kingdom,GBR,2024-10-09T03:00:00Z,2024-10-09T04:00:00Z,61.6
United Kingdom,GBR,2024-10-09T04:00:00Z,2024-10-09T05:00:00Z,79.19
United Kingdom,GBR,2024-10-09T05:00:00Z,2024-10-09T06:00:00Z,105.4
United Kingdom,GBR,2024-10-09T06:00:00Z,2024-10-09T07:00:00Z,108.69
United Kingdom,GBR,2024-10-09T07:00:00Z,2024-10-09T08:00:00Z,119.15
United Kingdom,GBR,2024-10-09T08:00:00Z,2024-10-09T09:00:00Z,120.27
United Kingdom,GBR,2024-10-09T09:00:00Z,2024-10-09T10:00:00Z,114.19
United Kingdom,GBR,2024-10-09T10:00:00Z,2024-10-09T11:00:00Z,107.96
United Kingdom,GBR,2024-10-09T11:00:00Z,2024-10-09T12:00:00Z,98.22
United Kingdom,GBR,2024-10-09T12:00:00Z,2024-10-09T13:00:00Z,89.43
United Kingdom,GBR,2024-10-09T13:00:00Z,2024-10-09T14:00:00Z,87.55
United Kingdom,GBR,2024-10-09T14:00:00Z,2024-10-09T15:00:00Z,91.87
United Kingdom,GBR,2024-10-09T15:00:00Z,2024-10-09T16:00:00Z,103.87
United Kingdom,GBR,2024-10-09T16:00:00Z,2024-10-09T17:00:00Z,122.44
United Kingdom,GBR,2024-10-09T17:00:00Z,2024-10-09T18:00:00Z,133.01
United Kingdom,GBR,2024-10-09T18:00:00Z,2024-10-09T19:00:00Z,117.26
United Kingdom,GBR,2024-10-09T19:00:00Z,2024-10-09T20:00:00Z,94.08
United Kingdom,GBR,2024-10-09T20:00:00Z,2024-10-09T21:00:00Z,98.58
United Kingdom,GBR,2024-10-09T21:00:00Z,2024-10-09T22:00:00Z,77.08
United Kingdom,GBR,2024-10-09T22:00:00Z,2024-10-09T23:00:00Z,54.69
United Kingdom,GBR,2024-10-09T23:00:00Z,2024-10-10T00:00:00Z,45.94
United Kingdom,GBR,2024-10-10T00:00:00Z,2024-10-10T01:00:00Z,41.95
United Kingdom,GBR,2024-10-10T01:00:00Z,2024-10-10T02:00:00Z,38.8
United Kingdom,GBR,2024-10-10T02:00:00Z,2024-10-10T03:00:00Z,34.67
United Kingdom,GBR,2024-10-10T03:00:00Z,2024-10-10T04:00:00Z,40.57
United Kingdom,GBR,2024-10-10T04:00:00Z,2024-10-10T05:00:00Z,55.54
United Kingdom,GBR,2024-10-10T05:00:00Z,2024-10-10T06:00:00Z,91.59
United Kingdom,GBR,2024-10-10T06:00:00Z,2024-10-10T07:00:00Z,102.73
United Kingdom,GBR,2024-10-10T07:00:00Z,2024-10-10T08:00:00Z,114.32
United Kingdom,GBR,2024-10-10T08:00:00Z,2024-10-10T09:00:00Z,114.15
United Kingdom,GBR,2024-10-10T09:00:00Z,2024-10-10T10:00:00Z,102.34
United Kingdom,GBR,2024-10-10T10:00:00Z,2024-10-10T11:00:00Z,93.97
United Kingdom,GBR,2024-10-10T11:00:00Z,2024-10-10T12:00:00Z,92.31
United Kingdom,GBR,2024-10-10T12:00:00Z,2024-10-10T13:00:00Z,93.15
United Kingdom,GBR,2024-10-10T13:00:00Z,2024-10-10T14:00:00Z,91.52
United Kingdom,GBR,2024-10-10T14:00:00Z,2024-10-10T15:00:00Z,88.46
United Kingdom,GBR,2024-10-10T15:00:00Z,2024-10-10T16:00:00Z,102.69
United Kingdom,GBR,2024-10-10T16:00:00Z,2024-10-10T17:00:00Z,117.41
United Kingdom,GBR,2024-10-10T17:00:00Z,2024-10-10T18:00:00Z,138.61
United Kingdom,GBR,2024-10-10T18:00:00Z,2024-10-10T19:00:00Z,128.98
United Kingdom,GBR,2024-10-10T19:00:00Z,2024-10-10T20:00:00Z,109.78
United Kingdom,GBR,2024-10-10T20:00:00Z,2024-10-10T21:00:00Z,98.1
United Kingdom,GBR,2024-10-10T21:00:00Z,2024-10-10T22:00:00Z,94.51
United Kingdom,GBR,2024-10-10T22:00:00Z,2024-10-10T23:00:00Z,109.21
United Kingdom,GBR,2024-10-10T23:00:00Z,2024-10-11T00:00:00Z,100.61
United Kingdom,GBR,2024-10-11T00:00:00Z,2024-10-11T01:00:00Z,93.4
United Kingdom,GBR,2024-10-11T01:00:00Z,2024-10-11T02:00:00Z,87.64
United Kingdom,GBR,2024-10-11T02:00:00Z,2024-10-11T03:00:00Z,78.95
United Kingdom,GBR,2024-10-11T03:00:00Z,2024-10-11T04:00:00Z,77.53
United Kingdom,GBR,2024-10-11T04:00:00Z,2024-10-11T05:00:00Z,96.09
United Kingdom,GBR,2024-10-11T05:00:00Z,2024-10-11T06:00:00Z,113.78
United Kingdom,GBR,2024-10-11T06:00:00Z,2024-10-11T07:00:00Z,130.92
United Kingdom,GBR,2024-10-11T07:00:00Z,2024-10-11T08:00:00Z,133.92
United Kingdom,GBR,2024-10-11T08:00:00Z,2024-10-11T09:00:00Z,124.69
United Kingdom,GBR,2024-10-11T09:00:00Z,2024-10-11T10:00:00Z,102.77
United Kingdom,GBR,2024-10-11T10:00:00Z,2024-10-11T11:00:00Z,94.35
United Kingdom,GBR,2024-10-11T11:00:00Z,2024-10-11T12:00:00Z,91.29
United Kingdom,GBR,2024-10-11T12:00:00Z,2024-10-11T13:00:00Z,84.63
United Kingdom,GBR,2024-10-11T13:00:00Z,2024-10-11T14:00:00Z,84.24
United Kingdom,GBR,2024-10-11T14:00:00Z,2024-10-11T15:00:00Z,88.06
United Kingdom,GBR,2024-10-11T15:00:00Z,2024-10-11T16:00:00Z,104.78
United Kingdom,GBR,2024-10-11T16:00:00Z,2024-10-11T17:00:00Z,135.6
United Kingdom,GBR,2024-10-11T17:00:00Z,2024-10-11T18:00:00Z,154.85
United Kingdom,GBR,2024-10-11T18:00:00Z,2024-10-11T19:00:00Z,129.41
United Kingdom,GBR,2024-10-11T19:00:00Z,2024-10-11T20:00:00Z,104.16
United Kingdom,GBR,2024-10-11T20:00:00Z,2024-10-11T21:00:00Z,102.16
United Kingdom,GBR,2024-10-11T21:00:00Z,2024-10-11T22:00:00Z,93.99
United Kingdom,GBR,2024-10-11T22:00:00Z,2024-10-11T23:00:00Z,107.49
United Kingdom,GBR,2024-10-11T23:00:00Z,2024-10-12T00:00:00Z,106.58
United Kingdom,GBR,2024-10-12T00:00:00Z,2024-10-12T01:00:00Z,104.57
United Kingdom,GBR,2024-10-12T01:00:00Z,2024-10-12T02:00:00Z,93.84
United Kingdom,GBR,2024-10-12T02:00:00Z,2024-10-12T03:00:00Z,89.52
United Kingdom,GBR,2024-10-12T03:00:00Z,2024-10-12T04:00:00Z,81.19
United Kingdom,GBR,2024-10-12T04:00:00Z,2024-10-12T05:00:00Z,88.81
United Kingdom,GBR,2024-10-12T05:00:00Z,2024-10-12T06:00:00Z,102.28
United Kingdom,GBR,2024-10-12T06:00:00Z,2024-10-12T07:00:00Z,113.55
United Kingdom,GBR,2024-10-12T07:00:00Z,2024-10-12T08:00:00Z,117.07
United Kingdom,GBR,2024-10-12T08:00:00Z,2024-10-12T09:00:00Z,121.93
United Kingdom,GBR,2024-10-12T09:00:00Z,2024-10-12T10:00:00Z,110.16
United Kingdom,GBR,2024-10-12T10:00:00Z,2024-10-12T11:00:00Z,103.49
United Kingdom,GBR,2024-10-12T11:00:00Z,2024-10-12T12:00:00Z,92.96
United Kingdom,GBR,2024-10-12T12:00:00Z,2024-10-12T13:00:00Z,78.56
United Kingdom,GBR,2024-10-12T13:00:00Z,2024-10-12T14:00:00Z,58
United Kingdom,GBR,2024-10-12T14:00:00Z,2024-10-12T15:00:00Z,67.56
United Kingdom,GBR,2024-10-12T15:00:00Z,2024-10-12T16:00:00Z,95.84
United Kingdom,GBR,2024-10-12T16:00:00Z,2024-10-12T17:00:00Z,117.81
United Kingdom,GBR,2024-10-12T17:00:00Z,2024-10-12T18:00:00Z,132.58
United Kingdom,GBR,2024-10-12T18:00:00Z,2024-10-12T19:00:00Z,120.84
United Kingdom,GBR,2024-10-12T19:00:00Z,2024-10-12T20:00:00Z,95.72
United Kingdom,GBR,2024-10-12T20:00:00Z,2024-10-12T21:00:00Z,69.88
United Kingdom,GBR,2024-10-12T21:00:00Z,2024-10-12T22:00:00Z,34.28
United Kingdom,GBR,2024-10-12T22:00:00Z,2024-10-12T23:00:00Z,0.81
United Kingdom,GBR,2024-10-12T23:00:00Z,2024-10-13T00:00:00Z,-0.6
United Kingdom,GBR,2024-10-13T00:00:00Z,2024-10-13T01:00:00Z,-1.06
United Kingdom,GBR,2024-10-13T01:00:00Z,2024-10-13T02:00:00Z,-0.88
United Kingdom,GBR,2024-10-13T02:00:00Z,2024-10-13T03:00:00Z,-0.35
United Kingdom,GBR,2024-10-13T03:00:00Z,2024-10-13T04:00:00Z,-0.92
United Kingdom,GBR,2024-10-13T04:00:00Z,2024-10-13T05:00:00Z,5.05
United Kingdom,GBR,2024-10-13T05:00:00Z,2024-10-13T06:00:00Z,25.2
United Kingdom,GBR,2024-10-13T06:00:00Z,2024-10-13T07:00:00Z,78.84
United Kingdom,GBR,2024-10-13T07:00:00Z,2024-10-13T08:00:00Z,101.86
United Kingdom,GBR,2024-10-13T08:00:00Z,2024-10-13T09:00:00Z,110.45
United Kingdom,GBR,2024-10-13T09:00:00Z,2024-10-13T10:00:00Z,107.85
United Kingdom,GBR,2024-10-13T10:00:00Z,2024-10-13T11:00:00Z,103.84
United Kingdom,GBR,2024-10-13T11:00:00Z,2024-10-13T12:00:00Z,112.96
United Kingdom,GBR,2024-10-13T12:00:00Z,2024-10-13T13:00:00Z,106.7
United Kingdom,GBR,2024-10-13T13:00:00Z,2024-10-13T14:00:00Z,111.71
United Kingdom,GBR,2024-10-13T14:00:00Z,2024-10-13T15:00:00Z,108.72
United Kingdom,GBR,2024-10-13T15:00:00Z,2024-10-13T16:00:00Z,119.16
United Kingdom,GBR,2024-10-13T16:00:00Z,2024-10-13T17:00:00Z,152.83
United Kingdom,GBR,2024-10-13T17:00:00Z,2024-10-13T18:00:00Z,163.18
United Kingdom,GBR,2024-10-13T18:00:00Z,2024-10-13T19:00:00Z,148.28
United Kingdom,GBR,2024-10-13T19:00:00Z,2024-10-13T20:00:00Z,120.95
United Kingdom,GBR,2024-10-13T20:00:00Z,2024-10-13T21:00:00Z,107.07
United Kingdom,GBR,2024-10-13T21:00:00Z,2024-10-13T22:00:00Z,100.71
United Kingdom,GBR,2024-10-13T22:00:00Z,2024-10-13T23:00:00Z,105.14
United Kingdom,GBR,2024-10-13T23:00:00Z,2024-10-14T00:00:00Z,96.15
United Kingdom,GBR,2024-10-14T00:00:00Z,2024-10-14T01:00:00Z,94.81
United Kingdom,GBR,2024-10-14T01:00:00Z,2024-10-14T02:00:00Z,93.36
United Kingdom,GBR,2024-10-14T02:00:00Z,2024-10-14T03:00:00Z,90.77
United Kingdom,GBR,2024-10-14T03:00:00Z,2024-10-14T04:00:00Z,92.25
United Kingdom,GBR,2024-10-14T04:00:00Z,2024-10-14T05:00:00Z,107.88
United Kingdom,GBR,2024-10-14T05:00:00Z,2024-10-14T06:00:00Z,117.46
United Kingdom,GBR,2024-10-14T06:00:00Z,2024-10-14T07:00:00Z,141.66
United Kingdom,GBR,2024-10-14T07:00:00Z,2024-10-14T08:00:00Z,136.38
United Kingdom,GBR,2024-10-14T08:00:00Z,2024-10-14T09:00:00Z,136.86
United Kingdom,GBR,2024-10-14T09:00:00Z,2024-10-14T10:00:00Z,124.11
United Kingdom,GBR,2024-10-14T10:00:00Z,2024-10-14T11:00:00Z,111.85
United Kingdom,GBR,2024-10-14T11:00:00Z,2024-10-14T12:00:00Z,101.44
United Kingdom,GBR,2024-10-14T12:00:00Z,2024-10-14T13:00:00Z,105.85
United Kingdom,GBR,2024-10-14T13:00:00Z,2024-10-14T14:00:00Z,103.97
United Kingdom,GBR,2024-10-14T14:00:00Z,2024-10-14T15:00:00Z,119.77
United Kingdom,GBR,2024-10-14T15:00:00Z,2024-10-14T16:00:00Z,155.69
United Kingdom,GBR,2024-10-14T16:00:00Z,2024-10-14T17:00:00Z,213.71
United Kingdom,GBR,2024-10-14T17:00:00Z,2024-10-14T18:00:00Z,231.5
United Kingdom,GBR,2024-10-14T18:00:00Z,2024-10-14T19:00:00Z,166.79
United Kingdom,GBR,2024-10-14T19:00:00Z,2024-10-14T20:00:00Z,120.95
United Kingdom,GBR,2024-10-14T20:00:00Z,2024-10-14T21:00:00Z,109.07
United Kingdom,GBR,2024-10-14T21:00:00Z,2024-10-14T22:00:00Z,101.85
United Kingdom,GBR,2024-10-14T22:00:00Z,2024-10-14T23:00:00Z,109.41
United Kingdom,GBR,2024-10-14T23:00:00Z,2024-10-15T00:00:00Z,103.84
United Kingdom,GBR,2024-10-15T00:00:00Z,2024-10-15T01:00:00Z,97.15
United Kingdom,GBR,2024-10-15T01:00:00Z,2024-10-15T02:00:00Z,90.36
United Kingdom,GBR,2024-10-15T02:00:00Z,2024-10-15T03:00:00Z,90.32
United Kingdom,GBR,2024-10-15T03:00:00Z,2024-10-15T04:00:00Z,90.96
United Kingdom,GBR,2024-10-15T04:00:00Z,2024-10-15T05:00:00Z,103.01
United Kingdom,GBR,2024-10-15T05:00:00Z,2024-10-15T06:00:00Z,116.63
United Kingdom,GBR,2024-10-15T06:00:00Z,2024-10-15T07:00:00Z,148.44
United Kingdom,GBR,2024-10-15T07:00:00Z,2024-10-15T08:00:00Z,121.05
United Kingdom,GBR,2024-10-15T08:00:00Z,2024-10-15T09:00:00Z,106.54
United Kingdom,GBR,2024-10-15T09:00:00Z,2024-10-15T10:00:00Z,95.56
United Kingdom,GBR,2024-10-15T10:00:00Z,2024-10-15T11:00:00Z,94.6
United Kingdom,GBR,2024-10-15T11:00:00Z,2024-10-15T12:00:00Z,90.54
United Kingdom,GBR,2024-10-15T12:00:00Z,2024-10-15T13:00:00Z,85.05
United Kingdom,GBR,2024-10-15T13:00:00Z,2024-10-15T14:00:00Z,86.45
United Kingdom,GBR,2024-10-15T14:00:00Z,2024-10-15T15:00:00Z,91.88
United Kingdom,GBR,2024-10-15T15:00:00Z,2024-10-15T16:00:00Z,113.57
United Kingdom,GBR,2024-10-15T16:00:00Z,2024-10-15T17:00:00Z,137.06
United Kingdom,GBR,2024-10-15T17:00:00Z,2024-10-15T18:00:00Z,128.58
United Kingdom,GBR,2024-10-15T18:00:00Z,2024-10-15T19:00:00Z,107.63
United Kingdom,GBR,2024-10-15T19:00:00Z,2024-10-15T20:00:00Z,99.71
United Kingdom,GBR,2024-10-15T20:00:00Z,2024-10-15T21:00:00Z,96.48
United Kingdom,GBR,2024-10-15T21:00:00Z,2024-10-15T22:00:00Z,76.62
United Kingdom,GBR,2024-10-15T22:00:00Z,2024-10-15T23:00:00Z,34.51
United Kingdom,GBR,2024-10-15T23:00:00Z,2024-10-16T00:00:00Z,16.59
United Kingdom,GBR,2024-10-16T00:00:00Z,2024-10-16T01:00:00Z,12.57
United Kingdom,GBR,2024-10-16T01:00:00Z,2024-10-16T02:00:00Z,6.25
United Kingdom,GBR,2024-10-16T02:00:00Z,2024-10-16T03:00:00Z,6.33
United Kingdom,GBR,2024-10-16T03:00:00Z,2024-10-16T04:00:00Z,8.07
United Kingdom,GBR,2024-10-16T04:00:00Z,2024-10-16T05:00:00Z,46.68
United Kingdom,GBR,2024-10-16T05:00:00Z,2024-10-16T06:00:00Z,79.29
United Kingdom,GBR,2024-10-16T06:00:00Z,2024-10-16T07:00:00Z,98.09
United Kingdom,GBR,2024-10-16T07:00:00Z,2024-10-16T08:00:00Z,97.73
United Kingdom,GBR,2024-10-16T08:00:00Z,2024-10-16T09:00:00Z,102.21
United Kingdom,GBR,2024-10-16T09:00:00Z,2024-10-16T10:00:00Z,102.31
United Kingdom,GBR,2024-10-16T10:00:00Z,2024-10-16T11:00:00Z,104.3
United Kingdom,GBR,2024-10-16T11:00:00Z,2024-10-16T12:00:00Z,106.42
United Kingdom,GBR,2024-10-16T12:00:00Z,2024-10-16T13:00:00Z,107.34
United Kingdom,GBR,2024-10-16T13:00:00Z,2024-10-16T14:00:00Z,106.39
United Kingdom,GBR,2024-10-16T14:00:00Z,2024-10-16T15:00:00Z,104.34
United Kingdom,GBR,2024-10-16T15:00:00Z,2024-10-16T16:00:00Z,110.38
United Kingdom,GBR,2024-10-16T16:00:00Z,2024-10-16T17:00:00Z,122.57
United Kingdom,GBR,2024-10-16T17:00:00Z,2024-10-16T18:00:00Z,132.18
United Kingdom,GBR,2024-10-16T18:00:00Z,2024-10-16T19:00:00Z,121.38
United Kingdom,GBR,2024-10-16T19:00:00Z,2024-10-16T20:00:00Z,106.2
United Kingdom,GBR,2024-10-16T20:00:00Z,2024-10-16T21:00:00Z,101.18
United Kingdom,GBR,2024-10-16T21:00:00Z,2024-10-16T22:00:00Z,95.84
United Kingdom,GBR,2024-10-16T22:00:00Z,2024-10-16T23:00:00Z,99.95
United Kingdom,GBR,2024-10-16T23:00:00Z,2024-10-17T00:00:00Z,98.04
United Kingdom,GBR,2024-10-17T00:00:00Z,2024-10-17T01:00:00Z,95.46
United Kingdom,GBR,2024-10-17T01:00:00Z,2024-10-17T02:00:00Z,88.57
United Kingdom,GBR,2024-10-17T02:00:00Z,2024-10-17T03:00:00Z,80.63
United Kingdom,GBR,2024-10-17T03:00:00Z,2024-10-17T04:00:00Z,78.97
United Kingdom,GBR,2024-10-17T04:00:00Z,2024-10-17T05:00:00Z,87.06
United Kingdom,GBR,2024-10-17T05:00:00Z,2024-10-17T06:00:00Z,110.66
United Kingdom,GBR,2024-10-17T06:00:00Z,2024-10-17T07:00:00Z,119.05
United Kingdom,GBR,2024-10-17T07:00:00Z,2024-10-17T08:00:00Z,129.91
United Kingdom,GBR,2024-10-17T08:00:00Z,2024-10-17T09:00:00Z,124.81
United Kingdom,GBR,2024-10-17T09:00:00Z,2024-10-17T10:00:00Z,108.79
United Kingdom,GBR,2024-10-17T10:00:00Z,2024-10-17T11:00:00Z,97.4
United Kingdom,GBR,2024-10-17T11:00:00Z,2024-10-17T12:00:00Z,91.57
United Kingdom,GBR,2024-10-17T12:00:00Z,2024-10-17T13:00:00Z,92.05
United Kingdom,GBR,2024-10-17T13:00:00Z,2024-10-17T14:00:00Z,92.26
United Kingdom,GBR,2024-10-17T14:00:00Z,2024-10-17T15:00:00Z,103.98
United Kingdom,GBR,2024-10-17T15:00:00Z,2024-10-17T16:00:00Z,114.65
United Kingdom,GBR,2024-10-17T16:00:00Z,2024-10-17T17:00:00Z,151.58
United Kingdom,GBR,2024-10-17T17:00:00Z,2024-10-17T18:00:00Z,169.65
United Kingdom,GBR,2024-10-17T18:00:00Z,2024-10-17T19:00:00Z,132.23
United Kingdom,GBR,2024-10-17T19:00:00Z,2024-10-17T20:00:00Z,111.75
United Kingdom,GBR,2024-10-17T20:00:00Z,2024-10-17T21:00:00Z,110.64
United Kingdom,GBR,2024-10-17T21:00:00Z,2024-10-17T22:00:00Z,105.19
United Kingdom,GBR,2024-10-17T22:00:00Z,2024-10-17T23:00:00Z,102.33
United Kingdom,GBR,2024-10-17T23:00:00Z,2024-10-18T00:00:00Z,93.58
United Kingdom,GBR,2024-10-18T00:00:00Z,2024-10-18T01:00:00Z,99.2
United Kingdom,GBR,2024-10-18T01:00:00Z,2024-10-18T02:00:00Z,99.72
United Kingdom,GBR,2024-10-18T02:00:00Z,2024-10-18T03:00:00Z,98.18
United Kingdom,GBR,2024-10-18T03:00:00Z,2024-10-18T04:00:00Z,96
United Kingdom,GBR,2024-10-18T04:00:00Z,2024-10-18T05:00:00Z,105.88
United Kingdom,GBR,2024-10-18T05:00:00Z,2024-10-18T06:00:00Z,125.89
United Kingdom,GBR,2024-10-18T06:00:00Z,2024-10-18T07:00:00Z,143.42
United Kingdom,GBR,2024-10-18T07:00:00Z,2024-10-18T08:00:00Z,119.65
United Kingdom,GBR,2024-10-18T08:00:00Z,2024-10-18T09:00:00Z,103.39
United Kingdom,GBR,2024-10-18T09:00:00Z,2024-10-18T10:00:00Z,95.07
United Kingdom,GBR,2024-10-18T10:00:00Z,2024-10-18T11:00:00Z,87.4
United Kingdom,GBR,2024-10-18T11:00:00Z,2024-10-18T12:00:00Z,84.84
United Kingdom,GBR,2024-10-18T12:00:00Z,2024-10-18T13:00:00Z,84.26
United Kingdom,GBR,2024-10-18T13:00:00Z,2024-10-18T14:00:00Z,85.85
United Kingdom,GBR,2024-10-18T14:00:00Z,2024-10-18T15:00:00Z,89.46
United Kingdom,GBR,2024-10-18T15:00:00Z,2024-10-18T16:00:00Z,110.08
United Kingdom,GBR,2024-10-18T16:00:00Z,2024-10-18T17:00:00Z,137.07
United Kingdom,GBR,2024-10-18T17:00:00Z,2024-10-18T18:00:00Z,142.82
United Kingdom,GBR,2024-10-18T18:00:00Z,2024-10-18T19:00:00Z,108.27
United Kingdom,GBR,2024-10-18T19:00:00Z,2024-10-18T20:00:00Z,100.25
United Kingdom,GBR,2024-10-18T20:00:00Z,2024-10-18T21:00:00Z,95.81
United Kingdom,GBR,2024-10-18T21:00:00Z,2024-10-18T22:00:00Z,92.58
United Kingdom,GBR,2024-10-18T22:00:00Z,2024-10-18T23:00:00Z,85.91
United Kingdom,GBR,2024-10-18T23:00:00Z,2024-10-19T00:00:00Z,88.28
United Kingdom,GBR,2024-10-19T00:00:00Z,2024-10-19T01:00:00Z,92.79
United Kingdom,GBR,2024-10-19T01:00:00Z,2024-10-19T02:00:00Z,91.78
United Kingdom,GBR,2024-10-19T02:00:00Z,2024-10-19T03:00:00Z,86.23
United Kingdom,GBR,2024-10-19T03:00:00Z,2024-10-19T04:00:00Z,87.78
United Kingdom,GBR,2024-10-19T04:00:00Z,2024-10-19T05:00:00Z,84.3
United Kingdom,GBR,2024-10-19T05:00:00Z,2024-10-19T06:00:00Z,102.84
United Kingdom,GBR,2024-10-19T06:00:00Z,2024-10-19T07:00:00Z,100.11
United Kingdom,GBR,2024-10-19T07:00:00Z,2024-10-19T08:00:00Z,103.41
United Kingdom,GBR,2024-10-19T08:00:00Z,2024-10-19T09:00:00Z,115.36
United Kingdom,GBR,2024-10-19T09:00:00Z,2024-10-19T10:00:00Z,114.19
United Kingdom,GBR,2024-10-19T10:00:00Z,2024-10-19T11:00:00Z,103.51
United Kingdom,GBR,2024-10-19T11:00:00Z,2024-10-19T12:00:00Z,95.33
United Kingdom,GBR,2024-10-19T12:00:00Z,2024-10-19T13:00:00Z,91.18
United Kingdom,GBR,2024-10-19T13:00:00Z,2024-10-19T14:00:00Z,89.51
United Kingdom,GBR,2024-10-19T14:00:00Z,2024-10-19T15:00:00Z,99.3
United Kingdom,GBR,2024-10-19T15:00:00Z,2024-10-19T16:00:00Z,107.97
United Kingdom,GBR,2024-10-19T16:00:00Z,2024-10-19T17:00:00Z,134
United Kingdom,GBR,2024-10-19T17:00:00Z,2024-10-19T18:00:00Z,143.57
United Kingdom,GBR,2024-10-19T18:00:00Z,2024-10-19T19:00:00Z,129.33
United Kingdom,GBR,2024-10-19T19:00:00Z,2024-10-19T20:00:00Z,109.66
United Kingdom,GBR,2024-10-19T20:00:00Z,2024-10-19T21:00:00Z,106.91
United Kingdom,GBR,2024-10-19T21:00:00Z,2024-10-19T22:00:00Z,105.26
United Kingdom,GBR,2024-10-19T22:00:00Z,2024-10-19T23:00:00Z,111.84
United Kingdom,GBR,2024-10-19T23:00:00Z,2024-10-20T00:00:00Z,106.54
United Kingdom,GBR,2024-10-20T00:00:00Z,2024-10-20T01:00:00Z,119.55
United Kingdom,GBR,2024-10-20T01:00:00Z,2024-10-20T02:00:00Z,88.26
United Kingdom,GBR,2024-10-20T02:00:00Z,2024-10-20T03:00:00Z,59.45
United Kingdom,GBR,2024-10-20T03:00:00Z,2024-10-20T04:00:00Z,30.63
United Kingdom,GBR,2024-10-20T04:00:00Z,2024-10-20T05:00:00Z,17.76
United Kingdom,GBR,2024-10-20T05:00:00Z,2024-10-20T06:00:00Z,5.82
United Kingdom,GBR,2024-10-20T06:00:00Z,2024-10-20T07:00:00Z,11.7
United Kingdom,GBR,2024-10-20T07:00:00Z,2024-10-20T08:00:00Z,13.2
United Kingdom,GBR,2024-10-20T08:00:00Z,2024-10-20T09:00:00Z,14.49
United Kingdom,GBR,2024-10-20T09:00:00Z,2024-10-20T10:00:00Z,15.66
United Kingdom,GBR,2024-10-20T10:00:00Z,2024-10-20T11:00:00Z,15.33
United Kingdom,GBR,2024-10-20T11:00:00Z,2024-10-20T12:00:00Z,18.19
United Kingdom,GBR,2024-10-20T12:00:00Z,2024-10-20T13:00:00Z,15.02
United Kingdom,GBR,2024-10-20T13:00:00Z,2024-10-20T14:00:00Z,11.95
United Kingdom,GBR,2024-10-20T14:00:00Z,2024-10-20T15:00:00Z,20.22
United Kingdom,GBR,2024-10-20T15:00:00Z,2024-10-20T16:00:00Z,48.84
United Kingdom,GBR,2024-10-20T16:00:00Z,2024-10-20T17:00:00Z,88.49
United Kingdom,GBR,2024-10-20T17:00:00Z,2024-10-20T18:00:00Z,110.27
United Kingdom,GBR,2024-10-20T18:00:00Z,2024-10-20T19:00:00Z,88.2
United Kingdom,GBR,2024-10-20T19:00:00Z,2024-10-20T20:00:00Z,44.37
United Kingdom,GBR,2024-10-20T20:00:00Z,2024-10-20T21:00:00Z,20.93
United Kingdom,GBR,2024-10-20T21:00:00Z,2024-10-20T22:00:00Z,1.03
United Kingdom,GBR,2024-10-20T22:00:00Z,2024-10-20T23:00:00Z,-2.57
United Kingdom,GBR,2024-10-20T23:00:00Z,2024-10-21T00:00:00Z,-6.73
United Kingdom,GBR,2024-10-21T00:00:00Z,2024-10-21T01:00:00Z,-7.2
United Kingdom,GBR,2024-10-21T01:00:00Z,2024-10-21T02:00:00Z,-7.2
United Kingdom,GBR,2024-10-21T02:00:00Z,2024-10-21T03:00:00Z,-7.11
United Kingdom,GBR,2024-10-21T03:00:00Z,2024-10-21T04:00:00Z,-6.08
United Kingdom,GBR,2024-10-21T04:00:00Z,2024-10-21T05:00:00Z,7.86
United Kingdom,GBR,2024-10-21T05:00:00Z,2024-10-21T06:00:00Z,71.77
United Kingdom,GBR,2024-10-21T06:00:00Z,2024-10-21T07:00:00Z,97.35
United Kingdom,GBR,2024-10-21T07:00:00Z,2024-10-21T08:00:00Z,98.01
United Kingdom,GBR,2024-10-21T08:00:00Z,2024-10-21T09:00:00Z,102.87
United Kingdom,GBR,2024-10-21T09:00:00Z,2024-10-21T10:00:00Z,98.77
United Kingdom,GBR,2024-10-21T10:00:00Z,2024-10-21T11:00:00Z,90.37
United Kingdom,GBR,2024-10-21T11:00:00Z,2024-10-21T12:00:00Z,88.46
United Kingdom,GBR,2024-10-21T12:00:00Z,2024-10-21T13:00:00Z,83.52
United Kingdom,GBR,2024-10-21T13:00:00Z,2024-10-21T14:00:00Z,89.44
United Kingdom,GBR,2024-10-21T14:00:00Z,2024-10-21T15:00:00Z,89.47
United Kingdom,GBR,2024-10-21T15:00:00Z,2024-10-21T16:00:00Z,103.72
United Kingdom,GBR,2024-10-21T16:00:00Z,2024-10-21T17:00:00Z,140.76
United Kingdom,GBR,2024-10-21T17:00:00Z,2024-10-21T18:00:00Z,154.91
United Kingdom,GBR,2024-10-21T18:00:00Z,2024-10-21T19:00:00Z,122.47
United Kingdom,GBR,2024-10-21T19:00:00Z,2024-10-21T20:00:00Z,98.83
United Kingdom,GBR,2024-10-21T20:00:00Z,2024-10-21T21:00:00Z,95.94
United Kingdom,GBR,2024-10-21T21:00:00Z,2024-10-21T22:00:00Z,93.78
United Kingdom,GBR,2024-10-21T22:00:00Z,2024-10-21T23:00:00Z,89.83
United Kingdom,GBR,2024-10-21T23:00:00Z,2024-10-22T00:00:00Z,82.76
United Kingdom,GBR,2024-10-22T00:00:00Z,2024-10-22T01:00:00Z,82.25
United Kingdom,GBR,2024-10-22T01:00:00Z,2024-10-22T02:00:00Z,81.2
United Kingdom,GBR,2024-10-22T02:00:00Z,2024-10-22T03:00:00Z,81.53
United Kingdom,GBR,2024-10-22T03:00:00Z,2024-10-22T04:00:00Z,85.09
United Kingdom,GBR,2024-10-22T04:00:00Z,2024-10-22T05:00:00Z,96.86
United Kingdom,GBR,2024-10-22T05:00:00Z,2024-10-22T06:00:00Z,111.26
United Kingdom,GBR,2024-10-22T06:00:00Z,2024-10-22T07:00:00Z,137.53
United Kingdom,GBR,2024-10-22T07:00:00Z,2024-10-22T08:00:00Z,118.03
United Kingdom,GBR,2024-10-22T08:00:00Z,2024-10-22T09:00:00Z,109.73
United Kingdom,GBR,2024-10-22T09:00:00Z,2024-10-22T10:00:00Z,100.28
United Kingdom,GBR,2024-10-22T10:00:00Z,2024-10-22T11:00:00Z,88.87
United Kingdom,GBR,2024-10-22T11:00:00Z,2024-10-22T12:00:00Z,89
United Kingdom,GBR,2024-10-22T12:00:00Z,2024-10-22T13:00:00Z,88.99
United Kingdom,GBR,2024-10-22T13:00:00Z,2024-10-22T14:00:00Z,93.44
United Kingdom,GBR,2024-10-22T14:00:00Z,2024-10-22T15:00:00Z,107.2
United Kingdom,GBR,2024-10-22T15:00:00Z,2024-10-22T16:00:00Z,109.32
United Kingdom,GBR,2024-10-22T16:00:00Z,2024-10-22T17:00:00Z,154.37
United Kingdom,GBR,2024-10-22T17:00:00Z,2024-10-22T18:00:00Z,171.43
United Kingdom,GBR,2024-10-22T18:00:00Z,2024-10-22T19:00:00Z,142.36
United Kingdom,GBR,2024-10-22T19:00:00Z,2024-10-22T20:00:00Z,112.97
United Kingdom,GBR,2024-10-22T20:00:00Z,2024-10-22T21:00:00Z,109.31
United Kingdom,GBR,2024-10-22T21:00:00Z,2024-10-22T22:00:00Z,103.74
United Kingdom,GBR,2024-10-22T22:00:00Z,2024-10-22T23:00:00Z,113.69
United Kingdom,GBR,2024-10-22T23:00:00Z,2024-10-23T00:00:00Z,102.24
United Kingdom,GBR,2024-10-23T00:00:00Z,2024-10-23T01:00:00Z,97.17
United Kingdom,GBR,2024-10-23T01:00:00Z,2024-10-23T02:00:00Z,88.12
United Kingdom,GBR,2024-10-23T02:00:00Z,2024-10-23T03:00:00Z,86.87
United Kingdom,GBR,2024-10-23T03:00:00Z,2024-10-23T04:00:00Z,91.41
United Kingdom,GBR,2024-10-23T04:00:00Z,2024-10-23T05:00:00Z,108.38
United Kingdom,GBR,2024-10-23T05:00:00Z,2024-10-23T06:00:00Z,117.37
United Kingdom,GBR,2024-10-23T06:00:00Z,2024-10-23T07:00:00Z,154.67
United Kingdom,GBR,2024-10-23T07:00:00Z,2024-10-23T08:00:00Z,128.73
United Kingdom,GBR,2024-10-23T08:00:00Z,2024-10-23T09:00:00Z,121.89
United Kingdom,GBR,2024-10-23T09:00:00Z,2024-10-23T10:00:00Z,106.88
United Kingdom,GBR,2024-10-23T10:00:00Z,2024-10-23T11:00:00Z,96.48
United Kingdom,GBR,2024-10-23T11:00:00Z,2024-10-23T12:00:00Z,91.41
United Kingdom,GBR,2024-10-23T12:00:00Z,2024-10-23T13:00:00Z,89.97
United Kingdom,GBR,2024-10-23T13:00:00Z,2024-10-23T14:00:00Z,90.51
United Kingdom,GBR,2024-10-23T14:00:00Z,2024-10-23T15:00:00Z,97.84
United Kingdom,GBR,2024-10-23T15:00:00Z,2024-10-23T16:00:00Z,113.25
United Kingdom,GBR,2024-10-23T16:00:00Z,2024-10-23T17:00:00Z,154.74
United Kingdom,GBR,2024-10-23T17:00:00Z,2024-10-23T18:00:00Z,165.27
United Kingdom,GBR,2024-10-23T18:00:00Z,2024-10-23T19:00:00Z,120.07
United Kingdom,GBR,2024-10-23T19:00:00Z,2024-10-23T20:00:00Z,103.6
United Kingdom,GBR,2024-10-23T20:00:00Z,2024-10-23T21:00:00Z,104.19
United Kingdom,GBR,2024-10-23T21:00:00Z,2024-10-23T22:00:00Z,95.86
United Kingdom,GBR,2024-10-23T22:00:00Z,2024-10-23T23:00:00Z,93.15
United Kingdom,GBR,2024-10-23T23:00:00Z,2024-10-24T00:00:00Z,83.02
United Kingdom,GBR,2024-10-24T00:00:00Z,2024-10-24T01:00:00Z,77.44
United Kingdom,GBR,2024-10-24T01:00:00Z,2024-10-24T02:00:00Z,71.9
United Kingdom,GBR,2024-10-24T02:00:00Z,2024-10-24T03:00:00Z,64.98
United Kingdom,GBR,2024-10-24T03:00:00Z,2024-10-24T04:00:00Z,65.37
United Kingdom,GBR,2024-10-24T04:00:00Z,2024-10-24T05:00:00Z,88.48
United Kingdom,GBR,2024-10-24T05:00:00Z,2024-10-24T06:00:00Z,109.4
United Kingdom,GBR,2024-10-24T06:00:00Z,2024-10-24T07:00:00Z,141.21
United Kingdom,GBR,2024-10-24T07:00:00Z,2024-10-24T08:00:00Z,120.01
United Kingdom,GBR,2024-10-24T08:00:00Z,2024-10-24T09:00:00Z,107.03
United Kingdom,GBR,2024-10-24T09:00:00Z,2024-10-24T10:00:00Z,97.56
United Kingdom,GBR,2024-10-24T10:00:00Z,2024-10-24T11:00:00Z,89.68
United Kingdom,GBR,2024-10-24T11:00:00Z,2024-10-24T12:00:00Z,88.72
United Kingdom,GBR,2024-10-24T12:00:00Z,2024-10-24T13:00:00Z,90.96
United Kingdom,GBR,2024-10-24T13:00:00Z,2024-10-24T14:00:00Z,89.09
United Kingdom,GBR,2024-10-24T14:00:00Z,2024-10-24T15:00:00Z,98.11
United Kingdom,GBR,2024-10-24T15:00:00Z,2024-10-24T16:00:00Z,114.84
United Kingdom,GBR,2024-10-24T16:00:00Z,2024-10-24T17:00:00Z,138.8
United Kingdom,GBR,2024-10-24T17:00:00Z,2024-10-24T18:00:00Z,142.53
United Kingdom,GBR,2024-10-24T18:00:00Z,2024-10-24T19:00:00Z,117.67
United Kingdom,GBR,2024-10-24T19:00:00Z,2024-10-24T20:00:00Z,106.57
United Kingdom,GBR,2024-10-24T20:00:00Z,2024-10-24T21:00:00Z,105.44
United Kingdom,GBR,2024-10-24T21:00:00Z,2024-10-24T22:00:00Z,95.19
United Kingdom,GBR,2024-10-24T22:00:00Z,2024-10-24T23:00:00Z,94.53
United Kingdom,GBR,2024-10-24T23:00:00Z,2024-10-25T00:00:00Z,96.49
United Kingdom,GBR,2024-10-25T00:00:00Z,2024-10-25T01:00:00Z,102.67
United Kingdom,GBR,2024-10-25T01:00:00Z,2024-10-25T02:00:00Z,107.73
United Kingdom,GBR,2024-10-25T02:00:00Z,2024-10-25T03:00:00Z,103.41
United Kingdom,GBR,2024-10-25T03:00:00Z,2024-10-25T04:00:00Z,104.94
United Kingdom,GBR,2024-10-25T04:00:00Z,2024-10-25T05:00:00Z,113.74
United Kingdom,GBR,2024-10-25T05:00:00Z,2024-10-25T06:00:00Z,122.69
United Kingdom,GBR,2024-10-25T06:00:00Z,2024-10-25T07:00:00Z,144.87
United Kingdom,GBR,2024-10-25T07:00:00Z,2024-10-25T08:00:00Z,128.9
United Kingdom,GBR,2024-10-25T08:00:00Z,2024-10-25T09:00:00Z,131.59
United Kingdom,GBR,2024-10-25T09:00:00Z,2024-10-25T10:00:00Z,125.77
United Kingdom,GBR,2024-10-25T10:00:00Z,2024-10-25T11:00:00Z,123.3
United Kingdom,GBR,2024-10-25T11:00:00Z,2024-10-25T12:00:00Z,118.09
United Kingdom,GBR,2024-10-25T12:00:00Z,2024-10-25T13:00:00Z,110.6
United Kingdom,GBR,2024-10-25T13:00:00Z,2024-10-25T14:00:00Z,100.12
United Kingdom,GBR,2024-10-25T14:00:00Z,2024-10-25T15:00:00Z,123.15
United Kingdom,GBR,2024-10-25T15:00:00Z,2024-10-25T16:00:00Z,166.36
United Kingdom,GBR,2024-10-25T16:00:00Z,2024-10-25T17:00:00Z,214.63
United Kingdom,GBR,2024-10-25T17:00:00Z,2024-10-25T18:00:00Z,210.98
United Kingdom,GBR,2024-10-25T18:00:00Z,2024-10-25T19:00:00Z,140.63
United Kingdom,GBR,2024-10-25T19:00:00Z,2024-10-25T20:00:00Z,122.82
United Kingdom,GBR,2024-10-25T20:00:00Z,2024-10-25T21:00:00Z,116.5
United Kingdom,GBR,2024-10-25T21:00:00Z,2024-10-25T22:00:00Z,106.57
United Kingdom,GBR,2024-10-25T22:00:00Z,2024-10-25T23:00:00Z,119.94
United Kingdom,GBR,2024-10-25T23:00:00Z,2024-10-26T00:00:00Z,113.36
United Kingdom,GBR,2024-10-26T00:00:00Z,2024-10-26T01:00:00Z,113.11
United Kingdom,GBR,2024-10-26T01:00:00Z,2024-10-26T02:00:00Z,103.1
United Kingdom,GBR,2024-10-26T02:00:00Z,2024-10-26T03:00:00Z,95.3
United Kingdom,GBR,2024-10-26T03:00:00Z,2024-10-26T04:00:00Z,96.2
United Kingdom,GBR,2024-10-26T04:00:00Z,2024-10-26T05:00:00Z,99.61
United Kingdom,GBR,2024-10-26T05:00:00Z,2024-10-26T06:00:00Z,116.13
United Kingdom,GBR,2024-10-26T06:00:00Z,2024-10-26T07:00:00Z,132.3
United Kingdom,GBR,2024-10-26T07:00:00Z,2024-10-26T08:00:00Z,127.89
United Kingdom,GBR,2024-10-26T08:00:00Z,2024-10-26T09:00:00Z,137.14
United Kingdom,GBR,2024-10-26T09:00:00Z,2024-10-26T10:00:00Z,120.59
United Kingdom,GBR,2024-10-26T10:00:00Z,2024-10-26T11:00:00Z,100.39
United Kingdom,GBR,2024-10-26T11:00:00Z,2024-10-26T12:00:00Z,93.32
United Kingdom,GBR,2024-10-26T12:00:00Z,2024-10-26T13:00:00Z,86.89
United Kingdom,GBR,2024-10-26T13:00:00Z,2024-10-26T14:00:00Z,85.01
United Kingdom,GBR,2024-10-26T14:00:00Z,2024-10-26T15:00:00Z,92.3
United Kingdom,GBR,2024-10-26T15:00:00Z,2024-10-26T16:00:00Z,117.3
United Kingdom,GBR,2024-10-26T16:00:00Z,2024-10-26T17:00:00Z,145.54
United Kingdom,GBR,2024-10-26T17:00:00Z,2024-10-26T18:00:00Z,151.02
United Kingdom,GBR,2024-10-26T18:00:00Z,2024-10-26T19:00:00Z,128.1
United Kingdom,GBR,2024-10-26T19:00:00Z,2024-10-26T20:00:00Z,104.61
United Kingdom,GBR,2024-10-26T20:00:00Z,2024-10-26T21:00:00Z,108.89
United Kingdom,GBR,2024-10-26T21:00:00Z,2024-10-26T22:00:00Z,98.95
United Kingdom,GBR,2024-10-26T22:00:00Z,2024-10-26T23:00:00Z,120.95
United Kingdom,GBR,2024-10-26T23:00:00Z,2024-10-27T00:00:00Z,105.83
United Kingdom,GBR,2024-10-27T00:00:00Z,2024-10-27T01:00:00Z,109
United Kingdom,GBR,2024-10-27T01:00:00Z,2024-10-27T01:00:00Z,107.38
United Kingdom,GBR,2024-10-27T02:00:00Z,2024-10-27T02:00:00Z,84.28
United Kingdom,GBR,2024-10-27T03:00:00Z,2024-10-27T03:00:00Z,82.66
United Kingdom,GBR,2024-10-27T04:00:00Z,2024-10-27T04:00:00Z,92.29
United Kingdom,GBR,2024-10-27T05:00:00Z,2024-10-27T05:00:00Z,110.3
United Kingdom,GBR,2024-10-27T06:00:00Z,2024-10-27T06:00:00Z,145.72
United Kingdom,GBR,2024-10-27T07:00:00Z,2024-10-27T07:00:00Z,106.49
United Kingdom,GBR,2024-10-27T08:00:00Z,2024-10-27T08:00:00Z,120.53
United Kingdom,GBR,2024-10-27T09:00:00Z,2024-10-27T09:00:00Z,114.77
United Kingdom,GBR,2024-10-27T10:00:00Z,2024-10-27T10:00:00Z,105.03
United Kingdom,GBR,2024-10-27T11:00:00Z,2024-10-27T11:00:00Z,92.9
United Kingdom,GBR,2024-10-27T12:00:00Z,2024-10-27T12:00:00Z,95.56
United Kingdom,GBR,2024-10-27T13:00:00Z,2024-10-27T13:00:00Z,106.04
United Kingdom,GBR,2024-10-27T14:00:00Z,2024-10-27T14:00:00Z,101.56
United Kingdom,GBR,2024-10-27T15:00:00Z,2024-10-27T15:00:00Z,116.85
United Kingdom,GBR,2024-10-27T16:00:00Z,2024-10-27T16:00:00Z,155.77
United Kingdom,GBR,2024-10-27T17:00:00Z,2024-10-27T17:00:00Z,149.15
United Kingdom,GBR,2024-10-27T18:00:00Z,2024-10-27T18:00:00Z,122.3
United Kingdom,GBR,2024-10-27T19:00:00Z,2024-10-27T19:00:00Z,106.18
United Kingdom,GBR,2024-10-27T20:00:00Z,2024-10-27T20:00:00Z,104.18
United Kingdom,GBR,2024-10-27T21:00:00Z,2024-10-27T21:00:00Z,97.57
United Kingdom,GBR,2024-10-27T22:00:00Z,2024-10-27T22:00:00Z,84.17
United Kingdom,GBR,2024-10-27T23:00:00Z,2024-10-27T23:00:00Z,90.91
United Kingdom,GBR,2024-10-28T00:00:00Z,2024-10-28T00:00:00Z,84.3
United Kingdom,GBR,2024-10-28T01:00:00Z,2024-10-28T01:00:00Z,79.38
United Kingdom,GBR,2024-10-28T02:00:00Z,2024-10-28T02:00:00Z,71.14
United Kingdom,GBR,2024-10-28T03:00:00Z,2024-10-28T03:00:00Z,66.86
United Kingdom,GBR,2024-10-28T04:00:00Z,2024-10-28T04:00:00Z,79.49
United Kingdom,GBR,2024-10-28T05:00:00Z,2024-10-28T05:00:00Z,98.83
United Kingdom,GBR,2024-10-28T06:00:00Z,2024-10-28T06:00:00Z,116.89
United Kingdom,GBR,2024-10-28T07:00:00Z,2024-10-28T07:00:00Z,116.7
United Kingdom,GBR,2024-10-28T08:00:00Z,2024-10-28T08:00:00Z,112.44
United Kingdom,GBR,2024-10-28T09:00:00Z,2024-10-28T09:00:00Z,117.41
United Kingdom,GBR,2024-10-28T10:00:00Z,2024-10-28T10:00:00Z,120.78
United Kingdom,GBR,2024-10-28T11:00:00Z,2024-10-28T11:00:00Z,109.46
United Kingdom,GBR,2024-10-28T12:00:00Z,2024-10-28T12:00:00Z,120.55
United Kingdom,GBR,2024-10-28T13:00:00Z,2024-10-28T13:00:00Z,120.11
United Kingdom,GBR,2024-10-28T14:00:00Z,2024-10-28T14:00:00Z,120.49
United Kingdom,GBR,2024-10-28T15:00:00Z,2024-10-28T15:00:00Z,131.37
United Kingdom,GBR,2024-10-28T16:00:00Z,2024-10-28T16:00:00Z,161.09
United Kingdom,GBR,2024-10-28T17:00:00Z,2024-10-28T17:00:00Z,179.35
United Kingdom,GBR,2024-10-28T18:00:00Z,2024-10-28T18:00:00Z,165.5
United Kingdom,GBR,2024-10-28T19:00:00Z,2024-10-28T19:00:00Z,131.6
United Kingdom,GBR,2024-10-28T20:00:00Z,2024-10-28T20:00:00Z,120.31
United Kingdom,GBR,2024-10-28T21:00:00Z,2024-10-28T21:00:00Z,118.74
United Kingdom,GBR,2024-10-28T22:00:00Z,2024-10-28T22:00:00Z,104.54
United Kingdom,GBR,2024-10-28T23:00:00Z,2024-10-28T23:00:00Z,106.14
United Kingdom,GBR,2024-10-29T00:00:00Z,2024-10-29T00:00:00Z,105.71
United Kingdom,GBR,2024-10-29T01:00:00Z,2024-10-29T01:00:00Z,102.94
United Kingdom,GBR,2024-10-29T02:00:00Z,2024-10-29T02:00:00Z,99.98
United Kingdom,GBR,2024-10-29T03:00:00Z,2024-10-29T03:00:00Z,99.17
United Kingdom,GBR,2024-10-29T04:00:00Z,2024-10-29T04:00:00Z,102.04
United Kingdom,GBR,2024-10-29T05:00:00Z,2024-10-29T05:00:00Z,111.84
United Kingdom,GBR,2024-10-29T06:00:00Z,2024-10-29T06:00:00Z,118.29
United Kingdom,GBR,2024-10-29T07:00:00Z,2024-10-29T07:00:00Z,136.73
United Kingdom,GBR,2024-10-29T08:00:00Z,2024-10-29T08:00:00Z,125.56
United Kingdom,GBR,2024-10-29T09:00:00Z,2024-10-29T09:00:00Z,122.85
United Kingdom,GBR,2024-10-29T10:00:00Z,2024-10-29T10:00:00Z,115.21
United Kingdom,GBR,2024-10-29T11:00:00Z,2024-10-29T11:00:00Z,106.15
United Kingdom,GBR,2024-10-29T12:00:00Z,2024-10-29T12:00:00Z,108.7
United Kingdom,GBR,2024-10-29T13:00:00Z,2024-10-29T13:00:00Z,113.1
United Kingdom,GBR,2024-10-29T14:00:00Z,2024-10-29T14:00:00Z,121.2
United Kingdom,GBR,2024-10-29T15:00:00Z,2024-10-29T15:00:00Z,141.43
United Kingdom,GBR,2024-10-29T16:00:00Z,2024-10-29T16:00:00Z,192.69
United Kingdom,GBR,2024-10-29T17:00:00Z,2024-10-29T17:00:00Z,232.26
United Kingdom,GBR,2024-10-29T18:00:00Z,2024-10-29T18:00:00Z,189.49
United Kingdom,GBR,2024-10-29T19:00:00Z,2024-10-29T19:00:00Z,138.89
United Kingdom,GBR,2024-10-29T20:00:00Z,2024-10-29T20:00:00Z,118.3
United Kingdom,GBR,2024-10-29T21:00:00Z,2024-10-29T21:00:00Z,110.57
United Kingdom,GBR,2024-10-29T22:00:00Z,2024-10-29T22:00:00Z,106.28
United Kingdom,GBR,2024-10-29T23:00:00Z,2024-10-29T23:00:00Z,109.51
United Kingdom,GBR,2024-10-30T00:00:00Z,2024-10-30T00:00:00Z,107.22
United Kingdom,GBR,2024-10-30T01:00:00Z,2024-10-30T01:00:00Z,102.76
United Kingdom,GBR,2024-10-30T02:00:00Z,2024-10-30T02:00:00Z,101.1
United Kingdom,GBR,2024-10-30T03:00:00Z,2024-10-30T03:00:00Z,100.94
United Kingdom,GBR,2024-10-30T04:00:00Z,2024-10-30T04:00:00Z,100.77
United Kingdom,GBR,2024-10-30T05:00:00Z,2024-10-30T05:00:00Z,109.29
United Kingdom,GBR,2024-10-30T06:00:00Z,2024-10-30T06:00:00Z,119.22
United Kingdom,GBR,2024-10-30T07:00:00Z,2024-10-30T07:00:00Z,138.3
United Kingdom,GBR,2024-10-30T08:00:00Z,2024-10-30T08:00:00Z,126.99
United Kingdom,GBR,2024-10-30T09:00:00Z,2024-10-30T09:00:00Z,121.13
United Kingdom,GBR,2024-10-30T10:00:00Z,2024-10-30T10:00:00Z,111.21
United Kingdom,GBR,2024-10-30T11:00:00Z,2024-10-30T11:00:00Z,105.43
United Kingdom,GBR,2024-10-30T12:00:00Z,2024-10-30T12:00:00Z,111.38
United Kingdom,GBR,2024-10-30T13:00:00Z,2024-10-30T13:00:00Z,121.48
United Kingdom,GBR,2024-10-30T14:00:00Z,2024-10-30T14:00:00Z,125.93
United Kingdom,GBR,2024-10-30T15:00:00Z,2024-10-30T15:00:00Z,142.46
United Kingdom,GBR,2024-10-30T16:00:00Z,2024-10-30T16:00:00Z,184.12
United Kingdom,GBR,2024-10-30T17:00:00Z,2024-10-30T17:00:00Z,209.56
United Kingdom,GBR,2024-10-30T18:00:00Z,2024-10-30T18:00:00Z,171.69
United Kingdom,GBR,2024-10-30T19:00:00Z,2024-10-30T19:00:00Z,125.61
United Kingdom,GBR,2024-10-30T20:00:00Z,2024-10-30T20:00:00Z,117.22
United Kingdom,GBR,2024-10-30T21:00:00Z,2024-10-30T21:00:00Z,113.94
United Kingdom,GBR,2024-10-30T22:00:00Z,2024-10-30T22:00:00Z,104.44
United Kingdom,GBR,2024-10-30T23:00:00Z,2024-10-30T23:00:00Z,111.12
United Kingdom,GBR,2024-10-31T00:00:00Z,2024-10-31T00:00:00Z,108.59
United Kingdom,GBR,2024-10-31T01:00:00Z,2024-10-31T01:00:00Z,102.38
United Kingdom,GBR,2024-10-31T02:00:00Z,2024-10-31T02:00:00Z,94.46
United Kingdom,GBR,2024-10-31T03:00:00Z,2024-10-31T03:00:00Z,91.41
United Kingdom,GBR,2024-10-31T04:00:00Z,2024-10-31T04:00:00Z,92.65
United Kingdom,GBR,2024-10-31T05:00:00Z,2024-10-31T05:00:00Z,102.42
United Kingdom,GBR,2024-10-31T06:00:00Z,2024-10-31T06:00:00Z,113.86
United Kingdom,GBR,2024-10-31T07:00:00Z,2024-10-31T07:00:00Z,130.39
United Kingdom,GBR,2024-10-31T08:00:00Z,2024-10-31T08:00:00Z,123.66
United Kingdom,GBR,2024-10-31T09:00:00Z,2024-10-31T09:00:00Z,116.56
United Kingdom,GBR,2024-10-31T10:00:00Z,2024-10-31T10:00:00Z,100.29
United Kingdom,GBR,2024-10-31T11:00:00Z,2024-10-31T11:00:00Z,93.31
United Kingdom,GBR,2024-10-31T12:00:00Z,2024-10-31T12:00:00Z,95.98
United Kingdom,GBR,2024-10-31T13:00:00Z,2024-10-31T13:00:00Z,100.55
United Kingdom,GBR,2024-10-31T14:00:00Z,2024-10-31T14:00:00Z,108.48
United Kingdom,GBR,2024-10-31T15:00:00Z,2024-10-31T15:00:00Z,111.56
United Kingdom,GBR,2024-10-31T16:00:00Z,2024-10-31T16:00:00Z,132.23
United Kingdom,GBR,2024-10-31T17:00:00Z,2024-10-31T17:00:00Z,145.08
United Kingdom,GBR,2024-10-31T18:00:00Z,2024-10-31T18:00:00Z,134
United Kingdom,GBR,2024-10-31T19:00:00Z,2024-10-31T19:00:00Z,109.66
United Kingdom,GBR,2024-10-31T20:00:00Z,2024-10-31T20:00:00Z,107.59
United Kingdom,GBR,2024-10-31T21:00:00Z,2024-10-31T21:00:00Z,110.21
United Kingdom,GBR,2024-10-31T22:00:00Z,2024-10-31T22:00:00Z,96.31
United Kingdom,GBR,2024-10-31T23:00:00Z,2024-10-31T23:00:00Z,105.92
United Kingdom,GBR,2024-11-01T00:00:00Z,2024-11-01T00:00:00Z,107.86
United Kingdom,GBR,2024-11-01T01:00:00Z,2024-11-01T01:00:00Z,102.89
United Kingdom,GBR,2024-11-01T02:00:00Z,2024-11-01T02:00:00Z,91.77
United Kingdom,GBR,2024-11-01T03:00:00Z,2024-11-01T03:00:00Z,88.94
United Kingdom,GBR,2024-11-01T04:00:00Z,2024-11-01T04:00:00Z,84.47
United Kingdom,GBR,2024-11-01T05:00:00Z,2024-11-01T05:00:00Z,91.1
United Kingdom,GBR,2024-11-01T06:00:00Z,2024-11-01T06:00:00Z,102.36
United Kingdom,GBR,2024-11-01T07:00:00Z,2024-11-01T07:00:00Z,104.03
United Kingdom,GBR,2024-11-01T08:00:00Z,2024-11-01T08:00:00Z,105.9
United Kingdom,GBR,2024-11-01T09:00:00Z,2024-11-01T09:00:00Z,107.69
United Kingdom,GBR,2024-11-01T10:00:00Z,2024-11-01T10:00:00Z,106.01
United Kingdom,GBR,2024-11-01T11:00:00Z,2024-11-01T11:00:00Z,109.66
United Kingdom,GBR,2024-11-01T12:00:00Z,2024-11-01T12:00:00Z,116
United Kingdom,GBR,2024-11-01T13:00:00Z,2024-11-01T13:00:00Z,112.9
United Kingdom,GBR,2024-11-01T14:00:00Z,2024-11-01T14:00:00Z,111.01
United Kingdom,GBR,2024-11-01T15:00:00Z,2024-11-01T15:00:00Z,113.67
United Kingdom,GBR,2024-11-01T16:00:00Z,2024-11-01T16:00:00Z,129.89
United Kingdom,GBR,2024-11-01T17:00:00Z,2024-11-01T17:00:00Z,149.64
United Kingdom,GBR,2024-11-01T18:00:00Z,2024-11-01T18:00:00Z,138.34
United Kingdom,GBR,2024-11-01T19:00:00Z,2024-11-01T19:00:00Z,118.03
United Kingdom,GBR,2024-11-01T20:00:00Z,2024-11-01T20:00:00Z,114.69
United Kingdom,GBR,2024-11-01T21:00:00Z,2024-11-01T21:00:00Z,109.66
United Kingdom,GBR,2024-11-01T22:00:00Z,2024-11-01T22:00:00Z,109.1
United Kingdom,GBR,2024-11-01T23:00:00Z,2024-11-01T23:00:00Z,111.93
United Kingdom,GBR,2024-11-02T00:00:00Z,2024-11-02T00:00:00Z,110.13
United Kingdom,GBR,2024-11-02T01:00:00Z,2024-11-02T01:00:00Z,108.73
United Kingdom,GBR,2024-11-02T02:00:00Z,2024-11-02T02:00:00Z,93.81
United Kingdom,GBR,2024-11-02T03:00:00Z,2024-11-02T03:00:00Z,89.56
United Kingdom,GBR,2024-11-02T04:00:00Z,2024-11-02T04:00:00Z,89.57
United Kingdom,GBR,2024-11-02T05:00:00Z,2024-11-02T05:00:00Z,90.9
United Kingdom,GBR,2024-11-02T06:00:00Z,2024-11-02T06:00:00Z,97.99
United Kingdom,GBR,2024-11-02T07:00:00Z,2024-11-02T07:00:00Z,104.8
United Kingdom,GBR,2024-11-02T08:00:00Z,2024-11-02T08:00:00Z,106.92
United Kingdom,GBR,2024-11-02T09:00:00Z,2024-11-02T09:00:00Z,108.93
United Kingdom,GBR,2024-11-02T10:00:00Z,2024-11-02T10:00:00Z,109.54
United Kingdom,GBR,2024-11-02T11:00:00Z,2024-11-02T11:00:00Z,106.47
United Kingdom,GBR,2024-11-02T12:00:00Z,2024-11-02T12:00:00Z,109.05
United Kingdom,GBR,2024-11-02T13:00:00Z,2024-11-02T13:00:00Z,107.66
United Kingdom,GBR,2024-11-02T14:00:00Z,2024-11-02T14:00:00Z,112.6
United Kingdom,GBR,2024-11-02T15:00:00Z,2024-11-02T15:00:00Z,117.32
United Kingdom,GBR,2024-11-02T16:00:00Z,2024-11-02T16:00:00Z,131.5
United Kingdom,GBR,2024-11-02T17:00:00Z,2024-11-02T17:00:00Z,149.74
United Kingdom,GBR,2024-11-02T18:00:00Z,2024-11-02T18:00:00Z,131.28
United Kingdom,GBR,2024-11-02T19:00:00Z,2024-11-02T19:00:00Z,115.76
United Kingdom,GBR,2024-11-02T20:00:00Z,2024-11-02T20:00:00Z,111.9
United Kingdom,GBR,2024-11-02T21:00:00Z,2024-11-02T21:00:00Z,105.91
United Kingdom,GBR,2024-11-02T22:00:00Z,2024-11-02T22:00:00Z,108.12
United Kingdom,GBR,2024-11-02T23:00:00Z,2024-11-02T23:00:00Z,106.85
United Kingdom,GBR,2024-11-03T00:00:00Z,2024-11-03T00:00:00Z,111.28
United Kingdom,GBR,2024-11-03T01:00:00Z,2024-11-03T01:00:00Z,108.63
United Kingdom,GBR,2024-11-03T02:00:00Z,2024-11-03T02:00:00Z,101.78
United Kingdom,GBR,2024-11-03T03:00:00Z,2024-11-03T03:00:00Z,90.62
United Kingdom,GBR,2024-11-03T04:00:00Z,2024-11-03T04:00:00Z,88.94
United Kingdom,GBR,2024-11-03T05:00:00Z,2024-11-03T05:00:00Z,88.34
United Kingdom,GBR,2024-11-03T06:00:00Z,2024-11-03T06:00:00Z,93.44
United Kingdom,GBR,2024-11-03T07:00:00Z,2024-11-03T07:00:00Z,89.67
United Kingdom,GBR,2024-11-03T08:00:00Z,2024-11-03T08:00:00Z,94.18
United Kingdom,GBR,2024-11-03T09:00:00Z,2024-11-03T09:00:00Z,108.53
United Kingdom,GBR,2024-11-03T10:00:00Z,2024-11-03T10:00:00Z,105.01
United Kingdom,GBR,2024-11-03T11:00:00Z,2024-11-03T11:00:00Z,111.1
United Kingdom,GBR,2024-11-03T12:00:00Z,2024-11-03T12:00:00Z,111.34
United Kingdom,GBR,2024-11-03T13:00:00Z,2024-11-03T13:00:00Z,109.88
United Kingdom,GBR,2024-11-03T14:00:00Z,2024-11-03T14:00:00Z,104.25
United Kingdom,GBR,2024-11-03T15:00:00Z,2024-11-03T15:00:00Z,114.55
United Kingdom,GBR,2024-11-03T16:00:00Z,2024-11-03T16:00:00Z,133.06
United Kingdom,GBR,2024-11-03T17:00:00Z,2024-11-03T17:00:00Z,151.79
United Kingdom,GBR,2024-11-03T18:00:00Z,2024-11-03T18:00:00Z,132.93
United Kingdom,GBR,2024-11-03T19:00:00Z,2024-11-03T19:00:00Z,119.67
United Kingdom,GBR,2024-11-03T20:00:00Z,2024-11-03T20:00:00Z,107.57
United Kingdom,GBR,2024-11-03T21:00:00Z,2024-11-03T21:00:00Z,110.86
United Kingdom,GBR,2024-11-03T22:00:00Z,2024-11-03T22:00:00Z,95.49
United Kingdom,GBR,2024-11-03T23:00:00Z,2024-11-03T23:00:00Z,95.86
United Kingdom,GBR,2024-11-04T00:00:00Z,2024-11-04T00:00:00Z,96.1
United Kingdom,GBR,2024-11-04T01:00:00Z,2024-11-04T01:00:00Z,95.6
United Kingdom,GBR,2024-11-04T02:00:00Z,2024-11-04T02:00:00Z,94.42
United Kingdom,GBR,2024-11-04T03:00:00Z,2024-11-04T03:00:00Z,92.86
United Kingdom,GBR,2024-11-04T04:00:00Z,2024-11-04T04:00:00Z,95.26
United Kingdom,GBR,2024-11-04T05:00:00Z,2024-11-04T05:00:00Z,111.59
United Kingdom,GBR,2024-11-04T06:00:00Z,2024-11-04T06:00:00Z,117.56
United Kingdom,GBR,2024-11-04T07:00:00Z,2024-11-04T07:00:00Z,138.85
United Kingdom,GBR,2024-11-04T08:00:00Z,2024-11-04T08:00:00Z,121.94
United Kingdom,GBR,2024-11-04T09:00:00Z,2024-11-04T09:00:00Z,110.88
United Kingdom,GBR,2024-11-04T10:00:00Z,2024-11-04T10:00:00Z,105.16
United Kingdom,GBR,2024-11-04T11:00:00Z,2024-11-04T11:00:00Z,103.91
United Kingdom,GBR,2024-11-04T12:00:00Z,2024-11-04T12:00:00Z,105.85
United Kingdom,GBR,2024-11-04T13:00:00Z,2024-11-04T13:00:00Z,116.24
United Kingdom,GBR,2024-11-04T14:00:00Z,2024-11-04T14:00:00Z,133.97
United Kingdom,GBR,2024-11-04T15:00:00Z,2024-11-04T15:00:00Z,156.81
United Kingdom,GBR,2024-11-04T16:00:00Z,2024-11-04T16:00:00Z,210.28
United Kingdom,GBR,2024-11-04T17:00:00Z,2024-11-04T17:00:00Z,240.67
United Kingdom,GBR,2024-11-04T18:00:00Z,2024-11-04T18:00:00Z,192.98
United Kingdom,GBR,2024-11-04T19:00:00Z,2024-11-04T19:00:00Z,143.36
United Kingdom,GBR,2024-11-04T20:00:00Z,2024-11-04T20:00:00Z,120.99
United Kingdom,GBR,2024-11-04T21:00:00Z,2024-11-04T21:00:00Z,112.73
United Kingdom,GBR,2024-11-04T22:00:00Z,2024-11-04T22:00:00Z,101.01
United Kingdom,GBR,2024-11-04T23:00:00Z,2024-11-04T23:00:00Z,99.38
United Kingdom,GBR,2024-11-05T00:00:00Z,2024-11-05T00:00:00Z,98.45
United Kingdom,GBR,2024-11-05T01:00:00Z,2024-11-05T01:00:00Z,95.77
United Kingdom,GBR,2024-11-05T02:00:00Z,2024-11-05T02:00:00Z,94.23
United Kingdom,GBR,2024-11-05T03:00:00Z,2024-11-05T03:00:00Z,94.31
United Kingdom,GBR,2024-11-05T04:00:00Z,2024-11-05T04:00:00Z,94.14
United Kingdom,GBR,2024-11-05T05:00:00Z,2024-11-05T05:00:00Z,103.28
United Kingdom,GBR,2024-11-05T06:00:00Z,2024-11-05T06:00:00Z,122.94
United Kingdom,GBR,2024-11-05T07:00:00Z,2024-11-05T07:00:00Z,135.73
United Kingdom,GBR,2024-11-05T08:00:00Z,2024-11-05T08:00:00Z,125.93
United Kingdom,GBR,2024-11-05T09:00:00Z,2024-11-05T09:00:00Z,111.87
United Kingdom,GBR,2024-11-05T10:00:00Z,2024-11-05T10:00:00Z,107.5
United Kingdom,GBR,2024-11-05T11:00:00Z,2024-11-05T11:00:00Z,105.17
United Kingdom,GBR,2024-11-05T12:00:00Z,2024-11-05T12:00:00Z,112.78
United Kingdom,GBR,2024-11-05T13:00:00Z,2024-11-05T13:00:00Z,118.9
United Kingdom,GBR,2024-11-05T14:00:00Z,2024-11-05T14:00:00Z,142.46
United Kingdom,GBR,2024-11-05T15:00:00Z,2024-11-05T15:00:00Z,167.71
United Kingdom,GBR,2024-11-05T16:00:00Z,2024-11-05T16:00:00Z,277.86
United Kingdom,GBR,2024-11-05T17:00:00Z,2024-11-05T17:00:00Z,319.9
United Kingdom,GBR,2024-11-05T18:00:00Z,2024-11-05T18:00:00Z,246.43
United Kingdom,GBR,2024-11-05T19:00:00Z,2024-11-05T19:00:00Z,158.12
United Kingdom,GBR,2024-11-05T20:00:00Z,2024-11-05T20:00:00Z,128.71
United Kingdom,GBR,2024-11-05T21:00:00Z,2024-11-05T21:00:00Z,115.26
United Kingdom,GBR,2024-11-05T22:00:00Z,2024-11-05T22:00:00Z,104.45
United Kingdom,GBR,2024-11-05T23:00:00Z,2024-11-05T23:00:00Z,107.66
United Kingdom,GBR,2024-11-06T00:00:00Z,2024-11-06T00:00:00Z,102.82
United Kingdom,GBR,2024-11-06T01:00:00Z,2024-11-06T01:00:00Z,100.13
United Kingdom,GBR,2024-11-06T02:00:00Z,2024-11-06T02:00:00Z,96.62
United Kingdom,GBR,2024-11-06T03:00:00Z,2024-11-06T03:00:00Z,94.94
United Kingdom,GBR,2024-11-06T04:00:00Z,2024-11-06T04:00:00Z,94.45
United Kingdom,GBR,2024-11-06T05:00:00Z,2024-11-06T05:00:00Z,99.74
United Kingdom,GBR,2024-11-06T06:00:00Z,2024-11-06T06:00:00Z,115.62
United Kingdom,GBR,2024-11-06T07:00:00Z,2024-11-06T07:00:00Z,138.6
United Kingdom,GBR,2024-11-06T08:00:00Z,2024-11-06T08:00:00Z,138.36
United Kingdom,GBR,2024-11-06T09:00:00Z,2024-11-06T09:00:00Z,133.26
United Kingdom,GBR,2024-11-06T10:00:00Z,2024-11-06T10:00:00Z,131.2
United Kingdom,GBR,2024-11-06T11:00:00Z,2024-11-06T11:00:00Z,128
United Kingdom,GBR,2024-11-06T12:00:00Z,2024-11-06T12:00:00Z,127.16
United Kingdom,GBR,2024-11-06T13:00:00Z,2024-11-06T13:00:00Z,142.73
United Kingdom,GBR,2024-11-06T14:00:00Z,2024-11-06T14:00:00Z,154.53
United Kingdom,GBR,2024-11-06T15:00:00Z,2024-11-06T15:00:00Z,184.87
United Kingdom,GBR,2024-11-06T16:00:00Z,2024-11-06T16:00:00Z,303.18
United Kingdom,GBR,2024-11-06T17:00:00Z,2024-11-06T17:00:00Z,373.15
United Kingdom,GBR,2024-11-06T18:00:00Z,2024-11-06T18:00:00Z,287.57
United Kingdom,GBR,2024-11-06T19:00:00Z,2024-11-06T19:00:00Z,166.68
United Kingdom,GBR,2024-11-06T20:00:00Z,2024-11-06T20:00:00Z,125.36
United Kingdom,GBR,2024-11-06T21:00:00Z,2024-11-06T21:00:00Z,113.67
United Kingdom,GBR,2024-11-06T22:00:00Z,2024-11-06T22:00:00Z,108.91
United Kingdom,GBR,2024-11-06T23:00:00Z,2024-11-06T23:00:00Z,106.08
United Kingdom,GBR,2024-11-07T00:00:00Z,2024-11-07T00:00:00Z,104.37
United Kingdom,GBR,2024-11-07T01:00:00Z,2024-11-07T01:00:00Z,103.37
United Kingdom,GBR,2024-11-07T02:00:00Z,2024-11-07T02:00:00Z,96.79
United Kingdom,GBR,2024-11-07T03:00:00Z,2024-11-07T03:00:00Z,95.97
United Kingdom,GBR,2024-11-07T04:00:00Z,2024-11-07T04:00:00Z,96.09
United Kingdom,GBR,2024-11-07T05:00:00Z,2024-11-07T05:00:00Z,103.91
United Kingdom,GBR,2024-11-07T06:00:00Z,2024-11-07T06:00:00Z,112.18
United Kingdom,GBR,2024-11-07T07:00:00Z,2024-11-07T07:00:00Z,122.49
United Kingdom,GBR,2024-11-07T08:00:00Z,2024-11-07T08:00:00Z,121.84
United Kingdom,GBR,2024-11-07T09:00:00Z,2024-11-07T09:00:00Z,120.07
United Kingdom,GBR,2024-11-07T10:00:00Z,2024-11-07T10:00:00Z,118.01
United Kingdom,GBR,2024-11-07T11:00:00Z,2024-11-07T11:00:00Z,113.53
United Kingdom,GBR,2024-11-07T12:00:00Z,2024-11-07T12:00:00Z,115.12
United Kingdom,GBR,2024-11-07T13:00:00Z,2024-11-07T13:00:00Z,113.53
United Kingdom,GBR,2024-11-07T14:00:00Z,2024-11-07T14:00:00Z,119.83
United Kingdom,GBR,2024-11-07T15:00:00Z,2024-11-07T15:00:00Z,135.67
United Kingdom,GBR,2024-11-07T16:00:00Z,2024-11-07T16:00:00Z,156.31
United Kingdom,GBR,2024-11-07T17:00:00Z,2024-11-07T17:00:00Z,171.06
United Kingdom,GBR,2024-11-07T18:00:00Z,2024-11-07T18:00:00Z,158.55
United Kingdom,GBR,2024-11-07T19:00:00Z,2024-11-07T19:00:00Z,121.26
United Kingdom,GBR,2024-11-07T20:00:00Z,2024-11-07T20:00:00Z,113.89
United Kingdom,GBR,2024-11-07T21:00:00Z,2024-11-07T21:00:00Z,111.22
United Kingdom,GBR,2024-11-07T22:00:00Z,2024-11-07T22:00:00Z,105.79
United Kingdom,GBR,2024-11-07T23:00:00Z,2024-11-07T23:00:00Z,100.3
United Kingdom,GBR,2024-11-08T00:00:00Z,2024-11-08T00:00:00Z,102.17
United Kingdom,GBR,2024-11-08T01:00:00Z,2024-11-08T01:00:00Z,101.48
United Kingdom,GBR,2024-11-08T02:00:00Z,2024-11-08T02:00:00Z,101.11
United Kingdom,GBR,2024-11-08T03:00:00Z,2024-11-08T03:00:00Z,98.25
United Kingdom,GBR,2024-11-08T04:00:00Z,2024-11-08T04:00:00Z,98.43
United Kingdom,GBR,2024-11-08T05:00:00Z,2024-11-08T05:00:00Z,113.06
United Kingdom,GBR,2024-11-08T06:00:00Z,2024-11-08T06:00:00Z,115.15
United Kingdom,GBR,2024-11-08T07:00:00Z,2024-11-08T07:00:00Z,125.91
United Kingdom,GBR,2024-11-08T08:00:00Z,2024-11-08T08:00:00Z,122.81
United Kingdom,GBR,2024-11-08T09:00:00Z,2024-11-08T09:00:00Z,115.15
United Kingdom,GBR,2024-11-08T10:00:00Z,2024-11-08T10:00:00Z,112.82
United Kingdom,GBR,2024-11-08T11:00:00Z,2024-11-08T11:00:00Z,111.11
United Kingdom,GBR,2024-11-08T12:00:00Z,2024-11-08T12:00:00Z,114.49
United Kingdom,GBR,2024-11-08T13:00:00Z,2024-11-08T13:00:00Z,114.55
United Kingdom,GBR,2024-11-08T14:00:00Z,2024-11-08T14:00:00Z,125.15
United Kingdom,GBR,2024-11-08T15:00:00Z,2024-11-08T15:00:00Z,131.01
United Kingdom,GBR,2024-11-08T16:00:00Z,2024-11-08T16:00:00Z,138.98
United Kingdom,GBR,2024-11-08T17:00:00Z,2024-11-08T17:00:00Z,149.37
United Kingdom,GBR,2024-11-08T18:00:00Z,2024-11-08T18:00:00Z,136.58
United Kingdom,GBR,2024-11-08T19:00:00Z,2024-11-08T19:00:00Z,119.17
United Kingdom,GBR,2024-11-08T20:00:00Z,2024-11-08T20:00:00Z,117.63
United Kingdom,GBR,2024-11-08T21:00:00Z,2024-11-08T21:00:00Z,111.16
United Kingdom,GBR,2024-11-08T22:00:00Z,2024-11-08T22:00:00Z,108.45
United Kingdom,GBR,2024-11-08T23:00:00Z,2024-11-08T23:00:00Z,108.13
United Kingdom,GBR,2024-11-09T00:00:00Z,2024-11-09T00:00:00Z,108.69
United Kingdom,GBR,2024-11-09T01:00:00Z,2024-11-09T01:00:00Z,109.49
United Kingdom,GBR,2024-11-09T02:00:00Z,2024-11-09T02:00:00Z,104.51
United Kingdom,GBR,2024-11-09T03:00:00Z,2024-11-09T03:00:00Z,103.54
United Kingdom,GBR,2024-11-09T04:00:00Z,2024-11-09T04:00:00Z,103.5
United Kingdom,GBR,2024-11-09T05:00:00Z,2024-11-09T05:00:00Z,104.82
United Kingdom,GBR,2024-11-09T06:00:00Z,2024-11-09T06:00:00Z,112.6
United Kingdom,GBR,2024-11-09T07:00:00Z,2024-11-09T07:00:00Z,114.64
United Kingdom,GBR,2024-11-09T08:00:00Z,2024-11-09T08:00:00Z,118.97
United Kingdom,GBR,2024-11-09T09:00:00Z,2024-11-09T09:00:00Z,120.27
United Kingdom,GBR,2024-11-09T10:00:00Z,2024-11-09T10:00:00Z,124.26
United Kingdom,GBR,2024-11-09T11:00:00Z,2024-11-09T11:00:00Z,125.56
United Kingdom,GBR,2024-11-09T12:00:00Z,2024-11-09T12:00:00Z,123.19
United Kingdom,GBR,2024-11-09T13:00:00Z,2024-11-09T13:00:00Z,122.51
United Kingdom,GBR,2024-11-09T14:00:00Z,2024-11-09T14:00:00Z,131.52
United Kingdom,GBR,2024-11-09T15:00:00Z,2024-11-09T15:00:00Z,137.18
United Kingdom,GBR,2024-11-09T16:00:00Z,2024-11-09T16:00:00Z,156.48
United Kingdom,GBR,2024-11-09T17:00:00Z,2024-11-09T17:00:00Z,166.37
United Kingdom,GBR,2024-11-09T18:00:00Z,2024-11-09T18:00:00Z,151.45
United Kingdom,GBR,2024-11-09T19:00:00Z,2024-11-09T19:00:00Z,135.55
United Kingdom,GBR,2024-11-09T20:00:00Z,2024-11-09T20:00:00Z,122.48
United Kingdom,GBR,2024-11-09T21:00:00Z,2024-11-09T21:00:00Z,119.07
United Kingdom,GBR,2024-11-09T22:00:00Z,2024-11-09T22:00:00Z,112.97
United Kingdom,GBR,2024-11-09T23:00:00Z,2024-11-09T23:00:00Z,112.37
United Kingdom,GBR,2024-11-10T00:00:00Z,2024-11-10T00:00:00Z,113.11
United Kingdom,GBR,2024-11-10T01:00:00Z,2024-11-10T01:00:00Z,109.75
United Kingdom,GBR,2024-11-10T02:00:00Z,2024-11-10T02:00:00Z,103.39
United Kingdom,GBR,2024-11-10T03:00:00Z,2024-11-10T03:00:00Z,103.12
United Kingdom,GBR,2024-11-10T04:00:00Z,2024-11-10T04:00:00Z,101.36
United Kingdom,GBR,2024-11-10T05:00:00Z,2024-11-10T05:00:00Z,103.39
United Kingdom,GBR,2024-11-10T06:00:00Z,2024-11-10T06:00:00Z,108.04
United Kingdom,GBR,2024-11-10T07:00:00Z,2024-11-10T07:00:00Z,104.19
United Kingdom,GBR,2024-11-10T08:00:00Z,2024-11-10T08:00:00Z,110.16
United Kingdom,GBR,2024-11-10T09:00:00Z,2024-11-10T09:00:00Z,111.43
United Kingdom,GBR,2024-11-10T10:00:00Z,2024-11-10T10:00:00Z,113.6
United Kingdom,GBR,2024-11-10T11:00:00Z,2024-11-10T11:00:00Z,120.53
United Kingdom,GBR,2024-11-10T12:00:00Z,2024-11-10T12:00:00Z,122.7
United Kingdom,GBR,2024-11-10T13:00:00Z,2024-11-10T13:00:00Z,112.71
United Kingdom,GBR,2024-11-10T14:00:00Z,2024-11-10T14:00:00Z,125.6
United Kingdom,GBR,2024-11-10T15:00:00Z,2024-11-10T15:00:00Z,127.66
United Kingdom,GBR,2024-11-10T16:00:00Z,2024-11-10T16:00:00Z,147.44
United Kingdom,GBR,2024-11-10T17:00:00Z,2024-11-10T17:00:00Z,150.2
United Kingdom,GBR,2024-11-10T18:00:00Z,2024-11-10T18:00:00Z,143.46
United Kingdom,GBR,2024-11-10T19:00:00Z,2024-11-10T19:00:00Z,127.79
United Kingdom,GBR,2024-11-10T20:00:00Z,2024-11-10T20:00:00Z,118.47
United Kingdom,GBR,2024-11-10T21:00:00Z,2024-11-10T21:00:00Z,114.49
United Kingdom,GBR,2024-11-10T22:00:00Z,2024-11-10T22:00:00Z,108.68
United Kingdom,GBR,2024-11-10T23:00:00Z,2024-11-10T23:00:00Z,109.41
United Kingdom,GBR,2024-11-11T00:00:00Z,2024-11-11T00:00:00Z,104.69
United Kingdom,GBR,2024-11-11T01:00:00Z,2024-11-11T01:00:00Z,101.44
United Kingdom,GBR,2024-11-11T02:00:00Z,2024-11-11T02:00:00Z,96.05
United Kingdom,GBR,2024-11-11T03:00:00Z,2024-11-11T03:00:00Z,92.75
United Kingdom,GBR,2024-11-11T04:00:00Z,2024-11-11T04:00:00Z,96.06
United Kingdom,GBR,2024-11-11T05:00:00Z,2024-11-11T05:00:00Z,101.2
United Kingdom,GBR,2024-11-11T06:00:00Z,2024-11-11T06:00:00Z,117.02
United Kingdom,GBR,2024-11-11T07:00:00Z,2024-11-11T07:00:00Z,125.75
United Kingdom,GBR,2024-11-11T08:00:00Z,2024-11-11T08:00:00Z,128.06
United Kingdom,GBR,2024-11-11T09:00:00Z,2024-11-11T09:00:00Z,121.38
United Kingdom,GBR,2024-11-11T10:00:00Z,2024-11-11T10:00:00Z,107.38
United Kingdom,GBR,2024-11-11T11:00:00Z,2024-11-11T11:00:00Z,103.95
United Kingdom,GBR,2024-11-11T12:00:00Z,2024-11-11T12:00:00Z,104.09
United Kingdom,GBR,2024-11-11T13:00:00Z,2024-11-11T13:00:00Z,105.42
United Kingdom,GBR,2024-11-11T14:00:00Z,2024-11-11T14:00:00Z,116.87
United Kingdom,GBR,2024-11-11T15:00:00Z,2024-11-11T15:00:00Z,124.63
United Kingdom,GBR,2024-11-11T16:00:00Z,2024-11-11T16:00:00Z,143.37
United Kingdom,GBR,2024-11-11T17:00:00Z,2024-11-11T17:00:00Z,145.89
United Kingdom,GBR,2024-11-11T18:00:00Z,2024-11-11T18:00:00Z,133.07
United Kingdom,GBR,2024-11-11T19:00:00Z,2024-11-11T19:00:00Z,125.51
United Kingdom,GBR,2024-11-11T20:00:00Z,2024-11-11T20:00:00Z,119.19
United Kingdom,GBR,2024-11-11T21:00:00Z,2024-11-11T21:00:00Z,114.68
United Kingdom,GBR,2024-11-11T22:00:00Z,2024-11-11T22:00:00Z,103.54
United Kingdom,GBR,2024-11-11T23:00:00Z,2024-11-11T23:00:00Z,103.06
United Kingdom,GBR,2024-11-12T00:00:00Z,2024-11-12T00:00:00Z,104.66
United Kingdom,GBR,2024-11-12T01:00:00Z,2024-11-12T01:00:00Z,105.49
United Kingdom,GBR,2024-11-12T02:00:00Z,2024-11-12T02:00:00Z,100.88
United Kingdom,GBR,2024-11-12T03:00:00Z,2024-11-12T03:00:00Z,99.7
United Kingdom,GBR,2024-11-12T04:00:00Z,2024-11-12T04:00:00Z,97.91
United Kingdom,GBR,2024-11-12T05:00:00Z,2024-11-12T05:00:00Z,109.68
United Kingdom,GBR,2024-11-12T06:00:00Z,2024-11-12T06:00:00Z,120.08
United Kingdom,GBR,2024-11-12T07:00:00Z,2024-11-12T07:00:00Z,122.29
United Kingdom,GBR,2024-11-12T08:00:00Z,2024-11-12T08:00:00Z,128.22
United Kingdom,GBR,2024-11-12T09:00:00Z,2024-11-12T09:00:00Z,128.83
United Kingdom,GBR,2024-11-12T10:00:00Z,2024-11-12T10:00:00Z,120.11
United Kingdom,GBR,2024-11-12T11:00:00Z,2024-11-12T11:00:00Z,123.66
United Kingdom,GBR,2024-11-12T12:00:00Z,2024-11-12T12:00:00Z,127.26
United Kingdom,GBR,2024-11-12T13:00:00Z,2024-11-12T13:00:00Z,134.59
United Kingdom,GBR,2024-11-12T14:00:00Z,2024-11-12T14:00:00Z,140.99
United Kingdom,GBR,2024-11-12T15:00:00Z,2024-11-12T15:00:00Z,151.29
United Kingdom,GBR,2024-11-12T16:00:00Z,2024-11-12T16:00:00Z,194.97
United Kingdom,GBR,2024-11-12T17:00:00Z,2024-11-12T17:00:00Z,216.39
United Kingdom,GBR,2024-11-12T18:00:00Z,2024-11-12T18:00:00Z,187.48
United Kingdom,GBR,2024-11-12T19:00:00Z,2024-11-12T19:00:00Z,151.15
United Kingdom,GBR,2024-11-12T20:00:00Z,2024-11-12T20:00:00Z,126.43
United Kingdom,GBR,2024-11-12T21:00:00Z,2024-11-12T21:00:00Z,122.68
United Kingdom,GBR,2024-11-12T22:00:00Z,2024-11-12T22:00:00Z,113.26
United Kingdom,GBR,2024-11-12T23:00:00Z,2024-11-12T23:00:00Z,111.95
United Kingdom,GBR,2024-11-13T00:00:00Z,2024-11-13T00:00:00Z,108.89
United Kingdom,GBR,2024-11-13T01:00:00Z,2024-11-13T01:00:00Z,107.64
United Kingdom,GBR,2024-11-13T02:00:00Z,2024-11-13T02:00:00Z,103.83
United Kingdom,GBR,2024-11-13T03:00:00Z,2024-11-13T03:00:00Z,100.9
United Kingdom,GBR,2024-11-13T04:00:00Z,2024-11-13T04:00:00Z,106.27
United Kingdom,GBR,2024-11-13T05:00:00Z,2024-11-13T05:00:00Z,115.77
United Kingdom,GBR,2024-11-13T06:00:00Z,2024-11-13T06:00:00Z,131.22
United Kingdom,GBR,2024-11-13T07:00:00Z,2024-11-13T07:00:00Z,155.36
United Kingdom,GBR,2024-11-13T08:00:00Z,2024-11-13T08:00:00Z,160.08
United Kingdom,GBR,2024-11-13T09:00:00Z,2024-11-13T09:00:00Z,159.01
United Kingdom,GBR,2024-11-13T10:00:00Z,2024-11-13T10:00:00Z,142.14
United Kingdom,GBR,2024-11-13T11:00:00Z,2024-11-13T11:00:00Z,135.22
United Kingdom,GBR,2024-11-13T12:00:00Z,2024-11-13T12:00:00Z,135.87
United Kingdom,GBR,2024-11-13T13:00:00Z,2024-11-13T13:00:00Z,139.77
United Kingdom,GBR,2024-11-13T14:00:00Z,2024-11-13T14:00:00Z,148.61
United Kingdom,GBR,2024-11-13T15:00:00Z,2024-11-13T15:00:00Z,162.09
United Kingdom,GBR,2024-11-13T16:00:00Z,2024-11-13T16:00:00Z,182.18
United Kingdom,GBR,2024-11-13T17:00:00Z,2024-11-13T17:00:00Z,186.41
United Kingdom,GBR,2024-11-13T18:00:00Z,2024-11-13T18:00:00Z,169.87
United Kingdom,GBR,2024-11-13T19:00:00Z,2024-11-13T19:00:00Z,141.45
United Kingdom,GBR,2024-11-13T20:00:00Z,2024-11-13T20:00:00Z,124.02
United Kingdom,GBR,2024-11-13T21:00:00Z,2024-11-13T21:00:00Z,118.69
United Kingdom,GBR,2024-11-13T22:00:00Z,2024-11-13T22:00:00Z,108.98
United Kingdom,GBR,2024-11-13T23:00:00Z,2024-11-13T23:00:00Z,105.46
United Kingdom,GBR,2024-11-14T00:00:00Z,2024-11-14T00:00:00Z,107.38
United Kingdom,GBR,2024-11-14T01:00:00Z,2024-11-14T01:00:00Z,102.21
United Kingdom,GBR,2024-11-14T02:00:00Z,2024-11-14T02:00:00Z,98.87
United Kingdom,GBR,2024-11-14T03:00:00Z,2024-11-14T03:00:00Z,98.88
United Kingdom,GBR,2024-11-14T04:00:00Z,2024-11-14T04:00:00Z,100.69
United Kingdom,GBR,2024-11-14T05:00:00Z,2024-11-14T05:00:00Z,111.28
United Kingdom,GBR,2024-11-14T06:00:00Z,2024-11-14T06:00:00Z,122.27
United Kingdom,GBR,2024-11-14T07:00:00Z,2024-11-14T07:00:00Z,135.87
United Kingdom,GBR,2024-11-14T08:00:00Z,2024-11-14T08:00:00Z,132.83
United Kingdom,GBR,2024-11-14T09:00:00Z,2024-11-14T09:00:00Z,134.25
United Kingdom,GBR,2024-11-14T10:00:00Z,2024-11-14T10:00:00Z,133.66
United Kingdom,GBR,2024-11-14T11:00:00Z,2024-11-14T11:00:00Z,127.25
United Kingdom,GBR,2024-11-14T12:00:00Z,2024-11-14T12:00:00Z,127.91
United Kingdom,GBR,2024-11-14T13:00:00Z,2024-11-14T13:00:00Z,132.11
United Kingdom,GBR,2024-11-14T14:00:00Z,2024-11-14T14:00:00Z,139.35
United Kingdom,GBR,2024-11-14T15:00:00Z,2024-11-14T15:00:00Z,147.08
United Kingdom,GBR,2024-11-14T16:00:00Z,2024-11-14T16:00:00Z,161.44
United Kingdom,GBR,2024-11-14T17:00:00Z,2024-11-14T17:00:00Z,167.9
United Kingdom,GBR,2024-11-14T18:00:00Z,2024-11-14T18:00:00Z,158.56
United Kingdom,GBR,2024-11-14T19:00:00Z,2024-11-14T19:00:00Z,138.48
United Kingdom,GBR,2024-11-14T20:00:00Z,2024-11-14T20:00:00Z,129.97
United Kingdom,GBR,2024-11-14T21:00:00Z,2024-11-14T21:00:00Z,124.56
United Kingdom,GBR,2024-11-14T22:00:00Z,2024-11-14T22:00:00Z,117.48
United Kingdom,GBR,2024-11-14T23:00:00Z,2024-11-14T23:00:00Z,113.76
United Kingdom,GBR,2024-11-15T00:00:00Z,2024-11-15T00:00:00Z,114
United Kingdom,GBR,2024-11-15T01:00:00Z,2024-11-15T01:00:00Z,108.94
United Kingdom,GBR,2024-11-15T02:00:00Z,2024-11-15T02:00:00Z,107.77
United Kingdom,GBR,2024-11-15T03:00:00Z,2024-11-15T03:00:00Z,103.55
United Kingdom,GBR,2024-11-15T04:00:00Z,2024-11-15T04:00:00Z,104.48
United Kingdom,GBR,2024-11-15T05:00:00Z,2024-11-15T05:00:00Z,115.98
United Kingdom,GBR,2024-11-15T06:00:00Z,2024-11-15T06:00:00Z,125.88
United Kingdom,GBR,2024-11-15T07:00:00Z,2024-11-15T07:00:00Z,145.35
United Kingdom,GBR,2024-11-15T08:00:00Z,2024-11-15T08:00:00Z,137.41
United Kingdom,GBR,2024-11-15T09:00:00Z,2024-11-15T09:00:00Z,129.72
United Kingdom,GBR,2024-11-15T10:00:00Z,2024-11-15T10:00:00Z,122.41
United Kingdom,GBR,2024-11-15T11:00:00Z,2024-11-15T11:00:00Z,118.27
United Kingdom,GBR,2024-11-15T12:00:00Z,2024-11-15T12:00:00Z,116.39
United Kingdom,GBR,2024-11-15T13:00:00Z,2024-11-15T13:00:00Z,118.3
United Kingdom,GBR,2024-11-15T14:00:00Z,2024-11-15T14:00:00Z,122.18
United Kingdom,GBR,2024-11-15T15:00:00Z,2024-11-15T15:00:00Z,125.98
United Kingdom,GBR,2024-11-15T16:00:00Z,2024-11-15T16:00:00Z,132.65
United Kingdom,GBR,2024-11-15T17:00:00Z,2024-11-15T17:00:00Z,134.14
United Kingdom,GBR,2024-11-15T18:00:00Z,2024-11-15T18:00:00Z,123.05
United Kingdom,GBR,2024-11-15T19:00:00Z,2024-11-15T19:00:00Z,120.18
United Kingdom,GBR,2024-11-15T20:00:00Z,2024-11-15T20:00:00Z,114.59
United Kingdom,GBR,2024-11-15T21:00:00Z,2024-11-15T21:00:00Z,114.24
United Kingdom,GBR,2024-11-15T22:00:00Z,2024-11-15T22:00:00Z,106.97
United Kingdom,GBR,2024-11-15T23:00:00Z,2024-11-15T23:00:00Z,104.92
United Kingdom,GBR,2024-11-16T00:00:00Z,2024-11-16T00:00:00Z,100.49
United Kingdom,GBR,2024-11-16T01:00:00Z,2024-11-16T01:00:00Z,98.63
United Kingdom,GBR,2024-11-16T02:00:00Z,2024-11-16T02:00:00Z,90.06
United Kingdom,GBR,2024-11-16T03:00:00Z,2024-11-16T03:00:00Z,86.79
United Kingdom,GBR,2024-11-16T04:00:00Z,2024-11-16T04:00:00Z,85.91
United Kingdom,GBR,2024-11-16T05:00:00Z,2024-11-16T05:00:00Z,90.38
United Kingdom,GBR,2024-11-16T06:00:00Z,2024-11-16T06:00:00Z,102.1
United Kingdom,GBR,2024-11-16T07:00:00Z,2024-11-16T07:00:00Z,111.86
United Kingdom,GBR,2024-11-16T08:00:00Z,2024-11-16T08:00:00Z,113.04
United Kingdom,GBR,2024-11-16T09:00:00Z,2024-11-16T09:00:00Z,119.49
United Kingdom,GBR,2024-11-16T10:00:00Z,2024-11-16T10:00:00Z,118.83
United Kingdom,GBR,2024-11-16T11:00:00Z,2024-11-16T11:00:00Z,113.44
United Kingdom,GBR,2024-11-16T12:00:00Z,2024-11-16T12:00:00Z,111.37
United Kingdom,GBR,2024-11-16T13:00:00Z,2024-11-16T13:00:00Z,102.44
United Kingdom,GBR,2024-11-16T14:00:00Z,2024-11-16T14:00:00Z,106.63
United Kingdom,GBR,2024-11-16T15:00:00Z,2024-11-16T15:00:00Z,111.93
United Kingdom,GBR,2024-11-16T16:00:00Z,2024-11-16T16:00:00Z,130.55
United Kingdom,GBR,2024-11-16T17:00:00Z,2024-11-16T17:00:00Z,142.64
United Kingdom,GBR,2024-11-16T18:00:00Z,2024-11-16T18:00:00Z,132.85
United Kingdom,GBR,2024-11-16T19:00:00Z,2024-11-16T19:00:00Z,120.03
United Kingdom,GBR,2024-11-16T20:00:00Z,2024-11-16T20:00:00Z,112.38
United Kingdom,GBR,2024-11-16T21:00:00Z,2024-11-16T21:00:00Z,105.96
United Kingdom,GBR,2024-11-16T22:00:00Z,2024-11-16T22:00:00Z,94.91
United Kingdom,GBR,2024-11-16T23:00:00Z,2024-11-16T23:00:00Z,85.58
United Kingdom,GBR,2024-11-17T00:00:00Z,2024-11-17T00:00:00Z,80.7
United Kingdom,GBR,2024-11-17T01:00:00Z,2024-11-17T01:00:00Z,69.41
United Kingdom,GBR,2024-11-17T02:00:00Z,2024-11-17T02:00:00Z,55.13
United Kingdom,GBR,2024-11-17T03:00:00Z,2024-11-17T03:00:00Z,45.76
United Kingdom,GBR,2024-11-17T04:00:00Z,2024-11-17T04:00:00Z,39.37
United Kingdom,GBR,2024-11-17T05:00:00Z,2024-11-17T05:00:00Z,42.6
United Kingdom,GBR,2024-11-17T06:00:00Z,2024-11-17T06:00:00Z,59.39
United Kingdom,GBR,2024-11-17T07:00:00Z,2024-11-17T07:00:00Z,72.57
United Kingdom,GBR,2024-11-17T08:00:00Z,2024-11-17T08:00:00Z,97.2
United Kingdom,GBR,2024-11-17T09:00:00Z,2024-11-17T09:00:00Z,118.16
United Kingdom,GBR,2024-11-17T10:00:00Z,2024-11-17T10:00:00Z,118.09
United Kingdom,GBR,2024-11-17T11:00:00Z,2024-11-17T11:00:00Z,108.73
United Kingdom,GBR,2024-11-17T12:00:00Z,2024-11-17T12:00:00Z,116.1
United Kingdom,GBR,2024-11-17T13:00:00Z,2024-11-17T13:00:00Z,125.23
United Kingdom,GBR,2024-11-17T14:00:00Z,2024-11-17T14:00:00Z,122.83
United Kingdom,GBR,2024-11-17T15:00:00Z,2024-11-17T15:00:00Z,117.93
United Kingdom,GBR,2024-11-17T16:00:00Z,2024-11-17T16:00:00Z,137.7
United Kingdom,GBR,2024-11-17T17:00:00Z,2024-11-17T17:00:00Z,156.44
United Kingdom,GBR,2024-11-17T18:00:00Z,2024-11-17T18:00:00Z,145.5
United Kingdom,GBR,2024-11-17T19:00:00Z,2024-11-17T19:00:00Z,126.2
United Kingdom,GBR,2024-11-17T20:00:00Z,2024-11-17T20:00:00Z,119.5
United Kingdom,GBR,2024-11-17T21:00:00Z,2024-11-17T21:00:00Z,122.51
United Kingdom,GBR,2024-11-17T22:00:00Z,2024-11-17T22:00:00Z,104.4
United Kingdom,GBR,2024-11-17T23:00:00Z,2024-11-17T23:00:00Z,93.64
United Kingdom,GBR,2024-11-18T00:00:00Z,2024-11-18T00:00:00Z,99.9
United Kingdom,GBR,2024-11-18T01:00:00Z,2024-11-18T01:00:00Z,106.58
United Kingdom,GBR,2024-11-18T02:00:00Z,2024-11-18T02:00:00Z,99.73
United Kingdom,GBR,2024-11-18T03:00:00Z,2024-11-18T03:00:00Z,100.02
United Kingdom,GBR,2024-11-18T04:00:00Z,2024-11-18T04:00:00Z,94.67
United Kingdom,GBR,2024-11-18T05:00:00Z,2024-11-18T05:00:00Z,110.43
United Kingdom,GBR,2024-11-18T06:00:00Z,2024-11-18T06:00:00Z,126.12
United Kingdom,GBR,2024-11-18T07:00:00Z,2024-11-18T07:00:00Z,126.33
United Kingdom,GBR,2024-11-18T08:00:00Z,2024-11-18T08:00:00Z,127.87
United Kingdom,GBR,2024-11-18T09:00:00Z,2024-11-18T09:00:00Z,127.81
United Kingdom,GBR,2024-11-18T10:00:00Z,2024-11-18T10:00:00Z,129.15
United Kingdom,GBR,2024-11-18T11:00:00Z,2024-11-18T11:00:00Z,131.89
United Kingdom,GBR,2024-11-18T12:00:00Z,2024-11-18T12:00:00Z,142.72
United Kingdom,GBR,2024-11-18T13:00:00Z,2024-11-18T13:00:00Z,151.43
United Kingdom,GBR,2024-11-18T14:00:00Z,2024-11-18T14:00:00Z,156.54
United Kingdom,GBR,2024-11-18T15:00:00Z,2024-11-18T15:00:00Z,158.5
United Kingdom,GBR,2024-11-18T16:00:00Z,2024-11-18T16:00:00Z,171
United Kingdom,GBR,2024-11-18T17:00:00Z,2024-11-18T17:00:00Z,175
United Kingdom,GBR,2024-11-18T18:00:00Z,2024-11-18T18:00:00Z,162.84
United Kingdom,GBR,2024-11-18T19:00:00Z,2024-11-18T19:00:00Z,140.21
United Kingdom,GBR,2024-11-18T20:00:00Z,2024-11-18T20:00:00Z,126.34
United Kingdom,GBR,2024-11-18T21:00:00Z,2024-11-18T21:00:00Z,124.97
United Kingdom,GBR,2024-11-18T22:00:00Z,2024-11-18T22:00:00Z,117.14
United Kingdom,GBR,2024-11-18T23:00:00Z,2024-11-18T23:00:00Z,117.33
United Kingdom,GBR,2024-11-19T00:00:00Z,2024-11-19T00:00:00Z,124.14
United Kingdom,GBR,2024-11-19T01:00:00Z,2024-11-19T01:00:00Z,113.38
United Kingdom,GBR,2024-11-19T02:00:00Z,2024-11-19T02:00:00Z,101.68
United Kingdom,GBR,2024-11-19T03:00:00Z,2024-11-19T03:00:00Z,96.91
United Kingdom,GBR,2024-11-19T04:00:00Z,2024-11-19T04:00:00Z,96.51
United Kingdom,GBR,2024-11-19T05:00:00Z,2024-11-19T05:00:00Z,109.68
United Kingdom,GBR,2024-11-19T06:00:00Z,2024-11-19T06:00:00Z,123.97
United Kingdom,GBR,2024-11-19T07:00:00Z,2024-11-19T07:00:00Z,130.05
United Kingdom,GBR,2024-11-19T08:00:00Z,2024-11-19T08:00:00Z,137.92
United Kingdom,GBR,2024-11-19T09:00:00Z,2024-11-19T09:00:00Z,141.23
United Kingdom,GBR,2024-11-19T10:00:00Z,2024-11-19T10:00:00Z,136.6
United Kingdom,GBR,2024-11-19T11:00:00Z,2024-11-19T11:00:00Z,131.06
United Kingdom,GBR,2024-11-19T12:00:00Z,2024-11-19T12:00:00Z,123.99
United Kingdom,GBR,2024-11-19T13:00:00Z,2024-11-19T13:00:00Z,124.13
United Kingdom,GBR,2024-11-19T14:00:00Z,2024-11-19T14:00:00Z,125.43
United Kingdom,GBR,2024-11-19T15:00:00Z,2024-11-19T15:00:00Z,129.98
United Kingdom,GBR,2024-11-19T16:00:00Z,2024-11-19T16:00:00Z,140.74
United Kingdom,GBR,2024-11-19T17:00:00Z,2024-11-19T17:00:00Z,142.29
United Kingdom,GBR,2024-11-19T18:00:00Z,2024-11-19T18:00:00Z,136.01
United Kingdom,GBR,2024-11-19T19:00:00Z,2024-11-19T19:00:00Z,125.59
United Kingdom,GBR,2024-11-19T20:00:00Z,2024-11-19T20:00:00Z,121.92
United Kingdom,GBR,2024-11-19T21:00:00Z,2024-11-19T21:00:00Z,116.89
United Kingdom,GBR,2024-11-19T22:00:00Z,2024-11-19T22:00:00Z,101.05
United Kingdom,GBR,2024-11-19T23:00:00Z,2024-11-19T23:00:00Z,104.75
United Kingdom,GBR,2024-11-20T00:00:00Z,2024-11-20T00:00:00Z,99.76
United Kingdom,GBR,2024-11-20T01:00:00Z,2024-11-20T01:00:00Z,96.57
United Kingdom,GBR,2024-11-20T02:00:00Z,2024-11-20T02:00:00Z,90.92
United Kingdom,GBR,2024-11-20T03:00:00Z,2024-11-20T03:00:00Z,82.21
United Kingdom,GBR,2024-11-20T04:00:00Z,2024-11-20T04:00:00Z,91.81
United Kingdom,GBR,2024-11-20T05:00:00Z,2024-11-20T05:00:00Z,104.62
United Kingdom,GBR,2024-11-20T06:00:00Z,2024-11-20T06:00:00Z,124.97
United Kingdom,GBR,2024-11-20T07:00:00Z,2024-11-20T07:00:00Z,138.96
United Kingdom,GBR,2024-11-20T08:00:00Z,2024-11-20T08:00:00Z,135.9
United Kingdom,GBR,2024-11-20T09:00:00Z,2024-11-20T09:00:00Z,127.44
United Kingdom,GBR,2024-11-20T10:00:00Z,2024-11-20T10:00:00Z,118.47
United Kingdom,GBR,2024-11-20T11:00:00Z,2024-11-20T11:00:00Z,111.38
United Kingdom,GBR,2024-11-20T12:00:00Z,2024-11-20T12:00:00Z,108.4
United Kingdom,GBR,2024-11-20T13:00:00Z,2024-11-20T13:00:00Z,109.87
United Kingdom,GBR,2024-11-20T14:00:00Z,2024-11-20T14:00:00Z,121.95
United Kingdom,GBR,2024-11-20T15:00:00Z,2024-11-20T15:00:00Z,131.32
United Kingdom,GBR,2024-11-20T16:00:00Z,2024-11-20T16:00:00Z,143.8
United Kingdom,GBR,2024-11-20T17:00:00Z,2024-11-20T17:00:00Z,148.63
United Kingdom,GBR,2024-11-20T18:00:00Z,2024-11-20T18:00:00Z,142.54
United Kingdom,GBR,2024-11-20T19:00:00Z,2024-11-20T19:00:00Z,133.55
United Kingdom,GBR,2024-11-20T20:00:00Z,2024-11-20T20:00:00Z,128.28
United Kingdom,GBR,2024-11-20T21:00:00Z,2024-11-20T21:00:00Z,120.53
United Kingdom,GBR,2024-11-20T22:00:00Z,2024-11-20T22:00:00Z,111.07
United Kingdom,GBR,2024-11-20T23:00:00Z,2024-11-20T23:00:00Z,113.05
United Kingdom,GBR,2024-11-21T00:00:00Z,2024-11-21T00:00:00Z,112.29
United Kingdom,GBR,2024-11-21T01:00:00Z,2024-11-21T01:00:00Z,112.1
United Kingdom,GBR,2024-11-21T02:00:00Z,2024-11-21T02:00:00Z,106.55
United Kingdom,GBR,2024-11-21T03:00:00Z,2024-11-21T03:00:00Z,105.22
United Kingdom,GBR,2024-11-21T04:00:00Z,2024-11-21T04:00:00Z,103.17
United Kingdom,GBR,2024-11-21T05:00:00Z,2024-11-21T05:00:00Z,116.18
United Kingdom,GBR,2024-11-21T06:00:00Z,2024-11-21T06:00:00Z,127.32
United Kingdom,GBR,2024-11-21T07:00:00Z,2024-11-21T07:00:00Z,136.23
United Kingdom,GBR,2024-11-21T08:00:00Z,2024-11-21T08:00:00Z,139.31
United Kingdom,GBR,2024-11-21T09:00:00Z,2024-11-21T09:00:00Z,129.53
United Kingdom,GBR,2024-11-21T10:00:00Z,2024-11-21T10:00:00Z,120.98
United Kingdom,GBR,2024-11-21T11:00:00Z,2024-11-21T11:00:00Z,119.84
United Kingdom,GBR,2024-11-21T12:00:00Z,2024-11-21T12:00:00Z,120.29
United Kingdom,GBR,2024-11-21T13:00:00Z,2024-11-21T13:00:00Z,127.56
United Kingdom,GBR,2024-11-21T14:00:00Z,2024-11-21T14:00:00Z,138.7
United Kingdom,GBR,2024-11-21T15:00:00Z,2024-11-21T15:00:00Z,141.99
United Kingdom,GBR,2024-11-21T16:00:00Z,2024-11-21T16:00:00Z,150.82
United Kingdom,GBR,2024-11-21T17:00:00Z,2024-11-21T17:00:00Z,148.26
United Kingdom,GBR,2024-11-21T18:00:00Z,2024-11-21T18:00:00Z,144.11
United Kingdom,GBR,2024-11-21T19:00:00Z,2024-11-21T19:00:00Z,130.1
United Kingdom,GBR,2024-11-21T20:00:00Z,2024-11-21T20:00:00Z,123.59
United Kingdom,GBR,2024-11-21T21:00:00Z,2024-11-21T21:00:00Z,119.55
United Kingdom,GBR,2024-11-21T22:00:00Z,2024-11-21T22:00:00Z,106.13
United Kingdom,GBR,2024-11-21T23:00:00Z,2024-11-21T23:00:00Z,111.6
United Kingdom,GBR,2024-11-22T00:00:00Z,2024-11-22T00:00:00Z,109.53
United Kingdom,GBR,2024-11-22T01:00:00Z,2024-11-22T01:00:00Z,104.68
United Kingdom,GBR,2024-11-22T02:00:00Z,2024-11-22T02:00:00Z,98.53
United Kingdom,GBR,2024-11-22T03:00:00Z,2024-11-22T03:00:00Z,93.04
United Kingdom,GBR,2024-11-22T04:00:00Z,2024-11-22T04:00:00Z,95.64
United Kingdom,GBR,2024-11-22T05:00:00Z,2024-11-22T05:00:00Z,110.61
United Kingdom,GBR,2024-11-22T06:00:00Z,2024-11-22T06:00:00Z,124.95
United Kingdom,GBR,2024-11-22T07:00:00Z,2024-11-22T07:00:00Z,134.99
United Kingdom,GBR,2024-11-22T08:00:00Z,2024-11-22T08:00:00Z,143.95
United Kingdom,GBR,2024-11-22T09:00:00Z,2024-11-22T09:00:00Z,127.75
United Kingdom,GBR,2024-11-22T10:00:00Z,2024-11-22T10:00:00Z,119.83
United Kingdom,GBR,2024-11-22T11:00:00Z,2024-11-22T11:00:00Z,116.87
United Kingdom,GBR,2024-11-22T12:00:00Z,2024-11-22T12:00:00Z,123.92
United Kingdom,GBR,2024-11-22T13:00:00Z,2024-11-22T13:00:00Z,127.65
United Kingdom,GBR,2024-11-22T14:00:00Z,2024-11-22T14:00:00Z,132.74
United Kingdom,GBR,2024-11-22T15:00:00Z,2024-11-22T15:00:00Z,134.83
United Kingdom,GBR,2024-11-22T16:00:00Z,2024-11-22T16:00:00Z,149.46
United Kingdom,GBR,2024-11-22T17:00:00Z,2024-11-22T17:00:00Z,163.09
United Kingdom,GBR,2024-11-22T18:00:00Z,2024-11-22T18:00:00Z,163.71
United Kingdom,GBR,2024-11-22T19:00:00Z,2024-11-22T19:00:00Z,154.25
United Kingdom,GBR,2024-11-22T20:00:00Z,2024-11-22T20:00:00Z,134.02
United Kingdom,GBR,2024-11-22T21:00:00Z,2024-11-22T21:00:00Z,129.18
United Kingdom,GBR,2024-11-22T22:00:00Z,2024-11-22T22:00:00Z,120.68
United Kingdom,GBR,2024-11-22T23:00:00Z,2024-11-22T23:00:00Z,125.74
United Kingdom,GBR,2024-11-23T00:00:00Z,2024-11-23T00:00:00Z,136.85
United Kingdom,GBR,2024-11-23T01:00:00Z,2024-11-23T01:00:00Z,123.53
United Kingdom,GBR,2024-11-23T02:00:00Z,2024-11-23T02:00:00Z,117.85
United Kingdom,GBR,2024-11-23T03:00:00Z,2024-11-23T03:00:00Z,125.4
United Kingdom,GBR,2024-11-23T04:00:00Z,2024-11-23T04:00:00Z,97
United Kingdom,GBR,2024-11-23T05:00:00Z,2024-11-23T05:00:00Z,87.25
United Kingdom,GBR,2024-11-23T06:00:00Z,2024-11-23T06:00:00Z,88.61
United Kingdom,GBR,2024-11-23T07:00:00Z,2024-11-23T07:00:00Z,92.85
United Kingdom,GBR,2024-11-23T08:00:00Z,2024-11-23T08:00:00Z,93.48
United Kingdom,GBR,2024-11-23T09:00:00Z,2024-11-23T09:00:00Z,95.75
United Kingdom,GBR,2024-11-23T10:00:00Z,2024-11-23T10:00:00Z,104.3
United Kingdom,GBR,2024-11-23T11:00:00Z,2024-11-23T11:00:00Z,110.62
United Kingdom,GBR,2024-11-23T12:00:00Z,2024-11-23T12:00:00Z,124.08
United Kingdom,GBR,2024-11-23T13:00:00Z,2024-11-23T13:00:00Z,131.11
United Kingdom,GBR,2024-11-23T14:00:00Z,2024-11-23T14:00:00Z,129.62
United Kingdom,GBR,2024-11-23T15:00:00Z,2024-11-23T15:00:00Z,118.42
United Kingdom,GBR,2024-11-23T16:00:00Z,2024-11-23T16:00:00Z,136.66
United Kingdom,GBR,2024-11-23T17:00:00Z,2024-11-23T17:00:00Z,145.26
United Kingdom,GBR,2024-11-23T18:00:00Z,2024-11-23T18:00:00Z,139.64
United Kingdom,GBR,2024-11-23T19:00:00Z,2024-11-23T19:00:00Z,124.82
United Kingdom,GBR,2024-11-23T20:00:00Z,2024-11-23T20:00:00Z,100.53
United Kingdom,GBR,2024-11-23T21:00:00Z,2024-11-23T21:00:00Z,62.74
United Kingdom,GBR,2024-11-23T22:00:00Z,2024-11-23T22:00:00Z,17.86
United Kingdom,GBR,2024-11-23T23:00:00Z,2024-11-23T23:00:00Z,4.45
United Kingdom,GBR,2024-11-24T00:00:00Z,2024-11-24T00:00:00Z,1.57
United Kingdom,GBR,2024-11-24T01:00:00Z,2024-11-24T01:00:00Z,1.01
United Kingdom,GBR,2024-11-24T02:00:00Z,2024-11-24T02:00:00Z,-0.66
United Kingdom,GBR,2024-11-24T03:00:00Z,2024-11-24T03:00:00Z,-2.97
United Kingdom,GBR,2024-11-24T04:00:00Z,2024-11-24T04:00:00Z,-5.8
United Kingdom,GBR,2024-11-24T05:00:00Z,2024-11-24T05:00:00Z,-5.6
United Kingdom,GBR,2024-11-24T06:00:00Z,2024-11-24T06:00:00Z,-1.56
United Kingdom,GBR,2024-11-24T07:00:00Z,2024-11-24T07:00:00Z,3.99
United Kingdom,GBR,2024-11-24T08:00:00Z,2024-11-24T08:00:00Z,7.11
United Kingdom,GBR,2024-11-24T09:00:00Z,2024-11-24T09:00:00Z,10.79
United Kingdom,GBR,2024-11-24T10:00:00Z,2024-11-24T10:00:00Z,36.67
United Kingdom,GBR,2024-11-24T11:00:00Z,2024-11-24T11:00:00Z,39.26
United Kingdom,GBR,2024-11-24T12:00:00Z,2024-11-24T12:00:00Z,53.76
United Kingdom,GBR,2024-11-24T13:00:00Z,2024-11-24T13:00:00Z,51.33
United Kingdom,GBR,2024-11-24T14:00:00Z,2024-11-24T14:00:00Z,62.89
United Kingdom,GBR,2024-11-24T15:00:00Z,2024-11-24T15:00:00Z,75.7
United Kingdom,GBR,2024-11-24T16:00:00Z,2024-11-24T16:00:00Z,116.76
United Kingdom,GBR,2024-11-24T17:00:00Z,2024-11-24T17:00:00Z,133.92
United Kingdom,GBR,2024-11-24T18:00:00Z,2024-11-24T18:00:00Z,109.66
United Kingdom,GBR,2024-11-24T19:00:00Z,2024-11-24T19:00:00Z,67.65
United Kingdom,GBR,2024-11-24T20:00:00Z,2024-11-24T20:00:00Z,30.79
United Kingdom,GBR,2024-11-24T21:00:00Z,2024-11-24T21:00:00Z,18
United Kingdom,GBR,2024-11-24T22:00:00Z,2024-11-24T22:00:00Z,4.95
United Kingdom,GBR,2024-11-24T23:00:00Z,2024-11-24T23:00:00Z,4.4
United Kingdom,GBR,2024-11-25T00:00:00Z,2024-11-25T00:00:00Z,4.36
United Kingdom,GBR,2024-11-25T01:00:00Z,2024-11-25T01:00:00Z,2.74
United Kingdom,GBR,2024-11-25T02:00:00Z,2024-11-25T02:00:00Z,1.51
United Kingdom,GBR,2024-11-25T03:00:00Z,2024-11-25T03:00:00Z,0.06
United Kingdom,GBR,2024-11-25T04:00:00Z,2024-11-25T04:00:00Z,-0.94
United Kingdom,GBR,2024-11-25T05:00:00Z,2024-11-25T05:00:00Z,5.67
United Kingdom,GBR,2024-11-25T06:00:00Z,2024-11-25T06:00:00Z,57.32
United Kingdom,GBR,2024-11-25T07:00:00Z,2024-11-25T07:00:00Z,94.71
United Kingdom,GBR,2024-11-25T08:00:00Z,2024-11-25T08:00:00Z,106.84
United Kingdom,GBR,2024-11-25T09:00:00Z,2024-11-25T09:00:00Z,105.29
United Kingdom,GBR,2024-11-25T10:00:00Z,2024-11-25T10:00:00Z,104.46
United Kingdom,GBR,2024-11-25T11:00:00Z,2024-11-25T11:00:00Z,94.61
United Kingdom,GBR,2024-11-25T12:00:00Z,2024-11-25T12:00:00Z,96.29
United Kingdom,GBR,2024-11-25T13:00:00Z,2024-11-25T13:00:00Z,106.42
United Kingdom,GBR,2024-11-25T14:00:00Z,2024-11-25T14:00:00Z,120.51
United Kingdom,GBR,2024-11-25T15:00:00Z,2024-11-25T15:00:00Z,112.12
United Kingdom,GBR,2024-11-25T16:00:00Z,2024-11-25T16:00:00Z,134.79
United Kingdom,GBR,2024-11-25T17:00:00Z,2024-11-25T17:00:00Z,139.79
United Kingdom,GBR,2024-11-25T18:00:00Z,2024-11-25T18:00:00Z,135.44
United Kingdom,GBR,2024-11-25T19:00:00Z,2024-11-25T19:00:00Z,130.91
United Kingdom,GBR,2024-11-25T20:00:00Z,2024-11-25T20:00:00Z,132.28
United Kingdom,GBR,2024-11-25T21:00:00Z,2024-11-25T21:00:00Z,97.6
United Kingdom,GBR,2024-11-25T22:00:00Z,2024-11-25T22:00:00Z,76.77
United Kingdom,GBR,2024-11-25T23:00:00Z,2024-11-25T23:00:00Z,84.42
United Kingdom,GBR,2024-11-26T00:00:00Z,2024-11-26T00:00:00Z,92.58
United Kingdom,GBR,2024-11-26T01:00:00Z,2024-11-26T01:00:00Z,93.37
United Kingdom,GBR,2024-11-26T02:00:00Z,2024-11-26T02:00:00Z,89.4
United Kingdom,GBR,2024-11-26T03:00:00Z,2024-11-26T03:00:00Z,90.43
United Kingdom,GBR,2024-11-26T04:00:00Z,2024-11-26T04:00:00Z,96.04
United Kingdom,GBR,2024-11-26T05:00:00Z,2024-11-26T05:00:00Z,105.76
United Kingdom,GBR,2024-11-26T06:00:00Z,2024-11-26T06:00:00Z,120.96
United Kingdom,GBR,2024-11-26T07:00:00Z,2024-11-26T07:00:00Z,128.16
United Kingdom,GBR,2024-11-26T08:00:00Z,2024-11-26T08:00:00Z,129.34
United Kingdom,GBR,2024-11-26T09:00:00Z,2024-11-26T09:00:00Z,131.19
United Kingdom,GBR,2024-11-26T10:00:00Z,2024-11-26T10:00:00Z,121.13
United Kingdom,GBR,2024-11-26T11:00:00Z,2024-11-26T11:00:00Z,124.62
United Kingdom,GBR,2024-11-26T12:00:00Z,2024-11-26T12:00:00Z,126.95
United Kingdom,GBR,2024-11-26T13:00:00Z,2024-11-26T13:00:00Z,132.09
United Kingdom,GBR,2024-11-26T14:00:00Z,2024-11-26T14:00:00Z,137.33
United Kingdom,GBR,2024-11-26T15:00:00Z,2024-11-26T15:00:00Z,158.07
United Kingdom,GBR,2024-11-26T16:00:00Z,2024-11-26T16:00:00Z,203.2
United Kingdom,GBR,2024-11-26T17:00:00Z,2024-11-26T17:00:00Z,221.3
United Kingdom,GBR,2024-11-26T18:00:00Z,2024-11-26T18:00:00Z,214.16
United Kingdom,GBR,2024-11-26T19:00:00Z,2024-11-26T19:00:00Z,166.54
United Kingdom,GBR,2024-11-26T20:00:00Z,2024-11-26T20:00:00Z,147.92
United Kingdom,GBR,2024-11-26T21:00:00Z,2024-11-26T21:00:00Z,135.46
United Kingdom,GBR,2024-11-26T22:00:00Z,2024-11-26T22:00:00Z,121.63
United Kingdom,GBR,2024-11-26T23:00:00Z,2024-11-26T23:00:00Z,124.84
United Kingdom,GBR,2024-11-27T00:00:00Z,2024-11-27T00:00:00Z,127.34
United Kingdom,GBR,2024-11-27T01:00:00Z,2024-11-27T01:00:00Z,119.68
United Kingdom,GBR,2024-11-27T02:00:00Z,2024-11-27T02:00:00Z,111.64
United Kingdom,GBR,2024-11-27T03:00:00Z,2024-11-27T03:00:00Z,106.68
United Kingdom,GBR,2024-11-27T04:00:00Z,2024-11-27T04:00:00Z,106.31
United Kingdom,GBR,2024-11-27T05:00:00Z,2024-11-27T05:00:00Z,114.47
United Kingdom,GBR,2024-11-27T06:00:00Z,2024-11-27T06:00:00Z,130.77
United Kingdom,GBR,2024-11-27T07:00:00Z,2024-11-27T07:00:00Z,147.99
United Kingdom,GBR,2024-11-27T08:00:00Z,2024-11-27T08:00:00Z,155.86
United Kingdom,GBR,2024-11-27T09:00:00Z,2024-11-27T09:00:00Z,144.44
United Kingdom,GBR,2024-11-27T10:00:00Z,2024-11-27T10:00:00Z,142
United Kingdom,GBR,2024-11-27T11:00:00Z,2024-11-27T11:00:00Z,134.49
United Kingdom,GBR,2024-11-27T12:00:00Z,2024-11-27T12:00:00Z,129.77
United Kingdom,GBR,2024-11-27T13:00:00Z,2024-11-27T13:00:00Z,124.32
United Kingdom,GBR,2024-11-27T14:00:00Z,2024-11-27T14:00:00Z,125.43
United Kingdom,GBR,2024-11-27T15:00:00Z,2024-11-27T15:00:00Z,128.55
United Kingdom,GBR,2024-11-27T16:00:00Z,2024-11-27T16:00:00Z,146.75
United Kingdom,GBR,2024-11-27T17:00:00Z,2024-11-27T17:00:00Z,149.17
United Kingdom,GBR,2024-11-27T18:00:00Z,2024-11-27T18:00:00Z,141.81
United Kingdom,GBR,2024-11-27T19:00:00Z,2024-11-27T19:00:00Z,135.06
United Kingdom,GBR,2024-11-27T20:00:00Z,2024-11-27T20:00:00Z,128.15
United Kingdom,GBR,2024-11-27T21:00:00Z,2024-11-27T21:00:00Z,127.19
United Kingdom,GBR,2024-11-27T22:00:00Z,2024-11-27T22:00:00Z,108.66
United Kingdom,GBR,2024-11-27T23:00:00Z,2024-11-27T23:00:00Z,111.64
United Kingdom,GBR,2024-11-28T00:00:00Z,2024-11-28T00:00:00Z,114.74
United Kingdom,GBR,2024-11-28T01:00:00Z,2024-11-28T01:00:00Z,116.89
United Kingdom,GBR,2024-11-28T02:00:00Z,2024-11-28T02:00:00Z,111.74
United Kingdom,GBR,2024-11-28T03:00:00Z,2024-11-28T03:00:00Z,110.01
United Kingdom,GBR,2024-11-28T04:00:00Z,2024-11-28T04:00:00Z,108.09
United Kingdom,GBR,2024-11-28T05:00:00Z,2024-11-28T05:00:00Z,112.88
United Kingdom,GBR,2024-11-28T06:00:00Z,2024-11-28T06:00:00Z,125.66
United Kingdom,GBR,2024-11-28T07:00:00Z,2024-11-28T07:00:00Z,137.1
United Kingdom,GBR,2024-11-28T08:00:00Z,2024-11-28T08:00:00Z,157.67
United Kingdom,GBR,2024-11-28T09:00:00Z,2024-11-28T09:00:00Z,154.82
United Kingdom,GBR,2024-11-28T10:00:00Z,2024-11-28T10:00:00Z,137.4
United Kingdom,GBR,2024-11-28T11:00:00Z,2024-11-28T11:00:00Z,125.66
United Kingdom,GBR,2024-11-28T12:00:00Z,2024-11-28T12:00:00Z,114.6
United Kingdom,GBR,2024-11-28T13:00:00Z,2024-11-28T13:00:00Z,112.6
United Kingdom,GBR,2024-11-28T14:00:00Z,2024-11-28T14:00:00Z,117.69
United Kingdom,GBR,2024-11-28T15:00:00Z,2024-11-28T15:00:00Z,135.47
United Kingdom,GBR,2024-11-28T16:00:00Z,2024-11-28T16:00:00Z,150.83
United Kingdom,GBR,2024-11-28T17:00:00Z,2024-11-28T17:00:00Z,157
United Kingdom,GBR,2024-11-28T18:00:00Z,2024-11-28T18:00:00Z,147.46
United Kingdom,GBR,2024-11-28T19:00:00Z,2024-11-28T19:00:00Z,131.33
United Kingdom,GBR,2024-11-28T20:00:00Z,2024-11-28T20:00:00Z,124.36
United Kingdom,GBR,2024-11-28T21:00:00Z,2024-11-28T21:00:00Z,120.29
United Kingdom,GBR,2024-11-28T22:00:00Z,2024-11-28T22:00:00Z,113.92
United Kingdom,GBR,2024-11-28T23:00:00Z,2024-11-28T23:00:00Z,115.06
United Kingdom,GBR,2024-11-29T00:00:00Z,2024-11-29T00:00:00Z,116.45
United Kingdom,GBR,2024-11-29T01:00:00Z,2024-11-29T01:00:00Z,112.75
United Kingdom,GBR,2024-11-29T02:00:00Z,2024-11-29T02:00:00Z,106.22
United Kingdom,GBR,2024-11-29T03:00:00Z,2024-11-29T03:00:00Z,101.47
United Kingdom,GBR,2024-11-29T04:00:00Z,2024-11-29T04:00:00Z,104.7
United Kingdom,GBR,2024-11-29T05:00:00Z,2024-11-29T05:00:00Z,111.93
United Kingdom,GBR,2024-11-29T06:00:00Z,2024-11-29T06:00:00Z,118.42
United Kingdom,GBR,2024-11-29T07:00:00Z,2024-11-29T07:00:00Z,139.35
United Kingdom,GBR,2024-11-29T08:00:00Z,2024-11-29T08:00:00Z,140.24
United Kingdom,GBR,2024-11-29T09:00:00Z,2024-11-29T09:00:00Z,130.6
United Kingdom,GBR,2024-11-29T10:00:00Z,2024-11-29T10:00:00Z,120.12
United Kingdom,GBR,2024-11-29T11:00:00Z,2024-11-29T11:00:00Z,110.45
United Kingdom,GBR,2024-11-29T12:00:00Z,2024-11-29T12:00:00Z,107.95
United Kingdom,GBR,2024-11-29T13:00:00Z,2024-11-29T13:00:00Z,110.45
United Kingdom,GBR,2024-11-29T14:00:00Z,2024-11-29T14:00:00Z,114.14
United Kingdom,GBR,2024-11-29T15:00:00Z,2024-11-29T15:00:00Z,123.55
United Kingdom,GBR,2024-11-29T16:00:00Z,2024-11-29T16:00:00Z,142.44
United Kingdom,GBR,2024-11-29T17:00:00Z,2024-11-29T17:00:00Z,150.81
United Kingdom,GBR,2024-11-29T18:00:00Z,2024-11-29T18:00:00Z,137.01
United Kingdom,GBR,2024-11-29T19:00:00Z,2024-11-29T19:00:00Z,129.1
United Kingdom,GBR,2024-11-29T20:00:00Z,2024-11-29T20:00:00Z,121.46
United Kingdom,GBR,2024-11-29T21:00:00Z,2024-11-29T21:00:00Z,116.84
United Kingdom,GBR,2024-11-29T22:00:00Z,2024-11-29T22:00:00Z,109.06
United Kingdom,GBR,2024-11-29T23:00:00Z,2024-11-29T23:00:00Z,101.63
United Kingdom,GBR,2024-11-30T00:00:00Z,2024-11-30T00:00:00Z,100.29
United Kingdom,GBR,2024-11-30T01:00:00Z,2024-11-30T01:00:00Z,96.52
United Kingdom,GBR,2024-11-30T02:00:00Z,2024-11-30T02:00:00Z,91.54
United Kingdom,GBR,2024-11-30T03:00:00Z,2024-11-30T03:00:00Z,93.86
United Kingdom,GBR,2024-11-30T04:00:00Z,2024-11-30T04:00:00Z,93.85
United Kingdom,GBR,2024-11-30T05:00:00Z,2024-11-30T05:00:00Z,96.98
United Kingdom,GBR,2024-11-30T06:00:00Z,2024-11-30T06:00:00Z,110.16
United Kingdom,GBR,2024-11-30T07:00:00Z,2024-11-30T07:00:00Z,114.06
United Kingdom,GBR,2024-11-30T08:00:00Z,2024-11-30T08:00:00Z,115.51
United Kingdom,GBR,2024-11-30T09:00:00Z,2024-11-30T09:00:00Z,114.52
United Kingdom,GBR,2024-11-30T10:00:00Z,2024-11-30T10:00:00Z,118.21
United Kingdom,GBR,2024-11-30T11:00:00Z,2024-11-30T11:00:00Z,113.85
United Kingdom,GBR,2024-11-30T12:00:00Z,2024-11-30T12:00:00Z,117.59
United Kingdom,GBR,2024-11-30T13:00:00Z,2024-11-30T13:00:00Z,114.78
United Kingdom,GBR,2024-11-30T14:00:00Z,2024-11-30T14:00:00Z,121.96
United Kingdom,GBR,2024-11-30T15:00:00Z,2024-11-30T15:00:00Z,128.19
United Kingdom,GBR,2024-11-30T16:00:00Z,2024-11-30T16:00:00Z,141.15
United Kingdom,GBR,2024-11-30T17:00:00Z,2024-11-30T17:00:00Z,144.23
United Kingdom,GBR,2024-11-30T18:00:00Z,2024-11-30T18:00:00Z,132.38
United Kingdom,GBR,2024-11-30T19:00:00Z,2024-11-30T19:00:00Z,123.18
United Kingdom,GBR,2024-11-30T20:00:00Z,2024-11-30T20:00:00Z,116.24
United Kingdom,GBR,2024-11-30T21:00:00Z,2024-11-30T21:00:00Z,113.59
United Kingdom,GBR,2024-11-30T22:00:00Z,2024-11-30T22:00:00Z,105.79
United Kingdom,GBR,2024-11-30T23:00:00Z,2024-11-30T23:00:00Z,102.35
United Kingdom,GBR,2024-12-01T00:00:00Z,2024-12-01T00:00:00Z,97.31
United Kingdom,GBR,2024-12-01T01:00:00Z,2024-12-01T01:00:00Z,92.07
United Kingdom,GBR,2024-12-01T02:00:00Z,2024-12-01T02:00:00Z,86.64
United Kingdom,GBR,2024-12-01T03:00:00Z,2024-12-01T03:00:00Z,82.88
United Kingdom,GBR,2024-12-01T04:00:00Z,2024-12-01T04:00:00Z,79.8
United Kingdom,GBR,2024-12-01T05:00:00Z,2024-12-01T05:00:00Z,80.43
United Kingdom,GBR,2024-12-01T06:00:00Z,2024-12-01T06:00:00Z,86.02
United Kingdom,GBR,2024-12-01T07:00:00Z,2024-12-01T07:00:00Z,95.41
United Kingdom,GBR,2024-12-01T08:00:00Z,2024-12-01T08:00:00Z,99.49
United Kingdom,GBR,2024-12-01T09:00:00Z,2024-12-01T09:00:00Z,109.15
United Kingdom,GBR,2024-12-01T10:00:00Z,2024-12-01T10:00:00Z,115.93
United Kingdom,GBR,2024-12-01T11:00:00Z,2024-12-01T11:00:00Z,115.81
United Kingdom,GBR,2024-12-01T12:00:00Z,2024-12-01T12:00:00Z,116.52
United Kingdom,GBR,2024-12-01T13:00:00Z,2024-12-01T13:00:00Z,123.99
United Kingdom,GBR,2024-12-01T14:00:00Z,2024-12-01T14:00:00Z,124.82
United Kingdom,GBR,2024-12-01T15:00:00Z,2024-12-01T15:00:00Z,123.48
United Kingdom,GBR,2024-12-01T16:00:00Z,2024-12-01T16:00:00Z,140.42
United Kingdom,GBR,2024-12-01T17:00:00Z,2024-12-01T17:00:00Z,157.56
United Kingdom,GBR,2024-12-01T18:00:00Z,2024-12-01T18:00:00Z,141.82
United Kingdom,GBR,2024-12-01T19:00:00Z,2024-12-01T19:00:00Z,122.26
United Kingdom,GBR,2024-12-01T20:00:00Z,2024-12-01T20:00:00Z,117.65
United Kingdom,GBR,2024-12-01T21:00:00Z,2024-12-01T21:00:00Z,115.58
United Kingdom,GBR,2024-12-01T22:00:00Z,2024-12-01T22:00:00Z,102.16
United Kingdom,GBR,2024-12-01T23:00:00Z,2024-12-01T23:00:00Z,79.49
United Kingdom,GBR,2024-12-02T00:00:00Z,2024-12-02T00:00:00Z,76.08
United Kingdom,GBR,2024-12-02T01:00:00Z,2024-12-02T01:00:00Z,66.88
United Kingdom,GBR,2024-12-02T02:00:00Z,2024-12-02T02:00:00Z,52.41
United Kingdom,GBR,2024-12-02T03:00:00Z,2024-12-02T03:00:00Z,45.18
United Kingdom,GBR,2024-12-02T04:00:00Z,2024-12-02T04:00:00Z,63.01
United Kingdom,GBR,2024-12-02T05:00:00Z,2024-12-02T05:00:00Z,89.83
United Kingdom,GBR,2024-12-02T06:00:00Z,2024-12-02T06:00:00Z,119.37
United Kingdom,GBR,2024-12-02T07:00:00Z,2024-12-02T07:00:00Z,121.78
United Kingdom,GBR,2024-12-02T08:00:00Z,2024-12-02T08:00:00Z,125.64
United Kingdom,GBR,2024-12-02T09:00:00Z,2024-12-02T09:00:00Z,121.4
United Kingdom,GBR,2024-12-02T10:00:00Z,2024-12-02T10:00:00Z,118.54
United Kingdom,GBR,2024-12-02T11:00:00Z,2024-12-02T11:00:00Z,118.13
United Kingdom,GBR,2024-12-02T12:00:00Z,2024-12-02T12:00:00Z,119.86
United Kingdom,GBR,2024-12-02T13:00:00Z,2024-12-02T13:00:00Z,117.95
United Kingdom,GBR,2024-12-02T14:00:00Z,2024-12-02T14:00:00Z,124.76
United Kingdom,GBR,2024-12-02T15:00:00Z,2024-12-02T15:00:00Z,128.2
United Kingdom,GBR,2024-12-02T16:00:00Z,2024-12-02T16:00:00Z,144.16
United Kingdom,GBR,2024-12-02T17:00:00Z,2024-12-02T17:00:00Z,154.22
United Kingdom,GBR,2024-12-02T18:00:00Z,2024-12-02T18:00:00Z,149.88
United Kingdom,GBR,2024-12-02T19:00:00Z,2024-12-02T19:00:00Z,136.04
United Kingdom,GBR,2024-12-02T20:00:00Z,2024-12-02T20:00:00Z,119.19
United Kingdom,GBR,2024-12-02T21:00:00Z,2024-12-02T21:00:00Z,122.06
United Kingdom,GBR,2024-12-02T22:00:00Z,2024-12-02T22:00:00Z,110.59
United Kingdom,GBR,2024-12-02T23:00:00Z,2024-12-02T23:00:00Z,106.82
United Kingdom,GBR,2024-12-03T00:00:00Z,2024-12-03T00:00:00Z,109.73
United Kingdom,GBR,2024-12-03T01:00:00Z,2024-12-03T01:00:00Z,110
United Kingdom,GBR,2024-12-03T02:00:00Z,2024-12-03T02:00:00Z,110.41
United Kingdom,GBR,2024-12-03T03:00:00Z,2024-12-03T03:00:00Z,107.32
United Kingdom,GBR,2024-12-03T04:00:00Z,2024-12-03T04:00:00Z,110.17
United Kingdom,GBR,2024-12-03T05:00:00Z,2024-12-03T05:00:00Z,127.57
United Kingdom,GBR,2024-12-03T06:00:00Z,2024-12-03T06:00:00Z,143.02
United Kingdom,GBR,2024-12-03T07:00:00Z,2024-12-03T07:00:00Z,158.6
United Kingdom,GBR,2024-12-03T08:00:00Z,2024-12-03T08:00:00Z,153.8
United Kingdom,GBR,2024-12-03T09:00:00Z,2024-12-03T09:00:00Z,148.85
United Kingdom,GBR,2024-12-03T10:00:00Z,2024-12-03T10:00:00Z,141.78
United Kingdom,GBR,2024-12-03T11:00:00Z,2024-12-03T11:00:00Z,135.73
United Kingdom,GBR,2024-12-03T12:00:00Z,2024-12-03T12:00:00Z,136.96
United Kingdom,GBR,2024-12-03T13:00:00Z,2024-12-03T13:00:00Z,140.28
United Kingdom,GBR,2024-12-03T14:00:00Z,2024-12-03T14:00:00Z,148.82
United Kingdom,GBR,2024-12-03T15:00:00Z,2024-12-03T15:00:00Z,159.49
United Kingdom,GBR,2024-12-03T16:00:00Z,2024-12-03T16:00:00Z,181.56
United Kingdom,GBR,2024-12-03T17:00:00Z,2024-12-03T17:00:00Z,181.95
United Kingdom,GBR,2024-12-03T18:00:00Z,2024-12-03T18:00:00Z,172.4
United Kingdom,GBR,2024-12-03T19:00:00Z,2024-12-03T19:00:00Z,156.25
United Kingdom,GBR,2024-12-03T20:00:00Z,2024-12-03T20:00:00Z,142.63
United Kingdom,GBR,2024-12-03T21:00:00Z,2024-12-03T21:00:00Z,131.78
United Kingdom,GBR,2024-12-03T22:00:00Z,2024-12-03T22:00:00Z,118.47
United Kingdom,GBR,2024-12-03T23:00:00Z,2024-12-03T23:00:00Z,121.79
United Kingdom,GBR,2024-12-04T00:00:00Z,2024-12-04T00:00:00Z,117.15
United Kingdom,GBR,2024-12-04T01:00:00Z,2024-12-04T01:00:00Z,113.89
United Kingdom,GBR,2024-12-04T02:00:00Z,2024-12-04T02:00:00Z,110.15
United Kingdom,GBR,2024-12-04T03:00:00Z,2024-12-04T03:00:00Z,110.1
United Kingdom,GBR,2024-12-04T04:00:00Z,2024-12-04T04:00:00Z,110.79
United Kingdom,GBR,2024-12-04T05:00:00Z,2024-12-04T05:00:00Z,125.13
United Kingdom,GBR,2024-12-04T06:00:00Z,2024-12-04T06:00:00Z,149.59
United Kingdom,GBR,2024-12-04T07:00:00Z,2024-12-04T07:00:00Z,193.03
United Kingdom,GBR,2024-12-04T08:00:00Z,2024-12-04T08:00:00Z,198.38
United Kingdom,GBR,2024-12-04T09:00:00Z,2024-12-04T09:00:00Z,192.96
United Kingdom,GBR,2024-12-04T10:00:00Z,2024-12-04T10:00:00Z,183.16
United Kingdom,GBR,2024-12-04T11:00:00Z,2024-12-04T11:00:00Z,175.47
United Kingdom,GBR,2024-12-04T12:00:00Z,2024-12-04T12:00:00Z,172.46
United Kingdom,GBR,2024-12-04T13:00:00Z,2024-12-04T13:00:00Z,171.71
United Kingdom,GBR,2024-12-04T14:00:00Z,2024-12-04T14:00:00Z,163.35
United Kingdom,GBR,2024-12-04T15:00:00Z,2024-12-04T15:00:00Z,170.03
United Kingdom,GBR,2024-12-04T16:00:00Z,2024-12-04T16:00:00Z,192.76
United Kingdom,GBR,2024-12-04T17:00:00Z,2024-12-04T17:00:00Z,186.49
United Kingdom,GBR,2024-12-04T18:00:00Z,2024-12-04T18:00:00Z,161.75
United Kingdom,GBR,2024-12-04T19:00:00Z,2024-12-04T19:00:00Z,133.87
United Kingdom,GBR,2024-12-04T20:00:00Z,2024-12-04T20:00:00Z,129.31
United Kingdom,GBR,2024-12-04T21:00:00Z,2024-12-04T21:00:00Z,120.33
United Kingdom,GBR,2024-12-04T22:00:00Z,2024-12-04T22:00:00Z,115
United Kingdom,GBR,2024-12-04T23:00:00Z,2024-12-04T23:00:00Z,106.72
United Kingdom,GBR,2024-12-05T00:00:00Z,2024-12-05T00:00:00Z,101.11
United Kingdom,GBR,2024-12-05T01:00:00Z,2024-12-05T01:00:00Z,94.49
United Kingdom,GBR,2024-12-05T02:00:00Z,2024-12-05T02:00:00Z,86.91
United Kingdom,GBR,2024-12-05T03:00:00Z,2024-12-05T03:00:00Z,80.53
United Kingdom,GBR,2024-12-05T04:00:00Z,2024-12-05T04:00:00Z,85.91
United Kingdom,GBR,2024-12-05T05:00:00Z,2024-12-05T05:00:00Z,103.97
United Kingdom,GBR,2024-12-05T06:00:00Z,2024-12-05T06:00:00Z,122.38
United Kingdom,GBR,2024-12-05T07:00:00Z,2024-12-05T07:00:00Z,134.85
United Kingdom,GBR,2024-12-05T08:00:00Z,2024-12-05T08:00:00Z,133.55
United Kingdom,GBR,2024-12-05T09:00:00Z,2024-12-05T09:00:00Z,126.96
United Kingdom,GBR,2024-12-05T10:00:00Z,2024-12-05T10:00:00Z,124.59
United Kingdom,GBR,2024-12-05T11:00:00Z,2024-12-05T11:00:00Z,126.37
United Kingdom,GBR,2024-12-05T12:00:00Z,2024-12-05T12:00:00Z,130.47
United Kingdom,GBR,2024-12-05T13:00:00Z,2024-12-05T13:00:00Z,127.94
United Kingdom,GBR,2024-12-05T14:00:00Z,2024-12-05T14:00:00Z,123.67
United Kingdom,GBR,2024-12-05T15:00:00Z,2024-12-05T15:00:00Z,123.26
United Kingdom,GBR,2024-12-05T16:00:00Z,2024-12-05T16:00:00Z,131.86
United Kingdom,GBR,2024-12-05T17:00:00Z,2024-12-05T17:00:00Z,129.61
United Kingdom,GBR,2024-12-05T18:00:00Z,2024-12-05T18:00:00Z,121.16
United Kingdom,GBR,2024-12-05T19:00:00Z,2024-12-05T19:00:00Z,123.05
United Kingdom,GBR,2024-12-05T20:00:00Z,2024-12-05T20:00:00Z,119.01
United Kingdom,GBR,2024-12-05T21:00:00Z,2024-12-05T21:00:00Z,88.42
United Kingdom,GBR,2024-12-05T22:00:00Z,2024-12-05T22:00:00Z,52.58
United Kingdom,GBR,2024-12-05T23:00:00Z,2024-12-05T23:00:00Z,24.46
United Kingdom,GBR,2024-12-06T00:00:00Z,2024-12-06T00:00:00Z,18.5
United Kingdom,GBR,2024-12-06T01:00:00Z,2024-12-06T01:00:00Z,13.95
United Kingdom,GBR,2024-12-06T02:00:00Z,2024-12-06T02:00:00Z,13.82
United Kingdom,GBR,2024-12-06T03:00:00Z,2024-12-06T03:00:00Z,15.6
United Kingdom,GBR,2024-12-06T04:00:00Z,2024-12-06T04:00:00Z,23.38
United Kingdom,GBR,2024-12-06T05:00:00Z,2024-12-06T05:00:00Z,61.34
United Kingdom,GBR,2024-12-06T06:00:00Z,2024-12-06T06:00:00Z,101.43
United Kingdom,GBR,2024-12-06T07:00:00Z,2024-12-06T07:00:00Z,118.93
United Kingdom,GBR,2024-12-06T08:00:00Z,2024-12-06T08:00:00Z,119.12
United Kingdom,GBR,2024-12-06T09:00:00Z,2024-12-06T09:00:00Z,117.84
United Kingdom,GBR,2024-12-06T10:00:00Z,2024-12-06T10:00:00Z,123
United Kingdom,GBR,2024-12-06T11:00:00Z,2024-12-06T11:00:00Z,123.2
United Kingdom,GBR,2024-12-06T12:00:00Z,2024-12-06T12:00:00Z,127.09
United Kingdom,GBR,2024-12-06T13:00:00Z,2024-12-06T13:00:00Z,131.12
United Kingdom,GBR,2024-12-06T14:00:00Z,2024-12-06T14:00:00Z,127.23
United Kingdom,GBR,2024-12-06T15:00:00Z,2024-12-06T15:00:00Z,130.91
United Kingdom,GBR,2024-12-06T16:00:00Z,2024-12-06T16:00:00Z,152.8
United Kingdom,GBR,2024-12-06T17:00:00Z,2024-12-06T17:00:00Z,152.17
United Kingdom,GBR,2024-12-06T18:00:00Z,2024-12-06T18:00:00Z,134.43
United Kingdom,GBR,2024-12-06T19:00:00Z,2024-12-06T19:00:00Z,126.11
United Kingdom,GBR,2024-12-06T20:00:00Z,2024-12-06T20:00:00Z,119.65
United Kingdom,GBR,2024-12-06T21:00:00Z,2024-12-06T21:00:00Z,113.67
United Kingdom,GBR,2024-12-06T22:00:00Z,2024-12-06T22:00:00Z,98.62
United Kingdom,GBR,2024-12-06T23:00:00Z,2024-12-06T23:00:00Z,68.48
United Kingdom,GBR,2024-12-07T00:00:00Z,2024-12-07T00:00:00Z,60.39
United Kingdom,GBR,2024-12-07T01:00:00Z,2024-12-07T01:00:00Z,55.45
United Kingdom,GBR,2024-12-07T02:00:00Z,2024-12-07T02:00:00Z,42.15
United Kingdom,GBR,2024-12-07T03:00:00Z,2024-12-07T03:00:00Z,36.12
United Kingdom,GBR,2024-12-07T04:00:00Z,2024-12-07T04:00:00Z,25.84
United Kingdom,GBR,2024-12-07T05:00:00Z,2024-12-07T05:00:00Z,29.01
United Kingdom,GBR,2024-12-07T06:00:00Z,2024-12-07T06:00:00Z,40.06
United Kingdom,GBR,2024-12-07T07:00:00Z,2024-12-07T07:00:00Z,52.34
United Kingdom,GBR,2024-12-07T08:00:00Z,2024-12-07T08:00:00Z,66.55
United Kingdom,GBR,2024-12-07T09:00:00Z,2024-12-07T09:00:00Z,119.45
United Kingdom,GBR,2024-12-07T10:00:00Z,2024-12-07T10:00:00Z,137.75
United Kingdom,GBR,2024-12-07T11:00:00Z,2024-12-07T11:00:00Z,130.92
United Kingdom,GBR,2024-12-07T12:00:00Z,2024-12-07T12:00:00Z,127.99
United Kingdom,GBR,2024-12-07T13:00:00Z,2024-12-07T13:00:00Z,111.7
United Kingdom,GBR,2024-12-07T14:00:00Z,2024-12-07T14:00:00Z,94.32
United Kingdom,GBR,2024-12-07T15:00:00Z,2024-12-07T15:00:00Z,93.08
United Kingdom,GBR,2024-12-07T16:00:00Z,2024-12-07T16:00:00Z,114.18
United Kingdom,GBR,2024-12-07T17:00:00Z,2024-12-07T17:00:00Z,117.78
United Kingdom,GBR,2024-12-07T18:00:00Z,2024-12-07T18:00:00Z,104.81
United Kingdom,GBR,2024-12-07T19:00:00Z,2024-12-07T19:00:00Z,87
United Kingdom,GBR,2024-12-07T20:00:00Z,2024-12-07T20:00:00Z,72.32
United Kingdom,GBR,2024-12-07T21:00:00Z,2024-12-07T21:00:00Z,64.97
United Kingdom,GBR,2024-12-07T22:00:00Z,2024-12-07T22:00:00Z,50.21
United Kingdom,GBR,2024-12-07T23:00:00Z,2024-12-07T23:00:00Z,42.73
United Kingdom,GBR,2024-12-08T00:00:00Z,2024-12-08T00:00:00Z,46.2
United Kingdom,GBR,2024-12-08T01:00:00Z,2024-12-08T01:00:00Z,47.9
United Kingdom,GBR,2024-12-08T02:00:00Z,2024-12-08T02:00:00Z,34.46
United Kingdom,GBR,2024-12-08T03:00:00Z,2024-12-08T03:00:00Z,24.56
United Kingdom,GBR,2024-12-08T04:00:00Z,2024-12-08T04:00:00Z,20.41
United Kingdom,GBR,2024-12-08T05:00:00Z,2024-12-08T05:00:00Z,16.08
United Kingdom,GBR,2024-12-08T06:00:00Z,2024-12-08T06:00:00Z,23.89
United Kingdom,GBR,2024-12-08T07:00:00Z,2024-12-08T07:00:00Z,40.35
United Kingdom,GBR,2024-12-08T08:00:00Z,2024-12-08T08:00:00Z,65.61
United Kingdom,GBR,2024-12-08T09:00:00Z,2024-12-08T09:00:00Z,84.5
United Kingdom,GBR,2024-12-08T10:00:00Z,2024-12-08T10:00:00Z,96.57
United Kingdom,GBR,2024-12-08T11:00:00Z,2024-12-08T11:00:00Z,103.95
United Kingdom,GBR,2024-12-08T12:00:00Z,2024-12-08T12:00:00Z,113.75
United Kingdom,GBR,2024-12-08T13:00:00Z,2024-12-08T13:00:00Z,118.68
United Kingdom,GBR,2024-12-08T14:00:00Z,2024-12-08T14:00:00Z,117.81
United Kingdom,GBR,2024-12-08T15:00:00Z,2024-12-08T15:00:00Z,111.51
United Kingdom,GBR,2024-12-08T16:00:00Z,2024-12-08T16:00:00Z,131.23
United Kingdom,GBR,2024-12-08T17:00:00Z,2024-12-08T17:00:00Z,147.51
United Kingdom,GBR,2024-12-08T18:00:00Z,2024-12-08T18:00:00Z,140.02
United Kingdom,GBR,2024-12-08T19:00:00Z,2024-12-08T19:00:00Z,126.24
United Kingdom,GBR,2024-12-08T20:00:00Z,2024-12-08T20:00:00Z,115.47
United Kingdom,GBR,2024-12-08T21:00:00Z,2024-12-08T21:00:00Z,114.78
United Kingdom,GBR,2024-12-08T22:00:00Z,2024-12-08T22:00:00Z,96.54
United Kingdom,GBR,2024-12-08T23:00:00Z,2024-12-08T23:00:00Z,73.24
United Kingdom,GBR,2024-12-09T00:00:00Z,2024-12-09T00:00:00Z,78.29
United Kingdom,GBR,2024-12-09T01:00:00Z,2024-12-09T01:00:00Z,77.2
United Kingdom,GBR,2024-12-09T02:00:00Z,2024-12-09T02:00:00Z,72.45
United Kingdom,GBR,2024-12-09T03:00:00Z,2024-12-09T03:00:00Z,66.65
United Kingdom,GBR,2024-12-09T04:00:00Z,2024-12-09T04:00:00Z,71.34
United Kingdom,GBR,2024-12-09T05:00:00Z,2024-12-09T05:00:00Z,86.09
United Kingdom,GBR,2024-12-09T06:00:00Z,2024-12-09T06:00:00Z,114.68
United Kingdom,GBR,2024-12-09T07:00:00Z,2024-12-09T07:00:00Z,121.74
United Kingdom,GBR,2024-12-09T08:00:00Z,2024-12-09T08:00:00Z,122.87
United Kingdom,GBR,2024-12-09T09:00:00Z,2024-12-09T09:00:00Z,129.32
United Kingdom,GBR,2024-12-09T10:00:00Z,2024-12-09T10:00:00Z,123.72
United Kingdom,GBR,2024-12-09T11:00:00Z,2024-12-09T11:00:00Z,126.59
United Kingdom,GBR,2024-12-09T12:00:00Z,2024-12-09T12:00:00Z,132.16
United Kingdom,GBR,2024-12-09T13:00:00Z,2024-12-09T13:00:00Z,127.32
United Kingdom,GBR,2024-12-09T14:00:00Z,2024-12-09T14:00:00Z,124.45
United Kingdom,GBR,2024-12-09T15:00:00Z,2024-12-09T15:00:00Z,130.2
United Kingdom,GBR,2024-12-09T16:00:00Z,2024-12-09T16:00:00Z,149.3
United Kingdom,GBR,2024-12-09T17:00:00Z,2024-12-09T17:00:00Z,151.48
United Kingdom,GBR,2024-12-09T18:00:00Z,2024-12-09T18:00:00Z,141.62
United Kingdom,GBR,2024-12-09T19:00:00Z,2024-12-09T19:00:00Z,131.43
United Kingdom,GBR,2024-12-09T20:00:00Z,2024-12-09T20:00:00Z,120.16
United Kingdom,GBR,2024-12-09T21:00:00Z,2024-12-09T21:00:00Z,120.29
United Kingdom,GBR,2024-12-09T22:00:00Z,2024-12-09T22:00:00Z,107.37
United Kingdom,GBR,2024-12-09T23:00:00Z,2024-12-09T23:00:00Z,105.3
United Kingdom,GBR,2024-12-10T00:00:00Z,2024-12-10T00:00:00Z,108.06
United Kingdom,GBR,2024-12-10T01:00:00Z,2024-12-10T01:00:00Z,108.31
United Kingdom,GBR,2024-12-10T02:00:00Z,2024-12-10T02:00:00Z,105.01
United Kingdom,GBR,2024-12-10T03:00:00Z,2024-12-10T03:00:00Z,101.71
United Kingdom,GBR,2024-12-10T04:00:00Z,2024-12-10T04:00:00Z,101.54
United Kingdom,GBR,2024-12-10T05:00:00Z,2024-12-10T05:00:00Z,114.62
United Kingdom,GBR,2024-12-10T06:00:00Z,2024-12-10T06:00:00Z,123.81
United Kingdom,GBR,2024-12-10T07:00:00Z,2024-12-10T07:00:00Z,136.34
United Kingdom,GBR,2024-12-10T08:00:00Z,2024-12-10T08:00:00Z,147.23
United Kingdom,GBR,2024-12-10T09:00:00Z,2024-12-10T09:00:00Z,140.04
United Kingdom,GBR,2024-12-10T10:00:00Z,2024-12-10T10:00:00Z,138.94
United Kingdom,GBR,2024-12-10T11:00:00Z,2024-12-10T11:00:00Z,135.06
United Kingdom,GBR,2024-12-10T12:00:00Z,2024-12-10T12:00:00Z,136.73
United Kingdom,GBR,2024-12-10T13:00:00Z,2024-12-10T13:00:00Z,140.33
United Kingdom,GBR,2024-12-10T14:00:00Z,2024-12-10T14:00:00Z,148.71
United Kingdom,GBR,2024-12-10T15:00:00Z,2024-12-10T15:00:00Z,161.98
United Kingdom,GBR,2024-12-10T16:00:00Z,2024-12-10T16:00:00Z,186.55
United Kingdom,GBR,2024-12-10T17:00:00Z,2024-12-10T17:00:00Z,191.72
United Kingdom,GBR,2024-12-10T18:00:00Z,2024-12-10T18:00:00Z,182.75
United Kingdom,GBR,2024-12-10T19:00:00Z,2024-12-10T19:00:00Z,168.76
United Kingdom,GBR,2024-12-10T20:00:00Z,2024-12-10T20:00:00Z,150.24
United Kingdom,GBR,2024-12-10T21:00:00Z,2024-12-10T21:00:00Z,132.95
United Kingdom,GBR,2024-12-10T22:00:00Z,2024-12-10T22:00:00Z,115.31
United Kingdom,GBR,2024-12-10T23:00:00Z,2024-12-10T23:00:00Z,108.36
United Kingdom,GBR,2024-12-11T00:00:00Z,2024-12-11T00:00:00Z,108.44
United Kingdom,GBR,2024-12-11T01:00:00Z,2024-12-11T01:00:00Z,107.81
United Kingdom,GBR,2024-12-11T02:00:00Z,2024-12-11T02:00:00Z,105.15
United Kingdom,GBR,2024-12-11T03:00:00Z,2024-12-11T03:00:00Z,105.09
United Kingdom,GBR,2024-12-11T04:00:00Z,2024-12-11T04:00:00Z,105.13
United Kingdom,GBR,2024-12-11T05:00:00Z,2024-12-11T05:00:00Z,112.11
United Kingdom,GBR,2024-12-11T06:00:00Z,2024-12-11T06:00:00Z,160.58
United Kingdom,GBR,2024-12-11T07:00:00Z,2024-12-11T07:00:00Z,220.17
United Kingdom,GBR,2024-12-11T08:00:00Z,2024-12-11T08:00:00Z,242.24
United Kingdom,GBR,2024-12-11T09:00:00Z,2024-12-11T09:00:00Z,232.6
United Kingdom,GBR,2024-12-11T10:00:00Z,2024-12-11T10:00:00Z,233.49
United Kingdom,GBR,2024-12-11T11:00:00Z,2024-12-11T11:00:00Z,236.13
United Kingdom,GBR,2024-12-11T12:00:00Z,2024-12-11T12:00:00Z,252.34
United Kingdom,GBR,2024-12-11T13:00:00Z,2024-12-11T13:00:00Z,269.7
United Kingdom,GBR,2024-12-11T14:00:00Z,2024-12-11T14:00:00Z,281.85
United Kingdom,GBR,2024-12-11T15:00:00Z,2024-12-11T15:00:00Z,339.17
United Kingdom,GBR,2024-12-11T16:00:00Z,2024-12-11T16:00:00Z,417.67
United Kingdom,GBR,2024-12-11T17:00:00Z,2024-12-11T17:00:00Z,419.82
United Kingdom,GBR,2024-12-11T18:00:00Z,2024-12-11T18:00:00Z,317.11
United Kingdom,GBR,2024-12-11T19:00:00Z,2024-12-11T19:00:00Z,224.77
United Kingdom,GBR,2024-12-11T20:00:00Z,2024-12-11T20:00:00Z,180
United Kingdom,GBR,2024-12-11T21:00:00Z,2024-12-11T21:00:00Z,149.23
United Kingdom,GBR,2024-12-11T22:00:00Z,2024-12-11T22:00:00Z,127.05
United Kingdom,GBR,2024-12-11T23:00:00Z,2024-12-11T23:00:00Z,121.53
United Kingdom,GBR,2024-12-12T00:00:00Z,2024-12-12T00:00:00Z,114.79
United Kingdom,GBR,2024-12-12T01:00:00Z,2024-12-12T01:00:00Z,109.52
United Kingdom,GBR,2024-12-12T02:00:00Z,2024-12-12T02:00:00Z,106.02
United Kingdom,GBR,2024-12-12T03:00:00Z,2024-12-12T03:00:00Z,106.37
United Kingdom,GBR,2024-12-12T04:00:00Z,2024-12-12T04:00:00Z,108.71
United Kingdom,GBR,2024-12-12T05:00:00Z,2024-12-12T05:00:00Z,125.64
United Kingdom,GBR,2024-12-12T06:00:00Z,2024-12-12T06:00:00Z,178.49
United Kingdom,GBR,2024-12-12T07:00:00Z,2024-12-12T07:00:00Z,242.14
United Kingdom,GBR,2024-12-12T08:00:00Z,2024-12-12T08:00:00Z,299.4
United Kingdom,GBR,2024-12-12T09:00:00Z,2024-12-12T09:00:00Z,296.02
United Kingdom,GBR,2024-12-12T10:00:00Z,2024-12-12T10:00:00Z,308.54
United Kingdom,GBR,2024-12-12T11:00:00Z,2024-12-12T11:00:00Z,289.25
United Kingdom,GBR,2024-12-12T12:00:00Z,2024-12-12T12:00:00Z,320.13
United Kingdom,GBR,2024-12-12T13:00:00Z,2024-12-12T13:00:00Z,332.86
United Kingdom,GBR,2024-12-12T14:00:00Z,2024-12-12T14:00:00Z,344.88
United Kingdom,GBR,2024-12-12T15:00:00Z,2024-12-12T15:00:00Z,411.76
United Kingdom,GBR,2024-12-12T16:00:00Z,2024-12-12T16:00:00Z,583.16
United Kingdom,GBR,2024-12-12T17:00:00Z,2024-12-12T17:00:00Z,561.27
United Kingdom,GBR,2024-12-12T18:00:00Z,2024-12-12T18:00:00Z,450.1
United Kingdom,GBR,2024-12-12T19:00:00Z,2024-12-12T19:00:00Z,267.15
United Kingdom,GBR,2024-12-12T20:00:00Z,2024-12-12T20:00:00Z,190.52
United Kingdom,GBR,2024-12-12T21:00:00Z,2024-12-12T21:00:00Z,162.07
United Kingdom,GBR,2024-12-12T22:00:00Z,2024-12-12T22:00:00Z,137.84
United Kingdom,GBR,2024-12-12T23:00:00Z,2024-12-12T23:00:00Z,119.73
United Kingdom,GBR,2024-12-13T00:00:00Z,2024-12-13T00:00:00Z,114.88
United Kingdom,GBR,2024-12-13T01:00:00Z,2024-12-13T01:00:00Z,110.58
United Kingdom,GBR,2024-12-13T02:00:00Z,2024-12-13T02:00:00Z,105.95
United Kingdom,GBR,2024-12-13T03:00:00Z,2024-12-13T03:00:00Z,107.65
United Kingdom,GBR,2024-12-13T04:00:00Z,2024-12-13T04:00:00Z,113.01
United Kingdom,GBR,2024-12-13T05:00:00Z,2024-12-13T05:00:00Z,131.51
United Kingdom,GBR,2024-12-13T06:00:00Z,2024-12-13T06:00:00Z,186.99
United Kingdom,GBR,2024-12-13T07:00:00Z,2024-12-13T07:00:00Z,273.66
United Kingdom,GBR,2024-12-13T08:00:00Z,2024-12-13T08:00:00Z,262.07
United Kingdom,GBR,2024-12-13T09:00:00Z,2024-12-13T09:00:00Z,217.28
United Kingdom,GBR,2024-12-13T10:00:00Z,2024-12-13T10:00:00Z,193.27
United Kingdom,GBR,2024-12-13T11:00:00Z,2024-12-13T11:00:00Z,189.63
United Kingdom,GBR,2024-12-13T12:00:00Z,2024-12-13T12:00:00Z,194.46
United Kingdom,GBR,2024-12-13T13:00:00Z,2024-12-13T13:00:00Z,211.02
United Kingdom,GBR,2024-12-13T14:00:00Z,2024-12-13T14:00:00Z,246.87
United Kingdom,GBR,2024-12-13T15:00:00Z,2024-12-13T15:00:00Z,290.67
United Kingdom,GBR,2024-12-13T16:00:00Z,2024-12-13T16:00:00Z,318.04
United Kingdom,GBR,2024-12-13T17:00:00Z,2024-12-13T17:00:00Z,303.2
United Kingdom,GBR,2024-12-13T18:00:00Z,2024-12-13T18:00:00Z,235.65
United Kingdom,GBR,2024-12-13T19:00:00Z,2024-12-13T19:00:00Z,194.46
United Kingdom,GBR,2024-12-13T20:00:00Z,2024-12-13T20:00:00Z,158.74
United Kingdom,GBR,2024-12-13T21:00:00Z,2024-12-13T21:00:00Z,132.71
United Kingdom,GBR,2024-12-13T22:00:00Z,2024-12-13T22:00:00Z,120.65
United Kingdom,GBR,2024-12-13T23:00:00Z,2024-12-13T23:00:00Z,120.94
United Kingdom,GBR,2024-12-14T00:00:00Z,2024-12-14T00:00:00Z,117.66
United Kingdom,GBR,2024-12-14T01:00:00Z,2024-12-14T01:00:00Z,112.4
United Kingdom,GBR,2024-12-14T02:00:00Z,2024-12-14T02:00:00Z,104.11
United Kingdom,GBR,2024-12-14T03:00:00Z,2024-12-14T03:00:00Z,97.19
United Kingdom,GBR,2024-12-14T04:00:00Z,2024-12-14T04:00:00Z,94.77
United Kingdom,GBR,2024-12-14T05:00:00Z,2024-12-14T05:00:00Z,94.53
United Kingdom,GBR,2024-12-14T06:00:00Z,2024-12-14T06:00:00Z,97.26
United Kingdom,GBR,2024-12-14T07:00:00Z,2024-12-14T07:00:00Z,102.77
United Kingdom,GBR,2024-12-14T08:00:00Z,2024-12-14T08:00:00Z,118.38
United Kingdom,GBR,2024-12-14T09:00:00Z,2024-12-14T09:00:00Z,128.63
United Kingdom,GBR,2024-12-14T10:00:00Z,2024-12-14T10:00:00Z,126.92
United Kingdom,GBR,2024-12-14T11:00:00Z,2024-12-14T11:00:00Z,115.31
United Kingdom,GBR,2024-12-14T12:00:00Z,2024-12-14T12:00:00Z,111.24
United Kingdom,GBR,2024-12-14T13:00:00Z,2024-12-14T13:00:00Z,109.26
United Kingdom,GBR,2024-12-14T14:00:00Z,2024-12-14T14:00:00Z,107.61
United Kingdom,GBR,2024-12-14T15:00:00Z,2024-12-14T15:00:00Z,117.14
United Kingdom,GBR,2024-12-14T16:00:00Z,2024-12-14T16:00:00Z,136.6
United Kingdom,GBR,2024-12-14T17:00:00Z,2024-12-14T17:00:00Z,141.99
United Kingdom,GBR,2024-12-14T18:00:00Z,2024-12-14T18:00:00Z,128.8
United Kingdom,GBR,2024-12-14T19:00:00Z,2024-12-14T19:00:00Z,109.62
United Kingdom,GBR,2024-12-14T20:00:00Z,2024-12-14T20:00:00Z,105.13
United Kingdom,GBR,2024-12-14T21:00:00Z,2024-12-14T21:00:00Z,110.35
United Kingdom,GBR,2024-12-14T22:00:00Z,2024-12-14T22:00:00Z,97.54
United Kingdom,GBR,2024-12-14T23:00:00Z,2024-12-14T23:00:00Z,84.56
United Kingdom,GBR,2024-12-15T00:00:00Z,2024-12-15T00:00:00Z,78.26
United Kingdom,GBR,2024-12-15T01:00:00Z,2024-12-15T01:00:00Z,68.37
United Kingdom,GBR,2024-12-15T02:00:00Z,2024-12-15T02:00:00Z,54.49
United Kingdom,GBR,2024-12-15T03:00:00Z,2024-12-15T03:00:00Z,40.59
United Kingdom,GBR,2024-12-15T04:00:00Z,2024-12-15T04:00:00Z,37.49
United Kingdom,GBR,2024-12-15T05:00:00Z,2024-12-15T05:00:00Z,34.14
United Kingdom,GBR,2024-12-15T06:00:00Z,2024-12-15T06:00:00Z,44.27
United Kingdom,GBR,2024-12-15T07:00:00Z,2024-12-15T07:00:00Z,63.62
United Kingdom,GBR,2024-12-15T08:00:00Z,2024-12-15T08:00:00Z,70.7
United Kingdom,GBR,2024-12-15T09:00:00Z,2024-12-15T09:00:00Z,70.66
United Kingdom,GBR,2024-12-15T10:00:00Z,2024-12-15T10:00:00Z,68.83
United Kingdom,GBR,2024-12-15T11:00:00Z,2024-12-15T11:00:00Z,69.84
United Kingdom,GBR,2024-12-15T12:00:00Z,2024-12-15T12:00:00Z,72.77
United Kingdom,GBR,2024-12-15T13:00:00Z,2024-12-15T13:00:00Z,73.03
United Kingdom,GBR,2024-12-15T14:00:00Z,2024-12-15T14:00:00Z,71.46
United Kingdom,GBR,2024-12-15T15:00:00Z,2024-12-15T15:00:00Z,77.73
United Kingdom,GBR,2024-12-15T16:00:00Z,2024-12-15T16:00:00Z,108.76
United Kingdom,GBR,2024-12-15T17:00:00Z,2024-12-15T17:00:00Z,115.71
United Kingdom,GBR,2024-12-15T18:00:00Z,2024-12-15T18:00:00Z,103.45
United Kingdom,GBR,2024-12-15T19:00:00Z,2024-12-15T19:00:00Z,92.64
United Kingdom,GBR,2024-12-15T20:00:00Z,2024-12-15T20:00:00Z,74.38
United Kingdom,GBR,2024-12-15T21:00:00Z,2024-12-15T21:00:00Z,63.94
United Kingdom,GBR,2024-12-15T22:00:00Z,2024-12-15T22:00:00Z,34.01
United Kingdom,GBR,2024-12-15T23:00:00Z,2024-12-15T23:00:00Z,10.93
United Kingdom,GBR,2024-12-16T00:00:00Z,2024-12-16T00:00:00Z,11.19
United Kingdom,GBR,2024-12-16T01:00:00Z,2024-12-16T01:00:00Z,6.37
United Kingdom,GBR,2024-12-16T02:00:00Z,2024-12-16T02:00:00Z,4.29
United Kingdom,GBR,2024-12-16T03:00:00Z,2024-12-16T03:00:00Z,2.42
United Kingdom,GBR,2024-12-16T04:00:00Z,2024-12-16T04:00:00Z,4.48
United Kingdom,GBR,2024-12-16T05:00:00Z,2024-12-16T05:00:00Z,29.33
United Kingdom,GBR,2024-12-16T06:00:00Z,2024-12-16T06:00:00Z,81.19
United Kingdom,GBR,2024-12-16T07:00:00Z,2024-12-16T07:00:00Z,109.37
United Kingdom,GBR,2024-12-16T08:00:00Z,2024-12-16T08:00:00Z,115.72
United Kingdom,GBR,2024-12-16T09:00:00Z,2024-12-16T09:00:00Z,106.44
United Kingdom,GBR,2024-12-16T10:00:00Z,2024-12-16T10:00:00Z,100.92
United Kingdom,GBR,2024-12-16T11:00:00Z,2024-12-16T11:00:00Z,97.29
United Kingdom,GBR,2024-12-16T12:00:00Z,2024-12-16T12:00:00Z,94.45
United Kingdom,GBR,2024-12-16T13:00:00Z,2024-12-16T13:00:00Z,94.49
United Kingdom,GBR,2024-12-16T14:00:00Z,2024-12-16T14:00:00Z,98.6
United Kingdom,GBR,2024-12-16T15:00:00Z,2024-12-16T15:00:00Z,105.36
United Kingdom,GBR,2024-12-16T16:00:00Z,2024-12-16T16:00:00Z,119.02
United Kingdom,GBR,2024-12-16T17:00:00Z,2024-12-16T17:00:00Z,127.61
United Kingdom,GBR,2024-12-16T18:00:00Z,2024-12-16T18:00:00Z,124.03
United Kingdom,GBR,2024-12-16T19:00:00Z,2024-12-16T19:00:00Z,115.49
United Kingdom,GBR,2024-12-16T20:00:00Z,2024-12-16T20:00:00Z,108.2
United Kingdom,GBR,2024-12-16T21:00:00Z,2024-12-16T21:00:00Z,109.49
United Kingdom,GBR,2024-12-16T22:00:00Z,2024-12-16T22:00:00Z,95.82
United Kingdom,GBR,2024-12-16T23:00:00Z,2024-12-16T23:00:00Z,74.89
United Kingdom,GBR,2024-12-17T00:00:00Z,2024-12-17T00:00:00Z,79.58
United Kingdom,GBR,2024-12-17T01:00:00Z,2024-12-17T01:00:00Z,78.05
United Kingdom,GBR,2024-12-17T02:00:00Z,2024-12-17T02:00:00Z,76.03
United Kingdom,GBR,2024-12-17T03:00:00Z,2024-12-17T03:00:00Z,76.34
United Kingdom,GBR,2024-12-17T04:00:00Z,2024-12-17T04:00:00Z,83.33
United Kingdom,GBR,2024-12-17T05:00:00Z,2024-12-17T05:00:00Z,100.5
United Kingdom,GBR,2024-12-17T06:00:00Z,2024-12-17T06:00:00Z,111.98
United Kingdom,GBR,2024-12-17T07:00:00Z,2024-12-17T07:00:00Z,125.03
United Kingdom,GBR,2024-12-17T08:00:00Z,2024-12-17T08:00:00Z,130.18
United Kingdom,GBR,2024-12-17T09:00:00Z,2024-12-17T09:00:00Z,127.7
United Kingdom,GBR,2024-12-17T10:00:00Z,2024-12-17T10:00:00Z,115.18
United Kingdom,GBR,2024-12-17T11:00:00Z,2024-12-17T11:00:00Z,108.58
United Kingdom,GBR,2024-12-17T12:00:00Z,2024-12-17T12:00:00Z,104.29
United Kingdom,GBR,2024-12-17T13:00:00Z,2024-12-17T13:00:00Z,106.28
United Kingdom,GBR,2024-12-17T14:00:00Z,2024-12-17T14:00:00Z,105.18
United Kingdom,GBR,2024-12-17T15:00:00Z,2024-12-17T15:00:00Z,112.67
United Kingdom,GBR,2024-12-17T16:00:00Z,2024-12-17T16:00:00Z,119.3
United Kingdom,GBR,2024-12-17T17:00:00Z,2024-12-17T17:00:00Z,116.68
United Kingdom,GBR,2024-12-17T18:00:00Z,2024-12-17T18:00:00Z,102.88
United Kingdom,GBR,2024-12-17T19:00:00Z,2024-12-17T19:00:00Z,103.73
United Kingdom,GBR,2024-12-17T20:00:00Z,2024-12-17T20:00:00Z,100.66
United Kingdom,GBR,2024-12-17T21:00:00Z,2024-12-17T21:00:00Z,94.06
United Kingdom,GBR,2024-12-17T22:00:00Z,2024-12-17T22:00:00Z,63.2
United Kingdom,GBR,2024-12-17T23:00:00Z,2024-12-17T23:00:00Z,34.13
United Kingdom,GBR,2024-12-18T00:00:00Z,2024-12-18T00:00:00Z,34.41
United Kingdom,GBR,2024-12-18T01:00:00Z,2024-12-18T01:00:00Z,24.92
United Kingdom,GBR,2024-12-18T02:00:00Z,2024-12-18T02:00:00Z,11.2
United Kingdom,GBR,2024-12-18T03:00:00Z,2024-12-18T03:00:00Z,5.97
United Kingdom,GBR,2024-12-18T04:00:00Z,2024-12-18T04:00:00Z,1.28
United Kingdom,GBR,2024-12-18T05:00:00Z,2024-12-18T05:00:00Z,10.51
United Kingdom,GBR,2024-12-18T06:00:00Z,2024-12-18T06:00:00Z,45.13
United Kingdom,GBR,2024-12-18T07:00:00Z,2024-12-18T07:00:00Z,91.92
United Kingdom,GBR,2024-12-18T08:00:00Z,2024-12-18T08:00:00Z,89.86
United Kingdom,GBR,2024-12-18T09:00:00Z,2024-12-18T09:00:00Z,79.53
United Kingdom,GBR,2024-12-18T10:00:00Z,2024-12-18T10:00:00Z,75.28
United Kingdom,GBR,2024-12-18T11:00:00Z,2024-12-18T11:00:00Z,72.73
United Kingdom,GBR,2024-12-18T12:00:00Z,2024-12-18T12:00:00Z,80.07
United Kingdom,GBR,2024-12-18T13:00:00Z,2024-12-18T13:00:00Z,91.96
United Kingdom,GBR,2024-12-18T14:00:00Z,2024-12-18T14:00:00Z,105.97
United Kingdom,GBR,2024-12-18T15:00:00Z,2024-12-18T15:00:00Z,101.38
United Kingdom,GBR,2024-12-18T16:00:00Z,2024-12-18T16:00:00Z,110.71
United Kingdom,GBR,2024-12-18T17:00:00Z,2024-12-18T17:00:00Z,124.44
United Kingdom,GBR,2024-12-18T18:00:00Z,2024-12-18T18:00:00Z,126.69
United Kingdom,GBR,2024-12-18T19:00:00Z,2024-12-18T19:00:00Z,121.71
United Kingdom,GBR,2024-12-18T20:00:00Z,2024-12-18T20:00:00Z,107.83
United Kingdom,GBR,2024-12-18T21:00:00Z,2024-12-18T21:00:00Z,107.54
United Kingdom,GBR,2024-12-18T22:00:00Z,2024-12-18T22:00:00Z,99.75
United Kingdom,GBR,2024-12-18T23:00:00Z,2024-12-18T23:00:00Z,35.05
United Kingdom,GBR,2024-12-19T00:00:00Z,2024-12-19T00:00:00Z,19.97
United Kingdom,GBR,2024-12-19T01:00:00Z,2024-12-19T01:00:00Z,10.24
United Kingdom,GBR,2024-12-19T02:00:00Z,2024-12-19T02:00:00Z,4.98
United Kingdom,GBR,2024-12-19T03:00:00Z,2024-12-19T03:00:00Z,4.36
United Kingdom,GBR,2024-12-19T04:00:00Z,2024-12-19T04:00:00Z,3.81
United Kingdom,GBR,2024-12-19T05:00:00Z,2024-12-19T05:00:00Z,15.26
United Kingdom,GBR,2024-12-19T06:00:00Z,2024-12-19T06:00:00Z,53.3
United Kingdom,GBR,2024-12-19T07:00:00Z,2024-12-19T07:00:00Z,91.93
United Kingdom,GBR,2024-12-19T08:00:00Z,2024-12-19T08:00:00Z,106.29
United Kingdom,GBR,2024-12-19T09:00:00Z,2024-12-19T09:00:00Z,110.34
United Kingdom,GBR,2024-12-19T10:00:00Z,2024-12-19T10:00:00Z,99.54
United Kingdom,GBR,2024-12-19T11:00:00Z,2024-12-19T11:00:00Z,91.53
United Kingdom,GBR,2024-12-19T12:00:00Z,2024-12-19T12:00:00Z,91.44
United Kingdom,GBR,2024-12-19T13:00:00Z,2024-12-19T13:00:00Z,94.23
United Kingdom,GBR,2024-12-19T14:00:00Z,2024-12-19T14:00:00Z,100.06
United Kingdom,GBR,2024-12-19T15:00:00Z,2024-12-19T15:00:00Z,104.31
United Kingdom,GBR,2024-12-19T16:00:00Z,2024-12-19T16:00:00Z,114.76
United Kingdom,GBR,2024-12-19T17:00:00Z,2024-12-19T17:00:00Z,121.59
United Kingdom,GBR,2024-12-19T18:00:00Z,2024-12-19T18:00:00Z,119.11
United Kingdom,GBR,2024-12-19T19:00:00Z,2024-12-19T19:00:00Z,120.48
United Kingdom,GBR,2024-12-19T20:00:00Z,2024-12-19T20:00:00Z,111.66
United Kingdom,GBR,2024-12-19T21:00:00Z,2024-12-19T21:00:00Z,106.42
United Kingdom,GBR,2024-12-19T22:00:00Z,2024-12-19T22:00:00Z,99.03
United Kingdom,GBR,2024-12-19T23:00:00Z,2024-12-19T23:00:00Z,76.56
United Kingdom,GBR,2024-12-20T00:00:00Z,2024-12-20T00:00:00Z,76.15
United Kingdom,GBR,2024-12-20T01:00:00Z,2024-12-20T01:00:00Z,55.12
United Kingdom,GBR,2024-12-20T02:00:00Z,2024-12-20T02:00:00Z,33.63
United Kingdom,GBR,2024-12-20T03:00:00Z,2024-12-20T03:00:00Z,36.28
United Kingdom,GBR,2024-12-20T04:00:00Z,2024-12-20T04:00:00Z,44.08
United Kingdom,GBR,2024-12-20T05:00:00Z,2024-12-20T05:00:00Z,66.44
United Kingdom,GBR,2024-12-20T06:00:00Z,2024-12-20T06:00:00Z,106.59
United Kingdom,GBR,2024-12-20T07:00:00Z,2024-12-20T07:00:00Z,119.01
United Kingdom,GBR,2024-12-20T08:00:00Z,2024-12-20T08:00:00Z,122.43
United Kingdom,GBR,2024-12-20T09:00:00Z,2024-12-20T09:00:00Z,114.86
United Kingdom,GBR,2024-12-20T10:00:00Z,2024-12-20T10:00:00Z,101.35
United Kingdom,GBR,2024-12-20T11:00:00Z,2024-12-20T11:00:00Z,95.93
United Kingdom,GBR,2024-12-20T12:00:00Z,2024-12-20T12:00:00Z,98.68
United Kingdom,GBR,2024-12-20T13:00:00Z,2024-12-20T13:00:00Z,99.06
United Kingdom,GBR,2024-12-20T14:00:00Z,2024-12-20T14:00:00Z,104.59
United Kingdom,GBR,2024-12-20T15:00:00Z,2024-12-20T15:00:00Z,109.41
United Kingdom,GBR,2024-12-20T16:00:00Z,2024-12-20T16:00:00Z,114.67
United Kingdom,GBR,2024-12-20T17:00:00Z,2024-12-20T17:00:00Z,119.15
United Kingdom,GBR,2024-12-20T18:00:00Z,2024-12-20T18:00:00Z,114.5
United Kingdom,GBR,2024-12-20T19:00:00Z,2024-12-20T19:00:00Z,108.79
United Kingdom,GBR,2024-12-20T20:00:00Z,2024-12-20T20:00:00Z,103.71
United Kingdom,GBR,2024-12-20T21:00:00Z,2024-12-20T21:00:00Z,90.98
United Kingdom,GBR,2024-12-20T22:00:00Z,2024-12-20T22:00:00Z,67.74
United Kingdom,GBR,2024-12-20T23:00:00Z,2024-12-20T23:00:00Z,47.29
United Kingdom,GBR,2024-12-21T00:00:00Z,2024-12-21T00:00:00Z,38.79
United Kingdom,GBR,2024-12-21T01:00:00Z,2024-12-21T01:00:00Z,30.21
United Kingdom,GBR,2024-12-21T02:00:00Z,2024-12-21T02:00:00Z,21.78
United Kingdom,GBR,2024-12-21T03:00:00Z,2024-12-21T03:00:00Z,18.08
United Kingdom,GBR,2024-12-21T04:00:00Z,2024-12-21T04:00:00Z,14.97
United Kingdom,GBR,2024-12-21T05:00:00Z,2024-12-21T05:00:00Z,9.14
United Kingdom,GBR,2024-12-21T06:00:00Z,2024-12-21T06:00:00Z,16.89
United Kingdom,GBR,2024-12-21T07:00:00Z,2024-12-21T07:00:00Z,30.46
United Kingdom,GBR,2024-12-21T08:00:00Z,2024-12-21T08:00:00Z,44.92
United Kingdom,GBR,2024-12-21T09:00:00Z,2024-12-21T09:00:00Z,44.6
United Kingdom,GBR,2024-12-21T10:00:00Z,2024-12-21T10:00:00Z,45.49
United Kingdom,GBR,2024-12-21T11:00:00Z,2024-12-21T11:00:00Z,43.07
United Kingdom,GBR,2024-12-21T12:00:00Z,2024-12-21T12:00:00Z,41.72
United Kingdom,GBR,2024-12-21T13:00:00Z,2024-12-21T13:00:00Z,36.81
United Kingdom,GBR,2024-12-21T14:00:00Z,2024-12-21T14:00:00Z,36
United Kingdom,GBR,2024-12-21T15:00:00Z,2024-12-21T15:00:00Z,40.16
United Kingdom,GBR,2024-12-21T16:00:00Z,2024-12-21T16:00:00Z,59.07
United Kingdom,GBR,2024-12-21T17:00:00Z,2024-12-21T17:00:00Z,60.95
United Kingdom,GBR,2024-12-21T18:00:00Z,2024-12-21T18:00:00Z,47.85
United Kingdom,GBR,2024-12-21T19:00:00Z,2024-12-21T19:00:00Z,32.6
United Kingdom,GBR,2024-12-21T20:00:00Z,2024-12-21T20:00:00Z,13.87
United Kingdom,GBR,2024-12-21T21:00:00Z,2024-12-21T21:00:00Z,8.81
United Kingdom,GBR,2024-12-21T22:00:00Z,2024-12-21T22:00:00Z,1.27
United Kingdom,GBR,2024-12-21T23:00:00Z,2024-12-21T23:00:00Z,0.89
United Kingdom,GBR,2024-12-22T00:00:00Z,2024-12-22T00:00:00Z,0.69
United Kingdom,GBR,2024-12-22T01:00:00Z,2024-12-22T01:00:00Z,1.13
United Kingdom,GBR,2024-12-22T02:00:00Z,2024-12-22T02:00:00Z,-0.63
United Kingdom,GBR,2024-12-22T03:00:00Z,2024-12-22T03:00:00Z,-1.39
United Kingdom,GBR,2024-12-22T04:00:00Z,2024-12-22T04:00:00Z,-2.33
United Kingdom,GBR,2024-12-22T05:00:00Z,2024-12-22T05:00:00Z,-2.54
United Kingdom,GBR,2024-12-22T06:00:00Z,2024-12-22T06:00:00Z,-0.96
United Kingdom,GBR,2024-12-22T07:00:00Z,2024-12-22T07:00:00Z,5.34
United Kingdom,GBR,2024-12-22T08:00:00Z,2024-12-22T08:00:00Z,13.48
United Kingdom,GBR,2024-12-22T09:00:00Z,2024-12-22T09:00:00Z,12.27
United Kingdom,GBR,2024-12-22T10:00:00Z,2024-12-22T10:00:00Z,15.95
United Kingdom,GBR,2024-12-22T11:00:00Z,2024-12-22T11:00:00Z,17.33
United Kingdom,GBR,2024-12-22T12:00:00Z,2024-12-22T12:00:00Z,18.59
United Kingdom,GBR,2024-12-22T13:00:00Z,2024-12-22T13:00:00Z,20.53
United Kingdom,GBR,2024-12-22T14:00:00Z,2024-12-22T14:00:00Z,31.92
United Kingdom,GBR,2024-12-22T15:00:00Z,2024-12-22T15:00:00Z,46.3
United Kingdom,GBR,2024-12-22T16:00:00Z,2024-12-22T16:00:00Z,83.77
United Kingdom,GBR,2024-12-22T17:00:00Z,2024-12-22T17:00:00Z,104.2
United Kingdom,GBR,2024-12-22T18:00:00Z,2024-12-22T18:00:00Z,81.73
United Kingdom,GBR,2024-12-22T19:00:00Z,2024-12-22T19:00:00Z,57.36
United Kingdom,GBR,2024-12-22T20:00:00Z,2024-12-22T20:00:00Z,44.14
United Kingdom,GBR,2024-12-22T21:00:00Z,2024-12-22T21:00:00Z,37.58
United Kingdom,GBR,2024-12-22T22:00:00Z,2024-12-22T22:00:00Z,21.03
United Kingdom,GBR,2024-12-22T23:00:00Z,2024-12-22T23:00:00Z,12.76
United Kingdom,GBR,2024-12-23T00:00:00Z,2024-12-23T00:00:00Z,12.97
United Kingdom,GBR,2024-12-23T01:00:00Z,2024-12-23T01:00:00Z,11.53
United Kingdom,GBR,2024-12-23T02:00:00Z,2024-12-23T02:00:00Z,7.11
United Kingdom,GBR,2024-12-23T03:00:00Z,2024-12-23T03:00:00Z,5.4
United Kingdom,GBR,2024-12-23T04:00:00Z,2024-12-23T04:00:00Z,5.92
United Kingdom,GBR,2024-12-23T05:00:00Z,2024-12-23T05:00:00Z,24.24
United Kingdom,GBR,2024-12-23T06:00:00Z,2024-12-23T06:00:00Z,64.33
United Kingdom,GBR,2024-12-23T07:00:00Z,2024-12-23T07:00:00Z,96.87
United Kingdom,GBR,2024-12-23T08:00:00Z,2024-12-23T08:00:00Z,111.14
United Kingdom,GBR,2024-12-23T09:00:00Z,2024-12-23T09:00:00Z,115.75
United Kingdom,GBR,2024-12-23T10:00:00Z,2024-12-23T10:00:00Z,121.46
United Kingdom,GBR,2024-12-23T11:00:00Z,2024-12-23T11:00:00Z,126.17
United Kingdom,GBR,2024-12-23T12:00:00Z,2024-12-23T12:00:00Z,126.51
United Kingdom,GBR,2024-12-23T13:00:00Z,2024-12-23T13:00:00Z,121.73
United Kingdom,GBR,2024-12-23T14:00:00Z,2024-12-23T14:00:00Z,120.73
United Kingdom,GBR,2024-12-23T15:00:00Z,2024-12-23T15:00:00Z,126.81
United Kingdom,GBR,2024-12-23T16:00:00Z,2024-12-23T16:00:00Z,144.3
United Kingdom,GBR,2024-12-23T17:00:00Z,2024-12-23T17:00:00Z,146.81
United Kingdom,GBR,2024-12-23T18:00:00Z,2024-12-23T18:00:00Z,138.4
United Kingdom,GBR,2024-12-23T19:00:00Z,2024-12-23T19:00:00Z,127.2
United Kingdom,GBR,2024-12-23T20:00:00Z,2024-12-23T20:00:00Z,118.93
United Kingdom,GBR,2024-12-23T21:00:00Z,2024-12-23T21:00:00Z,116.54
United Kingdom,GBR,2024-12-23T22:00:00Z,2024-12-23T22:00:00Z,109.11
United Kingdom,GBR,2024-12-23T23:00:00Z,2024-12-23T23:00:00Z,97.05
United Kingdom,GBR,2024-12-24T00:00:00Z,2024-12-24T00:00:00Z,85.26
United Kingdom,GBR,2024-12-24T01:00:00Z,2024-12-24T01:00:00Z,82.66
United Kingdom,GBR,2024-12-24T02:00:00Z,2024-12-24T02:00:00Z,72.35
United Kingdom,GBR,2024-12-24T03:00:00Z,2024-12-24T03:00:00Z,69.99
United Kingdom,GBR,2024-12-24T04:00:00Z,2024-12-24T04:00:00Z,73.14
United Kingdom,GBR,2024-12-24T05:00:00Z,2024-12-24T05:00:00Z,76.74
United Kingdom,GBR,2024-12-24T06:00:00Z,2024-12-24T06:00:00Z,96.97
United Kingdom,GBR,2024-12-24T07:00:00Z,2024-12-24T07:00:00Z,109.91
United Kingdom,GBR,2024-12-24T08:00:00Z,2024-12-24T08:00:00Z,115.33
United Kingdom,GBR,2024-12-24T09:00:00Z,2024-12-24T09:00:00Z,112.65
United Kingdom,GBR,2024-12-24T10:00:00Z,2024-12-24T10:00:00Z,106.08
United Kingdom,GBR,2024-12-24T11:00:00Z,2024-12-24T11:00:00Z,103.25
United Kingdom,GBR,2024-12-24T12:00:00Z,2024-12-24T12:00:00Z,105.03
United Kingdom,GBR,2024-12-24T13:00:00Z,2024-12-24T13:00:00Z,107.69
United Kingdom,GBR,2024-12-24T14:00:00Z,2024-12-24T14:00:00Z,110.58
United Kingdom,GBR,2024-12-24T15:00:00Z,2024-12-24T15:00:00Z,116.55
United Kingdom,GBR,2024-12-24T16:00:00Z,2024-12-24T16:00:00Z,124.94
United Kingdom,GBR,2024-12-24T17:00:00Z,2024-12-24T17:00:00Z,123.81
United Kingdom,GBR,2024-12-24T18:00:00Z,2024-12-24T18:00:00Z,121.01
United Kingdom,GBR,2024-12-24T19:00:00Z,2024-12-24T19:00:00Z,117.68
United Kingdom,GBR,2024-12-24T20:00:00Z,2024-12-24T20:00:00Z,111.19
United Kingdom,GBR,2024-12-24T21:00:00Z,2024-12-24T21:00:00Z,103.22
United Kingdom,GBR,2024-12-24T22:00:00Z,2024-12-24T22:00:00Z,89.17
United Kingdom,GBR,2024-12-24T23:00:00Z,2024-12-24T23:00:00Z,94.75
United Kingdom,GBR,2024-12-25T00:00:00Z,2024-12-25T00:00:00Z,88.28
United Kingdom,GBR,2024-12-25T01:00:00Z,2024-12-25T01:00:00Z,82.07
United Kingdom,GBR,2024-12-25T02:00:00Z,2024-12-25T02:00:00Z,71.75
United Kingdom,GBR,2024-12-25T03:00:00Z,2024-12-25T03:00:00Z,66.34
United Kingdom,GBR,2024-12-25T04:00:00Z,2024-12-25T04:00:00Z,65.17
United Kingdom,GBR,2024-12-25T05:00:00Z,2024-12-25T05:00:00Z,66.16
United Kingdom,GBR,2024-12-25T06:00:00Z,2024-12-25T06:00:00Z,83.28
United Kingdom,GBR,2024-12-25T07:00:00Z,2024-12-25T07:00:00Z,91.09
United Kingdom,GBR,2024-12-25T08:00:00Z,2024-12-25T08:00:00Z,104.43
United Kingdom,GBR,2024-12-25T09:00:00Z,2024-12-25T09:00:00Z,108.6
United Kingdom,GBR,2024-12-25T10:00:00Z,2024-12-25T10:00:00Z,109.5
United Kingdom,GBR,2024-12-25T11:00:00Z,2024-12-25T11:00:00Z,117.29
United Kingdom,GBR,2024-12-25T12:00:00Z,2024-12-25T12:00:00Z,127.36
United Kingdom,GBR,2024-12-25T13:00:00Z,2024-12-25T13:00:00Z,132.24
United Kingdom,GBR,2024-12-25T14:00:00Z,2024-12-25T14:00:00Z,126.51
United Kingdom,GBR,2024-12-25T15:00:00Z,2024-12-25T15:00:00Z,122.5
United Kingdom,GBR,2024-12-25T16:00:00Z,2024-12-25T16:00:00Z,127.85
United Kingdom,GBR,2024-12-25T17:00:00Z,2024-12-25T17:00:00Z,126.26
United Kingdom,GBR,2024-12-25T18:00:00Z,2024-12-25T18:00:00Z,122.52
United Kingdom,GBR,2024-12-25T19:00:00Z,2024-12-25T19:00:00Z,120.17
United Kingdom,GBR,2024-12-25T20:00:00Z,2024-12-25T20:00:00Z,115.67
United Kingdom,GBR,2024-12-25T21:00:00Z,2024-12-25T21:00:00Z,114.34
United Kingdom,GBR,2024-12-25T22:00:00Z,2024-12-25T22:00:00Z,103.89
United Kingdom,GBR,2024-12-25T23:00:00Z,2024-12-25T23:00:00Z,107.24
United Kingdom,GBR,2024-12-26T00:00:00Z,2024-12-26T00:00:00Z,114.29
United Kingdom,GBR,2024-12-26T01:00:00Z,2024-12-26T01:00:00Z,111.52
United Kingdom,GBR,2024-12-26T02:00:00Z,2024-12-26T02:00:00Z,113.08
United Kingdom,GBR,2024-12-26T03:00:00Z,2024-12-26T03:00:00Z,110.62
United Kingdom,GBR,2024-12-26T04:00:00Z,2024-12-26T04:00:00Z,107.66
United Kingdom,GBR,2024-12-26T05:00:00Z,2024-12-26T05:00:00Z,116.58
United Kingdom,GBR,2024-12-26T06:00:00Z,2024-12-26T06:00:00Z,114.72
United Kingdom,GBR,2024-12-26T07:00:00Z,2024-12-26T07:00:00Z,116.84
United Kingdom,GBR,2024-12-26T08:00:00Z,2024-12-26T08:00:00Z,121.6
United Kingdom,GBR,2024-12-26T09:00:00Z,2024-12-26T09:00:00Z,112.41
United Kingdom,GBR,2024-12-26T10:00:00Z,2024-12-26T10:00:00Z,125.06
United Kingdom,GBR,2024-12-26T11:00:00Z,2024-12-26T11:00:00Z,121.43
United Kingdom,GBR,2024-12-26T12:00:00Z,2024-12-26T12:00:00Z,123.33
United Kingdom,GBR,2024-12-26T13:00:00Z,2024-12-26T13:00:00Z,121.94
United Kingdom,GBR,2024-12-26T14:00:00Z,2024-12-26T14:00:00Z,121.16
United Kingdom,GBR,2024-12-26T15:00:00Z,2024-12-26T15:00:00Z,122.66
United Kingdom,GBR,2024-12-26T16:00:00Z,2024-12-26T16:00:00Z,136.84
United Kingdom,GBR,2024-12-26T17:00:00Z,2024-12-26T17:00:00Z,136.51
United Kingdom,GBR,2024-12-26T18:00:00Z,2024-12-26T18:00:00Z,133.48
United Kingdom,GBR,2024-12-26T19:00:00Z,2024-12-26T19:00:00Z,132.65
United Kingdom,GBR,2024-12-26T20:00:00Z,2024-12-26T20:00:00Z,126.42
United Kingdom,GBR,2024-12-26T21:00:00Z,2024-12-26T21:00:00Z,129.16
United Kingdom,GBR,2024-12-26T22:00:00Z,2024-12-26T22:00:00Z,119.27
United Kingdom,GBR,2024-12-26T23:00:00Z,2024-12-26T23:00:00Z,118.58
United Kingdom,GBR,2024-12-27T00:00:00Z,2024-12-27T00:00:00Z,118.75
United Kingdom,GBR,2024-12-27T01:00:00Z,2024-12-27T01:00:00Z,112.13
United Kingdom,GBR,2024-12-27T02:00:00Z,2024-12-27T02:00:00Z,108.91
United Kingdom,GBR,2024-12-27T03:00:00Z,2024-12-27T03:00:00Z,101.9
United Kingdom,GBR,2024-12-27T04:00:00Z,2024-12-27T04:00:00Z,109.41
United Kingdom,GBR,2024-12-27T05:00:00Z,2024-12-27T05:00:00Z,121.19
United Kingdom,GBR,2024-12-27T06:00:00Z,2024-12-27T06:00:00Z,129.7
United Kingdom,GBR,2024-12-27T07:00:00Z,2024-12-27T07:00:00Z,134.36
United Kingdom,GBR,2024-12-27T08:00:00Z,2024-12-27T08:00:00Z,139.5
United Kingdom,GBR,2024-12-27T09:00:00Z,2024-12-27T09:00:00Z,126.67
United Kingdom,GBR,2024-12-27T10:00:00Z,2024-12-27T10:00:00Z,124.94
United Kingdom,GBR,2024-12-27T11:00:00Z,2024-12-27T11:00:00Z,116.16
United Kingdom,GBR,2024-12-27T12:00:00Z,2024-12-27T12:00:00Z,120.45
United Kingdom,GBR,2024-12-27T13:00:00Z,2024-12-27T13:00:00Z,123.25
United Kingdom,GBR,2024-12-27T14:00:00Z,2024-12-27T14:00:00Z,133.36
United Kingdom,GBR,2024-12-27T15:00:00Z,2024-12-27T15:00:00Z,142.7
United Kingdom,GBR,2024-12-27T16:00:00Z,2024-12-27T16:00:00Z,153.98
United Kingdom,GBR,2024-12-27T17:00:00Z,2024-12-27T17:00:00Z,163.14
United Kingdom,GBR,2024-12-27T18:00:00Z,2024-12-27T18:00:00Z,155.86
United Kingdom,GBR,2024-12-27T19:00:00Z,2024-12-27T19:00:00Z,137.91
United Kingdom,GBR,2024-12-27T20:00:00Z,2024-12-27T20:00:00Z,130.68
United Kingdom,GBR,2024-12-27T21:00:00Z,2024-12-27T21:00:00Z,129.4
United Kingdom,GBR,2024-12-27T22:00:00Z,2024-12-27T22:00:00Z,122.59
United Kingdom,GBR,2024-12-27T23:00:00Z,2024-12-27T23:00:00Z,123.05
United Kingdom,GBR,2024-12-28T00:00:00Z,2024-12-28T00:00:00Z,125.29
United Kingdom,GBR,2024-12-28T01:00:00Z,2024-12-28T01:00:00Z,119.65
United Kingdom,GBR,2024-12-28T02:00:00Z,2024-12-28T02:00:00Z,113.7
United Kingdom,GBR,2024-12-28T03:00:00Z,2024-12-28T03:00:00Z,110.86
United Kingdom,GBR,2024-12-28T04:00:00Z,2024-12-28T04:00:00Z,109.89
United Kingdom,GBR,2024-12-28T05:00:00Z,2024-12-28T05:00:00Z,110.82
United Kingdom,GBR,2024-12-28T06:00:00Z,2024-12-28T06:00:00Z,119.02
United Kingdom,GBR,2024-12-28T07:00:00Z,2024-12-28T07:00:00Z,120
United Kingdom,GBR,2024-12-28T08:00:00Z,2024-12-28T08:00:00Z,121.82
United Kingdom,GBR,2024-12-28T09:00:00Z,2024-12-28T09:00:00Z,124.15
United Kingdom,GBR,2024-12-28T10:00:00Z,2024-12-28T10:00:00Z,120.82
United Kingdom,GBR,2024-12-28T11:00:00Z,2024-12-28T11:00:00Z,119.08
United Kingdom,GBR,2024-12-28T12:00:00Z,2024-12-28T12:00:00Z,121.57
United Kingdom,GBR,2024-12-28T13:00:00Z,2024-12-28T13:00:00Z,120.94
United Kingdom,GBR,2024-12-28T14:00:00Z,2024-12-28T14:00:00Z,125.41
United Kingdom,GBR,2024-12-28T15:00:00Z,2024-12-28T15:00:00Z,129.23
United Kingdom,GBR,2024-12-28T16:00:00Z,2024-12-28T16:00:00Z,144.67
United Kingdom,GBR,2024-12-28T17:00:00Z,2024-12-28T17:00:00Z,148.22
United Kingdom,GBR,2024-12-28T18:00:00Z,2024-12-28T18:00:00Z,140.22
United Kingdom,GBR,2024-12-28T19:00:00Z,2024-12-28T19:00:00Z,127.54
United Kingdom,GBR,2024-12-28T20:00:00Z,2024-12-28T20:00:00Z,123.85
United Kingdom,GBR,2024-12-28T21:00:00Z,2024-12-28T21:00:00Z,116.95
United Kingdom,GBR,2024-12-28T22:00:00Z,2024-12-28T22:00:00Z,108.1
United Kingdom,GBR,2024-12-28T23:00:00Z,2024-12-28T23:00:00Z,123.05
United Kingdom,GBR,2024-12-29T00:00:00Z,2024-12-29T00:00:00Z,119.8
United Kingdom,GBR,2024-12-29T01:00:00Z,2024-12-29T01:00:00Z,113.48
United Kingdom,GBR,2024-12-29T02:00:00Z,2024-12-29T02:00:00Z,103.1
United Kingdom,GBR,2024-12-29T03:00:00Z,2024-12-29T03:00:00Z,94.84
United Kingdom,GBR,2024-12-29T04:00:00Z,2024-12-29T04:00:00Z,90.36
United Kingdom,GBR,2024-12-29T05:00:00Z,2024-12-29T05:00:00Z,83.62
United Kingdom,GBR,2024-12-29T06:00:00Z,2024-12-29T06:00:00Z,94.76
United Kingdom,GBR,2024-12-29T07:00:00Z,2024-12-29T07:00:00Z,90.13
United Kingdom,GBR,2024-12-29T08:00:00Z,2024-12-29T08:00:00Z,104.85
United Kingdom,GBR,2024-12-29T09:00:00Z,2024-12-29T09:00:00Z,101.86
United Kingdom,GBR,2024-12-29T10:00:00Z,2024-12-29T10:00:00Z,100.23
United Kingdom,GBR,2024-12-29T11:00:00Z,2024-12-29T11:00:00Z,100.56
United Kingdom,GBR,2024-12-29T12:00:00Z,2024-12-29T12:00:00Z,100.84
United Kingdom,GBR,2024-12-29T13:00:00Z,2024-12-29T13:00:00Z,104.31
United Kingdom,GBR,2024-12-29T14:00:00Z,2024-12-29T14:00:00Z,112.99
United Kingdom,GBR,2024-12-29T15:00:00Z,2024-12-29T15:00:00Z,121.05
United Kingdom,GBR,2024-12-29T16:00:00Z,2024-12-29T16:00:00Z,137.79
United Kingdom,GBR,2024-12-29T17:00:00Z,2024-12-29T17:00:00Z,143.71
United Kingdom,GBR,2024-12-29T18:00:00Z,2024-12-29T18:00:00Z,140.52
United Kingdom,GBR,2024-12-29T19:00:00Z,2024-12-29T19:00:00Z,122.93
United Kingdom,GBR,2024-12-29T20:00:00Z,2024-12-29T20:00:00Z,116.06
United Kingdom,GBR,2024-12-29T21:00:00Z,2024-12-29T21:00:00Z,109.91
United Kingdom,GBR,2024-12-29T22:00:00Z,2024-12-29T22:00:00Z,93.62
United Kingdom,GBR,2024-12-29T23:00:00Z,2024-12-29T23:00:00Z,87.97
United Kingdom,GBR,2024-12-30T00:00:00Z,2024-12-30T00:00:00Z,85.14
United Kingdom,GBR,2024-12-30T01:00:00Z,2024-12-30T01:00:00Z,79.46
United Kingdom,GBR,2024-12-30T02:00:00Z,2024-12-30T02:00:00Z,62.14
United Kingdom,GBR,2024-12-30T03:00:00Z,2024-12-30T03:00:00Z,54.86
United Kingdom,GBR,2024-12-30T04:00:00Z,2024-12-30T04:00:00Z,46.02
United Kingdom,GBR,2024-12-30T05:00:00Z,2024-12-30T05:00:00Z,51.67
United Kingdom,GBR,2024-12-30T06:00:00Z,2024-12-30T06:00:00Z,94.08
United Kingdom,GBR,2024-12-30T07:00:00Z,2024-12-30T07:00:00Z,109.97
United Kingdom,GBR,2024-12-30T08:00:00Z,2024-12-30T08:00:00Z,125.07
United Kingdom,GBR,2024-12-30T09:00:00Z,2024-12-30T09:00:00Z,124.47
United Kingdom,GBR,2024-12-30T10:00:00Z,2024-12-30T10:00:00Z,121.43
United Kingdom,GBR,2024-12-30T11:00:00Z,2024-12-30T11:00:00Z,114.96
United Kingdom,GBR,2024-12-30T12:00:00Z,2024-12-30T12:00:00Z,116.34
United Kingdom,GBR,2024-12-30T13:00:00Z,2024-12-30T13:00:00Z,118.29
United Kingdom,GBR,2024-12-30T14:00:00Z,2024-12-30T14:00:00Z,119.39
United Kingdom,GBR,2024-12-30T15:00:00Z,2024-12-30T15:00:00Z,129.69
United Kingdom,GBR,2024-12-30T16:00:00Z,2024-12-30T16:00:00Z,141.23
United Kingdom,GBR,2024-12-30T17:00:00Z,2024-12-30T17:00:00Z,149.14
United Kingdom,GBR,2024-12-30T18:00:00Z,2024-12-30T18:00:00Z,145.6
United Kingdom,GBR,2024-12-30T19:00:00Z,2024-12-30T19:00:00Z,132.86
United Kingdom,GBR,2024-12-30T20:00:00Z,2024-12-30T20:00:00Z,125.77
United Kingdom,GBR,2024-12-30T21:00:00Z,2024-12-30T21:00:00Z,125.6
United Kingdom,GBR,2024-12-30T22:00:00Z,2024-12-30T22:00:00Z,106.81
United Kingdom,GBR,2024-12-30T23:00:00Z,2024-12-30T23:00:00Z,83.93
United Kingdom,GBR,2024-12-31T00:00:00Z,2024-12-31T00:00:00Z,66.18
United Kingdom,GBR,2024-12-31T01:00:00Z,2024-12-31T01:00:00Z,53.29
United Kingdom,GBR,2024-12-31T02:00:00Z,2024-12-31T02:00:00Z,39.02
United Kingdom,GBR,2024-12-31T03:00:00Z,2024-12-31T03:00:00Z,25.17
United Kingdom,GBR,2024-12-31T04:00:00Z,2024-12-31T04:00:00Z,19.89
United Kingdom,GBR,2024-12-31T05:00:00Z,2024-12-31T05:00:00Z,11.45
United Kingdom,GBR,2024-12-31T06:00:00Z,2024-12-31T06:00:00Z,37.73
United Kingdom,GBR,2024-12-31T07:00:00Z,2024-12-31T07:00:00Z,70.14
United Kingdom,GBR,2024-12-31T08:00:00Z,2024-12-31T08:00:00Z,91.61
United Kingdom,GBR,2024-12-31T09:00:00Z,2024-12-31T09:00:00Z,95.78
United Kingdom,GBR,2024-12-31T10:00:00Z,2024-12-31T10:00:00Z,92.95
United Kingdom,GBR,2024-12-31T11:00:00Z,2024-12-31T11:00:00Z,89.28
United Kingdom,GBR,2024-12-31T12:00:00Z,2024-12-31T12:00:00Z,87.7
United Kingdom,GBR,2024-12-31T13:00:00Z,2024-12-31T13:00:00Z,88.38
United Kingdom,GBR,2024-12-31T14:00:00Z,2024-12-31T14:00:00Z,88.49
United Kingdom,GBR,2024-12-31T15:00:00Z,2024-12-31T15:00:00Z,91.31
United Kingdom,GBR,2024-12-31T16:00:00Z,2024-12-31T16:00:00Z,105.9
United Kingdom,GBR,2024-12-31T17:00:00Z,2024-12-31T17:00:00Z,108.96
United Kingdom,GBR,2024-12-31T18:00:00Z,2024-12-31T18:00:00Z,104.56
United Kingdom,GBR,2024-12-31T19:00:00Z,2024-12-31T19:00:00Z,65.96
United Kingdom,GBR,2024-12-31T20:00:00Z,2024-12-31T20:00:00Z,46.96
United Kingdom,GBR,2024-12-31T21:00:00Z,2024-12-31T21:00:00Z,30.91
United Kingdom,GBR,2024-12-31T22:00:00Z,2024-12-31T22:00:00Z,4.04
United Kingdom,GBR,2024-12-31T23:00:00Z,2024-12-31T23:00:00Z,2.19
