"Total sex";"2024";"Self-employed";"Under 16 years";"A Agriculture, forestry and fishing";0;0;0;0;0
"Total sex";"2024";"Self-employed";"Under 16 years";"B Mining and quarrying";0;0;0;0;0
"Total sex";"2024";"Self-employed";"Under 16 years";"CA Manufacture of food products, beverages and tobacco";0;0;0;0;0
"Total sex";"2024";"Self-employed";"Under 16 years";"CB Textiles and leather products";0;0;0;0;0
"Total sex";"2024";"Self-employed";"Under 16 years";"CC Wood and paper products and printing";0;0;0;0;0
"Total sex";"2024";"Self-employed";"Under 16 years";"CD Oil refinery etc.";0;0;0;0;0
"Total sex";"2024";"Self-employed";"Under 16 years";"CE Manufacture of chemicals";0;0;0;0;0
"Total sex";"2024";"Self-employed";"Under 16 years";"CF Pharmaceuticals";0;0;0;0;0
"Total sex";"2024";"Self-employed";"Under 16 years";"CG Manufacture of plastic, glass and concrete";0;0;0;0;0
"Total sex";"2024";"Self-employed";"Under 16 years";"CH Basic metals and fabricated metal products";0;0;0;0;0
"Total sex";"2024";"Self-employed";"Under 16 years";"CI Manufacture of electronic components";0;0;0;0;0
"Total sex";"2024";"Self-employed";"Under 16 years";"CJ Electrical equipment";0;0;0;0;0
"Total sex";"2024";"Self-employed";"Under 16 years";"CK Manufacture of machinery";0;0;0;0;0
"Total sex";"2024";"Self-employed";"Under 16 years";"CL Transport equipment";0;0;0;0;0
"Total sex";"2024";"Self-employed";"Under 16 years";"CM Manufacture of funiture and other manufacturing";0;0;0;0;0
"Total sex";"2024";"Self-employed";"Under 16 years";"D Electricity, gas, steam and air conditioning supply";0;0;0;0;0
"Total sex";"2024";"Self-employed";"Under 16 years";"E Water supply, sewerage and waste management";0;0;0;0;0
"Total sex";"2024";"Self-employed";"Under 16 years";"F Construction";0;0;0;0;0
"Total sex";"2024";"Self-employed";"Under 16 years";"G Wholesale and retail trade";0;0;0;0;0
"Total sex";"2024";"Self-employed";"Under 16 years";"H Transportation";0;0;0;0;0
"Total sex";"2024";"Self-employed";"Under 16 years";"I Accommodation and food service activities";0;0;0;0;0
"Total sex";"2024";"Self-employed";"Under 16 years";"JA Publishing, television and radio broadcasting";0;0;0;0;0
"Total sex";"2024";"Self-employed";"Under 16 years";"JB Telecommunications";0;0;0;0;0
"Total sex";"2024";"Self-employed";"Under 16 years";"JC IT and information service activities";0;0;0;0;0
"Total sex";"2024";"Self-employed";"Under 16 years";"K Financial and insurance";0;0;0;0;0
"Total sex";"2024";"Self-employed";"Under 16 years";"L Real estate activities";0;0;0;0;0
"Total sex";"2024";"Self-employed";"Under 16 years";"MA Consultancy etc.";0;0;0;0;0
"Total sex";"2024";"Self-employed";"Under 16 years";"MB Scientific research and development";0;0;0;0;0
"Total sex";"2024";"Self-employed";"Under 16 years";"MC Advertising and other business services";0;0;0;0;0
"Total sex";"2024";"Self-employed";"Under 16 years";"N Travel agent, cleaning, and other operationel services";0;0;0;0;0
"Total sex";"2024";"Self-employed";"Under 16 years";"O Public administration, defence and compulsory social security";0;0;0;0;0
"Total sex";"2024";"Self-employed";"Under 16 years";"P Education";0;0;0;0;0
"Total sex";"2024";"Self-employed";"Under 16 years";"QA Human health activities";0;0;0;0;0
"Total sex";"2024";"Self-employed";"Under 16 years";"QB Residential care";0;0;0;0;0
"Total sex";"2024";"Self-employed";"Under 16 years";"R Arts, entertainment and recreation activities";0;0;0;0;0
"Total sex";"2024";"Self-employed";"Under 16 years";"S Other service activities etc.";1;0;0;0;0
"Total sex";"2024";"Self-employed";"Under 16 years";"X Activity not stated";4;0;0;1;0
"Total sex";"2024";"Self-employed";"16-19 years";"A Agriculture, forestry and fishing";0;1;0;4;3
"Total sex";"2024";"Self-employed";"16-19 years";"B Mining and quarrying";0;0;0;0;0
"Total sex";"2024";"Self-employed";"16-19 years";"CA Manufacture of food products, beverages and tobacco";1;0;0;2;0
"Total sex";"2024";"Self-employed";"16-19 years";"CB Textiles and leather products";1;1;0;2;0
"Total sex";"2024";"Self-employed";"16-19 years";"CC Wood and paper products and printing";0;0;0;1;0
"Total sex";"2024";"Self-employed";"16-19 years";"CD Oil refinery etc.";0;0;0;0;0
"Total sex";"2024";"Self-employed";"16-19 years";"CE Manufacture of chemicals";0;0;0;0;0
"Total sex";"2024";"Self-employed";"16-19 years";"CF Pharmaceuticals";0;0;0;0;0
"Total sex";"2024";"Self-employed";"16-19 years";"CG Manufacture of plastic, glass and concrete";0;0;0;1;0
"Total sex";"2024";"Self-employed";"16-19 years";"CH Basic metals and fabricated metal products";0;1;1;0;0
"Total sex";"2024";"Self-employed";"16-19 years";"CI Manufacture of electronic components";0;0;0;0;0
"Total sex";"2024";"Self-employed";"16-19 years";"CJ Electrical equipment";0;0;0;0;0
"Total sex";"2024";"Self-employed";"16-19 years";"CK Manufacture of machinery";0;0;0;0;0
"Total sex";"2024";"Self-employed";"16-19 years";"CL Transport equipment";0;0;0;0;0
"Total sex";"2024";"Self-employed";"16-19 years";"CM Manufacture of funiture and other manufacturing";1;2;0;1;1
"Total sex";"2024";"Self-employed";"16-19 years";"D Electricity, gas, steam and air conditioning supply";0;0;0;0;0
"Total sex";"2024";"Self-employed";"16-19 years";"E Water supply, sewerage and waste management";0;0;0;0;0
"Total sex";"2024";"Self-employed";"16-19 years";"F Construction";8;5;5;4;0
"Total sex";"2024";"Self-employed";"16-19 years";"G Wholesale and retail trade";22;10;11;21;9
"Total sex";"2024";"Self-employed";"16-19 years";"H Transportation";3;1;2;3;1
"Total sex";"2024";"Self-employed";"16-19 years";"I Accommodation and food service activities";1;1;9;12;5
"Total sex";"2024";"Self-employed";"16-19 years";"JA Publishing, television and radio broadcasting";12;2;4;7;1
"Total sex";"2024";"Self-employed";"16-19 years";"JB Telecommunications";0;0;0;0;0
"Total sex";"2024";"Self-employed";"16-19 years";"JC IT and information service activities";1;1;2;5;2
"Total sex";"2024";"Self-employed";"16-19 years";"K Financial and insurance";2;1;0;0;0
"Total sex";"2024";"Self-employed";"16-19 years";"L Real estate activities";0;0;0;0;0
"Total sex";"2024";"Self-employed";"16-19 years";"MA Consultancy etc.";3;0;2;0;1
"Total sex";"2024";"Self-employed";"16-19 years";"MB Scientific research and development";0;0;0;0;0
"Total sex";"2024";"Self-employed";"16-19 years";"MC Advertising and other business services";21;16;19;12;3
"Total sex";"2024";"Self-employed";"16-19 years";"N Travel agent, cleaning, and other operationel services";33;17;21;10;15
"Total sex";"2024";"Self-employed";"16-19 years";"O Public administration, defence and compulsory social security";0;0;0;0;0
"Total sex";"2024";"Self-employed";"16-19 years";"P Education";0;0;1;2;0
"Total sex";"2024";"Self-employed";"16-19 years";"QA Human health activities";0;0;0;0;0
"Total sex";"2024";"Self-employed";"16-19 years";"QB Residential care";0;0;0;0;0
"Total sex";"2024";"Self-employed";"16-19 years";"R Arts, entertainment and recreation activities";10;1;3;4;1
"Total sex";"2024";"Self-employed";"16-19 years";"S Other service activities etc.";18;10;4;7;1
"Total sex";"2024";"Self-employed";"16-19 years";"X Activity not stated";4;0;1;0;2
"Total sex";"2024";"Self-employed";"20-24 years";"A Agriculture, forestry and fishing";15;33;50;54;45
"Total sex";"2024";"Self-employed";"20-24 years";"B Mining and quarrying";0;0;0;0;0
"Total sex";"2024";"Self-employed";"20-24 years";"CA Manufacture of food products, beverages and tobacco";6;2;3;5;1
"Total sex";"2024";"Self-employed";"20-24 years";"CB Textiles and leather products";11;0;3;3;1
"Total sex";"2024";"Self-employed";"20-24 years";"CC Wood and paper products and printing";5;0;3;1;1
"Total sex";"2024";"Self-employed";"20-24 years";"CD Oil refinery etc.";0;0;0;0;0
"Total sex";"2024";"Self-employed";"20-24 years";"CE Manufacture of chemicals";0;0;1;1;0
"Total sex";"2024";"Self-employed";"20-24 years";"CF Pharmaceuticals";0;0;0;0;0
"Total sex";"2024";"Self-employed";"20-24 years";"CG Manufacture of plastic, glass and concrete";1;0;1;0;2
"Total sex";"2024";"Self-employed";"20-24 years";"CH Basic metals and fabricated metal products";4;5;4;8;4
"Total sex";"2024";"Self-employed";"20-24 years";"CI Manufacture of electronic components";0;0;0;1;1
"Total sex";"2024";"Self-employed";"20-24 years";"CJ Electrical equipment";2;0;0;1;0
"Total sex";"2024";"Self-employed";"20-24 years";"CK Manufacture of machinery";0;1;0;1;0
"Total sex";"2024";"Self-employed";"20-24 years";"CL Transport equipment";0;0;0;0;1
"Total sex";"2024";"Self-employed";"20-24 years";"CM Manufacture of funiture and other manufacturing";15;5;10;19;9
"Total sex";"2024";"Self-employed";"20-24 years";"D Electricity, gas, steam and air conditioning supply";0;0;0;0;1
"Total sex";"2024";"Self-employed";"20-24 years";"E Water supply, sewerage and waste management";0;1;1;0;0
"Total sex";"2024";"Self-employed";"20-24 years";"F Construction";143;97;74;118;36
"Total sex";"2024";"Self-employed";"20-24 years";"G Wholesale and retail trade";167;57;91;137;45
"Total sex";"2024";"Self-employed";"20-24 years";"H Transportation";61;19;22;25;13
"Total sex";"2024";"Self-employed";"20-24 years";"I Accommodation and food service activities";42;14;55;58;21
"Total sex";"2024";"Self-employed";"20-24 years";"JA Publishing, television and radio broadcasting";124;27;40;53;12
"Total sex";"2024";"Self-employed";"20-24 years";"JB Telecommunications";0;0;0;0;0
"Total sex";"2024";"Self-employed";"20-24 years";"JC IT and information service activities";78;9;21;34;11
"Total sex";"2024";"Self-employed";"20-24 years";"K Financial and insurance";46;5;3;15;1
"Total sex";"2024";"Self-employed";"20-24 years";"L Real estate activities";8;0;2;3;1
"Total sex";"2024";"Self-employed";"20-24 years";"MA Consultancy etc.";43;4;11;8;7
"Total sex";"2024";"Self-employed";"20-24 years";"MB Scientific research and development";0;0;0;2;0
"Total sex";"2024";"Self-employed";"20-24 years";"MC Advertising and other business services";218;53;103;143;51
"Total sex";"2024";"Self-employed";"20-24 years";"N Travel agent, cleaning, and other operationel services";198;115;118;152;45
"Total sex";"2024";"Self-employed";"20-24 years";"O Public administration, defence and compulsory social security";0;0;0;0;0
"Total sex";"2024";"Self-employed";"20-24 years";"P Education";24;9;14;23;4
"Total sex";"2024";"Self-employed";"20-24 years";"QA Human health activities";13;4;6;1;3
"Total sex";"2024";"Self-employed";"20-24 years";"QB Residential care";6;3;1;0;0
"Total sex";"2024";"Self-employed";"20-24 years";"R Arts, entertainment and recreation activities";111;22;36;44;18
"Total sex";"2024";"Self-employed";"20-24 years";"S Other service activities etc.";156;59;90;75;28
"Total sex";"2024";"Self-employed";"20-24 years";"X Activity not stated";16;1;3;10;2
"Total sex";"2024";"Self-employed";"25-29 years";"A Agriculture, forestry and fishing";29;63;140;145;85
"Total sex";"2024";"Self-employed";"25-29 years";"B Mining and quarrying";0;0;0;0;0
"Total sex";"2024";"Self-employed";"25-29 years";"CA Manufacture of food products, beverages and tobacco";11;3;4;13;4
"Total sex";"2024";"Self-employed";"25-29 years";"CB Textiles and leather products";22;3;3;2;2
"Total sex";"2024";"Self-employed";"25-29 years";"CC Wood and paper products and printing";0;0;1;4;0
"Total sex";"2024";"Self-employed";"25-29 years";"CD Oil refinery etc.";0;0;0;0;1
"Total sex";"2024";"Self-employed";"25-29 years";"CE Manufacture of chemicals";1;0;0;1;0
"Total sex";"2024";"Self-employed";"25-29 years";"CF Pharmaceuticals";0;0;0;0;0
"Total sex";"2024";"Self-employed";"25-29 years";"CG Manufacture of plastic, glass and concrete";6;0;3;7;2
"Total sex";"2024";"Self-employed";"25-29 years";"CH Basic metals and fabricated metal products";5;7;11;10;5
"Total sex";"2024";"Self-employed";"25-29 years";"CI Manufacture of electronic components";0;0;0;0;0
"Total sex";"2024";"Self-employed";"25-29 years";"CJ Electrical equipment";0;0;0;0;0
"Total sex";"2024";"Self-employed";"25-29 years";"CK Manufacture of machinery";1;1;0;1;1
"Total sex";"2024";"Self-employed";"25-29 years";"CL Transport equipment";2;0;0;0;0
"Total sex";"2024";"Self-employed";"25-29 years";"CM Manufacture of funiture and other manufacturing";46;22;23;26;26
"Total sex";"2024";"Self-employed";"25-29 years";"D Electricity, gas, steam and air conditioning supply";0;0;0;2;0
"Total sex";"2024";"Self-employed";"25-29 years";"E Water supply, sewerage and waste management";3;3;0;0;0
"Total sex";"2024";"Self-employed";"25-29 years";"F Construction";289;252;162;225;101
"Total sex";"2024";"Self-employed";"25-29 years";"G Wholesale and retail trade";145;82;117;168;60
"Total sex";"2024";"Self-employed";"25-29 years";"H Transportation";92;32;41;57;25
"Total sex";"2024";"Self-employed";"25-29 years";"I Accommodation and food service activities";87;25;56;79;24
"Total sex";"2024";"Self-employed";"25-29 years";"JA Publishing, television and radio broadcasting";258;25;34;91;19
"Total sex";"2024";"Self-employed";"25-29 years";"JB Telecommunications";0;0;0;0;1
"Total sex";"2024";"Self-employed";"25-29 years";"JC IT and information service activities";110;16;39;66;22
"Total sex";"2024";"Self-employed";"25-29 years";"K Financial and insurance";53;9;6;25;0
"Total sex";"2024";"Self-employed";"25-29 years";"L Real estate activities";19;12;4;17;11
"Total sex";"2024";"Self-employed";"25-29 years";"MA Consultancy etc.";151;20;20;36;14
"Total sex";"2024";"Self-employed";"25-29 years";"MB Scientific research and development";3;0;1;0;1
"Total sex";"2024";"Self-employed";"25-29 years";"MC Advertising and other business services";410;59;106;151;37
"Total sex";"2024";"Self-employed";"25-29 years";"N Travel agent, cleaning, and other operationel services";293;142;152;137;83
"Total sex";"2024";"Self-employed";"25-29 years";"O Public administration, defence and compulsory social security";0;0;0;0;0
"Total sex";"2024";"Self-employed";"25-29 years";"P Education";110;25;24;37;17
"Total sex";"2024";"Self-employed";"25-29 years";"QA Human health activities";210;55;76;93;40
"Total sex";"2024";"Self-employed";"25-29 years";"QB Residential care";3;4;3;1;1
"Total sex";"2024";"Self-employed";"25-29 years";"R Arts, entertainment and recreation activities";364;41;60;90;22
"Total sex";"2024";"Self-employed";"25-29 years";"S Other service activities etc.";360;134;176;158;83
"Total sex";"2024";"Self-employed";"25-29 years";"X Activity not stated";32;2;4;18;4
"Total sex";"2024";"Self-employed";"30-34 years";"A Agriculture, forestry and fishing";55;111;218;204;136
"Total sex";"2024";"Self-employed";"30-34 years";"B Mining and quarrying";0;0;0;2;0
"Total sex";"2024";"Self-employed";"30-34 years";"CA Manufacture of food products, beverages and tobacco";14;4;4;13;4
"Total sex";"2024";"Self-employed";"30-34 years";"CB Textiles and leather products";21;8;6;4;5
"Total sex";"2024";"Self-employed";"30-34 years";"CC Wood and paper products and printing";3;4;4;3;4
"Total sex";"2024";"Self-employed";"30-34 years";"CD Oil refinery etc.";0;0;0;0;0
"Total sex";"2024";"Self-employed";"30-34 years";"CE Manufacture of chemicals";0;0;1;0;1
"Total sex";"2024";"Self-employed";"30-34 years";"CF Pharmaceuticals";0;0;0;0;0
"Total sex";"2024";"Self-employed";"30-34 years";"CG Manufacture of plastic, glass and concrete";7;2;3;5;3
"Total sex";"2024";"Self-employed";"30-34 years";"CH Basic metals and fabricated metal products";10;12;19;20;7
"Total sex";"2024";"Self-employed";"30-34 years";"CI Manufacture of electronic components";0;0;0;0;0
"Total sex";"2024";"Self-employed";"30-34 years";"CJ Electrical equipment";0;0;1;1;0
"Total sex";"2024";"Self-employed";"30-34 years";"CK Manufacture of machinery";1;4;2;5;3
"Total sex";"2024";"Self-employed";"30-34 years";"CL Transport equipment";2;0;1;3;0
"Total sex";"2024";"Self-employed";"30-34 years";"CM Manufacture of funiture and other manufacturing";62;27;55;55;32
"Total sex";"2024";"Self-employed";"30-34 years";"D Electricity, gas, steam and air conditioning supply";0;1;0;3;3
"Total sex";"2024";"Self-employed";"30-34 years";"E Water supply, sewerage and waste management";0;1;2;0;0
"Total sex";"2024";"Self-employed";"30-34 years";"F Construction";389;317;247;268;155
"Total sex";"2024";"Self-employed";"30-34 years";"G Wholesale and retail trade";234;107;175;192;81
"Total sex";"2024";"Self-employed";"30-34 years";"H Transportation";114;43;45;82;38
"Total sex";"2024";"Self-employed";"30-34 years";"I Accommodation and food service activities";98;56;106;95;42
"Total sex";"2024";"Self-employed";"30-34 years";"JA Publishing, television and radio broadcasting";310;31;28;73;22
"Total sex";"2024";"Self-employed";"30-34 years";"JB Telecommunications";0;1;0;0;0
"Total sex";"2024";"Self-employed";"30-34 years";"JC IT and information service activities";191;37;38;49;23
"Total sex";"2024";"Self-employed";"30-34 years";"K Financial and insurance";41;8;7;8;5
"Total sex";"2024";"Self-employed";"30-34 years";"L Real estate activities";26;21;23;37;25
"Total sex";"2024";"Self-employed";"30-34 years";"MA Consultancy etc.";259;38;68;87;33
"Total sex";"2024";"Self-employed";"30-34 years";"MB Scientific research and development";9;0;1;3;1
"Total sex";"2024";"Self-employed";"30-34 years";"MC Advertising and other business services";535;102;129;173;57
"Total sex";"2024";"Self-employed";"30-34 years";"N Travel agent, cleaning, and other operationel services";354;171;186;196;93
"Total sex";"2024";"Self-employed";"30-34 years";"O Public administration, defence and compulsory social security";0;0;0;0;0
"Total sex";"2024";"Self-employed";"30-34 years";"P Education";201;48;51;84;23
"Total sex";"2024";"Self-employed";"30-34 years";"QA Human health activities";358;128;177;232;83
"Total sex";"2024";"Self-employed";"30-34 years";"QB Residential care";13;9;5;0;1
"Total sex";"2024";"Self-employed";"30-34 years";"R Arts, entertainment and recreation activities";444;37;74;119;30
"Total sex";"2024";"Self-employed";"30-34 years";"S Other service activities etc.";496;211;307;271;117
"Total sex";"2024";"Self-employed";"30-34 years";"X Activity not stated";44;7;7;17;8
"Total sex";"2024";"Self-employed";"35-39 years";"A Agriculture, forestry and fishing";39;134;274;192;135
"Total sex";"2024";"Self-employed";"35-39 years";"B Mining and quarrying";0;0;0;0;0
"Total sex";"2024";"Self-employed";"35-39 years";"CA Manufacture of food products, beverages and tobacco";21;8;7;8;8
"Total sex";"2024";"Self-employed";"35-39 years";"CB Textiles and leather products";25;10;11;9;1
"Total sex";"2024";"Self-employed";"35-39 years";"CC Wood and paper products and printing";8;2;8;3;1
"Total sex";"2024";"Self-employed";"35-39 years";"CD Oil refinery etc.";0;1;0;0;0
"Total sex";"2024";"Self-employed";"35-39 years";"CE Manufacture of chemicals";1;2;0;0;0
"Total sex";"2024";"Self-employed";"35-39 years";"CF Pharmaceuticals";1;0;0;0;0
"Total sex";"2024";"Self-employed";"35-39 years";"CG Manufacture of plastic, glass and concrete";16;2;8;12;4
"Total sex";"2024";"Self-employed";"35-39 years";"CH Basic metals and fabricated metal products";10;11;17;19;14
"Total sex";"2024";"Self-employed";"35-39 years";"CI Manufacture of electronic components";2;0;1;1;0
"Total sex";"2024";"Self-employed";"35-39 years";"CJ Electrical equipment";2;0;1;0;0
"Total sex";"2024";"Self-employed";"35-39 years";"CK Manufacture of machinery";0;6;6;3;2
"Total sex";"2024";"Self-employed";"35-39 years";"CL Transport equipment";1;1;0;1;1
"Total sex";"2024";"Self-employed";"35-39 years";"CM Manufacture of funiture and other manufacturing";69;34;38;54;25
"Total sex";"2024";"Self-employed";"35-39 years";"D Electricity, gas, steam and air conditioning supply";0;0;0;2;2
"Total sex";"2024";"Self-employed";"35-39 years";"E Water supply, sewerage and waste management";0;2;1;1;0
"Total sex";"2024";"Self-employed";"35-39 years";"F Construction";528;366;276;289;162
"Total sex";"2024";"Self-employed";"35-39 years";"G Wholesale and retail trade";291;143;190;215;89
"Total sex";"2024";"Self-employed";"35-39 years";"H Transportation";151;43;62;84;38
"Total sex";"2024";"Self-employed";"35-39 years";"I Accommodation and food service activities";164;78;112;135;66
"Total sex";"2024";"Self-employed";"35-39 years";"JA Publishing, television and radio broadcasting";285;36;31;51;20
"Total sex";"2024";"Self-employed";"35-39 years";"JB Telecommunications";3;1;1;1;0
"Total sex";"2024";"Self-employed";"35-39 years";"JC IT and information service activities";226;49;43;69;24
"Total sex";"2024";"Self-employed";"35-39 years";"K Financial and insurance";23;12;5;12;6
"Total sex";"2024";"Self-employed";"35-39 years";"L Real estate activities";22;17;30;34;19
"Total sex";"2024";"Self-employed";"35-39 years";"MA Consultancy etc.";357;76;101;150;49
"Total sex";"2024";"Self-employed";"35-39 years";"MB Scientific research and development";9;1;3;1;2
"Total sex";"2024";"Self-employed";"35-39 years";"MC Advertising and other business services";489;83;151;181;61
"Total sex";"2024";"Self-employed";"35-39 years";"N Travel agent, cleaning, and other operationel services";381;173;187;180;84
"Total sex";"2024";"Self-employed";"35-39 years";"O Public administration, defence and compulsory social security";2;1;0;0;0
"Total sex";"2024";"Self-employed";"35-39 years";"P Education";248;51;66;100;25
"Total sex";"2024";"Self-employed";"35-39 years";"QA Human health activities";421;164;251;292;114
"Total sex";"2024";"Self-employed";"35-39 years";"QB Residential care";23;15;6;5;5
"Total sex";"2024";"Self-employed";"35-39 years";"R Arts, entertainment and recreation activities";445;63;71;103;32
"Total sex";"2024";"Self-employed";"35-39 years";"S Other service activities etc.";569;228;318;324;145
"Total sex";"2024";"Self-employed";"35-39 years";"X Activity not stated";111;16;17;27;14
"Total sex";"2024";"Self-employed";"40-44 years";"A Agriculture, forestry and fishing";52;155;297;259;169
"Total sex";"2024";"Self-employed";"40-44 years";"B Mining and quarrying";2;0;1;0;0
"Total sex";"2024";"Self-employed";"40-44 years";"CA Manufacture of food products, beverages and tobacco";16;6;12;8;9
"Total sex";"2024";"Self-employed";"40-44 years";"CB Textiles and leather products";24;7;14;11;3
"Total sex";"2024";"Self-employed";"40-44 years";"CC Wood and paper products and printing";7;1;5;5;0
"Total sex";"2024";"Self-employed";"40-44 years";"CD Oil refinery etc.";0;0;0;0;0
"Total sex";"2024";"Self-employed";"40-44 years";"CE Manufacture of chemicals";2;1;1;1;0
"Total sex";"2024";"Self-employed";"40-44 years";"CF Pharmaceuticals";0;0;0;0;0
"Total sex";"2024";"Self-employed";"40-44 years";"CG Manufacture of plastic, glass and concrete";11;7;6;4;2
"Total sex";"2024";"Self-employed";"40-44 years";"CH Basic metals and fabricated metal products";11;13;23;19;11
"Total sex";"2024";"Self-employed";"40-44 years";"CI Manufacture of electronic components";1;0;1;1;0
"Total sex";"2024";"Self-employed";"40-44 years";"CJ Electrical equipment";0;0;2;0;1
"Total sex";"2024";"Self-employed";"40-44 years";"CK Manufacture of machinery";3;4;8;5;3
"Total sex";"2024";"Self-employed";"40-44 years";"CL Transport equipment";2;0;1;2;0
"Total sex";"2024";"Self-employed";"40-44 years";"CM Manufacture of funiture and other manufacturing";76;46;49;41;28
"Total sex";"2024";"Self-employed";"40-44 years";"D Electricity, gas, steam and air conditioning supply";0;0;1;0;3
"Total sex";"2024";"Self-employed";"40-44 years";"E Water supply, sewerage and waste management";1;2;1;2;0
"Total sex";"2024";"Self-employed";"40-44 years";"F Construction";494;336;327;302;168
"Total sex";"2024";"Self-employed";"40-44 years";"G Wholesale and retail trade";354;186;261;305;144
"Total sex";"2024";"Self-employed";"40-44 years";"H Transportation";169;52;48;58;21
"Total sex";"2024";"Self-employed";"40-44 years";"I Accommodation and food service activities";184;90;185;140;61
"Total sex";"2024";"Self-employed";"40-44 years";"JA Publishing, television and radio broadcasting";249;29;33;51;10
"Total sex";"2024";"Self-employed";"40-44 years";"JB Telecommunications";4;1;1;1;0
"Total sex";"2024";"Self-employed";"40-44 years";"JC IT and information service activities";243;63;61;90;28
"Total sex";"2024";"Self-employed";"40-44 years";"K Financial and insurance";24;8;10;11;4
"Total sex";"2024";"Self-employed";"40-44 years";"L Real estate activities";47;36;60;70;21
"Total sex";"2024";"Self-employed";"40-44 years";"MA Consultancy etc.";461;98;143;231;62
"Total sex";"2024";"Self-employed";"40-44 years";"MB Scientific research and development";13;5;1;1;1
"Total sex";"2024";"Self-employed";"40-44 years";"MC Advertising and other business services";489;85;141;200;37
"Total sex";"2024";"Self-employed";"40-44 years";"N Travel agent, cleaning, and other operationel services";360;159;243;231;110
"Total sex";"2024";"Self-employed";"40-44 years";"O Public administration, defence and compulsory social security";0;1;0;0;0
"Total sex";"2024";"Self-employed";"40-44 years";"P Education";240;79;93;109;25
"Total sex";"2024";"Self-employed";"40-44 years";"QA Human health activities";713;228;350;498;177
"Total sex";"2024";"Self-employed";"40-44 years";"QB Residential care";31;20;7;7;9
"Total sex";"2024";"Self-employed";"40-44 years";"R Arts, entertainment and recreation activities";389;75;73;93;21
"Total sex";"2024";"Self-employed";"40-44 years";"S Other service activities etc.";502;200;348;300;124
"Total sex";"2024";"Self-employed";"40-44 years";"X Activity not stated";157;29;43;56;25
"Total sex";"2024";"Self-employed";"45-49 years";"A Agriculture, forestry and fishing";82;214;412;401;245
"Total sex";"2024";"Self-employed";"45-49 years";"B Mining and quarrying";0;0;0;0;0
"Total sex";"2024";"Self-employed";"45-49 years";"CA Manufacture of food products, beverages and tobacco";18;13;15;8;9
"Total sex";"2024";"Self-employed";"45-49 years";"CB Textiles and leather products";33;13;22;13;9
"Total sex";"2024";"Self-employed";"45-49 years";"CC Wood and paper products and printing";15;5;7;14;0
"Total sex";"2024";"Self-employed";"45-49 years";"CD Oil refinery etc.";0;0;0;0;0
"Total sex";"2024";"Self-employed";"45-49 years";"CE Manufacture of chemicals";3;0;2;1;1
"Total sex";"2024";"Self-employed";"45-49 years";"CF Pharmaceuticals";1;0;0;0;0
"Total sex";"2024";"Self-employed";"45-49 years";"CG Manufacture of plastic, glass and concrete";8;5;7;13;6
"Total sex";"2024";"Self-employed";"45-49 years";"CH Basic metals and fabricated metal products";4;17;24;31;13
"Total sex";"2024";"Self-employed";"45-49 years";"CI Manufacture of electronic components";1;2;2;1;0
"Total sex";"2024";"Self-employed";"45-49 years";"CJ Electrical equipment";2;0;1;1;0
"Total sex";"2024";"Self-employed";"45-49 years";"CK Manufacture of machinery";1;4;9;11;3
"Total sex";"2024";"Self-employed";"45-49 years";"CL Transport equipment";2;2;1;2;0
"Total sex";"2024";"Self-employed";"45-49 years";"CM Manufacture of funiture and other manufacturing";89;40;61;64;33
"Total sex";"2024";"Self-employed";"45-49 years";"D Electricity, gas, steam and air conditioning supply";0;2;1;7;5
"Total sex";"2024";"Self-employed";"45-49 years";"E Water supply, sewerage and waste management";0;2;3;7;2
"Total sex";"2024";"Self-employed";"45-49 years";"F Construction";508;405;341;320;149
"Total sex";"2024";"Self-employed";"45-49 years";"G Wholesale and retail trade";478;263;394;404;220
"Total sex";"2024";"Self-employed";"45-49 years";"H Transportation";180;50;72;96;38
"Total sex";"2024";"Self-employed";"45-49 years";"I Accommodation and food service activities";246;109;188;190;91
"Total sex";"2024";"Self-employed";"45-49 years";"JA Publishing, television and radio broadcasting";257;38;29;46;8
"Total sex";"2024";"Self-employed";"45-49 years";"JB Telecommunications";0;0;3;0;0
"Total sex";"2024";"Self-employed";"45-49 years";"JC IT and information service activities";410;74;79;136;33
"Total sex";"2024";"Self-employed";"45-49 years";"K Financial and insurance";23;9;13;14;8
"Total sex";"2024";"Self-employed";"45-49 years";"L Real estate activities";64;40;66;109;45
"Total sex";"2024";"Self-employed";"45-49 years";"MA Consultancy etc.";774;209;205;269;72
"Total sex";"2024";"Self-employed";"45-49 years";"MB Scientific research and development";15;3;3;1;1
"Total sex";"2024";"Self-employed";"45-49 years";"MC Advertising and other business services";608;128;185;241;63
"Total sex";"2024";"Self-employed";"45-49 years";"N Travel agent, cleaning, and other operationel services";437;245;241;239;112
"Total sex";"2024";"Self-employed";"45-49 years";"O Public administration, defence and compulsory social security";3;1;1;1;0
"Total sex";"2024";"Self-employed";"45-49 years";"P Education";308;97;108;127;39
"Total sex";"2024";"Self-employed";"45-49 years";"QA Human health activities";966;327;508;633;253
"Total sex";"2024";"Self-employed";"45-49 years";"QB Residential care";47;18;15;16;9
"Total sex";"2024";"Self-employed";"45-49 years";"R Arts, entertainment and recreation activities";411;82;80;102;31
"Total sex";"2024";"Self-employed";"45-49 years";"S Other service activities etc.";549;212;323;358;165
"Total sex";"2024";"Self-employed";"45-49 years";"X Activity not stated";237;46;43;71;35
"Total sex";"2024";"Self-employed";"50-54 years";"A Agriculture, forestry and fishing";113;286;506;477;306
"Total sex";"2024";"Self-employed";"50-54 years";"B Mining and quarrying";1;0;4;1;2
"Total sex";"2024";"Self-employed";"50-54 years";"CA Manufacture of food products, beverages and tobacco";26;17;21;15;12
"Total sex";"2024";"Self-employed";"50-54 years";"CB Textiles and leather products";27;8;18;18;4
"Total sex";"2024";"Self-employed";"50-54 years";"CC Wood and paper products and printing";14;7;9;11;4
"Total sex";"2024";"Self-employed";"50-54 years";"CD Oil refinery etc.";0;0;0;0;0
"Total sex";"2024";"Self-employed";"50-54 years";"CE Manufacture of chemicals";1;0;0;1;1
"Total sex";"2024";"Self-employed";"50-54 years";"CF Pharmaceuticals";2;1;1;0;1
"Total sex";"2024";"Self-employed";"50-54 years";"CG Manufacture of plastic, glass and concrete";18;3;8;5;11
"Total sex";"2024";"Self-employed";"50-54 years";"CH Basic metals and fabricated metal products";16;30;38;40;19
"Total sex";"2024";"Self-employed";"50-54 years";"CI Manufacture of electronic components";1;0;2;3;0
"Total sex";"2024";"Self-employed";"50-54 years";"CJ Electrical equipment";0;1;3;1;0
"Total sex";"2024";"Self-employed";"50-54 years";"CK Manufacture of machinery";7;8;7;9;3
"Total sex";"2024";"Self-employed";"50-54 years";"CL Transport equipment";2;0;5;3;1
"Total sex";"2024";"Self-employed";"50-54 years";"CM Manufacture of funiture and other manufacturing";80;56;80;68;40
"Total sex";"2024";"Self-employed";"50-54 years";"D Electricity, gas, steam and air conditioning supply";1;2;1;11;5
"Total sex";"2024";"Self-employed";"50-54 years";"E Water supply, sewerage and waste management";2;1;6;4;2
"Total sex";"2024";"Self-employed";"50-54 years";"F Construction";537;393;354;356;185
"Total sex";"2024";"Self-employed";"50-54 years";"G Wholesale and retail trade";622;312;475;479;232
"Total sex";"2024";"Self-employed";"50-54 years";"H Transportation";202;80;109;109;44
"Total sex";"2024";"Self-employed";"50-54 years";"I Accommodation and food service activities";295;143;197;189;94
"Total sex";"2024";"Self-employed";"50-54 years";"JA Publishing, television and radio broadcasting";259;21;42;33;17
"Total sex";"2024";"Self-employed";"50-54 years";"JB Telecommunications";1;1;1;0;0
"Total sex";"2024";"Self-employed";"50-54 years";"JC IT and information service activities";451;115;94;134;39
"Total sex";"2024";"Self-employed";"50-54 years";"K Financial and insurance";22;8;9;18;8
"Total sex";"2024";"Self-employed";"50-54 years";"L Real estate activities";85;54;87;125;47
"Total sex";"2024";"Self-employed";"50-54 years";"MA Consultancy etc.";938;234;243;371;97
"Total sex";"2024";"Self-employed";"50-54 years";"MB Scientific research and development";10;2;1;5;1
"Total sex";"2024";"Self-employed";"50-54 years";"MC Advertising and other business services";644;132;179;223;57
"Total sex";"2024";"Self-employed";"50-54 years";"N Travel agent, cleaning, and other operationel services";452;275;313;279;114
"Total sex";"2024";"Self-employed";"50-54 years";"O Public administration, defence and compulsory social security";5;2;1;3;1
"Total sex";"2024";"Self-employed";"50-54 years";"P Education";329;137;115;151;49
"Total sex";"2024";"Self-employed";"50-54 years";"QA Human health activities";1117;414;603;659;227
"Total sex";"2024";"Self-employed";"50-54 years";"QB Residential care";57;21;21;19;14
"Total sex";"2024";"Self-employed";"50-54 years";"R Arts, entertainment and recreation activities";359;51;99;118;33
"Total sex";"2024";"Self-employed";"50-54 years";"S Other service activities etc.";512;230;318;362;158
"Total sex";"2024";"Self-employed";"50-54 years";"X Activity not stated";266;60;54;80;35
"Total sex";"2024";"Self-employed";"55-59 years";"A Agriculture, forestry and fishing";173;384;808;744;420
"Total sex";"2024";"Self-employed";"55-59 years";"B Mining and quarrying";2;1;4;0;1
"Total sex";"2024";"Self-employed";"55-59 years";"CA Manufacture of food products, beverages and tobacco";24;19;21;15;20
"Total sex";"2024";"Self-employed";"55-59 years";"CB Textiles and leather products";46;9;20;16;12
"Total sex";"2024";"Self-employed";"55-59 years";"CC Wood and paper products and printing";14;11;12;15;11
"Total sex";"2024";"Self-employed";"55-59 years";"CD Oil refinery etc.";0;0;0;0;0
"Total sex";"2024";"Self-employed";"55-59 years";"CE Manufacture of chemicals";2;1;3;0;0
"Total sex";"2024";"Self-employed";"55-59 years";"CF Pharmaceuticals";2;0;0;0;0
"Total sex";"2024";"Self-employed";"55-59 years";"CG Manufacture of plastic, glass and concrete";18;9;9;10;10
"Total sex";"2024";"Self-employed";"55-59 years";"CH Basic metals and fabricated metal products";16;25;36;29;21
"Total sex";"2024";"Self-employed";"55-59 years";"CI Manufacture of electronic components";0;1;0;1;1
"Total sex";"2024";"Self-employed";"55-59 years";"CJ Electrical equipment";0;0;3;2;0
"Total sex";"2024";"Self-employed";"55-59 years";"CK Manufacture of machinery";3;11;8;11;5
"Total sex";"2024";"Self-employed";"55-59 years";"CL Transport equipment";1;0;3;1;0
"Total sex";"2024";"Self-employed";"55-59 years";"CM Manufacture of funiture and other manufacturing";75;69;90;78;55
"Total sex";"2024";"Self-employed";"55-59 years";"D Electricity, gas, steam and air conditioning supply";1;2;7;12;10
"Total sex";"2024";"Self-employed";"55-59 years";"E Water supply, sewerage and waste management";4;5;2;1;1
"Total sex";"2024";"Self-employed";"55-59 years";"F Construction";603;410;366;357;172
"Total sex";"2024";"Self-employed";"55-59 years";"G Wholesale and retail trade";729;390;561;599;279
"Total sex";"2024";"Self-employed";"55-59 years";"H Transportation";289;113;120;124;59
"Total sex";"2024";"Self-employed";"55-59 years";"I Accommodation and food service activities";307;166;208;192;103
"Total sex";"2024";"Self-employed";"55-59 years";"JA Publishing, television and radio broadcasting";160;19;24;29;12
"Total sex";"2024";"Self-employed";"55-59 years";"JB Telecommunications";1;2;2;1;0
"Total sex";"2024";"Self-employed";"55-59 years";"JC IT and information service activities";403;121;97;126;31
"Total sex";"2024";"Self-employed";"55-59 years";"K Financial and insurance";22;18;17;21;10
"Total sex";"2024";"Self-employed";"55-59 years";"L Real estate activities";115;73;144;160;62
"Total sex";"2024";"Self-employed";"55-59 years";"MA Consultancy etc.";1076;312;300;402;126
"Total sex";"2024";"Self-employed";"55-59 years";"MB Scientific research and development";13;4;2;4;1
"Total sex";"2024";"Self-employed";"55-59 years";"MC Advertising and other business services";581;140;164;209;57
"Total sex";"2024";"Self-employed";"55-59 years";"N Travel agent, cleaning, and other operationel services";460;291;300;287;129
"Total sex";"2024";"Self-employed";"55-59 years";"O Public administration, defence and compulsory social security";2;2;1;2;1
"Total sex";"2024";"Self-employed";"55-59 years";"P Education";271;124;112;160;44
"Total sex";"2024";"Self-employed";"55-59 years";"QA Human health activities";1015;387;557;588;233
"Total sex";"2024";"Self-employed";"55-59 years";"QB Residential care";44;22;14;16;12
"Total sex";"2024";"Self-employed";"55-59 years";"R Arts, entertainment and recreation activities";277;65;71;81;33
"Total sex";"2024";"Self-employed";"55-59 years";"S Other service activities etc.";519;243;326;323;149
"Total sex";"2024";"Self-employed";"55-59 years";"X Activity not stated";253;47;91;85;38
"Total sex";"2024";"Self-employed";"60-64 years";"A Agriculture, forestry and fishing";214;515;934;988;614
"Total sex";"2024";"Self-employed";"60-64 years";"B Mining and quarrying";3;3;2;4;3
"Total sex";"2024";"Self-employed";"60-64 years";"CA Manufacture of food products, beverages and tobacco";12;8;17;15;14
"Total sex";"2024";"Self-employed";"60-64 years";"CB Textiles and leather products";28;17;21;20;11
"Total sex";"2024";"Self-employed";"60-64 years";"CC Wood and paper products and printing";16;9;11;15;5
"Total sex";"2024";"Self-employed";"60-64 years";"CD Oil refinery etc.";0;0;0;0;0
"Total sex";"2024";"Self-employed";"60-64 years";"CE Manufacture of chemicals";5;2;1;2;0
"Total sex";"2024";"Self-employed";"60-64 years";"CF Pharmaceuticals";1;0;0;0;0
"Total sex";"2024";"Self-employed";"60-64 years";"CG Manufacture of plastic, glass and concrete";18;13;14;13;9
"Total sex";"2024";"Self-employed";"60-64 years";"CH Basic metals and fabricated metal products";27;20;27;28;9
"Total sex";"2024";"Self-employed";"60-64 years";"CI Manufacture of electronic components";4;2;2;2;1
"Total sex";"2024";"Self-employed";"60-64 years";"CJ Electrical equipment";2;3;2;1;1
"Total sex";"2024";"Self-employed";"60-64 years";"CK Manufacture of machinery";4;5;13;10;3
"Total sex";"2024";"Self-employed";"60-64 years";"CL Transport equipment";3;1;3;1;0
"Total sex";"2024";"Self-employed";"60-64 years";"CM Manufacture of funiture and other manufacturing";69;57;83;87;29
"Total sex";"2024";"Self-employed";"60-64 years";"D Electricity, gas, steam and air conditioning supply";1;2;14;21;21
"Total sex";"2024";"Self-employed";"60-64 years";"E Water supply, sewerage and waste management";4;5;7;6;5
"Total sex";"2024";"Self-employed";"60-64 years";"F Construction";501;382;318;294;177
"Total sex";"2024";"Self-employed";"60-64 years";"G Wholesale and retail trade";641;378;493;525;226
"Total sex";"2024";"Self-employed";"60-64 years";"H Transportation";242;128;145;161;83
"Total sex";"2024";"Self-employed";"60-64 years";"I Accommodation and food service activities";230;110;181;149;84
"Total sex";"2024";"Self-employed";"60-64 years";"JA Publishing, television and radio broadcasting";102;20;22;27;5
"Total sex";"2024";"Self-employed";"60-64 years";"JB Telecommunications";1;0;1;2;0
"Total sex";"2024";"Self-employed";"60-64 years";"JC IT and information service activities";293;95;71;103;23
"Total sex";"2024";"Self-employed";"60-64 years";"K Financial and insurance";35;11;20;22;6
"Total sex";"2024";"Self-employed";"60-64 years";"L Real estate activities";155;93;210;203;68
"Total sex";"2024";"Self-employed";"60-64 years";"MA Consultancy etc.";941;289;337;326;124
"Total sex";"2024";"Self-employed";"60-64 years";"MB Scientific research and development";13;2;1;6;3
"Total sex";"2024";"Self-employed";"60-64 years";"MC Advertising and other business services";422;98;134;186;52
"Total sex";"2024";"Self-employed";"60-64 years";"N Travel agent, cleaning, and other operationel services";404;292;301;286;112
"Total sex";"2024";"Self-employed";"60-64 years";"O Public administration, defence and compulsory social security";2;1;1;3;0
"Total sex";"2024";"Self-employed";"60-64 years";"P Education";216;88;105;107;34
"Total sex";"2024";"Self-employed";"60-64 years";"QA Human health activities";884;331;540;540;190
"Total sex";"2024";"Self-employed";"60-64 years";"QB Residential care";38;25;13;15;16
"Total sex";"2024";"Self-employed";"60-64 years";"R Arts, entertainment and recreation activities";238;67;63;82;27
"Total sex";"2024";"Self-employed";"60-64 years";"S Other service activities etc.";393;207;233;237;120
"Total sex";"2024";"Self-employed";"60-64 years";"X Activity not stated";188;82;102;122;47
"Total sex";"2024";"Self-employed";"65-66 years";"A Agriculture, forestry and fishing";76;254;409;455;255
"Total sex";"2024";"Self-employed";"65-66 years";"B Mining and quarrying";1;0;0;0;2
"Total sex";"2024";"Self-employed";"65-66 years";"CA Manufacture of food products, beverages and tobacco";1;5;3;8;0
"Total sex";"2024";"Self-employed";"65-66 years";"CB Textiles and leather products";9;6;7;6;2
"Total sex";"2024";"Self-employed";"65-66 years";"CC Wood and paper products and printing";10;6;9;5;2
"Total sex";"2024";"Self-employed";"65-66 years";"CD Oil refinery etc.";0;0;0;0;0
"Total sex";"2024";"Self-employed";"65-66 years";"CE Manufacture of chemicals";1;0;0;0;1
"Total sex";"2024";"Self-employed";"65-66 years";"CF Pharmaceuticals";0;0;0;1;0
"Total sex";"2024";"Self-employed";"65-66 years";"CG Manufacture of plastic, glass and concrete";0;5;4;3;1
"Total sex";"2024";"Self-employed";"65-66 years";"CH Basic metals and fabricated metal products";4;7;10;8;7
"Total sex";"2024";"Self-employed";"65-66 years";"CI Manufacture of electronic components";2;0;0;0;1
"Total sex";"2024";"Self-employed";"65-66 years";"CJ Electrical equipment";0;2;3;1;2
"Total sex";"2024";"Self-employed";"65-66 years";"CK Manufacture of machinery";4;2;4;6;4
"Total sex";"2024";"Self-employed";"65-66 years";"CL Transport equipment";0;2;2;0;1
"Total sex";"2024";"Self-employed";"65-66 years";"CM Manufacture of funiture and other manufacturing";18;11;15;22;9
"Total sex";"2024";"Self-employed";"65-66 years";"D Electricity, gas, steam and air conditioning supply";2;1;7;13;9
"Total sex";"2024";"Self-employed";"65-66 years";"E Water supply, sewerage and waste management";0;0;1;1;0
"Total sex";"2024";"Self-employed";"65-66 years";"F Construction";109;128;94;113;66
"Total sex";"2024";"Self-employed";"65-66 years";"G Wholesale and retail trade";188;104;160;153;87
"Total sex";"2024";"Self-employed";"65-66 years";"H Transportation";64;34;55;56;31
"Total sex";"2024";"Self-employed";"65-66 years";"I Accommodation and food service activities";50;27;40;49;30
"Total sex";"2024";"Self-employed";"65-66 years";"JA Publishing, television and radio broadcasting";27;4;7;13;6
"Total sex";"2024";"Self-employed";"65-66 years";"JB Telecommunications";0;0;0;0;0
"Total sex";"2024";"Self-employed";"65-66 years";"JC IT and information service activities";88;25;21;31;8
"Total sex";"2024";"Self-employed";"65-66 years";"K Financial and insurance";9;4;3;9;3
"Total sex";"2024";"Self-employed";"65-66 years";"L Real estate activities";60;57;107;81;52
"Total sex";"2024";"Self-employed";"65-66 years";"MA Consultancy etc.";334;95;117;133;47
"Total sex";"2024";"Self-employed";"65-66 years";"MB Scientific research and development";4;1;3;3;2
"Total sex";"2024";"Self-employed";"65-66 years";"MC Advertising and other business services";140;31;28;60;23
"Total sex";"2024";"Self-employed";"65-66 years";"N Travel agent, cleaning, and other operationel services";132;75;93;98;40
"Total sex";"2024";"Self-employed";"65-66 years";"O Public administration, defence and compulsory social security";1;0;0;1;0
"Total sex";"2024";"Self-employed";"65-66 years";"P Education";65;27;34;35;9
"Total sex";"2024";"Self-employed";"65-66 years";"QA Human health activities";222;94;149;168;54
"Total sex";"2024";"Self-employed";"65-66 years";"QB Residential care";7;4;2;1;4
"Total sex";"2024";"Self-employed";"65-66 years";"R Arts, entertainment and recreation activities";68;23;19;29;4
"Total sex";"2024";"Self-employed";"65-66 years";"S Other service activities etc.";71;54;68;59;19
"Total sex";"2024";"Self-employed";"65-66 years";"X Activity not stated";5;4;8;15;1
"Total sex";"2024";"Self-employed";"67 years and over";"A Agriculture, forestry and fishing";665;1997;3077;3671;2145
"Total sex";"2024";"Self-employed";"67 years and over";"B Mining and quarrying";1;2;7;4;5
"Total sex";"2024";"Self-employed";"67 years and over";"CA Manufacture of food products, beverages and tobacco";11;16;19;13;8
"Total sex";"2024";"Self-employed";"67 years and over";"CB Textiles and leather products";38;20;19;24;19
"Total sex";"2024";"Self-employed";"67 years and over";"CC Wood and paper products and printing";38;24;28;44;20
"Total sex";"2024";"Self-employed";"67 years and over";"CD Oil refinery etc.";1;0;0;0;0
"Total sex";"2024";"Self-employed";"67 years and over";"CE Manufacture of chemicals";3;1;1;3;0
"Total sex";"2024";"Self-employed";"67 years and over";"CF Pharmaceuticals";2;0;0;0;0
"Total sex";"2024";"Self-employed";"67 years and over";"CG Manufacture of plastic, glass and concrete";30;27;23;35;19
"Total sex";"2024";"Self-employed";"67 years and over";"CH Basic metals and fabricated metal products";30;34;52;44;30
"Total sex";"2024";"Self-employed";"67 years and over";"CI Manufacture of electronic components";12;4;3;4;3
"Total sex";"2024";"Self-employed";"67 years and over";"CJ Electrical equipment";3;7;8;6;1
"Total sex";"2024";"Self-employed";"67 years and over";"CK Manufacture of machinery";11;10;23;23;9
"Total sex";"2024";"Self-employed";"67 years and over";"CL Transport equipment";4;3;3;8;2
"Total sex";"2024";"Self-employed";"67 years and over";"CM Manufacture of funiture and other manufacturing";124;102;105;103;50
"Total sex";"2024";"Self-employed";"67 years and over";"D Electricity, gas, steam and air conditioning supply";16;50;65;117;100
"Total sex";"2024";"Self-employed";"67 years and over";"E Water supply, sewerage and waste management";4;9;8;9;5
"Total sex";"2024";"Self-employed";"67 years and over";"F Construction";420;424;368;484;238
"Total sex";"2024";"Self-employed";"67 years and over";"G Wholesale and retail trade";802;584;854;928;426
"Total sex";"2024";"Self-employed";"67 years and over";"H Transportation";260;141;156;204;87
"Total sex";"2024";"Self-employed";"67 years and over";"I Accommodation and food service activities";160;80;155;144;65
"Total sex";"2024";"Self-employed";"67 years and over";"JA Publishing, television and radio broadcasting";145;46;44;64;21
"Total sex";"2024";"Self-employed";"67 years and over";"JB Telecommunications";2;2;1;3;1
"Total sex";"2024";"Self-employed";"67 years and over";"JC IT and information service activities";309;94;96;116;45
"Total sex";"2024";"Self-employed";"67 years and over";"K Financial and insurance";54;13;27;41;12
"Total sex";"2024";"Self-employed";"67 years and over";"L Real estate activities";767;641;1171;1244;580
"Total sex";"2024";"Self-employed";"67 years and over";"MA Consultancy etc.";1634;579;638;717;277
"Total sex";"2024";"Self-employed";"67 years and over";"MB Scientific research and development";34;9;5;5;2
"Total sex";"2024";"Self-employed";"67 years and over";"MC Advertising and other business services";562;160;207;229;84
"Total sex";"2024";"Self-employed";"67 years and over";"N Travel agent, cleaning, and other operationel services";456;265;273;299;144
"Total sex";"2024";"Self-employed";"67 years and over";"O Public administration, defence and compulsory social security";10;0;2;0;3
"Total sex";"2024";"Self-employed";"67 years and over";"P Education";216;80;72;111;35
"Total sex";"2024";"Self-employed";"67 years and over";"QA Human health activities";876;319;415;496;202
"Total sex";"2024";"Self-employed";"67 years and over";"QB Residential care";21;17;8;13;5
"Total sex";"2024";"Self-employed";"67 years and over";"R Arts, entertainment and recreation activities";276;85;103;133;43
"Total sex";"2024";"Self-employed";"67 years and over";"S Other service activities etc.";258;143;210;212;86
"Total sex";"2024";"Self-employed";"67 years and over";"X Activity not stated";3;0;1;3;3
"Total sex";"2024";"Assisting spouses";"Under 16 years";"A Agriculture, forestry and fishing";0;0;0;0;0
"Total sex";"2024";"Assisting spouses";"Under 16 years";"B Mining and quarrying";0;0;0;0;0
"Total sex";"2024";"Assisting spouses";"Under 16 years";"CA Manufacture of food products, beverages and tobacco";0;0;0;0;0
"Total sex";"2024";"Assisting spouses";"Under 16 years";"CB Textiles and leather products";0;0;0;0;0
"Total sex";"2024";"Assisting spouses";"Under 16 years";"CC Wood and paper products and printing";0;0;0;0;0
"Total sex";"2024";"Assisting spouses";"Under 16 years";"CD Oil refinery etc.";0;0;0;0;0
"Total sex";"2024";"Assisting spouses";"Under 16 years";"CE Manufacture of chemicals";0;0;0;0;0
"Total sex";"2024";"Assisting spouses";"Under 16 years";"CF Pharmaceuticals";0;0;0;0;0
"Total sex";"2024";"Assisting spouses";"Under 16 years";"CG Manufacture of plastic, glass and concrete";0;0;0;0;0
"Total sex";"2024";"Assisting spouses";"Under 16 years";"CH Basic metals and fabricated metal products";0;0;0;0;0
"Total sex";"2024";"Assisting spouses";"Under 16 years";"CI Manufacture of electronic components";0;0;0;0;0
"Total sex";"2024";"Assisting spouses";"Under 16 years";"CJ Electrical equipment";0;0;0;0;0
"Total sex";"2024";"Assisting spouses";"Under 16 years";"CK Manufacture of machinery";0;0;0;0;0
"Total sex";"2024";"Assisting spouses";"Under 16 years";"CL Transport equipment";0;0;0;0;0
"Total sex";"2024";"Assisting spouses";"Under 16 years";"CM Manufacture of funiture and other manufacturing";0;0;0;0;0
"Total sex";"2024";"Assisting spouses";"Under 16 years";"D Electricity, gas, steam and air conditioning supply";0;0;0;0;0
"Total sex";"2024";"Assisting spouses";"Under 16 years";"E Water supply, sewerage and waste management";0;0;0;0;0
"Total sex";"2024";"Assisting spouses";"Under 16 years";"F Construction";0;0;0;0;0
"Total sex";"2024";"Assisting spouses";"Under 16 years";"G Wholesale and retail trade";0;0;0;0;0
"Total sex";"2024";"Assisting spouses";"Under 16 years";"H Transportation";0;0;0;0;0
"Total sex";"2024";"Assisting spouses";"Under 16 years";"I Accommodation and food service activities";0;0;0;0;0
"Total sex";"2024";"Assisting spouses";"Under 16 years";"JA Publishing, television and radio broadcasting";0;0;0;0;0
"Total sex";"2024";"Assisting spouses";"Under 16 years";"JB Telecommunications";0;0;0;0;0
"Total sex";"2024";"Assisting spouses";"Under 16 years";"JC IT and information service activities";0;0;0;0;0
"Total sex";"2024";"Assisting spouses";"Under 16 years";"K Financial and insurance";0;0;0;0;0
"Total sex";"2024";"Assisting spouses";"Under 16 years";"L Real estate activities";0;0;0;0;0
"Total sex";"2024";"Assisting spouses";"Under 16 years";"MA Consultancy etc.";0;0;0;0;0
"Total sex";"2024";"Assisting spouses";"Under 16 years";"MB Scientific research and development";0;0;0;0;0
"Total sex";"2024";"Assisting spouses";"Under 16 years";"MC Advertising and other business services";0;0;0;0;0
"Total sex";"2024";"Assisting spouses";"Under 16 years";"N Travel agent, cleaning, and other operationel services";0;0;0;0;0
"Total sex";"2024";"Assisting spouses";"Under 16 years";"O Public administration, defence and compulsory social security";0;0;0;0;0
"Total sex";"2024";"Assisting spouses";"Under 16 years";"P Education";0;0;0;0;0
"Total sex";"2024";"Assisting spouses";"Under 16 years";"QA Human health activities";0;0;0;0;0
"Total sex";"2024";"Assisting spouses";"Under 16 years";"QB Residential care";0;0;0;0;0
"Total sex";"2024";"Assisting spouses";"Under 16 years";"R Arts, entertainment and recreation activities";0;0;0;0;0
"Total sex";"2024";"Assisting spouses";"Under 16 years";"S Other service activities etc.";0;0;0;0;0
"Total sex";"2024";"Assisting spouses";"Under 16 years";"X Activity not stated";0;0;0;0;0
"Total sex";"2024";"Assisting spouses";"16-19 years";"A Agriculture, forestry and fishing";0;0;0;0;0
"Total sex";"2024";"Assisting spouses";"16-19 years";"B Mining and quarrying";0;0;0;0;0
"Total sex";"2024";"Assisting spouses";"16-19 years";"CA Manufacture of food products, beverages and tobacco";0;0;0;0;0
"Total sex";"2024";"Assisting spouses";"16-19 years";"CB Textiles and leather products";0;0;0;0;0
"Total sex";"2024";"Assisting spouses";"16-19 years";"CC Wood and paper products and printing";0;0;0;0;0
"Total sex";"2024";"Assisting spouses";"16-19 years";"CD Oil refinery etc.";0;0;0;0;0
"Total sex";"2024";"Assisting spouses";"16-19 years";"CE Manufacture of chemicals";0;0;0;0;0
"Total sex";"2024";"Assisting spouses";"16-19 years";"CF Pharmaceuticals";0;0;0;0;0
"Total sex";"2024";"Assisting spouses";"16-19 years";"CG Manufacture of plastic, glass and concrete";0;0;0;0;0
"Total sex";"2024";"Assisting spouses";"16-19 years";"CH Basic metals and fabricated metal products";0;0;0;0;0
"Total sex";"2024";"Assisting spouses";"16-19 years";"CI Manufacture of electronic components";0;0;0;0;0
"Total sex";"2024";"Assisting spouses";"16-19 years";"CJ Electrical equipment";0;0;0;0;0
"Total sex";"2024";"Assisting spouses";"16-19 years";"CK Manufacture of machinery";0;0;0;0;0
"Total sex";"2024";"Assisting spouses";"16-19 years";"CL Transport equipment";0;0;0;0;0
"Total sex";"2024";"Assisting spouses";"16-19 years";"CM Manufacture of funiture and other manufacturing";0;0;0;0;0
"Total sex";"2024";"Assisting spouses";"16-19 years";"D Electricity, gas, steam and air conditioning supply";0;0;0;0;0
"Total sex";"2024";"Assisting spouses";"16-19 years";"E Water supply, sewerage and waste management";0;0;0;0;0
"Total sex";"2024";"Assisting spouses";"16-19 years";"F Construction";0;0;0;0;0
"Total sex";"2024";"Assisting spouses";"16-19 years";"G Wholesale and retail trade";0;0;0;0;0
"Total sex";"2024";"Assisting spouses";"16-19 years";"H Transportation";0;0;0;0;0
"Total sex";"2024";"Assisting spouses";"16-19 years";"I Accommodation and food service activities";0;0;0;0;0
"Total sex";"2024";"Assisting spouses";"16-19 years";"JA Publishing, television and radio broadcasting";0;0;0;0;0
"Total sex";"2024";"Assisting spouses";"16-19 years";"JB Telecommunications";0;0;0;0;0
"Total sex";"2024";"Assisting spouses";"16-19 years";"JC IT and information service activities";0;0;0;0;0
"Total sex";"2024";"Assisting spouses";"16-19 years";"K Financial and insurance";0;0;0;0;0
"Total sex";"2024";"Assisting spouses";"16-19 years";"L Real estate activities";0;0;0;0;0
"Total sex";"2024";"Assisting spouses";"16-19 years";"MA Consultancy etc.";0;0;0;0;0
"Total sex";"2024";"Assisting spouses";"16-19 years";"MB Scientific research and development";0;0;0;0;0
"Total sex";"2024";"Assisting spouses";"16-19 years";"MC Advertising and other business services";0;0;0;0;0
"Total sex";"2024";"Assisting spouses";"16-19 years";"N Travel agent, cleaning, and other operationel services";0;0;0;0;0
"Total sex";"2024";"Assisting spouses";"16-19 years";"O Public administration, defence and compulsory social security";0;0;0;0;0
"Total sex";"2024";"Assisting spouses";"16-19 years";"P Education";0;0;0;0;0
"Total sex";"2024";"Assisting spouses";"16-19 years";"QA Human health activities";0;0;0;0;0
"Total sex";"2024";"Assisting spouses";"16-19 years";"QB Residential care";0;0;0;0;0
"Total sex";"2024";"Assisting spouses";"16-19 years";"R Arts, entertainment and recreation activities";0;0;0;0;0
"Total sex";"2024";"Assisting spouses";"16-19 years";"S Other service activities etc.";0;0;0;0;0
"Total sex";"2024";"Assisting spouses";"16-19 years";"X Activity not stated";0;0;0;0;0
"Total sex";"2024";"Assisting spouses";"20-24 years";"A Agriculture, forestry and fishing";0;0;0;0;0
"Total sex";"2024";"Assisting spouses";"20-24 years";"B Mining and quarrying";0;0;0;0;0
"Total sex";"2024";"Assisting spouses";"20-24 years";"CA Manufacture of food products, beverages and tobacco";0;0;0;0;0
"Total sex";"2024";"Assisting spouses";"20-24 years";"CB Textiles and leather products";0;0;0;0;0
"Total sex";"2024";"Assisting spouses";"20-24 years";"CC Wood and paper products and printing";0;0;0;0;0
"Total sex";"2024";"Assisting spouses";"20-24 years";"CD Oil refinery etc.";0;0;0;0;0
"Total sex";"2024";"Assisting spouses";"20-24 years";"CE Manufacture of chemicals";0;0;0;0;0
"Total sex";"2024";"Assisting spouses";"20-24 years";"CF Pharmaceuticals";0;0;0;0;0
"Total sex";"2024";"Assisting spouses";"20-24 years";"CG Manufacture of plastic, glass and concrete";0;0;0;0;0
"Total sex";"2024";"Assisting spouses";"20-24 years";"CH Basic metals and fabricated metal products";0;0;0;0;0
"Total sex";"2024";"Assisting spouses";"20-24 years";"CI Manufacture of electronic components";0;0;0;0;0
"Total sex";"2024";"Assisting spouses";"20-24 years";"CJ Electrical equipment";0;0;0;0;0
"Total sex";"2024";"Assisting spouses";"20-24 years";"CK Manufacture of machinery";0;0;0;0;0
"Total sex";"2024";"Assisting spouses";"20-24 years";"CL Transport equipment";0;0;0;0;0
"Total sex";"2024";"Assisting spouses";"20-24 years";"CM Manufacture of funiture and other manufacturing";0;0;0;0;0
"Total sex";"2024";"Assisting spouses";"20-24 years";"D Electricity, gas, steam and air conditioning supply";0;0;0;0;0
"Total sex";"2024";"Assisting spouses";"20-24 years";"E Water supply, sewerage and waste management";0;0;0;0;0
"Total sex";"2024";"Assisting spouses";"20-24 years";"F Construction";0;0;1;0;0
"Total sex";"2024";"Assisting spouses";"20-24 years";"G Wholesale and retail trade";0;0;0;0;0
"Total sex";"2024";"Assisting spouses";"20-24 years";"H Transportation";0;0;0;0;0
"Total sex";"2024";"Assisting spouses";"20-24 years";"I Accommodation and food service activities";0;0;0;0;0
"Total sex";"2024";"Assisting spouses";"20-24 years";"JA Publishing, television and radio broadcasting";0;0;0;0;0
"Total sex";"2024";"Assisting spouses";"20-24 years";"JB Telecommunications";0;0;0;0;0
"Total sex";"2024";"Assisting spouses";"20-24 years";"JC IT and information service activities";0;0;0;1;0
"Total sex";"2024";"Assisting spouses";"20-24 years";"K Financial and insurance";0;0;0;0;0
"Total sex";"2024";"Assisting spouses";"20-24 years";"L Real estate activities";0;0;0;0;0
"Total sex";"2024";"Assisting spouses";"20-24 years";"MA Consultancy etc.";0;0;0;0;0
"Total sex";"2024";"Assisting spouses";"20-24 years";"MB Scientific research and development";0;0;0;0;0
"Total sex";"2024";"Assisting spouses";"20-24 years";"MC Advertising and other business services";0;0;0;0;0
"Total sex";"2024";"Assisting spouses";"20-24 years";"N Travel agent, cleaning, and other operationel services";1;0;2;2;0
"Total sex";"2024";"Assisting spouses";"20-24 years";"O Public administration, defence and compulsory social security";0;0;0;0;0
"Total sex";"2024";"Assisting spouses";"20-24 years";"P Education";0;0;0;0;0
"Total sex";"2024";"Assisting spouses";"20-24 years";"QA Human health activities";0;0;0;0;0
"Total sex";"2024";"Assisting spouses";"20-24 years";"QB Residential care";0;0;0;0;0
"Total sex";"2024";"Assisting spouses";"20-24 years";"R Arts, entertainment and recreation activities";0;0;0;0;0
"Total sex";"2024";"Assisting spouses";"20-24 years";"S Other service activities etc.";0;0;0;0;0
"Total sex";"2024";"Assisting spouses";"20-24 years";"X Activity not stated";0;0;0;0;0
"Total sex";"2024";"Assisting spouses";"25-29 years";"A Agriculture, forestry and fishing";0;1;0;0;0
"Total sex";"2024";"Assisting spouses";"25-29 years";"B Mining and quarrying";0;0;0;0;0
"Total sex";"2024";"Assisting spouses";"25-29 years";"CA Manufacture of food products, beverages and tobacco";0;0;0;0;0
"Total sex";"2024";"Assisting spouses";"25-29 years";"CB Textiles and leather products";0;0;0;0;0
"Total sex";"2024";"Assisting spouses";"25-29 years";"CC Wood and paper products and printing";0;0;0;0;0
"Total sex";"2024";"Assisting spouses";"25-29 years";"CD Oil refinery etc.";0;0;0;0;0
"Total sex";"2024";"Assisting spouses";"25-29 years";"CE Manufacture of chemicals";0;0;0;0;0
"Total sex";"2024";"Assisting spouses";"25-29 years";"CF Pharmaceuticals";0;0;0;0;0
"Total sex";"2024";"Assisting spouses";"25-29 years";"CG Manufacture of plastic, glass and concrete";0;0;0;0;0
"Total sex";"2024";"Assisting spouses";"25-29 years";"CH Basic metals and fabricated metal products";0;0;0;0;0
"Total sex";"2024";"Assisting spouses";"25-29 years";"CI Manufacture of electronic components";0;0;0;0;0
"Total sex";"2024";"Assisting spouses";"25-29 years";"CJ Electrical equipment";0;0;0;0;0
"Total sex";"2024";"Assisting spouses";"25-29 years";"CK Manufacture of machinery";0;0;0;0;0
"Total sex";"2024";"Assisting spouses";"25-29 years";"CL Transport equipment";0;0;0;0;0
"Total sex";"2024";"Assisting spouses";"25-29 years";"CM Manufacture of funiture and other manufacturing";0;0;0;0;0
"Total sex";"2024";"Assisting spouses";"25-29 years";"D Electricity, gas, steam and air conditioning supply";0;0;0;0;0
"Total sex";"2024";"Assisting spouses";"25-29 years";"E Water supply, sewerage and waste management";0;0;0;0;0
"Total sex";"2024";"Assisting spouses";"25-29 years";"F Construction";2;1;0;1;0
"Total sex";"2024";"Assisting spouses";"25-29 years";"G Wholesale and retail trade";1;0;0;2;0
"Total sex";"2024";"Assisting spouses";"25-29 years";"H Transportation";1;1;0;0;0
"Total sex";"2024";"Assisting spouses";"25-29 years";"I Accommodation and food service activities";1;0;0;0;1
"Total sex";"2024";"Assisting spouses";"25-29 years";"JA Publishing, television and radio broadcasting";0;0;0;0;0
"Total sex";"2024";"Assisting spouses";"25-29 years";"JB Telecommunications";0;0;0;0;0
"Total sex";"2024";"Assisting spouses";"25-29 years";"JC IT and information service activities";2;1;0;0;0
"Total sex";"2024";"Assisting spouses";"25-29 years";"K Financial and insurance";0;0;0;0;0
"Total sex";"2024";"Assisting spouses";"25-29 years";"L Real estate activities";0;0;0;0;0
"Total sex";"2024";"Assisting spouses";"25-29 years";"MA Consultancy etc.";0;0;0;0;0
"Total sex";"2024";"Assisting spouses";"25-29 years";"MB Scientific research and development";0;0;0;0;0
"Total sex";"2024";"Assisting spouses";"25-29 years";"MC Advertising and other business services";0;0;0;1;0
"Total sex";"2024";"Assisting spouses";"25-29 years";"N Travel agent, cleaning, and other operationel services";4;2;5;3;0
"Total sex";"2024";"Assisting spouses";"25-29 years";"O Public administration, defence and compulsory social security";0;0;0;0;0
"Total sex";"2024";"Assisting spouses";"25-29 years";"P Education";0;0;0;0;0
"Total sex";"2024";"Assisting spouses";"25-29 years";"QA Human health activities";1;0;0;0;0
"Total sex";"2024";"Assisting spouses";"25-29 years";"QB Residential care";0;0;0;0;0
"Total sex";"2024";"Assisting spouses";"25-29 years";"R Arts, entertainment and recreation activities";0;0;0;0;0
"Total sex";"2024";"Assisting spouses";"25-29 years";"S Other service activities etc.";1;1;0;0;0
"Total sex";"2024";"Assisting spouses";"25-29 years";"X Activity not stated";1;0;0;0;0
"Total sex";"2024";"Assisting spouses";"30-34 years";"A Agriculture, forestry and fishing";1;3;4;1;1
"Total sex";"2024";"Assisting spouses";"30-34 years";"B Mining and quarrying";0;0;0;0;0
"Total sex";"2024";"Assisting spouses";"30-34 years";"CA Manufacture of food products, beverages and tobacco";0;0;0;0;0
"Total sex";"2024";"Assisting spouses";"30-34 years";"CB Textiles and leather products";0;0;0;0;0
"Total sex";"2024";"Assisting spouses";"30-34 years";"CC Wood and paper products and printing";0;0;0;0;0
"Total sex";"2024";"Assisting spouses";"30-34 years";"CD Oil refinery etc.";0;0;0;0;0
"Total sex";"2024";"Assisting spouses";"30-34 years";"CE Manufacture of chemicals";0;0;0;0;0
"Total sex";"2024";"Assisting spouses";"30-34 years";"CF Pharmaceuticals";0;0;0;0;0
"Total sex";"2024";"Assisting spouses";"30-34 years";"CG Manufacture of plastic, glass and concrete";0;0;0;0;0
"Total sex";"2024";"Assisting spouses";"30-34 years";"CH Basic metals and fabricated metal products";0;0;0;0;0
"Total sex";"2024";"Assisting spouses";"30-34 years";"CI Manufacture of electronic components";0;0;0;0;0
"Total sex";"2024";"Assisting spouses";"30-34 years";"CJ Electrical equipment";0;0;0;0;0
"Total sex";"2024";"Assisting spouses";"30-34 years";"CK Manufacture of machinery";0;0;0;0;0
"Total sex";"2024";"Assisting spouses";"30-34 years";"CL Transport equipment";0;0;0;0;0
"Total sex";"2024";"Assisting spouses";"30-34 years";"CM Manufacture of funiture and other manufacturing";0;0;1;0;0
"Total sex";"2024";"Assisting spouses";"30-34 years";"D Electricity, gas, steam and air conditioning supply";0;0;0;0;0
"Total sex";"2024";"Assisting spouses";"30-34 years";"E Water supply, sewerage and waste management";0;0;0;0;0
"Total sex";"2024";"Assisting spouses";"30-34 years";"F Construction";6;1;3;2;2
"Total sex";"2024";"Assisting spouses";"30-34 years";"G Wholesale and retail trade";2;0;1;1;0
"Total sex";"2024";"Assisting spouses";"30-34 years";"H Transportation";1;1;0;0;0
"Total sex";"2024";"Assisting spouses";"30-34 years";"I Accommodation and food service activities";0;0;0;0;0
"Total sex";"2024";"Assisting spouses";"30-34 years";"JA Publishing, television and radio broadcasting";1;0;0;1;0
"Total sex";"2024";"Assisting spouses";"30-34 years";"JB Telecommunications";0;0;0;0;0
"Total sex";"2024";"Assisting spouses";"30-34 years";"JC IT and information service activities";0;0;2;2;0
"Total sex";"2024";"Assisting spouses";"30-34 years";"K Financial and insurance";1;0;0;0;0
"Total sex";"2024";"Assisting spouses";"30-34 years";"L Real estate activities";0;0;0;0;0
"Total sex";"2024";"Assisting spouses";"30-34 years";"MA Consultancy etc.";0;1;0;1;0
"Total sex";"2024";"Assisting spouses";"30-34 years";"MB Scientific research and development";0;0;0;0;0
"Total sex";"2024";"Assisting spouses";"30-34 years";"MC Advertising and other business services";2;0;0;0;0
"Total sex";"2024";"Assisting spouses";"30-34 years";"N Travel agent, cleaning, and other operationel services";4;2;7;3;2
"Total sex";"2024";"Assisting spouses";"30-34 years";"O Public administration, defence and compulsory social security";0;0;0;0;0
"Total sex";"2024";"Assisting spouses";"30-34 years";"P Education";0;0;0;0;0
"Total sex";"2024";"Assisting spouses";"30-34 years";"QA Human health activities";0;0;1;1;0
"Total sex";"2024";"Assisting spouses";"30-34 years";"QB Residential care";0;0;0;0;0
"Total sex";"2024";"Assisting spouses";"30-34 years";"R Arts, entertainment and recreation activities";2;0;0;1;0
"Total sex";"2024";"Assisting spouses";"30-34 years";"S Other service activities etc.";1;0;0;0;0
"Total sex";"2024";"Assisting spouses";"30-34 years";"X Activity not stated";0;1;0;0;0
"Total sex";"2024";"Assisting spouses";"35-39 years";"A Agriculture, forestry and fishing";0;5;10;5;2
"Total sex";"2024";"Assisting spouses";"35-39 years";"B Mining and quarrying";0;0;0;0;0
"Total sex";"2024";"Assisting spouses";"35-39 years";"CA Manufacture of food products, beverages and tobacco";0;0;0;0;1
"Total sex";"2024";"Assisting spouses";"35-39 years";"CB Textiles and leather products";0;0;0;0;0
"Total sex";"2024";"Assisting spouses";"35-39 years";"CC Wood and paper products and printing";0;0;0;0;0
"Total sex";"2024";"Assisting spouses";"35-39 years";"CD Oil refinery etc.";0;0;0;0;0
"Total sex";"2024";"Assisting spouses";"35-39 years";"CE Manufacture of chemicals";0;0;0;0;0
"Total sex";"2024";"Assisting spouses";"35-39 years";"CF Pharmaceuticals";0;0;0;0;0
"Total sex";"2024";"Assisting spouses";"35-39 years";"CG Manufacture of plastic, glass and concrete";0;0;0;0;0
"Total sex";"2024";"Assisting spouses";"35-39 years";"CH Basic metals and fabricated metal products";0;0;0;0;0
"Total sex";"2024";"Assisting spouses";"35-39 years";"CI Manufacture of electronic components";0;0;0;0;0
"Total sex";"2024";"Assisting spouses";"35-39 years";"CJ Electrical equipment";0;1;0;0;0
"Total sex";"2024";"Assisting spouses";"35-39 years";"CK Manufacture of machinery";0;0;0;0;0
"Total sex";"2024";"Assisting spouses";"35-39 years";"CL Transport equipment";0;0;0;0;0
"Total sex";"2024";"Assisting spouses";"35-39 years";"CM Manufacture of funiture and other manufacturing";0;1;0;0;0
"Total sex";"2024";"Assisting spouses";"35-39 years";"D Electricity, gas, steam and air conditioning supply";0;0;0;0;0
"Total sex";"2024";"Assisting spouses";"35-39 years";"E Water supply, sewerage and waste management";0;0;0;0;0
"Total sex";"2024";"Assisting spouses";"35-39 years";"F Construction";2;4;5;0;1
"Total sex";"2024";"Assisting spouses";"35-39 years";"G Wholesale and retail trade";4;2;5;3;0
"Total sex";"2024";"Assisting spouses";"35-39 years";"H Transportation";5;0;1;0;0
"Total sex";"2024";"Assisting spouses";"35-39 years";"I Accommodation and food service activities";3;1;3;3;0
"Total sex";"2024";"Assisting spouses";"35-39 years";"JA Publishing, television and radio broadcasting";2;1;0;0;0
"Total sex";"2024";"Assisting spouses";"35-39 years";"JB Telecommunications";0;0;0;0;0
"Total sex";"2024";"Assisting spouses";"35-39 years";"JC IT and information service activities";2;2;1;0;0
"Total sex";"2024";"Assisting spouses";"35-39 years";"K Financial and insurance";0;0;0;1;0
"Total sex";"2024";"Assisting spouses";"35-39 years";"L Real estate activities";0;1;0;0;0
"Total sex";"2024";"Assisting spouses";"35-39 years";"MA Consultancy etc.";4;1;2;3;1
"Total sex";"2024";"Assisting spouses";"35-39 years";"MB Scientific research and development";0;0;0;0;0
"Total sex";"2024";"Assisting spouses";"35-39 years";"MC Advertising and other business services";1;1;1;0;1
"Total sex";"2024";"Assisting spouses";"35-39 years";"N Travel agent, cleaning, and other operationel services";10;1;3;8;2
"Total sex";"2024";"Assisting spouses";"35-39 years";"O Public administration, defence and compulsory social security";0;0;0;0;0
"Total sex";"2024";"Assisting spouses";"35-39 years";"P Education";3;0;0;1;0
"Total sex";"2024";"Assisting spouses";"35-39 years";"QA Human health activities";1;0;1;1;0
"Total sex";"2024";"Assisting spouses";"35-39 years";"QB Residential care";0;0;0;0;0
"Total sex";"2024";"Assisting spouses";"35-39 years";"R Arts, entertainment and recreation activities";4;1;0;1;0
"Total sex";"2024";"Assisting spouses";"35-39 years";"S Other service activities etc.";0;0;1;3;2
"Total sex";"2024";"Assisting spouses";"35-39 years";"X Activity not stated";2;0;0;0;0
"Total sex";"2024";"Assisting spouses";"40-44 years";"A Agriculture, forestry and fishing";1;4;13;8;8
"Total sex";"2024";"Assisting spouses";"40-44 years";"B Mining and quarrying";0;0;0;0;0
"Total sex";"2024";"Assisting spouses";"40-44 years";"CA Manufacture of food products, beverages and tobacco";0;0;0;0;1
"Total sex";"2024";"Assisting spouses";"40-44 years";"CB Textiles and leather products";0;0;0;0;0
"Total sex";"2024";"Assisting spouses";"40-44 years";"CC Wood and paper products and printing";0;0;0;0;0
"Total sex";"2024";"Assisting spouses";"40-44 years";"CD Oil refinery etc.";0;0;0;0;0
"Total sex";"2024";"Assisting spouses";"40-44 years";"CE Manufacture of chemicals";0;0;0;0;0
"Total sex";"2024";"Assisting spouses";"40-44 years";"CF Pharmaceuticals";0;0;0;0;0
"Total sex";"2024";"Assisting spouses";"40-44 years";"CG Manufacture of plastic, glass and concrete";0;0;0;0;0
"Total sex";"2024";"Assisting spouses";"40-44 years";"CH Basic metals and fabricated metal products";0;1;0;0;0
"Total sex";"2024";"Assisting spouses";"40-44 years";"CI Manufacture of electronic components";0;0;0;0;0
"Total sex";"2024";"Assisting spouses";"40-44 years";"CJ Electrical equipment";0;0;0;0;0
"Total sex";"2024";"Assisting spouses";"40-44 years";"CK Manufacture of machinery";0;0;0;0;0
"Total sex";"2024";"Assisting spouses";"40-44 years";"CL Transport equipment";1;0;0;0;0
"Total sex";"2024";"Assisting spouses";"40-44 years";"CM Manufacture of funiture and other manufacturing";0;0;0;0;0
"Total sex";"2024";"Assisting spouses";"40-44 years";"D Electricity, gas, steam and air conditioning supply";0;0;0;0;0
"Total sex";"2024";"Assisting spouses";"40-44 years";"E Water supply, sewerage and waste management";0;0;0;0;0
"Total sex";"2024";"Assisting spouses";"40-44 years";"F Construction";4;2;3;4;1
"Total sex";"2024";"Assisting spouses";"40-44 years";"G Wholesale and retail trade";4;2;3;2;0
"Total sex";"2024";"Assisting spouses";"40-44 years";"H Transportation";2;1;1;1;0
"Total sex";"2024";"Assisting spouses";"40-44 years";"I Accommodation and food service activities";2;3;3;3;2
"Total sex";"2024";"Assisting spouses";"40-44 years";"JA Publishing, television and radio broadcasting";0;0;1;0;0
"Total sex";"2024";"Assisting spouses";"40-44 years";"JB Telecommunications";0;0;0;0;0
"Total sex";"2024";"Assisting spouses";"40-44 years";"JC IT and information service activities";1;3;3;3;0
"Total sex";"2024";"Assisting spouses";"40-44 years";"K Financial and insurance";0;0;0;0;1
"Total sex";"2024";"Assisting spouses";"40-44 years";"L Real estate activities";1;1;2;0;0
"Total sex";"2024";"Assisting spouses";"40-44 years";"MA Consultancy etc.";3;1;2;0;2
"Total sex";"2024";"Assisting spouses";"40-44 years";"MB Scientific research and development";0;0;0;0;0
"Total sex";"2024";"Assisting spouses";"40-44 years";"MC Advertising and other business services";1;1;0;2;0
"Total sex";"2024";"Assisting spouses";"40-44 years";"N Travel agent, cleaning, and other operationel services";10;2;10;10;4
"Total sex";"2024";"Assisting spouses";"40-44 years";"O Public administration, defence and compulsory social security";0;0;0;0;0
"Total sex";"2024";"Assisting spouses";"40-44 years";"P Education";3;0;3;1;0
"Total sex";"2024";"Assisting spouses";"40-44 years";"QA Human health activities";5;0;3;0;0
"Total sex";"2024";"Assisting spouses";"40-44 years";"QB Residential care";0;0;0;0;0
"Total sex";"2024";"Assisting spouses";"40-44 years";"R Arts, entertainment and recreation activities";1;0;2;0;0
"Total sex";"2024";"Assisting spouses";"40-44 years";"S Other service activities etc.";4;2;0;0;0
"Total sex";"2024";"Assisting spouses";"40-44 years";"X Activity not stated";2;1;0;0;0
"Total sex";"2024";"Assisting spouses";"45-49 years";"A Agriculture, forestry and fishing";3;7;20;15;11
"Total sex";"2024";"Assisting spouses";"45-49 years";"B Mining and quarrying";0;0;0;0;0
"Total sex";"2024";"Assisting spouses";"45-49 years";"CA Manufacture of food products, beverages and tobacco";0;1;0;0;0
"Total sex";"2024";"Assisting spouses";"45-49 years";"CB Textiles and leather products";0;0;0;0;0
"Total sex";"2024";"Assisting spouses";"45-49 years";"CC Wood and paper products and printing";0;0;0;0;0
"Total sex";"2024";"Assisting spouses";"45-49 years";"CD Oil refinery etc.";0;0;0;0;0
"Total sex";"2024";"Assisting spouses";"45-49 years";"CE Manufacture of chemicals";0;0;0;0;0
"Total sex";"2024";"Assisting spouses";"45-49 years";"CF Pharmaceuticals";0;0;0;0;0
"Total sex";"2024";"Assisting spouses";"45-49 years";"CG Manufacture of plastic, glass and concrete";1;0;0;0;0
"Total sex";"2024";"Assisting spouses";"45-49 years";"CH Basic metals and fabricated metal products";1;0;1;0;0
"Total sex";"2024";"Assisting spouses";"45-49 years";"CI Manufacture of electronic components";0;0;0;0;0
"Total sex";"2024";"Assisting spouses";"45-49 years";"CJ Electrical equipment";0;0;0;0;0
"Total sex";"2024";"Assisting spouses";"45-49 years";"CK Manufacture of machinery";0;0;0;0;0
"Total sex";"2024";"Assisting spouses";"45-49 years";"CL Transport equipment";0;0;0;0;0
"Total sex";"2024";"Assisting spouses";"45-49 years";"CM Manufacture of funiture and other manufacturing";0;1;0;1;0
"Total sex";"2024";"Assisting spouses";"45-49 years";"D Electricity, gas, steam and air conditioning supply";0;0;0;0;0
"Total sex";"2024";"Assisting spouses";"45-49 years";"E Water supply, sewerage and waste management";0;0;0;0;0
"Total sex";"2024";"Assisting spouses";"45-49 years";"F Construction";0;5;4;4;1
"Total sex";"2024";"Assisting spouses";"45-49 years";"G Wholesale and retail trade";7;4;7;4;1
"Total sex";"2024";"Assisting spouses";"45-49 years";"H Transportation";6;3;0;2;1
"Total sex";"2024";"Assisting spouses";"45-49 years";"I Accommodation and food service activities";3;3;1;4;5
"Total sex";"2024";"Assisting spouses";"45-49 years";"JA Publishing, television and radio broadcasting";1;1;0;0;0
"Total sex";"2024";"Assisting spouses";"45-49 years";"JB Telecommunications";0;0;1;0;0
"Total sex";"2024";"Assisting spouses";"45-49 years";"JC IT and information service activities";5;2;5;2;1
"Total sex";"2024";"Assisting spouses";"45-49 years";"K Financial and insurance";0;0;0;1;0
"Total sex";"2024";"Assisting spouses";"45-49 years";"L Real estate activities";2;0;2;0;0
"Total sex";"2024";"Assisting spouses";"45-49 years";"MA Consultancy etc.";6;1;2;0;0
"Total sex";"2024";"Assisting spouses";"45-49 years";"MB Scientific research and development";0;0;0;0;0
"Total sex";"2024";"Assisting spouses";"45-49 years";"MC Advertising and other business services";3;2;1;3;1
"Total sex";"2024";"Assisting spouses";"45-49 years";"N Travel agent, cleaning, and other operationel services";7;8;11;10;1
"Total sex";"2024";"Assisting spouses";"45-49 years";"O Public administration, defence and compulsory social security";0;0;0;0;0
"Total sex";"2024";"Assisting spouses";"45-49 years";"P Education";1;0;0;0;0
"Total sex";"2024";"Assisting spouses";"45-49 years";"QA Human health activities";9;2;2;4;1
"Total sex";"2024";"Assisting spouses";"45-49 years";"QB Residential care";0;0;0;0;0
"Total sex";"2024";"Assisting spouses";"45-49 years";"R Arts, entertainment and recreation activities";3;0;1;1;1
"Total sex";"2024";"Assisting spouses";"45-49 years";"S Other service activities etc.";3;0;1;0;2
"Total sex";"2024";"Assisting spouses";"45-49 years";"X Activity not stated";1;0;0;0;0
"Total sex";"2024";"Assisting spouses";"50-54 years";"A Agriculture, forestry and fishing";4;12;20;20;16
"Total sex";"2024";"Assisting spouses";"50-54 years";"B Mining and quarrying";0;0;0;0;0
"Total sex";"2024";"Assisting spouses";"50-54 years";"CA Manufacture of food products, beverages and tobacco";2;0;2;0;0
"Total sex";"2024";"Assisting spouses";"50-54 years";"CB Textiles and leather products";0;0;0;1;0
"Total sex";"2024";"Assisting spouses";"50-54 years";"CC Wood and paper products and printing";0;0;0;0;1
"Total sex";"2024";"Assisting spouses";"50-54 years";"CD Oil refinery etc.";0;0;0;0;0
"Total sex";"2024";"Assisting spouses";"50-54 years";"CE Manufacture of chemicals";0;0;0;0;0
"Total sex";"2024";"Assisting spouses";"50-54 years";"CF Pharmaceuticals";0;0;0;0;0
"Total sex";"2024";"Assisting spouses";"50-54 years";"CG Manufacture of plastic, glass and concrete";0;0;0;0;0
"Total sex";"2024";"Assisting spouses";"50-54 years";"CH Basic metals and fabricated metal products";0;1;2;0;0
"Total sex";"2024";"Assisting spouses";"50-54 years";"CI Manufacture of electronic components";1;0;0;0;0
"Total sex";"2024";"Assisting spouses";"50-54 years";"CJ Electrical equipment";0;0;0;0;0
"Total sex";"2024";"Assisting spouses";"50-54 years";"CK Manufacture of machinery";0;0;0;0;0
"Total sex";"2024";"Assisting spouses";"50-54 years";"CL Transport equipment";0;0;0;0;0
"Total sex";"2024";"Assisting spouses";"50-54 years";"CM Manufacture of funiture and other manufacturing";0;1;1;0;0
"Total sex";"2024";"Assisting spouses";"50-54 years";"D Electricity, gas, steam and air conditioning supply";0;0;0;2;0
"Total sex";"2024";"Assisting spouses";"50-54 years";"E Water supply, sewerage and waste management";1;0;0;0;0
"Total sex";"2024";"Assisting spouses";"50-54 years";"F Construction";6;6;5;1;2
"Total sex";"2024";"Assisting spouses";"50-54 years";"G Wholesale and retail trade";13;10;8;10;4
"Total sex";"2024";"Assisting spouses";"50-54 years";"H Transportation";9;3;1;2;0
"Total sex";"2024";"Assisting spouses";"50-54 years";"I Accommodation and food service activities";5;4;8;9;4
"Total sex";"2024";"Assisting spouses";"50-54 years";"JA Publishing, television and radio broadcasting";1;0;0;0;0
"Total sex";"2024";"Assisting spouses";"50-54 years";"JB Telecommunications";0;0;0;0;0
"Total sex";"2024";"Assisting spouses";"50-54 years";"JC IT and information service activities";6;2;0;2;0
"Total sex";"2024";"Assisting spouses";"50-54 years";"K Financial and insurance";0;0;1;1;0
"Total sex";"2024";"Assisting spouses";"50-54 years";"L Real estate activities";2;0;0;2;1
"Total sex";"2024";"Assisting spouses";"50-54 years";"MA Consultancy etc.";8;1;2;2;2
"Total sex";"2024";"Assisting spouses";"50-54 years";"MB Scientific research and development";0;0;0;0;0
"Total sex";"2024";"Assisting spouses";"50-54 years";"MC Advertising and other business services";2;2;1;1;0
"Total sex";"2024";"Assisting spouses";"50-54 years";"N Travel agent, cleaning, and other operationel services";12;5;5;10;3
"Total sex";"2024";"Assisting spouses";"50-54 years";"O Public administration, defence and compulsory social security";0;0;0;0;0
"Total sex";"2024";"Assisting spouses";"50-54 years";"P Education";4;1;1;1;0
"Total sex";"2024";"Assisting spouses";"50-54 years";"QA Human health activities";8;2;1;2;0
"Total sex";"2024";"Assisting spouses";"50-54 years";"QB Residential care";0;0;0;0;0
"Total sex";"2024";"Assisting spouses";"50-54 years";"R Arts, entertainment and recreation activities";3;0;1;2;0
"Total sex";"2024";"Assisting spouses";"50-54 years";"S Other service activities etc.";1;2;1;2;1
"Total sex";"2024";"Assisting spouses";"50-54 years";"X Activity not stated";4;1;0;0;0
"Total sex";"2024";"Assisting spouses";"55-59 years";"A Agriculture, forestry and fishing";6;14;32;22;17
"Total sex";"2024";"Assisting spouses";"55-59 years";"B Mining and quarrying";0;0;0;0;0
"Total sex";"2024";"Assisting spouses";"55-59 years";"CA Manufacture of food products, beverages and tobacco";1;1;2;2;0
"Total sex";"2024";"Assisting spouses";"55-59 years";"CB Textiles and leather products";0;0;0;0;0
"Total sex";"2024";"Assisting spouses";"55-59 years";"CC Wood and paper products and printing";0;0;1;0;0
"Total sex";"2024";"Assisting spouses";"55-59 years";"CD Oil refinery etc.";0;0;0;0;0
"Total sex";"2024";"Assisting spouses";"55-59 years";"CE Manufacture of chemicals";0;0;0;0;0
"Total sex";"2024";"Assisting spouses";"55-59 years";"CF Pharmaceuticals";0;0;0;0;0
"Total sex";"2024";"Assisting spouses";"55-59 years";"CG Manufacture of plastic, glass and concrete";0;0;0;0;1
"Total sex";"2024";"Assisting spouses";"55-59 years";"CH Basic metals and fabricated metal products";0;0;0;0;0
"Total sex";"2024";"Assisting spouses";"55-59 years";"CI Manufacture of electronic components";0;0;0;0;0
"Total sex";"2024";"Assisting spouses";"55-59 years";"CJ Electrical equipment";0;0;1;0;0
"Total sex";"2024";"Assisting spouses";"55-59 years";"CK Manufacture of machinery";0;0;1;0;0
"Total sex";"2024";"Assisting spouses";"55-59 years";"CL Transport equipment";0;0;0;0;0
"Total sex";"2024";"Assisting spouses";"55-59 years";"CM Manufacture of funiture and other manufacturing";0;3;2;1;2
"Total sex";"2024";"Assisting spouses";"55-59 years";"D Electricity, gas, steam and air conditioning supply";0;0;1;0;0
"Total sex";"2024";"Assisting spouses";"55-59 years";"E Water supply, sewerage and waste management";0;0;0;0;0
"Total sex";"2024";"Assisting spouses";"55-59 years";"F Construction";8;6;10;3;2
"Total sex";"2024";"Assisting spouses";"55-59 years";"G Wholesale and retail trade";15;14;9;5;5
"Total sex";"2024";"Assisting spouses";"55-59 years";"H Transportation";8;2;2;1;0
"Total sex";"2024";"Assisting spouses";"55-59 years";"I Accommodation and food service activities";5;3;12;5;6
"Total sex";"2024";"Assisting spouses";"55-59 years";"JA Publishing, television and radio broadcasting";4;0;0;3;0
"Total sex";"2024";"Assisting spouses";"55-59 years";"JB Telecommunications";0;0;1;0;0
"Total sex";"2024";"Assisting spouses";"55-59 years";"JC IT and information service activities";5;4;3;0;1
"Total sex";"2024";"Assisting spouses";"55-59 years";"K Financial and insurance";0;0;0;1;0
"Total sex";"2024";"Assisting spouses";"55-59 years";"L Real estate activities";4;0;2;3;0
"Total sex";"2024";"Assisting spouses";"55-59 years";"MA Consultancy etc.";15;1;10;8;2
"Total sex";"2024";"Assisting spouses";"55-59 years";"MB Scientific research and development";0;0;0;0;0
"Total sex";"2024";"Assisting spouses";"55-59 years";"MC Advertising and other business services";5;1;1;4;0
"Total sex";"2024";"Assisting spouses";"55-59 years";"N Travel agent, cleaning, and other operationel services";11;10;16;7;3
"Total sex";"2024";"Assisting spouses";"55-59 years";"O Public administration, defence and compulsory social security";0;1;0;0;0
"Total sex";"2024";"Assisting spouses";"55-59 years";"P Education";1;2;1;0;1
"Total sex";"2024";"Assisting spouses";"55-59 years";"QA Human health activities";6;5;5;0;1
"Total sex";"2024";"Assisting spouses";"55-59 years";"QB Residential care";0;0;0;0;0
"Total sex";"2024";"Assisting spouses";"55-59 years";"R Arts, entertainment and recreation activities";2;2;0;1;0
"Total sex";"2024";"Assisting spouses";"55-59 years";"S Other service activities etc.";6;0;1;2;1
"Total sex";"2024";"Assisting spouses";"55-59 years";"X Activity not stated";3;0;1;0;0
"Total sex";"2024";"Assisting spouses";"60-64 years";"A Agriculture, forestry and fishing";9;22;43;50;19
"Total sex";"2024";"Assisting spouses";"60-64 years";"B Mining and quarrying";0;0;0;0;0
"Total sex";"2024";"Assisting spouses";"60-64 years";"CA Manufacture of food products, beverages and tobacco";1;0;1;0;1
"Total sex";"2024";"Assisting spouses";"60-64 years";"CB Textiles and leather products";0;0;0;0;0
"Total sex";"2024";"Assisting spouses";"60-64 years";"CC Wood and paper products and printing";0;0;1;1;0
"Total sex";"2024";"Assisting spouses";"60-64 years";"CD Oil refinery etc.";0;0;0;0;0
"Total sex";"2024";"Assisting spouses";"60-64 years";"CE Manufacture of chemicals";0;0;0;0;0
"Total sex";"2024";"Assisting spouses";"60-64 years";"CF Pharmaceuticals";0;0;0;0;0
"Total sex";"2024";"Assisting spouses";"60-64 years";"CG Manufacture of plastic, glass and concrete";0;0;0;0;1
"Total sex";"2024";"Assisting spouses";"60-64 years";"CH Basic metals and fabricated metal products";0;0;0;1;1
"Total sex";"2024";"Assisting spouses";"60-64 years";"CI Manufacture of electronic components";0;0;0;0;0
"Total sex";"2024";"Assisting spouses";"60-64 years";"CJ Electrical equipment";0;0;0;0;0
"Total sex";"2024";"Assisting spouses";"60-64 years";"CK Manufacture of machinery";0;0;0;0;0
"Total sex";"2024";"Assisting spouses";"60-64 years";"CL Transport equipment";0;0;0;0;0
"Total sex";"2024";"Assisting spouses";"60-64 years";"CM Manufacture of funiture and other manufacturing";1;3;3;0;1
"Total sex";"2024";"Assisting spouses";"60-64 years";"D Electricity, gas, steam and air conditioning supply";0;0;0;0;0
"Total sex";"2024";"Assisting spouses";"60-64 years";"E Water supply, sewerage and waste management";0;0;0;0;0
"Total sex";"2024";"Assisting spouses";"60-64 years";"F Construction";3;10;4;4;3
"Total sex";"2024";"Assisting spouses";"60-64 years";"G Wholesale and retail trade";13;7;10;9;5
"Total sex";"2024";"Assisting spouses";"60-64 years";"H Transportation";2;1;1;1;3
"Total sex";"2024";"Assisting spouses";"60-64 years";"I Accommodation and food service activities";14;2;6;7;5
"Total sex";"2024";"Assisting spouses";"60-64 years";"JA Publishing, television and radio broadcasting";0;0;0;0;0
"Total sex";"2024";"Assisting spouses";"60-64 years";"JB Telecommunications";0;0;0;0;0
"Total sex";"2024";"Assisting spouses";"60-64 years";"JC IT and information service activities";11;1;0;3;1
"Total sex";"2024";"Assisting spouses";"60-64 years";"K Financial and insurance";1;0;0;0;1
"Total sex";"2024";"Assisting spouses";"60-64 years";"L Real estate activities";3;1;5;4;1
"Total sex";"2024";"Assisting spouses";"60-64 years";"MA Consultancy etc.";13;10;7;3;0
"Total sex";"2024";"Assisting spouses";"60-64 years";"MB Scientific research and development";3;0;0;1;0
"Total sex";"2024";"Assisting spouses";"60-64 years";"MC Advertising and other business services";5;2;4;0;1
"Total sex";"2024";"Assisting spouses";"60-64 years";"N Travel agent, cleaning, and other operationel services";9;12;7;6;7
"Total sex";"2024";"Assisting spouses";"60-64 years";"O Public administration, defence and compulsory social security";0;0;0;0;0
"Total sex";"2024";"Assisting spouses";"60-64 years";"P Education";2;0;1;0;1
"Total sex";"2024";"Assisting spouses";"60-64 years";"QA Human health activities";6;3;2;5;0
"Total sex";"2024";"Assisting spouses";"60-64 years";"QB Residential care";0;0;0;0;0
"Total sex";"2024";"Assisting spouses";"60-64 years";"R Arts, entertainment and recreation activities";2;0;1;1;1
"Total sex";"2024";"Assisting spouses";"60-64 years";"S Other service activities etc.";2;1;1;1;1
"Total sex";"2024";"Assisting spouses";"60-64 years";"X Activity not stated";5;1;0;1;0
"Total sex";"2024";"Assisting spouses";"65-66 years";"A Agriculture, forestry and fishing";1;13;9;17;8
"Total sex";"2024";"Assisting spouses";"65-66 years";"B Mining and quarrying";0;0;0;0;0
"Total sex";"2024";"Assisting spouses";"65-66 years";"CA Manufacture of food products, beverages and tobacco";0;0;0;0;0
"Total sex";"2024";"Assisting spouses";"65-66 years";"CB Textiles and leather products";0;0;0;0;0
"Total sex";"2024";"Assisting spouses";"65-66 years";"CC Wood and paper products and printing";0;0;0;0;1
"Total sex";"2024";"Assisting spouses";"65-66 years";"CD Oil refinery etc.";0;0;0;0;0
"Total sex";"2024";"Assisting spouses";"65-66 years";"CE Manufacture of chemicals";0;0;0;0;0
"Total sex";"2024";"Assisting spouses";"65-66 years";"CF Pharmaceuticals";0;0;0;0;0
"Total sex";"2024";"Assisting spouses";"65-66 years";"CG Manufacture of plastic, glass and concrete";0;0;0;0;0
"Total sex";"2024";"Assisting spouses";"65-66 years";"CH Basic metals and fabricated metal products";0;0;0;1;1
"Total sex";"2024";"Assisting spouses";"65-66 years";"CI Manufacture of electronic components";0;0;0;0;0
"Total sex";"2024";"Assisting spouses";"65-66 years";"CJ Electrical equipment";0;0;0;0;0
"Total sex";"2024";"Assisting spouses";"65-66 years";"CK Manufacture of machinery";0;0;0;0;0
"Total sex";"2024";"Assisting spouses";"65-66 years";"CL Transport equipment";0;0;0;0;0
"Total sex";"2024";"Assisting spouses";"65-66 years";"CM Manufacture of funiture and other manufacturing";1;0;0;1;0
"Total sex";"2024";"Assisting spouses";"65-66 years";"D Electricity, gas, steam and air conditioning supply";0;0;0;0;1
"Total sex";"2024";"Assisting spouses";"65-66 years";"E Water supply, sewerage and waste management";0;0;0;0;0
"Total sex";"2024";"Assisting spouses";"65-66 years";"F Construction";0;3;4;1;1
"Total sex";"2024";"Assisting spouses";"65-66 years";"G Wholesale and retail trade";8;1;7;7;3
"Total sex";"2024";"Assisting spouses";"65-66 years";"H Transportation";0;0;3;3;1
"Total sex";"2024";"Assisting spouses";"65-66 years";"I Accommodation and food service activities";4;3;2;0;1
"Total sex";"2024";"Assisting spouses";"65-66 years";"JA Publishing, television and radio broadcasting";2;0;0;0;0
"Total sex";"2024";"Assisting spouses";"65-66 years";"JB Telecommunications";0;0;0;0;0
"Total sex";"2024";"Assisting spouses";"65-66 years";"JC IT and information service activities";1;0;0;0;0
"Total sex";"2024";"Assisting spouses";"65-66 years";"K Financial and insurance";0;0;0;0;0
"Total sex";"2024";"Assisting spouses";"65-66 years";"L Real estate activities";0;1;1;4;0
"Total sex";"2024";"Assisting spouses";"65-66 years";"MA Consultancy etc.";5;1;4;1;0
"Total sex";"2024";"Assisting spouses";"65-66 years";"MB Scientific research and development";0;0;0;0;0
"Total sex";"2024";"Assisting spouses";"65-66 years";"MC Advertising and other business services";1;1;0;1;0
"Total sex";"2024";"Assisting spouses";"65-66 years";"N Travel agent, cleaning, and other operationel services";5;1;0;0;0
"Total sex";"2024";"Assisting spouses";"65-66 years";"O Public administration, defence and compulsory social security";0;0;0;0;0
"Total sex";"2024";"Assisting spouses";"65-66 years";"P Education";3;0;0;0;0
"Total sex";"2024";"Assisting spouses";"65-66 years";"QA Human health activities";4;0;0;2;0
"Total sex";"2024";"Assisting spouses";"65-66 years";"QB Residential care";0;0;0;0;0
"Total sex";"2024";"Assisting spouses";"65-66 years";"R Arts, entertainment and recreation activities";1;0;0;0;0
"Total sex";"2024";"Assisting spouses";"65-66 years";"S Other service activities etc.";0;1;0;0;0
"Total sex";"2024";"Assisting spouses";"65-66 years";"X Activity not stated";0;0;1;0;0
"Total sex";"2024";"Assisting spouses";"67 years and over";"A Agriculture, forestry and fishing";16;67;74;85;54
"Total sex";"2024";"Assisting spouses";"67 years and over";"B Mining and quarrying";0;0;0;0;0
"Total sex";"2024";"Assisting spouses";"67 years and over";"CA Manufacture of food products, beverages and tobacco";0;0;0;0;0
"Total sex";"2024";"Assisting spouses";"67 years and over";"CB Textiles and leather products";0;0;0;0;0
"Total sex";"2024";"Assisting spouses";"67 years and over";"CC Wood and paper products and printing";1;1;0;1;0
"Total sex";"2024";"Assisting spouses";"67 years and over";"CD Oil refinery etc.";0;0;0;0;0
"Total sex";"2024";"Assisting spouses";"67 years and over";"CE Manufacture of chemicals";0;0;0;0;0
"Total sex";"2024";"Assisting spouses";"67 years and over";"CF Pharmaceuticals";0;0;0;0;0
"Total sex";"2024";"Assisting spouses";"67 years and over";"CG Manufacture of plastic, glass and concrete";2;1;2;0;1
"Total sex";"2024";"Assisting spouses";"67 years and over";"CH Basic metals and fabricated metal products";0;0;0;4;0
"Total sex";"2024";"Assisting spouses";"67 years and over";"CI Manufacture of electronic components";0;1;0;0;0
"Total sex";"2024";"Assisting spouses";"67 years and over";"CJ Electrical equipment";0;0;0;1;0
"Total sex";"2024";"Assisting spouses";"67 years and over";"CK Manufacture of machinery";0;1;0;3;0
"Total sex";"2024";"Assisting spouses";"67 years and over";"CL Transport equipment";0;0;0;0;0
"Total sex";"2024";"Assisting spouses";"67 years and over";"CM Manufacture of funiture and other manufacturing";3;3;3;2;0
"Total sex";"2024";"Assisting spouses";"67 years and over";"D Electricity, gas, steam and air conditioning supply";0;0;2;6;1
"Total sex";"2024";"Assisting spouses";"67 years and over";"E Water supply, sewerage and waste management";0;0;0;0;0
"Total sex";"2024";"Assisting spouses";"67 years and over";"F Construction";18;12;15;8;4
"Total sex";"2024";"Assisting spouses";"67 years and over";"G Wholesale and retail trade";17;22;25;35;12
"Total sex";"2024";"Assisting spouses";"67 years and over";"H Transportation";4;2;5;4;1
"Total sex";"2024";"Assisting spouses";"67 years and over";"I Accommodation and food service activities";8;3;4;3;1
"Total sex";"2024";"Assisting spouses";"67 years and over";"JA Publishing, television and radio broadcasting";1;0;0;1;0
"Total sex";"2024";"Assisting spouses";"67 years and over";"JB Telecommunications";0;0;0;0;0
"Total sex";"2024";"Assisting spouses";"67 years and over";"JC IT and information service activities";4;0;2;1;0
"Total sex";"2024";"Assisting spouses";"67 years and over";"K Financial and insurance";3;0;3;1;0
"Total sex";"2024";"Assisting spouses";"67 years and over";"L Real estate activities";20;20;20;16;13
"Total sex";"2024";"Assisting spouses";"67 years and over";"MA Consultancy etc.";26;15;14;14;9
"Total sex";"2024";"Assisting spouses";"67 years and over";"MB Scientific research and development";0;0;0;0;0
"Total sex";"2024";"Assisting spouses";"67 years and over";"MC Advertising and other business services";13;3;4;4;2
"Total sex";"2024";"Assisting spouses";"67 years and over";"N Travel agent, cleaning, and other operationel services";15;4;6;4;2
"Total sex";"2024";"Assisting spouses";"67 years and over";"O Public administration, defence and compulsory social security";0;0;0;0;0
"Total sex";"2024";"Assisting spouses";"67 years and over";"P Education";5;2;0;4;2
"Total sex";"2024";"Assisting spouses";"67 years and over";"QA Human health activities";28;10;18;14;10
"Total sex";"2024";"Assisting spouses";"67 years and over";"QB Residential care";0;0;0;0;0
"Total sex";"2024";"Assisting spouses";"67 years and over";"R Arts, entertainment and recreation activities";10;1;0;2;2
"Total sex";"2024";"Assisting spouses";"67 years and over";"S Other service activities etc.";5;1;3;3;1
"Total sex";"2024";"Assisting spouses";"67 years and over";"X Activity not stated";11;3;8;11;6
"Total sex";"2024";"Employees, managers";"Under 16 years";"A Agriculture, forestry and fishing";0;0;0;0;0
"Total sex";"2024";"Employees, managers";"Under 16 years";"B Mining and quarrying";0;0;0;0;0
"Total sex";"2024";"Employees, managers";"Under 16 years";"CA Manufacture of food products, beverages and tobacco";0;0;0;0;0
"Total sex";"2024";"Employees, managers";"Under 16 years";"CB Textiles and leather products";0;0;0;0;0
"Total sex";"2024";"Employees, managers";"Under 16 years";"CC Wood and paper products and printing";0;0;0;0;0
"Total sex";"2024";"Employees, managers";"Under 16 years";"CD Oil refinery etc.";0;0;0;0;0
"Total sex";"2024";"Employees, managers";"Under 16 years";"CE Manufacture of chemicals";0;0;0;0;0
"Total sex";"2024";"Employees, managers";"Under 16 years";"CF Pharmaceuticals";0;0;0;0;0
"Total sex";"2024";"Employees, managers";"Under 16 years";"CG Manufacture of plastic, glass and concrete";0;0;0;0;0
"Total sex";"2024";"Employees, managers";"Under 16 years";"CH Basic metals and fabricated metal products";0;0;0;0;0
"Total sex";"2024";"Employees, managers";"Under 16 years";"CI Manufacture of electronic components";0;0;0;0;0
"Total sex";"2024";"Employees, managers";"Under 16 years";"CJ Electrical equipment";0;0;0;0;0
"Total sex";"2024";"Employees, managers";"Under 16 years";"CK Manufacture of machinery";0;0;0;0;0
"Total sex";"2024";"Employees, managers";"Under 16 years";"CL Transport equipment";0;0;0;0;0
"Total sex";"2024";"Employees, managers";"Under 16 years";"CM Manufacture of funiture and other manufacturing";0;0;0;0;0
"Total sex";"2024";"Employees, managers";"Under 16 years";"D Electricity, gas, steam and air conditioning supply";0;0;0;0;0
"Total sex";"2024";"Employees, managers";"Under 16 years";"E Water supply, sewerage and waste management";0;0;0;0;0
"Total sex";"2024";"Employees, managers";"Under 16 years";"F Construction";0;0;0;0;0
"Total sex";"2024";"Employees, managers";"Under 16 years";"G Wholesale and retail trade";0;0;0;0;0
"Total sex";"2024";"Employees, managers";"Under 16 years";"H Transportation";0;0;0;0;0
"Total sex";"2024";"Employees, managers";"Under 16 years";"I Accommodation and food service activities";0;0;0;0;0
"Total sex";"2024";"Employees, managers";"Under 16 years";"JA Publishing, television and radio broadcasting";0;0;0;0;0
"Total sex";"2024";"Employees, managers";"Under 16 years";"JB Telecommunications";0;0;0;0;0
"Total sex";"2024";"Employees, managers";"Under 16 years";"JC IT and information service activities";0;0;0;0;0
"Total sex";"2024";"Employees, managers";"Under 16 years";"K Financial and insurance";0;0;0;0;0
"Total sex";"2024";"Employees, managers";"Under 16 years";"L Real estate activities";0;0;0;0;0
"Total sex";"2024";"Employees, managers";"Under 16 years";"MA Consultancy etc.";0;0;0;0;0
"Total sex";"2024";"Employees, managers";"Under 16 years";"MB Scientific research and development";0;0;0;0;0
"Total sex";"2024";"Employees, managers";"Under 16 years";"MC Advertising and other business services";0;0;0;0;0
"Total sex";"2024";"Employees, managers";"Under 16 years";"N Travel agent, cleaning, and other operationel services";0;0;0;0;0
"Total sex";"2024";"Employees, managers";"Under 16 years";"O Public administration, defence and compulsory social security";0;0;0;0;0
"Total sex";"2024";"Employees, managers";"Under 16 years";"P Education";0;0;0;0;0
"Total sex";"2024";"Employees, managers";"Under 16 years";"QA Human health activities";0;0;0;0;0
"Total sex";"2024";"Employees, managers";"Under 16 years";"QB Residential care";0;0;0;0;0
"Total sex";"2024";"Employees, managers";"Under 16 years";"R Arts, entertainment and recreation activities";0;0;0;0;0
"Total sex";"2024";"Employees, managers";"Under 16 years";"S Other service activities etc.";0;0;0;0;0
"Total sex";"2024";"Employees, managers";"Under 16 years";"X Activity not stated";0;0;0;0;0
"Total sex";"2024";"Employees, managers";"16-19 years";"A Agriculture, forestry and fishing";0;0;0;2;0
"Total sex";"2024";"Employees, managers";"16-19 years";"B Mining and quarrying";0;0;0;0;0
"Total sex";"2024";"Employees, managers";"16-19 years";"CA Manufacture of food products, beverages and tobacco";1;0;0;0;0
"Total sex";"2024";"Employees, managers";"16-19 years";"CB Textiles and leather products";0;0;0;0;0
"Total sex";"2024";"Employees, managers";"16-19 years";"CC Wood and paper products and printing";0;0;0;0;0
"Total sex";"2024";"Employees, managers";"16-19 years";"CD Oil refinery etc.";0;0;0;0;0
"Total sex";"2024";"Employees, managers";"16-19 years";"CE Manufacture of chemicals";0;0;0;0;0
"Total sex";"2024";"Employees, managers";"16-19 years";"CF Pharmaceuticals";0;0;0;0;1
"Total sex";"2024";"Employees, managers";"16-19 years";"CG Manufacture of plastic, glass and concrete";0;0;0;0;0
"Total sex";"2024";"Employees, managers";"16-19 years";"CH Basic metals and fabricated metal products";0;0;0;0;0
"Total sex";"2024";"Employees, managers";"16-19 years";"CI Manufacture of electronic components";0;0;0;0;0
"Total sex";"2024";"Employees, managers";"16-19 years";"CJ Electrical equipment";0;0;0;0;0
"Total sex";"2024";"Employees, managers";"16-19 years";"CK Manufacture of machinery";0;0;0;1;0
"Total sex";"2024";"Employees, managers";"16-19 years";"CL Transport equipment";0;0;0;0;0
"Total sex";"2024";"Employees, managers";"16-19 years";"CM Manufacture of funiture and other manufacturing";0;0;0;0;0
"Total sex";"2024";"Employees, managers";"16-19 years";"D Electricity, gas, steam and air conditioning supply";0;0;0;0;0
"Total sex";"2024";"Employees, managers";"16-19 years";"E Water supply, sewerage and waste management";0;0;0;0;0
"Total sex";"2024";"Employees, managers";"16-19 years";"F Construction";1;2;2;1;2
"Total sex";"2024";"Employees, managers";"16-19 years";"G Wholesale and retail trade";14;10;4;7;2
"Total sex";"2024";"Employees, managers";"16-19 years";"H Transportation";1;0;0;0;1
"Total sex";"2024";"Employees, managers";"16-19 years";"I Accommodation and food service activities";21;2;2;5;1
"Total sex";"2024";"Employees, managers";"16-19 years";"JA Publishing, television and radio broadcasting";1;0;0;0;0
"Total sex";"2024";"Employees, managers";"16-19 years";"JB Telecommunications";0;0;0;0;0
"Total sex";"2024";"Employees, managers";"16-19 years";"JC IT and information service activities";0;0;0;0;0
"Total sex";"2024";"Employees, managers";"16-19 years";"K Financial and insurance";0;0;0;0;0
"Total sex";"2024";"Employees, managers";"16-19 years";"L Real estate activities";0;0;0;0;0
"Total sex";"2024";"Employees, managers";"16-19 years";"MA Consultancy etc.";0;0;1;0;0
"Total sex";"2024";"Employees, managers";"16-19 years";"MB Scientific research and development";0;0;0;0;0
"Total sex";"2024";"Employees, managers";"16-19 years";"MC Advertising and other business services";0;0;0;0;0
"Total sex";"2024";"Employees, managers";"16-19 years";"N Travel agent, cleaning, and other operationel services";1;0;5;0;1
"Total sex";"2024";"Employees, managers";"16-19 years";"O Public administration, defence and compulsory social security";3;0;0;0;0
"Total sex";"2024";"Employees, managers";"16-19 years";"P Education";0;0;0;1;0
"Total sex";"2024";"Employees, managers";"16-19 years";"QA Human health activities";0;0;0;0;0
"Total sex";"2024";"Employees, managers";"16-19 years";"QB Residential care";0;0;0;0;0
"Total sex";"2024";"Employees, managers";"16-19 years";"R Arts, entertainment and recreation activities";2;1;1;1;0
"Total sex";"2024";"Employees, managers";"16-19 years";"S Other service activities etc.";1;0;0;0;0
"Total sex";"2024";"Employees, managers";"16-19 years";"X Activity not stated";0;0;0;0;0
"Total sex";"2024";"Employees, managers";"20-24 years";"A Agriculture, forestry and fishing";0;10;1;2;0
"Total sex";"2024";"Employees, managers";"20-24 years";"B Mining and quarrying";1;0;0;0;0
"Total sex";"2024";"Employees, managers";"20-24 years";"CA Manufacture of food products, beverages and tobacco";4;1;0;2;1
"Total sex";"2024";"Employees, managers";"20-24 years";"CB Textiles and leather products";0;0;0;0;0
"Total sex";"2024";"Employees, managers";"20-24 years";"CC Wood and paper products and printing";0;0;0;2;0
"Total sex";"2024";"Employees, managers";"20-24 years";"CD Oil refinery etc.";0;0;0;0;0
"Total sex";"2024";"Employees, managers";"20-24 years";"CE Manufacture of chemicals";1;0;1;0;0
"Total sex";"2024";"Employees, managers";"20-24 years";"CF Pharmaceuticals";4;0;0;0;0
"Total sex";"2024";"Employees, managers";"20-24 years";"CG Manufacture of plastic, glass and concrete";0;0;1;0;0
"Total sex";"2024";"Employees, managers";"20-24 years";"CH Basic metals and fabricated metal products";0;0;0;0;0
"Total sex";"2024";"Employees, managers";"20-24 years";"CI Manufacture of electronic components";2;0;0;0;0
"Total sex";"2024";"Employees, managers";"20-24 years";"CJ Electrical equipment";0;0;0;0;0
"Total sex";"2024";"Employees, managers";"20-24 years";"CK Manufacture of machinery";0;2;2;1;0
"Total sex";"2024";"Employees, managers";"20-24 years";"CL Transport equipment";1;0;0;2;0
"Total sex";"2024";"Employees, managers";"20-24 years";"CM Manufacture of funiture and other manufacturing";1;1;1;0;0
"Total sex";"2024";"Employees, managers";"20-24 years";"D Electricity, gas, steam and air conditioning supply";4;0;0;0;0
"Total sex";"2024";"Employees, managers";"20-24 years";"E Water supply, sewerage and waste management";0;0;1;0;0
"Total sex";"2024";"Employees, managers";"20-24 years";"F Construction";11;5;6;12;6
"Total sex";"2024";"Employees, managers";"20-24 years";"G Wholesale and retail trade";214;66;99;107;37
"Total sex";"2024";"Employees, managers";"20-24 years";"H Transportation";8;1;4;9;6
"Total sex";"2024";"Employees, managers";"20-24 years";"I Accommodation and food service activities";130;13;22;41;11
"Total sex";"2024";"Employees, managers";"20-24 years";"JA Publishing, television and radio broadcasting";4;0;1;1;0
"Total sex";"2024";"Employees, managers";"20-24 years";"JB Telecommunications";1;0;0;0;0
"Total sex";"2024";"Employees, managers";"20-24 years";"JC IT and information service activities";9;2;0;2;0
"Total sex";"2024";"Employees, managers";"20-24 years";"K Financial and insurance";0;0;0;0;0
"Total sex";"2024";"Employees, managers";"20-24 years";"L Real estate activities";2;0;1;1;1
"Total sex";"2024";"Employees, managers";"20-24 years";"MA Consultancy etc.";7;1;4;1;0
"Total sex";"2024";"Employees, managers";"20-24 years";"MB Scientific research and development";3;0;0;0;0
"Total sex";"2024";"Employees, managers";"20-24 years";"MC Advertising and other business services";5;0;0;1;0
"Total sex";"2024";"Employees, managers";"20-24 years";"N Travel agent, cleaning, and other operationel services";17;2;12;11;7
"Total sex";"2024";"Employees, managers";"20-24 years";"O Public administration, defence and compulsory social security";38;3;4;6;2
"Total sex";"2024";"Employees, managers";"20-24 years";"P Education";0;0;1;28;1
"Total sex";"2024";"Employees, managers";"20-24 years";"QA Human health activities";1;0;0;1;1
"Total sex";"2024";"Employees, managers";"20-24 years";"QB Residential care";2;1;1;0;1
"Total sex";"2024";"Employees, managers";"20-24 years";"R Arts, entertainment and recreation activities";26;5;6;16;3
"Total sex";"2024";"Employees, managers";"20-24 years";"S Other service activities etc.";11;0;2;0;0
"Total sex";"2024";"Employees, managers";"20-24 years";"X Activity not stated";0;0;0;0;0
"Total sex";"2024";"Employees, managers";"25-29 years";"A Agriculture, forestry and fishing";0;13;0;1;0
"Total sex";"2024";"Employees, managers";"25-29 years";"B Mining and quarrying";2;0;1;0;0
"Total sex";"2024";"Employees, managers";"25-29 years";"CA Manufacture of food products, beverages and tobacco";17;3;11;3;1
"Total sex";"2024";"Employees, managers";"25-29 years";"CB Textiles and leather products";0;0;1;2;0
"Total sex";"2024";"Employees, managers";"25-29 years";"CC Wood and paper products and printing";2;1;0;6;1
"Total sex";"2024";"Employees, managers";"25-29 years";"CD Oil refinery etc.";0;1;0;0;0
"Total sex";"2024";"Employees, managers";"25-29 years";"CE Manufacture of chemicals";3;0;0;0;0
"Total sex";"2024";"Employees, managers";"25-29 years";"CF Pharmaceuticals";38;5;0;0;0
"Total sex";"2024";"Employees, managers";"25-29 years";"CG Manufacture of plastic, glass and concrete";1;3;10;10;1
"Total sex";"2024";"Employees, managers";"25-29 years";"CH Basic metals and fabricated metal products";7;3;10;4;6
"Total sex";"2024";"Employees, managers";"25-29 years";"CI Manufacture of electronic components";8;0;0;1;1
"Total sex";"2024";"Employees, managers";"25-29 years";"CJ Electrical equipment";3;0;0;2;1
"Total sex";"2024";"Employees, managers";"25-29 years";"CK Manufacture of machinery";5;6;14;5;11
"Total sex";"2024";"Employees, managers";"25-29 years";"CL Transport equipment";1;1;5;1;2
"Total sex";"2024";"Employees, managers";"25-29 years";"CM Manufacture of funiture and other manufacturing";6;1;7;11;2
"Total sex";"2024";"Employees, managers";"25-29 years";"D Electricity, gas, steam and air conditioning supply";14;2;3;5;1
"Total sex";"2024";"Employees, managers";"25-29 years";"E Water supply, sewerage and waste management";4;3;0;2;0
"Total sex";"2024";"Employees, managers";"25-29 years";"F Construction";89;38;47;72;34
"Total sex";"2024";"Employees, managers";"25-29 years";"G Wholesale and retail trade";613;143;234;344;90
"Total sex";"2024";"Employees, managers";"25-29 years";"H Transportation";37;6;13;10;5
"Total sex";"2024";"Employees, managers";"25-29 years";"I Accommodation and food service activities";132;16;27;42;8
"Total sex";"2024";"Employees, managers";"25-29 years";"JA Publishing, television and radio broadcasting";21;1;0;4;1
"Total sex";"2024";"Employees, managers";"25-29 years";"JB Telecommunications";3;0;0;5;2
"Total sex";"2024";"Employees, managers";"25-29 years";"JC IT and information service activities";101;2;10;26;5
"Total sex";"2024";"Employees, managers";"25-29 years";"K Financial and insurance";40;1;4;9;1
"Total sex";"2024";"Employees, managers";"25-29 years";"L Real estate activities";19;3;2;10;0
"Total sex";"2024";"Employees, managers";"25-29 years";"MA Consultancy etc.";67;3;9;32;5
"Total sex";"2024";"Employees, managers";"25-29 years";"MB Scientific research and development";8;2;3;1;1
"Total sex";"2024";"Employees, managers";"25-29 years";"MC Advertising and other business services";27;2;0;8;6
"Total sex";"2024";"Employees, managers";"25-29 years";"N Travel agent, cleaning, and other operationel services";77;9;24;37;12
"Total sex";"2024";"Employees, managers";"25-29 years";"O Public administration, defence and compulsory social security";62;2;8;5;0
"Total sex";"2024";"Employees, managers";"25-29 years";"P Education";14;3;2;29;2
"Total sex";"2024";"Employees, managers";"25-29 years";"QA Human health activities";9;1;4;3;0
"Total sex";"2024";"Employees, managers";"25-29 years";"QB Residential care";10;3;0;8;3
"Total sex";"2024";"Employees, managers";"25-29 years";"R Arts, entertainment and recreation activities";43;5;18;22;6
"Total sex";"2024";"Employees, managers";"25-29 years";"S Other service activities etc.";25;2;5;5;0
"Total sex";"2024";"Employees, managers";"25-29 years";"X Activity not stated";0;0;0;0;0
"Total sex";"2024";"Employees, managers";"30-34 years";"A Agriculture, forestry and fishing";2;7;7;9;5
"Total sex";"2024";"Employees, managers";"30-34 years";"B Mining and quarrying";5;1;1;0;0
"Total sex";"2024";"Employees, managers";"30-34 years";"CA Manufacture of food products, beverages and tobacco";22;7;26;21;7
"Total sex";"2024";"Employees, managers";"30-34 years";"CB Textiles and leather products";5;1;2;9;0
"Total sex";"2024";"Employees, managers";"30-34 years";"CC Wood and paper products and printing";0;0;7;15;4
"Total sex";"2024";"Employees, managers";"30-34 years";"CD Oil refinery etc.";0;0;0;0;0
"Total sex";"2024";"Employees, managers";"30-34 years";"CE Manufacture of chemicals";7;0;3;9;1
"Total sex";"2024";"Employees, managers";"30-34 years";"CF Pharmaceuticals";123;12;2;0;2
"Total sex";"2024";"Employees, managers";"30-34 years";"CG Manufacture of plastic, glass and concrete";5;9;6;14;8
"Total sex";"2024";"Employees, managers";"30-34 years";"CH Basic metals and fabricated metal products";6;5;28;26;13
"Total sex";"2024";"Employees, managers";"30-34 years";"CI Manufacture of electronic components";22;1;4;7;4
"Total sex";"2024";"Employees, managers";"30-34 years";"CJ Electrical equipment";8;1;8;3;2
"Total sex";"2024";"Employees, managers";"30-34 years";"CK Manufacture of machinery";10;12;70;74;41
"Total sex";"2024";"Employees, managers";"30-34 years";"CL Transport equipment";2;2;11;3;4
"Total sex";"2024";"Employees, managers";"30-34 years";"CM Manufacture of funiture and other manufacturing";32;6;47;12;15
"Total sex";"2024";"Employees, managers";"30-34 years";"D Electricity, gas, steam and air conditioning supply";52;1;18;28;8
"Total sex";"2024";"Employees, managers";"30-34 years";"E Water supply, sewerage and waste management";7;6;6;4;3
"Total sex";"2024";"Employees, managers";"30-34 years";"F Construction";188;76;99;145;66
"Total sex";"2024";"Employees, managers";"30-34 years";"G Wholesale and retail trade";1080;253;424;557;169
"Total sex";"2024";"Employees, managers";"30-34 years";"H Transportation";150;8;31;31;9
"Total sex";"2024";"Employees, managers";"30-34 years";"I Accommodation and food service activities";207;18;40;45;20
"Total sex";"2024";"Employees, managers";"30-34 years";"JA Publishing, television and radio broadcasting";103;2;8;10;2
"Total sex";"2024";"Employees, managers";"30-34 years";"JB Telecommunications";37;0;7;20;2
"Total sex";"2024";"Employees, managers";"30-34 years";"JC IT and information service activities";250;5;19;79;13
"Total sex";"2024";"Employees, managers";"30-34 years";"K Financial and insurance";223;6;50;39;7
"Total sex";"2024";"Employees, managers";"30-34 years";"L Real estate activities";43;4;13;5;9
"Total sex";"2024";"Employees, managers";"30-34 years";"MA Consultancy etc.";236;23;34;69;24
"Total sex";"2024";"Employees, managers";"30-34 years";"MB Scientific research and development";26;4;7;7;1
"Total sex";"2024";"Employees, managers";"30-34 years";"MC Advertising and other business services";82;3;7;20;4
"Total sex";"2024";"Employees, managers";"30-34 years";"N Travel agent, cleaning, and other operationel services";230;21;36;79;22
"Total sex";"2024";"Employees, managers";"30-34 years";"O Public administration, defence and compulsory social security";105;20;22;20;9
"Total sex";"2024";"Employees, managers";"30-34 years";"P Education";42;17;24;27;16
"Total sex";"2024";"Employees, managers";"30-34 years";"QA Human health activities";20;2;7;10;1
"Total sex";"2024";"Employees, managers";"30-34 years";"QB Residential care";94;30;41;58;27
"Total sex";"2024";"Employees, managers";"30-34 years";"R Arts, entertainment and recreation activities";67;15;19;23;7
"Total sex";"2024";"Employees, managers";"30-34 years";"S Other service activities etc.";76;5;19;17;8
"Total sex";"2024";"Employees, managers";"30-34 years";"X Activity not stated";0;0;0;0;0
"Total sex";"2024";"Employees, managers";"35-39 years";"A Agriculture, forestry and fishing";2;6;10;7;1
"Total sex";"2024";"Employees, managers";"35-39 years";"B Mining and quarrying";10;0;8;1;0
"Total sex";"2024";"Employees, managers";"35-39 years";"CA Manufacture of food products, beverages and tobacco";40;21;47;28;18
"Total sex";"2024";"Employees, managers";"35-39 years";"CB Textiles and leather products";10;1;3;13;6
"Total sex";"2024";"Employees, managers";"35-39 years";"CC Wood and paper products and printing";1;1;9;36;9
"Total sex";"2024";"Employees, managers";"35-39 years";"CD Oil refinery etc.";0;0;0;0;0
"Total sex";"2024";"Employees, managers";"35-39 years";"CE Manufacture of chemicals";22;1;6;5;1
"Total sex";"2024";"Employees, managers";"35-39 years";"CF Pharmaceuticals";186;18;3;0;3
"Total sex";"2024";"Employees, managers";"35-39 years";"CG Manufacture of plastic, glass and concrete";13;20;27;27;16
"Total sex";"2024";"Employees, managers";"35-39 years";"CH Basic metals and fabricated metal products";13;8;46;41;21
"Total sex";"2024";"Employees, managers";"35-39 years";"CI Manufacture of electronic components";44;1;7;18;4
"Total sex";"2024";"Employees, managers";"35-39 years";"CJ Electrical equipment";9;1;17;11;6
"Total sex";"2024";"Employees, managers";"35-39 years";"CK Manufacture of machinery";26;16;113;169;65
"Total sex";"2024";"Employees, managers";"35-39 years";"CL Transport equipment";7;1;15;8;6
"Total sex";"2024";"Employees, managers";"35-39 years";"CM Manufacture of funiture and other manufacturing";43;8;80;31;10
"Total sex";"2024";"Employees, managers";"35-39 years";"D Electricity, gas, steam and air conditioning supply";78;8;49;36;9
"Total sex";"2024";"Employees, managers";"35-39 years";"E Water supply, sewerage and waste management";13;10;13;9;8
"Total sex";"2024";"Employees, managers";"35-39 years";"F Construction";282;140;150;208;85
"Total sex";"2024";"Employees, managers";"35-39 years";"G Wholesale and retail trade";1111;301;473;583;189
"Total sex";"2024";"Employees, managers";"35-39 years";"H Transportation";307;22;63;37;20
"Total sex";"2024";"Employees, managers";"35-39 years";"I Accommodation and food service activities";169;14;52;38;23
"Total sex";"2024";"Employees, managers";"35-39 years";"JA Publishing, television and radio broadcasting";137;4;20;18;2
"Total sex";"2024";"Employees, managers";"35-39 years";"JB Telecommunications";54;0;8;31;8
"Total sex";"2024";"Employees, managers";"35-39 years";"JC IT and information service activities";383;11;43;123;30
"Total sex";"2024";"Employees, managers";"35-39 years";"K Financial and insurance";501;22;60;76;13
"Total sex";"2024";"Employees, managers";"35-39 years";"L Real estate activities";75;8;12;22;13
"Total sex";"2024";"Employees, managers";"35-39 years";"MA Consultancy etc.";401;28;69;103;41
"Total sex";"2024";"Employees, managers";"35-39 years";"MB Scientific research and development";48;4;10;9;5
"Total sex";"2024";"Employees, managers";"35-39 years";"MC Advertising and other business services";93;0;10;30;6
"Total sex";"2024";"Employees, managers";"35-39 years";"N Travel agent, cleaning, and other operationel services";292;48;67;117;39
"Total sex";"2024";"Employees, managers";"35-39 years";"O Public administration, defence and compulsory social security";288;30;53;61;36
"Total sex";"2024";"Employees, managers";"35-39 years";"P Education";128;68;94;90;32
"Total sex";"2024";"Employees, managers";"35-39 years";"QA Human health activities";40;2;12;10;7
"Total sex";"2024";"Employees, managers";"35-39 years";"QB Residential care";187;52;97;142;58
"Total sex";"2024";"Employees, managers";"35-39 years";"R Arts, entertainment and recreation activities";64;12;29;33;5
"Total sex";"2024";"Employees, managers";"35-39 years";"S Other service activities etc.";117;11;26;27;6
"Total sex";"2024";"Employees, managers";"35-39 years";"X Activity not stated";0;0;0;0;0
"Total sex";"2024";"Employees, managers";"40-44 years";"A Agriculture, forestry and fishing";1;9;11;7;9
"Total sex";"2024";"Employees, managers";"40-44 years";"B Mining and quarrying";16;0;10;3;3
"Total sex";"2024";"Employees, managers";"40-44 years";"CA Manufacture of food products, beverages and tobacco";30;17;63;49;20
"Total sex";"2024";"Employees, managers";"40-44 years";"CB Textiles and leather products";5;1;6;16;5
"Total sex";"2024";"Employees, managers";"40-44 years";"CC Wood and paper products and printing";6;1;14;24;16
"Total sex";"2024";"Employees, managers";"40-44 years";"CD Oil refinery etc.";0;2;1;0;0
"Total sex";"2024";"Employees, managers";"40-44 years";"CE Manufacture of chemicals";29;2;10;16;0
"Total sex";"2024";"Employees, managers";"40-44 years";"CF Pharmaceuticals";222;15;4;0;7
"Total sex";"2024";"Employees, managers";"40-44 years";"CG Manufacture of plastic, glass and concrete";25;12;36;32;16
"Total sex";"2024";"Employees, managers";"40-44 years";"CH Basic metals and fabricated metal products";17;20;59;64;23
"Total sex";"2024";"Employees, managers";"40-44 years";"CI Manufacture of electronic components";66;3;13;24;5
"Total sex";"2024";"Employees, managers";"40-44 years";"CJ Electrical equipment";23;0;27;14;9
"Total sex";"2024";"Employees, managers";"40-44 years";"CK Manufacture of machinery";44;25;155;262;72
"Total sex";"2024";"Employees, managers";"40-44 years";"CL Transport equipment";6;2;16;8;7
"Total sex";"2024";"Employees, managers";"40-44 years";"CM Manufacture of funiture and other manufacturing";60;19;134;33;30
"Total sex";"2024";"Employees, managers";"40-44 years";"D Electricity, gas, steam and air conditioning supply";76;11;80;36;15
"Total sex";"2024";"Employees, managers";"40-44 years";"E Water supply, sewerage and waste management";7;15;9;10;9
"Total sex";"2024";"Employees, managers";"40-44 years";"F Construction";330;176;215;260;97
"Total sex";"2024";"Employees, managers";"40-44 years";"G Wholesale and retail trade";1236;298;594;671;206
"Total sex";"2024";"Employees, managers";"40-44 years";"H Transportation";348;28;89;60;25
"Total sex";"2024";"Employees, managers";"40-44 years";"I Accommodation and food service activities";167;13;53;44;16
"Total sex";"2024";"Employees, managers";"40-44 years";"JA Publishing, television and radio broadcasting";182;2;41;22;6
"Total sex";"2024";"Employees, managers";"40-44 years";"JB Telecommunications";68;2;11;38;7
"Total sex";"2024";"Employees, managers";"40-44 years";"JC IT and information service activities";394;10;50;153;36
"Total sex";"2024";"Employees, managers";"40-44 years";"K Financial and insurance";602;26;73;107;22
"Total sex";"2024";"Employees, managers";"40-44 years";"L Real estate activities";86;19;20;35;10
"Total sex";"2024";"Employees, managers";"40-44 years";"MA Consultancy etc.";525;43;121;144;36
"Total sex";"2024";"Employees, managers";"40-44 years";"MB Scientific research and development";92;10;23;29;2
"Total sex";"2024";"Employees, managers";"40-44 years";"MC Advertising and other business services";114;3;14;40;11
"Total sex";"2024";"Employees, managers";"40-44 years";"N Travel agent, cleaning, and other operationel services";324;49;88;137;37
"Total sex";"2024";"Employees, managers";"40-44 years";"O Public administration, defence and compulsory social security";413;54;110;122;59
"Total sex";"2024";"Employees, managers";"40-44 years";"P Education";219;112;171;188;94
"Total sex";"2024";"Employees, managers";"40-44 years";"QA Human health activities";59;8;20;28;7
"Total sex";"2024";"Employees, managers";"40-44 years";"QB Residential care";312;111;128;190;70
"Total sex";"2024";"Employees, managers";"40-44 years";"R Arts, entertainment and recreation activities";106;14;33;36;15
"Total sex";"2024";"Employees, managers";"40-44 years";"S Other service activities etc.";163;13;26;37;9
"Total sex";"2024";"Employees, managers";"40-44 years";"X Activity not stated";0;0;0;0;0
"Total sex";"2024";"Employees, managers";"45-49 years";"A Agriculture, forestry and fishing";5;11;16;8;2
"Total sex";"2024";"Employees, managers";"45-49 years";"B Mining and quarrying";22;2;23;8;3
"Total sex";"2024";"Employees, managers";"45-49 years";"CA Manufacture of food products, beverages and tobacco";69;47;79;96;41
"Total sex";"2024";"Employees, managers";"45-49 years";"CB Textiles and leather products";0;3;12;26;12
"Total sex";"2024";"Employees, managers";"45-49 years";"CC Wood and paper products and printing";13;7;26;55;25
"Total sex";"2024";"Employees, managers";"45-49 years";"CD Oil refinery etc.";0;3;3;0;0
"Total sex";"2024";"Employees, managers";"45-49 years";"CE Manufacture of chemicals";59;7;14;27;6
"Total sex";"2024";"Employees, managers";"45-49 years";"CF Pharmaceuticals";300;20;7;0;1
"Total sex";"2024";"Employees, managers";"45-49 years";"CG Manufacture of plastic, glass and concrete";28;14;57;66;45
"Total sex";"2024";"Employees, managers";"45-49 years";"CH Basic metals and fabricated metal products";21;23;103;93;44
"Total sex";"2024";"Employees, managers";"45-49 years";"CI Manufacture of electronic components";100;8;18;43;10
"Total sex";"2024";"Employees, managers";"45-49 years";"CJ Electrical equipment";30;7;35;23;10
"Total sex";"2024";"Employees, managers";"45-49 years";"CK Manufacture of machinery";47;47;185;295;101
"Total sex";"2024";"Employees, managers";"45-49 years";"CL Transport equipment";3;4;23;15;7
"Total sex";"2024";"Employees, managers";"45-49 years";"CM Manufacture of funiture and other manufacturing";70;20;138;72;32
"Total sex";"2024";"Employees, managers";"45-49 years";"D Electricity, gas, steam and air conditioning supply";60;13;66;36;16
"Total sex";"2024";"Employees, managers";"45-49 years";"E Water supply, sewerage and waste management";26;22;20;21;9
"Total sex";"2024";"Employees, managers";"45-49 years";"F Construction";415;195;241;339;148
"Total sex";"2024";"Employees, managers";"45-49 years";"G Wholesale and retail trade";1557;419;835;940;320
"Total sex";"2024";"Employees, managers";"45-49 years";"H Transportation";369;37;127;87;42
"Total sex";"2024";"Employees, managers";"45-49 years";"I Accommodation and food service activities";182;25;56;46;19
"Total sex";"2024";"Employees, managers";"45-49 years";"JA Publishing, television and radio broadcasting";228;7;24;24;7
"Total sex";"2024";"Employees, managers";"45-49 years";"JB Telecommunications";74;4;8;38;8
"Total sex";"2024";"Employees, managers";"45-49 years";"JC IT and information service activities";473;10;75;173;46
"Total sex";"2024";"Employees, managers";"45-49 years";"K Financial and insurance";737;36;116;149;36
"Total sex";"2024";"Employees, managers";"45-49 years";"L Real estate activities";140;12;37;54;15
"Total sex";"2024";"Employees, managers";"45-49 years";"MA Consultancy etc.";651;83;182;213;64
"Total sex";"2024";"Employees, managers";"45-49 years";"MB Scientific research and development";132;10;19;37;5
"Total sex";"2024";"Employees, managers";"45-49 years";"MC Advertising and other business services";133;12;22;41;5
"Total sex";"2024";"Employees, managers";"45-49 years";"N Travel agent, cleaning, and other operationel services";378;80;97;122;48
"Total sex";"2024";"Employees, managers";"45-49 years";"O Public administration, defence and compulsory social security";651;122;207;193;85
"Total sex";"2024";"Employees, managers";"45-49 years";"P Education";389;197;354;383;151
"Total sex";"2024";"Employees, managers";"45-49 years";"QA Human health activities";92;19;27;39;10
"Total sex";"2024";"Employees, managers";"45-49 years";"QB Residential care";472;170;244;296;129
"Total sex";"2024";"Employees, managers";"45-49 years";"R Arts, entertainment and recreation activities";120;21;60;59;25
"Total sex";"2024";"Employees, managers";"45-49 years";"S Other service activities etc.";266;23;43;47;17
"Total sex";"2024";"Employees, managers";"45-49 years";"X Activity not stated";0;0;0;0;0
"Total sex";"2024";"Employees, managers";"50-54 years";"A Agriculture, forestry and fishing";2;18;16;16;12
"Total sex";"2024";"Employees, managers";"50-54 years";"B Mining and quarrying";16;2;23;13;4
"Total sex";"2024";"Employees, managers";"50-54 years";"CA Manufacture of food products, beverages and tobacco";60;46;131;116;46
"Total sex";"2024";"Employees, managers";"50-54 years";"CB Textiles and leather products";1;3;18;38;24
"Total sex";"2024";"Employees, managers";"50-54 years";"CC Wood and paper products and printing";28;15;39;85;28
"Total sex";"2024";"Employees, managers";"50-54 years";"CD Oil refinery etc.";0;2;5;0;0
"Total sex";"2024";"Employees, managers";"50-54 years";"CE Manufacture of chemicals";52;7;26;31;2
"Total sex";"2024";"Employees, managers";"50-54 years";"CF Pharmaceuticals";339;21;6;1;2
"Total sex";"2024";"Employees, managers";"50-54 years";"CG Manufacture of plastic, glass and concrete";52;49;80;83;38
"Total sex";"2024";"Employees, managers";"50-54 years";"CH Basic metals and fabricated metal products";43;35;129;154;78
"Total sex";"2024";"Employees, managers";"50-54 years";"CI Manufacture of electronic components";133;7;15;51;17
"Total sex";"2024";"Employees, managers";"50-54 years";"CJ Electrical equipment";24;8;71;35;14
"Total sex";"2024";"Employees, managers";"50-54 years";"CK Manufacture of machinery";95;54;270;380;97
"Total sex";"2024";"Employees, managers";"50-54 years";"CL Transport equipment";7;6;30;23;10
"Total sex";"2024";"Employees, managers";"50-54 years";"CM Manufacture of funiture and other manufacturing";111;47;163;100;47
"Total sex";"2024";"Employees, managers";"50-54 years";"D Electricity, gas, steam and air conditioning supply";80;24;85;47;23
"Total sex";"2024";"Employees, managers";"50-54 years";"E Water supply, sewerage and waste management";22;16;30;27;14
"Total sex";"2024";"Employees, managers";"50-54 years";"F Construction";446;214;288;356;127
"Total sex";"2024";"Employees, managers";"50-54 years";"G Wholesale and retail trade";1750;493;961;1196;353
"Total sex";"2024";"Employees, managers";"50-54 years";"H Transportation";431;58;152;133;45
"Total sex";"2024";"Employees, managers";"50-54 years";"I Accommodation and food service activities";166;29;73;55;32
"Total sex";"2024";"Employees, managers";"50-54 years";"JA Publishing, television and radio broadcasting";242;8;33;32;11
"Total sex";"2024";"Employees, managers";"50-54 years";"JB Telecommunications";63;8;7;34;13
"Total sex";"2024";"Employees, managers";"50-54 years";"JC IT and information service activities";537;23;67;166;48
"Total sex";"2024";"Employees, managers";"50-54 years";"K Financial and insurance";771;58;115;144;29
"Total sex";"2024";"Employees, managers";"50-54 years";"L Real estate activities";158;19;51;73;29
"Total sex";"2024";"Employees, managers";"50-54 years";"MA Consultancy etc.";800;101;191;263;87
"Total sex";"2024";"Employees, managers";"50-54 years";"MB Scientific research and development";168;19;19;51;6
"Total sex";"2024";"Employees, managers";"50-54 years";"MC Advertising and other business services";146;9;40;59;10
"Total sex";"2024";"Employees, managers";"50-54 years";"N Travel agent, cleaning, and other operationel services";480;79;106;174;53
"Total sex";"2024";"Employees, managers";"50-54 years";"O Public administration, defence and compulsory social security";821;158;257;307;147
"Total sex";"2024";"Employees, managers";"50-54 years";"P Education";504;275;421;418;144
"Total sex";"2024";"Employees, managers";"50-54 years";"QA Human health activities";116;24;46;41;14
"Total sex";"2024";"Employees, managers";"50-54 years";"QB Residential care";523;210;275;312;140
"Total sex";"2024";"Employees, managers";"50-54 years";"R Arts, entertainment and recreation activities";140;33;50;61;28
"Total sex";"2024";"Employees, managers";"50-54 years";"S Other service activities etc.";302;40;66;67;20
"Total sex";"2024";"Employees, managers";"50-54 years";"X Activity not stated";0;0;0;0;0
"Total sex";"2024";"Employees, managers";"55-59 years";"A Agriculture, forestry and fishing";4;15;25;23;9
"Total sex";"2024";"Employees, managers";"55-59 years";"B Mining and quarrying";14;3;28;4;6
"Total sex";"2024";"Employees, managers";"55-59 years";"CA Manufacture of food products, beverages and tobacco";68;46;138;147;52
"Total sex";"2024";"Employees, managers";"55-59 years";"CB Textiles and leather products";1;1;21;46;18
"Total sex";"2024";"Employees, managers";"55-59 years";"CC Wood and paper products and printing";25;23;67;101;53
"Total sex";"2024";"Employees, managers";"55-59 years";"CD Oil refinery etc.";1;5;3;0;0
"Total sex";"2024";"Employees, managers";"55-59 years";"CE Manufacture of chemicals";57;12;34;29;5
"Total sex";"2024";"Employees, managers";"55-59 years";"CF Pharmaceuticals";234;16;1;1;2
"Total sex";"2024";"Employees, managers";"55-59 years";"CG Manufacture of plastic, glass and concrete";50;47;87;105;44
"Total sex";"2024";"Employees, managers";"55-59 years";"CH Basic metals and fabricated metal products";53;49;168;177;81
"Total sex";"2024";"Employees, managers";"55-59 years";"CI Manufacture of electronic components";124;7;17;56;15
"Total sex";"2024";"Employees, managers";"55-59 years";"CJ Electrical equipment";40;12;62;35;18
"Total sex";"2024";"Employees, managers";"55-59 years";"CK Manufacture of machinery";112;80;289;362;95
"Total sex";"2024";"Employees, managers";"55-59 years";"CL Transport equipment";7;5;31;23;24
"Total sex";"2024";"Employees, managers";"55-59 years";"CM Manufacture of funiture and other manufacturing";95;35;137;114;56
"Total sex";"2024";"Employees, managers";"55-59 years";"D Electricity, gas, steam and air conditioning supply";63;13;59;37;5
"Total sex";"2024";"Employees, managers";"55-59 years";"E Water supply, sewerage and waste management";45;27;33;30;10
"Total sex";"2024";"Employees, managers";"55-59 years";"F Construction";466;254;290;336;136
"Total sex";"2024";"Employees, managers";"55-59 years";"G Wholesale and retail trade";1618;439;949;972;335
"Total sex";"2024";"Employees, managers";"55-59 years";"H Transportation";359;75;143;136;42
"Total sex";"2024";"Employees, managers";"55-59 years";"I Accommodation and food service activities";144;28;58;39;30
"Total sex";"2024";"Employees, managers";"55-59 years";"JA Publishing, television and radio broadcasting";162;7;29;28;9
"Total sex";"2024";"Employees, managers";"55-59 years";"JB Telecommunications";65;9;12;15;8
"Total sex";"2024";"Employees, managers";"55-59 years";"JC IT and information service activities";413;18;57;124;29
"Total sex";"2024";"Employees, managers";"55-59 years";"K Financial and insurance";637;58;153;157;50
"Total sex";"2024";"Employees, managers";"55-59 years";"L Real estate activities";195;37;56;60;39
"Total sex";"2024";"Employees, managers";"55-59 years";"MA Consultancy etc.";712;121;220;199;66
"Total sex";"2024";"Employees, managers";"55-59 years";"MB Scientific research and development";146;17;18;27;5
"Total sex";"2024";"Employees, managers";"55-59 years";"MC Advertising and other business services";94;9;39;39;6
"Total sex";"2024";"Employees, managers";"55-59 years";"N Travel agent, cleaning, and other operationel services";422;71;116;145;44
"Total sex";"2024";"Employees, managers";"55-59 years";"O Public administration, defence and compulsory social security";684;162;250;227;135
"Total sex";"2024";"Employees, managers";"55-59 years";"P Education";415;235;328;327;138
"Total sex";"2024";"Employees, managers";"55-59 years";"QA Human health activities";86;21;36;41;13
"Total sex";"2024";"Employees, managers";"55-59 years";"QB Residential care";512;193;266;292;142
"Total sex";"2024";"Employees, managers";"55-59 years";"R Arts, entertainment and recreation activities";121;30;52;60;21
"Total sex";"2024";"Employees, managers";"55-59 years";"S Other service activities etc.";331;39;68;84;23
"Total sex";"2024";"Employees, managers";"55-59 years";"X Activity not stated";0;0;0;0;0
"Total sex";"2024";"Employees, managers";"60-64 years";"A Agriculture, forestry and fishing";5;15;16;18;7
"Total sex";"2024";"Employees, managers";"60-64 years";"B Mining and quarrying";9;7;17;5;4
"Total sex";"2024";"Employees, managers";"60-64 years";"CA Manufacture of food products, beverages and tobacco";39;39;77;78;40
"Total sex";"2024";"Employees, managers";"60-64 years";"CB Textiles and leather products";1;1;15;36;16
"Total sex";"2024";"Employees, managers";"60-64 years";"CC Wood and paper products and printing";23;4;40;55;26
"Total sex";"2024";"Employees, managers";"60-64 years";"CD Oil refinery etc.";0;2;0;0;0
"Total sex";"2024";"Employees, managers";"60-64 years";"CE Manufacture of chemicals";28;9;13;21;5
"Total sex";"2024";"Employees, managers";"60-64 years";"CF Pharmaceuticals";113;4;2;2;1
"Total sex";"2024";"Employees, managers";"60-64 years";"CG Manufacture of plastic, glass and concrete";40;31;60;91;31
"Total sex";"2024";"Employees, managers";"60-64 years";"CH Basic metals and fabricated metal products";46;42;104;125;53
"Total sex";"2024";"Employees, managers";"60-64 years";"CI Manufacture of electronic components";88;9;14;48;11
"Total sex";"2024";"Employees, managers";"60-64 years";"CJ Electrical equipment";26;2;40;27;16
"Total sex";"2024";"Employees, managers";"60-64 years";"CK Manufacture of machinery";61;53;175;199;59
"Total sex";"2024";"Employees, managers";"60-64 years";"CL Transport equipment";4;9;18;19;12
"Total sex";"2024";"Employees, managers";"60-64 years";"CM Manufacture of funiture and other manufacturing";50;24;91;77;38
"Total sex";"2024";"Employees, managers";"60-64 years";"D Electricity, gas, steam and air conditioning supply";28;8;31;26;12
"Total sex";"2024";"Employees, managers";"60-64 years";"E Water supply, sewerage and waste management";25;27;16;30;13
"Total sex";"2024";"Employees, managers";"60-64 years";"F Construction";327;141;195;220;114
"Total sex";"2024";"Employees, managers";"60-64 years";"G Wholesale and retail trade";992;293;592;621;225
"Total sex";"2024";"Employees, managers";"60-64 years";"H Transportation";234;40;88;79;40
"Total sex";"2024";"Employees, managers";"60-64 years";"I Accommodation and food service activities";85;13;36;26;18
"Total sex";"2024";"Employees, managers";"60-64 years";"JA Publishing, television and radio broadcasting";98;7;17;13;3
"Total sex";"2024";"Employees, managers";"60-64 years";"JB Telecommunications";23;3;2;9;1
"Total sex";"2024";"Employees, managers";"60-64 years";"JC IT and information service activities";201;7;39;50;20
"Total sex";"2024";"Employees, managers";"60-64 years";"K Financial and insurance";365;37;102;124;37
"Total sex";"2024";"Employees, managers";"60-64 years";"L Real estate activities";110;30;51;68;24
"Total sex";"2024";"Employees, managers";"60-64 years";"MA Consultancy etc.";427;68;126;175;61
"Total sex";"2024";"Employees, managers";"60-64 years";"MB Scientific research and development";85;10;13;27;2
"Total sex";"2024";"Employees, managers";"60-64 years";"MC Advertising and other business services";52;15;27;26;9
"Total sex";"2024";"Employees, managers";"60-64 years";"N Travel agent, cleaning, and other operationel services";237;49;68;99;41
"Total sex";"2024";"Employees, managers";"60-64 years";"O Public administration, defence and compulsory social security";459;112;164;193;104
"Total sex";"2024";"Employees, managers";"60-64 years";"P Education";302;171;215;227;87
"Total sex";"2024";"Employees, managers";"60-64 years";"QA Human health activities";60;19;31;29;10
"Total sex";"2024";"Employees, managers";"60-64 years";"QB Residential care";397;170;256;279;110
"Total sex";"2024";"Employees, managers";"60-64 years";"R Arts, entertainment and recreation activities";67;22;39;55;20
"Total sex";"2024";"Employees, managers";"60-64 years";"S Other service activities etc.";275;49;86;73;26
"Total sex";"2024";"Employees, managers";"60-64 years";"X Activity not stated";0;0;0;0;0
"Total sex";"2024";"Employees, managers";"65-66 years";"A Agriculture, forestry and fishing";2;3;5;6;3
"Total sex";"2024";"Employees, managers";"65-66 years";"B Mining and quarrying";2;0;3;1;0
"Total sex";"2024";"Employees, managers";"65-66 years";"CA Manufacture of food products, beverages and tobacco";7;7;16;16;8
"Total sex";"2024";"Employees, managers";"65-66 years";"CB Textiles and leather products";4;0;1;6;7
"Total sex";"2024";"Employees, managers";"65-66 years";"CC Wood and paper products and printing";6;2;8;21;4
"Total sex";"2024";"Employees, managers";"65-66 years";"CD Oil refinery etc.";0;0;0;0;0
"Total sex";"2024";"Employees, managers";"65-66 years";"CE Manufacture of chemicals";6;7;4;8;3
"Total sex";"2024";"Employees, managers";"65-66 years";"CF Pharmaceuticals";21;1;0;0;0
"Total sex";"2024";"Employees, managers";"65-66 years";"CG Manufacture of plastic, glass and concrete";5;11;9;12;13
"Total sex";"2024";"Employees, managers";"65-66 years";"CH Basic metals and fabricated metal products";9;7;25;25;12
"Total sex";"2024";"Employees, managers";"65-66 years";"CI Manufacture of electronic components";19;1;3;10;7
"Total sex";"2024";"Employees, managers";"65-66 years";"CJ Electrical equipment";10;2;8;5;2
"Total sex";"2024";"Employees, managers";"65-66 years";"CK Manufacture of machinery";8;9;30;44;9
"Total sex";"2024";"Employees, managers";"65-66 years";"CL Transport equipment";3;1;5;2;5
"Total sex";"2024";"Employees, managers";"65-66 years";"CM Manufacture of funiture and other manufacturing";14;5;18;12;5
"Total sex";"2024";"Employees, managers";"65-66 years";"D Electricity, gas, steam and air conditioning supply";7;1;8;7;1
"Total sex";"2024";"Employees, managers";"65-66 years";"E Water supply, sewerage and waste management";6;5;6;11;0
"Total sex";"2024";"Employees, managers";"65-66 years";"F Construction";85;37;55;51;32
"Total sex";"2024";"Employees, managers";"65-66 years";"G Wholesale and retail trade";191;56;107;126;41
"Total sex";"2024";"Employees, managers";"65-66 years";"H Transportation";49;8;26;25;15
"Total sex";"2024";"Employees, managers";"65-66 years";"I Accommodation and food service activities";7;2;4;6;3
"Total sex";"2024";"Employees, managers";"65-66 years";"JA Publishing, television and radio broadcasting";20;1;3;6;3
"Total sex";"2024";"Employees, managers";"65-66 years";"JB Telecommunications";1;1;0;2;0
"Total sex";"2024";"Employees, managers";"65-66 years";"JC IT and information service activities";26;2;7;12;3
"Total sex";"2024";"Employees, managers";"65-66 years";"K Financial and insurance";57;1;17;24;15
"Total sex";"2024";"Employees, managers";"65-66 years";"L Real estate activities";26;8;5;21;6
"Total sex";"2024";"Employees, managers";"65-66 years";"MA Consultancy etc.";95;17;21;26;18
"Total sex";"2024";"Employees, managers";"65-66 years";"MB Scientific research and development";16;1;1;5;0
"Total sex";"2024";"Employees, managers";"65-66 years";"MC Advertising and other business services";12;2;4;8;1
"Total sex";"2024";"Employees, managers";"65-66 years";"N Travel agent, cleaning, and other operationel services";49;14;11;15;8
"Total sex";"2024";"Employees, managers";"65-66 years";"O Public administration, defence and compulsory social security";104;31;48;51;22
"Total sex";"2024";"Employees, managers";"65-66 years";"P Education";57;29;50;43;20
"Total sex";"2024";"Employees, managers";"65-66 years";"QA Human health activities";14;8;3;5;2
"Total sex";"2024";"Employees, managers";"65-66 years";"QB Residential care";90;39;41;52;19
"Total sex";"2024";"Employees, managers";"65-66 years";"R Arts, entertainment and recreation activities";16;7;12;8;4
"Total sex";"2024";"Employees, managers";"65-66 years";"S Other service activities etc.";75;18;39;25;18
"Total sex";"2024";"Employees, managers";"65-66 years";"X Activity not stated";0;0;0;0;0
"Total sex";"2024";"Employees, managers";"67 years and over";"A Agriculture, forestry and fishing";2;5;9;3;6
"Total sex";"2024";"Employees, managers";"67 years and over";"B Mining and quarrying";1;3;1;1;2
"Total sex";"2024";"Employees, managers";"67 years and over";"CA Manufacture of food products, beverages and tobacco";9;6;24;14;15
"Total sex";"2024";"Employees, managers";"67 years and over";"CB Textiles and leather products";2;1;3;6;2
"Total sex";"2024";"Employees, managers";"67 years and over";"CC Wood and paper products and printing";12;7;14;27;9
"Total sex";"2024";"Employees, managers";"67 years and over";"CD Oil refinery etc.";1;0;1;0;0
"Total sex";"2024";"Employees, managers";"67 years and over";"CE Manufacture of chemicals";10;6;6;5;5
"Total sex";"2024";"Employees, managers";"67 years and over";"CF Pharmaceuticals";14;2;1;1;0
"Total sex";"2024";"Employees, managers";"67 years and over";"CG Manufacture of plastic, glass and concrete";10;12;21;29;6
"Total sex";"2024";"Employees, managers";"67 years and over";"CH Basic metals and fabricated metal products";18;20;37;41;16
"Total sex";"2024";"Employees, managers";"67 years and over";"CI Manufacture of electronic components";20;4;8;12;4
"Total sex";"2024";"Employees, managers";"67 years and over";"CJ Electrical equipment";11;2;9;13;2
"Total sex";"2024";"Employees, managers";"67 years and over";"CK Manufacture of machinery";36;15;52;46;18
"Total sex";"2024";"Employees, managers";"67 years and over";"CL Transport equipment";3;0;6;6;4
"Total sex";"2024";"Employees, managers";"67 years and over";"CM Manufacture of funiture and other manufacturing";12;10;21;13;14
"Total sex";"2024";"Employees, managers";"67 years and over";"D Electricity, gas, steam and air conditioning supply";5;5;13;8;3
"Total sex";"2024";"Employees, managers";"67 years and over";"E Water supply, sewerage and waste management";8;8;11;13;2
"Total sex";"2024";"Employees, managers";"67 years and over";"F Construction";130;64;91;125;45
"Total sex";"2024";"Employees, managers";"67 years and over";"G Wholesale and retail trade";255;106;194;206;93
"Total sex";"2024";"Employees, managers";"67 years and over";"H Transportation";63;22;47;49;24
"Total sex";"2024";"Employees, managers";"67 years and over";"I Accommodation and food service activities";17;7;13;12;5
"Total sex";"2024";"Employees, managers";"67 years and over";"JA Publishing, television and radio broadcasting";19;2;4;5;6
"Total sex";"2024";"Employees, managers";"67 years and over";"JB Telecommunications";2;0;1;0;0
"Total sex";"2024";"Employees, managers";"67 years and over";"JC IT and information service activities";34;0;9;15;5
"Total sex";"2024";"Employees, managers";"67 years and over";"K Financial and insurance";101;16;50;70;29
"Total sex";"2024";"Employees, managers";"67 years and over";"L Real estate activities";85;30;55;88;27
"Total sex";"2024";"Employees, managers";"67 years and over";"MA Consultancy etc.";134;36;56;61;15
"Total sex";"2024";"Employees, managers";"67 years and over";"MB Scientific research and development";21;3;2;4;0
"Total sex";"2024";"Employees, managers";"67 years and over";"MC Advertising and other business services";11;3;6;10;5
"Total sex";"2024";"Employees, managers";"67 years and over";"N Travel agent, cleaning, and other operationel services";76;18;25;32;18
"Total sex";"2024";"Employees, managers";"67 years and over";"O Public administration, defence and compulsory social security";151;75;89;91;72
"Total sex";"2024";"Employees, managers";"67 years and over";"P Education";49;37;33;23;13
"Total sex";"2024";"Employees, managers";"67 years and over";"QA Human health activities";6;10;6;8;0
"Total sex";"2024";"Employees, managers";"67 years and over";"QB Residential care";83;50;28;30;20
"Total sex";"2024";"Employees, managers";"67 years and over";"R Arts, entertainment and recreation activities";26;11;12;18;3
"Total sex";"2024";"Employees, managers";"67 years and over";"S Other service activities etc.";377;361;445;288;191
"Total sex";"2024";"Employees, managers";"67 years and over";"X Activity not stated";0;0;0;0;0
"Total sex";"2024";"Employees - upper level";"Under 16 years";"A Agriculture, forestry and fishing";0;0;4;5;3
"Total sex";"2024";"Employees - upper level";"Under 16 years";"B Mining and quarrying";0;0;0;0;0
"Total sex";"2024";"Employees - upper level";"Under 16 years";"CA Manufacture of food products, beverages and tobacco";2;0;2;0;0
"Total sex";"2024";"Employees - upper level";"Under 16 years";"CB Textiles and leather products";0;0;0;0;0
"Total sex";"2024";"Employees - upper level";"Under 16 years";"CC Wood and paper products and printing";9;0;0;0;0
"Total sex";"2024";"Employees - upper level";"Under 16 years";"CD Oil refinery etc.";0;0;0;0;0
"Total sex";"2024";"Employees - upper level";"Under 16 years";"CE Manufacture of chemicals";0;0;0;0;0
"Total sex";"2024";"Employees - upper level";"Under 16 years";"CF Pharmaceuticals";0;0;0;0;0
"Total sex";"2024";"Employees - upper level";"Under 16 years";"CG Manufacture of plastic, glass and concrete";0;0;0;0;1
"Total sex";"2024";"Employees - upper level";"Under 16 years";"CH Basic metals and fabricated metal products";0;0;0;0;0
"Total sex";"2024";"Employees - upper level";"Under 16 years";"CI Manufacture of electronic components";2;0;0;0;0
"Total sex";"2024";"Employees - upper level";"Under 16 years";"CJ Electrical equipment";0;0;0;0;0
"Total sex";"2024";"Employees - upper level";"Under 16 years";"CK Manufacture of machinery";0;0;1;1;0
"Total sex";"2024";"Employees - upper level";"Under 16 years";"CL Transport equipment";0;0;0;0;0
"Total sex";"2024";"Employees - upper level";"Under 16 years";"CM Manufacture of funiture and other manufacturing";0;0;0;0;1
"Total sex";"2024";"Employees - upper level";"Under 16 years";"D Electricity, gas, steam and air conditioning supply";0;0;0;0;0
"Total sex";"2024";"Employees - upper level";"Under 16 years";"E Water supply, sewerage and waste management";0;0;0;0;0
"Total sex";"2024";"Employees - upper level";"Under 16 years";"F Construction";0;1;1;1;2
"Total sex";"2024";"Employees - upper level";"Under 16 years";"G Wholesale and retail trade";16;13;31;18;16
"Total sex";"2024";"Employees - upper level";"Under 16 years";"H Transportation";1;11;23;6;0
"Total sex";"2024";"Employees - upper level";"Under 16 years";"I Accommodation and food service activities";10;4;19;9;8
"Total sex";"2024";"Employees - upper level";"Under 16 years";"JA Publishing, television and radio broadcasting";29;0;0;0;0
"Total sex";"2024";"Employees - upper level";"Under 16 years";"JB Telecommunications";0;0;0;0;0
"Total sex";"2024";"Employees - upper level";"Under 16 years";"JC IT and information service activities";4;3;2;0;1
"Total sex";"2024";"Employees - upper level";"Under 16 years";"K Financial and insurance";0;0;2;2;0
"Total sex";"2024";"Employees - upper level";"Under 16 years";"L Real estate activities";3;1;3;7;1
"Total sex";"2024";"Employees - upper level";"Under 16 years";"MA Consultancy etc.";5;4;1;2;3
"Total sex";"2024";"Employees - upper level";"Under 16 years";"MB Scientific research and development";0;0;0;0;0
"Total sex";"2024";"Employees - upper level";"Under 16 years";"MC Advertising and other business services";9;0;1;5;3
"Total sex";"2024";"Employees - upper level";"Under 16 years";"N Travel agent, cleaning, and other operationel services";4;0;0;2;1
"Total sex";"2024";"Employees - upper level";"Under 16 years";"O Public administration, defence and compulsory social security";0;0;0;0;0
"Total sex";"2024";"Employees - upper level";"Under 16 years";"P Education";32;15;9;22;6
"Total sex";"2024";"Employees - upper level";"Under 16 years";"QA Human health activities";2;1;1;3;2
"Total sex";"2024";"Employees - upper level";"Under 16 years";"QB Residential care";8;2;8;10;2
"Total sex";"2024";"Employees - upper level";"Under 16 years";"R Arts, entertainment and recreation activities";188;23;10;7;7
"Total sex";"2024";"Employees - upper level";"Under 16 years";"S Other service activities etc.";54;97;256;135;130
"Total sex";"2024";"Employees - upper level";"Under 16 years";"X Activity not stated";0;0;0;0;0
"Total sex";"2024";"Employees - upper level";"16-19 years";"A Agriculture, forestry and fishing";0;5;6;8;5
"Total sex";"2024";"Employees - upper level";"16-19 years";"B Mining and quarrying";2;0;0;0;0
"Total sex";"2024";"Employees - upper level";"16-19 years";"CA Manufacture of food products, beverages and tobacco";8;2;3;4;2
"Total sex";"2024";"Employees - upper level";"16-19 years";"CB Textiles and leather products";1;0;1;1;0
"Total sex";"2024";"Employees - upper level";"16-19 years";"CC Wood and paper products and printing";6;1;2;1;1
"Total sex";"2024";"Employees - upper level";"16-19 years";"CD Oil refinery etc.";0;0;0;0;0
"Total sex";"2024";"Employees - upper level";"16-19 years";"CE Manufacture of chemicals";0;0;2;0;0
"Total sex";"2024";"Employees - upper level";"16-19 years";"CF Pharmaceuticals";0;1;0;0;0
"Total sex";"2024";"Employees - upper level";"16-19 years";"CG Manufacture of plastic, glass and concrete";3;0;1;0;0
"Total sex";"2024";"Employees - upper level";"16-19 years";"CH Basic metals and fabricated metal products";0;0;5;3;0
"Total sex";"2024";"Employees - upper level";"16-19 years";"CI Manufacture of electronic components";4;1;2;2;0
"Total sex";"2024";"Employees - upper level";"16-19 years";"CJ Electrical equipment";0;0;1;0;0
"Total sex";"2024";"Employees - upper level";"16-19 years";"CK Manufacture of machinery";6;1;4;5;0
"Total sex";"2024";"Employees - upper level";"16-19 years";"CL Transport equipment";0;2;2;0;0
"Total sex";"2024";"Employees - upper level";"16-19 years";"CM Manufacture of funiture and other manufacturing";0;0;3;0;1
"Total sex";"2024";"Employees - upper level";"16-19 years";"D Electricity, gas, steam and air conditioning supply";1;0;0;0;0
"Total sex";"2024";"Employees - upper level";"16-19 years";"E Water supply, sewerage and waste management";0;0;2;0;0
"Total sex";"2024";"Employees - upper level";"16-19 years";"F Construction";1;5;3;8;1
"Total sex";"2024";"Employees - upper level";"16-19 years";"G Wholesale and retail trade";62;30;62;65;21
"Total sex";"2024";"Employees - upper level";"16-19 years";"H Transportation";4;1;6;2;0
"Total sex";"2024";"Employees - upper level";"16-19 years";"I Accommodation and food service activities";67;24;43;51;26
"Total sex";"2024";"Employees - upper level";"16-19 years";"JA Publishing, television and radio broadcasting";32;1;5;1;1
"Total sex";"2024";"Employees - upper level";"16-19 years";"JB Telecommunications";1;0;0;0;0
"Total sex";"2024";"Employees - upper level";"16-19 years";"JC IT and information service activities";30;6;9;13;3
"Total sex";"2024";"Employees - upper level";"16-19 years";"K Financial and insurance";12;2;6;2;2
"Total sex";"2024";"Employees - upper level";"16-19 years";"L Real estate activities";15;3;0;8;8
"Total sex";"2024";"Employees - upper level";"16-19 years";"MA Consultancy etc.";63;11;9;9;4
"Total sex";"2024";"Employees - upper level";"16-19 years";"MB Scientific research and development";1;0;0;3;1
"Total sex";"2024";"Employees - upper level";"16-19 years";"MC Advertising and other business services";21;2;2;9;3
"Total sex";"2024";"Employees - upper level";"16-19 years";"N Travel agent, cleaning, and other operationel services";16;5;3;9;1
"Total sex";"2024";"Employees - upper level";"16-19 years";"O Public administration, defence and compulsory social security";14;0;3;8;3
"Total sex";"2024";"Employees - upper level";"16-19 years";"P Education";431;225;187;126;60
"Total sex";"2024";"Employees - upper level";"16-19 years";"QA Human health activities";3;2;6;4;6
"Total sex";"2024";"Employees - upper level";"16-19 years";"QB Residential care";35;19;17;23;9
"Total sex";"2024";"Employees - upper level";"16-19 years";"R Arts, entertainment and recreation activities";58;15;18;22;24
"Total sex";"2024";"Employees - upper level";"16-19 years";"S Other service activities etc.";85;45;102;135;51
"Total sex";"2024";"Employees - upper level";"16-19 years";"X Activity not stated";0;0;0;0;0
"Total sex";"2024";"Employees - upper level";"20-24 years";"A Agriculture, forestry and fishing";7;7;16;13;9
"Total sex";"2024";"Employees - upper level";"20-24 years";"B Mining and quarrying";4;1;2;1;0
"Total sex";"2024";"Employees - upper level";"20-24 years";"CA Manufacture of food products, beverages and tobacco";27;14;15;31;7
"Total sex";"2024";"Employees - upper level";"20-24 years";"CB Textiles and leather products";5;0;4;9;1
"Total sex";"2024";"Employees - upper level";"20-24 years";"CC Wood and paper products and printing";4;3;4;6;0
"Total sex";"2024";"Employees - upper level";"20-24 years";"CD Oil refinery etc.";0;2;1;0;0
"Total sex";"2024";"Employees - upper level";"20-24 years";"CE Manufacture of chemicals";13;2;3;9;1
"Total sex";"2024";"Employees - upper level";"20-24 years";"CF Pharmaceuticals";196;34;0;0;1
"Total sex";"2024";"Employees - upper level";"20-24 years";"CG Manufacture of plastic, glass and concrete";5;1;6;8;4
"Total sex";"2024";"Employees - upper level";"20-24 years";"CH Basic metals and fabricated metal products";3;1;11;21;16
"Total sex";"2024";"Employees - upper level";"20-24 years";"CI Manufacture of electronic components";104;2;20;43;7
"Total sex";"2024";"Employees - upper level";"20-24 years";"CJ Electrical equipment";12;0;24;7;6
"Total sex";"2024";"Employees - upper level";"20-24 years";"CK Manufacture of machinery";37;8;92;61;16
"Total sex";"2024";"Employees - upper level";"20-24 years";"CL Transport equipment";0;4;12;2;4
"Total sex";"2024";"Employees - upper level";"20-24 years";"CM Manufacture of funiture and other manufacturing";36;5;57;14;4
"Total sex";"2024";"Employees - upper level";"20-24 years";"D Electricity, gas, steam and air conditioning supply";30;1;11;17;12
"Total sex";"2024";"Employees - upper level";"20-24 years";"E Water supply, sewerage and waste management";6;2;1;3;0
"Total sex";"2024";"Employees - upper level";"20-24 years";"F Construction";133;28;25;60;13
"Total sex";"2024";"Employees - upper level";"20-24 years";"G Wholesale and retail trade";685;113;269;366;104
"Total sex";"2024";"Employees - upper level";"20-24 years";"H Transportation";127;7;40;24;13
"Total sex";"2024";"Employees - upper level";"20-24 years";"I Accommodation and food service activities";402;71;171;213;85
"Total sex";"2024";"Employees - upper level";"20-24 years";"JA Publishing, television and radio broadcasting";379;4;74;74;25
"Total sex";"2024";"Employees - upper level";"20-24 years";"JB Telecommunications";34;1;10;12;0
"Total sex";"2024";"Employees - upper level";"20-24 years";"JC IT and information service activities";801;18;106;375;114
"Total sex";"2024";"Employees - upper level";"20-24 years";"K Financial and insurance";623;53;87;165;50
"Total sex";"2024";"Employees - upper level";"20-24 years";"L Real estate activities";71;4;17;34;15
"Total sex";"2024";"Employees - upper level";"20-24 years";"MA Consultancy etc.";1498;93;139;455;124
"Total sex";"2024";"Employees - upper level";"20-24 years";"MB Scientific research and development";148;14;20;35;11
"Total sex";"2024";"Employees - upper level";"20-24 years";"MC Advertising and other business services";250;11;34;83;23
"Total sex";"2024";"Employees - upper level";"20-24 years";"N Travel agent, cleaning, and other operationel services";252;69;51;81;46
"Total sex";"2024";"Employees - upper level";"20-24 years";"O Public administration, defence and compulsory social security";193;33;70;124;33
"Total sex";"2024";"Employees - upper level";"20-24 years";"P Education";2929;1025;1448;1497;423
"Total sex";"2024";"Employees - upper level";"20-24 years";"QA Human health activities";591;153;427;304;284
"Total sex";"2024";"Employees - upper level";"20-24 years";"QB Residential care";820;448;422;548;310
"Total sex";"2024";"Employees - upper level";"20-24 years";"R Arts, entertainment and recreation activities";302;48;94;129;48
"Total sex";"2024";"Employees - upper level";"20-24 years";"S Other service activities etc.";398;32;85;121;50
"Total sex";"2024";"Employees - upper level";"20-24 years";"X Activity not stated";0;0;0;0;0
"Total sex";"2024";"Employees - upper level";"25-29 years";"A Agriculture, forestry and fishing";11;23;27;42;12
"Total sex";"2024";"Employees - upper level";"25-29 years";"B Mining and quarrying";17;0;17;1;6
"Total sex";"2024";"Employees - upper level";"25-29 years";"CA Manufacture of food products, beverages and tobacco";83;17;73;176;11
"Total sex";"2024";"Employees - upper level";"25-29 years";"CB Textiles and leather products";18;2;3;24;10
"Total sex";"2024";"Employees - upper level";"25-29 years";"CC Wood and paper products and printing";11;7;18;23;5
"Total sex";"2024";"Employees - upper level";"25-29 years";"CD Oil refinery etc.";2;9;6;0;0
"Total sex";"2024";"Employees - upper level";"25-29 years";"CE Manufacture of chemicals";153;24;21;28;2
"Total sex";"2024";"Employees - upper level";"25-29 years";"CF Pharmaceuticals";2424;374;6;2;23
"Total sex";"2024";"Employees - upper level";"25-29 years";"CG Manufacture of plastic, glass and concrete";49;5;31;42;22
"Total sex";"2024";"Employees - upper level";"25-29 years";"CH Basic metals and fabricated metal products";16;9;43;44;86
"Total sex";"2024";"Employees - upper level";"25-29 years";"CI Manufacture of electronic components";442;10;50;198;36
"Total sex";"2024";"Employees - upper level";"25-29 years";"CJ Electrical equipment";44;5;83;52;42
"Total sex";"2024";"Employees - upper level";"25-29 years";"CK Manufacture of machinery";165;43;358;577;166
"Total sex";"2024";"Employees - upper level";"25-29 years";"CL Transport equipment";6;7;43;10;29
"Total sex";"2024";"Employees - upper level";"25-29 years";"CM Manufacture of funiture and other manufacturing";168;21;432;60;20
"Total sex";"2024";"Employees - upper level";"25-29 years";"D Electricity, gas, steam and air conditioning supply";202;12;290;161;100
"Total sex";"2024";"Employees - upper level";"25-29 years";"E Water supply, sewerage and waste management";26;0;20;18;14
"Total sex";"2024";"Employees - upper level";"25-29 years";"F Construction";403;73;113;200;102
"Total sex";"2024";"Employees - upper level";"25-29 years";"G Wholesale and retail trade";2125;146;670;1085;243
"Total sex";"2024";"Employees - upper level";"25-29 years";"H Transportation";477;21;64;68;26
"Total sex";"2024";"Employees - upper level";"25-29 years";"I Accommodation and food service activities";393;34;100;172;61
"Total sex";"2024";"Employees - upper level";"25-29 years";"JA Publishing, television and radio broadcasting";1632;27;257;316;86
"Total sex";"2024";"Employees - upper level";"25-29 years";"JB Telecommunications";181;0;29;72;22
"Total sex";"2024";"Employees - upper level";"25-29 years";"JC IT and information service activities";4215;64;533;1651;583
"Total sex";"2024";"Employees - upper level";"25-29 years";"K Financial and insurance";2940;181;423;752;225
"Total sex";"2024";"Employees - upper level";"25-29 years";"L Real estate activities";225;15;25;63;25
"Total sex";"2024";"Employees - upper level";"25-29 years";"MA Consultancy etc.";6564;350;733;1974;588
"Total sex";"2024";"Employees - upper level";"25-29 years";"MB Scientific research and development";928;118;93;264;46
"Total sex";"2024";"Employees - upper level";"25-29 years";"MC Advertising and other business services";1274;58;208;416;117
"Total sex";"2024";"Employees - upper level";"25-29 years";"N Travel agent, cleaning, and other operationel services";740;135;200;387;166
"Total sex";"2024";"Employees - upper level";"25-29 years";"O Public administration, defence and compulsory social security";3759;390;998;1197;498
"Total sex";"2024";"Employees - upper level";"25-29 years";"P Education";6436;1270;2528;3851;1350
"Total sex";"2024";"Employees - upper level";"25-29 years";"QA Human health activities";5066;1654;3002;3370;1581
"Total sex";"2024";"Employees - upper level";"25-29 years";"QB Residential care";3764;1744;2280;3324;1383
"Total sex";"2024";"Employees - upper level";"25-29 years";"R Arts, entertainment and recreation activities";570;71;189;247;87
"Total sex";"2024";"Employees - upper level";"25-29 years";"S Other service activities etc.";1097;40;141;186;65
"Total sex";"2024";"Employees - upper level";"25-29 years";"X Activity not stated";0;0;0;0;0
"Total sex";"2024";"Employees - upper level";"30-34 years";"A Agriculture, forestry and fishing";19;25;39;38;24
"Total sex";"2024";"Employees - upper level";"30-34 years";"B Mining and quarrying";22;0;27;3;4
"Total sex";"2024";"Employees - upper level";"30-34 years";"CA Manufacture of food products, beverages and tobacco";97;22;91;313;12
"Total sex";"2024";"Employees - upper level";"30-34 years";"CB Textiles and leather products";14;0;10;27;18
"Total sex";"2024";"Employees - upper level";"30-34 years";"CC Wood and paper products and printing";14;11;25;30;10
"Total sex";"2024";"Employees - upper level";"30-34 years";"CD Oil refinery etc.";3;14;9;0;0
"Total sex";"2024";"Employees - upper level";"30-34 years";"CE Manufacture of chemicals";307;36;26;35;4
"Total sex";"2024";"Employees - upper level";"30-34 years";"CF Pharmaceuticals";3890;365;4;4;67
"Total sex";"2024";"Employees - upper level";"30-34 years";"CG Manufacture of plastic, glass and concrete";66;10;39;36;14
"Total sex";"2024";"Employees - upper level";"30-34 years";"CH Basic metals and fabricated metal products";20;14;53;64;103
"Total sex";"2024";"Employees - upper level";"30-34 years";"CI Manufacture of electronic components";662;9;61;203;34
"Total sex";"2024";"Employees - upper level";"30-34 years";"CJ Electrical equipment";60;3;143;56;48
"Total sex";"2024";"Employees - upper level";"30-34 years";"CK Manufacture of machinery";282;52;513;898;170
"Total sex";"2024";"Employees - upper level";"30-34 years";"CL Transport equipment";11;13;45;19;27
"Total sex";"2024";"Employees - upper level";"30-34 years";"CM Manufacture of funiture and other manufacturing";288;64;800;87;30
"Total sex";"2024";"Employees - upper level";"30-34 years";"D Electricity, gas, steam and air conditioning supply";376;25;481;225;97
"Total sex";"2024";"Employees - upper level";"30-34 years";"E Water supply, sewerage and waste management";47;6;27;35;22
"Total sex";"2024";"Employees - upper level";"30-34 years";"F Construction";410;93;155;217;102
"Total sex";"2024";"Employees - upper level";"30-34 years";"G Wholesale and retail trade";2735;203;800;1298;286
"Total sex";"2024";"Employees - upper level";"30-34 years";"H Transportation";843;34;114;81;30
"Total sex";"2024";"Employees - upper level";"30-34 years";"I Accommodation and food service activities";194;16;73;52;36
"Total sex";"2024";"Employees - upper level";"30-34 years";"JA Publishing, television and radio broadcasting";2112;45;276;362;93
"Total sex";"2024";"Employees - upper level";"30-34 years";"JB Telecommunications";260;3;24;100;27
"Total sex";"2024";"Employees - upper level";"30-34 years";"JC IT and information service activities";5258;103;575;1890;584
"Total sex";"2024";"Employees - upper level";"30-34 years";"K Financial and insurance";4113;202;572;942;262
"Total sex";"2024";"Employees - upper level";"30-34 years";"L Real estate activities";280;17;43;73;17
"Total sex";"2024";"Employees - upper level";"30-34 years";"MA Consultancy etc.";6944;474;944;2058;575
"Total sex";"2024";"Employees - upper level";"30-34 years";"MB Scientific research and development";1422;136;102;486;47
"Total sex";"2024";"Employees - upper level";"30-34 years";"MC Advertising and other business services";1297;82;260;506;124
"Total sex";"2024";"Employees - upper level";"30-34 years";"N Travel agent, cleaning, and other operationel services";1011;232;312;471;198
"Total sex";"2024";"Employees - upper level";"30-34 years";"O Public administration, defence and compulsory social security";5733;770;1674;1926;857
"Total sex";"2024";"Employees - upper level";"30-34 years";"P Education";7699;2098;3719;4767;1867
"Total sex";"2024";"Employees - upper level";"30-34 years";"QA Human health activities";6211;1978;3743;4189;1762
"Total sex";"2024";"Employees - upper level";"30-34 years";"QB Residential care";5687;2384;3177;4637;1873
"Total sex";"2024";"Employees - upper level";"30-34 years";"R Arts, entertainment and recreation activities";769;113;267;295;151
"Total sex";"2024";"Employees - upper level";"30-34 years";"S Other service activities etc.";1364;67;174;293;76
"Total sex";"2024";"Employees - upper level";"30-34 years";"X Activity not stated";0;0;0;0;0
"Total sex";"2024";"Employees - upper level";"35-39 years";"A Agriculture, forestry and fishing";12;26;29;38;18
"Total sex";"2024";"Employees - upper level";"35-39 years";"B Mining and quarrying";29;0;59;5;1
"Total sex";"2024";"Employees - upper level";"35-39 years";"CA Manufacture of food products, beverages and tobacco";83;19;75;339;15
"Total sex";"2024";"Employees - upper level";"35-39 years";"CB Textiles and leather products";14;0;5;33;13
"Total sex";"2024";"Employees - upper level";"35-39 years";"CC Wood and paper products and printing";19;12;25;23;13
"Total sex";"2024";"Employees - upper level";"35-39 years";"CD Oil refinery etc.";2;13;10;0;0
"Total sex";"2024";"Employees - upper level";"35-39 years";"CE Manufacture of chemicals";382;27;19;32;0
"Total sex";"2024";"Employees - upper level";"35-39 years";"CF Pharmaceuticals";3756;336;7;2;59
"Total sex";"2024";"Employees - upper level";"35-39 years";"CG Manufacture of plastic, glass and concrete";61;5;38;40;17
"Total sex";"2024";"Employees - upper level";"35-39 years";"CH Basic metals and fabricated metal products";22;9;50;62;76
"Total sex";"2024";"Employees - upper level";"35-39 years";"CI Manufacture of electronic components";648;9;62;202;32
"Total sex";"2024";"Employees - upper level";"35-39 years";"CJ Electrical equipment";69;6;100;49;37
"Total sex";"2024";"Employees - upper level";"35-39 years";"CK Manufacture of machinery";257;55;511;853;171
"Total sex";"2024";"Employees - upper level";"35-39 years";"CL Transport equipment";8;12;31;14;22
"Total sex";"2024";"Employees - upper level";"35-39 years";"CM Manufacture of funiture and other manufacturing";259;49;867;70;24
"Total sex";"2024";"Employees - upper level";"35-39 years";"D Electricity, gas, steam and air conditioning supply";380;26;427;150;84
"Total sex";"2024";"Employees - upper level";"35-39 years";"E Water supply, sewerage and waste management";43;7;22;38;21
"Total sex";"2024";"Employees - upper level";"35-39 years";"F Construction";395;90;152;228;87
"Total sex";"2024";"Employees - upper level";"35-39 years";"G Wholesale and retail trade";2278;172;629;1042;216
"Total sex";"2024";"Employees - upper level";"35-39 years";"H Transportation";932;25;85;58;26
"Total sex";"2024";"Employees - upper level";"35-39 years";"I Accommodation and food service activities";119;21;61;33;22
"Total sex";"2024";"Employees - upper level";"35-39 years";"JA Publishing, television and radio broadcasting";1783;43;181;269;69
"Total sex";"2024";"Employees - upper level";"35-39 years";"JB Telecommunications";252;4;25;96;29
"Total sex";"2024";"Employees - upper level";"35-39 years";"JC IT and information service activities";3768;86;436;1291;363
"Total sex";"2024";"Employees - upper level";"35-39 years";"K Financial and insurance";3800;250;565;870;264
"Total sex";"2024";"Employees - upper level";"35-39 years";"L Real estate activities";287;12;25;70;14
"Total sex";"2024";"Employees - upper level";"35-39 years";"MA Consultancy etc.";4994;412;836;1541;478
"Total sex";"2024";"Employees - upper level";"35-39 years";"MB Scientific research and development";1275;127;94;558;32
"Total sex";"2024";"Employees - upper level";"35-39 years";"MC Advertising and other business services";832;56;183;335;89
"Total sex";"2024";"Employees - upper level";"35-39 years";"N Travel agent, cleaning, and other operationel services";876;211;263;422;189
"Total sex";"2024";"Employees - upper level";"35-39 years";"O Public administration, defence and compulsory social security";4761;800;1590;1750;708
"Total sex";"2024";"Employees - upper level";"35-39 years";"P Education";6768;2276;3663;4566;1726
"Total sex";"2024";"Employees - upper level";"35-39 years";"QA Human health activities";5143;1772;3100;3261;1386
"Total sex";"2024";"Employees - upper level";"35-39 years";"QB Residential care";5044;2167;2892;3778;1746
"Total sex";"2024";"Employees - upper level";"35-39 years";"R Arts, entertainment and recreation activities";676;122;256;301;95
"Total sex";"2024";"Employees - upper level";"35-39 years";"S Other service activities etc.";1202;84;175;283;94
"Total sex";"2024";"Employees - upper level";"35-39 years";"X Activity not stated";0;0;0;0;0
"Total sex";"2024";"Employees - upper level";"40-44 years";"A Agriculture, forestry and fishing";6;21;33;34;11
"Total sex";"2024";"Employees - upper level";"40-44 years";"B Mining and quarrying";52;0;71;3;4
"Total sex";"2024";"Employees - upper level";"40-44 years";"CA Manufacture of food products, beverages and tobacco";55;18;45;256;8
"Total sex";"2024";"Employees - upper level";"40-44 years";"CB Textiles and leather products";6;0;2;15;6
"Total sex";"2024";"Employees - upper level";"40-44 years";"CC Wood and paper products and printing";11;6;13;18;10
"Total sex";"2024";"Employees - upper level";"40-44 years";"CD Oil refinery etc.";0;10;6;0;0
"Total sex";"2024";"Employees - upper level";"40-44 years";"CE Manufacture of chemicals";274;37;18;28;2
"Total sex";"2024";"Employees - upper level";"40-44 years";"CF Pharmaceuticals";2703;236;5;0;49
"Total sex";"2024";"Employees - upper level";"40-44 years";"CG Manufacture of plastic, glass and concrete";47;8;32;33;17
"Total sex";"2024";"Employees - upper level";"40-44 years";"CH Basic metals and fabricated metal products";21;2;43;56;69
"Total sex";"2024";"Employees - upper level";"40-44 years";"CI Manufacture of electronic components";546;8;54;176;14
"Total sex";"2024";"Employees - upper level";"40-44 years";"CJ Electrical equipment";52;2;107;29;35
"Total sex";"2024";"Employees - upper level";"40-44 years";"CK Manufacture of machinery";242;47;437;880;135
"Total sex";"2024";"Employees - upper level";"40-44 years";"CL Transport equipment";3;6;26;9;18
"Total sex";"2024";"Employees - upper level";"40-44 years";"CM Manufacture of funiture and other manufacturing";191;46;649;66;31
"Total sex";"2024";"Employees - upper level";"40-44 years";"D Electricity, gas, steam and air conditioning supply";246;15;345;78;52
"Total sex";"2024";"Employees - upper level";"40-44 years";"E Water supply, sewerage and waste management";34;9;23;14;9
"Total sex";"2024";"Employees - upper level";"40-44 years";"F Construction";318;74;133;173;81
"Total sex";"2024";"Employees - upper level";"40-44 years";"G Wholesale and retail trade";1892;175;548;821;172
"Total sex";"2024";"Employees - upper level";"40-44 years";"H Transportation";740;16;83;66;21
"Total sex";"2024";"Employees - upper level";"40-44 years";"I Accommodation and food service activities";67;22;40;42;22
"Total sex";"2024";"Employees - upper level";"40-44 years";"JA Publishing, television and radio broadcasting";1374;23;139;192;68
"Total sex";"2024";"Employees - upper level";"40-44 years";"JB Telecommunications";211;4;18;75;34
"Total sex";"2024";"Employees - upper level";"40-44 years";"JC IT and information service activities";2826;88;386;1008;332
"Total sex";"2024";"Employees - upper level";"40-44 years";"K Financial and insurance";3234;226;554;708;294
"Total sex";"2024";"Employees - upper level";"40-44 years";"L Real estate activities";211;14;33;54;17
"Total sex";"2024";"Employees - upper level";"40-44 years";"MA Consultancy etc.";3646;360;716;1230;335
"Total sex";"2024";"Employees - upper level";"40-44 years";"MB Scientific research and development";1078;115;67;459;31
"Total sex";"2024";"Employees - upper level";"40-44 years";"MC Advertising and other business services";524;52;138;267;65
"Total sex";"2024";"Employees - upper level";"40-44 years";"N Travel agent, cleaning, and other operationel services";683;188;237;342;134
"Total sex";"2024";"Employees - upper level";"40-44 years";"O Public administration, defence and compulsory social security";3776;664;1291;1401;604
"Total sex";"2024";"Employees - upper level";"40-44 years";"P Education";6353;2330;3744;4609;1917
"Total sex";"2024";"Employees - upper level";"40-44 years";"QA Human health activities";4153;1534;2577;2880;1196
"Total sex";"2024";"Employees - upper level";"40-44 years";"QB Residential care";4477;1968;2583;3349;1583
"Total sex";"2024";"Employees - upper level";"40-44 years";"R Arts, entertainment and recreation activities";609;102;231;278;106
"Total sex";"2024";"Employees - upper level";"40-44 years";"S Other service activities etc.";1153;101;195;276;96
"Total sex";"2024";"Employees - upper level";"40-44 years";"X Activity not stated";0;0;0;0;0
"Total sex";"2024";"Employees - upper level";"45-49 years";"A Agriculture, forestry and fishing";10;19;40;42;9
"Total sex";"2024";"Employees - upper level";"45-49 years";"B Mining and quarrying";45;0;77;4;3
"Total sex";"2024";"Employees - upper level";"45-49 years";"CA Manufacture of food products, beverages and tobacco";55;32;62;227;17
"Total sex";"2024";"Employees - upper level";"45-49 years";"CB Textiles and leather products";4;0;5;25;10
"Total sex";"2024";"Employees - upper level";"45-49 years";"CC Wood and paper products and printing";22;11;16;18;13
"Total sex";"2024";"Employees - upper level";"45-49 years";"CD Oil refinery etc.";1;15;5;0;0
"Total sex";"2024";"Employees - upper level";"45-49 years";"CE Manufacture of chemicals";257;28;24;27;1
"Total sex";"2024";"Employees - upper level";"45-49 years";"CF Pharmaceuticals";2155;247;5;0;27
"Total sex";"2024";"Employees - upper level";"45-49 years";"CG Manufacture of plastic, glass and concrete";39;10;30;29;21
"Total sex";"2024";"Employees - upper level";"45-49 years";"CH Basic metals and fabricated metal products";13;10;58;53;52
"Total sex";"2024";"Employees - upper level";"45-49 years";"CI Manufacture of electronic components";503;12;46;183;41
"Total sex";"2024";"Employees - upper level";"45-49 years";"CJ Electrical equipment";56;5;128;41;34
"Total sex";"2024";"Employees - upper level";"45-49 years";"CK Manufacture of machinery";214;61;424;745;104
"Total sex";"2024";"Employees - upper level";"45-49 years";"CL Transport equipment";6;5;32;13;17
"Total sex";"2024";"Employees - upper level";"45-49 years";"CM Manufacture of funiture and other manufacturing";172;35;517;60;21
"Total sex";"2024";"Employees - upper level";"45-49 years";"D Electricity, gas, steam and air conditioning supply";187;19;307;89;40
"Total sex";"2024";"Employees - upper level";"45-49 years";"E Water supply, sewerage and waste management";53;4;27;29;13
"Total sex";"2024";"Employees - upper level";"45-49 years";"F Construction";315;66;128;168;64
"Total sex";"2024";"Employees - upper level";"45-49 years";"G Wholesale and retail trade";1859;195;596;828;167
"Total sex";"2024";"Employees - upper level";"45-49 years";"H Transportation";614;24;65;74;22
"Total sex";"2024";"Employees - upper level";"45-49 years";"I Accommodation and food service activities";75;18;59;55;38
"Total sex";"2024";"Employees - upper level";"45-49 years";"JA Publishing, television and radio broadcasting";1208;33;131;179;46
"Total sex";"2024";"Employees - upper level";"45-49 years";"JB Telecommunications";211;9;16;76;32
"Total sex";"2024";"Employees - upper level";"45-49 years";"JC IT and information service activities";2651;108;360;980;346
"Total sex";"2024";"Employees - upper level";"45-49 years";"K Financial and insurance";3338;290;517;761;288
"Total sex";"2024";"Employees - upper level";"45-49 years";"L Real estate activities";243;20;33;54;13
"Total sex";"2024";"Employees - upper level";"45-49 years";"MA Consultancy etc.";3340;347;688;1175;319
"Total sex";"2024";"Employees - upper level";"45-49 years";"MB Scientific research and development";908;94;74;435;40
"Total sex";"2024";"Employees - upper level";"45-49 years";"MC Advertising and other business services";534;51;152;231;52
"Total sex";"2024";"Employees - upper level";"45-49 years";"N Travel agent, cleaning, and other operationel services";661;135;221;316;158
"Total sex";"2024";"Employees - upper level";"45-49 years";"O Public administration, defence and compulsory social security";3672;646;1168;1273;566
"Total sex";"2024";"Employees - upper level";"45-49 years";"P Education";7154;2966;4703;5269;2343
"Total sex";"2024";"Employees - upper level";"45-49 years";"QA Human health activities";4087;1677;2825;2986;1184
"Total sex";"2024";"Employees - upper level";"45-49 years";"QB Residential care";4842;2279;2959;3771;1750
"Total sex";"2024";"Employees - upper level";"45-49 years";"R Arts, entertainment and recreation activities";639;124;280;310;101
"Total sex";"2024";"Employees - upper level";"45-49 years";"S Other service activities etc.";1239;137;262;323;129
"Total sex";"2024";"Employees - upper level";"45-49 years";"X Activity not stated";0;0;0;0;0
"Total sex";"2024";"Employees - upper level";"50-54 years";"A Agriculture, forestry and fishing";9;20;23;32;15
"Total sex";"2024";"Employees - upper level";"50-54 years";"B Mining and quarrying";46;1;50;5;1
"Total sex";"2024";"Employees - upper level";"50-54 years";"CA Manufacture of food products, beverages and tobacco";47;28;76;228;15
"Total sex";"2024";"Employees - upper level";"50-54 years";"CB Textiles and leather products";4;0;8;23;14
"Total sex";"2024";"Employees - upper level";"50-54 years";"CC Wood and paper products and printing";20;6;36;32;18
"Total sex";"2024";"Employees - upper level";"50-54 years";"CD Oil refinery etc.";1;21;14;0;0
"Total sex";"2024";"Employees - upper level";"50-54 years";"CE Manufacture of chemicals";278;37;31;40;1
"Total sex";"2024";"Employees - upper level";"50-54 years";"CF Pharmaceuticals";1761;221;2;1;36
"Total sex";"2024";"Employees - upper level";"50-54 years";"CG Manufacture of plastic, glass and concrete";42;15;42;48;12
"Total sex";"2024";"Employees - upper level";"50-54 years";"CH Basic metals and fabricated metal products";19;12;54;62;71
"Total sex";"2024";"Employees - upper level";"50-54 years";"CI Manufacture of electronic components";522;11;48;206;31
"Total sex";"2024";"Employees - upper level";"50-54 years";"CJ Electrical equipment";41;10;144;36;28
"Total sex";"2024";"Employees - upper level";"50-54 years";"CK Manufacture of machinery";199;84;433;775;100
"Total sex";"2024";"Employees - upper level";"50-54 years";"CL Transport equipment";3;9;25;8;15
"Total sex";"2024";"Employees - upper level";"50-54 years";"CM Manufacture of funiture and other manufacturing";193;51;416;57;18
"Total sex";"2024";"Employees - upper level";"50-54 years";"D Electricity, gas, steam and air conditioning supply";176;17;239;62;29
"Total sex";"2024";"Employees - upper level";"50-54 years";"E Water supply, sewerage and waste management";44;8;24;21;13
"Total sex";"2024";"Employees - upper level";"50-54 years";"F Construction";325;68;121;145;53
"Total sex";"2024";"Employees - upper level";"50-54 years";"G Wholesale and retail trade";1948;204;599;743;173
"Total sex";"2024";"Employees - upper level";"50-54 years";"H Transportation";489;20;73;59;10
"Total sex";"2024";"Employees - upper level";"50-54 years";"I Accommodation and food service activities";84;29;72;43;40
"Total sex";"2024";"Employees - upper level";"50-54 years";"JA Publishing, television and radio broadcasting";1081;37;169;156;48
"Total sex";"2024";"Employees - upper level";"50-54 years";"JB Telecommunications";211;10;16;96;32
"Total sex";"2024";"Employees - upper level";"50-54 years";"JC IT and information service activities";2556;128;332;920;316
"Total sex";"2024";"Employees - upper level";"50-54 years";"K Financial and insurance";2967;269;432;579;215
"Total sex";"2024";"Employees - upper level";"50-54 years";"L Real estate activities";205;15;38;47;10
"Total sex";"2024";"Employees - upper level";"50-54 years";"MA Consultancy etc.";3065;385;707;1005;280
"Total sex";"2024";"Employees - upper level";"50-54 years";"MB Scientific research and development";843;80;59;399;36
"Total sex";"2024";"Employees - upper level";"50-54 years";"MC Advertising and other business services";497;59;140;204;62
"Total sex";"2024";"Employees - upper level";"50-54 years";"N Travel agent, cleaning, and other operationel services";636;142;233;309;126
"Total sex";"2024";"Employees - upper level";"50-54 years";"O Public administration, defence and compulsory social security";3219;599;889;1088;403
"Total sex";"2024";"Employees - upper level";"50-54 years";"P Education";6862;2901;4602;4914;2010
"Total sex";"2024";"Employees - upper level";"50-54 years";"QA Human health activities";3777;1605;2489;2639;1086
"Total sex";"2024";"Employees - upper level";"50-54 years";"QB Residential care";4587;2249;2931;3359;1566
"Total sex";"2024";"Employees - upper level";"50-54 years";"R Arts, entertainment and recreation activities";545;130;208;234;88
"Total sex";"2024";"Employees - upper level";"50-54 years";"S Other service activities etc.";1288;135;252;294;114
"Total sex";"2024";"Employees - upper level";"50-54 years";"X Activity not stated";0;0;0;0;0
"Total sex";"2024";"Employees - upper level";"55-59 years";"A Agriculture, forestry and fishing";8;21;30;28;17
"Total sex";"2024";"Employees - upper level";"55-59 years";"B Mining and quarrying";50;3;55;3;1
"Total sex";"2024";"Employees - upper level";"55-59 years";"CA Manufacture of food products, beverages and tobacco";51;20;65;188;16
"Total sex";"2024";"Employees - upper level";"55-59 years";"CB Textiles and leather products";2;0;9;20;9
"Total sex";"2024";"Employees - upper level";"55-59 years";"CC Wood and paper products and printing";23;11;30;31;18
"Total sex";"2024";"Employees - upper level";"55-59 years";"CD Oil refinery etc.";2;24;12;0;0
"Total sex";"2024";"Employees - upper level";"55-59 years";"CE Manufacture of chemicals";237;28;36;23;1
"Total sex";"2024";"Employees - upper level";"55-59 years";"CF Pharmaceuticals";1419;159;4;2;18
"Total sex";"2024";"Employees - upper level";"55-59 years";"CG Manufacture of plastic, glass and concrete";44;15;46;36;19
"Total sex";"2024";"Employees - upper level";"55-59 years";"CH Basic metals and fabricated metal products";34;14;59;63;73
"Total sex";"2024";"Employees - upper level";"55-59 years";"CI Manufacture of electronic components";454;18;36;188;41
"Total sex";"2024";"Employees - upper level";"55-59 years";"CJ Electrical equipment";63;8;141;34;28
"Total sex";"2024";"Employees - upper level";"55-59 years";"CK Manufacture of machinery";228;93;396;739;98
"Total sex";"2024";"Employees - upper level";"55-59 years";"CL Transport equipment";3;11;19;10;16
"Total sex";"2024";"Employees - upper level";"55-59 years";"CM Manufacture of funiture and other manufacturing";160;42;310;76;22
"Total sex";"2024";"Employees - upper level";"55-59 years";"D Electricity, gas, steam and air conditioning supply";159;18;214;51;21
"Total sex";"2024";"Employees - upper level";"55-59 years";"E Water supply, sewerage and waste management";43;14;22;43;9
"Total sex";"2024";"Employees - upper level";"55-59 years";"F Construction";303;51;95;143;57
"Total sex";"2024";"Employees - upper level";"55-59 years";"G Wholesale and retail trade";1619;166;525;581;133
"Total sex";"2024";"Employees - upper level";"55-59 years";"H Transportation";471;18;60;39;16
"Total sex";"2024";"Employees - upper level";"55-59 years";"I Accommodation and food service activities";59;26;71;56;33
"Total sex";"2024";"Employees - upper level";"55-59 years";"JA Publishing, television and radio broadcasting";782;21;133;122;45
"Total sex";"2024";"Employees - upper level";"55-59 years";"JB Telecommunications";173;5;11;74;31
"Total sex";"2024";"Employees - upper level";"55-59 years";"JC IT and information service activities";2144;134;286;764;234
"Total sex";"2024";"Employees - upper level";"55-59 years";"K Financial and insurance";3177;397;632;791;365
"Total sex";"2024";"Employees - upper level";"55-59 years";"L Real estate activities";190;19;40;47;20
"Total sex";"2024";"Employees - upper level";"55-59 years";"MA Consultancy etc.";2662;390;720;853;313
"Total sex";"2024";"Employees - upper level";"55-59 years";"MB Scientific research and development";749;95;39;339;28
"Total sex";"2024";"Employees - upper level";"55-59 years";"MC Advertising and other business services";341;49;127;169;55
"Total sex";"2024";"Employees - upper level";"55-59 years";"N Travel agent, cleaning, and other operationel services";542;138;158;226;107
"Total sex";"2024";"Employees - upper level";"55-59 years";"O Public administration, defence and compulsory social security";2861;492;794;928;378
"Total sex";"2024";"Employees - upper level";"55-59 years";"P Education";5572;2475;3697;3964;1637
"Total sex";"2024";"Employees - upper level";"55-59 years";"QA Human health activities";3256;1343;2134;2154;1002
"Total sex";"2024";"Employees - upper level";"55-59 years";"QB Residential care";4186;2171;2563;3257;1560
"Total sex";"2024";"Employees - upper level";"55-59 years";"R Arts, entertainment and recreation activities";352;74;161;198;57
"Total sex";"2024";"Employees - upper level";"55-59 years";"S Other service activities etc.";1143;159;274;311;127
"Total sex";"2024";"Employees - upper level";"55-59 years";"X Activity not stated";0;0;0;0;0
"Total sex";"2024";"Employees - upper level";"60-64 years";"A Agriculture, forestry and fishing";10;20;22;28;17
"Total sex";"2024";"Employees - upper level";"60-64 years";"B Mining and quarrying";38;0;42;2;2
"Total sex";"2024";"Employees - upper level";"60-64 years";"CA Manufacture of food products, beverages and tobacco";30;19;49;127;20
"Total sex";"2024";"Employees - upper level";"60-64 years";"CB Textiles and leather products";2;1;5;20;5
"Total sex";"2024";"Employees - upper level";"60-64 years";"CC Wood and paper products and printing";27;8;22;21;14
"Total sex";"2024";"Employees - upper level";"60-64 years";"CD Oil refinery etc.";0;15;4;0;0
"Total sex";"2024";"Employees - upper level";"60-64 years";"CE Manufacture of chemicals";152;19;29;15;0
"Total sex";"2024";"Employees - upper level";"60-64 years";"CF Pharmaceuticals";712;76;1;0;6
"Total sex";"2024";"Employees - upper level";"60-64 years";"CG Manufacture of plastic, glass and concrete";32;10;36;31;8
"Total sex";"2024";"Employees - upper level";"60-64 years";"CH Basic metals and fabricated metal products";28;10;51;48;45
"Total sex";"2024";"Employees - upper level";"60-64 years";"CI Manufacture of electronic components";272;10;28;123;31
"Total sex";"2024";"Employees - upper level";"60-64 years";"CJ Electrical equipment";42;6;115;26;15
"Total sex";"2024";"Employees - upper level";"60-64 years";"CK Manufacture of machinery";169;60;269;502;70
"Total sex";"2024";"Employees - upper level";"60-64 years";"CL Transport equipment";4;2;17;11;7
"Total sex";"2024";"Employees - upper level";"60-64 years";"CM Manufacture of funiture and other manufacturing";110;15;169;39;15
"Total sex";"2024";"Employees - upper level";"60-64 years";"D Electricity, gas, steam and air conditioning supply";104;8;131;33;12
"Total sex";"2024";"Employees - upper level";"60-64 years";"E Water supply, sewerage and waste management";27;2;22;25;9
"Total sex";"2024";"Employees - upper level";"60-64 years";"F Construction";216;50;74;109;49
"Total sex";"2024";"Employees - upper level";"60-64 years";"G Wholesale and retail trade";1038;125;335;401;92
"Total sex";"2024";"Employees - upper level";"60-64 years";"H Transportation";359;13;44;37;14
"Total sex";"2024";"Employees - upper level";"60-64 years";"I Accommodation and food service activities";57;11;78;53;31
"Total sex";"2024";"Employees - upper level";"60-64 years";"JA Publishing, television and radio broadcasting";551;25;97;75;25
"Total sex";"2024";"Employees - upper level";"60-64 years";"JB Telecommunications";115;2;9;61;12
"Total sex";"2024";"Employees - upper level";"60-64 years";"JC IT and information service activities";1482;83;185;444;149
"Total sex";"2024";"Employees - upper level";"60-64 years";"K Financial and insurance";2174;283;492;584;267
"Total sex";"2024";"Employees - upper level";"60-64 years";"L Real estate activities";160;10;22;41;11
"Total sex";"2024";"Employees - upper level";"60-64 years";"MA Consultancy etc.";1843;298;473;690;234
"Total sex";"2024";"Employees - upper level";"60-64 years";"MB Scientific research and development";515;63;43;210;16
"Total sex";"2024";"Employees - upper level";"60-64 years";"MC Advertising and other business services";197;45;120;135;62
"Total sex";"2024";"Employees - upper level";"60-64 years";"N Travel agent, cleaning, and other operationel services";397;87;141;174;74
"Total sex";"2024";"Employees - upper level";"60-64 years";"O Public administration, defence and compulsory social security";2068;360;615;657;268
"Total sex";"2024";"Employees - upper level";"60-64 years";"P Education";4403;1888;2956;2996;1229
"Total sex";"2024";"Employees - upper level";"60-64 years";"QA Human health activities";3032;1245;1931;2121;1054
"Total sex";"2024";"Employees - upper level";"60-64 years";"QB Residential care";3686;1868;2265;2829;1278
"Total sex";"2024";"Employees - upper level";"60-64 years";"R Arts, entertainment and recreation activities";265;64;149;139;72
"Total sex";"2024";"Employees - upper level";"60-64 years";"S Other service activities etc.";824;154;285;265;129
"Total sex";"2024";"Employees - upper level";"60-64 years";"X Activity not stated";0;0;0;0;0
"Total sex";"2024";"Employees - upper level";"65-66 years";"A Agriculture, forestry and fishing";3;10;6;7;4
"Total sex";"2024";"Employees - upper level";"65-66 years";"B Mining and quarrying";7;0;7;1;0
"Total sex";"2024";"Employees - upper level";"65-66 years";"CA Manufacture of food products, beverages and tobacco";4;4;8;20;1
"Total sex";"2024";"Employees - upper level";"65-66 years";"CB Textiles and leather products";0;0;0;3;1
"Total sex";"2024";"Employees - upper level";"65-66 years";"CC Wood and paper products and printing";7;2;6;5;3
"Total sex";"2024";"Employees - upper level";"65-66 years";"CD Oil refinery etc.";0;3;1;0;0
"Total sex";"2024";"Employees - upper level";"65-66 years";"CE Manufacture of chemicals";28;3;3;1;0
"Total sex";"2024";"Employees - upper level";"65-66 years";"CF Pharmaceuticals";114;10;0;0;2
"Total sex";"2024";"Employees - upper level";"65-66 years";"CG Manufacture of plastic, glass and concrete";5;1;6;7;3
"Total sex";"2024";"Employees - upper level";"65-66 years";"CH Basic metals and fabricated metal products";2;1;11;5;9
"Total sex";"2024";"Employees - upper level";"65-66 years";"CI Manufacture of electronic components";62;4;2;31;3
"Total sex";"2024";"Employees - upper level";"65-66 years";"CJ Electrical equipment";10;2;23;5;4
"Total sex";"2024";"Employees - upper level";"65-66 years";"CK Manufacture of machinery";42;13;63;111;16
"Total sex";"2024";"Employees - upper level";"65-66 years";"CL Transport equipment";1;0;5;3;4
"Total sex";"2024";"Employees - upper level";"65-66 years";"CM Manufacture of funiture and other manufacturing";15;3;32;10;2
"Total sex";"2024";"Employees - upper level";"65-66 years";"D Electricity, gas, steam and air conditioning supply";29;1;41;7;5
"Total sex";"2024";"Employees - upper level";"65-66 years";"E Water supply, sewerage and waste management";9;2;4;7;1
"Total sex";"2024";"Employees - upper level";"65-66 years";"F Construction";42;9;15;28;19
"Total sex";"2024";"Employees - upper level";"65-66 years";"G Wholesale and retail trade";179;32;77;70;20
"Total sex";"2024";"Employees - upper level";"65-66 years";"H Transportation";79;2;11;9;2
"Total sex";"2024";"Employees - upper level";"65-66 years";"I Accommodation and food service activities";12;5;12;4;5
"Total sex";"2024";"Employees - upper level";"65-66 years";"JA Publishing, television and radio broadcasting";108;4;26;29;7
"Total sex";"2024";"Employees - upper level";"65-66 years";"JB Telecommunications";23;1;2;14;3
"Total sex";"2024";"Employees - upper level";"65-66 years";"JC IT and information service activities";331;12;27;124;33
"Total sex";"2024";"Employees - upper level";"65-66 years";"K Financial and insurance";438;38;91;114;53
"Total sex";"2024";"Employees - upper level";"65-66 years";"L Real estate activities";42;1;17;12;2
"Total sex";"2024";"Employees - upper level";"65-66 years";"MA Consultancy etc.";477;74;140;184;62
"Total sex";"2024";"Employees - upper level";"65-66 years";"MB Scientific research and development";138;15;6;59;3
"Total sex";"2024";"Employees - upper level";"65-66 years";"MC Advertising and other business services";44;9;50;41;22
"Total sex";"2024";"Employees - upper level";"65-66 years";"N Travel agent, cleaning, and other operationel services";79;25;29;48;11
"Total sex";"2024";"Employees - upper level";"65-66 years";"O Public administration, defence and compulsory social security";494;85;132;179;51
"Total sex";"2024";"Employees - upper level";"65-66 years";"P Education";1166;472;592;737;288
"Total sex";"2024";"Employees - upper level";"65-66 years";"QA Human health activities";888;326;520;536;228
"Total sex";"2024";"Employees - upper level";"65-66 years";"QB Residential care";758;375;417;550;249
"Total sex";"2024";"Employees - upper level";"65-66 years";"R Arts, entertainment and recreation activities";92;23;43;42;18
"Total sex";"2024";"Employees - upper level";"65-66 years";"S Other service activities etc.";220;63;83;102;36
"Total sex";"2024";"Employees - upper level";"65-66 years";"X Activity not stated";0;0;0;0;0
"Total sex";"2024";"Employees - upper level";"67 years and over";"A Agriculture, forestry and fishing";2;13;6;8;2
"Total sex";"2024";"Employees - upper level";"67 years and over";"B Mining and quarrying";9;0;4;0;1
"Total sex";"2024";"Employees - upper level";"67 years and over";"CA Manufacture of food products, beverages and tobacco";5;13;8;19;6
"Total sex";"2024";"Employees - upper level";"67 years and over";"CB Textiles and leather products";1;0;0;1;0
"Total sex";"2024";"Employees - upper level";"67 years and over";"CC Wood and paper products and printing";9;2;3;5;4
"Total sex";"2024";"Employees - upper level";"67 years and over";"CD Oil refinery etc.";0;2;1;0;0
"Total sex";"2024";"Employees - upper level";"67 years and over";"CE Manufacture of chemicals";24;4;6;7;0
"Total sex";"2024";"Employees - upper level";"67 years and over";"CF Pharmaceuticals";114;2;1;0;2
"Total sex";"2024";"Employees - upper level";"67 years and over";"CG Manufacture of plastic, glass and concrete";7;1;13;8;2
"Total sex";"2024";"Employees - upper level";"67 years and over";"CH Basic metals and fabricated metal products";9;3;18;6;12
"Total sex";"2024";"Employees - upper level";"67 years and over";"CI Manufacture of electronic components";51;6;11;22;2
"Total sex";"2024";"Employees - upper level";"67 years and over";"CJ Electrical equipment";19;4;21;4;2
"Total sex";"2024";"Employees - upper level";"67 years and over";"CK Manufacture of machinery";53;12;54;116;18
"Total sex";"2024";"Employees - upper level";"67 years and over";"CL Transport equipment";1;0;4;2;2
"Total sex";"2024";"Employees - upper level";"67 years and over";"CM Manufacture of funiture and other manufacturing";16;7;21;6;5
"Total sex";"2024";"Employees - upper level";"67 years and over";"D Electricity, gas, steam and air conditioning supply";32;6;33;9;6
"Total sex";"2024";"Employees - upper level";"67 years and over";"E Water supply, sewerage and waste management";13;4;16;15;2
"Total sex";"2024";"Employees - upper level";"67 years and over";"F Construction";67;16;34;30;19
"Total sex";"2024";"Employees - upper level";"67 years and over";"G Wholesale and retail trade";178;42;82;77;25
"Total sex";"2024";"Employees - upper level";"67 years and over";"H Transportation";81;4;15;12;6
"Total sex";"2024";"Employees - upper level";"67 years and over";"I Accommodation and food service activities";11;7;14;5;2
"Total sex";"2024";"Employees - upper level";"67 years and over";"JA Publishing, television and radio broadcasting";190;11;29;25;8
"Total sex";"2024";"Employees - upper level";"67 years and over";"JB Telecommunications";12;0;1;6;1
"Total sex";"2024";"Employees - upper level";"67 years and over";"JC IT and information service activities";291;22;37;88;25
"Total sex";"2024";"Employees - upper level";"67 years and over";"K Financial and insurance";266;23;45;76;27
"Total sex";"2024";"Employees - upper level";"67 years and over";"L Real estate activities";60;6;11;18;4
"Total sex";"2024";"Employees - upper level";"67 years and over";"MA Consultancy etc.";952;132;279;349;118
"Total sex";"2024";"Employees - upper level";"67 years and over";"MB Scientific research and development";185;37;9;64;3
"Total sex";"2024";"Employees - upper level";"67 years and over";"MC Advertising and other business services";82;14;62;53;26
"Total sex";"2024";"Employees - upper level";"67 years and over";"N Travel agent, cleaning, and other operationel services";112;32;43;44;23
"Total sex";"2024";"Employees - upper level";"67 years and over";"O Public administration, defence and compulsory social security";561;148;154;220;64
"Total sex";"2024";"Employees - upper level";"67 years and over";"P Education";1937;620;855;1126;389
"Total sex";"2024";"Employees - upper level";"67 years and over";"QA Human health activities";1302;464;663;769;266
"Total sex";"2024";"Employees - upper level";"67 years and over";"QB Residential care";858;361;389;546;228
"Total sex";"2024";"Employees - upper level";"67 years and over";"R Arts, entertainment and recreation activities";129;33;71;44;18
"Total sex";"2024";"Employees - upper level";"67 years and over";"S Other service activities etc.";395;224;345;336;168
"Total sex";"2024";"Employees - upper level";"67 years and over";"X Activity not stated";0;0;0;0;0
"Total sex";"2024";"Employees - medium level";"Under 16 years";"A Agriculture, forestry and fishing";0;0;0;1;0
"Total sex";"2024";"Employees - medium level";"Under 16 years";"B Mining and quarrying";0;0;0;0;0
"Total sex";"2024";"Employees - medium level";"Under 16 years";"CA Manufacture of food products, beverages and tobacco";1;0;1;0;1
"Total sex";"2024";"Employees - medium level";"Under 16 years";"CB Textiles and leather products";0;0;0;0;0
"Total sex";"2024";"Employees - medium level";"Under 16 years";"CC Wood and paper products and printing";1;0;0;0;0
"Total sex";"2024";"Employees - medium level";"Under 16 years";"CD Oil refinery etc.";0;0;0;0;0
"Total sex";"2024";"Employees - medium level";"Under 16 years";"CE Manufacture of chemicals";1;1;0;0;0
"Total sex";"2024";"Employees - medium level";"Under 16 years";"CF Pharmaceuticals";0;0;0;0;0
"Total sex";"2024";"Employees - medium level";"Under 16 years";"CG Manufacture of plastic, glass and concrete";0;0;0;0;0
"Total sex";"2024";"Employees - medium level";"Under 16 years";"CH Basic metals and fabricated metal products";0;0;0;2;0
"Total sex";"2024";"Employees - medium level";"Under 16 years";"CI Manufacture of electronic components";1;0;0;2;0
"Total sex";"2024";"Employees - medium level";"Under 16 years";"CJ Electrical equipment";0;0;0;0;0
"Total sex";"2024";"Employees - medium level";"Under 16 years";"CK Manufacture of machinery";0;0;3;0;1
"Total sex";"2024";"Employees - medium level";"Under 16 years";"CL Transport equipment";0;0;0;0;0
"Total sex";"2024";"Employees - medium level";"Under 16 years";"CM Manufacture of funiture and other manufacturing";0;0;0;0;0
"Total sex";"2024";"Employees - medium level";"Under 16 years";"D Electricity, gas, steam and air conditioning supply";0;0;0;0;0
"Total sex";"2024";"Employees - medium level";"Under 16 years";"E Water supply, sewerage and waste management";0;0;0;0;0
"Total sex";"2024";"Employees - medium level";"Under 16 years";"F Construction";0;3;0;0;0
"Total sex";"2024";"Employees - medium level";"Under 16 years";"G Wholesale and retail trade";15;6;4;5;5
"Total sex";"2024";"Employees - medium level";"Under 16 years";"H Transportation";4;1;4;1;0
"Total sex";"2024";"Employees - medium level";"Under 16 years";"I Accommodation and food service activities";2;0;4;3;0
"Total sex";"2024";"Employees - medium level";"Under 16 years";"JA Publishing, television and radio broadcasting";2;0;0;0;0
"Total sex";"2024";"Employees - medium level";"Under 16 years";"JB Telecommunications";0;0;0;0;0
"Total sex";"2024";"Employees - medium level";"Under 16 years";"JC IT and information service activities";4;0;0;1;0
"Total sex";"2024";"Employees - medium level";"Under 16 years";"K Financial and insurance";0;0;1;0;0
"Total sex";"2024";"Employees - medium level";"Under 16 years";"L Real estate activities";9;12;2;2;0
"Total sex";"2024";"Employees - medium level";"Under 16 years";"MA Consultancy etc.";2;6;4;0;5
"Total sex";"2024";"Employees - medium level";"Under 16 years";"MB Scientific research and development";10;0;1;0;0
"Total sex";"2024";"Employees - medium level";"Under 16 years";"MC Advertising and other business services";4;0;2;2;0
"Total sex";"2024";"Employees - medium level";"Under 16 years";"N Travel agent, cleaning, and other operationel services";1;0;1;0;0
"Total sex";"2024";"Employees - medium level";"Under 16 years";"O Public administration, defence and compulsory social security";0;0;0;0;0
"Total sex";"2024";"Employees - medium level";"Under 16 years";"P Education";1;1;0;0;0
"Total sex";"2024";"Employees - medium level";"Under 16 years";"QA Human health activities";3;2;2;0;0
"Total sex";"2024";"Employees - medium level";"Under 16 years";"QB Residential care";0;1;0;0;1
"Total sex";"2024";"Employees - medium level";"Under 16 years";"R Arts, entertainment and recreation activities";267;40;50;48;16
"Total sex";"2024";"Employees - medium level";"Under 16 years";"S Other service activities etc.";4;0;0;0;0
"Total sex";"2024";"Employees - medium level";"Under 16 years";"X Activity not stated";0;0;0;0;0
"Total sex";"2024";"Employees - medium level";"16-19 years";"A Agriculture, forestry and fishing";0;2;3;5;1
"Total sex";"2024";"Employees - medium level";"16-19 years";"B Mining and quarrying";0;0;0;0;0
"Total sex";"2024";"Employees - medium level";"16-19 years";"CA Manufacture of food products, beverages and tobacco";4;3;4;4;3
"Total sex";"2024";"Employees - medium level";"16-19 years";"CB Textiles and leather products";0;0;0;1;0
"Total sex";"2024";"Employees - medium level";"16-19 years";"CC Wood and paper products and printing";0;1;1;0;0
"Total sex";"2024";"Employees - medium level";"16-19 years";"CD Oil refinery etc.";0;0;0;0;0
"Total sex";"2024";"Employees - medium level";"16-19 years";"CE Manufacture of chemicals";0;0;0;1;0
"Total sex";"2024";"Employees - medium level";"16-19 years";"CF Pharmaceuticals";1;2;0;0;0
"Total sex";"2024";"Employees - medium level";"16-19 years";"CG Manufacture of plastic, glass and concrete";1;0;3;1;0
"Total sex";"2024";"Employees - medium level";"16-19 years";"CH Basic metals and fabricated metal products";2;1;2;6;4
"Total sex";"2024";"Employees - medium level";"16-19 years";"CI Manufacture of electronic components";6;0;1;2;1
"Total sex";"2024";"Employees - medium level";"16-19 years";"CJ Electrical equipment";1;0;1;2;0
"Total sex";"2024";"Employees - medium level";"16-19 years";"CK Manufacture of machinery";1;0;8;7;2
"Total sex";"2024";"Employees - medium level";"16-19 years";"CL Transport equipment";1;0;1;0;0
"Total sex";"2024";"Employees - medium level";"16-19 years";"CM Manufacture of funiture and other manufacturing";1;0;14;10;1
"Total sex";"2024";"Employees - medium level";"16-19 years";"D Electricity, gas, steam and air conditioning supply";2;0;1;0;2
"Total sex";"2024";"Employees - medium level";"16-19 years";"E Water supply, sewerage and waste management";0;0;0;0;0
"Total sex";"2024";"Employees - medium level";"16-19 years";"F Construction";12;16;18;21;7
"Total sex";"2024";"Employees - medium level";"16-19 years";"G Wholesale and retail trade";105;52;59;50;34
"Total sex";"2024";"Employees - medium level";"16-19 years";"H Transportation";23;8;37;18;1
"Total sex";"2024";"Employees - medium level";"16-19 years";"I Accommodation and food service activities";63;8;30;46;10
"Total sex";"2024";"Employees - medium level";"16-19 years";"JA Publishing, television and radio broadcasting";12;0;1;4;0
"Total sex";"2024";"Employees - medium level";"16-19 years";"JB Telecommunications";6;1;5;7;0
"Total sex";"2024";"Employees - medium level";"16-19 years";"JC IT and information service activities";43;2;7;12;1
"Total sex";"2024";"Employees - medium level";"16-19 years";"K Financial and insurance";17;1;2;4;2
"Total sex";"2024";"Employees - medium level";"16-19 years";"L Real estate activities";12;23;3;4;3
"Total sex";"2024";"Employees - medium level";"16-19 years";"MA Consultancy etc.";55;10;28;20;10
"Total sex";"2024";"Employees - medium level";"16-19 years";"MB Scientific research and development";2;0;2;3;0
"Total sex";"2024";"Employees - medium level";"16-19 years";"MC Advertising and other business services";9;1;7;36;0
"Total sex";"2024";"Employees - medium level";"16-19 years";"N Travel agent, cleaning, and other operationel services";28;8;8;43;8
"Total sex";"2024";"Employees - medium level";"16-19 years";"O Public administration, defence and compulsory social security";7;1;0;2;1
"Total sex";"2024";"Employees - medium level";"16-19 years";"P Education";18;7;11;9;1
"Total sex";"2024";"Employees - medium level";"16-19 years";"QA Human health activities";65;9;37;24;8
"Total sex";"2024";"Employees - medium level";"16-19 years";"QB Residential care";14;11;4;29;8
"Total sex";"2024";"Employees - medium level";"16-19 years";"R Arts, entertainment and recreation activities";544;103;161;256;87
"Total sex";"2024";"Employees - medium level";"16-19 years";"S Other service activities etc.";14;0;8;5;0
"Total sex";"2024";"Employees - medium level";"16-19 years";"X Activity not stated";0;0;0;0;0
"Total sex";"2024";"Employees - medium level";"20-24 years";"A Agriculture, forestry and fishing";2;11;9;15;7
"Total sex";"2024";"Employees - medium level";"20-24 years";"B Mining and quarrying";0;0;11;1;0
"Total sex";"2024";"Employees - medium level";"20-24 years";"CA Manufacture of food products, beverages and tobacco";22;19;32;36;22
"Total sex";"2024";"Employees - medium level";"20-24 years";"CB Textiles and leather products";3;3;2;16;0
"Total sex";"2024";"Employees - medium level";"20-24 years";"CC Wood and paper products and printing";1;1;7;7;5
"Total sex";"2024";"Employees - medium level";"20-24 years";"CD Oil refinery etc.";0;5;3;0;0
"Total sex";"2024";"Employees - medium level";"20-24 years";"CE Manufacture of chemicals";36;14;7;10;1
"Total sex";"2024";"Employees - medium level";"20-24 years";"CF Pharmaceuticals";106;17;0;1;0
"Total sex";"2024";"Employees - medium level";"20-24 years";"CG Manufacture of plastic, glass and concrete";7;3;10;15;5
"Total sex";"2024";"Employees - medium level";"20-24 years";"CH Basic metals and fabricated metal products";8;7;12;25;19
"Total sex";"2024";"Employees - medium level";"20-24 years";"CI Manufacture of electronic components";39;2;5;19;3
"Total sex";"2024";"Employees - medium level";"20-24 years";"CJ Electrical equipment";11;8;17;16;4
"Total sex";"2024";"Employees - medium level";"20-24 years";"CK Manufacture of machinery";21;15;68;65;24
"Total sex";"2024";"Employees - medium level";"20-24 years";"CL Transport equipment";3;3;18;3;4
"Total sex";"2024";"Employees - medium level";"20-24 years";"CM Manufacture of funiture and other manufacturing";15;13;199;11;4
"Total sex";"2024";"Employees - medium level";"20-24 years";"D Electricity, gas, steam and air conditioning supply";32;1;27;22;37
"Total sex";"2024";"Employees - medium level";"20-24 years";"E Water supply, sewerage and waste management";6;0;1;1;0
"Total sex";"2024";"Employees - medium level";"20-24 years";"F Construction";103;61;48;78;22
"Total sex";"2024";"Employees - medium level";"20-24 years";"G Wholesale and retail trade";835;162;402;638;209
"Total sex";"2024";"Employees - medium level";"20-24 years";"H Transportation";394;63;291;224;76
"Total sex";"2024";"Employees - medium level";"20-24 years";"I Accommodation and food service activities";205;25;69;124;48
"Total sex";"2024";"Employees - medium level";"20-24 years";"JA Publishing, television and radio broadcasting";222;2;20;21;16
"Total sex";"2024";"Employees - medium level";"20-24 years";"JB Telecommunications";115;3;41;56;1
"Total sex";"2024";"Employees - medium level";"20-24 years";"JC IT and information service activities";398;13;57;146;23
"Total sex";"2024";"Employees - medium level";"20-24 years";"K Financial and insurance";508;52;100;261;50
"Total sex";"2024";"Employees - medium level";"20-24 years";"L Real estate activities";214;60;53;83;36
"Total sex";"2024";"Employees - medium level";"20-24 years";"MA Consultancy etc.";984;114;249;457;137
"Total sex";"2024";"Employees - medium level";"20-24 years";"MB Scientific research and development";93;10;8;25;3
"Total sex";"2024";"Employees - medium level";"20-24 years";"MC Advertising and other business services";155;49;43;209;34
"Total sex";"2024";"Employees - medium level";"20-24 years";"N Travel agent, cleaning, and other operationel services";627;57;78;174;31
"Total sex";"2024";"Employees - medium level";"20-24 years";"O Public administration, defence and compulsory social security";125;20;29;33;33
"Total sex";"2024";"Employees - medium level";"20-24 years";"P Education";471;12;43;49;11
"Total sex";"2024";"Employees - medium level";"20-24 years";"QA Human health activities";776;167;202;271;167
"Total sex";"2024";"Employees - medium level";"20-24 years";"QB Residential care";63;15;8;189;11
"Total sex";"2024";"Employees - medium level";"20-24 years";"R Arts, entertainment and recreation activities";486;128;183;317;137
"Total sex";"2024";"Employees - medium level";"20-24 years";"S Other service activities etc.";181;6;34;24;4
"Total sex";"2024";"Employees - medium level";"20-24 years";"X Activity not stated";0;0;0;0;0
"Total sex";"2024";"Employees - medium level";"25-29 years";"A Agriculture, forestry and fishing";8;20;11;25;10
"Total sex";"2024";"Employees - medium level";"25-29 years";"B Mining and quarrying";6;0;24;3;0
"Total sex";"2024";"Employees - medium level";"25-29 years";"CA Manufacture of food products, beverages and tobacco";72;38;85;239;33
"Total sex";"2024";"Employees - medium level";"25-29 years";"CB Textiles and leather products";11;2;8;34;4
"Total sex";"2024";"Employees - medium level";"25-29 years";"CC Wood and paper products and printing";4;5;21;44;26
"Total sex";"2024";"Employees - medium level";"25-29 years";"CD Oil refinery etc.";0;12;7;0;0
"Total sex";"2024";"Employees - medium level";"25-29 years";"CE Manufacture of chemicals";123;30;37;33;10
"Total sex";"2024";"Employees - medium level";"25-29 years";"CF Pharmaceuticals";560;89;3;2;11
"Total sex";"2024";"Employees - medium level";"25-29 years";"CG Manufacture of plastic, glass and concrete";17;20;34;55;31
"Total sex";"2024";"Employees - medium level";"25-29 years";"CH Basic metals and fabricated metal products";16;12;58;75;61
"Total sex";"2024";"Employees - medium level";"25-29 years";"CI Manufacture of electronic components";97;4;14;96;13
"Total sex";"2024";"Employees - medium level";"25-29 years";"CJ Electrical equipment";39;6;50;35;34
"Total sex";"2024";"Employees - medium level";"25-29 years";"CK Manufacture of machinery";95;39;206;250;101
"Total sex";"2024";"Employees - medium level";"25-29 years";"CL Transport equipment";5;4;29;23;8
"Total sex";"2024";"Employees - medium level";"25-29 years";"CM Manufacture of funiture and other manufacturing";66;24;270;56;26
"Total sex";"2024";"Employees - medium level";"25-29 years";"D Electricity, gas, steam and air conditioning supply";104;17;93;150;92
"Total sex";"2024";"Employees - medium level";"25-29 years";"E Water supply, sewerage and waste management";13;7;14;8;6
"Total sex";"2024";"Employees - medium level";"25-29 years";"F Construction";351;179;230;267;93
"Total sex";"2024";"Employees - medium level";"25-29 years";"G Wholesale and retail trade";1827;299;897;1552;412
"Total sex";"2024";"Employees - medium level";"25-29 years";"H Transportation";836;110;450;471;121
"Total sex";"2024";"Employees - medium level";"25-29 years";"I Accommodation and food service activities";228;22;70;82;28
"Total sex";"2024";"Employees - medium level";"25-29 years";"JA Publishing, television and radio broadcasting";499;6;79;80;25
"Total sex";"2024";"Employees - medium level";"25-29 years";"JB Telecommunications";148;6;45;76;10
"Total sex";"2024";"Employees - medium level";"25-29 years";"JC IT and information service activities";1010;28;174;410;96
"Total sex";"2024";"Employees - medium level";"25-29 years";"K Financial and insurance";1166;62;218;535;93
"Total sex";"2024";"Employees - medium level";"25-29 years";"L Real estate activities";542;95;124;237;76
"Total sex";"2024";"Employees - medium level";"25-29 years";"MA Consultancy etc.";2528;220;525;1137;281
"Total sex";"2024";"Employees - medium level";"25-29 years";"MB Scientific research and development";223;22;36;232;8
"Total sex";"2024";"Employees - medium level";"25-29 years";"MC Advertising and other business services";481;67;111;196;60
"Total sex";"2024";"Employees - medium level";"25-29 years";"N Travel agent, cleaning, and other operationel services";757;72;77;202;66
"Total sex";"2024";"Employees - medium level";"25-29 years";"O Public administration, defence and compulsory social security";899;186;264;263;215
"Total sex";"2024";"Employees - medium level";"25-29 years";"P Education";539;19;86;86;24
"Total sex";"2024";"Employees - medium level";"25-29 years";"QA Human health activities";1152;354;661;853;371
"Total sex";"2024";"Employees - medium level";"25-29 years";"QB Residential care";137;23;27;106;15
"Total sex";"2024";"Employees - medium level";"25-29 years";"R Arts, entertainment and recreation activities";533;67;213;292;109
"Total sex";"2024";"Employees - medium level";"25-29 years";"S Other service activities etc.";308;11;58;61;13
"Total sex";"2024";"Employees - medium level";"25-29 years";"X Activity not stated";0;0;0;0;0
"Total sex";"2024";"Employees - medium level";"30-34 years";"A Agriculture, forestry and fishing";14;19;26;27;12
"Total sex";"2024";"Employees - medium level";"30-34 years";"B Mining and quarrying";7;1;43;1;5
"Total sex";"2024";"Employees - medium level";"30-34 years";"CA Manufacture of food products, beverages and tobacco";96;65;124;261;43
"Total sex";"2024";"Employees - medium level";"30-34 years";"CB Textiles and leather products";11;0;13;56;4
"Total sex";"2024";"Employees - medium level";"30-34 years";"CC Wood and paper products and printing";14;7;42;52;28
"Total sex";"2024";"Employees - medium level";"30-34 years";"CD Oil refinery etc.";1;24;23;0;0
"Total sex";"2024";"Employees - medium level";"30-34 years";"CE Manufacture of chemicals";145;32;41;47;9
"Total sex";"2024";"Employees - medium level";"30-34 years";"CF Pharmaceuticals";821;123;1;3;17
"Total sex";"2024";"Employees - medium level";"30-34 years";"CG Manufacture of plastic, glass and concrete";25;26;61;85;34
"Total sex";"2024";"Employees - medium level";"30-34 years";"CH Basic metals and fabricated metal products";18;21;85;102;76
"Total sex";"2024";"Employees - medium level";"30-34 years";"CI Manufacture of electronic components";136;10;17;124;17
"Total sex";"2024";"Employees - medium level";"30-34 years";"CJ Electrical equipment";49;13;44;38;39
"Total sex";"2024";"Employees - medium level";"30-34 years";"CK Manufacture of machinery";101;75;290;381;169
"Total sex";"2024";"Employees - medium level";"30-34 years";"CL Transport equipment";11;2;38;24;11
"Total sex";"2024";"Employees - medium level";"30-34 years";"CM Manufacture of funiture and other manufacturing";104;34;271;63;39
"Total sex";"2024";"Employees - medium level";"30-34 years";"D Electricity, gas, steam and air conditioning supply";107;24;131;119;86
"Total sex";"2024";"Employees - medium level";"30-34 years";"E Water supply, sewerage and waste management";15;5;18;21;10
"Total sex";"2024";"Employees - medium level";"30-34 years";"F Construction";480;270;314;436;133
"Total sex";"2024";"Employees - medium level";"30-34 years";"G Wholesale and retail trade";2182;400;1106;1840;498
"Total sex";"2024";"Employees - medium level";"30-34 years";"H Transportation";943;114;476;440;98
"Total sex";"2024";"Employees - medium level";"30-34 years";"I Accommodation and food service activities";266;27;79;71;25
"Total sex";"2024";"Employees - medium level";"30-34 years";"JA Publishing, television and radio broadcasting";627;4;86;90;20
"Total sex";"2024";"Employees - medium level";"30-34 years";"JB Telecommunications";215;22;51;103;24
"Total sex";"2024";"Employees - medium level";"30-34 years";"JC IT and information service activities";1124;39;201;453;101
"Total sex";"2024";"Employees - medium level";"30-34 years";"K Financial and insurance";1129;59;240;462;122
"Total sex";"2024";"Employees - medium level";"30-34 years";"L Real estate activities";517;71;105;173;57
"Total sex";"2024";"Employees - medium level";"30-34 years";"MA Consultancy etc.";1797;270;536;874;276
"Total sex";"2024";"Employees - medium level";"30-34 years";"MB Scientific research and development";235;39;44;249;8
"Total sex";"2024";"Employees - medium level";"30-34 years";"MC Advertising and other business services";382;43;102;159;48
"Total sex";"2024";"Employees - medium level";"30-34 years";"N Travel agent, cleaning, and other operationel services";752;89;142;252;126
"Total sex";"2024";"Employees - medium level";"30-34 years";"O Public administration, defence and compulsory social security";1198;342;439;484;292
"Total sex";"2024";"Employees - medium level";"30-34 years";"P Education";381;41;108;102;45
"Total sex";"2024";"Employees - medium level";"30-34 years";"QA Human health activities";1239;519;960;951;369
"Total sex";"2024";"Employees - medium level";"30-34 years";"QB Residential care";186;43;72;71;39
"Total sex";"2024";"Employees - medium level";"30-34 years";"R Arts, entertainment and recreation activities";414;52;159;198;78
"Total sex";"2024";"Employees - medium level";"30-34 years";"S Other service activities etc.";273;23;62;104;21
"Total sex";"2024";"Employees - medium level";"30-34 years";"X Activity not stated";0;0;0;0;0
"Total sex";"2024";"Employees - medium level";"35-39 years";"A Agriculture, forestry and fishing";2;14;22;21;7
"Total sex";"2024";"Employees - medium level";"35-39 years";"B Mining and quarrying";16;1;42;1;6
"Total sex";"2024";"Employees - medium level";"35-39 years";"CA Manufacture of food products, beverages and tobacco";74;57;135;268;39
"Total sex";"2024";"Employees - medium level";"35-39 years";"CB Textiles and leather products";10;8;15;40;6
"Total sex";"2024";"Employees - medium level";"35-39 years";"CC Wood and paper products and printing";11;2;48;54;18
"Total sex";"2024";"Employees - medium level";"35-39 years";"CD Oil refinery etc.";2;29;26;0;0
"Total sex";"2024";"Employees - medium level";"35-39 years";"CE Manufacture of chemicals";122;42;37;43;3
"Total sex";"2024";"Employees - medium level";"35-39 years";"CF Pharmaceuticals";651;101;9;2;5
"Total sex";"2024";"Employees - medium level";"35-39 years";"CG Manufacture of plastic, glass and concrete";27;25;64;88;44
"Total sex";"2024";"Employees - medium level";"35-39 years";"CH Basic metals and fabricated metal products";24;17;99;120;65
"Total sex";"2024";"Employees - medium level";"35-39 years";"CI Manufacture of electronic components";120;5;20;91;17
"Total sex";"2024";"Employees - medium level";"35-39 years";"CJ Electrical equipment";50;7;53;46;26
"Total sex";"2024";"Employees - medium level";"35-39 years";"CK Manufacture of machinery";95;68;272;416;157
"Total sex";"2024";"Employees - medium level";"35-39 years";"CL Transport equipment";4;10;19;28;4
"Total sex";"2024";"Employees - medium level";"35-39 years";"CM Manufacture of funiture and other manufacturing";106;36;223;68;39
"Total sex";"2024";"Employees - medium level";"35-39 years";"D Electricity, gas, steam and air conditioning supply";112;41;111;112;52
"Total sex";"2024";"Employees - medium level";"35-39 years";"E Water supply, sewerage and waste management";15;2;18;12;8
"Total sex";"2024";"Employees - medium level";"35-39 years";"F Construction";528;249;374;462;173
"Total sex";"2024";"Employees - medium level";"35-39 years";"G Wholesale and retail trade";1885;348;1059;1516;403
"Total sex";"2024";"Employees - medium level";"35-39 years";"H Transportation";895;99;380;339;72
"Total sex";"2024";"Employees - medium level";"35-39 years";"I Accommodation and food service activities";266;31;81;80;26
"Total sex";"2024";"Employees - medium level";"35-39 years";"JA Publishing, television and radio broadcasting";442;4;59;57;27
"Total sex";"2024";"Employees - medium level";"35-39 years";"JB Telecommunications";198;18;42;96;23
"Total sex";"2024";"Employees - medium level";"35-39 years";"JC IT and information service activities";819;33;141;334;83
"Total sex";"2024";"Employees - medium level";"35-39 years";"K Financial and insurance";1091;75;218;341;131
"Total sex";"2024";"Employees - medium level";"35-39 years";"L Real estate activities";373;56;103;154;45
"Total sex";"2024";"Employees - medium level";"35-39 years";"MA Consultancy etc.";1353;287;489;713;220
"Total sex";"2024";"Employees - medium level";"35-39 years";"MB Scientific research and development";215;21;16;166;5
"Total sex";"2024";"Employees - medium level";"35-39 years";"MC Advertising and other business services";261;35;89;127;31
"Total sex";"2024";"Employees - medium level";"35-39 years";"N Travel agent, cleaning, and other operationel services";659;99;188;302;106
"Total sex";"2024";"Employees - medium level";"35-39 years";"O Public administration, defence and compulsory social security";1057;274;418;461;219
"Total sex";"2024";"Employees - medium level";"35-39 years";"P Education";360;53;115;150;45
"Total sex";"2024";"Employees - medium level";"35-39 years";"QA Human health activities";1142;489;982;980;404
"Total sex";"2024";"Employees - medium level";"35-39 years";"QB Residential care";218;63;107;87;49
"Total sex";"2024";"Employees - medium level";"35-39 years";"R Arts, entertainment and recreation activities";273;43;125;148;39
"Total sex";"2024";"Employees - medium level";"35-39 years";"S Other service activities etc.";266;21;90;139;25
"Total sex";"2024";"Employees - medium level";"35-39 years";"X Activity not stated";0;0;0;0;0
"Total sex";"2024";"Employees - medium level";"40-44 years";"A Agriculture, forestry and fishing";5;11;23;14;7
"Total sex";"2024";"Employees - medium level";"40-44 years";"B Mining and quarrying";12;2;55;2;2
"Total sex";"2024";"Employees - medium level";"40-44 years";"CA Manufacture of food products, beverages and tobacco";75;51;119;213;27
"Total sex";"2024";"Employees - medium level";"40-44 years";"CB Textiles and leather products";6;0;13;41;7
"Total sex";"2024";"Employees - medium level";"40-44 years";"CC Wood and paper products and printing";25;3;46;58;21
"Total sex";"2024";"Employees - medium level";"40-44 years";"CD Oil refinery etc.";1;27;39;0;0
"Total sex";"2024";"Employees - medium level";"40-44 years";"CE Manufacture of chemicals";115;37;45;49;7
"Total sex";"2024";"Employees - medium level";"40-44 years";"CF Pharmaceuticals";545;106;3;1;5
"Total sex";"2024";"Employees - medium level";"40-44 years";"CG Manufacture of plastic, glass and concrete";21;25;67;85;36
"Total sex";"2024";"Employees - medium level";"40-44 years";"CH Basic metals and fabricated metal products";25;15;115;116;75
"Total sex";"2024";"Employees - medium level";"40-44 years";"CI Manufacture of electronic components";119;6;25;91;14
"Total sex";"2024";"Employees - medium level";"40-44 years";"CJ Electrical equipment";46;11;65;43;27
"Total sex";"2024";"Employees - medium level";"40-44 years";"CK Manufacture of machinery";103;59;255;453;139
"Total sex";"2024";"Employees - medium level";"40-44 years";"CL Transport equipment";3;10;27;17;11
"Total sex";"2024";"Employees - medium level";"40-44 years";"CM Manufacture of funiture and other manufacturing";92;40;204;73;39
"Total sex";"2024";"Employees - medium level";"40-44 years";"D Electricity, gas, steam and air conditioning supply";90;16;92;65;46
"Total sex";"2024";"Employees - medium level";"40-44 years";"E Water supply, sewerage and waste management";25;7;15;11;10
"Total sex";"2024";"Employees - medium level";"40-44 years";"F Construction";497;279;354;386;127
"Total sex";"2024";"Employees - medium level";"40-44 years";"G Wholesale and retail trade";1644;387;1098;1384;403
"Total sex";"2024";"Employees - medium level";"40-44 years";"H Transportation";783;97;410;328;96
"Total sex";"2024";"Employees - medium level";"40-44 years";"I Accommodation and food service activities";251;18;83;65;33
"Total sex";"2024";"Employees - medium level";"40-44 years";"JA Publishing, television and radio broadcasting";298;6;52;58;17
"Total sex";"2024";"Employees - medium level";"40-44 years";"JB Telecommunications";216;18;46;88;30
"Total sex";"2024";"Employees - medium level";"40-44 years";"JC IT and information service activities";609;24;130;228;61
"Total sex";"2024";"Employees - medium level";"40-44 years";"K Financial and insurance";938;80;182;375;159
"Total sex";"2024";"Employees - medium level";"40-44 years";"L Real estate activities";355;64;93;131;43
"Total sex";"2024";"Employees - medium level";"40-44 years";"MA Consultancy etc.";1014;239;468;546;191
"Total sex";"2024";"Employees - medium level";"40-44 years";"MB Scientific research and development";186;29;29;115;5
"Total sex";"2024";"Employees - medium level";"40-44 years";"MC Advertising and other business services";161;28;82;114;36
"Total sex";"2024";"Employees - medium level";"40-44 years";"N Travel agent, cleaning, and other operationel services";569;129;200;276;104
"Total sex";"2024";"Employees - medium level";"40-44 years";"O Public administration, defence and compulsory social security";959;304;478;475;221
"Total sex";"2024";"Employees - medium level";"40-44 years";"P Education";330;52;141;174;58
"Total sex";"2024";"Employees - medium level";"40-44 years";"QA Human health activities";1076;481;904;992;384
"Total sex";"2024";"Employees - medium level";"40-44 years";"QB Residential care";229;79;127;116;79
"Total sex";"2024";"Employees - medium level";"40-44 years";"R Arts, entertainment and recreation activities";239;48;102;144;32
"Total sex";"2024";"Employees - medium level";"40-44 years";"S Other service activities etc.";266;40;74;117;32
"Total sex";"2024";"Employees - medium level";"40-44 years";"X Activity not stated";0;0;0;0;0
"Total sex";"2024";"Employees - medium level";"45-49 years";"A Agriculture, forestry and fishing";8;23;20;24;5
"Total sex";"2024";"Employees - medium level";"45-49 years";"B Mining and quarrying";14;2;61;5;7
"Total sex";"2024";"Employees - medium level";"45-49 years";"CA Manufacture of food products, beverages and tobacco";94;76;157;240;51
"Total sex";"2024";"Employees - medium level";"45-49 years";"CB Textiles and leather products";6;2;15;50;6
"Total sex";"2024";"Employees - medium level";"45-49 years";"CC Wood and paper products and printing";15;3;49;68;25
"Total sex";"2024";"Employees - medium level";"45-49 years";"CD Oil refinery etc.";0;42;36;0;0
"Total sex";"2024";"Employees - medium level";"45-49 years";"CE Manufacture of chemicals";147;44;56;52;12
"Total sex";"2024";"Employees - medium level";"45-49 years";"CF Pharmaceuticals";654;110;7;1;6
"Total sex";"2024";"Employees - medium level";"45-49 years";"CG Manufacture of plastic, glass and concrete";49;39;83;90;49
"Total sex";"2024";"Employees - medium level";"45-49 years";"CH Basic metals and fabricated metal products";28;27;127;160;77
"Total sex";"2024";"Employees - medium level";"45-49 years";"CI Manufacture of electronic components";133;13;28;102;14
"Total sex";"2024";"Employees - medium level";"45-49 years";"CJ Electrical equipment";43;18;77;54;26
"Total sex";"2024";"Employees - medium level";"45-49 years";"CK Manufacture of machinery";108;94;298;490;139
"Total sex";"2024";"Employees - medium level";"45-49 years";"CL Transport equipment";12;9;31;46;9
"Total sex";"2024";"Employees - medium level";"45-49 years";"CM Manufacture of funiture and other manufacturing";116;50;191;116;38
"Total sex";"2024";"Employees - medium level";"45-49 years";"D Electricity, gas, steam and air conditioning supply";87;22;114;68;47
"Total sex";"2024";"Employees - medium level";"45-49 years";"E Water supply, sewerage and waste management";23;10;35;26;16
"Total sex";"2024";"Employees - medium level";"45-49 years";"F Construction";514;262;358;405;140
"Total sex";"2024";"Employees - medium level";"45-49 years";"G Wholesale and retail trade";1984;454;1221;1529;476
"Total sex";"2024";"Employees - medium level";"45-49 years";"H Transportation";817;114;460;347;91
"Total sex";"2024";"Employees - medium level";"45-49 years";"I Accommodation and food service activities";208;21;77;56;25
"Total sex";"2024";"Employees - medium level";"45-49 years";"JA Publishing, television and radio broadcasting";314;6;34;57;36
"Total sex";"2024";"Employees - medium level";"45-49 years";"JB Telecommunications";213;28;57;105;33
"Total sex";"2024";"Employees - medium level";"45-49 years";"JC IT and information service activities";576;29;116;218;65
"Total sex";"2024";"Employees - medium level";"45-49 years";"K Financial and insurance";1110;104;249;362;151
"Total sex";"2024";"Employees - medium level";"45-49 years";"L Real estate activities";389;75;95;167;59
"Total sex";"2024";"Employees - medium level";"45-49 years";"MA Consultancy etc.";1006;256;500;570;207
"Total sex";"2024";"Employees - medium level";"45-49 years";"MB Scientific research and development";216;21;19;135;8
"Total sex";"2024";"Employees - medium level";"45-49 years";"MC Advertising and other business services";194;40;72;97;30
"Total sex";"2024";"Employees - medium level";"45-49 years";"N Travel agent, cleaning, and other operationel services";633;144;208;318;136
"Total sex";"2024";"Employees - medium level";"45-49 years";"O Public administration, defence and compulsory social security";1143;376;575;627;300
"Total sex";"2024";"Employees - medium level";"45-49 years";"P Education";340;66;161;220;75
"Total sex";"2024";"Employees - medium level";"45-49 years";"QA Human health activities";1214;579;956;1024;426
"Total sex";"2024";"Employees - medium level";"45-49 years";"QB Residential care";274;149;227;172;118
"Total sex";"2024";"Employees - medium level";"45-49 years";"R Arts, entertainment and recreation activities";229;53;109;120;50
"Total sex";"2024";"Employees - medium level";"45-49 years";"S Other service activities etc.";277;48;81;150;45
"Total sex";"2024";"Employees - medium level";"45-49 years";"X Activity not stated";0;0;0;0;0
"Total sex";"2024";"Employees - medium level";"50-54 years";"A Agriculture, forestry and fishing";6;21;20;21;9
"Total sex";"2024";"Employees - medium level";"50-54 years";"B Mining and quarrying";12;0;80;10;6
"Total sex";"2024";"Employees - medium level";"50-54 years";"CA Manufacture of food products, beverages and tobacco";107;76;176;268;72
"Total sex";"2024";"Employees - medium level";"50-54 years";"CB Textiles and leather products";9;4;12;54;19
"Total sex";"2024";"Employees - medium level";"50-54 years";"CC Wood and paper products and printing";31;13;102;89;38
"Total sex";"2024";"Employees - medium level";"50-54 years";"CD Oil refinery etc.";0;32;22;0;0
"Total sex";"2024";"Employees - medium level";"50-54 years";"CE Manufacture of chemicals";145;45;82;83;6
"Total sex";"2024";"Employees - medium level";"50-54 years";"CF Pharmaceuticals";729;124;3;1;10
"Total sex";"2024";"Employees - medium level";"50-54 years";"CG Manufacture of plastic, glass and concrete";70;64;91;138;53
"Total sex";"2024";"Employees - medium level";"50-54 years";"CH Basic metals and fabricated metal products";36;35;150;185;94
"Total sex";"2024";"Employees - medium level";"50-54 years";"CI Manufacture of electronic components";154;11;27;129;27
"Total sex";"2024";"Employees - medium level";"50-54 years";"CJ Electrical equipment";53;31;113;65;43
"Total sex";"2024";"Employees - medium level";"50-54 years";"CK Manufacture of machinery";152;110;326;528;149
"Total sex";"2024";"Employees - medium level";"50-54 years";"CL Transport equipment";5;17;32;40;13
"Total sex";"2024";"Employees - medium level";"50-54 years";"CM Manufacture of funiture and other manufacturing";104;55;265;111;59
"Total sex";"2024";"Employees - medium level";"50-54 years";"D Electricity, gas, steam and air conditioning supply";107;33;115;86;38
"Total sex";"2024";"Employees - medium level";"50-54 years";"E Water supply, sewerage and waste management";21;14;33;30;14
"Total sex";"2024";"Employees - medium level";"50-54 years";"F Construction";598;282;377;402;133
"Total sex";"2024";"Employees - medium level";"50-54 years";"G Wholesale and retail trade";2297;595;1469;1646;488
"Total sex";"2024";"Employees - medium level";"50-54 years";"H Transportation";808;140;424;295;126
"Total sex";"2024";"Employees - medium level";"50-54 years";"I Accommodation and food service activities";171;17;68;35;25
"Total sex";"2024";"Employees - medium level";"50-54 years";"JA Publishing, television and radio broadcasting";323;10;50;53;31
"Total sex";"2024";"Employees - medium level";"50-54 years";"JB Telecommunications";227;26;46;148;39
"Total sex";"2024";"Employees - medium level";"50-54 years";"JC IT and information service activities";619;22;128;241;61
"Total sex";"2024";"Employees - medium level";"50-54 years";"K Financial and insurance";1017;98;240;330;124
"Total sex";"2024";"Employees - medium level";"50-54 years";"L Real estate activities";426;73;116;137;62
"Total sex";"2024";"Employees - medium level";"50-54 years";"MA Consultancy etc.";1099;248;537;604;180
"Total sex";"2024";"Employees - medium level";"50-54 years";"MB Scientific research and development";227;29;19;117;9
"Total sex";"2024";"Employees - medium level";"50-54 years";"MC Advertising and other business services";160;23;85;106;29
"Total sex";"2024";"Employees - medium level";"50-54 years";"N Travel agent, cleaning, and other operationel services";700;171;241;359;127
"Total sex";"2024";"Employees - medium level";"50-54 years";"O Public administration, defence and compulsory social security";1305;447;693;718;292
"Total sex";"2024";"Employees - medium level";"50-54 years";"P Education";387;97;178;294;109
"Total sex";"2024";"Employees - medium level";"50-54 years";"QA Human health activities";1222;625;996;1010;509
"Total sex";"2024";"Employees - medium level";"50-54 years";"QB Residential care";283;257;317;187;154
"Total sex";"2024";"Employees - medium level";"50-54 years";"R Arts, entertainment and recreation activities";260;41;95;135;35
"Total sex";"2024";"Employees - medium level";"50-54 years";"S Other service activities etc.";365;49;117;162;49
"Total sex";"2024";"Employees - medium level";"50-54 years";"X Activity not stated";0;0;0;0;0
"Total sex";"2024";"Employees - medium level";"55-59 years";"A Agriculture, forestry and fishing";9;20;25;14;14
"Total sex";"2024";"Employees - medium level";"55-59 years";"B Mining and quarrying";27;1;71;6;17
"Total sex";"2024";"Employees - medium level";"55-59 years";"CA Manufacture of food products, beverages and tobacco";93;81;188;272;72
"Total sex";"2024";"Employees - medium level";"55-59 years";"CB Textiles and leather products";2;4;20;57;22
"Total sex";"2024";"Employees - medium level";"55-59 years";"CC Wood and paper products and printing";34;13;65;108;49
"Total sex";"2024";"Employees - medium level";"55-59 years";"CD Oil refinery etc.";0;48;34;0;0
"Total sex";"2024";"Employees - medium level";"55-59 years";"CE Manufacture of chemicals";177;74;94;76;13
"Total sex";"2024";"Employees - medium level";"55-59 years";"CF Pharmaceuticals";686;141;8;1;11
"Total sex";"2024";"Employees - medium level";"55-59 years";"CG Manufacture of plastic, glass and concrete";53;73;116;146;58
"Total sex";"2024";"Employees - medium level";"55-59 years";"CH Basic metals and fabricated metal products";48;42;195;212;113
"Total sex";"2024";"Employees - medium level";"55-59 years";"CI Manufacture of electronic components";195;8;41;148;36
"Total sex";"2024";"Employees - medium level";"55-59 years";"CJ Electrical equipment";55;33;132;69;48
"Total sex";"2024";"Employees - medium level";"55-59 years";"CK Manufacture of machinery";163;136;398;566;174
"Total sex";"2024";"Employees - medium level";"55-59 years";"CL Transport equipment";12;10;40;61;16
"Total sex";"2024";"Employees - medium level";"55-59 years";"CM Manufacture of funiture and other manufacturing";114;58;218;119;69
"Total sex";"2024";"Employees - medium level";"55-59 years";"D Electricity, gas, steam and air conditioning supply";111;41;107;82;52
"Total sex";"2024";"Employees - medium level";"55-59 years";"E Water supply, sewerage and waste management";32;15;40;23;17
"Total sex";"2024";"Employees - medium level";"55-59 years";"F Construction";607;273;343;336;114
"Total sex";"2024";"Employees - medium level";"55-59 years";"G Wholesale and retail trade";2207;557;1339;1356;440
"Total sex";"2024";"Employees - medium level";"55-59 years";"H Transportation";886;139;450;297;118
"Total sex";"2024";"Employees - medium level";"55-59 years";"I Accommodation and food service activities";123;16;59;43;18
"Total sex";"2024";"Employees - medium level";"55-59 years";"JA Publishing, television and radio broadcasting";224;14;59;45;18
"Total sex";"2024";"Employees - medium level";"55-59 years";"JB Telecommunications";259;44;67;122;23
"Total sex";"2024";"Employees - medium level";"55-59 years";"JC IT and information service activities";516;24;90;220;46
"Total sex";"2024";"Employees - medium level";"55-59 years";"K Financial and insurance";1103;130;282;411;207
"Total sex";"2024";"Employees - medium level";"55-59 years";"L Real estate activities";403;84;111;132;66
"Total sex";"2024";"Employees - medium level";"55-59 years";"MA Consultancy etc.";1148;328;641;589;203
"Total sex";"2024";"Employees - medium level";"55-59 years";"MB Scientific research and development";197;39;14;124;12
"Total sex";"2024";"Employees - medium level";"55-59 years";"MC Advertising and other business services";112;22;93;67;33
"Total sex";"2024";"Employees - medium level";"55-59 years";"N Travel agent, cleaning, and other operationel services";698;170;263;333;146
"Total sex";"2024";"Employees - medium level";"55-59 years";"O Public administration, defence and compulsory social security";1560;468;763;829;385
"Total sex";"2024";"Employees - medium level";"55-59 years";"P Education";408;116;194;264;102
"Total sex";"2024";"Employees - medium level";"55-59 years";"QA Human health activities";1271;536;989;944;409
"Total sex";"2024";"Employees - medium level";"55-59 years";"QB Residential care";350;328;370;327;182
"Total sex";"2024";"Employees - medium level";"55-59 years";"R Arts, entertainment and recreation activities";226;46;113;105;40
"Total sex";"2024";"Employees - medium level";"55-59 years";"S Other service activities etc.";432;65;148;192;56
"Total sex";"2024";"Employees - medium level";"55-59 years";"X Activity not stated";0;0;0;0;0
"Total sex";"2024";"Employees - medium level";"60-64 years";"A Agriculture, forestry and fishing";11;25;20;22;15
"Total sex";"2024";"Employees - medium level";"60-64 years";"B Mining and quarrying";9;1;47;7;12
"Total sex";"2024";"Employees - medium level";"60-64 years";"CA Manufacture of food products, beverages and tobacco";56;47;137;166;51
"Total sex";"2024";"Employees - medium level";"60-64 years";"CB Textiles and leather products";3;2;16;50;7
"Total sex";"2024";"Employees - medium level";"60-64 years";"CC Wood and paper products and printing";14;17;62;77;34
"Total sex";"2024";"Employees - medium level";"60-64 years";"CD Oil refinery etc.";1;32;19;0;0
"Total sex";"2024";"Employees - medium level";"60-64 years";"CE Manufacture of chemicals";165;45;73;61;3
"Total sex";"2024";"Employees - medium level";"60-64 years";"CF Pharmaceuticals";465;91;4;0;3
"Total sex";"2024";"Employees - medium level";"60-64 years";"CG Manufacture of plastic, glass and concrete";44;53;92;93;61
"Total sex";"2024";"Employees - medium level";"60-64 years";"CH Basic metals and fabricated metal products";32;29;154;146;74
"Total sex";"2024";"Employees - medium level";"60-64 years";"CI Manufacture of electronic components";168;11;32;114;17
"Total sex";"2024";"Employees - medium level";"60-64 years";"CJ Electrical equipment";47;16;71;51;30
"Total sex";"2024";"Employees - medium level";"60-64 years";"CK Manufacture of machinery";143;98;339;370;142
"Total sex";"2024";"Employees - medium level";"60-64 years";"CL Transport equipment";8;7;24;24;4
"Total sex";"2024";"Employees - medium level";"60-64 years";"CM Manufacture of funiture and other manufacturing";86;36;159;110;33
"Total sex";"2024";"Employees - medium level";"60-64 years";"D Electricity, gas, steam and air conditioning supply";88;32;110;79;37
"Total sex";"2024";"Employees - medium level";"60-64 years";"E Water supply, sewerage and waste management";29;13;34;26;14
"Total sex";"2024";"Employees - medium level";"60-64 years";"F Construction";453;202;240;274;115
"Total sex";"2024";"Employees - medium level";"60-64 years";"G Wholesale and retail trade";1525;370;903;919;350
"Total sex";"2024";"Employees - medium level";"60-64 years";"H Transportation";612;108;326;223;87
"Total sex";"2024";"Employees - medium level";"60-64 years";"I Accommodation and food service activities";94;14;36;19;13
"Total sex";"2024";"Employees - medium level";"60-64 years";"JA Publishing, television and radio broadcasting";157;10;35;35;9
"Total sex";"2024";"Employees - medium level";"60-64 years";"JB Telecommunications";219;47;87;181;52
"Total sex";"2024";"Employees - medium level";"60-64 years";"JC IT and information service activities";360;23;67;121;40
"Total sex";"2024";"Employees - medium level";"60-64 years";"K Financial and insurance";870;106;227;318;159
"Total sex";"2024";"Employees - medium level";"60-64 years";"L Real estate activities";315;53;72;111;35
"Total sex";"2024";"Employees - medium level";"60-64 years";"MA Consultancy etc.";841;281;482;492;184
"Total sex";"2024";"Employees - medium level";"60-64 years";"MB Scientific research and development";169;39;17;113;12
"Total sex";"2024";"Employees - medium level";"60-64 years";"MC Advertising and other business services";89;21;61;49;39
"Total sex";"2024";"Employees - medium level";"60-64 years";"N Travel agent, cleaning, and other operationel services";543;140;199;243;116
"Total sex";"2024";"Employees - medium level";"60-64 years";"O Public administration, defence and compulsory social security";1472;470;715;816;396
"Total sex";"2024";"Employees - medium level";"60-64 years";"P Education";357;76;132;204;77
"Total sex";"2024";"Employees - medium level";"60-64 years";"QA Human health activities";1005;431;812;753;367
"Total sex";"2024";"Employees - medium level";"60-64 years";"QB Residential care";305;278;291;261;170
"Total sex";"2024";"Employees - medium level";"60-64 years";"R Arts, entertainment and recreation activities";164;45;96;111;19
"Total sex";"2024";"Employees - medium level";"60-64 years";"S Other service activities etc.";358;79;129;180;71
"Total sex";"2024";"Employees - medium level";"60-64 years";"X Activity not stated";0;0;0;0;0
"Total sex";"2024";"Employees - medium level";"65-66 years";"A Agriculture, forestry and fishing";1;4;4;4;3
"Total sex";"2024";"Employees - medium level";"65-66 years";"B Mining and quarrying";6;0;15;2;1
"Total sex";"2024";"Employees - medium level";"65-66 years";"CA Manufacture of food products, beverages and tobacco";10;16;26;39;8
"Total sex";"2024";"Employees - medium level";"65-66 years";"CB Textiles and leather products";0;0;4;5;1
"Total sex";"2024";"Employees - medium level";"65-66 years";"CC Wood and paper products and printing";5;1;7;19;7
"Total sex";"2024";"Employees - medium level";"65-66 years";"CD Oil refinery etc.";0;7;1;0;0
"Total sex";"2024";"Employees - medium level";"65-66 years";"CE Manufacture of chemicals";28;12;13;9;1
"Total sex";"2024";"Employees - medium level";"65-66 years";"CF Pharmaceuticals";88;16;4;0;1
"Total sex";"2024";"Employees - medium level";"65-66 years";"CG Manufacture of plastic, glass and concrete";13;15;11;18;12
"Total sex";"2024";"Employees - medium level";"65-66 years";"CH Basic metals and fabricated metal products";15;3;17;29;22
"Total sex";"2024";"Employees - medium level";"65-66 years";"CI Manufacture of electronic components";32;1;7;18;0
"Total sex";"2024";"Employees - medium level";"65-66 years";"CJ Electrical equipment";12;5;23;7;4
"Total sex";"2024";"Employees - medium level";"65-66 years";"CK Manufacture of machinery";31;18;62;75;23
"Total sex";"2024";"Employees - medium level";"65-66 years";"CL Transport equipment";1;3;3;6;1
"Total sex";"2024";"Employees - medium level";"65-66 years";"CM Manufacture of funiture and other manufacturing";19;5;31;19;9
"Total sex";"2024";"Employees - medium level";"65-66 years";"D Electricity, gas, steam and air conditioning supply";25;6;25;17;12
"Total sex";"2024";"Employees - medium level";"65-66 years";"E Water supply, sewerage and waste management";2;4;3;5;6
"Total sex";"2024";"Employees - medium level";"65-66 years";"F Construction";100;40;47;56;28
"Total sex";"2024";"Employees - medium level";"65-66 years";"G Wholesale and retail trade";306;94;178;190;69
"Total sex";"2024";"Employees - medium level";"65-66 years";"H Transportation";125;32;72;39;15
"Total sex";"2024";"Employees - medium level";"65-66 years";"I Accommodation and food service activities";12;2;7;3;3
"Total sex";"2024";"Employees - medium level";"65-66 years";"JA Publishing, television and radio broadcasting";27;2;6;10;5
"Total sex";"2024";"Employees - medium level";"65-66 years";"JB Telecommunications";45;5;10;39;2
"Total sex";"2024";"Employees - medium level";"65-66 years";"JC IT and information service activities";77;8;12;31;1
"Total sex";"2024";"Employees - medium level";"65-66 years";"K Financial and insurance";168;18;59;65;27
"Total sex";"2024";"Employees - medium level";"65-66 years";"L Real estate activities";76;11;16;19;5
"Total sex";"2024";"Employees - medium level";"65-66 years";"MA Consultancy etc.";181;64;101;115;45
"Total sex";"2024";"Employees - medium level";"65-66 years";"MB Scientific research and development";42;6;6;19;2
"Total sex";"2024";"Employees - medium level";"65-66 years";"MC Advertising and other business services";18;4;10;11;5
"Total sex";"2024";"Employees - medium level";"65-66 years";"N Travel agent, cleaning, and other operationel services";109;28;48;56;26
"Total sex";"2024";"Employees - medium level";"65-66 years";"O Public administration, defence and compulsory social security";276;86;146;171;62
"Total sex";"2024";"Employees - medium level";"65-66 years";"P Education";71;18;23;41;19
"Total sex";"2024";"Employees - medium level";"65-66 years";"QA Human health activities";204;80;145;151;63
"Total sex";"2024";"Employees - medium level";"65-66 years";"QB Residential care";76;50;66;56;38
"Total sex";"2024";"Employees - medium level";"65-66 years";"R Arts, entertainment and recreation activities";45;5;24;30;7
"Total sex";"2024";"Employees - medium level";"65-66 years";"S Other service activities etc.";109;21;31;42;14
"Total sex";"2024";"Employees - medium level";"65-66 years";"X Activity not stated";0;0;0;0;0
"Total sex";"2024";"Employees - medium level";"67 years and over";"A Agriculture, forestry and fishing";3;8;10;2;3
"Total sex";"2024";"Employees - medium level";"67 years and over";"B Mining and quarrying";4;0;5;1;3
"Total sex";"2024";"Employees - medium level";"67 years and over";"CA Manufacture of food products, beverages and tobacco";8;13;20;21;7
"Total sex";"2024";"Employees - medium level";"67 years and over";"CB Textiles and leather products";0;0;3;8;1
"Total sex";"2024";"Employees - medium level";"67 years and over";"CC Wood and paper products and printing";5;4;17;14;11
"Total sex";"2024";"Employees - medium level";"67 years and over";"CD Oil refinery etc.";0;4;2;0;0
"Total sex";"2024";"Employees - medium level";"67 years and over";"CE Manufacture of chemicals";19;12;11;4;2
"Total sex";"2024";"Employees - medium level";"67 years and over";"CF Pharmaceuticals";57;8;1;0;0
"Total sex";"2024";"Employees - medium level";"67 years and over";"CG Manufacture of plastic, glass and concrete";10;4;23;20;6
"Total sex";"2024";"Employees - medium level";"67 years and over";"CH Basic metals and fabricated metal products";11;7;36;39;21
"Total sex";"2024";"Employees - medium level";"67 years and over";"CI Manufacture of electronic components";43;2;12;29;8
"Total sex";"2024";"Employees - medium level";"67 years and over";"CJ Electrical equipment";10;5;13;11;5
"Total sex";"2024";"Employees - medium level";"67 years and over";"CK Manufacture of machinery";37;22;51;71;18
"Total sex";"2024";"Employees - medium level";"67 years and over";"CL Transport equipment";3;4;3;14;3
"Total sex";"2024";"Employees - medium level";"67 years and over";"CM Manufacture of funiture and other manufacturing";18;5;43;28;8
"Total sex";"2024";"Employees - medium level";"67 years and over";"D Electricity, gas, steam and air conditioning supply";26;3;19;17;15
"Total sex";"2024";"Employees - medium level";"67 years and over";"E Water supply, sewerage and waste management";3;3;7;6;2
"Total sex";"2024";"Employees - medium level";"67 years and over";"F Construction";150;57;74;99;34
"Total sex";"2024";"Employees - medium level";"67 years and over";"G Wholesale and retail trade";324;120;197;230;84
"Total sex";"2024";"Employees - medium level";"67 years and over";"H Transportation";110;42;96;71;22
"Total sex";"2024";"Employees - medium level";"67 years and over";"I Accommodation and food service activities";20;3;8;11;2
"Total sex";"2024";"Employees - medium level";"67 years and over";"JA Publishing, television and radio broadcasting";49;2;8;12;0
"Total sex";"2024";"Employees - medium level";"67 years and over";"JB Telecommunications";19;3;7;11;2
"Total sex";"2024";"Employees - medium level";"67 years and over";"JC IT and information service activities";58;7;11;31;6
"Total sex";"2024";"Employees - medium level";"67 years and over";"K Financial and insurance";106;16;26;39;17
"Total sex";"2024";"Employees - medium level";"67 years and over";"L Real estate activities";81;19;32;37;12
"Total sex";"2024";"Employees - medium level";"67 years and over";"MA Consultancy etc.";219;81;129;129;46
"Total sex";"2024";"Employees - medium level";"67 years and over";"MB Scientific research and development";31;5;2;23;3
"Total sex";"2024";"Employees - medium level";"67 years and over";"MC Advertising and other business services";15;5;13;17;3
"Total sex";"2024";"Employees - medium level";"67 years and over";"N Travel agent, cleaning, and other operationel services";101;34;36;45;19
"Total sex";"2024";"Employees - medium level";"67 years and over";"O Public administration, defence and compulsory social security";237;96;102;132;52
"Total sex";"2024";"Employees - medium level";"67 years and over";"P Education";91;15;30;50;13
"Total sex";"2024";"Employees - medium level";"67 years and over";"QA Human health activities";258;87;144;129;81
"Total sex";"2024";"Employees - medium level";"67 years and over";"QB Residential care";112;90;100;122;63
"Total sex";"2024";"Employees - medium level";"67 years and over";"R Arts, entertainment and recreation activities";77;22;35;61;20
"Total sex";"2024";"Employees - medium level";"67 years and over";"S Other service activities etc.";125;35;60;44;25
"Total sex";"2024";"Employees - medium level";"67 years and over";"X Activity not stated";0;0;0;0;0
"Total sex";"2024";"Employees - basic level";"Under 16 years";"A Agriculture, forestry and fishing";3;19;43;47;26
"Total sex";"2024";"Employees - basic level";"Under 16 years";"B Mining and quarrying";0;0;0;0;0
"Total sex";"2024";"Employees - basic level";"Under 16 years";"CA Manufacture of food products, beverages and tobacco";236;138;294;196;111
"Total sex";"2024";"Employees - basic level";"Under 16 years";"CB Textiles and leather products";1;1;5;5;0
"Total sex";"2024";"Employees - basic level";"Under 16 years";"CC Wood and paper products and printing";2;2;9;19;1
"Total sex";"2024";"Employees - basic level";"Under 16 years";"CD Oil refinery etc.";0;0;1;0;0
"Total sex";"2024";"Employees - basic level";"Under 16 years";"CE Manufacture of chemicals";0;4;2;6;0
"Total sex";"2024";"Employees - basic level";"Under 16 years";"CF Pharmaceuticals";0;0;0;0;0
"Total sex";"2024";"Employees - basic level";"Under 16 years";"CG Manufacture of plastic, glass and concrete";5;4;14;17;10
"Total sex";"2024";"Employees - basic level";"Under 16 years";"CH Basic metals and fabricated metal products";3;15;25;52;16
"Total sex";"2024";"Employees - basic level";"Under 16 years";"CI Manufacture of electronic components";2;0;2;15;2
"Total sex";"2024";"Employees - basic level";"Under 16 years";"CJ Electrical equipment";1;0;2;6;0
"Total sex";"2024";"Employees - basic level";"Under 16 years";"CK Manufacture of machinery";0;6;21;28;7
"Total sex";"2024";"Employees - basic level";"Under 16 years";"CL Transport equipment";0;0;4;5;0
"Total sex";"2024";"Employees - basic level";"Under 16 years";"CM Manufacture of funiture and other manufacturing";3;5;15;15;4
"Total sex";"2024";"Employees - basic level";"Under 16 years";"D Electricity, gas, steam and air conditioning supply";4;0;0;1;1
"Total sex";"2024";"Employees - basic level";"Under 16 years";"E Water supply, sewerage and waste management";1;6;0;0;1
"Total sex";"2024";"Employees - basic level";"Under 16 years";"F Construction";39;36;54;45;30
"Total sex";"2024";"Employees - basic level";"Under 16 years";"G Wholesale and retail trade";3062;1219;2024;2207;1015
"Total sex";"2024";"Employees - basic level";"Under 16 years";"H Transportation";98;63;113;135;15
"Total sex";"2024";"Employees - basic level";"Under 16 years";"I Accommodation and food service activities";382;194;446;390;136
"Total sex";"2024";"Employees - basic level";"Under 16 years";"JA Publishing, television and radio broadcasting";54;46;19;239;12
"Total sex";"2024";"Employees - basic level";"Under 16 years";"JB Telecommunications";0;0;0;0;0
"Total sex";"2024";"Employees - basic level";"Under 16 years";"JC IT and information service activities";11;2;3;7;1
"Total sex";"2024";"Employees - basic level";"Under 16 years";"K Financial and insurance";5;0;8;3;1
"Total sex";"2024";"Employees - basic level";"Under 16 years";"L Real estate activities";63;18;37;57;10
"Total sex";"2024";"Employees - basic level";"Under 16 years";"MA Consultancy etc.";30;14;18;22;6
"Total sex";"2024";"Employees - basic level";"Under 16 years";"MB Scientific research and development";2;0;0;0;0
"Total sex";"2024";"Employees - basic level";"Under 16 years";"MC Advertising and other business services";14;3;9;7;4
"Total sex";"2024";"Employees - basic level";"Under 16 years";"N Travel agent, cleaning, and other operationel services";41;12;30;38;25
"Total sex";"2024";"Employees - basic level";"Under 16 years";"O Public administration, defence and compulsory social security";28;0;0;1;1
"Total sex";"2024";"Employees - basic level";"Under 16 years";"P Education";308;178;140;432;52
"Total sex";"2024";"Employees - basic level";"Under 16 years";"QA Human health activities";20;6;14;25;6
"Total sex";"2024";"Employees - basic level";"Under 16 years";"QB Residential care";586;160;356;828;52
"Total sex";"2024";"Employees - basic level";"Under 16 years";"R Arts, entertainment and recreation activities";213;63;88;141;62
"Total sex";"2024";"Employees - basic level";"Under 16 years";"S Other service activities etc.";62;12;24;21;4
"Total sex";"2024";"Employees - basic level";"Under 16 years";"X Activity not stated";0;0;0;0;0
"Total sex";"2024";"Employees - basic level";"16-19 years";"A Agriculture, forestry and fishing";78;261;731;682;487
"Total sex";"2024";"Employees - basic level";"16-19 years";"B Mining and quarrying";1;1;4;1;3
"Total sex";"2024";"Employees - basic level";"16-19 years";"CA Manufacture of food products, beverages and tobacco";1097;317;772;573;252
"Total sex";"2024";"Employees - basic level";"16-19 years";"CB Textiles and leather products";5;4;15;27;5
"Total sex";"2024";"Employees - basic level";"16-19 years";"CC Wood and paper products and printing";9;6;60;47;23
"Total sex";"2024";"Employees - basic level";"16-19 years";"CD Oil refinery etc.";0;0;0;0;0
"Total sex";"2024";"Employees - basic level";"16-19 years";"CE Manufacture of chemicals";8;14;9;6;1
"Total sex";"2024";"Employees - basic level";"16-19 years";"CF Pharmaceuticals";35;47;0;1;1
"Total sex";"2024";"Employees - basic level";"16-19 years";"CG Manufacture of plastic, glass and concrete";17;26;46;62;30
"Total sex";"2024";"Employees - basic level";"16-19 years";"CH Basic metals and fabricated metal products";75;108;198;282;136
"Total sex";"2024";"Employees - basic level";"16-19 years";"CI Manufacture of electronic components";22;3;5;15;5
"Total sex";"2024";"Employees - basic level";"16-19 years";"CJ Electrical equipment";15;2;23;21;18
"Total sex";"2024";"Employees - basic level";"16-19 years";"CK Manufacture of machinery";49;42;169;198;108
"Total sex";"2024";"Employees - basic level";"16-19 years";"CL Transport equipment";3;10;24;50;35
"Total sex";"2024";"Employees - basic level";"16-19 years";"CM Manufacture of funiture and other manufacturing";52;66;181;116;101
"Total sex";"2024";"Employees - basic level";"16-19 years";"D Electricity, gas, steam and air conditioning supply";48;5;12;8;0
"Total sex";"2024";"Employees - basic level";"16-19 years";"E Water supply, sewerage and waste management";22;5;22;15;6
"Total sex";"2024";"Employees - basic level";"16-19 years";"F Construction";1742;1380;1727;1731;904
"Total sex";"2024";"Employees - basic level";"16-19 years";"G Wholesale and retail trade";19527;9944;13626;14687;6246
"Total sex";"2024";"Employees - basic level";"16-19 years";"H Transportation";396;149;319;312;120
"Total sex";"2024";"Employees - basic level";"16-19 years";"I Accommodation and food service activities";4196;1514;2905;2737;941
"Total sex";"2024";"Employees - basic level";"16-19 years";"JA Publishing, television and radio broadcasting";381;58;86;172;50
"Total sex";"2024";"Employees - basic level";"16-19 years";"JB Telecommunications";52;5;18;15;3
"Total sex";"2024";"Employees - basic level";"16-19 years";"JC IT and information service activities";96;17;18;29;10
"Total sex";"2024";"Employees - basic level";"16-19 years";"K Financial and insurance";101;9;79;31;20
"Total sex";"2024";"Employees - basic level";"16-19 years";"L Real estate activities";153;88;189;127;43
"Total sex";"2024";"Employees - basic level";"16-19 years";"MA Consultancy etc.";314;54;84;72;28
"Total sex";"2024";"Employees - basic level";"16-19 years";"MB Scientific research and development";7;7;2;6;2
"Total sex";"2024";"Employees - basic level";"16-19 years";"MC Advertising and other business services";128;27;58;54;17
"Total sex";"2024";"Employees - basic level";"16-19 years";"N Travel agent, cleaning, and other operationel services";680;274;332;319;298
"Total sex";"2024";"Employees - basic level";"16-19 years";"O Public administration, defence and compulsory social security";260;123;236;156;109
"Total sex";"2024";"Employees - basic level";"16-19 years";"P Education";491;200;278;272;122
"Total sex";"2024";"Employees - basic level";"16-19 years";"QA Human health activities";231;65;93;97;44
"Total sex";"2024";"Employees - basic level";"16-19 years";"QB Residential care";2271;1200;1682;1976;665
"Total sex";"2024";"Employees - basic level";"16-19 years";"R Arts, entertainment and recreation activities";1300;290;564;629;298
"Total sex";"2024";"Employees - basic level";"16-19 years";"S Other service activities etc.";305;103;181;147;78
"Total sex";"2024";"Employees - basic level";"16-19 years";"X Activity not stated";0;0;0;0;0
"Total sex";"2024";"Employees - basic level";"20-24 years";"A Agriculture, forestry and fishing";71;264;565;551;340
"Total sex";"2024";"Employees - basic level";"20-24 years";"B Mining and quarrying";17;3;50;3;4
"Total sex";"2024";"Employees - basic level";"20-24 years";"CA Manufacture of food products, beverages and tobacco";804;277;985;1126;484
"Total sex";"2024";"Employees - basic level";"20-24 years";"CB Textiles and leather products";27;3;24;58;18
"Total sex";"2024";"Employees - basic level";"20-24 years";"CC Wood and paper products and printing";26;29;208;195;130
"Total sex";"2024";"Employees - basic level";"20-24 years";"CD Oil refinery etc.";0;4;5;0;0
"Total sex";"2024";"Employees - basic level";"20-24 years";"CE Manufacture of chemicals";206;44;40;43;5
"Total sex";"2024";"Employees - basic level";"20-24 years";"CF Pharmaceuticals";800;256;4;1;19
"Total sex";"2024";"Employees - basic level";"20-24 years";"CG Manufacture of plastic, glass and concrete";55;77;152;246;75
"Total sex";"2024";"Employees - basic level";"20-24 years";"CH Basic metals and fabricated metal products";179;184;448;568;324
"Total sex";"2024";"Employees - basic level";"20-24 years";"CI Manufacture of electronic components";196;18;29;74;19
"Total sex";"2024";"Employees - basic level";"20-24 years";"CJ Electrical equipment";35;13;135;76;59
"Total sex";"2024";"Employees - basic level";"20-24 years";"CK Manufacture of machinery";196;135;470;619;412
"Total sex";"2024";"Employees - basic level";"20-24 years";"CL Transport equipment";11;25;59;76;54
"Total sex";"2024";"Employees - basic level";"20-24 years";"CM Manufacture of funiture and other manufacturing";210;113;382;312;194
"Total sex";"2024";"Employees - basic level";"20-24 years";"D Electricity, gas, steam and air conditioning supply";156;24;69;128;32
"Total sex";"2024";"Employees - basic level";"20-24 years";"E Water supply, sewerage and waste management";66;36;82;58;37
"Total sex";"2024";"Employees - basic level";"20-24 years";"F Construction";3675;2315;2691;3207;1579
"Total sex";"2024";"Employees - basic level";"20-24 years";"G Wholesale and retail trade";14703;4944;8204;11456;4573
"Total sex";"2024";"Employees - basic level";"20-24 years";"H Transportation";2065;479;999;1132;473
"Total sex";"2024";"Employees - basic level";"20-24 years";"I Accommodation and food service activities";7599;956;2836;3461;1356
"Total sex";"2024";"Employees - basic level";"20-24 years";"JA Publishing, television and radio broadcasting";694;31;133;140;46
"Total sex";"2024";"Employees - basic level";"20-24 years";"JB Telecommunications";413;29;152;153;43
"Total sex";"2024";"Employees - basic level";"20-24 years";"JC IT and information service activities";725;49;78;180;58
"Total sex";"2024";"Employees - basic level";"20-24 years";"K Financial and insurance";1819;102;249;596;150
"Total sex";"2024";"Employees - basic level";"20-24 years";"L Real estate activities";513;128;214;287;106
"Total sex";"2024";"Employees - basic level";"20-24 years";"MA Consultancy etc.";1799;164;374;601;165
"Total sex";"2024";"Employees - basic level";"20-24 years";"MB Scientific research and development";312;23;20;39;13
"Total sex";"2024";"Employees - basic level";"20-24 years";"MC Advertising and other business services";461;78;203;289;43
"Total sex";"2024";"Employees - basic level";"20-24 years";"N Travel agent, cleaning, and other operationel services";2941;651;1067;1481;803
"Total sex";"2024";"Employees - basic level";"20-24 years";"O Public administration, defence and compulsory social security";2988;1214;1585;1589;1033
"Total sex";"2024";"Employees - basic level";"20-24 years";"P Education";1769;593;1245;1423;483
"Total sex";"2024";"Employees - basic level";"20-24 years";"QA Human health activities";1726;467;752;786;312
"Total sex";"2024";"Employees - basic level";"20-24 years";"QB Residential care";11087;4033;6074;9508;2562
"Total sex";"2024";"Employees - basic level";"20-24 years";"R Arts, entertainment and recreation activities";2265;317;654;870;339
"Total sex";"2024";"Employees - basic level";"20-24 years";"S Other service activities etc.";1200;170;345;478;168
"Total sex";"2024";"Employees - basic level";"20-24 years";"X Activity not stated";0;0;0;0;0
"Total sex";"2024";"Employees - basic level";"25-29 years";"A Agriculture, forestry and fishing";65;233;340;303;221
"Total sex";"2024";"Employees - basic level";"25-29 years";"B Mining and quarrying";28;5;46;17;11
"Total sex";"2024";"Employees - basic level";"25-29 years";"CA Manufacture of food products, beverages and tobacco";436;270;1034;1083;436
"Total sex";"2024";"Employees - basic level";"25-29 years";"CB Textiles and leather products";21;3;22;64;29
"Total sex";"2024";"Employees - basic level";"25-29 years";"CC Wood and paper products and printing";32;40;169;258;149
"Total sex";"2024";"Employees - basic level";"25-29 years";"CD Oil refinery etc.";2;4;1;0;0
"Total sex";"2024";"Employees - basic level";"25-29 years";"CE Manufacture of chemicals";278;73;62;60;20
"Total sex";"2024";"Employees - basic level";"25-29 years";"CF Pharmaceuticals";1357;322;9;1;25
"Total sex";"2024";"Employees - basic level";"25-29 years";"CG Manufacture of plastic, glass and concrete";101;121;200;296;109
"Total sex";"2024";"Employees - basic level";"25-29 years";"CH Basic metals and fabricated metal products";201;205;557;607;364
"Total sex";"2024";"Employees - basic level";"25-29 years";"CI Manufacture of electronic components";243;20;26;107;15
"Total sex";"2024";"Employees - basic level";"25-29 years";"CJ Electrical equipment";41;16;143;85;91
"Total sex";"2024";"Employees - basic level";"25-29 years";"CK Manufacture of machinery";233;159;577;733;560
"Total sex";"2024";"Employees - basic level";"25-29 years";"CL Transport equipment";20;25;78;119;57
"Total sex";"2024";"Employees - basic level";"25-29 years";"CM Manufacture of funiture and other manufacturing";248;155;472;320;224
"Total sex";"2024";"Employees - basic level";"25-29 years";"D Electricity, gas, steam and air conditioning supply";225;45;95;308;42
"Total sex";"2024";"Employees - basic level";"25-29 years";"E Water supply, sewerage and waste management";119;47;136;92;62
"Total sex";"2024";"Employees - basic level";"25-29 years";"F Construction";3857;2126;2502;2948;1301
"Total sex";"2024";"Employees - basic level";"25-29 years";"G Wholesale and retail trade";8910;2592;4814;6824;2435
"Total sex";"2024";"Employees - basic level";"25-29 years";"H Transportation";2166;472;1113;1135;418
"Total sex";"2024";"Employees - basic level";"25-29 years";"I Accommodation and food service activities";4644;362;1233;1403;586
"Total sex";"2024";"Employees - basic level";"25-29 years";"JA Publishing, television and radio broadcasting";825;14;110;125;48
"Total sex";"2024";"Employees - basic level";"25-29 years";"JB Telecommunications";292;46;91;111;66
"Total sex";"2024";"Employees - basic level";"25-29 years";"JC IT and information service activities";1125;33;107;341;87
"Total sex";"2024";"Employees - basic level";"25-29 years";"K Financial and insurance";1614;70;227;433;72
"Total sex";"2024";"Employees - basic level";"25-29 years";"L Real estate activities";616;66;187;269;110
"Total sex";"2024";"Employees - basic level";"25-29 years";"MA Consultancy etc.";2106;189;438;717;235
"Total sex";"2024";"Employees - basic level";"25-29 years";"MB Scientific research and development";404;37;21;77;8
"Total sex";"2024";"Employees - basic level";"25-29 years";"MC Advertising and other business services";551;48;146;282;41
"Total sex";"2024";"Employees - basic level";"25-29 years";"N Travel agent, cleaning, and other operationel services";2669;580;956;1215;473
"Total sex";"2024";"Employees - basic level";"25-29 years";"O Public administration, defence and compulsory social security";3295;1079;1437;1560;951
"Total sex";"2024";"Employees - basic level";"25-29 years";"P Education";1232;312;660;890;333
"Total sex";"2024";"Employees - basic level";"25-29 years";"QA Human health activities";1444;358;593;770;210
"Total sex";"2024";"Employees - basic level";"25-29 years";"QB Residential care";6169;2366;3328;4318;1726
"Total sex";"2024";"Employees - basic level";"25-29 years";"R Arts, entertainment and recreation activities";1493;175;378;526;203
"Total sex";"2024";"Employees - basic level";"25-29 years";"S Other service activities etc.";1465;157;309;469;183
"Total sex";"2024";"Employees - basic level";"25-29 years";"X Activity not stated";0;0;0;0;0
"Total sex";"2024";"Employees - basic level";"30-34 years";"A Agriculture, forestry and fishing";64;156;304;275;197
"Total sex";"2024";"Employees - basic level";"30-34 years";"B Mining and quarrying";19;10;51;10;18
"Total sex";"2024";"Employees - basic level";"30-34 years";"CA Manufacture of food products, beverages and tobacco";392;289;1147;1109;518
"Total sex";"2024";"Employees - basic level";"30-34 years";"CB Textiles and leather products";14;2;29;94;29
"Total sex";"2024";"Employees - basic level";"30-34 years";"CC Wood and paper products and printing";42;53;213;295;213
"Total sex";"2024";"Employees - basic level";"30-34 years";"CD Oil refinery etc.";0;8;5;0;0
"Total sex";"2024";"Employees - basic level";"30-34 years";"CE Manufacture of chemicals";228;110;100;85;29
"Total sex";"2024";"Employees - basic level";"30-34 years";"CF Pharmaceuticals";1116;253;13;0;27
"Total sex";"2024";"Employees - basic level";"30-34 years";"CG Manufacture of plastic, glass and concrete";122;183;289;385;153
"Total sex";"2024";"Employees - basic level";"30-34 years";"CH Basic metals and fabricated metal products";197;190;710;790;429
"Total sex";"2024";"Employees - basic level";"30-34 years";"CI Manufacture of electronic components";163;27;34;105;20
"Total sex";"2024";"Employees - basic level";"30-34 years";"CJ Electrical equipment";48;27;179;79;88
"Total sex";"2024";"Employees - basic level";"30-34 years";"CK Manufacture of machinery";217;207;713;820;585
"Total sex";"2024";"Employees - basic level";"30-34 years";"CL Transport equipment";19;33;109;149;69
"Total sex";"2024";"Employees - basic level";"30-34 years";"CM Manufacture of funiture and other manufacturing";248;145;598;387;215
"Total sex";"2024";"Employees - basic level";"30-34 years";"D Electricity, gas, steam and air conditioning supply";186;85;112;261;37
"Total sex";"2024";"Employees - basic level";"30-34 years";"E Water supply, sewerage and waste management";186;84;141;130;81
"Total sex";"2024";"Employees - basic level";"30-34 years";"F Construction";3939;1998;2589;2837;1273
"Total sex";"2024";"Employees - basic level";"30-34 years";"G Wholesale and retail trade";6538;2143;3941;5138;1824
"Total sex";"2024";"Employees - basic level";"30-34 years";"H Transportation";1913;538;1216;984;421
"Total sex";"2024";"Employees - basic level";"30-34 years";"I Accommodation and food service activities";2958;264;830;718;343
"Total sex";"2024";"Employees - basic level";"30-34 years";"JA Publishing, television and radio broadcasting";489;13;71;71;12
"Total sex";"2024";"Employees - basic level";"30-34 years";"JB Telecommunications";224;51;56;121;75
"Total sex";"2024";"Employees - basic level";"30-34 years";"JC IT and information service activities";837;42;86;251;53
"Total sex";"2024";"Employees - basic level";"30-34 years";"K Financial and insurance";1025;65;151;211;67
"Total sex";"2024";"Employees - basic level";"30-34 years";"L Real estate activities";559;95;193;247;103
"Total sex";"2024";"Employees - basic level";"30-34 years";"MA Consultancy etc.";1222;169;359;463;128
"Total sex";"2024";"Employees - basic level";"30-34 years";"MB Scientific research and development";165;27;22;40;3
"Total sex";"2024";"Employees - basic level";"30-34 years";"MC Advertising and other business services";364;36;112;161;25
"Total sex";"2024";"Employees - basic level";"30-34 years";"N Travel agent, cleaning, and other operationel services";2510;608;988;1210;373
"Total sex";"2024";"Employees - basic level";"30-34 years";"O Public administration, defence and compulsory social security";2459;948;1405;1461;871
"Total sex";"2024";"Employees - basic level";"30-34 years";"P Education";924;297;535;637;335
"Total sex";"2024";"Employees - basic level";"30-34 years";"QA Human health activities";897;279;416;418;135
"Total sex";"2024";"Employees - basic level";"30-34 years";"QB Residential care";5255;2722;3574;3576;1778
"Total sex";"2024";"Employees - basic level";"30-34 years";"R Arts, entertainment and recreation activities";869;108;252;252;116
"Total sex";"2024";"Employees - basic level";"30-34 years";"S Other service activities etc.";985;188;255;321;153
"Total sex";"2024";"Employees - basic level";"30-34 years";"X Activity not stated";0;0;0;0;0
"Total sex";"2024";"Employees - basic level";"35-39 years";"A Agriculture, forestry and fishing";34;162;237;211;143
"Total sex";"2024";"Employees - basic level";"35-39 years";"B Mining and quarrying";18;14;56;11;9
"Total sex";"2024";"Employees - basic level";"35-39 years";"CA Manufacture of food products, beverages and tobacco";339;318;1086;1101;515
"Total sex";"2024";"Employees - basic level";"35-39 years";"CB Textiles and leather products";8;5;48;89;39
"Total sex";"2024";"Employees - basic level";"35-39 years";"CC Wood and paper products and printing";42;39;219;373;201
"Total sex";"2024";"Employees - basic level";"35-39 years";"CD Oil refinery etc.";0;10;3;0;0
"Total sex";"2024";"Employees - basic level";"35-39 years";"CE Manufacture of chemicals";246;76;99;93;18
"Total sex";"2024";"Employees - basic level";"35-39 years";"CF Pharmaceuticals";947;255;6;0;19
"Total sex";"2024";"Employees - basic level";"35-39 years";"CG Manufacture of plastic, glass and concrete";117;208;291;406;168
"Total sex";"2024";"Employees - basic level";"35-39 years";"CH Basic metals and fabricated metal products";206;185;763;832;435
"Total sex";"2024";"Employees - basic level";"35-39 years";"CI Manufacture of electronic components";162;36;34;115;24
"Total sex";"2024";"Employees - basic level";"35-39 years";"CJ Electrical equipment";48;26;207;88;76
"Total sex";"2024";"Employees - basic level";"35-39 years";"CK Manufacture of machinery";228;175;700;852;579
"Total sex";"2024";"Employees - basic level";"35-39 years";"CL Transport equipment";17;49;95;141;72
"Total sex";"2024";"Employees - basic level";"35-39 years";"CM Manufacture of funiture and other manufacturing";292;166;510;405;234
"Total sex";"2024";"Employees - basic level";"35-39 years";"D Electricity, gas, steam and air conditioning supply";114;64;102;176;26
"Total sex";"2024";"Employees - basic level";"35-39 years";"E Water supply, sewerage and waste management";132;67;135;145;80
"Total sex";"2024";"Employees - basic level";"35-39 years";"F Construction";3477;1877;2282;2616;1181
"Total sex";"2024";"Employees - basic level";"35-39 years";"G Wholesale and retail trade";5033;1844;3304;4046;1528
"Total sex";"2024";"Employees - basic level";"35-39 years";"H Transportation";1926;552;1178;1099;367
"Total sex";"2024";"Employees - basic level";"35-39 years";"I Accommodation and food service activities";1843;229;571;449;223
"Total sex";"2024";"Employees - basic level";"35-39 years";"JA Publishing, television and radio broadcasting";331;12;49;57;5
"Total sex";"2024";"Employees - basic level";"35-39 years";"JB Telecommunications";193;41;62;85;66
"Total sex";"2024";"Employees - basic level";"35-39 years";"JC IT and information service activities";531;30;68;174;39
"Total sex";"2024";"Employees - basic level";"35-39 years";"K Financial and insurance";905;74;143;189;62
"Total sex";"2024";"Employees - basic level";"35-39 years";"L Real estate activities";571;113;196;250;99
"Total sex";"2024";"Employees - basic level";"35-39 years";"MA Consultancy etc.";786;139;326;307;107
"Total sex";"2024";"Employees - basic level";"35-39 years";"MB Scientific research and development";98;37;20;47;2
"Total sex";"2024";"Employees - basic level";"35-39 years";"MC Advertising and other business services";227;30;92;123;23
"Total sex";"2024";"Employees - basic level";"35-39 years";"N Travel agent, cleaning, and other operationel services";2125;576;865;1020;350
"Total sex";"2024";"Employees - basic level";"35-39 years";"O Public administration, defence and compulsory social security";2062;800;1167;1291;723
"Total sex";"2024";"Employees - basic level";"35-39 years";"P Education";850;306;566;672;373
"Total sex";"2024";"Employees - basic level";"35-39 years";"QA Human health activities";801;299;431;377;148
"Total sex";"2024";"Employees - basic level";"35-39 years";"QB Residential care";5166;2723;3482;3389;1769
"Total sex";"2024";"Employees - basic level";"35-39 years";"R Arts, entertainment and recreation activities";644;119;182;226;104
"Total sex";"2024";"Employees - basic level";"35-39 years";"S Other service activities etc.";749;178;259;283;139
"Total sex";"2024";"Employees - basic level";"35-39 years";"X Activity not stated";0;0;0;0;0
"Total sex";"2024";"Employees - basic level";"40-44 years";"A Agriculture, forestry and fishing";44;111;210;182;105
"Total sex";"2024";"Employees - basic level";"40-44 years";"B Mining and quarrying";19;18;49;9;19
"Total sex";"2024";"Employees - basic level";"40-44 years";"CA Manufacture of food products, beverages and tobacco";347;283;1131;977;537
"Total sex";"2024";"Employees - basic level";"40-44 years";"CB Textiles and leather products";7;5;47;115;37
"Total sex";"2024";"Employees - basic level";"40-44 years";"CC Wood and paper products and printing";52;43;239;371;243
"Total sex";"2024";"Employees - basic level";"40-44 years";"CD Oil refinery etc.";0;6;1;0;0
"Total sex";"2024";"Employees - basic level";"40-44 years";"CE Manufacture of chemicals";207;75;121;110;21
"Total sex";"2024";"Employees - basic level";"40-44 years";"CF Pharmaceuticals";743;244;9;1;26
"Total sex";"2024";"Employees - basic level";"40-44 years";"CG Manufacture of plastic, glass and concrete";138;184;305;453;175
"Total sex";"2024";"Employees - basic level";"40-44 years";"CH Basic metals and fabricated metal products";205;195;722;801;423
"Total sex";"2024";"Employees - basic level";"40-44 years";"CI Manufacture of electronic components";169;29;45;113;25
"Total sex";"2024";"Employees - basic level";"40-44 years";"CJ Electrical equipment";86;34;194;91;78
"Total sex";"2024";"Employees - basic level";"40-44 years";"CK Manufacture of machinery";184;148;729;889;440
"Total sex";"2024";"Employees - basic level";"40-44 years";"CL Transport equipment";12;39;85;153;74
"Total sex";"2024";"Employees - basic level";"40-44 years";"CM Manufacture of funiture and other manufacturing";229;159;514;390;224
"Total sex";"2024";"Employees - basic level";"40-44 years";"D Electricity, gas, steam and air conditioning supply";93;50;117;131;19
"Total sex";"2024";"Employees - basic level";"40-44 years";"E Water supply, sewerage and waste management";129;62;140;129;58
"Total sex";"2024";"Employees - basic level";"40-44 years";"F Construction";3149;1649;2235;2348;1034
"Total sex";"2024";"Employees - basic level";"40-44 years";"G Wholesale and retail trade";4356;1734;3084;3693;1390
"Total sex";"2024";"Employees - basic level";"40-44 years";"H Transportation";1922;638;1298;1080;419
"Total sex";"2024";"Employees - basic level";"40-44 years";"I Accommodation and food service activities";1271;189;448;339;188
"Total sex";"2024";"Employees - basic level";"40-44 years";"JA Publishing, television and radio broadcasting";255;10;31;40;4
"Total sex";"2024";"Employees - basic level";"40-44 years";"JB Telecommunications";154;36;52;79;48
"Total sex";"2024";"Employees - basic level";"40-44 years";"JC IT and information service activities";379;29;47;126;29
"Total sex";"2024";"Employees - basic level";"40-44 years";"K Financial and insurance";821;66;137;165;66
"Total sex";"2024";"Employees - basic level";"40-44 years";"L Real estate activities";536;137;197;244;88
"Total sex";"2024";"Employees - basic level";"40-44 years";"MA Consultancy etc.";670;123;287;294;116
"Total sex";"2024";"Employees - basic level";"40-44 years";"MB Scientific research and development";93;26;14;58;5
"Total sex";"2024";"Employees - basic level";"40-44 years";"MC Advertising and other business services";180;29;72;89;26
"Total sex";"2024";"Employees - basic level";"40-44 years";"N Travel agent, cleaning, and other operationel services";1825;558;860;972;350
"Total sex";"2024";"Employees - basic level";"40-44 years";"O Public administration, defence and compulsory social security";1817;726;1142;1158;681
"Total sex";"2024";"Employees - basic level";"40-44 years";"P Education";777;391;570;671;353
"Total sex";"2024";"Employees - basic level";"40-44 years";"QA Human health activities";761;341;478;399;166
"Total sex";"2024";"Employees - basic level";"40-44 years";"QB Residential care";5079;2680;3371;3256;1561
"Total sex";"2024";"Employees - basic level";"40-44 years";"R Arts, entertainment and recreation activities";514;106;208;219;91
"Total sex";"2024";"Employees - basic level";"40-44 years";"S Other service activities etc.";587;156;212;236;126
"Total sex";"2024";"Employees - basic level";"40-44 years";"X Activity not stated";0;0;0;0;0
"Total sex";"2024";"Employees - basic level";"45-49 years";"A Agriculture, forestry and fishing";37;124;194;193;98
"Total sex";"2024";"Employees - basic level";"45-49 years";"B Mining and quarrying";22;12;52;20;24
"Total sex";"2024";"Employees - basic level";"45-49 years";"CA Manufacture of food products, beverages and tobacco";356;388;1170;1150;610
"Total sex";"2024";"Employees - basic level";"45-49 years";"CB Textiles and leather products";10;6;52;128;46
"Total sex";"2024";"Employees - basic level";"45-49 years";"CC Wood and paper products and printing";67;61;287;389;219
"Total sex";"2024";"Employees - basic level";"45-49 years";"CD Oil refinery etc.";0;8;3;0;0
"Total sex";"2024";"Employees - basic level";"45-49 years";"CE Manufacture of chemicals";251;104;114;110;26
"Total sex";"2024";"Employees - basic level";"45-49 years";"CF Pharmaceuticals";856;312;8;2;24
"Total sex";"2024";"Employees - basic level";"45-49 years";"CG Manufacture of plastic, glass and concrete";158;227;346;491;209
"Total sex";"2024";"Employees - basic level";"45-49 years";"CH Basic metals and fabricated metal products";270;269;880;918;447
"Total sex";"2024";"Employees - basic level";"45-49 years";"CI Manufacture of electronic components";185;39;51;154;41
"Total sex";"2024";"Employees - basic level";"45-49 years";"CJ Electrical equipment";80;48;255;119;76
"Total sex";"2024";"Employees - basic level";"45-49 years";"CK Manufacture of machinery";244;208;885;1113;540
"Total sex";"2024";"Employees - basic level";"45-49 years";"CL Transport equipment";15;39;146;178;90
"Total sex";"2024";"Employees - basic level";"45-49 years";"CM Manufacture of funiture and other manufacturing";310;196;636;446;210
"Total sex";"2024";"Employees - basic level";"45-49 years";"D Electricity, gas, steam and air conditioning supply";88;61;134;113;29
"Total sex";"2024";"Employees - basic level";"45-49 years";"E Water supply, sewerage and waste management";178;94;155;165;67
"Total sex";"2024";"Employees - basic level";"45-49 years";"F Construction";2925;1624;2073;2301;1021
"Total sex";"2024";"Employees - basic level";"45-49 years";"G Wholesale and retail trade";4647;1949;3530;4136;1635
"Total sex";"2024";"Employees - basic level";"45-49 years";"H Transportation";2341;743;1415;1351;555
"Total sex";"2024";"Employees - basic level";"45-49 years";"I Accommodation and food service activities";985;184;424;318;168
"Total sex";"2024";"Employees - basic level";"45-49 years";"JA Publishing, television and radio broadcasting";286;27;43;58;11
"Total sex";"2024";"Employees - basic level";"45-49 years";"JB Telecommunications";159;38;49;76;41
"Total sex";"2024";"Employees - basic level";"45-49 years";"JC IT and information service activities";390;20;41;113;36
"Total sex";"2024";"Employees - basic level";"45-49 years";"K Financial and insurance";982;68;180;216;77
"Total sex";"2024";"Employees - basic level";"45-49 years";"L Real estate activities";655;160;263;333;111
"Total sex";"2024";"Employees - basic level";"45-49 years";"MA Consultancy etc.";631;161;317;322;124
"Total sex";"2024";"Employees - basic level";"45-49 years";"MB Scientific research and development";86;30;17;60;4
"Total sex";"2024";"Employees - basic level";"45-49 years";"MC Advertising and other business services";182;30;101;117;24
"Total sex";"2024";"Employees - basic level";"45-49 years";"N Travel agent, cleaning, and other operationel services";1817;630;873;1033;334
"Total sex";"2024";"Employees - basic level";"45-49 years";"O Public administration, defence and compulsory social security";2078;865;1126;1270;816
"Total sex";"2024";"Employees - basic level";"45-49 years";"P Education";911;459;704;805;412
"Total sex";"2024";"Employees - basic level";"45-49 years";"QA Human health activities";956;387;553;482;229
"Total sex";"2024";"Employees - basic level";"45-49 years";"QB Residential care";5497;2963;3645;3518;1807
"Total sex";"2024";"Employees - basic level";"45-49 years";"R Arts, entertainment and recreation activities";612;157;248;231;119
"Total sex";"2024";"Employees - basic level";"45-49 years";"S Other service activities etc.";696;169;283;297;136
"Total sex";"2024";"Employees - basic level";"45-49 years";"X Activity not stated";0;0;0;0;0
"Total sex";"2024";"Employees - basic level";"50-54 years";"A Agriculture, forestry and fishing";40;117;217;155;122
"Total sex";"2024";"Employees - basic level";"50-54 years";"B Mining and quarrying";29;27;91;23;23
"Total sex";"2024";"Employees - basic level";"50-54 years";"CA Manufacture of food products, beverages and tobacco";362;432;1484;1246;687
"Total sex";"2024";"Employees - basic level";"50-54 years";"CB Textiles and leather products";7;5;65;133;65
"Total sex";"2024";"Employees - basic level";"50-54 years";"CC Wood and paper products and printing";149;93;403;650;280
"Total sex";"2024";"Employees - basic level";"50-54 years";"CD Oil refinery etc.";0;18;3;0;0
"Total sex";"2024";"Employees - basic level";"50-54 years";"CE Manufacture of chemicals";272;112;182;175;26
"Total sex";"2024";"Employees - basic level";"50-54 years";"CF Pharmaceuticals";1004;319;12;0;50
"Total sex";"2024";"Employees - basic level";"50-54 years";"CG Manufacture of plastic, glass and concrete";174;253;459;649;248
"Total sex";"2024";"Employees - basic level";"50-54 years";"CH Basic metals and fabricated metal products";318;260;934;1019;484
"Total sex";"2024";"Employees - basic level";"50-54 years";"CI Manufacture of electronic components";253;60;69;231;47
"Total sex";"2024";"Employees - basic level";"50-54 years";"CJ Electrical equipment";102;59;268;161;89
"Total sex";"2024";"Employees - basic level";"50-54 years";"CK Manufacture of machinery";326;326;1113;1384;633
"Total sex";"2024";"Employees - basic level";"50-54 years";"CL Transport equipment";15;57;135;190;122
"Total sex";"2024";"Employees - basic level";"50-54 years";"CM Manufacture of funiture and other manufacturing";352;262;710;618;247
"Total sex";"2024";"Employees - basic level";"50-54 years";"D Electricity, gas, steam and air conditioning supply";111;63;142;118;43
"Total sex";"2024";"Employees - basic level";"50-54 years";"E Water supply, sewerage and waste management";216;107;199;194;91
"Total sex";"2024";"Employees - basic level";"50-54 years";"F Construction";2998;1559;2033;2156;900
"Total sex";"2024";"Employees - basic level";"50-54 years";"G Wholesale and retail trade";4748;2252;3878;4375;1704
"Total sex";"2024";"Employees - basic level";"50-54 years";"H Transportation";2713;985;1712;1609;727
"Total sex";"2024";"Employees - basic level";"50-54 years";"I Accommodation and food service activities";819;173;442;287;156
"Total sex";"2024";"Employees - basic level";"50-54 years";"JA Publishing, television and radio broadcasting";275;26;43;65;16
"Total sex";"2024";"Employees - basic level";"50-54 years";"JB Telecommunications";96;25;52;68;31
"Total sex";"2024";"Employees - basic level";"50-54 years";"JC IT and information service activities";316;22;38;124;30
"Total sex";"2024";"Employees - basic level";"50-54 years";"K Financial and insurance";903;68;149;204;81
"Total sex";"2024";"Employees - basic level";"50-54 years";"L Real estate activities";775;229;386;410;190
"Total sex";"2024";"Employees - basic level";"50-54 years";"MA Consultancy etc.";735;204;366;332;149
"Total sex";"2024";"Employees - basic level";"50-54 years";"MB Scientific research and development";133;25;13;77;2
"Total sex";"2024";"Employees - basic level";"50-54 years";"MC Advertising and other business services";149;36;95;91;32
"Total sex";"2024";"Employees - basic level";"50-54 years";"N Travel agent, cleaning, and other operationel services";1994;695;978;1090;409
"Total sex";"2024";"Employees - basic level";"50-54 years";"O Public administration, defence and compulsory social security";2098;832;1089;1132;743
"Total sex";"2024";"Employees - basic level";"50-54 years";"P Education";1042;524;816;912;421
"Total sex";"2024";"Employees - basic level";"50-54 years";"QA Human health activities";1075;504;654;644;273
"Total sex";"2024";"Employees - basic level";"50-54 years";"QB Residential care";5556;3217;4078;3952;2183
"Total sex";"2024";"Employees - basic level";"50-54 years";"R Arts, entertainment and recreation activities";598;167;275;248;109
"Total sex";"2024";"Employees - basic level";"50-54 years";"S Other service activities etc.";803;202;275;334;128
"Total sex";"2024";"Employees - basic level";"50-54 years";"X Activity not stated";0;0;0;0;0
"Total sex";"2024";"Employees - basic level";"55-59 years";"A Agriculture, forestry and fishing";50;116;228;160;113
"Total sex";"2024";"Employees - basic level";"55-59 years";"B Mining and quarrying";38;24;78;40;43
"Total sex";"2024";"Employees - basic level";"55-59 years";"CA Manufacture of food products, beverages and tobacco";443;503;1486;1309;644
"Total sex";"2024";"Employees - basic level";"55-59 years";"CB Textiles and leather products";6;11;77;188;72
"Total sex";"2024";"Employees - basic level";"55-59 years";"CC Wood and paper products and printing";152;118;442;720;330
"Total sex";"2024";"Employees - basic level";"55-59 years";"CD Oil refinery etc.";0;9;7;0;0
"Total sex";"2024";"Employees - basic level";"55-59 years";"CE Manufacture of chemicals";295;131;196;176;51
"Total sex";"2024";"Employees - basic level";"55-59 years";"CF Pharmaceuticals";978;337;10;4;57
"Total sex";"2024";"Employees - basic level";"55-59 years";"CG Manufacture of plastic, glass and concrete";245;326;465;682;296
"Total sex";"2024";"Employees - basic level";"55-59 years";"CH Basic metals and fabricated metal products";347;313;1068;1121;601
"Total sex";"2024";"Employees - basic level";"55-59 years";"CI Manufacture of electronic components";350;69;70;258;78
"Total sex";"2024";"Employees - basic level";"55-59 years";"CJ Electrical equipment";117;90;349;172;122
"Total sex";"2024";"Employees - basic level";"55-59 years";"CK Manufacture of machinery";395;357;1221;1524;601
"Total sex";"2024";"Employees - basic level";"55-59 years";"CL Transport equipment";20;59;197;212;133
"Total sex";"2024";"Employees - basic level";"55-59 years";"CM Manufacture of funiture and other manufacturing";380;314;823;728;254
"Total sex";"2024";"Employees - basic level";"55-59 years";"D Electricity, gas, steam and air conditioning supply";97;64;157;111;46
"Total sex";"2024";"Employees - basic level";"55-59 years";"E Water supply, sewerage and waste management";240;127;195;219;90
"Total sex";"2024";"Employees - basic level";"55-59 years";"F Construction";2751;1584;1960;1963;841
"Total sex";"2024";"Employees - basic level";"55-59 years";"G Wholesale and retail trade";4732;2328;3916;4185;1713
"Total sex";"2024";"Employees - basic level";"55-59 years";"H Transportation";3236;1137;2101;1959;871
"Total sex";"2024";"Employees - basic level";"55-59 years";"I Accommodation and food service activities";684;145;377;254;152
"Total sex";"2024";"Employees - basic level";"55-59 years";"JA Publishing, television and radio broadcasting";263;36;44;66;9
"Total sex";"2024";"Employees - basic level";"55-59 years";"JB Telecommunications";132;21;57;53;23
"Total sex";"2024";"Employees - basic level";"55-59 years";"JC IT and information service activities";280;16;30;92;29
"Total sex";"2024";"Employees - basic level";"55-59 years";"K Financial and insurance";1012;90;233;243;98
"Total sex";"2024";"Employees - basic level";"55-59 years";"L Real estate activities";1135;283;418;483;233
"Total sex";"2024";"Employees - basic level";"55-59 years";"MA Consultancy etc.";758;221;429;394;194
"Total sex";"2024";"Employees - basic level";"55-59 years";"MB Scientific research and development";140;39;22;76;7
"Total sex";"2024";"Employees - basic level";"55-59 years";"MC Advertising and other business services";156;30;110;108;32
"Total sex";"2024";"Employees - basic level";"55-59 years";"N Travel agent, cleaning, and other operationel services";2043;810;1144;1130;432
"Total sex";"2024";"Employees - basic level";"55-59 years";"O Public administration, defence and compulsory social security";2483;977;1274;1247;873
"Total sex";"2024";"Employees - basic level";"55-59 years";"P Education";1167;530;929;953;502
"Total sex";"2024";"Employees - basic level";"55-59 years";"QA Human health activities";1182;568;748;745;286
"Total sex";"2024";"Employees - basic level";"55-59 years";"QB Residential care";5798;3673;4933;4749;2657
"Total sex";"2024";"Employees - basic level";"55-59 years";"R Arts, entertainment and recreation activities";658;173;315;274;113
"Total sex";"2024";"Employees - basic level";"55-59 years";"S Other service activities etc.";888;251;357;364;189
"Total sex";"2024";"Employees - basic level";"55-59 years";"X Activity not stated";0;0;0;0;0
"Total sex";"2024";"Employees - basic level";"60-64 years";"A Agriculture, forestry and fishing";44;119;207;161;125
"Total sex";"2024";"Employees - basic level";"60-64 years";"B Mining and quarrying";23;25;77;23;30
"Total sex";"2024";"Employees - basic level";"60-64 years";"CA Manufacture of food products, beverages and tobacco";341;418;1172;984;582
"Total sex";"2024";"Employees - basic level";"60-64 years";"CB Textiles and leather products";10;8;61;168;53
"Total sex";"2024";"Employees - basic level";"60-64 years";"CC Wood and paper products and printing";105;101;369;594;330
"Total sex";"2024";"Employees - basic level";"60-64 years";"CD Oil refinery etc.";0;6;12;0;0
"Total sex";"2024";"Employees - basic level";"60-64 years";"CE Manufacture of chemicals";218;110;187;147;39
"Total sex";"2024";"Employees - basic level";"60-64 years";"CF Pharmaceuticals";604;217;10;3;53
"Total sex";"2024";"Employees - basic level";"60-64 years";"CG Manufacture of plastic, glass and concrete";194;308;423;569;249
"Total sex";"2024";"Employees - basic level";"60-64 years";"CH Basic metals and fabricated metal products";278;278;895;943;486
"Total sex";"2024";"Employees - basic level";"60-64 years";"CI Manufacture of electronic components";320;52;68;219;55
"Total sex";"2024";"Employees - basic level";"60-64 years";"CJ Electrical equipment";131;63;279;135;95
"Total sex";"2024";"Employees - basic level";"60-64 years";"CK Manufacture of machinery";323;316;995;1284;461
"Total sex";"2024";"Employees - basic level";"60-64 years";"CL Transport equipment";18;39;151;209;107
"Total sex";"2024";"Employees - basic level";"60-64 years";"CM Manufacture of funiture and other manufacturing";320;242;703;621;235
"Total sex";"2024";"Employees - basic level";"60-64 years";"D Electricity, gas, steam and air conditioning supply";97;52;119;101;30
"Total sex";"2024";"Employees - basic level";"60-64 years";"E Water supply, sewerage and waste management";214;106;140;179;72
"Total sex";"2024";"Employees - basic level";"60-64 years";"F Construction";2084;1167;1673;1567;771
"Total sex";"2024";"Employees - basic level";"60-64 years";"G Wholesale and retail trade";3488;1749;3034;3211;1369
"Total sex";"2024";"Employees - basic level";"60-64 years";"H Transportation";2712;1089;1873;1868;894
"Total sex";"2024";"Employees - basic level";"60-64 years";"I Accommodation and food service activities";450;119;248;191;132
"Total sex";"2024";"Employees - basic level";"60-64 years";"JA Publishing, television and radio broadcasting";145;25;38;65;17
"Total sex";"2024";"Employees - basic level";"60-64 years";"JB Telecommunications";117;18;35;42;11
"Total sex";"2024";"Employees - basic level";"60-64 years";"JC IT and information service activities";187;9;27;56;14
"Total sex";"2024";"Employees - basic level";"60-64 years";"K Financial and insurance";775;48;196;201;90
"Total sex";"2024";"Employees - basic level";"60-64 years";"L Real estate activities";965;243;395;440;227
"Total sex";"2024";"Employees - basic level";"60-64 years";"MA Consultancy etc.";559;154;354;320;166
"Total sex";"2024";"Employees - basic level";"60-64 years";"MB Scientific research and development";137;33;15;55;3
"Total sex";"2024";"Employees - basic level";"60-64 years";"MC Advertising and other business services";101;30;95;100;39
"Total sex";"2024";"Employees - basic level";"60-64 years";"N Travel agent, cleaning, and other operationel services";1684;695;907;950;413
"Total sex";"2024";"Employees - basic level";"60-64 years";"O Public administration, defence and compulsory social security";2163;846;1097;1131;814
"Total sex";"2024";"Employees - basic level";"60-64 years";"P Education";996;437;860;829;390
"Total sex";"2024";"Employees - basic level";"60-64 years";"QA Human health activities";1170;551;665;734;279
"Total sex";"2024";"Employees - basic level";"60-64 years";"QB Residential care";5166;3323;4840;4462;2682
"Total sex";"2024";"Employees - basic level";"60-64 years";"R Arts, entertainment and recreation activities";596;187;290;264;134
"Total sex";"2024";"Employees - basic level";"60-64 years";"S Other service activities etc.";817;201;285;313;150
"Total sex";"2024";"Employees - basic level";"60-64 years";"X Activity not stated";0;0;0;0;0
"Total sex";"2024";"Employees - basic level";"65-66 years";"A Agriculture, forestry and fishing";8;21;62;44;26
"Total sex";"2024";"Employees - basic level";"65-66 years";"B Mining and quarrying";4;3;15;6;4
"Total sex";"2024";"Employees - basic level";"65-66 years";"CA Manufacture of food products, beverages and tobacco";75;99;201;189;105
"Total sex";"2024";"Employees - basic level";"65-66 years";"CB Textiles and leather products";0;1;11;25;14
"Total sex";"2024";"Employees - basic level";"65-66 years";"CC Wood and paper products and printing";20;12;93;121;49
"Total sex";"2024";"Employees - basic level";"65-66 years";"CD Oil refinery etc.";0;0;1;0;0
"Total sex";"2024";"Employees - basic level";"65-66 years";"CE Manufacture of chemicals";51;25;32;23;8
"Total sex";"2024";"Employees - basic level";"65-66 years";"CF Pharmaceuticals";121;40;4;0;4
"Total sex";"2024";"Employees - basic level";"65-66 years";"CG Manufacture of plastic, glass and concrete";45;77;73;139;54
"Total sex";"2024";"Employees - basic level";"65-66 years";"CH Basic metals and fabricated metal products";66;63;178;182;100
"Total sex";"2024";"Employees - basic level";"65-66 years";"CI Manufacture of electronic components";68;7;14;39;5
"Total sex";"2024";"Employees - basic level";"65-66 years";"CJ Electrical equipment";23;15;45;17;16
"Total sex";"2024";"Employees - basic level";"65-66 years";"CK Manufacture of machinery";66;55;187;267;83
"Total sex";"2024";"Employees - basic level";"65-66 years";"CL Transport equipment";2;4;26;48;17
"Total sex";"2024";"Employees - basic level";"65-66 years";"CM Manufacture of funiture and other manufacturing";66;51;144;137;33
"Total sex";"2024";"Employees - basic level";"65-66 years";"D Electricity, gas, steam and air conditioning supply";29;11;26;27;9
"Total sex";"2024";"Employees - basic level";"65-66 years";"E Water supply, sewerage and waste management";42;32;35;36;24
"Total sex";"2024";"Employees - basic level";"65-66 years";"F Construction";391;245;328;352;183
"Total sex";"2024";"Employees - basic level";"65-66 years";"G Wholesale and retail trade";746;365;612;656;295
"Total sex";"2024";"Employees - basic level";"65-66 years";"H Transportation";626;266;485;542;212
"Total sex";"2024";"Employees - basic level";"65-66 years";"I Accommodation and food service activities";88;26;69;34;23
"Total sex";"2024";"Employees - basic level";"65-66 years";"JA Publishing, television and radio broadcasting";28;14;7;16;3
"Total sex";"2024";"Employees - basic level";"65-66 years";"JB Telecommunications";19;4;10;7;3
"Total sex";"2024";"Employees - basic level";"65-66 years";"JC IT and information service activities";46;3;3;10;3
"Total sex";"2024";"Employees - basic level";"65-66 years";"K Financial and insurance";130;14;46;39;19
"Total sex";"2024";"Employees - basic level";"65-66 years";"L Real estate activities";241;40;84;103;47
"Total sex";"2024";"Employees - basic level";"65-66 years";"MA Consultancy etc.";135;31;64;71;39
"Total sex";"2024";"Employees - basic level";"65-66 years";"MB Scientific research and development";33;14;2;13;0
"Total sex";"2024";"Employees - basic level";"65-66 years";"MC Advertising and other business services";12;4;15;20;9
"Total sex";"2024";"Employees - basic level";"65-66 years";"N Travel agent, cleaning, and other operationel services";394;158;192;235;91
"Total sex";"2024";"Employees - basic level";"65-66 years";"O Public administration, defence and compulsory social security";342;167;218;209;118
"Total sex";"2024";"Employees - basic level";"65-66 years";"P Education";265;104;175;172;84
"Total sex";"2024";"Employees - basic level";"65-66 years";"QA Human health activities";327;140;167;195;73
"Total sex";"2024";"Employees - basic level";"65-66 years";"QB Residential care";1184;749;976;949;490
"Total sex";"2024";"Employees - basic level";"65-66 years";"R Arts, entertainment and recreation activities";176;60;87;81;31
"Total sex";"2024";"Employees - basic level";"65-66 years";"S Other service activities etc.";184;63;75;82;28
"Total sex";"2024";"Employees - basic level";"65-66 years";"X Activity not stated";0;0;0;0;0
"Total sex";"2024";"Employees - basic level";"67 years and over";"A Agriculture, forestry and fishing";15;57;109;86;59
"Total sex";"2024";"Employees - basic level";"67 years and over";"B Mining and quarrying";8;6;22;13;9
"Total sex";"2024";"Employees - basic level";"67 years and over";"CA Manufacture of food products, beverages and tobacco";66;115;212;244;100
"Total sex";"2024";"Employees - basic level";"67 years and over";"CB Textiles and leather products";4;1;16;34;10
"Total sex";"2024";"Employees - basic level";"67 years and over";"CC Wood and paper products and printing";32;20;112;116;61
"Total sex";"2024";"Employees - basic level";"67 years and over";"CD Oil refinery etc.";1;0;3;0;0
"Total sex";"2024";"Employees - basic level";"67 years and over";"CE Manufacture of chemicals";30;20;37;23;17
"Total sex";"2024";"Employees - basic level";"67 years and over";"CF Pharmaceuticals";54;15;1;0;4
"Total sex";"2024";"Employees - basic level";"67 years and over";"CG Manufacture of plastic, glass and concrete";47;43;88;136;44
"Total sex";"2024";"Employees - basic level";"67 years and over";"CH Basic metals and fabricated metal products";95;78;185;255;106
"Total sex";"2024";"Employees - basic level";"67 years and over";"CI Manufacture of electronic components";60;11;10;38;9
"Total sex";"2024";"Employees - basic level";"67 years and over";"CJ Electrical equipment";19;12;38;31;13
"Total sex";"2024";"Employees - basic level";"67 years and over";"CK Manufacture of machinery";80;77;174;242;80
"Total sex";"2024";"Employees - basic level";"67 years and over";"CL Transport equipment";8;5;38;53;22
"Total sex";"2024";"Employees - basic level";"67 years and over";"CM Manufacture of funiture and other manufacturing";65;59;146;122;55
"Total sex";"2024";"Employees - basic level";"67 years and over";"D Electricity, gas, steam and air conditioning supply";22;10;27;25;6
"Total sex";"2024";"Employees - basic level";"67 years and over";"E Water supply, sewerage and waste management";41;33;37;47;21
"Total sex";"2024";"Employees - basic level";"67 years and over";"F Construction";576;408;527;677;280
"Total sex";"2024";"Employees - basic level";"67 years and over";"G Wholesale and retail trade";1191;771;1329;1397;557
"Total sex";"2024";"Employees - basic level";"67 years and over";"H Transportation";876;589;1160;1120;551
"Total sex";"2024";"Employees - basic level";"67 years and over";"I Accommodation and food service activities";123;50;139;126;121
"Total sex";"2024";"Employees - basic level";"67 years and over";"JA Publishing, television and radio broadcasting";69;24;11;40;4
"Total sex";"2024";"Employees - basic level";"67 years and over";"JB Telecommunications";10;4;4;6;0
"Total sex";"2024";"Employees - basic level";"67 years and over";"JC IT and information service activities";36;5;4;17;5
"Total sex";"2024";"Employees - basic level";"67 years and over";"K Financial and insurance";134;14;52;44;25
"Total sex";"2024";"Employees - basic level";"67 years and over";"L Real estate activities";223;56;103;120;50
"Total sex";"2024";"Employees - basic level";"67 years and over";"MA Consultancy etc.";153;50;80;117;50
"Total sex";"2024";"Employees - basic level";"67 years and over";"MB Scientific research and development";41;12;3;8;0
"Total sex";"2024";"Employees - basic level";"67 years and over";"MC Advertising and other business services";54;6;18;42;11
"Total sex";"2024";"Employees - basic level";"67 years and over";"N Travel agent, cleaning, and other operationel services";579;226;314;430;125
"Total sex";"2024";"Employees - basic level";"67 years and over";"O Public administration, defence and compulsory social security";462;200;223;214;138
"Total sex";"2024";"Employees - basic level";"67 years and over";"P Education";254;130;181;234;103
"Total sex";"2024";"Employees - basic level";"67 years and over";"QA Human health activities";378;209;203;254;123
"Total sex";"2024";"Employees - basic level";"67 years and over";"QB Residential care";1620;898;1228;1286;581
"Total sex";"2024";"Employees - basic level";"67 years and over";"R Arts, entertainment and recreation activities";278;108;149;224;107
"Total sex";"2024";"Employees - basic level";"67 years and over";"S Other service activities etc.";258;127;144;170;69
"Total sex";"2024";"Employees - basic level";"67 years and over";"X Activity not stated";0;0;0;0;0
"Total sex";"2024";"Other employees";"Under 16 years";"A Agriculture, forestry and fishing";2;17;34;42;35
"Total sex";"2024";"Other employees";"Under 16 years";"B Mining and quarrying";0;0;1;0;0
"Total sex";"2024";"Other employees";"Under 16 years";"CA Manufacture of food products, beverages and tobacco";22;32;49;50;25
"Total sex";"2024";"Other employees";"Under 16 years";"CB Textiles and leather products";1;0;1;13;5
"Total sex";"2024";"Other employees";"Under 16 years";"CC Wood and paper products and printing";5;2;16;25;28
"Total sex";"2024";"Other employees";"Under 16 years";"CD Oil refinery etc.";0;0;0;0;0
"Total sex";"2024";"Other employees";"Under 16 years";"CE Manufacture of chemicals";0;0;0;3;4
"Total sex";"2024";"Other employees";"Under 16 years";"CF Pharmaceuticals";0;0;0;0;0
"Total sex";"2024";"Other employees";"Under 16 years";"CG Manufacture of plastic, glass and concrete";10;10;29;42;10
"Total sex";"2024";"Other employees";"Under 16 years";"CH Basic metals and fabricated metal products";8;9;64;83;34
"Total sex";"2024";"Other employees";"Under 16 years";"CI Manufacture of electronic components";2;0;1;8;5
"Total sex";"2024";"Other employees";"Under 16 years";"CJ Electrical equipment";1;1;12;12;5
"Total sex";"2024";"Other employees";"Under 16 years";"CK Manufacture of machinery";5;3;39;56;18
"Total sex";"2024";"Other employees";"Under 16 years";"CL Transport equipment";0;1;7;20;5
"Total sex";"2024";"Other employees";"Under 16 years";"CM Manufacture of funiture and other manufacturing";10;9;37;44;9
"Total sex";"2024";"Other employees";"Under 16 years";"D Electricity, gas, steam and air conditioning supply";0;0;3;1;0
"Total sex";"2024";"Other employees";"Under 16 years";"E Water supply, sewerage and waste management";1;4;2;7;3
"Total sex";"2024";"Other employees";"Under 16 years";"F Construction";60;49;106;145;56
"Total sex";"2024";"Other employees";"Under 16 years";"G Wholesale and retail trade";358;211;619;748;298
"Total sex";"2024";"Other employees";"Under 16 years";"H Transportation";42;38;113;90;15
"Total sex";"2024";"Other employees";"Under 16 years";"I Accommodation and food service activities";495;267;434;374;251
"Total sex";"2024";"Other employees";"Under 16 years";"JA Publishing, television and radio broadcasting";26;3;10;11;759
"Total sex";"2024";"Other employees";"Under 16 years";"JB Telecommunications";0;0;0;0;0
"Total sex";"2024";"Other employees";"Under 16 years";"JC IT and information service activities";14;0;7;18;5
"Total sex";"2024";"Other employees";"Under 16 years";"K Financial and insurance";6;1;3;11;4
"Total sex";"2024";"Other employees";"Under 16 years";"L Real estate activities";162;91;81;142;53
"Total sex";"2024";"Other employees";"Under 16 years";"MA Consultancy etc.";40;33;34;48;21
"Total sex";"2024";"Other employees";"Under 16 years";"MB Scientific research and development";0;0;0;1;0
"Total sex";"2024";"Other employees";"Under 16 years";"MC Advertising and other business services";18;6;12;12;12
"Total sex";"2024";"Other employees";"Under 16 years";"N Travel agent, cleaning, and other operationel services";37;41;29;51;28
"Total sex";"2024";"Other employees";"Under 16 years";"O Public administration, defence and compulsory social security";0;0;1;1;0
"Total sex";"2024";"Other employees";"Under 16 years";"P Education";56;24;108;126;16
"Total sex";"2024";"Other employees";"Under 16 years";"QA Human health activities";16;11;17;32;18
"Total sex";"2024";"Other employees";"Under 16 years";"QB Residential care";361;22;31;82;9
"Total sex";"2024";"Other employees";"Under 16 years";"R Arts, entertainment and recreation activities";88;26;107;156;65
"Total sex";"2024";"Other employees";"Under 16 years";"S Other service activities etc.";47;46;73;85;26
"Total sex";"2024";"Other employees";"Under 16 years";"X Activity not stated";0;0;0;0;0
"Total sex";"2024";"Other employees";"16-19 years";"A Agriculture, forestry and fishing";14;60;122;120;83
"Total sex";"2024";"Other employees";"16-19 years";"B Mining and quarrying";1;0;3;0;2
"Total sex";"2024";"Other employees";"16-19 years";"CA Manufacture of food products, beverages and tobacco";72;26;106;126;51
"Total sex";"2024";"Other employees";"16-19 years";"CB Textiles and leather products";2;1;2;25;4
"Total sex";"2024";"Other employees";"16-19 years";"CC Wood and paper products and printing";8;3;26;43;22
"Total sex";"2024";"Other employees";"16-19 years";"CD Oil refinery etc.";0;0;0;0;0
"Total sex";"2024";"Other employees";"16-19 years";"CE Manufacture of chemicals";5;3;10;3;5
"Total sex";"2024";"Other employees";"16-19 years";"CF Pharmaceuticals";16;6;0;0;1
"Total sex";"2024";"Other employees";"16-19 years";"CG Manufacture of plastic, glass and concrete";24;20;26;59;15
"Total sex";"2024";"Other employees";"16-19 years";"CH Basic metals and fabricated metal products";13;13;58;70;29
"Total sex";"2024";"Other employees";"16-19 years";"CI Manufacture of electronic components";7;0;5;8;5
"Total sex";"2024";"Other employees";"16-19 years";"CJ Electrical equipment";5;3;7;11;8
"Total sex";"2024";"Other employees";"16-19 years";"CK Manufacture of machinery";11;33;54;66;26
"Total sex";"2024";"Other employees";"16-19 years";"CL Transport equipment";1;2;13;13;5
"Total sex";"2024";"Other employees";"16-19 years";"CM Manufacture of funiture and other manufacturing";13;14;32;47;19
"Total sex";"2024";"Other employees";"16-19 years";"D Electricity, gas, steam and air conditioning supply";5;0;1;2;0
"Total sex";"2024";"Other employees";"16-19 years";"E Water supply, sewerage and waste management";11;7;8;19;2
"Total sex";"2024";"Other employees";"16-19 years";"F Construction";358;273;346;364;155
"Total sex";"2024";"Other employees";"16-19 years";"G Wholesale and retail trade";1128;868;1387;1660;816
"Total sex";"2024";"Other employees";"16-19 years";"H Transportation";175;61;253;184;50
"Total sex";"2024";"Other employees";"16-19 years";"I Accommodation and food service activities";2279;1210;2342;1958;927
"Total sex";"2024";"Other employees";"16-19 years";"JA Publishing, television and radio broadcasting";152;54;72;80;148
"Total sex";"2024";"Other employees";"16-19 years";"JB Telecommunications";1;0;0;0;0
"Total sex";"2024";"Other employees";"16-19 years";"JC IT and information service activities";42;9;10;23;10
"Total sex";"2024";"Other employees";"16-19 years";"K Financial and insurance";23;0;8;15;5
"Total sex";"2024";"Other employees";"16-19 years";"L Real estate activities";82;108;120;109;86
"Total sex";"2024";"Other employees";"16-19 years";"MA Consultancy etc.";105;40;49;67;16
"Total sex";"2024";"Other employees";"16-19 years";"MB Scientific research and development";14;5;3;3;0
"Total sex";"2024";"Other employees";"16-19 years";"MC Advertising and other business services";31;13;14;34;15
"Total sex";"2024";"Other employees";"16-19 years";"N Travel agent, cleaning, and other operationel services";767;332;538;559;164
"Total sex";"2024";"Other employees";"16-19 years";"O Public administration, defence and compulsory social security";4;8;3;2;0
"Total sex";"2024";"Other employees";"16-19 years";"P Education";191;137;164;241;41
"Total sex";"2024";"Other employees";"16-19 years";"QA Human health activities";108;86;101;132;63
"Total sex";"2024";"Other employees";"16-19 years";"QB Residential care";228;78;80;130;64
"Total sex";"2024";"Other employees";"16-19 years";"R Arts, entertainment and recreation activities";501;99;457;503;179
"Total sex";"2024";"Other employees";"16-19 years";"S Other service activities etc.";97;43;63;97;20
"Total sex";"2024";"Other employees";"16-19 years";"X Activity not stated";0;0;0;0;0
"Total sex";"2024";"Other employees";"20-24 years";"A Agriculture, forestry and fishing";20;55;114;140;68
"Total sex";"2024";"Other employees";"20-24 years";"B Mining and quarrying";1;0;9;1;2
"Total sex";"2024";"Other employees";"20-24 years";"CA Manufacture of food products, beverages and tobacco";119;30;159;155;96
"Total sex";"2024";"Other employees";"20-24 years";"CB Textiles and leather products";10;1;3;37;5
"Total sex";"2024";"Other employees";"20-24 years";"CC Wood and paper products and printing";5;7;26;41;22
"Total sex";"2024";"Other employees";"20-24 years";"CD Oil refinery etc.";0;0;0;0;0
"Total sex";"2024";"Other employees";"20-24 years";"CE Manufacture of chemicals";3;6;25;4;8
"Total sex";"2024";"Other employees";"20-24 years";"CF Pharmaceuticals";96;31;0;0;3
"Total sex";"2024";"Other employees";"20-24 years";"CG Manufacture of plastic, glass and concrete";16;48;81;109;66
"Total sex";"2024";"Other employees";"20-24 years";"CH Basic metals and fabricated metal products";17;10;61;68;43
"Total sex";"2024";"Other employees";"20-24 years";"CI Manufacture of electronic components";15;1;0;9;4
"Total sex";"2024";"Other employees";"20-24 years";"CJ Electrical equipment";9;6;11;18;6
"Total sex";"2024";"Other employees";"20-24 years";"CK Manufacture of machinery";21;84;107;101;30
"Total sex";"2024";"Other employees";"20-24 years";"CL Transport equipment";3;5;23;5;6
"Total sex";"2024";"Other employees";"20-24 years";"CM Manufacture of funiture and other manufacturing";24;6;39;54;15
"Total sex";"2024";"Other employees";"20-24 years";"D Electricity, gas, steam and air conditioning supply";6;0;2;2;1
"Total sex";"2024";"Other employees";"20-24 years";"E Water supply, sewerage and waste management";67;51;36;46;25
"Total sex";"2024";"Other employees";"20-24 years";"F Construction";653;446;497;548;220
"Total sex";"2024";"Other employees";"20-24 years";"G Wholesale and retail trade";1247;673;1136;2116;710
"Total sex";"2024";"Other employees";"20-24 years";"H Transportation";832;160;571;486;163
"Total sex";"2024";"Other employees";"20-24 years";"I Accommodation and food service activities";3019;561;1426;1620;760
"Total sex";"2024";"Other employees";"20-24 years";"JA Publishing, television and radio broadcasting";145;5;25;62;52
"Total sex";"2024";"Other employees";"20-24 years";"JB Telecommunications";5;8;5;1;1
"Total sex";"2024";"Other employees";"20-24 years";"JC IT and information service activities";118;10;13;38;15
"Total sex";"2024";"Other employees";"20-24 years";"K Financial and insurance";92;9;25;30;24
"Total sex";"2024";"Other employees";"20-24 years";"L Real estate activities";114;49;173;111;63
"Total sex";"2024";"Other employees";"20-24 years";"MA Consultancy etc.";302;42;60;142;39
"Total sex";"2024";"Other employees";"20-24 years";"MB Scientific research and development";65;4;4;30;1
"Total sex";"2024";"Other employees";"20-24 years";"MC Advertising and other business services";86;20;28;71;13
"Total sex";"2024";"Other employees";"20-24 years";"N Travel agent, cleaning, and other operationel services";2971;793;1499;2027;441
"Total sex";"2024";"Other employees";"20-24 years";"O Public administration, defence and compulsory social security";29;11;16;11;9
"Total sex";"2024";"Other employees";"20-24 years";"P Education";244;90;146;247;55
"Total sex";"2024";"Other employees";"20-24 years";"QA Human health activities";284;159;213;437;188
"Total sex";"2024";"Other employees";"20-24 years";"QB Residential care";427;89;105;154;71
"Total sex";"2024";"Other employees";"20-24 years";"R Arts, entertainment and recreation activities";501;64;358;472;127
"Total sex";"2024";"Other employees";"20-24 years";"S Other service activities etc.";284;49;98;138;53
"Total sex";"2024";"Other employees";"20-24 years";"X Activity not stated";0;0;0;0;0
"Total sex";"2024";"Other employees";"25-29 years";"A Agriculture, forestry and fishing";11;39;102;125;57
"Total sex";"2024";"Other employees";"25-29 years";"B Mining and quarrying";0;0;5;0;2
"Total sex";"2024";"Other employees";"25-29 years";"CA Manufacture of food products, beverages and tobacco";110;43;158;79;72
"Total sex";"2024";"Other employees";"25-29 years";"CB Textiles and leather products";10;0;4;25;1
"Total sex";"2024";"Other employees";"25-29 years";"CC Wood and paper products and printing";5;4;15;27;20
"Total sex";"2024";"Other employees";"25-29 years";"CD Oil refinery etc.";0;0;0;0;0
"Total sex";"2024";"Other employees";"25-29 years";"CE Manufacture of chemicals";2;8;20;2;21
"Total sex";"2024";"Other employees";"25-29 years";"CF Pharmaceuticals";140;37;0;1;3
"Total sex";"2024";"Other employees";"25-29 years";"CG Manufacture of plastic, glass and concrete";21;43;102;124;99
"Total sex";"2024";"Other employees";"25-29 years";"CH Basic metals and fabricated metal products";5;11;81;73;36
"Total sex";"2024";"Other employees";"25-29 years";"CI Manufacture of electronic components";16;11;2;10;9
"Total sex";"2024";"Other employees";"25-29 years";"CJ Electrical equipment";9;7;15;10;10
"Total sex";"2024";"Other employees";"25-29 years";"CK Manufacture of machinery";33;98;119;101;26
"Total sex";"2024";"Other employees";"25-29 years";"CL Transport equipment";17;2;33;6;5
"Total sex";"2024";"Other employees";"25-29 years";"CM Manufacture of funiture and other manufacturing";24;19;25;45;14
"Total sex";"2024";"Other employees";"25-29 years";"D Electricity, gas, steam and air conditioning supply";5;1;2;8;2
"Total sex";"2024";"Other employees";"25-29 years";"E Water supply, sewerage and waste management";124;68;59;60;37
"Total sex";"2024";"Other employees";"25-29 years";"F Construction";731;491;500;527;226
"Total sex";"2024";"Other employees";"25-29 years";"G Wholesale and retail trade";800;471;729;1277;274
"Total sex";"2024";"Other employees";"25-29 years";"H Transportation";824;200;463;454;96
"Total sex";"2024";"Other employees";"25-29 years";"I Accommodation and food service activities";1313;228;563;552;264
"Total sex";"2024";"Other employees";"25-29 years";"JA Publishing, television and radio broadcasting";114;2;23;36;34
"Total sex";"2024";"Other employees";"25-29 years";"JB Telecommunications";2;9;2;2;0
"Total sex";"2024";"Other employees";"25-29 years";"JC IT and information service activities";106;6;12;43;10
"Total sex";"2024";"Other employees";"25-29 years";"K Financial and insurance";48;5;7;20;4
"Total sex";"2024";"Other employees";"25-29 years";"L Real estate activities";80;24;87;71;47
"Total sex";"2024";"Other employees";"25-29 years";"MA Consultancy etc.";296;37;100;103;66
"Total sex";"2024";"Other employees";"25-29 years";"MB Scientific research and development";40;2;4;24;2
"Total sex";"2024";"Other employees";"25-29 years";"MC Advertising and other business services";50;11;20;41;16
"Total sex";"2024";"Other employees";"25-29 years";"N Travel agent, cleaning, and other operationel services";2140;604;1177;1211;414
"Total sex";"2024";"Other employees";"25-29 years";"O Public administration, defence and compulsory social security";32;11;11;18;5
"Total sex";"2024";"Other employees";"25-29 years";"P Education";194;36;87;147;45
"Total sex";"2024";"Other employees";"25-29 years";"QA Human health activities";134;99;101;166;83
"Total sex";"2024";"Other employees";"25-29 years";"QB Residential care";229;82;88;117;47
"Total sex";"2024";"Other employees";"25-29 years";"R Arts, entertainment and recreation activities";274;26;127;166;69
"Total sex";"2024";"Other employees";"25-29 years";"S Other service activities etc.";593;76;111;92;67
"Total sex";"2024";"Other employees";"25-29 years";"X Activity not stated";0;0;0;0;0
"Total sex";"2024";"Other employees";"30-34 years";"A Agriculture, forestry and fishing";7;43;73;116;51
"Total sex";"2024";"Other employees";"30-34 years";"B Mining and quarrying";0;2;13;2;5
"Total sex";"2024";"Other employees";"30-34 years";"CA Manufacture of food products, beverages and tobacco";87;14;198;118;89
"Total sex";"2024";"Other employees";"30-34 years";"CB Textiles and leather products";6;1;5;20;5
"Total sex";"2024";"Other employees";"30-34 years";"CC Wood and paper products and printing";3;5;29;32;24
"Total sex";"2024";"Other employees";"30-34 years";"CD Oil refinery etc.";0;0;0;0;0
"Total sex";"2024";"Other employees";"30-34 years";"CE Manufacture of chemicals";10;5;14;4;21
"Total sex";"2024";"Other employees";"30-34 years";"CF Pharmaceuticals";67;15;1;0;0
"Total sex";"2024";"Other employees";"30-34 years";"CG Manufacture of plastic, glass and concrete";33;62;146;160;126
"Total sex";"2024";"Other employees";"30-34 years";"CH Basic metals and fabricated metal products";14;13;88;83;41
"Total sex";"2024";"Other employees";"30-34 years";"CI Manufacture of electronic components";6;8;5;10;11
"Total sex";"2024";"Other employees";"30-34 years";"CJ Electrical equipment";9;10;9;15;17
"Total sex";"2024";"Other employees";"30-34 years";"CK Manufacture of machinery";35;91;129;123;26
"Total sex";"2024";"Other employees";"30-34 years";"CL Transport equipment";18;1;25;13;7
"Total sex";"2024";"Other employees";"30-34 years";"CM Manufacture of funiture and other manufacturing";18;23;26;53;18
"Total sex";"2024";"Other employees";"30-34 years";"D Electricity, gas, steam and air conditioning supply";1;2;4;4;1
"Total sex";"2024";"Other employees";"30-34 years";"E Water supply, sewerage and waste management";199;61;93;92;56
"Total sex";"2024";"Other employees";"30-34 years";"F Construction";779;581;561;578;253
"Total sex";"2024";"Other employees";"30-34 years";"G Wholesale and retail trade";761;452;685;1056;234
"Total sex";"2024";"Other employees";"30-34 years";"H Transportation";691;177;440;374;85
"Total sex";"2024";"Other employees";"30-34 years";"I Accommodation and food service activities";1011;172;399;393;173
"Total sex";"2024";"Other employees";"30-34 years";"JA Publishing, television and radio broadcasting";34;0;8;15;36
"Total sex";"2024";"Other employees";"30-34 years";"JB Telecommunications";4;10;6;1;1
"Total sex";"2024";"Other employees";"30-34 years";"JC IT and information service activities";58;6;6;22;7
"Total sex";"2024";"Other employees";"30-34 years";"K Financial and insurance";34;1;7;7;4
"Total sex";"2024";"Other employees";"30-34 years";"L Real estate activities";72;24;67;67;40
"Total sex";"2024";"Other employees";"30-34 years";"MA Consultancy etc.";307;21;85;73;40
"Total sex";"2024";"Other employees";"30-34 years";"MB Scientific research and development";18;0;6;6;0
"Total sex";"2024";"Other employees";"30-34 years";"MC Advertising and other business services";33;10;15;17;1
"Total sex";"2024";"Other employees";"30-34 years";"N Travel agent, cleaning, and other operationel services";2221;640;1072;1171;431
"Total sex";"2024";"Other employees";"30-34 years";"O Public administration, defence and compulsory social security";39;18;20;16;16
"Total sex";"2024";"Other employees";"30-34 years";"P Education";119;56;115;143;63
"Total sex";"2024";"Other employees";"30-34 years";"QA Human health activities";128;97;83;103;46
"Total sex";"2024";"Other employees";"30-34 years";"QB Residential care";256;88;134;164;65
"Total sex";"2024";"Other employees";"30-34 years";"R Arts, entertainment and recreation activities";161;22;84;74;34
"Total sex";"2024";"Other employees";"30-34 years";"S Other service activities etc.";202;78;88;96;65
"Total sex";"2024";"Other employees";"30-34 years";"X Activity not stated";0;0;0;0;0
"Total sex";"2024";"Other employees";"35-39 years";"A Agriculture, forestry and fishing";7;34;77;97;33
"Total sex";"2024";"Other employees";"35-39 years";"B Mining and quarrying";0;0;12;1;0
"Total sex";"2024";"Other employees";"35-39 years";"CA Manufacture of food products, beverages and tobacco";93;31;233;115;91
"Total sex";"2024";"Other employees";"35-39 years";"CB Textiles and leather products";1;2;0;19;5
"Total sex";"2024";"Other employees";"35-39 years";"CC Wood and paper products and printing";4;3;25;30;28
"Total sex";"2024";"Other employees";"35-39 years";"CD Oil refinery etc.";0;0;0;0;0
"Total sex";"2024";"Other employees";"35-39 years";"CE Manufacture of chemicals";15;6;31;7;32
"Total sex";"2024";"Other employees";"35-39 years";"CF Pharmaceuticals";76;24;1;0;2
"Total sex";"2024";"Other employees";"35-39 years";"CG Manufacture of plastic, glass and concrete";29;63;133;159;140
"Total sex";"2024";"Other employees";"35-39 years";"CH Basic metals and fabricated metal products";18;10;102;60;34
"Total sex";"2024";"Other employees";"35-39 years";"CI Manufacture of electronic components";16;12;6;7;14
"Total sex";"2024";"Other employees";"35-39 years";"CJ Electrical equipment";5;6;20;18;9
"Total sex";"2024";"Other employees";"35-39 years";"CK Manufacture of machinery";32;87;117;126;19
"Total sex";"2024";"Other employees";"35-39 years";"CL Transport equipment";29;4;37;15;9
"Total sex";"2024";"Other employees";"35-39 years";"CM Manufacture of funiture and other manufacturing";10;19;39;69;23
"Total sex";"2024";"Other employees";"35-39 years";"D Electricity, gas, steam and air conditioning supply";1;3;6;4;3
"Total sex";"2024";"Other employees";"35-39 years";"E Water supply, sewerage and waste management";184;68;68;86;50
"Total sex";"2024";"Other employees";"35-39 years";"F Construction";700;514;515;546;257
"Total sex";"2024";"Other employees";"35-39 years";"G Wholesale and retail trade";788;494;659;938;203
"Total sex";"2024";"Other employees";"35-39 years";"H Transportation";659;169;413;341;67
"Total sex";"2024";"Other employees";"35-39 years";"I Accommodation and food service activities";919;168;367;314;158
"Total sex";"2024";"Other employees";"35-39 years";"JA Publishing, television and radio broadcasting";20;3;11;13;41
"Total sex";"2024";"Other employees";"35-39 years";"JB Telecommunications";4;6;5;6;0
"Total sex";"2024";"Other employees";"35-39 years";"JC IT and information service activities";56;5;4;15;4
"Total sex";"2024";"Other employees";"35-39 years";"K Financial and insurance";16;1;5;10;1
"Total sex";"2024";"Other employees";"35-39 years";"L Real estate activities";91;25;60;88;28
"Total sex";"2024";"Other employees";"35-39 years";"MA Consultancy etc.";240;38;77;50;40
"Total sex";"2024";"Other employees";"35-39 years";"MB Scientific research and development";14;1;2;12;1
"Total sex";"2024";"Other employees";"35-39 years";"MC Advertising and other business services";23;9;15;6;2
"Total sex";"2024";"Other employees";"35-39 years";"N Travel agent, cleaning, and other operationel services";2315;664;1098;1151;457
"Total sex";"2024";"Other employees";"35-39 years";"O Public administration, defence and compulsory social security";54;17;24;13;15
"Total sex";"2024";"Other employees";"35-39 years";"P Education";130;59;116;166;74
"Total sex";"2024";"Other employees";"35-39 years";"QA Human health activities";178;101;109;127;48
"Total sex";"2024";"Other employees";"35-39 years";"QB Residential care";289;125;174;184;78
"Total sex";"2024";"Other employees";"35-39 years";"R Arts, entertainment and recreation activities";133;15;77;51;21
"Total sex";"2024";"Other employees";"35-39 years";"S Other service activities etc.";115;98;105;113;74
"Total sex";"2024";"Other employees";"35-39 years";"X Activity not stated";0;0;0;0;0
"Total sex";"2024";"Other employees";"40-44 years";"A Agriculture, forestry and fishing";7;31;55;74;21
"Total sex";"2024";"Other employees";"40-44 years";"B Mining and quarrying";0;0;17;1;1
"Total sex";"2024";"Other employees";"40-44 years";"CA Manufacture of food products, beverages and tobacco";97;33;223;126;108
"Total sex";"2024";"Other employees";"40-44 years";"CB Textiles and leather products";9;4;5;14;3
"Total sex";"2024";"Other employees";"40-44 years";"CC Wood and paper products and printing";3;12;30;49;29
"Total sex";"2024";"Other employees";"40-44 years";"CD Oil refinery etc.";0;0;0;0;0
"Total sex";"2024";"Other employees";"40-44 years";"CE Manufacture of chemicals";13;9;39;6;17
"Total sex";"2024";"Other employees";"40-44 years";"CF Pharmaceuticals";65;20;1;0;2
"Total sex";"2024";"Other employees";"40-44 years";"CG Manufacture of plastic, glass and concrete";36;64;148;151;126
"Total sex";"2024";"Other employees";"40-44 years";"CH Basic metals and fabricated metal products";11;8;86;85;42
"Total sex";"2024";"Other employees";"40-44 years";"CI Manufacture of electronic components";12;9;5;12;9
"Total sex";"2024";"Other employees";"40-44 years";"CJ Electrical equipment";10;18;16;18;10
"Total sex";"2024";"Other employees";"40-44 years";"CK Manufacture of machinery";37;82;117;136;29
"Total sex";"2024";"Other employees";"40-44 years";"CL Transport equipment";16;1;23;17;5
"Total sex";"2024";"Other employees";"40-44 years";"CM Manufacture of funiture and other manufacturing";21;24;23;62;22
"Total sex";"2024";"Other employees";"40-44 years";"D Electricity, gas, steam and air conditioning supply";4;3;2;2;4
"Total sex";"2024";"Other employees";"40-44 years";"E Water supply, sewerage and waste management";140;65;90;80;37
"Total sex";"2024";"Other employees";"40-44 years";"F Construction";556;464;449;551;234
"Total sex";"2024";"Other employees";"40-44 years";"G Wholesale and retail trade";628;418;598;744;221
"Total sex";"2024";"Other employees";"40-44 years";"H Transportation";596;152;359;304;55
"Total sex";"2024";"Other employees";"40-44 years";"I Accommodation and food service activities";745;162;348;295;146
"Total sex";"2024";"Other employees";"40-44 years";"JA Publishing, television and radio broadcasting";18;1;12;13;32
"Total sex";"2024";"Other employees";"40-44 years";"JB Telecommunications";4;10;6;1;1
"Total sex";"2024";"Other employees";"40-44 years";"JC IT and information service activities";38;5;8;11;1
"Total sex";"2024";"Other employees";"40-44 years";"K Financial and insurance";22;2;10;4;1
"Total sex";"2024";"Other employees";"40-44 years";"L Real estate activities";87;30;79;58;26
"Total sex";"2024";"Other employees";"40-44 years";"MA Consultancy etc.";196;27;66;59;28
"Total sex";"2024";"Other employees";"40-44 years";"MB Scientific research and development";6;2;6;10;2
"Total sex";"2024";"Other employees";"40-44 years";"MC Advertising and other business services";16;6;14;14;4
"Total sex";"2024";"Other employees";"40-44 years";"N Travel agent, cleaning, and other operationel services";2139;664;1167;1031;442
"Total sex";"2024";"Other employees";"40-44 years";"O Public administration, defence and compulsory social security";56;15;26;18;14
"Total sex";"2024";"Other employees";"40-44 years";"P Education";147;94;133;221;82
"Total sex";"2024";"Other employees";"40-44 years";"QA Human health activities";285;128;118;172;49
"Total sex";"2024";"Other employees";"40-44 years";"QB Residential care";388;136;228;224;101
"Total sex";"2024";"Other employees";"40-44 years";"R Arts, entertainment and recreation activities";97;20;76;45;24
"Total sex";"2024";"Other employees";"40-44 years";"S Other service activities etc.";133;96;115;108;89
"Total sex";"2024";"Other employees";"40-44 years";"X Activity not stated";0;0;0;0;0
"Total sex";"2024";"Other employees";"45-49 years";"A Agriculture, forestry and fishing";7;28;62;66;24
"Total sex";"2024";"Other employees";"45-49 years";"B Mining and quarrying";0;2;26;4;8
"Total sex";"2024";"Other employees";"45-49 years";"CA Manufacture of food products, beverages and tobacco";82;38;237;131;89
"Total sex";"2024";"Other employees";"45-49 years";"CB Textiles and leather products";3;1;7;19;6
"Total sex";"2024";"Other employees";"45-49 years";"CC Wood and paper products and printing";4;8;35;49;33
"Total sex";"2024";"Other employees";"45-49 years";"CD Oil refinery etc.";0;0;0;0;0
"Total sex";"2024";"Other employees";"45-49 years";"CE Manufacture of chemicals";21;7;29;11;23
"Total sex";"2024";"Other employees";"45-49 years";"CF Pharmaceuticals";76;20;1;1;2
"Total sex";"2024";"Other employees";"45-49 years";"CG Manufacture of plastic, glass and concrete";30;54;157;142;96
"Total sex";"2024";"Other employees";"45-49 years";"CH Basic metals and fabricated metal products";7;14;109;80;59
"Total sex";"2024";"Other employees";"45-49 years";"CI Manufacture of electronic components";23;10;12;10;15
"Total sex";"2024";"Other employees";"45-49 years";"CJ Electrical equipment";14;16;20;24;12
"Total sex";"2024";"Other employees";"45-49 years";"CK Manufacture of machinery";37;64;160;154;41
"Total sex";"2024";"Other employees";"45-49 years";"CL Transport equipment";11;5;41;7;14
"Total sex";"2024";"Other employees";"45-49 years";"CM Manufacture of funiture and other manufacturing";19;24;30;68;33
"Total sex";"2024";"Other employees";"45-49 years";"D Electricity, gas, steam and air conditioning supply";1;3;4;10;1
"Total sex";"2024";"Other employees";"45-49 years";"E Water supply, sewerage and waste management";172;88;117;105;65
"Total sex";"2024";"Other employees";"45-49 years";"F Construction";563;515;473;566;224
"Total sex";"2024";"Other employees";"45-49 years";"G Wholesale and retail trade";603;424;687;731;212
"Total sex";"2024";"Other employees";"45-49 years";"H Transportation";516;141;346;236;57
"Total sex";"2024";"Other employees";"45-49 years";"I Accommodation and food service activities";597;163;389;276;128
"Total sex";"2024";"Other employees";"45-49 years";"JA Publishing, television and radio broadcasting";13;0;9;12;42
"Total sex";"2024";"Other employees";"45-49 years";"JB Telecommunications";2;8;7;1;0
"Total sex";"2024";"Other employees";"45-49 years";"JC IT and information service activities";25;2;9;19;3
"Total sex";"2024";"Other employees";"45-49 years";"K Financial and insurance";24;2;11;10;4
"Total sex";"2024";"Other employees";"45-49 years";"L Real estate activities";113;41;69;78;28
"Total sex";"2024";"Other employees";"45-49 years";"MA Consultancy etc.";186;39;107;45;38
"Total sex";"2024";"Other employees";"45-49 years";"MB Scientific research and development";7;3;6;11;0
"Total sex";"2024";"Other employees";"45-49 years";"MC Advertising and other business services";22;10;18;20;5
"Total sex";"2024";"Other employees";"45-49 years";"N Travel agent, cleaning, and other operationel services";2138;723;1229;1039;476
"Total sex";"2024";"Other employees";"45-49 years";"O Public administration, defence and compulsory social security";74;23;31;34;19
"Total sex";"2024";"Other employees";"45-49 years";"P Education";216;117;209;277;118
"Total sex";"2024";"Other employees";"45-49 years";"QA Human health activities";362;155;176;206;74
"Total sex";"2024";"Other employees";"45-49 years";"QB Residential care";476;149;308;280;98
"Total sex";"2024";"Other employees";"45-49 years";"R Arts, entertainment and recreation activities";95;18;87;58;42
"Total sex";"2024";"Other employees";"45-49 years";"S Other service activities etc.";138;106;158;190;102
"Total sex";"2024";"Other employees";"45-49 years";"X Activity not stated";0;0;0;0;0
"Total sex";"2024";"Other employees";"50-54 years";"A Agriculture, forestry and fishing";7;33;32;74;19
"Total sex";"2024";"Other employees";"50-54 years";"B Mining and quarrying";0;0;26;0;10
"Total sex";"2024";"Other employees";"50-54 years";"CA Manufacture of food products, beverages and tobacco";97;45;265;132;115
"Total sex";"2024";"Other employees";"50-54 years";"CB Textiles and leather products";5;1;8;14;5
"Total sex";"2024";"Other employees";"50-54 years";"CC Wood and paper products and printing";1;5;28;46;37
"Total sex";"2024";"Other employees";"50-54 years";"CD Oil refinery etc.";0;0;0;0;0
"Total sex";"2024";"Other employees";"50-54 years";"CE Manufacture of chemicals";30;12;51;17;13
"Total sex";"2024";"Other employees";"50-54 years";"CF Pharmaceuticals";127;23;0;2;4
"Total sex";"2024";"Other employees";"50-54 years";"CG Manufacture of plastic, glass and concrete";19;77;174;155;90
"Total sex";"2024";"Other employees";"50-54 years";"CH Basic metals and fabricated metal products";17;21;131;100;41
"Total sex";"2024";"Other employees";"50-54 years";"CI Manufacture of electronic components";35;9;15;23;14
"Total sex";"2024";"Other employees";"50-54 years";"CJ Electrical equipment";12;10;27;24;16
"Total sex";"2024";"Other employees";"50-54 years";"CK Manufacture of machinery";63;69;178;216;52
"Total sex";"2024";"Other employees";"50-54 years";"CL Transport equipment";16;2;29;19;15
"Total sex";"2024";"Other employees";"50-54 years";"CM Manufacture of funiture and other manufacturing";27;25;56;72;42
"Total sex";"2024";"Other employees";"50-54 years";"D Electricity, gas, steam and air conditioning supply";4;5;9;6;11
"Total sex";"2024";"Other employees";"50-54 years";"E Water supply, sewerage and waste management";238;99;127;117;70
"Total sex";"2024";"Other employees";"50-54 years";"F Construction";662;465;491;546;246
"Total sex";"2024";"Other employees";"50-54 years";"G Wholesale and retail trade";638;441;649;766;283
"Total sex";"2024";"Other employees";"50-54 years";"H Transportation";440;107;310;264;89
"Total sex";"2024";"Other employees";"50-54 years";"I Accommodation and food service activities";485;161;327;277;123
"Total sex";"2024";"Other employees";"50-54 years";"JA Publishing, television and radio broadcasting";26;2;14;9;36
"Total sex";"2024";"Other employees";"50-54 years";"JB Telecommunications";1;8;7;1;0
"Total sex";"2024";"Other employees";"50-54 years";"JC IT and information service activities";30;4;11;23;4
"Total sex";"2024";"Other employees";"50-54 years";"K Financial and insurance";18;5;14;7;8
"Total sex";"2024";"Other employees";"50-54 years";"L Real estate activities";132;51;89;86;38
"Total sex";"2024";"Other employees";"50-54 years";"MA Consultancy etc.";168;24;131;68;31
"Total sex";"2024";"Other employees";"50-54 years";"MB Scientific research and development";11;1;1;13;1
"Total sex";"2024";"Other employees";"50-54 years";"MC Advertising and other business services";14;8;17;13;4
"Total sex";"2024";"Other employees";"50-54 years";"N Travel agent, cleaning, and other operationel services";1987;750;1179;1075;480
"Total sex";"2024";"Other employees";"50-54 years";"O Public administration, defence and compulsory social security";76;29;37;36;36
"Total sex";"2024";"Other employees";"50-54 years";"P Education";256;176;265;358;157
"Total sex";"2024";"Other employees";"50-54 years";"QA Human health activities";378;234;237;256;122
"Total sex";"2024";"Other employees";"50-54 years";"QB Residential care";598;216;395;397;155
"Total sex";"2024";"Other employees";"50-54 years";"R Arts, entertainment and recreation activities";120;21;89;71;40
"Total sex";"2024";"Other employees";"50-54 years";"S Other service activities etc.";162;158;197;186;132
"Total sex";"2024";"Other employees";"50-54 years";"X Activity not stated";0;0;0;0;0
"Total sex";"2024";"Other employees";"55-59 years";"A Agriculture, forestry and fishing";7;32;36;60;16
"Total sex";"2024";"Other employees";"55-59 years";"B Mining and quarrying";1;0;38;8;11
"Total sex";"2024";"Other employees";"55-59 years";"CA Manufacture of food products, beverages and tobacco";106;49;327;147;125
"Total sex";"2024";"Other employees";"55-59 years";"CB Textiles and leather products";1;1;13;21;5
"Total sex";"2024";"Other employees";"55-59 years";"CC Wood and paper products and printing";7;2;36;62;34
"Total sex";"2024";"Other employees";"55-59 years";"CD Oil refinery etc.";0;0;0;0;0
"Total sex";"2024";"Other employees";"55-59 years";"CE Manufacture of chemicals";37;15;48;14;18
"Total sex";"2024";"Other employees";"55-59 years";"CF Pharmaceuticals";130;29;0;2;7
"Total sex";"2024";"Other employees";"55-59 years";"CG Manufacture of plastic, glass and concrete";31;84;190;203;119
"Total sex";"2024";"Other employees";"55-59 years";"CH Basic metals and fabricated metal products";22;20;140;115;55
"Total sex";"2024";"Other employees";"55-59 years";"CI Manufacture of electronic components";36;12;18;13;33
"Total sex";"2024";"Other employees";"55-59 years";"CJ Electrical equipment";15;11;36;31;15
"Total sex";"2024";"Other employees";"55-59 years";"CK Manufacture of machinery";53;80;229;249;52
"Total sex";"2024";"Other employees";"55-59 years";"CL Transport equipment";9;6;56;23;12
"Total sex";"2024";"Other employees";"55-59 years";"CM Manufacture of funiture and other manufacturing";36;25;73;90;39
"Total sex";"2024";"Other employees";"55-59 years";"D Electricity, gas, steam and air conditioning supply";3;4;9;15;2
"Total sex";"2024";"Other employees";"55-59 years";"E Water supply, sewerage and waste management";263;119;157;160;72
"Total sex";"2024";"Other employees";"55-59 years";"F Construction";603;451;555;559;267
"Total sex";"2024";"Other employees";"55-59 years";"G Wholesale and retail trade";580;434;745;747;291
"Total sex";"2024";"Other employees";"55-59 years";"H Transportation";479;105;300;221;91
"Total sex";"2024";"Other employees";"55-59 years";"I Accommodation and food service activities";440;152;349;248;129
"Total sex";"2024";"Other employees";"55-59 years";"JA Publishing, television and radio broadcasting";18;4;10;17;41
"Total sex";"2024";"Other employees";"55-59 years";"JB Telecommunications";1;7;4;0;0
"Total sex";"2024";"Other employees";"55-59 years";"JC IT and information service activities";31;3;9;16;5
"Total sex";"2024";"Other employees";"55-59 years";"K Financial and insurance";24;10;15;17;13
"Total sex";"2024";"Other employees";"55-59 years";"L Real estate activities";143;57;92;96;61
"Total sex";"2024";"Other employees";"55-59 years";"MA Consultancy etc.";193;42;135;64;46
"Total sex";"2024";"Other employees";"55-59 years";"MB Scientific research and development";6;7;2;23;3
"Total sex";"2024";"Other employees";"55-59 years";"MC Advertising and other business services";19;4;13;8;4
"Total sex";"2024";"Other employees";"55-59 years";"N Travel agent, cleaning, and other operationel services";1769;766;1299;1031;538
"Total sex";"2024";"Other employees";"55-59 years";"O Public administration, defence and compulsory social security";110;27;54;44;64
"Total sex";"2024";"Other employees";"55-59 years";"P Education";207;212;318;364;224
"Total sex";"2024";"Other employees";"55-59 years";"QA Human health activities";340;270;268;335;166
"Total sex";"2024";"Other employees";"55-59 years";"QB Residential care";674;247;481;468;214
"Total sex";"2024";"Other employees";"55-59 years";"R Arts, entertainment and recreation activities";151;22;104;80;49
"Total sex";"2024";"Other employees";"55-59 years";"S Other service activities etc.";195;172;242;225;149
"Total sex";"2024";"Other employees";"55-59 years";"X Activity not stated";0;0;0;0;0
"Total sex";"2024";"Other employees";"60-64 years";"A Agriculture, forestry and fishing";5;50;28;50;22
"Total sex";"2024";"Other employees";"60-64 years";"B Mining and quarrying";0;2;34;1;7
"Total sex";"2024";"Other employees";"60-64 years";"CA Manufacture of food products, beverages and tobacco";71;31;245;133;94
"Total sex";"2024";"Other employees";"60-64 years";"CB Textiles and leather products";6;0;13;19;9
"Total sex";"2024";"Other employees";"60-64 years";"CC Wood and paper products and printing";4;9;33;45;26
"Total sex";"2024";"Other employees";"60-64 years";"CD Oil refinery etc.";0;1;0;0;0
"Total sex";"2024";"Other employees";"60-64 years";"CE Manufacture of chemicals";21;14;47;16;21
"Total sex";"2024";"Other employees";"60-64 years";"CF Pharmaceuticals";78;15;0;0;7
"Total sex";"2024";"Other employees";"60-64 years";"CG Manufacture of plastic, glass and concrete";36;55;172;169;87
"Total sex";"2024";"Other employees";"60-64 years";"CH Basic metals and fabricated metal products";27;19;145;108;56
"Total sex";"2024";"Other employees";"60-64 years";"CI Manufacture of electronic components";33;7;5;22;22
"Total sex";"2024";"Other employees";"60-64 years";"CJ Electrical equipment";14;14;37;23;18
"Total sex";"2024";"Other employees";"60-64 years";"CK Manufacture of machinery";65;63;165;214;42
"Total sex";"2024";"Other employees";"60-64 years";"CL Transport equipment";14;2;35;24;20
"Total sex";"2024";"Other employees";"60-64 years";"CM Manufacture of funiture and other manufacturing";41;26;50;89;41
"Total sex";"2024";"Other employees";"60-64 years";"D Electricity, gas, steam and air conditioning supply";7;6;10;8;8
"Total sex";"2024";"Other employees";"60-64 years";"E Water supply, sewerage and waste management";209;118;146;142;92
"Total sex";"2024";"Other employees";"60-64 years";"F Construction";459;314;470;470;234
"Total sex";"2024";"Other employees";"60-64 years";"G Wholesale and retail trade";497;353;623;658;265
"Total sex";"2024";"Other employees";"60-64 years";"H Transportation";382;99;261;192;69
"Total sex";"2024";"Other employees";"60-64 years";"I Accommodation and food service activities";261;131;269;193;92
"Total sex";"2024";"Other employees";"60-64 years";"JA Publishing, television and radio broadcasting";21;10;6;10;46
"Total sex";"2024";"Other employees";"60-64 years";"JB Telecommunications";2;4;6;2;1
"Total sex";"2024";"Other employees";"60-64 years";"JC IT and information service activities";25;1;5;12;2
"Total sex";"2024";"Other employees";"60-64 years";"K Financial and insurance";27;8;7;11;9
"Total sex";"2024";"Other employees";"60-64 years";"L Real estate activities";145;71;94;63;53
"Total sex";"2024";"Other employees";"60-64 years";"MA Consultancy etc.";150;41;144;52;43
"Total sex";"2024";"Other employees";"60-64 years";"MB Scientific research and development";8;8;5;13;2
"Total sex";"2024";"Other employees";"60-64 years";"MC Advertising and other business services";12;3;16;6;6
"Total sex";"2024";"Other employees";"60-64 years";"N Travel agent, cleaning, and other operationel services";1367;572;1112;844;500
"Total sex";"2024";"Other employees";"60-64 years";"O Public administration, defence and compulsory social security";90;29;56;39;32
"Total sex";"2024";"Other employees";"60-64 years";"P Education";193;160;272;344;211
"Total sex";"2024";"Other employees";"60-64 years";"QA Human health activities";279;251;231;332;189
"Total sex";"2024";"Other employees";"60-64 years";"QB Residential care";642;290;511;498;255
"Total sex";"2024";"Other employees";"60-64 years";"R Arts, entertainment and recreation activities";158;34;99;72;45
"Total sex";"2024";"Other employees";"60-64 years";"S Other service activities etc.";182;174;257;265;168
"Total sex";"2024";"Other employees";"60-64 years";"X Activity not stated";0;0;0;0;0
"Total sex";"2024";"Other employees";"65-66 years";"A Agriculture, forestry and fishing";2;11;7;8;5
"Total sex";"2024";"Other employees";"65-66 years";"B Mining and quarrying";0;1;8;1;2
"Total sex";"2024";"Other employees";"65-66 years";"CA Manufacture of food products, beverages and tobacco";26;6;53;30;24
"Total sex";"2024";"Other employees";"65-66 years";"CB Textiles and leather products";1;0;2;7;4
"Total sex";"2024";"Other employees";"65-66 years";"CC Wood and paper products and printing";1;4;9;11;7
"Total sex";"2024";"Other employees";"65-66 years";"CD Oil refinery etc.";0;0;0;0;0
"Total sex";"2024";"Other employees";"65-66 years";"CE Manufacture of chemicals";5;1;8;6;2
"Total sex";"2024";"Other employees";"65-66 years";"CF Pharmaceuticals";12;0;0;0;0
"Total sex";"2024";"Other employees";"65-66 years";"CG Manufacture of plastic, glass and concrete";1;13;34;36;15
"Total sex";"2024";"Other employees";"65-66 years";"CH Basic metals and fabricated metal products";4;2;21;23;16
"Total sex";"2024";"Other employees";"65-66 years";"CI Manufacture of electronic components";6;3;2;7;2
"Total sex";"2024";"Other employees";"65-66 years";"CJ Electrical equipment";3;3;6;8;2
"Total sex";"2024";"Other employees";"65-66 years";"CK Manufacture of machinery";12;7;20;33;11
"Total sex";"2024";"Other employees";"65-66 years";"CL Transport equipment";2;1;6;2;3
"Total sex";"2024";"Other employees";"65-66 years";"CM Manufacture of funiture and other manufacturing";11;4;10;16;7
"Total sex";"2024";"Other employees";"65-66 years";"D Electricity, gas, steam and air conditioning supply";0;1;3;3;1
"Total sex";"2024";"Other employees";"65-66 years";"E Water supply, sewerage and waste management";58;21;47;42;14
"Total sex";"2024";"Other employees";"65-66 years";"F Construction";101;59;110;133;64
"Total sex";"2024";"Other employees";"65-66 years";"G Wholesale and retail trade";100;74;139;150;49
"Total sex";"2024";"Other employees";"65-66 years";"H Transportation";67;22;66;44;13
"Total sex";"2024";"Other employees";"65-66 years";"I Accommodation and food service activities";55;34;52;34;20
"Total sex";"2024";"Other employees";"65-66 years";"JA Publishing, television and radio broadcasting";12;2;2;2;6
"Total sex";"2024";"Other employees";"65-66 years";"JB Telecommunications";1;1;0;0;0
"Total sex";"2024";"Other employees";"65-66 years";"JC IT and information service activities";3;0;0;5;4
"Total sex";"2024";"Other employees";"65-66 years";"K Financial and insurance";5;2;5;4;1
"Total sex";"2024";"Other employees";"65-66 years";"L Real estate activities";23;9;20;12;13
"Total sex";"2024";"Other employees";"65-66 years";"MA Consultancy etc.";31;12;30;12;11
"Total sex";"2024";"Other employees";"65-66 years";"MB Scientific research and development";3;2;0;2;0
"Total sex";"2024";"Other employees";"65-66 years";"MC Advertising and other business services";5;1;0;2;1
"Total sex";"2024";"Other employees";"65-66 years";"N Travel agent, cleaning, and other operationel services";268;124;214;200;82
"Total sex";"2024";"Other employees";"65-66 years";"O Public administration, defence and compulsory social security";24;3;16;7;13
"Total sex";"2024";"Other employees";"65-66 years";"P Education";52;38;41;70;28
"Total sex";"2024";"Other employees";"65-66 years";"QA Human health activities";51;59;44;65;23
"Total sex";"2024";"Other employees";"65-66 years";"QB Residential care";128;59;75;84;45
"Total sex";"2024";"Other employees";"65-66 years";"R Arts, entertainment and recreation activities";29;9;36;18;8
"Total sex";"2024";"Other employees";"65-66 years";"S Other service activities etc.";47;35;50;54;35
"Total sex";"2024";"Other employees";"65-66 years";"X Activity not stated";0;0;0;0;0
"Total sex";"2024";"Other employees";"67 years and over";"A Agriculture, forestry and fishing";4;6;20;13;4
"Total sex";"2024";"Other employees";"67 years and over";"B Mining and quarrying";0;1;5;0;3
"Total sex";"2024";"Other employees";"67 years and over";"CA Manufacture of food products, beverages and tobacco";29;9;57;54;41
"Total sex";"2024";"Other employees";"67 years and over";"CB Textiles and leather products";2;1;3;7;3
"Total sex";"2024";"Other employees";"67 years and over";"CC Wood and paper products and printing";1;6;12;21;9
"Total sex";"2024";"Other employees";"67 years and over";"CD Oil refinery etc.";1;0;0;0;0
"Total sex";"2024";"Other employees";"67 years and over";"CE Manufacture of chemicals";3;2;8;5;4
"Total sex";"2024";"Other employees";"67 years and over";"CF Pharmaceuticals";6;2;0;1;0
"Total sex";"2024";"Other employees";"67 years and over";"CG Manufacture of plastic, glass and concrete";8;14;32;33;17
"Total sex";"2024";"Other employees";"67 years and over";"CH Basic metals and fabricated metal products";10;12;28;41;11
"Total sex";"2024";"Other employees";"67 years and over";"CI Manufacture of electronic components";7;3;1;4;0
"Total sex";"2024";"Other employees";"67 years and over";"CJ Electrical equipment";3;1;5;11;5
"Total sex";"2024";"Other employees";"67 years and over";"CK Manufacture of machinery";10;11;35;48;14
"Total sex";"2024";"Other employees";"67 years and over";"CL Transport equipment";2;0;6;8;5
"Total sex";"2024";"Other employees";"67 years and over";"CM Manufacture of funiture and other manufacturing";7;3;24;31;14
"Total sex";"2024";"Other employees";"67 years and over";"D Electricity, gas, steam and air conditioning supply";0;2;6;5;5
"Total sex";"2024";"Other employees";"67 years and over";"E Water supply, sewerage and waste management";56;54;53;92;45
"Total sex";"2024";"Other employees";"67 years and over";"F Construction";136;127;212;220;87
"Total sex";"2024";"Other employees";"67 years and over";"G Wholesale and retail trade";176;198;406;409;151
"Total sex";"2024";"Other employees";"67 years and over";"H Transportation";86;74;97;106;25
"Total sex";"2024";"Other employees";"67 years and over";"I Accommodation and food service activities";71;31;94;84;48
"Total sex";"2024";"Other employees";"67 years and over";"JA Publishing, television and radio broadcasting";19;27;11;7;41
"Total sex";"2024";"Other employees";"67 years and over";"JB Telecommunications";1;2;0;0;2
"Total sex";"2024";"Other employees";"67 years and over";"JC IT and information service activities";7;1;10;4;3
"Total sex";"2024";"Other employees";"67 years and over";"K Financial and insurance";9;7;6;19;16
"Total sex";"2024";"Other employees";"67 years and over";"L Real estate activities";66;36;105;97;62
"Total sex";"2024";"Other employees";"67 years and over";"MA Consultancy etc.";47;21;93;24;16
"Total sex";"2024";"Other employees";"67 years and over";"MB Scientific research and development";15;2;0;3;0
"Total sex";"2024";"Other employees";"67 years and over";"MC Advertising and other business services";4;4;9;7;0
"Total sex";"2024";"Other employees";"67 years and over";"N Travel agent, cleaning, and other operationel services";299;150;221;258;97
"Total sex";"2024";"Other employees";"67 years and over";"O Public administration, defence and compulsory social security";28;13;8;10;2
"Total sex";"2024";"Other employees";"67 years and over";"P Education";109;59;85;105;44
"Total sex";"2024";"Other employees";"67 years and over";"QA Human health activities";35;39;50;54;30
"Total sex";"2024";"Other employees";"67 years and over";"QB Residential care";98;51;105;94;44
"Total sex";"2024";"Other employees";"67 years and over";"R Arts, entertainment and recreation activities";63;13;71;36;26
"Total sex";"2024";"Other employees";"67 years and over";"S Other service activities etc.";44;73;95;106;66
"Total sex";"2024";"Other employees";"67 years and over";"X Activity not stated";0;0;0;0;0
"Total sex";"2024";"Employees, not specified";"Under 16 years";"A Agriculture, forestry and fishing";54;129;473;448;261
"Total sex";"2024";"Employees, not specified";"Under 16 years";"B Mining and quarrying";0;0;0;1;0
"Total sex";"2024";"Employees, not specified";"Under 16 years";"CA Manufacture of food products, beverages and tobacco";68;26;85;96;40
"Total sex";"2024";"Employees, not specified";"Under 16 years";"CB Textiles and leather products";5;4;6;7;2
"Total sex";"2024";"Employees, not specified";"Under 16 years";"CC Wood and paper products and printing";3;8;17;15;2
"Total sex";"2024";"Employees, not specified";"Under 16 years";"CD Oil refinery etc.";0;0;0;0;0
"Total sex";"2024";"Employees, not specified";"Under 16 years";"CE Manufacture of chemicals";1;0;1;6;2
"Total sex";"2024";"Employees, not specified";"Under 16 years";"CF Pharmaceuticals";0;0;0;1;0
"Total sex";"2024";"Employees, not specified";"Under 16 years";"CG Manufacture of plastic, glass and concrete";11;3;13;11;2
"Total sex";"2024";"Employees, not specified";"Under 16 years";"CH Basic metals and fabricated metal products";4;12;29;16;19
"Total sex";"2024";"Employees, not specified";"Under 16 years";"CI Manufacture of electronic components";1;0;1;3;0
"Total sex";"2024";"Employees, not specified";"Under 16 years";"CJ Electrical equipment";0;0;3;4;1
"Total sex";"2024";"Employees, not specified";"Under 16 years";"CK Manufacture of machinery";4;4;14;10;6
"Total sex";"2024";"Employees, not specified";"Under 16 years";"CL Transport equipment";0;0;3;4;2
"Total sex";"2024";"Employees, not specified";"Under 16 years";"CM Manufacture of funiture and other manufacturing";19;12;28;33;18
"Total sex";"2024";"Employees, not specified";"Under 16 years";"D Electricity, gas, steam and air conditioning supply";1;1;6;2;3
"Total sex";"2024";"Employees, not specified";"Under 16 years";"E Water supply, sewerage and waste management";3;1;4;4;3
"Total sex";"2024";"Employees, not specified";"Under 16 years";"F Construction";66;66;78;66;34
"Total sex";"2024";"Employees, not specified";"Under 16 years";"G Wholesale and retail trade";722;426;823;946;419
"Total sex";"2024";"Employees, not specified";"Under 16 years";"H Transportation";1341;880;1576;1374;50
"Total sex";"2024";"Employees, not specified";"Under 16 years";"I Accommodation and food service activities";787;536;841;755;387
"Total sex";"2024";"Employees, not specified";"Under 16 years";"JA Publishing, television and radio broadcasting";87;7;16;10;7
"Total sex";"2024";"Employees, not specified";"Under 16 years";"JB Telecommunications";1;0;1;0;1
"Total sex";"2024";"Employees, not specified";"Under 16 years";"JC IT and information service activities";61;19;22;31;7
"Total sex";"2024";"Employees, not specified";"Under 16 years";"K Financial and insurance";20;9;21;27;11
"Total sex";"2024";"Employees, not specified";"Under 16 years";"L Real estate activities";209;74;103;114;49
"Total sex";"2024";"Employees, not specified";"Under 16 years";"MA Consultancy etc.";104;32;42;77;15
"Total sex";"2024";"Employees, not specified";"Under 16 years";"MB Scientific research and development";3;0;1;0;0
"Total sex";"2024";"Employees, not specified";"Under 16 years";"MC Advertising and other business services";67;24;23;43;12
"Total sex";"2024";"Employees, not specified";"Under 16 years";"N Travel agent, cleaning, and other operationel services";149;58;95;158;30
"Total sex";"2024";"Employees, not specified";"Under 16 years";"O Public administration, defence and compulsory social security";3;8;4;1;2
"Total sex";"2024";"Employees, not specified";"Under 16 years";"P Education";121;120;69;58;30
"Total sex";"2024";"Employees, not specified";"Under 16 years";"QA Human health activities";87;49;84;91;32
"Total sex";"2024";"Employees, not specified";"Under 16 years";"QB Residential care";31;45;88;107;7
"Total sex";"2024";"Employees, not specified";"Under 16 years";"R Arts, entertainment and recreation activities";1131;372;317;496;133
"Total sex";"2024";"Employees, not specified";"Under 16 years";"S Other service activities etc.";294;74;117;126;36
"Total sex";"2024";"Employees, not specified";"Under 16 years";"X Activity not stated";0;0;0;0;0
"Total sex";"2024";"Employees, not specified";"16-19 years";"A Agriculture, forestry and fishing";62;159;465;460;264
"Total sex";"2024";"Employees, not specified";"16-19 years";"B Mining and quarrying";1;0;1;1;1
"Total sex";"2024";"Employees, not specified";"16-19 years";"CA Manufacture of food products, beverages and tobacco";110;48;92;77;20
"Total sex";"2024";"Employees, not specified";"16-19 years";"CB Textiles and leather products";7;7;4;1;1
"Total sex";"2024";"Employees, not specified";"16-19 years";"CC Wood and paper products and printing";8;1;4;10;0
"Total sex";"2024";"Employees, not specified";"16-19 years";"CD Oil refinery etc.";0;0;0;0;0
"Total sex";"2024";"Employees, not specified";"16-19 years";"CE Manufacture of chemicals";2;1;1;2;3
"Total sex";"2024";"Employees, not specified";"16-19 years";"CF Pharmaceuticals";2;0;0;0;0
"Total sex";"2024";"Employees, not specified";"16-19 years";"CG Manufacture of plastic, glass and concrete";7;5;7;11;5
"Total sex";"2024";"Employees, not specified";"16-19 years";"CH Basic metals and fabricated metal products";10;11;17;19;14
"Total sex";"2024";"Employees, not specified";"16-19 years";"CI Manufacture of electronic components";10;2;2;10;3
"Total sex";"2024";"Employees, not specified";"16-19 years";"CJ Electrical equipment";0;1;5;6;6
"Total sex";"2024";"Employees, not specified";"16-19 years";"CK Manufacture of machinery";2;4;11;8;6
"Total sex";"2024";"Employees, not specified";"16-19 years";"CL Transport equipment";0;1;4;2;0
"Total sex";"2024";"Employees, not specified";"16-19 years";"CM Manufacture of funiture and other manufacturing";20;7;24;19;14
"Total sex";"2024";"Employees, not specified";"16-19 years";"D Electricity, gas, steam and air conditioning supply";14;4;4;3;3
"Total sex";"2024";"Employees, not specified";"16-19 years";"E Water supply, sewerage and waste management";5;4;2;4;0
"Total sex";"2024";"Employees, not specified";"16-19 years";"F Construction";125;110;109;89;47
"Total sex";"2024";"Employees, not specified";"16-19 years";"G Wholesale and retail trade";940;618;949;1116;493
"Total sex";"2024";"Employees, not specified";"16-19 years";"H Transportation";269;132;234;204;30
"Total sex";"2024";"Employees, not specified";"16-19 years";"I Accommodation and food service activities";1650;858;1153;1285;564
"Total sex";"2024";"Employees, not specified";"16-19 years";"JA Publishing, television and radio broadcasting";65;19;43;4;16
"Total sex";"2024";"Employees, not specified";"16-19 years";"JB Telecommunications";4;0;1;1;0
"Total sex";"2024";"Employees, not specified";"16-19 years";"JC IT and information service activities";78;18;17;36;8
"Total sex";"2024";"Employees, not specified";"16-19 years";"K Financial and insurance";35;9;30;23;12
"Total sex";"2024";"Employees, not specified";"16-19 years";"L Real estate activities";106;38;63;83;42
"Total sex";"2024";"Employees, not specified";"16-19 years";"MA Consultancy etc.";143;42;67;62;18
"Total sex";"2024";"Employees, not specified";"16-19 years";"MB Scientific research and development";3;1;1;2;0
"Total sex";"2024";"Employees, not specified";"16-19 years";"MC Advertising and other business services";64;41;34;35;13
"Total sex";"2024";"Employees, not specified";"16-19 years";"N Travel agent, cleaning, and other operationel services";254;124;117;133;60
"Total sex";"2024";"Employees, not specified";"16-19 years";"O Public administration, defence and compulsory social security";13;10;26;6;2
"Total sex";"2024";"Employees, not specified";"16-19 years";"P Education";191;57;64;81;25
"Total sex";"2024";"Employees, not specified";"16-19 years";"QA Human health activities";153;73;92;140;39
"Total sex";"2024";"Employees, not specified";"16-19 years";"QB Residential care";33;26;28;25;12
"Total sex";"2024";"Employees, not specified";"16-19 years";"R Arts, entertainment and recreation activities";836;220;260;426;119
"Total sex";"2024";"Employees, not specified";"16-19 years";"S Other service activities etc.";215;74;104;116;17
"Total sex";"2024";"Employees, not specified";"16-19 years";"X Activity not stated";0;0;0;0;0
"Total sex";"2024";"Employees, not specified";"20-24 years";"A Agriculture, forestry and fishing";69;246;1007;874;533
"Total sex";"2024";"Employees, not specified";"20-24 years";"B Mining and quarrying";0;0;1;0;1
"Total sex";"2024";"Employees, not specified";"20-24 years";"CA Manufacture of food products, beverages and tobacco";77;14;30;47;16
"Total sex";"2024";"Employees, not specified";"20-24 years";"CB Textiles and leather products";14;0;3;6;0
"Total sex";"2024";"Employees, not specified";"20-24 years";"CC Wood and paper products and printing";10;0;10;8;3
"Total sex";"2024";"Employees, not specified";"20-24 years";"CD Oil refinery etc.";0;0;0;0;0
"Total sex";"2024";"Employees, not specified";"20-24 years";"CE Manufacture of chemicals";8;1;2;3;1
"Total sex";"2024";"Employees, not specified";"20-24 years";"CF Pharmaceuticals";8;0;0;0;0
"Total sex";"2024";"Employees, not specified";"20-24 years";"CG Manufacture of plastic, glass and concrete";9;8;10;10;1
"Total sex";"2024";"Employees, not specified";"20-24 years";"CH Basic metals and fabricated metal products";6;3;17;18;10
"Total sex";"2024";"Employees, not specified";"20-24 years";"CI Manufacture of electronic components";11;5;7;3;0
"Total sex";"2024";"Employees, not specified";"20-24 years";"CJ Electrical equipment";4;1;1;3;1
"Total sex";"2024";"Employees, not specified";"20-24 years";"CK Manufacture of machinery";5;6;9;9;8
"Total sex";"2024";"Employees, not specified";"20-24 years";"CL Transport equipment";7;2;3;4;1
"Total sex";"2024";"Employees, not specified";"20-24 years";"CM Manufacture of funiture and other manufacturing";27;12;19;20;11
"Total sex";"2024";"Employees, not specified";"20-24 years";"D Electricity, gas, steam and air conditioning supply";14;1;6;3;3
"Total sex";"2024";"Employees, not specified";"20-24 years";"E Water supply, sewerage and waste management";11;4;4;2;1
"Total sex";"2024";"Employees, not specified";"20-24 years";"F Construction";260;179;132;160;46
"Total sex";"2024";"Employees, not specified";"20-24 years";"G Wholesale and retail trade";769;270;398;524;212
"Total sex";"2024";"Employees, not specified";"20-24 years";"H Transportation";391;109;167;179;56
"Total sex";"2024";"Employees, not specified";"20-24 years";"I Accommodation and food service activities";1579;289;526;651;272
"Total sex";"2024";"Employees, not specified";"20-24 years";"JA Publishing, television and radio broadcasting";97;14;21;18;9
"Total sex";"2024";"Employees, not specified";"20-24 years";"JB Telecommunications";8;0;0;1;3
"Total sex";"2024";"Employees, not specified";"20-24 years";"JC IT and information service activities";141;19;36;47;21
"Total sex";"2024";"Employees, not specified";"20-24 years";"K Financial and insurance";89;7;19;17;33
"Total sex";"2024";"Employees, not specified";"20-24 years";"L Real estate activities";93;24;42;54;17
"Total sex";"2024";"Employees, not specified";"20-24 years";"MA Consultancy etc.";211;38;34;45;18
"Total sex";"2024";"Employees, not specified";"20-24 years";"MB Scientific research and development";31;0;4;2;1
"Total sex";"2024";"Employees, not specified";"20-24 years";"MC Advertising and other business services";111;12;25;56;14
"Total sex";"2024";"Employees, not specified";"20-24 years";"N Travel agent, cleaning, and other operationel services";586;142;160;235;69
"Total sex";"2024";"Employees, not specified";"20-24 years";"O Public administration, defence and compulsory social security";144;76;92;23;8
"Total sex";"2024";"Employees, not specified";"20-24 years";"P Education";80;14;39;38;11
"Total sex";"2024";"Employees, not specified";"20-24 years";"QA Human health activities";152;22;38;59;24
"Total sex";"2024";"Employees, not specified";"20-24 years";"QB Residential care";108;68;56;56;19
"Total sex";"2024";"Employees, not specified";"20-24 years";"R Arts, entertainment and recreation activities";187;50;86;116;39
"Total sex";"2024";"Employees, not specified";"20-24 years";"S Other service activities etc.";258;41;58;65;22
"Total sex";"2024";"Employees, not specified";"20-24 years";"X Activity not stated";0;0;0;0;0
"Total sex";"2024";"Employees, not specified";"25-29 years";"A Agriculture, forestry and fishing";108;349;1575;1353;867
"Total sex";"2024";"Employees, not specified";"25-29 years";"B Mining and quarrying";1;1;1;2;3
"Total sex";"2024";"Employees, not specified";"25-29 years";"CA Manufacture of food products, beverages and tobacco";69;23;32;35;16
"Total sex";"2024";"Employees, not specified";"25-29 years";"CB Textiles and leather products";23;4;3;11;2
"Total sex";"2024";"Employees, not specified";"25-29 years";"CC Wood and paper products and printing";8;3;9;9;4
"Total sex";"2024";"Employees, not specified";"25-29 years";"CD Oil refinery etc.";0;0;0;0;0
"Total sex";"2024";"Employees, not specified";"25-29 years";"CE Manufacture of chemicals";2;2;1;0;3
"Total sex";"2024";"Employees, not specified";"25-29 years";"CF Pharmaceuticals";34;4;1;0;0
"Total sex";"2024";"Employees, not specified";"25-29 years";"CG Manufacture of plastic, glass and concrete";10;7;19;8;1
"Total sex";"2024";"Employees, not specified";"25-29 years";"CH Basic metals and fabricated metal products";14;15;25;19;13
"Total sex";"2024";"Employees, not specified";"25-29 years";"CI Manufacture of electronic components";24;1;5;7;1
"Total sex";"2024";"Employees, not specified";"25-29 years";"CJ Electrical equipment";5;3;5;7;6
"Total sex";"2024";"Employees, not specified";"25-29 years";"CK Manufacture of machinery";8;4;22;19;13
"Total sex";"2024";"Employees, not specified";"25-29 years";"CL Transport equipment";21;1;4;2;11
"Total sex";"2024";"Employees, not specified";"25-29 years";"CM Manufacture of funiture and other manufacturing";62;16;30;29;16
"Total sex";"2024";"Employees, not specified";"25-29 years";"D Electricity, gas, steam and air conditioning supply";19;0;12;13;3
"Total sex";"2024";"Employees, not specified";"25-29 years";"E Water supply, sewerage and waste management";15;2;9;6;4
"Total sex";"2024";"Employees, not specified";"25-29 years";"F Construction";496;273;173;210;84
"Total sex";"2024";"Employees, not specified";"25-29 years";"G Wholesale and retail trade";880;279;517;609;265
"Total sex";"2024";"Employees, not specified";"25-29 years";"H Transportation";516;169;247;213;52
"Total sex";"2024";"Employees, not specified";"25-29 years";"I Accommodation and food service activities";1236;197;331;408;228
"Total sex";"2024";"Employees, not specified";"25-29 years";"JA Publishing, television and radio broadcasting";257;16;36;61;20
"Total sex";"2024";"Employees, not specified";"25-29 years";"JB Telecommunications";11;0;0;6;1
"Total sex";"2024";"Employees, not specified";"25-29 years";"JC IT and information service activities";381;31;81;109;34
"Total sex";"2024";"Employees, not specified";"25-29 years";"K Financial and insurance";187;15;25;27;4
"Total sex";"2024";"Employees, not specified";"25-29 years";"L Real estate activities";212;59;139;129;64
"Total sex";"2024";"Employees, not specified";"25-29 years";"MA Consultancy etc.";429;58;61;108;34
"Total sex";"2024";"Employees, not specified";"25-29 years";"MB Scientific research and development";41;1;2;3;2
"Total sex";"2024";"Employees, not specified";"25-29 years";"MC Advertising and other business services";287;48;73;133;43
"Total sex";"2024";"Employees, not specified";"25-29 years";"N Travel agent, cleaning, and other operationel services";656;184;245;277;115
"Total sex";"2024";"Employees, not specified";"25-29 years";"O Public administration, defence and compulsory social security";302;80;29;14;6
"Total sex";"2024";"Employees, not specified";"25-29 years";"P Education";109;20;28;48;21
"Total sex";"2024";"Employees, not specified";"25-29 years";"QA Human health activities";112;15;39;70;7
"Total sex";"2024";"Employees, not specified";"25-29 years";"QB Residential care";127;122;69;83;36
"Total sex";"2024";"Employees, not specified";"25-29 years";"R Arts, entertainment and recreation activities";170;38;81;123;39
"Total sex";"2024";"Employees, not specified";"25-29 years";"S Other service activities etc.";309;68;90;119;40
"Total sex";"2024";"Employees, not specified";"25-29 years";"X Activity not stated";0;0;0;0;0
"Total sex";"2024";"Employees, not specified";"30-34 years";"A Agriculture, forestry and fishing";100;299;1195;1067;680
"Total sex";"2024";"Employees, not specified";"30-34 years";"B Mining and quarrying";1;0;1;2;1
"Total sex";"2024";"Employees, not specified";"30-34 years";"CA Manufacture of food products, beverages and tobacco";78;21;27;44;19
"Total sex";"2024";"Employees, not specified";"30-34 years";"CB Textiles and leather products";30;2;3;19;2
"Total sex";"2024";"Employees, not specified";"30-34 years";"CC Wood and paper products and printing";22;4;15;24;9
"Total sex";"2024";"Employees, not specified";"30-34 years";"CD Oil refinery etc.";0;0;0;0;0
"Total sex";"2024";"Employees, not specified";"30-34 years";"CE Manufacture of chemicals";6;2;3;2;5
"Total sex";"2024";"Employees, not specified";"30-34 years";"CF Pharmaceuticals";31;5;1;0;0
"Total sex";"2024";"Employees, not specified";"30-34 years";"CG Manufacture of plastic, glass and concrete";12;15;14;14;6
"Total sex";"2024";"Employees, not specified";"30-34 years";"CH Basic metals and fabricated metal products";30;31;43;34;17
"Total sex";"2024";"Employees, not specified";"30-34 years";"CI Manufacture of electronic components";32;6;7;8;2
"Total sex";"2024";"Employees, not specified";"30-34 years";"CJ Electrical equipment";12;9;5;8;4
"Total sex";"2024";"Employees, not specified";"30-34 years";"CK Manufacture of machinery";11;13;29;25;15
"Total sex";"2024";"Employees, not specified";"30-34 years";"CL Transport equipment";15;0;4;4;7
"Total sex";"2024";"Employees, not specified";"30-34 years";"CM Manufacture of funiture and other manufacturing";66;37;55;61;14
"Total sex";"2024";"Employees, not specified";"30-34 years";"D Electricity, gas, steam and air conditioning supply";15;0;7;15;4
"Total sex";"2024";"Employees, not specified";"30-34 years";"E Water supply, sewerage and waste management";19;5;8;7;3
"Total sex";"2024";"Employees, not specified";"30-34 years";"F Construction";587;323;258;270;109
"Total sex";"2024";"Employees, not specified";"30-34 years";"G Wholesale and retail trade";1119;360;658;735;301
"Total sex";"2024";"Employees, not specified";"30-34 years";"H Transportation";614;201;261;248;82
"Total sex";"2024";"Employees, not specified";"30-34 years";"I Accommodation and food service activities";1121;234;331;373;193
"Total sex";"2024";"Employees, not specified";"30-34 years";"JA Publishing, television and radio broadcasting";360;19;29;61;11
"Total sex";"2024";"Employees, not specified";"30-34 years";"JB Telecommunications";9;1;2;2;0
"Total sex";"2024";"Employees, not specified";"30-34 years";"JC IT and information service activities";471;53;117;162;56
"Total sex";"2024";"Employees, not specified";"30-34 years";"K Financial and insurance";194;22;26;44;27
"Total sex";"2024";"Employees, not specified";"30-34 years";"L Real estate activities";183;77;169;129;52
"Total sex";"2024";"Employees, not specified";"30-34 years";"MA Consultancy etc.";468;79;125;137;34
"Total sex";"2024";"Employees, not specified";"30-34 years";"MB Scientific research and development";62;4;6;10;2
"Total sex";"2024";"Employees, not specified";"30-34 years";"MC Advertising and other business services";304;65;91;146;44
"Total sex";"2024";"Employees, not specified";"30-34 years";"N Travel agent, cleaning, and other operationel services";701;254;262;314;129
"Total sex";"2024";"Employees, not specified";"30-34 years";"O Public administration, defence and compulsory social security";172;61;61;38;20
"Total sex";"2024";"Employees, not specified";"30-34 years";"P Education";130;43;44;54;14
"Total sex";"2024";"Employees, not specified";"30-34 years";"QA Human health activities";99;22;37;52;15
"Total sex";"2024";"Employees, not specified";"30-34 years";"QB Residential care";175;127;85;84;31
"Total sex";"2024";"Employees, not specified";"30-34 years";"R Arts, entertainment and recreation activities";192;51;131;109;44
"Total sex";"2024";"Employees, not specified";"30-34 years";"S Other service activities etc.";385;85;142;149;43
"Total sex";"2024";"Employees, not specified";"30-34 years";"X Activity not stated";0;0;0;0;0
"Total sex";"2024";"Employees, not specified";"35-39 years";"A Agriculture, forestry and fishing";95;269;905;789;487
"Total sex";"2024";"Employees, not specified";"35-39 years";"B Mining and quarrying";1;0;0;3;0
"Total sex";"2024";"Employees, not specified";"35-39 years";"CA Manufacture of food products, beverages and tobacco";74;25;29;59;16
"Total sex";"2024";"Employees, not specified";"35-39 years";"CB Textiles and leather products";35;3;3;23;2
"Total sex";"2024";"Employees, not specified";"35-39 years";"CC Wood and paper products and printing";20;10;19;17;10
"Total sex";"2024";"Employees, not specified";"35-39 years";"CD Oil refinery etc.";1;0;0;0;0
"Total sex";"2024";"Employees, not specified";"35-39 years";"CE Manufacture of chemicals";4;0;3;2;6
"Total sex";"2024";"Employees, not specified";"35-39 years";"CF Pharmaceuticals";31;3;2;0;0
"Total sex";"2024";"Employees, not specified";"35-39 years";"CG Manufacture of plastic, glass and concrete";13;7;15;8;6
"Total sex";"2024";"Employees, not specified";"35-39 years";"CH Basic metals and fabricated metal products";36;18;49;51;21
"Total sex";"2024";"Employees, not specified";"35-39 years";"CI Manufacture of electronic components";24;4;5;6;5
"Total sex";"2024";"Employees, not specified";"35-39 years";"CJ Electrical equipment";9;5;5;9;3
"Total sex";"2024";"Employees, not specified";"35-39 years";"CK Manufacture of machinery";20;10;37;34;16
"Total sex";"2024";"Employees, not specified";"35-39 years";"CL Transport equipment";14;2;4;3;6
"Total sex";"2024";"Employees, not specified";"35-39 years";"CM Manufacture of funiture and other manufacturing";77;37;62;51;22
"Total sex";"2024";"Employees, not specified";"35-39 years";"D Electricity, gas, steam and air conditioning supply";9;1;11;13;8
"Total sex";"2024";"Employees, not specified";"35-39 years";"E Water supply, sewerage and waste management";22;6;8;8;0
"Total sex";"2024";"Employees, not specified";"35-39 years";"F Construction";728;366;312;307;141
"Total sex";"2024";"Employees, not specified";"35-39 years";"G Wholesale and retail trade";1080;408;672;823;320
"Total sex";"2024";"Employees, not specified";"35-39 years";"H Transportation";679;204;256;258;87
"Total sex";"2024";"Employees, not specified";"35-39 years";"I Accommodation and food service activities";1069;279;340;390;174
"Total sex";"2024";"Employees, not specified";"35-39 years";"JA Publishing, television and radio broadcasting";293;16;38;42;10
"Total sex";"2024";"Employees, not specified";"35-39 years";"JB Telecommunications";9;0;1;6;0
"Total sex";"2024";"Employees, not specified";"35-39 years";"JC IT and information service activities";475;49;123;172;54
"Total sex";"2024";"Employees, not specified";"35-39 years";"K Financial and insurance";244;18;28;54;15
"Total sex";"2024";"Employees, not specified";"35-39 years";"L Real estate activities";211;71;131;150;58
"Total sex";"2024";"Employees, not specified";"35-39 years";"MA Consultancy etc.";441;89;112;175;52
"Total sex";"2024";"Employees, not specified";"35-39 years";"MB Scientific research and development";28;3;4;8;2
"Total sex";"2024";"Employees, not specified";"35-39 years";"MC Advertising and other business services";313;58;95;117;49
"Total sex";"2024";"Employees, not specified";"35-39 years";"N Travel agent, cleaning, and other operationel services";705;265;298;379;133
"Total sex";"2024";"Employees, not specified";"35-39 years";"O Public administration, defence and compulsory social security";100;91;79;67;40
"Total sex";"2024";"Employees, not specified";"35-39 years";"P Education";120;28;43;55;35
"Total sex";"2024";"Employees, not specified";"35-39 years";"QA Human health activities";111;34;60;74;29
"Total sex";"2024";"Employees, not specified";"35-39 years";"QB Residential care";186;117;122;110;56
"Total sex";"2024";"Employees, not specified";"35-39 years";"R Arts, entertainment and recreation activities";197;56;110;128;47
"Total sex";"2024";"Employees, not specified";"35-39 years";"S Other service activities etc.";415;118;147;168;51
"Total sex";"2024";"Employees, not specified";"35-39 years";"X Activity not stated";0;0;0;0;0
"Total sex";"2024";"Employees, not specified";"40-44 years";"A Agriculture, forestry and fishing";83;207;652;498;300
"Total sex";"2024";"Employees, not specified";"40-44 years";"B Mining and quarrying";1;1;2;2;10
"Total sex";"2024";"Employees, not specified";"40-44 years";"CA Manufacture of food products, beverages and tobacco";55;27;45;48;22
"Total sex";"2024";"Employees, not specified";"40-44 years";"CB Textiles and leather products";21;3;9;27;6
"Total sex";"2024";"Employees, not specified";"40-44 years";"CC Wood and paper products and printing";33;9;14;22;9
"Total sex";"2024";"Employees, not specified";"40-44 years";"CD Oil refinery etc.";0;0;0;0;0
"Total sex";"2024";"Employees, not specified";"40-44 years";"CE Manufacture of chemicals";5;0;5;1;3
"Total sex";"2024";"Employees, not specified";"40-44 years";"CF Pharmaceuticals";18;3;1;0;0
"Total sex";"2024";"Employees, not specified";"40-44 years";"CG Manufacture of plastic, glass and concrete";17;12;13;17;10
"Total sex";"2024";"Employees, not specified";"40-44 years";"CH Basic metals and fabricated metal products";26;25;54;35;26
"Total sex";"2024";"Employees, not specified";"40-44 years";"CI Manufacture of electronic components";25;4;4;10;3
"Total sex";"2024";"Employees, not specified";"40-44 years";"CJ Electrical equipment";16;9;7;8;9
"Total sex";"2024";"Employees, not specified";"40-44 years";"CK Manufacture of machinery";16;8;42;25;10
"Total sex";"2024";"Employees, not specified";"40-44 years";"CL Transport equipment";4;3;5;3;5
"Total sex";"2024";"Employees, not specified";"40-44 years";"CM Manufacture of funiture and other manufacturing";75;35;61;58;34
"Total sex";"2024";"Employees, not specified";"40-44 years";"D Electricity, gas, steam and air conditioning supply";10;6;10;17;12
"Total sex";"2024";"Employees, not specified";"40-44 years";"E Water supply, sewerage and waste management";19;16;17;17;8
"Total sex";"2024";"Employees, not specified";"40-44 years";"F Construction";643;350;267;336;135
"Total sex";"2024";"Employees, not specified";"40-44 years";"G Wholesale and retail trade";1029;441;802;915;359
"Total sex";"2024";"Employees, not specified";"40-44 years";"H Transportation";629;169;243;224;73
"Total sex";"2024";"Employees, not specified";"40-44 years";"I Accommodation and food service activities";905;253;399;388;179
"Total sex";"2024";"Employees, not specified";"40-44 years";"JA Publishing, television and radio broadcasting";241;17;28;39;11
"Total sex";"2024";"Employees, not specified";"40-44 years";"JB Telecommunications";12;1;2;7;2
"Total sex";"2024";"Employees, not specified";"40-44 years";"JC IT and information service activities";406;71;108;149;41
"Total sex";"2024";"Employees, not specified";"40-44 years";"K Financial and insurance";250;26;51;75;28
"Total sex";"2024";"Employees, not specified";"40-44 years";"L Real estate activities";235;79;132;143;73
"Total sex";"2024";"Employees, not specified";"40-44 years";"MA Consultancy etc.";473;101;145;177;54
"Total sex";"2024";"Employees, not specified";"40-44 years";"MB Scientific research and development";37;6;3;4;1
"Total sex";"2024";"Employees, not specified";"40-44 years";"MC Advertising and other business services";233;54;64;108;37
"Total sex";"2024";"Employees, not specified";"40-44 years";"N Travel agent, cleaning, and other operationel services";710;233;305;410;141
"Total sex";"2024";"Employees, not specified";"40-44 years";"O Public administration, defence and compulsory social security";120;84;74;74;43
"Total sex";"2024";"Employees, not specified";"40-44 years";"P Education";117;45;51;64;40
"Total sex";"2024";"Employees, not specified";"40-44 years";"QA Human health activities";126;52;91;110;38
"Total sex";"2024";"Employees, not specified";"40-44 years";"QB Residential care";246;126;116;131;62
"Total sex";"2024";"Employees, not specified";"40-44 years";"R Arts, entertainment and recreation activities";186;52;125;150;57
"Total sex";"2024";"Employees, not specified";"40-44 years";"S Other service activities etc.";413;82;145;143;48
"Total sex";"2024";"Employees, not specified";"40-44 years";"X Activity not stated";0;0;0;0;0
"Total sex";"2024";"Employees, not specified";"45-49 years";"A Agriculture, forestry and fishing";80;177;566;470;260
"Total sex";"2024";"Employees, not specified";"45-49 years";"B Mining and quarrying";3;1;1;5;3
"Total sex";"2024";"Employees, not specified";"45-49 years";"CA Manufacture of food products, beverages and tobacco";60;28;46;48;23
"Total sex";"2024";"Employees, not specified";"45-49 years";"CB Textiles and leather products";27;12;12;24;5
"Total sex";"2024";"Employees, not specified";"45-49 years";"CC Wood and paper products and printing";29;17;10;30;8
"Total sex";"2024";"Employees, not specified";"45-49 years";"CD Oil refinery etc.";0;0;0;0;0
"Total sex";"2024";"Employees, not specified";"45-49 years";"CE Manufacture of chemicals";11;4;9;6;2
"Total sex";"2024";"Employees, not specified";"45-49 years";"CF Pharmaceuticals";20;0;3;4;0
"Total sex";"2024";"Employees, not specified";"45-49 years";"CG Manufacture of plastic, glass and concrete";25;10;21;13;11
"Total sex";"2024";"Employees, not specified";"45-49 years";"CH Basic metals and fabricated metal products";37;36;73;49;27
"Total sex";"2024";"Employees, not specified";"45-49 years";"CI Manufacture of electronic components";29;7;7;15;5
"Total sex";"2024";"Employees, not specified";"45-49 years";"CJ Electrical equipment";8;6;7;11;11
"Total sex";"2024";"Employees, not specified";"45-49 years";"CK Manufacture of machinery";12;14;52;36;17
"Total sex";"2024";"Employees, not specified";"45-49 years";"CL Transport equipment";7;3;11;2;7
"Total sex";"2024";"Employees, not specified";"45-49 years";"CM Manufacture of funiture and other manufacturing";63;41;86;60;44
"Total sex";"2024";"Employees, not specified";"45-49 years";"D Electricity, gas, steam and air conditioning supply";15;4;9;25;12
"Total sex";"2024";"Employees, not specified";"45-49 years";"E Water supply, sewerage and waste management";20;14;17;9;7
"Total sex";"2024";"Employees, not specified";"45-49 years";"F Construction";629;320;333;347;145
"Total sex";"2024";"Employees, not specified";"45-49 years";"G Wholesale and retail trade";1307;539;889;1039;393
"Total sex";"2024";"Employees, not specified";"45-49 years";"H Transportation";625;156;234;247;77
"Total sex";"2024";"Employees, not specified";"45-49 years";"I Accommodation and food service activities";813;303;407;441;188
"Total sex";"2024";"Employees, not specified";"45-49 years";"JA Publishing, television and radio broadcasting";270;12;42;36;19
"Total sex";"2024";"Employees, not specified";"45-49 years";"JB Telecommunications";20;2;6;9;0
"Total sex";"2024";"Employees, not specified";"45-49 years";"JC IT and information service activities";459;90;105;130;44
"Total sex";"2024";"Employees, not specified";"45-49 years";"K Financial and insurance";259;41;73;104;28
"Total sex";"2024";"Employees, not specified";"45-49 years";"L Real estate activities";241;91;189;197;67
"Total sex";"2024";"Employees, not specified";"45-49 years";"MA Consultancy etc.";473;129;172;205;66
"Total sex";"2024";"Employees, not specified";"45-49 years";"MB Scientific research and development";23;5;3;6;1
"Total sex";"2024";"Employees, not specified";"45-49 years";"MC Advertising and other business services";306;60;94;119;29
"Total sex";"2024";"Employees, not specified";"45-49 years";"N Travel agent, cleaning, and other operationel services";704;252;348;389;139
"Total sex";"2024";"Employees, not specified";"45-49 years";"O Public administration, defence and compulsory social security";109;89;82;87;41
"Total sex";"2024";"Employees, not specified";"45-49 years";"P Education";140;72;59;69;31
"Total sex";"2024";"Employees, not specified";"45-49 years";"QA Human health activities";189;73;138;131;49
"Total sex";"2024";"Employees, not specified";"45-49 years";"QB Residential care";206;137;123;149;72
"Total sex";"2024";"Employees, not specified";"45-49 years";"R Arts, entertainment and recreation activities";201;75;188;167;76
"Total sex";"2024";"Employees, not specified";"45-49 years";"S Other service activities etc.";406;107;156;182;64
"Total sex";"2024";"Employees, not specified";"45-49 years";"X Activity not stated";0;0;0;0;0
"Total sex";"2024";"Employees, not specified";"50-54 years";"A Agriculture, forestry and fishing";69;239;544;420;253
"Total sex";"2024";"Employees, not specified";"50-54 years";"B Mining and quarrying";5;3;4;0;7
"Total sex";"2024";"Employees, not specified";"50-54 years";"CA Manufacture of food products, beverages and tobacco";45;22;52;41;30
"Total sex";"2024";"Employees, not specified";"50-54 years";"CB Textiles and leather products";34;8;9;30;5
"Total sex";"2024";"Employees, not specified";"50-54 years";"CC Wood and paper products and printing";21;13;25;29;7
"Total sex";"2024";"Employees, not specified";"50-54 years";"CD Oil refinery etc.";1;0;0;0;0
"Total sex";"2024";"Employees, not specified";"50-54 years";"CE Manufacture of chemicals";12;10;10;9;1
"Total sex";"2024";"Employees, not specified";"50-54 years";"CF Pharmaceuticals";16;4;6;1;0
"Total sex";"2024";"Employees, not specified";"50-54 years";"CG Manufacture of plastic, glass and concrete";23;31;31;23;10
"Total sex";"2024";"Employees, not specified";"50-54 years";"CH Basic metals and fabricated metal products";36;49;72;79;20
"Total sex";"2024";"Employees, not specified";"50-54 years";"CI Manufacture of electronic components";45;8;13;11;6
"Total sex";"2024";"Employees, not specified";"50-54 years";"CJ Electrical equipment";17;9;10;8;4
"Total sex";"2024";"Employees, not specified";"50-54 years";"CK Manufacture of machinery";25;26;64;57;16
"Total sex";"2024";"Employees, not specified";"50-54 years";"CL Transport equipment";3;6;12;5;8
"Total sex";"2024";"Employees, not specified";"50-54 years";"CM Manufacture of funiture and other manufacturing";72;35;93;87;37
"Total sex";"2024";"Employees, not specified";"50-54 years";"D Electricity, gas, steam and air conditioning supply";10;7;30;38;17
"Total sex";"2024";"Employees, not specified";"50-54 years";"E Water supply, sewerage and waste management";12;17;16;12;12
"Total sex";"2024";"Employees, not specified";"50-54 years";"F Construction";553;307;297;321;157
"Total sex";"2024";"Employees, not specified";"50-54 years";"G Wholesale and retail trade";1478;641;1097;1161;437
"Total sex";"2024";"Employees, not specified";"50-54 years";"H Transportation";590;187;234;230;76
"Total sex";"2024";"Employees, not specified";"50-54 years";"I Accommodation and food service activities";764;295;395;435;183
"Total sex";"2024";"Employees, not specified";"50-54 years";"JA Publishing, television and radio broadcasting";228;17;33;45;10
"Total sex";"2024";"Employees, not specified";"50-54 years";"JB Telecommunications";24;6;10;7;4
"Total sex";"2024";"Employees, not specified";"50-54 years";"JC IT and information service activities";450;95;119;132;45
"Total sex";"2024";"Employees, not specified";"50-54 years";"K Financial and insurance";345;31;112;120;43
"Total sex";"2024";"Employees, not specified";"50-54 years";"L Real estate activities";288;131;199;212;102
"Total sex";"2024";"Employees, not specified";"50-54 years";"MA Consultancy etc.";618;138;217;275;74
"Total sex";"2024";"Employees, not specified";"50-54 years";"MB Scientific research and development";36;5;4;4;3
"Total sex";"2024";"Employees, not specified";"50-54 years";"MC Advertising and other business services";329;71;95;152;29
"Total sex";"2024";"Employees, not specified";"50-54 years";"N Travel agent, cleaning, and other operationel services";666;288;297;398;136
"Total sex";"2024";"Employees, not specified";"50-54 years";"O Public administration, defence and compulsory social security";91;57;57;58;32
"Total sex";"2024";"Employees, not specified";"50-54 years";"P Education";159;53;80;73;39
"Total sex";"2024";"Employees, not specified";"50-54 years";"QA Human health activities";233;84;136;148;44
"Total sex";"2024";"Employees, not specified";"50-54 years";"QB Residential care";232;130;144;151;98
"Total sex";"2024";"Employees, not specified";"50-54 years";"R Arts, entertainment and recreation activities";218;94;158;152;74
"Total sex";"2024";"Employees, not specified";"50-54 years";"S Other service activities etc.";410;96;163;175;75
"Total sex";"2024";"Employees, not specified";"50-54 years";"X Activity not stated";0;0;0;0;0
"Total sex";"2024";"Employees, not specified";"55-59 years";"A Agriculture, forestry and fishing";77;220;519;443;273
"Total sex";"2024";"Employees, not specified";"55-59 years";"B Mining and quarrying";2;1;4;7;14
"Total sex";"2024";"Employees, not specified";"55-59 years";"CA Manufacture of food products, beverages and tobacco";44;39;57;54;21
"Total sex";"2024";"Employees, not specified";"55-59 years";"CB Textiles and leather products";21;11;10;22;3
"Total sex";"2024";"Employees, not specified";"55-59 years";"CC Wood and paper products and printing";31;12;24;47;8
"Total sex";"2024";"Employees, not specified";"55-59 years";"CD Oil refinery etc.";0;0;0;0;0
"Total sex";"2024";"Employees, not specified";"55-59 years";"CE Manufacture of chemicals";12;4;14;7;1
"Total sex";"2024";"Employees, not specified";"55-59 years";"CF Pharmaceuticals";13;0;0;4;0
"Total sex";"2024";"Employees, not specified";"55-59 years";"CG Manufacture of plastic, glass and concrete";31;24;36;26;16
"Total sex";"2024";"Employees, not specified";"55-59 years";"CH Basic metals and fabricated metal products";50;52;87;76;26
"Total sex";"2024";"Employees, not specified";"55-59 years";"CI Manufacture of electronic components";25;12;19;17;2
"Total sex";"2024";"Employees, not specified";"55-59 years";"CJ Electrical equipment";17;10;13;15;5
"Total sex";"2024";"Employees, not specified";"55-59 years";"CK Manufacture of machinery";25;27;69;71;14
"Total sex";"2024";"Employees, not specified";"55-59 years";"CL Transport equipment";5;7;13;8;5
"Total sex";"2024";"Employees, not specified";"55-59 years";"CM Manufacture of funiture and other manufacturing";99;38;89;78;47
"Total sex";"2024";"Employees, not specified";"55-59 years";"D Electricity, gas, steam and air conditioning supply";10;15;30;30;24
"Total sex";"2024";"Employees, not specified";"55-59 years";"E Water supply, sewerage and waste management";19;23;29;20;9
"Total sex";"2024";"Employees, not specified";"55-59 years";"F Construction";426;303;233;273;143
"Total sex";"2024";"Employees, not specified";"55-59 years";"G Wholesale and retail trade";1406;683;1130;1124;467
"Total sex";"2024";"Employees, not specified";"55-59 years";"H Transportation";571;168;242;248;103
"Total sex";"2024";"Employees, not specified";"55-59 years";"I Accommodation and food service activities";639;274;345;368;213
"Total sex";"2024";"Employees, not specified";"55-59 years";"JA Publishing, television and radio broadcasting";188;19;37;36;10
"Total sex";"2024";"Employees, not specified";"55-59 years";"JB Telecommunications";17;1;3;9;1
"Total sex";"2024";"Employees, not specified";"55-59 years";"JC IT and information service activities";356;84;94;110;42
"Total sex";"2024";"Employees, not specified";"55-59 years";"K Financial and insurance";386;73;139;167;72
"Total sex";"2024";"Employees, not specified";"55-59 years";"L Real estate activities";370;141;271;275;80
"Total sex";"2024";"Employees, not specified";"55-59 years";"MA Consultancy etc.";628;196;216;265;88
"Total sex";"2024";"Employees, not specified";"55-59 years";"MB Scientific research and development";14;3;8;10;3
"Total sex";"2024";"Employees, not specified";"55-59 years";"MC Advertising and other business services";248;65;98;109;37
"Total sex";"2024";"Employees, not specified";"55-59 years";"N Travel agent, cleaning, and other operationel services";566;263;326;361;146
"Total sex";"2024";"Employees, not specified";"55-59 years";"O Public administration, defence and compulsory social security";61;44;38;64;32
"Total sex";"2024";"Employees, not specified";"55-59 years";"P Education";134;74;69;74;26
"Total sex";"2024";"Employees, not specified";"55-59 years";"QA Human health activities";202;97;143;138;60
"Total sex";"2024";"Employees, not specified";"55-59 years";"QB Residential care";191;135;151;182;77
"Total sex";"2024";"Employees, not specified";"55-59 years";"R Arts, entertainment and recreation activities";189;92;199;172;82
"Total sex";"2024";"Employees, not specified";"55-59 years";"S Other service activities etc.";431;111;208;169;71
"Total sex";"2024";"Employees, not specified";"55-59 years";"X Activity not stated";0;0;0;0;0
"Total sex";"2024";"Employees, not specified";"60-64 years";"A Agriculture, forestry and fishing";65;187;481;406;240
"Total sex";"2024";"Employees, not specified";"60-64 years";"B Mining and quarrying";0;1;4;4;6
"Total sex";"2024";"Employees, not specified";"60-64 years";"CA Manufacture of food products, beverages and tobacco";28;22;47;42;33
"Total sex";"2024";"Employees, not specified";"60-64 years";"CB Textiles and leather products";13;14;13;25;3
"Total sex";"2024";"Employees, not specified";"60-64 years";"CC Wood and paper products and printing";33;18;18;17;10
"Total sex";"2024";"Employees, not specified";"60-64 years";"CD Oil refinery etc.";1;0;0;0;0
"Total sex";"2024";"Employees, not specified";"60-64 years";"CE Manufacture of chemicals";2;2;8;2;1
"Total sex";"2024";"Employees, not specified";"60-64 years";"CF Pharmaceuticals";9;1;1;0;0
"Total sex";"2024";"Employees, not specified";"60-64 years";"CG Manufacture of plastic, glass and concrete";13;20;23;29;9
"Total sex";"2024";"Employees, not specified";"60-64 years";"CH Basic metals and fabricated metal products";54;40;60;60;21
"Total sex";"2024";"Employees, not specified";"60-64 years";"CI Manufacture of electronic components";26;19;17;15;2
"Total sex";"2024";"Employees, not specified";"60-64 years";"CJ Electrical equipment";18;10;8;9;0
"Total sex";"2024";"Employees, not specified";"60-64 years";"CK Manufacture of machinery";27;12;53;52;20
"Total sex";"2024";"Employees, not specified";"60-64 years";"CL Transport equipment";7;1;19;7;6
"Total sex";"2024";"Employees, not specified";"60-64 years";"CM Manufacture of funiture and other manufacturing";78;42;106;55;39
"Total sex";"2024";"Employees, not specified";"60-64 years";"D Electricity, gas, steam and air conditioning supply";11;13;22;42;18
"Total sex";"2024";"Employees, not specified";"60-64 years";"E Water supply, sewerage and waste management";24;20;31;21;4
"Total sex";"2024";"Employees, not specified";"60-64 years";"F Construction";278;221;197;213;119
"Total sex";"2024";"Employees, not specified";"60-64 years";"G Wholesale and retail trade";1136;522;861;909;336
"Total sex";"2024";"Employees, not specified";"60-64 years";"H Transportation";425;139;204;214;68
"Total sex";"2024";"Employees, not specified";"60-64 years";"I Accommodation and food service activities";403;196;260;280;136
"Total sex";"2024";"Employees, not specified";"60-64 years";"JA Publishing, television and radio broadcasting";124;13;22;37;9
"Total sex";"2024";"Employees, not specified";"60-64 years";"JB Telecommunications";17;5;5;9;2
"Total sex";"2024";"Employees, not specified";"60-64 years";"JC IT and information service activities";236;51;70;81;23
"Total sex";"2024";"Employees, not specified";"60-64 years";"K Financial and insurance";360;81;169;185;94
"Total sex";"2024";"Employees, not specified";"60-64 years";"L Real estate activities";387;122;258;234;106
"Total sex";"2024";"Employees, not specified";"60-64 years";"MA Consultancy etc.";518;149;190;228;70
"Total sex";"2024";"Employees, not specified";"60-64 years";"MB Scientific research and development";14;4;6;8;1
"Total sex";"2024";"Employees, not specified";"60-64 years";"MC Advertising and other business services";175;55;83;88;18
"Total sex";"2024";"Employees, not specified";"60-64 years";"N Travel agent, cleaning, and other operationel services";420;222;270;267;115
"Total sex";"2024";"Employees, not specified";"60-64 years";"O Public administration, defence and compulsory social security";58;26;34;47;25
"Total sex";"2024";"Employees, not specified";"60-64 years";"P Education";100;69;77;57;44
"Total sex";"2024";"Employees, not specified";"60-64 years";"QA Human health activities";161;63;109;135;49
"Total sex";"2024";"Employees, not specified";"60-64 years";"QB Residential care";163;125;159;136;72
"Total sex";"2024";"Employees, not specified";"60-64 years";"R Arts, entertainment and recreation activities";165;92;150;170;87
"Total sex";"2024";"Employees, not specified";"60-64 years";"S Other service activities etc.";377;95;154;150;62
"Total sex";"2024";"Employees, not specified";"60-64 years";"X Activity not stated";0;0;0;0;0
"Total sex";"2024";"Employees, not specified";"65-66 years";"A Agriculture, forestry and fishing";16;58;125;110;80
"Total sex";"2024";"Employees, not specified";"65-66 years";"B Mining and quarrying";0;0;1;1;4
"Total sex";"2024";"Employees, not specified";"65-66 years";"CA Manufacture of food products, beverages and tobacco";5;4;11;8;3
"Total sex";"2024";"Employees, not specified";"65-66 years";"CB Textiles and leather products";1;1;0;6;3
"Total sex";"2024";"Employees, not specified";"65-66 years";"CC Wood and paper products and printing";7;2;8;9;2
"Total sex";"2024";"Employees, not specified";"65-66 years";"CD Oil refinery etc.";0;0;0;0;0
"Total sex";"2024";"Employees, not specified";"65-66 years";"CE Manufacture of chemicals";4;0;4;1;0
"Total sex";"2024";"Employees, not specified";"65-66 years";"CF Pharmaceuticals";4;0;0;0;0
"Total sex";"2024";"Employees, not specified";"65-66 years";"CG Manufacture of plastic, glass and concrete";8;4;3;5;7
"Total sex";"2024";"Employees, not specified";"65-66 years";"CH Basic metals and fabricated metal products";12;12;18;12;4
"Total sex";"2024";"Employees, not specified";"65-66 years";"CI Manufacture of electronic components";10;5;3;5;4
"Total sex";"2024";"Employees, not specified";"65-66 years";"CJ Electrical equipment";5;4;4;2;1
"Total sex";"2024";"Employees, not specified";"65-66 years";"CK Manufacture of machinery";5;4;9;8;2
"Total sex";"2024";"Employees, not specified";"65-66 years";"CL Transport equipment";1;0;1;2;4
"Total sex";"2024";"Employees, not specified";"65-66 years";"CM Manufacture of funiture and other manufacturing";11;11;17;12;11
"Total sex";"2024";"Employees, not specified";"65-66 years";"D Electricity, gas, steam and air conditioning supply";0;2;9;6;7
"Total sex";"2024";"Employees, not specified";"65-66 years";"E Water supply, sewerage and waste management";4;8;9;6;5
"Total sex";"2024";"Employees, not specified";"65-66 years";"F Construction";73;51;44;43;33
"Total sex";"2024";"Employees, not specified";"65-66 years";"G Wholesale and retail trade";273;153;205;245;98
"Total sex";"2024";"Employees, not specified";"65-66 years";"H Transportation";108;51;74;43;22
"Total sex";"2024";"Employees, not specified";"65-66 years";"I Accommodation and food service activities";94;49;60;73;44
"Total sex";"2024";"Employees, not specified";"65-66 years";"JA Publishing, television and radio broadcasting";31;2;6;7;3
"Total sex";"2024";"Employees, not specified";"65-66 years";"JB Telecommunications";2;2;2;0;2
"Total sex";"2024";"Employees, not specified";"65-66 years";"JC IT and information service activities";75;16;14;22;6
"Total sex";"2024";"Employees, not specified";"65-66 years";"K Financial and insurance";103;40;54;77;27
"Total sex";"2024";"Employees, not specified";"65-66 years";"L Real estate activities";125;37;97;93;29
"Total sex";"2024";"Employees, not specified";"65-66 years";"MA Consultancy etc.";152;42;67;69;24
"Total sex";"2024";"Employees, not specified";"65-66 years";"MB Scientific research and development";9;1;1;1;0
"Total sex";"2024";"Employees, not specified";"65-66 years";"MC Advertising and other business services";47;17;15;25;2
"Total sex";"2024";"Employees, not specified";"65-66 years";"N Travel agent, cleaning, and other operationel services";137;75;72;68;22
"Total sex";"2024";"Employees, not specified";"65-66 years";"O Public administration, defence and compulsory social security";29;5;21;20;7
"Total sex";"2024";"Employees, not specified";"65-66 years";"P Education";39;11;16;23;13
"Total sex";"2024";"Employees, not specified";"65-66 years";"QA Human health activities";58;23;32;24;7
"Total sex";"2024";"Employees, not specified";"65-66 years";"QB Residential care";51;35;41;34;17
"Total sex";"2024";"Employees, not specified";"65-66 years";"R Arts, entertainment and recreation activities";53;27;37;36;25
"Total sex";"2024";"Employees, not specified";"65-66 years";"S Other service activities etc.";110;28;50;50;17
"Total sex";"2024";"Employees, not specified";"65-66 years";"X Activity not stated";0;0;0;0;0
"Total sex";"2024";"Employees, not specified";"67 years and over";"A Agriculture, forestry and fishing";67;181;318;361;157
"Total sex";"2024";"Employees, not specified";"67 years and over";"B Mining and quarrying";2;2;2;3;7
"Total sex";"2024";"Employees, not specified";"67 years and over";"CA Manufacture of food products, beverages and tobacco";25;15;48;49;22
"Total sex";"2024";"Employees, not specified";"67 years and over";"CB Textiles and leather products";10;4;11;24;4
"Total sex";"2024";"Employees, not specified";"67 years and over";"CC Wood and paper products and printing";29;12;21;29;6
"Total sex";"2024";"Employees, not specified";"67 years and over";"CD Oil refinery etc.";0;0;0;0;0
"Total sex";"2024";"Employees, not specified";"67 years and over";"CE Manufacture of chemicals";8;6;8;5;3
"Total sex";"2024";"Employees, not specified";"67 years and over";"CF Pharmaceuticals";15;1;0;0;1
"Total sex";"2024";"Employees, not specified";"67 years and over";"CG Manufacture of plastic, glass and concrete";21;18;13;28;18
"Total sex";"2024";"Employees, not specified";"67 years and over";"CH Basic metals and fabricated metal products";30;32;56;50;21
"Total sex";"2024";"Employees, not specified";"67 years and over";"CI Manufacture of electronic components";24;9;5;11;3
"Total sex";"2024";"Employees, not specified";"67 years and over";"CJ Electrical equipment";8;5;8;14;5
"Total sex";"2024";"Employees, not specified";"67 years and over";"CK Manufacture of machinery";26;22;40;33;11
"Total sex";"2024";"Employees, not specified";"67 years and over";"CL Transport equipment";6;2;4;10;1
"Total sex";"2024";"Employees, not specified";"67 years and over";"CM Manufacture of funiture and other manufacturing";48;38;69;50;22
"Total sex";"2024";"Employees, not specified";"67 years and over";"D Electricity, gas, steam and air conditioning supply";20;25;38;72;46
"Total sex";"2024";"Employees, not specified";"67 years and over";"E Water supply, sewerage and waste management";37;128;141;107;46
"Total sex";"2024";"Employees, not specified";"67 years and over";"F Construction";139;140;142;142;72
"Total sex";"2024";"Employees, not specified";"67 years and over";"G Wholesale and retail trade";843;475;712;819;302
"Total sex";"2024";"Employees, not specified";"67 years and over";"H Transportation";278;181;263;262;85
"Total sex";"2024";"Employees, not specified";"67 years and over";"I Accommodation and food service activities";240;110;177;168;104
"Total sex";"2024";"Employees, not specified";"67 years and over";"JA Publishing, television and radio broadcasting";199;19;21;27;12
"Total sex";"2024";"Employees, not specified";"67 years and over";"JB Telecommunications";7;1;2;3;1
"Total sex";"2024";"Employees, not specified";"67 years and over";"JC IT and information service activities";164;52;52;64;18
"Total sex";"2024";"Employees, not specified";"67 years and over";"K Financial and insurance";674;256;545;603;268
"Total sex";"2024";"Employees, not specified";"67 years and over";"L Real estate activities";812;296;432;575;217
"Total sex";"2024";"Employees, not specified";"67 years and over";"MA Consultancy etc.";629;188;266;265;108
"Total sex";"2024";"Employees, not specified";"67 years and over";"MB Scientific research and development";27;6;7;11;0
"Total sex";"2024";"Employees, not specified";"67 years and over";"MC Advertising and other business services";130;57;63;63;19
"Total sex";"2024";"Employees, not specified";"67 years and over";"N Travel agent, cleaning, and other operationel services";332;173;180;243;78
"Total sex";"2024";"Employees, not specified";"67 years and over";"O Public administration, defence and compulsory social security";293;140;204;207;67
"Total sex";"2024";"Employees, not specified";"67 years and over";"P Education";156;106;89;130;48
"Total sex";"2024";"Employees, not specified";"67 years and over";"QA Human health activities";202;59;117;82;49
"Total sex";"2024";"Employees, not specified";"67 years and over";"QB Residential care";220;69;139;121;63
"Total sex";"2024";"Employees, not specified";"67 years and over";"R Arts, entertainment and recreation activities";236;103;146;171;90
"Total sex";"2024";"Employees, not specified";"67 years and over";"S Other service activities etc.";408;144;246;226;90
"Total sex";"2024";"Employees, not specified";"67 years and over";"X Activity not stated";0;0;0;0;0
