"Total sex";"2022";"Self-employed";"Under 16 years";"A Agriculture, forestry and fishing";0;0;0;0;0
"Total sex";"2022";"Self-employed";"Under 16 years";"B Mining and quarrying";0;0;0;0;0
"Total sex";"2022";"Self-employed";"Under 16 years";"CA Manufacture of food products, beverages and tobacco";0;0;0;0;0
"Total sex";"2022";"Self-employed";"Under 16 years";"CB Textiles and leather products";0;0;0;0;0
"Total sex";"2022";"Self-employed";"Under 16 years";"CC Wood and paper products and printing";0;0;0;0;0
"Total sex";"2022";"Self-employed";"Under 16 years";"CD Oil refinery etc.";0;0;0;0;0
"Total sex";"2022";"Self-employed";"Under 16 years";"CE Manufacture of chemicals";0;0;0;0;0
"Total sex";"2022";"Self-employed";"Under 16 years";"CF Pharmaceuticals";0;0;0;0;0
"Total sex";"2022";"Self-employed";"Under 16 years";"CG Manufacture of plastic, glass and concrete";0;0;0;0;0
"Total sex";"2022";"Self-employed";"Under 16 years";"CH Basic metals and fabricated metal products";0;0;0;0;0
"Total sex";"2022";"Self-employed";"Under 16 years";"CI Manufacture of electronic components";0;0;0;0;0
"Total sex";"2022";"Self-employed";"Under 16 years";"CJ Electrical equipment";0;0;0;0;0
"Total sex";"2022";"Self-employed";"Under 16 years";"CK Manufacture of machinery";0;0;0;0;0
"Total sex";"2022";"Self-employed";"Under 16 years";"CL Transport equipment";0;0;0;0;0
"Total sex";"2022";"Self-employed";"Under 16 years";"CM Manufacture of funiture and other manufacturing";0;0;0;0;0
"Total sex";"2022";"Self-employed";"Under 16 years";"D Electricity, gas, steam and air conditioning supply";0;0;0;0;0
"Total sex";"2022";"Self-employed";"Under 16 years";"E Water supply, sewerage and waste management";0;0;0;0;0
"Total sex";"2022";"Self-employed";"Under 16 years";"F Construction";0;0;0;0;0
"Total sex";"2022";"Self-employed";"Under 16 years";"G Wholesale and retail trade";0;0;0;0;0
"Total sex";"2022";"Self-employed";"Under 16 years";"H Transportation";0;0;0;0;0
"Total sex";"2022";"Self-employed";"Under 16 years";"I Accommodation and food service activities";0;0;0;0;0
"Total sex";"2022";"Self-employed";"Under 16 years";"JA Publishing, television and radio broadcasting";0;0;0;0;0
"Total sex";"2022";"Self-employed";"Under 16 years";"JB Telecommunications";0;0;0;0;0
"Total sex";"2022";"Self-employed";"Under 16 years";"JC IT and information service activities";0;0;0;0;0
"Total sex";"2022";"Self-employed";"Under 16 years";"K Financial and insurance";0;0;0;0;0
"Total sex";"2022";"Self-employed";"Under 16 years";"L Real estate activities";0;0;0;0;0
"Total sex";"2022";"Self-employed";"Under 16 years";"MA Consultancy etc.";0;0;0;0;0
"Total sex";"2022";"Self-employed";"Under 16 years";"MB Scientific research and development";0;0;0;0;0
"Total sex";"2022";"Self-employed";"Under 16 years";"MC Advertising and other business services";0;0;0;0;0
"Total sex";"2022";"Self-employed";"Under 16 years";"N Travel agent, cleaning, and other operationel services";0;0;0;0;0
"Total sex";"2022";"Self-employed";"Under 16 years";"O Public administration, defence and compulsory social security";0;0;0;0;0
"Total sex";"2022";"Self-employed";"Under 16 years";"P Education";0;0;0;0;0
"Total sex";"2022";"Self-employed";"Under 16 years";"QA Human health activities";0;0;0;0;0
"Total sex";"2022";"Self-employed";"Under 16 years";"QB Residential care";0;0;0;0;0
"Total sex";"2022";"Self-employed";"Under 16 years";"R Arts, entertainment and recreation activities";0;0;0;0;0
"Total sex";"2022";"Self-employed";"Under 16 years";"S Other service activities etc.";0;0;0;0;0
"Total sex";"2022";"Self-employed";"Under 16 years";"X Activity not stated";5;0;0;0;0
"Total sex";"2022";"Self-employed";"16-19 years";"A Agriculture, forestry and fishing";1;2;7;6;0
"Total sex";"2022";"Self-employed";"16-19 years";"B Mining and quarrying";0;0;0;0;0
"Total sex";"2022";"Self-employed";"16-19 years";"CA Manufacture of food products, beverages and tobacco";0;0;0;1;0
"Total sex";"2022";"Self-employed";"16-19 years";"CB Textiles and leather products";0;2;0;0;0
"Total sex";"2022";"Self-employed";"16-19 years";"CC Wood and paper products and printing";0;0;1;0;0
"Total sex";"2022";"Self-employed";"16-19 years";"CD Oil refinery etc.";0;0;0;0;0
"Total sex";"2022";"Self-employed";"16-19 years";"CE Manufacture of chemicals";0;0;0;0;0
"Total sex";"2022";"Self-employed";"16-19 years";"CF Pharmaceuticals";0;0;0;0;0
"Total sex";"2022";"Self-employed";"16-19 years";"CG Manufacture of plastic, glass and concrete";0;0;0;0;0
"Total sex";"2022";"Self-employed";"16-19 years";"CH Basic metals and fabricated metal products";0;0;0;0;0
"Total sex";"2022";"Self-employed";"16-19 years";"CI Manufacture of electronic components";0;0;0;0;0
"Total sex";"2022";"Self-employed";"16-19 years";"CJ Electrical equipment";0;0;0;0;0
"Total sex";"2022";"Self-employed";"16-19 years";"CK Manufacture of machinery";1;0;0;0;0
"Total sex";"2022";"Self-employed";"16-19 years";"CL Transport equipment";0;0;0;0;0
"Total sex";"2022";"Self-employed";"16-19 years";"CM Manufacture of funiture and other manufacturing";0;3;3;0;1
"Total sex";"2022";"Self-employed";"16-19 years";"D Electricity, gas, steam and air conditioning supply";0;0;0;0;0
"Total sex";"2022";"Self-employed";"16-19 years";"E Water supply, sewerage and waste management";0;0;0;0;0
"Total sex";"2022";"Self-employed";"16-19 years";"F Construction";7;2;2;2;1
"Total sex";"2022";"Self-employed";"16-19 years";"G Wholesale and retail trade";12;10;12;23;7
"Total sex";"2022";"Self-employed";"16-19 years";"H Transportation";11;3;4;5;4
"Total sex";"2022";"Self-employed";"16-19 years";"I Accommodation and food service activities";5;0;6;10;2
"Total sex";"2022";"Self-employed";"16-19 years";"JA Publishing, television and radio broadcasting";8;11;3;3;3
"Total sex";"2022";"Self-employed";"16-19 years";"JB Telecommunications";0;0;0;0;0
"Total sex";"2022";"Self-employed";"16-19 years";"JC IT and information service activities";8;2;0;3;1
"Total sex";"2022";"Self-employed";"16-19 years";"K Financial and insurance";0;0;0;0;0
"Total sex";"2022";"Self-employed";"16-19 years";"L Real estate activities";0;0;0;0;0
"Total sex";"2022";"Self-employed";"16-19 years";"MA Consultancy etc.";0;0;0;1;0
"Total sex";"2022";"Self-employed";"16-19 years";"MB Scientific research and development";0;0;0;0;0
"Total sex";"2022";"Self-employed";"16-19 years";"MC Advertising and other business services";31;9;24;25;4
"Total sex";"2022";"Self-employed";"16-19 years";"N Travel agent, cleaning, and other operationel services";17;8;10;17;3
"Total sex";"2022";"Self-employed";"16-19 years";"O Public administration, defence and compulsory social security";0;0;0;0;0
"Total sex";"2022";"Self-employed";"16-19 years";"P Education";1;1;1;2;0
"Total sex";"2022";"Self-employed";"16-19 years";"QA Human health activities";0;0;0;0;0
"Total sex";"2022";"Self-employed";"16-19 years";"QB Residential care";0;0;0;0;0
"Total sex";"2022";"Self-employed";"16-19 years";"R Arts, entertainment and recreation activities";3;2;2;1;0
"Total sex";"2022";"Self-employed";"16-19 years";"S Other service activities etc.";10;6;9;8;4
"Total sex";"2022";"Self-employed";"16-19 years";"X Activity not stated";4;0;1;1;2
"Total sex";"2022";"Self-employed";"20-24 years";"A Agriculture, forestry and fishing";14;31;51;53;48
"Total sex";"2022";"Self-employed";"20-24 years";"B Mining and quarrying";0;0;0;0;0
"Total sex";"2022";"Self-employed";"20-24 years";"CA Manufacture of food products, beverages and tobacco";9;4;2;8;2
"Total sex";"2022";"Self-employed";"20-24 years";"CB Textiles and leather products";16;3;5;0;2
"Total sex";"2022";"Self-employed";"20-24 years";"CC Wood and paper products and printing";1;1;3;3;0
"Total sex";"2022";"Self-employed";"20-24 years";"CD Oil refinery etc.";0;0;0;0;0
"Total sex";"2022";"Self-employed";"20-24 years";"CE Manufacture of chemicals";1;0;0;0;0
"Total sex";"2022";"Self-employed";"20-24 years";"CF Pharmaceuticals";0;0;0;0;0
"Total sex";"2022";"Self-employed";"20-24 years";"CG Manufacture of plastic, glass and concrete";1;1;1;3;0
"Total sex";"2022";"Self-employed";"20-24 years";"CH Basic metals and fabricated metal products";4;2;2;6;3
"Total sex";"2022";"Self-employed";"20-24 years";"CI Manufacture of electronic components";1;0;0;0;1
"Total sex";"2022";"Self-employed";"20-24 years";"CJ Electrical equipment";1;0;1;0;2
"Total sex";"2022";"Self-employed";"20-24 years";"CK Manufacture of machinery";0;0;0;1;1
"Total sex";"2022";"Self-employed";"20-24 years";"CL Transport equipment";1;1;0;0;0
"Total sex";"2022";"Self-employed";"20-24 years";"CM Manufacture of funiture and other manufacturing";14;14;12;17;8
"Total sex";"2022";"Self-employed";"20-24 years";"D Electricity, gas, steam and air conditioning supply";0;0;0;0;0
"Total sex";"2022";"Self-employed";"20-24 years";"E Water supply, sewerage and waste management";1;1;0;0;1
"Total sex";"2022";"Self-employed";"20-24 years";"F Construction";155;98;66;83;44
"Total sex";"2022";"Self-employed";"20-24 years";"G Wholesale and retail trade";162;63;120;149;47
"Total sex";"2022";"Self-employed";"20-24 years";"H Transportation";164;28;54;75;42
"Total sex";"2022";"Self-employed";"20-24 years";"I Accommodation and food service activities";52;11;44;62;13
"Total sex";"2022";"Self-employed";"20-24 years";"JA Publishing, television and radio broadcasting";146;23;22;46;20
"Total sex";"2022";"Self-employed";"20-24 years";"JB Telecommunications";0;0;0;0;0
"Total sex";"2022";"Self-employed";"20-24 years";"JC IT and information service activities";64;11;27;44;20
"Total sex";"2022";"Self-employed";"20-24 years";"K Financial and insurance";31;3;0;10;0
"Total sex";"2022";"Self-employed";"20-24 years";"L Real estate activities";10;7;2;4;3
"Total sex";"2022";"Self-employed";"20-24 years";"MA Consultancy etc.";42;5;7;11;7
"Total sex";"2022";"Self-employed";"20-24 years";"MB Scientific research and development";1;0;0;0;0
"Total sex";"2022";"Self-employed";"20-24 years";"MC Advertising and other business services";203;60;97;143;47
"Total sex";"2022";"Self-employed";"20-24 years";"N Travel agent, cleaning, and other operationel services";174;90;93;105;42
"Total sex";"2022";"Self-employed";"20-24 years";"O Public administration, defence and compulsory social security";0;0;0;0;0
"Total sex";"2022";"Self-employed";"20-24 years";"P Education";25;7;14;19;7
"Total sex";"2022";"Self-employed";"20-24 years";"QA Human health activities";13;3;8;8;5
"Total sex";"2022";"Self-employed";"20-24 years";"QB Residential care";1;3;0;0;0
"Total sex";"2022";"Self-employed";"20-24 years";"R Arts, entertainment and recreation activities";107;24;39;57;20
"Total sex";"2022";"Self-employed";"20-24 years";"S Other service activities etc.";163;64;84;75;34
"Total sex";"2022";"Self-employed";"20-24 years";"X Activity not stated";17;1;3;3;1
"Total sex";"2022";"Self-employed";"25-29 years";"A Agriculture, forestry and fishing";40;72;166;119;86
"Total sex";"2022";"Self-employed";"25-29 years";"B Mining and quarrying";0;0;0;0;0
"Total sex";"2022";"Self-employed";"25-29 years";"CA Manufacture of food products, beverages and tobacco";13;1;5;13;3
"Total sex";"2022";"Self-employed";"25-29 years";"CB Textiles and leather products";21;4;3;6;1
"Total sex";"2022";"Self-employed";"25-29 years";"CC Wood and paper products and printing";2;2;1;2;1
"Total sex";"2022";"Self-employed";"25-29 years";"CD Oil refinery etc.";0;0;0;0;0
"Total sex";"2022";"Self-employed";"25-29 years";"CE Manufacture of chemicals";1;0;1;0;0
"Total sex";"2022";"Self-employed";"25-29 years";"CF Pharmaceuticals";0;0;0;0;0
"Total sex";"2022";"Self-employed";"25-29 years";"CG Manufacture of plastic, glass and concrete";4;0;4;2;2
"Total sex";"2022";"Self-employed";"25-29 years";"CH Basic metals and fabricated metal products";6;8;14;12;7
"Total sex";"2022";"Self-employed";"25-29 years";"CI Manufacture of electronic components";0;0;0;0;0
"Total sex";"2022";"Self-employed";"25-29 years";"CJ Electrical equipment";3;0;0;0;0
"Total sex";"2022";"Self-employed";"25-29 years";"CK Manufacture of machinery";2;3;1;2;4
"Total sex";"2022";"Self-employed";"25-29 years";"CL Transport equipment";1;0;1;1;0
"Total sex";"2022";"Self-employed";"25-29 years";"CM Manufacture of funiture and other manufacturing";43;14;29;27;20
"Total sex";"2022";"Self-employed";"25-29 years";"D Electricity, gas, steam and air conditioning supply";0;0;1;1;0
"Total sex";"2022";"Self-employed";"25-29 years";"E Water supply, sewerage and waste management";3;1;3;0;0
"Total sex";"2022";"Self-employed";"25-29 years";"F Construction";326;259;181;229;122
"Total sex";"2022";"Self-employed";"25-29 years";"G Wholesale and retail trade";215;95;153;177;84
"Total sex";"2022";"Self-employed";"25-29 years";"H Transportation";305;47;86;95;59
"Total sex";"2022";"Self-employed";"25-29 years";"I Accommodation and food service activities";96;42;71;99;31
"Total sex";"2022";"Self-employed";"25-29 years";"JA Publishing, television and radio broadcasting";261;17;41;78;18
"Total sex";"2022";"Self-employed";"25-29 years";"JB Telecommunications";1;1;0;1;0
"Total sex";"2022";"Self-employed";"25-29 years";"JC IT and information service activities";116;26;29;58;19
"Total sex";"2022";"Self-employed";"25-29 years";"K Financial and insurance";54;4;2;13;2
"Total sex";"2022";"Self-employed";"25-29 years";"L Real estate activities";15;7;6;14;6
"Total sex";"2022";"Self-employed";"25-29 years";"MA Consultancy etc.";153;16;32;45;18
"Total sex";"2022";"Self-employed";"25-29 years";"MB Scientific research and development";3;0;1;1;1
"Total sex";"2022";"Self-employed";"25-29 years";"MC Advertising and other business services";435;52;103;148;45
"Total sex";"2022";"Self-employed";"25-29 years";"N Travel agent, cleaning, and other operationel services";297;138;146;129;72
"Total sex";"2022";"Self-employed";"25-29 years";"O Public administration, defence and compulsory social security";0;0;0;0;0
"Total sex";"2022";"Self-employed";"25-29 years";"P Education";134;25;22;63;21
"Total sex";"2022";"Self-employed";"25-29 years";"QA Human health activities";225;52;96;96;46
"Total sex";"2022";"Self-employed";"25-29 years";"QB Residential care";9;4;3;2;2
"Total sex";"2022";"Self-employed";"25-29 years";"R Arts, entertainment and recreation activities";340;34;60;112;34
"Total sex";"2022";"Self-employed";"25-29 years";"S Other service activities etc.";398;130;172;195;89
"Total sex";"2022";"Self-employed";"25-29 years";"X Activity not stated";34;4;9;11;6
"Total sex";"2022";"Self-employed";"30-34 years";"A Agriculture, forestry and fishing";40;101;204;161;135
"Total sex";"2022";"Self-employed";"30-34 years";"B Mining and quarrying";1;0;0;0;0
"Total sex";"2022";"Self-employed";"30-34 years";"CA Manufacture of food products, beverages and tobacco";20;5;9;13;5
"Total sex";"2022";"Self-employed";"30-34 years";"CB Textiles and leather products";27;4;8;8;1
"Total sex";"2022";"Self-employed";"30-34 years";"CC Wood and paper products and printing";7;6;7;3;2
"Total sex";"2022";"Self-employed";"30-34 years";"CD Oil refinery etc.";0;0;0;0;0
"Total sex";"2022";"Self-employed";"30-34 years";"CE Manufacture of chemicals";0;0;0;0;0
"Total sex";"2022";"Self-employed";"30-34 years";"CF Pharmaceuticals";0;0;0;0;0
"Total sex";"2022";"Self-employed";"30-34 years";"CG Manufacture of plastic, glass and concrete";9;2;4;6;1
"Total sex";"2022";"Self-employed";"30-34 years";"CH Basic metals and fabricated metal products";12;13;14;19;11
"Total sex";"2022";"Self-employed";"30-34 years";"CI Manufacture of electronic components";0;0;0;2;0
"Total sex";"2022";"Self-employed";"30-34 years";"CJ Electrical equipment";2;0;1;0;0
"Total sex";"2022";"Self-employed";"30-34 years";"CK Manufacture of machinery";2;4;6;7;4
"Total sex";"2022";"Self-employed";"30-34 years";"CL Transport equipment";1;1;1;1;0
"Total sex";"2022";"Self-employed";"30-34 years";"CM Manufacture of funiture and other manufacturing";63;33;45;52;30
"Total sex";"2022";"Self-employed";"30-34 years";"D Electricity, gas, steam and air conditioning supply";0;0;0;0;2
"Total sex";"2022";"Self-employed";"30-34 years";"E Water supply, sewerage and waste management";5;4;3;0;0
"Total sex";"2022";"Self-employed";"30-34 years";"F Construction";522;421;284;295;148
"Total sex";"2022";"Self-employed";"30-34 years";"G Wholesale and retail trade";289;121;195;217;95
"Total sex";"2022";"Self-employed";"30-34 years";"H Transportation";327;45;67;104;88
"Total sex";"2022";"Self-employed";"30-34 years";"I Accommodation and food service activities";160;67;132;137;51
"Total sex";"2022";"Self-employed";"30-34 years";"JA Publishing, television and radio broadcasting";336;36;38;71;22
"Total sex";"2022";"Self-employed";"30-34 years";"JB Telecommunications";1;1;1;1;0
"Total sex";"2022";"Self-employed";"30-34 years";"JC IT and information service activities";211;37;47;70;23
"Total sex";"2022";"Self-employed";"30-34 years";"K Financial and insurance";19;7;3;7;2
"Total sex";"2022";"Self-employed";"30-34 years";"L Real estate activities";26;21;21;37;14
"Total sex";"2022";"Self-employed";"30-34 years";"MA Consultancy etc.";239;34;63;88;32
"Total sex";"2022";"Self-employed";"30-34 years";"MB Scientific research and development";5;2;1;2;1
"Total sex";"2022";"Self-employed";"30-34 years";"MC Advertising and other business services";507;96;121;169;60
"Total sex";"2022";"Self-employed";"30-34 years";"N Travel agent, cleaning, and other operationel services";354;166;176;214;89
"Total sex";"2022";"Self-employed";"30-34 years";"O Public administration, defence and compulsory social security";0;0;0;0;0
"Total sex";"2022";"Self-employed";"30-34 years";"P Education";210;51;43;106;19
"Total sex";"2022";"Self-employed";"30-34 years";"QA Human health activities";333;111;178;210;55
"Total sex";"2022";"Self-employed";"30-34 years";"QB Residential care";14;7;6;4;6
"Total sex";"2022";"Self-employed";"30-34 years";"R Arts, entertainment and recreation activities";452;48;67;124;34
"Total sex";"2022";"Self-employed";"30-34 years";"S Other service activities etc.";535;215;284;276;114
"Total sex";"2022";"Self-employed";"30-34 years";"X Activity not stated";46;10;10;21;8
"Total sex";"2022";"Self-employed";"35-39 years";"A Agriculture, forestry and fishing";43;139;252;221;145
"Total sex";"2022";"Self-employed";"35-39 years";"B Mining and quarrying";1;0;0;0;0
"Total sex";"2022";"Self-employed";"35-39 years";"CA Manufacture of food products, beverages and tobacco";25;9;7;8;3
"Total sex";"2022";"Self-employed";"35-39 years";"CB Textiles and leather products";34;8;15;10;2
"Total sex";"2022";"Self-employed";"35-39 years";"CC Wood and paper products and printing";8;3;2;4;2
"Total sex";"2022";"Self-employed";"35-39 years";"CD Oil refinery etc.";0;0;0;0;0
"Total sex";"2022";"Self-employed";"35-39 years";"CE Manufacture of chemicals";1;1;1;0;0
"Total sex";"2022";"Self-employed";"35-39 years";"CF Pharmaceuticals";0;0;0;0;0
"Total sex";"2022";"Self-employed";"35-39 years";"CG Manufacture of plastic, glass and concrete";9;0;5;5;3
"Total sex";"2022";"Self-employed";"35-39 years";"CH Basic metals and fabricated metal products";6;15;14;20;10
"Total sex";"2022";"Self-employed";"35-39 years";"CI Manufacture of electronic components";2;0;2;0;0
"Total sex";"2022";"Self-employed";"35-39 years";"CJ Electrical equipment";0;1;1;0;1
"Total sex";"2022";"Self-employed";"35-39 years";"CK Manufacture of machinery";2;10;3;2;4
"Total sex";"2022";"Self-employed";"35-39 years";"CL Transport equipment";2;1;1;1;1
"Total sex";"2022";"Self-employed";"35-39 years";"CM Manufacture of funiture and other manufacturing";74;36;48;52;21
"Total sex";"2022";"Self-employed";"35-39 years";"D Electricity, gas, steam and air conditioning supply";0;0;0;2;2
"Total sex";"2022";"Self-employed";"35-39 years";"E Water supply, sewerage and waste management";1;0;3;1;0
"Total sex";"2022";"Self-employed";"35-39 years";"F Construction";525;373;309;318;170
"Total sex";"2022";"Self-employed";"35-39 years";"G Wholesale and retail trade";328;162;209;245;111
"Total sex";"2022";"Self-employed";"35-39 years";"H Transportation";269;70;84;93;64
"Total sex";"2022";"Self-employed";"35-39 years";"I Accommodation and food service activities";197;92;148;152;64
"Total sex";"2022";"Self-employed";"35-39 years";"JA Publishing, television and radio broadcasting";290;27;28;50;14
"Total sex";"2022";"Self-employed";"35-39 years";"JB Telecommunications";2;1;0;2;0
"Total sex";"2022";"Self-employed";"35-39 years";"JC IT and information service activities";226;37;48;71;22
"Total sex";"2022";"Self-employed";"35-39 years";"K Financial and insurance";20;7;5;10;5
"Total sex";"2022";"Self-employed";"35-39 years";"L Real estate activities";31;23;35;52;16
"Total sex";"2022";"Self-employed";"35-39 years";"MA Consultancy etc.";361;74;99;135;47
"Total sex";"2022";"Self-employed";"35-39 years";"MB Scientific research and development";9;2;1;1;0
"Total sex";"2022";"Self-employed";"35-39 years";"MC Advertising and other business services";515;68;155;194;49
"Total sex";"2022";"Self-employed";"35-39 years";"N Travel agent, cleaning, and other operationel services";425;173;202;191;105
"Total sex";"2022";"Self-employed";"35-39 years";"O Public administration, defence and compulsory social security";1;1;0;0;0
"Total sex";"2022";"Self-employed";"35-39 years";"P Education";238;66;68;102;35
"Total sex";"2022";"Self-employed";"35-39 years";"QA Human health activities";424;151;247;292;115
"Total sex";"2022";"Self-employed";"35-39 years";"QB Residential care";25;9;6;3;4
"Total sex";"2022";"Self-employed";"35-39 years";"R Arts, entertainment and recreation activities";406;68;65;99;26
"Total sex";"2022";"Self-employed";"35-39 years";"S Other service activities etc.";507;214;318;303;132
"Total sex";"2022";"Self-employed";"35-39 years";"X Activity not stated";102;14;29;26;16
"Total sex";"2022";"Self-employed";"40-44 years";"A Agriculture, forestry and fishing";66;177;351;295;204
"Total sex";"2022";"Self-employed";"40-44 years";"B Mining and quarrying";0;0;0;0;0
"Total sex";"2022";"Self-employed";"40-44 years";"CA Manufacture of food products, beverages and tobacco";21;11;17;8;11
"Total sex";"2022";"Self-employed";"40-44 years";"CB Textiles and leather products";28;8;19;16;4
"Total sex";"2022";"Self-employed";"40-44 years";"CC Wood and paper products and printing";7;4;9;8;5
"Total sex";"2022";"Self-employed";"40-44 years";"CD Oil refinery etc.";0;0;0;0;0
"Total sex";"2022";"Self-employed";"40-44 years";"CE Manufacture of chemicals";2;0;2;4;0
"Total sex";"2022";"Self-employed";"40-44 years";"CF Pharmaceuticals";0;0;0;0;0
"Total sex";"2022";"Self-employed";"40-44 years";"CG Manufacture of plastic, glass and concrete";8;4;7;10;3
"Total sex";"2022";"Self-employed";"40-44 years";"CH Basic metals and fabricated metal products";10;14;27;23;12
"Total sex";"2022";"Self-employed";"40-44 years";"CI Manufacture of electronic components";1;0;1;2;0
"Total sex";"2022";"Self-employed";"40-44 years";"CJ Electrical equipment";2;0;0;0;1
"Total sex";"2022";"Self-employed";"40-44 years";"CK Manufacture of machinery";6;3;9;8;1
"Total sex";"2022";"Self-employed";"40-44 years";"CL Transport equipment";2;2;0;2;1
"Total sex";"2022";"Self-employed";"40-44 years";"CM Manufacture of funiture and other manufacturing";99;39;49;52;27
"Total sex";"2022";"Self-employed";"40-44 years";"D Electricity, gas, steam and air conditioning supply";0;0;1;1;3
"Total sex";"2022";"Self-employed";"40-44 years";"E Water supply, sewerage and waste management";1;1;1;4;0
"Total sex";"2022";"Self-employed";"40-44 years";"F Construction";580;427;362;337;182
"Total sex";"2022";"Self-employed";"40-44 years";"G Wholesale and retail trade";440;214;317;343;202
"Total sex";"2022";"Self-employed";"40-44 years";"H Transportation";221;60;69;72;39
"Total sex";"2022";"Self-employed";"40-44 years";"I Accommodation and food service activities";240;103;161;170;87
"Total sex";"2022";"Self-employed";"40-44 years";"JA Publishing, television and radio broadcasting";290;22;31;52;13
"Total sex";"2022";"Self-employed";"40-44 years";"JB Telecommunications";1;0;3;1;0
"Total sex";"2022";"Self-employed";"40-44 years";"JC IT and information service activities";298;76;69;117;31
"Total sex";"2022";"Self-employed";"40-44 years";"K Financial and insurance";19;5;10;16;4
"Total sex";"2022";"Self-employed";"40-44 years";"L Real estate activities";57;33;68;77;27
"Total sex";"2022";"Self-employed";"40-44 years";"MA Consultancy etc.";571;113;132;245;60
"Total sex";"2022";"Self-employed";"40-44 years";"MB Scientific research and development";14;6;2;0;0
"Total sex";"2022";"Self-employed";"40-44 years";"MC Advertising and other business services";587;108;155;254;50
"Total sex";"2022";"Self-employed";"40-44 years";"N Travel agent, cleaning, and other operationel services";394;199;230;236;113
"Total sex";"2022";"Self-employed";"40-44 years";"O Public administration, defence and compulsory social security";1;1;0;0;0
"Total sex";"2022";"Self-employed";"40-44 years";"P Education";288;87;106;113;23
"Total sex";"2022";"Self-employed";"40-44 years";"QA Human health activities";734;223;373;531;200
"Total sex";"2022";"Self-employed";"40-44 years";"QB Residential care";32;21;13;9;11
"Total sex";"2022";"Self-employed";"40-44 years";"R Arts, entertainment and recreation activities";395;81;77;96;23
"Total sex";"2022";"Self-employed";"40-44 years";"S Other service activities etc.";584;219;356;334;142
"Total sex";"2022";"Self-employed";"40-44 years";"X Activity not stated";163;40;44;65;24
"Total sex";"2022";"Self-employed";"45-49 years";"A Agriculture, forestry and fishing";90;260;447;453;274
"Total sex";"2022";"Self-employed";"45-49 years";"B Mining and quarrying";1;0;1;0;0
"Total sex";"2022";"Self-employed";"45-49 years";"CA Manufacture of food products, beverages and tobacco";25;16;15;15;7
"Total sex";"2022";"Self-employed";"45-49 years";"CB Textiles and leather products";38;10;20;11;7
"Total sex";"2022";"Self-employed";"45-49 years";"CC Wood and paper products and printing";18;8;10;13;1
"Total sex";"2022";"Self-employed";"45-49 years";"CD Oil refinery etc.";0;0;0;0;0
"Total sex";"2022";"Self-employed";"45-49 years";"CE Manufacture of chemicals";3;0;1;1;2
"Total sex";"2022";"Self-employed";"45-49 years";"CF Pharmaceuticals";1;1;0;0;1
"Total sex";"2022";"Self-employed";"45-49 years";"CG Manufacture of plastic, glass and concrete";17;5;7;9;7
"Total sex";"2022";"Self-employed";"45-49 years";"CH Basic metals and fabricated metal products";10;26;29;30;14
"Total sex";"2022";"Self-employed";"45-49 years";"CI Manufacture of electronic components";2;1;2;1;0
"Total sex";"2022";"Self-employed";"45-49 years";"CJ Electrical equipment";2;1;2;1;0
"Total sex";"2022";"Self-employed";"45-49 years";"CK Manufacture of machinery";1;6;8;11;7
"Total sex";"2022";"Self-employed";"45-49 years";"CL Transport equipment";1;2;2;2;1
"Total sex";"2022";"Self-employed";"45-49 years";"CM Manufacture of funiture and other manufacturing";92;49;75;65;45
"Total sex";"2022";"Self-employed";"45-49 years";"D Electricity, gas, steam and air conditioning supply";0;1;2;12;9
"Total sex";"2022";"Self-employed";"45-49 years";"E Water supply, sewerage and waste management";3;4;6;6;2
"Total sex";"2022";"Self-employed";"45-49 years";"F Construction";547;458;388;360;195
"Total sex";"2022";"Self-employed";"45-49 years";"G Wholesale and retail trade";600;323;451;509;243
"Total sex";"2022";"Self-employed";"45-49 years";"H Transportation";241;62;94;121;54
"Total sex";"2022";"Self-employed";"45-49 years";"I Accommodation and food service activities";296;145;226;207;93
"Total sex";"2022";"Self-employed";"45-49 years";"JA Publishing, television and radio broadcasting";269;26;39;50;15
"Total sex";"2022";"Self-employed";"45-49 years";"JB Telecommunications";0;1;2;1;0
"Total sex";"2022";"Self-employed";"45-49 years";"JC IT and information service activities";478;110;100;137;39
"Total sex";"2022";"Self-employed";"45-49 years";"K Financial and insurance";16;6;13;22;4
"Total sex";"2022";"Self-employed";"45-49 years";"L Real estate activities";77;44;92;112;33
"Total sex";"2022";"Self-employed";"45-49 years";"MA Consultancy etc.";842;183;228;284;75
"Total sex";"2022";"Self-employed";"45-49 years";"MB Scientific research and development";9;1;2;0;1
"Total sex";"2022";"Self-employed";"45-49 years";"MC Advertising and other business services";690;140;187;261;70
"Total sex";"2022";"Self-employed";"45-49 years";"N Travel agent, cleaning, and other operationel services";459;257;263;285;122
"Total sex";"2022";"Self-employed";"45-49 years";"O Public administration, defence and compulsory social security";4;2;2;4;1
"Total sex";"2022";"Self-employed";"45-49 years";"P Education";322;105;108;157;50
"Total sex";"2022";"Self-employed";"45-49 years";"QA Human health activities";1022;407;569;644;236
"Total sex";"2022";"Self-employed";"45-49 years";"QB Residential care";54;20;23;15;16
"Total sex";"2022";"Self-employed";"45-49 years";"R Arts, entertainment and recreation activities";441;70;107;105;35
"Total sex";"2022";"Self-employed";"45-49 years";"S Other service activities etc.";563;244;329;392;173
"Total sex";"2022";"Self-employed";"45-49 years";"X Activity not stated";285;35;67;85;38
"Total sex";"2022";"Self-employed";"50-54 years";"A Agriculture, forestry and fishing";136;308;627;594;364
"Total sex";"2022";"Self-employed";"50-54 years";"B Mining and quarrying";0;0;5;0;3
"Total sex";"2022";"Self-employed";"50-54 years";"CA Manufacture of food products, beverages and tobacco";22;26;25;19;20
"Total sex";"2022";"Self-employed";"50-54 years";"CB Textiles and leather products";33;11;16;12;7
"Total sex";"2022";"Self-employed";"50-54 years";"CC Wood and paper products and printing";17;8;11;14;9
"Total sex";"2022";"Self-employed";"50-54 years";"CD Oil refinery etc.";0;0;0;0;0
"Total sex";"2022";"Self-employed";"50-54 years";"CE Manufacture of chemicals";6;0;1;1;0
"Total sex";"2022";"Self-employed";"50-54 years";"CF Pharmaceuticals";3;0;1;0;0
"Total sex";"2022";"Self-employed";"50-54 years";"CG Manufacture of plastic, glass and concrete";17;7;8;9;8
"Total sex";"2022";"Self-employed";"50-54 years";"CH Basic metals and fabricated metal products";20;24;42;40;28
"Total sex";"2022";"Self-employed";"50-54 years";"CI Manufacture of electronic components";2;1;1;1;1
"Total sex";"2022";"Self-employed";"50-54 years";"CJ Electrical equipment";1;1;1;3;0
"Total sex";"2022";"Self-employed";"50-54 years";"CK Manufacture of machinery";9;11;14;12;5
"Total sex";"2022";"Self-employed";"50-54 years";"CL Transport equipment";0;0;5;3;1
"Total sex";"2022";"Self-employed";"50-54 years";"CM Manufacture of funiture and other manufacturing";77;73;93;73;36
"Total sex";"2022";"Self-employed";"50-54 years";"D Electricity, gas, steam and air conditioning supply";2;5;3;13;5
"Total sex";"2022";"Self-employed";"50-54 years";"E Water supply, sewerage and waste management";7;4;4;4;1
"Total sex";"2022";"Self-employed";"50-54 years";"F Construction";655;424;356;412;196
"Total sex";"2022";"Self-employed";"50-54 years";"G Wholesale and retail trade";691;382;537;566;266
"Total sex";"2022";"Self-employed";"50-54 years";"H Transportation";252;96;136;132;63
"Total sex";"2022";"Self-employed";"50-54 years";"I Accommodation and food service activities";348;154;221;192;119
"Total sex";"2022";"Self-employed";"50-54 years";"JA Publishing, television and radio broadcasting";233;22;24;38;11
"Total sex";"2022";"Self-employed";"50-54 years";"JB Telecommunications";1;0;1;0;0
"Total sex";"2022";"Self-employed";"50-54 years";"JC IT and information service activities";459;105;100;128;40
"Total sex";"2022";"Self-employed";"50-54 years";"K Financial and insurance";11;11;18;24;12
"Total sex";"2022";"Self-employed";"50-54 years";"L Real estate activities";110;62;99;128;50
"Total sex";"2022";"Self-employed";"50-54 years";"MA Consultancy etc.";958;262;235;383;112
"Total sex";"2022";"Self-employed";"50-54 years";"MB Scientific research and development";9;3;1;8;2
"Total sex";"2022";"Self-employed";"50-54 years";"MC Advertising and other business services";678;120;191;225;68
"Total sex";"2022";"Self-employed";"50-54 years";"N Travel agent, cleaning, and other operationel services";468;265;296;282;133
"Total sex";"2022";"Self-employed";"50-54 years";"O Public administration, defence and compulsory social security";4;0;2;1;0
"Total sex";"2022";"Self-employed";"50-54 years";"P Education";324;128;128;153;51
"Total sex";"2022";"Self-employed";"50-54 years";"QA Human health activities";1014;395;587;588;240
"Total sex";"2022";"Self-employed";"50-54 years";"QB Residential care";44;15;20;19;16
"Total sex";"2022";"Self-employed";"50-54 years";"R Arts, entertainment and recreation activities";326;46;81;107;25
"Total sex";"2022";"Self-employed";"50-54 years";"S Other service activities etc.";533;268;355;345;166
"Total sex";"2022";"Self-employed";"50-54 years";"X Activity not stated";238;47;73;80;35
"Total sex";"2022";"Self-employed";"55-59 years";"A Agriculture, forestry and fishing";203;439;927;918;532
"Total sex";"2022";"Self-employed";"55-59 years";"B Mining and quarrying";5;2;4;0;2
"Total sex";"2022";"Self-employed";"55-59 years";"CA Manufacture of food products, beverages and tobacco";25;16;31;22;21
"Total sex";"2022";"Self-employed";"55-59 years";"CB Textiles and leather products";33;11;19;19;12
"Total sex";"2022";"Self-employed";"55-59 years";"CC Wood and paper products and printing";13;12;14;17;9
"Total sex";"2022";"Self-employed";"55-59 years";"CD Oil refinery etc.";0;0;0;0;0
"Total sex";"2022";"Self-employed";"55-59 years";"CE Manufacture of chemicals";2;2;2;0;0
"Total sex";"2022";"Self-employed";"55-59 years";"CF Pharmaceuticals";0;0;1;0;0
"Total sex";"2022";"Self-employed";"55-59 years";"CG Manufacture of plastic, glass and concrete";14;6;9;14;11
"Total sex";"2022";"Self-employed";"55-59 years";"CH Basic metals and fabricated metal products";18;30;40;35;12
"Total sex";"2022";"Self-employed";"55-59 years";"CI Manufacture of electronic components";1;2;1;2;0
"Total sex";"2022";"Self-employed";"55-59 years";"CJ Electrical equipment";0;1;4;1;0
"Total sex";"2022";"Self-employed";"55-59 years";"CK Manufacture of machinery";4;11;12;14;5
"Total sex";"2022";"Self-employed";"55-59 years";"CL Transport equipment";2;2;4;0;0
"Total sex";"2022";"Self-employed";"55-59 years";"CM Manufacture of funiture and other manufacturing";86;62;89;79;45
"Total sex";"2022";"Self-employed";"55-59 years";"D Electricity, gas, steam and air conditioning supply";0;2;15;16;13
"Total sex";"2022";"Self-employed";"55-59 years";"E Water supply, sewerage and waste management";3;7;7;5;9
"Total sex";"2022";"Self-employed";"55-59 years";"F Construction";643;461;398;350;184
"Total sex";"2022";"Self-employed";"55-59 years";"G Wholesale and retail trade";813;479;634;655;313
"Total sex";"2022";"Self-employed";"55-59 years";"H Transportation";349;155;157;156;74
"Total sex";"2022";"Self-employed";"55-59 years";"I Accommodation and food service activities";361;174;236;231;110
"Total sex";"2022";"Self-employed";"55-59 years";"JA Publishing, television and radio broadcasting";167;22;28;36;7
"Total sex";"2022";"Self-employed";"55-59 years";"JB Telecommunications";3;2;2;2;0
"Total sex";"2022";"Self-employed";"55-59 years";"JC IT and information service activities";419;131;88;126;22
"Total sex";"2022";"Self-employed";"55-59 years";"K Financial and insurance";24;11;35;24;6
"Total sex";"2022";"Self-employed";"55-59 years";"L Real estate activities";136;92;169;176;68
"Total sex";"2022";"Self-employed";"55-59 years";"MA Consultancy etc.";1086;318;323;362;123
"Total sex";"2022";"Self-employed";"55-59 years";"MB Scientific research and development";13;4;1;6;0
"Total sex";"2022";"Self-employed";"55-59 years";"MC Advertising and other business services";575;142;156;218;52
"Total sex";"2022";"Self-employed";"55-59 years";"N Travel agent, cleaning, and other operationel services";489;306;319;321;132
"Total sex";"2022";"Self-employed";"55-59 years";"O Public administration, defence and compulsory social security";2;3;1;4;0
"Total sex";"2022";"Self-employed";"55-59 years";"P Education";282;113;119;144;33
"Total sex";"2022";"Self-employed";"55-59 years";"QA Human health activities";1015;364;544;603;220
"Total sex";"2022";"Self-employed";"55-59 years";"QB Residential care";51;35;14;14;20
"Total sex";"2022";"Self-employed";"55-59 years";"R Arts, entertainment and recreation activities";281;74;75;73;30
"Total sex";"2022";"Self-employed";"55-59 years";"S Other service activities etc.";529;241;304;322;152
"Total sex";"2022";"Self-employed";"55-59 years";"X Activity not stated";244;74;89;88;35
"Total sex";"2022";"Self-employed";"60-64 years";"A Agriculture, forestry and fishing";201;612;1031;1072;639
"Total sex";"2022";"Self-employed";"60-64 years";"B Mining and quarrying";2;2;5;1;1
"Total sex";"2022";"Self-employed";"60-64 years";"CA Manufacture of food products, beverages and tobacco";12;11;15;20;7
"Total sex";"2022";"Self-employed";"60-64 years";"CB Textiles and leather products";28;19;18;28;9
"Total sex";"2022";"Self-employed";"60-64 years";"CC Wood and paper products and printing";20;16;15;17;6
"Total sex";"2022";"Self-employed";"60-64 years";"CD Oil refinery etc.";0;0;0;0;0
"Total sex";"2022";"Self-employed";"60-64 years";"CE Manufacture of chemicals";2;2;1;1;2
"Total sex";"2022";"Self-employed";"60-64 years";"CF Pharmaceuticals";1;0;0;1;0
"Total sex";"2022";"Self-employed";"60-64 years";"CG Manufacture of plastic, glass and concrete";12;15;13;12;7
"Total sex";"2022";"Self-employed";"60-64 years";"CH Basic metals and fabricated metal products";26;15;27;25;17
"Total sex";"2022";"Self-employed";"60-64 years";"CI Manufacture of electronic components";7;0;1;4;2
"Total sex";"2022";"Self-employed";"60-64 years";"CJ Electrical equipment";1;4;4;2;3
"Total sex";"2022";"Self-employed";"60-64 years";"CK Manufacture of machinery";10;9;10;8;5
"Total sex";"2022";"Self-employed";"60-64 years";"CL Transport equipment";2;2;1;2;2
"Total sex";"2022";"Self-employed";"60-64 years";"CM Manufacture of funiture and other manufacturing";61;40;68;75;31
"Total sex";"2022";"Self-employed";"60-64 years";"D Electricity, gas, steam and air conditioning supply";5;6;15;27;25
"Total sex";"2022";"Self-employed";"60-64 years";"E Water supply, sewerage and waste management";1;4;4;5;4
"Total sex";"2022";"Self-employed";"60-64 years";"F Construction";434;391;319;321;190
"Total sex";"2022";"Self-employed";"60-64 years";"G Wholesale and retail trade";661;364;509;532;237
"Total sex";"2022";"Self-employed";"60-64 years";"H Transportation";228;128;154;185;95
"Total sex";"2022";"Self-employed";"60-64 years";"I Accommodation and food service activities";195;102;182;160;97
"Total sex";"2022";"Self-employed";"60-64 years";"JA Publishing, television and radio broadcasting";97;16;22;27;8
"Total sex";"2022";"Self-employed";"60-64 years";"JB Telecommunications";0;0;1;1;0
"Total sex";"2022";"Self-employed";"60-64 years";"JC IT and information service activities";258;86;70;75;25
"Total sex";"2022";"Self-employed";"60-64 years";"K Financial and insurance";26;8;22;20;6
"Total sex";"2022";"Self-employed";"60-64 years";"L Real estate activities";142;107;190;192;80
"Total sex";"2022";"Self-employed";"60-64 years";"MA Consultancy etc.";881;279;291;348;115
"Total sex";"2022";"Self-employed";"60-64 years";"MB Scientific research and development";13;0;4;5;3
"Total sex";"2022";"Self-employed";"60-64 years";"MC Advertising and other business services";438;99;105;177;47
"Total sex";"2022";"Self-employed";"60-64 years";"N Travel agent, cleaning, and other operationel services";398;265;289;286;117
"Total sex";"2022";"Self-employed";"60-64 years";"O Public administration, defence and compulsory social security";3;3;2;3;0
"Total sex";"2022";"Self-employed";"60-64 years";"P Education";197;87;100;101;34
"Total sex";"2022";"Self-employed";"60-64 years";"QA Human health activities";817;308;489;513;195
"Total sex";"2022";"Self-employed";"60-64 years";"QB Residential care";26;21;9;15;15
"Total sex";"2022";"Self-employed";"60-64 years";"R Arts, entertainment and recreation activities";203;67;52;84;29
"Total sex";"2022";"Self-employed";"60-64 years";"S Other service activities etc.";351;188;241;211;100
"Total sex";"2022";"Self-employed";"60-64 years";"X Activity not stated";165;73;115;108;48
"Total sex";"2022";"Self-employed";"65-66 years";"A Agriculture, forestry and fishing";92;283;418;445;260
"Total sex";"2022";"Self-employed";"65-66 years";"B Mining and quarrying";1;0;1;1;0
"Total sex";"2022";"Self-employed";"65-66 years";"CA Manufacture of food products, beverages and tobacco";3;3;7;3;7
"Total sex";"2022";"Self-employed";"65-66 years";"CB Textiles and leather products";8;2;5;6;2
"Total sex";"2022";"Self-employed";"65-66 years";"CC Wood and paper products and printing";8;3;2;8;7
"Total sex";"2022";"Self-employed";"65-66 years";"CD Oil refinery etc.";0;0;0;0;0
"Total sex";"2022";"Self-employed";"65-66 years";"CE Manufacture of chemicals";0;0;1;0;0
"Total sex";"2022";"Self-employed";"65-66 years";"CF Pharmaceuticals";1;0;0;0;0
"Total sex";"2022";"Self-employed";"65-66 years";"CG Manufacture of plastic, glass and concrete";4;2;2;1;2
"Total sex";"2022";"Self-employed";"65-66 years";"CH Basic metals and fabricated metal products";6;8;11;10;5
"Total sex";"2022";"Self-employed";"65-66 years";"CI Manufacture of electronic components";1;0;0;0;0
"Total sex";"2022";"Self-employed";"65-66 years";"CJ Electrical equipment";0;2;2;0;0
"Total sex";"2022";"Self-employed";"65-66 years";"CK Manufacture of machinery";1;1;5;9;1
"Total sex";"2022";"Self-employed";"65-66 years";"CL Transport equipment";0;0;0;0;1
"Total sex";"2022";"Self-employed";"65-66 years";"CM Manufacture of funiture and other manufacturing";23;17;18;20;14
"Total sex";"2022";"Self-employed";"65-66 years";"D Electricity, gas, steam and air conditioning supply";2;1;1;8;17
"Total sex";"2022";"Self-employed";"65-66 years";"E Water supply, sewerage and waste management";2;1;2;1;0
"Total sex";"2022";"Self-employed";"65-66 years";"F Construction";113;87;97;124;47
"Total sex";"2022";"Self-employed";"65-66 years";"G Wholesale and retail trade";172;104;197;171;77
"Total sex";"2022";"Self-employed";"65-66 years";"H Transportation";78;60;55;55;24
"Total sex";"2022";"Self-employed";"65-66 years";"I Accommodation and food service activities";69;31;50;33;24
"Total sex";"2022";"Self-employed";"65-66 years";"JA Publishing, television and radio broadcasting";31;10;12;7;2
"Total sex";"2022";"Self-employed";"65-66 years";"JB Telecommunications";0;1;0;0;1
"Total sex";"2022";"Self-employed";"65-66 years";"JC IT and information service activities";87;16;24;29;14
"Total sex";"2022";"Self-employed";"65-66 years";"K Financial and insurance";14;1;5;8;3
"Total sex";"2022";"Self-employed";"65-66 years";"L Real estate activities";56;61;95;106;49
"Total sex";"2022";"Self-employed";"65-66 years";"MA Consultancy etc.";300;111;113;137;46
"Total sex";"2022";"Self-employed";"65-66 years";"MB Scientific research and development";5;1;2;0;1
"Total sex";"2022";"Self-employed";"65-66 years";"MC Advertising and other business services";127;29;46;54;17
"Total sex";"2022";"Self-employed";"65-66 years";"N Travel agent, cleaning, and other operationel services";119;71;65;68;45
"Total sex";"2022";"Self-employed";"65-66 years";"O Public administration, defence and compulsory social security";0;0;0;1;0
"Total sex";"2022";"Self-employed";"65-66 years";"P Education";60;21;27;24;11
"Total sex";"2022";"Self-employed";"65-66 years";"QA Human health activities";254;96;122;186;60
"Total sex";"2022";"Self-employed";"65-66 years";"QB Residential care";10;5;2;4;2
"Total sex";"2022";"Self-employed";"65-66 years";"R Arts, entertainment and recreation activities";52;11;19;30;10
"Total sex";"2022";"Self-employed";"65-66 years";"S Other service activities etc.";68;35;48;58;12
"Total sex";"2022";"Self-employed";"65-66 years";"X Activity not stated";3;3;1;7;5
"Total sex";"2022";"Self-employed";"67 years and over";"A Agriculture, forestry and fishing";654;1959;3125;3689;2237
"Total sex";"2022";"Self-employed";"67 years and over";"B Mining and quarrying";2;1;4;4;6
"Total sex";"2022";"Self-employed";"67 years and over";"CA Manufacture of food products, beverages and tobacco";13;14;20;16;4
"Total sex";"2022";"Self-employed";"67 years and over";"CB Textiles and leather products";39;19;20;25;17
"Total sex";"2022";"Self-employed";"67 years and over";"CC Wood and paper products and printing";37;30;32;41;20
"Total sex";"2022";"Self-employed";"67 years and over";"CD Oil refinery etc.";1;0;0;0;0
"Total sex";"2022";"Self-employed";"67 years and over";"CE Manufacture of chemicals";6;2;1;4;1
"Total sex";"2022";"Self-employed";"67 years and over";"CF Pharmaceuticals";1;0;0;0;0
"Total sex";"2022";"Self-employed";"67 years and over";"CG Manufacture of plastic, glass and concrete";30;29;21;33;22
"Total sex";"2022";"Self-employed";"67 years and over";"CH Basic metals and fabricated metal products";33;40;55;48;31
"Total sex";"2022";"Self-employed";"67 years and over";"CI Manufacture of electronic components";15;3;5;6;3
"Total sex";"2022";"Self-employed";"67 years and over";"CJ Electrical equipment";5;5;7;7;1
"Total sex";"2022";"Self-employed";"67 years and over";"CK Manufacture of machinery";11;17;19;19;10
"Total sex";"2022";"Self-employed";"67 years and over";"CL Transport equipment";4;3;4;7;0
"Total sex";"2022";"Self-employed";"67 years and over";"CM Manufacture of funiture and other manufacturing";119;106;96;104;51
"Total sex";"2022";"Self-employed";"67 years and over";"D Electricity, gas, steam and air conditioning supply";14;48;61;116;92
"Total sex";"2022";"Self-employed";"67 years and over";"E Water supply, sewerage and waste management";4;12;7;7;6
"Total sex";"2022";"Self-employed";"67 years and over";"F Construction";463;420;378;486;253
"Total sex";"2022";"Self-employed";"67 years and over";"G Wholesale and retail trade";831;620;836;936;459
"Total sex";"2022";"Self-employed";"67 years and over";"H Transportation";312;160;170;212;91
"Total sex";"2022";"Self-employed";"67 years and over";"I Accommodation and food service activities";116;82;144;139;76
"Total sex";"2022";"Self-employed";"67 years and over";"JA Publishing, television and radio broadcasting";160;45;42;66;18
"Total sex";"2022";"Self-employed";"67 years and over";"JB Telecommunications";1;1;1;3;0
"Total sex";"2022";"Self-employed";"67 years and over";"JC IT and information service activities";279;89;91;105;33
"Total sex";"2022";"Self-employed";"67 years and over";"K Financial and insurance";37;7;28;29;11
"Total sex";"2022";"Self-employed";"67 years and over";"L Real estate activities";784;657;1288;1341;623
"Total sex";"2022";"Self-employed";"67 years and over";"MA Consultancy etc.";1590;567;629;697;295
"Total sex";"2022";"Self-employed";"67 years and over";"MB Scientific research and development";34;9;7;3;1
"Total sex";"2022";"Self-employed";"67 years and over";"MC Advertising and other business services";554;152;193;213;76
"Total sex";"2022";"Self-employed";"67 years and over";"N Travel agent, cleaning, and other operationel services";412;240;239;279;108
"Total sex";"2022";"Self-employed";"67 years and over";"O Public administration, defence and compulsory social security";11;1;2;0;4
"Total sex";"2022";"Self-employed";"67 years and over";"P Education";196;78;62;107;26
"Total sex";"2022";"Self-employed";"67 years and over";"QA Human health activities";791;290;387;419;186
"Total sex";"2022";"Self-employed";"67 years and over";"QB Residential care";14;10;15;9;8
"Total sex";"2022";"Self-employed";"67 years and over";"R Arts, entertainment and recreation activities";243;88;97;120;44
"Total sex";"2022";"Self-employed";"67 years and over";"S Other service activities etc.";245;145;212;207;105
"Total sex";"2022";"Self-employed";"67 years and over";"X Activity not stated";1;1;1;1;1
"Total sex";"2022";"Assisting spouses";"Under 16 years";"A Agriculture, forestry and fishing";0;0;0;0;0
"Total sex";"2022";"Assisting spouses";"Under 16 years";"B Mining and quarrying";0;0;0;0;0
"Total sex";"2022";"Assisting spouses";"Under 16 years";"CA Manufacture of food products, beverages and tobacco";0;0;0;0;0
"Total sex";"2022";"Assisting spouses";"Under 16 years";"CB Textiles and leather products";0;0;0;0;0
"Total sex";"2022";"Assisting spouses";"Under 16 years";"CC Wood and paper products and printing";0;0;0;0;0
"Total sex";"2022";"Assisting spouses";"Under 16 years";"CD Oil refinery etc.";0;0;0;0;0
"Total sex";"2022";"Assisting spouses";"Under 16 years";"CE Manufacture of chemicals";0;0;0;0;0
"Total sex";"2022";"Assisting spouses";"Under 16 years";"CF Pharmaceuticals";0;0;0;0;0
"Total sex";"2022";"Assisting spouses";"Under 16 years";"CG Manufacture of plastic, glass and concrete";0;0;0;0;0
"Total sex";"2022";"Assisting spouses";"Under 16 years";"CH Basic metals and fabricated metal products";0;0;0;0;0
"Total sex";"2022";"Assisting spouses";"Under 16 years";"CI Manufacture of electronic components";0;0;0;0;0
"Total sex";"2022";"Assisting spouses";"Under 16 years";"CJ Electrical equipment";0;0;0;0;0
"Total sex";"2022";"Assisting spouses";"Under 16 years";"CK Manufacture of machinery";0;0;0;0;0
"Total sex";"2022";"Assisting spouses";"Under 16 years";"CL Transport equipment";0;0;0;0;0
"Total sex";"2022";"Assisting spouses";"Under 16 years";"CM Manufacture of funiture and other manufacturing";0;0;0;0;0
"Total sex";"2022";"Assisting spouses";"Under 16 years";"D Electricity, gas, steam and air conditioning supply";0;0;0;0;0
"Total sex";"2022";"Assisting spouses";"Under 16 years";"E Water supply, sewerage and waste management";0;0;0;0;0
"Total sex";"2022";"Assisting spouses";"Under 16 years";"F Construction";0;0;0;0;0
"Total sex";"2022";"Assisting spouses";"Under 16 years";"G Wholesale and retail trade";0;0;0;0;0
"Total sex";"2022";"Assisting spouses";"Under 16 years";"H Transportation";0;0;0;0;0
"Total sex";"2022";"Assisting spouses";"Under 16 years";"I Accommodation and food service activities";0;0;0;0;0
"Total sex";"2022";"Assisting spouses";"Under 16 years";"JA Publishing, television and radio broadcasting";0;0;0;0;0
"Total sex";"2022";"Assisting spouses";"Under 16 years";"JB Telecommunications";0;0;0;0;0
"Total sex";"2022";"Assisting spouses";"Under 16 years";"JC IT and information service activities";0;0;0;0;0
"Total sex";"2022";"Assisting spouses";"Under 16 years";"K Financial and insurance";0;0;0;0;0
"Total sex";"2022";"Assisting spouses";"Under 16 years";"L Real estate activities";0;0;0;0;0
"Total sex";"2022";"Assisting spouses";"Under 16 years";"MA Consultancy etc.";0;0;0;0;0
"Total sex";"2022";"Assisting spouses";"Under 16 years";"MB Scientific research and development";0;0;0;0;0
"Total sex";"2022";"Assisting spouses";"Under 16 years";"MC Advertising and other business services";0;0;0;0;0
"Total sex";"2022";"Assisting spouses";"Under 16 years";"N Travel agent, cleaning, and other operationel services";0;0;0;0;0
"Total sex";"2022";"Assisting spouses";"Under 16 years";"O Public administration, defence and compulsory social security";0;0;0;0;0
"Total sex";"2022";"Assisting spouses";"Under 16 years";"P Education";0;0;0;0;0
"Total sex";"2022";"Assisting spouses";"Under 16 years";"QA Human health activities";0;0;0;0;0
"Total sex";"2022";"Assisting spouses";"Under 16 years";"QB Residential care";0;0;0;0;0
"Total sex";"2022";"Assisting spouses";"Under 16 years";"R Arts, entertainment and recreation activities";0;0;0;0;0
"Total sex";"2022";"Assisting spouses";"Under 16 years";"S Other service activities etc.";0;0;0;0;0
"Total sex";"2022";"Assisting spouses";"Under 16 years";"X Activity not stated";0;0;0;0;0
"Total sex";"2022";"Assisting spouses";"16-19 years";"A Agriculture, forestry and fishing";0;0;0;0;0
"Total sex";"2022";"Assisting spouses";"16-19 years";"B Mining and quarrying";0;0;0;0;0
"Total sex";"2022";"Assisting spouses";"16-19 years";"CA Manufacture of food products, beverages and tobacco";0;0;0;0;0
"Total sex";"2022";"Assisting spouses";"16-19 years";"CB Textiles and leather products";0;0;0;0;0
"Total sex";"2022";"Assisting spouses";"16-19 years";"CC Wood and paper products and printing";0;0;0;0;0
"Total sex";"2022";"Assisting spouses";"16-19 years";"CD Oil refinery etc.";0;0;0;0;0
"Total sex";"2022";"Assisting spouses";"16-19 years";"CE Manufacture of chemicals";0;0;0;0;0
"Total sex";"2022";"Assisting spouses";"16-19 years";"CF Pharmaceuticals";0;0;0;0;0
"Total sex";"2022";"Assisting spouses";"16-19 years";"CG Manufacture of plastic, glass and concrete";0;0;0;0;0
"Total sex";"2022";"Assisting spouses";"16-19 years";"CH Basic metals and fabricated metal products";0;0;0;0;0
"Total sex";"2022";"Assisting spouses";"16-19 years";"CI Manufacture of electronic components";0;0;0;0;0
"Total sex";"2022";"Assisting spouses";"16-19 years";"CJ Electrical equipment";0;0;0;0;0
"Total sex";"2022";"Assisting spouses";"16-19 years";"CK Manufacture of machinery";0;0;0;0;0
"Total sex";"2022";"Assisting spouses";"16-19 years";"CL Transport equipment";0;0;0;0;0
"Total sex";"2022";"Assisting spouses";"16-19 years";"CM Manufacture of funiture and other manufacturing";0;0;0;0;0
"Total sex";"2022";"Assisting spouses";"16-19 years";"D Electricity, gas, steam and air conditioning supply";0;0;0;0;0
"Total sex";"2022";"Assisting spouses";"16-19 years";"E Water supply, sewerage and waste management";0;0;0;0;0
"Total sex";"2022";"Assisting spouses";"16-19 years";"F Construction";0;0;0;0;0
"Total sex";"2022";"Assisting spouses";"16-19 years";"G Wholesale and retail trade";0;0;0;0;0
"Total sex";"2022";"Assisting spouses";"16-19 years";"H Transportation";0;0;0;0;0
"Total sex";"2022";"Assisting spouses";"16-19 years";"I Accommodation and food service activities";0;0;0;0;1
"Total sex";"2022";"Assisting spouses";"16-19 years";"JA Publishing, television and radio broadcasting";0;0;0;0;0
"Total sex";"2022";"Assisting spouses";"16-19 years";"JB Telecommunications";0;0;0;0;0
"Total sex";"2022";"Assisting spouses";"16-19 years";"JC IT and information service activities";0;0;0;0;0
"Total sex";"2022";"Assisting spouses";"16-19 years";"K Financial and insurance";0;0;0;0;0
"Total sex";"2022";"Assisting spouses";"16-19 years";"L Real estate activities";0;0;0;0;0
"Total sex";"2022";"Assisting spouses";"16-19 years";"MA Consultancy etc.";0;0;0;0;0
"Total sex";"2022";"Assisting spouses";"16-19 years";"MB Scientific research and development";0;0;0;0;0
"Total sex";"2022";"Assisting spouses";"16-19 years";"MC Advertising and other business services";0;0;0;0;0
"Total sex";"2022";"Assisting spouses";"16-19 years";"N Travel agent, cleaning, and other operationel services";0;0;0;0;0
"Total sex";"2022";"Assisting spouses";"16-19 years";"O Public administration, defence and compulsory social security";0;0;0;0;0
"Total sex";"2022";"Assisting spouses";"16-19 years";"P Education";0;0;0;0;0
"Total sex";"2022";"Assisting spouses";"16-19 years";"QA Human health activities";0;0;0;0;0
"Total sex";"2022";"Assisting spouses";"16-19 years";"QB Residential care";0;0;0;0;0
"Total sex";"2022";"Assisting spouses";"16-19 years";"R Arts, entertainment and recreation activities";0;0;0;0;0
"Total sex";"2022";"Assisting spouses";"16-19 years";"S Other service activities etc.";0;0;0;0;0
"Total sex";"2022";"Assisting spouses";"16-19 years";"X Activity not stated";0;0;0;0;0
"Total sex";"2022";"Assisting spouses";"20-24 years";"A Agriculture, forestry and fishing";0;1;0;0;0
"Total sex";"2022";"Assisting spouses";"20-24 years";"B Mining and quarrying";0;0;0;0;0
"Total sex";"2022";"Assisting spouses";"20-24 years";"CA Manufacture of food products, beverages and tobacco";0;0;0;0;0
"Total sex";"2022";"Assisting spouses";"20-24 years";"CB Textiles and leather products";0;0;0;0;0
"Total sex";"2022";"Assisting spouses";"20-24 years";"CC Wood and paper products and printing";0;0;0;0;0
"Total sex";"2022";"Assisting spouses";"20-24 years";"CD Oil refinery etc.";0;0;0;0;0
"Total sex";"2022";"Assisting spouses";"20-24 years";"CE Manufacture of chemicals";0;0;0;0;0
"Total sex";"2022";"Assisting spouses";"20-24 years";"CF Pharmaceuticals";0;0;0;0;0
"Total sex";"2022";"Assisting spouses";"20-24 years";"CG Manufacture of plastic, glass and concrete";0;0;0;0;0
"Total sex";"2022";"Assisting spouses";"20-24 years";"CH Basic metals and fabricated metal products";0;0;0;0;0
"Total sex";"2022";"Assisting spouses";"20-24 years";"CI Manufacture of electronic components";0;0;0;0;0
"Total sex";"2022";"Assisting spouses";"20-24 years";"CJ Electrical equipment";0;0;0;0;0
"Total sex";"2022";"Assisting spouses";"20-24 years";"CK Manufacture of machinery";0;0;0;0;0
"Total sex";"2022";"Assisting spouses";"20-24 years";"CL Transport equipment";0;0;0;0;0
"Total sex";"2022";"Assisting spouses";"20-24 years";"CM Manufacture of funiture and other manufacturing";0;0;0;0;0
"Total sex";"2022";"Assisting spouses";"20-24 years";"D Electricity, gas, steam and air conditioning supply";0;0;0;0;0
"Total sex";"2022";"Assisting spouses";"20-24 years";"E Water supply, sewerage and waste management";0;0;0;0;0
"Total sex";"2022";"Assisting spouses";"20-24 years";"F Construction";0;0;1;0;0
"Total sex";"2022";"Assisting spouses";"20-24 years";"G Wholesale and retail trade";0;0;0;0;0
"Total sex";"2022";"Assisting spouses";"20-24 years";"H Transportation";0;0;0;0;0
"Total sex";"2022";"Assisting spouses";"20-24 years";"I Accommodation and food service activities";0;0;0;0;0
"Total sex";"2022";"Assisting spouses";"20-24 years";"JA Publishing, television and radio broadcasting";0;0;0;0;0
"Total sex";"2022";"Assisting spouses";"20-24 years";"JB Telecommunications";0;0;0;0;0
"Total sex";"2022";"Assisting spouses";"20-24 years";"JC IT and information service activities";1;0;0;0;0
"Total sex";"2022";"Assisting spouses";"20-24 years";"K Financial and insurance";0;0;0;0;0
"Total sex";"2022";"Assisting spouses";"20-24 years";"L Real estate activities";0;0;0;0;0
"Total sex";"2022";"Assisting spouses";"20-24 years";"MA Consultancy etc.";0;0;0;0;0
"Total sex";"2022";"Assisting spouses";"20-24 years";"MB Scientific research and development";0;0;0;0;0
"Total sex";"2022";"Assisting spouses";"20-24 years";"MC Advertising and other business services";1;0;0;0;0
"Total sex";"2022";"Assisting spouses";"20-24 years";"N Travel agent, cleaning, and other operationel services";2;0;1;1;0
"Total sex";"2022";"Assisting spouses";"20-24 years";"O Public administration, defence and compulsory social security";0;0;0;0;0
"Total sex";"2022";"Assisting spouses";"20-24 years";"P Education";0;0;0;0;0
"Total sex";"2022";"Assisting spouses";"20-24 years";"QA Human health activities";0;0;0;0;0
"Total sex";"2022";"Assisting spouses";"20-24 years";"QB Residential care";0;0;0;0;0
"Total sex";"2022";"Assisting spouses";"20-24 years";"R Arts, entertainment and recreation activities";0;0;0;0;0
"Total sex";"2022";"Assisting spouses";"20-24 years";"S Other service activities etc.";0;0;0;0;0
"Total sex";"2022";"Assisting spouses";"20-24 years";"X Activity not stated";0;0;0;0;0
"Total sex";"2022";"Assisting spouses";"25-29 years";"A Agriculture, forestry and fishing";1;0;0;0;2
"Total sex";"2022";"Assisting spouses";"25-29 years";"B Mining and quarrying";0;0;0;0;0
"Total sex";"2022";"Assisting spouses";"25-29 years";"CA Manufacture of food products, beverages and tobacco";0;0;0;0;0
"Total sex";"2022";"Assisting spouses";"25-29 years";"CB Textiles and leather products";0;0;0;0;0
"Total sex";"2022";"Assisting spouses";"25-29 years";"CC Wood and paper products and printing";0;0;0;0;0
"Total sex";"2022";"Assisting spouses";"25-29 years";"CD Oil refinery etc.";0;0;0;0;0
"Total sex";"2022";"Assisting spouses";"25-29 years";"CE Manufacture of chemicals";0;0;0;0;0
"Total sex";"2022";"Assisting spouses";"25-29 years";"CF Pharmaceuticals";0;0;0;0;0
"Total sex";"2022";"Assisting spouses";"25-29 years";"CG Manufacture of plastic, glass and concrete";0;0;0;0;0
"Total sex";"2022";"Assisting spouses";"25-29 years";"CH Basic metals and fabricated metal products";0;0;0;0;0
"Total sex";"2022";"Assisting spouses";"25-29 years";"CI Manufacture of electronic components";0;0;0;0;0
"Total sex";"2022";"Assisting spouses";"25-29 years";"CJ Electrical equipment";0;0;0;0;0
"Total sex";"2022";"Assisting spouses";"25-29 years";"CK Manufacture of machinery";0;0;0;0;0
"Total sex";"2022";"Assisting spouses";"25-29 years";"CL Transport equipment";0;0;0;0;0
"Total sex";"2022";"Assisting spouses";"25-29 years";"CM Manufacture of funiture and other manufacturing";1;0;0;0;0
"Total sex";"2022";"Assisting spouses";"25-29 years";"D Electricity, gas, steam and air conditioning supply";0;0;0;0;0
"Total sex";"2022";"Assisting spouses";"25-29 years";"E Water supply, sewerage and waste management";0;0;0;0;0
"Total sex";"2022";"Assisting spouses";"25-29 years";"F Construction";0;3;2;0;0
"Total sex";"2022";"Assisting spouses";"25-29 years";"G Wholesale and retail trade";0;0;1;2;0
"Total sex";"2022";"Assisting spouses";"25-29 years";"H Transportation";0;1;1;0;0
"Total sex";"2022";"Assisting spouses";"25-29 years";"I Accommodation and food service activities";1;0;0;0;0
"Total sex";"2022";"Assisting spouses";"25-29 years";"JA Publishing, television and radio broadcasting";0;0;0;1;0
"Total sex";"2022";"Assisting spouses";"25-29 years";"JB Telecommunications";0;0;0;0;0
"Total sex";"2022";"Assisting spouses";"25-29 years";"JC IT and information service activities";1;0;0;0;0
"Total sex";"2022";"Assisting spouses";"25-29 years";"K Financial and insurance";0;0;0;0;0
"Total sex";"2022";"Assisting spouses";"25-29 years";"L Real estate activities";0;0;0;0;0
"Total sex";"2022";"Assisting spouses";"25-29 years";"MA Consultancy etc.";0;0;0;0;0
"Total sex";"2022";"Assisting spouses";"25-29 years";"MB Scientific research and development";0;0;0;0;0
"Total sex";"2022";"Assisting spouses";"25-29 years";"MC Advertising and other business services";0;0;0;1;0
"Total sex";"2022";"Assisting spouses";"25-29 years";"N Travel agent, cleaning, and other operationel services";3;1;2;2;0
"Total sex";"2022";"Assisting spouses";"25-29 years";"O Public administration, defence and compulsory social security";0;0;0;0;0
"Total sex";"2022";"Assisting spouses";"25-29 years";"P Education";1;0;0;0;0
"Total sex";"2022";"Assisting spouses";"25-29 years";"QA Human health activities";0;0;0;0;0
"Total sex";"2022";"Assisting spouses";"25-29 years";"QB Residential care";0;0;0;0;0
"Total sex";"2022";"Assisting spouses";"25-29 years";"R Arts, entertainment and recreation activities";0;0;0;0;0
"Total sex";"2022";"Assisting spouses";"25-29 years";"S Other service activities etc.";1;0;1;1;0
"Total sex";"2022";"Assisting spouses";"25-29 years";"X Activity not stated";0;0;0;0;0
"Total sex";"2022";"Assisting spouses";"30-34 years";"A Agriculture, forestry and fishing";0;3;5;2;2
"Total sex";"2022";"Assisting spouses";"30-34 years";"B Mining and quarrying";0;0;0;0;0
"Total sex";"2022";"Assisting spouses";"30-34 years";"CA Manufacture of food products, beverages and tobacco";0;0;0;0;0
"Total sex";"2022";"Assisting spouses";"30-34 years";"CB Textiles and leather products";0;0;0;0;0
"Total sex";"2022";"Assisting spouses";"30-34 years";"CC Wood and paper products and printing";0;0;0;0;0
"Total sex";"2022";"Assisting spouses";"30-34 years";"CD Oil refinery etc.";0;0;0;0;0
"Total sex";"2022";"Assisting spouses";"30-34 years";"CE Manufacture of chemicals";0;0;0;0;0
"Total sex";"2022";"Assisting spouses";"30-34 years";"CF Pharmaceuticals";0;0;0;0;0
"Total sex";"2022";"Assisting spouses";"30-34 years";"CG Manufacture of plastic, glass and concrete";1;0;0;0;0
"Total sex";"2022";"Assisting spouses";"30-34 years";"CH Basic metals and fabricated metal products";0;0;0;0;0
"Total sex";"2022";"Assisting spouses";"30-34 years";"CI Manufacture of electronic components";0;0;0;0;0
"Total sex";"2022";"Assisting spouses";"30-34 years";"CJ Electrical equipment";1;0;0;0;0
"Total sex";"2022";"Assisting spouses";"30-34 years";"CK Manufacture of machinery";0;0;0;0;0
"Total sex";"2022";"Assisting spouses";"30-34 years";"CL Transport equipment";0;0;0;0;0
"Total sex";"2022";"Assisting spouses";"30-34 years";"CM Manufacture of funiture and other manufacturing";1;1;0;0;0
"Total sex";"2022";"Assisting spouses";"30-34 years";"D Electricity, gas, steam and air conditioning supply";0;0;0;0;0
"Total sex";"2022";"Assisting spouses";"30-34 years";"E Water supply, sewerage and waste management";0;0;0;0;0
"Total sex";"2022";"Assisting spouses";"30-34 years";"F Construction";4;3;5;2;3
"Total sex";"2022";"Assisting spouses";"30-34 years";"G Wholesale and retail trade";2;1;3;4;0
"Total sex";"2022";"Assisting spouses";"30-34 years";"H Transportation";5;0;0;0;0
"Total sex";"2022";"Assisting spouses";"30-34 years";"I Accommodation and food service activities";1;2;3;0;0
"Total sex";"2022";"Assisting spouses";"30-34 years";"JA Publishing, television and radio broadcasting";0;0;0;0;0
"Total sex";"2022";"Assisting spouses";"30-34 years";"JB Telecommunications";0;0;0;0;0
"Total sex";"2022";"Assisting spouses";"30-34 years";"JC IT and information service activities";1;1;1;2;0
"Total sex";"2022";"Assisting spouses";"30-34 years";"K Financial and insurance";0;0;0;0;0
"Total sex";"2022";"Assisting spouses";"30-34 years";"L Real estate activities";0;0;0;0;0
"Total sex";"2022";"Assisting spouses";"30-34 years";"MA Consultancy etc.";3;0;2;1;0
"Total sex";"2022";"Assisting spouses";"30-34 years";"MB Scientific research and development";0;0;0;0;0
"Total sex";"2022";"Assisting spouses";"30-34 years";"MC Advertising and other business services";3;0;0;0;0
"Total sex";"2022";"Assisting spouses";"30-34 years";"N Travel agent, cleaning, and other operationel services";5;2;4;6;2
"Total sex";"2022";"Assisting spouses";"30-34 years";"O Public administration, defence and compulsory social security";0;0;0;0;0
"Total sex";"2022";"Assisting spouses";"30-34 years";"P Education";1;1;0;0;0
"Total sex";"2022";"Assisting spouses";"30-34 years";"QA Human health activities";0;0;1;0;0
"Total sex";"2022";"Assisting spouses";"30-34 years";"QB Residential care";0;0;0;0;0
"Total sex";"2022";"Assisting spouses";"30-34 years";"R Arts, entertainment and recreation activities";4;0;1;1;0
"Total sex";"2022";"Assisting spouses";"30-34 years";"S Other service activities etc.";3;0;0;1;0
"Total sex";"2022";"Assisting spouses";"30-34 years";"X Activity not stated";0;0;0;0;0
"Total sex";"2022";"Assisting spouses";"35-39 years";"A Agriculture, forestry and fishing";0;5;15;7;10
"Total sex";"2022";"Assisting spouses";"35-39 years";"B Mining and quarrying";0;0;0;0;0
"Total sex";"2022";"Assisting spouses";"35-39 years";"CA Manufacture of food products, beverages and tobacco";0;0;0;0;0
"Total sex";"2022";"Assisting spouses";"35-39 years";"CB Textiles and leather products";0;0;0;0;0
"Total sex";"2022";"Assisting spouses";"35-39 years";"CC Wood and paper products and printing";0;0;0;0;0
"Total sex";"2022";"Assisting spouses";"35-39 years";"CD Oil refinery etc.";0;0;0;0;0
"Total sex";"2022";"Assisting spouses";"35-39 years";"CE Manufacture of chemicals";0;0;0;0;0
"Total sex";"2022";"Assisting spouses";"35-39 years";"CF Pharmaceuticals";0;0;0;0;0
"Total sex";"2022";"Assisting spouses";"35-39 years";"CG Manufacture of plastic, glass and concrete";0;0;0;0;0
"Total sex";"2022";"Assisting spouses";"35-39 years";"CH Basic metals and fabricated metal products";0;1;0;0;0
"Total sex";"2022";"Assisting spouses";"35-39 years";"CI Manufacture of electronic components";0;0;0;0;0
"Total sex";"2022";"Assisting spouses";"35-39 years";"CJ Electrical equipment";0;0;0;0;0
"Total sex";"2022";"Assisting spouses";"35-39 years";"CK Manufacture of machinery";0;0;0;0;0
"Total sex";"2022";"Assisting spouses";"35-39 years";"CL Transport equipment";0;0;0;0;0
"Total sex";"2022";"Assisting spouses";"35-39 years";"CM Manufacture of funiture and other manufacturing";2;1;1;0;0
"Total sex";"2022";"Assisting spouses";"35-39 years";"D Electricity, gas, steam and air conditioning supply";0;0;0;0;0
"Total sex";"2022";"Assisting spouses";"35-39 years";"E Water supply, sewerage and waste management";0;0;0;0;0
"Total sex";"2022";"Assisting spouses";"35-39 years";"F Construction";9;3;7;1;1
"Total sex";"2022";"Assisting spouses";"35-39 years";"G Wholesale and retail trade";2;3;5;2;1
"Total sex";"2022";"Assisting spouses";"35-39 years";"H Transportation";6;2;0;0;1
"Total sex";"2022";"Assisting spouses";"35-39 years";"I Accommodation and food service activities";2;3;4;2;1
"Total sex";"2022";"Assisting spouses";"35-39 years";"JA Publishing, television and radio broadcasting";2;0;1;0;0
"Total sex";"2022";"Assisting spouses";"35-39 years";"JB Telecommunications";0;0;0;0;0
"Total sex";"2022";"Assisting spouses";"35-39 years";"JC IT and information service activities";4;3;1;2;1
"Total sex";"2022";"Assisting spouses";"35-39 years";"K Financial and insurance";0;0;0;1;1
"Total sex";"2022";"Assisting spouses";"35-39 years";"L Real estate activities";0;0;0;0;0
"Total sex";"2022";"Assisting spouses";"35-39 years";"MA Consultancy etc.";1;0;0;1;0
"Total sex";"2022";"Assisting spouses";"35-39 years";"MB Scientific research and development";0;0;0;0;0
"Total sex";"2022";"Assisting spouses";"35-39 years";"MC Advertising and other business services";1;0;1;4;2
"Total sex";"2022";"Assisting spouses";"35-39 years";"N Travel agent, cleaning, and other operationel services";11;4;5;7;5
"Total sex";"2022";"Assisting spouses";"35-39 years";"O Public administration, defence and compulsory social security";0;0;0;0;0
"Total sex";"2022";"Assisting spouses";"35-39 years";"P Education";2;0;0;1;0
"Total sex";"2022";"Assisting spouses";"35-39 years";"QA Human health activities";2;1;2;0;0
"Total sex";"2022";"Assisting spouses";"35-39 years";"QB Residential care";0;0;0;0;0
"Total sex";"2022";"Assisting spouses";"35-39 years";"R Arts, entertainment and recreation activities";3;0;0;1;0
"Total sex";"2022";"Assisting spouses";"35-39 years";"S Other service activities etc.";0;1;1;2;0
"Total sex";"2022";"Assisting spouses";"35-39 years";"X Activity not stated";3;0;0;0;0
"Total sex";"2022";"Assisting spouses";"40-44 years";"A Agriculture, forestry and fishing";1;6;24;15;11
"Total sex";"2022";"Assisting spouses";"40-44 years";"B Mining and quarrying";0;0;0;0;0
"Total sex";"2022";"Assisting spouses";"40-44 years";"CA Manufacture of food products, beverages and tobacco";0;0;0;0;0
"Total sex";"2022";"Assisting spouses";"40-44 years";"CB Textiles and leather products";0;0;0;1;0
"Total sex";"2022";"Assisting spouses";"40-44 years";"CC Wood and paper products and printing";0;0;1;0;0
"Total sex";"2022";"Assisting spouses";"40-44 years";"CD Oil refinery etc.";0;0;0;0;0
"Total sex";"2022";"Assisting spouses";"40-44 years";"CE Manufacture of chemicals";0;0;0;0;0
"Total sex";"2022";"Assisting spouses";"40-44 years";"CF Pharmaceuticals";0;0;0;0;0
"Total sex";"2022";"Assisting spouses";"40-44 years";"CG Manufacture of plastic, glass and concrete";0;0;0;0;0
"Total sex";"2022";"Assisting spouses";"40-44 years";"CH Basic metals and fabricated metal products";0;1;0;0;0
"Total sex";"2022";"Assisting spouses";"40-44 years";"CI Manufacture of electronic components";0;0;0;0;0
"Total sex";"2022";"Assisting spouses";"40-44 years";"CJ Electrical equipment";0;0;0;0;0
"Total sex";"2022";"Assisting spouses";"40-44 years";"CK Manufacture of machinery";0;0;0;0;0
"Total sex";"2022";"Assisting spouses";"40-44 years";"CL Transport equipment";1;0;0;0;0
"Total sex";"2022";"Assisting spouses";"40-44 years";"CM Manufacture of funiture and other manufacturing";0;0;0;0;0
"Total sex";"2022";"Assisting spouses";"40-44 years";"D Electricity, gas, steam and air conditioning supply";0;0;0;0;0
"Total sex";"2022";"Assisting spouses";"40-44 years";"E Water supply, sewerage and waste management";0;0;0;0;0
"Total sex";"2022";"Assisting spouses";"40-44 years";"F Construction";6;2;3;1;0
"Total sex";"2022";"Assisting spouses";"40-44 years";"G Wholesale and retail trade";7;6;5;2;1
"Total sex";"2022";"Assisting spouses";"40-44 years";"H Transportation";6;1;1;0;0
"Total sex";"2022";"Assisting spouses";"40-44 years";"I Accommodation and food service activities";4;4;9;2;2
"Total sex";"2022";"Assisting spouses";"40-44 years";"JA Publishing, television and radio broadcasting";2;1;1;0;0
"Total sex";"2022";"Assisting spouses";"40-44 years";"JB Telecommunications";0;0;0;0;0
"Total sex";"2022";"Assisting spouses";"40-44 years";"JC IT and information service activities";2;5;2;1;0
"Total sex";"2022";"Assisting spouses";"40-44 years";"K Financial and insurance";0;0;0;0;0
"Total sex";"2022";"Assisting spouses";"40-44 years";"L Real estate activities";2;0;2;0;0
"Total sex";"2022";"Assisting spouses";"40-44 years";"MA Consultancy etc.";8;1;2;1;1
"Total sex";"2022";"Assisting spouses";"40-44 years";"MB Scientific research and development";0;0;0;0;0
"Total sex";"2022";"Assisting spouses";"40-44 years";"MC Advertising and other business services";0;2;1;1;1
"Total sex";"2022";"Assisting spouses";"40-44 years";"N Travel agent, cleaning, and other operationel services";11;7;11;9;0
"Total sex";"2022";"Assisting spouses";"40-44 years";"O Public administration, defence and compulsory social security";0;0;0;0;0
"Total sex";"2022";"Assisting spouses";"40-44 years";"P Education";3;0;4;1;0
"Total sex";"2022";"Assisting spouses";"40-44 years";"QA Human health activities";6;2;3;0;4
"Total sex";"2022";"Assisting spouses";"40-44 years";"QB Residential care";0;0;0;0;0
"Total sex";"2022";"Assisting spouses";"40-44 years";"R Arts, entertainment and recreation activities";3;2;2;1;0
"Total sex";"2022";"Assisting spouses";"40-44 years";"S Other service activities etc.";3;0;0;0;1
"Total sex";"2022";"Assisting spouses";"40-44 years";"X Activity not stated";0;1;1;0;0
"Total sex";"2022";"Assisting spouses";"45-49 years";"A Agriculture, forestry and fishing";6;11;30;21;14
"Total sex";"2022";"Assisting spouses";"45-49 years";"B Mining and quarrying";0;0;0;0;0
"Total sex";"2022";"Assisting spouses";"45-49 years";"CA Manufacture of food products, beverages and tobacco";1;0;1;0;0
"Total sex";"2022";"Assisting spouses";"45-49 years";"CB Textiles and leather products";0;0;0;0;0
"Total sex";"2022";"Assisting spouses";"45-49 years";"CC Wood and paper products and printing";0;0;0;0;0
"Total sex";"2022";"Assisting spouses";"45-49 years";"CD Oil refinery etc.";0;0;0;0;0
"Total sex";"2022";"Assisting spouses";"45-49 years";"CE Manufacture of chemicals";0;0;0;0;0
"Total sex";"2022";"Assisting spouses";"45-49 years";"CF Pharmaceuticals";0;0;0;0;0
"Total sex";"2022";"Assisting spouses";"45-49 years";"CG Manufacture of plastic, glass and concrete";0;0;0;0;0
"Total sex";"2022";"Assisting spouses";"45-49 years";"CH Basic metals and fabricated metal products";0;0;1;0;0
"Total sex";"2022";"Assisting spouses";"45-49 years";"CI Manufacture of electronic components";0;0;0;0;0
"Total sex";"2022";"Assisting spouses";"45-49 years";"CJ Electrical equipment";0;0;0;0;0
"Total sex";"2022";"Assisting spouses";"45-49 years";"CK Manufacture of machinery";0;0;0;2;0
"Total sex";"2022";"Assisting spouses";"45-49 years";"CL Transport equipment";0;0;0;0;0
"Total sex";"2022";"Assisting spouses";"45-49 years";"CM Manufacture of funiture and other manufacturing";0;0;0;0;1
"Total sex";"2022";"Assisting spouses";"45-49 years";"D Electricity, gas, steam and air conditioning supply";0;0;0;1;0
"Total sex";"2022";"Assisting spouses";"45-49 years";"E Water supply, sewerage and waste management";0;0;0;0;0
"Total sex";"2022";"Assisting spouses";"45-49 years";"F Construction";5;6;3;4;2
"Total sex";"2022";"Assisting spouses";"45-49 years";"G Wholesale and retail trade";8;10;6;6;6
"Total sex";"2022";"Assisting spouses";"45-49 years";"H Transportation";11;3;0;2;1
"Total sex";"2022";"Assisting spouses";"45-49 years";"I Accommodation and food service activities";6;4;6;7;3
"Total sex";"2022";"Assisting spouses";"45-49 years";"JA Publishing, television and radio broadcasting";2;0;0;1;0
"Total sex";"2022";"Assisting spouses";"45-49 years";"JB Telecommunications";0;0;1;0;0
"Total sex";"2022";"Assisting spouses";"45-49 years";"JC IT and information service activities";9;3;3;3;0
"Total sex";"2022";"Assisting spouses";"45-49 years";"K Financial and insurance";0;0;0;2;0
"Total sex";"2022";"Assisting spouses";"45-49 years";"L Real estate activities";1;0;2;0;0
"Total sex";"2022";"Assisting spouses";"45-49 years";"MA Consultancy etc.";5;1;2;1;0
"Total sex";"2022";"Assisting spouses";"45-49 years";"MB Scientific research and development";0;0;0;0;0
"Total sex";"2022";"Assisting spouses";"45-49 years";"MC Advertising and other business services";5;2;0;2;0
"Total sex";"2022";"Assisting spouses";"45-49 years";"N Travel agent, cleaning, and other operationel services";12;4;5;11;3
"Total sex";"2022";"Assisting spouses";"45-49 years";"O Public administration, defence and compulsory social security";0;0;0;0;0
"Total sex";"2022";"Assisting spouses";"45-49 years";"P Education";1;1;1;0;0
"Total sex";"2022";"Assisting spouses";"45-49 years";"QA Human health activities";12;2;3;3;2
"Total sex";"2022";"Assisting spouses";"45-49 years";"QB Residential care";0;0;0;0;0
"Total sex";"2022";"Assisting spouses";"45-49 years";"R Arts, entertainment and recreation activities";1;0;0;2;1
"Total sex";"2022";"Assisting spouses";"45-49 years";"S Other service activities etc.";2;0;3;1;1
"Total sex";"2022";"Assisting spouses";"45-49 years";"X Activity not stated";2;0;1;0;0
"Total sex";"2022";"Assisting spouses";"50-54 years";"A Agriculture, forestry and fishing";4;13;36;30;15
"Total sex";"2022";"Assisting spouses";"50-54 years";"B Mining and quarrying";0;0;0;0;0
"Total sex";"2022";"Assisting spouses";"50-54 years";"CA Manufacture of food products, beverages and tobacco";1;0;3;1;0
"Total sex";"2022";"Assisting spouses";"50-54 years";"CB Textiles and leather products";0;0;0;0;0
"Total sex";"2022";"Assisting spouses";"50-54 years";"CC Wood and paper products and printing";0;0;0;1;1
"Total sex";"2022";"Assisting spouses";"50-54 years";"CD Oil refinery etc.";0;0;0;0;0
"Total sex";"2022";"Assisting spouses";"50-54 years";"CE Manufacture of chemicals";0;0;0;0;0
"Total sex";"2022";"Assisting spouses";"50-54 years";"CF Pharmaceuticals";0;0;0;0;0
"Total sex";"2022";"Assisting spouses";"50-54 years";"CG Manufacture of plastic, glass and concrete";0;0;0;0;0
"Total sex";"2022";"Assisting spouses";"50-54 years";"CH Basic metals and fabricated metal products";0;0;2;1;0
"Total sex";"2022";"Assisting spouses";"50-54 years";"CI Manufacture of electronic components";0;0;0;0;0
"Total sex";"2022";"Assisting spouses";"50-54 years";"CJ Electrical equipment";0;0;1;0;0
"Total sex";"2022";"Assisting spouses";"50-54 years";"CK Manufacture of machinery";0;0;0;0;0
"Total sex";"2022";"Assisting spouses";"50-54 years";"CL Transport equipment";0;0;1;0;0
"Total sex";"2022";"Assisting spouses";"50-54 years";"CM Manufacture of funiture and other manufacturing";2;3;1;2;1
"Total sex";"2022";"Assisting spouses";"50-54 years";"D Electricity, gas, steam and air conditioning supply";0;0;0;0;0
"Total sex";"2022";"Assisting spouses";"50-54 years";"E Water supply, sewerage and waste management";1;0;0;0;0
"Total sex";"2022";"Assisting spouses";"50-54 years";"F Construction";8;2;7;4;5
"Total sex";"2022";"Assisting spouses";"50-54 years";"G Wholesale and retail trade";14;9;8;8;4
"Total sex";"2022";"Assisting spouses";"50-54 years";"H Transportation";12;0;4;1;0
"Total sex";"2022";"Assisting spouses";"50-54 years";"I Accommodation and food service activities";3;3;13;3;6
"Total sex";"2022";"Assisting spouses";"50-54 years";"JA Publishing, television and radio broadcasting";2;0;0;1;0
"Total sex";"2022";"Assisting spouses";"50-54 years";"JB Telecommunications";0;0;1;0;0
"Total sex";"2022";"Assisting spouses";"50-54 years";"JC IT and information service activities";7;5;1;0;1
"Total sex";"2022";"Assisting spouses";"50-54 years";"K Financial and insurance";0;0;0;0;0
"Total sex";"2022";"Assisting spouses";"50-54 years";"L Real estate activities";3;0;3;2;0
"Total sex";"2022";"Assisting spouses";"50-54 years";"MA Consultancy etc.";8;3;1;6;1
"Total sex";"2022";"Assisting spouses";"50-54 years";"MB Scientific research and development";0;0;0;0;0
"Total sex";"2022";"Assisting spouses";"50-54 years";"MC Advertising and other business services";4;4;1;3;0
"Total sex";"2022";"Assisting spouses";"50-54 years";"N Travel agent, cleaning, and other operationel services";10;7;11;9;3
"Total sex";"2022";"Assisting spouses";"50-54 years";"O Public administration, defence and compulsory social security";0;0;0;0;0
"Total sex";"2022";"Assisting spouses";"50-54 years";"P Education";3;2;1;1;0
"Total sex";"2022";"Assisting spouses";"50-54 years";"QA Human health activities";8;4;1;1;0
"Total sex";"2022";"Assisting spouses";"50-54 years";"QB Residential care";0;0;0;0;0
"Total sex";"2022";"Assisting spouses";"50-54 years";"R Arts, entertainment and recreation activities";2;1;1;2;1
"Total sex";"2022";"Assisting spouses";"50-54 years";"S Other service activities etc.";5;1;1;1;2
"Total sex";"2022";"Assisting spouses";"50-54 years";"X Activity not stated";2;0;0;0;0
"Total sex";"2022";"Assisting spouses";"55-59 years";"A Agriculture, forestry and fishing";5;24;46;43;30
"Total sex";"2022";"Assisting spouses";"55-59 years";"B Mining and quarrying";0;0;0;0;0
"Total sex";"2022";"Assisting spouses";"55-59 years";"CA Manufacture of food products, beverages and tobacco";2;2;2;0;3
"Total sex";"2022";"Assisting spouses";"55-59 years";"CB Textiles and leather products";1;0;0;0;0
"Total sex";"2022";"Assisting spouses";"55-59 years";"CC Wood and paper products and printing";0;1;2;0;0
"Total sex";"2022";"Assisting spouses";"55-59 years";"CD Oil refinery etc.";0;0;0;0;0
"Total sex";"2022";"Assisting spouses";"55-59 years";"CE Manufacture of chemicals";0;0;0;0;0
"Total sex";"2022";"Assisting spouses";"55-59 years";"CF Pharmaceuticals";0;0;0;0;0
"Total sex";"2022";"Assisting spouses";"55-59 years";"CG Manufacture of plastic, glass and concrete";0;0;0;0;1
"Total sex";"2022";"Assisting spouses";"55-59 years";"CH Basic metals and fabricated metal products";0;0;0;0;0
"Total sex";"2022";"Assisting spouses";"55-59 years";"CI Manufacture of electronic components";0;0;0;0;0
"Total sex";"2022";"Assisting spouses";"55-59 years";"CJ Electrical equipment";0;0;0;0;0
"Total sex";"2022";"Assisting spouses";"55-59 years";"CK Manufacture of machinery";0;0;0;0;0
"Total sex";"2022";"Assisting spouses";"55-59 years";"CL Transport equipment";0;0;0;0;0
"Total sex";"2022";"Assisting spouses";"55-59 years";"CM Manufacture of funiture and other manufacturing";0;1;2;0;0
"Total sex";"2022";"Assisting spouses";"55-59 years";"D Electricity, gas, steam and air conditioning supply";0;0;0;2;0
"Total sex";"2022";"Assisting spouses";"55-59 years";"E Water supply, sewerage and waste management";0;0;0;0;0
"Total sex";"2022";"Assisting spouses";"55-59 years";"F Construction";5;6;7;5;2
"Total sex";"2022";"Assisting spouses";"55-59 years";"G Wholesale and retail trade";21;16;12;10;7
"Total sex";"2022";"Assisting spouses";"55-59 years";"H Transportation";9;1;2;1;2
"Total sex";"2022";"Assisting spouses";"55-59 years";"I Accommodation and food service activities";11;9;12;5;7
"Total sex";"2022";"Assisting spouses";"55-59 years";"JA Publishing, television and radio broadcasting";1;0;0;1;0
"Total sex";"2022";"Assisting spouses";"55-59 years";"JB Telecommunications";0;0;0;0;0
"Total sex";"2022";"Assisting spouses";"55-59 years";"JC IT and information service activities";3;3;1;0;1
"Total sex";"2022";"Assisting spouses";"55-59 years";"K Financial and insurance";0;0;0;1;1
"Total sex";"2022";"Assisting spouses";"55-59 years";"L Real estate activities";3;2;0;2;0
"Total sex";"2022";"Assisting spouses";"55-59 years";"MA Consultancy etc.";13;2;7;3;3
"Total sex";"2022";"Assisting spouses";"55-59 years";"MB Scientific research and development";0;0;0;0;0
"Total sex";"2022";"Assisting spouses";"55-59 years";"MC Advertising and other business services";6;1;3;2;0
"Total sex";"2022";"Assisting spouses";"55-59 years";"N Travel agent, cleaning, and other operationel services";13;13;15;8;8
"Total sex";"2022";"Assisting spouses";"55-59 years";"O Public administration, defence and compulsory social security";0;0;0;0;0
"Total sex";"2022";"Assisting spouses";"55-59 years";"P Education";2;0;3;1;2
"Total sex";"2022";"Assisting spouses";"55-59 years";"QA Human health activities";3;4;4;1;1
"Total sex";"2022";"Assisting spouses";"55-59 years";"QB Residential care";0;0;1;0;0
"Total sex";"2022";"Assisting spouses";"55-59 years";"R Arts, entertainment and recreation activities";1;2;1;2;1
"Total sex";"2022";"Assisting spouses";"55-59 years";"S Other service activities etc.";4;0;2;3;1
"Total sex";"2022";"Assisting spouses";"55-59 years";"X Activity not stated";8;1;1;0;1
"Total sex";"2022";"Assisting spouses";"60-64 years";"A Agriculture, forestry and fishing";9;26;38;49;28
"Total sex";"2022";"Assisting spouses";"60-64 years";"B Mining and quarrying";0;0;0;0;0
"Total sex";"2022";"Assisting spouses";"60-64 years";"CA Manufacture of food products, beverages and tobacco";0;1;1;1;0
"Total sex";"2022";"Assisting spouses";"60-64 years";"CB Textiles and leather products";0;0;0;0;0
"Total sex";"2022";"Assisting spouses";"60-64 years";"CC Wood and paper products and printing";0;0;0;1;1
"Total sex";"2022";"Assisting spouses";"60-64 years";"CD Oil refinery etc.";0;0;0;0;0
"Total sex";"2022";"Assisting spouses";"60-64 years";"CE Manufacture of chemicals";0;0;0;0;0
"Total sex";"2022";"Assisting spouses";"60-64 years";"CF Pharmaceuticals";0;0;0;0;0
"Total sex";"2022";"Assisting spouses";"60-64 years";"CG Manufacture of plastic, glass and concrete";0;1;0;1;0
"Total sex";"2022";"Assisting spouses";"60-64 years";"CH Basic metals and fabricated metal products";0;1;0;2;1
"Total sex";"2022";"Assisting spouses";"60-64 years";"CI Manufacture of electronic components";1;0;0;0;0
"Total sex";"2022";"Assisting spouses";"60-64 years";"CJ Electrical equipment";0;0;0;0;0
"Total sex";"2022";"Assisting spouses";"60-64 years";"CK Manufacture of machinery";0;1;0;0;0
"Total sex";"2022";"Assisting spouses";"60-64 years";"CL Transport equipment";0;0;0;0;0
"Total sex";"2022";"Assisting spouses";"60-64 years";"CM Manufacture of funiture and other manufacturing";0;2;3;1;1
"Total sex";"2022";"Assisting spouses";"60-64 years";"D Electricity, gas, steam and air conditioning supply";0;0;0;2;1
"Total sex";"2022";"Assisting spouses";"60-64 years";"E Water supply, sewerage and waste management";0;0;0;0;0
"Total sex";"2022";"Assisting spouses";"60-64 years";"F Construction";6;9;6;3;4
"Total sex";"2022";"Assisting spouses";"60-64 years";"G Wholesale and retail trade";22;4;11;15;4
"Total sex";"2022";"Assisting spouses";"60-64 years";"H Transportation";4;2;4;3;3
"Total sex";"2022";"Assisting spouses";"60-64 years";"I Accommodation and food service activities";16;5;10;11;5
"Total sex";"2022";"Assisting spouses";"60-64 years";"JA Publishing, television and radio broadcasting";3;0;0;0;0
"Total sex";"2022";"Assisting spouses";"60-64 years";"JB Telecommunications";0;0;0;0;0
"Total sex";"2022";"Assisting spouses";"60-64 years";"JC IT and information service activities";6;1;0;2;1
"Total sex";"2022";"Assisting spouses";"60-64 years";"K Financial and insurance";1;0;0;1;1
"Total sex";"2022";"Assisting spouses";"60-64 years";"L Real estate activities";3;0;4;4;3
"Total sex";"2022";"Assisting spouses";"60-64 years";"MA Consultancy etc.";13;7;7;1;1
"Total sex";"2022";"Assisting spouses";"60-64 years";"MB Scientific research and development";2;0;0;0;0
"Total sex";"2022";"Assisting spouses";"60-64 years";"MC Advertising and other business services";6;2;2;1;1
"Total sex";"2022";"Assisting spouses";"60-64 years";"N Travel agent, cleaning, and other operationel services";11;11;4;3;2
"Total sex";"2022";"Assisting spouses";"60-64 years";"O Public administration, defence and compulsory social security";0;0;0;0;0
"Total sex";"2022";"Assisting spouses";"60-64 years";"P Education";4;0;1;0;0
"Total sex";"2022";"Assisting spouses";"60-64 years";"QA Human health activities";8;4;1;3;0
"Total sex";"2022";"Assisting spouses";"60-64 years";"QB Residential care";0;0;0;0;0
"Total sex";"2022";"Assisting spouses";"60-64 years";"R Arts, entertainment and recreation activities";3;1;2;1;0
"Total sex";"2022";"Assisting spouses";"60-64 years";"S Other service activities etc.";2;4;2;1;0
"Total sex";"2022";"Assisting spouses";"60-64 years";"X Activity not stated";3;1;1;2;0
"Total sex";"2022";"Assisting spouses";"65-66 years";"A Agriculture, forestry and fishing";4;9;18;20;12
"Total sex";"2022";"Assisting spouses";"65-66 years";"B Mining and quarrying";0;0;0;0;0
"Total sex";"2022";"Assisting spouses";"65-66 years";"CA Manufacture of food products, beverages and tobacco";0;0;0;0;0
"Total sex";"2022";"Assisting spouses";"65-66 years";"CB Textiles and leather products";0;0;0;0;0
"Total sex";"2022";"Assisting spouses";"65-66 years";"CC Wood and paper products and printing";0;1;0;0;0
"Total sex";"2022";"Assisting spouses";"65-66 years";"CD Oil refinery etc.";0;0;0;0;0
"Total sex";"2022";"Assisting spouses";"65-66 years";"CE Manufacture of chemicals";0;0;0;0;0
"Total sex";"2022";"Assisting spouses";"65-66 years";"CF Pharmaceuticals";0;0;0;0;0
"Total sex";"2022";"Assisting spouses";"65-66 years";"CG Manufacture of plastic, glass and concrete";0;0;0;1;0
"Total sex";"2022";"Assisting spouses";"65-66 years";"CH Basic metals and fabricated metal products";0;0;0;1;0
"Total sex";"2022";"Assisting spouses";"65-66 years";"CI Manufacture of electronic components";0;0;0;0;0
"Total sex";"2022";"Assisting spouses";"65-66 years";"CJ Electrical equipment";0;0;0;0;0
"Total sex";"2022";"Assisting spouses";"65-66 years";"CK Manufacture of machinery";0;0;0;0;0
"Total sex";"2022";"Assisting spouses";"65-66 years";"CL Transport equipment";0;0;0;0;0
"Total sex";"2022";"Assisting spouses";"65-66 years";"CM Manufacture of funiture and other manufacturing";0;1;0;0;0
"Total sex";"2022";"Assisting spouses";"65-66 years";"D Electricity, gas, steam and air conditioning supply";0;0;0;1;0
"Total sex";"2022";"Assisting spouses";"65-66 years";"E Water supply, sewerage and waste management";0;0;0;0;0
"Total sex";"2022";"Assisting spouses";"65-66 years";"F Construction";4;2;2;3;0
"Total sex";"2022";"Assisting spouses";"65-66 years";"G Wholesale and retail trade";3;6;6;5;1
"Total sex";"2022";"Assisting spouses";"65-66 years";"H Transportation";1;1;1;2;1
"Total sex";"2022";"Assisting spouses";"65-66 years";"I Accommodation and food service activities";3;1;3;2;1
"Total sex";"2022";"Assisting spouses";"65-66 years";"JA Publishing, television and radio broadcasting";0;0;0;0;0
"Total sex";"2022";"Assisting spouses";"65-66 years";"JB Telecommunications";0;0;0;0;0
"Total sex";"2022";"Assisting spouses";"65-66 years";"JC IT and information service activities";1;0;0;0;0
"Total sex";"2022";"Assisting spouses";"65-66 years";"K Financial and insurance";2;0;0;0;0
"Total sex";"2022";"Assisting spouses";"65-66 years";"L Real estate activities";0;1;0;1;0
"Total sex";"2022";"Assisting spouses";"65-66 years";"MA Consultancy etc.";2;2;2;2;2
"Total sex";"2022";"Assisting spouses";"65-66 years";"MB Scientific research and development";0;0;0;0;0
"Total sex";"2022";"Assisting spouses";"65-66 years";"MC Advertising and other business services";0;0;0;2;0
"Total sex";"2022";"Assisting spouses";"65-66 years";"N Travel agent, cleaning, and other operationel services";2;3;2;1;0
"Total sex";"2022";"Assisting spouses";"65-66 years";"O Public administration, defence and compulsory social security";0;0;0;0;0
"Total sex";"2022";"Assisting spouses";"65-66 years";"P Education";0;0;0;1;2
"Total sex";"2022";"Assisting spouses";"65-66 years";"QA Human health activities";6;3;3;2;2
"Total sex";"2022";"Assisting spouses";"65-66 years";"QB Residential care";0;0;0;0;0
"Total sex";"2022";"Assisting spouses";"65-66 years";"R Arts, entertainment and recreation activities";1;0;0;0;0
"Total sex";"2022";"Assisting spouses";"65-66 years";"S Other service activities etc.";3;1;0;0;0
"Total sex";"2022";"Assisting spouses";"65-66 years";"X Activity not stated";0;1;1;0;0
"Total sex";"2022";"Assisting spouses";"67 years and over";"A Agriculture, forestry and fishing";12;85;110;113;78
"Total sex";"2022";"Assisting spouses";"67 years and over";"B Mining and quarrying";0;0;0;0;0
"Total sex";"2022";"Assisting spouses";"67 years and over";"CA Manufacture of food products, beverages and tobacco";0;1;0;0;0
"Total sex";"2022";"Assisting spouses";"67 years and over";"CB Textiles and leather products";0;0;0;0;0
"Total sex";"2022";"Assisting spouses";"67 years and over";"CC Wood and paper products and printing";2;1;0;3;0
"Total sex";"2022";"Assisting spouses";"67 years and over";"CD Oil refinery etc.";0;0;0;0;0
"Total sex";"2022";"Assisting spouses";"67 years and over";"CE Manufacture of chemicals";0;0;0;0;0
"Total sex";"2022";"Assisting spouses";"67 years and over";"CF Pharmaceuticals";0;0;0;0;0
"Total sex";"2022";"Assisting spouses";"67 years and over";"CG Manufacture of plastic, glass and concrete";3;1;2;0;0
"Total sex";"2022";"Assisting spouses";"67 years and over";"CH Basic metals and fabricated metal products";0;0;2;3;0
"Total sex";"2022";"Assisting spouses";"67 years and over";"CI Manufacture of electronic components";0;1;0;0;0
"Total sex";"2022";"Assisting spouses";"67 years and over";"CJ Electrical equipment";0;0;0;1;0
"Total sex";"2022";"Assisting spouses";"67 years and over";"CK Manufacture of machinery";0;1;0;3;0
"Total sex";"2022";"Assisting spouses";"67 years and over";"CL Transport equipment";0;0;0;1;0
"Total sex";"2022";"Assisting spouses";"67 years and over";"CM Manufacture of funiture and other manufacturing";3;4;1;3;0
"Total sex";"2022";"Assisting spouses";"67 years and over";"D Electricity, gas, steam and air conditioning supply";0;2;2;6;0
"Total sex";"2022";"Assisting spouses";"67 years and over";"E Water supply, sewerage and waste management";1;0;0;0;1
"Total sex";"2022";"Assisting spouses";"67 years and over";"F Construction";16;15;20;12;4
"Total sex";"2022";"Assisting spouses";"67 years and over";"G Wholesale and retail trade";22;29;35;39;17
"Total sex";"2022";"Assisting spouses";"67 years and over";"H Transportation";6;6;10;6;3
"Total sex";"2022";"Assisting spouses";"67 years and over";"I Accommodation and food service activities";6;6;8;6;2
"Total sex";"2022";"Assisting spouses";"67 years and over";"JA Publishing, television and radio broadcasting";2;1;1;1;0
"Total sex";"2022";"Assisting spouses";"67 years and over";"JB Telecommunications";0;0;0;0;0
"Total sex";"2022";"Assisting spouses";"67 years and over";"JC IT and information service activities";7;0;1;1;1
"Total sex";"2022";"Assisting spouses";"67 years and over";"K Financial and insurance";2;0;4;1;0
"Total sex";"2022";"Assisting spouses";"67 years and over";"L Real estate activities";26;19;24;24;16
"Total sex";"2022";"Assisting spouses";"67 years and over";"MA Consultancy etc.";30;17;13;9;9
"Total sex";"2022";"Assisting spouses";"67 years and over";"MB Scientific research and development";1;0;0;0;0
"Total sex";"2022";"Assisting spouses";"67 years and over";"MC Advertising and other business services";12;2;5;1;1
"Total sex";"2022";"Assisting spouses";"67 years and over";"N Travel agent, cleaning, and other operationel services";13;4;6;3;2
"Total sex";"2022";"Assisting spouses";"67 years and over";"O Public administration, defence and compulsory social security";0;0;0;0;0
"Total sex";"2022";"Assisting spouses";"67 years and over";"P Education";4;3;1;4;1
"Total sex";"2022";"Assisting spouses";"67 years and over";"QA Human health activities";35;8;18;9;8
"Total sex";"2022";"Assisting spouses";"67 years and over";"QB Residential care";0;0;0;1;0
"Total sex";"2022";"Assisting spouses";"67 years and over";"R Arts, entertainment and recreation activities";5;3;1;4;3
"Total sex";"2022";"Assisting spouses";"67 years and over";"S Other service activities etc.";5;2;5;7;1
"Total sex";"2022";"Assisting spouses";"67 years and over";"X Activity not stated";10;6;18;11;11
"Total sex";"2022";"Employees, managers";"Under 16 years";"A Agriculture, forestry and fishing";0;0;0;0;0
"Total sex";"2022";"Employees, managers";"Under 16 years";"B Mining and quarrying";0;0;0;0;0
"Total sex";"2022";"Employees, managers";"Under 16 years";"CA Manufacture of food products, beverages and tobacco";0;0;0;0;0
"Total sex";"2022";"Employees, managers";"Under 16 years";"CB Textiles and leather products";0;0;0;0;0
"Total sex";"2022";"Employees, managers";"Under 16 years";"CC Wood and paper products and printing";0;0;0;0;0
"Total sex";"2022";"Employees, managers";"Under 16 years";"CD Oil refinery etc.";0;0;0;0;0
"Total sex";"2022";"Employees, managers";"Under 16 years";"CE Manufacture of chemicals";0;0;0;0;0
"Total sex";"2022";"Employees, managers";"Under 16 years";"CF Pharmaceuticals";0;0;0;0;0
"Total sex";"2022";"Employees, managers";"Under 16 years";"CG Manufacture of plastic, glass and concrete";0;0;0;0;0
"Total sex";"2022";"Employees, managers";"Under 16 years";"CH Basic metals and fabricated metal products";0;0;0;0;0
"Total sex";"2022";"Employees, managers";"Under 16 years";"CI Manufacture of electronic components";0;0;0;0;0
"Total sex";"2022";"Employees, managers";"Under 16 years";"CJ Electrical equipment";0;0;0;0;0
"Total sex";"2022";"Employees, managers";"Under 16 years";"CK Manufacture of machinery";0;0;0;0;0
"Total sex";"2022";"Employees, managers";"Under 16 years";"CL Transport equipment";0;0;0;0;0
"Total sex";"2022";"Employees, managers";"Under 16 years";"CM Manufacture of funiture and other manufacturing";0;0;0;0;0
"Total sex";"2022";"Employees, managers";"Under 16 years";"D Electricity, gas, steam and air conditioning supply";0;0;0;0;0
"Total sex";"2022";"Employees, managers";"Under 16 years";"E Water supply, sewerage and waste management";0;0;0;0;0
"Total sex";"2022";"Employees, managers";"Under 16 years";"F Construction";0;0;0;0;0
"Total sex";"2022";"Employees, managers";"Under 16 years";"G Wholesale and retail trade";0;0;0;0;0
"Total sex";"2022";"Employees, managers";"Under 16 years";"H Transportation";0;0;0;0;0
"Total sex";"2022";"Employees, managers";"Under 16 years";"I Accommodation and food service activities";0;0;0;0;0
"Total sex";"2022";"Employees, managers";"Under 16 years";"JA Publishing, television and radio broadcasting";0;0;0;0;0
"Total sex";"2022";"Employees, managers";"Under 16 years";"JB Telecommunications";0;0;0;0;0
"Total sex";"2022";"Employees, managers";"Under 16 years";"JC IT and information service activities";0;0;0;0;0
"Total sex";"2022";"Employees, managers";"Under 16 years";"K Financial and insurance";0;0;0;0;0
"Total sex";"2022";"Employees, managers";"Under 16 years";"L Real estate activities";0;0;0;0;0
"Total sex";"2022";"Employees, managers";"Under 16 years";"MA Consultancy etc.";0;0;0;0;0
"Total sex";"2022";"Employees, managers";"Under 16 years";"MB Scientific research and development";0;0;0;0;0
"Total sex";"2022";"Employees, managers";"Under 16 years";"MC Advertising and other business services";0;0;0;0;0
"Total sex";"2022";"Employees, managers";"Under 16 years";"N Travel agent, cleaning, and other operationel services";0;0;0;0;0
"Total sex";"2022";"Employees, managers";"Under 16 years";"O Public administration, defence and compulsory social security";0;0;0;0;0
"Total sex";"2022";"Employees, managers";"Under 16 years";"P Education";0;0;0;0;0
"Total sex";"2022";"Employees, managers";"Under 16 years";"QA Human health activities";0;0;0;0;0
"Total sex";"2022";"Employees, managers";"Under 16 years";"QB Residential care";0;0;0;0;0
"Total sex";"2022";"Employees, managers";"Under 16 years";"R Arts, entertainment and recreation activities";0;0;0;0;0
"Total sex";"2022";"Employees, managers";"Under 16 years";"S Other service activities etc.";0;0;0;0;0
"Total sex";"2022";"Employees, managers";"Under 16 years";"X Activity not stated";0;0;0;0;0
"Total sex";"2022";"Employees, managers";"16-19 years";"A Agriculture, forestry and fishing";1;0;0;0;0
"Total sex";"2022";"Employees, managers";"16-19 years";"B Mining and quarrying";0;0;0;0;0
"Total sex";"2022";"Employees, managers";"16-19 years";"CA Manufacture of food products, beverages and tobacco";0;0;1;1;0
"Total sex";"2022";"Employees, managers";"16-19 years";"CB Textiles and leather products";0;0;0;0;0
"Total sex";"2022";"Employees, managers";"16-19 years";"CC Wood and paper products and printing";0;0;1;0;0
"Total sex";"2022";"Employees, managers";"16-19 years";"CD Oil refinery etc.";0;0;0;0;0
"Total sex";"2022";"Employees, managers";"16-19 years";"CE Manufacture of chemicals";0;0;0;0;0
"Total sex";"2022";"Employees, managers";"16-19 years";"CF Pharmaceuticals";0;0;0;0;0
"Total sex";"2022";"Employees, managers";"16-19 years";"CG Manufacture of plastic, glass and concrete";0;0;0;0;0
"Total sex";"2022";"Employees, managers";"16-19 years";"CH Basic metals and fabricated metal products";0;0;0;1;0
"Total sex";"2022";"Employees, managers";"16-19 years";"CI Manufacture of electronic components";0;0;0;0;0
"Total sex";"2022";"Employees, managers";"16-19 years";"CJ Electrical equipment";0;0;0;0;0
"Total sex";"2022";"Employees, managers";"16-19 years";"CK Manufacture of machinery";0;0;0;0;0
"Total sex";"2022";"Employees, managers";"16-19 years";"CL Transport equipment";0;0;0;0;0
"Total sex";"2022";"Employees, managers";"16-19 years";"CM Manufacture of funiture and other manufacturing";0;0;2;0;0
"Total sex";"2022";"Employees, managers";"16-19 years";"D Electricity, gas, steam and air conditioning supply";0;0;0;0;0
"Total sex";"2022";"Employees, managers";"16-19 years";"E Water supply, sewerage and waste management";0;0;1;0;0
"Total sex";"2022";"Employees, managers";"16-19 years";"F Construction";0;0;1;3;0
"Total sex";"2022";"Employees, managers";"16-19 years";"G Wholesale and retail trade";4;4;6;5;2
"Total sex";"2022";"Employees, managers";"16-19 years";"H Transportation";0;1;0;0;1
"Total sex";"2022";"Employees, managers";"16-19 years";"I Accommodation and food service activities";4;2;0;15;0
"Total sex";"2022";"Employees, managers";"16-19 years";"JA Publishing, television and radio broadcasting";0;0;0;0;0
"Total sex";"2022";"Employees, managers";"16-19 years";"JB Telecommunications";0;0;0;0;0
"Total sex";"2022";"Employees, managers";"16-19 years";"JC IT and information service activities";1;0;0;1;0
"Total sex";"2022";"Employees, managers";"16-19 years";"K Financial and insurance";0;0;0;0;0
"Total sex";"2022";"Employees, managers";"16-19 years";"L Real estate activities";0;0;1;0;0
"Total sex";"2022";"Employees, managers";"16-19 years";"MA Consultancy etc.";1;0;1;0;0
"Total sex";"2022";"Employees, managers";"16-19 years";"MB Scientific research and development";0;0;0;0;0
"Total sex";"2022";"Employees, managers";"16-19 years";"MC Advertising and other business services";0;0;0;0;0
"Total sex";"2022";"Employees, managers";"16-19 years";"N Travel agent, cleaning, and other operationel services";2;0;0;1;2
"Total sex";"2022";"Employees, managers";"16-19 years";"O Public administration, defence and compulsory social security";1;0;1;0;0
"Total sex";"2022";"Employees, managers";"16-19 years";"P Education";0;1;0;0;0
"Total sex";"2022";"Employees, managers";"16-19 years";"QA Human health activities";0;0;0;0;0
"Total sex";"2022";"Employees, managers";"16-19 years";"QB Residential care";0;0;0;0;0
"Total sex";"2022";"Employees, managers";"16-19 years";"R Arts, entertainment and recreation activities";2;1;1;0;0
"Total sex";"2022";"Employees, managers";"16-19 years";"S Other service activities etc.";0;0;0;0;0
"Total sex";"2022";"Employees, managers";"16-19 years";"X Activity not stated";0;0;0;0;0
"Total sex";"2022";"Employees, managers";"20-24 years";"A Agriculture, forestry and fishing";0;0;0;1;0
"Total sex";"2022";"Employees, managers";"20-24 years";"B Mining and quarrying";0;0;0;0;0
"Total sex";"2022";"Employees, managers";"20-24 years";"CA Manufacture of food products, beverages and tobacco";4;0;1;0;0
"Total sex";"2022";"Employees, managers";"20-24 years";"CB Textiles and leather products";1;0;0;0;0
"Total sex";"2022";"Employees, managers";"20-24 years";"CC Wood and paper products and printing";1;1;0;1;0
"Total sex";"2022";"Employees, managers";"20-24 years";"CD Oil refinery etc.";0;0;0;0;0
"Total sex";"2022";"Employees, managers";"20-24 years";"CE Manufacture of chemicals";1;0;0;0;2
"Total sex";"2022";"Employees, managers";"20-24 years";"CF Pharmaceuticals";2;1;0;0;0
"Total sex";"2022";"Employees, managers";"20-24 years";"CG Manufacture of plastic, glass and concrete";0;0;2;1;1
"Total sex";"2022";"Employees, managers";"20-24 years";"CH Basic metals and fabricated metal products";0;1;1;0;0
"Total sex";"2022";"Employees, managers";"20-24 years";"CI Manufacture of electronic components";1;0;0;2;0
"Total sex";"2022";"Employees, managers";"20-24 years";"CJ Electrical equipment";0;0;0;0;0
"Total sex";"2022";"Employees, managers";"20-24 years";"CK Manufacture of machinery";0;2;0;1;2
"Total sex";"2022";"Employees, managers";"20-24 years";"CL Transport equipment";1;0;0;0;0
"Total sex";"2022";"Employees, managers";"20-24 years";"CM Manufacture of funiture and other manufacturing";0;1;1;4;0
"Total sex";"2022";"Employees, managers";"20-24 years";"D Electricity, gas, steam and air conditioning supply";2;0;0;0;0
"Total sex";"2022";"Employees, managers";"20-24 years";"E Water supply, sewerage and waste management";0;0;0;0;0
"Total sex";"2022";"Employees, managers";"20-24 years";"F Construction";13;4;10;15;6
"Total sex";"2022";"Employees, managers";"20-24 years";"G Wholesale and retail trade";212;66;96;109;38
"Total sex";"2022";"Employees, managers";"20-24 years";"H Transportation";8;3;1;7;2
"Total sex";"2022";"Employees, managers";"20-24 years";"I Accommodation and food service activities";68;15;13;36;8
"Total sex";"2022";"Employees, managers";"20-24 years";"JA Publishing, television and radio broadcasting";2;0;1;3;0
"Total sex";"2022";"Employees, managers";"20-24 years";"JB Telecommunications";0;0;0;1;0
"Total sex";"2022";"Employees, managers";"20-24 years";"JC IT and information service activities";8;0;1;1;0
"Total sex";"2022";"Employees, managers";"20-24 years";"K Financial and insurance";4;0;0;0;0
"Total sex";"2022";"Employees, managers";"20-24 years";"L Real estate activities";4;0;1;1;0
"Total sex";"2022";"Employees, managers";"20-24 years";"MA Consultancy etc.";2;2;1;6;0
"Total sex";"2022";"Employees, managers";"20-24 years";"MB Scientific research and development";1;0;0;0;0
"Total sex";"2022";"Employees, managers";"20-24 years";"MC Advertising and other business services";3;0;0;4;1
"Total sex";"2022";"Employees, managers";"20-24 years";"N Travel agent, cleaning, and other operationel services";27;0;7;8;12
"Total sex";"2022";"Employees, managers";"20-24 years";"O Public administration, defence and compulsory social security";19;4;5;7;3
"Total sex";"2022";"Employees, managers";"20-24 years";"P Education";1;0;1;2;0
"Total sex";"2022";"Employees, managers";"20-24 years";"QA Human health activities";1;0;0;1;0
"Total sex";"2022";"Employees, managers";"20-24 years";"QB Residential care";0;0;2;0;1
"Total sex";"2022";"Employees, managers";"20-24 years";"R Arts, entertainment and recreation activities";29;2;11;15;2
"Total sex";"2022";"Employees, managers";"20-24 years";"S Other service activities etc.";13;0;2;2;0
"Total sex";"2022";"Employees, managers";"20-24 years";"X Activity not stated";0;0;0;0;0
"Total sex";"2022";"Employees, managers";"25-29 years";"A Agriculture, forestry and fishing";0;1;2;3;0
"Total sex";"2022";"Employees, managers";"25-29 years";"B Mining and quarrying";0;2;3;0;0
"Total sex";"2022";"Employees, managers";"25-29 years";"CA Manufacture of food products, beverages and tobacco";9;2;7;8;3
"Total sex";"2022";"Employees, managers";"25-29 years";"CB Textiles and leather products";2;0;0;4;3
"Total sex";"2022";"Employees, managers";"25-29 years";"CC Wood and paper products and printing";3;0;1;6;2
"Total sex";"2022";"Employees, managers";"25-29 years";"CD Oil refinery etc.";0;0;0;0;0
"Total sex";"2022";"Employees, managers";"25-29 years";"CE Manufacture of chemicals";4;0;2;2;2
"Total sex";"2022";"Employees, managers";"25-29 years";"CF Pharmaceuticals";11;6;0;0;0
"Total sex";"2022";"Employees, managers";"25-29 years";"CG Manufacture of plastic, glass and concrete";4;6;4;4;7
"Total sex";"2022";"Employees, managers";"25-29 years";"CH Basic metals and fabricated metal products";9;3;8;6;8
"Total sex";"2022";"Employees, managers";"25-29 years";"CI Manufacture of electronic components";10;1;0;1;0
"Total sex";"2022";"Employees, managers";"25-29 years";"CJ Electrical equipment";3;1;3;2;2
"Total sex";"2022";"Employees, managers";"25-29 years";"CK Manufacture of machinery";0;5;15;17;13
"Total sex";"2022";"Employees, managers";"25-29 years";"CL Transport equipment";0;1;2;0;0
"Total sex";"2022";"Employees, managers";"25-29 years";"CM Manufacture of funiture and other manufacturing";9;0;16;9;3
"Total sex";"2022";"Employees, managers";"25-29 years";"D Electricity, gas, steam and air conditioning supply";2;0;4;5;1
"Total sex";"2022";"Employees, managers";"25-29 years";"E Water supply, sewerage and waste management";1;3;0;4;0
"Total sex";"2022";"Employees, managers";"25-29 years";"F Construction";68;29;36;58;35
"Total sex";"2022";"Employees, managers";"25-29 years";"G Wholesale and retail trade";660;191;319;476;122
"Total sex";"2022";"Employees, managers";"25-29 years";"H Transportation";32;3;11;15;3
"Total sex";"2022";"Employees, managers";"25-29 years";"I Accommodation and food service activities";94;14;20;36;11
"Total sex";"2022";"Employees, managers";"25-29 years";"JA Publishing, television and radio broadcasting";40;1;5;5;2
"Total sex";"2022";"Employees, managers";"25-29 years";"JB Telecommunications";9;0;3;3;1
"Total sex";"2022";"Employees, managers";"25-29 years";"JC IT and information service activities";117;3;8;25;4
"Total sex";"2022";"Employees, managers";"25-29 years";"K Financial and insurance";62;1;2;10;3
"Total sex";"2022";"Employees, managers";"25-29 years";"L Real estate activities";23;2;6;7;1
"Total sex";"2022";"Employees, managers";"25-29 years";"MA Consultancy etc.";39;3;9;29;6
"Total sex";"2022";"Employees, managers";"25-29 years";"MB Scientific research and development";8;2;4;1;0
"Total sex";"2022";"Employees, managers";"25-29 years";"MC Advertising and other business services";31;3;6;11;3
"Total sex";"2022";"Employees, managers";"25-29 years";"N Travel agent, cleaning, and other operationel services";105;12;15;37;11
"Total sex";"2022";"Employees, managers";"25-29 years";"O Public administration, defence and compulsory social security";27;4;9;7;3
"Total sex";"2022";"Employees, managers";"25-29 years";"P Education";7;2;6;4;1
"Total sex";"2022";"Employees, managers";"25-29 years";"QA Human health activities";9;0;2;4;0
"Total sex";"2022";"Employees, managers";"25-29 years";"QB Residential care";21;3;2;7;5
"Total sex";"2022";"Employees, managers";"25-29 years";"R Arts, entertainment and recreation activities";35;8;13;9;6
"Total sex";"2022";"Employees, managers";"25-29 years";"S Other service activities etc.";34;0;12;7;1
"Total sex";"2022";"Employees, managers";"25-29 years";"X Activity not stated";0;0;0;0;0
"Total sex";"2022";"Employees, managers";"30-34 years";"A Agriculture, forestry and fishing";0;4;3;4;1
"Total sex";"2022";"Employees, managers";"30-34 years";"B Mining and quarrying";3;1;3;0;0
"Total sex";"2022";"Employees, managers";"30-34 years";"CA Manufacture of food products, beverages and tobacco";22;11;20;19;9
"Total sex";"2022";"Employees, managers";"30-34 years";"CB Textiles and leather products";7;0;2;4;2
"Total sex";"2022";"Employees, managers";"30-34 years";"CC Wood and paper products and printing";1;2;7;22;5
"Total sex";"2022";"Employees, managers";"30-34 years";"CD Oil refinery etc.";0;1;0;0;0
"Total sex";"2022";"Employees, managers";"30-34 years";"CE Manufacture of chemicals";10;0;4;3;0
"Total sex";"2022";"Employees, managers";"30-34 years";"CF Pharmaceuticals";59;7;1;1;0
"Total sex";"2022";"Employees, managers";"30-34 years";"CG Manufacture of plastic, glass and concrete";11;4;20;11;16
"Total sex";"2022";"Employees, managers";"30-34 years";"CH Basic metals and fabricated metal products";5;5;21;26;14
"Total sex";"2022";"Employees, managers";"30-34 years";"CI Manufacture of electronic components";22;2;5;4;2
"Total sex";"2022";"Employees, managers";"30-34 years";"CJ Electrical equipment";8;2;15;4;7
"Total sex";"2022";"Employees, managers";"30-34 years";"CK Manufacture of machinery";15;7;62;73;28
"Total sex";"2022";"Employees, managers";"30-34 years";"CL Transport equipment";0;0;7;3;0
"Total sex";"2022";"Employees, managers";"30-34 years";"CM Manufacture of funiture and other manufacturing";25;1;56;20;9
"Total sex";"2022";"Employees, managers";"30-34 years";"D Electricity, gas, steam and air conditioning supply";18;4;14;16;5
"Total sex";"2022";"Employees, managers";"30-34 years";"E Water supply, sewerage and waste management";3;5;4;2;0
"Total sex";"2022";"Employees, managers";"30-34 years";"F Construction";175;63;94;128;65
"Total sex";"2022";"Employees, managers";"30-34 years";"G Wholesale and retail trade";1052;264;417;585;141
"Total sex";"2022";"Employees, managers";"30-34 years";"H Transportation";98;8;33;25;11
"Total sex";"2022";"Employees, managers";"30-34 years";"I Accommodation and food service activities";174;18;34;42;11
"Total sex";"2022";"Employees, managers";"30-34 years";"JA Publishing, television and radio broadcasting";89;0;12;17;2
"Total sex";"2022";"Employees, managers";"30-34 years";"JB Telecommunications";22;1;4;9;2
"Total sex";"2022";"Employees, managers";"30-34 years";"JC IT and information service activities";245;2;32;78;17
"Total sex";"2022";"Employees, managers";"30-34 years";"K Financial and insurance";255;4;21;37;3
"Total sex";"2022";"Employees, managers";"30-34 years";"L Real estate activities";48;3;9;5;9
"Total sex";"2022";"Employees, managers";"30-34 years";"MA Consultancy etc.";160;15;28;64;19
"Total sex";"2022";"Employees, managers";"30-34 years";"MB Scientific research and development";13;1;9;6;0
"Total sex";"2022";"Employees, managers";"30-34 years";"MC Advertising and other business services";75;3;7;31;6
"Total sex";"2022";"Employees, managers";"30-34 years";"N Travel agent, cleaning, and other operationel services";188;21;22;64;22
"Total sex";"2022";"Employees, managers";"30-34 years";"O Public administration, defence and compulsory social security";69;9;19;18;9
"Total sex";"2022";"Employees, managers";"30-34 years";"P Education";33;14;26;33;8
"Total sex";"2022";"Employees, managers";"30-34 years";"QA Human health activities";23;1;4;6;3
"Total sex";"2022";"Employees, managers";"30-34 years";"QB Residential care";76;27;35;49;27
"Total sex";"2022";"Employees, managers";"30-34 years";"R Arts, entertainment and recreation activities";71;9;23;16;13
"Total sex";"2022";"Employees, managers";"30-34 years";"S Other service activities etc.";69;3;13;16;9
"Total sex";"2022";"Employees, managers";"30-34 years";"X Activity not stated";0;0;0;0;0
"Total sex";"2022";"Employees, managers";"35-39 years";"A Agriculture, forestry and fishing";3;3;12;4;4
"Total sex";"2022";"Employees, managers";"35-39 years";"B Mining and quarrying";17;1;14;1;0
"Total sex";"2022";"Employees, managers";"35-39 years";"CA Manufacture of food products, beverages and tobacco";34;11;41;45;21
"Total sex";"2022";"Employees, managers";"35-39 years";"CB Textiles and leather products";7;1;1;12;4
"Total sex";"2022";"Employees, managers";"35-39 years";"CC Wood and paper products and printing";4;0;9;23;15
"Total sex";"2022";"Employees, managers";"35-39 years";"CD Oil refinery etc.";0;1;0;0;0
"Total sex";"2022";"Employees, managers";"35-39 years";"CE Manufacture of chemicals";21;2;4;6;0
"Total sex";"2022";"Employees, managers";"35-39 years";"CF Pharmaceuticals";102;11;1;0;3
"Total sex";"2022";"Employees, managers";"35-39 years";"CG Manufacture of plastic, glass and concrete";20;18;27;18;11
"Total sex";"2022";"Employees, managers";"35-39 years";"CH Basic metals and fabricated metal products";8;14;44;41;15
"Total sex";"2022";"Employees, managers";"35-39 years";"CI Manufacture of electronic components";38;1;6;17;1
"Total sex";"2022";"Employees, managers";"35-39 years";"CJ Electrical equipment";8;1;11;6;4
"Total sex";"2022";"Employees, managers";"35-39 years";"CK Manufacture of machinery";29;10;112;182;52
"Total sex";"2022";"Employees, managers";"35-39 years";"CL Transport equipment";3;2;3;8;5
"Total sex";"2022";"Employees, managers";"35-39 years";"CM Manufacture of funiture and other manufacturing";47;9;124;22;16
"Total sex";"2022";"Employees, managers";"35-39 years";"D Electricity, gas, steam and air conditioning supply";42;8;43;30;5
"Total sex";"2022";"Employees, managers";"35-39 years";"E Water supply, sewerage and waste management";11;11;2;8;3
"Total sex";"2022";"Employees, managers";"35-39 years";"F Construction";232;100;140;210;82
"Total sex";"2022";"Employees, managers";"35-39 years";"G Wholesale and retail trade";1130;273;463;598;184
"Total sex";"2022";"Employees, managers";"35-39 years";"H Transportation";175;23;56;58;12
"Total sex";"2022";"Employees, managers";"35-39 years";"I Accommodation and food service activities";154;10;37;33;19
"Total sex";"2022";"Employees, managers";"35-39 years";"JA Publishing, television and radio broadcasting";127;3;20;24;7
"Total sex";"2022";"Employees, managers";"35-39 years";"JB Telecommunications";34;2;2;20;3
"Total sex";"2022";"Employees, managers";"35-39 years";"JC IT and information service activities";355;5;42;97;35
"Total sex";"2022";"Employees, managers";"35-39 years";"K Financial and insurance";495;10;38;60;13
"Total sex";"2022";"Employees, managers";"35-39 years";"L Real estate activities";56;7;10;19;9
"Total sex";"2022";"Employees, managers";"35-39 years";"MA Consultancy etc.";282;23;61;117;21
"Total sex";"2022";"Employees, managers";"35-39 years";"MB Scientific research and development";44;2;9;8;2
"Total sex";"2022";"Employees, managers";"35-39 years";"MC Advertising and other business services";100;3;12;35;2
"Total sex";"2022";"Employees, managers";"35-39 years";"N Travel agent, cleaning, and other operationel services";273;49;62;113;23
"Total sex";"2022";"Employees, managers";"35-39 years";"O Public administration, defence and compulsory social security";211;32;47;44;25
"Total sex";"2022";"Employees, managers";"35-39 years";"P Education";126;47;97;87;44
"Total sex";"2022";"Employees, managers";"35-39 years";"QA Human health activities";36;5;13;13;5
"Total sex";"2022";"Employees, managers";"35-39 years";"QB Residential care";167;58;62;101;51
"Total sex";"2022";"Employees, managers";"35-39 years";"R Arts, entertainment and recreation activities";64;6;26;27;5
"Total sex";"2022";"Employees, managers";"35-39 years";"S Other service activities etc.";103;11;21;28;6
"Total sex";"2022";"Employees, managers";"35-39 years";"X Activity not stated";0;0;0;0;0
"Total sex";"2022";"Employees, managers";"40-44 years";"A Agriculture, forestry and fishing";3;5;13;6;3
"Total sex";"2022";"Employees, managers";"40-44 years";"B Mining and quarrying";17;1;11;5;2
"Total sex";"2022";"Employees, managers";"40-44 years";"CA Manufacture of food products, beverages and tobacco";39;18;55;61;29
"Total sex";"2022";"Employees, managers";"40-44 years";"CB Textiles and leather products";2;0;5;12;2
"Total sex";"2022";"Employees, managers";"40-44 years";"CC Wood and paper products and printing";7;3;20;30;15
"Total sex";"2022";"Employees, managers";"40-44 years";"CD Oil refinery etc.";0;2;2;0;0
"Total sex";"2022";"Employees, managers";"40-44 years";"CE Manufacture of chemicals";34;7;14;11;2
"Total sex";"2022";"Employees, managers";"40-44 years";"CF Pharmaceuticals";164;12;3;0;1
"Total sex";"2022";"Employees, managers";"40-44 years";"CG Manufacture of plastic, glass and concrete";28;15;47;40;26
"Total sex";"2022";"Employees, managers";"40-44 years";"CH Basic metals and fabricated metal products";15;15;70;56;28
"Total sex";"2022";"Employees, managers";"40-44 years";"CI Manufacture of electronic components";77;3;12;27;7
"Total sex";"2022";"Employees, managers";"40-44 years";"CJ Electrical equipment";22;1;27;11;12
"Total sex";"2022";"Employees, managers";"40-44 years";"CK Manufacture of machinery";31;28;154;243;59
"Total sex";"2022";"Employees, managers";"40-44 years";"CL Transport equipment";2;2;22;10;10
"Total sex";"2022";"Employees, managers";"40-44 years";"CM Manufacture of funiture and other manufacturing";62;15;170;37;25
"Total sex";"2022";"Employees, managers";"40-44 years";"D Electricity, gas, steam and air conditioning supply";57;10;56;25;7
"Total sex";"2022";"Employees, managers";"40-44 years";"E Water supply, sewerage and waste management";13;13;11;10;3
"Total sex";"2022";"Employees, managers";"40-44 years";"F Construction";319;157;212;267;102
"Total sex";"2022";"Employees, managers";"40-44 years";"G Wholesale and retail trade";1346;322;665;819;254
"Total sex";"2022";"Employees, managers";"40-44 years";"H Transportation";229;33;89;72;24
"Total sex";"2022";"Employees, managers";"40-44 years";"I Accommodation and food service activities";130;22;45;43;15
"Total sex";"2022";"Employees, managers";"40-44 years";"JA Publishing, television and radio broadcasting";199;3;36;30;8
"Total sex";"2022";"Employees, managers";"40-44 years";"JB Telecommunications";63;3;10;21;6
"Total sex";"2022";"Employees, managers";"40-44 years";"JC IT and information service activities";380;10;63;119;39
"Total sex";"2022";"Employees, managers";"40-44 years";"K Financial and insurance";590;22;69;92;24
"Total sex";"2022";"Employees, managers";"40-44 years";"L Real estate activities";97;14;28;46;13
"Total sex";"2022";"Employees, managers";"40-44 years";"MA Consultancy etc.";451;47;110;152;36
"Total sex";"2022";"Employees, managers";"40-44 years";"MB Scientific research and development";86;5;19;24;4
"Total sex";"2022";"Employees, managers";"40-44 years";"MC Advertising and other business services";107;5;11;36;11
"Total sex";"2022";"Employees, managers";"40-44 years";"N Travel agent, cleaning, and other operationel services";286;53;58;132;32
"Total sex";"2022";"Employees, managers";"40-44 years";"O Public administration, defence and compulsory social security";400;67;128;127;53
"Total sex";"2022";"Employees, managers";"40-44 years";"P Education";224;127;201;210;111
"Total sex";"2022";"Employees, managers";"40-44 years";"QA Human health activities";66;4;25;26;7
"Total sex";"2022";"Employees, managers";"40-44 years";"QB Residential care";322;87;161;190;83
"Total sex";"2022";"Employees, managers";"40-44 years";"R Arts, entertainment and recreation activities";105;19;38;36;11
"Total sex";"2022";"Employees, managers";"40-44 years";"S Other service activities etc.";173;13;28;40;12
"Total sex";"2022";"Employees, managers";"40-44 years";"X Activity not stated";0;0;0;0;0
"Total sex";"2022";"Employees, managers";"45-49 years";"A Agriculture, forestry and fishing";4;15;17;6;8
"Total sex";"2022";"Employees, managers";"45-49 years";"B Mining and quarrying";22;4;14;10;3
"Total sex";"2022";"Employees, managers";"45-49 years";"CA Manufacture of food products, beverages and tobacco";51;51;97;97;48
"Total sex";"2022";"Employees, managers";"45-49 years";"CB Textiles and leather products";4;3;15;27;18
"Total sex";"2022";"Employees, managers";"45-49 years";"CC Wood and paper products and printing";25;8;36;63;22
"Total sex";"2022";"Employees, managers";"45-49 years";"CD Oil refinery etc.";0;4;4;0;0
"Total sex";"2022";"Employees, managers";"45-49 years";"CE Manufacture of chemicals";61;10;19;20;2
"Total sex";"2022";"Employees, managers";"45-49 years";"CF Pharmaceuticals";248;14;5;1;1
"Total sex";"2022";"Employees, managers";"45-49 years";"CG Manufacture of plastic, glass and concrete";38;24;67;80;46
"Total sex";"2022";"Employees, managers";"45-49 years";"CH Basic metals and fabricated metal products";28;28;102;119;63
"Total sex";"2022";"Employees, managers";"45-49 years";"CI Manufacture of electronic components";113;8;19;37;12
"Total sex";"2022";"Employees, managers";"45-49 years";"CJ Electrical equipment";33;10;47;29;17
"Total sex";"2022";"Employees, managers";"45-49 years";"CK Manufacture of machinery";61;40;226;323;91
"Total sex";"2022";"Employees, managers";"45-49 years";"CL Transport equipment";4;5;24;18;7
"Total sex";"2022";"Employees, managers";"45-49 years";"CM Manufacture of funiture and other manufacturing";90;31;131;76;40
"Total sex";"2022";"Employees, managers";"45-49 years";"D Electricity, gas, steam and air conditioning supply";53;16;63;38;13
"Total sex";"2022";"Employees, managers";"45-49 years";"E Water supply, sewerage and waste management";18;21;16;25;10
"Total sex";"2022";"Employees, managers";"45-49 years";"F Construction";390;184;251;335;148
"Total sex";"2022";"Employees, managers";"45-49 years";"G Wholesale and retail trade";1716;440;880;1085;336
"Total sex";"2022";"Employees, managers";"45-49 years";"H Transportation";318;46;115;104;38
"Total sex";"2022";"Employees, managers";"45-49 years";"I Accommodation and food service activities";159;19;59;51;27
"Total sex";"2022";"Employees, managers";"45-49 years";"JA Publishing, television and radio broadcasting";247;4;33;25;11
"Total sex";"2022";"Employees, managers";"45-49 years";"JB Telecommunications";51;3;10;24;9
"Total sex";"2022";"Employees, managers";"45-49 years";"JC IT and information service activities";538;14;71;162;46
"Total sex";"2022";"Employees, managers";"45-49 years";"K Financial and insurance";749;49;92;103;26
"Total sex";"2022";"Employees, managers";"45-49 years";"L Real estate activities";157;12;40;63;25
"Total sex";"2022";"Employees, managers";"45-49 years";"MA Consultancy etc.";638;81;149;252;62
"Total sex";"2022";"Employees, managers";"45-49 years";"MB Scientific research and development";139;4;18;29;5
"Total sex";"2022";"Employees, managers";"45-49 years";"MC Advertising and other business services";164;11;17;50;4
"Total sex";"2022";"Employees, managers";"45-49 years";"N Travel agent, cleaning, and other operationel services";410;70;96;136;43
"Total sex";"2022";"Employees, managers";"45-49 years";"O Public administration, defence and compulsory social security";654;111;220;216;120
"Total sex";"2022";"Employees, managers";"45-49 years";"P Education";428;231;384;379;146
"Total sex";"2022";"Employees, managers";"45-49 years";"QA Human health activities";106;21;33;39;8
"Total sex";"2022";"Employees, managers";"45-49 years";"QB Residential care";466;176;260;276;150
"Total sex";"2022";"Employees, managers";"45-49 years";"R Arts, entertainment and recreation activities";136;21;45;55;17
"Total sex";"2022";"Employees, managers";"45-49 years";"S Other service activities etc.";269;28;39;47;15
"Total sex";"2022";"Employees, managers";"45-49 years";"X Activity not stated";0;0;0;0;0
"Total sex";"2022";"Employees, managers";"50-54 years";"A Agriculture, forestry and fishing";8;16;23;13;7
"Total sex";"2022";"Employees, managers";"50-54 years";"B Mining and quarrying";25;4;32;8;4
"Total sex";"2022";"Employees, managers";"50-54 years";"CA Manufacture of food products, beverages and tobacco";44;48;141;118;66
"Total sex";"2022";"Employees, managers";"50-54 years";"CB Textiles and leather products";3;2;12;41;24
"Total sex";"2022";"Employees, managers";"50-54 years";"CC Wood and paper products and printing";28;21;49;89;38
"Total sex";"2022";"Employees, managers";"50-54 years";"CD Oil refinery etc.";0;7;2;0;0
"Total sex";"2022";"Employees, managers";"50-54 years";"CE Manufacture of chemicals";61;9;24;29;5
"Total sex";"2022";"Employees, managers";"50-54 years";"CF Pharmaceuticals";237;15;2;1;0
"Total sex";"2022";"Employees, managers";"50-54 years";"CG Manufacture of plastic, glass and concrete";62;52;85;94;50
"Total sex";"2022";"Employees, managers";"50-54 years";"CH Basic metals and fabricated metal products";50;43;152;168;75
"Total sex";"2022";"Employees, managers";"50-54 years";"CI Manufacture of electronic components";145;12;14;51;9
"Total sex";"2022";"Employees, managers";"50-54 years";"CJ Electrical equipment";28;9;70;38;16
"Total sex";"2022";"Employees, managers";"50-54 years";"CK Manufacture of machinery";97;64;267;370;91
"Total sex";"2022";"Employees, managers";"50-54 years";"CL Transport equipment";5;6;20;22;11
"Total sex";"2022";"Employees, managers";"50-54 years";"CM Manufacture of funiture and other manufacturing";117;36;199;96;46
"Total sex";"2022";"Employees, managers";"50-54 years";"D Electricity, gas, steam and air conditioning supply";51;25;71;33;16
"Total sex";"2022";"Employees, managers";"50-54 years";"E Water supply, sewerage and waste management";22;23;22;18;11
"Total sex";"2022";"Employees, managers";"50-54 years";"F Construction";447;199;311;367;136
"Total sex";"2022";"Employees, managers";"50-54 years";"G Wholesale and retail trade";1826;482;983;1148;348
"Total sex";"2022";"Employees, managers";"50-54 years";"H Transportation";356;66;158;140;52
"Total sex";"2022";"Employees, managers";"50-54 years";"I Accommodation and food service activities";149;25;54;40;34
"Total sex";"2022";"Employees, managers";"50-54 years";"JA Publishing, television and radio broadcasting";216;5;34;42;15
"Total sex";"2022";"Employees, managers";"50-54 years";"JB Telecommunications";66;5;9;23;9
"Total sex";"2022";"Employees, managers";"50-54 years";"JC IT and information service activities";504;20;60;148;50
"Total sex";"2022";"Employees, managers";"50-54 years";"K Financial and insurance";707;37;104;147;37
"Total sex";"2022";"Employees, managers";"50-54 years";"L Real estate activities";156;20;65;62;33
"Total sex";"2022";"Employees, managers";"50-54 years";"MA Consultancy etc.";750;96;190;228;70
"Total sex";"2022";"Employees, managers";"50-54 years";"MB Scientific research and development";132;11;22;35;6
"Total sex";"2022";"Employees, managers";"50-54 years";"MC Advertising and other business services";140;9;43;61;13
"Total sex";"2022";"Employees, managers";"50-54 years";"N Travel agent, cleaning, and other operationel services";426;76;106;153;54
"Total sex";"2022";"Employees, managers";"50-54 years";"O Public administration, defence and compulsory social security";694;157;236;258;128
"Total sex";"2022";"Employees, managers";"50-54 years";"P Education";438;254;368;351;139
"Total sex";"2022";"Employees, managers";"50-54 years";"QA Human health activities";104;16;47;38;17
"Total sex";"2022";"Employees, managers";"50-54 years";"QB Residential care";490;206;251;267;135
"Total sex";"2022";"Employees, managers";"50-54 years";"R Arts, entertainment and recreation activities";146;28;50;47;24
"Total sex";"2022";"Employees, managers";"50-54 years";"S Other service activities etc.";317;36;72;67;17
"Total sex";"2022";"Employees, managers";"50-54 years";"X Activity not stated";0;0;0;0;0
"Total sex";"2022";"Employees, managers";"55-59 years";"A Agriculture, forestry and fishing";2;12;21;20;5
"Total sex";"2022";"Employees, managers";"55-59 years";"B Mining and quarrying";17;5;30;10;6
"Total sex";"2022";"Employees, managers";"55-59 years";"CA Manufacture of food products, beverages and tobacco";52;52;138;150;64
"Total sex";"2022";"Employees, managers";"55-59 years";"CB Textiles and leather products";2;3;21;55;20
"Total sex";"2022";"Employees, managers";"55-59 years";"CC Wood and paper products and printing";27;12;58;78;44
"Total sex";"2022";"Employees, managers";"55-59 years";"CD Oil refinery etc.";1;11;3;0;0
"Total sex";"2022";"Employees, managers";"55-59 years";"CE Manufacture of chemicals";48;16;27;17;9
"Total sex";"2022";"Employees, managers";"55-59 years";"CF Pharmaceuticals";171;9;1;7;2
"Total sex";"2022";"Employees, managers";"55-59 years";"CG Manufacture of plastic, glass and concrete";66;53;98;119;50
"Total sex";"2022";"Employees, managers";"55-59 years";"CH Basic metals and fabricated metal products";52;61;163;185;80
"Total sex";"2022";"Employees, managers";"55-59 years";"CI Manufacture of electronic components";141;7;15;64;16
"Total sex";"2022";"Employees, managers";"55-59 years";"CJ Electrical equipment";31;7;73;36;12
"Total sex";"2022";"Employees, managers";"55-59 years";"CK Manufacture of machinery";101;77;294;336;81
"Total sex";"2022";"Employees, managers";"55-59 years";"CL Transport equipment";9;6;32;18;14
"Total sex";"2022";"Employees, managers";"55-59 years";"CM Manufacture of funiture and other manufacturing";91;32;133;113;51
"Total sex";"2022";"Employees, managers";"55-59 years";"D Electricity, gas, steam and air conditioning supply";51;5;53;38;6
"Total sex";"2022";"Employees, managers";"55-59 years";"E Water supply, sewerage and waste management";55;27;28;43;14
"Total sex";"2022";"Employees, managers";"55-59 years";"F Construction";439;200;260;286;140
"Total sex";"2022";"Employees, managers";"55-59 years";"G Wholesale and retail trade";1689;438;928;979;331
"Total sex";"2022";"Employees, managers";"55-59 years";"H Transportation";334;68;134;143;54
"Total sex";"2022";"Employees, managers";"55-59 years";"I Accommodation and food service activities";132;24;50;47;25
"Total sex";"2022";"Employees, managers";"55-59 years";"JA Publishing, television and radio broadcasting";186;7;24;31;11
"Total sex";"2022";"Employees, managers";"55-59 years";"JB Telecommunications";37;5;6;11;11
"Total sex";"2022";"Employees, managers";"55-59 years";"JC IT and information service activities";384;14;43;110;34
"Total sex";"2022";"Employees, managers";"55-59 years";"K Financial and insurance";657;56;143;144;50
"Total sex";"2022";"Employees, managers";"55-59 years";"L Real estate activities";180;30;72;77;36
"Total sex";"2022";"Employees, managers";"55-59 years";"MA Consultancy etc.";650;91;199;211;63
"Total sex";"2022";"Employees, managers";"55-59 years";"MB Scientific research and development";122;13;20;28;3
"Total sex";"2022";"Employees, managers";"55-59 years";"MC Advertising and other business services";90;12;42;44;4
"Total sex";"2022";"Employees, managers";"55-59 years";"N Travel agent, cleaning, and other operationel services";363;84;95;131;43
"Total sex";"2022";"Employees, managers";"55-59 years";"O Public administration, defence and compulsory social security";648;152;233;218;132
"Total sex";"2022";"Employees, managers";"55-59 years";"P Education";423;235;317;325;136
"Total sex";"2022";"Employees, managers";"55-59 years";"QA Human health activities";75;18;44;31;11
"Total sex";"2022";"Employees, managers";"55-59 years";"QB Residential care";508;167;319;337;157
"Total sex";"2022";"Employees, managers";"55-59 years";"R Arts, entertainment and recreation activities";118;21;56;63;25
"Total sex";"2022";"Employees, managers";"55-59 years";"S Other service activities etc.";307;45;74;74;34
"Total sex";"2022";"Employees, managers";"55-59 years";"X Activity not stated";0;0;0;0;0
"Total sex";"2022";"Employees, managers";"60-64 years";"A Agriculture, forestry and fishing";6;10;18;20;10
"Total sex";"2022";"Employees, managers";"60-64 years";"B Mining and quarrying";4;7;16;3;2
"Total sex";"2022";"Employees, managers";"60-64 years";"CA Manufacture of food products, beverages and tobacco";21;24;66;81;41
"Total sex";"2022";"Employees, managers";"60-64 years";"CB Textiles and leather products";4;1;13;23;13
"Total sex";"2022";"Employees, managers";"60-64 years";"CC Wood and paper products and printing";21;3;35;59;23
"Total sex";"2022";"Employees, managers";"60-64 years";"CD Oil refinery etc.";0;3;0;0;0
"Total sex";"2022";"Employees, managers";"60-64 years";"CE Manufacture of chemicals";27;10;22;20;4
"Total sex";"2022";"Employees, managers";"60-64 years";"CF Pharmaceuticals";87;3;3;2;0
"Total sex";"2022";"Employees, managers";"60-64 years";"CG Manufacture of plastic, glass and concrete";26;28;51;66;27
"Total sex";"2022";"Employees, managers";"60-64 years";"CH Basic metals and fabricated metal products";37;34;83;101;50
"Total sex";"2022";"Employees, managers";"60-64 years";"CI Manufacture of electronic components";65;6;15;42;8
"Total sex";"2022";"Employees, managers";"60-64 years";"CJ Electrical equipment";31;5;41;26;14
"Total sex";"2022";"Employees, managers";"60-64 years";"CK Manufacture of machinery";35;46;132;159;57
"Total sex";"2022";"Employees, managers";"60-64 years";"CL Transport equipment";4;4;19;15;12
"Total sex";"2022";"Employees, managers";"60-64 years";"CM Manufacture of funiture and other manufacturing";44;28;77;66;25
"Total sex";"2022";"Employees, managers";"60-64 years";"D Electricity, gas, steam and air conditioning supply";20;8;20;19;9
"Total sex";"2022";"Employees, managers";"60-64 years";"E Water supply, sewerage and waste management";14;20;15;29;12
"Total sex";"2022";"Employees, managers";"60-64 years";"F Construction";299;130;192;191;109
"Total sex";"2022";"Employees, managers";"60-64 years";"G Wholesale and retail trade";869;236;471;527;191
"Total sex";"2022";"Employees, managers";"60-64 years";"H Transportation";170;36;91;61;39
"Total sex";"2022";"Employees, managers";"60-64 years";"I Accommodation and food service activities";53;10;25;18;17
"Total sex";"2022";"Employees, managers";"60-64 years";"JA Publishing, television and radio broadcasting";80;5;13;16;5
"Total sex";"2022";"Employees, managers";"60-64 years";"JB Telecommunications";8;3;4;6;0
"Total sex";"2022";"Employees, managers";"60-64 years";"JC IT and information service activities";144;5;34;45;14
"Total sex";"2022";"Employees, managers";"60-64 years";"K Financial and insurance";311;24;93;95;33
"Total sex";"2022";"Employees, managers";"60-64 years";"L Real estate activities";110;26;43;50;20
"Total sex";"2022";"Employees, managers";"60-64 years";"MA Consultancy etc.";353;46;95;136;47
"Total sex";"2022";"Employees, managers";"60-64 years";"MB Scientific research and development";67;8;4;24;2
"Total sex";"2022";"Employees, managers";"60-64 years";"MC Advertising and other business services";52;8;19;31;10
"Total sex";"2022";"Employees, managers";"60-64 years";"N Travel agent, cleaning, and other operationel services";192;63;44;87;36
"Total sex";"2022";"Employees, managers";"60-64 years";"O Public administration, defence and compulsory social security";405;96;167;192;93
"Total sex";"2022";"Employees, managers";"60-64 years";"P Education";248;133;216;196;84
"Total sex";"2022";"Employees, managers";"60-64 years";"QA Human health activities";68;23;25;33;16
"Total sex";"2022";"Employees, managers";"60-64 years";"QB Residential care";359;193;248;279;130
"Total sex";"2022";"Employees, managers";"60-64 years";"R Arts, entertainment and recreation activities";71;18;35;33;18
"Total sex";"2022";"Employees, managers";"60-64 years";"S Other service activities etc.";259;51;87;57;38
"Total sex";"2022";"Employees, managers";"60-64 years";"X Activity not stated";0;0;0;0;0
"Total sex";"2022";"Employees, managers";"65-66 years";"A Agriculture, forestry and fishing";2;3;5;2;3
"Total sex";"2022";"Employees, managers";"65-66 years";"B Mining and quarrying";0;0;5;1;1
"Total sex";"2022";"Employees, managers";"65-66 years";"CA Manufacture of food products, beverages and tobacco";8;5;17;17;11
"Total sex";"2022";"Employees, managers";"65-66 years";"CB Textiles and leather products";0;0;6;4;2
"Total sex";"2022";"Employees, managers";"65-66 years";"CC Wood and paper products and printing";4;3;13;19;3
"Total sex";"2022";"Employees, managers";"65-66 years";"CD Oil refinery etc.";0;0;0;0;0
"Total sex";"2022";"Employees, managers";"65-66 years";"CE Manufacture of chemicals";7;2;3;9;2
"Total sex";"2022";"Employees, managers";"65-66 years";"CF Pharmaceuticals";13;0;0;0;0
"Total sex";"2022";"Employees, managers";"65-66 years";"CG Manufacture of plastic, glass and concrete";5;9;16;20;5
"Total sex";"2022";"Employees, managers";"65-66 years";"CH Basic metals and fabricated metal products";9;9;11;21;4
"Total sex";"2022";"Employees, managers";"65-66 years";"CI Manufacture of electronic components";7;2;4;4;1
"Total sex";"2022";"Employees, managers";"65-66 years";"CJ Electrical equipment";6;2;11;4;1
"Total sex";"2022";"Employees, managers";"65-66 years";"CK Manufacture of machinery";12;8;35;33;11
"Total sex";"2022";"Employees, managers";"65-66 years";"CL Transport equipment";1;0;5;2;4
"Total sex";"2022";"Employees, managers";"65-66 years";"CM Manufacture of funiture and other manufacturing";5;2;13;7;6
"Total sex";"2022";"Employees, managers";"65-66 years";"D Electricity, gas, steam and air conditioning supply";3;1;2;3;2
"Total sex";"2022";"Employees, managers";"65-66 years";"E Water supply, sewerage and waste management";4;5;8;6;0
"Total sex";"2022";"Employees, managers";"65-66 years";"F Construction";59;26;33;63;23
"Total sex";"2022";"Employees, managers";"65-66 years";"G Wholesale and retail trade";181;59;103;93;36
"Total sex";"2022";"Employees, managers";"65-66 years";"H Transportation";47;7;28;19;11
"Total sex";"2022";"Employees, managers";"65-66 years";"I Accommodation and food service activities";9;5;4;7;2
"Total sex";"2022";"Employees, managers";"65-66 years";"JA Publishing, television and radio broadcasting";20;1;4;5;1
"Total sex";"2022";"Employees, managers";"65-66 years";"JB Telecommunications";4;0;0;0;1
"Total sex";"2022";"Employees, managers";"65-66 years";"JC IT and information service activities";28;2;4;10;5
"Total sex";"2022";"Employees, managers";"65-66 years";"K Financial and insurance";58;6;23;19;14
"Total sex";"2022";"Employees, managers";"65-66 years";"L Real estate activities";23;7;10;22;7
"Total sex";"2022";"Employees, managers";"65-66 years";"MA Consultancy etc.";75;9;24;38;10
"Total sex";"2022";"Employees, managers";"65-66 years";"MB Scientific research and development";17;2;2;3;2
"Total sex";"2022";"Employees, managers";"65-66 years";"MC Advertising and other business services";9;3;2;2;1
"Total sex";"2022";"Employees, managers";"65-66 years";"N Travel agent, cleaning, and other operationel services";37;9;22;17;6
"Total sex";"2022";"Employees, managers";"65-66 years";"O Public administration, defence and compulsory social security";91;30;29;46;25
"Total sex";"2022";"Employees, managers";"65-66 years";"P Education";57;29;44;44;10
"Total sex";"2022";"Employees, managers";"65-66 years";"QA Human health activities";13;8;9;4;1
"Total sex";"2022";"Employees, managers";"65-66 years";"QB Residential care";67;40;29;40;25
"Total sex";"2022";"Employees, managers";"65-66 years";"R Arts, entertainment and recreation activities";19;6;9;9;1
"Total sex";"2022";"Employees, managers";"65-66 years";"S Other service activities etc.";73;28;40;20;16
"Total sex";"2022";"Employees, managers";"65-66 years";"X Activity not stated";0;0;0;0;0
"Total sex";"2022";"Employees, managers";"67 years and over";"A Agriculture, forestry and fishing";2;6;10;9;5
"Total sex";"2022";"Employees, managers";"67 years and over";"B Mining and quarrying";0;3;3;0;4
"Total sex";"2022";"Employees, managers";"67 years and over";"CA Manufacture of food products, beverages and tobacco";9;8;17;11;9
"Total sex";"2022";"Employees, managers";"67 years and over";"CB Textiles and leather products";1;1;2;3;1
"Total sex";"2022";"Employees, managers";"67 years and over";"CC Wood and paper products and printing";12;4;12;15;10
"Total sex";"2022";"Employees, managers";"67 years and over";"CD Oil refinery etc.";0;0;1;0;0
"Total sex";"2022";"Employees, managers";"67 years and over";"CE Manufacture of chemicals";9;6;6;5;4
"Total sex";"2022";"Employees, managers";"67 years and over";"CF Pharmaceuticals";10;2;1;1;0
"Total sex";"2022";"Employees, managers";"67 years and over";"CG Manufacture of plastic, glass and concrete";6;12;20;27;9
"Total sex";"2022";"Employees, managers";"67 years and over";"CH Basic metals and fabricated metal products";18;18;35;37;16
"Total sex";"2022";"Employees, managers";"67 years and over";"CI Manufacture of electronic components";21;4;6;13;4
"Total sex";"2022";"Employees, managers";"67 years and over";"CJ Electrical equipment";6;1;8;11;2
"Total sex";"2022";"Employees, managers";"67 years and over";"CK Manufacture of machinery";28;14;41;36;19
"Total sex";"2022";"Employees, managers";"67 years and over";"CL Transport equipment";4;0;3;6;2
"Total sex";"2022";"Employees, managers";"67 years and over";"CM Manufacture of funiture and other manufacturing";7;11;14;14;12
"Total sex";"2022";"Employees, managers";"67 years and over";"D Electricity, gas, steam and air conditioning supply";6;5;12;4;1
"Total sex";"2022";"Employees, managers";"67 years and over";"E Water supply, sewerage and waste management";6;13;10;16;2
"Total sex";"2022";"Employees, managers";"67 years and over";"F Construction";113;64;84;115;48
"Total sex";"2022";"Employees, managers";"67 years and over";"G Wholesale and retail trade";240;102;193;201;76
"Total sex";"2022";"Employees, managers";"67 years and over";"H Transportation";51;17;53;40;16
"Total sex";"2022";"Employees, managers";"67 years and over";"I Accommodation and food service activities";12;4;11;10;5
"Total sex";"2022";"Employees, managers";"67 years and over";"JA Publishing, television and radio broadcasting";12;3;5;2;3
"Total sex";"2022";"Employees, managers";"67 years and over";"JB Telecommunications";2;0;0;0;0
"Total sex";"2022";"Employees, managers";"67 years and over";"JC IT and information service activities";22;1;7;10;3
"Total sex";"2022";"Employees, managers";"67 years and over";"K Financial and insurance";73;15;45;50;14
"Total sex";"2022";"Employees, managers";"67 years and over";"L Real estate activities";81;27;55;68;26
"Total sex";"2022";"Employees, managers";"67 years and over";"MA Consultancy etc.";107;25;49;42;15
"Total sex";"2022";"Employees, managers";"67 years and over";"MB Scientific research and development";14;3;1;1;0
"Total sex";"2022";"Employees, managers";"67 years and over";"MC Advertising and other business services";10;5;4;11;4
"Total sex";"2022";"Employees, managers";"67 years and over";"N Travel agent, cleaning, and other operationel services";67;9;25;28;11
"Total sex";"2022";"Employees, managers";"67 years and over";"O Public administration, defence and compulsory social security";120;55;74;63;56
"Total sex";"2022";"Employees, managers";"67 years and over";"P Education";61;35;28;25;9
"Total sex";"2022";"Employees, managers";"67 years and over";"QA Human health activities";13;3;5;3;0
"Total sex";"2022";"Employees, managers";"67 years and over";"QB Residential care";67;39;32;27;18
"Total sex";"2022";"Employees, managers";"67 years and over";"R Arts, entertainment and recreation activities";28;11;13;15;6
"Total sex";"2022";"Employees, managers";"67 years and over";"S Other service activities etc.";337;352;413;268;175
"Total sex";"2022";"Employees, managers";"67 years and over";"X Activity not stated";0;0;0;0;0
"Total sex";"2022";"Employees - upper level";"Under 16 years";"A Agriculture, forestry and fishing";1;2;6;2;0
"Total sex";"2022";"Employees - upper level";"Under 16 years";"B Mining and quarrying";0;0;0;0;0
"Total sex";"2022";"Employees - upper level";"Under 16 years";"CA Manufacture of food products, beverages and tobacco";1;2;4;0;1
"Total sex";"2022";"Employees - upper level";"Under 16 years";"CB Textiles and leather products";0;0;0;0;0
"Total sex";"2022";"Employees - upper level";"Under 16 years";"CC Wood and paper products and printing";56;0;0;0;1
"Total sex";"2022";"Employees - upper level";"Under 16 years";"CD Oil refinery etc.";0;0;0;0;0
"Total sex";"2022";"Employees - upper level";"Under 16 years";"CE Manufacture of chemicals";0;0;1;0;0
"Total sex";"2022";"Employees - upper level";"Under 16 years";"CF Pharmaceuticals";0;0;0;0;0
"Total sex";"2022";"Employees - upper level";"Under 16 years";"CG Manufacture of plastic, glass and concrete";0;0;1;1;0
"Total sex";"2022";"Employees - upper level";"Under 16 years";"CH Basic metals and fabricated metal products";0;0;0;1;0
"Total sex";"2022";"Employees - upper level";"Under 16 years";"CI Manufacture of electronic components";0;0;1;0;0
"Total sex";"2022";"Employees - upper level";"Under 16 years";"CJ Electrical equipment";0;0;0;1;0
"Total sex";"2022";"Employees - upper level";"Under 16 years";"CK Manufacture of machinery";0;0;0;0;0
"Total sex";"2022";"Employees - upper level";"Under 16 years";"CL Transport equipment";0;0;0;0;0
"Total sex";"2022";"Employees - upper level";"Under 16 years";"CM Manufacture of funiture and other manufacturing";0;0;0;0;0
"Total sex";"2022";"Employees - upper level";"Under 16 years";"D Electricity, gas, steam and air conditioning supply";0;0;0;0;0
"Total sex";"2022";"Employees - upper level";"Under 16 years";"E Water supply, sewerage and waste management";0;0;0;0;0
"Total sex";"2022";"Employees - upper level";"Under 16 years";"F Construction";0;0;2;2;0
"Total sex";"2022";"Employees - upper level";"Under 16 years";"G Wholesale and retail trade";13;11;27;16;7
"Total sex";"2022";"Employees - upper level";"Under 16 years";"H Transportation";6;16;34;19;0
"Total sex";"2022";"Employees - upper level";"Under 16 years";"I Accommodation and food service activities";9;11;15;11;3
"Total sex";"2022";"Employees - upper level";"Under 16 years";"JA Publishing, television and radio broadcasting";23;0;0;0;0
"Total sex";"2022";"Employees - upper level";"Under 16 years";"JB Telecommunications";1;0;0;0;0
"Total sex";"2022";"Employees - upper level";"Under 16 years";"JC IT and information service activities";6;4;0;0;1
"Total sex";"2022";"Employees - upper level";"Under 16 years";"K Financial and insurance";0;0;0;1;0
"Total sex";"2022";"Employees - upper level";"Under 16 years";"L Real estate activities";4;0;1;5;3
"Total sex";"2022";"Employees - upper level";"Under 16 years";"MA Consultancy etc.";3;1;1;2;0
"Total sex";"2022";"Employees - upper level";"Under 16 years";"MB Scientific research and development";0;0;0;0;0
"Total sex";"2022";"Employees - upper level";"Under 16 years";"MC Advertising and other business services";5;1;0;1;0
"Total sex";"2022";"Employees - upper level";"Under 16 years";"N Travel agent, cleaning, and other operationel services";2;1;0;1;1
"Total sex";"2022";"Employees - upper level";"Under 16 years";"O Public administration, defence and compulsory social security";0;0;0;0;0
"Total sex";"2022";"Employees - upper level";"Under 16 years";"P Education";11;6;6;18;1
"Total sex";"2022";"Employees - upper level";"Under 16 years";"QA Human health activities";1;1;3;0;0
"Total sex";"2022";"Employees - upper level";"Under 16 years";"QB Residential care";4;4;2;5;0
"Total sex";"2022";"Employees - upper level";"Under 16 years";"R Arts, entertainment and recreation activities";149;5;3;13;10
"Total sex";"2022";"Employees - upper level";"Under 16 years";"S Other service activities etc.";55;90;248;161;82
"Total sex";"2022";"Employees - upper level";"Under 16 years";"X Activity not stated";0;0;0;0;0
"Total sex";"2022";"Employees - upper level";"16-19 years";"A Agriculture, forestry and fishing";2;8;7;8;3
"Total sex";"2022";"Employees - upper level";"16-19 years";"B Mining and quarrying";1;0;0;0;0
"Total sex";"2022";"Employees - upper level";"16-19 years";"CA Manufacture of food products, beverages and tobacco";8;2;2;3;2
"Total sex";"2022";"Employees - upper level";"16-19 years";"CB Textiles and leather products";1;0;0;2;0
"Total sex";"2022";"Employees - upper level";"16-19 years";"CC Wood and paper products and printing";13;0;5;1;0
"Total sex";"2022";"Employees - upper level";"16-19 years";"CD Oil refinery etc.";0;0;0;0;0
"Total sex";"2022";"Employees - upper level";"16-19 years";"CE Manufacture of chemicals";0;0;1;0;0
"Total sex";"2022";"Employees - upper level";"16-19 years";"CF Pharmaceuticals";0;1;0;0;0
"Total sex";"2022";"Employees - upper level";"16-19 years";"CG Manufacture of plastic, glass and concrete";0;1;1;0;0
"Total sex";"2022";"Employees - upper level";"16-19 years";"CH Basic metals and fabricated metal products";1;1;1;1;0
"Total sex";"2022";"Employees - upper level";"16-19 years";"CI Manufacture of electronic components";4;1;2;4;1
"Total sex";"2022";"Employees - upper level";"16-19 years";"CJ Electrical equipment";0;1;1;0;0
"Total sex";"2022";"Employees - upper level";"16-19 years";"CK Manufacture of machinery";4;1;6;7;0
"Total sex";"2022";"Employees - upper level";"16-19 years";"CL Transport equipment";0;0;0;0;0
"Total sex";"2022";"Employees - upper level";"16-19 years";"CM Manufacture of funiture and other manufacturing";3;0;1;1;0
"Total sex";"2022";"Employees - upper level";"16-19 years";"D Electricity, gas, steam and air conditioning supply";2;0;0;1;2
"Total sex";"2022";"Employees - upper level";"16-19 years";"E Water supply, sewerage and waste management";1;0;1;0;0
"Total sex";"2022";"Employees - upper level";"16-19 years";"F Construction";7;5;2;3;2
"Total sex";"2022";"Employees - upper level";"16-19 years";"G Wholesale and retail trade";92;68;63;68;48
"Total sex";"2022";"Employees - upper level";"16-19 years";"H Transportation";4;0;8;5;0
"Total sex";"2022";"Employees - upper level";"16-19 years";"I Accommodation and food service activities";95;43;48;46;24
"Total sex";"2022";"Employees - upper level";"16-19 years";"JA Publishing, television and radio broadcasting";31;3;4;8;0
"Total sex";"2022";"Employees - upper level";"16-19 years";"JB Telecommunications";3;0;2;0;0
"Total sex";"2022";"Employees - upper level";"16-19 years";"JC IT and information service activities";33;2;8;25;4
"Total sex";"2022";"Employees - upper level";"16-19 years";"K Financial and insurance";14;0;4;5;0
"Total sex";"2022";"Employees - upper level";"16-19 years";"L Real estate activities";7;1;1;5;1
"Total sex";"2022";"Employees - upper level";"16-19 years";"MA Consultancy etc.";37;5;5;11;10
"Total sex";"2022";"Employees - upper level";"16-19 years";"MB Scientific research and development";7;1;1;0;0
"Total sex";"2022";"Employees - upper level";"16-19 years";"MC Advertising and other business services";18;5;5;7;2
"Total sex";"2022";"Employees - upper level";"16-19 years";"N Travel agent, cleaning, and other operationel services";25;10;15;9;3
"Total sex";"2022";"Employees - upper level";"16-19 years";"O Public administration, defence and compulsory social security";3;1;1;15;0
"Total sex";"2022";"Employees - upper level";"16-19 years";"P Education";631;280;279;179;57
"Total sex";"2022";"Employees - upper level";"16-19 years";"QA Human health activities";16;4;4;5;4
"Total sex";"2022";"Employees - upper level";"16-19 years";"QB Residential care";63;25;13;18;9
"Total sex";"2022";"Employees - upper level";"16-19 years";"R Arts, entertainment and recreation activities";83;16;15;21;14
"Total sex";"2022";"Employees - upper level";"16-19 years";"S Other service activities etc.";81;54;102;121;69
"Total sex";"2022";"Employees - upper level";"16-19 years";"X Activity not stated";0;0;0;0;0
"Total sex";"2022";"Employees - upper level";"20-24 years";"A Agriculture, forestry and fishing";7;13;16;25;15
"Total sex";"2022";"Employees - upper level";"20-24 years";"B Mining and quarrying";3;0;4;2;0
"Total sex";"2022";"Employees - upper level";"20-24 years";"CA Manufacture of food products, beverages and tobacco";30;11;18;30;6
"Total sex";"2022";"Employees - upper level";"20-24 years";"CB Textiles and leather products";6;1;4;7;1
"Total sex";"2022";"Employees - upper level";"20-24 years";"CC Wood and paper products and printing";15;0;8;10;2
"Total sex";"2022";"Employees - upper level";"20-24 years";"CD Oil refinery etc.";1;0;0;0;0
"Total sex";"2022";"Employees - upper level";"20-24 years";"CE Manufacture of chemicals";9;2;2;13;0
"Total sex";"2022";"Employees - upper level";"20-24 years";"CF Pharmaceuticals";153;39;5;1;3
"Total sex";"2022";"Employees - upper level";"20-24 years";"CG Manufacture of plastic, glass and concrete";8;1;5;6;2
"Total sex";"2022";"Employees - upper level";"20-24 years";"CH Basic metals and fabricated metal products";3;1;9;12;10
"Total sex";"2022";"Employees - upper level";"20-24 years";"CI Manufacture of electronic components";112;5;13;40;10
"Total sex";"2022";"Employees - upper level";"20-24 years";"CJ Electrical equipment";10;0;32;11;8
"Total sex";"2022";"Employees - upper level";"20-24 years";"CK Manufacture of machinery";48;6;102;84;28
"Total sex";"2022";"Employees - upper level";"20-24 years";"CL Transport equipment";0;1;3;0;7
"Total sex";"2022";"Employees - upper level";"20-24 years";"CM Manufacture of funiture and other manufacturing";25;4;35;10;4
"Total sex";"2022";"Employees - upper level";"20-24 years";"D Electricity, gas, steam and air conditioning supply";23;1;10;12;13
"Total sex";"2022";"Employees - upper level";"20-24 years";"E Water supply, sewerage and waste management";1;2;2;4;2
"Total sex";"2022";"Employees - upper level";"20-24 years";"F Construction";145;16;22;59;21
"Total sex";"2022";"Employees - upper level";"20-24 years";"G Wholesale and retail trade";696;117;263;393;122
"Total sex";"2022";"Employees - upper level";"20-24 years";"H Transportation";82;12;25;21;6
"Total sex";"2022";"Employees - upper level";"20-24 years";"I Accommodation and food service activities";520;73;192;231;104
"Total sex";"2022";"Employees - upper level";"20-24 years";"JA Publishing, television and radio broadcasting";560;10;77;87;26
"Total sex";"2022";"Employees - upper level";"20-24 years";"JB Telecommunications";37;1;6;8;3
"Total sex";"2022";"Employees - upper level";"20-24 years";"JC IT and information service activities";967;17;135;427;118
"Total sex";"2022";"Employees - upper level";"20-24 years";"K Financial and insurance";548;38;69;147;40
"Total sex";"2022";"Employees - upper level";"20-24 years";"L Real estate activities";78;12;14;38;15
"Total sex";"2022";"Employees - upper level";"20-24 years";"MA Consultancy etc.";1632;81;147;479;137
"Total sex";"2022";"Employees - upper level";"20-24 years";"MB Scientific research and development";95;14;19;36;7
"Total sex";"2022";"Employees - upper level";"20-24 years";"MC Advertising and other business services";400;16;47;125;32
"Total sex";"2022";"Employees - upper level";"20-24 years";"N Travel agent, cleaning, and other operationel services";471;59;110;107;54
"Total sex";"2022";"Employees - upper level";"20-24 years";"O Public administration, defence and compulsory social security";204;22;59;110;30
"Total sex";"2022";"Employees - upper level";"20-24 years";"P Education";2940;1098;1463;1586;514
"Total sex";"2022";"Employees - upper level";"20-24 years";"QA Human health activities";646;178;430;452;332
"Total sex";"2022";"Employees - upper level";"20-24 years";"QB Residential care";896;431;417;600;312
"Total sex";"2022";"Employees - upper level";"20-24 years";"R Arts, entertainment and recreation activities";320;64;78;156;61
"Total sex";"2022";"Employees - upper level";"20-24 years";"S Other service activities etc.";413;31;89;114;46
"Total sex";"2022";"Employees - upper level";"20-24 years";"X Activity not stated";0;0;0;0;0
"Total sex";"2022";"Employees - upper level";"25-29 years";"A Agriculture, forestry and fishing";21;16;23;33;14
"Total sex";"2022";"Employees - upper level";"25-29 years";"B Mining and quarrying";27;0;17;3;5
"Total sex";"2022";"Employees - upper level";"25-29 years";"CA Manufacture of food products, beverages and tobacco";53;20;59;180;12
"Total sex";"2022";"Employees - upper level";"25-29 years";"CB Textiles and leather products";19;0;1;26;11
"Total sex";"2022";"Employees - upper level";"25-29 years";"CC Wood and paper products and printing";14;4;21;28;7
"Total sex";"2022";"Employees - upper level";"25-29 years";"CD Oil refinery etc.";0;8;5;0;0
"Total sex";"2022";"Employees - upper level";"25-29 years";"CE Manufacture of chemicals";144;18;13;23;2
"Total sex";"2022";"Employees - upper level";"25-29 years";"CF Pharmaceuticals";1376;218;4;1;16
"Total sex";"2022";"Employees - upper level";"25-29 years";"CG Manufacture of plastic, glass and concrete";36;10;40;34;11
"Total sex";"2022";"Employees - upper level";"25-29 years";"CH Basic metals and fabricated metal products";10;5;36;33;63
"Total sex";"2022";"Employees - upper level";"25-29 years";"CI Manufacture of electronic components";486;8;64;158;34
"Total sex";"2022";"Employees - upper level";"25-29 years";"CJ Electrical equipment";43;5;106;32;60
"Total sex";"2022";"Employees - upper level";"25-29 years";"CK Manufacture of machinery";167;39;426;579;154
"Total sex";"2022";"Employees - upper level";"25-29 years";"CL Transport equipment";4;5;22;6;27
"Total sex";"2022";"Employees - upper level";"25-29 years";"CM Manufacture of funiture and other manufacturing";188;36;269;48;22
"Total sex";"2022";"Employees - upper level";"25-29 years";"D Electricity, gas, steam and air conditioning supply";193;10;243;112;61
"Total sex";"2022";"Employees - upper level";"25-29 years";"E Water supply, sewerage and waste management";19;3;11;16;10
"Total sex";"2022";"Employees - upper level";"25-29 years";"F Construction";413;50;76;189;83
"Total sex";"2022";"Employees - upper level";"25-29 years";"G Wholesale and retail trade";2109;164;611;1087;239
"Total sex";"2022";"Employees - upper level";"25-29 years";"H Transportation";399;17;58;57;26
"Total sex";"2022";"Employees - upper level";"25-29 years";"I Accommodation and food service activities";409;27;104;154;70
"Total sex";"2022";"Employees - upper level";"25-29 years";"JA Publishing, television and radio broadcasting";1919;33;295;358;87
"Total sex";"2022";"Employees - upper level";"25-29 years";"JB Telecommunications";173;2;14;70;21
"Total sex";"2022";"Employees - upper level";"25-29 years";"JC IT and information service activities";4644;77;534;1721;562
"Total sex";"2022";"Employees - upper level";"25-29 years";"K Financial and insurance";2826;167;394;743;187
"Total sex";"2022";"Employees - upper level";"25-29 years";"L Real estate activities";246;10;33;66;24
"Total sex";"2022";"Employees - upper level";"25-29 years";"MA Consultancy etc.";6193;297;713;1873;576
"Total sex";"2022";"Employees - upper level";"25-29 years";"MB Scientific research and development";812;101;115;221;38
"Total sex";"2022";"Employees - upper level";"25-29 years";"MC Advertising and other business services";1444;62;205;472;113
"Total sex";"2022";"Employees - upper level";"25-29 years";"N Travel agent, cleaning, and other operationel services";966;151;286;399;183
"Total sex";"2022";"Employees - upper level";"25-29 years";"O Public administration, defence and compulsory social security";3723;404;1031;1210;537
"Total sex";"2022";"Employees - upper level";"25-29 years";"P Education";6549;1428;2762;3956;1525
"Total sex";"2022";"Employees - upper level";"25-29 years";"QA Human health activities";4932;1617;2984;3596;1632
"Total sex";"2022";"Employees - upper level";"25-29 years";"QB Residential care";4199;1752;2364;3420;1410
"Total sex";"2022";"Employees - upper level";"25-29 years";"R Arts, entertainment and recreation activities";597;80;187;293;128
"Total sex";"2022";"Employees - upper level";"25-29 years";"S Other service activities etc.";1045;56;116;196;63
"Total sex";"2022";"Employees - upper level";"25-29 years";"X Activity not stated";0;0;0;0;0
"Total sex";"2022";"Employees - upper level";"30-34 years";"A Agriculture, forestry and fishing";21;26;38;34;16
"Total sex";"2022";"Employees - upper level";"30-34 years";"B Mining and quarrying";32;1;42;0;2
"Total sex";"2022";"Employees - upper level";"30-34 years";"CA Manufacture of food products, beverages and tobacco";76;18;62;314;7
"Total sex";"2022";"Employees - upper level";"30-34 years";"CB Textiles and leather products";17;0;7;31;13
"Total sex";"2022";"Employees - upper level";"30-34 years";"CC Wood and paper products and printing";30;10;23;33;11
"Total sex";"2022";"Employees - upper level";"30-34 years";"CD Oil refinery etc.";1;6;4;0;1
"Total sex";"2022";"Employees - upper level";"30-34 years";"CE Manufacture of chemicals";334;43;25;21;2
"Total sex";"2022";"Employees - upper level";"30-34 years";"CF Pharmaceuticals";2346;270;5;2;43
"Total sex";"2022";"Employees - upper level";"30-34 years";"CG Manufacture of plastic, glass and concrete";84;5;39;48;17
"Total sex";"2022";"Employees - upper level";"30-34 years";"CH Basic metals and fabricated metal products";12;7;45;60;82
"Total sex";"2022";"Employees - upper level";"30-34 years";"CI Manufacture of electronic components";652;11;62;157;30
"Total sex";"2022";"Employees - upper level";"30-34 years";"CJ Electrical equipment";48;4;123;44;40
"Total sex";"2022";"Employees - upper level";"30-34 years";"CK Manufacture of machinery";212;34;498;809;171
"Total sex";"2022";"Employees - upper level";"30-34 years";"CL Transport equipment";12;6;27;15;25
"Total sex";"2022";"Employees - upper level";"30-34 years";"CM Manufacture of funiture and other manufacturing";319;52;527;85;20
"Total sex";"2022";"Employees - upper level";"30-34 years";"D Electricity, gas, steam and air conditioning supply";318;14;308;143;70
"Total sex";"2022";"Employees - upper level";"30-34 years";"E Water supply, sewerage and waste management";31;6;21;26;14
"Total sex";"2022";"Employees - upper level";"30-34 years";"F Construction";416;79;138;222;86
"Total sex";"2022";"Employees - upper level";"30-34 years";"G Wholesale and retail trade";2519;177;719;1073;252
"Total sex";"2022";"Employees - upper level";"30-34 years";"H Transportation";705;14;78;82;36
"Total sex";"2022";"Employees - upper level";"30-34 years";"I Accommodation and food service activities";179;17;61;40;17
"Total sex";"2022";"Employees - upper level";"30-34 years";"JA Publishing, television and radio broadcasting";2175;49;279;411;94
"Total sex";"2022";"Employees - upper level";"30-34 years";"JB Telecommunications";276;1;23;118;27
"Total sex";"2022";"Employees - upper level";"30-34 years";"JC IT and information service activities";5106;69;469;1680;487
"Total sex";"2022";"Employees - upper level";"30-34 years";"K Financial and insurance";3732;184;480;836;228
"Total sex";"2022";"Employees - upper level";"30-34 years";"L Real estate activities";256;20;40;65;20
"Total sex";"2022";"Employees - upper level";"30-34 years";"MA Consultancy etc.";6065;343;827;1720;524
"Total sex";"2022";"Employees - upper level";"30-34 years";"MB Scientific research and development";1111;126;114;466;46
"Total sex";"2022";"Employees - upper level";"30-34 years";"MC Advertising and other business services";1420;80;218;492;103
"Total sex";"2022";"Employees - upper level";"30-34 years";"N Travel agent, cleaning, and other operationel services";1063;237;366;481;228
"Total sex";"2022";"Employees - upper level";"30-34 years";"O Public administration, defence and compulsory social security";5393;728;1612;1764;753
"Total sex";"2022";"Employees - upper level";"30-34 years";"P Education";7557;2154;3747;4800;1818
"Total sex";"2022";"Employees - upper level";"30-34 years";"QA Human health activities";5916;1824;3489;3918;1683
"Total sex";"2022";"Employees - upper level";"30-34 years";"QB Residential care";5520;2286;2973;4454;1835
"Total sex";"2022";"Employees - upper level";"30-34 years";"R Arts, entertainment and recreation activities";717;121;245;334;134
"Total sex";"2022";"Employees - upper level";"30-34 years";"S Other service activities etc.";1280;68;169;287;76
"Total sex";"2022";"Employees - upper level";"30-34 years";"X Activity not stated";0;0;0;0;0
"Total sex";"2022";"Employees - upper level";"35-39 years";"A Agriculture, forestry and fishing";12;28;34;37;16
"Total sex";"2022";"Employees - upper level";"35-39 years";"B Mining and quarrying";49;1;65;2;2
"Total sex";"2022";"Employees - upper level";"35-39 years";"CA Manufacture of food products, beverages and tobacco";59;18;47;308;13
"Total sex";"2022";"Employees - upper level";"35-39 years";"CB Textiles and leather products";9;0;3;21;8
"Total sex";"2022";"Employees - upper level";"35-39 years";"CC Wood and paper products and printing";26;8;25;19;12
"Total sex";"2022";"Employees - upper level";"35-39 years";"CD Oil refinery etc.";2;2;5;0;0
"Total sex";"2022";"Employees - upper level";"35-39 years";"CE Manufacture of chemicals";357;27;24;23;0
"Total sex";"2022";"Employees - upper level";"35-39 years";"CF Pharmaceuticals";2415;242;8;1;40
"Total sex";"2022";"Employees - upper level";"35-39 years";"CG Manufacture of plastic, glass and concrete";71;8;30;40;15
"Total sex";"2022";"Employees - upper level";"35-39 years";"CH Basic metals and fabricated metal products";16;6;52;51;68
"Total sex";"2022";"Employees - upper level";"35-39 years";"CI Manufacture of electronic components";588;9;59;184;13
"Total sex";"2022";"Employees - upper level";"35-39 years";"CJ Electrical equipment";55;7;108;37;37
"Total sex";"2022";"Employees - upper level";"35-39 years";"CK Manufacture of machinery";202;47;488;828;128
"Total sex";"2022";"Employees - upper level";"35-39 years";"CL Transport equipment";8;4;33;11;22
"Total sex";"2022";"Employees - upper level";"35-39 years";"CM Manufacture of funiture and other manufacturing";254;45;570;65;29
"Total sex";"2022";"Employees - upper level";"35-39 years";"D Electricity, gas, steam and air conditioning supply";311;13;326;115;50
"Total sex";"2022";"Employees - upper level";"35-39 years";"E Water supply, sewerage and waste management";29;7;18;24;17
"Total sex";"2022";"Employees - upper level";"35-39 years";"F Construction";411;98;133;214;73
"Total sex";"2022";"Employees - upper level";"35-39 years";"G Wholesale and retail trade";2195;180;611;877;195
"Total sex";"2022";"Employees - upper level";"35-39 years";"H Transportation";641;19;66;51;21
"Total sex";"2022";"Employees - upper level";"35-39 years";"I Accommodation and food service activities";97;17;23;26;11
"Total sex";"2022";"Employees - upper level";"35-39 years";"JA Publishing, television and radio broadcasting";1703;25;194;242;69
"Total sex";"2022";"Employees - upper level";"35-39 years";"JB Telecommunications";252;10;23;89;34
"Total sex";"2022";"Employees - upper level";"35-39 years";"JC IT and information service activities";3580;77;391;1143;329
"Total sex";"2022";"Employees - upper level";"35-39 years";"K Financial and insurance";3449;282;575;846;251
"Total sex";"2022";"Employees - upper level";"35-39 years";"L Real estate activities";237;22;43;74;13
"Total sex";"2022";"Employees - upper level";"35-39 years";"MA Consultancy etc.";4253;339;758;1303;388
"Total sex";"2022";"Employees - upper level";"35-39 years";"MB Scientific research and development";1082;95;86;496;19
"Total sex";"2022";"Employees - upper level";"35-39 years";"MC Advertising and other business services";767;58;150;335;79
"Total sex";"2022";"Employees - upper level";"35-39 years";"N Travel agent, cleaning, and other operationel services";761;209;287;354;178
"Total sex";"2022";"Employees - upper level";"35-39 years";"O Public administration, defence and compulsory social security";4187;659;1326;1416;688
"Total sex";"2022";"Employees - upper level";"35-39 years";"P Education";6462;2211;3563;4350;1804
"Total sex";"2022";"Employees - upper level";"35-39 years";"QA Human health activities";4637;1579;2848;2982;1301
"Total sex";"2022";"Employees - upper level";"35-39 years";"QB Residential care";4654;1970;2557;3572;1554
"Total sex";"2022";"Employees - upper level";"35-39 years";"R Arts, entertainment and recreation activities";634;104;199;280;100
"Total sex";"2022";"Employees - upper level";"35-39 years";"S Other service activities etc.";1197;75;165;266;67
"Total sex";"2022";"Employees - upper level";"35-39 years";"X Activity not stated";0;0;0;0;0
"Total sex";"2022";"Employees - upper level";"40-44 years";"A Agriculture, forestry and fishing";13;18;36;33;16
"Total sex";"2022";"Employees - upper level";"40-44 years";"B Mining and quarrying";74;0;79;0;4
"Total sex";"2022";"Employees - upper level";"40-44 years";"CA Manufacture of food products, beverages and tobacco";42;18;56;249;15
"Total sex";"2022";"Employees - upper level";"40-44 years";"CB Textiles and leather products";7;0;5;16;11
"Total sex";"2022";"Employees - upper level";"40-44 years";"CC Wood and paper products and printing";25;10;18;20;10
"Total sex";"2022";"Employees - upper level";"40-44 years";"CD Oil refinery etc.";1;4;10;0;0
"Total sex";"2022";"Employees - upper level";"40-44 years";"CE Manufacture of chemicals";285;39;21;24;3
"Total sex";"2022";"Employees - upper level";"40-44 years";"CF Pharmaceuticals";1896;200;3;0;29
"Total sex";"2022";"Employees - upper level";"40-44 years";"CG Manufacture of plastic, glass and concrete";57;12;33;32;17
"Total sex";"2022";"Employees - upper level";"40-44 years";"CH Basic metals and fabricated metal products";23;2;38;50;56
"Total sex";"2022";"Employees - upper level";"40-44 years";"CI Manufacture of electronic components";564;13;48;184;27
"Total sex";"2022";"Employees - upper level";"40-44 years";"CJ Electrical equipment";50;6;121;30;34
"Total sex";"2022";"Employees - upper level";"40-44 years";"CK Manufacture of machinery";192;41;458;827;116
"Total sex";"2022";"Employees - upper level";"40-44 years";"CL Transport equipment";6;2;28;19;13
"Total sex";"2022";"Employees - upper level";"40-44 years";"CM Manufacture of funiture and other manufacturing";189;36;458;67;27
"Total sex";"2022";"Employees - upper level";"40-44 years";"D Electricity, gas, steam and air conditioning supply";219;19;289;67;47
"Total sex";"2022";"Employees - upper level";"40-44 years";"E Water supply, sewerage and waste management";39;4;18;20;9
"Total sex";"2022";"Employees - upper level";"40-44 years";"F Construction";357;61;112;178;76
"Total sex";"2022";"Employees - upper level";"40-44 years";"G Wholesale and retail trade";1854;183;586;749;179
"Total sex";"2022";"Employees - upper level";"40-44 years";"H Transportation";538;18;70;66;18
"Total sex";"2022";"Employees - upper level";"40-44 years";"I Accommodation and food service activities";76;17;31;36;16
"Total sex";"2022";"Employees - upper level";"40-44 years";"JA Publishing, television and radio broadcasting";1455;28;155;224;55
"Total sex";"2022";"Employees - upper level";"40-44 years";"JB Telecommunications";207;3;27;90;40
"Total sex";"2022";"Employees - upper level";"40-44 years";"JC IT and information service activities";2798;102;383;1063;353
"Total sex";"2022";"Employees - upper level";"40-44 years";"K Financial and insurance";3216;263;546;766;304
"Total sex";"2022";"Employees - upper level";"40-44 years";"L Real estate activities";221;23;49;48;15
"Total sex";"2022";"Employees - upper level";"40-44 years";"MA Consultancy etc.";3472;286;734;1215;329
"Total sex";"2022";"Employees - upper level";"40-44 years";"MB Scientific research and development";885;92;63;436;24
"Total sex";"2022";"Employees - upper level";"40-44 years";"MC Advertising and other business services";559;49;142;318;53
"Total sex";"2022";"Employees - upper level";"40-44 years";"N Travel agent, cleaning, and other operationel services";744;189;247;351;167
"Total sex";"2022";"Employees - upper level";"40-44 years";"O Public administration, defence and compulsory social security";3766;636;1193;1313;535
"Total sex";"2022";"Employees - upper level";"40-44 years";"P Education";6718;2634;4178;5120;2161
"Total sex";"2022";"Employees - upper level";"40-44 years";"QA Human health activities";4153;1566;2760;3015;1262
"Total sex";"2022";"Employees - upper level";"40-44 years";"QB Residential care";4649;2099;2730;3574;1554
"Total sex";"2022";"Employees - upper level";"40-44 years";"R Arts, entertainment and recreation activities";643;114;234;298;98
"Total sex";"2022";"Employees - upper level";"40-44 years";"S Other service activities etc.";1114;101;236;294;112
"Total sex";"2022";"Employees - upper level";"40-44 years";"X Activity not stated";0;0;0;0;0
"Total sex";"2022";"Employees - upper level";"45-49 years";"A Agriculture, forestry and fishing";15;19;32;40;16
"Total sex";"2022";"Employees - upper level";"45-49 years";"B Mining and quarrying";61;0;67;2;2
"Total sex";"2022";"Employees - upper level";"45-49 years";"CA Manufacture of food products, beverages and tobacco";48;30;58;231;20
"Total sex";"2022";"Employees - upper level";"45-49 years";"CB Textiles and leather products";5;0;6;22;9
"Total sex";"2022";"Employees - upper level";"45-49 years";"CC Wood and paper products and printing";29;5;33;22;12
"Total sex";"2022";"Employees - upper level";"45-49 years";"CD Oil refinery etc.";2;10;4;0;0
"Total sex";"2022";"Employees - upper level";"45-49 years";"CE Manufacture of chemicals";273;42;26;25;3
"Total sex";"2022";"Employees - upper level";"45-49 years";"CF Pharmaceuticals";1644;207;5;1;25
"Total sex";"2022";"Employees - upper level";"45-49 years";"CG Manufacture of plastic, glass and concrete";38;14;39;28;18
"Total sex";"2022";"Employees - upper level";"45-49 years";"CH Basic metals and fabricated metal products";12;11;48;54;52
"Total sex";"2022";"Employees - upper level";"45-49 years";"CI Manufacture of electronic components";575;14;59;200;32
"Total sex";"2022";"Employees - upper level";"45-49 years";"CJ Electrical equipment";52;8;150;36;26
"Total sex";"2022";"Employees - upper level";"45-49 years";"CK Manufacture of machinery";187;55;420;715;90
"Total sex";"2022";"Employees - upper level";"45-49 years";"CL Transport equipment";7;6;23;10;19
"Total sex";"2022";"Employees - upper level";"45-49 years";"CM Manufacture of funiture and other manufacturing";194;41;424;56;21
"Total sex";"2022";"Employees - upper level";"45-49 years";"D Electricity, gas, steam and air conditioning supply";160;15;251;63;25
"Total sex";"2022";"Employees - upper level";"45-49 years";"E Water supply, sewerage and waste management";42;9;22;18;12
"Total sex";"2022";"Employees - upper level";"45-49 years";"F Construction";338;78;121;151;54
"Total sex";"2022";"Employees - upper level";"45-49 years";"G Wholesale and retail trade";2071;226;560;812;184
"Total sex";"2022";"Employees - upper level";"45-49 years";"H Transportation";488;11;78;64;18
"Total sex";"2022";"Employees - upper level";"45-49 years";"I Accommodation and food service activities";80;20;40;24;18
"Total sex";"2022";"Employees - upper level";"45-49 years";"JA Publishing, television and radio broadcasting";1299;43;181;182;48
"Total sex";"2022";"Employees - upper level";"45-49 years";"JB Telecommunications";248;12;12;85;36
"Total sex";"2022";"Employees - upper level";"45-49 years";"JC IT and information service activities";2756;109;336;961;341
"Total sex";"2022";"Employees - upper level";"45-49 years";"K Financial and insurance";3206;271;502;764;243
"Total sex";"2022";"Employees - upper level";"45-49 years";"L Real estate activities";222;25;46;69;15
"Total sex";"2022";"Employees - upper level";"45-49 years";"MA Consultancy etc.";3271;346;676;1098;314
"Total sex";"2022";"Employees - upper level";"45-49 years";"MB Scientific research and development";838;78;73;434;31
"Total sex";"2022";"Employees - upper level";"45-49 years";"MC Advertising and other business services";592;72;146;254;65
"Total sex";"2022";"Employees - upper level";"45-49 years";"N Travel agent, cleaning, and other operationel services";679;183;267;343;144
"Total sex";"2022";"Employees - upper level";"45-49 years";"O Public administration, defence and compulsory social security";3533;702;1077;1138;482
"Total sex";"2022";"Employees - upper level";"45-49 years";"P Education";7580;3180;5094;5336;2422
"Total sex";"2022";"Employees - upper level";"45-49 years";"QA Human health activities";4202;1722;2821;2977;1223
"Total sex";"2022";"Employees - upper level";"45-49 years";"QB Residential care";4977;2401;3033;3600;1706
"Total sex";"2022";"Employees - upper level";"45-49 years";"R Arts, entertainment and recreation activities";647;132;267;310;115
"Total sex";"2022";"Employees - upper level";"45-49 years";"S Other service activities etc.";1302;159;230;275;120
"Total sex";"2022";"Employees - upper level";"45-49 years";"X Activity not stated";0;0;0;0;0
"Total sex";"2022";"Employees - upper level";"50-54 years";"A Agriculture, forestry and fishing";9;17;27;47;18
"Total sex";"2022";"Employees - upper level";"50-54 years";"B Mining and quarrying";64;0;62;1;0
"Total sex";"2022";"Employees - upper level";"50-54 years";"CA Manufacture of food products, beverages and tobacco";38;31;58;228;25
"Total sex";"2022";"Employees - upper level";"50-54 years";"CB Textiles and leather products";1;0;9;25;7
"Total sex";"2022";"Employees - upper level";"50-54 years";"CC Wood and paper products and printing";35;10;34;35;23
"Total sex";"2022";"Employees - upper level";"50-54 years";"CD Oil refinery etc.";3;13;11;0;1
"Total sex";"2022";"Employees - upper level";"50-54 years";"CE Manufacture of chemicals";283;28;35;27;1
"Total sex";"2022";"Employees - upper level";"50-54 years";"CF Pharmaceuticals";1478;197;5;3;27
"Total sex";"2022";"Employees - upper level";"50-54 years";"CG Manufacture of plastic, glass and concrete";35;17;46;55;15
"Total sex";"2022";"Employees - upper level";"50-54 years";"CH Basic metals and fabricated metal products";37;15;60;71;62
"Total sex";"2022";"Employees - upper level";"50-54 years";"CI Manufacture of electronic components";543;10;33;199;30
"Total sex";"2022";"Employees - upper level";"50-54 years";"CJ Electrical equipment";51;12;142;35;31
"Total sex";"2022";"Employees - upper level";"50-54 years";"CK Manufacture of machinery";165;89;437;746;89
"Total sex";"2022";"Employees - upper level";"50-54 years";"CL Transport equipment";7;6;21;16;15
"Total sex";"2022";"Employees - upper level";"50-54 years";"CM Manufacture of funiture and other manufacturing";211;60;325;60;21
"Total sex";"2022";"Employees - upper level";"50-54 years";"D Electricity, gas, steam and air conditioning supply";153;14;198;44;26
"Total sex";"2022";"Employees - upper level";"50-54 years";"E Water supply, sewerage and waste management";46;14;22;29;15
"Total sex";"2022";"Employees - upper level";"50-54 years";"F Construction";323;68;103;142;58
"Total sex";"2022";"Employees - upper level";"50-54 years";"G Wholesale and retail trade";1919;199;594;693;173
"Total sex";"2022";"Employees - upper level";"50-54 years";"H Transportation";483;13;53;50;16
"Total sex";"2022";"Employees - upper level";"50-54 years";"I Accommodation and food service activities";57;30;40;27;21
"Total sex";"2022";"Employees - upper level";"50-54 years";"JA Publishing, television and radio broadcasting";956;45;161;153;58
"Total sex";"2022";"Employees - upper level";"50-54 years";"JB Telecommunications";225;7;14;89;28
"Total sex";"2022";"Employees - upper level";"50-54 years";"JC IT and information service activities";2383;117;319;964;269
"Total sex";"2022";"Employees - upper level";"50-54 years";"K Financial and insurance";2869;314;454;644;247
"Total sex";"2022";"Employees - upper level";"50-54 years";"L Real estate activities";193;18;37;59;11
"Total sex";"2022";"Employees - upper level";"50-54 years";"MA Consultancy etc.";2970;358;693;915;278
"Total sex";"2022";"Employees - upper level";"50-54 years";"MB Scientific research and development";778;77;54;382;23
"Total sex";"2022";"Employees - upper level";"50-54 years";"MC Advertising and other business services";397;44;134;198;52
"Total sex";"2022";"Employees - upper level";"50-54 years";"N Travel agent, cleaning, and other operationel services";620;158;221;284;138
"Total sex";"2022";"Employees - upper level";"50-54 years";"O Public administration, defence and compulsory social security";3012;545;825;994;409
"Total sex";"2022";"Employees - upper level";"50-54 years";"P Education";6092;2817;4209;4519;1815
"Total sex";"2022";"Employees - upper level";"50-54 years";"QA Human health activities";3447;1431;2289;2383;1014
"Total sex";"2022";"Employees - upper level";"50-54 years";"QB Residential care";4305;2144;2673;3289;1535
"Total sex";"2022";"Employees - upper level";"50-54 years";"R Arts, entertainment and recreation activities";462;102;213;242;74
"Total sex";"2022";"Employees - upper level";"50-54 years";"S Other service activities etc.";1240;133;263;310;102
"Total sex";"2022";"Employees - upper level";"50-54 years";"X Activity not stated";0;0;0;0;0
"Total sex";"2022";"Employees - upper level";"55-59 years";"A Agriculture, forestry and fishing";13;23;32;33;18
"Total sex";"2022";"Employees - upper level";"55-59 years";"B Mining and quarrying";46;4;59;4;1
"Total sex";"2022";"Employees - upper level";"55-59 years";"CA Manufacture of food products, beverages and tobacco";30;23;66;189;23
"Total sex";"2022";"Employees - upper level";"55-59 years";"CB Textiles and leather products";1;0;8;22;9
"Total sex";"2022";"Employees - upper level";"55-59 years";"CC Wood and paper products and printing";28;10;33;34;16
"Total sex";"2022";"Employees - upper level";"55-59 years";"CD Oil refinery etc.";0;9;7;0;1
"Total sex";"2022";"Employees - upper level";"55-59 years";"CE Manufacture of chemicals";246;40;36;18;0
"Total sex";"2022";"Employees - upper level";"55-59 years";"CF Pharmaceuticals";1092;132;3;1;13
"Total sex";"2022";"Employees - upper level";"55-59 years";"CG Manufacture of plastic, glass and concrete";48;20;44;48;11
"Total sex";"2022";"Employees - upper level";"55-59 years";"CH Basic metals and fabricated metal products";27;11;56;62;87
"Total sex";"2022";"Employees - upper level";"55-59 years";"CI Manufacture of electronic components";454;16;37;175;36
"Total sex";"2022";"Employees - upper level";"55-59 years";"CJ Electrical equipment";61;11;145;32;29
"Total sex";"2022";"Employees - upper level";"55-59 years";"CK Manufacture of machinery";210;76;397;692;82
"Total sex";"2022";"Employees - upper level";"55-59 years";"CL Transport equipment";6;5;14;7;11
"Total sex";"2022";"Employees - upper level";"55-59 years";"CM Manufacture of funiture and other manufacturing";153;35;260;62;21
"Total sex";"2022";"Employees - upper level";"55-59 years";"D Electricity, gas, steam and air conditioning supply";140;19;191;40;17
"Total sex";"2022";"Employees - upper level";"55-59 years";"E Water supply, sewerage and waste management";36;6;18;35;10
"Total sex";"2022";"Employees - upper level";"55-59 years";"F Construction";322;64;94;116;50
"Total sex";"2022";"Employees - upper level";"55-59 years";"G Wholesale and retail trade";1617;168;483;585;144
"Total sex";"2022";"Employees - upper level";"55-59 years";"H Transportation";437;17;56;57;16
"Total sex";"2022";"Employees - upper level";"55-59 years";"I Accommodation and food service activities";47;30;35;31;12
"Total sex";"2022";"Employees - upper level";"55-59 years";"JA Publishing, television and radio broadcasting";765;27;146;132;38
"Total sex";"2022";"Employees - upper level";"55-59 years";"JB Telecommunications";174;3;16;71;26
"Total sex";"2022";"Employees - upper level";"55-59 years";"JC IT and information service activities";2019;123;266;723;205
"Total sex";"2022";"Employees - upper level";"55-59 years";"K Financial and insurance";3167;439;696;848;380
"Total sex";"2022";"Employees - upper level";"55-59 years";"L Real estate activities";189;20;40;51;13
"Total sex";"2022";"Employees - upper level";"55-59 years";"MA Consultancy etc.";2500;379;673;887;299
"Total sex";"2022";"Employees - upper level";"55-59 years";"MB Scientific research and development";716;79;32;299;21
"Total sex";"2022";"Employees - upper level";"55-59 years";"MC Advertising and other business services";315;61;128;192;62
"Total sex";"2022";"Employees - upper level";"55-59 years";"N Travel agent, cleaning, and other operationel services";543;160;200;242;123
"Total sex";"2022";"Employees - upper level";"55-59 years";"O Public administration, defence and compulsory social security";2614;482;778;827;325
"Total sex";"2022";"Employees - upper level";"55-59 years";"P Education";5543;2470;3788;3944;1561
"Total sex";"2022";"Employees - upper level";"55-59 years";"QA Human health activities";3401;1436;2245;2324;1086
"Total sex";"2022";"Employees - upper level";"55-59 years";"QB Residential care";4306;2199;2614;3381;1609
"Total sex";"2022";"Employees - upper level";"55-59 years";"R Arts, entertainment and recreation activities";356;66;166;198;69
"Total sex";"2022";"Employees - upper level";"55-59 years";"S Other service activities etc.";1078;168;298;282;142
"Total sex";"2022";"Employees - upper level";"55-59 years";"X Activity not stated";0;0;0;0;0
"Total sex";"2022";"Employees - upper level";"60-64 years";"A Agriculture, forestry and fishing";10;24;25;28;13
"Total sex";"2022";"Employees - upper level";"60-64 years";"B Mining and quarrying";32;1;29;1;1
"Total sex";"2022";"Employees - upper level";"60-64 years";"CA Manufacture of food products, beverages and tobacco";22;14;36;94;12
"Total sex";"2022";"Employees - upper level";"60-64 years";"CB Textiles and leather products";1;0;2;17;6
"Total sex";"2022";"Employees - upper level";"60-64 years";"CC Wood and paper products and printing";32;12;18;21;11
"Total sex";"2022";"Employees - upper level";"60-64 years";"CD Oil refinery etc.";0;9;4;0;0
"Total sex";"2022";"Employees - upper level";"60-64 years";"CE Manufacture of chemicals";114;12;20;9;0
"Total sex";"2022";"Employees - upper level";"60-64 years";"CF Pharmaceuticals";504;50;2;0;6
"Total sex";"2022";"Employees - upper level";"60-64 years";"CG Manufacture of plastic, glass and concrete";16;11;30;21;12
"Total sex";"2022";"Employees - upper level";"60-64 years";"CH Basic metals and fabricated metal products";22;7;40;30;33
"Total sex";"2022";"Employees - upper level";"60-64 years";"CI Manufacture of electronic components";263;8;18;90;14
"Total sex";"2022";"Employees - upper level";"60-64 years";"CJ Electrical equipment";34;3;95;20;12
"Total sex";"2022";"Employees - upper level";"60-64 years";"CK Manufacture of machinery";137;58;251;403;59
"Total sex";"2022";"Employees - upper level";"60-64 years";"CL Transport equipment";7;1;14;10;8
"Total sex";"2022";"Employees - upper level";"60-64 years";"CM Manufacture of funiture and other manufacturing";81;20;122;33;12
"Total sex";"2022";"Employees - upper level";"60-64 years";"D Electricity, gas, steam and air conditioning supply";82;9;116;32;11
"Total sex";"2022";"Employees - upper level";"60-64 years";"E Water supply, sewerage and waste management";23;8;12;22;7
"Total sex";"2022";"Employees - upper level";"60-64 years";"F Construction";186;42;59;88;47
"Total sex";"2022";"Employees - upper level";"60-64 years";"G Wholesale and retail trade";868;115;264;299;84
"Total sex";"2022";"Employees - upper level";"60-64 years";"H Transportation";309;13;34;26;10
"Total sex";"2022";"Employees - upper level";"60-64 years";"I Accommodation and food service activities";32;5;30;33;11
"Total sex";"2022";"Employees - upper level";"60-64 years";"JA Publishing, television and radio broadcasting";449;26;113;98;20
"Total sex";"2022";"Employees - upper level";"60-64 years";"JB Telecommunications";124;1;10;61;19
"Total sex";"2022";"Employees - upper level";"60-64 years";"JC IT and information service activities";1251;71;123;430;139
"Total sex";"2022";"Employees - upper level";"60-64 years";"K Financial and insurance";1879;237;436;555;245
"Total sex";"2022";"Employees - upper level";"60-64 years";"L Real estate activities";139;9;28;46;12
"Total sex";"2022";"Employees - upper level";"60-64 years";"MA Consultancy etc.";1652;237;470;598;210
"Total sex";"2022";"Employees - upper level";"60-64 years";"MB Scientific research and development";450;47;32;183;8
"Total sex";"2022";"Employees - upper level";"60-64 years";"MC Advertising and other business services";154;37;117;140;62
"Total sex";"2022";"Employees - upper level";"60-64 years";"N Travel agent, cleaning, and other operationel services";345;101;141;172;86
"Total sex";"2022";"Employees - upper level";"60-64 years";"O Public administration, defence and compulsory social security";1775;312;507;577;228
"Total sex";"2022";"Employees - upper level";"60-64 years";"P Education";4146;1827;2869;2929;1237
"Total sex";"2022";"Employees - upper level";"60-64 years";"QA Human health activities";2986;1203;1986;2132;1019
"Total sex";"2022";"Employees - upper level";"60-64 years";"QB Residential care";3457;1736;2085;2724;1194
"Total sex";"2022";"Employees - upper level";"60-64 years";"R Arts, entertainment and recreation activities";271;67;151;175;67
"Total sex";"2022";"Employees - upper level";"60-64 years";"S Other service activities etc.";737;142;261;273;110
"Total sex";"2022";"Employees - upper level";"60-64 years";"X Activity not stated";0;0;0;0;0
"Total sex";"2022";"Employees - upper level";"65-66 years";"A Agriculture, forestry and fishing";2;6;8;7;0
"Total sex";"2022";"Employees - upper level";"65-66 years";"B Mining and quarrying";9;0;6;0;1
"Total sex";"2022";"Employees - upper level";"65-66 years";"CA Manufacture of food products, beverages and tobacco";4;5;6;27;3
"Total sex";"2022";"Employees - upper level";"65-66 years";"CB Textiles and leather products";0;0;0;2;1
"Total sex";"2022";"Employees - upper level";"65-66 years";"CC Wood and paper products and printing";3;2;5;2;4
"Total sex";"2022";"Employees - upper level";"65-66 years";"CD Oil refinery etc.";0;2;2;0;0
"Total sex";"2022";"Employees - upper level";"65-66 years";"CE Manufacture of chemicals";22;2;3;5;0
"Total sex";"2022";"Employees - upper level";"65-66 years";"CF Pharmaceuticals";112;6;1;0;0
"Total sex";"2022";"Employees - upper level";"65-66 years";"CG Manufacture of plastic, glass and concrete";7;4;9;5;1
"Total sex";"2022";"Employees - upper level";"65-66 years";"CH Basic metals and fabricated metal products";6;5;10;8;10
"Total sex";"2022";"Employees - upper level";"65-66 years";"CI Manufacture of electronic components";52;2;7;15;1
"Total sex";"2022";"Employees - upper level";"65-66 years";"CJ Electrical equipment";14;2;18;3;0
"Total sex";"2022";"Employees - upper level";"65-66 years";"CK Manufacture of machinery";32;9;55;92;15
"Total sex";"2022";"Employees - upper level";"65-66 years";"CL Transport equipment";3;0;2;0;1
"Total sex";"2022";"Employees - upper level";"65-66 years";"CM Manufacture of funiture and other manufacturing";15;2;22;4;0
"Total sex";"2022";"Employees - upper level";"65-66 years";"D Electricity, gas, steam and air conditioning supply";17;1;24;8;6
"Total sex";"2022";"Employees - upper level";"65-66 years";"E Water supply, sewerage and waste management";11;1;5;7;2
"Total sex";"2022";"Employees - upper level";"65-66 years";"F Construction";42;11;18;21;7
"Total sex";"2022";"Employees - upper level";"65-66 years";"G Wholesale and retail trade";147;30;53;59;18
"Total sex";"2022";"Employees - upper level";"65-66 years";"H Transportation";58;5;12;7;3
"Total sex";"2022";"Employees - upper level";"65-66 years";"I Accommodation and food service activities";2;1;8;7;3
"Total sex";"2022";"Employees - upper level";"65-66 years";"JA Publishing, television and radio broadcasting";111;12;34;25;5
"Total sex";"2022";"Employees - upper level";"65-66 years";"JB Telecommunications";21;0;1;13;0
"Total sex";"2022";"Employees - upper level";"65-66 years";"JC IT and information service activities";241;13;25;101;23
"Total sex";"2022";"Employees - upper level";"65-66 years";"K Financial and insurance";322;31;57;76;44
"Total sex";"2022";"Employees - upper level";"65-66 years";"L Real estate activities";34;2;9;5;1
"Total sex";"2022";"Employees - upper level";"65-66 years";"MA Consultancy etc.";493;52;139;162;51
"Total sex";"2022";"Employees - upper level";"65-66 years";"MB Scientific research and development";131;19;5;46;3
"Total sex";"2022";"Employees - upper level";"65-66 years";"MC Advertising and other business services";40;11;37;42;12
"Total sex";"2022";"Employees - upper level";"65-66 years";"N Travel agent, cleaning, and other operationel services";97;26;43;47;12
"Total sex";"2022";"Employees - upper level";"65-66 years";"O Public administration, defence and compulsory social security";438;85;117;143;39
"Total sex";"2022";"Employees - upper level";"65-66 years";"P Education";1118;446;634;800;288
"Total sex";"2022";"Employees - upper level";"65-66 years";"QA Human health activities";792;316;432;514;195
"Total sex";"2022";"Employees - upper level";"65-66 years";"QB Residential care";716;321;345;474;196
"Total sex";"2022";"Employees - upper level";"65-66 years";"R Arts, entertainment and recreation activities";90;33;52;56;14
"Total sex";"2022";"Employees - upper level";"65-66 years";"S Other service activities etc.";215;55;88;78;45
"Total sex";"2022";"Employees - upper level";"65-66 years";"X Activity not stated";0;0;0;0;0
"Total sex";"2022";"Employees - upper level";"67 years and over";"A Agriculture, forestry and fishing";2;8;2;10;1
"Total sex";"2022";"Employees - upper level";"67 years and over";"B Mining and quarrying";7;1;1;0;1
"Total sex";"2022";"Employees - upper level";"67 years and over";"CA Manufacture of food products, beverages and tobacco";7;6;4;13;4
"Total sex";"2022";"Employees - upper level";"67 years and over";"CB Textiles and leather products";0;0;0;2;0
"Total sex";"2022";"Employees - upper level";"67 years and over";"CC Wood and paper products and printing";9;2;9;2;2
"Total sex";"2022";"Employees - upper level";"67 years and over";"CD Oil refinery etc.";0;2;1;0;0
"Total sex";"2022";"Employees - upper level";"67 years and over";"CE Manufacture of chemicals";12;3;7;1;0
"Total sex";"2022";"Employees - upper level";"67 years and over";"CF Pharmaceuticals";68;3;0;0;1
"Total sex";"2022";"Employees - upper level";"67 years and over";"CG Manufacture of plastic, glass and concrete";10;2;6;6;2
"Total sex";"2022";"Employees - upper level";"67 years and over";"CH Basic metals and fabricated metal products";6;2;17;12;8
"Total sex";"2022";"Employees - upper level";"67 years and over";"CI Manufacture of electronic components";42;3;6;15;0
"Total sex";"2022";"Employees - upper level";"67 years and over";"CJ Electrical equipment";9;0;15;4;3
"Total sex";"2022";"Employees - upper level";"67 years and over";"CK Manufacture of machinery";29;16;40;73;9
"Total sex";"2022";"Employees - upper level";"67 years and over";"CL Transport equipment";2;1;1;3;2
"Total sex";"2022";"Employees - upper level";"67 years and over";"CM Manufacture of funiture and other manufacturing";13;6;12;9;5
"Total sex";"2022";"Employees - upper level";"67 years and over";"D Electricity, gas, steam and air conditioning supply";20;3;22;4;2
"Total sex";"2022";"Employees - upper level";"67 years and over";"E Water supply, sewerage and waste management";8;6;6;14;1
"Total sex";"2022";"Employees - upper level";"67 years and over";"F Construction";58;14;24;29;11
"Total sex";"2022";"Employees - upper level";"67 years and over";"G Wholesale and retail trade";144;28;52;66;14
"Total sex";"2022";"Employees - upper level";"67 years and over";"H Transportation";44;8;11;7;3
"Total sex";"2022";"Employees - upper level";"67 years and over";"I Accommodation and food service activities";8;5;8;2;4
"Total sex";"2022";"Employees - upper level";"67 years and over";"JA Publishing, television and radio broadcasting";149;18;28;25;5
"Total sex";"2022";"Employees - upper level";"67 years and over";"JB Telecommunications";8;0;0;4;2
"Total sex";"2022";"Employees - upper level";"67 years and over";"JC IT and information service activities";205;18;20;74;20
"Total sex";"2022";"Employees - upper level";"67 years and over";"K Financial and insurance";196;14;35;46;15
"Total sex";"2022";"Employees - upper level";"67 years and over";"L Real estate activities";56;9;13;17;3
"Total sex";"2022";"Employees - upper level";"67 years and over";"MA Consultancy etc.";800;131;239;285;103
"Total sex";"2022";"Employees - upper level";"67 years and over";"MB Scientific research and development";133;25;5;35;2
"Total sex";"2022";"Employees - upper level";"67 years and over";"MC Advertising and other business services";62;7;37;55;19
"Total sex";"2022";"Employees - upper level";"67 years and over";"N Travel agent, cleaning, and other operationel services";101;34;41;45;22
"Total sex";"2022";"Employees - upper level";"67 years and over";"O Public administration, defence and compulsory social security";417;85;108;172;52
"Total sex";"2022";"Employees - upper level";"67 years and over";"P Education";1666;565;877;923;325
"Total sex";"2022";"Employees - upper level";"67 years and over";"QA Human health activities";973;457;592;613;193
"Total sex";"2022";"Employees - upper level";"67 years and over";"QB Residential care";602;263;293;380;140
"Total sex";"2022";"Employees - upper level";"67 years and over";"R Arts, entertainment and recreation activities";138;29;54;76;27
"Total sex";"2022";"Employees - upper level";"67 years and over";"S Other service activities etc.";347;204;316;328;147
"Total sex";"2022";"Employees - upper level";"67 years and over";"X Activity not stated";0;0;0;0;0
"Total sex";"2022";"Employees - medium level";"Under 16 years";"A Agriculture, forestry and fishing";0;0;0;1;0
"Total sex";"2022";"Employees - medium level";"Under 16 years";"B Mining and quarrying";0;0;0;0;0
"Total sex";"2022";"Employees - medium level";"Under 16 years";"CA Manufacture of food products, beverages and tobacco";1;0;4;1;2
"Total sex";"2022";"Employees - medium level";"Under 16 years";"CB Textiles and leather products";0;0;0;0;0
"Total sex";"2022";"Employees - medium level";"Under 16 years";"CC Wood and paper products and printing";1;0;1;0;0
"Total sex";"2022";"Employees - medium level";"Under 16 years";"CD Oil refinery etc.";0;0;0;0;0
"Total sex";"2022";"Employees - medium level";"Under 16 years";"CE Manufacture of chemicals";1;0;0;0;0
"Total sex";"2022";"Employees - medium level";"Under 16 years";"CF Pharmaceuticals";1;0;0;0;0
"Total sex";"2022";"Employees - medium level";"Under 16 years";"CG Manufacture of plastic, glass and concrete";0;0;0;0;0
"Total sex";"2022";"Employees - medium level";"Under 16 years";"CH Basic metals and fabricated metal products";0;0;0;0;0
"Total sex";"2022";"Employees - medium level";"Under 16 years";"CI Manufacture of electronic components";2;0;0;0;0
"Total sex";"2022";"Employees - medium level";"Under 16 years";"CJ Electrical equipment";0;0;0;0;0
"Total sex";"2022";"Employees - medium level";"Under 16 years";"CK Manufacture of machinery";0;0;3;0;0
"Total sex";"2022";"Employees - medium level";"Under 16 years";"CL Transport equipment";0;0;0;0;0
"Total sex";"2022";"Employees - medium level";"Under 16 years";"CM Manufacture of funiture and other manufacturing";1;0;0;1;0
"Total sex";"2022";"Employees - medium level";"Under 16 years";"D Electricity, gas, steam and air conditioning supply";0;0;0;0;0
"Total sex";"2022";"Employees - medium level";"Under 16 years";"E Water supply, sewerage and waste management";0;0;0;0;0
"Total sex";"2022";"Employees - medium level";"Under 16 years";"F Construction";2;1;1;2;2
"Total sex";"2022";"Employees - medium level";"Under 16 years";"G Wholesale and retail trade";14;5;7;8;6
"Total sex";"2022";"Employees - medium level";"Under 16 years";"H Transportation";4;1;2;0;0
"Total sex";"2022";"Employees - medium level";"Under 16 years";"I Accommodation and food service activities";10;2;9;3;0
"Total sex";"2022";"Employees - medium level";"Under 16 years";"JA Publishing, television and radio broadcasting";2;0;0;0;0
"Total sex";"2022";"Employees - medium level";"Under 16 years";"JB Telecommunications";0;0;0;0;0
"Total sex";"2022";"Employees - medium level";"Under 16 years";"JC IT and information service activities";3;0;1;0;0
"Total sex";"2022";"Employees - medium level";"Under 16 years";"K Financial and insurance";0;0;0;0;0
"Total sex";"2022";"Employees - medium level";"Under 16 years";"L Real estate activities";16;12;4;2;0
"Total sex";"2022";"Employees - medium level";"Under 16 years";"MA Consultancy etc.";2;8;4;1;4
"Total sex";"2022";"Employees - medium level";"Under 16 years";"MB Scientific research and development";1;0;0;0;0
"Total sex";"2022";"Employees - medium level";"Under 16 years";"MC Advertising and other business services";0;0;0;0;0
"Total sex";"2022";"Employees - medium level";"Under 16 years";"N Travel agent, cleaning, and other operationel services";1;0;1;1;3
"Total sex";"2022";"Employees - medium level";"Under 16 years";"O Public administration, defence and compulsory social security";0;0;0;0;0
"Total sex";"2022";"Employees - medium level";"Under 16 years";"P Education";0;0;0;0;0
"Total sex";"2022";"Employees - medium level";"Under 16 years";"QA Human health activities";2;1;2;4;0
"Total sex";"2022";"Employees - medium level";"Under 16 years";"QB Residential care";1;0;0;3;0
"Total sex";"2022";"Employees - medium level";"Under 16 years";"R Arts, entertainment and recreation activities";211;23;26;49;19
"Total sex";"2022";"Employees - medium level";"Under 16 years";"S Other service activities etc.";0;0;0;1;1
"Total sex";"2022";"Employees - medium level";"Under 16 years";"X Activity not stated";0;0;0;0;0
"Total sex";"2022";"Employees - medium level";"16-19 years";"A Agriculture, forestry and fishing";0;2;4;2;0
"Total sex";"2022";"Employees - medium level";"16-19 years";"B Mining and quarrying";0;0;0;0;0
"Total sex";"2022";"Employees - medium level";"16-19 years";"CA Manufacture of food products, beverages and tobacco";3;2;3;6;5
"Total sex";"2022";"Employees - medium level";"16-19 years";"CB Textiles and leather products";0;0;1;2;0
"Total sex";"2022";"Employees - medium level";"16-19 years";"CC Wood and paper products and printing";0;1;1;0;1
"Total sex";"2022";"Employees - medium level";"16-19 years";"CD Oil refinery etc.";0;2;0;0;0
"Total sex";"2022";"Employees - medium level";"16-19 years";"CE Manufacture of chemicals";1;1;1;0;0
"Total sex";"2022";"Employees - medium level";"16-19 years";"CF Pharmaceuticals";3;1;0;0;0
"Total sex";"2022";"Employees - medium level";"16-19 years";"CG Manufacture of plastic, glass and concrete";1;0;2;1;0
"Total sex";"2022";"Employees - medium level";"16-19 years";"CH Basic metals and fabricated metal products";3;1;2;3;9
"Total sex";"2022";"Employees - medium level";"16-19 years";"CI Manufacture of electronic components";6;0;0;1;1
"Total sex";"2022";"Employees - medium level";"16-19 years";"CJ Electrical equipment";1;3;3;1;1
"Total sex";"2022";"Employees - medium level";"16-19 years";"CK Manufacture of machinery";1;0;13;12;3
"Total sex";"2022";"Employees - medium level";"16-19 years";"CL Transport equipment";0;0;2;0;0
"Total sex";"2022";"Employees - medium level";"16-19 years";"CM Manufacture of funiture and other manufacturing";2;4;5;4;0
"Total sex";"2022";"Employees - medium level";"16-19 years";"D Electricity, gas, steam and air conditioning supply";0;0;4;1;1
"Total sex";"2022";"Employees - medium level";"16-19 years";"E Water supply, sewerage and waste management";0;0;0;0;0
"Total sex";"2022";"Employees - medium level";"16-19 years";"F Construction";16;6;12;13;8
"Total sex";"2022";"Employees - medium level";"16-19 years";"G Wholesale and retail trade";99;37;78;57;34
"Total sex";"2022";"Employees - medium level";"16-19 years";"H Transportation";17;5;35;18;5
"Total sex";"2022";"Employees - medium level";"16-19 years";"I Accommodation and food service activities";65;11;31;35;14
"Total sex";"2022";"Employees - medium level";"16-19 years";"JA Publishing, television and radio broadcasting";16;0;0;0;1
"Total sex";"2022";"Employees - medium level";"16-19 years";"JB Telecommunications";32;0;4;2;0
"Total sex";"2022";"Employees - medium level";"16-19 years";"JC IT and information service activities";48;3;6;9;3
"Total sex";"2022";"Employees - medium level";"16-19 years";"K Financial and insurance";22;5;7;7;0
"Total sex";"2022";"Employees - medium level";"16-19 years";"L Real estate activities";18;36;4;5;2
"Total sex";"2022";"Employees - medium level";"16-19 years";"MA Consultancy etc.";67;12;27;30;23
"Total sex";"2022";"Employees - medium level";"16-19 years";"MB Scientific research and development";2;1;0;2;1
"Total sex";"2022";"Employees - medium level";"16-19 years";"MC Advertising and other business services";13;2;0;38;1
"Total sex";"2022";"Employees - medium level";"16-19 years";"N Travel agent, cleaning, and other operationel services";37;13;9;31;8
"Total sex";"2022";"Employees - medium level";"16-19 years";"O Public administration, defence and compulsory social security";11;0;0;2;7
"Total sex";"2022";"Employees - medium level";"16-19 years";"P Education";24;3;8;8;3
"Total sex";"2022";"Employees - medium level";"16-19 years";"QA Human health activities";68;20;22;19;11
"Total sex";"2022";"Employees - medium level";"16-19 years";"QB Residential care";9;11;0;13;7
"Total sex";"2022";"Employees - medium level";"16-19 years";"R Arts, entertainment and recreation activities";451;60;133;184;75
"Total sex";"2022";"Employees - medium level";"16-19 years";"S Other service activities etc.";17;0;5;6;1
"Total sex";"2022";"Employees - medium level";"16-19 years";"X Activity not stated";0;0;0;0;0
"Total sex";"2022";"Employees - medium level";"20-24 years";"A Agriculture, forestry and fishing";5;8;10;7;7
"Total sex";"2022";"Employees - medium level";"20-24 years";"B Mining and quarrying";1;0;11;1;1
"Total sex";"2022";"Employees - medium level";"20-24 years";"CA Manufacture of food products, beverages and tobacco";28;18;22;31;27
"Total sex";"2022";"Employees - medium level";"20-24 years";"CB Textiles and leather products";4;0;6;7;1
"Total sex";"2022";"Employees - medium level";"20-24 years";"CC Wood and paper products and printing";4;1;8;13;12
"Total sex";"2022";"Employees - medium level";"20-24 years";"CD Oil refinery etc.";0;0;1;0;0
"Total sex";"2022";"Employees - medium level";"20-24 years";"CE Manufacture of chemicals";28;10;14;14;0
"Total sex";"2022";"Employees - medium level";"20-24 years";"CF Pharmaceuticals";113;13;1;1;0
"Total sex";"2022";"Employees - medium level";"20-24 years";"CG Manufacture of plastic, glass and concrete";10;2;20;21;5
"Total sex";"2022";"Employees - medium level";"20-24 years";"CH Basic metals and fabricated metal products";3;4;19;16;22
"Total sex";"2022";"Employees - medium level";"20-24 years";"CI Manufacture of electronic components";39;1;2;28;5
"Total sex";"2022";"Employees - medium level";"20-24 years";"CJ Electrical equipment";14;4;28;13;4
"Total sex";"2022";"Employees - medium level";"20-24 years";"CK Manufacture of machinery";23;8;52;72;47
"Total sex";"2022";"Employees - medium level";"20-24 years";"CL Transport equipment";0;3;4;2;3
"Total sex";"2022";"Employees - medium level";"20-24 years";"CM Manufacture of funiture and other manufacturing";22;10;65;17;4
"Total sex";"2022";"Employees - medium level";"20-24 years";"D Electricity, gas, steam and air conditioning supply";16;3;14;21;53
"Total sex";"2022";"Employees - medium level";"20-24 years";"E Water supply, sewerage and waste management";2;1;2;2;0
"Total sex";"2022";"Employees - medium level";"20-24 years";"F Construction";139;50;38;67;15
"Total sex";"2022";"Employees - medium level";"20-24 years";"G Wholesale and retail trade";852;178;395;658;208
"Total sex";"2022";"Employees - medium level";"20-24 years";"H Transportation";311;52;231;248;75
"Total sex";"2022";"Employees - medium level";"20-24 years";"I Accommodation and food service activities";268;26;65;91;58
"Total sex";"2022";"Employees - medium level";"20-24 years";"JA Publishing, television and radio broadcasting";251;1;27;38;11
"Total sex";"2022";"Employees - medium level";"20-24 years";"JB Telecommunications";208;2;17;56;3
"Total sex";"2022";"Employees - medium level";"20-24 years";"JC IT and information service activities";446;12;54;146;31
"Total sex";"2022";"Employees - medium level";"20-24 years";"K Financial and insurance";521;53;67;236;24
"Total sex";"2022";"Employees - medium level";"20-24 years";"L Real estate activities";202;39;42;73;38
"Total sex";"2022";"Employees - medium level";"20-24 years";"MA Consultancy etc.";982;84;252;440;130
"Total sex";"2022";"Employees - medium level";"20-24 years";"MB Scientific research and development";96;3;5;20;3
"Total sex";"2022";"Employees - medium level";"20-24 years";"MC Advertising and other business services";162;39;63;180;25
"Total sex";"2022";"Employees - medium level";"20-24 years";"N Travel agent, cleaning, and other operationel services";448;59;39;127;57
"Total sex";"2022";"Employees - medium level";"20-24 years";"O Public administration, defence and compulsory social security";111;12;27;42;22
"Total sex";"2022";"Employees - medium level";"20-24 years";"P Education";409;19;55;47;15
"Total sex";"2022";"Employees - medium level";"20-24 years";"QA Human health activities";621;153;241;278;251
"Total sex";"2022";"Employees - medium level";"20-24 years";"QB Residential care";89;12;11;146;15
"Total sex";"2022";"Employees - medium level";"20-24 years";"R Arts, entertainment and recreation activities";461;97;199;254;130
"Total sex";"2022";"Employees - medium level";"20-24 years";"S Other service activities etc.";184;1;47;30;8
"Total sex";"2022";"Employees - medium level";"20-24 years";"X Activity not stated";0;0;0;0;0
"Total sex";"2022";"Employees - medium level";"25-29 years";"A Agriculture, forestry and fishing";11;24;27;27;4
"Total sex";"2022";"Employees - medium level";"25-29 years";"B Mining and quarrying";12;0;16;0;1
"Total sex";"2022";"Employees - medium level";"25-29 years";"CA Manufacture of food products, beverages and tobacco";73;36;118;186;31
"Total sex";"2022";"Employees - medium level";"25-29 years";"CB Textiles and leather products";11;0;6;32;4
"Total sex";"2022";"Employees - medium level";"25-29 years";"CC Wood and paper products and printing";10;3;26;39;18
"Total sex";"2022";"Employees - medium level";"25-29 years";"CD Oil refinery etc.";1;0;6;0;0
"Total sex";"2022";"Employees - medium level";"25-29 years";"CE Manufacture of chemicals";109;36;34;27;7
"Total sex";"2022";"Employees - medium level";"25-29 years";"CF Pharmaceuticals";452;81;2;7;8
"Total sex";"2022";"Employees - medium level";"25-29 years";"CG Manufacture of plastic, glass and concrete";18;21;45;60;27
"Total sex";"2022";"Employees - medium level";"25-29 years";"CH Basic metals and fabricated metal products";14;12;65;57;61
"Total sex";"2022";"Employees - medium level";"25-29 years";"CI Manufacture of electronic components";110;10;9;99;6
"Total sex";"2022";"Employees - medium level";"25-29 years";"CJ Electrical equipment";25;9;43;38;26
"Total sex";"2022";"Employees - medium level";"25-29 years";"CK Manufacture of machinery";73;47;174;249;117
"Total sex";"2022";"Employees - medium level";"25-29 years";"CL Transport equipment";4;3;13;16;4
"Total sex";"2022";"Employees - medium level";"25-29 years";"CM Manufacture of funiture and other manufacturing";67;31;265;63;24
"Total sex";"2022";"Employees - medium level";"25-29 years";"D Electricity, gas, steam and air conditioning supply";40;13;79;112;76
"Total sex";"2022";"Employees - medium level";"25-29 years";"E Water supply, sewerage and waste management";8;3;10;7;4
"Total sex";"2022";"Employees - medium level";"25-29 years";"F Construction";342;148;219;287;76
"Total sex";"2022";"Employees - medium level";"25-29 years";"G Wholesale and retail trade";1893;306;922;1523;432
"Total sex";"2022";"Employees - medium level";"25-29 years";"H Transportation";754;85;409;519;119
"Total sex";"2022";"Employees - medium level";"25-29 years";"I Accommodation and food service activities";244;19;61;76;28
"Total sex";"2022";"Employees - medium level";"25-29 years";"JA Publishing, television and radio broadcasting";553;5;89;80;33
"Total sex";"2022";"Employees - medium level";"25-29 years";"JB Telecommunications";194;15;32;123;19
"Total sex";"2022";"Employees - medium level";"25-29 years";"JC IT and information service activities";1137;25;162;424;102
"Total sex";"2022";"Employees - medium level";"25-29 years";"K Financial and insurance";1071;71;177;402;72
"Total sex";"2022";"Employees - medium level";"25-29 years";"L Real estate activities";516;70;119;200;78
"Total sex";"2022";"Employees - medium level";"25-29 years";"MA Consultancy etc.";2467;203;495;1083;265
"Total sex";"2022";"Employees - medium level";"25-29 years";"MB Scientific research and development";233;21;29;180;6
"Total sex";"2022";"Employees - medium level";"25-29 years";"MC Advertising and other business services";471;65;116;204;44
"Total sex";"2022";"Employees - medium level";"25-29 years";"N Travel agent, cleaning, and other operationel services";635;72;88;212;78
"Total sex";"2022";"Employees - medium level";"25-29 years";"O Public administration, defence and compulsory social security";853;156;213;206;125
"Total sex";"2022";"Employees - medium level";"25-29 years";"P Education";486;31;63;101;37
"Total sex";"2022";"Employees - medium level";"25-29 years";"QA Human health activities";1106;412;800;897;377
"Total sex";"2022";"Employees - medium level";"25-29 years";"QB Residential care";139;15;27;114;39
"Total sex";"2022";"Employees - medium level";"25-29 years";"R Arts, entertainment and recreation activities";500;76;191;240;115
"Total sex";"2022";"Employees - medium level";"25-29 years";"S Other service activities etc.";260;10;48;65;12
"Total sex";"2022";"Employees - medium level";"25-29 years";"X Activity not stated";0;0;0;0;0
"Total sex";"2022";"Employees - medium level";"30-34 years";"A Agriculture, forestry and fishing";2;22;26;17;13
"Total sex";"2022";"Employees - medium level";"30-34 years";"B Mining and quarrying";9;0;32;0;3
"Total sex";"2022";"Employees - medium level";"30-34 years";"CA Manufacture of food products, beverages and tobacco";79;56;130;242;43
"Total sex";"2022";"Employees - medium level";"30-34 years";"CB Textiles and leather products";11;1;16;45;9
"Total sex";"2022";"Employees - medium level";"30-34 years";"CC Wood and paper products and printing";12;3;51;37;27
"Total sex";"2022";"Employees - medium level";"30-34 years";"CD Oil refinery etc.";1;8;13;0;0
"Total sex";"2022";"Employees - medium level";"30-34 years";"CE Manufacture of chemicals";139;33;41;44;6
"Total sex";"2022";"Employees - medium level";"30-34 years";"CF Pharmaceuticals";548;74;11;4;8
"Total sex";"2022";"Employees - medium level";"30-34 years";"CG Manufacture of plastic, glass and concrete";20;33;65;81;52
"Total sex";"2022";"Employees - medium level";"30-34 years";"CH Basic metals and fabricated metal products";16;20;95;99;68
"Total sex";"2022";"Employees - medium level";"30-34 years";"CI Manufacture of electronic components";171;12;23;96;6
"Total sex";"2022";"Employees - medium level";"30-34 years";"CJ Electrical equipment";41;6;52;35;37
"Total sex";"2022";"Employees - medium level";"30-34 years";"CK Manufacture of machinery";92;62;234;397;140
"Total sex";"2022";"Employees - medium level";"30-34 years";"CL Transport equipment";6;5;27;29;5
"Total sex";"2022";"Employees - medium level";"30-34 years";"CM Manufacture of funiture and other manufacturing";86;38;247;76;26
"Total sex";"2022";"Employees - medium level";"30-34 years";"D Electricity, gas, steam and air conditioning supply";51;17;66;106;67
"Total sex";"2022";"Employees - medium level";"30-34 years";"E Water supply, sewerage and waste management";16;4;17;13;5
"Total sex";"2022";"Employees - medium level";"30-34 years";"F Construction";535;213;368;455;141
"Total sex";"2022";"Employees - medium level";"30-34 years";"G Wholesale and retail trade";2195;339;1072;1655;449
"Total sex";"2022";"Employees - medium level";"30-34 years";"H Transportation";742;71;412;377;84
"Total sex";"2022";"Employees - medium level";"30-34 years";"I Accommodation and food service activities";238;18;69;69;25
"Total sex";"2022";"Employees - medium level";"30-34 years";"JA Publishing, television and radio broadcasting";541;4;75;70;23
"Total sex";"2022";"Employees - medium level";"30-34 years";"JB Telecommunications";252;20;65;125;31
"Total sex";"2022";"Employees - medium level";"30-34 years";"JC IT and information service activities";1101;28;169;442;102
"Total sex";"2022";"Employees - medium level";"30-34 years";"K Financial and insurance";1176;65;218;388;91
"Total sex";"2022";"Employees - medium level";"30-34 years";"L Real estate activities";435;68;89;159;49
"Total sex";"2022";"Employees - medium level";"30-34 years";"MA Consultancy etc.";1848;239;518;901;263
"Total sex";"2022";"Employees - medium level";"30-34 years";"MB Scientific research and development";229;20;30;190;5
"Total sex";"2022";"Employees - medium level";"30-34 years";"MC Advertising and other business services";383;35;108;155;40
"Total sex";"2022";"Employees - medium level";"30-34 years";"N Travel agent, cleaning, and other operationel services";682;77;155;239;112
"Total sex";"2022";"Employees - medium level";"30-34 years";"O Public administration, defence and compulsory social security";1139;273;292;355;207
"Total sex";"2022";"Employees - medium level";"30-34 years";"P Education";324;42;106;92;32
"Total sex";"2022";"Employees - medium level";"30-34 years";"QA Human health activities";1245;504;964;990;380
"Total sex";"2022";"Employees - medium level";"30-34 years";"QB Residential care";177;31;70;85;30
"Total sex";"2022";"Employees - medium level";"30-34 years";"R Arts, entertainment and recreation activities";321;54;140;192;61
"Total sex";"2022";"Employees - medium level";"30-34 years";"S Other service activities etc.";236;20;68;131;26
"Total sex";"2022";"Employees - medium level";"30-34 years";"X Activity not stated";0;0;0;0;0
"Total sex";"2022";"Employees - medium level";"35-39 years";"A Agriculture, forestry and fishing";1;14;26;15;5
"Total sex";"2022";"Employees - medium level";"35-39 years";"B Mining and quarrying";14;0;33;1;4
"Total sex";"2022";"Employees - medium level";"35-39 years";"CA Manufacture of food products, beverages and tobacco";74;44;126;236;38
"Total sex";"2022";"Employees - medium level";"35-39 years";"CB Textiles and leather products";8;7;11;33;4
"Total sex";"2022";"Employees - medium level";"35-39 years";"CC Wood and paper products and printing";18;3;36;55;24
"Total sex";"2022";"Employees - medium level";"35-39 years";"CD Oil refinery etc.";1;6;23;0;0
"Total sex";"2022";"Employees - medium level";"35-39 years";"CE Manufacture of chemicals";137;31;44;43;3
"Total sex";"2022";"Employees - medium level";"35-39 years";"CF Pharmaceuticals";506;76;14;2;6
"Total sex";"2022";"Employees - medium level";"35-39 years";"CG Manufacture of plastic, glass and concrete";31;37;65;85;41
"Total sex";"2022";"Employees - medium level";"35-39 years";"CH Basic metals and fabricated metal products";21;22;96;115;62
"Total sex";"2022";"Employees - medium level";"35-39 years";"CI Manufacture of electronic components";134;8;19;82;14
"Total sex";"2022";"Employees - medium level";"35-39 years";"CJ Electrical equipment";33;10;58;43;23
"Total sex";"2022";"Employees - medium level";"35-39 years";"CK Manufacture of machinery";82;58;230;402;116
"Total sex";"2022";"Employees - medium level";"35-39 years";"CL Transport equipment";4;12;15;22;10
"Total sex";"2022";"Employees - medium level";"35-39 years";"CM Manufacture of funiture and other manufacturing";81;43;211;64;35
"Total sex";"2022";"Employees - medium level";"35-39 years";"D Electricity, gas, steam and air conditioning supply";51;21;83;71;47
"Total sex";"2022";"Employees - medium level";"35-39 years";"E Water supply, sewerage and waste management";16;5;10;9;4
"Total sex";"2022";"Employees - medium level";"35-39 years";"F Construction";488;221;339;427;171
"Total sex";"2022";"Employees - medium level";"35-39 years";"G Wholesale and retail trade";1855;345;1033;1452;409
"Total sex";"2022";"Employees - medium level";"35-39 years";"H Transportation";775;64;359;339;82
"Total sex";"2022";"Employees - medium level";"35-39 years";"I Accommodation and food service activities";208;18;63;68;23
"Total sex";"2022";"Employees - medium level";"35-39 years";"JA Publishing, television and radio broadcasting";383;8;64;64;20
"Total sex";"2022";"Employees - medium level";"35-39 years";"JB Telecommunications";233;25;70;126;50
"Total sex";"2022";"Employees - medium level";"35-39 years";"JC IT and information service activities";764;21;125;309;73
"Total sex";"2022";"Employees - medium level";"35-39 years";"K Financial and insurance";1098;70;206;322;131
"Total sex";"2022";"Employees - medium level";"35-39 years";"L Real estate activities";325;42;111;133;44
"Total sex";"2022";"Employees - medium level";"35-39 years";"MA Consultancy etc.";1288;219;464;628;209
"Total sex";"2022";"Employees - medium level";"35-39 years";"MB Scientific research and development";190;21;18;135;4
"Total sex";"2022";"Employees - medium level";"35-39 years";"MC Advertising and other business services";238;38;81;138;22
"Total sex";"2022";"Employees - medium level";"35-39 years";"N Travel agent, cleaning, and other operationel services";634;110;186;294;114
"Total sex";"2022";"Employees - medium level";"35-39 years";"O Public administration, defence and compulsory social security";907;246;377;361;184
"Total sex";"2022";"Employees - medium level";"35-39 years";"P Education";309;42;121;147;46
"Total sex";"2022";"Employees - medium level";"35-39 years";"QA Human health activities";1133;479;973;981;394
"Total sex";"2022";"Employees - medium level";"35-39 years";"QB Residential care";195;53;92;104;42
"Total sex";"2022";"Employees - medium level";"35-39 years";"R Arts, entertainment and recreation activities";218;37;94;120;40
"Total sex";"2022";"Employees - medium level";"35-39 years";"S Other service activities etc.";260;27;83;105;18
"Total sex";"2022";"Employees - medium level";"35-39 years";"X Activity not stated";0;0;0;0;0
"Total sex";"2022";"Employees - medium level";"40-44 years";"A Agriculture, forestry and fishing";4;19;26;21;12
"Total sex";"2022";"Employees - medium level";"40-44 years";"B Mining and quarrying";10;4;44;4;4
"Total sex";"2022";"Employees - medium level";"40-44 years";"CA Manufacture of food products, beverages and tobacco";86;57;136;216;52
"Total sex";"2022";"Employees - medium level";"40-44 years";"CB Textiles and leather products";6;2;19;44;3
"Total sex";"2022";"Employees - medium level";"40-44 years";"CC Wood and paper products and printing";21;4;54;58;24
"Total sex";"2022";"Employees - medium level";"40-44 years";"CD Oil refinery etc.";0;3;26;0;0
"Total sex";"2022";"Employees - medium level";"40-44 years";"CE Manufacture of chemicals";139;35;44;32;10
"Total sex";"2022";"Employees - medium level";"40-44 years";"CF Pharmaceuticals";514;101;5;1;7
"Total sex";"2022";"Employees - medium level";"40-44 years";"CG Manufacture of plastic, glass and concrete";36;32;80;88;40
"Total sex";"2022";"Employees - medium level";"40-44 years";"CH Basic metals and fabricated metal products";23;19;117;133;70
"Total sex";"2022";"Employees - medium level";"40-44 years";"CI Manufacture of electronic components";144;5;26;90;13
"Total sex";"2022";"Employees - medium level";"40-44 years";"CJ Electrical equipment";48;21;60;51;28
"Total sex";"2022";"Employees - medium level";"40-44 years";"CK Manufacture of machinery";86;56;255;429;130
"Total sex";"2022";"Employees - medium level";"40-44 years";"CL Transport equipment";1;5;18;30;8
"Total sex";"2022";"Employees - medium level";"40-44 years";"CM Manufacture of funiture and other manufacturing";84;48;186;109;35
"Total sex";"2022";"Employees - medium level";"40-44 years";"D Electricity, gas, steam and air conditioning supply";48;13;81;57;44
"Total sex";"2022";"Employees - medium level";"40-44 years";"E Water supply, sewerage and waste management";11;10;12;21;10
"Total sex";"2022";"Employees - medium level";"40-44 years";"F Construction";514;259;312;406;138
"Total sex";"2022";"Employees - medium level";"40-44 years";"G Wholesale and retail trade";1906;420;1088;1447;434
"Total sex";"2022";"Employees - medium level";"40-44 years";"H Transportation";758;87;407;338;86
"Total sex";"2022";"Employees - medium level";"40-44 years";"I Accommodation and food service activities";178;19;79;46;24
"Total sex";"2022";"Employees - medium level";"40-44 years";"JA Publishing, television and radio broadcasting";355;7;70;39;29
"Total sex";"2022";"Employees - medium level";"40-44 years";"JB Telecommunications";272;31;61;129;43
"Total sex";"2022";"Employees - medium level";"40-44 years";"JC IT and information service activities";639;24;115;275;64
"Total sex";"2022";"Employees - medium level";"40-44 years";"K Financial and insurance";1123;79;205;338;150
"Total sex";"2022";"Employees - medium level";"40-44 years";"L Real estate activities";344;76;93;156;39
"Total sex";"2022";"Employees - medium level";"40-44 years";"MA Consultancy etc.";1057;233;485;556;204
"Total sex";"2022";"Employees - medium level";"40-44 years";"MB Scientific research and development";214;22;21;128;8
"Total sex";"2022";"Employees - medium level";"40-44 years";"MC Advertising and other business services";203;35;88;114;39
"Total sex";"2022";"Employees - medium level";"40-44 years";"N Travel agent, cleaning, and other operationel services";563;116;199;282;119
"Total sex";"2022";"Employees - medium level";"40-44 years";"O Public administration, defence and compulsory social security";986;299;441;468;214
"Total sex";"2022";"Employees - medium level";"40-44 years";"P Education";324;52;147;179;68
"Total sex";"2022";"Employees - medium level";"40-44 years";"QA Human health activities";1145;538;967;1073;430
"Total sex";"2022";"Employees - medium level";"40-44 years";"QB Residential care";241;103;111;122;79
"Total sex";"2022";"Employees - medium level";"40-44 years";"R Arts, entertainment and recreation activities";236;43;110;96;34
"Total sex";"2022";"Employees - medium level";"40-44 years";"S Other service activities etc.";249;38;82;137;28
"Total sex";"2022";"Employees - medium level";"40-44 years";"X Activity not stated";0;0;0;0;0
"Total sex";"2022";"Employees - medium level";"45-49 years";"A Agriculture, forestry and fishing";4;19;20;18;4
"Total sex";"2022";"Employees - medium level";"45-49 years";"B Mining and quarrying";18;1;60;2;6
"Total sex";"2022";"Employees - medium level";"45-49 years";"CA Manufacture of food products, beverages and tobacco";116;77;171;268;75
"Total sex";"2022";"Employees - medium level";"45-49 years";"CB Textiles and leather products";10;5;11;37;9
"Total sex";"2022";"Employees - medium level";"45-49 years";"CC Wood and paper products and printing";20;7;69;74;29
"Total sex";"2022";"Employees - medium level";"45-49 years";"CD Oil refinery etc.";0;6;28;0;0
"Total sex";"2022";"Employees - medium level";"45-49 years";"CE Manufacture of chemicals";179;43;71;51;10
"Total sex";"2022";"Employees - medium level";"45-49 years";"CF Pharmaceuticals";650;122;11;0;5
"Total sex";"2022";"Employees - medium level";"45-49 years";"CG Manufacture of plastic, glass and concrete";46;47;85;99;66
"Total sex";"2022";"Employees - medium level";"45-49 years";"CH Basic metals and fabricated metal products";34;32;117;173;81
"Total sex";"2022";"Employees - medium level";"45-49 years";"CI Manufacture of electronic components";177;15;38;104;18
"Total sex";"2022";"Employees - medium level";"45-49 years";"CJ Electrical equipment";40;19;74;57;25
"Total sex";"2022";"Employees - medium level";"45-49 years";"CK Manufacture of machinery";115;81;325;492;135
"Total sex";"2022";"Employees - medium level";"45-49 years";"CL Transport equipment";9;13;18;43;9
"Total sex";"2022";"Employees - medium level";"45-49 years";"CM Manufacture of funiture and other manufacturing";102;62;238;104;50
"Total sex";"2022";"Employees - medium level";"45-49 years";"D Electricity, gas, steam and air conditioning supply";75;31;99;67;39
"Total sex";"2022";"Employees - medium level";"45-49 years";"E Water supply, sewerage and waste management";18;11;24;26;12
"Total sex";"2022";"Employees - medium level";"45-49 years";"F Construction";548;261;350;428;123
"Total sex";"2022";"Employees - medium level";"45-49 years";"G Wholesale and retail trade";2371;509;1358;1670;488
"Total sex";"2022";"Employees - medium level";"45-49 years";"H Transportation";798;93;406;323;101
"Total sex";"2022";"Employees - medium level";"45-49 years";"I Accommodation and food service activities";176;30;70;59;20
"Total sex";"2022";"Employees - medium level";"45-49 years";"JA Publishing, television and radio broadcasting";343;10;57;55;38
"Total sex";"2022";"Employees - medium level";"45-49 years";"JB Telecommunications";276;26;70;168;43
"Total sex";"2022";"Employees - medium level";"45-49 years";"JC IT and information service activities";638;26;116;254;73
"Total sex";"2022";"Employees - medium level";"45-49 years";"K Financial and insurance";1171;91;253;326;130
"Total sex";"2022";"Employees - medium level";"45-49 years";"L Real estate activities";393;84;117;161;64
"Total sex";"2022";"Employees - medium level";"45-49 years";"MA Consultancy etc.";1100;247;500;554;188
"Total sex";"2022";"Employees - medium level";"45-49 years";"MB Scientific research and development";201;35;23;142;5
"Total sex";"2022";"Employees - medium level";"45-49 years";"MC Advertising and other business services";193;32;81;114;28
"Total sex";"2022";"Employees - medium level";"45-49 years";"N Travel agent, cleaning, and other operationel services";674;169;241;337;158
"Total sex";"2022";"Employees - medium level";"45-49 years";"O Public administration, defence and compulsory social security";1253;378;578;613;277
"Total sex";"2022";"Employees - medium level";"45-49 years";"P Education";335;75;187;242;89
"Total sex";"2022";"Employees - medium level";"45-49 years";"QA Human health activities";1249;613;1038;1048;463
"Total sex";"2022";"Employees - medium level";"45-49 years";"QB Residential care";271;177;235;202;117
"Total sex";"2022";"Employees - medium level";"45-49 years";"R Arts, entertainment and recreation activities";243;44;101;117;45
"Total sex";"2022";"Employees - medium level";"45-49 years";"S Other service activities etc.";280;45;97;169;41
"Total sex";"2022";"Employees - medium level";"45-49 years";"X Activity not stated";0;0;0;0;0
"Total sex";"2022";"Employees - medium level";"50-54 years";"A Agriculture, forestry and fishing";5;22;34;18;14
"Total sex";"2022";"Employees - medium level";"50-54 years";"B Mining and quarrying";23;4;63;4;11
"Total sex";"2022";"Employees - medium level";"50-54 years";"CA Manufacture of food products, beverages and tobacco";94;87;192;292;75
"Total sex";"2022";"Employees - medium level";"50-54 years";"CB Textiles and leather products";9;3;25;59;24
"Total sex";"2022";"Employees - medium level";"50-54 years";"CC Wood and paper products and printing";24;11;87;103;45
"Total sex";"2022";"Employees - medium level";"50-54 years";"CD Oil refinery etc.";2;5;34;0;0
"Total sex";"2022";"Employees - medium level";"50-54 years";"CE Manufacture of chemicals";168;59;78;74;11
"Total sex";"2022";"Employees - medium level";"50-54 years";"CF Pharmaceuticals";683;124;10;1;11
"Total sex";"2022";"Employees - medium level";"50-54 years";"CG Manufacture of plastic, glass and concrete";76;65;122;153;50
"Total sex";"2022";"Employees - medium level";"50-54 years";"CH Basic metals and fabricated metal products";49;28;166;203;107
"Total sex";"2022";"Employees - medium level";"50-54 years";"CI Manufacture of electronic components";174;10;34;130;26
"Total sex";"2022";"Employees - medium level";"50-54 years";"CJ Electrical equipment";63;34;120;59;43
"Total sex";"2022";"Employees - medium level";"50-54 years";"CK Manufacture of machinery";144;123;379;542;139
"Total sex";"2022";"Employees - medium level";"50-54 years";"CL Transport equipment";3;14;35;40;16
"Total sex";"2022";"Employees - medium level";"50-54 years";"CM Manufacture of funiture and other manufacturing";109;64;245;112;48
"Total sex";"2022";"Employees - medium level";"50-54 years";"D Electricity, gas, steam and air conditioning supply";73;29;99;58;56
"Total sex";"2022";"Employees - medium level";"50-54 years";"E Water supply, sewerage and waste management";23;16;28;33;18
"Total sex";"2022";"Employees - medium level";"50-54 years";"F Construction";604;279;374;378;126
"Total sex";"2022";"Employees - medium level";"50-54 years";"G Wholesale and retail trade";2392;554;1463;1521;445
"Total sex";"2022";"Employees - medium level";"50-54 years";"H Transportation";800;111;451;322;116
"Total sex";"2022";"Employees - medium level";"50-54 years";"I Accommodation and food service activities";140;17;72;37;22
"Total sex";"2022";"Employees - medium level";"50-54 years";"JA Publishing, television and radio broadcasting";365;10;64;61;28
"Total sex";"2022";"Employees - medium level";"50-54 years";"JB Telecommunications";276;41;68;143;48
"Total sex";"2022";"Employees - medium level";"50-54 years";"JC IT and information service activities";584;22;110;269;72
"Total sex";"2022";"Employees - medium level";"50-54 years";"K Financial and insurance";1052;107;261;306;127
"Total sex";"2022";"Employees - medium level";"50-54 years";"L Real estate activities";382;76;116;130;75
"Total sex";"2022";"Employees - medium level";"50-54 years";"MA Consultancy etc.";1153;250;625;600;182
"Total sex";"2022";"Employees - medium level";"50-54 years";"MB Scientific research and development";218;39;22;129;3
"Total sex";"2022";"Employees - medium level";"50-54 years";"MC Advertising and other business services";154;20;79;93;32
"Total sex";"2022";"Employees - medium level";"50-54 years";"N Travel agent, cleaning, and other operationel services";718;160;245;353;139
"Total sex";"2022";"Employees - medium level";"50-54 years";"O Public administration, defence and compulsory social security";1341;398;652;670;305
"Total sex";"2022";"Employees - medium level";"50-54 years";"P Education";360;107;186;293;101
"Total sex";"2022";"Employees - medium level";"50-54 years";"QA Human health activities";1225;603;1023;1021;477
"Total sex";"2022";"Employees - medium level";"50-54 years";"QB Residential care";302;279;313;233;156
"Total sex";"2022";"Employees - medium level";"50-54 years";"R Arts, entertainment and recreation activities";224;36;90;105;40
"Total sex";"2022";"Employees - medium level";"50-54 years";"S Other service activities etc.";406;59;123;183;52
"Total sex";"2022";"Employees - medium level";"50-54 years";"X Activity not stated";0;0;0;0;0
"Total sex";"2022";"Employees - medium level";"55-59 years";"A Agriculture, forestry and fishing";16;25;45;24;23
"Total sex";"2022";"Employees - medium level";"55-59 years";"B Mining and quarrying";19;4;62;6;16
"Total sex";"2022";"Employees - medium level";"55-59 years";"CA Manufacture of food products, beverages and tobacco";68;75;221;244;83
"Total sex";"2022";"Employees - medium level";"55-59 years";"CB Textiles and leather products";5;4;15;62;19
"Total sex";"2022";"Employees - medium level";"55-59 years";"CC Wood and paper products and printing";37;16;77;106;51
"Total sex";"2022";"Employees - medium level";"55-59 years";"CD Oil refinery etc.";1;11;31;0;0
"Total sex";"2022";"Employees - medium level";"55-59 years";"CE Manufacture of chemicals";216;77;119;62;9
"Total sex";"2022";"Employees - medium level";"55-59 years";"CF Pharmaceuticals";652;126;8;2;5
"Total sex";"2022";"Employees - medium level";"55-59 years";"CG Manufacture of plastic, glass and concrete";53;80;99;136;79
"Total sex";"2022";"Employees - medium level";"55-59 years";"CH Basic metals and fabricated metal products";36;43;188;211;112
"Total sex";"2022";"Employees - medium level";"55-59 years";"CI Manufacture of electronic components";216;16;44;154;32
"Total sex";"2022";"Employees - medium level";"55-59 years";"CJ Electrical equipment";49;33;108;65;50
"Total sex";"2022";"Employees - medium level";"55-59 years";"CK Manufacture of machinery";175;119;454;559;160
"Total sex";"2022";"Employees - medium level";"55-59 years";"CL Transport equipment";12;8;33;43;10
"Total sex";"2022";"Employees - medium level";"55-59 years";"CM Manufacture of funiture and other manufacturing";138;57;243;129;65
"Total sex";"2022";"Employees - medium level";"55-59 years";"D Electricity, gas, steam and air conditioning supply";67;42;126;93;41
"Total sex";"2022";"Employees - medium level";"55-59 years";"E Water supply, sewerage and waste management";32;12;36;25;11
"Total sex";"2022";"Employees - medium level";"55-59 years";"F Construction";636;265;328;390;148
"Total sex";"2022";"Employees - medium level";"55-59 years";"G Wholesale and retail trade";2252;523;1228;1319;439
"Total sex";"2022";"Employees - medium level";"55-59 years";"H Transportation";838;115;445;272;111
"Total sex";"2022";"Employees - medium level";"55-59 years";"I Accommodation and food service activities";121;21;45;42;18
"Total sex";"2022";"Employees - medium level";"55-59 years";"JA Publishing, television and radio broadcasting";277;16;73;53;19
"Total sex";"2022";"Employees - medium level";"55-59 years";"JB Telecommunications";356;61;95;190;48
"Total sex";"2022";"Employees - medium level";"55-59 years";"JC IT and information service activities";519;18;90;167;54
"Total sex";"2022";"Employees - medium level";"55-59 years";"K Financial and insurance";1180;143;293;439;211
"Total sex";"2022";"Employees - medium level";"55-59 years";"L Real estate activities";399;71;108;140;54
"Total sex";"2022";"Employees - medium level";"55-59 years";"MA Consultancy etc.";1167;343;617;606;230
"Total sex";"2022";"Employees - medium level";"55-59 years";"MB Scientific research and development";205;43;22;131;13
"Total sex";"2022";"Employees - medium level";"55-59 years";"MC Advertising and other business services";135;15;80;68;33
"Total sex";"2022";"Employees - medium level";"55-59 years";"N Travel agent, cleaning, and other operationel services";728;195;263;347;160
"Total sex";"2022";"Employees - medium level";"55-59 years";"O Public administration, defence and compulsory social security";1820;515;898;904;429
"Total sex";"2022";"Employees - medium level";"55-59 years";"P Education";439;106;189;268;127
"Total sex";"2022";"Employees - medium level";"55-59 years";"QA Human health activities";1248;518;1017;921;404
"Total sex";"2022";"Employees - medium level";"55-59 years";"QB Residential care";372;346;350;315;193
"Total sex";"2022";"Employees - medium level";"55-59 years";"R Arts, entertainment and recreation activities";212;50;106;98;37
"Total sex";"2022";"Employees - medium level";"55-59 years";"S Other service activities etc.";426;79;172;184;72
"Total sex";"2022";"Employees - medium level";"55-59 years";"X Activity not stated";0;0;0;0;0
"Total sex";"2022";"Employees - medium level";"60-64 years";"A Agriculture, forestry and fishing";4;22;40;15;18
"Total sex";"2022";"Employees - medium level";"60-64 years";"B Mining and quarrying";17;4;46;5;8
"Total sex";"2022";"Employees - medium level";"60-64 years";"CA Manufacture of food products, beverages and tobacco";42;47;102;153;49
"Total sex";"2022";"Employees - medium level";"60-64 years";"CB Textiles and leather products";3;2;13;30;5
"Total sex";"2022";"Employees - medium level";"60-64 years";"CC Wood and paper products and printing";16;9;42;59;25
"Total sex";"2022";"Employees - medium level";"60-64 years";"CD Oil refinery etc.";0;14;16;0;0
"Total sex";"2022";"Employees - medium level";"60-64 years";"CE Manufacture of chemicals";112;35;62;33;3
"Total sex";"2022";"Employees - medium level";"60-64 years";"CF Pharmaceuticals";387;80;6;0;3
"Total sex";"2022";"Employees - medium level";"60-64 years";"CG Manufacture of plastic, glass and concrete";36;53;90;96;52
"Total sex";"2022";"Employees - medium level";"60-64 years";"CH Basic metals and fabricated metal products";35;20;113;117;67
"Total sex";"2022";"Employees - medium level";"60-64 years";"CI Manufacture of electronic components";130;11;35;88;11
"Total sex";"2022";"Employees - medium level";"60-64 years";"CJ Electrical equipment";41;21;73;38;22
"Total sex";"2022";"Employees - medium level";"60-64 years";"CK Manufacture of machinery";128;86;254;321;88
"Total sex";"2022";"Employees - medium level";"60-64 years";"CL Transport equipment";8;12;26;22;5
"Total sex";"2022";"Employees - medium level";"60-64 years";"CM Manufacture of funiture and other manufacturing";85;36;110;72;24
"Total sex";"2022";"Employees - medium level";"60-64 years";"D Electricity, gas, steam and air conditioning supply";79;34;84;64;38
"Total sex";"2022";"Employees - medium level";"60-64 years";"E Water supply, sewerage and waste management";16;10;16;26;12
"Total sex";"2022";"Employees - medium level";"60-64 years";"F Construction";360;140;209;250;103
"Total sex";"2022";"Employees - medium level";"60-64 years";"G Wholesale and retail trade";1301;321;746;795;292
"Total sex";"2022";"Employees - medium level";"60-64 years";"H Transportation";490;89;308;182;65
"Total sex";"2022";"Employees - medium level";"60-64 years";"I Accommodation and food service activities";55;10;34;11;12
"Total sex";"2022";"Employees - medium level";"60-64 years";"JA Publishing, television and radio broadcasting";147;11;25;34;13
"Total sex";"2022";"Employees - medium level";"60-64 years";"JB Telecommunications";225;36;79;180;43
"Total sex";"2022";"Employees - medium level";"60-64 years";"JC IT and information service activities";306;22;51;99;17
"Total sex";"2022";"Employees - medium level";"60-64 years";"K Financial and insurance";735;93;243;287;144
"Total sex";"2022";"Employees - medium level";"60-64 years";"L Real estate activities";280;44;54;103;29
"Total sex";"2022";"Employees - medium level";"60-64 years";"MA Consultancy etc.";718;193;419;465;180
"Total sex";"2022";"Employees - medium level";"60-64 years";"MB Scientific research and development";145;32;16;92;8
"Total sex";"2022";"Employees - medium level";"60-64 years";"MC Advertising and other business services";73;19;57;43;35
"Total sex";"2022";"Employees - medium level";"60-64 years";"N Travel agent, cleaning, and other operationel services";494;109;191;238;108
"Total sex";"2022";"Employees - medium level";"60-64 years";"O Public administration, defence and compulsory social security";1286;417;644;773;335
"Total sex";"2022";"Employees - medium level";"60-64 years";"P Education";302;67;108;211;66
"Total sex";"2022";"Employees - medium level";"60-64 years";"QA Human health activities";875;377;744;715;339
"Total sex";"2022";"Employees - medium level";"60-64 years";"QB Residential care";290;228;255;210;143
"Total sex";"2022";"Employees - medium level";"60-64 years";"R Arts, entertainment and recreation activities";160;37;83;98;22
"Total sex";"2022";"Employees - medium level";"60-64 years";"S Other service activities etc.";354;67;154;155;58
"Total sex";"2022";"Employees - medium level";"60-64 years";"X Activity not stated";0;0;0;0;0
"Total sex";"2022";"Employees - medium level";"65-66 years";"A Agriculture, forestry and fishing";4;6;13;3;4
"Total sex";"2022";"Employees - medium level";"65-66 years";"B Mining and quarrying";3;1;10;2;1
"Total sex";"2022";"Employees - medium level";"65-66 years";"CA Manufacture of food products, beverages and tobacco";8;12;30;23;6
"Total sex";"2022";"Employees - medium level";"65-66 years";"CB Textiles and leather products";0;0;3;7;0
"Total sex";"2022";"Employees - medium level";"65-66 years";"CC Wood and paper products and printing";4;2;16;16;7
"Total sex";"2022";"Employees - medium level";"65-66 years";"CD Oil refinery etc.";0;2;0;0;0
"Total sex";"2022";"Employees - medium level";"65-66 years";"CE Manufacture of chemicals";24;7;15;5;0
"Total sex";"2022";"Employees - medium level";"65-66 years";"CF Pharmaceuticals";82;18;1;0;0
"Total sex";"2022";"Employees - medium level";"65-66 years";"CG Manufacture of plastic, glass and concrete";6;8;19;19;12
"Total sex";"2022";"Employees - medium level";"65-66 years";"CH Basic metals and fabricated metal products";7;1;21;30;11
"Total sex";"2022";"Employees - medium level";"65-66 years";"CI Manufacture of electronic components";30;3;9;18;2
"Total sex";"2022";"Employees - medium level";"65-66 years";"CJ Electrical equipment";8;4;7;9;7
"Total sex";"2022";"Employees - medium level";"65-66 years";"CK Manufacture of machinery";21;18;41;68;13
"Total sex";"2022";"Employees - medium level";"65-66 years";"CL Transport equipment";2;1;5;9;3
"Total sex";"2022";"Employees - medium level";"65-66 years";"CM Manufacture of funiture and other manufacturing";19;6;32;18;5
"Total sex";"2022";"Employees - medium level";"65-66 years";"D Electricity, gas, steam and air conditioning supply";18;8;19;13;15
"Total sex";"2022";"Employees - medium level";"65-66 years";"E Water supply, sewerage and waste management";4;4;2;3;1
"Total sex";"2022";"Employees - medium level";"65-66 years";"F Construction";90;33;46;66;27
"Total sex";"2022";"Employees - medium level";"65-66 years";"G Wholesale and retail trade";274;70;145;158;58
"Total sex";"2022";"Employees - medium level";"65-66 years";"H Transportation";83;27;65;33;18
"Total sex";"2022";"Employees - medium level";"65-66 years";"I Accommodation and food service activities";11;1;8;4;1
"Total sex";"2022";"Employees - medium level";"65-66 years";"JA Publishing, television and radio broadcasting";47;8;6;9;3
"Total sex";"2022";"Employees - medium level";"65-66 years";"JB Telecommunications";34;5;23;26;7
"Total sex";"2022";"Employees - medium level";"65-66 years";"JC IT and information service activities";65;3;8;22;6
"Total sex";"2022";"Employees - medium level";"65-66 years";"K Financial and insurance";125;14;37;35;27
"Total sex";"2022";"Employees - medium level";"65-66 years";"L Real estate activities";63;7;16;20;7
"Total sex";"2022";"Employees - medium level";"65-66 years";"MA Consultancy etc.";157;47;91;90;36
"Total sex";"2022";"Employees - medium level";"65-66 years";"MB Scientific research and development";33;4;1;21;3
"Total sex";"2022";"Employees - medium level";"65-66 years";"MC Advertising and other business services";11;4;12;11;4
"Total sex";"2022";"Employees - medium level";"65-66 years";"N Travel agent, cleaning, and other operationel services";106;35;44;41;20
"Total sex";"2022";"Employees - medium level";"65-66 years";"O Public administration, defence and compulsory social security";277;84;139;142;65
"Total sex";"2022";"Employees - medium level";"65-66 years";"P Education";67;10;31;49;14
"Total sex";"2022";"Employees - medium level";"65-66 years";"QA Human health activities";204;83;138;123;67
"Total sex";"2022";"Employees - medium level";"65-66 years";"QB Residential care";72;47;47;54;41
"Total sex";"2022";"Employees - medium level";"65-66 years";"R Arts, entertainment and recreation activities";31;9;13;17;12
"Total sex";"2022";"Employees - medium level";"65-66 years";"S Other service activities etc.";102;14;40;44;19
"Total sex";"2022";"Employees - medium level";"65-66 years";"X Activity not stated";0;0;0;0;0
"Total sex";"2022";"Employees - medium level";"67 years and over";"A Agriculture, forestry and fishing";1;7;12;6;5
"Total sex";"2022";"Employees - medium level";"67 years and over";"B Mining and quarrying";3;0;3;0;1
"Total sex";"2022";"Employees - medium level";"67 years and over";"CA Manufacture of food products, beverages and tobacco";11;8;14;18;7
"Total sex";"2022";"Employees - medium level";"67 years and over";"CB Textiles and leather products";0;0;1;3;0
"Total sex";"2022";"Employees - medium level";"67 years and over";"CC Wood and paper products and printing";6;3;15;15;7
"Total sex";"2022";"Employees - medium level";"67 years and over";"CD Oil refinery etc.";0;4;2;0;0
"Total sex";"2022";"Employees - medium level";"67 years and over";"CE Manufacture of chemicals";19;11;8;7;2
"Total sex";"2022";"Employees - medium level";"67 years and over";"CF Pharmaceuticals";32;6;1;0;0
"Total sex";"2022";"Employees - medium level";"67 years and over";"CG Manufacture of plastic, glass and concrete";8;3;19;16;5
"Total sex";"2022";"Employees - medium level";"67 years and over";"CH Basic metals and fabricated metal products";13;3;26;26;18
"Total sex";"2022";"Employees - medium level";"67 years and over";"CI Manufacture of electronic components";32;2;8;24;6
"Total sex";"2022";"Employees - medium level";"67 years and over";"CJ Electrical equipment";9;10;13;9;5
"Total sex";"2022";"Employees - medium level";"67 years and over";"CK Manufacture of machinery";29;16;44;61;10
"Total sex";"2022";"Employees - medium level";"67 years and over";"CL Transport equipment";1;2;2;6;1
"Total sex";"2022";"Employees - medium level";"67 years and over";"CM Manufacture of funiture and other manufacturing";10;9;27;18;5
"Total sex";"2022";"Employees - medium level";"67 years and over";"D Electricity, gas, steam and air conditioning supply";12;1;13;14;9
"Total sex";"2022";"Employees - medium level";"67 years and over";"E Water supply, sewerage and waste management";6;5;8;3;2
"Total sex";"2022";"Employees - medium level";"67 years and over";"F Construction";131;42;64;84;21
"Total sex";"2022";"Employees - medium level";"67 years and over";"G Wholesale and retail trade";231;94;169;182;61
"Total sex";"2022";"Employees - medium level";"67 years and over";"H Transportation";76;26;75;43;17
"Total sex";"2022";"Employees - medium level";"67 years and over";"I Accommodation and food service activities";12;6;8;10;4
"Total sex";"2022";"Employees - medium level";"67 years and over";"JA Publishing, television and radio broadcasting";22;3;8;9;1
"Total sex";"2022";"Employees - medium level";"67 years and over";"JB Telecommunications";14;3;4;11;1
"Total sex";"2022";"Employees - medium level";"67 years and over";"JC IT and information service activities";36;2;9;16;10
"Total sex";"2022";"Employees - medium level";"67 years and over";"K Financial and insurance";77;16;24;25;14
"Total sex";"2022";"Employees - medium level";"67 years and over";"L Real estate activities";75;13;33;32;9
"Total sex";"2022";"Employees - medium level";"67 years and over";"MA Consultancy etc.";199;56;105;126;42
"Total sex";"2022";"Employees - medium level";"67 years and over";"MB Scientific research and development";30;6;0;16;3
"Total sex";"2022";"Employees - medium level";"67 years and over";"MC Advertising and other business services";10;5;14;12;4
"Total sex";"2022";"Employees - medium level";"67 years and over";"N Travel agent, cleaning, and other operationel services";96;20;28;31;19
"Total sex";"2022";"Employees - medium level";"67 years and over";"O Public administration, defence and compulsory social security";179;74;104;109;42
"Total sex";"2022";"Employees - medium level";"67 years and over";"P Education";78;12;14;47;7
"Total sex";"2022";"Employees - medium level";"67 years and over";"QA Human health activities";219;56;120;114;66
"Total sex";"2022";"Employees - medium level";"67 years and over";"QB Residential care";81;65;89;109;39
"Total sex";"2022";"Employees - medium level";"67 years and over";"R Arts, entertainment and recreation activities";67;19;26;42;12
"Total sex";"2022";"Employees - medium level";"67 years and over";"S Other service activities etc.";103;30;38;30;15
"Total sex";"2022";"Employees - medium level";"67 years and over";"X Activity not stated";0;0;0;0;0
"Total sex";"2022";"Employees - basic level";"Under 16 years";"A Agriculture, forestry and fishing";4;19;29;46;18
"Total sex";"2022";"Employees - basic level";"Under 16 years";"B Mining and quarrying";0;0;3;0;0
"Total sex";"2022";"Employees - basic level";"Under 16 years";"CA Manufacture of food products, beverages and tobacco";234;146;261;207;102
"Total sex";"2022";"Employees - basic level";"Under 16 years";"CB Textiles and leather products";0;0;2;7;2
"Total sex";"2022";"Employees - basic level";"Under 16 years";"CC Wood and paper products and printing";4;2;11;15;7
"Total sex";"2022";"Employees - basic level";"Under 16 years";"CD Oil refinery etc.";0;0;0;0;0
"Total sex";"2022";"Employees - basic level";"Under 16 years";"CE Manufacture of chemicals";0;0;1;0;0
"Total sex";"2022";"Employees - basic level";"Under 16 years";"CF Pharmaceuticals";0;0;0;0;0
"Total sex";"2022";"Employees - basic level";"Under 16 years";"CG Manufacture of plastic, glass and concrete";3;2;9;24;11
"Total sex";"2022";"Employees - basic level";"Under 16 years";"CH Basic metals and fabricated metal products";5;14;37;70;15
"Total sex";"2022";"Employees - basic level";"Under 16 years";"CI Manufacture of electronic components";3;0;3;12;1
"Total sex";"2022";"Employees - basic level";"Under 16 years";"CJ Electrical equipment";3;5;4;4;0
"Total sex";"2022";"Employees - basic level";"Under 16 years";"CK Manufacture of machinery";1;6;25;35;3
"Total sex";"2022";"Employees - basic level";"Under 16 years";"CL Transport equipment";0;0;4;9;1
"Total sex";"2022";"Employees - basic level";"Under 16 years";"CM Manufacture of funiture and other manufacturing";6;7;14;13;8
"Total sex";"2022";"Employees - basic level";"Under 16 years";"D Electricity, gas, steam and air conditioning supply";1;0;1;0;1
"Total sex";"2022";"Employees - basic level";"Under 16 years";"E Water supply, sewerage and waste management";1;0;1;1;2
"Total sex";"2022";"Employees - basic level";"Under 16 years";"F Construction";24;29;57;47;23
"Total sex";"2022";"Employees - basic level";"Under 16 years";"G Wholesale and retail trade";2875;1161;1780;2054;868
"Total sex";"2022";"Employees - basic level";"Under 16 years";"H Transportation";65;57;86;173;11
"Total sex";"2022";"Employees - basic level";"Under 16 years";"I Accommodation and food service activities";281;164;381;333;84
"Total sex";"2022";"Employees - basic level";"Under 16 years";"JA Publishing, television and radio broadcasting";70;99;28;231;6
"Total sex";"2022";"Employees - basic level";"Under 16 years";"JB Telecommunications";0;0;0;0;0
"Total sex";"2022";"Employees - basic level";"Under 16 years";"JC IT and information service activities";11;0;2;12;0
"Total sex";"2022";"Employees - basic level";"Under 16 years";"K Financial and insurance";0;3;11;8;1
"Total sex";"2022";"Employees - basic level";"Under 16 years";"L Real estate activities";30;28;24;32;6
"Total sex";"2022";"Employees - basic level";"Under 16 years";"MA Consultancy etc.";28;8;6;19;5
"Total sex";"2022";"Employees - basic level";"Under 16 years";"MB Scientific research and development";0;0;0;1;0
"Total sex";"2022";"Employees - basic level";"Under 16 years";"MC Advertising and other business services";13;3;9;11;0
"Total sex";"2022";"Employees - basic level";"Under 16 years";"N Travel agent, cleaning, and other operationel services";49;12;14;44;19
"Total sex";"2022";"Employees - basic level";"Under 16 years";"O Public administration, defence and compulsory social security";37;0;2;4;5
"Total sex";"2022";"Employees - basic level";"Under 16 years";"P Education";306;154;121;380;47
"Total sex";"2022";"Employees - basic level";"Under 16 years";"QA Human health activities";8;9;8;16;7
"Total sex";"2022";"Employees - basic level";"Under 16 years";"QB Residential care";479;92;217;683;56
"Total sex";"2022";"Employees - basic level";"Under 16 years";"R Arts, entertainment and recreation activities";147;58;123;130;52
"Total sex";"2022";"Employees - basic level";"Under 16 years";"S Other service activities etc.";52;9;10;36;4
"Total sex";"2022";"Employees - basic level";"Under 16 years";"X Activity not stated";0;0;0;0;0
"Total sex";"2022";"Employees - basic level";"16-19 years";"A Agriculture, forestry and fishing";54;231;611;497;356
"Total sex";"2022";"Employees - basic level";"16-19 years";"B Mining and quarrying";1;0;3;1;2
"Total sex";"2022";"Employees - basic level";"16-19 years";"CA Manufacture of food products, beverages and tobacco";1050;334;678;575;257
"Total sex";"2022";"Employees - basic level";"16-19 years";"CB Textiles and leather products";10;4;8;17;2
"Total sex";"2022";"Employees - basic level";"16-19 years";"CC Wood and paper products and printing";15;15;73;73;48
"Total sex";"2022";"Employees - basic level";"16-19 years";"CD Oil refinery etc.";0;3;1;0;0
"Total sex";"2022";"Employees - basic level";"16-19 years";"CE Manufacture of chemicals";13;13;11;7;1
"Total sex";"2022";"Employees - basic level";"16-19 years";"CF Pharmaceuticals";32;37;0;0;4
"Total sex";"2022";"Employees - basic level";"16-19 years";"CG Manufacture of plastic, glass and concrete";20;23;52;78;22
"Total sex";"2022";"Employees - basic level";"16-19 years";"CH Basic metals and fabricated metal products";50;91;222;285;129
"Total sex";"2022";"Employees - basic level";"16-19 years";"CI Manufacture of electronic components";36;4;7;31;9
"Total sex";"2022";"Employees - basic level";"16-19 years";"CJ Electrical equipment";10;6;35;27;17
"Total sex";"2022";"Employees - basic level";"16-19 years";"CK Manufacture of machinery";43;52;150;200;101
"Total sex";"2022";"Employees - basic level";"16-19 years";"CL Transport equipment";1;5;14;46;33
"Total sex";"2022";"Employees - basic level";"16-19 years";"CM Manufacture of funiture and other manufacturing";71;43;173;106;78
"Total sex";"2022";"Employees - basic level";"16-19 years";"D Electricity, gas, steam and air conditioning supply";11;5;8;5;2
"Total sex";"2022";"Employees - basic level";"16-19 years";"E Water supply, sewerage and waste management";7;6;13;14;5
"Total sex";"2022";"Employees - basic level";"16-19 years";"F Construction";1563;1250;1532;1663;821
"Total sex";"2022";"Employees - basic level";"16-19 years";"G Wholesale and retail trade";18871;9870;13846;14749;6343
"Total sex";"2022";"Employees - basic level";"16-19 years";"H Transportation";368;174;400;362;124
"Total sex";"2022";"Employees - basic level";"16-19 years";"I Accommodation and food service activities";3918;1320;2717;2400;859
"Total sex";"2022";"Employees - basic level";"16-19 years";"JA Publishing, television and radio broadcasting";369;60;116;187;56
"Total sex";"2022";"Employees - basic level";"16-19 years";"JB Telecommunications";33;5;39;25;3
"Total sex";"2022";"Employees - basic level";"16-19 years";"JC IT and information service activities";107;13;22;39;11
"Total sex";"2022";"Employees - basic level";"16-19 years";"K Financial and insurance";168;9;80;59;19
"Total sex";"2022";"Employees - basic level";"16-19 years";"L Real estate activities";136;88;135;127;35
"Total sex";"2022";"Employees - basic level";"16-19 years";"MA Consultancy etc.";299;57;68;73;22
"Total sex";"2022";"Employees - basic level";"16-19 years";"MB Scientific research and development";11;5;4;2;0
"Total sex";"2022";"Employees - basic level";"16-19 years";"MC Advertising and other business services";144;35;126;86;8
"Total sex";"2022";"Employees - basic level";"16-19 years";"N Travel agent, cleaning, and other operationel services";717;227;409;345;281
"Total sex";"2022";"Employees - basic level";"16-19 years";"O Public administration, defence and compulsory social security";264;146;206;190;97
"Total sex";"2022";"Employees - basic level";"16-19 years";"P Education";417;177;286;250;101
"Total sex";"2022";"Employees - basic level";"16-19 years";"QA Human health activities";195;99;98;123;40
"Total sex";"2022";"Employees - basic level";"16-19 years";"QB Residential care";2470;1122;1691;2159;632
"Total sex";"2022";"Employees - basic level";"16-19 years";"R Arts, entertainment and recreation activities";1190;287;557;576;301
"Total sex";"2022";"Employees - basic level";"16-19 years";"S Other service activities etc.";279;78;165;151;70
"Total sex";"2022";"Employees - basic level";"16-19 years";"X Activity not stated";0;0;0;0;0
"Total sex";"2022";"Employees - basic level";"20-24 years";"A Agriculture, forestry and fishing";75;265;544;485;312
"Total sex";"2022";"Employees - basic level";"20-24 years";"B Mining and quarrying";13;2;45;6;7
"Total sex";"2022";"Employees - basic level";"20-24 years";"CA Manufacture of food products, beverages and tobacco";708;303;903;1014;455
"Total sex";"2022";"Employees - basic level";"20-24 years";"CB Textiles and leather products";20;4;17;69;11
"Total sex";"2022";"Employees - basic level";"20-24 years";"CC Wood and paper products and printing";30;35;167;223;158
"Total sex";"2022";"Employees - basic level";"20-24 years";"CD Oil refinery etc.";1;11;0;0;0
"Total sex";"2022";"Employees - basic level";"20-24 years";"CE Manufacture of chemicals";215;52;37;25;7
"Total sex";"2022";"Employees - basic level";"20-24 years";"CF Pharmaceuticals";537;159;6;1;15
"Total sex";"2022";"Employees - basic level";"20-24 years";"CG Manufacture of plastic, glass and concrete";60;96;173;259;85
"Total sex";"2022";"Employees - basic level";"20-24 years";"CH Basic metals and fabricated metal products";141;184;467;632;352
"Total sex";"2022";"Employees - basic level";"20-24 years";"CI Manufacture of electronic components";196;20;31;87;17
"Total sex";"2022";"Employees - basic level";"20-24 years";"CJ Electrical equipment";34;16;154;77;47
"Total sex";"2022";"Employees - basic level";"20-24 years";"CK Manufacture of machinery";155;136;461;641;287
"Total sex";"2022";"Employees - basic level";"20-24 years";"CL Transport equipment";8;24;84;82;48
"Total sex";"2022";"Employees - basic level";"20-24 years";"CM Manufacture of funiture and other manufacturing";190;100;458;270;196
"Total sex";"2022";"Employees - basic level";"20-24 years";"D Electricity, gas, steam and air conditioning supply";103;29;43;106;30
"Total sex";"2022";"Employees - basic level";"20-24 years";"E Water supply, sewerage and waste management";60;30;90;53;38
"Total sex";"2022";"Employees - basic level";"20-24 years";"F Construction";3446;2117;2672;3287;1577
"Total sex";"2022";"Employees - basic level";"20-24 years";"G Wholesale and retail trade";14997;4838;8155;11642;4632
"Total sex";"2022";"Employees - basic level";"20-24 years";"H Transportation";1831;442;1104;1248;513
"Total sex";"2022";"Employees - basic level";"20-24 years";"I Accommodation and food service activities";6441;899;2717;3269;1279
"Total sex";"2022";"Employees - basic level";"20-24 years";"JA Publishing, television and radio broadcasting";804;29;134;159;60
"Total sex";"2022";"Employees - basic level";"20-24 years";"JB Telecommunications";390;39;219;141;47
"Total sex";"2022";"Employees - basic level";"20-24 years";"JC IT and information service activities";899;52;93;249;69
"Total sex";"2022";"Employees - basic level";"20-24 years";"K Financial and insurance";2131;76;264;616;120
"Total sex";"2022";"Employees - basic level";"20-24 years";"L Real estate activities";503;125;197;284;98
"Total sex";"2022";"Employees - basic level";"20-24 years";"MA Consultancy etc.";1844;132;338;596;199
"Total sex";"2022";"Employees - basic level";"20-24 years";"MB Scientific research and development";313;16;30;57;6
"Total sex";"2022";"Employees - basic level";"20-24 years";"MC Advertising and other business services";561;61;177;307;38
"Total sex";"2022";"Employees - basic level";"20-24 years";"N Travel agent, cleaning, and other operationel services";2965;667;1126;1477;888
"Total sex";"2022";"Employees - basic level";"20-24 years";"O Public administration, defence and compulsory social security";2982;945;1315;1482;875
"Total sex";"2022";"Employees - basic level";"20-24 years";"P Education";1743;554;1028;1224;475
"Total sex";"2022";"Employees - basic level";"20-24 years";"QA Human health activities";1824;574;866;837;373
"Total sex";"2022";"Employees - basic level";"20-24 years";"QB Residential care";10299;3803;5775;8770;2437
"Total sex";"2022";"Employees - basic level";"20-24 years";"R Arts, entertainment and recreation activities";2189;313;743;925;400
"Total sex";"2022";"Employees - basic level";"20-24 years";"S Other service activities etc.";1366;175;375;458;180
"Total sex";"2022";"Employees - basic level";"20-24 years";"X Activity not stated";0;0;0;0;0
"Total sex";"2022";"Employees - basic level";"25-29 years";"A Agriculture, forestry and fishing";79;162;355;318;211
"Total sex";"2022";"Employees - basic level";"25-29 years";"B Mining and quarrying";38;8;63;18;10
"Total sex";"2022";"Employees - basic level";"25-29 years";"CA Manufacture of food products, beverages and tobacco";403;314;952;964;468
"Total sex";"2022";"Employees - basic level";"25-29 years";"CB Textiles and leather products";30;6;22;67;31
"Total sex";"2022";"Employees - basic level";"25-29 years";"CC Wood and paper products and printing";55;43;198;297;203
"Total sex";"2022";"Employees - basic level";"25-29 years";"CD Oil refinery etc.";1;12;0;0;0
"Total sex";"2022";"Employees - basic level";"25-29 years";"CE Manufacture of chemicals";256;57;59;49;18
"Total sex";"2022";"Employees - basic level";"25-29 years";"CF Pharmaceuticals";874;227;8;5;17
"Total sex";"2022";"Employees - basic level";"25-29 years";"CG Manufacture of plastic, glass and concrete";110;159;233;401;164
"Total sex";"2022";"Employees - basic level";"25-29 years";"CH Basic metals and fabricated metal products";184;188;589;720;432
"Total sex";"2022";"Employees - basic level";"25-29 years";"CI Manufacture of electronic components";243;18;29;92;16
"Total sex";"2022";"Employees - basic level";"25-29 years";"CJ Electrical equipment";44;21;167;95;55
"Total sex";"2022";"Employees - basic level";"25-29 years";"CK Manufacture of machinery";214;145;681;872;429
"Total sex";"2022";"Employees - basic level";"25-29 years";"CL Transport equipment";15;18;109;139;38
"Total sex";"2022";"Employees - basic level";"25-29 years";"CM Manufacture of funiture and other manufacturing";273;117;607;320;227
"Total sex";"2022";"Employees - basic level";"25-29 years";"D Electricity, gas, steam and air conditioning supply";158;59;77;199;44
"Total sex";"2022";"Employees - basic level";"25-29 years";"E Water supply, sewerage and waste management";114;34;126;104;50
"Total sex";"2022";"Employees - basic level";"25-29 years";"F Construction";4017;2157;2699;3153;1456
"Total sex";"2022";"Employees - basic level";"25-29 years";"G Wholesale and retail trade";9311;2736;5121;6795;2470
"Total sex";"2022";"Employees - basic level";"25-29 years";"H Transportation";2020;499;1138;1199;458
"Total sex";"2022";"Employees - basic level";"25-29 years";"I Accommodation and food service activities";4028;351;1226;1267;643
"Total sex";"2022";"Employees - basic level";"25-29 years";"JA Publishing, television and radio broadcasting";871;22;134;163;32
"Total sex";"2022";"Employees - basic level";"25-29 years";"JB Telecommunications";294;57;121;132;70
"Total sex";"2022";"Employees - basic level";"25-29 years";"JC IT and information service activities";1209;39;138;374;104
"Total sex";"2022";"Employees - basic level";"25-29 years";"K Financial and insurance";1635;65;229;457;79
"Total sex";"2022";"Employees - basic level";"25-29 years";"L Real estate activities";611;94;192;281;122
"Total sex";"2022";"Employees - basic level";"25-29 years";"MA Consultancy etc.";2114;146;479;734;212
"Total sex";"2022";"Employees - basic level";"25-29 years";"MB Scientific research and development";337;21;43;68;3
"Total sex";"2022";"Employees - basic level";"25-29 years";"MC Advertising and other business services";583;57;159;287;51
"Total sex";"2022";"Employees - basic level";"25-29 years";"N Travel agent, cleaning, and other operationel services";2840;634;1024;1248;494
"Total sex";"2022";"Employees - basic level";"25-29 years";"O Public administration, defence and compulsory social security";3021;1036;1357;1589;881
"Total sex";"2022";"Employees - basic level";"25-29 years";"P Education";1477;316;601;797;385
"Total sex";"2022";"Employees - basic level";"25-29 years";"QA Human health activities";1506;394;696;775;267
"Total sex";"2022";"Employees - basic level";"25-29 years";"QB Residential care";5985;2578;3469;4366;1728
"Total sex";"2022";"Employees - basic level";"25-29 years";"R Arts, entertainment and recreation activities";1329;171;340;441;163
"Total sex";"2022";"Employees - basic level";"25-29 years";"S Other service activities etc.";1455;173;351;443;194
"Total sex";"2022";"Employees - basic level";"25-29 years";"X Activity not stated";0;0;0;0;0
"Total sex";"2022";"Employees - basic level";"30-34 years";"A Agriculture, forestry and fishing";47;148;266;260;170
"Total sex";"2022";"Employees - basic level";"30-34 years";"B Mining and quarrying";30;13;45;12;9
"Total sex";"2022";"Employees - basic level";"30-34 years";"CA Manufacture of food products, beverages and tobacco";371;412;1021;984;576
"Total sex";"2022";"Employees - basic level";"30-34 years";"CB Textiles and leather products";18;2;41;76;39
"Total sex";"2022";"Employees - basic level";"30-34 years";"CC Wood and paper products and printing";54;43;209;383;228
"Total sex";"2022";"Employees - basic level";"30-34 years";"CD Oil refinery etc.";0;25;3;0;0
"Total sex";"2022";"Employees - basic level";"30-34 years";"CE Manufacture of chemicals";218;82;95;71;21
"Total sex";"2022";"Employees - basic level";"30-34 years";"CF Pharmaceuticals";659;178;16;1;19
"Total sex";"2022";"Employees - basic level";"30-34 years";"CG Manufacture of plastic, glass and concrete";120;206;313;438;206
"Total sex";"2022";"Employees - basic level";"30-34 years";"CH Basic metals and fabricated metal products";230;194;708;815;446
"Total sex";"2022";"Employees - basic level";"30-34 years";"CI Manufacture of electronic components";181;23;44;111;26
"Total sex";"2022";"Employees - basic level";"30-34 years";"CJ Electrical equipment";58;28;186;88;59
"Total sex";"2022";"Employees - basic level";"30-34 years";"CK Manufacture of machinery";214;221;753;913;522
"Total sex";"2022";"Employees - basic level";"30-34 years";"CL Transport equipment";16;25;131;162;52
"Total sex";"2022";"Employees - basic level";"30-34 years";"CM Manufacture of funiture and other manufacturing";279;119;614;410;218
"Total sex";"2022";"Employees - basic level";"30-34 years";"D Electricity, gas, steam and air conditioning supply";124;60;73;166;30
"Total sex";"2022";"Employees - basic level";"30-34 years";"E Water supply, sewerage and waste management";140;37;139;115;58
"Total sex";"2022";"Employees - basic level";"30-34 years";"F Construction";3932;2082;2670;3007;1392
"Total sex";"2022";"Employees - basic level";"30-34 years";"G Wholesale and retail trade";6675;2161;3996;4787;1764
"Total sex";"2022";"Employees - basic level";"30-34 years";"H Transportation";2015;563;1142;1054;398
"Total sex";"2022";"Employees - basic level";"30-34 years";"I Accommodation and food service activities";2614;276;785;651;321
"Total sex";"2022";"Employees - basic level";"30-34 years";"JA Publishing, television and radio broadcasting";486;16;57;76;16
"Total sex";"2022";"Employees - basic level";"30-34 years";"JB Telecommunications";231;49;89;109;88
"Total sex";"2022";"Employees - basic level";"30-34 years";"JC IT and information service activities";889;39;91;236;59
"Total sex";"2022";"Employees - basic level";"30-34 years";"K Financial and insurance";1022;59;150;219;57
"Total sex";"2022";"Employees - basic level";"30-34 years";"L Real estate activities";562;94;158;235;102
"Total sex";"2022";"Employees - basic level";"30-34 years";"MA Consultancy etc.";1000;143;356;401;121
"Total sex";"2022";"Employees - basic level";"30-34 years";"MB Scientific research and development";151;29;21;50;3
"Total sex";"2022";"Employees - basic level";"30-34 years";"MC Advertising and other business services";388;46;112;173;39
"Total sex";"2022";"Employees - basic level";"30-34 years";"N Travel agent, cleaning, and other operationel services";2446;612;948;1130;431
"Total sex";"2022";"Employees - basic level";"30-34 years";"O Public administration, defence and compulsory social security";2303;865;1299;1367;776
"Total sex";"2022";"Employees - basic level";"30-34 years";"P Education";993;320;500;576;348
"Total sex";"2022";"Employees - basic level";"30-34 years";"QA Human health activities";919;293;453;369;147
"Total sex";"2022";"Employees - basic level";"30-34 years";"QB Residential care";5118;2679;3557;3592;1798
"Total sex";"2022";"Employees - basic level";"30-34 years";"R Arts, entertainment and recreation activities";770;108;221;230;109
"Total sex";"2022";"Employees - basic level";"30-34 years";"S Other service activities etc.";850;217;319;344;129
"Total sex";"2022";"Employees - basic level";"30-34 years";"X Activity not stated";0;0;0;0;0
"Total sex";"2022";"Employees - basic level";"35-39 years";"A Agriculture, forestry and fishing";43;131;234;208;123
"Total sex";"2022";"Employees - basic level";"35-39 years";"B Mining and quarrying";32;15;59;13;10
"Total sex";"2022";"Employees - basic level";"35-39 years";"CA Manufacture of food products, beverages and tobacco";323;409;982;917;597
"Total sex";"2022";"Employees - basic level";"35-39 years";"CB Textiles and leather products";18;4;38;110;31
"Total sex";"2022";"Employees - basic level";"35-39 years";"CC Wood and paper products and printing";57;34;217;374;225
"Total sex";"2022";"Employees - basic level";"35-39 years";"CD Oil refinery etc.";1;23;0;0;0
"Total sex";"2022";"Employees - basic level";"35-39 years";"CE Manufacture of chemicals";207;78;96;89;17
"Total sex";"2022";"Employees - basic level";"35-39 years";"CF Pharmaceuticals";621;177;9;0;15
"Total sex";"2022";"Employees - basic level";"35-39 years";"CG Manufacture of plastic, glass and concrete";128;183;320;485;192
"Total sex";"2022";"Employees - basic level";"35-39 years";"CH Basic metals and fabricated metal products";179;172;687;842;455
"Total sex";"2022";"Employees - basic level";"35-39 years";"CI Manufacture of electronic components";179;19;24;118;15
"Total sex";"2022";"Employees - basic level";"35-39 years";"CJ Electrical equipment";57;33;206;94;57
"Total sex";"2022";"Employees - basic level";"35-39 years";"CK Manufacture of machinery";201;138;761;912;484
"Total sex";"2022";"Employees - basic level";"35-39 years";"CL Transport equipment";11;39;109;145;68
"Total sex";"2022";"Employees - basic level";"35-39 years";"CM Manufacture of funiture and other manufacturing";264;121;538;386;213
"Total sex";"2022";"Employees - basic level";"35-39 years";"D Electricity, gas, steam and air conditioning supply";88;56;74;124;19
"Total sex";"2022";"Employees - basic level";"35-39 years";"E Water supply, sewerage and waste management";132;52;148;140;61
"Total sex";"2022";"Employees - basic level";"35-39 years";"F Construction";3372;1857;2351;2714;1187
"Total sex";"2022";"Employees - basic level";"35-39 years";"G Wholesale and retail trade";5077;1785;3322;3946;1485
"Total sex";"2022";"Employees - basic level";"35-39 years";"H Transportation";2053;604;1148;1100;389
"Total sex";"2022";"Employees - basic level";"35-39 years";"I Accommodation and food service activities";1692;214;460;416;207
"Total sex";"2022";"Employees - basic level";"35-39 years";"JA Publishing, television and radio broadcasting";337;13;46;42;6
"Total sex";"2022";"Employees - basic level";"35-39 years";"JB Telecommunications";206;32;78;91;55
"Total sex";"2022";"Employees - basic level";"35-39 years";"JC IT and information service activities";550;21;59;176;25
"Total sex";"2022";"Employees - basic level";"35-39 years";"K Financial and insurance";912;50;159;174;58
"Total sex";"2022";"Employees - basic level";"35-39 years";"L Real estate activities";532;120;182;243;79
"Total sex";"2022";"Employees - basic level";"35-39 years";"MA Consultancy etc.";759;140;302;289;105
"Total sex";"2022";"Employees - basic level";"35-39 years";"MB Scientific research and development";107;21;13;50;2
"Total sex";"2022";"Employees - basic level";"35-39 years";"MC Advertising and other business services";240;27;68;149;37
"Total sex";"2022";"Employees - basic level";"35-39 years";"N Travel agent, cleaning, and other operationel services";1998;577;895;1017;374
"Total sex";"2022";"Employees - basic level";"35-39 years";"O Public administration, defence and compulsory social security";1905;783;1201;1199;731
"Total sex";"2022";"Employees - basic level";"35-39 years";"P Education";820;331;527;603;343
"Total sex";"2022";"Employees - basic level";"35-39 years";"QA Human health activities";827;288;468;421;140
"Total sex";"2022";"Employees - basic level";"35-39 years";"QB Residential care";4852;2624;3428;3322;1685
"Total sex";"2022";"Employees - basic level";"35-39 years";"R Arts, entertainment and recreation activities";501;121;192;211;85
"Total sex";"2022";"Employees - basic level";"35-39 years";"S Other service activities etc.";605;155;246;254;122
"Total sex";"2022";"Employees - basic level";"35-39 years";"X Activity not stated";0;0;0;0;0
"Total sex";"2022";"Employees - basic level";"40-44 years";"A Agriculture, forestry and fishing";40;110;203;179;109
"Total sex";"2022";"Employees - basic level";"40-44 years";"B Mining and quarrying";31;20;69;16;21
"Total sex";"2022";"Employees - basic level";"40-44 years";"CA Manufacture of food products, beverages and tobacco";328;433;1126;949;639
"Total sex";"2022";"Employees - basic level";"40-44 years";"CB Textiles and leather products";4;7;62;111;38
"Total sex";"2022";"Employees - basic level";"40-44 years";"CC Wood and paper products and printing";56;46;227;385;261
"Total sex";"2022";"Employees - basic level";"40-44 years";"CD Oil refinery etc.";0;26;2;0;0
"Total sex";"2022";"Employees - basic level";"40-44 years";"CE Manufacture of chemicals";209;73;128;80;24
"Total sex";"2022";"Employees - basic level";"40-44 years";"CF Pharmaceuticals";561;213;13;1;15
"Total sex";"2022";"Employees - basic level";"40-44 years";"CG Manufacture of plastic, glass and concrete";132;205;376;470;194
"Total sex";"2022";"Employees - basic level";"40-44 years";"CH Basic metals and fabricated metal products";217;217;749;899;411
"Total sex";"2022";"Employees - basic level";"40-44 years";"CI Manufacture of electronic components";191;36;49;122;27
"Total sex";"2022";"Employees - basic level";"40-44 years";"CJ Electrical equipment";90;36;197;109;70
"Total sex";"2022";"Employees - basic level";"40-44 years";"CK Manufacture of machinery";194;160;750;1080;439
"Total sex";"2022";"Employees - basic level";"40-44 years";"CL Transport equipment";19;31;128;154;71
"Total sex";"2022";"Employees - basic level";"40-44 years";"CM Manufacture of funiture and other manufacturing";264;143;608;421;219
"Total sex";"2022";"Employees - basic level";"40-44 years";"D Electricity, gas, steam and air conditioning supply";71;59;101;100;29
"Total sex";"2022";"Employees - basic level";"40-44 years";"E Water supply, sewerage and waste management";140;55;135;122;66
"Total sex";"2022";"Employees - basic level";"40-44 years";"F Construction";3159;1668;2330;2440;1108
"Total sex";"2022";"Employees - basic level";"40-44 years";"G Wholesale and retail trade";4543;1878;3473;3941;1473
"Total sex";"2022";"Employees - basic level";"40-44 years";"H Transportation";2163;680;1347;1190;479
"Total sex";"2022";"Employees - basic level";"40-44 years";"I Accommodation and food service activities";1250;185;449;355;181
"Total sex";"2022";"Employees - basic level";"40-44 years";"JA Publishing, television and radio broadcasting";267;15;42;54;13
"Total sex";"2022";"Employees - basic level";"40-44 years";"JB Telecommunications";169;37;55;68;44
"Total sex";"2022";"Employees - basic level";"40-44 years";"JC IT and information service activities";411;14;45;144;27
"Total sex";"2022";"Employees - basic level";"40-44 years";"K Financial and insurance";950;62;173;183;69
"Total sex";"2022";"Employees - basic level";"40-44 years";"L Real estate activities";571;125;222;261;122
"Total sex";"2022";"Employees - basic level";"40-44 years";"MA Consultancy etc.";676;130;287;277;105
"Total sex";"2022";"Employees - basic level";"40-44 years";"MB Scientific research and development";90;20;8;48;4
"Total sex";"2022";"Employees - basic level";"40-44 years";"MC Advertising and other business services";208;25;100;108;24
"Total sex";"2022";"Employees - basic level";"40-44 years";"N Travel agent, cleaning, and other operationel services";1877;617;904;1023;333
"Total sex";"2022";"Employees - basic level";"40-44 years";"O Public administration, defence and compulsory social security";1983;790;1131;1273;744
"Total sex";"2022";"Employees - basic level";"40-44 years";"P Education";824;403;596;704;395
"Total sex";"2022";"Employees - basic level";"40-44 years";"QA Human health activities";861;331;453;437;178
"Total sex";"2022";"Employees - basic level";"40-44 years";"QB Residential care";5164;2744;3479;3312;1612
"Total sex";"2022";"Employees - basic level";"40-44 years";"R Arts, entertainment and recreation activities";518;109;207;198;92
"Total sex";"2022";"Employees - basic level";"40-44 years";"S Other service activities etc.";626;159;240;261;127
"Total sex";"2022";"Employees - basic level";"40-44 years";"X Activity not stated";0;0;0;0;0
"Total sex";"2022";"Employees - basic level";"45-49 years";"A Agriculture, forestry and fishing";50;114;220;186;103
"Total sex";"2022";"Employees - basic level";"45-49 years";"B Mining and quarrying";35;16;72;23;25
"Total sex";"2022";"Employees - basic level";"45-49 years";"CA Manufacture of food products, beverages and tobacco";351;586;1258;1169;686
"Total sex";"2022";"Employees - basic level";"45-49 years";"CB Textiles and leather products";10;10;58;126;45
"Total sex";"2022";"Employees - basic level";"45-49 years";"CC Wood and paper products and printing";101;71;324;507;272
"Total sex";"2022";"Employees - basic level";"45-49 years";"CD Oil refinery etc.";0;42;4;0;1
"Total sex";"2022";"Employees - basic level";"45-49 years";"CE Manufacture of chemicals";237;128;136;116;28
"Total sex";"2022";"Employees - basic level";"45-49 years";"CF Pharmaceuticals";719;269;11;2;35
"Total sex";"2022";"Employees - basic level";"45-49 years";"CG Manufacture of plastic, glass and concrete";182;226;398;613;256
"Total sex";"2022";"Employees - basic level";"45-49 years";"CH Basic metals and fabricated metal products";272;273;972;1006;488
"Total sex";"2022";"Employees - basic level";"45-49 years";"CI Manufacture of electronic components";239;38;54;204;37
"Total sex";"2022";"Employees - basic level";"45-49 years";"CJ Electrical equipment";95;50;251;120;61
"Total sex";"2022";"Employees - basic level";"45-49 years";"CK Manufacture of machinery";271;253;1047;1363;577
"Total sex";"2022";"Employees - basic level";"45-49 years";"CL Transport equipment";11;45;146;172;101
"Total sex";"2022";"Employees - basic level";"45-49 years";"CM Manufacture of funiture and other manufacturing";310;208;704;535;252
"Total sex";"2022";"Employees - basic level";"45-49 years";"D Electricity, gas, steam and air conditioning supply";70;42;96;117;28
"Total sex";"2022";"Employees - basic level";"45-49 years";"E Water supply, sewerage and waste management";161;80;168;161;69
"Total sex";"2022";"Employees - basic level";"45-49 years";"F Construction";3165;1647;2120;2438;1022
"Total sex";"2022";"Employees - basic level";"45-49 years";"G Wholesale and retail trade";4976;2188;3975;4372;1699
"Total sex";"2022";"Employees - basic level";"45-49 years";"H Transportation";2565;916;1623;1491;629
"Total sex";"2022";"Employees - basic level";"45-49 years";"I Accommodation and food service activities";977;168;438;298;158
"Total sex";"2022";"Employees - basic level";"45-49 years";"JA Publishing, television and radio broadcasting";293;30;32;75;25
"Total sex";"2022";"Employees - basic level";"45-49 years";"JB Telecommunications";154;36;63;69;47
"Total sex";"2022";"Employees - basic level";"45-49 years";"JC IT and information service activities";387;25;57;134;28
"Total sex";"2022";"Employees - basic level";"45-49 years";"K Financial and insurance";913;75;171;196;68
"Total sex";"2022";"Employees - basic level";"45-49 years";"L Real estate activities";754;203;267;367;124
"Total sex";"2022";"Employees - basic level";"45-49 years";"MA Consultancy etc.";679;183;349;311;128
"Total sex";"2022";"Employees - basic level";"45-49 years";"MB Scientific research and development";140;28;15;78;4
"Total sex";"2022";"Employees - basic level";"45-49 years";"MC Advertising and other business services";189;34;109;128;31
"Total sex";"2022";"Employees - basic level";"45-49 years";"N Travel agent, cleaning, and other operationel services";2094;669;961;987;400
"Total sex";"2022";"Employees - basic level";"45-49 years";"O Public administration, defence and compulsory social security";2081;852;1148;1187;814
"Total sex";"2022";"Employees - basic level";"45-49 years";"P Education";984;464;726;857;419
"Total sex";"2022";"Employees - basic level";"45-49 years";"QA Human health activities";993;459;598;571;230
"Total sex";"2022";"Employees - basic level";"45-49 years";"QB Residential care";5391;3065;3766;3715;1940
"Total sex";"2022";"Employees - basic level";"45-49 years";"R Arts, entertainment and recreation activities";561;149;243;256;106
"Total sex";"2022";"Employees - basic level";"45-49 years";"S Other service activities etc.";705;182;252;328;130
"Total sex";"2022";"Employees - basic level";"45-49 years";"X Activity not stated";0;0;0;0;0
"Total sex";"2022";"Employees - basic level";"50-54 years";"A Agriculture, forestry and fishing";47;102;221;174;111
"Total sex";"2022";"Employees - basic level";"50-54 years";"B Mining and quarrying";37;30;94;26;33
"Total sex";"2022";"Employees - basic level";"50-54 years";"CA Manufacture of food products, beverages and tobacco";380;614;1454;1317;772
"Total sex";"2022";"Employees - basic level";"50-54 years";"CB Textiles and leather products";9;15;70;163;65
"Total sex";"2022";"Employees - basic level";"50-54 years";"CC Wood and paper products and printing";166;119;454;711;368
"Total sex";"2022";"Employees - basic level";"50-54 years";"CD Oil refinery etc.";0;33;3;0;0
"Total sex";"2022";"Employees - basic level";"50-54 years";"CE Manufacture of chemicals";278;125;200;142;37
"Total sex";"2022";"Employees - basic level";"50-54 years";"CF Pharmaceuticals";861;282;14;3;46
"Total sex";"2022";"Employees - basic level";"50-54 years";"CG Manufacture of plastic, glass and concrete";227;304;511;728;300
"Total sex";"2022";"Employees - basic level";"50-54 years";"CH Basic metals and fabricated metal products";312;298;946;1138;538
"Total sex";"2022";"Employees - basic level";"50-54 years";"CI Manufacture of electronic components";315;77;71;253;46
"Total sex";"2022";"Employees - basic level";"50-54 years";"CJ Electrical equipment";112;83;342;170;88
"Total sex";"2022";"Employees - basic level";"50-54 years";"CK Manufacture of machinery";344;335;1206;1578;613
"Total sex";"2022";"Employees - basic level";"50-54 years";"CL Transport equipment";20;52;154;198;101
"Total sex";"2022";"Employees - basic level";"50-54 years";"CM Manufacture of funiture and other manufacturing";371;261;785;704;274
"Total sex";"2022";"Employees - basic level";"50-54 years";"D Electricity, gas, steam and air conditioning supply";91;60;116;121;34
"Total sex";"2022";"Employees - basic level";"50-54 years";"E Water supply, sewerage and waste management";188;92;204;183;88
"Total sex";"2022";"Employees - basic level";"50-54 years";"F Construction";3002;1594;2161;2246;947
"Total sex";"2022";"Employees - basic level";"50-54 years";"G Wholesale and retail trade";4936;2245;4029;4451;1674
"Total sex";"2022";"Employees - basic level";"50-54 years";"H Transportation";2810;1011;1901;1767;765
"Total sex";"2022";"Employees - basic level";"50-54 years";"I Accommodation and food service activities";778;146;406;301;163
"Total sex";"2022";"Employees - basic level";"50-54 years";"JA Publishing, television and radio broadcasting";278;31;49;79;26
"Total sex";"2022";"Employees - basic level";"50-54 years";"JB Telecommunications";102;24;47;56;28
"Total sex";"2022";"Employees - basic level";"50-54 years";"JC IT and information service activities";350;22;39;115;22
"Total sex";"2022";"Employees - basic level";"50-54 years";"K Financial and insurance";891;70;167;195;76
"Total sex";"2022";"Employees - basic level";"50-54 years";"L Real estate activities";876;234;399;429;197
"Total sex";"2022";"Employees - basic level";"50-54 years";"MA Consultancy etc.";746;212;397;315;131
"Total sex";"2022";"Employees - basic level";"50-54 years";"MB Scientific research and development";144;23;17;76;5
"Total sex";"2022";"Employees - basic level";"50-54 years";"MC Advertising and other business services";167;28;100;118;27
"Total sex";"2022";"Employees - basic level";"50-54 years";"N Travel agent, cleaning, and other operationel services";2071;779;1043;1105;419
"Total sex";"2022";"Employees - basic level";"50-54 years";"O Public administration, defence and compulsory social security";2037;872;1201;1147;755
"Total sex";"2022";"Employees - basic level";"50-54 years";"P Education";1076;493;845;946;471
"Total sex";"2022";"Employees - basic level";"50-54 years";"QA Human health activities";1112;529;742;713;280
"Total sex";"2022";"Employees - basic level";"50-54 years";"QB Residential care";5270;3338;4322;4224;2275
"Total sex";"2022";"Employees - basic level";"50-54 years";"R Arts, entertainment and recreation activities";570;168;293;243;109
"Total sex";"2022";"Employees - basic level";"50-54 years";"S Other service activities etc.";812;233;313;348;167
"Total sex";"2022";"Employees - basic level";"50-54 years";"X Activity not stated";0;0;0;0;0
"Total sex";"2022";"Employees - basic level";"55-59 years";"A Agriculture, forestry and fishing";67;126;243;154;94
"Total sex";"2022";"Employees - basic level";"55-59 years";"B Mining and quarrying";33;45;103;36;47
"Total sex";"2022";"Employees - basic level";"55-59 years";"CA Manufacture of food products, beverages and tobacco";455;616;1572;1303;850
"Total sex";"2022";"Employees - basic level";"55-59 years";"CB Textiles and leather products";9;9;74;198;65
"Total sex";"2022";"Employees - basic level";"55-59 years";"CC Wood and paper products and printing";177;131;475;779;403
"Total sex";"2022";"Employees - basic level";"55-59 years";"CD Oil refinery etc.";0;41;8;0;0
"Total sex";"2022";"Employees - basic level";"55-59 years";"CE Manufacture of chemicals";331;131;217;148;55
"Total sex";"2022";"Employees - basic level";"55-59 years";"CF Pharmaceuticals";849;325;15;5;59
"Total sex";"2022";"Employees - basic level";"55-59 years";"CG Manufacture of plastic, glass and concrete";264;376;534;751;344
"Total sex";"2022";"Employees - basic level";"55-59 years";"CH Basic metals and fabricated metal products";341;337;1112;1231;647
"Total sex";"2022";"Employees - basic level";"55-59 years";"CI Manufacture of electronic components";419;73;94;329;70
"Total sex";"2022";"Employees - basic level";"55-59 years";"CJ Electrical equipment";143;89;391;175;112
"Total sex";"2022";"Employees - basic level";"55-59 years";"CK Manufacture of machinery";409;392;1286;1781;619
"Total sex";"2022";"Employees - basic level";"55-59 years";"CL Transport equipment";18;59;208;242;120
"Total sex";"2022";"Employees - basic level";"55-59 years";"CM Manufacture of funiture and other manufacturing";434;337;910;720;302
"Total sex";"2022";"Employees - basic level";"55-59 years";"D Electricity, gas, steam and air conditioning supply";89;43;120;110;33
"Total sex";"2022";"Employees - basic level";"55-59 years";"E Water supply, sewerage and waste management";237;110;224;225;75
"Total sex";"2022";"Employees - basic level";"55-59 years";"F Construction";2821;1575;2107;2052;936
"Total sex";"2022";"Employees - basic level";"55-59 years";"G Wholesale and retail trade";4872;2390;4044;4091;1721
"Total sex";"2022";"Employees - basic level";"55-59 years";"H Transportation";3335;1293;2244;2129;946
"Total sex";"2022";"Employees - basic level";"55-59 years";"I Accommodation and food service activities";627;164;382;222;173
"Total sex";"2022";"Employees - basic level";"55-59 years";"JA Publishing, television and radio broadcasting";273;44;47;90;23
"Total sex";"2022";"Employees - basic level";"55-59 years";"JB Telecommunications";160;23;65;51;20
"Total sex";"2022";"Employees - basic level";"55-59 years";"JC IT and information service activities";265;12;39;78;21
"Total sex";"2022";"Employees - basic level";"55-59 years";"K Financial and insurance";1109;93;240;251;113
"Total sex";"2022";"Employees - basic level";"55-59 years";"L Real estate activities";1221;322;433;506;262
"Total sex";"2022";"Employees - basic level";"55-59 years";"MA Consultancy etc.";749;241;445;417;188
"Total sex";"2022";"Employees - basic level";"55-59 years";"MB Scientific research and development";160;40;24;65;2
"Total sex";"2022";"Employees - basic level";"55-59 years";"MC Advertising and other business services";167;31;103;115;40
"Total sex";"2022";"Employees - basic level";"55-59 years";"N Travel agent, cleaning, and other operationel services";2163;870;1150;1118;465
"Total sex";"2022";"Employees - basic level";"55-59 years";"O Public administration, defence and compulsory social security";2657;1013;1378;1378;996
"Total sex";"2022";"Employees - basic level";"55-59 years";"P Education";1238;568;973;1078;528
"Total sex";"2022";"Employees - basic level";"55-59 years";"QA Human health activities";1305;658;833;817;308
"Total sex";"2022";"Employees - basic level";"55-59 years";"QB Residential care";6099;3943;5552;5108;3006
"Total sex";"2022";"Employees - basic level";"55-59 years";"R Arts, entertainment and recreation activities";698;183;338;271;108
"Total sex";"2022";"Employees - basic level";"55-59 years";"S Other service activities etc.";959;250;339;419;175
"Total sex";"2022";"Employees - basic level";"55-59 years";"X Activity not stated";0;0;0;0;0
"Total sex";"2022";"Employees - basic level";"60-64 years";"A Agriculture, forestry and fishing";36;94;202;153;114
"Total sex";"2022";"Employees - basic level";"60-64 years";"B Mining and quarrying";25;28;71;23;33
"Total sex";"2022";"Employees - basic level";"60-64 years";"CA Manufacture of food products, beverages and tobacco";286;487;1011;870;592
"Total sex";"2022";"Employees - basic level";"60-64 years";"CB Textiles and leather products";4;5;56;140;54
"Total sex";"2022";"Employees - basic level";"60-64 years";"CC Wood and paper products and printing";100;76;346;556;307
"Total sex";"2022";"Employees - basic level";"60-64 years";"CD Oil refinery etc.";0;24;7;0;0
"Total sex";"2022";"Employees - basic level";"60-64 years";"CE Manufacture of chemicals";190;113;172;107;31
"Total sex";"2022";"Employees - basic level";"60-64 years";"CF Pharmaceuticals";453;182;5;3;41
"Total sex";"2022";"Employees - basic level";"60-64 years";"CG Manufacture of plastic, glass and concrete";194;289;406;590;263
"Total sex";"2022";"Employees - basic level";"60-64 years";"CH Basic metals and fabricated metal products";259;237;823;862;451
"Total sex";"2022";"Employees - basic level";"60-64 years";"CI Manufacture of electronic components";268;43;57;195;40
"Total sex";"2022";"Employees - basic level";"60-64 years";"CJ Electrical equipment";110;74;259;133;70
"Total sex";"2022";"Employees - basic level";"60-64 years";"CK Manufacture of machinery";277;282;942;1247;393
"Total sex";"2022";"Employees - basic level";"60-64 years";"CL Transport equipment";19;24;131;173;84
"Total sex";"2022";"Employees - basic level";"60-64 years";"CM Manufacture of funiture and other manufacturing";314;210;675;550;199
"Total sex";"2022";"Employees - basic level";"60-64 years";"D Electricity, gas, steam and air conditioning supply";76;43;93;94;28
"Total sex";"2022";"Employees - basic level";"60-64 years";"E Water supply, sewerage and waste management";171;87;156;148;67
"Total sex";"2022";"Employees - basic level";"60-64 years";"F Construction";1725;987;1537;1539;788
"Total sex";"2022";"Employees - basic level";"60-64 years";"G Wholesale and retail trade";3085;1526;2787;2799;1200
"Total sex";"2022";"Employees - basic level";"60-64 years";"H Transportation";2380;999;1823;1855;860
"Total sex";"2022";"Employees - basic level";"60-64 years";"I Accommodation and food service activities";383;98;245;141;114
"Total sex";"2022";"Employees - basic level";"60-64 years";"JA Publishing, television and radio broadcasting";133;30;42;52;23
"Total sex";"2022";"Employees - basic level";"60-64 years";"JB Telecommunications";92;8;41;28;12
"Total sex";"2022";"Employees - basic level";"60-64 years";"JC IT and information service activities";166;15;16;49;13
"Total sex";"2022";"Employees - basic level";"60-64 years";"K Financial and insurance";714;43;218;183;77
"Total sex";"2022";"Employees - basic level";"60-64 years";"L Real estate activities";864;210;359;410;202
"Total sex";"2022";"Employees - basic level";"60-64 years";"MA Consultancy etc.";508;148;303;297;136
"Total sex";"2022";"Employees - basic level";"60-64 years";"MB Scientific research and development";127;34;9;54;4
"Total sex";"2022";"Employees - basic level";"60-64 years";"MC Advertising and other business services";89;20;69;103;34
"Total sex";"2022";"Employees - basic level";"60-64 years";"N Travel agent, cleaning, and other operationel services";1605;674;862;814;369
"Total sex";"2022";"Employees - basic level";"60-64 years";"O Public administration, defence and compulsory social security";1937;809;1031;1012;691
"Total sex";"2022";"Employees - basic level";"60-64 years";"P Education";959;414;771;757;365
"Total sex";"2022";"Employees - basic level";"60-64 years";"QA Human health activities";1215;588;730;781;313
"Total sex";"2022";"Employees - basic level";"60-64 years";"QB Residential care";4824;3182;4636;4378;2642
"Total sex";"2022";"Employees - basic level";"60-64 years";"R Arts, entertainment and recreation activities";538;184;297;280;126
"Total sex";"2022";"Employees - basic level";"60-64 years";"S Other service activities etc.";765;221;269;325;138
"Total sex";"2022";"Employees - basic level";"60-64 years";"X Activity not stated";0;0;0;0;0
"Total sex";"2022";"Employees - basic level";"65-66 years";"A Agriculture, forestry and fishing";8;36;48;44;24
"Total sex";"2022";"Employees - basic level";"65-66 years";"B Mining and quarrying";4;10;22;10;3
"Total sex";"2022";"Employees - basic level";"65-66 years";"CA Manufacture of food products, beverages and tobacco";39;79;176;172;95
"Total sex";"2022";"Employees - basic level";"65-66 years";"CB Textiles and leather products";0;0;7;20;5
"Total sex";"2022";"Employees - basic level";"65-66 years";"CC Wood and paper products and printing";27;16;64;98;53
"Total sex";"2022";"Employees - basic level";"65-66 years";"CD Oil refinery etc.";0;4;3;0;0
"Total sex";"2022";"Employees - basic level";"65-66 years";"CE Manufacture of chemicals";29;24;31;23;9
"Total sex";"2022";"Employees - basic level";"65-66 years";"CF Pharmaceuticals";60;26;1;0;9
"Total sex";"2022";"Employees - basic level";"65-66 years";"CG Manufacture of plastic, glass and concrete";29;40;75;103;41
"Total sex";"2022";"Employees - basic level";"65-66 years";"CH Basic metals and fabricated metal products";59;54;126;162;81
"Total sex";"2022";"Employees - basic level";"65-66 years";"CI Manufacture of electronic components";52;7;7;28;7
"Total sex";"2022";"Employees - basic level";"65-66 years";"CJ Electrical equipment";16;10;43;28;13
"Total sex";"2022";"Employees - basic level";"65-66 years";"CK Manufacture of machinery";62;79;163;230;72
"Total sex";"2022";"Employees - basic level";"65-66 years";"CL Transport equipment";7;4;24;30;13
"Total sex";"2022";"Employees - basic level";"65-66 years";"CM Manufacture of funiture and other manufacturing";49;42;142;89;46
"Total sex";"2022";"Employees - basic level";"65-66 years";"D Electricity, gas, steam and air conditioning supply";20;14;14;15;6
"Total sex";"2022";"Employees - basic level";"65-66 years";"E Water supply, sewerage and waste management";24;21;27;38;17
"Total sex";"2022";"Employees - basic level";"65-66 years";"F Construction";321;242;353;375;180
"Total sex";"2022";"Employees - basic level";"65-66 years";"G Wholesale and retail trade";598;340;544;589;221
"Total sex";"2022";"Employees - basic level";"65-66 years";"H Transportation";552;274;495;470;210
"Total sex";"2022";"Employees - basic level";"65-66 years";"I Accommodation and food service activities";59;30;47;43;22
"Total sex";"2022";"Employees - basic level";"65-66 years";"JA Publishing, television and radio broadcasting";32;7;5;10;4
"Total sex";"2022";"Employees - basic level";"65-66 years";"JB Telecommunications";20;2;4;4;2
"Total sex";"2022";"Employees - basic level";"65-66 years";"JC IT and information service activities";32;1;2;9;0
"Total sex";"2022";"Employees - basic level";"65-66 years";"K Financial and insurance";109;12;30;28;13
"Total sex";"2022";"Employees - basic level";"65-66 years";"L Real estate activities";195;52;83;78;48
"Total sex";"2022";"Employees - basic level";"65-66 years";"MA Consultancy etc.";97;32;49;56;29
"Total sex";"2022";"Employees - basic level";"65-66 years";"MB Scientific research and development";25;10;0;4;0
"Total sex";"2022";"Employees - basic level";"65-66 years";"MC Advertising and other business services";22;7;21;29;8
"Total sex";"2022";"Employees - basic level";"65-66 years";"N Travel agent, cleaning, and other operationel services";370;152;168;216;87
"Total sex";"2022";"Employees - basic level";"65-66 years";"O Public administration, defence and compulsory social security";355;133;166;160;110
"Total sex";"2022";"Employees - basic level";"65-66 years";"P Education";171;96;148;155;88
"Total sex";"2022";"Employees - basic level";"65-66 years";"QA Human health activities";285;163;156;184;70
"Total sex";"2022";"Employees - basic level";"65-66 years";"QB Residential care";963;548;807;732;427
"Total sex";"2022";"Employees - basic level";"65-66 years";"R Arts, entertainment and recreation activities";120;50;68;76;49
"Total sex";"2022";"Employees - basic level";"65-66 years";"S Other service activities etc.";151;56;59;86;28
"Total sex";"2022";"Employees - basic level";"65-66 years";"X Activity not stated";0;0;0;0;0
"Total sex";"2022";"Employees - basic level";"67 years and over";"A Agriculture, forestry and fishing";14;30;68;78;45
"Total sex";"2022";"Employees - basic level";"67 years and over";"B Mining and quarrying";6;10;10;9;8
"Total sex";"2022";"Employees - basic level";"67 years and over";"CA Manufacture of food products, beverages and tobacco";56;99;183;208;90
"Total sex";"2022";"Employees - basic level";"67 years and over";"CB Textiles and leather products";3;1;17;25;8
"Total sex";"2022";"Employees - basic level";"67 years and over";"CC Wood and paper products and printing";38;22;96;83;58
"Total sex";"2022";"Employees - basic level";"67 years and over";"CD Oil refinery etc.";1;2;2;0;0
"Total sex";"2022";"Employees - basic level";"67 years and over";"CE Manufacture of chemicals";26;14;27;13;18
"Total sex";"2022";"Employees - basic level";"67 years and over";"CF Pharmaceuticals";36;12;1;0;1
"Total sex";"2022";"Employees - basic level";"67 years and over";"CG Manufacture of plastic, glass and concrete";41;36;72;99;38
"Total sex";"2022";"Employees - basic level";"67 years and over";"CH Basic metals and fabricated metal products";70;51;117;188;63
"Total sex";"2022";"Employees - basic level";"67 years and over";"CI Manufacture of electronic components";51;9;11;29;1
"Total sex";"2022";"Employees - basic level";"67 years and over";"CJ Electrical equipment";13;7;31;24;6
"Total sex";"2022";"Employees - basic level";"67 years and over";"CK Manufacture of machinery";35;56;122;184;61
"Total sex";"2022";"Employees - basic level";"67 years and over";"CL Transport equipment";8;3;31;42;13
"Total sex";"2022";"Employees - basic level";"67 years and over";"CM Manufacture of funiture and other manufacturing";52;47;109;95;43
"Total sex";"2022";"Employees - basic level";"67 years and over";"D Electricity, gas, steam and air conditioning supply";12;3;20;29;8
"Total sex";"2022";"Employees - basic level";"67 years and over";"E Water supply, sewerage and waste management";35;18;30;42;9
"Total sex";"2022";"Employees - basic level";"67 years and over";"F Construction";473;366;438;564;226
"Total sex";"2022";"Employees - basic level";"67 years and over";"G Wholesale and retail trade";979;662;1090;1190;467
"Total sex";"2022";"Employees - basic level";"67 years and over";"H Transportation";657;473;942;982;437
"Total sex";"2022";"Employees - basic level";"67 years and over";"I Accommodation and food service activities";100;41;130;78;91
"Total sex";"2022";"Employees - basic level";"67 years and over";"JA Publishing, television and radio broadcasting";53;24;10;56;4
"Total sex";"2022";"Employees - basic level";"67 years and over";"JB Telecommunications";6;3;6;7;2
"Total sex";"2022";"Employees - basic level";"67 years and over";"JC IT and information service activities";24;2;3;12;1
"Total sex";"2022";"Employees - basic level";"67 years and over";"K Financial and insurance";98;12;35;30;17
"Total sex";"2022";"Employees - basic level";"67 years and over";"L Real estate activities";181;48;69;100;46
"Total sex";"2022";"Employees - basic level";"67 years and over";"MA Consultancy etc.";123;37;68;102;22
"Total sex";"2022";"Employees - basic level";"67 years and over";"MB Scientific research and development";23;11;0;14;1
"Total sex";"2022";"Employees - basic level";"67 years and over";"MC Advertising and other business services";39;7;13;40;13
"Total sex";"2022";"Employees - basic level";"67 years and over";"N Travel agent, cleaning, and other operationel services";424;169;154;295;83
"Total sex";"2022";"Employees - basic level";"67 years and over";"O Public administration, defence and compulsory social security";387;127;135;142;109
"Total sex";"2022";"Employees - basic level";"67 years and over";"P Education";176;95;126;212;60
"Total sex";"2022";"Employees - basic level";"67 years and over";"QA Human health activities";270;225;154;191;79
"Total sex";"2022";"Employees - basic level";"67 years and over";"QB Residential care";1187;665;891;967;400
"Total sex";"2022";"Employees - basic level";"67 years and over";"R Arts, entertainment and recreation activities";233;82;112;158;66
"Total sex";"2022";"Employees - basic level";"67 years and over";"S Other service activities etc.";236;104;126;145;55
"Total sex";"2022";"Employees - basic level";"67 years and over";"X Activity not stated";0;0;0;0;0
"Total sex";"2022";"Other employees";"Under 16 years";"A Agriculture, forestry and fishing";3;6;35;34;21
"Total sex";"2022";"Other employees";"Under 16 years";"B Mining and quarrying";0;0;2;1;0
"Total sex";"2022";"Other employees";"Under 16 years";"CA Manufacture of food products, beverages and tobacco";28;24;48;44;23
"Total sex";"2022";"Other employees";"Under 16 years";"CB Textiles and leather products";0;0;4;9;7
"Total sex";"2022";"Other employees";"Under 16 years";"CC Wood and paper products and printing";2;2;28;36;33
"Total sex";"2022";"Other employees";"Under 16 years";"CD Oil refinery etc.";0;0;0;0;0
"Total sex";"2022";"Other employees";"Under 16 years";"CE Manufacture of chemicals";0;0;4;4;2
"Total sex";"2022";"Other employees";"Under 16 years";"CF Pharmaceuticals";0;0;0;0;0
"Total sex";"2022";"Other employees";"Under 16 years";"CG Manufacture of plastic, glass and concrete";7;11;27;78;14
"Total sex";"2022";"Other employees";"Under 16 years";"CH Basic metals and fabricated metal products";8;9;47;94;32
"Total sex";"2022";"Other employees";"Under 16 years";"CI Manufacture of electronic components";1;8;5;7;5
"Total sex";"2022";"Other employees";"Under 16 years";"CJ Electrical equipment";1;2;6;17;4
"Total sex";"2022";"Other employees";"Under 16 years";"CK Manufacture of machinery";4;4;38;58;24
"Total sex";"2022";"Other employees";"Under 16 years";"CL Transport equipment";1;0;4;17;5
"Total sex";"2022";"Other employees";"Under 16 years";"CM Manufacture of funiture and other manufacturing";11;13;37;46;13
"Total sex";"2022";"Other employees";"Under 16 years";"D Electricity, gas, steam and air conditioning supply";0;0;1;3;0
"Total sex";"2022";"Other employees";"Under 16 years";"E Water supply, sewerage and waste management";0;0;0;6;2
"Total sex";"2022";"Other employees";"Under 16 years";"F Construction";51;55;102;141;48
"Total sex";"2022";"Other employees";"Under 16 years";"G Wholesale and retail trade";424;214;607;842;311
"Total sex";"2022";"Other employees";"Under 16 years";"H Transportation";56;50;104;147;5
"Total sex";"2022";"Other employees";"Under 16 years";"I Accommodation and food service activities";792;322;394;486;264
"Total sex";"2022";"Other employees";"Under 16 years";"JA Publishing, television and radio broadcasting";23;293;7;15;699
"Total sex";"2022";"Other employees";"Under 16 years";"JB Telecommunications";0;0;0;0;0
"Total sex";"2022";"Other employees";"Under 16 years";"JC IT and information service activities";13;0;6;22;3
"Total sex";"2022";"Other employees";"Under 16 years";"K Financial and insurance";3;3;3;8;3
"Total sex";"2022";"Other employees";"Under 16 years";"L Real estate activities";172;95;80;75;59
"Total sex";"2022";"Other employees";"Under 16 years";"MA Consultancy etc.";34;22;33;54;24
"Total sex";"2022";"Other employees";"Under 16 years";"MB Scientific research and development";1;0;0;0;1
"Total sex";"2022";"Other employees";"Under 16 years";"MC Advertising and other business services";9;8;13;21;4
"Total sex";"2022";"Other employees";"Under 16 years";"N Travel agent, cleaning, and other operationel services";87;34;38;34;24
"Total sex";"2022";"Other employees";"Under 16 years";"O Public administration, defence and compulsory social security";0;0;0;0;0
"Total sex";"2022";"Other employees";"Under 16 years";"P Education";64;28;78;129;12
"Total sex";"2022";"Other employees";"Under 16 years";"QA Human health activities";21;6;22;15;10
"Total sex";"2022";"Other employees";"Under 16 years";"QB Residential care";290;24;42;63;7
"Total sex";"2022";"Other employees";"Under 16 years";"R Arts, entertainment and recreation activities";100;19;96;125;41
"Total sex";"2022";"Other employees";"Under 16 years";"S Other service activities etc.";34;52;79;96;27
"Total sex";"2022";"Other employees";"Under 16 years";"X Activity not stated";0;0;0;0;0
"Total sex";"2022";"Other employees";"16-19 years";"A Agriculture, forestry and fishing";15;39;110;125;86
"Total sex";"2022";"Other employees";"16-19 years";"B Mining and quarrying";0;0;0;1;0
"Total sex";"2022";"Other employees";"16-19 years";"CA Manufacture of food products, beverages and tobacco";81;21;105;80;54
"Total sex";"2022";"Other employees";"16-19 years";"CB Textiles and leather products";3;0;4;34;7
"Total sex";"2022";"Other employees";"16-19 years";"CC Wood and paper products and printing";9;5;24;61;24
"Total sex";"2022";"Other employees";"16-19 years";"CD Oil refinery etc.";0;0;0;0;0
"Total sex";"2022";"Other employees";"16-19 years";"CE Manufacture of chemicals";2;2;6;4;2
"Total sex";"2022";"Other employees";"16-19 years";"CF Pharmaceuticals";13;9;0;1;0
"Total sex";"2022";"Other employees";"16-19 years";"CG Manufacture of plastic, glass and concrete";5;24;40;73;9
"Total sex";"2022";"Other employees";"16-19 years";"CH Basic metals and fabricated metal products";12;12;66;75;27
"Total sex";"2022";"Other employees";"16-19 years";"CI Manufacture of electronic components";12;5;3;2;1
"Total sex";"2022";"Other employees";"16-19 years";"CJ Electrical equipment";3;4;13;10;5
"Total sex";"2022";"Other employees";"16-19 years";"CK Manufacture of machinery";23;14;40;69;26
"Total sex";"2022";"Other employees";"16-19 years";"CL Transport equipment";1;3;16;12;2
"Total sex";"2022";"Other employees";"16-19 years";"CM Manufacture of funiture and other manufacturing";14;9;45;42;21
"Total sex";"2022";"Other employees";"16-19 years";"D Electricity, gas, steam and air conditioning supply";0;1;1;0;0
"Total sex";"2022";"Other employees";"16-19 years";"E Water supply, sewerage and waste management";8;11;11;17;11
"Total sex";"2022";"Other employees";"16-19 years";"F Construction";259;247;323;347;134
"Total sex";"2022";"Other employees";"16-19 years";"G Wholesale and retail trade";1499;954;1650;2042;915
"Total sex";"2022";"Other employees";"16-19 years";"H Transportation";142;69;238;223;52
"Total sex";"2022";"Other employees";"16-19 years";"I Accommodation and food service activities";2898;1233;1997;2172;991
"Total sex";"2022";"Other employees";"16-19 years";"JA Publishing, television and radio broadcasting";150;116;80;84;132
"Total sex";"2022";"Other employees";"16-19 years";"JB Telecommunications";22;1;0;1;0
"Total sex";"2022";"Other employees";"16-19 years";"JC IT and information service activities";52;5;11;27;4
"Total sex";"2022";"Other employees";"16-19 years";"K Financial and insurance";13;0;16;11;6
"Total sex";"2022";"Other employees";"16-19 years";"L Real estate activities";79;125;147;186;79
"Total sex";"2022";"Other employees";"16-19 years";"MA Consultancy etc.";112;38;50;68;12
"Total sex";"2022";"Other employees";"16-19 years";"MB Scientific research and development";9;2;1;5;2
"Total sex";"2022";"Other employees";"16-19 years";"MC Advertising and other business services";34;19;19;50;17
"Total sex";"2022";"Other employees";"16-19 years";"N Travel agent, cleaning, and other operationel services";615;250;490;521;141
"Total sex";"2022";"Other employees";"16-19 years";"O Public administration, defence and compulsory social security";7;11;6;4;3
"Total sex";"2022";"Other employees";"16-19 years";"P Education";148;100;166;269;51
"Total sex";"2022";"Other employees";"16-19 years";"QA Human health activities";153;111;124;162;59
"Total sex";"2022";"Other employees";"16-19 years";"QB Residential care";240;56;103;159;50
"Total sex";"2022";"Other employees";"16-19 years";"R Arts, entertainment and recreation activities";530;91;436;472;129
"Total sex";"2022";"Other employees";"16-19 years";"S Other service activities etc.";80;39;91;112;25
"Total sex";"2022";"Other employees";"16-19 years";"X Activity not stated";0;0;0;0;0
"Total sex";"2022";"Other employees";"20-24 years";"A Agriculture, forestry and fishing";27;51;122;154;75
"Total sex";"2022";"Other employees";"20-24 years";"B Mining and quarrying";4;0;6;0;1
"Total sex";"2022";"Other employees";"20-24 years";"CA Manufacture of food products, beverages and tobacco";109;36;198;106;72
"Total sex";"2022";"Other employees";"20-24 years";"CB Textiles and leather products";4;0;5;35;1
"Total sex";"2022";"Other employees";"20-24 years";"CC Wood and paper products and printing";12;4;30;41;14
"Total sex";"2022";"Other employees";"20-24 years";"CD Oil refinery etc.";0;0;0;0;0
"Total sex";"2022";"Other employees";"20-24 years";"CE Manufacture of chemicals";3;2;16;7;3
"Total sex";"2022";"Other employees";"20-24 years";"CF Pharmaceuticals";67;11;0;1;4
"Total sex";"2022";"Other employees";"20-24 years";"CG Manufacture of plastic, glass and concrete";20;44;88;103;56
"Total sex";"2022";"Other employees";"20-24 years";"CH Basic metals and fabricated metal products";24;11;86;107;24
"Total sex";"2022";"Other employees";"20-24 years";"CI Manufacture of electronic components";11;15;3;11;5
"Total sex";"2022";"Other employees";"20-24 years";"CJ Electrical equipment";15;10;14;35;10
"Total sex";"2022";"Other employees";"20-24 years";"CK Manufacture of machinery";15;42;80;99;31
"Total sex";"2022";"Other employees";"20-24 years";"CL Transport equipment";13;1;16;11;6
"Total sex";"2022";"Other employees";"20-24 years";"CM Manufacture of funiture and other manufacturing";23;8;43;58;9
"Total sex";"2022";"Other employees";"20-24 years";"D Electricity, gas, steam and air conditioning supply";3;0;3;10;1
"Total sex";"2022";"Other employees";"20-24 years";"E Water supply, sewerage and waste management";58;48;26;46;25
"Total sex";"2022";"Other employees";"20-24 years";"F Construction";566;408;509;504;204
"Total sex";"2022";"Other employees";"20-24 years";"G Wholesale and retail trade";1209;606;1206;2159;661
"Total sex";"2022";"Other employees";"20-24 years";"H Transportation";629;163;634;496;137
"Total sex";"2022";"Other employees";"20-24 years";"I Accommodation and food service activities";3089;545;1322;1765;814
"Total sex";"2022";"Other employees";"20-24 years";"JA Publishing, television and radio broadcasting";152;26;46;66;55
"Total sex";"2022";"Other employees";"20-24 years";"JB Telecommunications";80;8;9;1;2
"Total sex";"2022";"Other employees";"20-24 years";"JC IT and information service activities";151;7;19;78;12
"Total sex";"2022";"Other employees";"20-24 years";"K Financial and insurance";83;9;19;23;20
"Total sex";"2022";"Other employees";"20-24 years";"L Real estate activities";104;63;164;151;71
"Total sex";"2022";"Other employees";"20-24 years";"MA Consultancy etc.";361;36;55;156;46
"Total sex";"2022";"Other employees";"20-24 years";"MB Scientific research and development";61;5;6;18;1
"Total sex";"2022";"Other employees";"20-24 years";"MC Advertising and other business services";88;18;32;93;10
"Total sex";"2022";"Other employees";"20-24 years";"N Travel agent, cleaning, and other operationel services";2052;615;1555;2047;518
"Total sex";"2022";"Other employees";"20-24 years";"O Public administration, defence and compulsory social security";34;11;10;2;8
"Total sex";"2022";"Other employees";"20-24 years";"P Education";224;68;99;301;43
"Total sex";"2022";"Other employees";"20-24 years";"QA Human health activities";322;192;207;446;198
"Total sex";"2022";"Other employees";"20-24 years";"QB Residential care";378;114;109;136;83
"Total sex";"2022";"Other employees";"20-24 years";"R Arts, entertainment and recreation activities";509;56;331;372;167
"Total sex";"2022";"Other employees";"20-24 years";"S Other service activities etc.";293;23;84;98;54
"Total sex";"2022";"Other employees";"20-24 years";"X Activity not stated";0;0;0;0;0
"Total sex";"2022";"Other employees";"25-29 years";"A Agriculture, forestry and fishing";17;35;97;132;48
"Total sex";"2022";"Other employees";"25-29 years";"B Mining and quarrying";0;0;2;0;2
"Total sex";"2022";"Other employees";"25-29 years";"CA Manufacture of food products, beverages and tobacco";92;28;172;101;78
"Total sex";"2022";"Other employees";"25-29 years";"CB Textiles and leather products";9;1;6;16;1
"Total sex";"2022";"Other employees";"25-29 years";"CC Wood and paper products and printing";2;7;20;40;16
"Total sex";"2022";"Other employees";"25-29 years";"CD Oil refinery etc.";0;0;0;0;0
"Total sex";"2022";"Other employees";"25-29 years";"CE Manufacture of chemicals";11;4;21;8;11
"Total sex";"2022";"Other employees";"25-29 years";"CF Pharmaceuticals";82;28;0;0;2
"Total sex";"2022";"Other employees";"25-29 years";"CG Manufacture of plastic, glass and concrete";20;45;135;150;85
"Total sex";"2022";"Other employees";"25-29 years";"CH Basic metals and fabricated metal products";14;13;72;91;30
"Total sex";"2022";"Other employees";"25-29 years";"CI Manufacture of electronic components";9;10;5;15;2
"Total sex";"2022";"Other employees";"25-29 years";"CJ Electrical equipment";12;4;10;22;15
"Total sex";"2022";"Other employees";"25-29 years";"CK Manufacture of machinery";26;39;105;84;22
"Total sex";"2022";"Other employees";"25-29 years";"CL Transport equipment";19;2;18;6;1
"Total sex";"2022";"Other employees";"25-29 years";"CM Manufacture of funiture and other manufacturing";27;16;23;58;16
"Total sex";"2022";"Other employees";"25-29 years";"D Electricity, gas, steam and air conditioning supply";5;0;4;8;3
"Total sex";"2022";"Other employees";"25-29 years";"E Water supply, sewerage and waste management";135;47;69;32;32
"Total sex";"2022";"Other employees";"25-29 years";"F Construction";658;549;555;582;236
"Total sex";"2022";"Other employees";"25-29 years";"G Wholesale and retail trade";883;437;752;1200;299
"Total sex";"2022";"Other employees";"25-29 years";"H Transportation";643;161;480;440;89
"Total sex";"2022";"Other employees";"25-29 years";"I Accommodation and food service activities";1322;195;558;563;258
"Total sex";"2022";"Other employees";"25-29 years";"JA Publishing, television and radio broadcasting";112;16;22;35;34
"Total sex";"2022";"Other employees";"25-29 years";"JB Telecommunications";42;11;5;6;1
"Total sex";"2022";"Other employees";"25-29 years";"JC IT and information service activities";114;10;26;47;15
"Total sex";"2022";"Other employees";"25-29 years";"K Financial and insurance";44;2;12;7;5
"Total sex";"2022";"Other employees";"25-29 years";"L Real estate activities";65;24;66;99;49
"Total sex";"2022";"Other employees";"25-29 years";"MA Consultancy etc.";292;36;75;106;48
"Total sex";"2022";"Other employees";"25-29 years";"MB Scientific research and development";38;3;10;29;1
"Total sex";"2022";"Other employees";"25-29 years";"MC Advertising and other business services";66;16;23;44;5
"Total sex";"2022";"Other employees";"25-29 years";"N Travel agent, cleaning, and other operationel services";1877;587;1149;1288;413
"Total sex";"2022";"Other employees";"25-29 years";"O Public administration, defence and compulsory social security";26;7;7;8;9
"Total sex";"2022";"Other employees";"25-29 years";"P Education";179;44;98;204;36
"Total sex";"2022";"Other employees";"25-29 years";"QA Human health activities";157;106;84;142;61
"Total sex";"2022";"Other employees";"25-29 years";"QB Residential care";252;78;102;141;56
"Total sex";"2022";"Other employees";"25-29 years";"R Arts, entertainment and recreation activities";294;23;100;121;65
"Total sex";"2022";"Other employees";"25-29 years";"S Other service activities etc.";432;59;85;106;66
"Total sex";"2022";"Other employees";"25-29 years";"X Activity not stated";0;0;0;0;0
"Total sex";"2022";"Other employees";"30-34 years";"A Agriculture, forestry and fishing";17;49;95;95;48
"Total sex";"2022";"Other employees";"30-34 years";"B Mining and quarrying";1;2;10;2;3
"Total sex";"2022";"Other employees";"30-34 years";"CA Manufacture of food products, beverages and tobacco";87;24;231;116;73
"Total sex";"2022";"Other employees";"30-34 years";"CB Textiles and leather products";5;2;3;13;8
"Total sex";"2022";"Other employees";"30-34 years";"CC Wood and paper products and printing";3;10;23;41;32
"Total sex";"2022";"Other employees";"30-34 years";"CD Oil refinery etc.";0;0;0;0;0
"Total sex";"2022";"Other employees";"30-34 years";"CE Manufacture of chemicals";10;2;23;7;14
"Total sex";"2022";"Other employees";"30-34 years";"CF Pharmaceuticals";51;20;1;1;2
"Total sex";"2022";"Other employees";"30-34 years";"CG Manufacture of plastic, glass and concrete";37;54;189;153;133
"Total sex";"2022";"Other employees";"30-34 years";"CH Basic metals and fabricated metal products";22;11;89;93;44
"Total sex";"2022";"Other employees";"30-34 years";"CI Manufacture of electronic components";15;20;4;11;7
"Total sex";"2022";"Other employees";"30-34 years";"CJ Electrical equipment";12;12;7;26;11
"Total sex";"2022";"Other employees";"30-34 years";"CK Manufacture of machinery";35;53;85;86;28
"Total sex";"2022";"Other employees";"30-34 years";"CL Transport equipment";25;2;24;13;4
"Total sex";"2022";"Other employees";"30-34 years";"CM Manufacture of funiture and other manufacturing";16;19;36;64;29
"Total sex";"2022";"Other employees";"30-34 years";"D Electricity, gas, steam and air conditioning supply";3;0;5;3;2
"Total sex";"2022";"Other employees";"30-34 years";"E Water supply, sewerage and waste management";156;48;63;64;44
"Total sex";"2022";"Other employees";"30-34 years";"F Construction";687;519;565;539;248
"Total sex";"2022";"Other employees";"30-34 years";"G Wholesale and retail trade";878;450;723;1063;221
"Total sex";"2022";"Other employees";"30-34 years";"H Transportation";619;190;502;371;67
"Total sex";"2022";"Other employees";"30-34 years";"I Accommodation and food service activities";973;175;405;360;186
"Total sex";"2022";"Other employees";"30-34 years";"JA Publishing, television and radio broadcasting";42;4;10;15;40
"Total sex";"2022";"Other employees";"30-34 years";"JB Telecommunications";24;7;6;9;0
"Total sex";"2022";"Other employees";"30-34 years";"JC IT and information service activities";70;11;16;24;4
"Total sex";"2022";"Other employees";"30-34 years";"K Financial and insurance";27;3;2;7;3
"Total sex";"2022";"Other employees";"30-34 years";"L Real estate activities";62;20;57;91;31
"Total sex";"2022";"Other employees";"30-34 years";"MA Consultancy etc.";243;16;68;64;30
"Total sex";"2022";"Other employees";"30-34 years";"MB Scientific research and development";13;1;12;5;0
"Total sex";"2022";"Other employees";"30-34 years";"MC Advertising and other business services";35;5;11;30;7
"Total sex";"2022";"Other employees";"30-34 years";"N Travel agent, cleaning, and other operationel services";2253;622;1074;1217;418
"Total sex";"2022";"Other employees";"30-34 years";"O Public administration, defence and compulsory social security";33;11;10;7;11
"Total sex";"2022";"Other employees";"30-34 years";"P Education";116;64;96;128;76
"Total sex";"2022";"Other employees";"30-34 years";"QA Human health activities";123;112;88;125;48
"Total sex";"2022";"Other employees";"30-34 years";"QB Residential care";251;88;143;175;77
"Total sex";"2022";"Other employees";"30-34 years";"R Arts, entertainment and recreation activities";168;16;59;58;23
"Total sex";"2022";"Other employees";"30-34 years";"S Other service activities etc.";189;78;69;96;72
"Total sex";"2022";"Other employees";"30-34 years";"X Activity not stated";0;0;0;0;0
"Total sex";"2022";"Other employees";"35-39 years";"A Agriculture, forestry and fishing";4;35;67;94;26
"Total sex";"2022";"Other employees";"35-39 years";"B Mining and quarrying";0;0;7;3;1
"Total sex";"2022";"Other employees";"35-39 years";"CA Manufacture of food products, beverages and tobacco";114;33;225;108;99
"Total sex";"2022";"Other employees";"35-39 years";"CB Textiles and leather products";2;2;5;12;1
"Total sex";"2022";"Other employees";"35-39 years";"CC Wood and paper products and printing";3;7;23;49;19
"Total sex";"2022";"Other employees";"35-39 years";"CD Oil refinery etc.";0;1;0;0;0
"Total sex";"2022";"Other employees";"35-39 years";"CE Manufacture of chemicals";14;7;32;6;19
"Total sex";"2022";"Other employees";"35-39 years";"CF Pharmaceuticals";42;19;0;0;0
"Total sex";"2022";"Other employees";"35-39 years";"CG Manufacture of plastic, glass and concrete";40;65;148;192;116
"Total sex";"2022";"Other employees";"35-39 years";"CH Basic metals and fabricated metal products";11;5;73;87;41
"Total sex";"2022";"Other employees";"35-39 years";"CI Manufacture of electronic components";11;11;6;9;2
"Total sex";"2022";"Other employees";"35-39 years";"CJ Electrical equipment";15;15;20;22;14
"Total sex";"2022";"Other employees";"35-39 years";"CK Manufacture of machinery";28;44;91;105;20
"Total sex";"2022";"Other employees";"35-39 years";"CL Transport equipment";25;2;28;11;6
"Total sex";"2022";"Other employees";"35-39 years";"CM Manufacture of funiture and other manufacturing";15;26;28;55;27
"Total sex";"2022";"Other employees";"35-39 years";"D Electricity, gas, steam and air conditioning supply";1;1;6;1;2
"Total sex";"2022";"Other employees";"35-39 years";"E Water supply, sewerage and waste management";141;45;54;54;53
"Total sex";"2022";"Other employees";"35-39 years";"F Construction";630;495;522;530;257
"Total sex";"2022";"Other employees";"35-39 years";"G Wholesale and retail trade";794;443;644;850;209
"Total sex";"2022";"Other employees";"35-39 years";"H Transportation";624;177;417;328;67
"Total sex";"2022";"Other employees";"35-39 years";"I Accommodation and food service activities";855;135;372;308;178
"Total sex";"2022";"Other employees";"35-39 years";"JA Publishing, television and radio broadcasting";21;5;16;9;47
"Total sex";"2022";"Other employees";"35-39 years";"JB Telecommunications";17;10;4;4;0
"Total sex";"2022";"Other employees";"35-39 years";"JC IT and information service activities";40;4;6;10;7
"Total sex";"2022";"Other employees";"35-39 years";"K Financial and insurance";30;1;6;6;0
"Total sex";"2022";"Other employees";"35-39 years";"L Real estate activities";74;27;55;71;31
"Total sex";"2022";"Other employees";"35-39 years";"MA Consultancy etc.";153;28;45;43;33
"Total sex";"2022";"Other employees";"35-39 years";"MB Scientific research and development";5;1;4;8;0
"Total sex";"2022";"Other employees";"35-39 years";"MC Advertising and other business services";17;4;16;31;4
"Total sex";"2022";"Other employees";"35-39 years";"N Travel agent, cleaning, and other operationel services";2210;676;1028;1162;397
"Total sex";"2022";"Other employees";"35-39 years";"O Public administration, defence and compulsory social security";30;15;15;7;12
"Total sex";"2022";"Other employees";"35-39 years";"P Education";119;65;103;167;87
"Total sex";"2022";"Other employees";"35-39 years";"QA Human health activities";206;126;111;127;44
"Total sex";"2022";"Other employees";"35-39 years";"QB Residential care";331;120;216;202;102
"Total sex";"2022";"Other employees";"35-39 years";"R Arts, entertainment and recreation activities";128;17;49;39;26
"Total sex";"2022";"Other employees";"35-39 years";"S Other service activities etc.";136;91;102;98;65
"Total sex";"2022";"Other employees";"35-39 years";"X Activity not stated";0;0;0;0;0
"Total sex";"2022";"Other employees";"40-44 years";"A Agriculture, forestry and fishing";8;19;67;56;16
"Total sex";"2022";"Other employees";"40-44 years";"B Mining and quarrying";1;0;10;2;4
"Total sex";"2022";"Other employees";"40-44 years";"CA Manufacture of food products, beverages and tobacco";98;27;228;108;91
"Total sex";"2022";"Other employees";"40-44 years";"CB Textiles and leather products";6;2;4;13;5
"Total sex";"2022";"Other employees";"40-44 years";"CC Wood and paper products and printing";3;12;24;44;17
"Total sex";"2022";"Other employees";"40-44 years";"CD Oil refinery etc.";0;0;0;0;0
"Total sex";"2022";"Other employees";"40-44 years";"CE Manufacture of chemicals";17;9;37;5;18
"Total sex";"2022";"Other employees";"40-44 years";"CF Pharmaceuticals";57;18;1;0;2
"Total sex";"2022";"Other employees";"40-44 years";"CG Manufacture of plastic, glass and concrete";33;55;184;167;113
"Total sex";"2022";"Other employees";"40-44 years";"CH Basic metals and fabricated metal products";11;9;97;112;43
"Total sex";"2022";"Other employees";"40-44 years";"CI Manufacture of electronic components";16;17;12;8;6
"Total sex";"2022";"Other employees";"40-44 years";"CJ Electrical equipment";13;14;19;20;3
"Total sex";"2022";"Other employees";"40-44 years";"CK Manufacture of machinery";20;36;124;113;43
"Total sex";"2022";"Other employees";"40-44 years";"CL Transport equipment";11;1;28;11;5
"Total sex";"2022";"Other employees";"40-44 years";"CM Manufacture of funiture and other manufacturing";19;22;32;84;25
"Total sex";"2022";"Other employees";"40-44 years";"D Electricity, gas, steam and air conditioning supply";3;3;5;4;4
"Total sex";"2022";"Other employees";"40-44 years";"E Water supply, sewerage and waste management";129;60;72;62;40
"Total sex";"2022";"Other employees";"40-44 years";"F Construction";528;422;477;568;235
"Total sex";"2022";"Other employees";"40-44 years";"G Wholesale and retail trade";699;419;647;751;215
"Total sex";"2022";"Other employees";"40-44 years";"H Transportation";552;139;359;281;54
"Total sex";"2022";"Other employees";"40-44 years";"I Accommodation and food service activities";635;139;358;274;154
"Total sex";"2022";"Other employees";"40-44 years";"JA Publishing, television and radio broadcasting";22;6;16;10;33
"Total sex";"2022";"Other employees";"40-44 years";"JB Telecommunications";15;7;8;2;1
"Total sex";"2022";"Other employees";"40-44 years";"JC IT and information service activities";32;4;10;15;1
"Total sex";"2022";"Other employees";"40-44 years";"K Financial and insurance";27;6;0;5;3
"Total sex";"2022";"Other employees";"40-44 years";"L Real estate activities";78;27;56;59;27
"Total sex";"2022";"Other employees";"40-44 years";"MA Consultancy etc.";160;27;74;44;20
"Total sex";"2022";"Other employees";"40-44 years";"MB Scientific research and development";6;3;8;12;0
"Total sex";"2022";"Other employees";"40-44 years";"MC Advertising and other business services";31;5;24;25;7
"Total sex";"2022";"Other employees";"40-44 years";"N Travel agent, cleaning, and other operationel services";2084;721;1169;1072;430
"Total sex";"2022";"Other employees";"40-44 years";"O Public administration, defence and compulsory social security";60;25;26;14;14
"Total sex";"2022";"Other employees";"40-44 years";"P Education";153;104;145;242;106
"Total sex";"2022";"Other employees";"40-44 years";"QA Human health activities";291;142;126;159;53
"Total sex";"2022";"Other employees";"40-44 years";"QB Residential care";454;136;253;285;121
"Total sex";"2022";"Other employees";"40-44 years";"R Arts, entertainment and recreation activities";116;18;64;51;34
"Total sex";"2022";"Other employees";"40-44 years";"S Other service activities etc.";141;82;126;114;82
"Total sex";"2022";"Other employees";"40-44 years";"X Activity not stated";0;0;0;0;0
"Total sex";"2022";"Other employees";"45-49 years";"A Agriculture, forestry and fishing";8;33;55;58;20
"Total sex";"2022";"Other employees";"45-49 years";"B Mining and quarrying";1;0;21;3;5
"Total sex";"2022";"Other employees";"45-49 years";"CA Manufacture of food products, beverages and tobacco";93;42;252;127;87
"Total sex";"2022";"Other employees";"45-49 years";"CB Textiles and leather products";1;2;6;17;2
"Total sex";"2022";"Other employees";"45-49 years";"CC Wood and paper products and printing";5;7;29;60;28
"Total sex";"2022";"Other employees";"45-49 years";"CD Oil refinery etc.";0;2;0;0;0
"Total sex";"2022";"Other employees";"45-49 years";"CE Manufacture of chemicals";19;13;41;13;9
"Total sex";"2022";"Other employees";"45-49 years";"CF Pharmaceuticals";75;22;5;0;2
"Total sex";"2022";"Other employees";"45-49 years";"CG Manufacture of plastic, glass and concrete";37;71;172;135;93
"Total sex";"2022";"Other employees";"45-49 years";"CH Basic metals and fabricated metal products";10;17;97;92;56
"Total sex";"2022";"Other employees";"45-49 years";"CI Manufacture of electronic components";26;10;12;18;8
"Total sex";"2022";"Other employees";"45-49 years";"CJ Electrical equipment";29;16;27;21;10
"Total sex";"2022";"Other employees";"45-49 years";"CK Manufacture of machinery";39;40;137;145;44
"Total sex";"2022";"Other employees";"45-49 years";"CL Transport equipment";15;0;26;10;12
"Total sex";"2022";"Other employees";"45-49 years";"CM Manufacture of funiture and other manufacturing";22;24;47;59;33
"Total sex";"2022";"Other employees";"45-49 years";"D Electricity, gas, steam and air conditioning supply";2;2;10;6;3
"Total sex";"2022";"Other employees";"45-49 years";"E Water supply, sewerage and waste management";180;99;128;80;68
"Total sex";"2022";"Other employees";"45-49 years";"F Construction";582;489;442;573;243
"Total sex";"2022";"Other employees";"45-49 years";"G Wholesale and retail trade";671;405;676;779;233
"Total sex";"2022";"Other employees";"45-49 years";"H Transportation";493;131;353;264;72
"Total sex";"2022";"Other employees";"45-49 years";"I Accommodation and food service activities";568;174;379;324;137
"Total sex";"2022";"Other employees";"45-49 years";"JA Publishing, television and radio broadcasting";21;5;13;13;45
"Total sex";"2022";"Other employees";"45-49 years";"JB Telecommunications";19;1;11;1;0
"Total sex";"2022";"Other employees";"45-49 years";"JC IT and information service activities";27;4;6;14;6
"Total sex";"2022";"Other employees";"45-49 years";"K Financial and insurance";25;1;10;14;3
"Total sex";"2022";"Other employees";"45-49 years";"L Real estate activities";96;37;62;66;32
"Total sex";"2022";"Other employees";"45-49 years";"MA Consultancy etc.";149;39;94;55;20
"Total sex";"2022";"Other employees";"45-49 years";"MB Scientific research and development";6;5;4;11;1
"Total sex";"2022";"Other employees";"45-49 years";"MC Advertising and other business services";21;5;10;32;1
"Total sex";"2022";"Other employees";"45-49 years";"N Travel agent, cleaning, and other operationel services";1991;821;1199;1109;462
"Total sex";"2022";"Other employees";"45-49 years";"O Public administration, defence and compulsory social security";58;21;40;28;24
"Total sex";"2022";"Other employees";"45-49 years";"P Education";232;130;211;291;143
"Total sex";"2022";"Other employees";"45-49 years";"QA Human health activities";350;187;192;199;97
"Total sex";"2022";"Other employees";"45-49 years";"QB Residential care";530;179;379;382;160
"Total sex";"2022";"Other employees";"45-49 years";"R Arts, entertainment and recreation activities";135;19;81;73;35
"Total sex";"2022";"Other employees";"45-49 years";"S Other service activities etc.";153;118;178;192;106
"Total sex";"2022";"Other employees";"45-49 years";"X Activity not stated";0;0;0;0;0
"Total sex";"2022";"Other employees";"50-54 years";"A Agriculture, forestry and fishing";10;33;45;62;17
"Total sex";"2022";"Other employees";"50-54 years";"B Mining and quarrying";0;0;30;3;7
"Total sex";"2022";"Other employees";"50-54 years";"CA Manufacture of food products, beverages and tobacco";98;55;280;140;104
"Total sex";"2022";"Other employees";"50-54 years";"CB Textiles and leather products";1;1;12;10;5
"Total sex";"2022";"Other employees";"50-54 years";"CC Wood and paper products and printing";5;9;34;53;31
"Total sex";"2022";"Other employees";"50-54 years";"CD Oil refinery etc.";0;1;0;0;0
"Total sex";"2022";"Other employees";"50-54 years";"CE Manufacture of chemicals";32;18;51;17;16
"Total sex";"2022";"Other employees";"50-54 years";"CF Pharmaceuticals";134;19;2;2;3
"Total sex";"2022";"Other employees";"50-54 years";"CG Manufacture of plastic, glass and concrete";38;85;225;192;98
"Total sex";"2022";"Other employees";"50-54 years";"CH Basic metals and fabricated metal products";15;19;121;133;45
"Total sex";"2022";"Other employees";"50-54 years";"CI Manufacture of electronic components";35;12;8;15;17
"Total sex";"2022";"Other employees";"50-54 years";"CJ Electrical equipment";25;11;33;26;10
"Total sex";"2022";"Other employees";"50-54 years";"CK Manufacture of machinery";40;48;165;201;49
"Total sex";"2022";"Other employees";"50-54 years";"CL Transport equipment";17;4;37;14;13
"Total sex";"2022";"Other employees";"50-54 years";"CM Manufacture of funiture and other manufacturing";26;18;56;85;49
"Total sex";"2022";"Other employees";"50-54 years";"D Electricity, gas, steam and air conditioning supply";0;3;11;11;5
"Total sex";"2022";"Other employees";"50-54 years";"E Water supply, sewerage and waste management";229;87;118;117;64
"Total sex";"2022";"Other employees";"50-54 years";"F Construction";586;452;511;583;279
"Total sex";"2022";"Other employees";"50-54 years";"G Wholesale and retail trade";714;433;744;772;286
"Total sex";"2022";"Other employees";"50-54 years";"H Transportation";461;98;319;272;97
"Total sex";"2022";"Other employees";"50-54 years";"I Accommodation and food service activities";530;160;374;297;138
"Total sex";"2022";"Other employees";"50-54 years";"JA Publishing, television and radio broadcasting";34;8;13;7;33
"Total sex";"2022";"Other employees";"50-54 years";"JB Telecommunications";11;3;8;7;0
"Total sex";"2022";"Other employees";"50-54 years";"JC IT and information service activities";20;5;9;15;3
"Total sex";"2022";"Other employees";"50-54 years";"K Financial and insurance";26;9;19;11;8
"Total sex";"2022";"Other employees";"50-54 years";"L Real estate activities";143;55;90;65;48
"Total sex";"2022";"Other employees";"50-54 years";"MA Consultancy etc.";158;30;116;58;30
"Total sex";"2022";"Other employees";"50-54 years";"MB Scientific research and development";10;3;7;15;2
"Total sex";"2022";"Other employees";"50-54 years";"MC Advertising and other business services";27;6;22;28;5
"Total sex";"2022";"Other employees";"50-54 years";"N Travel agent, cleaning, and other operationel services";1995;794;1229;1085;468
"Total sex";"2022";"Other employees";"50-54 years";"O Public administration, defence and compulsory social security";73;21;26;28;35
"Total sex";"2022";"Other employees";"50-54 years";"P Education";249;191;264;363;201
"Total sex";"2022";"Other employees";"50-54 years";"QA Human health activities";355;240;225;266;133
"Total sex";"2022";"Other employees";"50-54 years";"QB Residential care";691;220;467;471;181
"Total sex";"2022";"Other employees";"50-54 years";"R Arts, entertainment and recreation activities";138;23;86;93;38
"Total sex";"2022";"Other employees";"50-54 years";"S Other service activities etc.";180;163;191;179;124
"Total sex";"2022";"Other employees";"50-54 years";"X Activity not stated";0;0;0;0;0
"Total sex";"2022";"Other employees";"55-59 years";"A Agriculture, forestry and fishing";7;44;42;67;24
"Total sex";"2022";"Other employees";"55-59 years";"B Mining and quarrying";0;1;44;5;11
"Total sex";"2022";"Other employees";"55-59 years";"CA Manufacture of food products, beverages and tobacco";107;50;297;150;125
"Total sex";"2022";"Other employees";"55-59 years";"CB Textiles and leather products";3;2;19;16;4
"Total sex";"2022";"Other employees";"55-59 years";"CC Wood and paper products and printing";10;12;43;68;42
"Total sex";"2022";"Other employees";"55-59 years";"CD Oil refinery etc.";0;5;0;0;0
"Total sex";"2022";"Other employees";"55-59 years";"CE Manufacture of chemicals";39;29;60;19;15
"Total sex";"2022";"Other employees";"55-59 years";"CF Pharmaceuticals";122;35;1;0;8
"Total sex";"2022";"Other employees";"55-59 years";"CG Manufacture of plastic, glass and concrete";47;100;231;230;124
"Total sex";"2022";"Other employees";"55-59 years";"CH Basic metals and fabricated metal products";32;22;156;137;63
"Total sex";"2022";"Other employees";"55-59 years";"CI Manufacture of electronic components";47;13;20;18;25
"Total sex";"2022";"Other employees";"55-59 years";"CJ Electrical equipment";24;20;42;38;17
"Total sex";"2022";"Other employees";"55-59 years";"CK Manufacture of machinery";53;59;182;226;45
"Total sex";"2022";"Other employees";"55-59 years";"CL Transport equipment";15;1;46;19;17
"Total sex";"2022";"Other employees";"55-59 years";"CM Manufacture of funiture and other manufacturing";33;29;67;93;50
"Total sex";"2022";"Other employees";"55-59 years";"D Electricity, gas, steam and air conditioning supply";5;3;16;10;2
"Total sex";"2022";"Other employees";"55-59 years";"E Water supply, sewerage and waste management";244;123;145;155;93
"Total sex";"2022";"Other employees";"55-59 years";"F Construction";612;508;579;604;288
"Total sex";"2022";"Other employees";"55-59 years";"G Wholesale and retail trade";643;454;765;812;281
"Total sex";"2022";"Other employees";"55-59 years";"H Transportation";510;135;333;258;88
"Total sex";"2022";"Other employees";"55-59 years";"I Accommodation and food service activities";374;183;374;287;144
"Total sex";"2022";"Other employees";"55-59 years";"JA Publishing, television and radio broadcasting";15;17;18;11;46
"Total sex";"2022";"Other employees";"55-59 years";"JB Telecommunications";14;5;5;2;0
"Total sex";"2022";"Other employees";"55-59 years";"JC IT and information service activities";23;3;7;17;9
"Total sex";"2022";"Other employees";"55-59 years";"K Financial and insurance";25;3;13;14;11
"Total sex";"2022";"Other employees";"55-59 years";"L Real estate activities";169;59;95;76;53
"Total sex";"2022";"Other employees";"55-59 years";"MA Consultancy etc.";166;48;130;62;30
"Total sex";"2022";"Other employees";"55-59 years";"MB Scientific research and development";9;6;9;22;2
"Total sex";"2022";"Other employees";"55-59 years";"MC Advertising and other business services";16;5;20;25;3
"Total sex";"2022";"Other employees";"55-59 years";"N Travel agent, cleaning, and other operationel services";1823;833;1346;1119;595
"Total sex";"2022";"Other employees";"55-59 years";"O Public administration, defence and compulsory social security";97;28;63;43;61
"Total sex";"2022";"Other employees";"55-59 years";"P Education";221;202;321;402;270
"Total sex";"2022";"Other employees";"55-59 years";"QA Human health activities";349;301;284;327;191
"Total sex";"2022";"Other employees";"55-59 years";"QB Residential care";777;298;585;640;288
"Total sex";"2022";"Other employees";"55-59 years";"R Arts, entertainment and recreation activities";194;25;104;78;47
"Total sex";"2022";"Other employees";"55-59 years";"S Other service activities etc.";211;181;268;263;179
"Total sex";"2022";"Other employees";"55-59 years";"X Activity not stated";0;0;0;0;0
"Total sex";"2022";"Other employees";"60-64 years";"A Agriculture, forestry and fishing";4;47;30;46;19
"Total sex";"2022";"Other employees";"60-64 years";"B Mining and quarrying";0;2;23;2;5
"Total sex";"2022";"Other employees";"60-64 years";"CA Manufacture of food products, beverages and tobacco";71;45;227;124;82
"Total sex";"2022";"Other employees";"60-64 years";"CB Textiles and leather products";4;2;15;14;16
"Total sex";"2022";"Other employees";"60-64 years";"CC Wood and paper products and printing";3;13;35;43;21
"Total sex";"2022";"Other employees";"60-64 years";"CD Oil refinery etc.";0;2;0;0;0
"Total sex";"2022";"Other employees";"60-64 years";"CE Manufacture of chemicals";22;11;55;20;14
"Total sex";"2022";"Other employees";"60-64 years";"CF Pharmaceuticals";60;10;2;0;5
"Total sex";"2022";"Other employees";"60-64 years";"CG Manufacture of plastic, glass and concrete";34;54;187;149;103
"Total sex";"2022";"Other employees";"60-64 years";"CH Basic metals and fabricated metal products";14;14;117;115;53
"Total sex";"2022";"Other employees";"60-64 years";"CI Manufacture of electronic components";35;12;10;25;27
"Total sex";"2022";"Other employees";"60-64 years";"CJ Electrical equipment";19;11;32;23;11
"Total sex";"2022";"Other employees";"60-64 years";"CK Manufacture of machinery";51;39;133;173;35
"Total sex";"2022";"Other employees";"60-64 years";"CL Transport equipment";12;4;32;13;10
"Total sex";"2022";"Other employees";"60-64 years";"CM Manufacture of funiture and other manufacturing";36;15;48;75;40
"Total sex";"2022";"Other employees";"60-64 years";"D Electricity, gas, steam and air conditioning supply";3;6;8;9;6
"Total sex";"2022";"Other employees";"60-64 years";"E Water supply, sewerage and waste management";184;106;148;139;74
"Total sex";"2022";"Other employees";"60-64 years";"F Construction";395;288;437;488;258
"Total sex";"2022";"Other employees";"60-64 years";"G Wholesale and retail trade";455;318;577;638;228
"Total sex";"2022";"Other employees";"60-64 years";"H Transportation";318;91;235;178;72
"Total sex";"2022";"Other employees";"60-64 years";"I Accommodation and food service activities";220;114;286;191;103
"Total sex";"2022";"Other employees";"60-64 years";"JA Publishing, television and radio broadcasting";19;20;10;11;33
"Total sex";"2022";"Other employees";"60-64 years";"JB Telecommunications";9;5;4;1;0
"Total sex";"2022";"Other employees";"60-64 years";"JC IT and information service activities";16;1;7;10;5
"Total sex";"2022";"Other employees";"60-64 years";"K Financial and insurance";22;8;14;7;7
"Total sex";"2022";"Other employees";"60-64 years";"L Real estate activities";117;48;67;52;39
"Total sex";"2022";"Other employees";"60-64 years";"MA Consultancy etc.";115;44;113;43;42
"Total sex";"2022";"Other employees";"60-64 years";"MB Scientific research and development";10;10;3;12;1
"Total sex";"2022";"Other employees";"60-64 years";"MC Advertising and other business services";15;5;10;16;4
"Total sex";"2022";"Other employees";"60-64 years";"N Travel agent, cleaning, and other operationel services";1207;620;1020;807;459
"Total sex";"2022";"Other employees";"60-64 years";"O Public administration, defence and compulsory social security";83;27;59;35;44
"Total sex";"2022";"Other employees";"60-64 years";"P Education";181;147;257;325;187
"Total sex";"2022";"Other employees";"60-64 years";"QA Human health activities";268;218;200;294;184
"Total sex";"2022";"Other employees";"60-64 years";"QB Residential care";615;284;515;489;257
"Total sex";"2022";"Other employees";"60-64 years";"R Arts, entertainment and recreation activities";131;26;98;63;32
"Total sex";"2022";"Other employees";"60-64 years";"S Other service activities etc.";185;164;242;232;177
"Total sex";"2022";"Other employees";"60-64 years";"X Activity not stated";0;0;0;0;0
"Total sex";"2022";"Other employees";"65-66 years";"A Agriculture, forestry and fishing";0;6;4;7;3
"Total sex";"2022";"Other employees";"65-66 years";"B Mining and quarrying";0;0;4;0;1
"Total sex";"2022";"Other employees";"65-66 years";"CA Manufacture of food products, beverages and tobacco";15;7;37;26;17
"Total sex";"2022";"Other employees";"65-66 years";"CB Textiles and leather products";0;1;1;1;1
"Total sex";"2022";"Other employees";"65-66 years";"CC Wood and paper products and printing";2;3;14;10;4
"Total sex";"2022";"Other employees";"65-66 years";"CD Oil refinery etc.";0;0;0;0;0
"Total sex";"2022";"Other employees";"65-66 years";"CE Manufacture of chemicals";3;2;7;4;0
"Total sex";"2022";"Other employees";"65-66 years";"CF Pharmaceuticals";10;5;0;1;0
"Total sex";"2022";"Other employees";"65-66 years";"CG Manufacture of plastic, glass and concrete";4;13;24;27;21
"Total sex";"2022";"Other employees";"65-66 years";"CH Basic metals and fabricated metal products";6;4;12;20;6
"Total sex";"2022";"Other employees";"65-66 years";"CI Manufacture of electronic components";12;0;1;4;2
"Total sex";"2022";"Other employees";"65-66 years";"CJ Electrical equipment";6;4;5;2;2
"Total sex";"2022";"Other employees";"65-66 years";"CK Manufacture of machinery";6;4;24;40;9
"Total sex";"2022";"Other employees";"65-66 years";"CL Transport equipment";0;0;3;3;4
"Total sex";"2022";"Other employees";"65-66 years";"CM Manufacture of funiture and other manufacturing";2;3;12;18;9
"Total sex";"2022";"Other employees";"65-66 years";"D Electricity, gas, steam and air conditioning supply";1;2;3;4;2
"Total sex";"2022";"Other employees";"65-66 years";"E Water supply, sewerage and waste management";44;28;22;38;19
"Total sex";"2022";"Other employees";"65-66 years";"F Construction";86;53;90;105;43
"Total sex";"2022";"Other employees";"65-66 years";"G Wholesale and retail trade";94;76;120;142;47
"Total sex";"2022";"Other employees";"65-66 years";"H Transportation";77;19;44;44;11
"Total sex";"2022";"Other employees";"65-66 years";"I Accommodation and food service activities";57;26;54;36;17
"Total sex";"2022";"Other employees";"65-66 years";"JA Publishing, television and radio broadcasting";9;15;1;1;5
"Total sex";"2022";"Other employees";"65-66 years";"JB Telecommunications";0;1;1;0;0
"Total sex";"2022";"Other employees";"65-66 years";"JC IT and information service activities";4;0;4;3;2
"Total sex";"2022";"Other employees";"65-66 years";"K Financial and insurance";6;4;2;4;3
"Total sex";"2022";"Other employees";"65-66 years";"L Real estate activities";27;10;18;23;13
"Total sex";"2022";"Other employees";"65-66 years";"MA Consultancy etc.";38;10;18;10;8
"Total sex";"2022";"Other employees";"65-66 years";"MB Scientific research and development";6;0;1;1;0
"Total sex";"2022";"Other employees";"65-66 years";"MC Advertising and other business services";1;0;4;4;0
"Total sex";"2022";"Other employees";"65-66 years";"N Travel agent, cleaning, and other operationel services";242;116;173;170;74
"Total sex";"2022";"Other employees";"65-66 years";"O Public administration, defence and compulsory social security";18;4;9;6;2
"Total sex";"2022";"Other employees";"65-66 years";"P Education";32;26;53;66;39
"Total sex";"2022";"Other employees";"65-66 years";"QA Human health activities";48;37;30;35;23
"Total sex";"2022";"Other employees";"65-66 years";"QB Residential care";109;52;109;102;54
"Total sex";"2022";"Other employees";"65-66 years";"R Arts, entertainment and recreation activities";34;8;25;12;8
"Total sex";"2022";"Other employees";"65-66 years";"S Other service activities etc.";33;39;30;45;39
"Total sex";"2022";"Other employees";"65-66 years";"X Activity not stated";0;0;0;0;0
"Total sex";"2022";"Other employees";"67 years and over";"A Agriculture, forestry and fishing";3;10;13;10;7
"Total sex";"2022";"Other employees";"67 years and over";"B Mining and quarrying";0;2;2;1;3
"Total sex";"2022";"Other employees";"67 years and over";"CA Manufacture of food products, beverages and tobacco";9;7;48;36;24
"Total sex";"2022";"Other employees";"67 years and over";"CB Textiles and leather products";0;0;1;6;6
"Total sex";"2022";"Other employees";"67 years and over";"CC Wood and paper products and printing";5;5;9;30;9
"Total sex";"2022";"Other employees";"67 years and over";"CD Oil refinery etc.";1;0;0;0;0
"Total sex";"2022";"Other employees";"67 years and over";"CE Manufacture of chemicals";2;1;7;7;5
"Total sex";"2022";"Other employees";"67 years and over";"CF Pharmaceuticals";5;2;1;1;0
"Total sex";"2022";"Other employees";"67 years and over";"CG Manufacture of plastic, glass and concrete";2;12;30;31;12
"Total sex";"2022";"Other employees";"67 years and over";"CH Basic metals and fabricated metal products";7;7;22;31;10
"Total sex";"2022";"Other employees";"67 years and over";"CI Manufacture of electronic components";5;4;2;0;1
"Total sex";"2022";"Other employees";"67 years and over";"CJ Electrical equipment";1;0;5;7;3
"Total sex";"2022";"Other employees";"67 years and over";"CK Manufacture of machinery";4;7;22;36;9
"Total sex";"2022";"Other employees";"67 years and over";"CL Transport equipment";0;0;6;5;2
"Total sex";"2022";"Other employees";"67 years and over";"CM Manufacture of funiture and other manufacturing";7;3;13;20;11
"Total sex";"2022";"Other employees";"67 years and over";"D Electricity, gas, steam and air conditioning supply";0;1;6;2;5
"Total sex";"2022";"Other employees";"67 years and over";"E Water supply, sewerage and waste management";38;29;35;63;21
"Total sex";"2022";"Other employees";"67 years and over";"F Construction";84;107;159;167;65
"Total sex";"2022";"Other employees";"67 years and over";"G Wholesale and retail trade";151;160;347;354;128
"Total sex";"2022";"Other employees";"67 years and over";"H Transportation";60;66;72;88;20
"Total sex";"2022";"Other employees";"67 years and over";"I Accommodation and food service activities";49;33;79;65;44
"Total sex";"2022";"Other employees";"67 years and over";"JA Publishing, television and radio broadcasting";27;76;13;16;37
"Total sex";"2022";"Other employees";"67 years and over";"JB Telecommunications";3;0;1;0;1
"Total sex";"2022";"Other employees";"67 years and over";"JC IT and information service activities";6;1;7;2;1
"Total sex";"2022";"Other employees";"67 years and over";"K Financial and insurance";6;3;4;19;13
"Total sex";"2022";"Other employees";"67 years and over";"L Real estate activities";50;31;99;79;49
"Total sex";"2022";"Other employees";"67 years and over";"MA Consultancy etc.";29;18;80;22;15
"Total sex";"2022";"Other employees";"67 years and over";"MB Scientific research and development";20;1;0;4;0
"Total sex";"2022";"Other employees";"67 years and over";"MC Advertising and other business services";5;2;6;3;1
"Total sex";"2022";"Other employees";"67 years and over";"N Travel agent, cleaning, and other operationel services";220;123;176;175;75
"Total sex";"2022";"Other employees";"67 years and over";"O Public administration, defence and compulsory social security";22;6;5;8;0
"Total sex";"2022";"Other employees";"67 years and over";"P Education";89;47;85;117;32
"Total sex";"2022";"Other employees";"67 years and over";"QA Human health activities";38;38;42;37;22
"Total sex";"2022";"Other employees";"67 years and over";"QB Residential care";94;35;80;81;33
"Total sex";"2022";"Other employees";"67 years and over";"R Arts, entertainment and recreation activities";44;9;60;28;23
"Total sex";"2022";"Other employees";"67 years and over";"S Other service activities etc.";38;65;70;80;48
"Total sex";"2022";"Other employees";"67 years and over";"X Activity not stated";0;0;0;0;0
"Total sex";"2022";"Employees, not specified";"Under 16 years";"A Agriculture, forestry and fishing";38;130;548;486;306
"Total sex";"2022";"Employees, not specified";"Under 16 years";"B Mining and quarrying";0;0;0;0;0
"Total sex";"2022";"Employees, not specified";"Under 16 years";"CA Manufacture of food products, beverages and tobacco";149;60;138;71;52
"Total sex";"2022";"Employees, not specified";"Under 16 years";"CB Textiles and leather products";8;6;10;4;1
"Total sex";"2022";"Employees, not specified";"Under 16 years";"CC Wood and paper products and printing";6;2;24;17;1
"Total sex";"2022";"Employees, not specified";"Under 16 years";"CD Oil refinery etc.";0;0;0;0;0
"Total sex";"2022";"Employees, not specified";"Under 16 years";"CE Manufacture of chemicals";2;0;4;1;3
"Total sex";"2022";"Employees, not specified";"Under 16 years";"CF Pharmaceuticals";0;0;0;0;0
"Total sex";"2022";"Employees, not specified";"Under 16 years";"CG Manufacture of plastic, glass and concrete";8;1;12;8;1
"Total sex";"2022";"Employees, not specified";"Under 16 years";"CH Basic metals and fabricated metal products";3;20;40;27;19
"Total sex";"2022";"Employees, not specified";"Under 16 years";"CI Manufacture of electronic components";8;3;1;7;0
"Total sex";"2022";"Employees, not specified";"Under 16 years";"CJ Electrical equipment";1;2;8;4;2
"Total sex";"2022";"Employees, not specified";"Under 16 years";"CK Manufacture of machinery";1;6;21;16;3
"Total sex";"2022";"Employees, not specified";"Under 16 years";"CL Transport equipment";3;0;2;6;0
"Total sex";"2022";"Employees, not specified";"Under 16 years";"CM Manufacture of funiture and other manufacturing";21;7;44;43;13
"Total sex";"2022";"Employees, not specified";"Under 16 years";"D Electricity, gas, steam and air conditioning supply";1;1;1;3;3
"Total sex";"2022";"Employees, not specified";"Under 16 years";"E Water supply, sewerage and waste management";4;5;1;3;1
"Total sex";"2022";"Employees, not specified";"Under 16 years";"F Construction";58;65;67;81;34
"Total sex";"2022";"Employees, not specified";"Under 16 years";"G Wholesale and retail trade";770;478;908;1009;467
"Total sex";"2022";"Employees, not specified";"Under 16 years";"H Transportation";1674;1070;2063;2221;76
"Total sex";"2022";"Employees, not specified";"Under 16 years";"I Accommodation and food service activities";887;527;992;827;395
"Total sex";"2022";"Employees, not specified";"Under 16 years";"JA Publishing, television and radio broadcasting";105;3;15;15;5
"Total sex";"2022";"Employees, not specified";"Under 16 years";"JB Telecommunications";1;0;1;0;0
"Total sex";"2022";"Employees, not specified";"Under 16 years";"JC IT and information service activities";51;17;23;28;9
"Total sex";"2022";"Employees, not specified";"Under 16 years";"K Financial and insurance";12;3;25;17;18
"Total sex";"2022";"Employees, not specified";"Under 16 years";"L Real estate activities";218;98;103;177;67
"Total sex";"2022";"Employees, not specified";"Under 16 years";"MA Consultancy etc.";94;47;62;71;28
"Total sex";"2022";"Employees, not specified";"Under 16 years";"MB Scientific research and development";1;0;2;0;0
"Total sex";"2022";"Employees, not specified";"Under 16 years";"MC Advertising and other business services";62;23;30;46;14
"Total sex";"2022";"Employees, not specified";"Under 16 years";"N Travel agent, cleaning, and other operationel services";159;61;81;109;30
"Total sex";"2022";"Employees, not specified";"Under 16 years";"O Public administration, defence and compulsory social security";13;5;2;2;0
"Total sex";"2022";"Employees, not specified";"Under 16 years";"P Education";130;83;73;54;30
"Total sex";"2022";"Employees, not specified";"Under 16 years";"QA Human health activities";90;47;86;99;37
"Total sex";"2022";"Employees, not specified";"Under 16 years";"QB Residential care";27;36;60;103;10
"Total sex";"2022";"Employees, not specified";"Under 16 years";"R Arts, entertainment and recreation activities";1000;298;297;474;139
"Total sex";"2022";"Employees, not specified";"Under 16 years";"S Other service activities etc.";220;88;122;121;41
"Total sex";"2022";"Employees, not specified";"Under 16 years";"X Activity not stated";0;0;0;0;0
"Total sex";"2022";"Employees, not specified";"16-19 years";"A Agriculture, forestry and fishing";57;163;506;467;344
"Total sex";"2022";"Employees, not specified";"16-19 years";"B Mining and quarrying";0;0;0;0;0
"Total sex";"2022";"Employees, not specified";"16-19 years";"CA Manufacture of food products, beverages and tobacco";149;47;128;82;34
"Total sex";"2022";"Employees, not specified";"16-19 years";"CB Textiles and leather products";5;5;4;4;0
"Total sex";"2022";"Employees, not specified";"16-19 years";"CC Wood and paper products and printing";7;1;10;10;6
"Total sex";"2022";"Employees, not specified";"16-19 years";"CD Oil refinery etc.";0;0;0;0;0
"Total sex";"2022";"Employees, not specified";"16-19 years";"CE Manufacture of chemicals";3;0;2;0;0
"Total sex";"2022";"Employees, not specified";"16-19 years";"CF Pharmaceuticals";3;0;0;0;0
"Total sex";"2022";"Employees, not specified";"16-19 years";"CG Manufacture of plastic, glass and concrete";23;4;11;13;2
"Total sex";"2022";"Employees, not specified";"16-19 years";"CH Basic metals and fabricated metal products";8;7;24;23;17
"Total sex";"2022";"Employees, not specified";"16-19 years";"CI Manufacture of electronic components";9;1;2;9;0
"Total sex";"2022";"Employees, not specified";"16-19 years";"CJ Electrical equipment";2;0;2;1;2
"Total sex";"2022";"Employees, not specified";"16-19 years";"CK Manufacture of machinery";1;5;12;9;4
"Total sex";"2022";"Employees, not specified";"16-19 years";"CL Transport equipment";1;0;4;2;0
"Total sex";"2022";"Employees, not specified";"16-19 years";"CM Manufacture of funiture and other manufacturing";34;12;33;34;11
"Total sex";"2022";"Employees, not specified";"16-19 years";"D Electricity, gas, steam and air conditioning supply";5;1;0;3;1
"Total sex";"2022";"Employees, not specified";"16-19 years";"E Water supply, sewerage and waste management";3;8;3;4;0
"Total sex";"2022";"Employees, not specified";"16-19 years";"F Construction";115;109;101;111;46
"Total sex";"2022";"Employees, not specified";"16-19 years";"G Wholesale and retail trade";1073;684;1037;1201;582
"Total sex";"2022";"Employees, not specified";"16-19 years";"H Transportation";222;164;282;259;19
"Total sex";"2022";"Employees, not specified";"16-19 years";"I Accommodation and food service activities";1814;865;1170;1258;596
"Total sex";"2022";"Employees, not specified";"16-19 years";"JA Publishing, television and radio broadcasting";89;23;34;20;22
"Total sex";"2022";"Employees, not specified";"16-19 years";"JB Telecommunications";3;2;1;0;0
"Total sex";"2022";"Employees, not specified";"16-19 years";"JC IT and information service activities";70;22;16;33;18
"Total sex";"2022";"Employees, not specified";"16-19 years";"K Financial and insurance";29;8;35;26;12
"Total sex";"2022";"Employees, not specified";"16-19 years";"L Real estate activities";122;48;62;80;48
"Total sex";"2022";"Employees, not specified";"16-19 years";"MA Consultancy etc.";125;36;43;60;36
"Total sex";"2022";"Employees, not specified";"16-19 years";"MB Scientific research and development";7;0;0;2;1
"Total sex";"2022";"Employees, not specified";"16-19 years";"MC Advertising and other business services";64;37;26;50;18
"Total sex";"2022";"Employees, not specified";"16-19 years";"N Travel agent, cleaning, and other operationel services";216;94;147;143;51
"Total sex";"2022";"Employees, not specified";"16-19 years";"O Public administration, defence and compulsory social security";14;14;6;7;4
"Total sex";"2022";"Employees, not specified";"16-19 years";"P Education";147;54;80;70;23
"Total sex";"2022";"Employees, not specified";"16-19 years";"QA Human health activities";123;58;95;116;34
"Total sex";"2022";"Employees, not specified";"16-19 years";"QB Residential care";40;32;32;41;25
"Total sex";"2022";"Employees, not specified";"16-19 years";"R Arts, entertainment and recreation activities";742;262;288;408;111
"Total sex";"2022";"Employees, not specified";"16-19 years";"S Other service activities etc.";194;59;87;92;20
"Total sex";"2022";"Employees, not specified";"16-19 years";"X Activity not stated";0;0;0;0;0
"Total sex";"2022";"Employees, not specified";"20-24 years";"A Agriculture, forestry and fishing";68;256;931;859;506
"Total sex";"2022";"Employees, not specified";"20-24 years";"B Mining and quarrying";1;2;1;1;1
"Total sex";"2022";"Employees, not specified";"20-24 years";"CA Manufacture of food products, beverages and tobacco";70;12;26;34;22
"Total sex";"2022";"Employees, not specified";"20-24 years";"CB Textiles and leather products";15;1;0;3;1
"Total sex";"2022";"Employees, not specified";"20-24 years";"CC Wood and paper products and printing";12;3;12;11;3
"Total sex";"2022";"Employees, not specified";"20-24 years";"CD Oil refinery etc.";0;0;0;0;0
"Total sex";"2022";"Employees, not specified";"20-24 years";"CE Manufacture of chemicals";5;1;2;0;2
"Total sex";"2022";"Employees, not specified";"20-24 years";"CF Pharmaceuticals";8;0;0;0;0
"Total sex";"2022";"Employees, not specified";"20-24 years";"CG Manufacture of plastic, glass and concrete";14;3;12;7;1
"Total sex";"2022";"Employees, not specified";"20-24 years";"CH Basic metals and fabricated metal products";14;3;17;15;7
"Total sex";"2022";"Employees, not specified";"20-24 years";"CI Manufacture of electronic components";14;4;2;6;1
"Total sex";"2022";"Employees, not specified";"20-24 years";"CJ Electrical equipment";4;1;1;1;1
"Total sex";"2022";"Employees, not specified";"20-24 years";"CK Manufacture of machinery";7;4;25;10;6
"Total sex";"2022";"Employees, not specified";"20-24 years";"CL Transport equipment";2;1;6;1;1
"Total sex";"2022";"Employees, not specified";"20-24 years";"CM Manufacture of funiture and other manufacturing";29;17;20;23;7
"Total sex";"2022";"Employees, not specified";"20-24 years";"D Electricity, gas, steam and air conditioning supply";7;4;1;8;3
"Total sex";"2022";"Employees, not specified";"20-24 years";"E Water supply, sewerage and waste management";10;10;2;2;1
"Total sex";"2022";"Employees, not specified";"20-24 years";"F Construction";297;173;104;160;75
"Total sex";"2022";"Employees, not specified";"20-24 years";"G Wholesale and retail trade";805;271;438;592;213
"Total sex";"2022";"Employees, not specified";"20-24 years";"H Transportation";348;87;134;119;20
"Total sex";"2022";"Employees, not specified";"20-24 years";"I Accommodation and food service activities";1464;312;560;677;313
"Total sex";"2022";"Employees, not specified";"20-24 years";"JA Publishing, television and radio broadcasting";127;9;27;24;9
"Total sex";"2022";"Employees, not specified";"20-24 years";"JB Telecommunications";13;0;1;7;5
"Total sex";"2022";"Employees, not specified";"20-24 years";"JC IT and information service activities";204;31;33;55;16
"Total sex";"2022";"Employees, not specified";"20-24 years";"K Financial and insurance";99;6;15;22;11
"Total sex";"2022";"Employees, not specified";"20-24 years";"L Real estate activities";111;46;50;77;28
"Total sex";"2022";"Employees, not specified";"20-24 years";"MA Consultancy etc.";269;36;47;43;14
"Total sex";"2022";"Employees, not specified";"20-24 years";"MB Scientific research and development";26;2;2;0;3
"Total sex";"2022";"Employees, not specified";"20-24 years";"MC Advertising and other business services";149;18;37;54;17
"Total sex";"2022";"Employees, not specified";"20-24 years";"N Travel agent, cleaning, and other operationel services";508;152;185;229;81
"Total sex";"2022";"Employees, not specified";"20-24 years";"O Public administration, defence and compulsory social security";127;25;16;13;4
"Total sex";"2022";"Employees, not specified";"20-24 years";"P Education";82;22;34;32;17
"Total sex";"2022";"Employees, not specified";"20-24 years";"QA Human health activities";114;19;18;51;11
"Total sex";"2022";"Employees, not specified";"20-24 years";"QB Residential care";120;83;73;53;19
"Total sex";"2022";"Employees, not specified";"20-24 years";"R Arts, entertainment and recreation activities";196;41;104;121;55
"Total sex";"2022";"Employees, not specified";"20-24 years";"S Other service activities etc.";231;41;71;63;13
"Total sex";"2022";"Employees, not specified";"20-24 years";"X Activity not stated";0;0;0;0;0
"Total sex";"2022";"Employees, not specified";"25-29 years";"A Agriculture, forestry and fishing";113;397;1468;1250;819
"Total sex";"2022";"Employees, not specified";"25-29 years";"B Mining and quarrying";5;2;3;2;0
"Total sex";"2022";"Employees, not specified";"25-29 years";"CA Manufacture of food products, beverages and tobacco";77;23;35;28;17
"Total sex";"2022";"Employees, not specified";"25-29 years";"CB Textiles and leather products";30;3;1;10;2
"Total sex";"2022";"Employees, not specified";"25-29 years";"CC Wood and paper products and printing";14;5;17;18;13
"Total sex";"2022";"Employees, not specified";"25-29 years";"CD Oil refinery etc.";0;0;0;0;0
"Total sex";"2022";"Employees, not specified";"25-29 years";"CE Manufacture of chemicals";2;3;5;3;5
"Total sex";"2022";"Employees, not specified";"25-29 years";"CF Pharmaceuticals";27;3;4;0;0
"Total sex";"2022";"Employees, not specified";"25-29 years";"CG Manufacture of plastic, glass and concrete";15;7;16;11;5
"Total sex";"2022";"Employees, not specified";"25-29 years";"CH Basic metals and fabricated metal products";18;15;30;23;16
"Total sex";"2022";"Employees, not specified";"25-29 years";"CI Manufacture of electronic components";33;1;4;5;1
"Total sex";"2022";"Employees, not specified";"25-29 years";"CJ Electrical equipment";3;1;3;4;4
"Total sex";"2022";"Employees, not specified";"25-29 years";"CK Manufacture of machinery";13;6;28;26;8
"Total sex";"2022";"Employees, not specified";"25-29 years";"CL Transport equipment";7;0;2;6;12
"Total sex";"2022";"Employees, not specified";"25-29 years";"CM Manufacture of funiture and other manufacturing";50;12;36;45;9
"Total sex";"2022";"Employees, not specified";"25-29 years";"D Electricity, gas, steam and air conditioning supply";12;1;8;11;5
"Total sex";"2022";"Employees, not specified";"25-29 years";"E Water supply, sewerage and waste management";10;5;6;6;2
"Total sex";"2022";"Employees, not specified";"25-29 years";"F Construction";429;246;200;268;104
"Total sex";"2022";"Employees, not specified";"25-29 years";"G Wholesale and retail trade";964;313;497;646;250
"Total sex";"2022";"Employees, not specified";"25-29 years";"H Transportation";458;120;213;153;47
"Total sex";"2022";"Employees, not specified";"25-29 years";"I Accommodation and food service activities";1307;245;351;434;198
"Total sex";"2022";"Employees, not specified";"25-29 years";"JA Publishing, television and radio broadcasting";295;11;34;75;11
"Total sex";"2022";"Employees, not specified";"25-29 years";"JB Telecommunications";6;0;2;5;0
"Total sex";"2022";"Employees, not specified";"25-29 years";"JC IT and information service activities";464;31;85;130;63
"Total sex";"2022";"Employees, not specified";"25-29 years";"K Financial and insurance";119;10;30;17;7
"Total sex";"2022";"Employees, not specified";"25-29 years";"L Real estate activities";227;74;151;134;81
"Total sex";"2022";"Employees, not specified";"25-29 years";"MA Consultancy etc.";356;49;71;91;35
"Total sex";"2022";"Employees, not specified";"25-29 years";"MB Scientific research and development";40;1;2;2;1
"Total sex";"2022";"Employees, not specified";"25-29 years";"MC Advertising and other business services";299;50;58;117;28
"Total sex";"2022";"Employees, not specified";"25-29 years";"N Travel agent, cleaning, and other operationel services";674;186;234;278;96
"Total sex";"2022";"Employees, not specified";"25-29 years";"O Public administration, defence and compulsory social security";381;10;15;11;5
"Total sex";"2022";"Employees, not specified";"25-29 years";"P Education";108;32;34;41;16
"Total sex";"2022";"Employees, not specified";"25-29 years";"QA Human health activities";100;12;26;48;7
"Total sex";"2022";"Employees, not specified";"25-29 years";"QB Residential care";138;110;75;65;29
"Total sex";"2022";"Employees, not specified";"25-29 years";"R Arts, entertainment and recreation activities";184;41;107;104;36
"Total sex";"2022";"Employees, not specified";"25-29 years";"S Other service activities etc.";257;57;83;101;32
"Total sex";"2022";"Employees, not specified";"25-29 years";"X Activity not stated";0;0;0;0;0
"Total sex";"2022";"Employees, not specified";"30-34 years";"A Agriculture, forestry and fishing";111;305;1240;1103;718
"Total sex";"2022";"Employees, not specified";"30-34 years";"B Mining and quarrying";4;0;1;1;1
"Total sex";"2022";"Employees, not specified";"30-34 years";"CA Manufacture of food products, beverages and tobacco";92;28;32;56;27
"Total sex";"2022";"Employees, not specified";"30-34 years";"CB Textiles and leather products";35;4;5;17;6
"Total sex";"2022";"Employees, not specified";"30-34 years";"CC Wood and paper products and printing";23;7;13;30;7
"Total sex";"2022";"Employees, not specified";"30-34 years";"CD Oil refinery etc.";0;0;0;0;0
"Total sex";"2022";"Employees, not specified";"30-34 years";"CE Manufacture of chemicals";3;1;1;0;3
"Total sex";"2022";"Employees, not specified";"30-34 years";"CF Pharmaceuticals";20;3;0;0;0
"Total sex";"2022";"Employees, not specified";"30-34 years";"CG Manufacture of plastic, glass and concrete";19;10;14;12;5
"Total sex";"2022";"Employees, not specified";"30-34 years";"CH Basic metals and fabricated metal products";32;16;57;38;15
"Total sex";"2022";"Employees, not specified";"30-34 years";"CI Manufacture of electronic components";21;2;6;5;1
"Total sex";"2022";"Employees, not specified";"30-34 years";"CJ Electrical equipment";13;9;4;13;6
"Total sex";"2022";"Employees, not specified";"30-34 years";"CK Manufacture of machinery";20;6;31;25;15
"Total sex";"2022";"Employees, not specified";"30-34 years";"CL Transport equipment";7;1;4;4;8
"Total sex";"2022";"Employees, not specified";"30-34 years";"CM Manufacture of funiture and other manufacturing";73;25;58;43;26
"Total sex";"2022";"Employees, not specified";"30-34 years";"D Electricity, gas, steam and air conditioning supply";6;4;3;15;8
"Total sex";"2022";"Employees, not specified";"30-34 years";"E Water supply, sewerage and waste management";15;14;14;7;0
"Total sex";"2022";"Employees, not specified";"30-34 years";"F Construction";622;318;266;304;124
"Total sex";"2022";"Employees, not specified";"30-34 years";"G Wholesale and retail trade";1118;352;609;699;272
"Total sex";"2022";"Employees, not specified";"30-34 years";"H Transportation";524;181;233;221;58
"Total sex";"2022";"Employees, not specified";"30-34 years";"I Accommodation and food service activities";1182;250;386;361;171
"Total sex";"2022";"Employees, not specified";"30-34 years";"JA Publishing, television and radio broadcasting";372;21;23;51;7
"Total sex";"2022";"Employees, not specified";"30-34 years";"JB Telecommunications";12;3;1;1;1
"Total sex";"2022";"Employees, not specified";"30-34 years";"JC IT and information service activities";585;38;83;154;53
"Total sex";"2022";"Employees, not specified";"30-34 years";"K Financial and insurance";155;12;27;43;15
"Total sex";"2022";"Employees, not specified";"30-34 years";"L Real estate activities";215;78;142;146;68
"Total sex";"2022";"Employees, not specified";"30-34 years";"MA Consultancy etc.";383;56;91;104;26
"Total sex";"2022";"Employees, not specified";"30-34 years";"MB Scientific research and development";26;3;4;5;2
"Total sex";"2022";"Employees, not specified";"30-34 years";"MC Advertising and other business services";314;44;84;140;39
"Total sex";"2022";"Employees, not specified";"30-34 years";"N Travel agent, cleaning, and other operationel services";709;259;295;338;125
"Total sex";"2022";"Employees, not specified";"30-34 years";"O Public administration, defence and compulsory social security";133;42;24;29;11
"Total sex";"2022";"Employees, not specified";"30-34 years";"P Education";113;23;42;50;14
"Total sex";"2022";"Employees, not specified";"30-34 years";"QA Human health activities";91;28;43;49;13
"Total sex";"2022";"Employees, not specified";"30-34 years";"QB Residential care";155;131;99;103;46
"Total sex";"2022";"Employees, not specified";"30-34 years";"R Arts, entertainment and recreation activities";207;41;87;116;47
"Total sex";"2022";"Employees, not specified";"30-34 years";"S Other service activities etc.";350;84;100;132;34
"Total sex";"2022";"Employees, not specified";"30-34 years";"X Activity not stated";0;0;0;0;0
"Total sex";"2022";"Employees, not specified";"35-39 years";"A Agriculture, forestry and fishing";97;267;902;701;456
"Total sex";"2022";"Employees, not specified";"35-39 years";"B Mining and quarrying";1;0;6;1;1
"Total sex";"2022";"Employees, not specified";"35-39 years";"CA Manufacture of food products, beverages and tobacco";76;31;47;36;35
"Total sex";"2022";"Employees, not specified";"35-39 years";"CB Textiles and leather products";25;4;6;16;2
"Total sex";"2022";"Employees, not specified";"35-39 years";"CC Wood and paper products and printing";26;7;18;23;13
"Total sex";"2022";"Employees, not specified";"35-39 years";"CD Oil refinery etc.";1;0;0;0;0
"Total sex";"2022";"Employees, not specified";"35-39 years";"CE Manufacture of chemicals";7;0;4;2;3
"Total sex";"2022";"Employees, not specified";"35-39 years";"CF Pharmaceuticals";15;1;1;0;0
"Total sex";"2022";"Employees, not specified";"35-39 years";"CG Manufacture of plastic, glass and concrete";13;10;12;13;4
"Total sex";"2022";"Employees, not specified";"35-39 years";"CH Basic metals and fabricated metal products";19;14;56;50;29
"Total sex";"2022";"Employees, not specified";"35-39 years";"CI Manufacture of electronic components";21;5;4;4;3
"Total sex";"2022";"Employees, not specified";"35-39 years";"CJ Electrical equipment";15;5;2;12;7
"Total sex";"2022";"Employees, not specified";"35-39 years";"CK Manufacture of machinery";16;13;43;36;15
"Total sex";"2022";"Employees, not specified";"35-39 years";"CL Transport equipment";14;5;8;3;5
"Total sex";"2022";"Employees, not specified";"35-39 years";"CM Manufacture of funiture and other manufacturing";74;33;60;45;26
"Total sex";"2022";"Employees, not specified";"35-39 years";"D Electricity, gas, steam and air conditioning supply";14;2;7;12;10
"Total sex";"2022";"Employees, not specified";"35-39 years";"E Water supply, sewerage and waste management";21;10;13;10;3
"Total sex";"2022";"Employees, not specified";"35-39 years";"F Construction";650;340;288;318;146
"Total sex";"2022";"Employees, not specified";"35-39 years";"G Wholesale and retail trade";1021;384;662;799;312
"Total sex";"2022";"Employees, not specified";"35-39 years";"H Transportation";555;194;198;215;72
"Total sex";"2022";"Employees, not specified";"35-39 years";"I Accommodation and food service activities";1033;254;352;393;168
"Total sex";"2022";"Employees, not specified";"35-39 years";"JA Publishing, television and radio broadcasting";266;15;30;39;10
"Total sex";"2022";"Employees, not specified";"35-39 years";"JB Telecommunications";14;1;7;3;2
"Total sex";"2022";"Employees, not specified";"35-39 years";"JC IT and information service activities";502;56;96;171;60
"Total sex";"2022";"Employees, not specified";"35-39 years";"K Financial and insurance";142;17;32;43;16
"Total sex";"2022";"Employees, not specified";"35-39 years";"L Real estate activities";242;79;127;132;75
"Total sex";"2022";"Employees, not specified";"35-39 years";"MA Consultancy etc.";384;70;97;138;33
"Total sex";"2022";"Employees, not specified";"35-39 years";"MB Scientific research and development";32;3;3;5;1
"Total sex";"2022";"Employees, not specified";"35-39 years";"MC Advertising and other business services";276;51;75;119;42
"Total sex";"2022";"Employees, not specified";"35-39 years";"N Travel agent, cleaning, and other operationel services";681;243;282;336;133
"Total sex";"2022";"Employees, not specified";"35-39 years";"O Public administration, defence and compulsory social security";94;66;36;24;24
"Total sex";"2022";"Employees, not specified";"35-39 years";"P Education";92;28;39;40;30
"Total sex";"2022";"Employees, not specified";"35-39 years";"QA Human health activities";75;29;61;69;26
"Total sex";"2022";"Employees, not specified";"35-39 years";"QB Residential care";188;123;140;126;70
"Total sex";"2022";"Employees, not specified";"35-39 years";"R Arts, entertainment and recreation activities";185;53;99;128;44
"Total sex";"2022";"Employees, not specified";"35-39 years";"S Other service activities etc.";363;86;144;128;39
"Total sex";"2022";"Employees, not specified";"35-39 years";"X Activity not stated";0;0;0;0;0
"Total sex";"2022";"Employees, not specified";"40-44 years";"A Agriculture, forestry and fishing";68;215;628;476;312
"Total sex";"2022";"Employees, not specified";"40-44 years";"B Mining and quarrying";0;0;1;4;6
"Total sex";"2022";"Employees, not specified";"40-44 years";"CA Manufacture of food products, beverages and tobacco";52;28;33;34;19
"Total sex";"2022";"Employees, not specified";"40-44 years";"CB Textiles and leather products";33;3;14;17;6
"Total sex";"2022";"Employees, not specified";"40-44 years";"CC Wood and paper products and printing";33;10;22;26;10
"Total sex";"2022";"Employees, not specified";"40-44 years";"CD Oil refinery etc.";0;0;0;0;0
"Total sex";"2022";"Employees, not specified";"40-44 years";"CE Manufacture of chemicals";7;1;6;5;2
"Total sex";"2022";"Employees, not specified";"40-44 years";"CF Pharmaceuticals";19;3;1;0;0
"Total sex";"2022";"Employees, not specified";"40-44 years";"CG Manufacture of plastic, glass and concrete";17;12;17;16;6
"Total sex";"2022";"Employees, not specified";"40-44 years";"CH Basic metals and fabricated metal products";33;16;66;36;22
"Total sex";"2022";"Employees, not specified";"40-44 years";"CI Manufacture of electronic components";25;5;9;7;3
"Total sex";"2022";"Employees, not specified";"40-44 years";"CJ Electrical equipment";9;6;5;7;3
"Total sex";"2022";"Employees, not specified";"40-44 years";"CK Manufacture of machinery";25;11;37;30;14
"Total sex";"2022";"Employees, not specified";"40-44 years";"CL Transport equipment";7;5;6;4;4
"Total sex";"2022";"Employees, not specified";"40-44 years";"CM Manufacture of funiture and other manufacturing";65;26;67;54;30
"Total sex";"2022";"Employees, not specified";"40-44 years";"D Electricity, gas, steam and air conditioning supply";5;4;10;14;13
"Total sex";"2022";"Employees, not specified";"40-44 years";"E Water supply, sewerage and waste management";15;16;21;11;13
"Total sex";"2022";"Employees, not specified";"40-44 years";"F Construction";666;315;278;371;160
"Total sex";"2022";"Employees, not specified";"40-44 years";"G Wholesale and retail trade";1213;467;743;902;335
"Total sex";"2022";"Employees, not specified";"40-44 years";"H Transportation";600;148;227;228;72
"Total sex";"2022";"Employees, not specified";"40-44 years";"I Accommodation and food service activities";916;267;397;365;155
"Total sex";"2022";"Employees, not specified";"40-44 years";"JA Publishing, television and radio broadcasting";269;15;33;52;14
"Total sex";"2022";"Employees, not specified";"40-44 years";"JB Telecommunications";15;5;8;11;0
"Total sex";"2022";"Employees, not specified";"40-44 years";"JC IT and information service activities";440;62;100;148;68
"Total sex";"2022";"Employees, not specified";"40-44 years";"K Financial and insurance";179;21;53;71;28
"Total sex";"2022";"Employees, not specified";"40-44 years";"L Real estate activities";249;80;157;128;68
"Total sex";"2022";"Employees, not specified";"40-44 years";"MA Consultancy etc.";411;90;140;157;56
"Total sex";"2022";"Employees, not specified";"40-44 years";"MB Scientific research and development";17;2;3;7;1
"Total sex";"2022";"Employees, not specified";"40-44 years";"MC Advertising and other business services";275;53;89;134;33
"Total sex";"2022";"Employees, not specified";"40-44 years";"N Travel agent, cleaning, and other operationel services";665;262;269;373;132
"Total sex";"2022";"Employees, not specified";"40-44 years";"O Public administration, defence and compulsory social security";86;83;43;47;24
"Total sex";"2022";"Employees, not specified";"40-44 years";"P Education";127;38;52;58;23
"Total sex";"2022";"Employees, not specified";"40-44 years";"QA Human health activities";131;47;110;105;50
"Total sex";"2022";"Employees, not specified";"40-44 years";"QB Residential care";220;125;142;137;74
"Total sex";"2022";"Employees, not specified";"40-44 years";"R Arts, entertainment and recreation activities";200;64;130;141;69
"Total sex";"2022";"Employees, not specified";"40-44 years";"S Other service activities etc.";356;88;126;164;52
"Total sex";"2022";"Employees, not specified";"40-44 years";"X Activity not stated";0;0;0;0;0
"Total sex";"2022";"Employees, not specified";"45-49 years";"A Agriculture, forestry and fishing";84;199;556;456;284
"Total sex";"2022";"Employees, not specified";"45-49 years";"B Mining and quarrying";5;2;4;6;4
"Total sex";"2022";"Employees, not specified";"45-49 years";"CA Manufacture of food products, beverages and tobacco";64;25;46;37;39
"Total sex";"2022";"Employees, not specified";"45-49 years";"CB Textiles and leather products";32;6;10;27;7
"Total sex";"2022";"Employees, not specified";"45-49 years";"CC Wood and paper products and printing";34;19;25;31;11
"Total sex";"2022";"Employees, not specified";"45-49 years";"CD Oil refinery etc.";0;0;0;0;0
"Total sex";"2022";"Employees, not specified";"45-49 years";"CE Manufacture of chemicals";11;5;6;8;2
"Total sex";"2022";"Employees, not specified";"45-49 years";"CF Pharmaceuticals";19;4;3;3;0
"Total sex";"2022";"Employees, not specified";"45-49 years";"CG Manufacture of plastic, glass and concrete";19;13;25;26;8
"Total sex";"2022";"Employees, not specified";"45-49 years";"CH Basic metals and fabricated metal products";37;40;89;65;27
"Total sex";"2022";"Employees, not specified";"45-49 years";"CI Manufacture of electronic components";28;7;10;19;6
"Total sex";"2022";"Employees, not specified";"45-49 years";"CJ Electrical equipment";15;13;9;11;8
"Total sex";"2022";"Employees, not specified";"45-49 years";"CK Manufacture of machinery";20;20;56;51;15
"Total sex";"2022";"Employees, not specified";"45-49 years";"CL Transport equipment";7;5;11;7;4
"Total sex";"2022";"Employees, not specified";"45-49 years";"CM Manufacture of funiture and other manufacturing";75;39;85;58;43
"Total sex";"2022";"Employees, not specified";"45-49 years";"D Electricity, gas, steam and air conditioning supply";11;4;11;29;15
"Total sex";"2022";"Employees, not specified";"45-49 years";"E Water supply, sewerage and waste management";17;15;22;13;4
"Total sex";"2022";"Employees, not specified";"45-49 years";"F Construction";619;373;336;354;147
"Total sex";"2022";"Employees, not specified";"45-49 years";"G Wholesale and retail trade";1391;575;984;1155;426
"Total sex";"2022";"Employees, not specified";"45-49 years";"H Transportation";581;154;221;259;91
"Total sex";"2022";"Employees, not specified";"45-49 years";"I Accommodation and food service activities";849;300;423;423;184
"Total sex";"2022";"Employees, not specified";"45-49 years";"JA Publishing, television and radio broadcasting";282;15;34;46;13
"Total sex";"2022";"Employees, not specified";"45-49 years";"JB Telecommunications";21;2;7;8;7
"Total sex";"2022";"Employees, not specified";"45-49 years";"JC IT and information service activities";496;100;111;129;48
"Total sex";"2022";"Employees, not specified";"45-49 years";"K Financial and insurance";228;35;91;100;20
"Total sex";"2022";"Employees, not specified";"45-49 years";"L Real estate activities";255;102;189;192;80
"Total sex";"2022";"Employees, not specified";"45-49 years";"MA Consultancy etc.";504;117;168;200;62
"Total sex";"2022";"Employees, not specified";"45-49 years";"MB Scientific research and development";32;2;2;7;1
"Total sex";"2022";"Employees, not specified";"45-49 years";"MC Advertising and other business services";347;82;91;172;35
"Total sex";"2022";"Employees, not specified";"45-49 years";"N Travel agent, cleaning, and other operationel services";742;256;321;406;140
"Total sex";"2022";"Employees, not specified";"45-49 years";"O Public administration, defence and compulsory social security";90;61;40;43;27
"Total sex";"2022";"Employees, not specified";"45-49 years";"P Education";157;80;66;66;29
"Total sex";"2022";"Employees, not specified";"45-49 years";"QA Human health activities";182;78;137;124;36
"Total sex";"2022";"Employees, not specified";"45-49 years";"QB Residential care";223;148;168;180;91
"Total sex";"2022";"Employees, not specified";"45-49 years";"R Arts, entertainment and recreation activities";221;97;159;171;62
"Total sex";"2022";"Employees, not specified";"45-49 years";"S Other service activities etc.";375;82;162;168;56
"Total sex";"2022";"Employees, not specified";"45-49 years";"X Activity not stated";0;0;0;0;0
"Total sex";"2022";"Employees, not specified";"50-54 years";"A Agriculture, forestry and fishing";71;245;554;423;263
"Total sex";"2022";"Employees, not specified";"50-54 years";"B Mining and quarrying";7;3;9;6;2
"Total sex";"2022";"Employees, not specified";"50-54 years";"CA Manufacture of food products, beverages and tobacco";60;30;52;30;28
"Total sex";"2022";"Employees, not specified";"50-54 years";"CB Textiles and leather products";34;7;20;23;8
"Total sex";"2022";"Employees, not specified";"50-54 years";"CC Wood and paper products and printing";28;13;26;39;5
"Total sex";"2022";"Employees, not specified";"50-54 years";"CD Oil refinery etc.";1;0;0;0;0
"Total sex";"2022";"Employees, not specified";"50-54 years";"CE Manufacture of chemicals";9;9;8;5;1
"Total sex";"2022";"Employees, not specified";"50-54 years";"CF Pharmaceuticals";17;3;0;2;0
"Total sex";"2022";"Employees, not specified";"50-54 years";"CG Manufacture of plastic, glass and concrete";38;25;42;33;13
"Total sex";"2022";"Employees, not specified";"50-54 years";"CH Basic metals and fabricated metal products";49;39;81;72;31
"Total sex";"2022";"Employees, not specified";"50-54 years";"CI Manufacture of electronic components";45;7;13;9;5
"Total sex";"2022";"Employees, not specified";"50-54 years";"CJ Electrical equipment";13;9;11;10;3
"Total sex";"2022";"Employees, not specified";"50-54 years";"CK Manufacture of machinery";28;29;61;52;14
"Total sex";"2022";"Employees, not specified";"50-54 years";"CL Transport equipment";5;3;11;6;7
"Total sex";"2022";"Employees, not specified";"50-54 years";"CM Manufacture of funiture and other manufacturing";85;35;101;84;33
"Total sex";"2022";"Employees, not specified";"50-54 years";"D Electricity, gas, steam and air conditioning supply";7;10;29;28;21
"Total sex";"2022";"Employees, not specified";"50-54 years";"E Water supply, sewerage and waste management";12;17;18;19;12
"Total sex";"2022";"Employees, not specified";"50-54 years";"F Construction";503;356;311;335;142
"Total sex";"2022";"Employees, not specified";"50-54 years";"G Wholesale and retail trade";1485;688;1132;1132;443
"Total sex";"2022";"Employees, not specified";"50-54 years";"H Transportation";588;179;242;233;88
"Total sex";"2022";"Employees, not specified";"50-54 years";"I Accommodation and food service activities";773;301;357;361;202
"Total sex";"2022";"Employees, not specified";"50-54 years";"JA Publishing, television and radio broadcasting";191;20;38;54;9
"Total sex";"2022";"Employees, not specified";"50-54 years";"JB Telecommunications";21;5;14;17;1
"Total sex";"2022";"Employees, not specified";"50-54 years";"JC IT and information service activities";457;81;107;134;45
"Total sex";"2022";"Employees, not specified";"50-54 years";"K Financial and insurance";296;36;108;111;39
"Total sex";"2022";"Employees, not specified";"50-54 years";"L Real estate activities";324;121;205;235;75
"Total sex";"2022";"Employees, not specified";"50-54 years";"MA Consultancy etc.";546;143;188;239;80
"Total sex";"2022";"Employees, not specified";"50-54 years";"MB Scientific research and development";27;2;7;3;5
"Total sex";"2022";"Employees, not specified";"50-54 years";"MC Advertising and other business services";314;63;89;147;28
"Total sex";"2022";"Employees, not specified";"50-54 years";"N Travel agent, cleaning, and other operationel services";671;297;306;377;124
"Total sex";"2022";"Employees, not specified";"50-54 years";"O Public administration, defence and compulsory social security";76;40;30;28;16
"Total sex";"2022";"Employees, not specified";"50-54 years";"P Education";128;54;84;71;45
"Total sex";"2022";"Employees, not specified";"50-54 years";"QA Human health activities";198;98;153;138;49
"Total sex";"2022";"Employees, not specified";"50-54 years";"QB Residential care";231;131;166;175;92
"Total sex";"2022";"Employees, not specified";"50-54 years";"R Arts, entertainment and recreation activities";183;83;170;171;71
"Total sex";"2022";"Employees, not specified";"50-54 years";"S Other service activities etc.";354;97;183;174;64
"Total sex";"2022";"Employees, not specified";"50-54 years";"X Activity not stated";0;0;0;0;0
"Total sex";"2022";"Employees, not specified";"55-59 years";"A Agriculture, forestry and fishing";71;218;536;469;283
"Total sex";"2022";"Employees, not specified";"55-59 years";"B Mining and quarrying";2;2;5;6;4
"Total sex";"2022";"Employees, not specified";"55-59 years";"CA Manufacture of food products, beverages and tobacco";42;34;52;33;26
"Total sex";"2022";"Employees, not specified";"55-59 years";"CB Textiles and leather products";20;17;16;29;4
"Total sex";"2022";"Employees, not specified";"55-59 years";"CC Wood and paper products and printing";43;23;26;52;16
"Total sex";"2022";"Employees, not specified";"55-59 years";"CD Oil refinery etc.";0;0;0;0;0
"Total sex";"2022";"Employees, not specified";"55-59 years";"CE Manufacture of chemicals";9;5;14;5;3
"Total sex";"2022";"Employees, not specified";"55-59 years";"CF Pharmaceuticals";11;3;0;2;1
"Total sex";"2022";"Employees, not specified";"55-59 years";"CG Manufacture of plastic, glass and concrete";24;27;31;31;12
"Total sex";"2022";"Employees, not specified";"55-59 years";"CH Basic metals and fabricated metal products";53;51;92;77;24
"Total sex";"2022";"Employees, not specified";"55-59 years";"CI Manufacture of electronic components";27;17;16;19;2
"Total sex";"2022";"Employees, not specified";"55-59 years";"CJ Electrical equipment";12;10;14;11;6
"Total sex";"2022";"Employees, not specified";"55-59 years";"CK Manufacture of machinery";38;19;66;48;19
"Total sex";"2022";"Employees, not specified";"55-59 years";"CL Transport equipment";9;4;21;7;9
"Total sex";"2022";"Employees, not specified";"55-59 years";"CM Manufacture of funiture and other manufacturing";79;38;109;75;41
"Total sex";"2022";"Employees, not specified";"55-59 years";"D Electricity, gas, steam and air conditioning supply";9;16;29;40;24
"Total sex";"2022";"Employees, not specified";"55-59 years";"E Water supply, sewerage and waste management";19;30;37;22;9
"Total sex";"2022";"Employees, not specified";"55-59 years";"F Construction";434;317;255;303;142
"Total sex";"2022";"Employees, not specified";"55-59 years";"G Wholesale and retail trade";1506;725;1195;1109;443
"Total sex";"2022";"Employees, not specified";"55-59 years";"H Transportation";529;184;282;261;116
"Total sex";"2022";"Employees, not specified";"55-59 years";"I Accommodation and food service activities";597;264;346;363;174
"Total sex";"2022";"Employees, not specified";"55-59 years";"JA Publishing, television and radio broadcasting";160;24;20;40;9
"Total sex";"2022";"Employees, not specified";"55-59 years";"JB Telecommunications";25;5;4;9;2
"Total sex";"2022";"Employees, not specified";"55-59 years";"JC IT and information service activities";371;68;86;107;43
"Total sex";"2022";"Employees, not specified";"55-59 years";"K Financial and insurance";338;74;147;146;52
"Total sex";"2022";"Employees, not specified";"55-59 years";"L Real estate activities";377;130;267;229;91
"Total sex";"2022";"Employees, not specified";"55-59 years";"MA Consultancy etc.";591;175;246;259;81
"Total sex";"2022";"Employees, not specified";"55-59 years";"MB Scientific research and development";21;4;8;7;2
"Total sex";"2022";"Employees, not specified";"55-59 years";"MC Advertising and other business services";226;58;112;122;31
"Total sex";"2022";"Employees, not specified";"55-59 years";"N Travel agent, cleaning, and other operationel services";580;294;334;349;113
"Total sex";"2022";"Employees, not specified";"55-59 years";"O Public administration, defence and compulsory social security";67;36;30;43;33
"Total sex";"2022";"Employees, not specified";"55-59 years";"P Education";137;94;85;76;41
"Total sex";"2022";"Employees, not specified";"55-59 years";"QA Human health activities";202;96;119;150;54
"Total sex";"2022";"Employees, not specified";"55-59 years";"QB Residential care";206;129;218;200;106
"Total sex";"2022";"Employees, not specified";"55-59 years";"R Arts, entertainment and recreation activities";202;105;199;194;93
"Total sex";"2022";"Employees, not specified";"55-59 years";"S Other service activities etc.";417;107;196;163;65
"Total sex";"2022";"Employees, not specified";"55-59 years";"X Activity not stated";0;0;0;0;0
"Total sex";"2022";"Employees, not specified";"60-64 years";"A Agriculture, forestry and fishing";72;196;420;325;242
"Total sex";"2022";"Employees, not specified";"60-64 years";"B Mining and quarrying";0;2;3;3;2
"Total sex";"2022";"Employees, not specified";"60-64 years";"CA Manufacture of food products, beverages and tobacco";34;20;41;26;20
"Total sex";"2022";"Employees, not specified";"60-64 years";"CB Textiles and leather products";13;10;11;22;8
"Total sex";"2022";"Employees, not specified";"60-64 years";"CC Wood and paper products and printing";24;13;19;31;10
"Total sex";"2022";"Employees, not specified";"60-64 years";"CD Oil refinery etc.";0;0;0;0;0
"Total sex";"2022";"Employees, not specified";"60-64 years";"CE Manufacture of chemicals";4;5;8;2;2
"Total sex";"2022";"Employees, not specified";"60-64 years";"CF Pharmaceuticals";8;2;1;0;0
"Total sex";"2022";"Employees, not specified";"60-64 years";"CG Manufacture of plastic, glass and concrete";13;22;17;27;5
"Total sex";"2022";"Employees, not specified";"60-64 years";"CH Basic metals and fabricated metal products";44;28;62;53;16
"Total sex";"2022";"Employees, not specified";"60-64 years";"CI Manufacture of electronic components";27;16;18;18;5
"Total sex";"2022";"Employees, not specified";"60-64 years";"CJ Electrical equipment";12;12;12;9;4
"Total sex";"2022";"Employees, not specified";"60-64 years";"CK Manufacture of machinery";20;10;32;38;13
"Total sex";"2022";"Employees, not specified";"60-64 years";"CL Transport equipment";2;0;16;10;8
"Total sex";"2022";"Employees, not specified";"60-64 years";"CM Manufacture of funiture and other manufacturing";53;40;73;49;37
"Total sex";"2022";"Employees, not specified";"60-64 years";"D Electricity, gas, steam and air conditioning supply";9;12;21;22;17
"Total sex";"2022";"Employees, not specified";"60-64 years";"E Water supply, sewerage and waste management";14;17;37;17;14
"Total sex";"2022";"Employees, not specified";"60-64 years";"F Construction";263;180;199;182;110
"Total sex";"2022";"Employees, not specified";"60-64 years";"G Wholesale and retail trade";938;468;749;785;325
"Total sex";"2022";"Employees, not specified";"60-64 years";"H Transportation";361;136;219;186;71
"Total sex";"2022";"Employees, not specified";"60-64 years";"I Accommodation and food service activities";393;185;238;250;120
"Total sex";"2022";"Employees, not specified";"60-64 years";"JA Publishing, television and radio broadcasting";95;12;20;30;13
"Total sex";"2022";"Employees, not specified";"60-64 years";"JB Telecommunications";10;7;9;12;2
"Total sex";"2022";"Employees, not specified";"60-64 years";"JC IT and information service activities";230;43;57;68;17
"Total sex";"2022";"Employees, not specified";"60-64 years";"K Financial and insurance";261;59;127;148;60
"Total sex";"2022";"Employees, not specified";"60-64 years";"L Real estate activities";351;131;240;211;102
"Total sex";"2022";"Employees, not specified";"60-64 years";"MA Consultancy etc.";407;129;167;193;57
"Total sex";"2022";"Employees, not specified";"60-64 years";"MB Scientific research and development";15;2;5;10;0
"Total sex";"2022";"Employees, not specified";"60-64 years";"MC Advertising and other business services";148;50;64;77;13
"Total sex";"2022";"Employees, not specified";"60-64 years";"N Travel agent, cleaning, and other operationel services";389;211;253;236;89
"Total sex";"2022";"Employees, not specified";"60-64 years";"O Public administration, defence and compulsory social security";64;23;22;30;13
"Total sex";"2022";"Employees, not specified";"60-64 years";"P Education";97;59;78;67;34
"Total sex";"2022";"Employees, not specified";"60-64 years";"QA Human health activities";172;60;101;110;33
"Total sex";"2022";"Employees, not specified";"60-64 years";"QB Residential care";156;106;161;133;68
"Total sex";"2022";"Employees, not specified";"60-64 years";"R Arts, entertainment and recreation activities";148;86;133;151;75
"Total sex";"2022";"Employees, not specified";"60-64 years";"S Other service activities etc.";317;84;134;131;58
"Total sex";"2022";"Employees, not specified";"60-64 years";"X Activity not stated";0;0;0;0;0
"Total sex";"2022";"Employees, not specified";"65-66 years";"A Agriculture, forestry and fishing";19;48;99;101;40
"Total sex";"2022";"Employees, not specified";"65-66 years";"B Mining and quarrying";0;3;0;0;2
"Total sex";"2022";"Employees, not specified";"65-66 years";"CA Manufacture of food products, beverages and tobacco";8;3;11;10;10
"Total sex";"2022";"Employees, not specified";"65-66 years";"CB Textiles and leather products";0;1;7;8;1
"Total sex";"2022";"Employees, not specified";"65-66 years";"CC Wood and paper products and printing";9;6;7;7;3
"Total sex";"2022";"Employees, not specified";"65-66 years";"CD Oil refinery etc.";0;0;0;0;1
"Total sex";"2022";"Employees, not specified";"65-66 years";"CE Manufacture of chemicals";2;0;2;4;0
"Total sex";"2022";"Employees, not specified";"65-66 years";"CF Pharmaceuticals";2;0;0;0;0
"Total sex";"2022";"Employees, not specified";"65-66 years";"CG Manufacture of plastic, glass and concrete";6;2;0;6;6
"Total sex";"2022";"Employees, not specified";"65-66 years";"CH Basic metals and fabricated metal products";7;6;15;13;5
"Total sex";"2022";"Employees, not specified";"65-66 years";"CI Manufacture of electronic components";8;0;2;0;0
"Total sex";"2022";"Employees, not specified";"65-66 years";"CJ Electrical equipment";3;2;1;4;1
"Total sex";"2022";"Employees, not specified";"65-66 years";"CK Manufacture of machinery";4;5;12;18;1
"Total sex";"2022";"Employees, not specified";"65-66 years";"CL Transport equipment";1;1;0;2;0
"Total sex";"2022";"Employees, not specified";"65-66 years";"CM Manufacture of funiture and other manufacturing";5;10;17;10;11
"Total sex";"2022";"Employees, not specified";"65-66 years";"D Electricity, gas, steam and air conditioning supply";0;7;2;10;7
"Total sex";"2022";"Employees, not specified";"65-66 years";"E Water supply, sewerage and waste management";6;6;11;11;4
"Total sex";"2022";"Employees, not specified";"65-66 years";"F Construction";54;42;47;49;28
"Total sex";"2022";"Employees, not specified";"65-66 years";"G Wholesale and retail trade";256;136;213;223;80
"Total sex";"2022";"Employees, not specified";"65-66 years";"H Transportation";91;54;72;69;22
"Total sex";"2022";"Employees, not specified";"65-66 years";"I Accommodation and food service activities";90;33;54;56;26
"Total sex";"2022";"Employees, not specified";"65-66 years";"JA Publishing, television and radio broadcasting";20;2;4;9;2
"Total sex";"2022";"Employees, not specified";"65-66 years";"JB Telecommunications";4;0;1;0;0
"Total sex";"2022";"Employees, not specified";"65-66 years";"JC IT and information service activities";62;19;20;19;6
"Total sex";"2022";"Employees, not specified";"65-66 years";"K Financial and insurance";95;33;58;61;17
"Total sex";"2022";"Employees, not specified";"65-66 years";"L Real estate activities";112;43;59;72;31
"Total sex";"2022";"Employees, not specified";"65-66 years";"MA Consultancy etc.";129;40;67;76;32
"Total sex";"2022";"Employees, not specified";"65-66 years";"MB Scientific research and development";5;4;2;3;0
"Total sex";"2022";"Employees, not specified";"65-66 years";"MC Advertising and other business services";44;16;23;21;11
"Total sex";"2022";"Employees, not specified";"65-66 years";"N Travel agent, cleaning, and other operationel services";97;52;40;76;16
"Total sex";"2022";"Employees, not specified";"65-66 years";"O Public administration, defence and compulsory social security";29;8;24;16;4
"Total sex";"2022";"Employees, not specified";"65-66 years";"P Education";21;15;19;27;9
"Total sex";"2022";"Employees, not specified";"65-66 years";"QA Human health activities";57;20;36;28;12
"Total sex";"2022";"Employees, not specified";"65-66 years";"QB Residential care";47;34;41;52;22
"Total sex";"2022";"Employees, not specified";"65-66 years";"R Arts, entertainment and recreation activities";49;27;34;45;18
"Total sex";"2022";"Employees, not specified";"65-66 years";"S Other service activities etc.";115;23;51;48;17
"Total sex";"2022";"Employees, not specified";"65-66 years";"X Activity not stated";0;0;0;0;0
"Total sex";"2022";"Employees, not specified";"67 years and over";"A Agriculture, forestry and fishing";47;159;274;298;153
"Total sex";"2022";"Employees, not specified";"67 years and over";"B Mining and quarrying";0;2;3;4;4
"Total sex";"2022";"Employees, not specified";"67 years and over";"CA Manufacture of food products, beverages and tobacco";23;12;32;21;10
"Total sex";"2022";"Employees, not specified";"67 years and over";"CB Textiles and leather products";10;5;5;15;5
"Total sex";"2022";"Employees, not specified";"67 years and over";"CC Wood and paper products and printing";29;11;22;29;5
"Total sex";"2022";"Employees, not specified";"67 years and over";"CD Oil refinery etc.";1;0;0;0;0
"Total sex";"2022";"Employees, not specified";"67 years and over";"CE Manufacture of chemicals";7;6;8;4;4
"Total sex";"2022";"Employees, not specified";"67 years and over";"CF Pharmaceuticals";19;1;0;0;0
"Total sex";"2022";"Employees, not specified";"67 years and over";"CG Manufacture of plastic, glass and concrete";21;18;15;25;12
"Total sex";"2022";"Employees, not specified";"67 years and over";"CH Basic metals and fabricated metal products";28;26;46;49;18
"Total sex";"2022";"Employees, not specified";"67 years and over";"CI Manufacture of electronic components";34;6;3;11;4
"Total sex";"2022";"Employees, not specified";"67 years and over";"CJ Electrical equipment";5;9;6;18;3
"Total sex";"2022";"Employees, not specified";"67 years and over";"CK Manufacture of machinery";25;12;41;24;11
"Total sex";"2022";"Employees, not specified";"67 years and over";"CL Transport equipment";3;1;8;4;2
"Total sex";"2022";"Employees, not specified";"67 years and over";"CM Manufacture of funiture and other manufacturing";61;29;46;49;15
"Total sex";"2022";"Employees, not specified";"67 years and over";"D Electricity, gas, steam and air conditioning supply";21;21;34;62;43
"Total sex";"2022";"Employees, not specified";"67 years and over";"E Water supply, sewerage and waste management";39;158;164;110;48
"Total sex";"2022";"Employees, not specified";"67 years and over";"F Construction";144;130;130;129;66
"Total sex";"2022";"Employees, not specified";"67 years and over";"G Wholesale and retail trade";791;399;663;790;259
"Total sex";"2022";"Employees, not specified";"67 years and over";"H Transportation";221;179;282;256;98
"Total sex";"2022";"Employees, not specified";"67 years and over";"I Accommodation and food service activities";168;93;158;149;100
"Total sex";"2022";"Employees, not specified";"67 years and over";"JA Publishing, television and radio broadcasting";267;20;23;30;15
"Total sex";"2022";"Employees, not specified";"67 years and over";"JB Telecommunications";2;2;4;2;1
"Total sex";"2022";"Employees, not specified";"67 years and over";"JC IT and information service activities";120;42;42;62;14
"Total sex";"2022";"Employees, not specified";"67 years and over";"K Financial and insurance";570;186;442;479;203
"Total sex";"2022";"Employees, not specified";"67 years and over";"L Real estate activities";798;273;398;533;210
"Total sex";"2022";"Employees, not specified";"67 years and over";"MA Consultancy etc.";522;171;243;261;92
"Total sex";"2022";"Employees, not specified";"67 years and over";"MB Scientific research and development";16;5;7;9;2
"Total sex";"2022";"Employees, not specified";"67 years and over";"MC Advertising and other business services";124;37;58;77;15
"Total sex";"2022";"Employees, not specified";"67 years and over";"N Travel agent, cleaning, and other operationel services";282;134;163;176;69
"Total sex";"2022";"Employees, not specified";"67 years and over";"O Public administration, defence and compulsory social security";322;138;172;210;53
"Total sex";"2022";"Employees, not specified";"67 years and over";"P Education";159;132;103;127;45
"Total sex";"2022";"Employees, not specified";"67 years and over";"QA Human health activities";190;75;101;91;44
"Total sex";"2022";"Employees, not specified";"67 years and over";"QB Residential care";192;78;145;118;57
"Total sex";"2022";"Employees, not specified";"67 years and over";"R Arts, entertainment and recreation activities";232;90;133;176;71
"Total sex";"2022";"Employees, not specified";"67 years and over";"S Other service activities etc.";397;151;225;174;95
"Total sex";"2022";"Employees, not specified";"67 years and over";"X Activity not stated";0;0;0;0;0
