"Total sex";"2023";"Self-employed";"Under 16 years";"A Agriculture, forestry and fishing";0;0;0;0;0
"Total sex";"2023";"Self-employed";"Under 16 years";"B Mining and quarrying";0;0;0;0;0
"Total sex";"2023";"Self-employed";"Under 16 years";"CA Manufacture of food products, beverages and tobacco";0;0;0;0;0
"Total sex";"2023";"Self-employed";"Under 16 years";"CB Textiles and leather products";0;0;0;0;0
"Total sex";"2023";"Self-employed";"Under 16 years";"CC Wood and paper products and printing";0;0;0;0;0
"Total sex";"2023";"Self-employed";"Under 16 years";"CD Oil refinery etc.";0;0;0;0;0
"Total sex";"2023";"Self-employed";"Under 16 years";"CE Manufacture of chemicals";0;0;0;0;0
"Total sex";"2023";"Self-employed";"Under 16 years";"CF Pharmaceuticals";0;0;0;0;0
"Total sex";"2023";"Self-employed";"Under 16 years";"CG Manufacture of plastic, glass and concrete";0;0;0;0;0
"Total sex";"2023";"Self-employed";"Under 16 years";"CH Basic metals and fabricated metal products";0;0;0;0;0
"Total sex";"2023";"Self-employed";"Under 16 years";"CI Manufacture of electronic components";0;0;0;0;0
"Total sex";"2023";"Self-employed";"Under 16 years";"CJ Electrical equipment";0;0;0;0;0
"Total sex";"2023";"Self-employed";"Under 16 years";"CK Manufacture of machinery";0;0;0;0;0
"Total sex";"2023";"Self-employed";"Under 16 years";"CL Transport equipment";0;0;0;0;0
"Total sex";"2023";"Self-employed";"Under 16 years";"CM Manufacture of funiture and other manufacturing";0;0;0;0;0
"Total sex";"2023";"Self-employed";"Under 16 years";"D Electricity, gas, steam and air conditioning supply";0;0;0;0;0
"Total sex";"2023";"Self-employed";"Under 16 years";"E Water supply, sewerage and waste management";0;0;0;0;0
"Total sex";"2023";"Self-employed";"Under 16 years";"F Construction";0;0;0;0;0
"Total sex";"2023";"Self-employed";"Under 16 years";"G Wholesale and retail trade";1;1;0;0;0
"Total sex";"2023";"Self-employed";"Under 16 years";"H Transportation";0;0;0;0;0
"Total sex";"2023";"Self-employed";"Under 16 years";"I Accommodation and food service activities";0;0;0;0;0
"Total sex";"2023";"Self-employed";"Under 16 years";"JA Publishing, television and radio broadcasting";0;0;0;0;0
"Total sex";"2023";"Self-employed";"Under 16 years";"JB Telecommunications";0;0;0;0;0
"Total sex";"2023";"Self-employed";"Under 16 years";"JC IT and information service activities";0;0;0;0;0
"Total sex";"2023";"Self-employed";"Under 16 years";"K Financial and insurance";0;0;0;0;0
"Total sex";"2023";"Self-employed";"Under 16 years";"L Real estate activities";0;0;0;0;0
"Total sex";"2023";"Self-employed";"Under 16 years";"MA Consultancy etc.";0;0;0;0;0
"Total sex";"2023";"Self-employed";"Under 16 years";"MB Scientific research and development";0;0;0;0;0
"Total sex";"2023";"Self-employed";"Under 16 years";"MC Advertising and other business services";0;0;0;0;0
"Total sex";"2023";"Self-employed";"Under 16 years";"N Travel agent, cleaning, and other operationel services";0;0;0;0;0
"Total sex";"2023";"Self-employed";"Under 16 years";"O Public administration, defence and compulsory social security";0;0;0;0;0
"Total sex";"2023";"Self-employed";"Under 16 years";"P Education";0;0;0;0;0
"Total sex";"2023";"Self-employed";"Under 16 years";"QA Human health activities";0;0;0;0;0
"Total sex";"2023";"Self-employed";"Under 16 years";"QB Residential care";0;0;0;0;0
"Total sex";"2023";"Self-employed";"Under 16 years";"R Arts, entertainment and recreation activities";0;0;0;0;0
"Total sex";"2023";"Self-employed";"Under 16 years";"S Other service activities etc.";0;0;0;0;0
"Total sex";"2023";"Self-employed";"Under 16 years";"X Activity not stated";5;0;0;1;0
"Total sex";"2023";"Self-employed";"16-19 years";"A Agriculture, forestry and fishing";2;3;2;9;3
"Total sex";"2023";"Self-employed";"16-19 years";"B Mining and quarrying";0;0;0;0;0
"Total sex";"2023";"Self-employed";"16-19 years";"CA Manufacture of food products, beverages and tobacco";0;0;0;2;0
"Total sex";"2023";"Self-employed";"16-19 years";"CB Textiles and leather products";0;0;1;0;0
"Total sex";"2023";"Self-employed";"16-19 years";"CC Wood and paper products and printing";0;0;0;0;0
"Total sex";"2023";"Self-employed";"16-19 years";"CD Oil refinery etc.";0;0;0;0;0
"Total sex";"2023";"Self-employed";"16-19 years";"CE Manufacture of chemicals";0;0;0;0;0
"Total sex";"2023";"Self-employed";"16-19 years";"CF Pharmaceuticals";0;0;0;0;0
"Total sex";"2023";"Self-employed";"16-19 years";"CG Manufacture of plastic, glass and concrete";0;0;0;0;0
"Total sex";"2023";"Self-employed";"16-19 years";"CH Basic metals and fabricated metal products";0;1;0;2;0
"Total sex";"2023";"Self-employed";"16-19 years";"CI Manufacture of electronic components";1;0;0;0;0
"Total sex";"2023";"Self-employed";"16-19 years";"CJ Electrical equipment";0;0;0;1;0
"Total sex";"2023";"Self-employed";"16-19 years";"CK Manufacture of machinery";0;0;0;0;0
"Total sex";"2023";"Self-employed";"16-19 years";"CL Transport equipment";0;0;0;0;0
"Total sex";"2023";"Self-employed";"16-19 years";"CM Manufacture of funiture and other manufacturing";1;2;0;0;1
"Total sex";"2023";"Self-employed";"16-19 years";"D Electricity, gas, steam and air conditioning supply";0;0;0;0;0
"Total sex";"2023";"Self-employed";"16-19 years";"E Water supply, sewerage and waste management";0;0;0;0;0
"Total sex";"2023";"Self-employed";"16-19 years";"F Construction";5;4;1;2;1
"Total sex";"2023";"Self-employed";"16-19 years";"G Wholesale and retail trade";20;5;14;24;5
"Total sex";"2023";"Self-employed";"16-19 years";"H Transportation";2;0;1;1;0
"Total sex";"2023";"Self-employed";"16-19 years";"I Accommodation and food service activities";3;1;4;9;4
"Total sex";"2023";"Self-employed";"16-19 years";"JA Publishing, television and radio broadcasting";12;6;5;6;2
"Total sex";"2023";"Self-employed";"16-19 years";"JB Telecommunications";0;0;0;0;0
"Total sex";"2023";"Self-employed";"16-19 years";"JC IT and information service activities";7;2;1;3;3
"Total sex";"2023";"Self-employed";"16-19 years";"K Financial and insurance";1;0;0;0;0
"Total sex";"2023";"Self-employed";"16-19 years";"L Real estate activities";0;0;0;0;0
"Total sex";"2023";"Self-employed";"16-19 years";"MA Consultancy etc.";2;0;0;0;1
"Total sex";"2023";"Self-employed";"16-19 years";"MB Scientific research and development";0;0;0;0;0
"Total sex";"2023";"Self-employed";"16-19 years";"MC Advertising and other business services";28;10;21;18;4
"Total sex";"2023";"Self-employed";"16-19 years";"N Travel agent, cleaning, and other operationel services";17;14;17;14;8
"Total sex";"2023";"Self-employed";"16-19 years";"O Public administration, defence and compulsory social security";0;0;0;0;0
"Total sex";"2023";"Self-employed";"16-19 years";"P Education";1;0;1;0;0
"Total sex";"2023";"Self-employed";"16-19 years";"QA Human health activities";0;0;0;0;0
"Total sex";"2023";"Self-employed";"16-19 years";"QB Residential care";0;0;0;0;0
"Total sex";"2023";"Self-employed";"16-19 years";"R Arts, entertainment and recreation activities";11;1;3;3;1
"Total sex";"2023";"Self-employed";"16-19 years";"S Other service activities etc.";17;13;7;6;2
"Total sex";"2023";"Self-employed";"16-19 years";"X Activity not stated";3;0;0;2;1
"Total sex";"2023";"Self-employed";"20-24 years";"A Agriculture, forestry and fishing";16;26;58;48;42
"Total sex";"2023";"Self-employed";"20-24 years";"B Mining and quarrying";0;0;0;0;0
"Total sex";"2023";"Self-employed";"20-24 years";"CA Manufacture of food products, beverages and tobacco";7;2;4;3;3
"Total sex";"2023";"Self-employed";"20-24 years";"CB Textiles and leather products";4;0;2;1;1
"Total sex";"2023";"Self-employed";"20-24 years";"CC Wood and paper products and printing";1;1;4;2;0
"Total sex";"2023";"Self-employed";"20-24 years";"CD Oil refinery etc.";0;0;0;0;0
"Total sex";"2023";"Self-employed";"20-24 years";"CE Manufacture of chemicals";0;0;1;1;0
"Total sex";"2023";"Self-employed";"20-24 years";"CF Pharmaceuticals";0;0;0;0;0
"Total sex";"2023";"Self-employed";"20-24 years";"CG Manufacture of plastic, glass and concrete";1;1;3;1;2
"Total sex";"2023";"Self-employed";"20-24 years";"CH Basic metals and fabricated metal products";8;1;4;4;3
"Total sex";"2023";"Self-employed";"20-24 years";"CI Manufacture of electronic components";0;0;0;1;2
"Total sex";"2023";"Self-employed";"20-24 years";"CJ Electrical equipment";2;0;1;0;1
"Total sex";"2023";"Self-employed";"20-24 years";"CK Manufacture of machinery";2;1;0;2;1
"Total sex";"2023";"Self-employed";"20-24 years";"CL Transport equipment";0;0;0;0;0
"Total sex";"2023";"Self-employed";"20-24 years";"CM Manufacture of funiture and other manufacturing";10;8;10;17;10
"Total sex";"2023";"Self-employed";"20-24 years";"D Electricity, gas, steam and air conditioning supply";0;0;0;0;0
"Total sex";"2023";"Self-employed";"20-24 years";"E Water supply, sewerage and waste management";0;2;0;0;0
"Total sex";"2023";"Self-employed";"20-24 years";"F Construction";144;110;61;99;35
"Total sex";"2023";"Self-employed";"20-24 years";"G Wholesale and retail trade";173;49;110;128;48
"Total sex";"2023";"Self-employed";"20-24 years";"H Transportation";116;21;39;35;21
"Total sex";"2023";"Self-employed";"20-24 years";"I Accommodation and food service activities";38;9;49;62;17
"Total sex";"2023";"Self-employed";"20-24 years";"JA Publishing, television and radio broadcasting";138;23;32;49;14
"Total sex";"2023";"Self-employed";"20-24 years";"JB Telecommunications";0;0;0;0;0
"Total sex";"2023";"Self-employed";"20-24 years";"JC IT and information service activities";64;10;16;38;12
"Total sex";"2023";"Self-employed";"20-24 years";"K Financial and insurance";45;2;1;17;2
"Total sex";"2023";"Self-employed";"20-24 years";"L Real estate activities";7;1;2;6;0
"Total sex";"2023";"Self-employed";"20-24 years";"MA Consultancy etc.";38;3;9;10;5
"Total sex";"2023";"Self-employed";"20-24 years";"MB Scientific research and development";1;0;1;0;0
"Total sex";"2023";"Self-employed";"20-24 years";"MC Advertising and other business services";243;54;92;150;47
"Total sex";"2023";"Self-employed";"20-24 years";"N Travel agent, cleaning, and other operationel services";188;101;115;114;49
"Total sex";"2023";"Self-employed";"20-24 years";"O Public administration, defence and compulsory social security";0;0;0;0;0
"Total sex";"2023";"Self-employed";"20-24 years";"P Education";26;7;10;19;4
"Total sex";"2023";"Self-employed";"20-24 years";"QA Human health activities";12;4;4;4;2
"Total sex";"2023";"Self-employed";"20-24 years";"QB Residential care";0;3;1;1;0
"Total sex";"2023";"Self-employed";"20-24 years";"R Arts, entertainment and recreation activities";118;29;33;50;16
"Total sex";"2023";"Self-employed";"20-24 years";"S Other service activities etc.";159;73;83;80;33
"Total sex";"2023";"Self-employed";"20-24 years";"X Activity not stated";13;1;1;7;3
"Total sex";"2023";"Self-employed";"25-29 years";"A Agriculture, forestry and fishing";30;72;147;138;92
"Total sex";"2023";"Self-employed";"25-29 years";"B Mining and quarrying";0;0;0;0;0
"Total sex";"2023";"Self-employed";"25-29 years";"CA Manufacture of food products, beverages and tobacco";8;1;6;14;3
"Total sex";"2023";"Self-employed";"25-29 years";"CB Textiles and leather products";23;2;4;3;1
"Total sex";"2023";"Self-employed";"25-29 years";"CC Wood and paper products and printing";2;1;3;3;0
"Total sex";"2023";"Self-employed";"25-29 years";"CD Oil refinery etc.";0;0;0;0;0
"Total sex";"2023";"Self-employed";"25-29 years";"CE Manufacture of chemicals";0;0;1;0;0
"Total sex";"2023";"Self-employed";"25-29 years";"CF Pharmaceuticals";0;0;0;0;0
"Total sex";"2023";"Self-employed";"25-29 years";"CG Manufacture of plastic, glass and concrete";5;1;1;7;1
"Total sex";"2023";"Self-employed";"25-29 years";"CH Basic metals and fabricated metal products";3;4;12;9;7
"Total sex";"2023";"Self-employed";"25-29 years";"CI Manufacture of electronic components";0;0;1;0;0
"Total sex";"2023";"Self-employed";"25-29 years";"CJ Electrical equipment";1;0;0;0;1
"Total sex";"2023";"Self-employed";"25-29 years";"CK Manufacture of machinery";1;2;1;3;2
"Total sex";"2023";"Self-employed";"25-29 years";"CL Transport equipment";1;0;0;0;0
"Total sex";"2023";"Self-employed";"25-29 years";"CM Manufacture of funiture and other manufacturing";42;18;27;24;24
"Total sex";"2023";"Self-employed";"25-29 years";"D Electricity, gas, steam and air conditioning supply";0;0;0;0;0
"Total sex";"2023";"Self-employed";"25-29 years";"E Water supply, sewerage and waste management";3;1;0;0;0
"Total sex";"2023";"Self-employed";"25-29 years";"F Construction";305;277;171;217;118
"Total sex";"2023";"Self-employed";"25-29 years";"G Wholesale and retail trade";189;87;153;177;63
"Total sex";"2023";"Self-employed";"25-29 years";"H Transportation";141;36;61;82;42
"Total sex";"2023";"Self-employed";"25-29 years";"I Accommodation and food service activities";78;30;53;86;32
"Total sex";"2023";"Self-employed";"25-29 years";"JA Publishing, television and radio broadcasting";279;24;35;84;20
"Total sex";"2023";"Self-employed";"25-29 years";"JB Telecommunications";0;0;1;1;0
"Total sex";"2023";"Self-employed";"25-29 years";"JC IT and information service activities";129;18;31;52;21
"Total sex";"2023";"Self-employed";"25-29 years";"K Financial and insurance";62;10;6;23;0
"Total sex";"2023";"Self-employed";"25-29 years";"L Real estate activities";20;10;9;18;7
"Total sex";"2023";"Self-employed";"25-29 years";"MA Consultancy etc.";153;13;23;40;11
"Total sex";"2023";"Self-employed";"25-29 years";"MB Scientific research and development";1;0;1;1;0
"Total sex";"2023";"Self-employed";"25-29 years";"MC Advertising and other business services";432;58;111;158;42
"Total sex";"2023";"Self-employed";"25-29 years";"N Travel agent, cleaning, and other operationel services";279;113;145;128;77
"Total sex";"2023";"Self-employed";"25-29 years";"O Public administration, defence and compulsory social security";0;0;0;0;0
"Total sex";"2023";"Self-employed";"25-29 years";"P Education";121;29;23;41;18
"Total sex";"2023";"Self-employed";"25-29 years";"QA Human health activities";216;50;82;105;46
"Total sex";"2023";"Self-employed";"25-29 years";"QB Residential care";7;4;3;2;2
"Total sex";"2023";"Self-employed";"25-29 years";"R Arts, entertainment and recreation activities";352;34;62;93;32
"Total sex";"2023";"Self-employed";"25-29 years";"S Other service activities etc.";383;124;181;177;82
"Total sex";"2023";"Self-employed";"25-29 years";"X Activity not stated";33;6;7;12;5
"Total sex";"2023";"Self-employed";"30-34 years";"A Agriculture, forestry and fishing";51;117;208;179;133
"Total sex";"2023";"Self-employed";"30-34 years";"B Mining and quarrying";0;0;0;1;0
"Total sex";"2023";"Self-employed";"30-34 years";"CA Manufacture of food products, beverages and tobacco";20;2;6;8;4
"Total sex";"2023";"Self-employed";"30-34 years";"CB Textiles and leather products";29;4;13;6;3
"Total sex";"2023";"Self-employed";"30-34 years";"CC Wood and paper products and printing";4;6;7;5;3
"Total sex";"2023";"Self-employed";"30-34 years";"CD Oil refinery etc.";0;0;0;0;0
"Total sex";"2023";"Self-employed";"30-34 years";"CE Manufacture of chemicals";0;1;1;0;0
"Total sex";"2023";"Self-employed";"30-34 years";"CF Pharmaceuticals";1;0;0;0;0
"Total sex";"2023";"Self-employed";"30-34 years";"CG Manufacture of plastic, glass and concrete";12;3;2;7;1
"Total sex";"2023";"Self-employed";"30-34 years";"CH Basic metals and fabricated metal products";13;11;18;20;8
"Total sex";"2023";"Self-employed";"30-34 years";"CI Manufacture of electronic components";1;0;0;0;0
"Total sex";"2023";"Self-employed";"30-34 years";"CJ Electrical equipment";0;0;2;0;0
"Total sex";"2023";"Self-employed";"30-34 years";"CK Manufacture of machinery";2;3;3;5;1
"Total sex";"2023";"Self-employed";"30-34 years";"CL Transport equipment";2;1;1;4;0
"Total sex";"2023";"Self-employed";"30-34 years";"CM Manufacture of funiture and other manufacturing";63;30;50;58;31
"Total sex";"2023";"Self-employed";"30-34 years";"D Electricity, gas, steam and air conditioning supply";0;0;0;2;3
"Total sex";"2023";"Self-employed";"30-34 years";"E Water supply, sewerage and waste management";2;4;3;0;0
"Total sex";"2023";"Self-employed";"30-34 years";"F Construction";455;361;262;279;146
"Total sex";"2023";"Self-employed";"30-34 years";"G Wholesale and retail trade";249;122;173;185;84
"Total sex";"2023";"Self-employed";"30-34 years";"H Transportation";176;40;52;92;49
"Total sex";"2023";"Self-employed";"30-34 years";"I Accommodation and food service activities";128;61;111;111;45
"Total sex";"2023";"Self-employed";"30-34 years";"JA Publishing, television and radio broadcasting";306;38;30;71;22
"Total sex";"2023";"Self-employed";"30-34 years";"JB Telecommunications";0;1;0;0;0
"Total sex";"2023";"Self-employed";"30-34 years";"JC IT and information service activities";209;46;46;63;19
"Total sex";"2023";"Self-employed";"30-34 years";"K Financial and insurance";24;7;2;7;4
"Total sex";"2023";"Self-employed";"30-34 years";"L Real estate activities";29;21;26;33;19
"Total sex";"2023";"Self-employed";"30-34 years";"MA Consultancy etc.";265;31;65;77;36
"Total sex";"2023";"Self-employed";"30-34 years";"MB Scientific research and development";10;0;1;3;1
"Total sex";"2023";"Self-employed";"30-34 years";"MC Advertising and other business services";505;99;136;173;60
"Total sex";"2023";"Self-employed";"30-34 years";"N Travel agent, cleaning, and other operationel services";361;164;173;199;98
"Total sex";"2023";"Self-employed";"30-34 years";"O Public administration, defence and compulsory social security";0;0;0;0;0
"Total sex";"2023";"Self-employed";"30-34 years";"P Education";211;55;59;96;23
"Total sex";"2023";"Self-employed";"30-34 years";"QA Human health activities";336;106;180;220;67
"Total sex";"2023";"Self-employed";"30-34 years";"QB Residential care";12;9;3;4;3
"Total sex";"2023";"Self-employed";"30-34 years";"R Arts, entertainment and recreation activities";416;48;73;128;28
"Total sex";"2023";"Self-employed";"30-34 years";"S Other service activities etc.";471;211;303;288;129
"Total sex";"2023";"Self-employed";"30-34 years";"X Activity not stated";47;6;11;20;8
"Total sex";"2023";"Self-employed";"35-39 years";"A Agriculture, forestry and fishing";37;132;250;225;156
"Total sex";"2023";"Self-employed";"35-39 years";"B Mining and quarrying";2;0;0;0;0
"Total sex";"2023";"Self-employed";"35-39 years";"CA Manufacture of food products, beverages and tobacco";22;7;7;9;8
"Total sex";"2023";"Self-employed";"35-39 years";"CB Textiles and leather products";26;9;10;12;2
"Total sex";"2023";"Self-employed";"35-39 years";"CC Wood and paper products and printing";7;1;4;5;0
"Total sex";"2023";"Self-employed";"35-39 years";"CD Oil refinery etc.";0;0;0;0;0
"Total sex";"2023";"Self-employed";"35-39 years";"CE Manufacture of chemicals";2;1;0;0;0
"Total sex";"2023";"Self-employed";"35-39 years";"CF Pharmaceuticals";0;0;0;0;0
"Total sex";"2023";"Self-employed";"35-39 years";"CG Manufacture of plastic, glass and concrete";11;1;8;8;3
"Total sex";"2023";"Self-employed";"35-39 years";"CH Basic metals and fabricated metal products";6;14;18;19;9
"Total sex";"2023";"Self-employed";"35-39 years";"CI Manufacture of electronic components";1;0;1;1;0
"Total sex";"2023";"Self-employed";"35-39 years";"CJ Electrical equipment";2;0;1;0;0
"Total sex";"2023";"Self-employed";"35-39 years";"CK Manufacture of machinery";0;7;6;4;5
"Total sex";"2023";"Self-employed";"35-39 years";"CL Transport equipment";1;0;1;0;1
"Total sex";"2023";"Self-employed";"35-39 years";"CM Manufacture of funiture and other manufacturing";73;34;42;51;21
"Total sex";"2023";"Self-employed";"35-39 years";"D Electricity, gas, steam and air conditioning supply";0;0;0;1;3
"Total sex";"2023";"Self-employed";"35-39 years";"E Water supply, sewerage and waste management";0;1;1;1;0
"Total sex";"2023";"Self-employed";"35-39 years";"F Construction";522;364;290;284;157
"Total sex";"2023";"Self-employed";"35-39 years";"G Wholesale and retail trade";321;145;196;236;97
"Total sex";"2023";"Self-employed";"35-39 years";"H Transportation";185;63;59;73;42
"Total sex";"2023";"Self-employed";"35-39 years";"I Accommodation and food service activities";181;85;138;147;60
"Total sex";"2023";"Self-employed";"35-39 years";"JA Publishing, television and radio broadcasting";286;37;29;54;12
"Total sex";"2023";"Self-employed";"35-39 years";"JB Telecommunications";2;2;1;0;0
"Total sex";"2023";"Self-employed";"35-39 years";"JC IT and information service activities";215;41;44;75;24
"Total sex";"2023";"Self-employed";"35-39 years";"K Financial and insurance";17;8;5;13;6
"Total sex";"2023";"Self-employed";"35-39 years";"L Real estate activities";28;17;26;39;20
"Total sex";"2023";"Self-employed";"35-39 years";"MA Consultancy etc.";365;69;98;147;50
"Total sex";"2023";"Self-employed";"35-39 years";"MB Scientific research and development";12;2;1;1;2
"Total sex";"2023";"Self-employed";"35-39 years";"MC Advertising and other business services";526;78;148;185;55
"Total sex";"2023";"Self-employed";"35-39 years";"N Travel agent, cleaning, and other operationel services";392;171;184;183;85
"Total sex";"2023";"Self-employed";"35-39 years";"O Public administration, defence and compulsory social security";2;1;0;0;0
"Total sex";"2023";"Self-employed";"35-39 years";"P Education";257;62;80;88;24
"Total sex";"2023";"Self-employed";"35-39 years";"QA Human health activities";428;160;245;303;108
"Total sex";"2023";"Self-employed";"35-39 years";"QB Residential care";23;14;10;8;7
"Total sex";"2023";"Self-employed";"35-39 years";"R Arts, entertainment and recreation activities";439;61;71;101;30
"Total sex";"2023";"Self-employed";"35-39 years";"S Other service activities etc.";545;238;322;322;137
"Total sex";"2023";"Self-employed";"35-39 years";"X Activity not stated";100;15;21;24;12
"Total sex";"2023";"Self-employed";"40-44 years";"A Agriculture, forestry and fishing";62;171;326;268;176
"Total sex";"2023";"Self-employed";"40-44 years";"B Mining and quarrying";1;0;0;0;0
"Total sex";"2023";"Self-employed";"40-44 years";"CA Manufacture of food products, beverages and tobacco";16;8;18;13;8
"Total sex";"2023";"Self-employed";"40-44 years";"CB Textiles and leather products";32;9;12;16;4
"Total sex";"2023";"Self-employed";"40-44 years";"CC Wood and paper products and printing";7;4;4;5;1
"Total sex";"2023";"Self-employed";"40-44 years";"CD Oil refinery etc.";0;0;0;0;0
"Total sex";"2023";"Self-employed";"40-44 years";"CE Manufacture of chemicals";2;1;1;3;0
"Total sex";"2023";"Self-employed";"40-44 years";"CF Pharmaceuticals";0;0;0;0;0
"Total sex";"2023";"Self-employed";"40-44 years";"CG Manufacture of plastic, glass and concrete";12;8;7;6;1
"Total sex";"2023";"Self-employed";"40-44 years";"CH Basic metals and fabricated metal products";9;12;27;20;13
"Total sex";"2023";"Self-employed";"40-44 years";"CI Manufacture of electronic components";2;0;1;1;0
"Total sex";"2023";"Self-employed";"40-44 years";"CJ Electrical equipment";1;0;1;0;1
"Total sex";"2023";"Self-employed";"40-44 years";"CK Manufacture of machinery";5;2;7;6;2
"Total sex";"2023";"Self-employed";"40-44 years";"CL Transport equipment";2;0;0;2;0
"Total sex";"2023";"Self-employed";"40-44 years";"CM Manufacture of funiture and other manufacturing";81;44;56;49;29
"Total sex";"2023";"Self-employed";"40-44 years";"D Electricity, gas, steam and air conditioning supply";0;0;1;1;0
"Total sex";"2023";"Self-employed";"40-44 years";"E Water supply, sewerage and waste management";2;1;0;4;0
"Total sex";"2023";"Self-employed";"40-44 years";"F Construction";533;381;346;301;168
"Total sex";"2023";"Self-employed";"40-44 years";"G Wholesale and retail trade";392;189;284;308;177
"Total sex";"2023";"Self-employed";"40-44 years";"H Transportation";183;54;54;70;27
"Total sex";"2023";"Self-employed";"40-44 years";"I Accommodation and food service activities";205;103;167;138;70
"Total sex";"2023";"Self-employed";"40-44 years";"JA Publishing, television and radio broadcasting";255;27;38;46;8
"Total sex";"2023";"Self-employed";"40-44 years";"JB Telecommunications";4;0;2;2;0
"Total sex";"2023";"Self-employed";"40-44 years";"JC IT and information service activities";260;64;63;96;30
"Total sex";"2023";"Self-employed";"40-44 years";"K Financial and insurance";20;3;8;7;4
"Total sex";"2023";"Self-employed";"40-44 years";"L Real estate activities";49;27;61;72;25
"Total sex";"2023";"Self-employed";"40-44 years";"MA Consultancy etc.";516;115;128;209;58
"Total sex";"2023";"Self-employed";"40-44 years";"MB Scientific research and development";11;7;1;2;2
"Total sex";"2023";"Self-employed";"40-44 years";"MC Advertising and other business services";553;96;155;224;44
"Total sex";"2023";"Self-employed";"40-44 years";"N Travel agent, cleaning, and other operationel services";382;188;237;219;111
"Total sex";"2023";"Self-employed";"40-44 years";"O Public administration, defence and compulsory social security";0;1;0;0;0
"Total sex";"2023";"Self-employed";"40-44 years";"P Education";259;86;81;108;28
"Total sex";"2023";"Self-employed";"40-44 years";"QA Human health activities";702;219;351;502;203
"Total sex";"2023";"Self-employed";"40-44 years";"QB Residential care";29;13;6;11;9
"Total sex";"2023";"Self-employed";"40-44 years";"R Arts, entertainment and recreation activities";387;66;74;102;23
"Total sex";"2023";"Self-employed";"40-44 years";"S Other service activities etc.";531;217;343;320;129
"Total sex";"2023";"Self-employed";"40-44 years";"X Activity not stated";166;35;41;57;27
"Total sex";"2023";"Self-employed";"45-49 years";"A Agriculture, forestry and fishing";97;225;438;450;267
"Total sex";"2023";"Self-employed";"45-49 years";"B Mining and quarrying";1;0;2;0;0
"Total sex";"2023";"Self-employed";"45-49 years";"CA Manufacture of food products, beverages and tobacco";18;14;15;11;10
"Total sex";"2023";"Self-employed";"45-49 years";"CB Textiles and leather products";28;9;20;8;7
"Total sex";"2023";"Self-employed";"45-49 years";"CC Wood and paper products and printing";14;5;8;16;2
"Total sex";"2023";"Self-employed";"45-49 years";"CD Oil refinery etc.";0;0;0;0;0
"Total sex";"2023";"Self-employed";"45-49 years";"CE Manufacture of chemicals";2;0;2;1;2
"Total sex";"2023";"Self-employed";"45-49 years";"CF Pharmaceuticals";0;1;0;0;1
"Total sex";"2023";"Self-employed";"45-49 years";"CG Manufacture of plastic, glass and concrete";10;5;8;11;8
"Total sex";"2023";"Self-employed";"45-49 years";"CH Basic metals and fabricated metal products";8;20;24;35;14
"Total sex";"2023";"Self-employed";"45-49 years";"CI Manufacture of electronic components";2;1;2;1;0
"Total sex";"2023";"Self-employed";"45-49 years";"CJ Electrical equipment";3;1;1;1;0
"Total sex";"2023";"Self-employed";"45-49 years";"CK Manufacture of machinery";1;5;8;10;6
"Total sex";"2023";"Self-employed";"45-49 years";"CL Transport equipment";2;2;2;3;1
"Total sex";"2023";"Self-employed";"45-49 years";"CM Manufacture of funiture and other manufacturing";84;43;69;65;38
"Total sex";"2023";"Self-employed";"45-49 years";"D Electricity, gas, steam and air conditioning supply";0;0;1;11;6
"Total sex";"2023";"Self-employed";"45-49 years";"E Water supply, sewerage and waste management";0;3;5;5;3
"Total sex";"2023";"Self-employed";"45-49 years";"F Construction";526;426;341;341;176
"Total sex";"2023";"Self-employed";"45-49 years";"G Wholesale and retail trade";520;287;413;444;223
"Total sex";"2023";"Self-employed";"45-49 years";"H Transportation";205;50;76;98;43
"Total sex";"2023";"Self-employed";"45-49 years";"I Accommodation and food service activities";268;116;207;206;97
"Total sex";"2023";"Self-employed";"45-49 years";"JA Publishing, television and radio broadcasting";257;40;34;47;10
"Total sex";"2023";"Self-employed";"45-49 years";"JB Telecommunications";0;1;2;1;0
"Total sex";"2023";"Self-employed";"45-49 years";"JC IT and information service activities";437;96;92;140;40
"Total sex";"2023";"Self-employed";"45-49 years";"K Financial and insurance";20;11;12;17;4
"Total sex";"2023";"Self-employed";"45-49 years";"L Real estate activities";71;35;80;106;33
"Total sex";"2023";"Self-employed";"45-49 years";"MA Consultancy etc.";820;180;211;280;75
"Total sex";"2023";"Self-employed";"45-49 years";"MB Scientific research and development";10;2;2;1;2
"Total sex";"2023";"Self-employed";"45-49 years";"MC Advertising and other business services";643;133;193;248;73
"Total sex";"2023";"Self-employed";"45-49 years";"N Travel agent, cleaning, and other operationel services";431;228;250;266;118
"Total sex";"2023";"Self-employed";"45-49 years";"O Public administration, defence and compulsory social security";5;1;2;1;0
"Total sex";"2023";"Self-employed";"45-49 years";"P Education";319;116;113;147;45
"Total sex";"2023";"Self-employed";"45-49 years";"QA Human health activities";1025;354;529;643;251
"Total sex";"2023";"Self-employed";"45-49 years";"QB Residential care";51;23;22;14;14
"Total sex";"2023";"Self-employed";"45-49 years";"R Arts, entertainment and recreation activities";437;82;101;106;33
"Total sex";"2023";"Self-employed";"45-49 years";"S Other service activities etc.";549;222;335;375;172
"Total sex";"2023";"Self-employed";"45-49 years";"X Activity not stated";256;46;48;78;35
"Total sex";"2023";"Self-employed";"50-54 years";"A Agriculture, forestry and fishing";114;289;549;518;333
"Total sex";"2023";"Self-employed";"50-54 years";"B Mining and quarrying";0;0;4;0;3
"Total sex";"2023";"Self-employed";"50-54 years";"CA Manufacture of food products, beverages and tobacco";30;20;19;18;13
"Total sex";"2023";"Self-employed";"50-54 years";"CB Textiles and leather products";35;10;19;16;9
"Total sex";"2023";"Self-employed";"50-54 years";"CC Wood and paper products and printing";18;7;9;14;6
"Total sex";"2023";"Self-employed";"50-54 years";"CD Oil refinery etc.";0;0;0;0;0
"Total sex";"2023";"Self-employed";"50-54 years";"CE Manufacture of chemicals";1;0;1;0;0
"Total sex";"2023";"Self-employed";"50-54 years";"CF Pharmaceuticals";2;0;1;0;0
"Total sex";"2023";"Self-employed";"50-54 years";"CG Manufacture of plastic, glass and concrete";19;5;9;8;8
"Total sex";"2023";"Self-employed";"50-54 years";"CH Basic metals and fabricated metal products";18;29;37;36;18
"Total sex";"2023";"Self-employed";"50-54 years";"CI Manufacture of electronic components";2;0;2;3;1
"Total sex";"2023";"Self-employed";"50-54 years";"CJ Electrical equipment";1;1;3;3;0
"Total sex";"2023";"Self-employed";"50-54 years";"CK Manufacture of machinery";7;12;9;11;3
"Total sex";"2023";"Self-employed";"50-54 years";"CL Transport equipment";0;0;5;2;1
"Total sex";"2023";"Self-employed";"50-54 years";"CM Manufacture of funiture and other manufacturing";85;62;88;73;41
"Total sex";"2023";"Self-employed";"50-54 years";"D Electricity, gas, steam and air conditioning supply";2;4;4;13;5
"Total sex";"2023";"Self-employed";"50-54 years";"E Water supply, sewerage and waste management";3;3;5;4;2
"Total sex";"2023";"Self-employed";"50-54 years";"F Construction";586;412;355;382;203
"Total sex";"2023";"Self-employed";"50-54 years";"G Wholesale and retail trade";657;358;513;524;244
"Total sex";"2023";"Self-employed";"50-54 years";"H Transportation";227;95;117;116;48
"Total sex";"2023";"Self-employed";"50-54 years";"I Accommodation and food service activities";319;153;209;185;110
"Total sex";"2023";"Self-employed";"50-54 years";"JA Publishing, television and radio broadcasting";242;18;37;38;15
"Total sex";"2023";"Self-employed";"50-54 years";"JB Telecommunications";1;0;1;0;0
"Total sex";"2023";"Self-employed";"50-54 years";"JC IT and information service activities";472;113;98;123;34
"Total sex";"2023";"Self-employed";"50-54 years";"K Financial and insurance";13;5;6;20;9
"Total sex";"2023";"Self-employed";"50-54 years";"L Real estate activities";99;66;86;138;57
"Total sex";"2023";"Self-employed";"50-54 years";"MA Consultancy etc.";952;240;254;365;99
"Total sex";"2023";"Self-employed";"50-54 years";"MB Scientific research and development";9;4;2;7;3
"Total sex";"2023";"Self-employed";"50-54 years";"MC Advertising and other business services";680;129;189;243;56
"Total sex";"2023";"Self-employed";"50-54 years";"N Travel agent, cleaning, and other operationel services";467;273;303;273;115
"Total sex";"2023";"Self-employed";"50-54 years";"O Public administration, defence and compulsory social security";3;1;2;4;1
"Total sex";"2023";"Self-employed";"50-54 years";"P Education";329;135;117;164;53
"Total sex";"2023";"Self-employed";"50-54 years";"QA Human health activities";1048;415;611;618;221
"Total sex";"2023";"Self-employed";"50-54 years";"QB Residential care";57;14;24;18;19
"Total sex";"2023";"Self-employed";"50-54 years";"R Arts, entertainment and recreation activities";345;53;96;106;32
"Total sex";"2023";"Self-employed";"50-54 years";"S Other service activities etc.";525;264;343;343;147
"Total sex";"2023";"Self-employed";"50-54 years";"X Activity not stated";248;55;60;89;42
"Total sex";"2023";"Self-employed";"55-59 years";"A Agriculture, forestry and fishing";188;401;870;828;483
"Total sex";"2023";"Self-employed";"55-59 years";"B Mining and quarrying";3;1;5;0;1
"Total sex";"2023";"Self-employed";"55-59 years";"CA Manufacture of food products, beverages and tobacco";24;15;28;13;21
"Total sex";"2023";"Self-employed";"55-59 years";"CB Textiles and leather products";39;9;23;19;12
"Total sex";"2023";"Self-employed";"55-59 years";"CC Wood and paper products and printing";11;11;16;11;13
"Total sex";"2023";"Self-employed";"55-59 years";"CD Oil refinery etc.";0;0;0;0;0
"Total sex";"2023";"Self-employed";"55-59 years";"CE Manufacture of chemicals";2;0;2;0;0
"Total sex";"2023";"Self-employed";"55-59 years";"CF Pharmaceuticals";2;0;0;0;0
"Total sex";"2023";"Self-employed";"55-59 years";"CG Manufacture of plastic, glass and concrete";17;7;9;9;13
"Total sex";"2023";"Self-employed";"55-59 years";"CH Basic metals and fabricated metal products";20;28;41;26;20
"Total sex";"2023";"Self-employed";"55-59 years";"CI Manufacture of electronic components";0;3;2;1;0
"Total sex";"2023";"Self-employed";"55-59 years";"CJ Electrical equipment";0;0;3;1;0
"Total sex";"2023";"Self-employed";"55-59 years";"CK Manufacture of machinery";4;11;13;13;6
"Total sex";"2023";"Self-employed";"55-59 years";"CL Transport equipment";2;0;3;0;0
"Total sex";"2023";"Self-employed";"55-59 years";"CM Manufacture of funiture and other manufacturing";81;64;87;77;45
"Total sex";"2023";"Self-employed";"55-59 years";"D Electricity, gas, steam and air conditioning supply";1;2;7;16;17
"Total sex";"2023";"Self-employed";"55-59 years";"E Water supply, sewerage and waste management";6;8;5;4;5
"Total sex";"2023";"Self-employed";"55-59 years";"F Construction";604;443;384;346;169
"Total sex";"2023";"Self-employed";"55-59 years";"G Wholesale and retail trade";772;430;581;621;303
"Total sex";"2023";"Self-employed";"55-59 years";"H Transportation";338;129;134;142;70
"Total sex";"2023";"Self-employed";"55-59 years";"I Accommodation and food service activities";335;162;218;215;102
"Total sex";"2023";"Self-employed";"55-59 years";"JA Publishing, television and radio broadcasting";179;21;25;37;9
"Total sex";"2023";"Self-employed";"55-59 years";"JB Telecommunications";3;2;2;3;0
"Total sex";"2023";"Self-employed";"55-59 years";"JC IT and information service activities";408;130;93;138;29
"Total sex";"2023";"Self-employed";"55-59 years";"K Financial and insurance";20;13;16;13;8
"Total sex";"2023";"Self-employed";"55-59 years";"L Real estate activities";119;73;161;157;62
"Total sex";"2023";"Self-employed";"55-59 years";"MA Consultancy etc.";1070;307;303;392;128
"Total sex";"2023";"Self-employed";"55-59 years";"MB Scientific research and development";13;5;1;6;0
"Total sex";"2023";"Self-employed";"55-59 years";"MC Advertising and other business services";575;132;150;220;52
"Total sex";"2023";"Self-employed";"55-59 years";"N Travel agent, cleaning, and other operationel services";485;309;320;300;127
"Total sex";"2023";"Self-employed";"55-59 years";"O Public administration, defence and compulsory social security";1;2;1;1;0
"Total sex";"2023";"Self-employed";"55-59 years";"P Education";289;121;108;165;36
"Total sex";"2023";"Self-employed";"55-59 years";"QA Human health activities";1000;348;558;589;234
"Total sex";"2023";"Self-employed";"55-59 years";"QB Residential care";45;25;9;16;15
"Total sex";"2023";"Self-employed";"55-59 years";"R Arts, entertainment and recreation activities";291;56;74;70;36
"Total sex";"2023";"Self-employed";"55-59 years";"S Other service activities etc.";516;237;304;324;148
"Total sex";"2023";"Self-employed";"55-59 years";"X Activity not stated";245;58;86;91;37
"Total sex";"2023";"Self-employed";"60-64 years";"A Agriculture, forestry and fishing";206;581;965;1000;644
"Total sex";"2023";"Self-employed";"60-64 years";"B Mining and quarrying";4;3;2;3;3
"Total sex";"2023";"Self-employed";"60-64 years";"CA Manufacture of food products, beverages and tobacco";11;8;14;16;12
"Total sex";"2023";"Self-employed";"60-64 years";"CB Textiles and leather products";24;17;18;26;9
"Total sex";"2023";"Self-employed";"60-64 years";"CC Wood and paper products and printing";19;10;13;14;3
"Total sex";"2023";"Self-employed";"60-64 years";"CD Oil refinery etc.";0;0;0;0;0
"Total sex";"2023";"Self-employed";"60-64 years";"CE Manufacture of chemicals";4;1;1;2;0
"Total sex";"2023";"Self-employed";"60-64 years";"CF Pharmaceuticals";1;0;0;0;0
"Total sex";"2023";"Self-employed";"60-64 years";"CG Manufacture of plastic, glass and concrete";15;11;16;16;8
"Total sex";"2023";"Self-employed";"60-64 years";"CH Basic metals and fabricated metal products";25;17;29;26;13
"Total sex";"2023";"Self-employed";"60-64 years";"CI Manufacture of electronic components";7;0;1;3;1
"Total sex";"2023";"Self-employed";"60-64 years";"CJ Electrical equipment";1;3;3;1;2
"Total sex";"2023";"Self-employed";"60-64 years";"CK Manufacture of machinery";5;7;12;9;4
"Total sex";"2023";"Self-employed";"60-64 years";"CL Transport equipment";4;2;2;2;2
"Total sex";"2023";"Self-employed";"60-64 years";"CM Manufacture of funiture and other manufacturing";63;45;77;82;28
"Total sex";"2023";"Self-employed";"60-64 years";"D Electricity, gas, steam and air conditioning supply";3;3;13;22;19
"Total sex";"2023";"Self-employed";"60-64 years";"E Water supply, sewerage and waste management";1;6;4;4;5
"Total sex";"2023";"Self-employed";"60-64 years";"F Construction";472;379;314;299;191
"Total sex";"2023";"Self-employed";"60-64 years";"G Wholesale and retail trade";683;365;523;525;211
"Total sex";"2023";"Self-employed";"60-64 years";"H Transportation";235;133;161;172;97
"Total sex";"2023";"Self-employed";"60-64 years";"I Accommodation and food service activities";213;111;189;163;89
"Total sex";"2023";"Self-employed";"60-64 years";"JA Publishing, television and radio broadcasting";104;21;25;23;8
"Total sex";"2023";"Self-employed";"60-64 years";"JB Telecommunications";1;0;1;1;0
"Total sex";"2023";"Self-employed";"60-64 years";"JC IT and information service activities";286;88;69;76;24
"Total sex";"2023";"Self-employed";"60-64 years";"K Financial and insurance";33;13;18;25;6
"Total sex";"2023";"Self-employed";"60-64 years";"L Real estate activities";168;100;194;200;76
"Total sex";"2023";"Self-employed";"60-64 years";"MA Consultancy etc.";955;267;297;341;112
"Total sex";"2023";"Self-employed";"60-64 years";"MB Scientific research and development";15;1;1;5;3
"Total sex";"2023";"Self-employed";"60-64 years";"MC Advertising and other business services";425;101;116;180;44
"Total sex";"2023";"Self-employed";"60-64 years";"N Travel agent, cleaning, and other operationel services";396;275;291;275;108
"Total sex";"2023";"Self-employed";"60-64 years";"O Public administration, defence and compulsory social security";5;2;1;4;0
"Total sex";"2023";"Self-employed";"60-64 years";"P Education";192;84;112;106;35
"Total sex";"2023";"Self-employed";"60-64 years";"QA Human health activities";847;331;503;510;184
"Total sex";"2023";"Self-employed";"60-64 years";"QB Residential care";36;26;11;11;18
"Total sex";"2023";"Self-employed";"60-64 years";"R Arts, entertainment and recreation activities";225;67;54;89;25
"Total sex";"2023";"Self-employed";"60-64 years";"S Other service activities etc.";383;197;238;224;111
"Total sex";"2023";"Self-employed";"60-64 years";"X Activity not stated";186;76;100;107;55
"Total sex";"2023";"Self-employed";"65-66 years";"A Agriculture, forestry and fishing";90;287;421;466;272
"Total sex";"2023";"Self-employed";"65-66 years";"B Mining and quarrying";0;0;1;0;0
"Total sex";"2023";"Self-employed";"65-66 years";"CA Manufacture of food products, beverages and tobacco";4;5;6;8;4
"Total sex";"2023";"Self-employed";"65-66 years";"CB Textiles and leather products";8;4;3;5;1
"Total sex";"2023";"Self-employed";"65-66 years";"CC Wood and paper products and printing";9;4;7;10;6
"Total sex";"2023";"Self-employed";"65-66 years";"CD Oil refinery etc.";0;0;0;0;0
"Total sex";"2023";"Self-employed";"65-66 years";"CE Manufacture of chemicals";1;0;1;0;1
"Total sex";"2023";"Self-employed";"65-66 years";"CF Pharmaceuticals";1;0;0;1;0
"Total sex";"2023";"Self-employed";"65-66 years";"CG Manufacture of plastic, glass and concrete";2;5;2;1;1
"Total sex";"2023";"Self-employed";"65-66 years";"CH Basic metals and fabricated metal products";6;9;8;9;5
"Total sex";"2023";"Self-employed";"65-66 years";"CI Manufacture of electronic components";3;0;0;0;1
"Total sex";"2023";"Self-employed";"65-66 years";"CJ Electrical equipment";0;2;2;1;1
"Total sex";"2023";"Self-employed";"65-66 years";"CK Manufacture of machinery";2;4;7;6;2
"Total sex";"2023";"Self-employed";"65-66 years";"CL Transport equipment";0;1;2;0;1
"Total sex";"2023";"Self-employed";"65-66 years";"CM Manufacture of funiture and other manufacturing";24;12;17;23;12
"Total sex";"2023";"Self-employed";"65-66 years";"D Electricity, gas, steam and air conditioning supply";3;3;7;11;19
"Total sex";"2023";"Self-employed";"65-66 years";"E Water supply, sewerage and waste management";2;1;1;2;0
"Total sex";"2023";"Self-employed";"65-66 years";"F Construction";115;110;97;115;53
"Total sex";"2023";"Self-employed";"65-66 years";"G Wholesale and retail trade";164;101;173;168;87
"Total sex";"2023";"Self-employed";"65-66 years";"H Transportation";73;44;41;52;28
"Total sex";"2023";"Self-employed";"65-66 years";"I Accommodation and food service activities";56;31;43;30;21
"Total sex";"2023";"Self-employed";"65-66 years";"JA Publishing, television and radio broadcasting";26;5;9;9;5
"Total sex";"2023";"Self-employed";"65-66 years";"JB Telecommunications";1;1;0;0;0
"Total sex";"2023";"Self-employed";"65-66 years";"JC IT and information service activities";80;20;24;31;8
"Total sex";"2023";"Self-employed";"65-66 years";"K Financial and insurance";8;1;7;7;4
"Total sex";"2023";"Self-employed";"65-66 years";"L Real estate activities";48;52;93;99;53
"Total sex";"2023";"Self-employed";"65-66 years";"MA Consultancy etc.";286;100;115;123;52
"Total sex";"2023";"Self-employed";"65-66 years";"MB Scientific research and development";3;1;2;1;1
"Total sex";"2023";"Self-employed";"65-66 years";"MC Advertising and other business services";127;23;34;63;21
"Total sex";"2023";"Self-employed";"65-66 years";"N Travel agent, cleaning, and other operationel services";116;69;72;86;47
"Total sex";"2023";"Self-employed";"65-66 years";"O Public administration, defence and compulsory social security";1;0;0;1;0
"Total sex";"2023";"Self-employed";"65-66 years";"P Education";71;27;27;39;10
"Total sex";"2023";"Self-employed";"65-66 years";"QA Human health activities";242;85;141;187;57
"Total sex";"2023";"Self-employed";"65-66 years";"QB Residential care";7;5;4;5;4
"Total sex";"2023";"Self-employed";"65-66 years";"R Arts, entertainment and recreation activities";60;15;19;27;8
"Total sex";"2023";"Self-employed";"65-66 years";"S Other service activities etc.";74;51;60;59;10
"Total sex";"2023";"Self-employed";"65-66 years";"X Activity not stated";6;1;6;9;4
"Total sex";"2023";"Self-employed";"67 years and over";"A Agriculture, forestry and fishing";667;1962;3076;3705;2200
"Total sex";"2023";"Self-employed";"67 years and over";"B Mining and quarrying";1;1;6;4;6
"Total sex";"2023";"Self-employed";"67 years and over";"CA Manufacture of food products, beverages and tobacco";12;14;20;19;6
"Total sex";"2023";"Self-employed";"67 years and over";"CB Textiles and leather products";37;21;21;21;19
"Total sex";"2023";"Self-employed";"67 years and over";"CC Wood and paper products and printing";39;26;27;40;19
"Total sex";"2023";"Self-employed";"67 years and over";"CD Oil refinery etc.";1;0;0;0;0
"Total sex";"2023";"Self-employed";"67 years and over";"CE Manufacture of chemicals";4;2;0;4;0
"Total sex";"2023";"Self-employed";"67 years and over";"CF Pharmaceuticals";1;0;0;0;0
"Total sex";"2023";"Self-employed";"67 years and over";"CG Manufacture of plastic, glass and concrete";30;25;23;33;22
"Total sex";"2023";"Self-employed";"67 years and over";"CH Basic metals and fabricated metal products";30;39;54;48;31
"Total sex";"2023";"Self-employed";"67 years and over";"CI Manufacture of electronic components";13;4;3;5;3
"Total sex";"2023";"Self-employed";"67 years and over";"CJ Electrical equipment";4;5;6;6;1
"Total sex";"2023";"Self-employed";"67 years and over";"CK Manufacture of machinery";11;13;20;21;9
"Total sex";"2023";"Self-employed";"67 years and over";"CL Transport equipment";4;3;3;7;1
"Total sex";"2023";"Self-employed";"67 years and over";"CM Manufacture of funiture and other manufacturing";118;109;95;102;52
"Total sex";"2023";"Self-employed";"67 years and over";"D Electricity, gas, steam and air conditioning supply";15;49;59;115;96
"Total sex";"2023";"Self-employed";"67 years and over";"E Water supply, sewerage and waste management";3;9;5;8;5
"Total sex";"2023";"Self-employed";"67 years and over";"F Construction";425;411;372;489;241
"Total sex";"2023";"Self-employed";"67 years and over";"G Wholesale and retail trade";809;600;834;934;439
"Total sex";"2023";"Self-employed";"67 years and over";"H Transportation";271;147;170;207;85
"Total sex";"2023";"Self-employed";"67 years and over";"I Accommodation and food service activities";137;87;154;142;73
"Total sex";"2023";"Self-employed";"67 years and over";"JA Publishing, television and radio broadcasting";156;46;47;61;17
"Total sex";"2023";"Self-employed";"67 years and over";"JB Telecommunications";1;1;1;3;1
"Total sex";"2023";"Self-employed";"67 years and over";"JC IT and information service activities";299;89;97;113;42
"Total sex";"2023";"Self-employed";"67 years and over";"K Financial and insurance";35;7;20;36;10
"Total sex";"2023";"Self-employed";"67 years and over";"L Real estate activities";796;647;1228;1266;588
"Total sex";"2023";"Self-employed";"67 years and over";"MA Consultancy etc.";1603;572;633;713;277
"Total sex";"2023";"Self-employed";"67 years and over";"MB Scientific research and development";35;10;4;3;1
"Total sex";"2023";"Self-employed";"67 years and over";"MC Advertising and other business services";555;155;198;223;85
"Total sex";"2023";"Self-employed";"67 years and over";"N Travel agent, cleaning, and other operationel services";444;243;251;289;129
"Total sex";"2023";"Self-employed";"67 years and over";"O Public administration, defence and compulsory social security";11;0;2;0;3
"Total sex";"2023";"Self-employed";"67 years and over";"P Education";200;80;66;113;33
"Total sex";"2023";"Self-employed";"67 years and over";"QA Human health activities";811;310;394;448;191
"Total sex";"2023";"Self-employed";"67 years and over";"QB Residential care";19;14;13;9;4
"Total sex";"2023";"Self-employed";"67 years and over";"R Arts, entertainment and recreation activities";249;86;95;118;41
"Total sex";"2023";"Self-employed";"67 years and over";"S Other service activities etc.";246;141;208;212;92
"Total sex";"2023";"Self-employed";"67 years and over";"X Activity not stated";0;1;4;2;0
"Total sex";"2023";"Assisting spouses";"Under 16 years";"A Agriculture, forestry and fishing";0;0;0;0;0
"Total sex";"2023";"Assisting spouses";"Under 16 years";"B Mining and quarrying";0;0;0;0;0
"Total sex";"2023";"Assisting spouses";"Under 16 years";"CA Manufacture of food products, beverages and tobacco";0;0;0;0;0
"Total sex";"2023";"Assisting spouses";"Under 16 years";"CB Textiles and leather products";0;0;0;0;0
"Total sex";"2023";"Assisting spouses";"Under 16 years";"CC Wood and paper products and printing";0;0;0;0;0
"Total sex";"2023";"Assisting spouses";"Under 16 years";"CD Oil refinery etc.";0;0;0;0;0
"Total sex";"2023";"Assisting spouses";"Under 16 years";"CE Manufacture of chemicals";0;0;0;0;0
"Total sex";"2023";"Assisting spouses";"Under 16 years";"CF Pharmaceuticals";0;0;0;0;0
"Total sex";"2023";"Assisting spouses";"Under 16 years";"CG Manufacture of plastic, glass and concrete";0;0;0;0;0
"Total sex";"2023";"Assisting spouses";"Under 16 years";"CH Basic metals and fabricated metal products";0;0;0;0;0
"Total sex";"2023";"Assisting spouses";"Under 16 years";"CI Manufacture of electronic components";0;0;0;0;0
"Total sex";"2023";"Assisting spouses";"Under 16 years";"CJ Electrical equipment";0;0;0;0;0
"Total sex";"2023";"Assisting spouses";"Under 16 years";"CK Manufacture of machinery";0;0;0;0;0
"Total sex";"2023";"Assisting spouses";"Under 16 years";"CL Transport equipment";0;0;0;0;0
"Total sex";"2023";"Assisting spouses";"Under 16 years";"CM Manufacture of funiture and other manufacturing";0;0;0;0;0
"Total sex";"2023";"Assisting spouses";"Under 16 years";"D Electricity, gas, steam and air conditioning supply";0;0;0;0;0
"Total sex";"2023";"Assisting spouses";"Under 16 years";"E Water supply, sewerage and waste management";0;0;0;0;0
"Total sex";"2023";"Assisting spouses";"Under 16 years";"F Construction";0;0;0;0;0
"Total sex";"2023";"Assisting spouses";"Under 16 years";"G Wholesale and retail trade";0;0;0;0;0
"Total sex";"2023";"Assisting spouses";"Under 16 years";"H Transportation";0;0;0;0;0
"Total sex";"2023";"Assisting spouses";"Under 16 years";"I Accommodation and food service activities";0;0;0;0;0
"Total sex";"2023";"Assisting spouses";"Under 16 years";"JA Publishing, television and radio broadcasting";0;0;0;0;0
"Total sex";"2023";"Assisting spouses";"Under 16 years";"JB Telecommunications";0;0;0;0;0
"Total sex";"2023";"Assisting spouses";"Under 16 years";"JC IT and information service activities";0;0;0;0;0
"Total sex";"2023";"Assisting spouses";"Under 16 years";"K Financial and insurance";0;0;0;0;0
"Total sex";"2023";"Assisting spouses";"Under 16 years";"L Real estate activities";0;0;0;0;0
"Total sex";"2023";"Assisting spouses";"Under 16 years";"MA Consultancy etc.";0;0;0;0;0
"Total sex";"2023";"Assisting spouses";"Under 16 years";"MB Scientific research and development";0;0;0;0;0
"Total sex";"2023";"Assisting spouses";"Under 16 years";"MC Advertising and other business services";0;0;0;0;0
"Total sex";"2023";"Assisting spouses";"Under 16 years";"N Travel agent, cleaning, and other operationel services";0;0;0;0;0
"Total sex";"2023";"Assisting spouses";"Under 16 years";"O Public administration, defence and compulsory social security";0;0;0;0;0
"Total sex";"2023";"Assisting spouses";"Under 16 years";"P Education";0;0;0;0;0
"Total sex";"2023";"Assisting spouses";"Under 16 years";"QA Human health activities";0;0;0;0;0
"Total sex";"2023";"Assisting spouses";"Under 16 years";"QB Residential care";0;0;0;0;0
"Total sex";"2023";"Assisting spouses";"Under 16 years";"R Arts, entertainment and recreation activities";0;0;0;0;0
"Total sex";"2023";"Assisting spouses";"Under 16 years";"S Other service activities etc.";0;0;0;0;0
"Total sex";"2023";"Assisting spouses";"Under 16 years";"X Activity not stated";0;0;0;0;0
"Total sex";"2023";"Assisting spouses";"16-19 years";"A Agriculture, forestry and fishing";0;0;0;0;0
"Total sex";"2023";"Assisting spouses";"16-19 years";"B Mining and quarrying";0;0;0;0;0
"Total sex";"2023";"Assisting spouses";"16-19 years";"CA Manufacture of food products, beverages and tobacco";0;0;0;0;0
"Total sex";"2023";"Assisting spouses";"16-19 years";"CB Textiles and leather products";0;0;0;0;0
"Total sex";"2023";"Assisting spouses";"16-19 years";"CC Wood and paper products and printing";0;0;0;0;0
"Total sex";"2023";"Assisting spouses";"16-19 years";"CD Oil refinery etc.";0;0;0;0;0
"Total sex";"2023";"Assisting spouses";"16-19 years";"CE Manufacture of chemicals";0;0;0;0;0
"Total sex";"2023";"Assisting spouses";"16-19 years";"CF Pharmaceuticals";0;0;0;0;0
"Total sex";"2023";"Assisting spouses";"16-19 years";"CG Manufacture of plastic, glass and concrete";0;0;0;0;0
"Total sex";"2023";"Assisting spouses";"16-19 years";"CH Basic metals and fabricated metal products";0;0;0;0;0
"Total sex";"2023";"Assisting spouses";"16-19 years";"CI Manufacture of electronic components";0;0;0;0;0
"Total sex";"2023";"Assisting spouses";"16-19 years";"CJ Electrical equipment";0;0;0;0;0
"Total sex";"2023";"Assisting spouses";"16-19 years";"CK Manufacture of machinery";0;0;0;0;0
"Total sex";"2023";"Assisting spouses";"16-19 years";"CL Transport equipment";0;0;0;0;0
"Total sex";"2023";"Assisting spouses";"16-19 years";"CM Manufacture of funiture and other manufacturing";0;0;0;0;0
"Total sex";"2023";"Assisting spouses";"16-19 years";"D Electricity, gas, steam and air conditioning supply";0;0;0;0;0
"Total sex";"2023";"Assisting spouses";"16-19 years";"E Water supply, sewerage and waste management";0;0;0;0;0
"Total sex";"2023";"Assisting spouses";"16-19 years";"F Construction";0;0;0;0;0
"Total sex";"2023";"Assisting spouses";"16-19 years";"G Wholesale and retail trade";0;0;0;0;0
"Total sex";"2023";"Assisting spouses";"16-19 years";"H Transportation";0;0;0;0;0
"Total sex";"2023";"Assisting spouses";"16-19 years";"I Accommodation and food service activities";0;0;0;0;0
"Total sex";"2023";"Assisting spouses";"16-19 years";"JA Publishing, television and radio broadcasting";0;0;0;0;0
"Total sex";"2023";"Assisting spouses";"16-19 years";"JB Telecommunications";0;0;0;0;0
"Total sex";"2023";"Assisting spouses";"16-19 years";"JC IT and information service activities";0;0;0;0;0
"Total sex";"2023";"Assisting spouses";"16-19 years";"K Financial and insurance";0;0;0;0;0
"Total sex";"2023";"Assisting spouses";"16-19 years";"L Real estate activities";0;0;0;0;0
"Total sex";"2023";"Assisting spouses";"16-19 years";"MA Consultancy etc.";0;0;0;0;0
"Total sex";"2023";"Assisting spouses";"16-19 years";"MB Scientific research and development";0;0;0;0;0
"Total sex";"2023";"Assisting spouses";"16-19 years";"MC Advertising and other business services";0;0;0;0;0
"Total sex";"2023";"Assisting spouses";"16-19 years";"N Travel agent, cleaning, and other operationel services";0;0;0;0;0
"Total sex";"2023";"Assisting spouses";"16-19 years";"O Public administration, defence and compulsory social security";0;0;0;0;0
"Total sex";"2023";"Assisting spouses";"16-19 years";"P Education";0;0;0;0;0
"Total sex";"2023";"Assisting spouses";"16-19 years";"QA Human health activities";0;0;0;0;0
"Total sex";"2023";"Assisting spouses";"16-19 years";"QB Residential care";0;0;0;0;0
"Total sex";"2023";"Assisting spouses";"16-19 years";"R Arts, entertainment and recreation activities";0;0;0;0;0
"Total sex";"2023";"Assisting spouses";"16-19 years";"S Other service activities etc.";0;0;0;0;0
"Total sex";"2023";"Assisting spouses";"16-19 years";"X Activity not stated";0;0;0;0;0
"Total sex";"2023";"Assisting spouses";"20-24 years";"A Agriculture, forestry and fishing";0;0;0;0;0
"Total sex";"2023";"Assisting spouses";"20-24 years";"B Mining and quarrying";0;0;0;0;0
"Total sex";"2023";"Assisting spouses";"20-24 years";"CA Manufacture of food products, beverages and tobacco";0;0;0;0;0
"Total sex";"2023";"Assisting spouses";"20-24 years";"CB Textiles and leather products";0;0;0;0;0
"Total sex";"2023";"Assisting spouses";"20-24 years";"CC Wood and paper products and printing";0;0;0;0;0
"Total sex";"2023";"Assisting spouses";"20-24 years";"CD Oil refinery etc.";0;0;0;0;0
"Total sex";"2023";"Assisting spouses";"20-24 years";"CE Manufacture of chemicals";0;0;0;0;0
"Total sex";"2023";"Assisting spouses";"20-24 years";"CF Pharmaceuticals";0;0;0;0;0
"Total sex";"2023";"Assisting spouses";"20-24 years";"CG Manufacture of plastic, glass and concrete";0;0;0;0;0
"Total sex";"2023";"Assisting spouses";"20-24 years";"CH Basic metals and fabricated metal products";0;0;0;0;0
"Total sex";"2023";"Assisting spouses";"20-24 years";"CI Manufacture of electronic components";0;0;0;0;0
"Total sex";"2023";"Assisting spouses";"20-24 years";"CJ Electrical equipment";0;0;0;0;0
"Total sex";"2023";"Assisting spouses";"20-24 years";"CK Manufacture of machinery";0;0;0;0;0
"Total sex";"2023";"Assisting spouses";"20-24 years";"CL Transport equipment";0;0;0;0;0
"Total sex";"2023";"Assisting spouses";"20-24 years";"CM Manufacture of funiture and other manufacturing";0;0;0;0;0
"Total sex";"2023";"Assisting spouses";"20-24 years";"D Electricity, gas, steam and air conditioning supply";0;0;0;0;0
"Total sex";"2023";"Assisting spouses";"20-24 years";"E Water supply, sewerage and waste management";0;0;0;0;0
"Total sex";"2023";"Assisting spouses";"20-24 years";"F Construction";0;0;1;0;0
"Total sex";"2023";"Assisting spouses";"20-24 years";"G Wholesale and retail trade";0;0;0;0;0
"Total sex";"2023";"Assisting spouses";"20-24 years";"H Transportation";0;0;0;0;0
"Total sex";"2023";"Assisting spouses";"20-24 years";"I Accommodation and food service activities";0;0;0;0;0
"Total sex";"2023";"Assisting spouses";"20-24 years";"JA Publishing, television and radio broadcasting";0;0;0;0;0
"Total sex";"2023";"Assisting spouses";"20-24 years";"JB Telecommunications";0;0;0;0;0
"Total sex";"2023";"Assisting spouses";"20-24 years";"JC IT and information service activities";0;0;0;1;0
"Total sex";"2023";"Assisting spouses";"20-24 years";"K Financial and insurance";0;0;0;0;0
"Total sex";"2023";"Assisting spouses";"20-24 years";"L Real estate activities";0;0;0;0;0
"Total sex";"2023";"Assisting spouses";"20-24 years";"MA Consultancy etc.";0;0;0;0;0
"Total sex";"2023";"Assisting spouses";"20-24 years";"MB Scientific research and development";0;0;0;0;0
"Total sex";"2023";"Assisting spouses";"20-24 years";"MC Advertising and other business services";0;0;0;0;0
"Total sex";"2023";"Assisting spouses";"20-24 years";"N Travel agent, cleaning, and other operationel services";0;0;0;1;0
"Total sex";"2023";"Assisting spouses";"20-24 years";"O Public administration, defence and compulsory social security";0;0;0;0;0
"Total sex";"2023";"Assisting spouses";"20-24 years";"P Education";0;0;0;0;0
"Total sex";"2023";"Assisting spouses";"20-24 years";"QA Human health activities";0;0;0;0;0
"Total sex";"2023";"Assisting spouses";"20-24 years";"QB Residential care";0;0;0;0;0
"Total sex";"2023";"Assisting spouses";"20-24 years";"R Arts, entertainment and recreation activities";0;0;0;0;0
"Total sex";"2023";"Assisting spouses";"20-24 years";"S Other service activities etc.";0;0;0;0;0
"Total sex";"2023";"Assisting spouses";"20-24 years";"X Activity not stated";0;0;0;0;0
"Total sex";"2023";"Assisting spouses";"25-29 years";"A Agriculture, forestry and fishing";0;2;1;0;0
"Total sex";"2023";"Assisting spouses";"25-29 years";"B Mining and quarrying";0;0;0;0;0
"Total sex";"2023";"Assisting spouses";"25-29 years";"CA Manufacture of food products, beverages and tobacco";0;0;0;0;0
"Total sex";"2023";"Assisting spouses";"25-29 years";"CB Textiles and leather products";0;0;0;0;0
"Total sex";"2023";"Assisting spouses";"25-29 years";"CC Wood and paper products and printing";0;0;0;0;0
"Total sex";"2023";"Assisting spouses";"25-29 years";"CD Oil refinery etc.";0;0;0;0;0
"Total sex";"2023";"Assisting spouses";"25-29 years";"CE Manufacture of chemicals";0;0;0;0;0
"Total sex";"2023";"Assisting spouses";"25-29 years";"CF Pharmaceuticals";0;0;0;0;0
"Total sex";"2023";"Assisting spouses";"25-29 years";"CG Manufacture of plastic, glass and concrete";0;0;0;0;0
"Total sex";"2023";"Assisting spouses";"25-29 years";"CH Basic metals and fabricated metal products";0;0;0;0;0
"Total sex";"2023";"Assisting spouses";"25-29 years";"CI Manufacture of electronic components";0;0;0;0;0
"Total sex";"2023";"Assisting spouses";"25-29 years";"CJ Electrical equipment";0;0;0;0;0
"Total sex";"2023";"Assisting spouses";"25-29 years";"CK Manufacture of machinery";0;0;0;0;0
"Total sex";"2023";"Assisting spouses";"25-29 years";"CL Transport equipment";0;0;0;0;0
"Total sex";"2023";"Assisting spouses";"25-29 years";"CM Manufacture of funiture and other manufacturing";0;0;0;0;0
"Total sex";"2023";"Assisting spouses";"25-29 years";"D Electricity, gas, steam and air conditioning supply";0;0;0;0;0
"Total sex";"2023";"Assisting spouses";"25-29 years";"E Water supply, sewerage and waste management";0;0;0;0;0
"Total sex";"2023";"Assisting spouses";"25-29 years";"F Construction";2;3;2;1;1
"Total sex";"2023";"Assisting spouses";"25-29 years";"G Wholesale and retail trade";0;0;0;3;0
"Total sex";"2023";"Assisting spouses";"25-29 years";"H Transportation";0;1;0;0;0
"Total sex";"2023";"Assisting spouses";"25-29 years";"I Accommodation and food service activities";1;0;0;0;0
"Total sex";"2023";"Assisting spouses";"25-29 years";"JA Publishing, television and radio broadcasting";0;0;0;0;0
"Total sex";"2023";"Assisting spouses";"25-29 years";"JB Telecommunications";0;0;0;0;0
"Total sex";"2023";"Assisting spouses";"25-29 years";"JC IT and information service activities";1;1;0;1;0
"Total sex";"2023";"Assisting spouses";"25-29 years";"K Financial and insurance";0;0;0;0;0
"Total sex";"2023";"Assisting spouses";"25-29 years";"L Real estate activities";0;0;0;0;0
"Total sex";"2023";"Assisting spouses";"25-29 years";"MA Consultancy etc.";0;0;0;0;0
"Total sex";"2023";"Assisting spouses";"25-29 years";"MB Scientific research and development";0;0;0;0;0
"Total sex";"2023";"Assisting spouses";"25-29 years";"MC Advertising and other business services";0;0;0;1;0
"Total sex";"2023";"Assisting spouses";"25-29 years";"N Travel agent, cleaning, and other operationel services";8;1;3;3;0
"Total sex";"2023";"Assisting spouses";"25-29 years";"O Public administration, defence and compulsory social security";0;0;0;0;0
"Total sex";"2023";"Assisting spouses";"25-29 years";"P Education";1;0;0;0;0
"Total sex";"2023";"Assisting spouses";"25-29 years";"QA Human health activities";0;0;0;0;0
"Total sex";"2023";"Assisting spouses";"25-29 years";"QB Residential care";0;0;0;0;0
"Total sex";"2023";"Assisting spouses";"25-29 years";"R Arts, entertainment and recreation activities";0;0;0;0;0
"Total sex";"2023";"Assisting spouses";"25-29 years";"S Other service activities etc.";1;1;0;0;0
"Total sex";"2023";"Assisting spouses";"25-29 years";"X Activity not stated";0;0;0;0;0
"Total sex";"2023";"Assisting spouses";"30-34 years";"A Agriculture, forestry and fishing";2;2;7;0;4
"Total sex";"2023";"Assisting spouses";"30-34 years";"B Mining and quarrying";0;0;0;0;0
"Total sex";"2023";"Assisting spouses";"30-34 years";"CA Manufacture of food products, beverages and tobacco";0;0;0;0;0
"Total sex";"2023";"Assisting spouses";"30-34 years";"CB Textiles and leather products";0;0;0;0;0
"Total sex";"2023";"Assisting spouses";"30-34 years";"CC Wood and paper products and printing";0;0;0;0;0
"Total sex";"2023";"Assisting spouses";"30-34 years";"CD Oil refinery etc.";0;0;0;0;0
"Total sex";"2023";"Assisting spouses";"30-34 years";"CE Manufacture of chemicals";0;0;0;0;0
"Total sex";"2023";"Assisting spouses";"30-34 years";"CF Pharmaceuticals";0;0;0;0;0
"Total sex";"2023";"Assisting spouses";"30-34 years";"CG Manufacture of plastic, glass and concrete";1;0;0;0;0
"Total sex";"2023";"Assisting spouses";"30-34 years";"CH Basic metals and fabricated metal products";0;0;0;0;0
"Total sex";"2023";"Assisting spouses";"30-34 years";"CI Manufacture of electronic components";0;0;0;0;0
"Total sex";"2023";"Assisting spouses";"30-34 years";"CJ Electrical equipment";0;0;0;0;0
"Total sex";"2023";"Assisting spouses";"30-34 years";"CK Manufacture of machinery";0;0;0;0;0
"Total sex";"2023";"Assisting spouses";"30-34 years";"CL Transport equipment";0;0;0;0;0
"Total sex";"2023";"Assisting spouses";"30-34 years";"CM Manufacture of funiture and other manufacturing";1;0;0;0;0
"Total sex";"2023";"Assisting spouses";"30-34 years";"D Electricity, gas, steam and air conditioning supply";0;0;0;0;0
"Total sex";"2023";"Assisting spouses";"30-34 years";"E Water supply, sewerage and waste management";0;0;0;0;0
"Total sex";"2023";"Assisting spouses";"30-34 years";"F Construction";3;2;3;1;1
"Total sex";"2023";"Assisting spouses";"30-34 years";"G Wholesale and retail trade";2;1;1;4;0
"Total sex";"2023";"Assisting spouses";"30-34 years";"H Transportation";2;0;0;0;0
"Total sex";"2023";"Assisting spouses";"30-34 years";"I Accommodation and food service activities";0;2;1;0;0
"Total sex";"2023";"Assisting spouses";"30-34 years";"JA Publishing, television and radio broadcasting";0;0;0;1;0
"Total sex";"2023";"Assisting spouses";"30-34 years";"JB Telecommunications";0;0;0;0;0
"Total sex";"2023";"Assisting spouses";"30-34 years";"JC IT and information service activities";2;0;3;0;0
"Total sex";"2023";"Assisting spouses";"30-34 years";"K Financial and insurance";0;0;0;0;0
"Total sex";"2023";"Assisting spouses";"30-34 years";"L Real estate activities";0;0;0;0;0
"Total sex";"2023";"Assisting spouses";"30-34 years";"MA Consultancy etc.";0;0;1;1;0
"Total sex";"2023";"Assisting spouses";"30-34 years";"MB Scientific research and development";0;0;0;0;0
"Total sex";"2023";"Assisting spouses";"30-34 years";"MC Advertising and other business services";2;0;0;0;0
"Total sex";"2023";"Assisting spouses";"30-34 years";"N Travel agent, cleaning, and other operationel services";6;4;5;5;2
"Total sex";"2023";"Assisting spouses";"30-34 years";"O Public administration, defence and compulsory social security";0;0;0;0;0
"Total sex";"2023";"Assisting spouses";"30-34 years";"P Education";0;0;0;0;0
"Total sex";"2023";"Assisting spouses";"30-34 years";"QA Human health activities";0;0;0;1;0
"Total sex";"2023";"Assisting spouses";"30-34 years";"QB Residential care";0;0;0;0;0
"Total sex";"2023";"Assisting spouses";"30-34 years";"R Arts, entertainment and recreation activities";5;1;0;1;0
"Total sex";"2023";"Assisting spouses";"30-34 years";"S Other service activities etc.";2;0;0;0;0
"Total sex";"2023";"Assisting spouses";"30-34 years";"X Activity not stated";1;0;0;0;0
"Total sex";"2023";"Assisting spouses";"35-39 years";"A Agriculture, forestry and fishing";0;5;10;7;5
"Total sex";"2023";"Assisting spouses";"35-39 years";"B Mining and quarrying";0;0;0;0;0
"Total sex";"2023";"Assisting spouses";"35-39 years";"CA Manufacture of food products, beverages and tobacco";0;0;0;0;1
"Total sex";"2023";"Assisting spouses";"35-39 years";"CB Textiles and leather products";0;0;0;0;0
"Total sex";"2023";"Assisting spouses";"35-39 years";"CC Wood and paper products and printing";0;0;0;0;0
"Total sex";"2023";"Assisting spouses";"35-39 years";"CD Oil refinery etc.";0;0;0;0;0
"Total sex";"2023";"Assisting spouses";"35-39 years";"CE Manufacture of chemicals";0;0;0;0;0
"Total sex";"2023";"Assisting spouses";"35-39 years";"CF Pharmaceuticals";0;0;0;0;0
"Total sex";"2023";"Assisting spouses";"35-39 years";"CG Manufacture of plastic, glass and concrete";0;0;0;0;0
"Total sex";"2023";"Assisting spouses";"35-39 years";"CH Basic metals and fabricated metal products";0;1;0;0;0
"Total sex";"2023";"Assisting spouses";"35-39 years";"CI Manufacture of electronic components";0;0;0;0;0
"Total sex";"2023";"Assisting spouses";"35-39 years";"CJ Electrical equipment";1;1;0;0;0
"Total sex";"2023";"Assisting spouses";"35-39 years";"CK Manufacture of machinery";0;0;0;0;0
"Total sex";"2023";"Assisting spouses";"35-39 years";"CL Transport equipment";0;0;0;0;0
"Total sex";"2023";"Assisting spouses";"35-39 years";"CM Manufacture of funiture and other manufacturing";0;1;0;0;0
"Total sex";"2023";"Assisting spouses";"35-39 years";"D Electricity, gas, steam and air conditioning supply";0;0;0;0;0
"Total sex";"2023";"Assisting spouses";"35-39 years";"E Water supply, sewerage and waste management";0;0;0;0;0
"Total sex";"2023";"Assisting spouses";"35-39 years";"F Construction";4;4;5;2;0
"Total sex";"2023";"Assisting spouses";"35-39 years";"G Wholesale and retail trade";4;4;6;2;0
"Total sex";"2023";"Assisting spouses";"35-39 years";"H Transportation";5;0;0;0;0
"Total sex";"2023";"Assisting spouses";"35-39 years";"I Accommodation and food service activities";4;1;4;2;1
"Total sex";"2023";"Assisting spouses";"35-39 years";"JA Publishing, television and radio broadcasting";2;1;0;0;0
"Total sex";"2023";"Assisting spouses";"35-39 years";"JB Telecommunications";0;0;0;0;0
"Total sex";"2023";"Assisting spouses";"35-39 years";"JC IT and information service activities";4;0;1;0;1
"Total sex";"2023";"Assisting spouses";"35-39 years";"K Financial and insurance";0;0;0;0;0
"Total sex";"2023";"Assisting spouses";"35-39 years";"L Real estate activities";0;0;0;0;0
"Total sex";"2023";"Assisting spouses";"35-39 years";"MA Consultancy etc.";1;1;0;2;0
"Total sex";"2023";"Assisting spouses";"35-39 years";"MB Scientific research and development";0;0;0;0;0
"Total sex";"2023";"Assisting spouses";"35-39 years";"MC Advertising and other business services";1;0;0;1;1
"Total sex";"2023";"Assisting spouses";"35-39 years";"N Travel agent, cleaning, and other operationel services";12;2;3;5;3
"Total sex";"2023";"Assisting spouses";"35-39 years";"O Public administration, defence and compulsory social security";0;0;0;0;0
"Total sex";"2023";"Assisting spouses";"35-39 years";"P Education";2;0;0;1;0
"Total sex";"2023";"Assisting spouses";"35-39 years";"QA Human health activities";2;0;3;1;0
"Total sex";"2023";"Assisting spouses";"35-39 years";"QB Residential care";0;0;0;0;0
"Total sex";"2023";"Assisting spouses";"35-39 years";"R Arts, entertainment and recreation activities";2;1;0;3;0
"Total sex";"2023";"Assisting spouses";"35-39 years";"S Other service activities etc.";0;1;0;2;2
"Total sex";"2023";"Assisting spouses";"35-39 years";"X Activity not stated";2;0;1;1;0
"Total sex";"2023";"Assisting spouses";"40-44 years";"A Agriculture, forestry and fishing";1;7;16;10;12
"Total sex";"2023";"Assisting spouses";"40-44 years";"B Mining and quarrying";0;0;0;0;0
"Total sex";"2023";"Assisting spouses";"40-44 years";"CA Manufacture of food products, beverages and tobacco";0;0;0;0;1
"Total sex";"2023";"Assisting spouses";"40-44 years";"CB Textiles and leather products";0;0;0;1;0
"Total sex";"2023";"Assisting spouses";"40-44 years";"CC Wood and paper products and printing";0;0;0;0;0
"Total sex";"2023";"Assisting spouses";"40-44 years";"CD Oil refinery etc.";0;0;0;0;0
"Total sex";"2023";"Assisting spouses";"40-44 years";"CE Manufacture of chemicals";0;0;0;0;0
"Total sex";"2023";"Assisting spouses";"40-44 years";"CF Pharmaceuticals";0;0;0;0;0
"Total sex";"2023";"Assisting spouses";"40-44 years";"CG Manufacture of plastic, glass and concrete";0;0;0;0;0
"Total sex";"2023";"Assisting spouses";"40-44 years";"CH Basic metals and fabricated metal products";0;1;0;0;0
"Total sex";"2023";"Assisting spouses";"40-44 years";"CI Manufacture of electronic components";0;0;0;0;0
"Total sex";"2023";"Assisting spouses";"40-44 years";"CJ Electrical equipment";0;0;0;0;0
"Total sex";"2023";"Assisting spouses";"40-44 years";"CK Manufacture of machinery";0;0;0;0;0
"Total sex";"2023";"Assisting spouses";"40-44 years";"CL Transport equipment";1;0;0;0;0
"Total sex";"2023";"Assisting spouses";"40-44 years";"CM Manufacture of funiture and other manufacturing";0;1;1;0;0
"Total sex";"2023";"Assisting spouses";"40-44 years";"D Electricity, gas, steam and air conditioning supply";0;0;0;0;0
"Total sex";"2023";"Assisting spouses";"40-44 years";"E Water supply, sewerage and waste management";0;0;0;0;0
"Total sex";"2023";"Assisting spouses";"40-44 years";"F Construction";5;3;3;3;1
"Total sex";"2023";"Assisting spouses";"40-44 years";"G Wholesale and retail trade";7;6;5;4;2
"Total sex";"2023";"Assisting spouses";"40-44 years";"H Transportation";4;1;2;1;1
"Total sex";"2023";"Assisting spouses";"40-44 years";"I Accommodation and food service activities";1;5;4;4;1
"Total sex";"2023";"Assisting spouses";"40-44 years";"JA Publishing, television and radio broadcasting";1;0;1;0;0
"Total sex";"2023";"Assisting spouses";"40-44 years";"JB Telecommunications";0;0;0;0;0
"Total sex";"2023";"Assisting spouses";"40-44 years";"JC IT and information service activities";1;3;4;2;0
"Total sex";"2023";"Assisting spouses";"40-44 years";"K Financial and insurance";0;0;0;0;1
"Total sex";"2023";"Assisting spouses";"40-44 years";"L Real estate activities";1;0;2;0;0
"Total sex";"2023";"Assisting spouses";"40-44 years";"MA Consultancy etc.";7;0;2;1;1
"Total sex";"2023";"Assisting spouses";"40-44 years";"MB Scientific research and development";0;0;0;0;0
"Total sex";"2023";"Assisting spouses";"40-44 years";"MC Advertising and other business services";1;1;1;2;0
"Total sex";"2023";"Assisting spouses";"40-44 years";"N Travel agent, cleaning, and other operationel services";9;2;8;12;2
"Total sex";"2023";"Assisting spouses";"40-44 years";"O Public administration, defence and compulsory social security";0;0;0;0;0
"Total sex";"2023";"Assisting spouses";"40-44 years";"P Education";3;0;2;1;1
"Total sex";"2023";"Assisting spouses";"40-44 years";"QA Human health activities";5;3;1;1;1
"Total sex";"2023";"Assisting spouses";"40-44 years";"QB Residential care";0;0;0;0;0
"Total sex";"2023";"Assisting spouses";"40-44 years";"R Arts, entertainment and recreation activities";2;1;2;0;0
"Total sex";"2023";"Assisting spouses";"40-44 years";"S Other service activities etc.";3;1;0;0;0
"Total sex";"2023";"Assisting spouses";"40-44 years";"X Activity not stated";0;1;0;1;0
"Total sex";"2023";"Assisting spouses";"45-49 years";"A Agriculture, forestry and fishing";5;9;22;15;11
"Total sex";"2023";"Assisting spouses";"45-49 years";"B Mining and quarrying";0;0;0;0;0
"Total sex";"2023";"Assisting spouses";"45-49 years";"CA Manufacture of food products, beverages and tobacco";0;1;1;0;0
"Total sex";"2023";"Assisting spouses";"45-49 years";"CB Textiles and leather products";0;0;0;1;0
"Total sex";"2023";"Assisting spouses";"45-49 years";"CC Wood and paper products and printing";0;0;0;0;0
"Total sex";"2023";"Assisting spouses";"45-49 years";"CD Oil refinery etc.";0;0;0;0;0
"Total sex";"2023";"Assisting spouses";"45-49 years";"CE Manufacture of chemicals";0;0;0;0;0
"Total sex";"2023";"Assisting spouses";"45-49 years";"CF Pharmaceuticals";0;0;0;0;0
"Total sex";"2023";"Assisting spouses";"45-49 years";"CG Manufacture of plastic, glass and concrete";0;0;0;0;0
"Total sex";"2023";"Assisting spouses";"45-49 years";"CH Basic metals and fabricated metal products";0;0;1;0;0
"Total sex";"2023";"Assisting spouses";"45-49 years";"CI Manufacture of electronic components";0;0;0;0;0
"Total sex";"2023";"Assisting spouses";"45-49 years";"CJ Electrical equipment";0;0;0;0;0
"Total sex";"2023";"Assisting spouses";"45-49 years";"CK Manufacture of machinery";0;0;0;0;0
"Total sex";"2023";"Assisting spouses";"45-49 years";"CL Transport equipment";0;0;0;0;0
"Total sex";"2023";"Assisting spouses";"45-49 years";"CM Manufacture of funiture and other manufacturing";0;0;0;0;0
"Total sex";"2023";"Assisting spouses";"45-49 years";"D Electricity, gas, steam and air conditioning supply";0;0;0;0;0
"Total sex";"2023";"Assisting spouses";"45-49 years";"E Water supply, sewerage and waste management";0;0;0;0;0
"Total sex";"2023";"Assisting spouses";"45-49 years";"F Construction";4;3;6;5;0
"Total sex";"2023";"Assisting spouses";"45-49 years";"G Wholesale and retail trade";7;6;7;4;3
"Total sex";"2023";"Assisting spouses";"45-49 years";"H Transportation";9;2;0;2;1
"Total sex";"2023";"Assisting spouses";"45-49 years";"I Accommodation and food service activities";1;4;5;7;2
"Total sex";"2023";"Assisting spouses";"45-49 years";"JA Publishing, television and radio broadcasting";3;0;1;0;0
"Total sex";"2023";"Assisting spouses";"45-49 years";"JB Telecommunications";0;0;1;0;0
"Total sex";"2023";"Assisting spouses";"45-49 years";"JC IT and information service activities";7;3;3;2;0
"Total sex";"2023";"Assisting spouses";"45-49 years";"K Financial and insurance";0;0;0;1;0
"Total sex";"2023";"Assisting spouses";"45-49 years";"L Real estate activities";3;0;1;0;1
"Total sex";"2023";"Assisting spouses";"45-49 years";"MA Consultancy etc.";8;1;4;1;0
"Total sex";"2023";"Assisting spouses";"45-49 years";"MB Scientific research and development";0;0;0;0;0
"Total sex";"2023";"Assisting spouses";"45-49 years";"MC Advertising and other business services";4;2;1;2;0
"Total sex";"2023";"Assisting spouses";"45-49 years";"N Travel agent, cleaning, and other operationel services";10;9;8;11;1
"Total sex";"2023";"Assisting spouses";"45-49 years";"O Public administration, defence and compulsory social security";0;0;0;0;0
"Total sex";"2023";"Assisting spouses";"45-49 years";"P Education";1;0;2;0;0
"Total sex";"2023";"Assisting spouses";"45-49 years";"QA Human health activities";9;0;3;2;0
"Total sex";"2023";"Assisting spouses";"45-49 years";"QB Residential care";0;0;0;0;0
"Total sex";"2023";"Assisting spouses";"45-49 years";"R Arts, entertainment and recreation activities";2;1;3;2;0
"Total sex";"2023";"Assisting spouses";"45-49 years";"S Other service activities etc.";0;1;2;1;1
"Total sex";"2023";"Assisting spouses";"45-49 years";"X Activity not stated";2;1;0;0;0
"Total sex";"2023";"Assisting spouses";"50-54 years";"A Agriculture, forestry and fishing";2;13;24;26;13
"Total sex";"2023";"Assisting spouses";"50-54 years";"B Mining and quarrying";0;0;0;1;0
"Total sex";"2023";"Assisting spouses";"50-54 years";"CA Manufacture of food products, beverages and tobacco";2;0;3;1;0
"Total sex";"2023";"Assisting spouses";"50-54 years";"CB Textiles and leather products";0;1;0;0;0
"Total sex";"2023";"Assisting spouses";"50-54 years";"CC Wood and paper products and printing";0;0;0;1;1
"Total sex";"2023";"Assisting spouses";"50-54 years";"CD Oil refinery etc.";0;0;0;0;0
"Total sex";"2023";"Assisting spouses";"50-54 years";"CE Manufacture of chemicals";0;0;0;0;0
"Total sex";"2023";"Assisting spouses";"50-54 years";"CF Pharmaceuticals";0;0;0;0;0
"Total sex";"2023";"Assisting spouses";"50-54 years";"CG Manufacture of plastic, glass and concrete";0;0;0;0;0
"Total sex";"2023";"Assisting spouses";"50-54 years";"CH Basic metals and fabricated metal products";0;0;2;1;0
"Total sex";"2023";"Assisting spouses";"50-54 years";"CI Manufacture of electronic components";0;0;0;0;0
"Total sex";"2023";"Assisting spouses";"50-54 years";"CJ Electrical equipment";0;0;1;0;0
"Total sex";"2023";"Assisting spouses";"50-54 years";"CK Manufacture of machinery";0;0;0;2;0
"Total sex";"2023";"Assisting spouses";"50-54 years";"CL Transport equipment";0;0;1;0;0
"Total sex";"2023";"Assisting spouses";"50-54 years";"CM Manufacture of funiture and other manufacturing";0;1;1;1;0
"Total sex";"2023";"Assisting spouses";"50-54 years";"D Electricity, gas, steam and air conditioning supply";0;0;0;2;0
"Total sex";"2023";"Assisting spouses";"50-54 years";"E Water supply, sewerage and waste management";1;0;0;0;0
"Total sex";"2023";"Assisting spouses";"50-54 years";"F Construction";7;5;7;1;3
"Total sex";"2023";"Assisting spouses";"50-54 years";"G Wholesale and retail trade";9;12;9;7;7
"Total sex";"2023";"Assisting spouses";"50-54 years";"H Transportation";11;1;2;1;0
"Total sex";"2023";"Assisting spouses";"50-54 years";"I Accommodation and food service activities";8;4;9;5;7
"Total sex";"2023";"Assisting spouses";"50-54 years";"JA Publishing, television and radio broadcasting";2;0;0;1;0
"Total sex";"2023";"Assisting spouses";"50-54 years";"JB Telecommunications";0;0;1;0;0
"Total sex";"2023";"Assisting spouses";"50-54 years";"JC IT and information service activities";5;4;1;1;1
"Total sex";"2023";"Assisting spouses";"50-54 years";"K Financial and insurance";0;0;1;1;0
"Total sex";"2023";"Assisting spouses";"50-54 years";"L Real estate activities";2;0;2;1;0
"Total sex";"2023";"Assisting spouses";"50-54 years";"MA Consultancy etc.";6;3;1;4;2
"Total sex";"2023";"Assisting spouses";"50-54 years";"MB Scientific research and development";0;0;0;0;0
"Total sex";"2023";"Assisting spouses";"50-54 years";"MC Advertising and other business services";3;2;1;1;0
"Total sex";"2023";"Assisting spouses";"50-54 years";"N Travel agent, cleaning, and other operationel services";14;6;6;9;4
"Total sex";"2023";"Assisting spouses";"50-54 years";"O Public administration, defence and compulsory social security";0;0;0;0;0
"Total sex";"2023";"Assisting spouses";"50-54 years";"P Education";2;3;1;1;0
"Total sex";"2023";"Assisting spouses";"50-54 years";"QA Human health activities";10;2;1;2;1
"Total sex";"2023";"Assisting spouses";"50-54 years";"QB Residential care";1;0;0;0;1
"Total sex";"2023";"Assisting spouses";"50-54 years";"R Arts, entertainment and recreation activities";1;0;2;2;0
"Total sex";"2023";"Assisting spouses";"50-54 years";"S Other service activities etc.";4;1;2;2;1
"Total sex";"2023";"Assisting spouses";"50-54 years";"X Activity not stated";1;1;1;0;0
"Total sex";"2023";"Assisting spouses";"55-59 years";"A Agriculture, forestry and fishing";5;20;43;29;24
"Total sex";"2023";"Assisting spouses";"55-59 years";"B Mining and quarrying";0;0;0;0;0
"Total sex";"2023";"Assisting spouses";"55-59 years";"CA Manufacture of food products, beverages and tobacco";2;1;2;1;1
"Total sex";"2023";"Assisting spouses";"55-59 years";"CB Textiles and leather products";1;0;0;0;0
"Total sex";"2023";"Assisting spouses";"55-59 years";"CC Wood and paper products and printing";0;1;1;0;0
"Total sex";"2023";"Assisting spouses";"55-59 years";"CD Oil refinery etc.";0;0;0;0;0
"Total sex";"2023";"Assisting spouses";"55-59 years";"CE Manufacture of chemicals";0;0;0;0;0
"Total sex";"2023";"Assisting spouses";"55-59 years";"CF Pharmaceuticals";0;0;0;0;0
"Total sex";"2023";"Assisting spouses";"55-59 years";"CG Manufacture of plastic, glass and concrete";0;0;0;0;1
"Total sex";"2023";"Assisting spouses";"55-59 years";"CH Basic metals and fabricated metal products";0;0;0;0;0
"Total sex";"2023";"Assisting spouses";"55-59 years";"CI Manufacture of electronic components";0;0;0;0;0
"Total sex";"2023";"Assisting spouses";"55-59 years";"CJ Electrical equipment";0;0;0;0;0
"Total sex";"2023";"Assisting spouses";"55-59 years";"CK Manufacture of machinery";0;0;0;0;0
"Total sex";"2023";"Assisting spouses";"55-59 years";"CL Transport equipment";0;0;0;0;0
"Total sex";"2023";"Assisting spouses";"55-59 years";"CM Manufacture of funiture and other manufacturing";0;1;2;1;0
"Total sex";"2023";"Assisting spouses";"55-59 years";"D Electricity, gas, steam and air conditioning supply";0;0;0;0;0
"Total sex";"2023";"Assisting spouses";"55-59 years";"E Water supply, sewerage and waste management";0;0;0;0;0
"Total sex";"2023";"Assisting spouses";"55-59 years";"F Construction";8;8;5;6;0
"Total sex";"2023";"Assisting spouses";"55-59 years";"G Wholesale and retail trade";21;17;9;6;9
"Total sex";"2023";"Assisting spouses";"55-59 years";"H Transportation";7;2;3;1;2
"Total sex";"2023";"Assisting spouses";"55-59 years";"I Accommodation and food service activities";9;3;12;3;3
"Total sex";"2023";"Assisting spouses";"55-59 years";"JA Publishing, television and radio broadcasting";2;1;0;1;0
"Total sex";"2023";"Assisting spouses";"55-59 years";"JB Telecommunications";0;0;0;0;0
"Total sex";"2023";"Assisting spouses";"55-59 years";"JC IT and information service activities";5;3;2;1;1
"Total sex";"2023";"Assisting spouses";"55-59 years";"K Financial and insurance";0;0;0;0;1
"Total sex";"2023";"Assisting spouses";"55-59 years";"L Real estate activities";5;2;0;1;0
"Total sex";"2023";"Assisting spouses";"55-59 years";"MA Consultancy etc.";15;1;7;6;1
"Total sex";"2023";"Assisting spouses";"55-59 years";"MB Scientific research and development";0;0;0;0;0
"Total sex";"2023";"Assisting spouses";"55-59 years";"MC Advertising and other business services";5;2;2;4;0
"Total sex";"2023";"Assisting spouses";"55-59 years";"N Travel agent, cleaning, and other operationel services";9;12;14;7;3
"Total sex";"2023";"Assisting spouses";"55-59 years";"O Public administration, defence and compulsory social security";0;0;0;0;0
"Total sex";"2023";"Assisting spouses";"55-59 years";"P Education";2;1;2;0;0
"Total sex";"2023";"Assisting spouses";"55-59 years";"QA Human health activities";4;5;3;2;1
"Total sex";"2023";"Assisting spouses";"55-59 years";"QB Residential care";0;0;0;0;0
"Total sex";"2023";"Assisting spouses";"55-59 years";"R Arts, entertainment and recreation activities";1;3;0;1;0
"Total sex";"2023";"Assisting spouses";"55-59 years";"S Other service activities etc.";6;0;2;3;1
"Total sex";"2023";"Assisting spouses";"55-59 years";"X Activity not stated";5;0;2;0;0
"Total sex";"2023";"Assisting spouses";"60-64 years";"A Agriculture, forestry and fishing";13;19;43;57;26
"Total sex";"2023";"Assisting spouses";"60-64 years";"B Mining and quarrying";0;0;0;0;0
"Total sex";"2023";"Assisting spouses";"60-64 years";"CA Manufacture of food products, beverages and tobacco";0;0;0;0;0
"Total sex";"2023";"Assisting spouses";"60-64 years";"CB Textiles and leather products";0;0;0;0;0
"Total sex";"2023";"Assisting spouses";"60-64 years";"CC Wood and paper products and printing";0;0;1;1;0
"Total sex";"2023";"Assisting spouses";"60-64 years";"CD Oil refinery etc.";0;0;0;0;0
"Total sex";"2023";"Assisting spouses";"60-64 years";"CE Manufacture of chemicals";0;0;0;0;0
"Total sex";"2023";"Assisting spouses";"60-64 years";"CF Pharmaceuticals";0;0;0;0;0
"Total sex";"2023";"Assisting spouses";"60-64 years";"CG Manufacture of plastic, glass and concrete";0;0;0;0;1
"Total sex";"2023";"Assisting spouses";"60-64 years";"CH Basic metals and fabricated metal products";0;0;0;0;1
"Total sex";"2023";"Assisting spouses";"60-64 years";"CI Manufacture of electronic components";0;0;0;0;0
"Total sex";"2023";"Assisting spouses";"60-64 years";"CJ Electrical equipment";0;0;0;0;0
"Total sex";"2023";"Assisting spouses";"60-64 years";"CK Manufacture of machinery";0;1;0;0;0
"Total sex";"2023";"Assisting spouses";"60-64 years";"CL Transport equipment";0;0;0;0;0
"Total sex";"2023";"Assisting spouses";"60-64 years";"CM Manufacture of funiture and other manufacturing";0;2;3;0;1
"Total sex";"2023";"Assisting spouses";"60-64 years";"D Electricity, gas, steam and air conditioning supply";0;0;0;2;0
"Total sex";"2023";"Assisting spouses";"60-64 years";"E Water supply, sewerage and waste management";0;1;0;0;0
"Total sex";"2023";"Assisting spouses";"60-64 years";"F Construction";3;11;6;3;3
"Total sex";"2023";"Assisting spouses";"60-64 years";"G Wholesale and retail trade";16;4;14;13;4
"Total sex";"2023";"Assisting spouses";"60-64 years";"H Transportation";1;1;2;3;3
"Total sex";"2023";"Assisting spouses";"60-64 years";"I Accommodation and food service activities";15;2;11;7;3
"Total sex";"2023";"Assisting spouses";"60-64 years";"JA Publishing, television and radio broadcasting";1;0;0;0;0
"Total sex";"2023";"Assisting spouses";"60-64 years";"JB Telecommunications";0;0;0;0;0
"Total sex";"2023";"Assisting spouses";"60-64 years";"JC IT and information service activities";11;1;0;2;1
"Total sex";"2023";"Assisting spouses";"60-64 years";"K Financial and insurance";1;0;0;1;0
"Total sex";"2023";"Assisting spouses";"60-64 years";"L Real estate activities";2;0;4;6;1
"Total sex";"2023";"Assisting spouses";"60-64 years";"MA Consultancy etc.";14;12;7;2;1
"Total sex";"2023";"Assisting spouses";"60-64 years";"MB Scientific research and development";2;0;0;0;0
"Total sex";"2023";"Assisting spouses";"60-64 years";"MC Advertising and other business services";3;4;2;1;1
"Total sex";"2023";"Assisting spouses";"60-64 years";"N Travel agent, cleaning, and other operationel services";12;12;5;5;5
"Total sex";"2023";"Assisting spouses";"60-64 years";"O Public administration, defence and compulsory social security";0;0;0;0;0
"Total sex";"2023";"Assisting spouses";"60-64 years";"P Education";4;0;1;0;1
"Total sex";"2023";"Assisting spouses";"60-64 years";"QA Human health activities";10;4;2;4;0
"Total sex";"2023";"Assisting spouses";"60-64 years";"QB Residential care";1;0;1;0;0
"Total sex";"2023";"Assisting spouses";"60-64 years";"R Arts, entertainment and recreation activities";4;0;2;3;1
"Total sex";"2023";"Assisting spouses";"60-64 years";"S Other service activities etc.";1;1;2;2;1
"Total sex";"2023";"Assisting spouses";"60-64 years";"X Activity not stated";6;1;0;2;0
"Total sex";"2023";"Assisting spouses";"65-66 years";"A Agriculture, forestry and fishing";3;10;13;13;12
"Total sex";"2023";"Assisting spouses";"65-66 years";"B Mining and quarrying";0;0;0;0;0
"Total sex";"2023";"Assisting spouses";"65-66 years";"CA Manufacture of food products, beverages and tobacco";0;0;0;0;0
"Total sex";"2023";"Assisting spouses";"65-66 years";"CB Textiles and leather products";0;0;0;0;0
"Total sex";"2023";"Assisting spouses";"65-66 years";"CC Wood and paper products and printing";0;0;0;0;1
"Total sex";"2023";"Assisting spouses";"65-66 years";"CD Oil refinery etc.";0;0;0;0;0
"Total sex";"2023";"Assisting spouses";"65-66 years";"CE Manufacture of chemicals";0;0;0;0;0
"Total sex";"2023";"Assisting spouses";"65-66 years";"CF Pharmaceuticals";0;0;0;0;0
"Total sex";"2023";"Assisting spouses";"65-66 years";"CG Manufacture of plastic, glass and concrete";0;0;0;0;0
"Total sex";"2023";"Assisting spouses";"65-66 years";"CH Basic metals and fabricated metal products";0;0;0;2;0
"Total sex";"2023";"Assisting spouses";"65-66 years";"CI Manufacture of electronic components";0;0;0;0;0
"Total sex";"2023";"Assisting spouses";"65-66 years";"CJ Electrical equipment";0;0;0;0;0
"Total sex";"2023";"Assisting spouses";"65-66 years";"CK Manufacture of machinery";0;0;0;0;0
"Total sex";"2023";"Assisting spouses";"65-66 years";"CL Transport equipment";0;0;0;0;0
"Total sex";"2023";"Assisting spouses";"65-66 years";"CM Manufacture of funiture and other manufacturing";0;1;0;1;0
"Total sex";"2023";"Assisting spouses";"65-66 years";"D Electricity, gas, steam and air conditioning supply";0;0;0;1;1
"Total sex";"2023";"Assisting spouses";"65-66 years";"E Water supply, sewerage and waste management";0;0;0;0;0
"Total sex";"2023";"Assisting spouses";"65-66 years";"F Construction";3;4;1;4;0
"Total sex";"2023";"Assisting spouses";"65-66 years";"G Wholesale and retail trade";5;3;5;6;3
"Total sex";"2023";"Assisting spouses";"65-66 years";"H Transportation";0;0;1;1;1
"Total sex";"2023";"Assisting spouses";"65-66 years";"I Accommodation and food service activities";3;2;2;2;2
"Total sex";"2023";"Assisting spouses";"65-66 years";"JA Publishing, television and radio broadcasting";1;0;0;0;0
"Total sex";"2023";"Assisting spouses";"65-66 years";"JB Telecommunications";0;0;0;0;0
"Total sex";"2023";"Assisting spouses";"65-66 years";"JC IT and information service activities";1;0;0;0;0
"Total sex";"2023";"Assisting spouses";"65-66 years";"K Financial and insurance";2;0;0;1;1
"Total sex";"2023";"Assisting spouses";"65-66 years";"L Real estate activities";2;2;4;3;0
"Total sex";"2023";"Assisting spouses";"65-66 years";"MA Consultancy etc.";8;2;5;0;1
"Total sex";"2023";"Assisting spouses";"65-66 years";"MB Scientific research and development";0;0;0;0;0
"Total sex";"2023";"Assisting spouses";"65-66 years";"MC Advertising and other business services";2;1;0;0;0
"Total sex";"2023";"Assisting spouses";"65-66 years";"N Travel agent, cleaning, and other operationel services";5;3;1;0;0
"Total sex";"2023";"Assisting spouses";"65-66 years";"O Public administration, defence and compulsory social security";0;0;0;0;0
"Total sex";"2023";"Assisting spouses";"65-66 years";"P Education";1;0;0;0;1
"Total sex";"2023";"Assisting spouses";"65-66 years";"QA Human health activities";6;0;0;2;1
"Total sex";"2023";"Assisting spouses";"65-66 years";"QB Residential care";0;0;0;0;0
"Total sex";"2023";"Assisting spouses";"65-66 years";"R Arts, entertainment and recreation activities";0;0;0;0;0
"Total sex";"2023";"Assisting spouses";"65-66 years";"S Other service activities etc.";2;0;0;0;0
"Total sex";"2023";"Assisting spouses";"65-66 years";"X Activity not stated";0;0;2;0;0
"Total sex";"2023";"Assisting spouses";"67 years and over";"A Agriculture, forestry and fishing";11;69;87;94;59
"Total sex";"2023";"Assisting spouses";"67 years and over";"B Mining and quarrying";0;0;0;0;0
"Total sex";"2023";"Assisting spouses";"67 years and over";"CA Manufacture of food products, beverages and tobacco";0;0;0;0;0
"Total sex";"2023";"Assisting spouses";"67 years and over";"CB Textiles and leather products";0;0;0;0;0
"Total sex";"2023";"Assisting spouses";"67 years and over";"CC Wood and paper products and printing";1;2;0;1;0
"Total sex";"2023";"Assisting spouses";"67 years and over";"CD Oil refinery etc.";0;0;0;0;0
"Total sex";"2023";"Assisting spouses";"67 years and over";"CE Manufacture of chemicals";0;0;0;0;0
"Total sex";"2023";"Assisting spouses";"67 years and over";"CF Pharmaceuticals";0;0;0;0;0
"Total sex";"2023";"Assisting spouses";"67 years and over";"CG Manufacture of plastic, glass and concrete";3;1;2;0;1
"Total sex";"2023";"Assisting spouses";"67 years and over";"CH Basic metals and fabricated metal products";0;0;1;4;0
"Total sex";"2023";"Assisting spouses";"67 years and over";"CI Manufacture of electronic components";0;1;0;0;0
"Total sex";"2023";"Assisting spouses";"67 years and over";"CJ Electrical equipment";0;0;0;1;0
"Total sex";"2023";"Assisting spouses";"67 years and over";"CK Manufacture of machinery";0;1;0;3;0
"Total sex";"2023";"Assisting spouses";"67 years and over";"CL Transport equipment";0;0;0;1;0
"Total sex";"2023";"Assisting spouses";"67 years and over";"CM Manufacture of funiture and other manufacturing";3;5;1;2;1
"Total sex";"2023";"Assisting spouses";"67 years and over";"D Electricity, gas, steam and air conditioning supply";0;0;3;7;2
"Total sex";"2023";"Assisting spouses";"67 years and over";"E Water supply, sewerage and waste management";0;0;0;0;1
"Total sex";"2023";"Assisting spouses";"67 years and over";"F Construction";15;14;18;8;5
"Total sex";"2023";"Assisting spouses";"67 years and over";"G Wholesale and retail trade";20;24;28;38;15
"Total sex";"2023";"Assisting spouses";"67 years and over";"H Transportation";4;7;8;5;2
"Total sex";"2023";"Assisting spouses";"67 years and over";"I Accommodation and food service activities";6;3;8;3;1
"Total sex";"2023";"Assisting spouses";"67 years and over";"JA Publishing, television and radio broadcasting";1;0;0;1;0
"Total sex";"2023";"Assisting spouses";"67 years and over";"JB Telecommunications";0;0;0;0;0
"Total sex";"2023";"Assisting spouses";"67 years and over";"JC IT and information service activities";4;0;2;1;0
"Total sex";"2023";"Assisting spouses";"67 years and over";"K Financial and insurance";1;0;3;1;0
"Total sex";"2023";"Assisting spouses";"67 years and over";"L Real estate activities";20;16;19;22;13
"Total sex";"2023";"Assisting spouses";"67 years and over";"MA Consultancy etc.";29;13;17;12;10
"Total sex";"2023";"Assisting spouses";"67 years and over";"MB Scientific research and development";0;0;0;0;0
"Total sex";"2023";"Assisting spouses";"67 years and over";"MC Advertising and other business services";14;2;4;3;1
"Total sex";"2023";"Assisting spouses";"67 years and over";"N Travel agent, cleaning, and other operationel services";11;3;7;5;1
"Total sex";"2023";"Assisting spouses";"67 years and over";"O Public administration, defence and compulsory social security";0;0;0;0;0
"Total sex";"2023";"Assisting spouses";"67 years and over";"P Education";3;3;0;3;2
"Total sex";"2023";"Assisting spouses";"67 years and over";"QA Human health activities";32;8;22;11;9
"Total sex";"2023";"Assisting spouses";"67 years and over";"QB Residential care";0;0;0;0;0
"Total sex";"2023";"Assisting spouses";"67 years and over";"R Arts, entertainment and recreation activities";7;2;1;3;3
"Total sex";"2023";"Assisting spouses";"67 years and over";"S Other service activities etc.";6;2;3;3;1
"Total sex";"2023";"Assisting spouses";"67 years and over";"X Activity not stated";11;2;14;10;10
"Total sex";"2023";"Employees, managers";"Under 16 years";"A Agriculture, forestry and fishing";0;0;0;0;0
"Total sex";"2023";"Employees, managers";"Under 16 years";"B Mining and quarrying";0;0;0;0;0
"Total sex";"2023";"Employees, managers";"Under 16 years";"CA Manufacture of food products, beverages and tobacco";0;0;0;0;0
"Total sex";"2023";"Employees, managers";"Under 16 years";"CB Textiles and leather products";0;0;0;0;0
"Total sex";"2023";"Employees, managers";"Under 16 years";"CC Wood and paper products and printing";0;0;0;0;0
"Total sex";"2023";"Employees, managers";"Under 16 years";"CD Oil refinery etc.";0;0;0;0;0
"Total sex";"2023";"Employees, managers";"Under 16 years";"CE Manufacture of chemicals";0;0;0;0;0
"Total sex";"2023";"Employees, managers";"Under 16 years";"CF Pharmaceuticals";0;0;0;0;0
"Total sex";"2023";"Employees, managers";"Under 16 years";"CG Manufacture of plastic, glass and concrete";0;0;0;0;0
"Total sex";"2023";"Employees, managers";"Under 16 years";"CH Basic metals and fabricated metal products";0;0;0;0;0
"Total sex";"2023";"Employees, managers";"Under 16 years";"CI Manufacture of electronic components";0;0;0;0;0
"Total sex";"2023";"Employees, managers";"Under 16 years";"CJ Electrical equipment";0;0;0;0;0
"Total sex";"2023";"Employees, managers";"Under 16 years";"CK Manufacture of machinery";0;0;0;0;0
"Total sex";"2023";"Employees, managers";"Under 16 years";"CL Transport equipment";0;0;0;0;0
"Total sex";"2023";"Employees, managers";"Under 16 years";"CM Manufacture of funiture and other manufacturing";0;0;0;0;0
"Total sex";"2023";"Employees, managers";"Under 16 years";"D Electricity, gas, steam and air conditioning supply";0;0;0;0;0
"Total sex";"2023";"Employees, managers";"Under 16 years";"E Water supply, sewerage and waste management";0;0;0;0;0
"Total sex";"2023";"Employees, managers";"Under 16 years";"F Construction";0;0;0;0;0
"Total sex";"2023";"Employees, managers";"Under 16 years";"G Wholesale and retail trade";0;0;0;0;0
"Total sex";"2023";"Employees, managers";"Under 16 years";"H Transportation";0;0;0;0;0
"Total sex";"2023";"Employees, managers";"Under 16 years";"I Accommodation and food service activities";0;0;0;0;0
"Total sex";"2023";"Employees, managers";"Under 16 years";"JA Publishing, television and radio broadcasting";0;0;0;0;0
"Total sex";"2023";"Employees, managers";"Under 16 years";"JB Telecommunications";0;0;0;0;0
"Total sex";"2023";"Employees, managers";"Under 16 years";"JC IT and information service activities";0;0;0;0;0
"Total sex";"2023";"Employees, managers";"Under 16 years";"K Financial and insurance";0;0;0;0;0
"Total sex";"2023";"Employees, managers";"Under 16 years";"L Real estate activities";0;0;0;0;0
"Total sex";"2023";"Employees, managers";"Under 16 years";"MA Consultancy etc.";0;0;0;0;0
"Total sex";"2023";"Employees, managers";"Under 16 years";"MB Scientific research and development";0;0;0;0;0
"Total sex";"2023";"Employees, managers";"Under 16 years";"MC Advertising and other business services";0;0;0;0;0
"Total sex";"2023";"Employees, managers";"Under 16 years";"N Travel agent, cleaning, and other operationel services";0;0;0;0;0
"Total sex";"2023";"Employees, managers";"Under 16 years";"O Public administration, defence and compulsory social security";0;0;0;0;0
"Total sex";"2023";"Employees, managers";"Under 16 years";"P Education";0;0;0;0;0
"Total sex";"2023";"Employees, managers";"Under 16 years";"QA Human health activities";0;0;0;0;0
"Total sex";"2023";"Employees, managers";"Under 16 years";"QB Residential care";0;0;0;0;0
"Total sex";"2023";"Employees, managers";"Under 16 years";"R Arts, entertainment and recreation activities";0;0;0;0;0
"Total sex";"2023";"Employees, managers";"Under 16 years";"S Other service activities etc.";0;0;0;0;0
"Total sex";"2023";"Employees, managers";"Under 16 years";"X Activity not stated";0;0;0;0;0
"Total sex";"2023";"Employees, managers";"16-19 years";"A Agriculture, forestry and fishing";0;0;0;0;0
"Total sex";"2023";"Employees, managers";"16-19 years";"B Mining and quarrying";0;0;0;0;0
"Total sex";"2023";"Employees, managers";"16-19 years";"CA Manufacture of food products, beverages and tobacco";1;1;0;0;0
"Total sex";"2023";"Employees, managers";"16-19 years";"CB Textiles and leather products";0;0;0;0;0
"Total sex";"2023";"Employees, managers";"16-19 years";"CC Wood and paper products and printing";0;0;1;0;0
"Total sex";"2023";"Employees, managers";"16-19 years";"CD Oil refinery etc.";0;0;0;0;0
"Total sex";"2023";"Employees, managers";"16-19 years";"CE Manufacture of chemicals";0;0;0;0;0
"Total sex";"2023";"Employees, managers";"16-19 years";"CF Pharmaceuticals";0;0;0;0;0
"Total sex";"2023";"Employees, managers";"16-19 years";"CG Manufacture of plastic, glass and concrete";0;0;0;0;0
"Total sex";"2023";"Employees, managers";"16-19 years";"CH Basic metals and fabricated metal products";0;0;0;1;0
"Total sex";"2023";"Employees, managers";"16-19 years";"CI Manufacture of electronic components";0;0;0;0;0
"Total sex";"2023";"Employees, managers";"16-19 years";"CJ Electrical equipment";0;0;0;0;0
"Total sex";"2023";"Employees, managers";"16-19 years";"CK Manufacture of machinery";0;0;0;0;0
"Total sex";"2023";"Employees, managers";"16-19 years";"CL Transport equipment";0;0;0;0;0
"Total sex";"2023";"Employees, managers";"16-19 years";"CM Manufacture of funiture and other manufacturing";0;0;0;0;0
"Total sex";"2023";"Employees, managers";"16-19 years";"D Electricity, gas, steam and air conditioning supply";0;0;0;0;0
"Total sex";"2023";"Employees, managers";"16-19 years";"E Water supply, sewerage and waste management";0;0;0;0;0
"Total sex";"2023";"Employees, managers";"16-19 years";"F Construction";0;6;0;2;1
"Total sex";"2023";"Employees, managers";"16-19 years";"G Wholesale and retail trade";5;6;8;7;3
"Total sex";"2023";"Employees, managers";"16-19 years";"H Transportation";0;1;0;0;0
"Total sex";"2023";"Employees, managers";"16-19 years";"I Accommodation and food service activities";5;0;1;10;1
"Total sex";"2023";"Employees, managers";"16-19 years";"JA Publishing, television and radio broadcasting";1;0;0;0;0
"Total sex";"2023";"Employees, managers";"16-19 years";"JB Telecommunications";0;0;0;0;0
"Total sex";"2023";"Employees, managers";"16-19 years";"JC IT and information service activities";1;0;0;0;0
"Total sex";"2023";"Employees, managers";"16-19 years";"K Financial and insurance";0;0;0;0;0
"Total sex";"2023";"Employees, managers";"16-19 years";"L Real estate activities";0;1;0;0;0
"Total sex";"2023";"Employees, managers";"16-19 years";"MA Consultancy etc.";1;1;0;0;0
"Total sex";"2023";"Employees, managers";"16-19 years";"MB Scientific research and development";0;0;0;0;0
"Total sex";"2023";"Employees, managers";"16-19 years";"MC Advertising and other business services";0;1;0;0;0
"Total sex";"2023";"Employees, managers";"16-19 years";"N Travel agent, cleaning, and other operationel services";0;1;2;2;3
"Total sex";"2023";"Employees, managers";"16-19 years";"O Public administration, defence and compulsory social security";8;0;0;0;0
"Total sex";"2023";"Employees, managers";"16-19 years";"P Education";0;0;0;2;0
"Total sex";"2023";"Employees, managers";"16-19 years";"QA Human health activities";0;0;0;0;0
"Total sex";"2023";"Employees, managers";"16-19 years";"QB Residential care";0;0;0;0;0
"Total sex";"2023";"Employees, managers";"16-19 years";"R Arts, entertainment and recreation activities";0;0;1;3;0
"Total sex";"2023";"Employees, managers";"16-19 years";"S Other service activities etc.";0;0;0;0;0
"Total sex";"2023";"Employees, managers";"16-19 years";"X Activity not stated";0;0;0;0;0
"Total sex";"2023";"Employees, managers";"20-24 years";"A Agriculture, forestry and fishing";0;0;0;2;1
"Total sex";"2023";"Employees, managers";"20-24 years";"B Mining and quarrying";1;0;1;0;0
"Total sex";"2023";"Employees, managers";"20-24 years";"CA Manufacture of food products, beverages and tobacco";3;0;0;2;0
"Total sex";"2023";"Employees, managers";"20-24 years";"CB Textiles and leather products";0;0;0;0;0
"Total sex";"2023";"Employees, managers";"20-24 years";"CC Wood and paper products and printing";0;1;0;2;0
"Total sex";"2023";"Employees, managers";"20-24 years";"CD Oil refinery etc.";0;0;0;0;0
"Total sex";"2023";"Employees, managers";"20-24 years";"CE Manufacture of chemicals";1;0;0;0;0
"Total sex";"2023";"Employees, managers";"20-24 years";"CF Pharmaceuticals";5;4;1;0;0
"Total sex";"2023";"Employees, managers";"20-24 years";"CG Manufacture of plastic, glass and concrete";0;0;1;0;0
"Total sex";"2023";"Employees, managers";"20-24 years";"CH Basic metals and fabricated metal products";1;1;1;1;2
"Total sex";"2023";"Employees, managers";"20-24 years";"CI Manufacture of electronic components";0;0;0;0;1
"Total sex";"2023";"Employees, managers";"20-24 years";"CJ Electrical equipment";0;0;0;0;0
"Total sex";"2023";"Employees, managers";"20-24 years";"CK Manufacture of machinery";0;1;0;3;1
"Total sex";"2023";"Employees, managers";"20-24 years";"CL Transport equipment";1;0;1;0;0
"Total sex";"2023";"Employees, managers";"20-24 years";"CM Manufacture of funiture and other manufacturing";2;1;4;2;0
"Total sex";"2023";"Employees, managers";"20-24 years";"D Electricity, gas, steam and air conditioning supply";1;0;0;0;0
"Total sex";"2023";"Employees, managers";"20-24 years";"E Water supply, sewerage and waste management";0;0;1;0;0
"Total sex";"2023";"Employees, managers";"20-24 years";"F Construction";12;3;2;21;3
"Total sex";"2023";"Employees, managers";"20-24 years";"G Wholesale and retail trade";202;53;85;100;35
"Total sex";"2023";"Employees, managers";"20-24 years";"H Transportation";12;1;4;5;5
"Total sex";"2023";"Employees, managers";"20-24 years";"I Accommodation and food service activities";150;14;16;35;7
"Total sex";"2023";"Employees, managers";"20-24 years";"JA Publishing, television and radio broadcasting";2;0;2;2;0
"Total sex";"2023";"Employees, managers";"20-24 years";"JB Telecommunications";1;0;0;0;0
"Total sex";"2023";"Employees, managers";"20-24 years";"JC IT and information service activities";7;1;2;1;1
"Total sex";"2023";"Employees, managers";"20-24 years";"K Financial and insurance";2;1;0;0;0
"Total sex";"2023";"Employees, managers";"20-24 years";"L Real estate activities";2;0;2;0;0
"Total sex";"2023";"Employees, managers";"20-24 years";"MA Consultancy etc.";11;0;2;8;1
"Total sex";"2023";"Employees, managers";"20-24 years";"MB Scientific research and development";1;0;0;0;0
"Total sex";"2023";"Employees, managers";"20-24 years";"MC Advertising and other business services";2;0;1;3;1
"Total sex";"2023";"Employees, managers";"20-24 years";"N Travel agent, cleaning, and other operationel services";21;2;12;18;22
"Total sex";"2023";"Employees, managers";"20-24 years";"O Public administration, defence and compulsory social security";26;5;4;4;2
"Total sex";"2023";"Employees, managers";"20-24 years";"P Education";1;0;1;0;0
"Total sex";"2023";"Employees, managers";"20-24 years";"QA Human health activities";2;0;0;1;0
"Total sex";"2023";"Employees, managers";"20-24 years";"QB Residential care";7;0;1;2;2
"Total sex";"2023";"Employees, managers";"20-24 years";"R Arts, entertainment and recreation activities";29;3;7;16;5
"Total sex";"2023";"Employees, managers";"20-24 years";"S Other service activities etc.";7;1;2;0;0
"Total sex";"2023";"Employees, managers";"20-24 years";"X Activity not stated";0;0;0;0;0
"Total sex";"2023";"Employees, managers";"25-29 years";"A Agriculture, forestry and fishing";0;1;2;5;0
"Total sex";"2023";"Employees, managers";"25-29 years";"B Mining and quarrying";1;0;2;0;0
"Total sex";"2023";"Employees, managers";"25-29 years";"CA Manufacture of food products, beverages and tobacco";12;3;7;1;3
"Total sex";"2023";"Employees, managers";"25-29 years";"CB Textiles and leather products";0;1;1;1;0
"Total sex";"2023";"Employees, managers";"25-29 years";"CC Wood and paper products and printing";3;0;0;4;2
"Total sex";"2023";"Employees, managers";"25-29 years";"CD Oil refinery etc.";0;0;0;0;0
"Total sex";"2023";"Employees, managers";"25-29 years";"CE Manufacture of chemicals";2;0;1;1;0
"Total sex";"2023";"Employees, managers";"25-29 years";"CF Pharmaceuticals";31;7;0;0;2
"Total sex";"2023";"Employees, managers";"25-29 years";"CG Manufacture of plastic, glass and concrete";1;6;6;6;2
"Total sex";"2023";"Employees, managers";"25-29 years";"CH Basic metals and fabricated metal products";8;4;4;6;5
"Total sex";"2023";"Employees, managers";"25-29 years";"CI Manufacture of electronic components";10;0;0;0;2
"Total sex";"2023";"Employees, managers";"25-29 years";"CJ Electrical equipment";0;0;1;3;1
"Total sex";"2023";"Employees, managers";"25-29 years";"CK Manufacture of machinery";4;4;17;15;12
"Total sex";"2023";"Employees, managers";"25-29 years";"CL Transport equipment";0;1;2;0;1
"Total sex";"2023";"Employees, managers";"25-29 years";"CM Manufacture of funiture and other manufacturing";7;0;14;5;4
"Total sex";"2023";"Employees, managers";"25-29 years";"D Electricity, gas, steam and air conditioning supply";17;0;6;1;0
"Total sex";"2023";"Employees, managers";"25-29 years";"E Water supply, sewerage and waste management";1;6;0;1;0
"Total sex";"2023";"Employees, managers";"25-29 years";"F Construction";77;40;33;65;40
"Total sex";"2023";"Employees, managers";"25-29 years";"G Wholesale and retail trade";621;178;258;343;94
"Total sex";"2023";"Employees, managers";"25-29 years";"H Transportation";46;6;9;15;8
"Total sex";"2023";"Employees, managers";"25-29 years";"I Accommodation and food service activities";122;19;23;33;13
"Total sex";"2023";"Employees, managers";"25-29 years";"JA Publishing, television and radio broadcasting";24;1;4;8;2
"Total sex";"2023";"Employees, managers";"25-29 years";"JB Telecommunications";8;0;3;3;1
"Total sex";"2023";"Employees, managers";"25-29 years";"JC IT and information service activities";99;3;9;29;6
"Total sex";"2023";"Employees, managers";"25-29 years";"K Financial and insurance";45;0;4;9;1
"Total sex";"2023";"Employees, managers";"25-29 years";"L Real estate activities";18;1;3;6;4
"Total sex";"2023";"Employees, managers";"25-29 years";"MA Consultancy etc.";57;4;9;24;3
"Total sex";"2023";"Employees, managers";"25-29 years";"MB Scientific research and development";14;1;4;2;0
"Total sex";"2023";"Employees, managers";"25-29 years";"MC Advertising and other business services";38;1;1;10;5
"Total sex";"2023";"Employees, managers";"25-29 years";"N Travel agent, cleaning, and other operationel services";99;11;24;39;11
"Total sex";"2023";"Employees, managers";"25-29 years";"O Public administration, defence and compulsory social security";52;6;12;9;3
"Total sex";"2023";"Employees, managers";"25-29 years";"P Education";14;1;4;6;1
"Total sex";"2023";"Employees, managers";"25-29 years";"QA Human health activities";10;0;2;2;0
"Total sex";"2023";"Employees, managers";"25-29 years";"QB Residential care";17;7;1;13;3
"Total sex";"2023";"Employees, managers";"25-29 years";"R Arts, entertainment and recreation activities";48;7;17;15;5
"Total sex";"2023";"Employees, managers";"25-29 years";"S Other service activities etc.";29;1;8;5;1
"Total sex";"2023";"Employees, managers";"25-29 years";"X Activity not stated";0;0;0;0;0
"Total sex";"2023";"Employees, managers";"30-34 years";"A Agriculture, forestry and fishing";2;5;3;7;2
"Total sex";"2023";"Employees, managers";"30-34 years";"B Mining and quarrying";1;2;4;0;0
"Total sex";"2023";"Employees, managers";"30-34 years";"CA Manufacture of food products, beverages and tobacco";24;10;26;27;5
"Total sex";"2023";"Employees, managers";"30-34 years";"CB Textiles and leather products";8;0;2;7;4
"Total sex";"2023";"Employees, managers";"30-34 years";"CC Wood and paper products and printing";0;1;5;24;5
"Total sex";"2023";"Employees, managers";"30-34 years";"CD Oil refinery etc.";0;1;0;0;0
"Total sex";"2023";"Employees, managers";"30-34 years";"CE Manufacture of chemicals";7;0;3;6;1
"Total sex";"2023";"Employees, managers";"30-34 years";"CF Pharmaceuticals";104;10;0;1;0
"Total sex";"2023";"Employees, managers";"30-34 years";"CG Manufacture of plastic, glass and concrete";9;5;11;12;11
"Total sex";"2023";"Employees, managers";"30-34 years";"CH Basic metals and fabricated metal products";7;4;24;21;14
"Total sex";"2023";"Employees, managers";"30-34 years";"CI Manufacture of electronic components";25;2;7;5;4
"Total sex";"2023";"Employees, managers";"30-34 years";"CJ Electrical equipment";8;2;10;6;4
"Total sex";"2023";"Employees, managers";"30-34 years";"CK Manufacture of machinery";14;12;67;76;33
"Total sex";"2023";"Employees, managers";"30-34 years";"CL Transport equipment";2;0;5;5;3
"Total sex";"2023";"Employees, managers";"30-34 years";"CM Manufacture of funiture and other manufacturing";26;2;69;17;10
"Total sex";"2023";"Employees, managers";"30-34 years";"D Electricity, gas, steam and air conditioning supply";40;3;18;23;10
"Total sex";"2023";"Employees, managers";"30-34 years";"E Water supply, sewerage and waste management";5;4;8;5;0
"Total sex";"2023";"Employees, managers";"30-34 years";"F Construction";161;65;99;141;54
"Total sex";"2023";"Employees, managers";"30-34 years";"G Wholesale and retail trade";1012;247;429;535;157
"Total sex";"2023";"Employees, managers";"30-34 years";"H Transportation";144;5;28;42;9
"Total sex";"2023";"Employees, managers";"30-34 years";"I Accommodation and food service activities";197;10;44;43;16
"Total sex";"2023";"Employees, managers";"30-34 years";"JA Publishing, television and radio broadcasting";101;0;10;11;3
"Total sex";"2023";"Employees, managers";"30-34 years";"JB Telecommunications";25;0;6;12;4
"Total sex";"2023";"Employees, managers";"30-34 years";"JC IT and information service activities";284;4;24;86;15
"Total sex";"2023";"Employees, managers";"30-34 years";"K Financial and insurance";217;7;26;38;5
"Total sex";"2023";"Employees, managers";"30-34 years";"L Real estate activities";44;4;11;9;10
"Total sex";"2023";"Employees, managers";"30-34 years";"MA Consultancy etc.";191;14;31;74;14
"Total sex";"2023";"Employees, managers";"30-34 years";"MB Scientific research and development";14;1;9;6;0
"Total sex";"2023";"Employees, managers";"30-34 years";"MC Advertising and other business services";69;5;7;25;9
"Total sex";"2023";"Employees, managers";"30-34 years";"N Travel agent, cleaning, and other operationel services";190;27;31;70;22
"Total sex";"2023";"Employees, managers";"30-34 years";"O Public administration, defence and compulsory social security";95;13;20;16;9
"Total sex";"2023";"Employees, managers";"30-34 years";"P Education";37;15;24;28;14
"Total sex";"2023";"Employees, managers";"30-34 years";"QA Human health activities";18;1;4;10;3
"Total sex";"2023";"Employees, managers";"30-34 years";"QB Residential care";96;26;41;60;28
"Total sex";"2023";"Employees, managers";"30-34 years";"R Arts, entertainment and recreation activities";66;11;26;27;9
"Total sex";"2023";"Employees, managers";"30-34 years";"S Other service activities etc.";75;5;18;13;6
"Total sex";"2023";"Employees, managers";"30-34 years";"X Activity not stated";0;0;0;0;0
"Total sex";"2023";"Employees, managers";"35-39 years";"A Agriculture, forestry and fishing";4;5;8;5;2
"Total sex";"2023";"Employees, managers";"35-39 years";"B Mining and quarrying";10;1;9;1;0
"Total sex";"2023";"Employees, managers";"35-39 years";"CA Manufacture of food products, beverages and tobacco";44;14;39;35;21
"Total sex";"2023";"Employees, managers";"35-39 years";"CB Textiles and leather products";9;0;1;14;4
"Total sex";"2023";"Employees, managers";"35-39 years";"CC Wood and paper products and printing";4;1;10;31;12
"Total sex";"2023";"Employees, managers";"35-39 years";"CD Oil refinery etc.";0;0;0;0;0
"Total sex";"2023";"Employees, managers";"35-39 years";"CE Manufacture of chemicals";23;2;4;6;0
"Total sex";"2023";"Employees, managers";"35-39 years";"CF Pharmaceuticals";161;19;2;0;1
"Total sex";"2023";"Employees, managers";"35-39 years";"CG Manufacture of plastic, glass and concrete";21;18;26;25;10
"Total sex";"2023";"Employees, managers";"35-39 years";"CH Basic metals and fabricated metal products";12;12;42;43;22
"Total sex";"2023";"Employees, managers";"35-39 years";"CI Manufacture of electronic components";51;0;8;19;2
"Total sex";"2023";"Employees, managers";"35-39 years";"CJ Electrical equipment";4;0;18;7;8
"Total sex";"2023";"Employees, managers";"35-39 years";"CK Manufacture of machinery";33;16;111;176;61
"Total sex";"2023";"Employees, managers";"35-39 years";"CL Transport equipment";6;1;6;8;5
"Total sex";"2023";"Employees, managers";"35-39 years";"CM Manufacture of funiture and other manufacturing";53;9;110;23;14
"Total sex";"2023";"Employees, managers";"35-39 years";"D Electricity, gas, steam and air conditioning supply";69;9;51;36;5
"Total sex";"2023";"Employees, managers";"35-39 years";"E Water supply, sewerage and waste management";12;18;8;9;7
"Total sex";"2023";"Employees, managers";"35-39 years";"F Construction";245;112;153;213;82
"Total sex";"2023";"Employees, managers";"35-39 years";"G Wholesale and retail trade";1075;282;475;610;175
"Total sex";"2023";"Employees, managers";"35-39 years";"H Transportation";330;24;64;54;20
"Total sex";"2023";"Employees, managers";"35-39 years";"I Accommodation and food service activities";157;11;52;34;27
"Total sex";"2023";"Employees, managers";"35-39 years";"JA Publishing, television and radio broadcasting";134;4;22;13;4
"Total sex";"2023";"Employees, managers";"35-39 years";"JB Telecommunications";48;1;5;30;7
"Total sex";"2023";"Employees, managers";"35-39 years";"JC IT and information service activities";382;4;44;129;37
"Total sex";"2023";"Employees, managers";"35-39 years";"K Financial and insurance";417;18;41;69;11
"Total sex";"2023";"Employees, managers";"35-39 years";"L Real estate activities";67;4;9;18;10
"Total sex";"2023";"Employees, managers";"35-39 years";"MA Consultancy etc.";342;29;66;115;32
"Total sex";"2023";"Employees, managers";"35-39 years";"MB Scientific research and development";48;2;11;6;2
"Total sex";"2023";"Employees, managers";"35-39 years";"MC Advertising and other business services";109;2;7;29;3
"Total sex";"2023";"Employees, managers";"35-39 years";"N Travel agent, cleaning, and other operationel services";290;39;68;128;38
"Total sex";"2023";"Employees, managers";"35-39 years";"O Public administration, defence and compulsory social security";239;34;50;52;36
"Total sex";"2023";"Employees, managers";"35-39 years";"P Education";114;46;93;98;41
"Total sex";"2023";"Employees, managers";"35-39 years";"QA Human health activities";27;3;10;9;4
"Total sex";"2023";"Employees, managers";"35-39 years";"QB Residential care";166;57;78;124;52
"Total sex";"2023";"Employees, managers";"35-39 years";"R Arts, entertainment and recreation activities";68;12;24;28;6
"Total sex";"2023";"Employees, managers";"35-39 years";"S Other service activities etc.";110;11;23;27;7
"Total sex";"2023";"Employees, managers";"35-39 years";"X Activity not stated";0;0;0;0;0
"Total sex";"2023";"Employees, managers";"40-44 years";"A Agriculture, forestry and fishing";1;4;7;8;6
"Total sex";"2023";"Employees, managers";"40-44 years";"B Mining and quarrying";16;0;10;2;3
"Total sex";"2023";"Employees, managers";"40-44 years";"CA Manufacture of food products, beverages and tobacco";38;17;49;59;24
"Total sex";"2023";"Employees, managers";"40-44 years";"CB Textiles and leather products";3;1;8;15;4
"Total sex";"2023";"Employees, managers";"40-44 years";"CC Wood and paper products and printing";7;2;19;20;11
"Total sex";"2023";"Employees, managers";"40-44 years";"CD Oil refinery etc.";0;2;2;0;0
"Total sex";"2023";"Employees, managers";"40-44 years";"CE Manufacture of chemicals";29;5;8;13;3
"Total sex";"2023";"Employees, managers";"40-44 years";"CF Pharmaceuticals";202;13;2;0;2
"Total sex";"2023";"Employees, managers";"40-44 years";"CG Manufacture of plastic, glass and concrete";23;16;32;37;18
"Total sex";"2023";"Employees, managers";"40-44 years";"CH Basic metals and fabricated metal products";17;19;61;56;22
"Total sex";"2023";"Employees, managers";"40-44 years";"CI Manufacture of electronic components";84;4;14;26;4
"Total sex";"2023";"Employees, managers";"40-44 years";"CJ Electrical equipment";23;0;27;10;10
"Total sex";"2023";"Employees, managers";"40-44 years";"CK Manufacture of machinery";41;26;137;249;65
"Total sex";"2023";"Employees, managers";"40-44 years";"CL Transport equipment";5;2;20;7;11
"Total sex";"2023";"Employees, managers";"40-44 years";"CM Manufacture of funiture and other manufacturing";59;20;159;32;26
"Total sex";"2023";"Employees, managers";"40-44 years";"D Electricity, gas, steam and air conditioning supply";77;10;67;28;11
"Total sex";"2023";"Employees, managers";"40-44 years";"E Water supply, sewerage and waste management";10;13;14;9;5
"Total sex";"2023";"Employees, managers";"40-44 years";"F Construction";334;157;194;257;97
"Total sex";"2023";"Employees, managers";"40-44 years";"G Wholesale and retail trade";1258;289;619;708;227
"Total sex";"2023";"Employees, managers";"40-44 years";"H Transportation";313;27;90;68;19
"Total sex";"2023";"Employees, managers";"40-44 years";"I Accommodation and food service activities";150;12;50;44;19
"Total sex";"2023";"Employees, managers";"40-44 years";"JA Publishing, television and radio broadcasting";193;2;31;29;7
"Total sex";"2023";"Employees, managers";"40-44 years";"JB Telecommunications";62;1;10;30;5
"Total sex";"2023";"Employees, managers";"40-44 years";"JC IT and information service activities";390;8;61;139;29
"Total sex";"2023";"Employees, managers";"40-44 years";"K Financial and insurance";538;30;61;105;22
"Total sex";"2023";"Employees, managers";"40-44 years";"L Real estate activities";93;18;30;48;12
"Total sex";"2023";"Employees, managers";"40-44 years";"MA Consultancy etc.";478;42;103;158;43
"Total sex";"2023";"Employees, managers";"40-44 years";"MB Scientific research and development";84;6;26;23;4
"Total sex";"2023";"Employees, managers";"40-44 years";"MC Advertising and other business services";116;4;12;42;11
"Total sex";"2023";"Employees, managers";"40-44 years";"N Travel agent, cleaning, and other operationel services";301;47;67;134;25
"Total sex";"2023";"Employees, managers";"40-44 years";"O Public administration, defence and compulsory social security";402;62;113;119;50
"Total sex";"2023";"Employees, managers";"40-44 years";"P Education";209;115;188;200;92
"Total sex";"2023";"Employees, managers";"40-44 years";"QA Human health activities";66;6;21;27;8
"Total sex";"2023";"Employees, managers";"40-44 years";"QB Residential care";329;104;151;196;77
"Total sex";"2023";"Employees, managers";"40-44 years";"R Arts, entertainment and recreation activities";108;17;37;35;15
"Total sex";"2023";"Employees, managers";"40-44 years";"S Other service activities etc.";170;12;21;38;6
"Total sex";"2023";"Employees, managers";"40-44 years";"X Activity not stated";0;0;0;0;0
"Total sex";"2023";"Employees, managers";"45-49 years";"A Agriculture, forestry and fishing";5;9;12;8;5
"Total sex";"2023";"Employees, managers";"45-49 years";"B Mining and quarrying";14;4;19;11;4
"Total sex";"2023";"Employees, managers";"45-49 years";"CA Manufacture of food products, beverages and tobacco";65;54;93;88;52
"Total sex";"2023";"Employees, managers";"45-49 years";"CB Textiles and leather products";2;1;13;26;13
"Total sex";"2023";"Employees, managers";"45-49 years";"CC Wood and paper products and printing";27;10;30;65;27
"Total sex";"2023";"Employees, managers";"45-49 years";"CD Oil refinery etc.";0;6;4;0;0
"Total sex";"2023";"Employees, managers";"45-49 years";"CE Manufacture of chemicals";54;11;19;17;4
"Total sex";"2023";"Employees, managers";"45-49 years";"CF Pharmaceuticals";298;22;6;0;1
"Total sex";"2023";"Employees, managers";"45-49 years";"CG Manufacture of plastic, glass and concrete";32;19;64;78;42
"Total sex";"2023";"Employees, managers";"45-49 years";"CH Basic metals and fabricated metal products";23;26;101;97;61
"Total sex";"2023";"Employees, managers";"45-49 years";"CI Manufacture of electronic components";121;5;20;36;12
"Total sex";"2023";"Employees, managers";"45-49 years";"CJ Electrical equipment";29;10;37;27;15
"Total sex";"2023";"Employees, managers";"45-49 years";"CK Manufacture of machinery";50;39;210;320;87
"Total sex";"2023";"Employees, managers";"45-49 years";"CL Transport equipment";2;4;20;14;8
"Total sex";"2023";"Employees, managers";"45-49 years";"CM Manufacture of funiture and other manufacturing";89;17;134;71;36
"Total sex";"2023";"Employees, managers";"45-49 years";"D Electricity, gas, steam and air conditioning supply";64;13;71;38;16
"Total sex";"2023";"Employees, managers";"45-49 years";"E Water supply, sewerage and waste management";19;21;30;26;11
"Total sex";"2023";"Employees, managers";"45-49 years";"F Construction";403;193;247;329;154
"Total sex";"2023";"Employees, managers";"45-49 years";"G Wholesale and retail trade";1607;422;873;1000;325
"Total sex";"2023";"Employees, managers";"45-49 years";"H Transportation";381;38;115;96;45
"Total sex";"2023";"Employees, managers";"45-49 years";"I Accommodation and food service activities";164;26;68;51;21
"Total sex";"2023";"Employees, managers";"45-49 years";"JA Publishing, television and radio broadcasting";240;6;31;28;9
"Total sex";"2023";"Employees, managers";"45-49 years";"JB Telecommunications";55;7;13;28;10
"Total sex";"2023";"Employees, managers";"45-49 years";"JC IT and information service activities";513;11;79;172;40
"Total sex";"2023";"Employees, managers";"45-49 years";"K Financial and insurance";699;42;98;113;29
"Total sex";"2023";"Employees, managers";"45-49 years";"L Real estate activities";152;16;37;54;20
"Total sex";"2023";"Employees, managers";"45-49 years";"MA Consultancy etc.";634;84;151;218;67
"Total sex";"2023";"Employees, managers";"45-49 years";"MB Scientific research and development";154;4;18;35;7
"Total sex";"2023";"Employees, managers";"45-49 years";"MC Advertising and other business services";151;7;19;45;5
"Total sex";"2023";"Employees, managers";"45-49 years";"N Travel agent, cleaning, and other operationel services";404;73;100;141;48
"Total sex";"2023";"Employees, managers";"45-49 years";"O Public administration, defence and compulsory social security";678;114;217;209;116
"Total sex";"2023";"Employees, managers";"45-49 years";"P Education";414;208;353;394;160
"Total sex";"2023";"Employees, managers";"45-49 years";"QA Human health activities";101;18;32;40;10
"Total sex";"2023";"Employees, managers";"45-49 years";"QB Residential care";498;169;241;280;133
"Total sex";"2023";"Employees, managers";"45-49 years";"R Arts, entertainment and recreation activities";134;26;57;58;20
"Total sex";"2023";"Employees, managers";"45-49 years";"S Other service activities etc.";277;29;44;47;14
"Total sex";"2023";"Employees, managers";"45-49 years";"X Activity not stated";0;0;0;0;0
"Total sex";"2023";"Employees, managers";"50-54 years";"A Agriculture, forestry and fishing";4;20;18;14;6
"Total sex";"2023";"Employees, managers";"50-54 years";"B Mining and quarrying";15;4;29;13;3
"Total sex";"2023";"Employees, managers";"50-54 years";"CA Manufacture of food products, beverages and tobacco";43;43;120;124;56
"Total sex";"2023";"Employees, managers";"50-54 years";"CB Textiles and leather products";4;4;20;41;31
"Total sex";"2023";"Employees, managers";"50-54 years";"CC Wood and paper products and printing";29;17;37;85;34
"Total sex";"2023";"Employees, managers";"50-54 years";"CD Oil refinery etc.";0;6;3;0;0
"Total sex";"2023";"Employees, managers";"50-54 years";"CE Manufacture of chemicals";56;7;25;30;3
"Total sex";"2023";"Employees, managers";"50-54 years";"CF Pharmaceuticals";294;20;3;0;0
"Total sex";"2023";"Employees, managers";"50-54 years";"CG Manufacture of plastic, glass and concrete";55;45;79;86;39
"Total sex";"2023";"Employees, managers";"50-54 years";"CH Basic metals and fabricated metal products";46;42;139;154;74
"Total sex";"2023";"Employees, managers";"50-54 years";"CI Manufacture of electronic components";147;10;16;50;14
"Total sex";"2023";"Employees, managers";"50-54 years";"CJ Electrical equipment";32;6;78;40;17
"Total sex";"2023";"Employees, managers";"50-54 years";"CK Manufacture of machinery";101;61;273;370;83
"Total sex";"2023";"Employees, managers";"50-54 years";"CL Transport equipment";8;5;23;24;8
"Total sex";"2023";"Employees, managers";"50-54 years";"CM Manufacture of funiture and other manufacturing";101;40;187;88;47
"Total sex";"2023";"Employees, managers";"50-54 years";"D Electricity, gas, steam and air conditioning supply";71;23;79;42;18
"Total sex";"2023";"Employees, managers";"50-54 years";"E Water supply, sewerage and waste management";19;20;28;28;11
"Total sex";"2023";"Employees, managers";"50-54 years";"F Construction";445;199;316;349;133
"Total sex";"2023";"Employees, managers";"50-54 years";"G Wholesale and retail trade";1758;471;977;1172;340
"Total sex";"2023";"Employees, managers";"50-54 years";"H Transportation";403;69;140;141;43
"Total sex";"2023";"Employees, managers";"50-54 years";"I Accommodation and food service activities";155;21;59;49;31
"Total sex";"2023";"Employees, managers";"50-54 years";"JA Publishing, television and radio broadcasting";225;6;30;28;12
"Total sex";"2023";"Employees, managers";"50-54 years";"JB Telecommunications";73;6;16;32;15
"Total sex";"2023";"Employees, managers";"50-54 years";"JC IT and information service activities";513;20;60;163;50
"Total sex";"2023";"Employees, managers";"50-54 years";"K Financial and insurance";712;48;110;148;30
"Total sex";"2023";"Employees, managers";"50-54 years";"L Real estate activities";160;17;55;66;33
"Total sex";"2023";"Employees, managers";"50-54 years";"MA Consultancy etc.";790;105;182;252;75
"Total sex";"2023";"Employees, managers";"50-54 years";"MB Scientific research and development";153;12;20;35;5
"Total sex";"2023";"Employees, managers";"50-54 years";"MC Advertising and other business services";147;10;39;63;10
"Total sex";"2023";"Employees, managers";"50-54 years";"N Travel agent, cleaning, and other operationel services";469;87;114;167;50
"Total sex";"2023";"Employees, managers";"50-54 years";"O Public administration, defence and compulsory social security";754;150;244;286;142
"Total sex";"2023";"Employees, managers";"50-54 years";"P Education";480;269;382;359;138
"Total sex";"2023";"Employees, managers";"50-54 years";"QA Human health activities";101;20;41;26;13
"Total sex";"2023";"Employees, managers";"50-54 years";"QB Residential care";512;202;285;272;146
"Total sex";"2023";"Employees, managers";"50-54 years";"R Arts, entertainment and recreation activities";152;30;53;52;24
"Total sex";"2023";"Employees, managers";"50-54 years";"S Other service activities etc.";296;38;74;62;18
"Total sex";"2023";"Employees, managers";"50-54 years";"X Activity not stated";0;0;0;0;0
"Total sex";"2023";"Employees, managers";"55-59 years";"A Agriculture, forestry and fishing";5;11;20;24;5
"Total sex";"2023";"Employees, managers";"55-59 years";"B Mining and quarrying";14;3;27;6;5
"Total sex";"2023";"Employees, managers";"55-59 years";"CA Manufacture of food products, beverages and tobacco";61;49;148;158;61
"Total sex";"2023";"Employees, managers";"55-59 years";"CB Textiles and leather products";2;1;20;48;17
"Total sex";"2023";"Employees, managers";"55-59 years";"CC Wood and paper products and printing";25;20;65;96;39
"Total sex";"2023";"Employees, managers";"55-59 years";"CD Oil refinery etc.";1;11;3;0;0
"Total sex";"2023";"Employees, managers";"55-59 years";"CE Manufacture of chemicals";46;14;31;23;5
"Total sex";"2023";"Employees, managers";"55-59 years";"CF Pharmaceuticals";205;12;1;4;2
"Total sex";"2023";"Employees, managers";"55-59 years";"CG Manufacture of plastic, glass and concrete";61;50;95;111;51
"Total sex";"2023";"Employees, managers";"55-59 years";"CH Basic metals and fabricated metal products";53;49;166;186;76
"Total sex";"2023";"Employees, managers";"55-59 years";"CI Manufacture of electronic components";131;6;17;66;18
"Total sex";"2023";"Employees, managers";"55-59 years";"CJ Electrical equipment";38;7;66;35;19
"Total sex";"2023";"Employees, managers";"55-59 years";"CK Manufacture of machinery";110;73;287;338;89
"Total sex";"2023";"Employees, managers";"55-59 years";"CL Transport equipment";8;5;30;26;23
"Total sex";"2023";"Employees, managers";"55-59 years";"CM Manufacture of funiture and other manufacturing";102;37;134;115;64
"Total sex";"2023";"Employees, managers";"55-59 years";"D Electricity, gas, steam and air conditioning supply";63;7;56;39;4
"Total sex";"2023";"Employees, managers";"55-59 years";"E Water supply, sewerage and waste management";51;28;35;36;9
"Total sex";"2023";"Employees, managers";"55-59 years";"F Construction";447;238;243;308;130
"Total sex";"2023";"Employees, managers";"55-59 years";"G Wholesale and retail trade";1629;439;957;967;354
"Total sex";"2023";"Employees, managers";"55-59 years";"H Transportation";377;76;136;133;49
"Total sex";"2023";"Employees, managers";"55-59 years";"I Accommodation and food service activities";145;24;60;44;25
"Total sex";"2023";"Employees, managers";"55-59 years";"JA Publishing, television and radio broadcasting";171;5;26;27;10
"Total sex";"2023";"Employees, managers";"55-59 years";"JB Telecommunications";44;4;8;11;10
"Total sex";"2023";"Employees, managers";"55-59 years";"JC IT and information service activities";427;15;46;117;35
"Total sex";"2023";"Employees, managers";"55-59 years";"K Financial and insurance";658;56;144;152;54
"Total sex";"2023";"Employees, managers";"55-59 years";"L Real estate activities";181;33;69;73;40
"Total sex";"2023";"Employees, managers";"55-59 years";"MA Consultancy etc.";677;113;222;197;63
"Total sex";"2023";"Employees, managers";"55-59 years";"MB Scientific research and development";132;14;20;28;4
"Total sex";"2023";"Employees, managers";"55-59 years";"MC Advertising and other business services";86;11;39;40;8
"Total sex";"2023";"Employees, managers";"55-59 years";"N Travel agent, cleaning, and other operationel services";397;79;98;156;41
"Total sex";"2023";"Employees, managers";"55-59 years";"O Public administration, defence and compulsory social security";677;161;251;224;128
"Total sex";"2023";"Employees, managers";"55-59 years";"P Education";444;242;329;322;141
"Total sex";"2023";"Employees, managers";"55-59 years";"QA Human health activities";82;17;46;39;14
"Total sex";"2023";"Employees, managers";"55-59 years";"QB Residential care";516;178;301;323;161
"Total sex";"2023";"Employees, managers";"55-59 years";"R Arts, entertainment and recreation activities";113;27;56;72;26
"Total sex";"2023";"Employees, managers";"55-59 years";"S Other service activities etc.";327;55;68;87;26
"Total sex";"2023";"Employees, managers";"55-59 years";"X Activity not stated";0;0;0;0;0
"Total sex";"2023";"Employees, managers";"60-64 years";"A Agriculture, forestry and fishing";4;10;20;19;10
"Total sex";"2023";"Employees, managers";"60-64 years";"B Mining and quarrying";4;8;19;3;3
"Total sex";"2023";"Employees, managers";"60-64 years";"CA Manufacture of food products, beverages and tobacco";27;35;71;78;51
"Total sex";"2023";"Employees, managers";"60-64 years";"CB Textiles and leather products";2;1;13;24;15
"Total sex";"2023";"Employees, managers";"60-64 years";"CC Wood and paper products and printing";24;4;41;53;23
"Total sex";"2023";"Employees, managers";"60-64 years";"CD Oil refinery etc.";0;7;0;0;0
"Total sex";"2023";"Employees, managers";"60-64 years";"CE Manufacture of chemicals";36;11;12;16;5
"Total sex";"2023";"Employees, managers";"60-64 years";"CF Pharmaceuticals";97;5;3;3;0
"Total sex";"2023";"Employees, managers";"60-64 years";"CG Manufacture of plastic, glass and concrete";32;27;53;87;32
"Total sex";"2023";"Employees, managers";"60-64 years";"CH Basic metals and fabricated metal products";40;47;96;104;56
"Total sex";"2023";"Employees, managers";"60-64 years";"CI Manufacture of electronic components";79;8;15;40;7
"Total sex";"2023";"Employees, managers";"60-64 years";"CJ Electrical equipment";26;3;41;28;14
"Total sex";"2023";"Employees, managers";"60-64 years";"CK Manufacture of machinery";43;55;148;187;52
"Total sex";"2023";"Employees, managers";"60-64 years";"CL Transport equipment";4;7;19;15;11
"Total sex";"2023";"Employees, managers";"60-64 years";"CM Manufacture of funiture and other manufacturing";52;27;86;69;29
"Total sex";"2023";"Employees, managers";"60-64 years";"D Electricity, gas, steam and air conditioning supply";25;6;19;24;11
"Total sex";"2023";"Employees, managers";"60-64 years";"E Water supply, sewerage and waste management";19;20;16;33;15
"Total sex";"2023";"Employees, managers";"60-64 years";"F Construction";323;139;200;208;111
"Total sex";"2023";"Employees, managers";"60-64 years";"G Wholesale and retail trade";957;239;536;556;200
"Total sex";"2023";"Employees, managers";"60-64 years";"H Transportation";203;36;87;77;39
"Total sex";"2023";"Employees, managers";"60-64 years";"I Accommodation and food service activities";66;13;28;23;16
"Total sex";"2023";"Employees, managers";"60-64 years";"JA Publishing, television and radio broadcasting";89;6;14;13;5
"Total sex";"2023";"Employees, managers";"60-64 years";"JB Telecommunications";17;4;3;7;1
"Total sex";"2023";"Employees, managers";"60-64 years";"JC IT and information service activities";185;3;36;48;15
"Total sex";"2023";"Employees, managers";"60-64 years";"K Financial and insurance";337;34;98;100;35
"Total sex";"2023";"Employees, managers";"60-64 years";"L Real estate activities";108;27;51;53;22
"Total sex";"2023";"Employees, managers";"60-64 years";"MA Consultancy etc.";401;55;99;156;58
"Total sex";"2023";"Employees, managers";"60-64 years";"MB Scientific research and development";86;10;10;24;1
"Total sex";"2023";"Employees, managers";"60-64 years";"MC Advertising and other business services";54;10;23;25;7
"Total sex";"2023";"Employees, managers";"60-64 years";"N Travel agent, cleaning, and other operationel services";222;56;50;91;40
"Total sex";"2023";"Employees, managers";"60-64 years";"O Public administration, defence and compulsory social security";438;100;182;188;104
"Total sex";"2023";"Employees, managers";"60-64 years";"P Education";263;146;230;214;88
"Total sex";"2023";"Employees, managers";"60-64 years";"QA Human health activities";70;24;31;33;9
"Total sex";"2023";"Employees, managers";"60-64 years";"QB Residential care";380;169;243;285;116
"Total sex";"2023";"Employees, managers";"60-64 years";"R Arts, entertainment and recreation activities";79;13;37;44;18
"Total sex";"2023";"Employees, managers";"60-64 years";"S Other service activities etc.";256;47;90;60;32
"Total sex";"2023";"Employees, managers";"60-64 years";"X Activity not stated";0;1;0;0;0
"Total sex";"2023";"Employees, managers";"65-66 years";"A Agriculture, forestry and fishing";1;5;8;4;6
"Total sex";"2023";"Employees, managers";"65-66 years";"B Mining and quarrying";1;0;5;1;0
"Total sex";"2023";"Employees, managers";"65-66 years";"CA Manufacture of food products, beverages and tobacco";5;4;19;17;13
"Total sex";"2023";"Employees, managers";"65-66 years";"CB Textiles and leather products";1;0;4;5;3
"Total sex";"2023";"Employees, managers";"65-66 years";"CC Wood and paper products and printing";6;4;10;22;3
"Total sex";"2023";"Employees, managers";"65-66 years";"CD Oil refinery etc.";0;0;0;0;0
"Total sex";"2023";"Employees, managers";"65-66 years";"CE Manufacture of chemicals";5;5;5;6;2
"Total sex";"2023";"Employees, managers";"65-66 years";"CF Pharmaceuticals";17;0;0;0;0
"Total sex";"2023";"Employees, managers";"65-66 years";"CG Manufacture of plastic, glass and concrete";7;11;14;16;6
"Total sex";"2023";"Employees, managers";"65-66 years";"CH Basic metals and fabricated metal products";11;5;18;23;7
"Total sex";"2023";"Employees, managers";"65-66 years";"CI Manufacture of electronic components";15;2;7;9;4
"Total sex";"2023";"Employees, managers";"65-66 years";"CJ Electrical equipment";9;1;12;3;2
"Total sex";"2023";"Employees, managers";"65-66 years";"CK Manufacture of machinery";17;9;38;33;10
"Total sex";"2023";"Employees, managers";"65-66 years";"CL Transport equipment";1;0;7;3;2
"Total sex";"2023";"Employees, managers";"65-66 years";"CM Manufacture of funiture and other manufacturing";7;4;21;10;6
"Total sex";"2023";"Employees, managers";"65-66 years";"D Electricity, gas, steam and air conditioning supply";4;0;7;4;2
"Total sex";"2023";"Employees, managers";"65-66 years";"E Water supply, sewerage and waste management";4;6;9;7;0
"Total sex";"2023";"Employees, managers";"65-66 years";"F Construction";76;35;43;50;21
"Total sex";"2023";"Employees, managers";"65-66 years";"G Wholesale and retail trade";156;63;86;109;45
"Total sex";"2023";"Employees, managers";"65-66 years";"H Transportation";42;11;29;19;12
"Total sex";"2023";"Employees, managers";"65-66 years";"I Accommodation and food service activities";9;2;5;5;4
"Total sex";"2023";"Employees, managers";"65-66 years";"JA Publishing, television and radio broadcasting";16;1;3;6;2
"Total sex";"2023";"Employees, managers";"65-66 years";"JB Telecommunications";2;0;1;1;0
"Total sex";"2023";"Employees, managers";"65-66 years";"JC IT and information service activities";31;2;5;15;5
"Total sex";"2023";"Employees, managers";"65-66 years";"K Financial and insurance";57;4;20;19;17
"Total sex";"2023";"Employees, managers";"65-66 years";"L Real estate activities";33;11;14;24;8
"Total sex";"2023";"Employees, managers";"65-66 years";"MA Consultancy etc.";67;10;25;40;5
"Total sex";"2023";"Employees, managers";"65-66 years";"MB Scientific research and development";15;0;0;6;0
"Total sex";"2023";"Employees, managers";"65-66 years";"MC Advertising and other business services";9;6;5;5;2
"Total sex";"2023";"Employees, managers";"65-66 years";"N Travel agent, cleaning, and other operationel services";45;9;16;16;9
"Total sex";"2023";"Employees, managers";"65-66 years";"O Public administration, defence and compulsory social security";106;30;32;43;24
"Total sex";"2023";"Employees, managers";"65-66 years";"P Education";60;31;41;37;13
"Total sex";"2023";"Employees, managers";"65-66 years";"QA Human health activities";9;7;1;5;1
"Total sex";"2023";"Employees, managers";"65-66 years";"QB Residential care";86;35;42;46;23
"Total sex";"2023";"Employees, managers";"65-66 years";"R Arts, entertainment and recreation activities";9;9;11;7;4
"Total sex";"2023";"Employees, managers";"65-66 years";"S Other service activities etc.";75;26;40;21;17
"Total sex";"2023";"Employees, managers";"65-66 years";"X Activity not stated";0;0;0;0;0
"Total sex";"2023";"Employees, managers";"67 years and over";"A Agriculture, forestry and fishing";1;7;9;7;3
"Total sex";"2023";"Employees, managers";"67 years and over";"B Mining and quarrying";1;3;3;0;4
"Total sex";"2023";"Employees, managers";"67 years and over";"CA Manufacture of food products, beverages and tobacco";10;6;22;15;14
"Total sex";"2023";"Employees, managers";"67 years and over";"CB Textiles and leather products";2;1;2;6;2
"Total sex";"2023";"Employees, managers";"67 years and over";"CC Wood and paper products and printing";11;4;14;20;10
"Total sex";"2023";"Employees, managers";"67 years and over";"CD Oil refinery etc.";0;0;1;0;0
"Total sex";"2023";"Employees, managers";"67 years and over";"CE Manufacture of chemicals";11;6;7;8;4
"Total sex";"2023";"Employees, managers";"67 years and over";"CF Pharmaceuticals";9;2;1;1;0
"Total sex";"2023";"Employees, managers";"67 years and over";"CG Manufacture of plastic, glass and concrete";8;13;25;28;8
"Total sex";"2023";"Employees, managers";"67 years and over";"CH Basic metals and fabricated metal products";18;21;39;40;17
"Total sex";"2023";"Employees, managers";"67 years and over";"CI Manufacture of electronic components";18;2;6;10;3
"Total sex";"2023";"Employees, managers";"67 years and over";"CJ Electrical equipment";9;1;10;12;2
"Total sex";"2023";"Employees, managers";"67 years and over";"CK Manufacture of machinery";31;15;40;45;19
"Total sex";"2023";"Employees, managers";"67 years and over";"CL Transport equipment";4;0;5;5;3
"Total sex";"2023";"Employees, managers";"67 years and over";"CM Manufacture of funiture and other manufacturing";12;10;19;13;16
"Total sex";"2023";"Employees, managers";"67 years and over";"D Electricity, gas, steam and air conditioning supply";5;3;11;9;2
"Total sex";"2023";"Employees, managers";"67 years and over";"E Water supply, sewerage and waste management";6;11;11;15;2
"Total sex";"2023";"Employees, managers";"67 years and over";"F Construction";120;62;83;120;55
"Total sex";"2023";"Employees, managers";"67 years and over";"G Wholesale and retail trade";254;100;197;191;84
"Total sex";"2023";"Employees, managers";"67 years and over";"H Transportation";57;19;47;39;22
"Total sex";"2023";"Employees, managers";"67 years and over";"I Accommodation and food service activities";14;7;11;8;3
"Total sex";"2023";"Employees, managers";"67 years and over";"JA Publishing, television and radio broadcasting";26;2;4;2;3
"Total sex";"2023";"Employees, managers";"67 years and over";"JB Telecommunications";3;1;1;0;1
"Total sex";"2023";"Employees, managers";"67 years and over";"JC IT and information service activities";23;1;8;10;2
"Total sex";"2023";"Employees, managers";"67 years and over";"K Financial and insurance";78;14;45;67;18
"Total sex";"2023";"Employees, managers";"67 years and over";"L Real estate activities";66;20;62;77;32
"Total sex";"2023";"Employees, managers";"67 years and over";"MA Consultancy etc.";115;32;48;49;13
"Total sex";"2023";"Employees, managers";"67 years and over";"MB Scientific research and development";18;4;1;1;0
"Total sex";"2023";"Employees, managers";"67 years and over";"MC Advertising and other business services";14;0;5;12;4
"Total sex";"2023";"Employees, managers";"67 years and over";"N Travel agent, cleaning, and other operationel services";71;12;19;33;10
"Total sex";"2023";"Employees, managers";"67 years and over";"O Public administration, defence and compulsory social security";148;70;84;81;71
"Total sex";"2023";"Employees, managers";"67 years and over";"P Education";54;37;31;20;14
"Total sex";"2023";"Employees, managers";"67 years and over";"QA Human health activities";16;10;7;5;0
"Total sex";"2023";"Employees, managers";"67 years and over";"QB Residential care";73;40;27;28;14
"Total sex";"2023";"Employees, managers";"67 years and over";"R Arts, entertainment and recreation activities";27;13;13;13;4
"Total sex";"2023";"Employees, managers";"67 years and over";"S Other service activities etc.";354;356;423;275;180
"Total sex";"2023";"Employees, managers";"67 years and over";"X Activity not stated";0;0;0;0;0
"Total sex";"2023";"Employees - upper level";"Under 16 years";"A Agriculture, forestry and fishing";0;4;5;4;3
"Total sex";"2023";"Employees - upper level";"Under 16 years";"B Mining and quarrying";0;0;0;0;0
"Total sex";"2023";"Employees - upper level";"Under 16 years";"CA Manufacture of food products, beverages and tobacco";2;3;3;0;2
"Total sex";"2023";"Employees - upper level";"Under 16 years";"CB Textiles and leather products";0;0;0;0;0
"Total sex";"2023";"Employees - upper level";"Under 16 years";"CC Wood and paper products and printing";32;0;0;0;0
"Total sex";"2023";"Employees - upper level";"Under 16 years";"CD Oil refinery etc.";0;0;0;0;0
"Total sex";"2023";"Employees - upper level";"Under 16 years";"CE Manufacture of chemicals";0;0;0;0;0
"Total sex";"2023";"Employees - upper level";"Under 16 years";"CF Pharmaceuticals";0;0;0;0;0
"Total sex";"2023";"Employees - upper level";"Under 16 years";"CG Manufacture of plastic, glass and concrete";0;0;1;0;0
"Total sex";"2023";"Employees - upper level";"Under 16 years";"CH Basic metals and fabricated metal products";0;0;0;1;0
"Total sex";"2023";"Employees - upper level";"Under 16 years";"CI Manufacture of electronic components";0;0;0;0;0
"Total sex";"2023";"Employees - upper level";"Under 16 years";"CJ Electrical equipment";0;0;0;1;0
"Total sex";"2023";"Employees - upper level";"Under 16 years";"CK Manufacture of machinery";0;1;1;1;1
"Total sex";"2023";"Employees - upper level";"Under 16 years";"CL Transport equipment";0;0;0;0;0
"Total sex";"2023";"Employees - upper level";"Under 16 years";"CM Manufacture of funiture and other manufacturing";0;1;0;0;0
"Total sex";"2023";"Employees - upper level";"Under 16 years";"D Electricity, gas, steam and air conditioning supply";0;0;0;0;0
"Total sex";"2023";"Employees - upper level";"Under 16 years";"E Water supply, sewerage and waste management";0;0;0;0;0
"Total sex";"2023";"Employees - upper level";"Under 16 years";"F Construction";0;1;2;1;1
"Total sex";"2023";"Employees - upper level";"Under 16 years";"G Wholesale and retail trade";12;9;32;22;13
"Total sex";"2023";"Employees - upper level";"Under 16 years";"H Transportation";5;15;36;12;0
"Total sex";"2023";"Employees - upper level";"Under 16 years";"I Accommodation and food service activities";9;9;28;12;6
"Total sex";"2023";"Employees - upper level";"Under 16 years";"JA Publishing, television and radio broadcasting";37;0;1;1;0
"Total sex";"2023";"Employees - upper level";"Under 16 years";"JB Telecommunications";0;0;0;0;0
"Total sex";"2023";"Employees - upper level";"Under 16 years";"JC IT and information service activities";11;3;0;0;1
"Total sex";"2023";"Employees - upper level";"Under 16 years";"K Financial and insurance";0;0;1;0;0
"Total sex";"2023";"Employees - upper level";"Under 16 years";"L Real estate activities";3;1;0;10;3
"Total sex";"2023";"Employees - upper level";"Under 16 years";"MA Consultancy etc.";6;3;2;3;1
"Total sex";"2023";"Employees - upper level";"Under 16 years";"MB Scientific research and development";0;0;0;0;0
"Total sex";"2023";"Employees - upper level";"Under 16 years";"MC Advertising and other business services";5;0;1;3;1
"Total sex";"2023";"Employees - upper level";"Under 16 years";"N Travel agent, cleaning, and other operationel services";3;1;1;3;1
"Total sex";"2023";"Employees - upper level";"Under 16 years";"O Public administration, defence and compulsory social security";0;0;0;0;0
"Total sex";"2023";"Employees - upper level";"Under 16 years";"P Education";19;10;8;25;6
"Total sex";"2023";"Employees - upper level";"Under 16 years";"QA Human health activities";2;1;5;3;0
"Total sex";"2023";"Employees - upper level";"Under 16 years";"QB Residential care";6;1;6;6;0
"Total sex";"2023";"Employees - upper level";"Under 16 years";"R Arts, entertainment and recreation activities";140;2;11;8;7
"Total sex";"2023";"Employees - upper level";"Under 16 years";"S Other service activities etc.";46;104;279;158;133
"Total sex";"2023";"Employees - upper level";"Under 16 years";"X Activity not stated";0;0;0;0;0
"Total sex";"2023";"Employees - upper level";"16-19 years";"A Agriculture, forestry and fishing";1;3;2;8;4
"Total sex";"2023";"Employees - upper level";"16-19 years";"B Mining and quarrying";0;0;0;0;0
"Total sex";"2023";"Employees - upper level";"16-19 years";"CA Manufacture of food products, beverages and tobacco";3;5;1;2;2
"Total sex";"2023";"Employees - upper level";"16-19 years";"CB Textiles and leather products";0;0;1;1;0
"Total sex";"2023";"Employees - upper level";"16-19 years";"CC Wood and paper products and printing";2;0;4;1;0
"Total sex";"2023";"Employees - upper level";"16-19 years";"CD Oil refinery etc.";0;0;0;0;0
"Total sex";"2023";"Employees - upper level";"16-19 years";"CE Manufacture of chemicals";0;0;2;1;0
"Total sex";"2023";"Employees - upper level";"16-19 years";"CF Pharmaceuticals";2;0;0;0;0
"Total sex";"2023";"Employees - upper level";"16-19 years";"CG Manufacture of plastic, glass and concrete";2;0;1;0;1
"Total sex";"2023";"Employees - upper level";"16-19 years";"CH Basic metals and fabricated metal products";0;0;0;2;2
"Total sex";"2023";"Employees - upper level";"16-19 years";"CI Manufacture of electronic components";2;2;2;4;1
"Total sex";"2023";"Employees - upper level";"16-19 years";"CJ Electrical equipment";0;0;1;0;0
"Total sex";"2023";"Employees - upper level";"16-19 years";"CK Manufacture of machinery";0;1;10;9;1
"Total sex";"2023";"Employees - upper level";"16-19 years";"CL Transport equipment";0;0;0;0;1
"Total sex";"2023";"Employees - upper level";"16-19 years";"CM Manufacture of funiture and other manufacturing";2;0;7;1;0
"Total sex";"2023";"Employees - upper level";"16-19 years";"D Electricity, gas, steam and air conditioning supply";0;0;0;0;1
"Total sex";"2023";"Employees - upper level";"16-19 years";"E Water supply, sewerage and waste management";1;0;1;0;0
"Total sex";"2023";"Employees - upper level";"16-19 years";"F Construction";4;5;1;7;2
"Total sex";"2023";"Employees - upper level";"16-19 years";"G Wholesale and retail trade";69;45;78;72;37
"Total sex";"2023";"Employees - upper level";"16-19 years";"H Transportation";6;2;6;6;0
"Total sex";"2023";"Employees - upper level";"16-19 years";"I Accommodation and food service activities";81;37;48;53;21
"Total sex";"2023";"Employees - upper level";"16-19 years";"JA Publishing, television and radio broadcasting";35;1;5;2;1
"Total sex";"2023";"Employees - upper level";"16-19 years";"JB Telecommunications";5;0;0;0;0
"Total sex";"2023";"Employees - upper level";"16-19 years";"JC IT and information service activities";30;2;7;13;8
"Total sex";"2023";"Employees - upper level";"16-19 years";"K Financial and insurance";5;1;2;1;2
"Total sex";"2023";"Employees - upper level";"16-19 years";"L Real estate activities";10;0;1;3;6
"Total sex";"2023";"Employees - upper level";"16-19 years";"MA Consultancy etc.";58;5;4;17;4
"Total sex";"2023";"Employees - upper level";"16-19 years";"MB Scientific research and development";1;1;0;4;2
"Total sex";"2023";"Employees - upper level";"16-19 years";"MC Advertising and other business services";21;3;10;7;2
"Total sex";"2023";"Employees - upper level";"16-19 years";"N Travel agent, cleaning, and other operationel services";26;8;6;10;3
"Total sex";"2023";"Employees - upper level";"16-19 years";"O Public administration, defence and compulsory social security";7;0;0;6;1
"Total sex";"2023";"Employees - upper level";"16-19 years";"P Education";510;262;240;146;76
"Total sex";"2023";"Employees - upper level";"16-19 years";"QA Human health activities";5;3;7;0;3
"Total sex";"2023";"Employees - upper level";"16-19 years";"QB Residential care";46;15;22;27;12
"Total sex";"2023";"Employees - upper level";"16-19 years";"R Arts, entertainment and recreation activities";71;18;18;22;23
"Total sex";"2023";"Employees - upper level";"16-19 years";"S Other service activities etc.";96;70;97;138;46
"Total sex";"2023";"Employees - upper level";"16-19 years";"X Activity not stated";0;0;0;0;0
"Total sex";"2023";"Employees - upper level";"20-24 years";"A Agriculture, forestry and fishing";3;8;15;19;9
"Total sex";"2023";"Employees - upper level";"20-24 years";"B Mining and quarrying";6;0;3;0;1
"Total sex";"2023";"Employees - upper level";"20-24 years";"CA Manufacture of food products, beverages and tobacco";27;15;13;29;5
"Total sex";"2023";"Employees - upper level";"20-24 years";"CB Textiles and leather products";5;0;2;8;0
"Total sex";"2023";"Employees - upper level";"20-24 years";"CC Wood and paper products and printing";9;2;4;10;1
"Total sex";"2023";"Employees - upper level";"20-24 years";"CD Oil refinery etc.";1;0;1;0;0
"Total sex";"2023";"Employees - upper level";"20-24 years";"CE Manufacture of chemicals";11;1;7;8;0
"Total sex";"2023";"Employees - upper level";"20-24 years";"CF Pharmaceuticals";181;41;3;0;1
"Total sex";"2023";"Employees - upper level";"20-24 years";"CG Manufacture of plastic, glass and concrete";10;0;5;6;3
"Total sex";"2023";"Employees - upper level";"20-24 years";"CH Basic metals and fabricated metal products";3;0;8;15;10
"Total sex";"2023";"Employees - upper level";"20-24 years";"CI Manufacture of electronic components";87;3;18;35;11
"Total sex";"2023";"Employees - upper level";"20-24 years";"CJ Electrical equipment";3;0;24;12;7
"Total sex";"2023";"Employees - upper level";"20-24 years";"CK Manufacture of machinery";50;7;97;55;27
"Total sex";"2023";"Employees - upper level";"20-24 years";"CL Transport equipment";0;4;8;1;4
"Total sex";"2023";"Employees - upper level";"20-24 years";"CM Manufacture of funiture and other manufacturing";34;4;60;6;5
"Total sex";"2023";"Employees - upper level";"20-24 years";"D Electricity, gas, steam and air conditioning supply";40;1;10;22;20
"Total sex";"2023";"Employees - upper level";"20-24 years";"E Water supply, sewerage and waste management";3;1;3;3;1
"Total sex";"2023";"Employees - upper level";"20-24 years";"F Construction";152;19;14;57;18
"Total sex";"2023";"Employees - upper level";"20-24 years";"G Wholesale and retail trade";651;97;241;415;111
"Total sex";"2023";"Employees - upper level";"20-24 years";"H Transportation";115;14;33;28;7
"Total sex";"2023";"Employees - upper level";"20-24 years";"I Accommodation and food service activities";471;75;176;242;96
"Total sex";"2023";"Employees - upper level";"20-24 years";"JA Publishing, television and radio broadcasting";448;2;65;87;26
"Total sex";"2023";"Employees - upper level";"20-24 years";"JB Telecommunications";38;0;7;17;3
"Total sex";"2023";"Employees - upper level";"20-24 years";"JC IT and information service activities";861;16;103;405;120
"Total sex";"2023";"Employees - upper level";"20-24 years";"K Financial and insurance";547;44;66;144;56
"Total sex";"2023";"Employees - upper level";"20-24 years";"L Real estate activities";90;9;12;36;15
"Total sex";"2023";"Employees - upper level";"20-24 years";"MA Consultancy etc.";1620;81;154;505;153
"Total sex";"2023";"Employees - upper level";"20-24 years";"MB Scientific research and development";112;12;21;39;3
"Total sex";"2023";"Employees - upper level";"20-24 years";"MC Advertising and other business services";316;13;40;102;26
"Total sex";"2023";"Employees - upper level";"20-24 years";"N Travel agent, cleaning, and other operationel services";358;63;68;91;51
"Total sex";"2023";"Employees - upper level";"20-24 years";"O Public administration, defence and compulsory social security";182;21;63;112;31
"Total sex";"2023";"Employees - upper level";"20-24 years";"P Education";2941;1040;1393;1550;455
"Total sex";"2023";"Employees - upper level";"20-24 years";"QA Human health activities";608;171;437;382;289
"Total sex";"2023";"Employees - upper level";"20-24 years";"QB Residential care";844;425;439;542;287
"Total sex";"2023";"Employees - upper level";"20-24 years";"R Arts, entertainment and recreation activities";322;59;109;150;67
"Total sex";"2023";"Employees - upper level";"20-24 years";"S Other service activities etc.";398;37;90;114;51
"Total sex";"2023";"Employees - upper level";"20-24 years";"X Activity not stated";0;0;0;0;0
"Total sex";"2023";"Employees - upper level";"25-29 years";"A Agriculture, forestry and fishing";10;15;29;27;15
"Total sex";"2023";"Employees - upper level";"25-29 years";"B Mining and quarrying";14;0;32;4;6
"Total sex";"2023";"Employees - upper level";"25-29 years";"CA Manufacture of food products, beverages and tobacco";80;19;48;182;15
"Total sex";"2023";"Employees - upper level";"25-29 years";"CB Textiles and leather products";23;0;3;21;10
"Total sex";"2023";"Employees - upper level";"25-29 years";"CC Wood and paper products and printing";16;4;17;23;6
"Total sex";"2023";"Employees - upper level";"25-29 years";"CD Oil refinery etc.";1;9;3;0;0
"Total sex";"2023";"Employees - upper level";"25-29 years";"CE Manufacture of chemicals";167;19;20;24;1
"Total sex";"2023";"Employees - upper level";"25-29 years";"CF Pharmaceuticals";1864;324;6;2;24
"Total sex";"2023";"Employees - upper level";"25-29 years";"CG Manufacture of plastic, glass and concrete";37;3;37;34;18
"Total sex";"2023";"Employees - upper level";"25-29 years";"CH Basic metals and fabricated metal products";19;6;32;40;73
"Total sex";"2023";"Employees - upper level";"25-29 years";"CI Manufacture of electronic components";476;8;64;210;42
"Total sex";"2023";"Employees - upper level";"25-29 years";"CJ Electrical equipment";47;3;97;40;54
"Total sex";"2023";"Employees - upper level";"25-29 years";"CK Manufacture of machinery";171;41;411;591;151
"Total sex";"2023";"Employees - upper level";"25-29 years";"CL Transport equipment";5;7;25;9;20
"Total sex";"2023";"Employees - upper level";"25-29 years";"CM Manufacture of funiture and other manufacturing";169;26;405;53;24
"Total sex";"2023";"Employees - upper level";"25-29 years";"D Electricity, gas, steam and air conditioning supply";231;11;326;146;99
"Total sex";"2023";"Employees - upper level";"25-29 years";"E Water supply, sewerage and waste management";25;1;26;15;11
"Total sex";"2023";"Employees - upper level";"25-29 years";"F Construction";456;52;98;185;94
"Total sex";"2023";"Employees - upper level";"25-29 years";"G Wholesale and retail trade";2001;162;625;1080;236
"Total sex";"2023";"Employees - upper level";"25-29 years";"H Transportation";517;17;74;71;28
"Total sex";"2023";"Employees - upper level";"25-29 years";"I Accommodation and food service activities";398;30;126;155;68
"Total sex";"2023";"Employees - upper level";"25-29 years";"JA Publishing, television and radio broadcasting";1738;27;282;329;96
"Total sex";"2023";"Employees - upper level";"25-29 years";"JB Telecommunications";152;1;14;67;28
"Total sex";"2023";"Employees - upper level";"25-29 years";"JC IT and information service activities";4510;62;528;1664;580
"Total sex";"2023";"Employees - upper level";"25-29 years";"K Financial and insurance";2854;175;394;797;214
"Total sex";"2023";"Employees - upper level";"25-29 years";"L Real estate activities";252;17;30;65;22
"Total sex";"2023";"Employees - upper level";"25-29 years";"MA Consultancy etc.";6636;321;719;1973;599
"Total sex";"2023";"Employees - upper level";"25-29 years";"MB Scientific research and development";899;86;105;238;43
"Total sex";"2023";"Employees - upper level";"25-29 years";"MC Advertising and other business services";1383;64;188;468;118
"Total sex";"2023";"Employees - upper level";"25-29 years";"N Travel agent, cleaning, and other operationel services";895;157;259;376;161
"Total sex";"2023";"Employees - upper level";"25-29 years";"O Public administration, defence and compulsory social security";3763;404;1005;1170;505
"Total sex";"2023";"Employees - upper level";"25-29 years";"P Education";6568;1319;2680;4003;1481
"Total sex";"2023";"Employees - upper level";"25-29 years";"QA Human health activities";5184;1673;2985;3530;1630
"Total sex";"2023";"Employees - upper level";"25-29 years";"QB Residential care";3988;1668;2285;3408;1383
"Total sex";"2023";"Employees - upper level";"25-29 years";"R Arts, entertainment and recreation activities";606;83;160;287;101
"Total sex";"2023";"Employees - upper level";"25-29 years";"S Other service activities etc.";1109;47;142;202;68
"Total sex";"2023";"Employees - upper level";"25-29 years";"X Activity not stated";0;0;0;0;0
"Total sex";"2023";"Employees - upper level";"30-34 years";"A Agriculture, forestry and fishing";18;20;34;41;20
"Total sex";"2023";"Employees - upper level";"30-34 years";"B Mining and quarrying";14;0;34;1;4
"Total sex";"2023";"Employees - upper level";"30-34 years";"CA Manufacture of food products, beverages and tobacco";78;19;65;322;14
"Total sex";"2023";"Employees - upper level";"30-34 years";"CB Textiles and leather products";22;0;10;33;19
"Total sex";"2023";"Employees - upper level";"30-34 years";"CC Wood and paper products and printing";16;9;24;32;9
"Total sex";"2023";"Employees - upper level";"30-34 years";"CD Oil refinery etc.";1;10;10;0;0
"Total sex";"2023";"Employees - upper level";"30-34 years";"CE Manufacture of chemicals";314;39;26;27;3
"Total sex";"2023";"Employees - upper level";"30-34 years";"CF Pharmaceuticals";2942;326;7;2;53
"Total sex";"2023";"Employees - upper level";"30-34 years";"CG Manufacture of plastic, glass and concrete";79;10;36;48;14
"Total sex";"2023";"Employees - upper level";"30-34 years";"CH Basic metals and fabricated metal products";11;12;44;61;96
"Total sex";"2023";"Employees - upper level";"30-34 years";"CI Manufacture of electronic components";691;10;66;186;35
"Total sex";"2023";"Employees - upper level";"30-34 years";"CJ Electrical equipment";55;3;137;35;46
"Total sex";"2023";"Employees - upper level";"30-34 years";"CK Manufacture of machinery";247;45;533;849;170
"Total sex";"2023";"Employees - upper level";"30-34 years";"CL Transport equipment";13;8;33;21;24
"Total sex";"2023";"Employees - upper level";"30-34 years";"CM Manufacture of funiture and other manufacturing";287;60;722;81;23
"Total sex";"2023";"Employees - upper level";"30-34 years";"D Electricity, gas, steam and air conditioning supply";411;13;387;162;79
"Total sex";"2023";"Employees - upper level";"30-34 years";"E Water supply, sewerage and waste management";40;4;27;33;18
"Total sex";"2023";"Employees - upper level";"30-34 years";"F Construction";422;78;129;218;113
"Total sex";"2023";"Employees - upper level";"30-34 years";"G Wholesale and retail trade";2594;183;747;1213;269
"Total sex";"2023";"Employees - upper level";"30-34 years";"H Transportation";1008;23;97;78;39
"Total sex";"2023";"Employees - upper level";"30-34 years";"I Accommodation and food service activities";191;16;87;62;38
"Total sex";"2023";"Employees - upper level";"30-34 years";"JA Publishing, television and radio broadcasting";2079;45;277;358;87
"Total sex";"2023";"Employees - upper level";"30-34 years";"JB Telecommunications";249;1;19;116;23
"Total sex";"2023";"Employees - upper level";"30-34 years";"JC IT and information service activities";5317;95;532;1790;554
"Total sex";"2023";"Employees - upper level";"30-34 years";"K Financial and insurance";3975;183;504;918;229
"Total sex";"2023";"Employees - upper level";"30-34 years";"L Real estate activities";254;14;48;73;16
"Total sex";"2023";"Employees - upper level";"30-34 years";"MA Consultancy etc.";6491;405;859;1867;561
"Total sex";"2023";"Employees - upper level";"30-34 years";"MB Scientific research and development";1213;128;109;464;43
"Total sex";"2023";"Employees - upper level";"30-34 years";"MC Advertising and other business services";1376;82;244;534;119
"Total sex";"2023";"Employees - upper level";"30-34 years";"N Travel agent, cleaning, and other operationel services";1046;235;343;459;221
"Total sex";"2023";"Employees - upper level";"30-34 years";"O Public administration, defence and compulsory social security";5625;721;1610;1829;805
"Total sex";"2023";"Employees - upper level";"30-34 years";"P Education";7557;2113;3702;4724;1804
"Total sex";"2023";"Employees - upper level";"30-34 years";"QA Human health activities";5985;1932;3724;4074;1761
"Total sex";"2023";"Employees - upper level";"30-34 years";"QB Residential care";5622;2337;3140;4484;1860
"Total sex";"2023";"Employees - upper level";"30-34 years";"R Arts, entertainment and recreation activities";741;125;242;308;139
"Total sex";"2023";"Employees - upper level";"30-34 years";"S Other service activities etc.";1319;77;175;288;91
"Total sex";"2023";"Employees - upper level";"30-34 years";"X Activity not stated";0;0;0;0;0
"Total sex";"2023";"Employees - upper level";"35-39 years";"A Agriculture, forestry and fishing";11;26;28;41;18
"Total sex";"2023";"Employees - upper level";"35-39 years";"B Mining and quarrying";29;1;56;2;1
"Total sex";"2023";"Employees - upper level";"35-39 years";"CA Manufacture of food products, beverages and tobacco";59;24;48;331;13
"Total sex";"2023";"Employees - upper level";"35-39 years";"CB Textiles and leather products";11;0;4;22;10
"Total sex";"2023";"Employees - upper level";"35-39 years";"CC Wood and paper products and printing";25;8;27;19;9
"Total sex";"2023";"Employees - upper level";"35-39 years";"CD Oil refinery etc.";3;8;7;0;0
"Total sex";"2023";"Employees - upper level";"35-39 years";"CE Manufacture of chemicals";373;26;22;24;1
"Total sex";"2023";"Employees - upper level";"35-39 years";"CF Pharmaceuticals";2948;295;7;1;55
"Total sex";"2023";"Employees - upper level";"35-39 years";"CG Manufacture of plastic, glass and concrete";59;6;31;37;18
"Total sex";"2023";"Employees - upper level";"35-39 years";"CH Basic metals and fabricated metal products";23;6;46;58;63
"Total sex";"2023";"Employees - upper level";"35-39 years";"CI Manufacture of electronic components";625;10;67;203;24
"Total sex";"2023";"Employees - upper level";"35-39 years";"CJ Electrical equipment";58;8;104;45;47
"Total sex";"2023";"Employees - upper level";"35-39 years";"CK Manufacture of machinery";226;57;477;849;150
"Total sex";"2023";"Employees - upper level";"35-39 years";"CL Transport equipment";7;6;28;7;21
"Total sex";"2023";"Employees - upper level";"35-39 years";"CM Manufacture of funiture and other manufacturing";232;35;725;76;25
"Total sex";"2023";"Employees - upper level";"35-39 years";"D Electricity, gas, steam and air conditioning supply";396;18;381;114;68
"Total sex";"2023";"Employees - upper level";"35-39 years";"E Water supply, sewerage and waste management";36;5;24;30;12
"Total sex";"2023";"Employees - upper level";"35-39 years";"F Construction";383;94;145;222;92
"Total sex";"2023";"Employees - upper level";"35-39 years";"G Wholesale and retail trade";2151;186;623;974;199
"Total sex";"2023";"Employees - upper level";"35-39 years";"H Transportation";963;25;82;52;26
"Total sex";"2023";"Employees - upper level";"35-39 years";"I Accommodation and food service activities";96;13;40;35;20
"Total sex";"2023";"Employees - upper level";"35-39 years";"JA Publishing, television and radio broadcasting";1702;34;173;240;78
"Total sex";"2023";"Employees - upper level";"35-39 years";"JB Telecommunications";240;7;20;80;38
"Total sex";"2023";"Employees - upper level";"35-39 years";"JC IT and information service activities";3706;86;409;1209;343
"Total sex";"2023";"Employees - upper level";"35-39 years";"K Financial and insurance";3656;280;554;896;261
"Total sex";"2023";"Employees - upper level";"35-39 years";"L Real estate activities";238;16;38;73;11
"Total sex";"2023";"Employees - upper level";"35-39 years";"MA Consultancy etc.";4671;377;816;1480;436
"Total sex";"2023";"Employees - upper level";"35-39 years";"MB Scientific research and development";1165;105;91;508;30
"Total sex";"2023";"Employees - upper level";"35-39 years";"MC Advertising and other business services";797;53;168;333;85
"Total sex";"2023";"Employees - upper level";"35-39 years";"N Travel agent, cleaning, and other operationel services";784;203;261;389;167
"Total sex";"2023";"Employees - upper level";"35-39 years";"O Public administration, defence and compulsory social security";4455;720;1493;1569;706
"Total sex";"2023";"Employees - upper level";"35-39 years";"P Education";6638;2210;3603;4382;1783
"Total sex";"2023";"Employees - upper level";"35-39 years";"QA Human health activities";4889;1633;2971;3112;1307
"Total sex";"2023";"Employees - upper level";"35-39 years";"QB Residential care";4832;2001;2741;3655;1612
"Total sex";"2023";"Employees - upper level";"35-39 years";"R Arts, entertainment and recreation activities";654;113;220;287;94
"Total sex";"2023";"Employees - upper level";"35-39 years";"S Other service activities etc.";1207;80;179;272;79
"Total sex";"2023";"Employees - upper level";"35-39 years";"X Activity not stated";0;0;0;0;0
"Total sex";"2023";"Employees - upper level";"40-44 years";"A Agriculture, forestry and fishing";9;14;42;37;13
"Total sex";"2023";"Employees - upper level";"40-44 years";"B Mining and quarrying";43;0;74;0;5
"Total sex";"2023";"Employees - upper level";"40-44 years";"CA Manufacture of food products, beverages and tobacco";26;16;48;262;14
"Total sex";"2023";"Employees - upper level";"40-44 years";"CB Textiles and leather products";3;0;6;15;10
"Total sex";"2023";"Employees - upper level";"40-44 years";"CC Wood and paper products and printing";15;9;18;21;11
"Total sex";"2023";"Employees - upper level";"40-44 years";"CD Oil refinery etc.";1;4;6;0;0
"Total sex";"2023";"Employees - upper level";"40-44 years";"CE Manufacture of chemicals";267;36;25;23;2
"Total sex";"2023";"Employees - upper level";"40-44 years";"CF Pharmaceuticals";2265;221;3;1;35
"Total sex";"2023";"Employees - upper level";"40-44 years";"CG Manufacture of plastic, glass and concrete";58;7;37;38;17
"Total sex";"2023";"Employees - upper level";"40-44 years";"CH Basic metals and fabricated metal products";24;1;46;58;54
"Total sex";"2023";"Employees - upper level";"40-44 years";"CI Manufacture of electronic components";559;13;48;183;21
"Total sex";"2023";"Employees - upper level";"40-44 years";"CJ Electrical equipment";48;4;112;29;37
"Total sex";"2023";"Employees - upper level";"40-44 years";"CK Manufacture of machinery";208;39;483;868;113
"Total sex";"2023";"Employees - upper level";"40-44 years";"CL Transport equipment";6;5;28;14;16
"Total sex";"2023";"Employees - upper level";"40-44 years";"CM Manufacture of funiture and other manufacturing";175;41;580;52;38
"Total sex";"2023";"Employees - upper level";"40-44 years";"D Electricity, gas, steam and air conditioning supply";278;16;353;87;53
"Total sex";"2023";"Employees - upper level";"40-44 years";"E Water supply, sewerage and waste management";33;6;23;19;10
"Total sex";"2023";"Employees - upper level";"40-44 years";"F Construction";373;83;114;173;71
"Total sex";"2023";"Employees - upper level";"40-44 years";"G Wholesale and retail trade";1812;184;563;792;175
"Total sex";"2023";"Employees - upper level";"40-44 years";"H Transportation";744;15;81;67;19
"Total sex";"2023";"Employees - upper level";"40-44 years";"I Accommodation and food service activities";86;20;58;44;23
"Total sex";"2023";"Employees - upper level";"40-44 years";"JA Publishing, television and radio broadcasting";1359;26;160;205;56
"Total sex";"2023";"Employees - upper level";"40-44 years";"JB Telecommunications";197;6;26;74;33
"Total sex";"2023";"Employees - upper level";"40-44 years";"JC IT and information service activities";2869;89;398;1025;349
"Total sex";"2023";"Employees - upper level";"40-44 years";"K Financial and insurance";3319;255;544;780;312
"Total sex";"2023";"Employees - upper level";"40-44 years";"L Real estate activities";215;17;43;53;12
"Total sex";"2023";"Employees - upper level";"40-44 years";"MA Consultancy etc.";3561;325;734;1233;336
"Total sex";"2023";"Employees - upper level";"40-44 years";"MB Scientific research and development";947;96;66;462;38
"Total sex";"2023";"Employees - upper level";"40-44 years";"MC Advertising and other business services";527;56;148;265;57
"Total sex";"2023";"Employees - upper level";"40-44 years";"N Travel agent, cleaning, and other operationel services";709;192;243;332;152
"Total sex";"2023";"Employees - upper level";"40-44 years";"O Public administration, defence and compulsory social security";3743;651;1217;1269;589
"Total sex";"2023";"Employees - upper level";"40-44 years";"P Education";6494;2504;3916;4842;2001
"Total sex";"2023";"Employees - upper level";"40-44 years";"QA Human health activities";4173;1576;2679;3014;1224
"Total sex";"2023";"Employees - upper level";"40-44 years";"QB Residential care";4524;2010;2610;3446;1586
"Total sex";"2023";"Employees - upper level";"40-44 years";"R Arts, entertainment and recreation activities";639;102;235;305;96
"Total sex";"2023";"Employees - upper level";"40-44 years";"S Other service activities etc.";1115;98;214;288;102
"Total sex";"2023";"Employees - upper level";"40-44 years";"X Activity not stated";0;0;0;0;0
"Total sex";"2023";"Employees - upper level";"45-49 years";"A Agriculture, forestry and fishing";10;16;32;46;9
"Total sex";"2023";"Employees - upper level";"45-49 years";"B Mining and quarrying";45;1;73;3;2
"Total sex";"2023";"Employees - upper level";"45-49 years";"CA Manufacture of food products, beverages and tobacco";45;28;57;234;15
"Total sex";"2023";"Employees - upper level";"45-49 years";"CB Textiles and leather products";4;1;5;19;11
"Total sex";"2023";"Employees - upper level";"45-49 years";"CC Wood and paper products and printing";22;11;25;19;11
"Total sex";"2023";"Employees - upper level";"45-49 years";"CD Oil refinery etc.";3;10;7;0;0
"Total sex";"2023";"Employees - upper level";"45-49 years";"CE Manufacture of chemicals";277;33;26;25;0
"Total sex";"2023";"Employees - upper level";"45-49 years";"CF Pharmaceuticals";1848;245;5;0;24
"Total sex";"2023";"Employees - upper level";"45-49 years";"CG Manufacture of plastic, glass and concrete";34;12;33;36;16
"Total sex";"2023";"Employees - upper level";"45-49 years";"CH Basic metals and fabricated metal products";18;13;57;47;56
"Total sex";"2023";"Employees - upper level";"45-49 years";"CI Manufacture of electronic components";580;15;55;210;39
"Total sex";"2023";"Employees - upper level";"45-49 years";"CJ Electrical equipment";46;6;137;41;35
"Total sex";"2023";"Employees - upper level";"45-49 years";"CK Manufacture of machinery";191;60;425;722;106
"Total sex";"2023";"Employees - upper level";"45-49 years";"CL Transport equipment";7;5;29;11;13
"Total sex";"2023";"Employees - upper level";"45-49 years";"CM Manufacture of funiture and other manufacturing";177;36;481;45;18
"Total sex";"2023";"Employees - upper level";"45-49 years";"D Electricity, gas, steam and air conditioning supply";198;15;293;64;31
"Total sex";"2023";"Employees - upper level";"45-49 years";"E Water supply, sewerage and waste management";51;3;23;26;11
"Total sex";"2023";"Employees - upper level";"45-49 years";"F Construction";354;72;122;183;66
"Total sex";"2023";"Employees - upper level";"45-49 years";"G Wholesale and retail trade";1924;214;587;849;176
"Total sex";"2023";"Employees - upper level";"45-49 years";"H Transportation";597;15;77;73;17
"Total sex";"2023";"Employees - upper level";"45-49 years";"I Accommodation and food service activities";69;29;61;47;39
"Total sex";"2023";"Employees - upper level";"45-49 years";"JA Publishing, television and radio broadcasting";1264;41;153;181;52
"Total sex";"2023";"Employees - upper level";"45-49 years";"JB Telecommunications";215;8;16;71;32
"Total sex";"2023";"Employees - upper level";"45-49 years";"JC IT and information service activities";2769;114;345;951;350
"Total sex";"2023";"Employees - upper level";"45-49 years";"K Financial and insurance";3346;283;529;794;264
"Total sex";"2023";"Employees - upper level";"45-49 years";"L Real estate activities";223;18;44;62;12
"Total sex";"2023";"Employees - upper level";"45-49 years";"MA Consultancy etc.";3295;364;690;1139;319
"Total sex";"2023";"Employees - upper level";"45-49 years";"MB Scientific research and development";836;89;60;428;33
"Total sex";"2023";"Employees - upper level";"45-49 years";"MC Advertising and other business services";548;55;149;251;70
"Total sex";"2023";"Employees - upper level";"45-49 years";"N Travel agent, cleaning, and other operationel services";643;168;278;316;152
"Total sex";"2023";"Employees - upper level";"45-49 years";"O Public administration, defence and compulsory social security";3718;661;1165;1255;503
"Total sex";"2023";"Employees - upper level";"45-49 years";"P Education";7410;3066;4912;5329;2426
"Total sex";"2023";"Employees - upper level";"45-49 years";"QA Human health activities";4135;1729;2873;3010;1207
"Total sex";"2023";"Employees - upper level";"45-49 years";"QB Residential care";5011;2293;3006;3740;1712
"Total sex";"2023";"Employees - upper level";"45-49 years";"R Arts, entertainment and recreation activities";647;133;262;330;102
"Total sex";"2023";"Employees - upper level";"45-49 years";"S Other service activities etc.";1276;145;249;320;127
"Total sex";"2023";"Employees - upper level";"45-49 years";"X Activity not stated";1;0;0;0;0
"Total sex";"2023";"Employees - upper level";"50-54 years";"A Agriculture, forestry and fishing";6;23;30;40;17
"Total sex";"2023";"Employees - upper level";"50-54 years";"B Mining and quarrying";51;0;54;1;1
"Total sex";"2023";"Employees - upper level";"50-54 years";"CA Manufacture of food products, beverages and tobacco";40;28;63;216;23
"Total sex";"2023";"Employees - upper level";"50-54 years";"CB Textiles and leather products";0;0;7;27;12
"Total sex";"2023";"Employees - upper level";"50-54 years";"CC Wood and paper products and printing";22;11;36;36;18
"Total sex";"2023";"Employees - upper level";"50-54 years";"CD Oil refinery etc.";4;14;12;0;0
"Total sex";"2023";"Employees - upper level";"50-54 years";"CE Manufacture of chemicals";277;33;34;33;1
"Total sex";"2023";"Employees - upper level";"50-54 years";"CF Pharmaceuticals";1582;203;6;2;32
"Total sex";"2023";"Employees - upper level";"50-54 years";"CG Manufacture of plastic, glass and concrete";41;15;41;43;13
"Total sex";"2023";"Employees - upper level";"50-54 years";"CH Basic metals and fabricated metal products";24;13;53;65;61
"Total sex";"2023";"Employees - upper level";"50-54 years";"CI Manufacture of electronic components";565;13;46;196;36
"Total sex";"2023";"Employees - upper level";"50-54 years";"CJ Electrical equipment";39;12;154;37;31
"Total sex";"2023";"Employees - upper level";"50-54 years";"CK Manufacture of machinery";179;85;442;735;97
"Total sex";"2023";"Employees - upper level";"50-54 years";"CL Transport equipment";7;12;18;11;10
"Total sex";"2023";"Employees - upper level";"50-54 years";"CM Manufacture of funiture and other manufacturing";202;58;374;60;21
"Total sex";"2023";"Employees - upper level";"50-54 years";"D Electricity, gas, steam and air conditioning supply";183;14;243;50;30
"Total sex";"2023";"Employees - upper level";"50-54 years";"E Water supply, sewerage and waste management";44;11;19;27;12
"Total sex";"2023";"Employees - upper level";"50-54 years";"F Construction";331;66;102;147;61
"Total sex";"2023";"Employees - upper level";"50-54 years";"G Wholesale and retail trade";1878;219;573;730;183
"Total sex";"2023";"Employees - upper level";"50-54 years";"H Transportation";526;14;64;56;15
"Total sex";"2023";"Employees - upper level";"50-54 years";"I Accommodation and food service activities";79;33;78;38;34
"Total sex";"2023";"Employees - upper level";"50-54 years";"JA Publishing, television and radio broadcasting";1016;41;171;138;58
"Total sex";"2023";"Employees - upper level";"50-54 years";"JB Telecommunications";218;11;16;93;29
"Total sex";"2023";"Employees - upper level";"50-54 years";"JC IT and information service activities";2507;115;321;921;296
"Total sex";"2023";"Employees - upper level";"50-54 years";"K Financial and insurance";2886;265;406;637;220
"Total sex";"2023";"Employees - upper level";"50-54 years";"L Real estate activities";187;17;34;64;9
"Total sex";"2023";"Employees - upper level";"50-54 years";"MA Consultancy etc.";3023;378;681;953;267
"Total sex";"2023";"Employees - upper level";"50-54 years";"MB Scientific research and development";815;87;59;405;32
"Total sex";"2023";"Employees - upper level";"50-54 years";"MC Advertising and other business services";429;52;153;205;49
"Total sex";"2023";"Employees - upper level";"50-54 years";"N Travel agent, cleaning, and other operationel services";657;149;236;280;119
"Total sex";"2023";"Employees - upper level";"50-54 years";"O Public administration, defence and compulsory social security";3079;565;847;1023;427
"Total sex";"2023";"Employees - upper level";"50-54 years";"P Education";6370;2841;4359;4682;1905
"Total sex";"2023";"Employees - upper level";"50-54 years";"QA Human health activities";3539;1519;2364;2477;1060
"Total sex";"2023";"Employees - upper level";"50-54 years";"QB Residential care";4455;2209;2797;3332;1545
"Total sex";"2023";"Employees - upper level";"50-54 years";"R Arts, entertainment and recreation activities";491;127;220;226;74
"Total sex";"2023";"Employees - upper level";"50-54 years";"S Other service activities etc.";1283;135;265;305;110
"Total sex";"2023";"Employees - upper level";"50-54 years";"X Activity not stated";0;0;0;0;1
"Total sex";"2023";"Employees - upper level";"55-59 years";"A Agriculture, forestry and fishing";9;23;35;28;19
"Total sex";"2023";"Employees - upper level";"55-59 years";"B Mining and quarrying";41;3;57;2;0
"Total sex";"2023";"Employees - upper level";"55-59 years";"CA Manufacture of food products, beverages and tobacco";47;22;59;206;16
"Total sex";"2023";"Employees - upper level";"55-59 years";"CB Textiles and leather products";1;0;7;21;8
"Total sex";"2023";"Employees - upper level";"55-59 years";"CC Wood and paper products and printing";27;14;31;35;17
"Total sex";"2023";"Employees - upper level";"55-59 years";"CD Oil refinery etc.";1;16;7;0;0
"Total sex";"2023";"Employees - upper level";"55-59 years";"CE Manufacture of chemicals";244;35;35;16;1
"Total sex";"2023";"Employees - upper level";"55-59 years";"CF Pharmaceuticals";1235;156;3;2;14
"Total sex";"2023";"Employees - upper level";"55-59 years";"CG Manufacture of plastic, glass and concrete";42;15;47;38;15
"Total sex";"2023";"Employees - upper level";"55-59 years";"CH Basic metals and fabricated metal products";39;10;57;67;85
"Total sex";"2023";"Employees - upper level";"55-59 years";"CI Manufacture of electronic components";490;18;32;186;37
"Total sex";"2023";"Employees - upper level";"55-59 years";"CJ Electrical equipment";74;6;140;35;30
"Total sex";"2023";"Employees - upper level";"55-59 years";"CK Manufacture of machinery";225;87;409;695;89
"Total sex";"2023";"Employees - upper level";"55-59 years";"CL Transport equipment";6;9;17;9;15
"Total sex";"2023";"Employees - upper level";"55-59 years";"CM Manufacture of funiture and other manufacturing";155;40;295;67;19
"Total sex";"2023";"Employees - upper level";"55-59 years";"D Electricity, gas, steam and air conditioning supply";152;19;221;51;22
"Total sex";"2023";"Employees - upper level";"55-59 years";"E Water supply, sewerage and waste management";44;9;25;39;8
"Total sex";"2023";"Employees - upper level";"55-59 years";"F Construction";333;55;100;125;63
"Total sex";"2023";"Employees - upper level";"55-59 years";"G Wholesale and retail trade";1576;163;517;604;137
"Total sex";"2023";"Employees - upper level";"55-59 years";"H Transportation";491;21;69;45;22
"Total sex";"2023";"Employees - upper level";"55-59 years";"I Accommodation and food service activities";72;28;68;61;28
"Total sex";"2023";"Employees - upper level";"55-59 years";"JA Publishing, television and radio broadcasting";754;30;139;123;39
"Total sex";"2023";"Employees - upper level";"55-59 years";"JB Telecommunications";166;3;13;69;31
"Total sex";"2023";"Employees - upper level";"55-59 years";"JC IT and information service activities";2171;114;269;748;211
"Total sex";"2023";"Employees - upper level";"55-59 years";"K Financial and insurance";3227;453;690;843;375
"Total sex";"2023";"Employees - upper level";"55-59 years";"L Real estate activities";182;14;45;54;12
"Total sex";"2023";"Employees - upper level";"55-59 years";"MA Consultancy etc.";2591;396;693;906;302
"Total sex";"2023";"Employees - upper level";"55-59 years";"MB Scientific research and development";692;86;34;310;30
"Total sex";"2023";"Employees - upper level";"55-59 years";"MC Advertising and other business services";319;62;121;182;54
"Total sex";"2023";"Employees - upper level";"55-59 years";"N Travel agent, cleaning, and other operationel services";541;155;186;217;112
"Total sex";"2023";"Employees - upper level";"55-59 years";"O Public administration, defence and compulsory social security";2742;499;762;869;356
"Total sex";"2023";"Employees - upper level";"55-59 years";"P Education";5606;2486;3737;3962;1569
"Total sex";"2023";"Employees - upper level";"55-59 years";"QA Human health activities";3306;1406;2186;2214;1030
"Total sex";"2023";"Employees - upper level";"55-59 years";"QB Residential care";4252;2157;2626;3336;1627
"Total sex";"2023";"Employees - upper level";"55-59 years";"R Arts, entertainment and recreation activities";356;69;157;201;62
"Total sex";"2023";"Employees - upper level";"55-59 years";"S Other service activities etc.";1137;156;295;304;131
"Total sex";"2023";"Employees - upper level";"55-59 years";"X Activity not stated";0;0;0;0;0
"Total sex";"2023";"Employees - upper level";"60-64 years";"A Agriculture, forestry and fishing";10;18;25;32;17
"Total sex";"2023";"Employees - upper level";"60-64 years";"B Mining and quarrying";30;1;32;2;2
"Total sex";"2023";"Employees - upper level";"60-64 years";"CA Manufacture of food products, beverages and tobacco";20;19;41;116;19
"Total sex";"2023";"Employees - upper level";"60-64 years";"CB Textiles and leather products";0;0;3;18;7
"Total sex";"2023";"Employees - upper level";"60-64 years";"CC Wood and paper products and printing";30;9;19;18;11
"Total sex";"2023";"Employees - upper level";"60-64 years";"CD Oil refinery etc.";0;6;4;0;0
"Total sex";"2023";"Employees - upper level";"60-64 years";"CE Manufacture of chemicals";132;18;21;12;0
"Total sex";"2023";"Employees - upper level";"60-64 years";"CF Pharmaceuticals";581;60;2;0;7
"Total sex";"2023";"Employees - upper level";"60-64 years";"CG Manufacture of plastic, glass and concrete";26;8;27;31;11
"Total sex";"2023";"Employees - upper level";"60-64 years";"CH Basic metals and fabricated metal products";23;9;47;43;35
"Total sex";"2023";"Employees - upper level";"60-64 years";"CI Manufacture of electronic components";296;10;19;107;19
"Total sex";"2023";"Employees - upper level";"60-64 years";"CJ Electrical equipment";42;5;113;26;13
"Total sex";"2023";"Employees - upper level";"60-64 years";"CK Manufacture of machinery";148;58;238;453;64
"Total sex";"2023";"Employees - upper level";"60-64 years";"CL Transport equipment";6;1;14;13;6
"Total sex";"2023";"Employees - upper level";"60-64 years";"CM Manufacture of funiture and other manufacturing";93;21;152;37;16
"Total sex";"2023";"Employees - upper level";"60-64 years";"D Electricity, gas, steam and air conditioning supply";96;5;127;29;13
"Total sex";"2023";"Employees - upper level";"60-64 years";"E Water supply, sewerage and waste management";27;2;20;23;9
"Total sex";"2023";"Employees - upper level";"60-64 years";"F Construction";206;48;59;93;54
"Total sex";"2023";"Employees - upper level";"60-64 years";"G Wholesale and retail trade";919;122;323;330;105
"Total sex";"2023";"Employees - upper level";"60-64 years";"H Transportation";335;13;39;33;14
"Total sex";"2023";"Employees - upper level";"60-64 years";"I Accommodation and food service activities";51;9;85;53;35
"Total sex";"2023";"Employees - upper level";"60-64 years";"JA Publishing, television and radio broadcasting";494;25;109;84;25
"Total sex";"2023";"Employees - upper level";"60-64 years";"JB Telecommunications";114;2;5;69;18
"Total sex";"2023";"Employees - upper level";"60-64 years";"JC IT and information service activities";1458;74;150;411;143
"Total sex";"2023";"Employees - upper level";"60-64 years";"K Financial and insurance";2053;250;470;594;261
"Total sex";"2023";"Employees - upper level";"60-64 years";"L Real estate activities";145;8;25;38;14
"Total sex";"2023";"Employees - upper level";"60-64 years";"MA Consultancy etc.";1697;255;480;634;221
"Total sex";"2023";"Employees - upper level";"60-64 years";"MB Scientific research and development";476;58;44;191;13
"Total sex";"2023";"Employees - upper level";"60-64 years";"MC Advertising and other business services";169;38;120;133;68
"Total sex";"2023";"Employees - upper level";"60-64 years";"N Travel agent, cleaning, and other operationel services";359;116;143;174;85
"Total sex";"2023";"Employees - upper level";"60-64 years";"O Public administration, defence and compulsory social security";1918;329;571;622;244
"Total sex";"2023";"Employees - upper level";"60-64 years";"P Education";4275;1826;2900;2990;1209
"Total sex";"2023";"Employees - upper level";"60-64 years";"QA Human health activities";3012;1240;1961;2174;1035
"Total sex";"2023";"Employees - upper level";"60-64 years";"QB Residential care";3658;1852;2201;2829;1267
"Total sex";"2023";"Employees - upper level";"60-64 years";"R Arts, entertainment and recreation activities";279;66;154;165;66
"Total sex";"2023";"Employees - upper level";"60-64 years";"S Other service activities etc.";780;143;254;273;121
"Total sex";"2023";"Employees - upper level";"60-64 years";"X Activity not stated";0;1;0;0;0
"Total sex";"2023";"Employees - upper level";"65-66 years";"A Agriculture, forestry and fishing";4;9;5;6;2
"Total sex";"2023";"Employees - upper level";"65-66 years";"B Mining and quarrying";5;0;8;1;1
"Total sex";"2023";"Employees - upper level";"65-66 years";"CA Manufacture of food products, beverages and tobacco";5;6;10;27;4
"Total sex";"2023";"Employees - upper level";"65-66 years";"CB Textiles and leather products";0;0;0;3;0
"Total sex";"2023";"Employees - upper level";"65-66 years";"CC Wood and paper products and printing";6;3;5;6;5
"Total sex";"2023";"Employees - upper level";"65-66 years";"CD Oil refinery etc.";0;5;2;0;0
"Total sex";"2023";"Employees - upper level";"65-66 years";"CE Manufacture of chemicals";21;3;4;6;0
"Total sex";"2023";"Employees - upper level";"65-66 years";"CF Pharmaceuticals";101;10;1;0;1
"Total sex";"2023";"Employees - upper level";"65-66 years";"CG Manufacture of plastic, glass and concrete";5;5;12;4;2
"Total sex";"2023";"Employees - upper level";"65-66 years";"CH Basic metals and fabricated metal products";4;5;13;6;10
"Total sex";"2023";"Employees - upper level";"65-66 years";"CI Manufacture of electronic components";49;3;7;19;3
"Total sex";"2023";"Employees - upper level";"65-66 years";"CJ Electrical equipment";12;2;20;1;1
"Total sex";"2023";"Employees - upper level";"65-66 years";"CK Manufacture of machinery";47;9;65;115;10
"Total sex";"2023";"Employees - upper level";"65-66 years";"CL Transport equipment";5;0;3;0;0
"Total sex";"2023";"Employees - upper level";"65-66 years";"CM Manufacture of funiture and other manufacturing";21;5;29;9;2
"Total sex";"2023";"Employees - upper level";"65-66 years";"D Electricity, gas, steam and air conditioning supply";22;1;32;7;5
"Total sex";"2023";"Employees - upper level";"65-66 years";"E Water supply, sewerage and waste management";14;3;5;7;0
"Total sex";"2023";"Employees - upper level";"65-66 years";"F Construction";43;10;19;22;11
"Total sex";"2023";"Employees - upper level";"65-66 years";"G Wholesale and retail trade";152;38;51;65;20
"Total sex";"2023";"Employees - upper level";"65-66 years";"H Transportation";74;3;8;5;2
"Total sex";"2023";"Employees - upper level";"65-66 years";"I Accommodation and food service activities";5;2;13;6;1
"Total sex";"2023";"Employees - upper level";"65-66 years";"JA Publishing, television and radio broadcasting";113;9;37;33;5
"Total sex";"2023";"Employees - upper level";"65-66 years";"JB Telecommunications";20;0;3;13;1
"Total sex";"2023";"Employees - upper level";"65-66 years";"JC IT and information service activities";306;9;24;109;27
"Total sex";"2023";"Employees - upper level";"65-66 years";"K Financial and insurance";355;36;72;99;41
"Total sex";"2023";"Employees - upper level";"65-66 years";"L Real estate activities";31;3;9;11;3
"Total sex";"2023";"Employees - upper level";"65-66 years";"MA Consultancy etc.";503;80;140;177;57
"Total sex";"2023";"Employees - upper level";"65-66 years";"MB Scientific research and development";122;20;1;59;6
"Total sex";"2023";"Employees - upper level";"65-66 years";"MC Advertising and other business services";41;10;46;51;19
"Total sex";"2023";"Employees - upper level";"65-66 years";"N Travel agent, cleaning, and other operationel services";83;24;42;53;18
"Total sex";"2023";"Employees - upper level";"65-66 years";"O Public administration, defence and compulsory social security";490;84;126;139;47
"Total sex";"2023";"Employees - upper level";"65-66 years";"P Education";1135;453;613;740;289
"Total sex";"2023";"Employees - upper level";"65-66 years";"QA Human health activities";861;344;467;530;226
"Total sex";"2023";"Employees - upper level";"65-66 years";"QB Residential care";772;344;378;538;199
"Total sex";"2023";"Employees - upper level";"65-66 years";"R Arts, entertainment and recreation activities";87;29;35;54;12
"Total sex";"2023";"Employees - upper level";"65-66 years";"S Other service activities etc.";228;63;91;86;36
"Total sex";"2023";"Employees - upper level";"65-66 years";"X Activity not stated";0;0;0;0;0
"Total sex";"2023";"Employees - upper level";"67 years and over";"A Agriculture, forestry and fishing";2;8;10;7;2
"Total sex";"2023";"Employees - upper level";"67 years and over";"B Mining and quarrying";10;0;2;0;1
"Total sex";"2023";"Employees - upper level";"67 years and over";"CA Manufacture of food products, beverages and tobacco";6;9;4;18;5
"Total sex";"2023";"Employees - upper level";"67 years and over";"CB Textiles and leather products";0;0;0;1;0
"Total sex";"2023";"Employees - upper level";"67 years and over";"CC Wood and paper products and printing";5;2;8;3;3
"Total sex";"2023";"Employees - upper level";"67 years and over";"CD Oil refinery etc.";0;2;0;0;0
"Total sex";"2023";"Employees - upper level";"67 years and over";"CE Manufacture of chemicals";19;3;6;1;0
"Total sex";"2023";"Employees - upper level";"67 years and over";"CF Pharmaceuticals";86;4;0;0;1
"Total sex";"2023";"Employees - upper level";"67 years and over";"CG Manufacture of plastic, glass and concrete";8;3;8;10;1
"Total sex";"2023";"Employees - upper level";"67 years and over";"CH Basic metals and fabricated metal products";6;0;16;9;11
"Total sex";"2023";"Employees - upper level";"67 years and over";"CI Manufacture of electronic components";53;4;7;18;0
"Total sex";"2023";"Employees - upper level";"67 years and over";"CJ Electrical equipment";16;3;22;3;2
"Total sex";"2023";"Employees - upper level";"67 years and over";"CK Manufacture of machinery";40;14;47;84;15
"Total sex";"2023";"Employees - upper level";"67 years and over";"CL Transport equipment";2;0;2;3;2
"Total sex";"2023";"Employees - upper level";"67 years and over";"CM Manufacture of funiture and other manufacturing";15;3;15;4;3
"Total sex";"2023";"Employees - upper level";"67 years and over";"D Electricity, gas, steam and air conditioning supply";23;3;32;8;5
"Total sex";"2023";"Employees - upper level";"67 years and over";"E Water supply, sewerage and waste management";7;5;5;11;1
"Total sex";"2023";"Employees - upper level";"67 years and over";"F Construction";63;21;24;32;19
"Total sex";"2023";"Employees - upper level";"67 years and over";"G Wholesale and retail trade";147;36;60;78;23
"Total sex";"2023";"Employees - upper level";"67 years and over";"H Transportation";74;7;13;6;4
"Total sex";"2023";"Employees - upper level";"67 years and over";"I Accommodation and food service activities";9;6;10;4;3
"Total sex";"2023";"Employees - upper level";"67 years and over";"JA Publishing, television and radio broadcasting";179;15;26;29;7
"Total sex";"2023";"Employees - upper level";"67 years and over";"JB Telecommunications";12;0;0;8;2
"Total sex";"2023";"Employees - upper level";"67 years and over";"JC IT and information service activities";282;20;25;76;26
"Total sex";"2023";"Employees - upper level";"67 years and over";"K Financial and insurance";260;29;37;50;21
"Total sex";"2023";"Employees - upper level";"67 years and over";"L Real estate activities";64;8;13;18;5
"Total sex";"2023";"Employees - upper level";"67 years and over";"MA Consultancy etc.";885;131;269;315;112
"Total sex";"2023";"Employees - upper level";"67 years and over";"MB Scientific research and development";163;29;11;50;1
"Total sex";"2023";"Employees - upper level";"67 years and over";"MC Advertising and other business services";77;9;45;62;22
"Total sex";"2023";"Employees - upper level";"67 years and over";"N Travel agent, cleaning, and other operationel services";113;35;39;36;24
"Total sex";"2023";"Employees - upper level";"67 years and over";"O Public administration, defence and compulsory social security";500;119;139;195;62
"Total sex";"2023";"Employees - upper level";"67 years and over";"P Education";1816;619;912;1074;384
"Total sex";"2023";"Employees - upper level";"67 years and over";"QA Human health activities";1089;435;598;684;240
"Total sex";"2023";"Employees - upper level";"67 years and over";"QB Residential care";725;315;360;444;193
"Total sex";"2023";"Employees - upper level";"67 years and over";"R Arts, entertainment and recreation activities";153;28;71;82;22
"Total sex";"2023";"Employees - upper level";"67 years and over";"S Other service activities etc.";382;216;335;344;169
"Total sex";"2023";"Employees - upper level";"67 years and over";"X Activity not stated";0;0;0;0;1
"Total sex";"2023";"Employees - medium level";"Under 16 years";"A Agriculture, forestry and fishing";0;0;0;0;0
"Total sex";"2023";"Employees - medium level";"Under 16 years";"B Mining and quarrying";0;0;0;0;0
"Total sex";"2023";"Employees - medium level";"Under 16 years";"CA Manufacture of food products, beverages and tobacco";1;0;2;0;3
"Total sex";"2023";"Employees - medium level";"Under 16 years";"CB Textiles and leather products";0;0;0;0;0
"Total sex";"2023";"Employees - medium level";"Under 16 years";"CC Wood and paper products and printing";2;0;0;0;0
"Total sex";"2023";"Employees - medium level";"Under 16 years";"CD Oil refinery etc.";0;0;0;0;0
"Total sex";"2023";"Employees - medium level";"Under 16 years";"CE Manufacture of chemicals";1;0;0;0;0
"Total sex";"2023";"Employees - medium level";"Under 16 years";"CF Pharmaceuticals";0;0;0;0;0
"Total sex";"2023";"Employees - medium level";"Under 16 years";"CG Manufacture of plastic, glass and concrete";0;0;0;0;0
"Total sex";"2023";"Employees - medium level";"Under 16 years";"CH Basic metals and fabricated metal products";1;0;0;1;0
"Total sex";"2023";"Employees - medium level";"Under 16 years";"CI Manufacture of electronic components";1;0;0;1;0
"Total sex";"2023";"Employees - medium level";"Under 16 years";"CJ Electrical equipment";0;0;0;0;0
"Total sex";"2023";"Employees - medium level";"Under 16 years";"CK Manufacture of machinery";0;0;3;0;0
"Total sex";"2023";"Employees - medium level";"Under 16 years";"CL Transport equipment";0;0;0;0;0
"Total sex";"2023";"Employees - medium level";"Under 16 years";"CM Manufacture of funiture and other manufacturing";1;0;0;0;0
"Total sex";"2023";"Employees - medium level";"Under 16 years";"D Electricity, gas, steam and air conditioning supply";0;0;0;0;0
"Total sex";"2023";"Employees - medium level";"Under 16 years";"E Water supply, sewerage and waste management";0;0;0;0;0
"Total sex";"2023";"Employees - medium level";"Under 16 years";"F Construction";6;0;2;1;0
"Total sex";"2023";"Employees - medium level";"Under 16 years";"G Wholesale and retail trade";20;1;7;4;6
"Total sex";"2023";"Employees - medium level";"Under 16 years";"H Transportation";4;1;3;2;0
"Total sex";"2023";"Employees - medium level";"Under 16 years";"I Accommodation and food service activities";10;1;6;2;1
"Total sex";"2023";"Employees - medium level";"Under 16 years";"JA Publishing, television and radio broadcasting";0;0;0;0;0
"Total sex";"2023";"Employees - medium level";"Under 16 years";"JB Telecommunications";0;0;0;0;0
"Total sex";"2023";"Employees - medium level";"Under 16 years";"JC IT and information service activities";1;0;0;0;0
"Total sex";"2023";"Employees - medium level";"Under 16 years";"K Financial and insurance";0;0;0;0;0
"Total sex";"2023";"Employees - medium level";"Under 16 years";"L Real estate activities";4;14;0;2;0
"Total sex";"2023";"Employees - medium level";"Under 16 years";"MA Consultancy etc.";7;4;3;1;2
"Total sex";"2023";"Employees - medium level";"Under 16 years";"MB Scientific research and development";3;0;2;0;0
"Total sex";"2023";"Employees - medium level";"Under 16 years";"MC Advertising and other business services";3;0;2;0;0
"Total sex";"2023";"Employees - medium level";"Under 16 years";"N Travel agent, cleaning, and other operationel services";2;0;0;0;1
"Total sex";"2023";"Employees - medium level";"Under 16 years";"O Public administration, defence and compulsory social security";0;0;0;0;0
"Total sex";"2023";"Employees - medium level";"Under 16 years";"P Education";0;2;2;0;0
"Total sex";"2023";"Employees - medium level";"Under 16 years";"QA Human health activities";0;2;1;1;0
"Total sex";"2023";"Employees - medium level";"Under 16 years";"QB Residential care";1;1;1;0;0
"Total sex";"2023";"Employees - medium level";"Under 16 years";"R Arts, entertainment and recreation activities";224;16;32;51;40
"Total sex";"2023";"Employees - medium level";"Under 16 years";"S Other service activities etc.";4;1;0;0;0
"Total sex";"2023";"Employees - medium level";"Under 16 years";"X Activity not stated";0;0;0;0;0
"Total sex";"2023";"Employees - medium level";"16-19 years";"A Agriculture, forestry and fishing";0;4;5;1;1
"Total sex";"2023";"Employees - medium level";"16-19 years";"B Mining and quarrying";0;0;1;0;0
"Total sex";"2023";"Employees - medium level";"16-19 years";"CA Manufacture of food products, beverages and tobacco";1;3;6;4;5
"Total sex";"2023";"Employees - medium level";"16-19 years";"CB Textiles and leather products";0;0;0;0;0
"Total sex";"2023";"Employees - medium level";"16-19 years";"CC Wood and paper products and printing";0;1;2;1;0
"Total sex";"2023";"Employees - medium level";"16-19 years";"CD Oil refinery etc.";0;2;0;0;0
"Total sex";"2023";"Employees - medium level";"16-19 years";"CE Manufacture of chemicals";0;1;1;0;0
"Total sex";"2023";"Employees - medium level";"16-19 years";"CF Pharmaceuticals";1;2;1;0;0
"Total sex";"2023";"Employees - medium level";"16-19 years";"CG Manufacture of plastic, glass and concrete";0;1;2;0;0
"Total sex";"2023";"Employees - medium level";"16-19 years";"CH Basic metals and fabricated metal products";1;3;2;4;4
"Total sex";"2023";"Employees - medium level";"16-19 years";"CI Manufacture of electronic components";6;0;0;4;1
"Total sex";"2023";"Employees - medium level";"16-19 years";"CJ Electrical equipment";2;1;2;1;0
"Total sex";"2023";"Employees - medium level";"16-19 years";"CK Manufacture of machinery";2;1;9;11;3
"Total sex";"2023";"Employees - medium level";"16-19 years";"CL Transport equipment";2;0;3;0;0
"Total sex";"2023";"Employees - medium level";"16-19 years";"CM Manufacture of funiture and other manufacturing";1;3;11;7;0
"Total sex";"2023";"Employees - medium level";"16-19 years";"D Electricity, gas, steam and air conditioning supply";1;0;3;0;1
"Total sex";"2023";"Employees - medium level";"16-19 years";"E Water supply, sewerage and waste management";0;0;0;0;0
"Total sex";"2023";"Employees - medium level";"16-19 years";"F Construction";16;11;13;15;8
"Total sex";"2023";"Employees - medium level";"16-19 years";"G Wholesale and retail trade";100;46;75;73;40
"Total sex";"2023";"Employees - medium level";"16-19 years";"H Transportation";21;6;27;11;3
"Total sex";"2023";"Employees - medium level";"16-19 years";"I Accommodation and food service activities";54;9;21;40;16
"Total sex";"2023";"Employees - medium level";"16-19 years";"JA Publishing, television and radio broadcasting";9;0;0;3;1
"Total sex";"2023";"Employees - medium level";"16-19 years";"JB Telecommunications";11;1;4;4;0
"Total sex";"2023";"Employees - medium level";"16-19 years";"JC IT and information service activities";30;1;11;13;1
"Total sex";"2023";"Employees - medium level";"16-19 years";"K Financial and insurance";20;3;8;4;2
"Total sex";"2023";"Employees - medium level";"16-19 years";"L Real estate activities";14;21;4;0;6
"Total sex";"2023";"Employees - medium level";"16-19 years";"MA Consultancy etc.";48;14;20;20;15
"Total sex";"2023";"Employees - medium level";"16-19 years";"MB Scientific research and development";2;1;1;4;0
"Total sex";"2023";"Employees - medium level";"16-19 years";"MC Advertising and other business services";9;3;5;26;1
"Total sex";"2023";"Employees - medium level";"16-19 years";"N Travel agent, cleaning, and other operationel services";29;7;8;14;7
"Total sex";"2023";"Employees - medium level";"16-19 years";"O Public administration, defence and compulsory social security";8;1;1;3;3
"Total sex";"2023";"Employees - medium level";"16-19 years";"P Education";30;5;8;10;0
"Total sex";"2023";"Employees - medium level";"16-19 years";"QA Human health activities";62;13;34;25;6
"Total sex";"2023";"Employees - medium level";"16-19 years";"QB Residential care";9;7;1;25;3
"Total sex";"2023";"Employees - medium level";"16-19 years";"R Arts, entertainment and recreation activities";497;79;160;234;87
"Total sex";"2023";"Employees - medium level";"16-19 years";"S Other service activities etc.";21;0;4;6;0
"Total sex";"2023";"Employees - medium level";"16-19 years";"X Activity not stated";0;0;0;0;0
"Total sex";"2023";"Employees - medium level";"20-24 years";"A Agriculture, forestry and fishing";7;10;7;8;5
"Total sex";"2023";"Employees - medium level";"20-24 years";"B Mining and quarrying";0;0;9;0;0
"Total sex";"2023";"Employees - medium level";"20-24 years";"CA Manufacture of food products, beverages and tobacco";23;17;20;33;17
"Total sex";"2023";"Employees - medium level";"20-24 years";"CB Textiles and leather products";7;2;3;16;0
"Total sex";"2023";"Employees - medium level";"20-24 years";"CC Wood and paper products and printing";1;1;4;12;10
"Total sex";"2023";"Employees - medium level";"20-24 years";"CD Oil refinery etc.";0;0;2;0;0
"Total sex";"2023";"Employees - medium level";"20-24 years";"CE Manufacture of chemicals";34;15;8;7;1
"Total sex";"2023";"Employees - medium level";"20-24 years";"CF Pharmaceuticals";96;18;3;2;1
"Total sex";"2023";"Employees - medium level";"20-24 years";"CG Manufacture of plastic, glass and concrete";9;4;15;14;6
"Total sex";"2023";"Employees - medium level";"20-24 years";"CH Basic metals and fabricated metal products";5;3;15;25;15
"Total sex";"2023";"Employees - medium level";"20-24 years";"CI Manufacture of electronic components";36;3;3;21;8
"Total sex";"2023";"Employees - medium level";"20-24 years";"CJ Electrical equipment";10;2;29;15;8
"Total sex";"2023";"Employees - medium level";"20-24 years";"CK Manufacture of machinery";20;10;57;59;25
"Total sex";"2023";"Employees - medium level";"20-24 years";"CL Transport equipment";1;2;7;2;2
"Total sex";"2023";"Employees - medium level";"20-24 years";"CM Manufacture of funiture and other manufacturing";19;14;156;10;4
"Total sex";"2023";"Employees - medium level";"20-24 years";"D Electricity, gas, steam and air conditioning supply";29;4;25;14;38
"Total sex";"2023";"Employees - medium level";"20-24 years";"E Water supply, sewerage and waste management";5;0;4;2;0
"Total sex";"2023";"Employees - medium level";"20-24 years";"F Construction";108;34;47;57;18
"Total sex";"2023";"Employees - medium level";"20-24 years";"G Wholesale and retail trade";849;167;387;624;211
"Total sex";"2023";"Employees - medium level";"20-24 years";"H Transportation";335;61;259;223;66
"Total sex";"2023";"Employees - medium level";"20-24 years";"I Accommodation and food service activities";222;24;87;116;54
"Total sex";"2023";"Employees - medium level";"20-24 years";"JA Publishing, television and radio broadcasting";193;1;19;34;11
"Total sex";"2023";"Employees - medium level";"20-24 years";"JB Telecommunications";173;4;38;45;4
"Total sex";"2023";"Employees - medium level";"20-24 years";"JC IT and information service activities";412;10;54;141;26
"Total sex";"2023";"Employees - medium level";"20-24 years";"K Financial and insurance";505;54;89;270;36
"Total sex";"2023";"Employees - medium level";"20-24 years";"L Real estate activities";184;44;38;63;29
"Total sex";"2023";"Employees - medium level";"20-24 years";"MA Consultancy etc.";1023;97;243;479;142
"Total sex";"2023";"Employees - medium level";"20-24 years";"MB Scientific research and development";75;5;12;21;4
"Total sex";"2023";"Employees - medium level";"20-24 years";"MC Advertising and other business services";164;40;50;158;27
"Total sex";"2023";"Employees - medium level";"20-24 years";"N Travel agent, cleaning, and other operationel services";467;57;40;94;38
"Total sex";"2023";"Employees - medium level";"20-24 years";"O Public administration, defence and compulsory social security";114;23;28;38;20
"Total sex";"2023";"Employees - medium level";"20-24 years";"P Education";451;14;53;42;12
"Total sex";"2023";"Employees - medium level";"20-24 years";"QA Human health activities";631;152;187;255;190
"Total sex";"2023";"Employees - medium level";"20-24 years";"QB Residential care";91;14;11;178;12
"Total sex";"2023";"Employees - medium level";"20-24 years";"R Arts, entertainment and recreation activities";508;105;178;258;123
"Total sex";"2023";"Employees - medium level";"20-24 years";"S Other service activities etc.";170;2;44;21;5
"Total sex";"2023";"Employees - medium level";"20-24 years";"X Activity not stated";0;0;0;0;0
"Total sex";"2023";"Employees - medium level";"25-29 years";"A Agriculture, forestry and fishing";7;16;25;28;13
"Total sex";"2023";"Employees - medium level";"25-29 years";"B Mining and quarrying";5;0;25;1;0
"Total sex";"2023";"Employees - medium level";"25-29 years";"CA Manufacture of food products, beverages and tobacco";60;37;96;226;39
"Total sex";"2023";"Employees - medium level";"25-29 years";"CB Textiles and leather products";8;2;9;33;4
"Total sex";"2023";"Employees - medium level";"25-29 years";"CC Wood and paper products and printing";13;4;25;39;22
"Total sex";"2023";"Employees - medium level";"25-29 years";"CD Oil refinery etc.";0;2;7;0;0
"Total sex";"2023";"Employees - medium level";"25-29 years";"CE Manufacture of chemicals";110;30;29;23;7
"Total sex";"2023";"Employees - medium level";"25-29 years";"CF Pharmaceuticals";572;111;3;5;9
"Total sex";"2023";"Employees - medium level";"25-29 years";"CG Manufacture of plastic, glass and concrete";18;20;46;52;27
"Total sex";"2023";"Employees - medium level";"25-29 years";"CH Basic metals and fabricated metal products";13;12;58;64;60
"Total sex";"2023";"Employees - medium level";"25-29 years";"CI Manufacture of electronic components";100;4;14;106;8
"Total sex";"2023";"Employees - medium level";"25-29 years";"CJ Electrical equipment";30;7;45;36;40
"Total sex";"2023";"Employees - medium level";"25-29 years";"CK Manufacture of machinery";68;47;214;253;111
"Total sex";"2023";"Employees - medium level";"25-29 years";"CL Transport equipment";5;3;7;22;6
"Total sex";"2023";"Employees - medium level";"25-29 years";"CM Manufacture of funiture and other manufacturing";66;22;265;61;27
"Total sex";"2023";"Employees - medium level";"25-29 years";"D Electricity, gas, steam and air conditioning supply";91;12;101;131;95
"Total sex";"2023";"Employees - medium level";"25-29 years";"E Water supply, sewerage and waste management";13;7;15;11;5
"Total sex";"2023";"Employees - medium level";"25-29 years";"F Construction";303;151;191;263;84
"Total sex";"2023";"Employees - medium level";"25-29 years";"G Wholesale and retail trade";1870;291;935;1497;405
"Total sex";"2023";"Employees - medium level";"25-29 years";"H Transportation";802;90;437;497;114
"Total sex";"2023";"Employees - medium level";"25-29 years";"I Accommodation and food service activities";238;15;73;72;40
"Total sex";"2023";"Employees - medium level";"25-29 years";"JA Publishing, television and radio broadcasting";487;5;72;78;36
"Total sex";"2023";"Employees - medium level";"25-29 years";"JB Telecommunications";176;10;39;99;14
"Total sex";"2023";"Employees - medium level";"25-29 years";"JC IT and information service activities";1097;28;153;444;111
"Total sex";"2023";"Employees - medium level";"25-29 years";"K Financial and insurance";1102;56;206;464;86
"Total sex";"2023";"Employees - medium level";"25-29 years";"L Real estate activities";475;80;119;185;77
"Total sex";"2023";"Employees - medium level";"25-29 years";"MA Consultancy etc.";2476;224;492;1118;277
"Total sex";"2023";"Employees - medium level";"25-29 years";"MB Scientific research and development";221;17;32;200;4
"Total sex";"2023";"Employees - medium level";"25-29 years";"MC Advertising and other business services";472;68;109;173;44
"Total sex";"2023";"Employees - medium level";"25-29 years";"N Travel agent, cleaning, and other operationel services";636;64;66;198;67
"Total sex";"2023";"Employees - medium level";"25-29 years";"O Public administration, defence and compulsory social security";903;162;253;237;183
"Total sex";"2023";"Employees - medium level";"25-29 years";"P Education";522;33;79;96;34
"Total sex";"2023";"Employees - medium level";"25-29 years";"QA Human health activities";1082;368;699;902;383
"Total sex";"2023";"Employees - medium level";"25-29 years";"QB Residential care";136;19;23;115;23
"Total sex";"2023";"Employees - medium level";"25-29 years";"R Arts, entertainment and recreation activities";525;65;201;256;107
"Total sex";"2023";"Employees - medium level";"25-29 years";"S Other service activities etc.";289;15;56;66;19
"Total sex";"2023";"Employees - medium level";"25-29 years";"X Activity not stated";0;0;0;0;0
"Total sex";"2023";"Employees - medium level";"30-34 years";"A Agriculture, forestry and fishing";7;20;18;19;16
"Total sex";"2023";"Employees - medium level";"30-34 years";"B Mining and quarrying";5;1;44;0;5
"Total sex";"2023";"Employees - medium level";"30-34 years";"CA Manufacture of food products, beverages and tobacco";77;58;128;261;51
"Total sex";"2023";"Employees - medium level";"30-34 years";"CB Textiles and leather products";13;0;11;57;9
"Total sex";"2023";"Employees - medium level";"30-34 years";"CC Wood and paper products and printing";25;7;48;42;15
"Total sex";"2023";"Employees - medium level";"30-34 years";"CD Oil refinery etc.";1;6;18;0;0
"Total sex";"2023";"Employees - medium level";"30-34 years";"CE Manufacture of chemicals";124;37;46;45;10
"Total sex";"2023";"Employees - medium level";"30-34 years";"CF Pharmaceuticals";647;100;4;2;12
"Total sex";"2023";"Employees - medium level";"30-34 years";"CG Manufacture of plastic, glass and concrete";18;28;55;97;45
"Total sex";"2023";"Employees - medium level";"30-34 years";"CH Basic metals and fabricated metal products";18;18;100;93;64
"Total sex";"2023";"Employees - medium level";"30-34 years";"CI Manufacture of electronic components";166;13;23;106;12
"Total sex";"2023";"Employees - medium level";"30-34 years";"CJ Electrical equipment";32;8;50;34;43
"Total sex";"2023";"Employees - medium level";"30-34 years";"CK Manufacture of machinery";84;74;273;369;150
"Total sex";"2023";"Employees - medium level";"30-34 years";"CL Transport equipment";10;5;25;24;8
"Total sex";"2023";"Employees - medium level";"30-34 years";"CM Manufacture of funiture and other manufacturing";93;32;269;67;29
"Total sex";"2023";"Employees - medium level";"30-34 years";"D Electricity, gas, steam and air conditioning supply";94;20;100;113;72
"Total sex";"2023";"Employees - medium level";"30-34 years";"E Water supply, sewerage and waste management";14;5;16;13;6
"Total sex";"2023";"Employees - medium level";"30-34 years";"F Construction";504;227;329;450;120
"Total sex";"2023";"Employees - medium level";"30-34 years";"G Wholesale and retail trade";2190;364;1051;1738;462
"Total sex";"2023";"Employees - medium level";"30-34 years";"H Transportation";862;111;431;417;88
"Total sex";"2023";"Employees - medium level";"30-34 years";"I Accommodation and food service activities";253;22;72;61;24
"Total sex";"2023";"Employees - medium level";"30-34 years";"JA Publishing, television and radio broadcasting";600;3;93;69;19
"Total sex";"2023";"Employees - medium level";"30-34 years";"JB Telecommunications";267;21;59;117;28
"Total sex";"2023";"Employees - medium level";"30-34 years";"JC IT and information service activities";1122;26;174;446;90
"Total sex";"2023";"Employees - medium level";"30-34 years";"K Financial and insurance";1163;57;216;443;100
"Total sex";"2023";"Employees - medium level";"30-34 years";"L Real estate activities";476;62;76;157;52
"Total sex";"2023";"Employees - medium level";"30-34 years";"MA Consultancy etc.";1826;271;528;891;286
"Total sex";"2023";"Employees - medium level";"30-34 years";"MB Scientific research and development";231;27;37;210;7
"Total sex";"2023";"Employees - medium level";"30-34 years";"MC Advertising and other business services";377;42;110;167;40
"Total sex";"2023";"Employees - medium level";"30-34 years";"N Travel agent, cleaning, and other operationel services";680;83;152;251;129
"Total sex";"2023";"Employees - medium level";"30-34 years";"O Public administration, defence and compulsory social security";1226;308;405;419;260
"Total sex";"2023";"Employees - medium level";"30-34 years";"P Education";349;40;99;101;43
"Total sex";"2023";"Employees - medium level";"30-34 years";"QA Human health activities";1210;509;964;987;381
"Total sex";"2023";"Employees - medium level";"30-34 years";"QB Residential care";179;37;70;71;39
"Total sex";"2023";"Employees - medium level";"30-34 years";"R Arts, entertainment and recreation activities";405;45;150;202;84
"Total sex";"2023";"Employees - medium level";"30-34 years";"S Other service activities etc.";284;20;64;123;17
"Total sex";"2023";"Employees - medium level";"30-34 years";"X Activity not stated";0;0;0;0;0
"Total sex";"2023";"Employees - medium level";"35-39 years";"A Agriculture, forestry and fishing";2;16;24;16;8
"Total sex";"2023";"Employees - medium level";"35-39 years";"B Mining and quarrying";11;0;50;1;6
"Total sex";"2023";"Employees - medium level";"35-39 years";"CA Manufacture of food products, beverages and tobacco";77;49;132;241;40
"Total sex";"2023";"Employees - medium level";"35-39 years";"CB Textiles and leather products";7;7;12;41;6
"Total sex";"2023";"Employees - medium level";"35-39 years";"CC Wood and paper products and printing";20;4;35;52;20
"Total sex";"2023";"Employees - medium level";"35-39 years";"CD Oil refinery etc.";2;7;20;0;0
"Total sex";"2023";"Employees - medium level";"35-39 years";"CE Manufacture of chemicals";146;35;36;47;4
"Total sex";"2023";"Employees - medium level";"35-39 years";"CF Pharmaceuticals";553;95;16;3;3
"Total sex";"2023";"Employees - medium level";"35-39 years";"CG Manufacture of plastic, glass and concrete";26;33;65;86;39
"Total sex";"2023";"Employees - medium level";"35-39 years";"CH Basic metals and fabricated metal products";26;18;92;117;65
"Total sex";"2023";"Employees - medium level";"35-39 years";"CI Manufacture of electronic components";141;9;17;98;13
"Total sex";"2023";"Employees - medium level";"35-39 years";"CJ Electrical equipment";34;10;56;45;28
"Total sex";"2023";"Employees - medium level";"35-39 years";"CK Manufacture of machinery";89;60;262;409;128
"Total sex";"2023";"Employees - medium level";"35-39 years";"CL Transport equipment";2;9;19;32;4
"Total sex";"2023";"Employees - medium level";"35-39 years";"CM Manufacture of funiture and other manufacturing";99;35;221;74;46
"Total sex";"2023";"Employees - medium level";"35-39 years";"D Electricity, gas, steam and air conditioning supply";93;27;108;90;60
"Total sex";"2023";"Employees - medium level";"35-39 years";"E Water supply, sewerage and waste management";18;4;21;10;6
"Total sex";"2023";"Employees - medium level";"35-39 years";"F Construction";506;233;317;426;151
"Total sex";"2023";"Employees - medium level";"35-39 years";"G Wholesale and retail trade";1861;354;1070;1471;396
"Total sex";"2023";"Employees - medium level";"35-39 years";"H Transportation";828;81;390;328;77
"Total sex";"2023";"Employees - medium level";"35-39 years";"I Accommodation and food service activities";240;14;86;65;20
"Total sex";"2023";"Employees - medium level";"35-39 years";"JA Publishing, television and radio broadcasting";394;8;62;52;22
"Total sex";"2023";"Employees - medium level";"35-39 years";"JB Telecommunications";223;26;52;124;41
"Total sex";"2023";"Employees - medium level";"35-39 years";"JC IT and information service activities";835;26;131;326;71
"Total sex";"2023";"Employees - medium level";"35-39 years";"K Financial and insurance";1072;86;211;339;139
"Total sex";"2023";"Employees - medium level";"35-39 years";"L Real estate activities";350;47;91;130;40
"Total sex";"2023";"Employees - medium level";"35-39 years";"MA Consultancy etc.";1306;245;487;702;229
"Total sex";"2023";"Employees - medium level";"35-39 years";"MB Scientific research and development";187;20;24;139;2
"Total sex";"2023";"Employees - medium level";"35-39 years";"MC Advertising and other business services";239;34;72;125;26
"Total sex";"2023";"Employees - medium level";"35-39 years";"N Travel agent, cleaning, and other operationel services";628;117;182;277;111
"Total sex";"2023";"Employees - medium level";"35-39 years";"O Public administration, defence and compulsory social security";1033;278;374;417;204
"Total sex";"2023";"Employees - medium level";"35-39 years";"P Education";322;52;119;154;49
"Total sex";"2023";"Employees - medium level";"35-39 years";"QA Human health activities";1137;501;978;961;394
"Total sex";"2023";"Employees - medium level";"35-39 years";"QB Residential care";207;58;95;90;50
"Total sex";"2023";"Employees - medium level";"35-39 years";"R Arts, entertainment and recreation activities";226;41;108;145;36
"Total sex";"2023";"Employees - medium level";"35-39 years";"S Other service activities etc.";259;26;78;119;26
"Total sex";"2023";"Employees - medium level";"35-39 years";"X Activity not stated";0;0;0;0;0
"Total sex";"2023";"Employees - medium level";"40-44 years";"A Agriculture, forestry and fishing";4;16;30;21;8
"Total sex";"2023";"Employees - medium level";"40-44 years";"B Mining and quarrying";7;4;49;4;4
"Total sex";"2023";"Employees - medium level";"40-44 years";"CA Manufacture of food products, beverages and tobacco";70;50;125;234;32
"Total sex";"2023";"Employees - medium level";"40-44 years";"CB Textiles and leather products";10;0;19;47;5
"Total sex";"2023";"Employees - medium level";"40-44 years";"CC Wood and paper products and printing";26;4;48;53;14
"Total sex";"2023";"Employees - medium level";"40-44 years";"CD Oil refinery etc.";1;4;36;0;0
"Total sex";"2023";"Employees - medium level";"40-44 years";"CE Manufacture of chemicals";123;32;41;35;7
"Total sex";"2023";"Employees - medium level";"40-44 years";"CF Pharmaceuticals";500;111;6;1;8
"Total sex";"2023";"Employees - medium level";"40-44 years";"CG Manufacture of plastic, glass and concrete";35;30;70;93;32
"Total sex";"2023";"Employees - medium level";"40-44 years";"CH Basic metals and fabricated metal products";26;18;106;126;67
"Total sex";"2023";"Employees - medium level";"40-44 years";"CI Manufacture of electronic components";122;5;28;92;14
"Total sex";"2023";"Employees - medium level";"40-44 years";"CJ Electrical equipment";40;18;65;46;31
"Total sex";"2023";"Employees - medium level";"40-44 years";"CK Manufacture of machinery";86;60;262;467;122
"Total sex";"2023";"Employees - medium level";"40-44 years";"CL Transport equipment";3;8;18;19;6
"Total sex";"2023";"Employees - medium level";"40-44 years";"CM Manufacture of funiture and other manufacturing";93;44;190;94;34
"Total sex";"2023";"Employees - medium level";"40-44 years";"D Electricity, gas, steam and air conditioning supply";78;11;84;62;42
"Total sex";"2023";"Employees - medium level";"40-44 years";"E Water supply, sewerage and waste management";16;9;21;15;4
"Total sex";"2023";"Employees - medium level";"40-44 years";"F Construction";494;258;330;400;121
"Total sex";"2023";"Employees - medium level";"40-44 years";"G Wholesale and retail trade";1819;404;1090;1339;419
"Total sex";"2023";"Employees - medium level";"40-44 years";"H Transportation";804;85;405;316;87
"Total sex";"2023";"Employees - medium level";"40-44 years";"I Accommodation and food service activities";217;23;79;61;27
"Total sex";"2023";"Employees - medium level";"40-44 years";"JA Publishing, television and radio broadcasting";322;10;55;45;30
"Total sex";"2023";"Employees - medium level";"40-44 years";"JB Telecommunications";246;23;54;131;40
"Total sex";"2023";"Employees - medium level";"40-44 years";"JC IT and information service activities";596;30;123;244;73
"Total sex";"2023";"Employees - medium level";"40-44 years";"K Financial and insurance";1117;89;200;367;148
"Total sex";"2023";"Employees - medium level";"40-44 years";"L Real estate activities";345;53;85;143;49
"Total sex";"2023";"Employees - medium level";"40-44 years";"MA Consultancy etc.";1031;243;475;555;199
"Total sex";"2023";"Employees - medium level";"40-44 years";"MB Scientific research and development";194;23;28;107;5
"Total sex";"2023";"Employees - medium level";"40-44 years";"MC Advertising and other business services";175;35;75;110;32
"Total sex";"2023";"Employees - medium level";"40-44 years";"N Travel agent, cleaning, and other operationel services";535;122;187;289;119
"Total sex";"2023";"Employees - medium level";"40-44 years";"O Public administration, defence and compulsory social security";947;314;448;471;229
"Total sex";"2023";"Employees - medium level";"40-44 years";"P Education";317;53;142;180;62
"Total sex";"2023";"Employees - medium level";"40-44 years";"QA Human health activities";1100;501;926;1030;398
"Total sex";"2023";"Employees - medium level";"40-44 years";"QB Residential care";221;96;114;122;82
"Total sex";"2023";"Employees - medium level";"40-44 years";"R Arts, entertainment and recreation activities";256;44;93;115;36
"Total sex";"2023";"Employees - medium level";"40-44 years";"S Other service activities etc.";238;41;85;122;30
"Total sex";"2023";"Employees - medium level";"40-44 years";"X Activity not stated";0;0;0;0;0
"Total sex";"2023";"Employees - medium level";"45-49 years";"A Agriculture, forestry and fishing";6;23;17;20;6
"Total sex";"2023";"Employees - medium level";"45-49 years";"B Mining and quarrying";10;2;69;1;6
"Total sex";"2023";"Employees - medium level";"45-49 years";"CA Manufacture of food products, beverages and tobacco";100;72;157;238;74
"Total sex";"2023";"Employees - medium level";"45-49 years";"CB Textiles and leather products";8;3;15;47;8
"Total sex";"2023";"Employees - medium level";"45-49 years";"CC Wood and paper products and printing";20;6;60;58;29
"Total sex";"2023";"Employees - medium level";"45-49 years";"CD Oil refinery etc.";0;9;28;0;0
"Total sex";"2023";"Employees - medium level";"45-49 years";"CE Manufacture of chemicals";144;48;57;44;9
"Total sex";"2023";"Employees - medium level";"45-49 years";"CF Pharmaceuticals";640;130;9;1;4
"Total sex";"2023";"Employees - medium level";"45-49 years";"CG Manufacture of plastic, glass and concrete";39;37;84;99;58
"Total sex";"2023";"Employees - medium level";"45-49 years";"CH Basic metals and fabricated metal products";29;30;130;157;92
"Total sex";"2023";"Employees - medium level";"45-49 years";"CI Manufacture of electronic components";149;16;39;116;15
"Total sex";"2023";"Employees - medium level";"45-49 years";"CJ Electrical equipment";51;23;73;49;28
"Total sex";"2023";"Employees - medium level";"45-49 years";"CK Manufacture of machinery";104;88;315;512;147
"Total sex";"2023";"Employees - medium level";"45-49 years";"CL Transport equipment";9;13;22;47;11
"Total sex";"2023";"Employees - medium level";"45-49 years";"CM Manufacture of funiture and other manufacturing";117;56;222;100;42
"Total sex";"2023";"Employees - medium level";"45-49 years";"D Electricity, gas, steam and air conditioning supply";79;29;113;68;46
"Total sex";"2023";"Employees - medium level";"45-49 years";"E Water supply, sewerage and waste management";21;12;32;27;13
"Total sex";"2023";"Employees - medium level";"45-49 years";"F Construction";513;243;331;407;119
"Total sex";"2023";"Employees - medium level";"45-49 years";"G Wholesale and retail trade";2212;504;1263;1601;455
"Total sex";"2023";"Employees - medium level";"45-49 years";"H Transportation";819;109;431;339;97
"Total sex";"2023";"Employees - medium level";"45-49 years";"I Accommodation and food service activities";198;28;70;54;24
"Total sex";"2023";"Employees - medium level";"45-49 years";"JA Publishing, television and radio broadcasting";316;11;45;55;38
"Total sex";"2023";"Employees - medium level";"45-49 years";"JB Telecommunications";268;27;80;157;37
"Total sex";"2023";"Employees - medium level";"45-49 years";"JC IT and information service activities";618;22;111;238;66
"Total sex";"2023";"Employees - medium level";"45-49 years";"K Financial and insurance";1182;94;234;341;144
"Total sex";"2023";"Employees - medium level";"45-49 years";"L Real estate activities";372;79;105;150;53
"Total sex";"2023";"Employees - medium level";"45-49 years";"MA Consultancy etc.";1054;215;477;543;199
"Total sex";"2023";"Employees - medium level";"45-49 years";"MB Scientific research and development";194;27;22;139;8
"Total sex";"2023";"Employees - medium level";"45-49 years";"MC Advertising and other business services";195;37;70;112;31
"Total sex";"2023";"Employees - medium level";"45-49 years";"N Travel agent, cleaning, and other operationel services";637;162;223;333;158
"Total sex";"2023";"Employees - medium level";"45-49 years";"O Public administration, defence and compulsory social security";1217;379;580;610;279
"Total sex";"2023";"Employees - medium level";"45-49 years";"P Education";325;78;178;230;80
"Total sex";"2023";"Employees - medium level";"45-49 years";"QA Human health activities";1232;583;1014;1042;448
"Total sex";"2023";"Employees - medium level";"45-49 years";"QB Residential care";274;169;239;177;112
"Total sex";"2023";"Employees - medium level";"45-49 years";"R Arts, entertainment and recreation activities";233;48;98;114;50
"Total sex";"2023";"Employees - medium level";"45-49 years";"S Other service activities etc.";282;47;104;172;37
"Total sex";"2023";"Employees - medium level";"45-49 years";"X Activity not stated";0;0;0;0;0
"Total sex";"2023";"Employees - medium level";"50-54 years";"A Agriculture, forestry and fishing";6;17;29;17;13
"Total sex";"2023";"Employees - medium level";"50-54 years";"B Mining and quarrying";13;2;69;6;10
"Total sex";"2023";"Employees - medium level";"50-54 years";"CA Manufacture of food products, beverages and tobacco";95;97;202;308;69
"Total sex";"2023";"Employees - medium level";"50-54 years";"CB Textiles and leather products";8;3;17;63;24
"Total sex";"2023";"Employees - medium level";"50-54 years";"CC Wood and paper products and printing";33;10;90;103;36
"Total sex";"2023";"Employees - medium level";"50-54 years";"CD Oil refinery etc.";2;6;30;0;0
"Total sex";"2023";"Employees - medium level";"50-54 years";"CE Manufacture of chemicals";155;50;79;76;7
"Total sex";"2023";"Employees - medium level";"50-54 years";"CF Pharmaceuticals";671;127;9;1;13
"Total sex";"2023";"Employees - medium level";"50-54 years";"CG Manufacture of plastic, glass and concrete";80;54;106;141;50
"Total sex";"2023";"Employees - medium level";"50-54 years";"CH Basic metals and fabricated metal products";47;32;152;192;107
"Total sex";"2023";"Employees - medium level";"50-54 years";"CI Manufacture of electronic components";169;9;26;117;28
"Total sex";"2023";"Employees - medium level";"50-54 years";"CJ Electrical equipment";53;30;128;65;46
"Total sex";"2023";"Employees - medium level";"50-54 years";"CK Manufacture of machinery";148;105;350;555;130
"Total sex";"2023";"Employees - medium level";"50-54 years";"CL Transport equipment";5;13;30;49;10
"Total sex";"2023";"Employees - medium level";"50-54 years";"CM Manufacture of funiture and other manufacturing";111;53;253;120;57
"Total sex";"2023";"Employees - medium level";"50-54 years";"D Electricity, gas, steam and air conditioning supply";99;28;99;74;44
"Total sex";"2023";"Employees - medium level";"50-54 years";"E Water supply, sewerage and waste management";21;15;28;36;14
"Total sex";"2023";"Employees - medium level";"50-54 years";"F Construction";577;263;374;373;138
"Total sex";"2023";"Employees - medium level";"50-54 years";"G Wholesale and retail trade";2413;570;1434;1562;453
"Total sex";"2023";"Employees - medium level";"50-54 years";"H Transportation";778;121;441;309;120
"Total sex";"2023";"Employees - medium level";"50-54 years";"I Accommodation and food service activities";132;15;72;41;20
"Total sex";"2023";"Employees - medium level";"50-54 years";"JA Publishing, television and radio broadcasting";324;12;62;54;35
"Total sex";"2023";"Employees - medium level";"50-54 years";"JB Telecommunications";238;31;65;160;45
"Total sex";"2023";"Employees - medium level";"50-54 years";"JC IT and information service activities";605;19;119;241;70
"Total sex";"2023";"Employees - medium level";"50-54 years";"K Financial and insurance";1048;97;228;320;119
"Total sex";"2023";"Employees - medium level";"50-54 years";"L Real estate activities";414;73;113;133;58
"Total sex";"2023";"Employees - medium level";"50-54 years";"MA Consultancy etc.";1143;264;563;596;170
"Total sex";"2023";"Employees - medium level";"50-54 years";"MB Scientific research and development";230;32;24;125;4
"Total sex";"2023";"Employees - medium level";"50-54 years";"MC Advertising and other business services";161;18;88;95;39
"Total sex";"2023";"Employees - medium level";"50-54 years";"N Travel agent, cleaning, and other operationel services";692;182;231;369;123
"Total sex";"2023";"Employees - medium level";"50-54 years";"O Public administration, defence and compulsory social security";1308;402;697;692;310
"Total sex";"2023";"Employees - medium level";"50-54 years";"P Education";367;102;193;306;110
"Total sex";"2023";"Employees - medium level";"50-54 years";"QA Human health activities";1240;611;1006;1001;501
"Total sex";"2023";"Employees - medium level";"50-54 years";"QB Residential care";270;258;318;209;168
"Total sex";"2023";"Employees - medium level";"50-54 years";"R Arts, entertainment and recreation activities";261;30;91;110;33
"Total sex";"2023";"Employees - medium level";"50-54 years";"S Other service activities etc.";382;59;128;191;48
"Total sex";"2023";"Employees - medium level";"50-54 years";"X Activity not stated";0;0;0;0;0
"Total sex";"2023";"Employees - medium level";"55-59 years";"A Agriculture, forestry and fishing";5;27;31;27;24
"Total sex";"2023";"Employees - medium level";"55-59 years";"B Mining and quarrying";17;5;60;7;17
"Total sex";"2023";"Employees - medium level";"55-59 years";"CA Manufacture of food products, beverages and tobacco";83;82;199;247;85
"Total sex";"2023";"Employees - medium level";"55-59 years";"CB Textiles and leather products";4;5;23;60;19
"Total sex";"2023";"Employees - medium level";"55-59 years";"CC Wood and paper products and printing";39;15;69;113;51
"Total sex";"2023";"Employees - medium level";"55-59 years";"CD Oil refinery etc.";0;14;29;0;0
"Total sex";"2023";"Employees - medium level";"55-59 years";"CE Manufacture of chemicals";186;75;98;64;10
"Total sex";"2023";"Employees - medium level";"55-59 years";"CF Pharmaceuticals";663;134;7;2;6
"Total sex";"2023";"Employees - medium level";"55-59 years";"CG Manufacture of plastic, glass and concrete";45;72;107;136;68
"Total sex";"2023";"Employees - medium level";"55-59 years";"CH Basic metals and fabricated metal products";47;38;181;212;107
"Total sex";"2023";"Employees - medium level";"55-59 years";"CI Manufacture of electronic components";196;10;47;151;33
"Total sex";"2023";"Employees - medium level";"55-59 years";"CJ Electrical equipment";54;33;114;64;53
"Total sex";"2023";"Employees - medium level";"55-59 years";"CK Manufacture of machinery";157;136;438;582;170
"Total sex";"2023";"Employees - medium level";"55-59 years";"CL Transport equipment";12;10;38;58;13
"Total sex";"2023";"Employees - medium level";"55-59 years";"CM Manufacture of funiture and other manufacturing";126;68;231;119;72
"Total sex";"2023";"Employees - medium level";"55-59 years";"D Electricity, gas, steam and air conditioning supply";80;42;126;76;46
"Total sex";"2023";"Employees - medium level";"55-59 years";"E Water supply, sewerage and waste management";32;16;45;22;14
"Total sex";"2023";"Employees - medium level";"55-59 years";"F Construction";600;274;333;372;122
"Total sex";"2023";"Employees - medium level";"55-59 years";"G Wholesale and retail trade";2226;516;1337;1323;451
"Total sex";"2023";"Employees - medium level";"55-59 years";"H Transportation";895;141;437;295;117
"Total sex";"2023";"Employees - medium level";"55-59 years";"I Accommodation and food service activities";125;16;53;43;18
"Total sex";"2023";"Employees - medium level";"55-59 years";"JA Publishing, television and radio broadcasting";242;14;70;47;20
"Total sex";"2023";"Employees - medium level";"55-59 years";"JB Telecommunications";313;53;80;161;36
"Total sex";"2023";"Employees - medium level";"55-59 years";"JC IT and information service activities";533;26;92;190;48
"Total sex";"2023";"Employees - medium level";"55-59 years";"K Financial and insurance";1174;148;297;473;226
"Total sex";"2023";"Employees - medium level";"55-59 years";"L Real estate activities";379;76;102;133;56
"Total sex";"2023";"Employees - medium level";"55-59 years";"MA Consultancy etc.";1160;332;643;623;214
"Total sex";"2023";"Employees - medium level";"55-59 years";"MB Scientific research and development";205;41;23;133;14
"Total sex";"2023";"Employees - medium level";"55-59 years";"MC Advertising and other business services";135;19;93;63;29
"Total sex";"2023";"Employees - medium level";"55-59 years";"N Travel agent, cleaning, and other operationel services";669;191;256;322;165
"Total sex";"2023";"Employees - medium level";"55-59 years";"O Public administration, defence and compulsory social security";1706;482;831;825;400
"Total sex";"2023";"Employees - medium level";"55-59 years";"P Education";427;117;186;273;109
"Total sex";"2023";"Employees - medium level";"55-59 years";"QA Human health activities";1293;535;1013;950;390
"Total sex";"2023";"Employees - medium level";"55-59 years";"QB Residential care";358;355;369;326;190
"Total sex";"2023";"Employees - medium level";"55-59 years";"R Arts, entertainment and recreation activities";230;50;103;102;40
"Total sex";"2023";"Employees - medium level";"55-59 years";"S Other service activities etc.";409;79;166;184;62
"Total sex";"2023";"Employees - medium level";"55-59 years";"X Activity not stated";0;0;0;0;0
"Total sex";"2023";"Employees - medium level";"60-64 years";"A Agriculture, forestry and fishing";13;27;45;18;16
"Total sex";"2023";"Employees - medium level";"60-64 years";"B Mining and quarrying";9;2;52;4;8
"Total sex";"2023";"Employees - medium level";"60-64 years";"CA Manufacture of food products, beverages and tobacco";41;40;113;174;51
"Total sex";"2023";"Employees - medium level";"60-64 years";"CB Textiles and leather products";2;2;14;37;6
"Total sex";"2023";"Employees - medium level";"60-64 years";"CC Wood and paper products and printing";18;14;50;69;26
"Total sex";"2023";"Employees - medium level";"60-64 years";"CD Oil refinery etc.";1;14;19;0;0
"Total sex";"2023";"Employees - medium level";"60-64 years";"CE Manufacture of chemicals";146;41;68;39;2
"Total sex";"2023";"Employees - medium level";"60-64 years";"CF Pharmaceuticals";425;93;6;1;3
"Total sex";"2023";"Employees - medium level";"60-64 years";"CG Manufacture of plastic, glass and concrete";43;60;85;98;56
"Total sex";"2023";"Employees - medium level";"60-64 years";"CH Basic metals and fabricated metal products";37;23;133;130;73
"Total sex";"2023";"Employees - medium level";"60-64 years";"CI Manufacture of electronic components";150;10;30;101;10
"Total sex";"2023";"Employees - medium level";"60-64 years";"CJ Electrical equipment";41;24;81;40;25
"Total sex";"2023";"Employees - medium level";"60-64 years";"CK Manufacture of machinery";133;89;296;363;112
"Total sex";"2023";"Employees - medium level";"60-64 years";"CL Transport equipment";9;9;23;20;3
"Total sex";"2023";"Employees - medium level";"60-64 years";"CM Manufacture of funiture and other manufacturing";82;30;152;91;20
"Total sex";"2023";"Employees - medium level";"60-64 years";"D Electricity, gas, steam and air conditioning supply";87;33;97;75;39
"Total sex";"2023";"Employees - medium level";"60-64 years";"E Water supply, sewerage and waste management";20;11;29;23;14
"Total sex";"2023";"Employees - medium level";"60-64 years";"F Construction";401;163;206;264;109
"Total sex";"2023";"Employees - medium level";"60-64 years";"G Wholesale and retail trade";1458;344;775;867;314
"Total sex";"2023";"Employees - medium level";"60-64 years";"H Transportation";539;97;316;191;77
"Total sex";"2023";"Employees - medium level";"60-64 years";"I Accommodation and food service activities";77;13;29;18;16
"Total sex";"2023";"Employees - medium level";"60-64 years";"JA Publishing, television and radio broadcasting";140;10;31;37;13
"Total sex";"2023";"Employees - medium level";"60-64 years";"JB Telecommunications";240;46;83;183;55
"Total sex";"2023";"Employees - medium level";"60-64 years";"JC IT and information service activities";328;26;62;112;30
"Total sex";"2023";"Employees - medium level";"60-64 years";"K Financial and insurance";838;109;246;310;154
"Total sex";"2023";"Employees - medium level";"60-64 years";"L Real estate activities";317;42;58;103;29
"Total sex";"2023";"Employees - medium level";"60-64 years";"MA Consultancy etc.";813;220;451;471;199
"Total sex";"2023";"Employees - medium level";"60-64 years";"MB Scientific research and development";160;34;17;97;10
"Total sex";"2023";"Employees - medium level";"60-64 years";"MC Advertising and other business services";77;19;48;42;40
"Total sex";"2023";"Employees - medium level";"60-64 years";"N Travel agent, cleaning, and other operationel services";481;130;211;230;129
"Total sex";"2023";"Employees - medium level";"60-64 years";"O Public administration, defence and compulsory social security";1393;449;710;794;390
"Total sex";"2023";"Employees - medium level";"60-64 years";"P Education";338;65;125;219;67
"Total sex";"2023";"Employees - medium level";"60-64 years";"QA Human health activities";916;411;762;725;353
"Total sex";"2023";"Employees - medium level";"60-64 years";"QB Residential care";305;263;265;234;152
"Total sex";"2023";"Employees - medium level";"60-64 years";"R Arts, entertainment and recreation activities";180;45;86;95;19
"Total sex";"2023";"Employees - medium level";"60-64 years";"S Other service activities etc.";352;77;165;161;64
"Total sex";"2023";"Employees - medium level";"60-64 years";"X Activity not stated";0;0;0;0;0
"Total sex";"2023";"Employees - medium level";"65-66 years";"A Agriculture, forestry and fishing";1;3;11;4;4
"Total sex";"2023";"Employees - medium level";"65-66 years";"B Mining and quarrying";7;2;12;4;1
"Total sex";"2023";"Employees - medium level";"65-66 years";"CA Manufacture of food products, beverages and tobacco";8;17;24;31;7
"Total sex";"2023";"Employees - medium level";"65-66 years";"CB Textiles and leather products";0;0;3;10;0
"Total sex";"2023";"Employees - medium level";"65-66 years";"CC Wood and paper products and printing";5;2;11;15;5
"Total sex";"2023";"Employees - medium level";"65-66 years";"CD Oil refinery etc.";1;2;0;0;0
"Total sex";"2023";"Employees - medium level";"65-66 years";"CE Manufacture of chemicals";21;11;16;4;0
"Total sex";"2023";"Employees - medium level";"65-66 years";"CF Pharmaceuticals";89;17;1;0;1
"Total sex";"2023";"Employees - medium level";"65-66 years";"CG Manufacture of plastic, glass and concrete";10;10;13;15;11
"Total sex";"2023";"Employees - medium level";"65-66 years";"CH Basic metals and fabricated metal products";12;3;22;29;19
"Total sex";"2023";"Employees - medium level";"65-66 years";"CI Manufacture of electronic components";25;3;11;16;4
"Total sex";"2023";"Employees - medium level";"65-66 years";"CJ Electrical equipment";11;8;15;12;6
"Total sex";"2023";"Employees - medium level";"65-66 years";"CK Manufacture of machinery";29;18;45;67;15
"Total sex";"2023";"Employees - medium level";"65-66 years";"CL Transport equipment";3;1;4;10;0
"Total sex";"2023";"Employees - medium level";"65-66 years";"CM Manufacture of funiture and other manufacturing";17;2;39;24;6
"Total sex";"2023";"Employees - medium level";"65-66 years";"D Electricity, gas, steam and air conditioning supply";19;4;25;21;14
"Total sex";"2023";"Employees - medium level";"65-66 years";"E Water supply, sewerage and waste management";3;5;2;3;2
"Total sex";"2023";"Employees - medium level";"65-66 years";"F Construction";90;31;50;65;21
"Total sex";"2023";"Employees - medium level";"65-66 years";"G Wholesale and retail trade";308;77;177;160;52
"Total sex";"2023";"Employees - medium level";"65-66 years";"H Transportation";110;25;75;37;16
"Total sex";"2023";"Employees - medium level";"65-66 years";"I Accommodation and food service activities";7;3;9;5;3
"Total sex";"2023";"Employees - medium level";"65-66 years";"JA Publishing, television and radio broadcasting";40;4;7;9;2
"Total sex";"2023";"Employees - medium level";"65-66 years";"JB Telecommunications";44;3;17;32;7
"Total sex";"2023";"Employees - medium level";"65-66 years";"JC IT and information service activities";66;6;9;24;5
"Total sex";"2023";"Employees - medium level";"65-66 years";"K Financial and insurance";132;18;40;43;31
"Total sex";"2023";"Employees - medium level";"65-66 years";"L Real estate activities";59;9;15;14;7
"Total sex";"2023";"Employees - medium level";"65-66 years";"MA Consultancy etc.";170;52;85;97;35
"Total sex";"2023";"Employees - medium level";"65-66 years";"MB Scientific research and development";33;4;1;24;4
"Total sex";"2023";"Employees - medium level";"65-66 years";"MC Advertising and other business services";15;2;9;12;4
"Total sex";"2023";"Employees - medium level";"65-66 years";"N Travel agent, cleaning, and other operationel services";108;31;37;67;23
"Total sex";"2023";"Employees - medium level";"65-66 years";"O Public administration, defence and compulsory social security";266;81;157;153;63
"Total sex";"2023";"Employees - medium level";"65-66 years";"P Education";67;9;36;53;14
"Total sex";"2023";"Employees - medium level";"65-66 years";"QA Human health activities";217;81;141;138;69
"Total sex";"2023";"Employees - medium level";"65-66 years";"QB Residential care";68;50;58;50;35
"Total sex";"2023";"Employees - medium level";"65-66 years";"R Arts, entertainment and recreation activities";47;6;20;22;8
"Total sex";"2023";"Employees - medium level";"65-66 years";"S Other service activities etc.";103;12;35;36;19
"Total sex";"2023";"Employees - medium level";"65-66 years";"X Activity not stated";0;0;0;0;0
"Total sex";"2023";"Employees - medium level";"67 years and over";"A Agriculture, forestry and fishing";4;6;15;8;5
"Total sex";"2023";"Employees - medium level";"67 years and over";"B Mining and quarrying";3;0;7;0;1
"Total sex";"2023";"Employees - medium level";"67 years and over";"CA Manufacture of food products, beverages and tobacco";8;11;16;18;7
"Total sex";"2023";"Employees - medium level";"67 years and over";"CB Textiles and leather products";0;0;2;4;0
"Total sex";"2023";"Employees - medium level";"67 years and over";"CC Wood and paper products and printing";4;2;15;15;9
"Total sex";"2023";"Employees - medium level";"67 years and over";"CD Oil refinery etc.";0;1;2;0;0
"Total sex";"2023";"Employees - medium level";"67 years and over";"CE Manufacture of chemicals";16;11;8;4;2
"Total sex";"2023";"Employees - medium level";"67 years and over";"CF Pharmaceuticals";43;5;0;0;0
"Total sex";"2023";"Employees - medium level";"67 years and over";"CG Manufacture of plastic, glass and concrete";8;6;22;19;9
"Total sex";"2023";"Employees - medium level";"67 years and over";"CH Basic metals and fabricated metal products";9;4;28;34;19
"Total sex";"2023";"Employees - medium level";"67 years and over";"CI Manufacture of electronic components";38;1;6;26;6
"Total sex";"2023";"Employees - medium level";"67 years and over";"CJ Electrical equipment";10;6;12;6;6
"Total sex";"2023";"Employees - medium level";"67 years and over";"CK Manufacture of machinery";33;18;50;69;13
"Total sex";"2023";"Employees - medium level";"67 years and over";"CL Transport equipment";2;4;3;7;3
"Total sex";"2023";"Employees - medium level";"67 years and over";"CM Manufacture of funiture and other manufacturing";15;8;34;22;6
"Total sex";"2023";"Employees - medium level";"67 years and over";"D Electricity, gas, steam and air conditioning supply";18;3;12;15;9
"Total sex";"2023";"Employees - medium level";"67 years and over";"E Water supply, sewerage and waste management";6;7;8;6;2
"Total sex";"2023";"Employees - medium level";"67 years and over";"F Construction";125;56;66;103;31
"Total sex";"2023";"Employees - medium level";"67 years and over";"G Wholesale and retail trade";269;108;185;215;72
"Total sex";"2023";"Employees - medium level";"67 years and over";"H Transportation";97;37;91;48;17
"Total sex";"2023";"Employees - medium level";"67 years and over";"I Accommodation and food service activities";18;5;9;9;2
"Total sex";"2023";"Employees - medium level";"67 years and over";"JA Publishing, television and radio broadcasting";34;3;7;11;2
"Total sex";"2023";"Employees - medium level";"67 years and over";"JB Telecommunications";16;3;9;9;2
"Total sex";"2023";"Employees - medium level";"67 years and over";"JC IT and information service activities";54;4;11;22;9
"Total sex";"2023";"Employees - medium level";"67 years and over";"K Financial and insurance";99;14;27;38;13
"Total sex";"2023";"Employees - medium level";"67 years and over";"L Real estate activities";74;15;31;32;9
"Total sex";"2023";"Employees - medium level";"67 years and over";"MA Consultancy etc.";226;65;124;119;48
"Total sex";"2023";"Employees - medium level";"67 years and over";"MB Scientific research and development";32;4;1;15;2
"Total sex";"2023";"Employees - medium level";"67 years and over";"MC Advertising and other business services";13;6;14;9;3
"Total sex";"2023";"Employees - medium level";"67 years and over";"N Travel agent, cleaning, and other operationel services";95;24;32;43;22
"Total sex";"2023";"Employees - medium level";"67 years and over";"O Public administration, defence and compulsory social security";227;84;116;111;50
"Total sex";"2023";"Employees - medium level";"67 years and over";"P Education";69;17;21;41;10
"Total sex";"2023";"Employees - medium level";"67 years and over";"QA Human health activities";239;73;131;120;76
"Total sex";"2023";"Employees - medium level";"67 years and over";"QB Residential care";83;77;88;112;50
"Total sex";"2023";"Employees - medium level";"67 years and over";"R Arts, entertainment and recreation activities";68;19;32;45;18
"Total sex";"2023";"Employees - medium level";"67 years and over";"S Other service activities etc.";132;33;51;40;18
"Total sex";"2023";"Employees - medium level";"67 years and over";"X Activity not stated";0;0;0;0;0
"Total sex";"2023";"Employees - basic level";"Under 16 years";"A Agriculture, forestry and fishing";5;20;27;37;26
"Total sex";"2023";"Employees - basic level";"Under 16 years";"B Mining and quarrying";0;0;1;0;0
"Total sex";"2023";"Employees - basic level";"Under 16 years";"CA Manufacture of food products, beverages and tobacco";260;149;283;199;101
"Total sex";"2023";"Employees - basic level";"Under 16 years";"CB Textiles and leather products";0;1;4;4;1
"Total sex";"2023";"Employees - basic level";"Under 16 years";"CC Wood and paper products and printing";1;3;12;18;4
"Total sex";"2023";"Employees - basic level";"Under 16 years";"CD Oil refinery etc.";0;0;1;0;0
"Total sex";"2023";"Employees - basic level";"Under 16 years";"CE Manufacture of chemicals";0;3;0;0;1
"Total sex";"2023";"Employees - basic level";"Under 16 years";"CF Pharmaceuticals";0;0;0;0;0
"Total sex";"2023";"Employees - basic level";"Under 16 years";"CG Manufacture of plastic, glass and concrete";3;3;8;22;5
"Total sex";"2023";"Employees - basic level";"Under 16 years";"CH Basic metals and fabricated metal products";5;15;34;43;15
"Total sex";"2023";"Employees - basic level";"Under 16 years";"CI Manufacture of electronic components";2;0;3;11;1
"Total sex";"2023";"Employees - basic level";"Under 16 years";"CJ Electrical equipment";3;4;1;7;0
"Total sex";"2023";"Employees - basic level";"Under 16 years";"CK Manufacture of machinery";0;7;28;25;6
"Total sex";"2023";"Employees - basic level";"Under 16 years";"CL Transport equipment";0;0;5;4;2
"Total sex";"2023";"Employees - basic level";"Under 16 years";"CM Manufacture of funiture and other manufacturing";10;7;15;15;2
"Total sex";"2023";"Employees - basic level";"Under 16 years";"D Electricity, gas, steam and air conditioning supply";1;0;0;0;1
"Total sex";"2023";"Employees - basic level";"Under 16 years";"E Water supply, sewerage and waste management";0;0;2;0;1
"Total sex";"2023";"Employees - basic level";"Under 16 years";"F Construction";29;32;47;42;26
"Total sex";"2023";"Employees - basic level";"Under 16 years";"G Wholesale and retail trade";3089;1145;1868;2139;1002
"Total sex";"2023";"Employees - basic level";"Under 16 years";"H Transportation";75;42;76;114;10
"Total sex";"2023";"Employees - basic level";"Under 16 years";"I Accommodation and food service activities";334;176;402;352;123
"Total sex";"2023";"Employees - basic level";"Under 16 years";"JA Publishing, television and radio broadcasting";46;80;28;251;10
"Total sex";"2023";"Employees - basic level";"Under 16 years";"JB Telecommunications";2;0;0;0;0
"Total sex";"2023";"Employees - basic level";"Under 16 years";"JC IT and information service activities";11;0;4;8;1
"Total sex";"2023";"Employees - basic level";"Under 16 years";"K Financial and insurance";5;1;10;7;2
"Total sex";"2023";"Employees - basic level";"Under 16 years";"L Real estate activities";24;32;30;44;7
"Total sex";"2023";"Employees - basic level";"Under 16 years";"MA Consultancy etc.";29;10;8;22;7
"Total sex";"2023";"Employees - basic level";"Under 16 years";"MB Scientific research and development";0;0;1;0;0
"Total sex";"2023";"Employees - basic level";"Under 16 years";"MC Advertising and other business services";11;0;9;6;1
"Total sex";"2023";"Employees - basic level";"Under 16 years";"N Travel agent, cleaning, and other operationel services";47;7;13;45;36
"Total sex";"2023";"Employees - basic level";"Under 16 years";"O Public administration, defence and compulsory social security";29;0;0;5;2
"Total sex";"2023";"Employees - basic level";"Under 16 years";"P Education";295;167;131;396;46
"Total sex";"2023";"Employees - basic level";"Under 16 years";"QA Human health activities";13;7;6;16;8
"Total sex";"2023";"Employees - basic level";"Under 16 years";"QB Residential care";551;83;242;755;41
"Total sex";"2023";"Employees - basic level";"Under 16 years";"R Arts, entertainment and recreation activities";149;77;108;131;70
"Total sex";"2023";"Employees - basic level";"Under 16 years";"S Other service activities etc.";34;13;23;25;6
"Total sex";"2023";"Employees - basic level";"Under 16 years";"X Activity not stated";0;0;0;0;0
"Total sex";"2023";"Employees - basic level";"16-19 years";"A Agriculture, forestry and fishing";73;219;631;591;399
"Total sex";"2023";"Employees - basic level";"16-19 years";"B Mining and quarrying";4;1;4;1;3
"Total sex";"2023";"Employees - basic level";"16-19 years";"CA Manufacture of food products, beverages and tobacco";994;339;761;600;242
"Total sex";"2023";"Employees - basic level";"16-19 years";"CB Textiles and leather products";13;3;17;16;3
"Total sex";"2023";"Employees - basic level";"16-19 years";"CC Wood and paper products and printing";12;7;67;60;28
"Total sex";"2023";"Employees - basic level";"16-19 years";"CD Oil refinery etc.";0;0;1;0;0
"Total sex";"2023";"Employees - basic level";"16-19 years";"CE Manufacture of chemicals";14;15;10;8;1
"Total sex";"2023";"Employees - basic level";"16-19 years";"CF Pharmaceuticals";45;43;0;0;1
"Total sex";"2023";"Employees - basic level";"16-19 years";"CG Manufacture of plastic, glass and concrete";23;19;53;68;29
"Total sex";"2023";"Employees - basic level";"16-19 years";"CH Basic metals and fabricated metal products";69;115;204;288;126
"Total sex";"2023";"Employees - basic level";"16-19 years";"CI Manufacture of electronic components";23;4;4;21;5
"Total sex";"2023";"Employees - basic level";"16-19 years";"CJ Electrical equipment";14;5;20;15;19
"Total sex";"2023";"Employees - basic level";"16-19 years";"CK Manufacture of machinery";52;53;165;201;114
"Total sex";"2023";"Employees - basic level";"16-19 years";"CL Transport equipment";0;5;20;43;35
"Total sex";"2023";"Employees - basic level";"16-19 years";"CM Manufacture of funiture and other manufacturing";38;57;167;111;93
"Total sex";"2023";"Employees - basic level";"16-19 years";"D Electricity, gas, steam and air conditioning supply";36;1;14;7;0
"Total sex";"2023";"Employees - basic level";"16-19 years";"E Water supply, sewerage and waste management";10;7;14;14;4
"Total sex";"2023";"Employees - basic level";"16-19 years";"F Construction";1579;1330;1561;1605;842
"Total sex";"2023";"Employees - basic level";"16-19 years";"G Wholesale and retail trade";19015;9844;13592;14536;6044
"Total sex";"2023";"Employees - basic level";"16-19 years";"H Transportation";444;160;312;292;105
"Total sex";"2023";"Employees - basic level";"16-19 years";"I Accommodation and food service activities";3946;1321;2787;2575;942
"Total sex";"2023";"Employees - basic level";"16-19 years";"JA Publishing, television and radio broadcasting";390;63;105;142;50
"Total sex";"2023";"Employees - basic level";"16-19 years";"JB Telecommunications";92;3;23;25;3
"Total sex";"2023";"Employees - basic level";"16-19 years";"JC IT and information service activities";105;15;28;35;14
"Total sex";"2023";"Employees - basic level";"16-19 years";"K Financial and insurance";150;7;103;39;18
"Total sex";"2023";"Employees - basic level";"16-19 years";"L Real estate activities";118;86;184;133;40
"Total sex";"2023";"Employees - basic level";"16-19 years";"MA Consultancy etc.";302;49;78;77;26
"Total sex";"2023";"Employees - basic level";"16-19 years";"MB Scientific research and development";7;9;2;4;1
"Total sex";"2023";"Employees - basic level";"16-19 years";"MC Advertising and other business services";135;29;70;67;15
"Total sex";"2023";"Employees - basic level";"16-19 years";"N Travel agent, cleaning, and other operationel services";716;262;311;303;352
"Total sex";"2023";"Employees - basic level";"16-19 years";"O Public administration, defence and compulsory social security";306;134;214;206;92
"Total sex";"2023";"Employees - basic level";"16-19 years";"P Education";473;190;300;264;88
"Total sex";"2023";"Employees - basic level";"16-19 years";"QA Human health activities";195;124;85;126;41
"Total sex";"2023";"Employees - basic level";"16-19 years";"QB Residential care";2307;1107;1631;2112;638
"Total sex";"2023";"Employees - basic level";"16-19 years";"R Arts, entertainment and recreation activities";1423;294;578;615;289
"Total sex";"2023";"Employees - basic level";"16-19 years";"S Other service activities etc.";275;77;167;159;74
"Total sex";"2023";"Employees - basic level";"16-19 years";"X Activity not stated";0;0;0;0;0
"Total sex";"2023";"Employees - basic level";"20-24 years";"A Agriculture, forestry and fishing";77;281;547;535;326
"Total sex";"2023";"Employees - basic level";"20-24 years";"B Mining and quarrying";18;5;48;6;6
"Total sex";"2023";"Employees - basic level";"20-24 years";"CA Manufacture of food products, beverages and tobacco";752;295;910;1092;452
"Total sex";"2023";"Employees - basic level";"20-24 years";"CB Textiles and leather products";32;3;22;67;11
"Total sex";"2023";"Employees - basic level";"20-24 years";"CC Wood and paper products and printing";18;25;204;204;112
"Total sex";"2023";"Employees - basic level";"20-24 years";"CD Oil refinery etc.";2;9;2;0;0
"Total sex";"2023";"Employees - basic level";"20-24 years";"CE Manufacture of chemicals";206;48;40;32;3
"Total sex";"2023";"Employees - basic level";"20-24 years";"CF Pharmaceuticals";661;229;2;1;20
"Total sex";"2023";"Employees - basic level";"20-24 years";"CG Manufacture of plastic, glass and concrete";60;73;144;207;57
"Total sex";"2023";"Employees - basic level";"20-24 years";"CH Basic metals and fabricated metal products";158;191;442;620;325
"Total sex";"2023";"Employees - basic level";"20-24 years";"CI Manufacture of electronic components";218;22;35;87;19
"Total sex";"2023";"Employees - basic level";"20-24 years";"CJ Electrical equipment";24;13;131;78;50
"Total sex";"2023";"Employees - basic level";"20-24 years";"CK Manufacture of machinery";174;129;454;621;306
"Total sex";"2023";"Employees - basic level";"20-24 years";"CL Transport equipment";9;24;87;69;48
"Total sex";"2023";"Employees - basic level";"20-24 years";"CM Manufacture of funiture and other manufacturing";181;115;395;251;195
"Total sex";"2023";"Employees - basic level";"20-24 years";"D Electricity, gas, steam and air conditioning supply";130;25;60;121;32
"Total sex";"2023";"Employees - basic level";"20-24 years";"E Water supply, sewerage and waste management";79;34;83;55;43
"Total sex";"2023";"Employees - basic level";"20-24 years";"F Construction";3463;2177;2660;3181;1493
"Total sex";"2023";"Employees - basic level";"20-24 years";"G Wholesale and retail trade";14530;4875;8155;11622;4527
"Total sex";"2023";"Employees - basic level";"20-24 years";"H Transportation";2033;496;1084;1264;500
"Total sex";"2023";"Employees - basic level";"20-24 years";"I Accommodation and food service activities";6929;893;2750;3348;1339
"Total sex";"2023";"Employees - basic level";"20-24 years";"JA Publishing, television and radio broadcasting";673;35;119;148;49
"Total sex";"2023";"Employees - basic level";"20-24 years";"JB Telecommunications";421;35;195;143;45
"Total sex";"2023";"Employees - basic level";"20-24 years";"JC IT and information service activities";807;52;91;208;82
"Total sex";"2023";"Employees - basic level";"20-24 years";"K Financial and insurance";2110;78;247;587;137
"Total sex";"2023";"Employees - basic level";"20-24 years";"L Real estate activities";519;122;197;253;86
"Total sex";"2023";"Employees - basic level";"20-24 years";"MA Consultancy etc.";1741;138;317;573;188
"Total sex";"2023";"Employees - basic level";"20-24 years";"MB Scientific research and development";313;25;17;42;7
"Total sex";"2023";"Employees - basic level";"20-24 years";"MC Advertising and other business services";513;74;168;272;48
"Total sex";"2023";"Employees - basic level";"20-24 years";"N Travel agent, cleaning, and other operationel services";3033;672;1004;1357;914
"Total sex";"2023";"Employees - basic level";"20-24 years";"O Public administration, defence and compulsory social security";3053;1099;1530;1729;1032
"Total sex";"2023";"Employees - basic level";"20-24 years";"P Education";1608;603;1146;1363;464
"Total sex";"2023";"Employees - basic level";"20-24 years";"QA Human health activities";1859;546;766;841;348
"Total sex";"2023";"Employees - basic level";"20-24 years";"QB Residential care";10801;4032;6008;9150;2618
"Total sex";"2023";"Employees - basic level";"20-24 years";"R Arts, entertainment and recreation activities";2250;352;736;902;355
"Total sex";"2023";"Employees - basic level";"20-24 years";"S Other service activities etc.";1272;172;345;454;162
"Total sex";"2023";"Employees - basic level";"20-24 years";"X Activity not stated";0;0;0;0;0
"Total sex";"2023";"Employees - basic level";"25-29 years";"A Agriculture, forestry and fishing";75;183;332;342;198
"Total sex";"2023";"Employees - basic level";"25-29 years";"B Mining and quarrying";41;11;58;21;11
"Total sex";"2023";"Employees - basic level";"25-29 years";"CA Manufacture of food products, beverages and tobacco";444;318;978;989;402
"Total sex";"2023";"Employees - basic level";"25-29 years";"CB Textiles and leather products";19;4;22;72;27
"Total sex";"2023";"Employees - basic level";"25-29 years";"CC Wood and paper products and printing";46;37;202;279;129
"Total sex";"2023";"Employees - basic level";"25-29 years";"CD Oil refinery etc.";1;19;1;0;0
"Total sex";"2023";"Employees - basic level";"25-29 years";"CE Manufacture of chemicals";256;59;58;55;15
"Total sex";"2023";"Employees - basic level";"25-29 years";"CF Pharmaceuticals";1146;293;10;0;24
"Total sex";"2023";"Employees - basic level";"25-29 years";"CG Manufacture of plastic, glass and concrete";93;117;215;341;122
"Total sex";"2023";"Employees - basic level";"25-29 years";"CH Basic metals and fabricated metal products";189;217;587;706;356
"Total sex";"2023";"Employees - basic level";"25-29 years";"CI Manufacture of electronic components";276;21;26;106;16
"Total sex";"2023";"Employees - basic level";"25-29 years";"CJ Electrical equipment";46;16;152;82;69
"Total sex";"2023";"Employees - basic level";"25-29 years";"CK Manufacture of machinery";204;150;600;815;486
"Total sex";"2023";"Employees - basic level";"25-29 years";"CL Transport equipment";20;28;118;136;34
"Total sex";"2023";"Employees - basic level";"25-29 years";"CM Manufacture of funiture and other manufacturing";260;139;526;293;256
"Total sex";"2023";"Employees - basic level";"25-29 years";"D Electricity, gas, steam and air conditioning supply";216;53;89;261;46
"Total sex";"2023";"Employees - basic level";"25-29 years";"E Water supply, sewerage and waste management";135;37;109;94;61
"Total sex";"2023";"Employees - basic level";"25-29 years";"F Construction";3988;1990;2537;3000;1294
"Total sex";"2023";"Employees - basic level";"25-29 years";"G Wholesale and retail trade";9096;2610;4859;6728;2412
"Total sex";"2023";"Employees - basic level";"25-29 years";"H Transportation";2153;499;1121;1203;426
"Total sex";"2023";"Employees - basic level";"25-29 years";"I Accommodation and food service activities";4201;317;1267;1292;600
"Total sex";"2023";"Employees - basic level";"25-29 years";"JA Publishing, television and radio broadcasting";797;22;119;152;33
"Total sex";"2023";"Employees - basic level";"25-29 years";"JB Telecommunications";288;51;105;107;72
"Total sex";"2023";"Employees - basic level";"25-29 years";"JC IT and information service activities";1157;45;122;362;111
"Total sex";"2023";"Employees - basic level";"25-29 years";"K Financial and insurance";1713;66;262;443;79
"Total sex";"2023";"Employees - basic level";"25-29 years";"L Real estate activities";597;90;188;231;104
"Total sex";"2023";"Employees - basic level";"25-29 years";"MA Consultancy etc.";2146;164;445;727;240
"Total sex";"2023";"Employees - basic level";"25-29 years";"MB Scientific research and development";353;35;30;81;8
"Total sex";"2023";"Employees - basic level";"25-29 years";"MC Advertising and other business services";545;50;140;258;57
"Total sex";"2023";"Employees - basic level";"25-29 years";"N Travel agent, cleaning, and other operationel services";2735;606;912;1182;529
"Total sex";"2023";"Employees - basic level";"25-29 years";"O Public administration, defence and compulsory social security";3259;1073;1526;1688;985
"Total sex";"2023";"Employees - basic level";"25-29 years";"P Education";1258;324;618;854;328
"Total sex";"2023";"Employees - basic level";"25-29 years";"QA Human health activities";1476;383;604;795;208
"Total sex";"2023";"Employees - basic level";"25-29 years";"QB Residential care";6115;2512;3395;4367;1725
"Total sex";"2023";"Employees - basic level";"25-29 years";"R Arts, entertainment and recreation activities";1410;152;348;487;172
"Total sex";"2023";"Employees - basic level";"25-29 years";"S Other service activities etc.";1433;176;332;444;196
"Total sex";"2023";"Employees - basic level";"25-29 years";"X Activity not stated";0;0;0;0;0
"Total sex";"2023";"Employees - basic level";"30-34 years";"A Agriculture, forestry and fishing";41;145;272;264;152
"Total sex";"2023";"Employees - basic level";"30-34 years";"B Mining and quarrying";46;12;51;10;20
"Total sex";"2023";"Employees - basic level";"30-34 years";"CA Manufacture of food products, beverages and tobacco";396;403;1031;1046;497
"Total sex";"2023";"Employees - basic level";"30-34 years";"CB Textiles and leather products";18;2;35;77;31
"Total sex";"2023";"Employees - basic level";"30-34 years";"CC Wood and paper products and printing";60;42;208;330;214
"Total sex";"2023";"Employees - basic level";"30-34 years";"CD Oil refinery etc.";0;22;2;0;0
"Total sex";"2023";"Employees - basic level";"30-34 years";"CE Manufacture of chemicals";213;97;87;61;20
"Total sex";"2023";"Employees - basic level";"30-34 years";"CF Pharmaceuticals";887;223;16;1;22
"Total sex";"2023";"Employees - basic level";"30-34 years";"CG Manufacture of plastic, glass and concrete";120;168;281;418;173
"Total sex";"2023";"Employees - basic level";"30-34 years";"CH Basic metals and fabricated metal products";216;172;707;818;408
"Total sex";"2023";"Employees - basic level";"30-34 years";"CI Manufacture of electronic components";184;31;31;112;27
"Total sex";"2023";"Employees - basic level";"30-34 years";"CJ Electrical equipment";45;23;184;76;75
"Total sex";"2023";"Employees - basic level";"30-34 years";"CK Manufacture of machinery";212;204;685;904;577
"Total sex";"2023";"Employees - basic level";"30-34 years";"CL Transport equipment";15;24;134;161;61
"Total sex";"2023";"Employees - basic level";"30-34 years";"CM Manufacture of funiture and other manufacturing";262;142;574;398;230
"Total sex";"2023";"Employees - basic level";"30-34 years";"D Electricity, gas, steam and air conditioning supply";162;80;87;217;41
"Total sex";"2023";"Employees - basic level";"30-34 years";"E Water supply, sewerage and waste management";146;69;138;131;62
"Total sex";"2023";"Employees - basic level";"30-34 years";"F Construction";3872;2022;2590;2905;1342
"Total sex";"2023";"Employees - basic level";"30-34 years";"G Wholesale and retail trade";6528;2162;3962;5038;1743
"Total sex";"2023";"Employees - basic level";"30-34 years";"H Transportation";1867;555;1165;1007;404
"Total sex";"2023";"Employees - basic level";"30-34 years";"I Accommodation and food service activities";2800;262;838;674;321
"Total sex";"2023";"Employees - basic level";"30-34 years";"JA Publishing, television and radio broadcasting";513;13;60;63;13
"Total sex";"2023";"Employees - basic level";"30-34 years";"JB Telecommunications";223;50;71;100;85
"Total sex";"2023";"Employees - basic level";"30-34 years";"JC IT and information service activities";821;51;92;240;56
"Total sex";"2023";"Employees - basic level";"30-34 years";"K Financial and insurance";1060;55;154;224;62
"Total sex";"2023";"Employees - basic level";"30-34 years";"L Real estate activities";547;102;193;206;95
"Total sex";"2023";"Employees - basic level";"30-34 years";"MA Consultancy etc.";1160;139;360;407;126
"Total sex";"2023";"Employees - basic level";"30-34 years";"MB Scientific research and development";143;34;21;50;2
"Total sex";"2023";"Employees - basic level";"30-34 years";"MC Advertising and other business services";359;33;118;147;30
"Total sex";"2023";"Employees - basic level";"30-34 years";"N Travel agent, cleaning, and other operationel services";2499;607;938;1115;414
"Total sex";"2023";"Employees - basic level";"30-34 years";"O Public administration, defence and compulsory social security";2433;919;1396;1472;860
"Total sex";"2023";"Employees - basic level";"30-34 years";"P Education";914;294;514;601;358
"Total sex";"2023";"Employees - basic level";"30-34 years";"QA Human health activities";919;295;420;414;165
"Total sex";"2023";"Employees - basic level";"30-34 years";"QB Residential care";5083;2682;3563;3628;1838
"Total sex";"2023";"Employees - basic level";"30-34 years";"R Arts, entertainment and recreation activities";835;100;208;258;120
"Total sex";"2023";"Employees - basic level";"30-34 years";"S Other service activities etc.";921;177;306;354;148
"Total sex";"2023";"Employees - basic level";"30-34 years";"X Activity not stated";0;0;0;0;0
"Total sex";"2023";"Employees - basic level";"35-39 years";"A Agriculture, forestry and fishing";45;145;222;222;134
"Total sex";"2023";"Employees - basic level";"35-39 years";"B Mining and quarrying";48;19;45;15;7
"Total sex";"2023";"Employees - basic level";"35-39 years";"CA Manufacture of food products, beverages and tobacco";294;414;1026;1039;520
"Total sex";"2023";"Employees - basic level";"35-39 years";"CB Textiles and leather products";13;7;43;95;35
"Total sex";"2023";"Employees - basic level";"35-39 years";"CC Wood and paper products and printing";47;28;215;351;188
"Total sex";"2023";"Employees - basic level";"35-39 years";"CD Oil refinery etc.";0;29;0;0;0
"Total sex";"2023";"Employees - basic level";"35-39 years";"CE Manufacture of chemicals";215;83;89;85;16
"Total sex";"2023";"Employees - basic level";"35-39 years";"CF Pharmaceuticals";824;243;10;1;14
"Total sex";"2023";"Employees - basic level";"35-39 years";"CG Manufacture of plastic, glass and concrete";124;188;284;449;168
"Total sex";"2023";"Employees - basic level";"35-39 years";"CH Basic metals and fabricated metal products";190;181;733;866;464
"Total sex";"2023";"Employees - basic level";"35-39 years";"CI Manufacture of electronic components";171;26;37;104;20
"Total sex";"2023";"Employees - basic level";"35-39 years";"CJ Electrical equipment";60;30;217;89;67
"Total sex";"2023";"Employees - basic level";"35-39 years";"CK Manufacture of machinery";207;165;745;869;549
"Total sex";"2023";"Employees - basic level";"35-39 years";"CL Transport equipment";14;43;132;148;54
"Total sex";"2023";"Employees - basic level";"35-39 years";"CM Manufacture of funiture and other manufacturing";280;140;510;352;235
"Total sex";"2023";"Employees - basic level";"35-39 years";"D Electricity, gas, steam and air conditioning supply";100;58;87;172;19
"Total sex";"2023";"Employees - basic level";"35-39 years";"E Water supply, sewerage and waste management";133;48;123;128;68
"Total sex";"2023";"Employees - basic level";"35-39 years";"F Construction";3440;1843;2301;2647;1160
"Total sex";"2023";"Employees - basic level";"35-39 years";"G Wholesale and retail trade";4920;1805;3323;3955;1535
"Total sex";"2023";"Employees - basic level";"35-39 years";"H Transportation";1869;594;1173;1070;417
"Total sex";"2023";"Employees - basic level";"35-39 years";"I Accommodation and food service activities";1720;210;531;426;235
"Total sex";"2023";"Employees - basic level";"35-39 years";"JA Publishing, television and radio broadcasting";317;17;43;51;7
"Total sex";"2023";"Employees - basic level";"35-39 years";"JB Telecommunications";207;33;73;87;59
"Total sex";"2023";"Employees - basic level";"35-39 years";"JC IT and information service activities";492;20;67;153;32
"Total sex";"2023";"Employees - basic level";"35-39 years";"K Financial and insurance";904;55;160;178;54
"Total sex";"2023";"Employees - basic level";"35-39 years";"L Real estate activities";561;126;189;237;85
"Total sex";"2023";"Employees - basic level";"35-39 years";"MA Consultancy etc.";792;130;303;303;105
"Total sex";"2023";"Employees - basic level";"35-39 years";"MB Scientific research and development";96;37;17;53;2
"Total sex";"2023";"Employees - basic level";"35-39 years";"MC Advertising and other business services";220;29;72;135;31
"Total sex";"2023";"Employees - basic level";"35-39 years";"N Travel agent, cleaning, and other operationel services";2086;537;861;1026;334
"Total sex";"2023";"Employees - basic level";"35-39 years";"O Public administration, defence and compulsory social security";1967;787;1247;1254;759
"Total sex";"2023";"Employees - basic level";"35-39 years";"P Education";878;343;532;632;337
"Total sex";"2023";"Employees - basic level";"35-39 years";"QA Human health activities";802;288;461;378;148
"Total sex";"2023";"Employees - basic level";"35-39 years";"QB Residential care";5036;2645;3470;3324;1748
"Total sex";"2023";"Employees - basic level";"35-39 years";"R Arts, entertainment and recreation activities";562;111;213;198;91
"Total sex";"2023";"Employees - basic level";"35-39 years";"S Other service activities etc.";672;169;248;259;127
"Total sex";"2023";"Employees - basic level";"35-39 years";"X Activity not stated";0;0;0;0;0
"Total sex";"2023";"Employees - basic level";"40-44 years";"A Agriculture, forestry and fishing";47;103;196;187;100
"Total sex";"2023";"Employees - basic level";"40-44 years";"B Mining and quarrying";44;20;59;9;19
"Total sex";"2023";"Employees - basic level";"40-44 years";"CA Manufacture of food products, beverages and tobacco";321;402;1092;951;554
"Total sex";"2023";"Employees - basic level";"40-44 years";"CB Textiles and leather products";4;4;58;105;38
"Total sex";"2023";"Employees - basic level";"40-44 years";"CC Wood and paper products and printing";61;45;234;359;231
"Total sex";"2023";"Employees - basic level";"40-44 years";"CD Oil refinery etc.";0;32;3;0;0
"Total sex";"2023";"Employees - basic level";"40-44 years";"CE Manufacture of chemicals";210;72;118;78;20
"Total sex";"2023";"Employees - basic level";"40-44 years";"CF Pharmaceuticals";687;237;13;1;22
"Total sex";"2023";"Employees - basic level";"40-44 years";"CG Manufacture of plastic, glass and concrete";135;176;317;440;175
"Total sex";"2023";"Employees - basic level";"40-44 years";"CH Basic metals and fabricated metal products";212;213;746;861;385
"Total sex";"2023";"Employees - basic level";"40-44 years";"CI Manufacture of electronic components";190;35;43;118;34
"Total sex";"2023";"Employees - basic level";"40-44 years";"CJ Electrical equipment";90;37;184;98;64
"Total sex";"2023";"Employees - basic level";"40-44 years";"CK Manufacture of machinery";168;164;715;987;443
"Total sex";"2023";"Employees - basic level";"40-44 years";"CL Transport equipment";16;39;117;153;79
"Total sex";"2023";"Employees - basic level";"40-44 years";"CM Manufacture of funiture and other manufacturing";241;157;528;401;225
"Total sex";"2023";"Employees - basic level";"40-44 years";"D Electricity, gas, steam and air conditioning supply";86;51;104;120;29
"Total sex";"2023";"Employees - basic level";"40-44 years";"E Water supply, sewerage and waste management";132;49;122;127;65
"Total sex";"2023";"Employees - basic level";"40-44 years";"F Construction";3124;1637;2281;2401;1080
"Total sex";"2023";"Employees - basic level";"40-44 years";"G Wholesale and retail trade";4463;1772;3234;3757;1404
"Total sex";"2023";"Employees - basic level";"40-44 years";"H Transportation";1912;691;1317;1109;443
"Total sex";"2023";"Employees - basic level";"40-44 years";"I Accommodation and food service activities";1257;183;461;342;204
"Total sex";"2023";"Employees - basic level";"40-44 years";"JA Publishing, television and radio broadcasting";255;17;39;47;7
"Total sex";"2023";"Employees - basic level";"40-44 years";"JB Telecommunications";148;41;56;64;43
"Total sex";"2023";"Employees - basic level";"40-44 years";"JC IT and information service activities";420;23;48;135;34
"Total sex";"2023";"Employees - basic level";"40-44 years";"K Financial and insurance";870;66;168;197;66
"Total sex";"2023";"Employees - basic level";"40-44 years";"L Real estate activities";517;121;215;252;97
"Total sex";"2023";"Employees - basic level";"40-44 years";"MA Consultancy etc.";690;131;290;268;115
"Total sex";"2023";"Employees - basic level";"40-44 years";"MB Scientific research and development";88;21;18;59;4
"Total sex";"2023";"Employees - basic level";"40-44 years";"MC Advertising and other business services";188;22;85;113;19
"Total sex";"2023";"Employees - basic level";"40-44 years";"N Travel agent, cleaning, and other operationel services";1813;555;836;895;347
"Total sex";"2023";"Employees - basic level";"40-44 years";"O Public administration, defence and compulsory social security";1915;754;1134;1223;740
"Total sex";"2023";"Employees - basic level";"40-44 years";"P Education";784;396;567;661;384
"Total sex";"2023";"Employees - basic level";"40-44 years";"QA Human health activities";847;351;464;431;178
"Total sex";"2023";"Employees - basic level";"40-44 years";"QB Residential care";5076;2721;3342;3260;1607
"Total sex";"2023";"Employees - basic level";"40-44 years";"R Arts, entertainment and recreation activities";515;109;219;212;109
"Total sex";"2023";"Employees - basic level";"40-44 years";"S Other service activities etc.";593;173;216;242;116
"Total sex";"2023";"Employees - basic level";"40-44 years";"X Activity not stated";0;0;0;0;0
"Total sex";"2023";"Employees - basic level";"45-49 years";"A Agriculture, forestry and fishing";43;110;195;192;109
"Total sex";"2023";"Employees - basic level";"45-49 years";"B Mining and quarrying";44;22;65;18;24
"Total sex";"2023";"Employees - basic level";"45-49 years";"CA Manufacture of food products, beverages and tobacco";360;563;1212;1187;604
"Total sex";"2023";"Employees - basic level";"45-49 years";"CB Textiles and leather products";3;8;56;112;46
"Total sex";"2023";"Employees - basic level";"45-49 years";"CC Wood and paper products and printing";84;59;295;411;229
"Total sex";"2023";"Employees - basic level";"45-49 years";"CD Oil refinery etc.";0;41;4;0;0
"Total sex";"2023";"Employees - basic level";"45-49 years";"CE Manufacture of chemicals";237;118;110;110;23
"Total sex";"2023";"Employees - basic level";"45-49 years";"CF Pharmaceuticals";808;291;12;2;31
"Total sex";"2023";"Employees - basic level";"45-49 years";"CG Manufacture of plastic, glass and concrete";166;210;347;543;230
"Total sex";"2023";"Employees - basic level";"45-49 years";"CH Basic metals and fabricated metal products";273;283;897;979;453
"Total sex";"2023";"Employees - basic level";"45-49 years";"CI Manufacture of electronic components";229;38;61;175;33
"Total sex";"2023";"Employees - basic level";"45-49 years";"CJ Electrical equipment";94;47;255;124;75
"Total sex";"2023";"Employees - basic level";"45-49 years";"CK Manufacture of machinery";264;226;936;1254;560
"Total sex";"2023";"Employees - basic level";"45-49 years";"CL Transport equipment";12;47;160;187;94
"Total sex";"2023";"Employees - basic level";"45-49 years";"CM Manufacture of funiture and other manufacturing";307;224;669;454;241
"Total sex";"2023";"Employees - basic level";"45-49 years";"D Electricity, gas, steam and air conditioning supply";92;49;107;122;25
"Total sex";"2023";"Employees - basic level";"45-49 years";"E Water supply, sewerage and waste management";176;91;141;164;76
"Total sex";"2023";"Employees - basic level";"45-49 years";"F Construction";3062;1609;2055;2341;1022
"Total sex";"2023";"Employees - basic level";"45-49 years";"G Wholesale and retail trade";4747;2064;3755;4302;1676
"Total sex";"2023";"Employees - basic level";"45-49 years";"H Transportation";2457;799;1553;1436;546
"Total sex";"2023";"Employees - basic level";"45-49 years";"I Accommodation and food service activities";984;198;438;313;155
"Total sex";"2023";"Employees - basic level";"45-49 years";"JA Publishing, television and radio broadcasting";279;27;44;67;19
"Total sex";"2023";"Employees - basic level";"45-49 years";"JB Telecommunications";133;41;57;54;33
"Total sex";"2023";"Employees - basic level";"45-49 years";"JC IT and information service activities";391;21;45;115;39
"Total sex";"2023";"Employees - basic level";"45-49 years";"K Financial and insurance";982;76;192;205;67
"Total sex";"2023";"Employees - basic level";"45-49 years";"L Real estate activities";711;174;254;344;103
"Total sex";"2023";"Employees - basic level";"45-49 years";"MA Consultancy etc.";671;163;340;310;132
"Total sex";"2023";"Employees - basic level";"45-49 years";"MB Scientific research and development";108;31;15;69;5
"Total sex";"2023";"Employees - basic level";"45-49 years";"MC Advertising and other business services";186;28;106;114;20
"Total sex";"2023";"Employees - basic level";"45-49 years";"N Travel agent, cleaning, and other operationel services";1933;627;884;1018;371
"Total sex";"2023";"Employees - basic level";"45-49 years";"O Public administration, defence and compulsory social security";2057;917;1155;1225;821
"Total sex";"2023";"Employees - basic level";"45-49 years";"P Education";972;470;771;835;421
"Total sex";"2023";"Employees - basic level";"45-49 years";"QA Human health activities";930;427;590;545;231
"Total sex";"2023";"Employees - basic level";"45-49 years";"QB Residential care";5452;3000;3744;3610;1907
"Total sex";"2023";"Employees - basic level";"45-49 years";"R Arts, entertainment and recreation activities";587;136;250;254;115
"Total sex";"2023";"Employees - basic level";"45-49 years";"S Other service activities etc.";692;167;261;330;139
"Total sex";"2023";"Employees - basic level";"45-49 years";"X Activity not stated";0;0;0;0;0
"Total sex";"2023";"Employees - basic level";"50-54 years";"A Agriculture, forestry and fishing";46;110;221;174;118
"Total sex";"2023";"Employees - basic level";"50-54 years";"B Mining and quarrying";44;26;103;24;31
"Total sex";"2023";"Employees - basic level";"50-54 years";"CA Manufacture of food products, beverages and tobacco";352;598;1424;1286;700
"Total sex";"2023";"Employees - basic level";"50-54 years";"CB Textiles and leather products";9;11;66;159;60
"Total sex";"2023";"Employees - basic level";"50-54 years";"CC Wood and paper products and printing";171;94;444;699;333
"Total sex";"2023";"Employees - basic level";"50-54 years";"CD Oil refinery etc.";0;46;3;0;0
"Total sex";"2023";"Employees - basic level";"50-54 years";"CE Manufacture of chemicals";293;115;174;143;31
"Total sex";"2023";"Employees - basic level";"50-54 years";"CF Pharmaceuticals";954;311;17;1;47
"Total sex";"2023";"Employees - basic level";"50-54 years";"CG Manufacture of plastic, glass and concrete";179;258;462;677;270
"Total sex";"2023";"Employees - basic level";"50-54 years";"CH Basic metals and fabricated metal products";319;273;962;1066;501
"Total sex";"2023";"Employees - basic level";"50-54 years";"CI Manufacture of electronic components";271;74;69;261;43
"Total sex";"2023";"Employees - basic level";"50-54 years";"CJ Electrical equipment";107;68;305;171;98
"Total sex";"2023";"Employees - basic level";"50-54 years";"CK Manufacture of machinery";340;323;1145;1474;615
"Total sex";"2023";"Employees - basic level";"50-54 years";"CL Transport equipment";15;49;165;219;109
"Total sex";"2023";"Employees - basic level";"50-54 years";"CM Manufacture of funiture and other manufacturing";337;246;750;638;255
"Total sex";"2023";"Employees - basic level";"50-54 years";"D Electricity, gas, steam and air conditioning supply";104;61;128;124;45
"Total sex";"2023";"Employees - basic level";"50-54 years";"E Water supply, sewerage and waste management";190;101;187;185;89
"Total sex";"2023";"Employees - basic level";"50-54 years";"F Construction";2952;1582;2118;2204;919
"Total sex";"2023";"Employees - basic level";"50-54 years";"G Wholesale and retail trade";4778;2236;4002;4423;1666
"Total sex";"2023";"Employees - basic level";"50-54 years";"H Transportation";2692;979;1787;1679;746
"Total sex";"2023";"Employees - basic level";"50-54 years";"I Accommodation and food service activities";779;161;439;306;168
"Total sex";"2023";"Employees - basic level";"50-54 years";"JA Publishing, television and radio broadcasting";298;27;44;73;20
"Total sex";"2023";"Employees - basic level";"50-54 years";"JB Telecommunications";101;23;48;62;31
"Total sex";"2023";"Employees - basic level";"50-54 years";"JC IT and information service activities";315;20;33;113;23
"Total sex";"2023";"Employees - basic level";"50-54 years";"K Financial and insurance";846;69;158;186;77
"Total sex";"2023";"Employees - basic level";"50-54 years";"L Real estate activities";792;219;390;406;187
"Total sex";"2023";"Employees - basic level";"50-54 years";"MA Consultancy etc.";750;206;390;327;142
"Total sex";"2023";"Employees - basic level";"50-54 years";"MB Scientific research and development";134;27;13;78;3
"Total sex";"2023";"Employees - basic level";"50-54 years";"MC Advertising and other business services";144;32;92;103;27
"Total sex";"2023";"Employees - basic level";"50-54 years";"N Travel agent, cleaning, and other operationel services";1970;719;957;1074;416
"Total sex";"2023";"Employees - basic level";"50-54 years";"O Public administration, defence and compulsory social security";2082;852;1168;1119;731
"Total sex";"2023";"Employees - basic level";"50-54 years";"P Education";1039;535;838;917;438
"Total sex";"2023";"Employees - basic level";"50-54 years";"QA Human health activities";1088;506;667;705;296
"Total sex";"2023";"Employees - basic level";"50-54 years";"QB Residential care";5424;3280;4176;4155;2224
"Total sex";"2023";"Employees - basic level";"50-54 years";"R Arts, entertainment and recreation activities";569;171;298;234;105
"Total sex";"2023";"Employees - basic level";"50-54 years";"S Other service activities etc.";788;221;302;341;138
"Total sex";"2023";"Employees - basic level";"50-54 years";"X Activity not stated";0;0;0;0;0
"Total sex";"2023";"Employees - basic level";"55-59 years";"A Agriculture, forestry and fishing";54;114;228;166;92
"Total sex";"2023";"Employees - basic level";"55-59 years";"B Mining and quarrying";59;37;99;38;50
"Total sex";"2023";"Employees - basic level";"55-59 years";"CA Manufacture of food products, beverages and tobacco";449;601;1542;1345;718
"Total sex";"2023";"Employees - basic level";"55-59 years";"CB Textiles and leather products";8;8;75;197;69
"Total sex";"2023";"Employees - basic level";"55-59 years";"CC Wood and paper products and printing";181;121;450;732;330
"Total sex";"2023";"Employees - basic level";"55-59 years";"CD Oil refinery etc.";0;38;9;0;0
"Total sex";"2023";"Employees - basic level";"55-59 years";"CE Manufacture of chemicals";318;131;223;149;46
"Total sex";"2023";"Employees - basic level";"55-59 years";"CF Pharmaceuticals";975;322;14;5;61
"Total sex";"2023";"Employees - basic level";"55-59 years";"CG Manufacture of plastic, glass and concrete";255;346;475;709;305
"Total sex";"2023";"Employees - basic level";"55-59 years";"CH Basic metals and fabricated metal products";360;326;1107;1191;622
"Total sex";"2023";"Employees - basic level";"55-59 years";"CI Manufacture of electronic components";391;73;84;269;69
"Total sex";"2023";"Employees - basic level";"55-59 years";"CJ Electrical equipment";139;86;359;184;135
"Total sex";"2023";"Employees - basic level";"55-59 years";"CK Manufacture of machinery";412;389;1263;1677;636
"Total sex";"2023";"Employees - basic level";"55-59 years";"CL Transport equipment";21;58;213;250;111
"Total sex";"2023";"Employees - basic level";"55-59 years";"CM Manufacture of funiture and other manufacturing";424;319;847;699;297
"Total sex";"2023";"Employees - basic level";"55-59 years";"D Electricity, gas, steam and air conditioning supply";94;43;140;114;36
"Total sex";"2023";"Employees - basic level";"55-59 years";"E Water supply, sewerage and waste management";248;116;193;225;87
"Total sex";"2023";"Employees - basic level";"55-59 years";"F Construction";2824;1559;2032;1932;881
"Total sex";"2023";"Employees - basic level";"55-59 years";"G Wholesale and retail trade";4786;2343;3965;4231;1766
"Total sex";"2023";"Employees - basic level";"55-59 years";"H Transportation";3377;1253;2171;1993;916
"Total sex";"2023";"Employees - basic level";"55-59 years";"I Accommodation and food service activities";659;147;395;228;156
"Total sex";"2023";"Employees - basic level";"55-59 years";"JA Publishing, television and radio broadcasting";262;40;43;81;14
"Total sex";"2023";"Employees - basic level";"55-59 years";"JB Telecommunications";125;26;61;49;18
"Total sex";"2023";"Employees - basic level";"55-59 years";"JC IT and information service activities";282;16;38;99;29
"Total sex";"2023";"Employees - basic level";"55-59 years";"K Financial and insurance";1069;84;258;248;103
"Total sex";"2023";"Employees - basic level";"55-59 years";"L Real estate activities";1172;310;434;483;239
"Total sex";"2023";"Employees - basic level";"55-59 years";"MA Consultancy etc.";749;223;452;413;193
"Total sex";"2023";"Employees - basic level";"55-59 years";"MB Scientific research and development";161;45;21;72;4
"Total sex";"2023";"Employees - basic level";"55-59 years";"MC Advertising and other business services";177;34;96;122;38
"Total sex";"2023";"Employees - basic level";"55-59 years";"N Travel agent, cleaning, and other operationel services";2150;828;1094;1101;434
"Total sex";"2023";"Employees - basic level";"55-59 years";"O Public administration, defence and compulsory social security";2558;1003;1311;1308;957
"Total sex";"2023";"Employees - basic level";"55-59 years";"P Education";1251;557;948;1065;522
"Total sex";"2023";"Employees - basic level";"55-59 years";"QA Human health activities";1225;595;804;784;300
"Total sex";"2023";"Employees - basic level";"55-59 years";"QB Residential care";5999;3860;5240;4942;2874
"Total sex";"2023";"Employees - basic level";"55-59 years";"R Arts, entertainment and recreation activities";679;165;333;276;104
"Total sex";"2023";"Employees - basic level";"55-59 years";"S Other service activities etc.";929;257;334;406;183
"Total sex";"2023";"Employees - basic level";"55-59 years";"X Activity not stated";0;0;0;0;0
"Total sex";"2023";"Employees - basic level";"60-64 years";"A Agriculture, forestry and fishing";37;104;201;160;118
"Total sex";"2023";"Employees - basic level";"60-64 years";"B Mining and quarrying";23;41;69;20;28
"Total sex";"2023";"Employees - basic level";"60-64 years";"CA Manufacture of food products, beverages and tobacco";310;492;1056;948;549
"Total sex";"2023";"Employees - basic level";"60-64 years";"CB Textiles and leather products";5;6;65;148;43
"Total sex";"2023";"Employees - basic level";"60-64 years";"CC Wood and paper products and printing";103;87;362;577;307
"Total sex";"2023";"Employees - basic level";"60-64 years";"CD Oil refinery etc.";0;25;8;0;0
"Total sex";"2023";"Employees - basic level";"60-64 years";"CE Manufacture of chemicals";181;111;172;118;40
"Total sex";"2023";"Employees - basic level";"60-64 years";"CF Pharmaceuticals";532;208;8;3;46
"Total sex";"2023";"Employees - basic level";"60-64 years";"CG Manufacture of plastic, glass and concrete";188;281;414;580;251
"Total sex";"2023";"Employees - basic level";"60-64 years";"CH Basic metals and fabricated metal products";274;261;896;919;461
"Total sex";"2023";"Employees - basic level";"60-64 years";"CI Manufacture of electronic components";302;51;58;210;45
"Total sex";"2023";"Employees - basic level";"60-64 years";"CJ Electrical equipment";128;73;278;146;82
"Total sex";"2023";"Employees - basic level";"60-64 years";"CK Manufacture of machinery";305;303;975;1282;417
"Total sex";"2023";"Employees - basic level";"60-64 years";"CL Transport equipment";21;30;144;196;95
"Total sex";"2023";"Employees - basic level";"60-64 years";"CM Manufacture of funiture and other manufacturing";314;235;698;585;214
"Total sex";"2023";"Employees - basic level";"60-64 years";"D Electricity, gas, steam and air conditioning supply";75;43;109;106;30
"Total sex";"2023";"Employees - basic level";"60-64 years";"E Water supply, sewerage and waste management";185;92;131;158;76
"Total sex";"2023";"Employees - basic level";"60-64 years";"F Construction";1872;1077;1556;1537;774
"Total sex";"2023";"Employees - basic level";"60-64 years";"G Wholesale and retail trade";3277;1630;2985;3005;1250
"Total sex";"2023";"Employees - basic level";"60-64 years";"H Transportation";2568;1032;1847;1856;835
"Total sex";"2023";"Employees - basic level";"60-64 years";"I Accommodation and food service activities";406;111;254;167;113
"Total sex";"2023";"Employees - basic level";"60-64 years";"JA Publishing, television and radio broadcasting";136;32;39;64;17
"Total sex";"2023";"Employees - basic level";"60-64 years";"JB Telecommunications";115;12;37;32;9
"Total sex";"2023";"Employees - basic level";"60-64 years";"JC IT and information service activities";162;9;20;52;12
"Total sex";"2023";"Employees - basic level";"60-64 years";"K Financial and insurance";735;52;234;193;85
"Total sex";"2023";"Employees - basic level";"60-64 years";"L Real estate activities";932;221;394;424;212
"Total sex";"2023";"Employees - basic level";"60-64 years";"MA Consultancy etc.";543;151;346;288;136
"Total sex";"2023";"Employees - basic level";"60-64 years";"MB Scientific research and development";120;33;12;58;2
"Total sex";"2023";"Employees - basic level";"60-64 years";"MC Advertising and other business services";96;31;78;104;34
"Total sex";"2023";"Employees - basic level";"60-64 years";"N Travel agent, cleaning, and other operationel services";1639;642;843;851;411
"Total sex";"2023";"Employees - basic level";"60-64 years";"O Public administration, defence and compulsory social security";2102;830;1090;1094;783
"Total sex";"2023";"Employees - basic level";"60-64 years";"P Education";981;440;819;796;375
"Total sex";"2023";"Employees - basic level";"60-64 years";"QA Human health activities";1214;591;683;793;306
"Total sex";"2023";"Employees - basic level";"60-64 years";"QB Residential care";5062;3282;4759;4483;2764
"Total sex";"2023";"Employees - basic level";"60-64 years";"R Arts, entertainment and recreation activities";560;174;292;277;128
"Total sex";"2023";"Employees - basic level";"60-64 years";"S Other service activities etc.";797;197;284;314;145
"Total sex";"2023";"Employees - basic level";"60-64 years";"X Activity not stated";0;0;0;0;0
"Total sex";"2023";"Employees - basic level";"65-66 years";"A Agriculture, forestry and fishing";6;29;56;43;24
"Total sex";"2023";"Employees - basic level";"65-66 years";"B Mining and quarrying";8;5;19;7;4
"Total sex";"2023";"Employees - basic level";"65-66 years";"CA Manufacture of food products, beverages and tobacco";53;105;193;177;95
"Total sex";"2023";"Employees - basic level";"65-66 years";"CB Textiles and leather products";0;1;9;26;12
"Total sex";"2023";"Employees - basic level";"65-66 years";"CC Wood and paper products and printing";23;11;77;101;49
"Total sex";"2023";"Employees - basic level";"65-66 years";"CD Oil refinery etc.";0;4;3;0;0
"Total sex";"2023";"Employees - basic level";"65-66 years";"CE Manufacture of chemicals";45;27;36;17;8
"Total sex";"2023";"Employees - basic level";"65-66 years";"CF Pharmaceuticals";98;27;0;0;5
"Total sex";"2023";"Employees - basic level";"65-66 years";"CG Manufacture of plastic, glass and concrete";35;57;80;113;47
"Total sex";"2023";"Employees - basic level";"65-66 years";"CH Basic metals and fabricated metal products";61;62;170;173;98
"Total sex";"2023";"Employees - basic level";"65-66 years";"CI Manufacture of electronic components";55;6;12;37;8
"Total sex";"2023";"Employees - basic level";"65-66 years";"CJ Electrical equipment";21;7;47;21;23
"Total sex";"2023";"Employees - basic level";"65-66 years";"CK Manufacture of machinery";70;75;158;250;73
"Total sex";"2023";"Employees - basic level";"65-66 years";"CL Transport equipment";8;4;28;49;14
"Total sex";"2023";"Employees - basic level";"65-66 years";"CM Manufacture of funiture and other manufacturing";46;55;154;106;38
"Total sex";"2023";"Employees - basic level";"65-66 years";"D Electricity, gas, steam and air conditioning supply";25;11;22;16;5
"Total sex";"2023";"Employees - basic level";"65-66 years";"E Water supply, sewerage and waste management";54;22;20;34;20
"Total sex";"2023";"Employees - basic level";"65-66 years";"F Construction";350;210;345;345;192
"Total sex";"2023";"Employees - basic level";"65-66 years";"G Wholesale and retail trade";659;347;540;642;279
"Total sex";"2023";"Employees - basic level";"65-66 years";"H Transportation";596;275;466;484;211
"Total sex";"2023";"Employees - basic level";"65-66 years";"I Accommodation and food service activities";67;24;47;39;24
"Total sex";"2023";"Employees - basic level";"65-66 years";"JA Publishing, television and radio broadcasting";41;5;7;15;3
"Total sex";"2023";"Employees - basic level";"65-66 years";"JB Telecommunications";16;4;8;4;1
"Total sex";"2023";"Employees - basic level";"65-66 years";"JC IT and information service activities";37;3;5;11;4
"Total sex";"2023";"Employees - basic level";"65-66 years";"K Financial and insurance";134;9;24;33;10
"Total sex";"2023";"Employees - basic level";"65-66 years";"L Real estate activities";210;53;68;83;43
"Total sex";"2023";"Employees - basic level";"65-66 years";"MA Consultancy etc.";113;29;51;71;37
"Total sex";"2023";"Employees - basic level";"65-66 years";"MB Scientific research and development";24;11;0;4;0
"Total sex";"2023";"Employees - basic level";"65-66 years";"MC Advertising and other business services";18;3;24;17;11
"Total sex";"2023";"Employees - basic level";"65-66 years";"N Travel agent, cleaning, and other operationel services";361;155;186;215;94
"Total sex";"2023";"Employees - basic level";"65-66 years";"O Public administration, defence and compulsory social security";351;146;174;181;115
"Total sex";"2023";"Employees - basic level";"65-66 years";"P Education";219;88;137;166;91
"Total sex";"2023";"Employees - basic level";"65-66 years";"QA Human health activities";304;143;166;165;65
"Total sex";"2023";"Employees - basic level";"65-66 years";"QB Residential care";1062;627;887;836;463
"Total sex";"2023";"Employees - basic level";"65-66 years";"R Arts, entertainment and recreation activities";144;53;73;73;36
"Total sex";"2023";"Employees - basic level";"65-66 years";"S Other service activities etc.";183;47;65;99;21
"Total sex";"2023";"Employees - basic level";"65-66 years";"X Activity not stated";0;0;0;0;0
"Total sex";"2023";"Employees - basic level";"67 years and over";"A Agriculture, forestry and fishing";16;39;85;78;43
"Total sex";"2023";"Employees - basic level";"67 years and over";"B Mining and quarrying";8;13;16;12;8
"Total sex";"2023";"Employees - basic level";"67 years and over";"CA Manufacture of food products, beverages and tobacco";47;115;179;224;110
"Total sex";"2023";"Employees - basic level";"67 years and over";"CB Textiles and leather products";4;1;17;30;6
"Total sex";"2023";"Employees - basic level";"67 years and over";"CC Wood and paper products and printing";31;26;108;95;57
"Total sex";"2023";"Employees - basic level";"67 years and over";"CD Oil refinery etc.";1;1;1;0;0
"Total sex";"2023";"Employees - basic level";"67 years and over";"CE Manufacture of chemicals";29;16;24;20;18
"Total sex";"2023";"Employees - basic level";"67 years and over";"CF Pharmaceuticals";43;14;1;0;4
"Total sex";"2023";"Employees - basic level";"67 years and over";"CG Manufacture of plastic, glass and concrete";45;36;82;125;39
"Total sex";"2023";"Employees - basic level";"67 years and over";"CH Basic metals and fabricated metal products";86;53;151;204;84
"Total sex";"2023";"Employees - basic level";"67 years and over";"CI Manufacture of electronic components";59;14;10;31;3
"Total sex";"2023";"Employees - basic level";"67 years and over";"CJ Electrical equipment";17;10;32;24;11
"Total sex";"2023";"Employees - basic level";"67 years and over";"CK Manufacture of machinery";60;67;150;231;65
"Total sex";"2023";"Employees - basic level";"67 years and over";"CL Transport equipment";9;2;36;52;13
"Total sex";"2023";"Employees - basic level";"67 years and over";"CM Manufacture of funiture and other manufacturing";61;63;119;118;55
"Total sex";"2023";"Employees - basic level";"67 years and over";"D Electricity, gas, steam and air conditioning supply";19;9;19;29;10
"Total sex";"2023";"Employees - basic level";"67 years and over";"E Water supply, sewerage and waste management";35;27;33;46;15
"Total sex";"2023";"Employees - basic level";"67 years and over";"F Construction";509;402;458;630;242
"Total sex";"2023";"Employees - basic level";"67 years and over";"G Wholesale and retail trade";1095;714;1254;1318;518
"Total sex";"2023";"Employees - basic level";"67 years and over";"H Transportation";719;555;1088;1071;502
"Total sex";"2023";"Employees - basic level";"67 years and over";"I Accommodation and food service activities";116;54;140;94;115
"Total sex";"2023";"Employees - basic level";"67 years and over";"JA Publishing, television and radio broadcasting";57;26;9;42;4
"Total sex";"2023";"Employees - basic level";"67 years and over";"JB Telecommunications";4;1;5;4;1
"Total sex";"2023";"Employees - basic level";"67 years and over";"JC IT and information service activities";29;2;1;17;3
"Total sex";"2023";"Employees - basic level";"67 years and over";"K Financial and insurance";109;17;57;37;20
"Total sex";"2023";"Employees - basic level";"67 years and over";"L Real estate activities";210;49;93;115;50
"Total sex";"2023";"Employees - basic level";"67 years and over";"MA Consultancy etc.";148;39;76;105;35
"Total sex";"2023";"Employees - basic level";"67 years and over";"MB Scientific research and development";31;13;1;14;1
"Total sex";"2023";"Employees - basic level";"67 years and over";"MC Advertising and other business services";44;9;20;37;9
"Total sex";"2023";"Employees - basic level";"67 years and over";"N Travel agent, cleaning, and other operationel services";469;206;193;364;109
"Total sex";"2023";"Employees - basic level";"67 years and over";"O Public administration, defence and compulsory social security";310;152;166;182;106
"Total sex";"2023";"Employees - basic level";"67 years and over";"P Education";218;115;186;200;74
"Total sex";"2023";"Employees - basic level";"67 years and over";"QA Human health activities";319;226;169;222;105
"Total sex";"2023";"Employees - basic level";"67 years and over";"QB Residential care";1396;787;1049;1129;488
"Total sex";"2023";"Employees - basic level";"67 years and over";"R Arts, entertainment and recreation activities";243;99;139;190;82
"Total sex";"2023";"Employees - basic level";"67 years and over";"S Other service activities etc.";245;123;150;155;60
"Total sex";"2023";"Employees - basic level";"67 years and over";"X Activity not stated";0;0;0;0;0
"Total sex";"2023";"Other employees";"Under 16 years";"A Agriculture, forestry and fishing";8;9;40;31;24
"Total sex";"2023";"Other employees";"Under 16 years";"B Mining and quarrying";0;0;1;0;0
"Total sex";"2023";"Other employees";"Under 16 years";"CA Manufacture of food products, beverages and tobacco";33;28;54;51;39
"Total sex";"2023";"Other employees";"Under 16 years";"CB Textiles and leather products";1;0;1;9;10
"Total sex";"2023";"Other employees";"Under 16 years";"CC Wood and paper products and printing";3;1;11;22;26
"Total sex";"2023";"Other employees";"Under 16 years";"CD Oil refinery etc.";0;0;0;0;0
"Total sex";"2023";"Other employees";"Under 16 years";"CE Manufacture of chemicals";0;1;1;0;4
"Total sex";"2023";"Other employees";"Under 16 years";"CF Pharmaceuticals";0;0;0;0;0
"Total sex";"2023";"Other employees";"Under 16 years";"CG Manufacture of plastic, glass and concrete";3;8;28;57;19
"Total sex";"2023";"Other employees";"Under 16 years";"CH Basic metals and fabricated metal products";9;11;56;91;29
"Total sex";"2023";"Other employees";"Under 16 years";"CI Manufacture of electronic components";1;0;8;9;6
"Total sex";"2023";"Other employees";"Under 16 years";"CJ Electrical equipment";0;1;11;8;4
"Total sex";"2023";"Other employees";"Under 16 years";"CK Manufacture of machinery";4;2;48;56;18
"Total sex";"2023";"Other employees";"Under 16 years";"CL Transport equipment";1;0;5;21;3
"Total sex";"2023";"Other employees";"Under 16 years";"CM Manufacture of funiture and other manufacturing";13;10;34;42;14
"Total sex";"2023";"Other employees";"Under 16 years";"D Electricity, gas, steam and air conditioning supply";0;0;1;0;0
"Total sex";"2023";"Other employees";"Under 16 years";"E Water supply, sewerage and waste management";1;3;1;6;3
"Total sex";"2023";"Other employees";"Under 16 years";"F Construction";42;51;124;144;56
"Total sex";"2023";"Other employees";"Under 16 years";"G Wholesale and retail trade";403;249;637;814;295
"Total sex";"2023";"Other employees";"Under 16 years";"H Transportation";40;59;77;96;14
"Total sex";"2023";"Other employees";"Under 16 years";"I Accommodation and food service activities";584;251;386;381;263
"Total sex";"2023";"Other employees";"Under 16 years";"JA Publishing, television and radio broadcasting";30;8;9;11;799
"Total sex";"2023";"Other employees";"Under 16 years";"JB Telecommunications";0;0;0;0;0
"Total sex";"2023";"Other employees";"Under 16 years";"JC IT and information service activities";12;2;8;11;3
"Total sex";"2023";"Other employees";"Under 16 years";"K Financial and insurance";3;2;4;9;4
"Total sex";"2023";"Other employees";"Under 16 years";"L Real estate activities";142;88;82;88;46
"Total sex";"2023";"Other employees";"Under 16 years";"MA Consultancy etc.";43;30;34;51;23
"Total sex";"2023";"Other employees";"Under 16 years";"MB Scientific research and development";0;0;0;1;1
"Total sex";"2023";"Other employees";"Under 16 years";"MC Advertising and other business services";18;6;18;15;6
"Total sex";"2023";"Other employees";"Under 16 years";"N Travel agent, cleaning, and other operationel services";56;34;30;36;19
"Total sex";"2023";"Other employees";"Under 16 years";"O Public administration, defence and compulsory social security";0;0;0;0;1
"Total sex";"2023";"Other employees";"Under 16 years";"P Education";63;18;100;137;9
"Total sex";"2023";"Other employees";"Under 16 years";"QA Human health activities";16;9;23;27;15
"Total sex";"2023";"Other employees";"Under 16 years";"QB Residential care";319;11;27;101;12
"Total sex";"2023";"Other employees";"Under 16 years";"R Arts, entertainment and recreation activities";82;24;99;131;54
"Total sex";"2023";"Other employees";"Under 16 years";"S Other service activities etc.";55;55;73;83;25
"Total sex";"2023";"Other employees";"Under 16 years";"X Activity not stated";0;0;0;0;0
"Total sex";"2023";"Other employees";"16-19 years";"A Agriculture, forestry and fishing";17;50;119;121;72
"Total sex";"2023";"Other employees";"16-19 years";"B Mining and quarrying";0;0;1;0;1
"Total sex";"2023";"Other employees";"16-19 years";"CA Manufacture of food products, beverages and tobacco";69;17;104;112;45
"Total sex";"2023";"Other employees";"16-19 years";"CB Textiles and leather products";5;1;4;35;2
"Total sex";"2023";"Other employees";"16-19 years";"CC Wood and paper products and printing";7;1;23;59;17
"Total sex";"2023";"Other employees";"16-19 years";"CD Oil refinery etc.";0;0;0;0;0
"Total sex";"2023";"Other employees";"16-19 years";"CE Manufacture of chemicals";0;1;10;1;5
"Total sex";"2023";"Other employees";"16-19 years";"CF Pharmaceuticals";9;8;0;1;0
"Total sex";"2023";"Other employees";"16-19 years";"CG Manufacture of plastic, glass and concrete";9;16;34;67;14
"Total sex";"2023";"Other employees";"16-19 years";"CH Basic metals and fabricated metal products";10;11;63;75;32
"Total sex";"2023";"Other employees";"16-19 years";"CI Manufacture of electronic components";8;2;3;9;4
"Total sex";"2023";"Other employees";"16-19 years";"CJ Electrical equipment";5;2;5;8;2
"Total sex";"2023";"Other employees";"16-19 years";"CK Manufacture of machinery";16;14;45;49;29
"Total sex";"2023";"Other employees";"16-19 years";"CL Transport equipment";3;3;24;11;3
"Total sex";"2023";"Other employees";"16-19 years";"CM Manufacture of funiture and other manufacturing";13;10;41;43;16
"Total sex";"2023";"Other employees";"16-19 years";"D Electricity, gas, steam and air conditioning supply";0;1;2;6;0
"Total sex";"2023";"Other employees";"16-19 years";"E Water supply, sewerage and waste management";9;13;7;18;3
"Total sex";"2023";"Other employees";"16-19 years";"F Construction";312;279;331;338;148
"Total sex";"2023";"Other employees";"16-19 years";"G Wholesale and retail trade";1344;939;1548;1785;869
"Total sex";"2023";"Other employees";"16-19 years";"H Transportation";176;92;214;172;56
"Total sex";"2023";"Other employees";"16-19 years";"I Accommodation and food service activities";2678;1176;2172;1938;957
"Total sex";"2023";"Other employees";"16-19 years";"JA Publishing, television and radio broadcasting";155;54;70;87;131
"Total sex";"2023";"Other employees";"16-19 years";"JB Telecommunications";41;0;0;0;0
"Total sex";"2023";"Other employees";"16-19 years";"JC IT and information service activities";43;3;9;27;10
"Total sex";"2023";"Other employees";"16-19 years";"K Financial and insurance";26;1;13;10;5
"Total sex";"2023";"Other employees";"16-19 years";"L Real estate activities";77;112;127;139;85
"Total sex";"2023";"Other employees";"16-19 years";"MA Consultancy etc.";102;27;41;58;22
"Total sex";"2023";"Other employees";"16-19 years";"MB Scientific research and development";13;2;3;7;3
"Total sex";"2023";"Other employees";"16-19 years";"MC Advertising and other business services";32;16;14;41;15
"Total sex";"2023";"Other employees";"16-19 years";"N Travel agent, cleaning, and other operationel services";685;283;426;522;162
"Total sex";"2023";"Other employees";"16-19 years";"O Public administration, defence and compulsory social security";3;6;6;0;2
"Total sex";"2023";"Other employees";"16-19 years";"P Education";155;84;175;274;35
"Total sex";"2023";"Other employees";"16-19 years";"QA Human health activities";140;105;90;132;75
"Total sex";"2023";"Other employees";"16-19 years";"QB Residential care";259;82;102;150;56
"Total sex";"2023";"Other employees";"16-19 years";"R Arts, entertainment and recreation activities";555;105;453;522;143
"Total sex";"2023";"Other employees";"16-19 years";"S Other service activities etc.";83;40;75;93;23
"Total sex";"2023";"Other employees";"16-19 years";"X Activity not stated";0;0;0;0;0
"Total sex";"2023";"Other employees";"20-24 years";"A Agriculture, forestry and fishing";24;63;118;152;59
"Total sex";"2023";"Other employees";"20-24 years";"B Mining and quarrying";0;0;7;1;1
"Total sex";"2023";"Other employees";"20-24 years";"CA Manufacture of food products, beverages and tobacco";109;35;162;147;80
"Total sex";"2023";"Other employees";"20-24 years";"CB Textiles and leather products";5;1;5;27;5
"Total sex";"2023";"Other employees";"20-24 years";"CC Wood and paper products and printing";6;4;32;39;15
"Total sex";"2023";"Other employees";"20-24 years";"CD Oil refinery etc.";0;0;0;0;0
"Total sex";"2023";"Other employees";"20-24 years";"CE Manufacture of chemicals";3;7;22;4;4
"Total sex";"2023";"Other employees";"20-24 years";"CF Pharmaceuticals";87;24;0;0;4
"Total sex";"2023";"Other employees";"20-24 years";"CG Manufacture of plastic, glass and concrete";21;46;72;95;59
"Total sex";"2023";"Other employees";"20-24 years";"CH Basic metals and fabricated metal products";16;18;78;71;26
"Total sex";"2023";"Other employees";"20-24 years";"CI Manufacture of electronic components";21;8;3;16;4
"Total sex";"2023";"Other employees";"20-24 years";"CJ Electrical equipment";14;11;13;30;13
"Total sex";"2023";"Other employees";"20-24 years";"CK Manufacture of machinery";21;67;87;81;31
"Total sex";"2023";"Other employees";"20-24 years";"CL Transport equipment";7;2;10;5;3
"Total sex";"2023";"Other employees";"20-24 years";"CM Manufacture of funiture and other manufacturing";29;8;37;42;13
"Total sex";"2023";"Other employees";"20-24 years";"D Electricity, gas, steam and air conditioning supply";4;0;4;4;4
"Total sex";"2023";"Other employees";"20-24 years";"E Water supply, sewerage and waste management";76;58;47;50;27
"Total sex";"2023";"Other employees";"20-24 years";"F Construction";623;442;491;592;213
"Total sex";"2023";"Other employees";"20-24 years";"G Wholesale and retail trade";1173;631;1186;2207;624
"Total sex";"2023";"Other employees";"20-24 years";"H Transportation";792;165;611;479;151
"Total sex";"2023";"Other employees";"20-24 years";"I Accommodation and food service activities";3158;550;1378;1654;750
"Total sex";"2023";"Other employees";"20-24 years";"JA Publishing, television and radio broadcasting";147;8;32;64;43
"Total sex";"2023";"Other employees";"20-24 years";"JB Telecommunications";80;5;5;2;1
"Total sex";"2023";"Other employees";"20-24 years";"JC IT and information service activities";148;8;17;56;15
"Total sex";"2023";"Other employees";"20-24 years";"K Financial and insurance";103;5;19;31;24
"Total sex";"2023";"Other employees";"20-24 years";"L Real estate activities";115;64;149;140;74
"Total sex";"2023";"Other employees";"20-24 years";"MA Consultancy etc.";351;28;72;156;35
"Total sex";"2023";"Other employees";"20-24 years";"MB Scientific research and development";63;5;8;22;0
"Total sex";"2023";"Other employees";"20-24 years";"MC Advertising and other business services";98;21;31;99;11
"Total sex";"2023";"Other employees";"20-24 years";"N Travel agent, cleaning, and other operationel services";2440;692;1511;2017;504
"Total sex";"2023";"Other employees";"20-24 years";"O Public administration, defence and compulsory social security";29;12;13;6;5
"Total sex";"2023";"Other employees";"20-24 years";"P Education";269;83;111;238;54
"Total sex";"2023";"Other employees";"20-24 years";"QA Human health activities";288;156;205;467;186
"Total sex";"2023";"Other employees";"20-24 years";"QB Residential care";432;104;119;155;69
"Total sex";"2023";"Other employees";"20-24 years";"R Arts, entertainment and recreation activities";567;44;344;444;169
"Total sex";"2023";"Other employees";"20-24 years";"S Other service activities etc.";323;37;79;113;52
"Total sex";"2023";"Other employees";"20-24 years";"X Activity not stated";0;0;0;0;0
"Total sex";"2023";"Other employees";"25-29 years";"A Agriculture, forestry and fishing";14;40;86;129;57
"Total sex";"2023";"Other employees";"25-29 years";"B Mining and quarrying";0;0;5;0;3
"Total sex";"2023";"Other employees";"25-29 years";"CA Manufacture of food products, beverages and tobacco";89;37;153;105;69
"Total sex";"2023";"Other employees";"25-29 years";"CB Textiles and leather products";12;1;5;23;1
"Total sex";"2023";"Other employees";"25-29 years";"CC Wood and paper products and printing";3;4;13;23;17
"Total sex";"2023";"Other employees";"25-29 years";"CD Oil refinery etc.";0;0;0;0;0
"Total sex";"2023";"Other employees";"25-29 years";"CE Manufacture of chemicals";6;3;21;4;9
"Total sex";"2023";"Other employees";"25-29 years";"CF Pharmaceuticals";111;36;0;0;3
"Total sex";"2023";"Other employees";"25-29 years";"CG Manufacture of plastic, glass and concrete";21;51;115;137;85
"Total sex";"2023";"Other employees";"25-29 years";"CH Basic metals and fabricated metal products";16;9;87;81;28
"Total sex";"2023";"Other employees";"25-29 years";"CI Manufacture of electronic components";13;10;2;9;2
"Total sex";"2023";"Other employees";"25-29 years";"CJ Electrical equipment";5;1;14;10;16
"Total sex";"2023";"Other employees";"25-29 years";"CK Manufacture of machinery";32;51;128;75;26
"Total sex";"2023";"Other employees";"25-29 years";"CL Transport equipment";17;2;29;7;4
"Total sex";"2023";"Other employees";"25-29 years";"CM Manufacture of funiture and other manufacturing";23;23;26;34;13
"Total sex";"2023";"Other employees";"25-29 years";"D Electricity, gas, steam and air conditioning supply";3;0;2;9;3
"Total sex";"2023";"Other employees";"25-29 years";"E Water supply, sewerage and waste management";144;55;67;53;33
"Total sex";"2023";"Other employees";"25-29 years";"F Construction";700;540;502;585;208
"Total sex";"2023";"Other employees";"25-29 years";"G Wholesale and retail trade";835;437;719;1281;294
"Total sex";"2023";"Other employees";"25-29 years";"H Transportation";808;192;473;460;100
"Total sex";"2023";"Other employees";"25-29 years";"I Accommodation and food service activities";1352;199;563;536;250
"Total sex";"2023";"Other employees";"25-29 years";"JA Publishing, television and radio broadcasting";101;6;26;32;31
"Total sex";"2023";"Other employees";"25-29 years";"JB Telecommunications";43;14;4;3;1
"Total sex";"2023";"Other employees";"25-29 years";"JC IT and information service activities";119;6;23;42;10
"Total sex";"2023";"Other employees";"25-29 years";"K Financial and insurance";49;2;11;13;4
"Total sex";"2023";"Other employees";"25-29 years";"L Real estate activities";75;18;64;84;44
"Total sex";"2023";"Other employees";"25-29 years";"MA Consultancy etc.";315;41;82;120;60
"Total sex";"2023";"Other employees";"25-29 years";"MB Scientific research and development";42;2;12;20;1
"Total sex";"2023";"Other employees";"25-29 years";"MC Advertising and other business services";58;12;16;43;8
"Total sex";"2023";"Other employees";"25-29 years";"N Travel agent, cleaning, and other operationel services";1980;543;1115;1207;411
"Total sex";"2023";"Other employees";"25-29 years";"O Public administration, defence and compulsory social security";21;10;10;20;7
"Total sex";"2023";"Other employees";"25-29 years";"P Education";168;40;91;172;42
"Total sex";"2023";"Other employees";"25-29 years";"QA Human health activities";147;103;94;157;69
"Total sex";"2023";"Other employees";"25-29 years";"QB Residential care";247;93;92;98;49
"Total sex";"2023";"Other employees";"25-29 years";"R Arts, entertainment and recreation activities";319;26;115;154;61
"Total sex";"2023";"Other employees";"25-29 years";"S Other service activities etc.";637;76;105;126;74
"Total sex";"2023";"Other employees";"25-29 years";"X Activity not stated";1;0;0;0;0
"Total sex";"2023";"Other employees";"30-34 years";"A Agriculture, forestry and fishing";11;45;89;106;45
"Total sex";"2023";"Other employees";"30-34 years";"B Mining and quarrying";0;2;12;1;3
"Total sex";"2023";"Other employees";"30-34 years";"CA Manufacture of food products, beverages and tobacco";75;22;190;112;87
"Total sex";"2023";"Other employees";"30-34 years";"CB Textiles and leather products";5;1;3;16;5
"Total sex";"2023";"Other employees";"30-34 years";"CC Wood and paper products and printing";2;5;27;30;28
"Total sex";"2023";"Other employees";"30-34 years";"CD Oil refinery etc.";0;0;0;0;0
"Total sex";"2023";"Other employees";"30-34 years";"CE Manufacture of chemicals";8;2;18;5;19
"Total sex";"2023";"Other employees";"30-34 years";"CF Pharmaceuticals";65;23;1;0;1
"Total sex";"2023";"Other employees";"30-34 years";"CG Manufacture of plastic, glass and concrete";35;61;156;143;147
"Total sex";"2023";"Other employees";"30-34 years";"CH Basic metals and fabricated metal products";20;18;90;76;42
"Total sex";"2023";"Other employees";"30-34 years";"CI Manufacture of electronic components";10;10;5;12;8
"Total sex";"2023";"Other employees";"30-34 years";"CJ Electrical equipment";7;9;11;24;16
"Total sex";"2023";"Other employees";"30-34 years";"CK Manufacture of machinery";34;59;120;106;29
"Total sex";"2023";"Other employees";"30-34 years";"CL Transport equipment";24;1;20;11;6
"Total sex";"2023";"Other employees";"30-34 years";"CM Manufacture of funiture and other manufacturing";18;22;30;53;16
"Total sex";"2023";"Other employees";"30-34 years";"D Electricity, gas, steam and air conditioning supply";0;1;4;6;0
"Total sex";"2023";"Other employees";"30-34 years";"E Water supply, sewerage and waste management";173;66;93;78;48
"Total sex";"2023";"Other employees";"30-34 years";"F Construction";724;608;521;558;251
"Total sex";"2023";"Other employees";"30-34 years";"G Wholesale and retail trade";803;449;676;1118;236
"Total sex";"2023";"Other employees";"30-34 years";"H Transportation";678;170;481;395;77
"Total sex";"2023";"Other employees";"30-34 years";"I Accommodation and food service activities";1004;184;399;364;152
"Total sex";"2023";"Other employees";"30-34 years";"JA Publishing, television and radio broadcasting";37;0;12;13;37
"Total sex";"2023";"Other employees";"30-34 years";"JB Telecommunications";41;4;3;3;0
"Total sex";"2023";"Other employees";"30-34 years";"JC IT and information service activities";63;5;9;20;8
"Total sex";"2023";"Other employees";"30-34 years";"K Financial and insurance";28;2;4;5;3
"Total sex";"2023";"Other employees";"30-34 years";"L Real estate activities";69;21;61;81;31
"Total sex";"2023";"Other employees";"30-34 years";"MA Consultancy etc.";283;27;75;70;28
"Total sex";"2023";"Other employees";"30-34 years";"MB Scientific research and development";13;1;11;11;0
"Total sex";"2023";"Other employees";"30-34 years";"MC Advertising and other business services";35;8;16;24;1
"Total sex";"2023";"Other employees";"30-34 years";"N Travel agent, cleaning, and other operationel services";2141;576;1011;1148;421
"Total sex";"2023";"Other employees";"30-34 years";"O Public administration, defence and compulsory social security";36;10;25;18;18
"Total sex";"2023";"Other employees";"30-34 years";"P Education";132;74;102;135;68
"Total sex";"2023";"Other employees";"30-34 years";"QA Human health activities";125;104;88;116;46
"Total sex";"2023";"Other employees";"30-34 years";"QB Residential care";246;89;127;165;71
"Total sex";"2023";"Other employees";"30-34 years";"R Arts, entertainment and recreation activities";190;21;64;57;27
"Total sex";"2023";"Other employees";"30-34 years";"S Other service activities etc.";213;72;81;94;67
"Total sex";"2023";"Other employees";"30-34 years";"X Activity not stated";0;0;0;0;0
"Total sex";"2023";"Other employees";"35-39 years";"A Agriculture, forestry and fishing";5;25;71;101;28
"Total sex";"2023";"Other employees";"35-39 years";"B Mining and quarrying";0;1;9;2;1
"Total sex";"2023";"Other employees";"35-39 years";"CA Manufacture of food products, beverages and tobacco";87;30;217;106;90
"Total sex";"2023";"Other employees";"35-39 years";"CB Textiles and leather products";4;1;1;18;1
"Total sex";"2023";"Other employees";"35-39 years";"CC Wood and paper products and printing";4;7;31;47;28
"Total sex";"2023";"Other employees";"35-39 years";"CD Oil refinery etc.";0;1;0;0;0
"Total sex";"2023";"Other employees";"35-39 years";"CE Manufacture of chemicals";21;6;27;7;28
"Total sex";"2023";"Other employees";"35-39 years";"CF Pharmaceuticals";68;23;0;0;1
"Total sex";"2023";"Other employees";"35-39 years";"CG Manufacture of plastic, glass and concrete";36;63;145;198;119
"Total sex";"2023";"Other employees";"35-39 years";"CH Basic metals and fabricated metal products";15;10;96;81;35
"Total sex";"2023";"Other employees";"35-39 years";"CI Manufacture of electronic components";14;12;6;13;9
"Total sex";"2023";"Other employees";"35-39 years";"CJ Electrical equipment";8;8;20;21;9
"Total sex";"2023";"Other employees";"35-39 years";"CK Manufacture of machinery";30;49;114;113;20
"Total sex";"2023";"Other employees";"35-39 years";"CL Transport equipment";25;4;35;15;4
"Total sex";"2023";"Other employees";"35-39 years";"CM Manufacture of funiture and other manufacturing";13;25;33;59;33
"Total sex";"2023";"Other employees";"35-39 years";"D Electricity, gas, steam and air conditioning supply";2;1;4;3;4
"Total sex";"2023";"Other employees";"35-39 years";"E Water supply, sewerage and waste management";160;57;75;88;51
"Total sex";"2023";"Other employees";"35-39 years";"F Construction";660;575;511;596;252
"Total sex";"2023";"Other employees";"35-39 years";"G Wholesale and retail trade";785;451;635;925;205
"Total sex";"2023";"Other employees";"35-39 years";"H Transportation";676;168;409;349;61
"Total sex";"2023";"Other employees";"35-39 years";"I Accommodation and food service activities";895;145;340;317;158
"Total sex";"2023";"Other employees";"35-39 years";"JA Publishing, television and radio broadcasting";18;1;13;8;46
"Total sex";"2023";"Other employees";"35-39 years";"JB Telecommunications";29;6;6;4;0
"Total sex";"2023";"Other employees";"35-39 years";"JC IT and information service activities";45;3;7;15;6
"Total sex";"2023";"Other employees";"35-39 years";"K Financial and insurance";21;1;8;5;0
"Total sex";"2023";"Other employees";"35-39 years";"L Real estate activities";94;29;49;87;31
"Total sex";"2023";"Other employees";"35-39 years";"MA Consultancy etc.";196;34;73;57;38
"Total sex";"2023";"Other employees";"35-39 years";"MB Scientific research and development";8;2;4;6;1
"Total sex";"2023";"Other employees";"35-39 years";"MC Advertising and other business services";25;7;9;22;5
"Total sex";"2023";"Other employees";"35-39 years";"N Travel agent, cleaning, and other operationel services";2234;686;1030;1094;428
"Total sex";"2023";"Other employees";"35-39 years";"O Public administration, defence and compulsory social security";40;16;18;11;14
"Total sex";"2023";"Other employees";"35-39 years";"P Education";136;59;112;181;87
"Total sex";"2023";"Other employees";"35-39 years";"QA Human health activities";177;117;103;131;46
"Total sex";"2023";"Other employees";"35-39 years";"QB Residential care";316;122;195;187;93
"Total sex";"2023";"Other employees";"35-39 years";"R Arts, entertainment and recreation activities";130;19;73;44;24
"Total sex";"2023";"Other employees";"35-39 years";"S Other service activities etc.";130;80;99;102;65
"Total sex";"2023";"Other employees";"35-39 years";"X Activity not stated";0;0;0;0;0
"Total sex";"2023";"Other employees";"40-44 years";"A Agriculture, forestry and fishing";7;27;50;67;18
"Total sex";"2023";"Other employees";"40-44 years";"B Mining and quarrying";0;2;10;1;3
"Total sex";"2023";"Other employees";"40-44 years";"CA Manufacture of food products, beverages and tobacco";99;32;225;118;101
"Total sex";"2023";"Other employees";"40-44 years";"CB Textiles and leather products";7;1;3;11;5
"Total sex";"2023";"Other employees";"40-44 years";"CC Wood and paper products and printing";4;12;22;46;19
"Total sex";"2023";"Other employees";"40-44 years";"CD Oil refinery etc.";0;0;0;0;0
"Total sex";"2023";"Other employees";"40-44 years";"CE Manufacture of chemicals";16;11;43;6;12
"Total sex";"2023";"Other employees";"40-44 years";"CF Pharmaceuticals";58;19;0;0;2
"Total sex";"2023";"Other employees";"40-44 years";"CG Manufacture of plastic, glass and concrete";38;62;156;154;109
"Total sex";"2023";"Other employees";"40-44 years";"CH Basic metals and fabricated metal products";10;13;100;90;41
"Total sex";"2023";"Other employees";"40-44 years";"CI Manufacture of electronic components";12;11;8;12;9
"Total sex";"2023";"Other employees";"40-44 years";"CJ Electrical equipment";6;17;18;17;8
"Total sex";"2023";"Other employees";"40-44 years";"CK Manufacture of machinery";28;43;116;120;36
"Total sex";"2023";"Other employees";"40-44 years";"CL Transport equipment";17;0;31;16;4
"Total sex";"2023";"Other employees";"40-44 years";"CM Manufacture of funiture and other manufacturing";22;24;28;66;27
"Total sex";"2023";"Other employees";"40-44 years";"D Electricity, gas, steam and air conditioning supply";3;3;6;2;2
"Total sex";"2023";"Other employees";"40-44 years";"E Water supply, sewerage and waste management";129;65;95;96;44
"Total sex";"2023";"Other employees";"40-44 years";"F Construction";549;509;451;544;231
"Total sex";"2023";"Other employees";"40-44 years";"G Wholesale and retail trade";654;392;629;766;220
"Total sex";"2023";"Other employees";"40-44 years";"H Transportation";588;158;389;266;58
"Total sex";"2023";"Other employees";"40-44 years";"I Accommodation and food service activities";740;163;353;283;145
"Total sex";"2023";"Other employees";"40-44 years";"JA Publishing, television and radio broadcasting";20;0;15;14;38
"Total sex";"2023";"Other employees";"40-44 years";"JB Telecommunications";25;8;7;1;1
"Total sex";"2023";"Other employees";"40-44 years";"JC IT and information service activities";42;5;9;11;1
"Total sex";"2023";"Other employees";"40-44 years";"K Financial and insurance";20;5;2;5;2
"Total sex";"2023";"Other employees";"40-44 years";"L Real estate activities";107;30;64;53;22
"Total sex";"2023";"Other employees";"40-44 years";"MA Consultancy etc.";180;26;76;48;26
"Total sex";"2023";"Other employees";"40-44 years";"MB Scientific research and development";4;5;6;15;0
"Total sex";"2023";"Other employees";"40-44 years";"MC Advertising and other business services";28;8;14;20;2
"Total sex";"2023";"Other employees";"40-44 years";"N Travel agent, cleaning, and other operationel services";2103;685;1128;1021;429
"Total sex";"2023";"Other employees";"40-44 years";"O Public administration, defence and compulsory social security";61;19;33;18;18
"Total sex";"2023";"Other employees";"40-44 years";"P Education";131;97;133;232;105
"Total sex";"2023";"Other employees";"40-44 years";"QA Human health activities";279;147;118;176;49
"Total sex";"2023";"Other employees";"40-44 years";"QB Residential care";388;145;215;233;100
"Total sex";"2023";"Other employees";"40-44 years";"R Arts, entertainment and recreation activities";106;19;60;45;30
"Total sex";"2023";"Other employees";"40-44 years";"S Other service activities etc.";153;118;129;117;87
"Total sex";"2023";"Other employees";"40-44 years";"X Activity not stated";0;0;0;0;0
"Total sex";"2023";"Other employees";"45-49 years";"A Agriculture, forestry and fishing";8;28;52;56;25
"Total sex";"2023";"Other employees";"45-49 years";"B Mining and quarrying";0;1;21;3;5
"Total sex";"2023";"Other employees";"45-49 years";"CA Manufacture of food products, beverages and tobacco";71;38;227;112;97
"Total sex";"2023";"Other employees";"45-49 years";"CB Textiles and leather products";1;1;3;21;4
"Total sex";"2023";"Other employees";"45-49 years";"CC Wood and paper products and printing";5;5;39;57;34
"Total sex";"2023";"Other employees";"45-49 years";"CD Oil refinery etc.";0;2;0;0;0
"Total sex";"2023";"Other employees";"45-49 years";"CE Manufacture of chemicals";23;12;33;11;15
"Total sex";"2023";"Other employees";"45-49 years";"CF Pharmaceuticals";73;29;3;0;2
"Total sex";"2023";"Other employees";"45-49 years";"CG Manufacture of plastic, glass and concrete";42;61;148;146;94
"Total sex";"2023";"Other employees";"45-49 years";"CH Basic metals and fabricated metal products";9;16;113;82;60
"Total sex";"2023";"Other employees";"45-49 years";"CI Manufacture of electronic components";26;10;11;18;9
"Total sex";"2023";"Other employees";"45-49 years";"CJ Electrical equipment";16;18;25;23;8
"Total sex";"2023";"Other employees";"45-49 years";"CK Manufacture of machinery";36;44;157;141;39
"Total sex";"2023";"Other employees";"45-49 years";"CL Transport equipment";14;4;35;10;12
"Total sex";"2023";"Other employees";"45-49 years";"CM Manufacture of funiture and other manufacturing";21;24;37;59;28
"Total sex";"2023";"Other employees";"45-49 years";"D Electricity, gas, steam and air conditioning supply";4;4;5;9;3
"Total sex";"2023";"Other employees";"45-49 years";"E Water supply, sewerage and waste management";175;91;140;90;65
"Total sex";"2023";"Other employees";"45-49 years";"F Construction";568;546;460;585;239
"Total sex";"2023";"Other employees";"45-49 years";"G Wholesale and retail trade";632;403;645;751;230
"Total sex";"2023";"Other employees";"45-49 years";"H Transportation";513;138;324;245;59
"Total sex";"2023";"Other employees";"45-49 years";"I Accommodation and food service activities";633;191;375;307;142
"Total sex";"2023";"Other employees";"45-49 years";"JA Publishing, television and radio broadcasting";19;3;14;9;45
"Total sex";"2023";"Other employees";"45-49 years";"JB Telecommunications";11;0;7;0;0
"Total sex";"2023";"Other employees";"45-49 years";"JC IT and information service activities";22;3;8;18;4
"Total sex";"2023";"Other employees";"45-49 years";"K Financial and insurance";30;4;8;11;6
"Total sex";"2023";"Other employees";"45-49 years";"L Real estate activities";119;38;71;68;33
"Total sex";"2023";"Other employees";"45-49 years";"MA Consultancy etc.";183;33;95;46;27
"Total sex";"2023";"Other employees";"45-49 years";"MB Scientific research and development";8;5;5;8;1
"Total sex";"2023";"Other employees";"45-49 years";"MC Advertising and other business services";21;8;6;41;5
"Total sex";"2023";"Other employees";"45-49 years";"N Travel agent, cleaning, and other operationel services";2114;749;1195;1090;445
"Total sex";"2023";"Other employees";"45-49 years";"O Public administration, defence and compulsory social security";63;25;31;35;24
"Total sex";"2023";"Other employees";"45-49 years";"P Education";236;128;201;292;134
"Total sex";"2023";"Other employees";"45-49 years";"QA Human health activities";362;163;199;197;92
"Total sex";"2023";"Other employees";"45-49 years";"QB Residential care";512;164;332;300;131
"Total sex";"2023";"Other employees";"45-49 years";"R Arts, entertainment and recreation activities";113;17;90;70;43
"Total sex";"2023";"Other employees";"45-49 years";"S Other service activities etc.";143;113;161;193;106
"Total sex";"2023";"Other employees";"45-49 years";"X Activity not stated";0;0;0;0;0
"Total sex";"2023";"Other employees";"50-54 years";"A Agriculture, forestry and fishing";9;32;37;74;24
"Total sex";"2023";"Other employees";"50-54 years";"B Mining and quarrying";0;1;26;1;8
"Total sex";"2023";"Other employees";"50-54 years";"CA Manufacture of food products, beverages and tobacco";104;48;273;131;108
"Total sex";"2023";"Other employees";"50-54 years";"CB Textiles and leather products";1;2;8;13;5
"Total sex";"2023";"Other employees";"50-54 years";"CC Wood and paper products and printing";3;7;34;60;35
"Total sex";"2023";"Other employees";"50-54 years";"CD Oil refinery etc.";0;2;0;0;0
"Total sex";"2023";"Other employees";"50-54 years";"CE Manufacture of chemicals";35;13;49;24;13
"Total sex";"2023";"Other employees";"50-54 years";"CF Pharmaceuticals";133;24;2;1;4
"Total sex";"2023";"Other employees";"50-54 years";"CG Manufacture of plastic, glass and concrete";29;86;204;166;94
"Total sex";"2023";"Other employees";"50-54 years";"CH Basic metals and fabricated metal products";11;16;128;115;42
"Total sex";"2023";"Other employees";"50-54 years";"CI Manufacture of electronic components";35;11;8;22;12
"Total sex";"2023";"Other employees";"50-54 years";"CJ Electrical equipment";12;7;31;20;13
"Total sex";"2023";"Other employees";"50-54 years";"CK Manufacture of machinery";51;51;173;205;58
"Total sex";"2023";"Other employees";"50-54 years";"CL Transport equipment";16;2;31;19;13
"Total sex";"2023";"Other employees";"50-54 years";"CM Manufacture of funiture and other manufacturing";29;19;53;79;48
"Total sex";"2023";"Other employees";"50-54 years";"D Electricity, gas, steam and air conditioning supply";4;3;10;10;8
"Total sex";"2023";"Other employees";"50-54 years";"E Water supply, sewerage and waste management";243;93;121;137;60
"Total sex";"2023";"Other employees";"50-54 years";"F Construction";612;473;493;618;273
"Total sex";"2023";"Other employees";"50-54 years";"G Wholesale and retail trade";693;409;685;737;293
"Total sex";"2023";"Other employees";"50-54 years";"H Transportation";438;98;297;270;86
"Total sex";"2023";"Other employees";"50-54 years";"I Accommodation and food service activities";500;153;333;276;114
"Total sex";"2023";"Other employees";"50-54 years";"JA Publishing, television and radio broadcasting";33;2;11;12;28
"Total sex";"2023";"Other employees";"50-54 years";"JB Telecommunications";16;4;4;1;0
"Total sex";"2023";"Other employees";"50-54 years";"JC IT and information service activities";29;4;9;15;3
"Total sex";"2023";"Other employees";"50-54 years";"K Financial and insurance";23;6;17;14;8
"Total sex";"2023";"Other employees";"50-54 years";"L Real estate activities";140;47;95;76;42
"Total sex";"2023";"Other employees";"50-54 years";"MA Consultancy etc.";170;26;119;64;31
"Total sex";"2023";"Other employees";"50-54 years";"MB Scientific research and development";8;1;8;15;1
"Total sex";"2023";"Other employees";"50-54 years";"MC Advertising and other business services";19;11;13;24;3
"Total sex";"2023";"Other employees";"50-54 years";"N Travel agent, cleaning, and other operationel services";1939;767;1158;1022;472
"Total sex";"2023";"Other employees";"50-54 years";"O Public administration, defence and compulsory social security";63;21;28;30;32
"Total sex";"2023";"Other employees";"50-54 years";"P Education";255;185;263;352;176
"Total sex";"2023";"Other employees";"50-54 years";"QA Human health activities";370;262;234;266;126
"Total sex";"2023";"Other employees";"50-54 years";"QB Residential care";605;190;416;416;152
"Total sex";"2023";"Other employees";"50-54 years";"R Arts, entertainment and recreation activities";119;27;86;75;43
"Total sex";"2023";"Other employees";"50-54 years";"S Other service activities etc.";174;158;200;170;125
"Total sex";"2023";"Other employees";"50-54 years";"X Activity not stated";0;0;0;0;0
"Total sex";"2023";"Other employees";"55-59 years";"A Agriculture, forestry and fishing";5;40;34;66;21
"Total sex";"2023";"Other employees";"55-59 years";"B Mining and quarrying";1;1;38;6;8
"Total sex";"2023";"Other employees";"55-59 years";"CA Manufacture of food products, beverages and tobacco";87;51;305;152;127
"Total sex";"2023";"Other employees";"55-59 years";"CB Textiles and leather products";1;1;12;22;8
"Total sex";"2023";"Other employees";"55-59 years";"CC Wood and paper products and printing";6;3;35;58;33
"Total sex";"2023";"Other employees";"55-59 years";"CD Oil refinery etc.";0;4;0;0;0
"Total sex";"2023";"Other employees";"55-59 years";"CE Manufacture of chemicals";35;24;49;13;17
"Total sex";"2023";"Other employees";"55-59 years";"CF Pharmaceuticals";134;31;1;1;6
"Total sex";"2023";"Other employees";"55-59 years";"CG Manufacture of plastic, glass and concrete";45;86;198;209;117
"Total sex";"2023";"Other employees";"55-59 years";"CH Basic metals and fabricated metal products";23;25;155;131;64
"Total sex";"2023";"Other employees";"55-59 years";"CI Manufacture of electronic components";40;11;22;22;26
"Total sex";"2023";"Other employees";"55-59 years";"CJ Electrical equipment";12;16;37;34;15
"Total sex";"2023";"Other employees";"55-59 years";"CK Manufacture of machinery";56;69;213;223;48
"Total sex";"2023";"Other employees";"55-59 years";"CL Transport equipment";11;4;46;24;15
"Total sex";"2023";"Other employees";"55-59 years";"CM Manufacture of funiture and other manufacturing";42;36;63;92;46
"Total sex";"2023";"Other employees";"55-59 years";"D Electricity, gas, steam and air conditioning supply";5;4;14;17;3
"Total sex";"2023";"Other employees";"55-59 years";"E Water supply, sewerage and waste management";249;131;160;163;93
"Total sex";"2023";"Other employees";"55-59 years";"F Construction";605;496;542;609;250
"Total sex";"2023";"Other employees";"55-59 years";"G Wholesale and retail trade";598;443;759;810;291
"Total sex";"2023";"Other employees";"55-59 years";"H Transportation";526;113;336;217;81
"Total sex";"2023";"Other employees";"55-59 years";"I Accommodation and food service activities";421;174;362;258;138
"Total sex";"2023";"Other employees";"55-59 years";"JA Publishing, television and radio broadcasting";12;6;13;15;58
"Total sex";"2023";"Other employees";"55-59 years";"JB Telecommunications";13;3;7;1;1
"Total sex";"2023";"Other employees";"55-59 years";"JC IT and information service activities";23;3;12;15;5
"Total sex";"2023";"Other employees";"55-59 years";"K Financial and insurance";26;4;11;16;11
"Total sex";"2023";"Other employees";"55-59 years";"L Real estate activities";164;62;89;76;58
"Total sex";"2023";"Other employees";"55-59 years";"MA Consultancy etc.";194;45;155;60;29
"Total sex";"2023";"Other employees";"55-59 years";"MB Scientific research and development";8;7;9;25;2
"Total sex";"2023";"Other employees";"55-59 years";"MC Advertising and other business services";12;5;19;25;7
"Total sex";"2023";"Other employees";"55-59 years";"N Travel agent, cleaning, and other operationel services";1843;752;1297;1096;552
"Total sex";"2023";"Other employees";"55-59 years";"O Public administration, defence and compulsory social security";103;33;60;48;58
"Total sex";"2023";"Other employees";"55-59 years";"P Education";214;201;315;382;270
"Total sex";"2023";"Other employees";"55-59 years";"QA Human health activities";345;279;270;342;186
"Total sex";"2023";"Other employees";"55-59 years";"QB Residential care";723;268;532;503;255
"Total sex";"2023";"Other employees";"55-59 years";"R Arts, entertainment and recreation activities";176;26;97;80;50
"Total sex";"2023";"Other employees";"55-59 years";"S Other service activities etc.";210;175;275;260;152
"Total sex";"2023";"Other employees";"55-59 years";"X Activity not stated";0;0;0;0;0
"Total sex";"2023";"Other employees";"60-64 years";"A Agriculture, forestry and fishing";4;42;28;45;19
"Total sex";"2023";"Other employees";"60-64 years";"B Mining and quarrying";0;1;29;2;7
"Total sex";"2023";"Other employees";"60-64 years";"CA Manufacture of food products, beverages and tobacco";69;34;227;122;87
"Total sex";"2023";"Other employees";"60-64 years";"CB Textiles and leather products";4;1;10;14;17
"Total sex";"2023";"Other employees";"60-64 years";"CC Wood and paper products and printing";3;10;34;43;34
"Total sex";"2023";"Other employees";"60-64 years";"CD Oil refinery etc.";0;2;0;0;0
"Total sex";"2023";"Other employees";"60-64 years";"CE Manufacture of chemicals";21;17;54;18;13
"Total sex";"2023";"Other employees";"60-64 years";"CF Pharmaceuticals";76;13;2;0;7
"Total sex";"2023";"Other employees";"60-64 years";"CG Manufacture of plastic, glass and concrete";40;54;166;171;96
"Total sex";"2023";"Other employees";"60-64 years";"CH Basic metals and fabricated metal products";23;21;147;117;57
"Total sex";"2023";"Other employees";"60-64 years";"CI Manufacture of electronic components";27;8;6;20;23
"Total sex";"2023";"Other employees";"60-64 years";"CJ Electrical equipment";15;12;38;22;16
"Total sex";"2023";"Other employees";"60-64 years";"CK Manufacture of machinery";52;48;148;168;41
"Total sex";"2023";"Other employees";"60-64 years";"CL Transport equipment";12;3;31;20;15
"Total sex";"2023";"Other employees";"60-64 years";"CM Manufacture of funiture and other manufacturing";27;21;46;80;37
"Total sex";"2023";"Other employees";"60-64 years";"D Electricity, gas, steam and air conditioning supply";6;6;13;8;6
"Total sex";"2023";"Other employees";"60-64 years";"E Water supply, sewerage and waste management";195;128;154;147;67
"Total sex";"2023";"Other employees";"60-64 years";"F Construction";415;307;465;497;256
"Total sex";"2023";"Other employees";"60-64 years";"G Wholesale and retail trade";480;310;628;650;244
"Total sex";"2023";"Other employees";"60-64 years";"H Transportation";341;90;233;189;68
"Total sex";"2023";"Other employees";"60-64 years";"I Accommodation and food service activities";241;131;251;183;89
"Total sex";"2023";"Other employees";"60-64 years";"JA Publishing, television and radio broadcasting";25;14;6;12;36
"Total sex";"2023";"Other employees";"60-64 years";"JB Telecommunications";7;5;5;1;0
"Total sex";"2023";"Other employees";"60-64 years";"JC IT and information service activities";17;1;6;9;4
"Total sex";"2023";"Other employees";"60-64 years";"K Financial and insurance";23;4;13;11;7
"Total sex";"2023";"Other employees";"60-64 years";"L Real estate activities";132;59;79;64;47
"Total sex";"2023";"Other employees";"60-64 years";"MA Consultancy etc.";141;40;112;45;40
"Total sex";"2023";"Other employees";"60-64 years";"MB Scientific research and development";9;8;7;13;1
"Total sex";"2023";"Other employees";"60-64 years";"MC Advertising and other business services";16;9;12;12;2
"Total sex";"2023";"Other employees";"60-64 years";"N Travel agent, cleaning, and other operationel services";1295;588;1058;826;487
"Total sex";"2023";"Other employees";"60-64 years";"O Public administration, defence and compulsory social security";99;24;64;40;38
"Total sex";"2023";"Other employees";"60-64 years";"P Education";183;158;265;352;196
"Total sex";"2023";"Other employees";"60-64 years";"QA Human health activities";270;259;228;310;192
"Total sex";"2023";"Other employees";"60-64 years";"QB Residential care";588;286;472;466;254
"Total sex";"2023";"Other employees";"60-64 years";"R Arts, entertainment and recreation activities";146;30;99;68;37
"Total sex";"2023";"Other employees";"60-64 years";"S Other service activities etc.";192;172;252;240;174
"Total sex";"2023";"Other employees";"60-64 years";"X Activity not stated";0;0;0;0;0
"Total sex";"2023";"Other employees";"65-66 years";"A Agriculture, forestry and fishing";2;5;7;11;4
"Total sex";"2023";"Other employees";"65-66 years";"B Mining and quarrying";0;0;4;1;1
"Total sex";"2023";"Other employees";"65-66 years";"CA Manufacture of food products, beverages and tobacco";20;8;39;29;19
"Total sex";"2023";"Other employees";"65-66 years";"CB Textiles and leather products";0;1;1;3;3
"Total sex";"2023";"Other employees";"65-66 years";"CC Wood and paper products and printing";2;3;10;11;4
"Total sex";"2023";"Other employees";"65-66 years";"CD Oil refinery etc.";0;1;0;0;0
"Total sex";"2023";"Other employees";"65-66 years";"CE Manufacture of chemicals";5;2;10;5;1
"Total sex";"2023";"Other employees";"65-66 years";"CF Pharmaceuticals";12;2;1;1;1
"Total sex";"2023";"Other employees";"65-66 years";"CG Manufacture of plastic, glass and concrete";5;14;29;30;20
"Total sex";"2023";"Other employees";"65-66 years";"CH Basic metals and fabricated metal products";4;4;15;25;11
"Total sex";"2023";"Other employees";"65-66 years";"CI Manufacture of electronic components";6;2;1;7;2
"Total sex";"2023";"Other employees";"65-66 years";"CJ Electrical equipment";3;3;4;7;3
"Total sex";"2023";"Other employees";"65-66 years";"CK Manufacture of machinery";13;6;24;42;8
"Total sex";"2023";"Other employees";"65-66 years";"CL Transport equipment";1;0;7;1;4
"Total sex";"2023";"Other employees";"65-66 years";"CM Manufacture of funiture and other manufacturing";9;2;9;14;15
"Total sex";"2023";"Other employees";"65-66 years";"D Electricity, gas, steam and air conditioning supply";0;0;4;5;1
"Total sex";"2023";"Other employees";"65-66 years";"E Water supply, sewerage and waste management";44;23;39;42;15
"Total sex";"2023";"Other employees";"65-66 years";"F Construction";84;66;109;115;40
"Total sex";"2023";"Other employees";"65-66 years";"G Wholesale and retail trade";107;69;128;134;45
"Total sex";"2023";"Other employees";"65-66 years";"H Transportation";76;24;63;38;12
"Total sex";"2023";"Other employees";"65-66 years";"I Accommodation and food service activities";52;32;52;34;16
"Total sex";"2023";"Other employees";"65-66 years";"JA Publishing, television and radio broadcasting";9;3;4;2;8
"Total sex";"2023";"Other employees";"65-66 years";"JB Telecommunications";2;1;0;0;0
"Total sex";"2023";"Other employees";"65-66 years";"JC IT and information service activities";3;0;5;3;3
"Total sex";"2023";"Other employees";"65-66 years";"K Financial and insurance";8;1;4;3;3
"Total sex";"2023";"Other employees";"65-66 years";"L Real estate activities";31;9;21;13;12
"Total sex";"2023";"Other employees";"65-66 years";"MA Consultancy etc.";43;11;29;13;9
"Total sex";"2023";"Other employees";"65-66 years";"MB Scientific research and development";4;1;0;3;0
"Total sex";"2023";"Other employees";"65-66 years";"MC Advertising and other business services";2;0;3;4;1
"Total sex";"2023";"Other employees";"65-66 years";"N Travel agent, cleaning, and other operationel services";252;128;183;168;97
"Total sex";"2023";"Other employees";"65-66 years";"O Public administration, defence and compulsory social security";15;4;11;5;5
"Total sex";"2023";"Other employees";"65-66 years";"P Education";42;28;59;66;39
"Total sex";"2023";"Other employees";"65-66 years";"QA Human health activities";50;35;35;56;22
"Total sex";"2023";"Other employees";"65-66 years";"QB Residential care";108;53;88;85;41
"Total sex";"2023";"Other employees";"65-66 years";"R Arts, entertainment and recreation activities";30;6;29;16;4
"Total sex";"2023";"Other employees";"65-66 years";"S Other service activities etc.";42;40;45;53;43
"Total sex";"2023";"Other employees";"65-66 years";"X Activity not stated";0;0;0;0;0
"Total sex";"2023";"Other employees";"67 years and over";"A Agriculture, forestry and fishing";2;9;15;11;7
"Total sex";"2023";"Other employees";"67 years and over";"B Mining and quarrying";1;1;3;0;4
"Total sex";"2023";"Other employees";"67 years and over";"CA Manufacture of food products, beverages and tobacco";14;8;57;42;34
"Total sex";"2023";"Other employees";"67 years and over";"CB Textiles and leather products";0;0;1;7;3
"Total sex";"2023";"Other employees";"67 years and over";"CC Wood and paper products and printing";4;4;13;27;11
"Total sex";"2023";"Other employees";"67 years and over";"CD Oil refinery etc.";1;0;0;0;0
"Total sex";"2023";"Other employees";"67 years and over";"CE Manufacture of chemicals";2;2;9;8;3
"Total sex";"2023";"Other employees";"67 years and over";"CF Pharmaceuticals";5;2;0;1;0
"Total sex";"2023";"Other employees";"67 years and over";"CG Manufacture of plastic, glass and concrete";2;13;31;29;15
"Total sex";"2023";"Other employees";"67 years and over";"CH Basic metals and fabricated metal products";10;7;27;38;11
"Total sex";"2023";"Other employees";"67 years and over";"CI Manufacture of electronic components";11;2;1;1;0
"Total sex";"2023";"Other employees";"67 years and over";"CJ Electrical equipment";2;1;5;6;4
"Total sex";"2023";"Other employees";"67 years and over";"CK Manufacture of machinery";7;8;28;40;12
"Total sex";"2023";"Other employees";"67 years and over";"CL Transport equipment";0;0;6;5;4
"Total sex";"2023";"Other employees";"67 years and over";"CM Manufacture of funiture and other manufacturing";7;6;13;27;14
"Total sex";"2023";"Other employees";"67 years and over";"D Electricity, gas, steam and air conditioning supply";1;3;7;3;5
"Total sex";"2023";"Other employees";"67 years and over";"E Water supply, sewerage and waste management";56;42;43;81;24
"Total sex";"2023";"Other employees";"67 years and over";"F Construction";110;120;184;206;75
"Total sex";"2023";"Other employees";"67 years and over";"G Wholesale and retail trade";169;196;371;400;136
"Total sex";"2023";"Other employees";"67 years and over";"H Transportation";78;71;88;103;18
"Total sex";"2023";"Other employees";"67 years and over";"I Accommodation and food service activities";57;28;87;79;43
"Total sex";"2023";"Other employees";"67 years and over";"JA Publishing, television and radio broadcasting";23;46;10;9;43
"Total sex";"2023";"Other employees";"67 years and over";"JB Telecommunications";4;0;1;0;1
"Total sex";"2023";"Other employees";"67 years and over";"JC IT and information service activities";8;1;8;2;1
"Total sex";"2023";"Other employees";"67 years and over";"K Financial and insurance";5;5;4;17;14
"Total sex";"2023";"Other employees";"67 years and over";"L Real estate activities";64;37;108;86;64
"Total sex";"2023";"Other employees";"67 years and over";"MA Consultancy etc.";47;20;95;25;15
"Total sex";"2023";"Other employees";"67 years and over";"MB Scientific research and development";16;1;1;4;0
"Total sex";"2023";"Other employees";"67 years and over";"MC Advertising and other business services";4;2;7;4;1
"Total sex";"2023";"Other employees";"67 years and over";"N Travel agent, cleaning, and other operationel services";276;128;207;219;87
"Total sex";"2023";"Other employees";"67 years and over";"O Public administration, defence and compulsory social security";37;14;5;7;2
"Total sex";"2023";"Other employees";"67 years and over";"P Education";104;50;74;111;36
"Total sex";"2023";"Other employees";"67 years and over";"QA Human health activities";41;44;48;40;22
"Total sex";"2023";"Other employees";"67 years and over";"QB Residential care";101;45;97;88;37
"Total sex";"2023";"Other employees";"67 years and over";"R Arts, entertainment and recreation activities";52;9;56;40;23
"Total sex";"2023";"Other employees";"67 years and over";"S Other service activities etc.";35;70;81;106;57
"Total sex";"2023";"Other employees";"67 years and over";"X Activity not stated";0;0;0;0;0
"Total sex";"2023";"Employees, not specified";"Under 16 years";"A Agriculture, forestry and fishing";76;116;491;493;278
"Total sex";"2023";"Employees, not specified";"Under 16 years";"B Mining and quarrying";0;0;1;1;0
"Total sex";"2023";"Employees, not specified";"Under 16 years";"CA Manufacture of food products, beverages and tobacco";106;44;119;98;47
"Total sex";"2023";"Employees, not specified";"Under 16 years";"CB Textiles and leather products";8;5;3;11;0
"Total sex";"2023";"Employees, not specified";"Under 16 years";"CC Wood and paper products and printing";3;8;16;25;3
"Total sex";"2023";"Employees, not specified";"Under 16 years";"CD Oil refinery etc.";0;0;0;0;0
"Total sex";"2023";"Employees, not specified";"Under 16 years";"CE Manufacture of chemicals";3;0;1;2;3
"Total sex";"2023";"Employees, not specified";"Under 16 years";"CF Pharmaceuticals";0;0;0;0;0
"Total sex";"2023";"Employees, not specified";"Under 16 years";"CG Manufacture of plastic, glass and concrete";17;3;13;8;0
"Total sex";"2023";"Employees, not specified";"Under 16 years";"CH Basic metals and fabricated metal products";7;19;37;23;15
"Total sex";"2023";"Employees, not specified";"Under 16 years";"CI Manufacture of electronic components";7;1;0;2;2
"Total sex";"2023";"Employees, not specified";"Under 16 years";"CJ Electrical equipment";0;1;6;3;3
"Total sex";"2023";"Employees, not specified";"Under 16 years";"CK Manufacture of machinery";3;14;17;18;8
"Total sex";"2023";"Employees, not specified";"Under 16 years";"CL Transport equipment";1;0;3;5;0
"Total sex";"2023";"Employees, not specified";"Under 16 years";"CM Manufacture of funiture and other manufacturing";21;18;38;44;16
"Total sex";"2023";"Employees, not specified";"Under 16 years";"D Electricity, gas, steam and air conditioning supply";2;0;3;7;4
"Total sex";"2023";"Employees, not specified";"Under 16 years";"E Water supply, sewerage and waste management";3;4;2;3;2
"Total sex";"2023";"Employees, not specified";"Under 16 years";"F Construction";63;61;84;73;39
"Total sex";"2023";"Employees, not specified";"Under 16 years";"G Wholesale and retail trade";844;475;873;956;471
"Total sex";"2023";"Employees, not specified";"Under 16 years";"H Transportation";1710;1130;2126;1811;72
"Total sex";"2023";"Employees, not specified";"Under 16 years";"I Accommodation and food service activities";890;614;938;854;435
"Total sex";"2023";"Employees, not specified";"Under 16 years";"JA Publishing, television and radio broadcasting";79;8;19;6;5
"Total sex";"2023";"Employees, not specified";"Under 16 years";"JB Telecommunications";0;0;0;0;1
"Total sex";"2023";"Employees, not specified";"Under 16 years";"JC IT and information service activities";55;22;13;27;9
"Total sex";"2023";"Employees, not specified";"Under 16 years";"K Financial and insurance";19;11;22;20;17
"Total sex";"2023";"Employees, not specified";"Under 16 years";"L Real estate activities";247;84;115;161;63
"Total sex";"2023";"Employees, not specified";"Under 16 years";"MA Consultancy etc.";105;47;60;72;30
"Total sex";"2023";"Employees, not specified";"Under 16 years";"MB Scientific research and development";2;1;1;1;0
"Total sex";"2023";"Employees, not specified";"Under 16 years";"MC Advertising and other business services";74;28;36;44;13
"Total sex";"2023";"Employees, not specified";"Under 16 years";"N Travel agent, cleaning, and other operationel services";177;52;78;175;35
"Total sex";"2023";"Employees, not specified";"Under 16 years";"O Public administration, defence and compulsory social security";8;6;2;1;0
"Total sex";"2023";"Employees, not specified";"Under 16 years";"P Education";126;106;67;49;33
"Total sex";"2023";"Employees, not specified";"Under 16 years";"QA Human health activities";80;49;84;101;37
"Total sex";"2023";"Employees, not specified";"Under 16 years";"QB Residential care";32;41;69;113;9
"Total sex";"2023";"Employees, not specified";"Under 16 years";"R Arts, entertainment and recreation activities";1105;372;337;530;120
"Total sex";"2023";"Employees, not specified";"Under 16 years";"S Other service activities etc.";304;87;125;147;38
"Total sex";"2023";"Employees, not specified";"Under 16 years";"X Activity not stated";0;0;0;0;0
"Total sex";"2023";"Employees, not specified";"16-19 years";"A Agriculture, forestry and fishing";72;186;507;484;314
"Total sex";"2023";"Employees, not specified";"16-19 years";"B Mining and quarrying";0;0;0;1;1
"Total sex";"2023";"Employees, not specified";"16-19 years";"CA Manufacture of food products, beverages and tobacco";109;43;116;95;33
"Total sex";"2023";"Employees, not specified";"16-19 years";"CB Textiles and leather products";9;5;10;3;3
"Total sex";"2023";"Employees, not specified";"16-19 years";"CC Wood and paper products and printing";12;3;6;8;5
"Total sex";"2023";"Employees, not specified";"16-19 years";"CD Oil refinery etc.";0;0;0;0;0
"Total sex";"2023";"Employees, not specified";"16-19 years";"CE Manufacture of chemicals";1;2;0;1;1
"Total sex";"2023";"Employees, not specified";"16-19 years";"CF Pharmaceuticals";0;0;0;0;0
"Total sex";"2023";"Employees, not specified";"16-19 years";"CG Manufacture of plastic, glass and concrete";12;3;15;8;0
"Total sex";"2023";"Employees, not specified";"16-19 years";"CH Basic metals and fabricated metal products";8;8;17;19;14
"Total sex";"2023";"Employees, not specified";"16-19 years";"CI Manufacture of electronic components";13;1;0;5;0
"Total sex";"2023";"Employees, not specified";"16-19 years";"CJ Electrical equipment";2;1;3;2;3
"Total sex";"2023";"Employees, not specified";"16-19 years";"CK Manufacture of machinery";3;4;9;4;8
"Total sex";"2023";"Employees, not specified";"16-19 years";"CL Transport equipment";0;0;3;3;0
"Total sex";"2023";"Employees, not specified";"16-19 years";"CM Manufacture of funiture and other manufacturing";25;9;22;33;15
"Total sex";"2023";"Employees, not specified";"16-19 years";"D Electricity, gas, steam and air conditioning supply";7;4;0;4;3
"Total sex";"2023";"Employees, not specified";"16-19 years";"E Water supply, sewerage and waste management";5;3;2;4;0
"Total sex";"2023";"Employees, not specified";"16-19 years";"F Construction";131;110;114;128;46
"Total sex";"2023";"Employees, not specified";"16-19 years";"G Wholesale and retail trade";1043;691;1000;1141;568
"Total sex";"2023";"Employees, not specified";"16-19 years";"H Transportation";257;150;253;228;26
"Total sex";"2023";"Employees, not specified";"16-19 years";"I Accommodation and food service activities";1882;859;1207;1345;608
"Total sex";"2023";"Employees, not specified";"16-19 years";"JA Publishing, television and radio broadcasting";73;20;44;20;20
"Total sex";"2023";"Employees, not specified";"16-19 years";"JB Telecommunications";2;0;0;1;0
"Total sex";"2023";"Employees, not specified";"16-19 years";"JC IT and information service activities";82;33;24;37;14
"Total sex";"2023";"Employees, not specified";"16-19 years";"K Financial and insurance";25;5;30;24;10
"Total sex";"2023";"Employees, not specified";"16-19 years";"L Real estate activities";125;46;56;85;48
"Total sex";"2023";"Employees, not specified";"16-19 years";"MA Consultancy etc.";123;51;56;55;27
"Total sex";"2023";"Employees, not specified";"16-19 years";"MB Scientific research and development";5;1;0;3;1
"Total sex";"2023";"Employees, not specified";"16-19 years";"MC Advertising and other business services";85;37;29;42;19
"Total sex";"2023";"Employees, not specified";"16-19 years";"N Travel agent, cleaning, and other operationel services";248;112;130;145;57
"Total sex";"2023";"Employees, not specified";"16-19 years";"O Public administration, defence and compulsory social security";13;8;9;2;0
"Total sex";"2023";"Employees, not specified";"16-19 years";"P Education";131;50;66;69;21
"Total sex";"2023";"Employees, not specified";"16-19 years";"QA Human health activities";146;68;96;127;37
"Total sex";"2023";"Employees, not specified";"16-19 years";"QB Residential care";37;28;38;30;20
"Total sex";"2023";"Employees, not specified";"16-19 years";"R Arts, entertainment and recreation activities";826;253;284;402;123
"Total sex";"2023";"Employees, not specified";"16-19 years";"S Other service activities etc.";200;72;85;102;21
"Total sex";"2023";"Employees, not specified";"16-19 years";"X Activity not stated";0;0;0;0;0
"Total sex";"2023";"Employees, not specified";"20-24 years";"A Agriculture, forestry and fishing";79;238;1025;845;508
"Total sex";"2023";"Employees, not specified";"20-24 years";"B Mining and quarrying";0;1;2;1;2
"Total sex";"2023";"Employees, not specified";"20-24 years";"CA Manufacture of food products, beverages and tobacco";80;20;46;36;19
"Total sex";"2023";"Employees, not specified";"20-24 years";"CB Textiles and leather products";14;3;1;5;1
"Total sex";"2023";"Employees, not specified";"20-24 years";"CC Wood and paper products and printing";11;2;6;15;3
"Total sex";"2023";"Employees, not specified";"20-24 years";"CD Oil refinery etc.";0;0;0;0;0
"Total sex";"2023";"Employees, not specified";"20-24 years";"CE Manufacture of chemicals";3;0;1;2;2
"Total sex";"2023";"Employees, not specified";"20-24 years";"CF Pharmaceuticals";13;0;0;0;0
"Total sex";"2023";"Employees, not specified";"20-24 years";"CG Manufacture of plastic, glass and concrete";6;2;14;10;1
"Total sex";"2023";"Employees, not specified";"20-24 years";"CH Basic metals and fabricated metal products";9;3;17;21;8
"Total sex";"2023";"Employees, not specified";"20-24 years";"CI Manufacture of electronic components";14;4;4;4;0
"Total sex";"2023";"Employees, not specified";"20-24 years";"CJ Electrical equipment";3;0;2;3;4
"Total sex";"2023";"Employees, not specified";"20-24 years";"CK Manufacture of machinery";1;5;7;15;7
"Total sex";"2023";"Employees, not specified";"20-24 years";"CL Transport equipment";4;4;3;1;3
"Total sex";"2023";"Employees, not specified";"20-24 years";"CM Manufacture of funiture and other manufacturing";24;14;13;21;14
"Total sex";"2023";"Employees, not specified";"20-24 years";"D Electricity, gas, steam and air conditioning supply";11;2;6;8;2
"Total sex";"2023";"Employees, not specified";"20-24 years";"E Water supply, sewerage and waste management";7;10;1;3;2
"Total sex";"2023";"Employees, not specified";"20-24 years";"F Construction";290;162;114;159;64
"Total sex";"2023";"Employees, not specified";"20-24 years";"G Wholesale and retail trade";777;264;434;551;213
"Total sex";"2023";"Employees, not specified";"20-24 years";"H Transportation";418;104;152;167;48
"Total sex";"2023";"Employees, not specified";"20-24 years";"I Accommodation and food service activities";1539;297;542;640;290
"Total sex";"2023";"Employees, not specified";"20-24 years";"JA Publishing, television and radio broadcasting";102;13;27;17;12
"Total sex";"2023";"Employees, not specified";"20-24 years";"JB Telecommunications";11;0;0;1;5
"Total sex";"2023";"Employees, not specified";"20-24 years";"JC IT and information service activities";200;24;37;53;12
"Total sex";"2023";"Employees, not specified";"20-24 years";"K Financial and insurance";94;9;27;32;14
"Total sex";"2023";"Employees, not specified";"20-24 years";"L Real estate activities";99;33;43;52;25
"Total sex";"2023";"Employees, not specified";"20-24 years";"MA Consultancy etc.";249;30;26;58;20
"Total sex";"2023";"Employees, not specified";"20-24 years";"MB Scientific research and development";31;0;2;2;3
"Total sex";"2023";"Employees, not specified";"20-24 years";"MC Advertising and other business services";142;18;28;48;17
"Total sex";"2023";"Employees, not specified";"20-24 years";"N Travel agent, cleaning, and other operationel services";570;147;173;198;74
"Total sex";"2023";"Employees, not specified";"20-24 years";"O Public administration, defence and compulsory social security";146;55;21;13;4
"Total sex";"2023";"Employees, not specified";"20-24 years";"P Education";70;22;32;26;14
"Total sex";"2023";"Employees, not specified";"20-24 years";"QA Human health activities";142;24;30;51;14
"Total sex";"2023";"Employees, not specified";"20-24 years";"QB Residential care";112;80;74;48;16
"Total sex";"2023";"Employees, not specified";"20-24 years";"R Arts, entertainment and recreation activities";191;64;94;122;40
"Total sex";"2023";"Employees, not specified";"20-24 years";"S Other service activities etc.";219;49;45;60;18
"Total sex";"2023";"Employees, not specified";"20-24 years";"X Activity not stated";0;0;0;0;0
"Total sex";"2023";"Employees, not specified";"25-29 years";"A Agriculture, forestry and fishing";115;394;1497;1275;817
"Total sex";"2023";"Employees, not specified";"25-29 years";"B Mining and quarrying";2;3;1;2;1
"Total sex";"2023";"Employees, not specified";"25-29 years";"CA Manufacture of food products, beverages and tobacco";68;20;32;37;16
"Total sex";"2023";"Employees, not specified";"25-29 years";"CB Textiles and leather products";28;2;4;13;4
"Total sex";"2023";"Employees, not specified";"25-29 years";"CC Wood and paper products and printing";15;5;9;15;7
"Total sex";"2023";"Employees, not specified";"25-29 years";"CD Oil refinery etc.";0;0;0;0;0
"Total sex";"2023";"Employees, not specified";"25-29 years";"CE Manufacture of chemicals";1;2;2;3;4
"Total sex";"2023";"Employees, not specified";"25-29 years";"CF Pharmaceuticals";25;2;2;0;0
"Total sex";"2023";"Employees, not specified";"25-29 years";"CG Manufacture of plastic, glass and concrete";17;7;21;11;1
"Total sex";"2023";"Employees, not specified";"25-29 years";"CH Basic metals and fabricated metal products";12;15;34;14;20
"Total sex";"2023";"Employees, not specified";"25-29 years";"CI Manufacture of electronic components";34;0;5;7;1
"Total sex";"2023";"Employees, not specified";"25-29 years";"CJ Electrical equipment";7;1;5;8;4
"Total sex";"2023";"Employees, not specified";"25-29 years";"CK Manufacture of machinery";16;11;24;20;12
"Total sex";"2023";"Employees, not specified";"25-29 years";"CL Transport equipment";12;1;3;3;5
"Total sex";"2023";"Employees, not specified";"25-29 years";"CM Manufacture of funiture and other manufacturing";47;15;30;41;12
"Total sex";"2023";"Employees, not specified";"25-29 years";"D Electricity, gas, steam and air conditioning supply";18;1;9;13;3
"Total sex";"2023";"Employees, not specified";"25-29 years";"E Water supply, sewerage and waste management";14;6;6;7;3
"Total sex";"2023";"Employees, not specified";"25-29 years";"F Construction";473;269;192;230;97
"Total sex";"2023";"Employees, not specified";"25-29 years";"G Wholesale and retail trade";852;314;483;618;240
"Total sex";"2023";"Employees, not specified";"25-29 years";"H Transportation";559;147;223;201;75
"Total sex";"2023";"Employees, not specified";"25-29 years";"I Accommodation and food service activities";1237;209;371;406;197
"Total sex";"2023";"Employees, not specified";"25-29 years";"JA Publishing, television and radio broadcasting";240;19;31;73;10
"Total sex";"2023";"Employees, not specified";"25-29 years";"JB Telecommunications";9;0;4;6;1
"Total sex";"2023";"Employees, not specified";"25-29 years";"JC IT and information service activities";457;31;87;136;44
"Total sex";"2023";"Employees, not specified";"25-29 years";"K Financial and insurance";154;8;35;33;3
"Total sex";"2023";"Employees, not specified";"25-29 years";"L Real estate activities";215;47;157;134;74
"Total sex";"2023";"Employees, not specified";"25-29 years";"MA Consultancy etc.";376;43;59;81;31
"Total sex";"2023";"Employees, not specified";"25-29 years";"MB Scientific research and development";40;4;1;8;2
"Total sex";"2023";"Employees, not specified";"25-29 years";"MC Advertising and other business services";313;43;71;151;32
"Total sex";"2023";"Employees, not specified";"25-29 years";"N Travel agent, cleaning, and other operationel services";713;193;234;271;109
"Total sex";"2023";"Employees, not specified";"25-29 years";"O Public administration, defence and compulsory social security";403;17;11;10;5
"Total sex";"2023";"Employees, not specified";"25-29 years";"P Education";97;23;24;46;16
"Total sex";"2023";"Employees, not specified";"25-29 years";"QA Human health activities";117;14;27;55;8
"Total sex";"2023";"Employees, not specified";"25-29 years";"QB Residential care";128;121;73;81;28
"Total sex";"2023";"Employees, not specified";"25-29 years";"R Arts, entertainment and recreation activities";162;45;94;113;37
"Total sex";"2023";"Employees, not specified";"25-29 years";"S Other service activities etc.";271;61;85;102;44
"Total sex";"2023";"Employees, not specified";"25-29 years";"X Activity not stated";0;0;0;0;0
"Total sex";"2023";"Employees, not specified";"30-34 years";"A Agriculture, forestry and fishing";105;298;1199;1088;702
"Total sex";"2023";"Employees, not specified";"30-34 years";"B Mining and quarrying";1;0;1;0;1
"Total sex";"2023";"Employees, not specified";"30-34 years";"CA Manufacture of food products, beverages and tobacco";81;29;28;44;13
"Total sex";"2023";"Employees, not specified";"30-34 years";"CB Textiles and leather products";21;4;8;22;4
"Total sex";"2023";"Employees, not specified";"30-34 years";"CC Wood and paper products and printing";25;7;10;26;10
"Total sex";"2023";"Employees, not specified";"30-34 years";"CD Oil refinery etc.";0;0;0;0;0
"Total sex";"2023";"Employees, not specified";"30-34 years";"CE Manufacture of chemicals";3;1;2;0;4
"Total sex";"2023";"Employees, not specified";"30-34 years";"CF Pharmaceuticals";24;1;0;0;0
"Total sex";"2023";"Employees, not specified";"30-34 years";"CG Manufacture of plastic, glass and concrete";12;15;15;15;3
"Total sex";"2023";"Employees, not specified";"30-34 years";"CH Basic metals and fabricated metal products";40;24;48;46;15
"Total sex";"2023";"Employees, not specified";"30-34 years";"CI Manufacture of electronic components";28;4;8;7;1
"Total sex";"2023";"Employees, not specified";"30-34 years";"CJ Electrical equipment";14;9;4;10;4
"Total sex";"2023";"Employees, not specified";"30-34 years";"CK Manufacture of machinery";8;8;24;15;19
"Total sex";"2023";"Employees, not specified";"30-34 years";"CL Transport equipment";8;0;4;5;5
"Total sex";"2023";"Employees, not specified";"30-34 years";"CM Manufacture of funiture and other manufacturing";67;36;58;52;18
"Total sex";"2023";"Employees, not specified";"30-34 years";"D Electricity, gas, steam and air conditioning supply";12;4;5;21;5
"Total sex";"2023";"Employees, not specified";"30-34 years";"E Water supply, sewerage and waste management";19;12;13;9;2
"Total sex";"2023";"Employees, not specified";"30-34 years";"F Construction";631;344;279;260;111
"Total sex";"2023";"Employees, not specified";"30-34 years";"G Wholesale and retail trade";1115;384;600;753;285
"Total sex";"2023";"Employees, not specified";"30-34 years";"H Transportation";641;226;224;246;87
"Total sex";"2023";"Employees, not specified";"30-34 years";"I Accommodation and food service activities";1070;254;368;387;180
"Total sex";"2023";"Employees, not specified";"30-34 years";"JA Publishing, television and radio broadcasting";346;20;34;63;8
"Total sex";"2023";"Employees, not specified";"30-34 years";"JB Telecommunications";9;3;3;0;0
"Total sex";"2023";"Employees, not specified";"30-34 years";"JC IT and information service activities";600;50;92;138;54
"Total sex";"2023";"Employees, not specified";"30-34 years";"K Financial and insurance";155;19;41;37;15
"Total sex";"2023";"Employees, not specified";"30-34 years";"L Real estate activities";205;82;165;153;71
"Total sex";"2023";"Employees, not specified";"30-34 years";"MA Consultancy etc.";425;65;105;123;42
"Total sex";"2023";"Employees, not specified";"30-34 years";"MB Scientific research and development";47;3;1;7;3
"Total sex";"2023";"Employees, not specified";"30-34 years";"MC Advertising and other business services";327;55;103;134;48
"Total sex";"2023";"Employees, not specified";"30-34 years";"N Travel agent, cleaning, and other operationel services";759;238;285;345;117
"Total sex";"2023";"Employees, not specified";"30-34 years";"O Public administration, defence and compulsory social security";145;34;38;25;11
"Total sex";"2023";"Employees, not specified";"30-34 years";"P Education";103;40;50;43;13
"Total sex";"2023";"Employees, not specified";"30-34 years";"QA Human health activities";92;26;38;49;15
"Total sex";"2023";"Employees, not specified";"30-34 years";"QB Residential care";173;147;93;98;41
"Total sex";"2023";"Employees, not specified";"30-34 years";"R Arts, entertainment and recreation activities";184;53;92;113;36
"Total sex";"2023";"Employees, not specified";"30-34 years";"S Other service activities etc.";389;85;124;141;40
"Total sex";"2023";"Employees, not specified";"30-34 years";"X Activity not stated";0;0;0;0;0
"Total sex";"2023";"Employees, not specified";"35-39 years";"A Agriculture, forestry and fishing";90;291;923;739;473
"Total sex";"2023";"Employees, not specified";"35-39 years";"B Mining and quarrying";1;0;1;2;2
"Total sex";"2023";"Employees, not specified";"35-39 years";"CA Manufacture of food products, beverages and tobacco";77;34;46;42;19
"Total sex";"2023";"Employees, not specified";"35-39 years";"CB Textiles and leather products";33;5;3;19;2
"Total sex";"2023";"Employees, not specified";"35-39 years";"CC Wood and paper products and printing";27;9;16;20;8
"Total sex";"2023";"Employees, not specified";"35-39 years";"CD Oil refinery etc.";1;0;0;0;0
"Total sex";"2023";"Employees, not specified";"35-39 years";"CE Manufacture of chemicals";6;0;5;4;1
"Total sex";"2023";"Employees, not specified";"35-39 years";"CF Pharmaceuticals";24;4;4;0;0
"Total sex";"2023";"Employees, not specified";"35-39 years";"CG Manufacture of plastic, glass and concrete";11;1;16;8;3
"Total sex";"2023";"Employees, not specified";"35-39 years";"CH Basic metals and fabricated metal products";27;15;51;50;24
"Total sex";"2023";"Employees, not specified";"35-39 years";"CI Manufacture of electronic components";24;4;2;5;5
"Total sex";"2023";"Employees, not specified";"35-39 years";"CJ Electrical equipment";10;4;5;11;5
"Total sex";"2023";"Employees, not specified";"35-39 years";"CK Manufacture of machinery";17;22;43;38;22
"Total sex";"2023";"Employees, not specified";"35-39 years";"CL Transport equipment";14;2;6;3;5
"Total sex";"2023";"Employees, not specified";"35-39 years";"CM Manufacture of funiture and other manufacturing";63;27;62;54;25
"Total sex";"2023";"Employees, not specified";"35-39 years";"D Electricity, gas, steam and air conditioning supply";10;4;13;16;9
"Total sex";"2023";"Employees, not specified";"35-39 years";"E Water supply, sewerage and waste management";15;19;15;10;2
"Total sex";"2023";"Employees, not specified";"35-39 years";"F Construction";682;374;306;299;144
"Total sex";"2023";"Employees, not specified";"35-39 years";"G Wholesale and retail trade";1056;428;661;792;315
"Total sex";"2023";"Employees, not specified";"35-39 years";"H Transportation";683;211;228;246;85
"Total sex";"2023";"Employees, not specified";"35-39 years";"I Accommodation and food service activities";1058;258;345;406;177
"Total sex";"2023";"Employees, not specified";"35-39 years";"JA Publishing, television and radio broadcasting";275;13;33;39;10
"Total sex";"2023";"Employees, not specified";"35-39 years";"JB Telecommunications";10;0;2;6;0
"Total sex";"2023";"Employees, not specified";"35-39 years";"JC IT and information service activities";573;64;101;173;54
"Total sex";"2023";"Employees, not specified";"35-39 years";"K Financial and insurance";202;21;40;44;18
"Total sex";"2023";"Employees, not specified";"35-39 years";"L Real estate activities";205;78;142;137;67
"Total sex";"2023";"Employees, not specified";"35-39 years";"MA Consultancy etc.";411;68;97;161;45
"Total sex";"2023";"Employees, not specified";"35-39 years";"MB Scientific research and development";33;4;3;7;1
"Total sex";"2023";"Employees, not specified";"35-39 years";"MC Advertising and other business services";297;56;92;134;47
"Total sex";"2023";"Employees, not specified";"35-39 years";"N Travel agent, cleaning, and other operationel services";700;255;305;368;126
"Total sex";"2023";"Employees, not specified";"35-39 years";"O Public administration, defence and compulsory social security";92;69;51;31;31
"Total sex";"2023";"Employees, not specified";"35-39 years";"P Education";107;26;49;48;43
"Total sex";"2023";"Employees, not specified";"35-39 years";"QA Human health activities";85;25;61;70;28
"Total sex";"2023";"Employees, not specified";"35-39 years";"QB Residential care";208;119;127;136;58
"Total sex";"2023";"Employees, not specified";"35-39 years";"R Arts, entertainment and recreation activities";193;48;102;138;43
"Total sex";"2023";"Employees, not specified";"35-39 years";"S Other service activities etc.";388;104;132;138;44
"Total sex";"2023";"Employees, not specified";"35-39 years";"X Activity not stated";0;0;0;0;0
"Total sex";"2023";"Employees, not specified";"40-44 years";"A Agriculture, forestry and fishing";76;224;653;509;320
"Total sex";"2023";"Employees, not specified";"40-44 years";"B Mining and quarrying";2;1;1;2;6
"Total sex";"2023";"Employees, not specified";"40-44 years";"CA Manufacture of food products, beverages and tobacco";51;29;33;43;23
"Total sex";"2023";"Employees, not specified";"40-44 years";"CB Textiles and leather products";23;2;11;23;6
"Total sex";"2023";"Employees, not specified";"40-44 years";"CC Wood and paper products and printing";34;7;11;26;12
"Total sex";"2023";"Employees, not specified";"40-44 years";"CD Oil refinery etc.";0;0;0;0;0
"Total sex";"2023";"Employees, not specified";"40-44 years";"CE Manufacture of chemicals";8;1;6;4;3
"Total sex";"2023";"Employees, not specified";"40-44 years";"CF Pharmaceuticals";19;4;0;0;0
"Total sex";"2023";"Employees, not specified";"40-44 years";"CG Manufacture of plastic, glass and concrete";19;15;16;19;6
"Total sex";"2023";"Employees, not specified";"40-44 years";"CH Basic metals and fabricated metal products";19;20;58;43;23
"Total sex";"2023";"Employees, not specified";"40-44 years";"CI Manufacture of electronic components";28;3;12;10;3
"Total sex";"2023";"Employees, not specified";"40-44 years";"CJ Electrical equipment";13;8;8;7;6
"Total sex";"2023";"Employees, not specified";"40-44 years";"CK Manufacture of machinery";15;11;31;23;16
"Total sex";"2023";"Employees, not specified";"40-44 years";"CL Transport equipment";4;2;5;2;4
"Total sex";"2023";"Employees, not specified";"40-44 years";"CM Manufacture of funiture and other manufacturing";76;31;65;50;31
"Total sex";"2023";"Employees, not specified";"40-44 years";"D Electricity, gas, steam and air conditioning supply";7;6;7;12;7
"Total sex";"2023";"Employees, not specified";"40-44 years";"E Water supply, sewerage and waste management";18;16;17;14;6
"Total sex";"2023";"Employees, not specified";"40-44 years";"F Construction";642;331;280;353;137
"Total sex";"2023";"Employees, not specified";"40-44 years";"G Wholesale and retail trade";1108;468;777;868;321
"Total sex";"2023";"Employees, not specified";"40-44 years";"H Transportation";623;179;239;240;78
"Total sex";"2023";"Employees, not specified";"40-44 years";"I Accommodation and food service activities";910;255;387;392;177
"Total sex";"2023";"Employees, not specified";"40-44 years";"JA Publishing, television and radio broadcasting";235;14;29;49;13
"Total sex";"2023";"Employees, not specified";"40-44 years";"JB Telecommunications";13;3;5;9;1
"Total sex";"2023";"Employees, not specified";"40-44 years";"JC IT and information service activities";469;62;99;146;49
"Total sex";"2023";"Employees, not specified";"40-44 years";"K Financial and insurance";193;25;60;72;24
"Total sex";"2023";"Employees, not specified";"40-44 years";"L Real estate activities";243;74;138;142;73
"Total sex";"2023";"Employees, not specified";"40-44 years";"MA Consultancy etc.";431;81;140;144;55
"Total sex";"2023";"Employees, not specified";"40-44 years";"MB Scientific research and development";31;3;3;4;3
"Total sex";"2023";"Employees, not specified";"40-44 years";"MC Advertising and other business services";274;59;82;109;43
"Total sex";"2023";"Employees, not specified";"40-44 years";"N Travel agent, cleaning, and other operationel services";693;278;288;424;132
"Total sex";"2023";"Employees, not specified";"40-44 years";"O Public administration, defence and compulsory social security";93;85;62;55;18
"Total sex";"2023";"Employees, not specified";"40-44 years";"P Education";114;42;57;64;32
"Total sex";"2023";"Employees, not specified";"40-44 years";"QA Human health activities";126;46;92;112;35
"Total sex";"2023";"Employees, not specified";"40-44 years";"QB Residential care";234;125;128;128;71
"Total sex";"2023";"Employees, not specified";"40-44 years";"R Arts, entertainment and recreation activities";174;58;126;136;57
"Total sex";"2023";"Employees, not specified";"40-44 years";"S Other service activities etc.";380;89;141;157;52
"Total sex";"2023";"Employees, not specified";"40-44 years";"X Activity not stated";0;0;0;0;0
"Total sex";"2023";"Employees, not specified";"45-49 years";"A Agriculture, forestry and fishing";83;196;575;454;272
"Total sex";"2023";"Employees, not specified";"45-49 years";"B Mining and quarrying";4;1;0;8;4
"Total sex";"2023";"Employees, not specified";"45-49 years";"CA Manufacture of food products, beverages and tobacco";52;34;44;44;28
"Total sex";"2023";"Employees, not specified";"45-49 years";"CB Textiles and leather products";32;11;10;24;4
"Total sex";"2023";"Employees, not specified";"45-49 years";"CC Wood and paper products and printing";34;19;12;32;11
"Total sex";"2023";"Employees, not specified";"45-49 years";"CD Oil refinery etc.";0;0;0;0;0
"Total sex";"2023";"Employees, not specified";"45-49 years";"CE Manufacture of chemicals";11;5;5;8;0
"Total sex";"2023";"Employees, not specified";"45-49 years";"CF Pharmaceuticals";17;5;4;3;0
"Total sex";"2023";"Employees, not specified";"45-49 years";"CG Manufacture of plastic, glass and concrete";20;11;25;21;11
"Total sex";"2023";"Employees, not specified";"45-49 years";"CH Basic metals and fabricated metal products";42;31;91;55;23
"Total sex";"2023";"Employees, not specified";"45-49 years";"CI Manufacture of electronic components";31;8;6;15;6
"Total sex";"2023";"Employees, not specified";"45-49 years";"CJ Electrical equipment";14;6;6;12;9
"Total sex";"2023";"Employees, not specified";"45-49 years";"CK Manufacture of machinery";14;20;47;52;32
"Total sex";"2023";"Employees, not specified";"45-49 years";"CL Transport equipment";9;6;12;7;6
"Total sex";"2023";"Employees, not specified";"45-49 years";"CM Manufacture of funiture and other manufacturing";71;40;82;67;45
"Total sex";"2023";"Employees, not specified";"45-49 years";"D Electricity, gas, steam and air conditioning supply";11;3;14;34;11
"Total sex";"2023";"Employees, not specified";"45-49 years";"E Water supply, sewerage and waste management";17;20;17;13;7
"Total sex";"2023";"Employees, not specified";"45-49 years";"F Construction";625;372;338;338;134
"Total sex";"2023";"Employees, not specified";"45-49 years";"G Wholesale and retail trade";1377;567;952;1059;397
"Total sex";"2023";"Employees, not specified";"45-49 years";"H Transportation";650;172;238;254;80
"Total sex";"2023";"Employees, not specified";"45-49 years";"I Accommodation and food service activities";858;289;380;447;192
"Total sex";"2023";"Employees, not specified";"45-49 years";"JA Publishing, television and radio broadcasting";244;17;37;46;19
"Total sex";"2023";"Employees, not specified";"45-49 years";"JB Telecommunications";15;2;10;6;3
"Total sex";"2023";"Employees, not specified";"45-49 years";"JC IT and information service activities";491;96;107;133;57
"Total sex";"2023";"Employees, not specified";"45-49 years";"K Financial and insurance";237;36;87;95;27
"Total sex";"2023";"Employees, not specified";"45-49 years";"L Real estate activities";263;105;175;201;77
"Total sex";"2023";"Employees, not specified";"45-49 years";"MA Consultancy etc.";482;130;174;210;58
"Total sex";"2023";"Employees, not specified";"45-49 years";"MB Scientific research and development";32;3;0;6;0
"Total sex";"2023";"Employees, not specified";"45-49 years";"MC Advertising and other business services";337;77;106;161;38
"Total sex";"2023";"Employees, not specified";"45-49 years";"N Travel agent, cleaning, and other operationel services";746;251;324;407;151
"Total sex";"2023";"Employees, not specified";"45-49 years";"O Public administration, defence and compulsory social security";111;65;54;61;33
"Total sex";"2023";"Employees, not specified";"45-49 years";"P Education";148;65;56;67;23
"Total sex";"2023";"Employees, not specified";"45-49 years";"QA Human health activities";180;70;143;133;41
"Total sex";"2023";"Employees, not specified";"45-49 years";"QB Residential care";246;147;139;159;80
"Total sex";"2023";"Employees, not specified";"45-49 years";"R Arts, entertainment and recreation activities";220;97;159;179;68
"Total sex";"2023";"Employees, not specified";"45-49 years";"S Other service activities etc.";389;91;144;169;56
"Total sex";"2023";"Employees, not specified";"45-49 years";"X Activity not stated";0;0;0;0;0
"Total sex";"2023";"Employees, not specified";"50-54 years";"A Agriculture, forestry and fishing";73;237;548;430;241
"Total sex";"2023";"Employees, not specified";"50-54 years";"B Mining and quarrying";7;3;7;3;6
"Total sex";"2023";"Employees, not specified";"50-54 years";"CA Manufacture of food products, beverages and tobacco";62;30;38;33;23
"Total sex";"2023";"Employees, not specified";"50-54 years";"CB Textiles and leather products";36;9;8;25;5
"Total sex";"2023";"Employees, not specified";"50-54 years";"CC Wood and paper products and printing";19;14;29;35;7
"Total sex";"2023";"Employees, not specified";"50-54 years";"CD Oil refinery etc.";1;0;0;0;0
"Total sex";"2023";"Employees, not specified";"50-54 years";"CE Manufacture of chemicals";11;9;8;6;1
"Total sex";"2023";"Employees, not specified";"50-54 years";"CF Pharmaceuticals";19;4;2;1;0
"Total sex";"2023";"Employees, not specified";"50-54 years";"CG Manufacture of plastic, glass and concrete";33;23;41;23;9
"Total sex";"2023";"Employees, not specified";"50-54 years";"CH Basic metals and fabricated metal products";42;45;76;74;22
"Total sex";"2023";"Employees, not specified";"50-54 years";"CI Manufacture of electronic components";50;4;11;15;8
"Total sex";"2023";"Employees, not specified";"50-54 years";"CJ Electrical equipment";15;8;10;10;2
"Total sex";"2023";"Employees, not specified";"50-54 years";"CK Manufacture of machinery";22;31;62;52;30
"Total sex";"2023";"Employees, not specified";"50-54 years";"CL Transport equipment";4;5;11;2;5
"Total sex";"2023";"Employees, not specified";"50-54 years";"CM Manufacture of funiture and other manufacturing";76;41;94;91;31
"Total sex";"2023";"Employees, not specified";"50-54 years";"D Electricity, gas, steam and air conditioning supply";12;7;30;26;21
"Total sex";"2023";"Employees, not specified";"50-54 years";"E Water supply, sewerage and waste management";9;19;18;16;12
"Total sex";"2023";"Employees, not specified";"50-54 years";"F Construction";553;325;329;323;126
"Total sex";"2023";"Employees, not specified";"50-54 years";"G Wholesale and retail trade";1485;664;1108;1205;436
"Total sex";"2023";"Employees, not specified";"50-54 years";"H Transportation";592;174;252;260;84
"Total sex";"2023";"Employees, not specified";"50-54 years";"I Accommodation and food service activities";731;308;374;392;179
"Total sex";"2023";"Employees, not specified";"50-54 years";"JA Publishing, television and radio broadcasting";207;15;34;49;10
"Total sex";"2023";"Employees, not specified";"50-54 years";"JB Telecommunications";31;6;8;17;3
"Total sex";"2023";"Employees, not specified";"50-54 years";"JC IT and information service activities";480;85;96;136;40
"Total sex";"2023";"Employees, not specified";"50-54 years";"K Financial and insurance";308;42;116;123;43
"Total sex";"2023";"Employees, not specified";"50-54 years";"L Real estate activities";328;133;210;227;91
"Total sex";"2023";"Employees, not specified";"50-54 years";"MA Consultancy etc.";559;146;210;241;83
"Total sex";"2023";"Employees, not specified";"50-54 years";"MB Scientific research and development";31;3;6;3;4
"Total sex";"2023";"Employees, not specified";"50-54 years";"MC Advertising and other business services";334;73;97;144;32
"Total sex";"2023";"Employees, not specified";"50-54 years";"N Travel agent, cleaning, and other operationel services";698;305;313;393;142
"Total sex";"2023";"Employees, not specified";"50-54 years";"O Public administration, defence and compulsory social security";74;37;30;35;11
"Total sex";"2023";"Employees, not specified";"50-54 years";"P Education";130;62;81;78;42
"Total sex";"2023";"Employees, not specified";"50-54 years";"QA Human health activities";209;97;142;138;44
"Total sex";"2023";"Employees, not specified";"50-54 years";"QB Residential care";221;132;146;175;92
"Total sex";"2023";"Employees, not specified";"50-54 years";"R Arts, entertainment and recreation activities";205;94;174;180;72
"Total sex";"2023";"Employees, not specified";"50-54 years";"S Other service activities etc.";382;94;164;164;73
"Total sex";"2023";"Employees, not specified";"50-54 years";"X Activity not stated";0;0;0;0;0
"Total sex";"2023";"Employees, not specified";"55-59 years";"A Agriculture, forestry and fishing";77;218;540;446;256
"Total sex";"2023";"Employees, not specified";"55-59 years";"B Mining and quarrying";2;2;4;9;11
"Total sex";"2023";"Employees, not specified";"55-59 years";"CA Manufacture of food products, beverages and tobacco";43;41;50;40;18
"Total sex";"2023";"Employees, not specified";"55-59 years";"CB Textiles and leather products";17;13;18;25;6
"Total sex";"2023";"Employees, not specified";"55-59 years";"CC Wood and paper products and printing";42;15;22;50;15
"Total sex";"2023";"Employees, not specified";"55-59 years";"CD Oil refinery etc.";0;0;1;0;0
"Total sex";"2023";"Employees, not specified";"55-59 years";"CE Manufacture of chemicals";9;2;9;7;3
"Total sex";"2023";"Employees, not specified";"55-59 years";"CF Pharmaceuticals";16;5;0;4;0
"Total sex";"2023";"Employees, not specified";"55-59 years";"CG Manufacture of plastic, glass and concrete";24;26;31;30;17
"Total sex";"2023";"Employees, not specified";"55-59 years";"CH Basic metals and fabricated metal products";47;57;98;77;31
"Total sex";"2023";"Employees, not specified";"55-59 years";"CI Manufacture of electronic components";30;16;24;16;4
"Total sex";"2023";"Employees, not specified";"55-59 years";"CJ Electrical equipment";13;9;14;9;8
"Total sex";"2023";"Employees, not specified";"55-59 years";"CK Manufacture of machinery";27;28;73;60;38
"Total sex";"2023";"Employees, not specified";"55-59 years";"CL Transport equipment";8;4;18;10;7
"Total sex";"2023";"Employees, not specified";"55-59 years";"CM Manufacture of funiture and other manufacturing";87;32;107;80;42
"Total sex";"2023";"Employees, not specified";"55-59 years";"D Electricity, gas, steam and air conditioning supply";12;16;27;39;23
"Total sex";"2023";"Employees, not specified";"55-59 years";"E Water supply, sewerage and waste management";27;36;30;21;8
"Total sex";"2023";"Employees, not specified";"55-59 years";"F Construction";442;321;248;278;142
"Total sex";"2023";"Employees, not specified";"55-59 years";"G Wholesale and retail trade";1491;712;1155;1128;440
"Total sex";"2023";"Employees, not specified";"55-59 years";"H Transportation";556;181;262;244;108
"Total sex";"2023";"Employees, not specified";"55-59 years";"I Accommodation and food service activities";639;280;340;389;213
"Total sex";"2023";"Employees, not specified";"55-59 years";"JA Publishing, television and radio broadcasting";160;24;30;43;9
"Total sex";"2023";"Employees, not specified";"55-59 years";"JB Telecommunications";21;5;3;7;2
"Total sex";"2023";"Employees, not specified";"55-59 years";"JC IT and information service activities";385;82;92;112;44
"Total sex";"2023";"Employees, not specified";"55-59 years";"K Financial and insurance";374;73;140;146;78
"Total sex";"2023";"Employees, not specified";"55-59 years";"L Real estate activities";378;141;275;244;86
"Total sex";"2023";"Employees, not specified";"55-59 years";"MA Consultancy etc.";601;193;226;259;92
"Total sex";"2023";"Employees, not specified";"55-59 years";"MB Scientific research and development";25;3;8;9;2
"Total sex";"2023";"Employees, not specified";"55-59 years";"MC Advertising and other business services";235;57;109;122;38
"Total sex";"2023";"Employees, not specified";"55-59 years";"N Travel agent, cleaning, and other operationel services";610;290;309;361;135
"Total sex";"2023";"Employees, not specified";"55-59 years";"O Public administration, defence and compulsory social security";73;28;30;42;23
"Total sex";"2023";"Employees, not specified";"55-59 years";"P Education";143;86;85;66;42
"Total sex";"2023";"Employees, not specified";"55-59 years";"QA Human health activities";192;98;137;146;60
"Total sex";"2023";"Employees, not specified";"55-59 years";"QB Residential care";204;151;181;204;94
"Total sex";"2023";"Employees, not specified";"55-59 years";"R Arts, entertainment and recreation activities";190;93;200;196;88
"Total sex";"2023";"Employees, not specified";"55-59 years";"S Other service activities etc.";431;105;202;160;66
"Total sex";"2023";"Employees, not specified";"55-59 years";"X Activity not stated";0;0;0;0;1
"Total sex";"2023";"Employees, not specified";"60-64 years";"A Agriculture, forestry and fishing";70;196;445;370;244
"Total sex";"2023";"Employees, not specified";"60-64 years";"B Mining and quarrying";0;2;7;3;5
"Total sex";"2023";"Employees, not specified";"60-64 years";"CA Manufacture of food products, beverages and tobacco";27;19;44;32;21
"Total sex";"2023";"Employees, not specified";"60-64 years";"CB Textiles and leather products";14;17;14;25;4
"Total sex";"2023";"Employees, not specified";"60-64 years";"CC Wood and paper products and printing";34;19;16;19;10
"Total sex";"2023";"Employees, not specified";"60-64 years";"CD Oil refinery etc.";0;0;0;0;0
"Total sex";"2023";"Employees, not specified";"60-64 years";"CE Manufacture of chemicals";5;3;9;1;2
"Total sex";"2023";"Employees, not specified";"60-64 years";"CF Pharmaceuticals";13;1;0;0;1
"Total sex";"2023";"Employees, not specified";"60-64 years";"CG Manufacture of plastic, glass and concrete";16;24;18;29;7
"Total sex";"2023";"Employees, not specified";"60-64 years";"CH Basic metals and fabricated metal products";53;33;60;60;13
"Total sex";"2023";"Employees, not specified";"60-64 years";"CI Manufacture of electronic components";24;19;17;15;3
"Total sex";"2023";"Employees, not specified";"60-64 years";"CJ Electrical equipment";15;9;9;9;3
"Total sex";"2023";"Employees, not specified";"60-64 years";"CK Manufacture of machinery";21;18;33;56;20
"Total sex";"2023";"Employees, not specified";"60-64 years";"CL Transport equipment";5;1;21;11;10
"Total sex";"2023";"Employees, not specified";"60-64 years";"CM Manufacture of funiture and other manufacturing";59;38;84;47;40
"Total sex";"2023";"Employees, not specified";"60-64 years";"D Electricity, gas, steam and air conditioning supply";11;17;25;29;19
"Total sex";"2023";"Employees, not specified";"60-64 years";"E Water supply, sewerage and waste management";17;22;30;17;10
"Total sex";"2023";"Employees, not specified";"60-64 years";"F Construction";265;223;189;200;105
"Total sex";"2023";"Employees, not specified";"60-64 years";"G Wholesale and retail trade";1047;518;797;856;337
"Total sex";"2023";"Employees, not specified";"60-64 years";"H Transportation";388;157;229;200;74
"Total sex";"2023";"Employees, not specified";"60-64 years";"I Accommodation and food service activities";401;188;255;260;119
"Total sex";"2023";"Employees, not specified";"60-64 years";"JA Publishing, television and radio broadcasting";116;11;21;35;10
"Total sex";"2023";"Employees, not specified";"60-64 years";"JB Telecommunications";12;9;8;8;1
"Total sex";"2023";"Employees, not specified";"60-64 years";"JC IT and information service activities";233;51;63;79;17
"Total sex";"2023";"Employees, not specified";"60-64 years";"K Financial and insurance";285;73;137;161;69
"Total sex";"2023";"Employees, not specified";"60-64 years";"L Real estate activities";383;135;239;231;102
"Total sex";"2023";"Employees, not specified";"60-64 years";"MA Consultancy etc.";458;143;184;223;68
"Total sex";"2023";"Employees, not specified";"60-64 years";"MB Scientific research and development";12;5;5;5;1
"Total sex";"2023";"Employees, not specified";"60-64 years";"MC Advertising and other business services";156;57;83;87;14
"Total sex";"2023";"Employees, not specified";"60-64 years";"N Travel agent, cleaning, and other operationel services";426;234;288;245;94
"Total sex";"2023";"Employees, not specified";"60-64 years";"O Public administration, defence and compulsory social security";55;21;27;35;15
"Total sex";"2023";"Employees, not specified";"60-64 years";"P Education";86;57;72;59;35
"Total sex";"2023";"Employees, not specified";"60-64 years";"QA Human health activities";157;64;103;117;39
"Total sex";"2023";"Employees, not specified";"60-64 years";"QB Residential care";177;128;156;151;75
"Total sex";"2023";"Employees, not specified";"60-64 years";"R Arts, entertainment and recreation activities";159;88;150;167;91
"Total sex";"2023";"Employees, not specified";"60-64 years";"S Other service activities etc.";341;91;151;136;58
"Total sex";"2023";"Employees, not specified";"60-64 years";"X Activity not stated";0;0;0;0;0
"Total sex";"2023";"Employees, not specified";"65-66 years";"A Agriculture, forestry and fishing";23;61;110;114;52
"Total sex";"2023";"Employees, not specified";"65-66 years";"B Mining and quarrying";0;0;1;2;4
"Total sex";"2023";"Employees, not specified";"65-66 years";"CA Manufacture of food products, beverages and tobacco";10;2;10;19;6
"Total sex";"2023";"Employees, not specified";"65-66 years";"CB Textiles and leather products";4;0;4;9;3
"Total sex";"2023";"Employees, not specified";"65-66 years";"CC Wood and paper products and printing";7;1;10;11;1
"Total sex";"2023";"Employees, not specified";"65-66 years";"CD Oil refinery etc.";0;0;0;0;0
"Total sex";"2023";"Employees, not specified";"65-66 years";"CE Manufacture of chemicals";2;0;2;2;0
"Total sex";"2023";"Employees, not specified";"65-66 years";"CF Pharmaceuticals";1;0;0;0;0
"Total sex";"2023";"Employees, not specified";"65-66 years";"CG Manufacture of plastic, glass and concrete";6;3;1;7;3
"Total sex";"2023";"Employees, not specified";"65-66 years";"CH Basic metals and fabricated metal products";6;11;18;12;4
"Total sex";"2023";"Employees, not specified";"65-66 years";"CI Manufacture of electronic components";14;1;2;1;3
"Total sex";"2023";"Employees, not specified";"65-66 years";"CJ Electrical equipment";2;2;5;3;1
"Total sex";"2023";"Employees, not specified";"65-66 years";"CK Manufacture of machinery";5;9;10;23;4
"Total sex";"2023";"Employees, not specified";"65-66 years";"CL Transport equipment";1;0;1;2;0
"Total sex";"2023";"Employees, not specified";"65-66 years";"CM Manufacture of funiture and other manufacturing";8;10;13;12;11
"Total sex";"2023";"Employees, not specified";"65-66 years";"D Electricity, gas, steam and air conditioning supply";0;7;4;11;5
"Total sex";"2023";"Employees, not specified";"65-66 years";"E Water supply, sewerage and waste management";3;5;12;14;7
"Total sex";"2023";"Employees, not specified";"65-66 years";"F Construction";58;55;52;44;30
"Total sex";"2023";"Employees, not specified";"65-66 years";"G Wholesale and retail trade";263;140;242;250;88
"Total sex";"2023";"Employees, not specified";"65-66 years";"H Transportation";100;48;77;60;27
"Total sex";"2023";"Employees, not specified";"65-66 years";"I Accommodation and food service activities";90;41;68;59;33
"Total sex";"2023";"Employees, not specified";"65-66 years";"JA Publishing, television and radio broadcasting";27;1;7;8;2
"Total sex";"2023";"Employees, not specified";"65-66 years";"JB Telecommunications";2;0;2;1;1
"Total sex";"2023";"Employees, not specified";"65-66 years";"JC IT and information service activities";70;16;14;20;9
"Total sex";"2023";"Employees, not specified";"65-66 years";"K Financial and insurance";107;32;60;64;27
"Total sex";"2023";"Employees, not specified";"65-66 years";"L Real estate activities";115;35;77;82;32
"Total sex";"2023";"Employees, not specified";"65-66 years";"MA Consultancy etc.";139;42;61;69;29
"Total sex";"2023";"Employees, not specified";"65-66 years";"MB Scientific research and development";12;1;2;3;0
"Total sex";"2023";"Employees, not specified";"65-66 years";"MC Advertising and other business services";51;14;21;24;6
"Total sex";"2023";"Employees, not specified";"65-66 years";"N Travel agent, cleaning, and other operationel services";133;66;56;72;19
"Total sex";"2023";"Employees, not specified";"65-66 years";"O Public administration, defence and compulsory social security";34;8;11;19;0
"Total sex";"2023";"Employees, not specified";"65-66 years";"P Education";36;17;23;28;9
"Total sex";"2023";"Employees, not specified";"65-66 years";"QA Human health activities";59;17;33;29;10
"Total sex";"2023";"Employees, not specified";"65-66 years";"QB Residential care";50;37;41;36;23
"Total sex";"2023";"Employees, not specified";"65-66 years";"R Arts, entertainment and recreation activities";50;25;34;42;16
"Total sex";"2023";"Employees, not specified";"65-66 years";"S Other service activities etc.";108;31;44;47;23
"Total sex";"2023";"Employees, not specified";"65-66 years";"X Activity not stated";0;0;0;0;1
"Total sex";"2023";"Employees, not specified";"67 years and over";"A Agriculture, forestry and fishing";57;155;285;330;150
"Total sex";"2023";"Employees, not specified";"67 years and over";"B Mining and quarrying";2;3;2;2;7
"Total sex";"2023";"Employees, not specified";"67 years and over";"CA Manufacture of food products, beverages and tobacco";19;15;38;35;13
"Total sex";"2023";"Employees, not specified";"67 years and over";"CB Textiles and leather products";9;7;11;19;5
"Total sex";"2023";"Employees, not specified";"67 years and over";"CC Wood and paper products and printing";27;17;15;29;5
"Total sex";"2023";"Employees, not specified";"67 years and over";"CD Oil refinery etc.";0;0;0;0;0
"Total sex";"2023";"Employees, not specified";"67 years and over";"CE Manufacture of chemicals";6;6;10;3;4
"Total sex";"2023";"Employees, not specified";"67 years and over";"CF Pharmaceuticals";21;1;0;0;0
"Total sex";"2023";"Employees, not specified";"67 years and over";"CG Manufacture of plastic, glass and concrete";22;15;13;24;14
"Total sex";"2023";"Employees, not specified";"67 years and over";"CH Basic metals and fabricated metal products";30;26;58;50;21
"Total sex";"2023";"Employees, not specified";"67 years and over";"CI Manufacture of electronic components";33;8;6;12;3
"Total sex";"2023";"Employees, not specified";"67 years and over";"CJ Electrical equipment";7;14;6;14;3
"Total sex";"2023";"Employees, not specified";"67 years and over";"CK Manufacture of machinery";20;23;36;51;14
"Total sex";"2023";"Employees, not specified";"67 years and over";"CL Transport equipment";5;3;5;5;5
"Total sex";"2023";"Employees, not specified";"67 years and over";"CM Manufacture of funiture and other manufacturing";52;27;60;49;18
"Total sex";"2023";"Employees, not specified";"67 years and over";"D Electricity, gas, steam and air conditioning supply";27;24;33;64;46
"Total sex";"2023";"Employees, not specified";"67 years and over";"E Water supply, sewerage and waste management";41;147;145;114;43
"Total sex";"2023";"Employees, not specified";"67 years and over";"F Construction";151;126;138;129;67
"Total sex";"2023";"Employees, not specified";"67 years and over";"G Wholesale and retail trade";814;437;688;826;277
"Total sex";"2023";"Employees, not specified";"67 years and over";"H Transportation";249;189;279;258;92
"Total sex";"2023";"Employees, not specified";"67 years and over";"I Accommodation and food service activities";195;105;183;153;92
"Total sex";"2023";"Employees, not specified";"67 years and over";"JA Publishing, television and radio broadcasting";223;20;24;33;11
"Total sex";"2023";"Employees, not specified";"67 years and over";"JB Telecommunications";3;4;5;1;2
"Total sex";"2023";"Employees, not specified";"67 years and over";"JC IT and information service activities";142;39;48;63;13
"Total sex";"2023";"Employees, not specified";"67 years and over";"K Financial and insurance";592;210;484;535;226
"Total sex";"2023";"Employees, not specified";"67 years and over";"L Real estate activities";792;293;418;558;209
"Total sex";"2023";"Employees, not specified";"67 years and over";"MA Consultancy etc.";565;195;245;272;112
"Total sex";"2023";"Employees, not specified";"67 years and over";"MB Scientific research and development";19;6;4;8;1
"Total sex";"2023";"Employees, not specified";"67 years and over";"MC Advertising and other business services";126;49;66;77;32
"Total sex";"2023";"Employees, not specified";"67 years and over";"N Travel agent, cleaning, and other operationel services";327;151;179;209;76
"Total sex";"2023";"Employees, not specified";"67 years and over";"O Public administration, defence and compulsory social security";337;142;201;190;64
"Total sex";"2023";"Employees, not specified";"67 years and over";"P Education";135;127;95;116;48
"Total sex";"2023";"Employees, not specified";"67 years and over";"QA Human health activities";187;70;111;94;48
"Total sex";"2023";"Employees, not specified";"67 years and over";"QB Residential care";224;90;138;121;55
"Total sex";"2023";"Employees, not specified";"67 years and over";"R Arts, entertainment and recreation activities";227;102;121;172;76
"Total sex";"2023";"Employees, not specified";"67 years and over";"S Other service activities etc.";418;157;228;206;99
"Total sex";"2023";"Employees, not specified";"67 years and over";"X Activity not stated";1;0;1;0;1
