"Total sex";"2021";"Self-employed";"Under 16 years";"A Agriculture, forestry and fishing";0;0;0;0;0
"Total sex";"2021";"Self-employed";"Under 16 years";"B Mining and quarrying";0;0;0;0;0
"Total sex";"2021";"Self-employed";"Under 16 years";"CA Manufacture of food products, beverages and tobacco";0;0;0;0;0
"Total sex";"2021";"Self-employed";"Under 16 years";"CB Textiles and leather products";0;0;0;0;0
"Total sex";"2021";"Self-employed";"Under 16 years";"CC Wood and paper products and printing";0;0;0;0;0
"Total sex";"2021";"Self-employed";"Under 16 years";"CD Oil refinery etc.";0;0;0;0;0
"Total sex";"2021";"Self-employed";"Under 16 years";"CE Manufacture of chemicals";0;0;0;0;0
"Total sex";"2021";"Self-employed";"Under 16 years";"CF Pharmaceuticals";0;0;0;0;0
"Total sex";"2021";"Self-employed";"Under 16 years";"CG Manufacture of plastic, glass and concrete";0;0;0;0;0
"Total sex";"2021";"Self-employed";"Under 16 years";"CH Basic metals and fabricated metal products";0;0;0;0;0
"Total sex";"2021";"Self-employed";"Under 16 years";"CI Manufacture of electronic components";0;0;0;0;0
"Total sex";"2021";"Self-employed";"Under 16 years";"CJ Electrical equipment";0;0;0;0;0
"Total sex";"2021";"Self-employed";"Under 16 years";"CK Manufacture of machinery";0;0;0;0;0
"Total sex";"2021";"Self-employed";"Under 16 years";"CL Transport equipment";0;0;0;0;0
"Total sex";"2021";"Self-employed";"Under 16 years";"CM Manufacture of funiture and other manufacturing";0;1;0;0;0
"Total sex";"2021";"Self-employed";"Under 16 years";"D Electricity, gas, steam and air conditioning supply";0;0;0;0;0
"Total sex";"2021";"Self-employed";"Under 16 years";"E Water supply, sewerage and waste management";0;0;0;0;0
"Total sex";"2021";"Self-employed";"Under 16 years";"F Construction";0;0;0;0;0
"Total sex";"2021";"Self-employed";"Under 16 years";"G Wholesale and retail trade";0;0;0;0;0
"Total sex";"2021";"Self-employed";"Under 16 years";"H Transportation";0;0;0;0;0
"Total sex";"2021";"Self-employed";"Under 16 years";"I Accommodation and food service activities";0;0;0;0;0
"Total sex";"2021";"Self-employed";"Under 16 years";"JA Publishing, television and radio broadcasting";0;0;1;0;0
"Total sex";"2021";"Self-employed";"Under 16 years";"JB Telecommunications";0;0;0;0;0
"Total sex";"2021";"Self-employed";"Under 16 years";"JC IT and information service activities";0;0;0;0;0
"Total sex";"2021";"Self-employed";"Under 16 years";"K Financial and insurance";0;0;0;0;0
"Total sex";"2021";"Self-employed";"Under 16 years";"L Real estate activities";0;0;0;0;0
"Total sex";"2021";"Self-employed";"Under 16 years";"MA Consultancy etc.";0;0;0;0;0
"Total sex";"2021";"Self-employed";"Under 16 years";"MB Scientific research and development";0;0;0;0;0
"Total sex";"2021";"Self-employed";"Under 16 years";"MC Advertising and other business services";0;0;0;0;0
"Total sex";"2021";"Self-employed";"Under 16 years";"N Travel agent, cleaning, and other operationel services";0;0;0;0;0
"Total sex";"2021";"Self-employed";"Under 16 years";"O Public administration, defence and compulsory social security";0;0;0;0;0
"Total sex";"2021";"Self-employed";"Under 16 years";"P Education";0;0;0;0;0
"Total sex";"2021";"Self-employed";"Under 16 years";"QA Human health activities";0;0;0;0;0
"Total sex";"2021";"Self-employed";"Under 16 years";"QB Residential care";0;0;0;0;0
"Total sex";"2021";"Self-employed";"Under 16 years";"R Arts, entertainment and recreation activities";0;0;0;0;0
"Total sex";"2021";"Self-employed";"Under 16 years";"S Other service activities etc.";0;0;0;0;0
"Total sex";"2021";"Self-employed";"Under 16 years";"X Activity not stated";3;0;0;0;1
"Total sex";"2021";"Self-employed";"16-19 years";"A Agriculture, forestry and fishing";2;1;4;3;0
"Total sex";"2021";"Self-employed";"16-19 years";"B Mining and quarrying";0;0;0;0;0
"Total sex";"2021";"Self-employed";"16-19 years";"CA Manufacture of food products, beverages and tobacco";0;0;1;0;0
"Total sex";"2021";"Self-employed";"16-19 years";"CB Textiles and leather products";2;1;0;0;0
"Total sex";"2021";"Self-employed";"16-19 years";"CC Wood and paper products and printing";0;0;2;0;0
"Total sex";"2021";"Self-employed";"16-19 years";"CD Oil refinery etc.";0;0;0;0;0
"Total sex";"2021";"Self-employed";"16-19 years";"CE Manufacture of chemicals";0;0;0;0;0
"Total sex";"2021";"Self-employed";"16-19 years";"CF Pharmaceuticals";0;0;0;0;0
"Total sex";"2021";"Self-employed";"16-19 years";"CG Manufacture of plastic, glass and concrete";0;0;0;0;0
"Total sex";"2021";"Self-employed";"16-19 years";"CH Basic metals and fabricated metal products";0;0;0;0;0
"Total sex";"2021";"Self-employed";"16-19 years";"CI Manufacture of electronic components";0;0;0;0;0
"Total sex";"2021";"Self-employed";"16-19 years";"CJ Electrical equipment";1;0;0;0;0
"Total sex";"2021";"Self-employed";"16-19 years";"CK Manufacture of machinery";0;0;0;1;0
"Total sex";"2021";"Self-employed";"16-19 years";"CL Transport equipment";0;0;0;0;0
"Total sex";"2021";"Self-employed";"16-19 years";"CM Manufacture of funiture and other manufacturing";2;2;2;6;0
"Total sex";"2021";"Self-employed";"16-19 years";"D Electricity, gas, steam and air conditioning supply";0;0;0;0;0
"Total sex";"2021";"Self-employed";"16-19 years";"E Water supply, sewerage and waste management";0;0;0;0;0
"Total sex";"2021";"Self-employed";"16-19 years";"F Construction";7;4;2;2;2
"Total sex";"2021";"Self-employed";"16-19 years";"G Wholesale and retail trade";25;16;15;23;8
"Total sex";"2021";"Self-employed";"16-19 years";"H Transportation";19;2;3;4;5
"Total sex";"2021";"Self-employed";"16-19 years";"I Accommodation and food service activities";1;0;4;6;0
"Total sex";"2021";"Self-employed";"16-19 years";"JA Publishing, television and radio broadcasting";11;4;6;2;5
"Total sex";"2021";"Self-employed";"16-19 years";"JB Telecommunications";0;0;0;0;0
"Total sex";"2021";"Self-employed";"16-19 years";"JC IT and information service activities";7;0;2;7;1
"Total sex";"2021";"Self-employed";"16-19 years";"K Financial and insurance";0;0;0;0;0
"Total sex";"2021";"Self-employed";"16-19 years";"L Real estate activities";1;0;0;0;0
"Total sex";"2021";"Self-employed";"16-19 years";"MA Consultancy etc.";4;2;0;1;0
"Total sex";"2021";"Self-employed";"16-19 years";"MB Scientific research and development";0;0;0;0;0
"Total sex";"2021";"Self-employed";"16-19 years";"MC Advertising and other business services";34;10;23;31;6
"Total sex";"2021";"Self-employed";"16-19 years";"N Travel agent, cleaning, and other operationel services";23;10;6;16;6
"Total sex";"2021";"Self-employed";"16-19 years";"O Public administration, defence and compulsory social security";0;0;0;0;0
"Total sex";"2021";"Self-employed";"16-19 years";"P Education";1;1;0;1;0
"Total sex";"2021";"Self-employed";"16-19 years";"QA Human health activities";0;0;0;0;0
"Total sex";"2021";"Self-employed";"16-19 years";"QB Residential care";0;1;1;0;0
"Total sex";"2021";"Self-employed";"16-19 years";"R Arts, entertainment and recreation activities";6;0;4;5;3
"Total sex";"2021";"Self-employed";"16-19 years";"S Other service activities etc.";9;3;8;7;0
"Total sex";"2021";"Self-employed";"16-19 years";"X Activity not stated";4;3;1;1;1
"Total sex";"2021";"Self-employed";"20-24 years";"A Agriculture, forestry and fishing";14;31;55;71;58
"Total sex";"2021";"Self-employed";"20-24 years";"B Mining and quarrying";0;0;0;0;0
"Total sex";"2021";"Self-employed";"20-24 years";"CA Manufacture of food products, beverages and tobacco";9;3;2;8;3
"Total sex";"2021";"Self-employed";"20-24 years";"CB Textiles and leather products";11;2;4;0;2
"Total sex";"2021";"Self-employed";"20-24 years";"CC Wood and paper products and printing";2;1;1;3;0
"Total sex";"2021";"Self-employed";"20-24 years";"CD Oil refinery etc.";0;0;0;0;0
"Total sex";"2021";"Self-employed";"20-24 years";"CE Manufacture of chemicals";3;0;0;0;0
"Total sex";"2021";"Self-employed";"20-24 years";"CF Pharmaceuticals";0;0;0;0;0
"Total sex";"2021";"Self-employed";"20-24 years";"CG Manufacture of plastic, glass and concrete";3;2;2;4;2
"Total sex";"2021";"Self-employed";"20-24 years";"CH Basic metals and fabricated metal products";5;3;6;9;3
"Total sex";"2021";"Self-employed";"20-24 years";"CI Manufacture of electronic components";2;0;1;0;1
"Total sex";"2021";"Self-employed";"20-24 years";"CJ Electrical equipment";1;0;0;3;4
"Total sex";"2021";"Self-employed";"20-24 years";"CK Manufacture of machinery";0;1;0;3;0
"Total sex";"2021";"Self-employed";"20-24 years";"CL Transport equipment";0;0;1;0;0
"Total sex";"2021";"Self-employed";"20-24 years";"CM Manufacture of funiture and other manufacturing";23;13;11;17;9
"Total sex";"2021";"Self-employed";"20-24 years";"D Electricity, gas, steam and air conditioning supply";0;0;0;0;0
"Total sex";"2021";"Self-employed";"20-24 years";"E Water supply, sewerage and waste management";0;1;0;0;0
"Total sex";"2021";"Self-employed";"20-24 years";"F Construction";135;110;71;95;46
"Total sex";"2021";"Self-employed";"20-24 years";"G Wholesale and retail trade";194;68;145;149;75
"Total sex";"2021";"Self-employed";"20-24 years";"H Transportation";189;30;58;81;48
"Total sex";"2021";"Self-employed";"20-24 years";"I Accommodation and food service activities";60;13;54;78;20
"Total sex";"2021";"Self-employed";"20-24 years";"JA Publishing, television and radio broadcasting";143;25;21;44;13
"Total sex";"2021";"Self-employed";"20-24 years";"JB Telecommunications";0;1;0;0;1
"Total sex";"2021";"Self-employed";"20-24 years";"JC IT and information service activities";75;14;29;37;20
"Total sex";"2021";"Self-employed";"20-24 years";"K Financial and insurance";26;4;1;5;0
"Total sex";"2021";"Self-employed";"20-24 years";"L Real estate activities";11;7;0;12;3
"Total sex";"2021";"Self-employed";"20-24 years";"MA Consultancy etc.";38;8;5;11;3
"Total sex";"2021";"Self-employed";"20-24 years";"MB Scientific research and development";1;0;0;0;1
"Total sex";"2021";"Self-employed";"20-24 years";"MC Advertising and other business services";249;64;110;132;60
"Total sex";"2021";"Self-employed";"20-24 years";"N Travel agent, cleaning, and other operationel services";186;79;88;92;32
"Total sex";"2021";"Self-employed";"20-24 years";"O Public administration, defence and compulsory social security";0;0;0;0;0
"Total sex";"2021";"Self-employed";"20-24 years";"P Education";36;14;10;18;5
"Total sex";"2021";"Self-employed";"20-24 years";"QA Human health activities";15;4;6;8;4
"Total sex";"2021";"Self-employed";"20-24 years";"QB Residential care";0;1;1;0;0
"Total sex";"2021";"Self-employed";"20-24 years";"R Arts, entertainment and recreation activities";123;24;47;54;14
"Total sex";"2021";"Self-employed";"20-24 years";"S Other service activities etc.";167;58;86;82;44
"Total sex";"2021";"Self-employed";"20-24 years";"X Activity not stated";19;1;2;6;2
"Total sex";"2021";"Self-employed";"25-29 years";"A Agriculture, forestry and fishing";46;73;152;118;90
"Total sex";"2021";"Self-employed";"25-29 years";"B Mining and quarrying";0;0;0;0;0
"Total sex";"2021";"Self-employed";"25-29 years";"CA Manufacture of food products, beverages and tobacco";11;3;4;20;2
"Total sex";"2021";"Self-employed";"25-29 years";"CB Textiles and leather products";23;4;5;5;1
"Total sex";"2021";"Self-employed";"25-29 years";"CC Wood and paper products and printing";2;2;0;5;0
"Total sex";"2021";"Self-employed";"25-29 years";"CD Oil refinery etc.";0;0;0;0;0
"Total sex";"2021";"Self-employed";"25-29 years";"CE Manufacture of chemicals";1;1;1;0;0
"Total sex";"2021";"Self-employed";"25-29 years";"CF Pharmaceuticals";0;0;1;0;0
"Total sex";"2021";"Self-employed";"25-29 years";"CG Manufacture of plastic, glass and concrete";7;0;2;2;2
"Total sex";"2021";"Self-employed";"25-29 years";"CH Basic metals and fabricated metal products";7;14;17;12;10
"Total sex";"2021";"Self-employed";"25-29 years";"CI Manufacture of electronic components";0;0;1;1;3
"Total sex";"2021";"Self-employed";"25-29 years";"CJ Electrical equipment";1;0;0;0;0
"Total sex";"2021";"Self-employed";"25-29 years";"CK Manufacture of machinery";2;3;0;7;3
"Total sex";"2021";"Self-employed";"25-29 years";"CL Transport equipment";2;1;2;2;0
"Total sex";"2021";"Self-employed";"25-29 years";"CM Manufacture of funiture and other manufacturing";45;17;35;31;16
"Total sex";"2021";"Self-employed";"25-29 years";"D Electricity, gas, steam and air conditioning supply";0;0;0;1;0
"Total sex";"2021";"Self-employed";"25-29 years";"E Water supply, sewerage and waste management";2;1;2;0;0
"Total sex";"2021";"Self-employed";"25-29 years";"F Construction";317;284;184;226;125
"Total sex";"2021";"Self-employed";"25-29 years";"G Wholesale and retail trade";276;108;151;186;74
"Total sex";"2021";"Self-employed";"25-29 years";"H Transportation";317;36;83;89;75
"Total sex";"2021";"Self-employed";"25-29 years";"I Accommodation and food service activities";114;47;85;108;47
"Total sex";"2021";"Self-employed";"25-29 years";"JA Publishing, television and radio broadcasting";272;20;33;81;17
"Total sex";"2021";"Self-employed";"25-29 years";"JB Telecommunications";1;1;0;2;0
"Total sex";"2021";"Self-employed";"25-29 years";"JC IT and information service activities";128;17;37;51;32
"Total sex";"2021";"Self-employed";"25-29 years";"K Financial and insurance";44;4;3;3;1
"Total sex";"2021";"Self-employed";"25-29 years";"L Real estate activities";18;7;8;19;9
"Total sex";"2021";"Self-employed";"25-29 years";"MA Consultancy etc.";131;16;31;47;18
"Total sex";"2021";"Self-employed";"25-29 years";"MB Scientific research and development";4;0;0;1;0
"Total sex";"2021";"Self-employed";"25-29 years";"MC Advertising and other business services";407;49;85;152;44
"Total sex";"2021";"Self-employed";"25-29 years";"N Travel agent, cleaning, and other operationel services";283;120;151;153;76
"Total sex";"2021";"Self-employed";"25-29 years";"O Public administration, defence and compulsory social security";1;0;0;0;0
"Total sex";"2021";"Self-employed";"25-29 years";"P Education";133;22;28;63;13
"Total sex";"2021";"Self-employed";"25-29 years";"QA Human health activities";205;50;83;100;38
"Total sex";"2021";"Self-employed";"25-29 years";"QB Residential care";5;5;4;0;1
"Total sex";"2021";"Self-employed";"25-29 years";"R Arts, entertainment and recreation activities";336;33;69;88;39
"Total sex";"2021";"Self-employed";"25-29 years";"S Other service activities etc.";343;141;188;185;78
"Total sex";"2021";"Self-employed";"25-29 years";"X Activity not stated";34;4;11;18;1
"Total sex";"2021";"Self-employed";"30-34 years";"A Agriculture, forestry and fishing";43;102;214;178;136
"Total sex";"2021";"Self-employed";"30-34 years";"B Mining and quarrying";0;0;0;0;0
"Total sex";"2021";"Self-employed";"30-34 years";"CA Manufacture of food products, beverages and tobacco";26;4;8;13;5
"Total sex";"2021";"Self-employed";"30-34 years";"CB Textiles and leather products";28;5;8;5;1
"Total sex";"2021";"Self-employed";"30-34 years";"CC Wood and paper products and printing";7;6;4;3;3
"Total sex";"2021";"Self-employed";"30-34 years";"CD Oil refinery etc.";0;0;0;0;0
"Total sex";"2021";"Self-employed";"30-34 years";"CE Manufacture of chemicals";2;0;0;0;0
"Total sex";"2021";"Self-employed";"30-34 years";"CF Pharmaceuticals";0;0;0;0;0
"Total sex";"2021";"Self-employed";"30-34 years";"CG Manufacture of plastic, glass and concrete";10;3;3;6;3
"Total sex";"2021";"Self-employed";"30-34 years";"CH Basic metals and fabricated metal products";9;12;14;20;10
"Total sex";"2021";"Self-employed";"30-34 years";"CI Manufacture of electronic components";1;1;1;1;0
"Total sex";"2021";"Self-employed";"30-34 years";"CJ Electrical equipment";1;1;1;0;0
"Total sex";"2021";"Self-employed";"30-34 years";"CK Manufacture of machinery";3;8;7;3;4
"Total sex";"2021";"Self-employed";"30-34 years";"CL Transport equipment";1;2;2;0;0
"Total sex";"2021";"Self-employed";"30-34 years";"CM Manufacture of funiture and other manufacturing";71;34;44;48;27
"Total sex";"2021";"Self-employed";"30-34 years";"D Electricity, gas, steam and air conditioning supply";0;0;0;1;1
"Total sex";"2021";"Self-employed";"30-34 years";"E Water supply, sewerage and waste management";1;4;2;0;1
"Total sex";"2021";"Self-employed";"30-34 years";"F Construction";523;428;269;249;146
"Total sex";"2021";"Self-employed";"30-34 years";"G Wholesale and retail trade";303;125;201;236;100
"Total sex";"2021";"Self-employed";"30-34 years";"H Transportation";333;60;68;108;67
"Total sex";"2021";"Self-employed";"30-34 years";"I Accommodation and food service activities";173;81;140;123;67
"Total sex";"2021";"Self-employed";"30-34 years";"JA Publishing, television and radio broadcasting";318;29;36;59;19
"Total sex";"2021";"Self-employed";"30-34 years";"JB Telecommunications";1;1;0;1;0
"Total sex";"2021";"Self-employed";"30-34 years";"JC IT and information service activities";199;27;48;61;22
"Total sex";"2021";"Self-employed";"30-34 years";"K Financial and insurance";19;3;7;8;3
"Total sex";"2021";"Self-employed";"30-34 years";"L Real estate activities";24;14;23;34;6
"Total sex";"2021";"Self-employed";"30-34 years";"MA Consultancy etc.";260;34;55;80;24
"Total sex";"2021";"Self-employed";"30-34 years";"MB Scientific research and development";5;2;1;1;1
"Total sex";"2021";"Self-employed";"30-34 years";"MC Advertising and other business services";516;87;120;154;52
"Total sex";"2021";"Self-employed";"30-34 years";"N Travel agent, cleaning, and other operationel services";369;163;172;189;92
"Total sex";"2021";"Self-employed";"30-34 years";"O Public administration, defence and compulsory social security";3;0;0;0;0
"Total sex";"2021";"Self-employed";"30-34 years";"P Education";214;42;60;90;26
"Total sex";"2021";"Self-employed";"30-34 years";"QA Human health activities";326;93;126;171;48
"Total sex";"2021";"Self-employed";"30-34 years";"QB Residential care";14;3;3;6;4
"Total sex";"2021";"Self-employed";"30-34 years";"R Arts, entertainment and recreation activities";395;32;48;112;30
"Total sex";"2021";"Self-employed";"30-34 years";"S Other service activities etc.";498;196;252;242;101
"Total sex";"2021";"Self-employed";"30-34 years";"X Activity not stated";43;8;11;21;12
"Total sex";"2021";"Self-employed";"35-39 years";"A Agriculture, forestry and fishing";42;155;271;220;157
"Total sex";"2021";"Self-employed";"35-39 years";"B Mining and quarrying";1;0;0;0;0
"Total sex";"2021";"Self-employed";"35-39 years";"CA Manufacture of food products, beverages and tobacco";14;10;9;8;1
"Total sex";"2021";"Self-employed";"35-39 years";"CB Textiles and leather products";21;11;15;12;3
"Total sex";"2021";"Self-employed";"35-39 years";"CC Wood and paper products and printing";9;2;5;4;1
"Total sex";"2021";"Self-employed";"35-39 years";"CD Oil refinery etc.";0;0;0;0;0
"Total sex";"2021";"Self-employed";"35-39 years";"CE Manufacture of chemicals";0;0;1;1;0
"Total sex";"2021";"Self-employed";"35-39 years";"CF Pharmaceuticals";0;0;0;0;0
"Total sex";"2021";"Self-employed";"35-39 years";"CG Manufacture of plastic, glass and concrete";6;3;1;5;2
"Total sex";"2021";"Self-employed";"35-39 years";"CH Basic metals and fabricated metal products";7;14;15;23;11
"Total sex";"2021";"Self-employed";"35-39 years";"CI Manufacture of electronic components";1;0;0;1;0
"Total sex";"2021";"Self-employed";"35-39 years";"CJ Electrical equipment";1;0;0;1;1
"Total sex";"2021";"Self-employed";"35-39 years";"CK Manufacture of machinery";2;4;4;6;4
"Total sex";"2021";"Self-employed";"35-39 years";"CL Transport equipment";2;0;1;3;1
"Total sex";"2021";"Self-employed";"35-39 years";"CM Manufacture of funiture and other manufacturing";80;33;50;59;21
"Total sex";"2021";"Self-employed";"35-39 years";"D Electricity, gas, steam and air conditioning supply";0;0;0;0;1
"Total sex";"2021";"Self-employed";"35-39 years";"E Water supply, sewerage and waste management";2;1;2;2;1
"Total sex";"2021";"Self-employed";"35-39 years";"F Construction";558;371;305;335;164
"Total sex";"2021";"Self-employed";"35-39 years";"G Wholesale and retail trade";366;168;220;294;130
"Total sex";"2021";"Self-employed";"35-39 years";"H Transportation";223;54;59;81;58
"Total sex";"2021";"Self-employed";"35-39 years";"I Accommodation and food service activities";202;100;160;160;69
"Total sex";"2021";"Self-employed";"35-39 years";"JA Publishing, television and radio broadcasting";285;27;28;54;17
"Total sex";"2021";"Self-employed";"35-39 years";"JB Telecommunications";4;1;0;0;0
"Total sex";"2021";"Self-employed";"35-39 years";"JC IT and information service activities";237;45;58;72;28
"Total sex";"2021";"Self-employed";"35-39 years";"K Financial and insurance";16;5;6;9;3
"Total sex";"2021";"Self-employed";"35-39 years";"L Real estate activities";30;17;40;57;19
"Total sex";"2021";"Self-employed";"35-39 years";"MA Consultancy etc.";361;60;96;135;37
"Total sex";"2021";"Self-employed";"35-39 years";"MB Scientific research and development";10;3;0;1;0
"Total sex";"2021";"Self-employed";"35-39 years";"MC Advertising and other business services";499;65;147;199;45
"Total sex";"2021";"Self-employed";"35-39 years";"N Travel agent, cleaning, and other operationel services";372;164;191;193;104
"Total sex";"2021";"Self-employed";"35-39 years";"O Public administration, defence and compulsory social security";0;0;0;0;0
"Total sex";"2021";"Self-employed";"35-39 years";"P Education";221;67;53;86;33
"Total sex";"2021";"Self-employed";"35-39 years";"QA Human health activities";388;139;200;278;101
"Total sex";"2021";"Self-employed";"35-39 years";"QB Residential care";25;10;6;4;10
"Total sex";"2021";"Self-employed";"35-39 years";"R Arts, entertainment and recreation activities";385;56;64;93;19
"Total sex";"2021";"Self-employed";"35-39 years";"S Other service activities etc.";478;216;318;293;115
"Total sex";"2021";"Self-employed";"35-39 years";"X Activity not stated";107;14;31;28;15
"Total sex";"2021";"Self-employed";"40-44 years";"A Agriculture, forestry and fishing";68;187;353;344;212
"Total sex";"2021";"Self-employed";"40-44 years";"B Mining and quarrying";1;0;1;0;0
"Total sex";"2021";"Self-employed";"40-44 years";"CA Manufacture of food products, beverages and tobacco";23;11;18;9;9
"Total sex";"2021";"Self-employed";"40-44 years";"CB Textiles and leather products";35;8;21;14;3
"Total sex";"2021";"Self-employed";"40-44 years";"CC Wood and paper products and printing";14;7;8;8;3
"Total sex";"2021";"Self-employed";"40-44 years";"CD Oil refinery etc.";0;0;0;0;0
"Total sex";"2021";"Self-employed";"40-44 years";"CE Manufacture of chemicals";1;2;1;2;0
"Total sex";"2021";"Self-employed";"40-44 years";"CF Pharmaceuticals";0;0;0;0;0
"Total sex";"2021";"Self-employed";"40-44 years";"CG Manufacture of plastic, glass and concrete";10;2;7;7;3
"Total sex";"2021";"Self-employed";"40-44 years";"CH Basic metals and fabricated metal products";10;18;24;25;11
"Total sex";"2021";"Self-employed";"40-44 years";"CI Manufacture of electronic components";1;1;3;1;1
"Total sex";"2021";"Self-employed";"40-44 years";"CJ Electrical equipment";2;1;0;0;0
"Total sex";"2021";"Self-employed";"40-44 years";"CK Manufacture of machinery";4;3;8;9;5
"Total sex";"2021";"Self-employed";"40-44 years";"CL Transport equipment";2;2;0;0;2
"Total sex";"2021";"Self-employed";"40-44 years";"CM Manufacture of funiture and other manufacturing";94;44;47;57;30
"Total sex";"2021";"Self-employed";"40-44 years";"D Electricity, gas, steam and air conditioning supply";0;0;1;3;4
"Total sex";"2021";"Self-employed";"40-44 years";"E Water supply, sewerage and waste management";3;2;1;4;1
"Total sex";"2021";"Self-employed";"40-44 years";"F Construction";598;431;367;324;173
"Total sex";"2021";"Self-employed";"40-44 years";"G Wholesale and retail trade";482;242;349;397;197
"Total sex";"2021";"Self-employed";"40-44 years";"H Transportation";183;64;66;92;48
"Total sex";"2021";"Self-employed";"40-44 years";"I Accommodation and food service activities";272;102;179;173;95
"Total sex";"2021";"Self-employed";"40-44 years";"JA Publishing, television and radio broadcasting";303;28;28;58;14
"Total sex";"2021";"Self-employed";"40-44 years";"JB Telecommunications";0;0;3;1;0
"Total sex";"2021";"Self-employed";"40-44 years";"JC IT and information service activities";328;77;69;134;29
"Total sex";"2021";"Self-employed";"40-44 years";"K Financial and insurance";18;6;7;14;1
"Total sex";"2021";"Self-employed";"40-44 years";"L Real estate activities";53;36;70;82;33
"Total sex";"2021";"Self-employed";"40-44 years";"MA Consultancy etc.";602;121;139;242;58
"Total sex";"2021";"Self-employed";"40-44 years";"MB Scientific research and development";12;5;1;0;0
"Total sex";"2021";"Self-employed";"40-44 years";"MC Advertising and other business services";622;111;163;242;65
"Total sex";"2021";"Self-employed";"40-44 years";"N Travel agent, cleaning, and other operationel services";416;212;229;252;101
"Total sex";"2021";"Self-employed";"40-44 years";"O Public administration, defence and compulsory social security";3;1;1;0;0
"Total sex";"2021";"Self-employed";"40-44 years";"P Education";275;73;91;118;28
"Total sex";"2021";"Self-employed";"40-44 years";"QA Human health activities";725;243;381;500;204
"Total sex";"2021";"Self-employed";"40-44 years";"QB Residential care";33;17;9;11;7
"Total sex";"2021";"Self-employed";"40-44 years";"R Arts, entertainment and recreation activities";392;77;68;105;27
"Total sex";"2021";"Self-employed";"40-44 years";"S Other service activities etc.";587;200;339;338;157
"Total sex";"2021";"Self-employed";"40-44 years";"X Activity not stated";206;37;42;57;25
"Total sex";"2021";"Self-employed";"45-49 years";"A Agriculture, forestry and fishing";101;258;475;488;280
"Total sex";"2021";"Self-employed";"45-49 years";"B Mining and quarrying";2;0;3;0;0
"Total sex";"2021";"Self-employed";"45-49 years";"CA Manufacture of food products, beverages and tobacco";24;14;19;14;9
"Total sex";"2021";"Self-employed";"45-49 years";"CB Textiles and leather products";35;10;21;17;7
"Total sex";"2021";"Self-employed";"45-49 years";"CC Wood and paper products and printing";19;12;10;15;2
"Total sex";"2021";"Self-employed";"45-49 years";"CD Oil refinery etc.";0;0;0;0;0
"Total sex";"2021";"Self-employed";"45-49 years";"CE Manufacture of chemicals";7;0;0;1;2
"Total sex";"2021";"Self-employed";"45-49 years";"CF Pharmaceuticals";1;1;0;0;1
"Total sex";"2021";"Self-employed";"45-49 years";"CG Manufacture of plastic, glass and concrete";18;5;11;6;12
"Total sex";"2021";"Self-employed";"45-49 years";"CH Basic metals and fabricated metal products";14;30;41;35;19
"Total sex";"2021";"Self-employed";"45-49 years";"CI Manufacture of electronic components";0;1;1;2;0
"Total sex";"2021";"Self-employed";"45-49 years";"CJ Electrical equipment";1;1;2;3;0
"Total sex";"2021";"Self-employed";"45-49 years";"CK Manufacture of machinery";3;6;8;11;3
"Total sex";"2021";"Self-employed";"45-49 years";"CL Transport equipment";1;0;2;4;0
"Total sex";"2021";"Self-employed";"45-49 years";"CM Manufacture of funiture and other manufacturing";91;58;94;62;43
"Total sex";"2021";"Self-employed";"45-49 years";"D Electricity, gas, steam and air conditioning supply";0;1;1;7;6
"Total sex";"2021";"Self-employed";"45-49 years";"E Water supply, sewerage and waste management";3;3;7;7;2
"Total sex";"2021";"Self-employed";"45-49 years";"F Construction";582;459;390;374;202
"Total sex";"2021";"Self-employed";"45-49 years";"G Wholesale and retail trade";682;348;480;521;269
"Total sex";"2021";"Self-employed";"45-49 years";"H Transportation";227;67;98;119;59
"Total sex";"2021";"Self-employed";"45-49 years";"I Accommodation and food service activities";333;150;232;209;102
"Total sex";"2021";"Self-employed";"45-49 years";"JA Publishing, television and radio broadcasting";284;26;38;48;15
"Total sex";"2021";"Self-employed";"45-49 years";"JB Telecommunications";1;0;3;1;1
"Total sex";"2021";"Self-employed";"45-49 years";"JC IT and information service activities";481;123;106;148;35
"Total sex";"2021";"Self-employed";"45-49 years";"K Financial and insurance";17;6;20;24;7
"Total sex";"2021";"Self-employed";"45-49 years";"L Real estate activities";85;40;81;108;43
"Total sex";"2021";"Self-employed";"45-49 years";"MA Consultancy etc.";901;203;210;298;94
"Total sex";"2021";"Self-employed";"45-49 years";"MB Scientific research and development";8;2;3;3;1
"Total sex";"2021";"Self-employed";"45-49 years";"MC Advertising and other business services";736;130;189;268;72
"Total sex";"2021";"Self-employed";"45-49 years";"N Travel agent, cleaning, and other operationel services";475;286;275;289;127
"Total sex";"2021";"Self-employed";"45-49 years";"O Public administration, defence and compulsory social security";4;1;2;3;1
"Total sex";"2021";"Self-employed";"45-49 years";"P Education";337;121;119;144;49
"Total sex";"2021";"Self-employed";"45-49 years";"QA Human health activities";1081;393;550;624;210
"Total sex";"2021";"Self-employed";"45-49 years";"QB Residential care";56;18;32;12;20
"Total sex";"2021";"Self-employed";"45-49 years";"R Arts, entertainment and recreation activities";430;63;97;105;31
"Total sex";"2021";"Self-employed";"45-49 years";"S Other service activities etc.";555;241;313;371;163
"Total sex";"2021";"Self-employed";"45-49 years";"X Activity not stated";262;41;58;79;32
"Total sex";"2021";"Self-employed";"50-54 years";"A Agriculture, forestry and fishing";141;325;675;666;393
"Total sex";"2021";"Self-employed";"50-54 years";"B Mining and quarrying";1;1;5;0;2
"Total sex";"2021";"Self-employed";"50-54 years";"CA Manufacture of food products, beverages and tobacco";33;29;26;24;22
"Total sex";"2021";"Self-employed";"50-54 years";"CB Textiles and leather products";37;11;16;14;11
"Total sex";"2021";"Self-employed";"50-54 years";"CC Wood and paper products and printing";15;5;13;16;8
"Total sex";"2021";"Self-employed";"50-54 years";"CD Oil refinery etc.";0;0;0;0;0
"Total sex";"2021";"Self-employed";"50-54 years";"CE Manufacture of chemicals";2;0;1;1;1
"Total sex";"2021";"Self-employed";"50-54 years";"CF Pharmaceuticals";1;0;1;0;0
"Total sex";"2021";"Self-employed";"50-54 years";"CG Manufacture of plastic, glass and concrete";15;8;7;9;8
"Total sex";"2021";"Self-employed";"50-54 years";"CH Basic metals and fabricated metal products";17;20;38;35;27
"Total sex";"2021";"Self-employed";"50-54 years";"CI Manufacture of electronic components";3;1;1;1;2
"Total sex";"2021";"Self-employed";"50-54 years";"CJ Electrical equipment";1;1;2;2;0
"Total sex";"2021";"Self-employed";"50-54 years";"CK Manufacture of machinery";8;8;11;9;5
"Total sex";"2021";"Self-employed";"50-54 years";"CL Transport equipment";1;0;6;1;0
"Total sex";"2021";"Self-employed";"50-54 years";"CM Manufacture of funiture and other manufacturing";86;73;88;74;46
"Total sex";"2021";"Self-employed";"50-54 years";"D Electricity, gas, steam and air conditioning supply";1;3;2;8;6
"Total sex";"2021";"Self-employed";"50-54 years";"E Water supply, sewerage and waste management";3;4;3;4;2
"Total sex";"2021";"Self-employed";"50-54 years";"F Construction";668;451;361;403;194
"Total sex";"2021";"Self-employed";"50-54 years";"G Wholesale and retail trade";746;403;591;612;290
"Total sex";"2021";"Self-employed";"50-54 years";"H Transportation";247;110;134;132;68
"Total sex";"2021";"Self-employed";"50-54 years";"I Accommodation and food service activities";369;178;248;208;114
"Total sex";"2021";"Self-employed";"50-54 years";"JA Publishing, television and radio broadcasting";203;19;30;41;11
"Total sex";"2021";"Self-employed";"50-54 years";"JB Telecommunications";2;1;3;0;0
"Total sex";"2021";"Self-employed";"50-54 years";"JC IT and information service activities";440;115;93;120;34
"Total sex";"2021";"Self-employed";"50-54 years";"K Financial and insurance";14;7;19;20;8
"Total sex";"2021";"Self-employed";"50-54 years";"L Real estate activities";100;65;106;126;43
"Total sex";"2021";"Self-employed";"50-54 years";"MA Consultancy etc.";981;252;236;365;104
"Total sex";"2021";"Self-employed";"50-54 years";"MB Scientific research and development";8;3;2;2;1
"Total sex";"2021";"Self-employed";"50-54 years";"MC Advertising and other business services";657;131;188;228;63
"Total sex";"2021";"Self-employed";"50-54 years";"N Travel agent, cleaning, and other operationel services";453;279;313;296;119
"Total sex";"2021";"Self-employed";"50-54 years";"O Public administration, defence and compulsory social security";3;0;2;1;0
"Total sex";"2021";"Self-employed";"50-54 years";"P Education";304;121;112;150;41
"Total sex";"2021";"Self-employed";"50-54 years";"QA Human health activities";921;369;537;543;214
"Total sex";"2021";"Self-employed";"50-54 years";"QB Residential care";40;18;21;20;14
"Total sex";"2021";"Self-employed";"50-54 years";"R Arts, entertainment and recreation activities";307;52;68;103;27
"Total sex";"2021";"Self-employed";"50-54 years";"S Other service activities etc.";554;263;363;342;159
"Total sex";"2021";"Self-employed";"50-54 years";"X Activity not stated";236;59;75;70;38
"Total sex";"2021";"Self-employed";"55-59 years";"A Agriculture, forestry and fishing";192;455;995;912;582
"Total sex";"2021";"Self-employed";"55-59 years";"B Mining and quarrying";4;3;5;0;2
"Total sex";"2021";"Self-employed";"55-59 years";"CA Manufacture of food products, beverages and tobacco";21;13;27;23;16
"Total sex";"2021";"Self-employed";"55-59 years";"CB Textiles and leather products";28;12;16;18;8
"Total sex";"2021";"Self-employed";"55-59 years";"CC Wood and paper products and printing";13;14;11;20;9
"Total sex";"2021";"Self-employed";"55-59 years";"CD Oil refinery etc.";0;0;0;0;0
"Total sex";"2021";"Self-employed";"55-59 years";"CE Manufacture of chemicals";3;3;3;1;1
"Total sex";"2021";"Self-employed";"55-59 years";"CF Pharmaceuticals";1;0;0;0;0
"Total sex";"2021";"Self-employed";"55-59 years";"CG Manufacture of plastic, glass and concrete";16;7;10;15;11
"Total sex";"2021";"Self-employed";"55-59 years";"CH Basic metals and fabricated metal products";22;27;39;36;10
"Total sex";"2021";"Self-employed";"55-59 years";"CI Manufacture of electronic components";4;5;2;3;1
"Total sex";"2021";"Self-employed";"55-59 years";"CJ Electrical equipment";0;2;4;0;1
"Total sex";"2021";"Self-employed";"55-59 years";"CK Manufacture of machinery";5;15;11;14;5
"Total sex";"2021";"Self-employed";"55-59 years";"CL Transport equipment";0;2;3;1;1
"Total sex";"2021";"Self-employed";"55-59 years";"CM Manufacture of funiture and other manufacturing";83;58;89;91;31
"Total sex";"2021";"Self-employed";"55-59 years";"D Electricity, gas, steam and air conditioning supply";1;4;14;18;19
"Total sex";"2021";"Self-employed";"55-59 years";"E Water supply, sewerage and waste management";2;11;7;4;6
"Total sex";"2021";"Self-employed";"55-59 years";"F Construction";598;483;420;342;198
"Total sex";"2021";"Self-employed";"55-59 years";"G Wholesale and retail trade";799;485;631;644;301
"Total sex";"2021";"Self-employed";"55-59 years";"H Transportation";330;167;162;166;75
"Total sex";"2021";"Self-employed";"55-59 years";"I Accommodation and food service activities";348;173;245;228;119
"Total sex";"2021";"Self-employed";"55-59 years";"JA Publishing, television and radio broadcasting";158;16;29;31;7
"Total sex";"2021";"Self-employed";"55-59 years";"JB Telecommunications";2;1;2;3;0
"Total sex";"2021";"Self-employed";"55-59 years";"JC IT and information service activities";396;118;81;122;21
"Total sex";"2021";"Self-employed";"55-59 years";"K Financial and insurance";24;12;26;22;10
"Total sex";"2021";"Self-employed";"55-59 years";"L Real estate activities";142;82;169;160;76
"Total sex";"2021";"Self-employed";"55-59 years";"MA Consultancy etc.";1052;301;333;365;126
"Total sex";"2021";"Self-employed";"55-59 years";"MB Scientific research and development";15;2;2;5;1
"Total sex";"2021";"Self-employed";"55-59 years";"MC Advertising and other business services";573;125;141;198;53
"Total sex";"2021";"Self-employed";"55-59 years";"N Travel agent, cleaning, and other operationel services";492;306;324;314;147
"Total sex";"2021";"Self-employed";"55-59 years";"O Public administration, defence and compulsory social security";1;4;0;4;0
"Total sex";"2021";"Self-employed";"55-59 years";"P Education";263;97;112;131;31
"Total sex";"2021";"Self-employed";"55-59 years";"QA Human health activities";958;349;536;569;212
"Total sex";"2021";"Self-employed";"55-59 years";"QB Residential care";42;32;17;12;21
"Total sex";"2021";"Self-employed";"55-59 years";"R Arts, entertainment and recreation activities";266;67;70;82;30
"Total sex";"2021";"Self-employed";"55-59 years";"S Other service activities etc.";498;222;281;289;138
"Total sex";"2021";"Self-employed";"55-59 years";"X Activity not stated";223;64;78;87;35
"Total sex";"2021";"Self-employed";"60-64 years";"A Agriculture, forestry and fishing";199;622;1021;1028;637
"Total sex";"2021";"Self-employed";"60-64 years";"B Mining and quarrying";2;1;2;3;0
"Total sex";"2021";"Self-employed";"60-64 years";"CA Manufacture of food products, beverages and tobacco";14;10;18;18;9
"Total sex";"2021";"Self-employed";"60-64 years";"CB Textiles and leather products";26;15;20;28;7
"Total sex";"2021";"Self-employed";"60-64 years";"CC Wood and paper products and printing";24;16;14;16;9
"Total sex";"2021";"Self-employed";"60-64 years";"CD Oil refinery etc.";0;0;0;0;0
"Total sex";"2021";"Self-employed";"60-64 years";"CE Manufacture of chemicals";2;2;1;1;1
"Total sex";"2021";"Self-employed";"60-64 years";"CF Pharmaceuticals";2;0;0;1;0
"Total sex";"2021";"Self-employed";"60-64 years";"CG Manufacture of plastic, glass and concrete";7;11;11;8;5
"Total sex";"2021";"Self-employed";"60-64 years";"CH Basic metals and fabricated metal products";20;18;29;28;15
"Total sex";"2021";"Self-employed";"60-64 years";"CI Manufacture of electronic components";5;1;1;1;2
"Total sex";"2021";"Self-employed";"60-64 years";"CJ Electrical equipment";0;4;4;1;3
"Total sex";"2021";"Self-employed";"60-64 years";"CK Manufacture of machinery";8;10;13;12;6
"Total sex";"2021";"Self-employed";"60-64 years";"CL Transport equipment";3;2;1;2;2
"Total sex";"2021";"Self-employed";"60-64 years";"CM Manufacture of funiture and other manufacturing";64;37;56;65;32
"Total sex";"2021";"Self-employed";"60-64 years";"D Electricity, gas, steam and air conditioning supply";3;9;10;24;25
"Total sex";"2021";"Self-employed";"60-64 years";"E Water supply, sewerage and waste management";4;2;4;4;3
"Total sex";"2021";"Self-employed";"60-64 years";"F Construction";372;369;283;330;169
"Total sex";"2021";"Self-employed";"60-64 years";"G Wholesale and retail trade";646;351;517;528;230
"Total sex";"2021";"Self-employed";"60-64 years";"H Transportation";207;141;162;189;98
"Total sex";"2021";"Self-employed";"60-64 years";"I Accommodation and food service activities";202;111;176;144;86
"Total sex";"2021";"Self-employed";"60-64 years";"JA Publishing, television and radio broadcasting";100;21;21;28;9
"Total sex";"2021";"Self-employed";"60-64 years";"JB Telecommunications";1;1;1;1;0
"Total sex";"2021";"Self-employed";"60-64 years";"JC IT and information service activities";259;76;59;91;26
"Total sex";"2021";"Self-employed";"60-64 years";"K Financial and insurance";33;9;15;23;7
"Total sex";"2021";"Self-employed";"60-64 years";"L Real estate activities";140;119;198;209;97
"Total sex";"2021";"Self-employed";"60-64 years";"MA Consultancy etc.";873;277;259;325;120
"Total sex";"2021";"Self-employed";"60-64 years";"MB Scientific research and development";12;0;4;3;2
"Total sex";"2021";"Self-employed";"60-64 years";"MC Advertising and other business services";428;92;107;175;52
"Total sex";"2021";"Self-employed";"60-64 years";"N Travel agent, cleaning, and other operationel services";380;236;275;265;105
"Total sex";"2021";"Self-employed";"60-64 years";"O Public administration, defence and compulsory social security";2;2;1;2;0
"Total sex";"2021";"Self-employed";"60-64 years";"P Education";217;74;99;93;33
"Total sex";"2021";"Self-employed";"60-64 years";"QA Human health activities";765;295;465;515;194
"Total sex";"2021";"Self-employed";"60-64 years";"QB Residential care";25;22;11;17;12
"Total sex";"2021";"Self-employed";"60-64 years";"R Arts, entertainment and recreation activities";190;58;61;81;26
"Total sex";"2021";"Self-employed";"60-64 years";"S Other service activities etc.";327;176;218;211;89
"Total sex";"2021";"Self-employed";"60-64 years";"X Activity not stated";169;73;110;117;58
"Total sex";"2021";"Self-employed";"65-66 years";"A Agriculture, forestry and fishing";79;249;424;460;279
"Total sex";"2021";"Self-employed";"65-66 years";"B Mining and quarrying";0;0;1;1;1
"Total sex";"2021";"Self-employed";"65-66 years";"CA Manufacture of food products, beverages and tobacco";2;3;6;2;4
"Total sex";"2021";"Self-employed";"65-66 years";"CB Textiles and leather products";6;3;5;4;3
"Total sex";"2021";"Self-employed";"65-66 years";"CC Wood and paper products and printing";5;1;5;7;3
"Total sex";"2021";"Self-employed";"65-66 years";"CD Oil refinery etc.";0;0;0;0;0
"Total sex";"2021";"Self-employed";"65-66 years";"CE Manufacture of chemicals";0;0;1;0;0
"Total sex";"2021";"Self-employed";"65-66 years";"CF Pharmaceuticals";0;0;0;0;0
"Total sex";"2021";"Self-employed";"65-66 years";"CG Manufacture of plastic, glass and concrete";1;1;2;6;1
"Total sex";"2021";"Self-employed";"65-66 years";"CH Basic metals and fabricated metal products";5;5;11;13;9
"Total sex";"2021";"Self-employed";"65-66 years";"CI Manufacture of electronic components";3;0;0;0;0
"Total sex";"2021";"Self-employed";"65-66 years";"CJ Electrical equipment";0;1;2;0;0
"Total sex";"2021";"Self-employed";"65-66 years";"CK Manufacture of machinery";2;2;4;7;1
"Total sex";"2021";"Self-employed";"65-66 years";"CL Transport equipment";0;0;1;1;0
"Total sex";"2021";"Self-employed";"65-66 years";"CM Manufacture of funiture and other manufacturing";21;18;23;23;9
"Total sex";"2021";"Self-employed";"65-66 years";"D Electricity, gas, steam and air conditioning supply";1;0;4;13;12
"Total sex";"2021";"Self-employed";"65-66 years";"E Water supply, sewerage and waste management";0;1;2;2;0
"Total sex";"2021";"Self-employed";"65-66 years";"F Construction";106;93;76;115;54
"Total sex";"2021";"Self-employed";"65-66 years";"G Wholesale and retail trade";158;101;163;185;89
"Total sex";"2021";"Self-employed";"65-66 years";"H Transportation";83;44;60;61;24
"Total sex";"2021";"Self-employed";"65-66 years";"I Accommodation and food service activities";48;25;42;45;26
"Total sex";"2021";"Self-employed";"65-66 years";"JA Publishing, television and radio broadcasting";28;9;11;14;3
"Total sex";"2021";"Self-employed";"65-66 years";"JB Telecommunications";0;0;0;0;1
"Total sex";"2021";"Self-employed";"65-66 years";"JC IT and information service activities";79;17;23;27;13
"Total sex";"2021";"Self-employed";"65-66 years";"K Financial and insurance";12;2;3;14;5
"Total sex";"2021";"Self-employed";"65-66 years";"L Real estate activities";63;67;127;102;48
"Total sex";"2021";"Self-employed";"65-66 years";"MA Consultancy etc.";278;106;95;124;48
"Total sex";"2021";"Self-employed";"65-66 years";"MB Scientific research and development";5;3;1;0;0
"Total sex";"2021";"Self-employed";"65-66 years";"MC Advertising and other business services";135;27;38;37;16
"Total sex";"2021";"Self-employed";"65-66 years";"N Travel agent, cleaning, and other operationel services";96;59;70;65;26
"Total sex";"2021";"Self-employed";"65-66 years";"O Public administration, defence and compulsory social security";1;0;0;1;0
"Total sex";"2021";"Self-employed";"65-66 years";"P Education";41;18;20;20;13
"Total sex";"2021";"Self-employed";"65-66 years";"QA Human health activities";233;120;130;158;72
"Total sex";"2021";"Self-employed";"65-66 years";"QB Residential care";9;4;3;1;1
"Total sex";"2021";"Self-employed";"65-66 years";"R Arts, entertainment and recreation activities";52;11;17;20;5
"Total sex";"2021";"Self-employed";"65-66 years";"S Other service activities etc.";58;25;46;46;19
"Total sex";"2021";"Self-employed";"65-66 years";"X Activity not stated";5;5;5;4;6
"Total sex";"2021";"Self-employed";"67 years and over";"A Agriculture, forestry and fishing";648;1981;3140;3713;2215
"Total sex";"2021";"Self-employed";"67 years and over";"B Mining and quarrying";2;1;4;5;4
"Total sex";"2021";"Self-employed";"67 years and over";"CA Manufacture of food products, beverages and tobacco";12;14;19;19;3
"Total sex";"2021";"Self-employed";"67 years and over";"CB Textiles and leather products";39;19;20;21;14
"Total sex";"2021";"Self-employed";"67 years and over";"CC Wood and paper products and printing";37;30;29;45;21
"Total sex";"2021";"Self-employed";"67 years and over";"CD Oil refinery etc.";1;0;0;0;0
"Total sex";"2021";"Self-employed";"67 years and over";"CE Manufacture of chemicals";7;3;0;4;0
"Total sex";"2021";"Self-employed";"67 years and over";"CF Pharmaceuticals";1;0;0;0;0
"Total sex";"2021";"Self-employed";"67 years and over";"CG Manufacture of plastic, glass and concrete";28;30;21;26;22
"Total sex";"2021";"Self-employed";"67 years and over";"CH Basic metals and fabricated metal products";36;38;52;48;29
"Total sex";"2021";"Self-employed";"67 years and over";"CI Manufacture of electronic components";16;3;7;6;3
"Total sex";"2021";"Self-employed";"67 years and over";"CJ Electrical equipment";7;6;6;6;3
"Total sex";"2021";"Self-employed";"67 years and over";"CK Manufacture of machinery";13;14;18;20;10
"Total sex";"2021";"Self-employed";"67 years and over";"CL Transport equipment";4;2;4;7;0
"Total sex";"2021";"Self-employed";"67 years and over";"CM Manufacture of funiture and other manufacturing";121;108;102;93;53
"Total sex";"2021";"Self-employed";"67 years and over";"D Electricity, gas, steam and air conditioning supply";14;47;64;100;85
"Total sex";"2021";"Self-employed";"67 years and over";"E Water supply, sewerage and waste management";5;12;6;7;8
"Total sex";"2021";"Self-employed";"67 years and over";"F Construction";458;406;373;469;239
"Total sex";"2021";"Self-employed";"67 years and over";"G Wholesale and retail trade";865;644;835;960;463
"Total sex";"2021";"Self-employed";"67 years and over";"H Transportation";329;172;151;216;96
"Total sex";"2021";"Self-employed";"67 years and over";"I Accommodation and food service activities";124;70;150;128;73
"Total sex";"2021";"Self-employed";"67 years and over";"JA Publishing, television and radio broadcasting";160;51;42;63;18
"Total sex";"2021";"Self-employed";"67 years and over";"JB Telecommunications";1;1;2;3;1
"Total sex";"2021";"Self-employed";"67 years and over";"JC IT and information service activities";285;94;83;108;36
"Total sex";"2021";"Self-employed";"67 years and over";"K Financial and insurance";46;8;25;32;7
"Total sex";"2021";"Self-employed";"67 years and over";"L Real estate activities";818;693;1344;1355;642
"Total sex";"2021";"Self-employed";"67 years and over";"MA Consultancy etc.";1586;565;636;687;300
"Total sex";"2021";"Self-employed";"67 years and over";"MB Scientific research and development";34;8;4;6;1
"Total sex";"2021";"Self-employed";"67 years and over";"MC Advertising and other business services";513;148;191;222;83
"Total sex";"2021";"Self-employed";"67 years and over";"N Travel agent, cleaning, and other operationel services";402;221;236;273;118
"Total sex";"2021";"Self-employed";"67 years and over";"O Public administration, defence and compulsory social security";9;1;1;0;4
"Total sex";"2021";"Self-employed";"67 years and over";"P Education";200;74;57;101;24
"Total sex";"2021";"Self-employed";"67 years and over";"QA Human health activities";734;273;347;383;168
"Total sex";"2021";"Self-employed";"67 years and over";"QB Residential care";16;10;15;10;7
"Total sex";"2021";"Self-employed";"67 years and over";"R Arts, entertainment and recreation activities";225;83;99;115;51
"Total sex";"2021";"Self-employed";"67 years and over";"S Other service activities etc.";257;153;214;210;102
"Total sex";"2021";"Self-employed";"67 years and over";"X Activity not stated";0;0;0;0;0
"Total sex";"2021";"Assisting spouses";"Under 16 years";"A Agriculture, forestry and fishing";0;0;0;0;0
"Total sex";"2021";"Assisting spouses";"Under 16 years";"B Mining and quarrying";0;0;0;0;0
"Total sex";"2021";"Assisting spouses";"Under 16 years";"CA Manufacture of food products, beverages and tobacco";0;0;0;0;0
"Total sex";"2021";"Assisting spouses";"Under 16 years";"CB Textiles and leather products";0;0;0;0;0
"Total sex";"2021";"Assisting spouses";"Under 16 years";"CC Wood and paper products and printing";0;0;0;0;0
"Total sex";"2021";"Assisting spouses";"Under 16 years";"CD Oil refinery etc.";0;0;0;0;0
"Total sex";"2021";"Assisting spouses";"Under 16 years";"CE Manufacture of chemicals";0;0;0;0;0
"Total sex";"2021";"Assisting spouses";"Under 16 years";"CF Pharmaceuticals";0;0;0;0;0
"Total sex";"2021";"Assisting spouses";"Under 16 years";"CG Manufacture of plastic, glass and concrete";0;0;0;0;0
"Total sex";"2021";"Assisting spouses";"Under 16 years";"CH Basic metals and fabricated metal products";0;0;0;0;0
"Total sex";"2021";"Assisting spouses";"Under 16 years";"CI Manufacture of electronic components";0;0;0;0;0
"Total sex";"2021";"Assisting spouses";"Under 16 years";"CJ Electrical equipment";0;0;0;0;0
"Total sex";"2021";"Assisting spouses";"Under 16 years";"CK Manufacture of machinery";0;0;0;0;0
"Total sex";"2021";"Assisting spouses";"Under 16 years";"CL Transport equipment";0;0;0;0;0
"Total sex";"2021";"Assisting spouses";"Under 16 years";"CM Manufacture of funiture and other manufacturing";0;0;0;0;0
"Total sex";"2021";"Assisting spouses";"Under 16 years";"D Electricity, gas, steam and air conditioning supply";0;0;0;0;0
"Total sex";"2021";"Assisting spouses";"Under 16 years";"E Water supply, sewerage and waste management";0;0;0;0;0
"Total sex";"2021";"Assisting spouses";"Under 16 years";"F Construction";0;0;0;0;0
"Total sex";"2021";"Assisting spouses";"Under 16 years";"G Wholesale and retail trade";0;0;0;0;0
"Total sex";"2021";"Assisting spouses";"Under 16 years";"H Transportation";0;0;0;0;0
"Total sex";"2021";"Assisting spouses";"Under 16 years";"I Accommodation and food service activities";0;0;0;0;0
"Total sex";"2021";"Assisting spouses";"Under 16 years";"JA Publishing, television and radio broadcasting";0;0;0;0;0
"Total sex";"2021";"Assisting spouses";"Under 16 years";"JB Telecommunications";0;0;0;0;0
"Total sex";"2021";"Assisting spouses";"Under 16 years";"JC IT and information service activities";0;0;0;0;0
"Total sex";"2021";"Assisting spouses";"Under 16 years";"K Financial and insurance";0;0;0;0;0
"Total sex";"2021";"Assisting spouses";"Under 16 years";"L Real estate activities";0;0;0;0;0
"Total sex";"2021";"Assisting spouses";"Under 16 years";"MA Consultancy etc.";0;0;0;0;0
"Total sex";"2021";"Assisting spouses";"Under 16 years";"MB Scientific research and development";0;0;0;0;0
"Total sex";"2021";"Assisting spouses";"Under 16 years";"MC Advertising and other business services";0;0;0;0;0
"Total sex";"2021";"Assisting spouses";"Under 16 years";"N Travel agent, cleaning, and other operationel services";0;0;0;0;0
"Total sex";"2021";"Assisting spouses";"Under 16 years";"O Public administration, defence and compulsory social security";0;0;0;0;0
"Total sex";"2021";"Assisting spouses";"Under 16 years";"P Education";0;0;0;0;0
"Total sex";"2021";"Assisting spouses";"Under 16 years";"QA Human health activities";0;0;0;0;0
"Total sex";"2021";"Assisting spouses";"Under 16 years";"QB Residential care";0;0;0;0;0
"Total sex";"2021";"Assisting spouses";"Under 16 years";"R Arts, entertainment and recreation activities";0;0;0;0;0
"Total sex";"2021";"Assisting spouses";"Under 16 years";"S Other service activities etc.";0;0;0;0;0
"Total sex";"2021";"Assisting spouses";"Under 16 years";"X Activity not stated";0;0;0;0;0
"Total sex";"2021";"Assisting spouses";"16-19 years";"A Agriculture, forestry and fishing";0;0;0;0;0
"Total sex";"2021";"Assisting spouses";"16-19 years";"B Mining and quarrying";0;0;0;0;0
"Total sex";"2021";"Assisting spouses";"16-19 years";"CA Manufacture of food products, beverages and tobacco";0;0;0;0;0
"Total sex";"2021";"Assisting spouses";"16-19 years";"CB Textiles and leather products";0;0;0;0;0
"Total sex";"2021";"Assisting spouses";"16-19 years";"CC Wood and paper products and printing";0;0;0;0;0
"Total sex";"2021";"Assisting spouses";"16-19 years";"CD Oil refinery etc.";0;0;0;0;0
"Total sex";"2021";"Assisting spouses";"16-19 years";"CE Manufacture of chemicals";0;0;0;0;0
"Total sex";"2021";"Assisting spouses";"16-19 years";"CF Pharmaceuticals";0;0;0;0;0
"Total sex";"2021";"Assisting spouses";"16-19 years";"CG Manufacture of plastic, glass and concrete";0;0;0;0;0
"Total sex";"2021";"Assisting spouses";"16-19 years";"CH Basic metals and fabricated metal products";0;0;0;0;0
"Total sex";"2021";"Assisting spouses";"16-19 years";"CI Manufacture of electronic components";0;0;0;0;0
"Total sex";"2021";"Assisting spouses";"16-19 years";"CJ Electrical equipment";0;0;0;0;0
"Total sex";"2021";"Assisting spouses";"16-19 years";"CK Manufacture of machinery";0;0;0;0;0
"Total sex";"2021";"Assisting spouses";"16-19 years";"CL Transport equipment";0;0;0;0;0
"Total sex";"2021";"Assisting spouses";"16-19 years";"CM Manufacture of funiture and other manufacturing";0;0;0;0;0
"Total sex";"2021";"Assisting spouses";"16-19 years";"D Electricity, gas, steam and air conditioning supply";0;0;0;0;0
"Total sex";"2021";"Assisting spouses";"16-19 years";"E Water supply, sewerage and waste management";0;0;0;0;0
"Total sex";"2021";"Assisting spouses";"16-19 years";"F Construction";0;0;0;0;0
"Total sex";"2021";"Assisting spouses";"16-19 years";"G Wholesale and retail trade";0;0;0;0;0
"Total sex";"2021";"Assisting spouses";"16-19 years";"H Transportation";0;0;0;0;0
"Total sex";"2021";"Assisting spouses";"16-19 years";"I Accommodation and food service activities";0;0;0;0;0
"Total sex";"2021";"Assisting spouses";"16-19 years";"JA Publishing, television and radio broadcasting";0;0;0;0;0
"Total sex";"2021";"Assisting spouses";"16-19 years";"JB Telecommunications";0;0;0;0;0
"Total sex";"2021";"Assisting spouses";"16-19 years";"JC IT and information service activities";0;0;0;0;0
"Total sex";"2021";"Assisting spouses";"16-19 years";"K Financial and insurance";0;0;0;0;0
"Total sex";"2021";"Assisting spouses";"16-19 years";"L Real estate activities";0;0;0;0;0
"Total sex";"2021";"Assisting spouses";"16-19 years";"MA Consultancy etc.";0;0;0;0;0
"Total sex";"2021";"Assisting spouses";"16-19 years";"MB Scientific research and development";0;0;0;0;0
"Total sex";"2021";"Assisting spouses";"16-19 years";"MC Advertising and other business services";0;0;0;0;0
"Total sex";"2021";"Assisting spouses";"16-19 years";"N Travel agent, cleaning, and other operationel services";0;0;0;1;0
"Total sex";"2021";"Assisting spouses";"16-19 years";"O Public administration, defence and compulsory social security";0;0;0;0;0
"Total sex";"2021";"Assisting spouses";"16-19 years";"P Education";0;0;0;0;0
"Total sex";"2021";"Assisting spouses";"16-19 years";"QA Human health activities";0;0;0;0;0
"Total sex";"2021";"Assisting spouses";"16-19 years";"QB Residential care";0;0;0;0;0
"Total sex";"2021";"Assisting spouses";"16-19 years";"R Arts, entertainment and recreation activities";0;0;0;0;0
"Total sex";"2021";"Assisting spouses";"16-19 years";"S Other service activities etc.";1;0;0;0;0
"Total sex";"2021";"Assisting spouses";"16-19 years";"X Activity not stated";0;0;0;0;0
"Total sex";"2021";"Assisting spouses";"20-24 years";"A Agriculture, forestry and fishing";0;0;0;0;0
"Total sex";"2021";"Assisting spouses";"20-24 years";"B Mining and quarrying";0;0;0;0;0
"Total sex";"2021";"Assisting spouses";"20-24 years";"CA Manufacture of food products, beverages and tobacco";0;0;0;0;0
"Total sex";"2021";"Assisting spouses";"20-24 years";"CB Textiles and leather products";0;0;0;0;0
"Total sex";"2021";"Assisting spouses";"20-24 years";"CC Wood and paper products and printing";0;0;0;0;0
"Total sex";"2021";"Assisting spouses";"20-24 years";"CD Oil refinery etc.";0;0;0;0;0
"Total sex";"2021";"Assisting spouses";"20-24 years";"CE Manufacture of chemicals";0;0;0;0;0
"Total sex";"2021";"Assisting spouses";"20-24 years";"CF Pharmaceuticals";0;0;0;0;0
"Total sex";"2021";"Assisting spouses";"20-24 years";"CG Manufacture of plastic, glass and concrete";0;0;0;0;0
"Total sex";"2021";"Assisting spouses";"20-24 years";"CH Basic metals and fabricated metal products";0;0;0;0;0
"Total sex";"2021";"Assisting spouses";"20-24 years";"CI Manufacture of electronic components";0;0;0;0;0
"Total sex";"2021";"Assisting spouses";"20-24 years";"CJ Electrical equipment";0;0;0;0;0
"Total sex";"2021";"Assisting spouses";"20-24 years";"CK Manufacture of machinery";0;0;0;0;0
"Total sex";"2021";"Assisting spouses";"20-24 years";"CL Transport equipment";0;0;0;0;0
"Total sex";"2021";"Assisting spouses";"20-24 years";"CM Manufacture of funiture and other manufacturing";0;0;0;0;0
"Total sex";"2021";"Assisting spouses";"20-24 years";"D Electricity, gas, steam and air conditioning supply";0;0;0;0;0
"Total sex";"2021";"Assisting spouses";"20-24 years";"E Water supply, sewerage and waste management";0;0;0;0;0
"Total sex";"2021";"Assisting spouses";"20-24 years";"F Construction";0;0;0;0;0
"Total sex";"2021";"Assisting spouses";"20-24 years";"G Wholesale and retail trade";0;0;0;0;0
"Total sex";"2021";"Assisting spouses";"20-24 years";"H Transportation";0;0;0;0;0
"Total sex";"2021";"Assisting spouses";"20-24 years";"I Accommodation and food service activities";1;0;0;0;0
"Total sex";"2021";"Assisting spouses";"20-24 years";"JA Publishing, television and radio broadcasting";0;0;0;0;0
"Total sex";"2021";"Assisting spouses";"20-24 years";"JB Telecommunications";0;0;0;0;0
"Total sex";"2021";"Assisting spouses";"20-24 years";"JC IT and information service activities";1;0;0;0;0
"Total sex";"2021";"Assisting spouses";"20-24 years";"K Financial and insurance";0;0;0;0;0
"Total sex";"2021";"Assisting spouses";"20-24 years";"L Real estate activities";0;0;0;0;0
"Total sex";"2021";"Assisting spouses";"20-24 years";"MA Consultancy etc.";0;0;0;0;0
"Total sex";"2021";"Assisting spouses";"20-24 years";"MB Scientific research and development";0;0;0;0;0
"Total sex";"2021";"Assisting spouses";"20-24 years";"MC Advertising and other business services";0;0;0;1;0
"Total sex";"2021";"Assisting spouses";"20-24 years";"N Travel agent, cleaning, and other operationel services";2;0;0;1;0
"Total sex";"2021";"Assisting spouses";"20-24 years";"O Public administration, defence and compulsory social security";0;0;0;0;0
"Total sex";"2021";"Assisting spouses";"20-24 years";"P Education";0;0;0;0;0
"Total sex";"2021";"Assisting spouses";"20-24 years";"QA Human health activities";0;0;0;0;0
"Total sex";"2021";"Assisting spouses";"20-24 years";"QB Residential care";0;0;0;0;0
"Total sex";"2021";"Assisting spouses";"20-24 years";"R Arts, entertainment and recreation activities";0;0;0;0;0
"Total sex";"2021";"Assisting spouses";"20-24 years";"S Other service activities etc.";0;0;0;0;0
"Total sex";"2021";"Assisting spouses";"20-24 years";"X Activity not stated";0;0;0;0;0
"Total sex";"2021";"Assisting spouses";"25-29 years";"A Agriculture, forestry and fishing";1;1;0;0;2
"Total sex";"2021";"Assisting spouses";"25-29 years";"B Mining and quarrying";0;0;0;0;0
"Total sex";"2021";"Assisting spouses";"25-29 years";"CA Manufacture of food products, beverages and tobacco";0;0;0;0;0
"Total sex";"2021";"Assisting spouses";"25-29 years";"CB Textiles and leather products";0;0;0;0;0
"Total sex";"2021";"Assisting spouses";"25-29 years";"CC Wood and paper products and printing";0;0;0;0;0
"Total sex";"2021";"Assisting spouses";"25-29 years";"CD Oil refinery etc.";0;0;0;0;0
"Total sex";"2021";"Assisting spouses";"25-29 years";"CE Manufacture of chemicals";0;0;0;0;0
"Total sex";"2021";"Assisting spouses";"25-29 years";"CF Pharmaceuticals";0;0;0;0;0
"Total sex";"2021";"Assisting spouses";"25-29 years";"CG Manufacture of plastic, glass and concrete";0;0;0;0;0
"Total sex";"2021";"Assisting spouses";"25-29 years";"CH Basic metals and fabricated metal products";0;0;0;0;0
"Total sex";"2021";"Assisting spouses";"25-29 years";"CI Manufacture of electronic components";0;0;0;0;0
"Total sex";"2021";"Assisting spouses";"25-29 years";"CJ Electrical equipment";0;0;0;0;0
"Total sex";"2021";"Assisting spouses";"25-29 years";"CK Manufacture of machinery";0;0;0;0;0
"Total sex";"2021";"Assisting spouses";"25-29 years";"CL Transport equipment";0;0;0;0;0
"Total sex";"2021";"Assisting spouses";"25-29 years";"CM Manufacture of funiture and other manufacturing";0;0;0;0;0
"Total sex";"2021";"Assisting spouses";"25-29 years";"D Electricity, gas, steam and air conditioning supply";0;0;0;0;0
"Total sex";"2021";"Assisting spouses";"25-29 years";"E Water supply, sewerage and waste management";0;0;0;0;0
"Total sex";"2021";"Assisting spouses";"25-29 years";"F Construction";2;3;2;1;1
"Total sex";"2021";"Assisting spouses";"25-29 years";"G Wholesale and retail trade";1;0;1;1;0
"Total sex";"2021";"Assisting spouses";"25-29 years";"H Transportation";4;0;0;0;0
"Total sex";"2021";"Assisting spouses";"25-29 years";"I Accommodation and food service activities";0;0;2;0;0
"Total sex";"2021";"Assisting spouses";"25-29 years";"JA Publishing, television and radio broadcasting";0;0;0;1;0
"Total sex";"2021";"Assisting spouses";"25-29 years";"JB Telecommunications";0;0;0;0;0
"Total sex";"2021";"Assisting spouses";"25-29 years";"JC IT and information service activities";0;0;0;0;0
"Total sex";"2021";"Assisting spouses";"25-29 years";"K Financial and insurance";0;0;0;0;0
"Total sex";"2021";"Assisting spouses";"25-29 years";"L Real estate activities";0;0;0;0;0
"Total sex";"2021";"Assisting spouses";"25-29 years";"MA Consultancy etc.";0;0;0;0;0
"Total sex";"2021";"Assisting spouses";"25-29 years";"MB Scientific research and development";0;0;0;0;0
"Total sex";"2021";"Assisting spouses";"25-29 years";"MC Advertising and other business services";0;0;0;0;0
"Total sex";"2021";"Assisting spouses";"25-29 years";"N Travel agent, cleaning, and other operationel services";3;1;5;4;1
"Total sex";"2021";"Assisting spouses";"25-29 years";"O Public administration, defence and compulsory social security";0;0;0;0;0
"Total sex";"2021";"Assisting spouses";"25-29 years";"P Education";2;0;0;0;0
"Total sex";"2021";"Assisting spouses";"25-29 years";"QA Human health activities";0;0;0;0;0
"Total sex";"2021";"Assisting spouses";"25-29 years";"QB Residential care";0;0;0;0;0
"Total sex";"2021";"Assisting spouses";"25-29 years";"R Arts, entertainment and recreation activities";0;0;0;0;0
"Total sex";"2021";"Assisting spouses";"25-29 years";"S Other service activities etc.";0;1;1;1;0
"Total sex";"2021";"Assisting spouses";"25-29 years";"X Activity not stated";0;0;0;0;0
"Total sex";"2021";"Assisting spouses";"30-34 years";"A Agriculture, forestry and fishing";0;1;8;2;2
"Total sex";"2021";"Assisting spouses";"30-34 years";"B Mining and quarrying";0;0;0;0;0
"Total sex";"2021";"Assisting spouses";"30-34 years";"CA Manufacture of food products, beverages and tobacco";0;0;0;0;0
"Total sex";"2021";"Assisting spouses";"30-34 years";"CB Textiles and leather products";0;0;0;0;0
"Total sex";"2021";"Assisting spouses";"30-34 years";"CC Wood and paper products and printing";0;0;0;0;0
"Total sex";"2021";"Assisting spouses";"30-34 years";"CD Oil refinery etc.";0;0;0;0;0
"Total sex";"2021";"Assisting spouses";"30-34 years";"CE Manufacture of chemicals";0;0;0;0;0
"Total sex";"2021";"Assisting spouses";"30-34 years";"CF Pharmaceuticals";0;0;0;0;0
"Total sex";"2021";"Assisting spouses";"30-34 years";"CG Manufacture of plastic, glass and concrete";0;0;0;0;0
"Total sex";"2021";"Assisting spouses";"30-34 years";"CH Basic metals and fabricated metal products";0;0;1;0;0
"Total sex";"2021";"Assisting spouses";"30-34 years";"CI Manufacture of electronic components";0;0;0;0;0
"Total sex";"2021";"Assisting spouses";"30-34 years";"CJ Electrical equipment";0;0;0;0;0
"Total sex";"2021";"Assisting spouses";"30-34 years";"CK Manufacture of machinery";0;0;0;0;0
"Total sex";"2021";"Assisting spouses";"30-34 years";"CL Transport equipment";0;0;0;0;0
"Total sex";"2021";"Assisting spouses";"30-34 years";"CM Manufacture of funiture and other manufacturing";1;0;0;0;0
"Total sex";"2021";"Assisting spouses";"30-34 years";"D Electricity, gas, steam and air conditioning supply";0;0;0;0;0
"Total sex";"2021";"Assisting spouses";"30-34 years";"E Water supply, sewerage and waste management";0;0;0;0;0
"Total sex";"2021";"Assisting spouses";"30-34 years";"F Construction";5;2;5;1;1
"Total sex";"2021";"Assisting spouses";"30-34 years";"G Wholesale and retail trade";2;1;3;3;0
"Total sex";"2021";"Assisting spouses";"30-34 years";"H Transportation";7;0;0;1;1
"Total sex";"2021";"Assisting spouses";"30-34 years";"I Accommodation and food service activities";2;2;3;1;0
"Total sex";"2021";"Assisting spouses";"30-34 years";"JA Publishing, television and radio broadcasting";1;0;0;0;0
"Total sex";"2021";"Assisting spouses";"30-34 years";"JB Telecommunications";0;0;0;0;0
"Total sex";"2021";"Assisting spouses";"30-34 years";"JC IT and information service activities";1;1;0;1;0
"Total sex";"2021";"Assisting spouses";"30-34 years";"K Financial and insurance";0;0;0;0;0
"Total sex";"2021";"Assisting spouses";"30-34 years";"L Real estate activities";0;0;0;0;0
"Total sex";"2021";"Assisting spouses";"30-34 years";"MA Consultancy etc.";1;0;2;0;0
"Total sex";"2021";"Assisting spouses";"30-34 years";"MB Scientific research and development";0;0;0;0;0
"Total sex";"2021";"Assisting spouses";"30-34 years";"MC Advertising and other business services";3;0;0;1;1
"Total sex";"2021";"Assisting spouses";"30-34 years";"N Travel agent, cleaning, and other operationel services";9;4;5;4;2
"Total sex";"2021";"Assisting spouses";"30-34 years";"O Public administration, defence and compulsory social security";0;0;0;0;0
"Total sex";"2021";"Assisting spouses";"30-34 years";"P Education";0;0;1;0;0
"Total sex";"2021";"Assisting spouses";"30-34 years";"QA Human health activities";1;0;0;0;0
"Total sex";"2021";"Assisting spouses";"30-34 years";"QB Residential care";0;0;0;0;0
"Total sex";"2021";"Assisting spouses";"30-34 years";"R Arts, entertainment and recreation activities";2;0;1;0;0
"Total sex";"2021";"Assisting spouses";"30-34 years";"S Other service activities etc.";1;0;1;2;0
"Total sex";"2021";"Assisting spouses";"30-34 years";"X Activity not stated";1;0;0;1;0
"Total sex";"2021";"Assisting spouses";"35-39 years";"A Agriculture, forestry and fishing";1;3;14;8;5
"Total sex";"2021";"Assisting spouses";"35-39 years";"B Mining and quarrying";0;0;0;0;0
"Total sex";"2021";"Assisting spouses";"35-39 years";"CA Manufacture of food products, beverages and tobacco";0;0;0;0;0
"Total sex";"2021";"Assisting spouses";"35-39 years";"CB Textiles and leather products";0;0;0;0;0
"Total sex";"2021";"Assisting spouses";"35-39 years";"CC Wood and paper products and printing";0;0;0;0;0
"Total sex";"2021";"Assisting spouses";"35-39 years";"CD Oil refinery etc.";0;0;0;0;0
"Total sex";"2021";"Assisting spouses";"35-39 years";"CE Manufacture of chemicals";0;0;0;0;0
"Total sex";"2021";"Assisting spouses";"35-39 years";"CF Pharmaceuticals";0;0;0;0;0
"Total sex";"2021";"Assisting spouses";"35-39 years";"CG Manufacture of plastic, glass and concrete";0;0;0;0;0
"Total sex";"2021";"Assisting spouses";"35-39 years";"CH Basic metals and fabricated metal products";0;1;0;0;0
"Total sex";"2021";"Assisting spouses";"35-39 years";"CI Manufacture of electronic components";0;0;0;0;0
"Total sex";"2021";"Assisting spouses";"35-39 years";"CJ Electrical equipment";0;0;0;0;0
"Total sex";"2021";"Assisting spouses";"35-39 years";"CK Manufacture of machinery";0;0;0;0;0
"Total sex";"2021";"Assisting spouses";"35-39 years";"CL Transport equipment";1;0;0;0;0
"Total sex";"2021";"Assisting spouses";"35-39 years";"CM Manufacture of funiture and other manufacturing";1;1;0;0;1
"Total sex";"2021";"Assisting spouses";"35-39 years";"D Electricity, gas, steam and air conditioning supply";0;0;0;0;0
"Total sex";"2021";"Assisting spouses";"35-39 years";"E Water supply, sewerage and waste management";0;0;0;0;0
"Total sex";"2021";"Assisting spouses";"35-39 years";"F Construction";5;1;6;2;1
"Total sex";"2021";"Assisting spouses";"35-39 years";"G Wholesale and retail trade";4;4;6;2;0
"Total sex";"2021";"Assisting spouses";"35-39 years";"H Transportation";6;1;0;0;0
"Total sex";"2021";"Assisting spouses";"35-39 years";"I Accommodation and food service activities";2;6;7;3;0
"Total sex";"2021";"Assisting spouses";"35-39 years";"JA Publishing, television and radio broadcasting";2;0;1;0;0
"Total sex";"2021";"Assisting spouses";"35-39 years";"JB Telecommunications";0;0;0;0;0
"Total sex";"2021";"Assisting spouses";"35-39 years";"JC IT and information service activities";4;3;1;2;1
"Total sex";"2021";"Assisting spouses";"35-39 years";"K Financial and insurance";0;0;0;1;1
"Total sex";"2021";"Assisting spouses";"35-39 years";"L Real estate activities";0;1;0;0;0
"Total sex";"2021";"Assisting spouses";"35-39 years";"MA Consultancy etc.";1;0;0;0;0
"Total sex";"2021";"Assisting spouses";"35-39 years";"MB Scientific research and development";0;0;0;0;0
"Total sex";"2021";"Assisting spouses";"35-39 years";"MC Advertising and other business services";2;0;0;3;2
"Total sex";"2021";"Assisting spouses";"35-39 years";"N Travel agent, cleaning, and other operationel services";8;5;5;7;2
"Total sex";"2021";"Assisting spouses";"35-39 years";"O Public administration, defence and compulsory social security";0;0;0;0;0
"Total sex";"2021";"Assisting spouses";"35-39 years";"P Education";3;0;2;1;0
"Total sex";"2021";"Assisting spouses";"35-39 years";"QA Human health activities";5;0;1;1;0
"Total sex";"2021";"Assisting spouses";"35-39 years";"QB Residential care";0;1;0;0;0
"Total sex";"2021";"Assisting spouses";"35-39 years";"R Arts, entertainment and recreation activities";1;0;0;0;0
"Total sex";"2021";"Assisting spouses";"35-39 years";"S Other service activities etc.";0;1;0;0;1
"Total sex";"2021";"Assisting spouses";"35-39 years";"X Activity not stated";3;0;1;0;0
"Total sex";"2021";"Assisting spouses";"40-44 years";"A Agriculture, forestry and fishing";3;5;25;15;14
"Total sex";"2021";"Assisting spouses";"40-44 years";"B Mining and quarrying";0;0;0;0;0
"Total sex";"2021";"Assisting spouses";"40-44 years";"CA Manufacture of food products, beverages and tobacco";0;0;0;1;0
"Total sex";"2021";"Assisting spouses";"40-44 years";"CB Textiles and leather products";0;0;0;1;0
"Total sex";"2021";"Assisting spouses";"40-44 years";"CC Wood and paper products and printing";0;0;1;0;0
"Total sex";"2021";"Assisting spouses";"40-44 years";"CD Oil refinery etc.";0;0;0;0;0
"Total sex";"2021";"Assisting spouses";"40-44 years";"CE Manufacture of chemicals";0;0;0;0;0
"Total sex";"2021";"Assisting spouses";"40-44 years";"CF Pharmaceuticals";0;0;0;0;0
"Total sex";"2021";"Assisting spouses";"40-44 years";"CG Manufacture of plastic, glass and concrete";0;0;0;0;0
"Total sex";"2021";"Assisting spouses";"40-44 years";"CH Basic metals and fabricated metal products";0;1;0;0;0
"Total sex";"2021";"Assisting spouses";"40-44 years";"CI Manufacture of electronic components";0;0;0;0;0
"Total sex";"2021";"Assisting spouses";"40-44 years";"CJ Electrical equipment";0;0;0;0;0
"Total sex";"2021";"Assisting spouses";"40-44 years";"CK Manufacture of machinery";0;0;0;0;0
"Total sex";"2021";"Assisting spouses";"40-44 years";"CL Transport equipment";0;0;0;0;0
"Total sex";"2021";"Assisting spouses";"40-44 years";"CM Manufacture of funiture and other manufacturing";1;1;0;0;1
"Total sex";"2021";"Assisting spouses";"40-44 years";"D Electricity, gas, steam and air conditioning supply";0;0;0;0;0
"Total sex";"2021";"Assisting spouses";"40-44 years";"E Water supply, sewerage and waste management";0;0;0;0;0
"Total sex";"2021";"Assisting spouses";"40-44 years";"F Construction";5;3;5;2;0
"Total sex";"2021";"Assisting spouses";"40-44 years";"G Wholesale and retail trade";8;5;4;5;2
"Total sex";"2021";"Assisting spouses";"40-44 years";"H Transportation";4;3;1;1;0
"Total sex";"2021";"Assisting spouses";"40-44 years";"I Accommodation and food service activities";5;5;5;7;3
"Total sex";"2021";"Assisting spouses";"40-44 years";"JA Publishing, television and radio broadcasting";4;1;1;0;0
"Total sex";"2021";"Assisting spouses";"40-44 years";"JB Telecommunications";0;0;0;0;0
"Total sex";"2021";"Assisting spouses";"40-44 years";"JC IT and information service activities";2;3;1;4;0
"Total sex";"2021";"Assisting spouses";"40-44 years";"K Financial and insurance";0;0;0;0;0
"Total sex";"2021";"Assisting spouses";"40-44 years";"L Real estate activities";2;0;2;3;1
"Total sex";"2021";"Assisting spouses";"40-44 years";"MA Consultancy etc.";4;3;3;0;1
"Total sex";"2021";"Assisting spouses";"40-44 years";"MB Scientific research and development";0;0;0;0;0
"Total sex";"2021";"Assisting spouses";"40-44 years";"MC Advertising and other business services";1;2;3;1;0
"Total sex";"2021";"Assisting spouses";"40-44 years";"N Travel agent, cleaning, and other operationel services";10;7;10;7;0
"Total sex";"2021";"Assisting spouses";"40-44 years";"O Public administration, defence and compulsory social security";0;0;0;0;0
"Total sex";"2021";"Assisting spouses";"40-44 years";"P Education";3;0;3;0;0
"Total sex";"2021";"Assisting spouses";"40-44 years";"QA Human health activities";6;0;4;1;3
"Total sex";"2021";"Assisting spouses";"40-44 years";"QB Residential care";1;0;0;0;0
"Total sex";"2021";"Assisting spouses";"40-44 years";"R Arts, entertainment and recreation activities";1;1;1;1;0
"Total sex";"2021";"Assisting spouses";"40-44 years";"S Other service activities etc.";4;2;2;1;1
"Total sex";"2021";"Assisting spouses";"40-44 years";"X Activity not stated";1;0;0;0;0
"Total sex";"2021";"Assisting spouses";"45-49 years";"A Agriculture, forestry and fishing";5;15;31;24;20
"Total sex";"2021";"Assisting spouses";"45-49 years";"B Mining and quarrying";0;1;0;0;0
"Total sex";"2021";"Assisting spouses";"45-49 years";"CA Manufacture of food products, beverages and tobacco";0;0;1;0;0
"Total sex";"2021";"Assisting spouses";"45-49 years";"CB Textiles and leather products";0;0;0;1;0
"Total sex";"2021";"Assisting spouses";"45-49 years";"CC Wood and paper products and printing";1;0;0;0;0
"Total sex";"2021";"Assisting spouses";"45-49 years";"CD Oil refinery etc.";0;0;0;0;0
"Total sex";"2021";"Assisting spouses";"45-49 years";"CE Manufacture of chemicals";0;0;0;0;0
"Total sex";"2021";"Assisting spouses";"45-49 years";"CF Pharmaceuticals";0;0;0;0;0
"Total sex";"2021";"Assisting spouses";"45-49 years";"CG Manufacture of plastic, glass and concrete";0;0;0;0;0
"Total sex";"2021";"Assisting spouses";"45-49 years";"CH Basic metals and fabricated metal products";0;0;1;0;0
"Total sex";"2021";"Assisting spouses";"45-49 years";"CI Manufacture of electronic components";0;0;0;0;0
"Total sex";"2021";"Assisting spouses";"45-49 years";"CJ Electrical equipment";0;0;0;0;0
"Total sex";"2021";"Assisting spouses";"45-49 years";"CK Manufacture of machinery";0;0;0;0;0
"Total sex";"2021";"Assisting spouses";"45-49 years";"CL Transport equipment";0;0;0;0;0
"Total sex";"2021";"Assisting spouses";"45-49 years";"CM Manufacture of funiture and other manufacturing";0;1;1;1;0
"Total sex";"2021";"Assisting spouses";"45-49 years";"D Electricity, gas, steam and air conditioning supply";0;0;0;0;0
"Total sex";"2021";"Assisting spouses";"45-49 years";"E Water supply, sewerage and waste management";1;0;0;0;0
"Total sex";"2021";"Assisting spouses";"45-49 years";"F Construction";6;6;5;4;2
"Total sex";"2021";"Assisting spouses";"45-49 years";"G Wholesale and retail trade";12;10;8;6;7
"Total sex";"2021";"Assisting spouses";"45-49 years";"H Transportation";10;3;1;4;1
"Total sex";"2021";"Assisting spouses";"45-49 years";"I Accommodation and food service activities";11;4;8;6;3
"Total sex";"2021";"Assisting spouses";"45-49 years";"JA Publishing, television and radio broadcasting";5;0;0;0;0
"Total sex";"2021";"Assisting spouses";"45-49 years";"JB Telecommunications";0;0;0;0;0
"Total sex";"2021";"Assisting spouses";"45-49 years";"JC IT and information service activities";7;4;2;2;1
"Total sex";"2021";"Assisting spouses";"45-49 years";"K Financial and insurance";0;0;0;1;0
"Total sex";"2021";"Assisting spouses";"45-49 years";"L Real estate activities";0;1;2;2;0
"Total sex";"2021";"Assisting spouses";"45-49 years";"MA Consultancy etc.";7;1;0;0;0
"Total sex";"2021";"Assisting spouses";"45-49 years";"MB Scientific research and development";0;0;0;0;0
"Total sex";"2021";"Assisting spouses";"45-49 years";"MC Advertising and other business services";4;2;0;2;0
"Total sex";"2021";"Assisting spouses";"45-49 years";"N Travel agent, cleaning, and other operationel services";10;4;6;11;2
"Total sex";"2021";"Assisting spouses";"45-49 years";"O Public administration, defence and compulsory social security";0;0;0;0;0
"Total sex";"2021";"Assisting spouses";"45-49 years";"P Education";1;0;2;1;0
"Total sex";"2021";"Assisting spouses";"45-49 years";"QA Human health activities";9;2;2;0;1
"Total sex";"2021";"Assisting spouses";"45-49 years";"QB Residential care";1;0;0;0;0
"Total sex";"2021";"Assisting spouses";"45-49 years";"R Arts, entertainment and recreation activities";4;1;2;2;1
"Total sex";"2021";"Assisting spouses";"45-49 years";"S Other service activities etc.";3;1;3;3;1
"Total sex";"2021";"Assisting spouses";"45-49 years";"X Activity not stated";3;1;0;0;0
"Total sex";"2021";"Assisting spouses";"50-54 years";"A Agriculture, forestry and fishing";5;10;39;34;17
"Total sex";"2021";"Assisting spouses";"50-54 years";"B Mining and quarrying";0;0;0;0;0
"Total sex";"2021";"Assisting spouses";"50-54 years";"CA Manufacture of food products, beverages and tobacco";1;0;2;1;0
"Total sex";"2021";"Assisting spouses";"50-54 years";"CB Textiles and leather products";1;0;0;0;0
"Total sex";"2021";"Assisting spouses";"50-54 years";"CC Wood and paper products and printing";0;0;0;2;1
"Total sex";"2021";"Assisting spouses";"50-54 years";"CD Oil refinery etc.";0;0;0;0;0
"Total sex";"2021";"Assisting spouses";"50-54 years";"CE Manufacture of chemicals";0;0;0;0;0
"Total sex";"2021";"Assisting spouses";"50-54 years";"CF Pharmaceuticals";0;0;0;0;0
"Total sex";"2021";"Assisting spouses";"50-54 years";"CG Manufacture of plastic, glass and concrete";0;0;0;0;0
"Total sex";"2021";"Assisting spouses";"50-54 years";"CH Basic metals and fabricated metal products";0;0;2;1;0
"Total sex";"2021";"Assisting spouses";"50-54 years";"CI Manufacture of electronic components";0;0;0;0;0
"Total sex";"2021";"Assisting spouses";"50-54 years";"CJ Electrical equipment";0;0;1;0;0
"Total sex";"2021";"Assisting spouses";"50-54 years";"CK Manufacture of machinery";0;0;0;1;0
"Total sex";"2021";"Assisting spouses";"50-54 years";"CL Transport equipment";0;0;0;0;0
"Total sex";"2021";"Assisting spouses";"50-54 years";"CM Manufacture of funiture and other manufacturing";1;2;1;1;0
"Total sex";"2021";"Assisting spouses";"50-54 years";"D Electricity, gas, steam and air conditioning supply";0;0;0;0;0
"Total sex";"2021";"Assisting spouses";"50-54 years";"E Water supply, sewerage and waste management";0;1;0;0;0
"Total sex";"2021";"Assisting spouses";"50-54 years";"F Construction";8;3;11;4;3
"Total sex";"2021";"Assisting spouses";"50-54 years";"G Wholesale and retail trade";17;11;9;9;4
"Total sex";"2021";"Assisting spouses";"50-54 years";"H Transportation";13;1;5;1;1
"Total sex";"2021";"Assisting spouses";"50-54 years";"I Accommodation and food service activities";6;6;6;5;7
"Total sex";"2021";"Assisting spouses";"50-54 years";"JA Publishing, television and radio broadcasting";3;0;0;1;0
"Total sex";"2021";"Assisting spouses";"50-54 years";"JB Telecommunications";0;0;1;0;0
"Total sex";"2021";"Assisting spouses";"50-54 years";"JC IT and information service activities";5;5;1;0;2
"Total sex";"2021";"Assisting spouses";"50-54 years";"K Financial and insurance";0;0;0;0;0
"Total sex";"2021";"Assisting spouses";"50-54 years";"L Real estate activities";0;0;1;2;0
"Total sex";"2021";"Assisting spouses";"50-54 years";"MA Consultancy etc.";12;4;3;6;2
"Total sex";"2021";"Assisting spouses";"50-54 years";"MB Scientific research and development";0;0;0;0;0
"Total sex";"2021";"Assisting spouses";"50-54 years";"MC Advertising and other business services";4;4;2;4;0
"Total sex";"2021";"Assisting spouses";"50-54 years";"N Travel agent, cleaning, and other operationel services";11;8;16;12;4
"Total sex";"2021";"Assisting spouses";"50-54 years";"O Public administration, defence and compulsory social security";0;0;0;0;0
"Total sex";"2021";"Assisting spouses";"50-54 years";"P Education";4;2;1;1;0
"Total sex";"2021";"Assisting spouses";"50-54 years";"QA Human health activities";7;4;3;3;0
"Total sex";"2021";"Assisting spouses";"50-54 years";"QB Residential care";1;0;0;0;0
"Total sex";"2021";"Assisting spouses";"50-54 years";"R Arts, entertainment and recreation activities";2;2;1;2;1
"Total sex";"2021";"Assisting spouses";"50-54 years";"S Other service activities etc.";5;2;2;0;2
"Total sex";"2021";"Assisting spouses";"50-54 years";"X Activity not stated";4;0;0;1;1
"Total sex";"2021";"Assisting spouses";"55-59 years";"A Agriculture, forestry and fishing";9;27;52;42;34
"Total sex";"2021";"Assisting spouses";"55-59 years";"B Mining and quarrying";0;0;0;0;0
"Total sex";"2021";"Assisting spouses";"55-59 years";"CA Manufacture of food products, beverages and tobacco";1;2;3;0;3
"Total sex";"2021";"Assisting spouses";"55-59 years";"CB Textiles and leather products";1;0;0;0;0
"Total sex";"2021";"Assisting spouses";"55-59 years";"CC Wood and paper products and printing";0;1;2;2;0
"Total sex";"2021";"Assisting spouses";"55-59 years";"CD Oil refinery etc.";0;0;0;0;0
"Total sex";"2021";"Assisting spouses";"55-59 years";"CE Manufacture of chemicals";0;0;0;0;0
"Total sex";"2021";"Assisting spouses";"55-59 years";"CF Pharmaceuticals";0;0;0;0;0
"Total sex";"2021";"Assisting spouses";"55-59 years";"CG Manufacture of plastic, glass and concrete";0;0;0;0;1
"Total sex";"2021";"Assisting spouses";"55-59 years";"CH Basic metals and fabricated metal products";0;0;0;0;0
"Total sex";"2021";"Assisting spouses";"55-59 years";"CI Manufacture of electronic components";0;0;0;0;0
"Total sex";"2021";"Assisting spouses";"55-59 years";"CJ Electrical equipment";0;0;0;0;0
"Total sex";"2021";"Assisting spouses";"55-59 years";"CK Manufacture of machinery";0;0;0;0;0
"Total sex";"2021";"Assisting spouses";"55-59 years";"CL Transport equipment";0;0;0;0;0
"Total sex";"2021";"Assisting spouses";"55-59 years";"CM Manufacture of funiture and other manufacturing";0;3;5;1;0
"Total sex";"2021";"Assisting spouses";"55-59 years";"D Electricity, gas, steam and air conditioning supply";0;0;0;0;0
"Total sex";"2021";"Assisting spouses";"55-59 years";"E Water supply, sewerage and waste management";0;0;0;0;0
"Total sex";"2021";"Assisting spouses";"55-59 years";"F Construction";6;10;7;3;1
"Total sex";"2021";"Assisting spouses";"55-59 years";"G Wholesale and retail trade";16;17;14;14;6
"Total sex";"2021";"Assisting spouses";"55-59 years";"H Transportation";9;3;2;1;5
"Total sex";"2021";"Assisting spouses";"55-59 years";"I Accommodation and food service activities";14;6;17;7;3
"Total sex";"2021";"Assisting spouses";"55-59 years";"JA Publishing, television and radio broadcasting";2;0;0;0;0
"Total sex";"2021";"Assisting spouses";"55-59 years";"JB Telecommunications";0;0;0;0;0
"Total sex";"2021";"Assisting spouses";"55-59 years";"JC IT and information service activities";6;3;0;0;1
"Total sex";"2021";"Assisting spouses";"55-59 years";"K Financial and insurance";0;0;0;1;1
"Total sex";"2021";"Assisting spouses";"55-59 years";"L Real estate activities";3;3;1;2;0
"Total sex";"2021";"Assisting spouses";"55-59 years";"MA Consultancy etc.";10;3;7;1;0
"Total sex";"2021";"Assisting spouses";"55-59 years";"MB Scientific research and development";0;0;0;0;0
"Total sex";"2021";"Assisting spouses";"55-59 years";"MC Advertising and other business services";4;1;4;0;1
"Total sex";"2021";"Assisting spouses";"55-59 years";"N Travel agent, cleaning, and other operationel services";8;12;11;7;8
"Total sex";"2021";"Assisting spouses";"55-59 years";"O Public administration, defence and compulsory social security";0;0;0;0;0
"Total sex";"2021";"Assisting spouses";"55-59 years";"P Education";1;0;3;0;2
"Total sex";"2021";"Assisting spouses";"55-59 years";"QA Human health activities";8;5;2;1;0
"Total sex";"2021";"Assisting spouses";"55-59 years";"QB Residential care";0;0;0;0;0
"Total sex";"2021";"Assisting spouses";"55-59 years";"R Arts, entertainment and recreation activities";3;2;0;2;2
"Total sex";"2021";"Assisting spouses";"55-59 years";"S Other service activities etc.";4;0;2;3;1
"Total sex";"2021";"Assisting spouses";"55-59 years";"X Activity not stated";6;1;0;0;0
"Total sex";"2021";"Assisting spouses";"60-64 years";"A Agriculture, forestry and fishing";10;29;47;58;30
"Total sex";"2021";"Assisting spouses";"60-64 years";"B Mining and quarrying";0;0;0;0;0
"Total sex";"2021";"Assisting spouses";"60-64 years";"CA Manufacture of food products, beverages and tobacco";0;1;0;1;0
"Total sex";"2021";"Assisting spouses";"60-64 years";"CB Textiles and leather products";0;0;0;0;0
"Total sex";"2021";"Assisting spouses";"60-64 years";"CC Wood and paper products and printing";0;0;0;0;1
"Total sex";"2021";"Assisting spouses";"60-64 years";"CD Oil refinery etc.";0;0;0;0;0
"Total sex";"2021";"Assisting spouses";"60-64 years";"CE Manufacture of chemicals";0;0;0;0;0
"Total sex";"2021";"Assisting spouses";"60-64 years";"CF Pharmaceuticals";0;0;0;0;0
"Total sex";"2021";"Assisting spouses";"60-64 years";"CG Manufacture of plastic, glass and concrete";0;1;0;2;1
"Total sex";"2021";"Assisting spouses";"60-64 years";"CH Basic metals and fabricated metal products";0;1;0;3;0
"Total sex";"2021";"Assisting spouses";"60-64 years";"CI Manufacture of electronic components";0;0;0;0;0
"Total sex";"2021";"Assisting spouses";"60-64 years";"CJ Electrical equipment";0;0;0;0;0
"Total sex";"2021";"Assisting spouses";"60-64 years";"CK Manufacture of machinery";0;1;0;0;0
"Total sex";"2021";"Assisting spouses";"60-64 years";"CL Transport equipment";0;0;0;0;0
"Total sex";"2021";"Assisting spouses";"60-64 years";"CM Manufacture of funiture and other manufacturing";1;2;0;2;1
"Total sex";"2021";"Assisting spouses";"60-64 years";"D Electricity, gas, steam and air conditioning supply";0;0;0;2;1
"Total sex";"2021";"Assisting spouses";"60-64 years";"E Water supply, sewerage and waste management";0;0;0;0;0
"Total sex";"2021";"Assisting spouses";"60-64 years";"F Construction";6;10;7;7;5
"Total sex";"2021";"Assisting spouses";"60-64 years";"G Wholesale and retail trade";23;6;12;15;6
"Total sex";"2021";"Assisting spouses";"60-64 years";"H Transportation";2;0;4;4;4
"Total sex";"2021";"Assisting spouses";"60-64 years";"I Accommodation and food service activities";16;4;7;9;7
"Total sex";"2021";"Assisting spouses";"60-64 years";"JA Publishing, television and radio broadcasting";3;0;1;0;0
"Total sex";"2021";"Assisting spouses";"60-64 years";"JB Telecommunications";0;0;0;0;0
"Total sex";"2021";"Assisting spouses";"60-64 years";"JC IT and information service activities";6;3;1;2;1
"Total sex";"2021";"Assisting spouses";"60-64 years";"K Financial and insurance";2;0;0;1;1
"Total sex";"2021";"Assisting spouses";"60-64 years";"L Real estate activities";3;2;7;7;2
"Total sex";"2021";"Assisting spouses";"60-64 years";"MA Consultancy etc.";12;6;6;1;1
"Total sex";"2021";"Assisting spouses";"60-64 years";"MB Scientific research and development";0;0;0;0;0
"Total sex";"2021";"Assisting spouses";"60-64 years";"MC Advertising and other business services";5;2;0;2;0
"Total sex";"2021";"Assisting spouses";"60-64 years";"N Travel agent, cleaning, and other operationel services";14;11;5;4;2
"Total sex";"2021";"Assisting spouses";"60-64 years";"O Public administration, defence and compulsory social security";0;0;0;0;0
"Total sex";"2021";"Assisting spouses";"60-64 years";"P Education";3;0;0;0;1
"Total sex";"2021";"Assisting spouses";"60-64 years";"QA Human health activities";11;2;0;4;2
"Total sex";"2021";"Assisting spouses";"60-64 years";"QB Residential care";0;0;0;0;0
"Total sex";"2021";"Assisting spouses";"60-64 years";"R Arts, entertainment and recreation activities";1;0;0;1;0
"Total sex";"2021";"Assisting spouses";"60-64 years";"S Other service activities etc.";5;3;1;1;0
"Total sex";"2021";"Assisting spouses";"60-64 years";"X Activity not stated";1;0;2;1;0
"Total sex";"2021";"Assisting spouses";"65-66 years";"A Agriculture, forestry and fishing";1;8;9;18;11
"Total sex";"2021";"Assisting spouses";"65-66 years";"B Mining and quarrying";0;0;0;0;0
"Total sex";"2021";"Assisting spouses";"65-66 years";"CA Manufacture of food products, beverages and tobacco";0;1;0;0;0
"Total sex";"2021";"Assisting spouses";"65-66 years";"CB Textiles and leather products";1;0;0;0;0
"Total sex";"2021";"Assisting spouses";"65-66 years";"CC Wood and paper products and printing";0;1;0;1;0
"Total sex";"2021";"Assisting spouses";"65-66 years";"CD Oil refinery etc.";0;0;0;0;0
"Total sex";"2021";"Assisting spouses";"65-66 years";"CE Manufacture of chemicals";0;0;0;0;0
"Total sex";"2021";"Assisting spouses";"65-66 years";"CF Pharmaceuticals";0;0;0;0;0
"Total sex";"2021";"Assisting spouses";"65-66 years";"CG Manufacture of plastic, glass and concrete";0;0;0;0;0
"Total sex";"2021";"Assisting spouses";"65-66 years";"CH Basic metals and fabricated metal products";0;0;0;0;0
"Total sex";"2021";"Assisting spouses";"65-66 years";"CI Manufacture of electronic components";0;0;0;0;0
"Total sex";"2021";"Assisting spouses";"65-66 years";"CJ Electrical equipment";0;0;0;0;0
"Total sex";"2021";"Assisting spouses";"65-66 years";"CK Manufacture of machinery";0;0;0;0;0
"Total sex";"2021";"Assisting spouses";"65-66 years";"CL Transport equipment";0;0;0;0;0
"Total sex";"2021";"Assisting spouses";"65-66 years";"CM Manufacture of funiture and other manufacturing";0;0;0;0;0
"Total sex";"2021";"Assisting spouses";"65-66 years";"D Electricity, gas, steam and air conditioning supply";0;0;0;1;0
"Total sex";"2021";"Assisting spouses";"65-66 years";"E Water supply, sewerage and waste management";0;0;0;0;0
"Total sex";"2021";"Assisting spouses";"65-66 years";"F Construction";5;1;2;1;2
"Total sex";"2021";"Assisting spouses";"65-66 years";"G Wholesale and retail trade";4;9;6;6;1
"Total sex";"2021";"Assisting spouses";"65-66 years";"H Transportation";1;0;1;0;0
"Total sex";"2021";"Assisting spouses";"65-66 years";"I Accommodation and food service activities";1;0;5;1;1
"Total sex";"2021";"Assisting spouses";"65-66 years";"JA Publishing, television and radio broadcasting";0;0;0;0;0
"Total sex";"2021";"Assisting spouses";"65-66 years";"JB Telecommunications";0;0;0;0;0
"Total sex";"2021";"Assisting spouses";"65-66 years";"JC IT and information service activities";0;0;1;0;0
"Total sex";"2021";"Assisting spouses";"65-66 years";"K Financial and insurance";0;0;0;0;0
"Total sex";"2021";"Assisting spouses";"65-66 years";"L Real estate activities";1;2;2;3;0
"Total sex";"2021";"Assisting spouses";"65-66 years";"MA Consultancy etc.";0;1;2;3;2
"Total sex";"2021";"Assisting spouses";"65-66 years";"MB Scientific research and development";0;0;0;0;0
"Total sex";"2021";"Assisting spouses";"65-66 years";"MC Advertising and other business services";0;1;0;1;0
"Total sex";"2021";"Assisting spouses";"65-66 years";"N Travel agent, cleaning, and other operationel services";2;1;1;1;1
"Total sex";"2021";"Assisting spouses";"65-66 years";"O Public administration, defence and compulsory social security";0;0;0;0;0
"Total sex";"2021";"Assisting spouses";"65-66 years";"P Education";0;0;0;1;1
"Total sex";"2021";"Assisting spouses";"65-66 years";"QA Human health activities";5;2;2;2;2
"Total sex";"2021";"Assisting spouses";"65-66 years";"QB Residential care";0;0;0;0;0
"Total sex";"2021";"Assisting spouses";"65-66 years";"R Arts, entertainment and recreation activities";1;0;0;0;0
"Total sex";"2021";"Assisting spouses";"65-66 years";"S Other service activities etc.";2;1;1;1;1
"Total sex";"2021";"Assisting spouses";"65-66 years";"X Activity not stated";0;0;0;0;0
"Total sex";"2021";"Assisting spouses";"67 years and over";"A Agriculture, forestry and fishing";15;86;120;121;82
"Total sex";"2021";"Assisting spouses";"67 years and over";"B Mining and quarrying";0;0;0;0;0
"Total sex";"2021";"Assisting spouses";"67 years and over";"CA Manufacture of food products, beverages and tobacco";0;0;0;0;0
"Total sex";"2021";"Assisting spouses";"67 years and over";"CB Textiles and leather products";0;1;0;0;0
"Total sex";"2021";"Assisting spouses";"67 years and over";"CC Wood and paper products and printing";1;1;0;3;0
"Total sex";"2021";"Assisting spouses";"67 years and over";"CD Oil refinery etc.";0;0;0;0;0
"Total sex";"2021";"Assisting spouses";"67 years and over";"CE Manufacture of chemicals";0;0;0;0;0
"Total sex";"2021";"Assisting spouses";"67 years and over";"CF Pharmaceuticals";0;0;0;0;0
"Total sex";"2021";"Assisting spouses";"67 years and over";"CG Manufacture of plastic, glass and concrete";3;1;1;1;0
"Total sex";"2021";"Assisting spouses";"67 years and over";"CH Basic metals and fabricated metal products";0;0;3;4;0
"Total sex";"2021";"Assisting spouses";"67 years and over";"CI Manufacture of electronic components";0;1;0;0;0
"Total sex";"2021";"Assisting spouses";"67 years and over";"CJ Electrical equipment";0;0;0;1;0
"Total sex";"2021";"Assisting spouses";"67 years and over";"CK Manufacture of machinery";1;1;0;3;0
"Total sex";"2021";"Assisting spouses";"67 years and over";"CL Transport equipment";0;0;0;1;0
"Total sex";"2021";"Assisting spouses";"67 years and over";"CM Manufacture of funiture and other manufacturing";3;4;0;3;0
"Total sex";"2021";"Assisting spouses";"67 years and over";"D Electricity, gas, steam and air conditioning supply";0;2;3;5;0
"Total sex";"2021";"Assisting spouses";"67 years and over";"E Water supply, sewerage and waste management";1;0;0;0;0
"Total sex";"2021";"Assisting spouses";"67 years and over";"F Construction";15;15;18;12;5
"Total sex";"2021";"Assisting spouses";"67 years and over";"G Wholesale and retail trade";24;30;35;45;20
"Total sex";"2021";"Assisting spouses";"67 years and over";"H Transportation";7;9;9;8;3
"Total sex";"2021";"Assisting spouses";"67 years and over";"I Accommodation and food service activities";4;3;7;10;3
"Total sex";"2021";"Assisting spouses";"67 years and over";"JA Publishing, television and radio broadcasting";2;1;1;2;0
"Total sex";"2021";"Assisting spouses";"67 years and over";"JB Telecommunications";0;0;0;0;0
"Total sex";"2021";"Assisting spouses";"67 years and over";"JC IT and information service activities";6;0;1;3;0
"Total sex";"2021";"Assisting spouses";"67 years and over";"K Financial and insurance";0;0;3;1;0
"Total sex";"2021";"Assisting spouses";"67 years and over";"L Real estate activities";24;16;31;26;18
"Total sex";"2021";"Assisting spouses";"67 years and over";"MA Consultancy etc.";38;21;14;11;8
"Total sex";"2021";"Assisting spouses";"67 years and over";"MB Scientific research and development";1;0;0;0;0
"Total sex";"2021";"Assisting spouses";"67 years and over";"MC Advertising and other business services";20;2;5;1;3
"Total sex";"2021";"Assisting spouses";"67 years and over";"N Travel agent, cleaning, and other operationel services";15;4;7;7;0
"Total sex";"2021";"Assisting spouses";"67 years and over";"O Public administration, defence and compulsory social security";0;0;0;0;0
"Total sex";"2021";"Assisting spouses";"67 years and over";"P Education";5;1;1;3;0
"Total sex";"2021";"Assisting spouses";"67 years and over";"QA Human health activities";39;4;18;11;6
"Total sex";"2021";"Assisting spouses";"67 years and over";"QB Residential care";0;1;0;0;0
"Total sex";"2021";"Assisting spouses";"67 years and over";"R Arts, entertainment and recreation activities";4;3;1;2;4
"Total sex";"2021";"Assisting spouses";"67 years and over";"S Other service activities etc.";5;5;6;6;1
"Total sex";"2021";"Assisting spouses";"67 years and over";"X Activity not stated";12;6;17;14;10
"Total sex";"2021";"Employees, managers";"Under 16 years";"A Agriculture, forestry and fishing";0;0;0;0;0
"Total sex";"2021";"Employees, managers";"Under 16 years";"B Mining and quarrying";0;0;0;0;0
"Total sex";"2021";"Employees, managers";"Under 16 years";"CA Manufacture of food products, beverages and tobacco";0;0;0;0;0
"Total sex";"2021";"Employees, managers";"Under 16 years";"CB Textiles and leather products";0;0;0;0;0
"Total sex";"2021";"Employees, managers";"Under 16 years";"CC Wood and paper products and printing";0;0;0;0;0
"Total sex";"2021";"Employees, managers";"Under 16 years";"CD Oil refinery etc.";0;0;0;0;0
"Total sex";"2021";"Employees, managers";"Under 16 years";"CE Manufacture of chemicals";0;0;0;0;0
"Total sex";"2021";"Employees, managers";"Under 16 years";"CF Pharmaceuticals";0;0;0;0;0
"Total sex";"2021";"Employees, managers";"Under 16 years";"CG Manufacture of plastic, glass and concrete";0;0;0;0;0
"Total sex";"2021";"Employees, managers";"Under 16 years";"CH Basic metals and fabricated metal products";0;0;0;0;0
"Total sex";"2021";"Employees, managers";"Under 16 years";"CI Manufacture of electronic components";0;0;0;0;0
"Total sex";"2021";"Employees, managers";"Under 16 years";"CJ Electrical equipment";0;0;0;0;0
"Total sex";"2021";"Employees, managers";"Under 16 years";"CK Manufacture of machinery";0;0;0;0;0
"Total sex";"2021";"Employees, managers";"Under 16 years";"CL Transport equipment";0;0;0;0;0
"Total sex";"2021";"Employees, managers";"Under 16 years";"CM Manufacture of funiture and other manufacturing";0;0;0;0;0
"Total sex";"2021";"Employees, managers";"Under 16 years";"D Electricity, gas, steam and air conditioning supply";0;0;0;0;0
"Total sex";"2021";"Employees, managers";"Under 16 years";"E Water supply, sewerage and waste management";0;0;0;0;0
"Total sex";"2021";"Employees, managers";"Under 16 years";"F Construction";0;0;0;0;0
"Total sex";"2021";"Employees, managers";"Under 16 years";"G Wholesale and retail trade";0;0;0;0;0
"Total sex";"2021";"Employees, managers";"Under 16 years";"H Transportation";0;0;0;0;0
"Total sex";"2021";"Employees, managers";"Under 16 years";"I Accommodation and food service activities";0;0;0;0;0
"Total sex";"2021";"Employees, managers";"Under 16 years";"JA Publishing, television and radio broadcasting";0;0;0;0;0
"Total sex";"2021";"Employees, managers";"Under 16 years";"JB Telecommunications";0;0;0;0;0
"Total sex";"2021";"Employees, managers";"Under 16 years";"JC IT and information service activities";0;0;0;0;0
"Total sex";"2021";"Employees, managers";"Under 16 years";"K Financial and insurance";0;0;0;0;0
"Total sex";"2021";"Employees, managers";"Under 16 years";"L Real estate activities";0;0;0;0;0
"Total sex";"2021";"Employees, managers";"Under 16 years";"MA Consultancy etc.";0;0;0;0;0
"Total sex";"2021";"Employees, managers";"Under 16 years";"MB Scientific research and development";0;0;0;0;0
"Total sex";"2021";"Employees, managers";"Under 16 years";"MC Advertising and other business services";0;0;0;0;0
"Total sex";"2021";"Employees, managers";"Under 16 years";"N Travel agent, cleaning, and other operationel services";0;0;0;0;0
"Total sex";"2021";"Employees, managers";"Under 16 years";"O Public administration, defence and compulsory social security";0;0;0;0;0
"Total sex";"2021";"Employees, managers";"Under 16 years";"P Education";0;0;0;0;0
"Total sex";"2021";"Employees, managers";"Under 16 years";"QA Human health activities";0;0;0;0;0
"Total sex";"2021";"Employees, managers";"Under 16 years";"QB Residential care";0;0;0;0;0
"Total sex";"2021";"Employees, managers";"Under 16 years";"R Arts, entertainment and recreation activities";0;0;0;0;0
"Total sex";"2021";"Employees, managers";"Under 16 years";"S Other service activities etc.";0;0;0;0;0
"Total sex";"2021";"Employees, managers";"Under 16 years";"X Activity not stated";0;0;0;0;0
"Total sex";"2021";"Employees, managers";"16-19 years";"A Agriculture, forestry and fishing";0;0;1;1;1
"Total sex";"2021";"Employees, managers";"16-19 years";"B Mining and quarrying";0;0;0;0;0
"Total sex";"2021";"Employees, managers";"16-19 years";"CA Manufacture of food products, beverages and tobacco";0;0;2;0;0
"Total sex";"2021";"Employees, managers";"16-19 years";"CB Textiles and leather products";0;0;0;0;0
"Total sex";"2021";"Employees, managers";"16-19 years";"CC Wood and paper products and printing";0;0;0;0;1
"Total sex";"2021";"Employees, managers";"16-19 years";"CD Oil refinery etc.";0;0;0;0;0
"Total sex";"2021";"Employees, managers";"16-19 years";"CE Manufacture of chemicals";0;0;0;0;0
"Total sex";"2021";"Employees, managers";"16-19 years";"CF Pharmaceuticals";0;0;0;0;0
"Total sex";"2021";"Employees, managers";"16-19 years";"CG Manufacture of plastic, glass and concrete";0;0;0;0;0
"Total sex";"2021";"Employees, managers";"16-19 years";"CH Basic metals and fabricated metal products";0;0;0;0;0
"Total sex";"2021";"Employees, managers";"16-19 years";"CI Manufacture of electronic components";0;0;0;0;0
"Total sex";"2021";"Employees, managers";"16-19 years";"CJ Electrical equipment";0;0;0;0;0
"Total sex";"2021";"Employees, managers";"16-19 years";"CK Manufacture of machinery";0;0;0;0;0
"Total sex";"2021";"Employees, managers";"16-19 years";"CL Transport equipment";0;0;1;0;0
"Total sex";"2021";"Employees, managers";"16-19 years";"CM Manufacture of funiture and other manufacturing";0;0;2;0;0
"Total sex";"2021";"Employees, managers";"16-19 years";"D Electricity, gas, steam and air conditioning supply";0;0;0;0;0
"Total sex";"2021";"Employees, managers";"16-19 years";"E Water supply, sewerage and waste management";0;0;0;0;0
"Total sex";"2021";"Employees, managers";"16-19 years";"F Construction";1;1;1;3;2
"Total sex";"2021";"Employees, managers";"16-19 years";"G Wholesale and retail trade";6;8;7;10;0
"Total sex";"2021";"Employees, managers";"16-19 years";"H Transportation";0;0;0;0;0
"Total sex";"2021";"Employees, managers";"16-19 years";"I Accommodation and food service activities";6;2;1;1;2
"Total sex";"2021";"Employees, managers";"16-19 years";"JA Publishing, television and radio broadcasting";0;0;0;0;0
"Total sex";"2021";"Employees, managers";"16-19 years";"JB Telecommunications";0;0;0;0;0
"Total sex";"2021";"Employees, managers";"16-19 years";"JC IT and information service activities";0;0;0;0;0
"Total sex";"2021";"Employees, managers";"16-19 years";"K Financial and insurance";0;0;0;0;0
"Total sex";"2021";"Employees, managers";"16-19 years";"L Real estate activities";0;0;1;0;0
"Total sex";"2021";"Employees, managers";"16-19 years";"MA Consultancy etc.";0;0;0;0;0
"Total sex";"2021";"Employees, managers";"16-19 years";"MB Scientific research and development";0;0;0;0;0
"Total sex";"2021";"Employees, managers";"16-19 years";"MC Advertising and other business services";0;0;0;0;0
"Total sex";"2021";"Employees, managers";"16-19 years";"N Travel agent, cleaning, and other operationel services";2;1;1;31;4
"Total sex";"2021";"Employees, managers";"16-19 years";"O Public administration, defence and compulsory social security";0;0;0;0;0
"Total sex";"2021";"Employees, managers";"16-19 years";"P Education";0;1;0;0;0
"Total sex";"2021";"Employees, managers";"16-19 years";"QA Human health activities";0;0;0;0;0
"Total sex";"2021";"Employees, managers";"16-19 years";"QB Residential care";0;0;1;0;0
"Total sex";"2021";"Employees, managers";"16-19 years";"R Arts, entertainment and recreation activities";0;1;2;1;0
"Total sex";"2021";"Employees, managers";"16-19 years";"S Other service activities etc.";0;0;0;0;0
"Total sex";"2021";"Employees, managers";"16-19 years";"X Activity not stated";0;0;0;0;0
"Total sex";"2021";"Employees, managers";"20-24 years";"A Agriculture, forestry and fishing";1;0;1;0;0
"Total sex";"2021";"Employees, managers";"20-24 years";"B Mining and quarrying";0;0;0;0;0
"Total sex";"2021";"Employees, managers";"20-24 years";"CA Manufacture of food products, beverages and tobacco";2;0;0;4;0
"Total sex";"2021";"Employees, managers";"20-24 years";"CB Textiles and leather products";0;0;0;0;1
"Total sex";"2021";"Employees, managers";"20-24 years";"CC Wood and paper products and printing";2;1;0;1;0
"Total sex";"2021";"Employees, managers";"20-24 years";"CD Oil refinery etc.";0;0;0;0;0
"Total sex";"2021";"Employees, managers";"20-24 years";"CE Manufacture of chemicals";1;0;0;0;2
"Total sex";"2021";"Employees, managers";"20-24 years";"CF Pharmaceuticals";0;0;0;0;0
"Total sex";"2021";"Employees, managers";"20-24 years";"CG Manufacture of plastic, glass and concrete";0;0;2;1;0
"Total sex";"2021";"Employees, managers";"20-24 years";"CH Basic metals and fabricated metal products";0;1;2;0;1
"Total sex";"2021";"Employees, managers";"20-24 years";"CI Manufacture of electronic components";3;1;0;0;0
"Total sex";"2021";"Employees, managers";"20-24 years";"CJ Electrical equipment";0;0;0;0;0
"Total sex";"2021";"Employees, managers";"20-24 years";"CK Manufacture of machinery";0;1;0;1;1
"Total sex";"2021";"Employees, managers";"20-24 years";"CL Transport equipment";1;0;0;0;0
"Total sex";"2021";"Employees, managers";"20-24 years";"CM Manufacture of funiture and other manufacturing";1;0;2;5;1
"Total sex";"2021";"Employees, managers";"20-24 years";"D Electricity, gas, steam and air conditioning supply";1;0;0;0;0
"Total sex";"2021";"Employees, managers";"20-24 years";"E Water supply, sewerage and waste management";0;0;0;0;0
"Total sex";"2021";"Employees, managers";"20-24 years";"F Construction";16;5;6;14;7
"Total sex";"2021";"Employees, managers";"20-24 years";"G Wholesale and retail trade";184;66;82;109;25
"Total sex";"2021";"Employees, managers";"20-24 years";"H Transportation";6;3;2;6;1
"Total sex";"2021";"Employees, managers";"20-24 years";"I Accommodation and food service activities";20;7;5;14;6
"Total sex";"2021";"Employees, managers";"20-24 years";"JA Publishing, television and radio broadcasting";2;0;1;1;1
"Total sex";"2021";"Employees, managers";"20-24 years";"JB Telecommunications";0;0;0;0;0
"Total sex";"2021";"Employees, managers";"20-24 years";"JC IT and information service activities";4;0;2;5;0
"Total sex";"2021";"Employees, managers";"20-24 years";"K Financial and insurance";5;0;0;2;1
"Total sex";"2021";"Employees, managers";"20-24 years";"L Real estate activities";2;0;3;0;1
"Total sex";"2021";"Employees, managers";"20-24 years";"MA Consultancy etc.";5;0;0;7;0
"Total sex";"2021";"Employees, managers";"20-24 years";"MB Scientific research and development";0;0;0;0;0
"Total sex";"2021";"Employees, managers";"20-24 years";"MC Advertising and other business services";1;0;0;1;0
"Total sex";"2021";"Employees, managers";"20-24 years";"N Travel agent, cleaning, and other operationel services";37;1;11;76;13
"Total sex";"2021";"Employees, managers";"20-24 years";"O Public administration, defence and compulsory social security";5;0;3;6;0
"Total sex";"2021";"Employees, managers";"20-24 years";"P Education";2;0;3;0;0
"Total sex";"2021";"Employees, managers";"20-24 years";"QA Human health activities";3;0;0;1;0
"Total sex";"2021";"Employees, managers";"20-24 years";"QB Residential care";6;0;0;0;0
"Total sex";"2021";"Employees, managers";"20-24 years";"R Arts, entertainment and recreation activities";17;0;5;1;2
"Total sex";"2021";"Employees, managers";"20-24 years";"S Other service activities etc.";12;1;1;2;0
"Total sex";"2021";"Employees, managers";"20-24 years";"X Activity not stated";0;0;0;0;0
"Total sex";"2021";"Employees, managers";"25-29 years";"A Agriculture, forestry and fishing";0;1;4;2;1
"Total sex";"2021";"Employees, managers";"25-29 years";"B Mining and quarrying";0;0;0;0;0
"Total sex";"2021";"Employees, managers";"25-29 years";"CA Manufacture of food products, beverages and tobacco";9;3;9;5;7
"Total sex";"2021";"Employees, managers";"25-29 years";"CB Textiles and leather products";3;0;0;5;1
"Total sex";"2021";"Employees, managers";"25-29 years";"CC Wood and paper products and printing";3;1;2;5;2
"Total sex";"2021";"Employees, managers";"25-29 years";"CD Oil refinery etc.";0;0;0;0;0
"Total sex";"2021";"Employees, managers";"25-29 years";"CE Manufacture of chemicals";4;0;1;2;0
"Total sex";"2021";"Employees, managers";"25-29 years";"CF Pharmaceuticals";13;2;0;0;0
"Total sex";"2021";"Employees, managers";"25-29 years";"CG Manufacture of plastic, glass and concrete";6;7;4;5;5
"Total sex";"2021";"Employees, managers";"25-29 years";"CH Basic metals and fabricated metal products";4;4;7;7;3
"Total sex";"2021";"Employees, managers";"25-29 years";"CI Manufacture of electronic components";14;3;1;2;0
"Total sex";"2021";"Employees, managers";"25-29 years";"CJ Electrical equipment";2;1;4;2;0
"Total sex";"2021";"Employees, managers";"25-29 years";"CK Manufacture of machinery";1;6;13;9;12
"Total sex";"2021";"Employees, managers";"25-29 years";"CL Transport equipment";0;2;2;0;0
"Total sex";"2021";"Employees, managers";"25-29 years";"CM Manufacture of funiture and other manufacturing";3;0;10;4;2
"Total sex";"2021";"Employees, managers";"25-29 years";"D Electricity, gas, steam and air conditioning supply";3;0;0;6;1
"Total sex";"2021";"Employees, managers";"25-29 years";"E Water supply, sewerage and waste management";0;2;0;1;0
"Total sex";"2021";"Employees, managers";"25-29 years";"F Construction";74;32;48;65;27
"Total sex";"2021";"Employees, managers";"25-29 years";"G Wholesale and retail trade";644;187;318;403;130
"Total sex";"2021";"Employees, managers";"25-29 years";"H Transportation";29;1;11;12;6
"Total sex";"2021";"Employees, managers";"25-29 years";"I Accommodation and food service activities";76;10;19;29;6
"Total sex";"2021";"Employees, managers";"25-29 years";"JA Publishing, television and radio broadcasting";51;1;4;6;3
"Total sex";"2021";"Employees, managers";"25-29 years";"JB Telecommunications";7;0;2;2;3
"Total sex";"2021";"Employees, managers";"25-29 years";"JC IT and information service activities";93;1;10;23;7
"Total sex";"2021";"Employees, managers";"25-29 years";"K Financial and insurance";68;2;3;10;2
"Total sex";"2021";"Employees, managers";"25-29 years";"L Real estate activities";11;0;5;3;1
"Total sex";"2021";"Employees, managers";"25-29 years";"MA Consultancy etc.";53;2;6;29;5
"Total sex";"2021";"Employees, managers";"25-29 years";"MB Scientific research and development";7;0;5;1;0
"Total sex";"2021";"Employees, managers";"25-29 years";"MC Advertising and other business services";39;2;7;7;1
"Total sex";"2021";"Employees, managers";"25-29 years";"N Travel agent, cleaning, and other operationel services";107;13;13;48;11
"Total sex";"2021";"Employees, managers";"25-29 years";"O Public administration, defence and compulsory social security";19;5;5;10;3
"Total sex";"2021";"Employees, managers";"25-29 years";"P Education";8;3;4;8;2
"Total sex";"2021";"Employees, managers";"25-29 years";"QA Human health activities";12;2;2;6;0
"Total sex";"2021";"Employees, managers";"25-29 years";"QB Residential care";15;3;2;12;4
"Total sex";"2021";"Employees, managers";"25-29 years";"R Arts, entertainment and recreation activities";41;5;10;10;5
"Total sex";"2021";"Employees, managers";"25-29 years";"S Other service activities etc.";37;1;13;6;1
"Total sex";"2021";"Employees, managers";"25-29 years";"X Activity not stated";0;0;0;0;0
"Total sex";"2021";"Employees, managers";"30-34 years";"A Agriculture, forestry and fishing";1;5;6;6;0
"Total sex";"2021";"Employees, managers";"30-34 years";"B Mining and quarrying";3;1;0;0;0
"Total sex";"2021";"Employees, managers";"30-34 years";"CA Manufacture of food products, beverages and tobacco";30;6;26;17;10
"Total sex";"2021";"Employees, managers";"30-34 years";"CB Textiles and leather products";9;0;2;5;5
"Total sex";"2021";"Employees, managers";"30-34 years";"CC Wood and paper products and printing";2;0;9;18;4
"Total sex";"2021";"Employees, managers";"30-34 years";"CD Oil refinery etc.";0;1;0;0;1
"Total sex";"2021";"Employees, managers";"30-34 years";"CE Manufacture of chemicals";12;1;2;7;0
"Total sex";"2021";"Employees, managers";"30-34 years";"CF Pharmaceuticals";47;5;1;0;0
"Total sex";"2021";"Employees, managers";"30-34 years";"CG Manufacture of plastic, glass and concrete";10;8;23;10;7
"Total sex";"2021";"Employees, managers";"30-34 years";"CH Basic metals and fabricated metal products";10;5;26;24;10
"Total sex";"2021";"Employees, managers";"30-34 years";"CI Manufacture of electronic components";29;1;3;4;0
"Total sex";"2021";"Employees, managers";"30-34 years";"CJ Electrical equipment";6;1;5;6;5
"Total sex";"2021";"Employees, managers";"30-34 years";"CK Manufacture of machinery";6;8;45;93;24
"Total sex";"2021";"Employees, managers";"30-34 years";"CL Transport equipment";1;0;4;6;2
"Total sex";"2021";"Employees, managers";"30-34 years";"CM Manufacture of funiture and other manufacturing";29;2;34;25;7
"Total sex";"2021";"Employees, managers";"30-34 years";"D Electricity, gas, steam and air conditioning supply";14;1;10;21;5
"Total sex";"2021";"Employees, managers";"30-34 years";"E Water supply, sewerage and waste management";6;5;3;1;2
"Total sex";"2021";"Employees, managers";"30-34 years";"F Construction";181;67;102;139;61
"Total sex";"2021";"Employees, managers";"30-34 years";"G Wholesale and retail trade";955;259;409;496;139
"Total sex";"2021";"Employees, managers";"30-34 years";"H Transportation";86;8;30;33;8
"Total sex";"2021";"Employees, managers";"30-34 years";"I Accommodation and food service activities";138;11;30;26;17
"Total sex";"2021";"Employees, managers";"30-34 years";"JA Publishing, television and radio broadcasting";87;0;9;18;5
"Total sex";"2021";"Employees, managers";"30-34 years";"JB Telecommunications";16;1;3;4;0
"Total sex";"2021";"Employees, managers";"30-34 years";"JC IT and information service activities";219;2;34;60;14
"Total sex";"2021";"Employees, managers";"30-34 years";"K Financial and insurance";277;1;28;40;3
"Total sex";"2021";"Employees, managers";"30-34 years";"L Real estate activities";47;4;8;8;3
"Total sex";"2021";"Employees, managers";"30-34 years";"MA Consultancy etc.";168;13;29;56;13
"Total sex";"2021";"Employees, managers";"30-34 years";"MB Scientific research and development";20;0;9;1;0
"Total sex";"2021";"Employees, managers";"30-34 years";"MC Advertising and other business services";77;4;5;25;7
"Total sex";"2021";"Employees, managers";"30-34 years";"N Travel agent, cleaning, and other operationel services";159;26;35;70;20
"Total sex";"2021";"Employees, managers";"30-34 years";"O Public administration, defence and compulsory social security";65;12;12;14;7
"Total sex";"2021";"Employees, managers";"30-34 years";"P Education";27;9;19;35;12
"Total sex";"2021";"Employees, managers";"30-34 years";"QA Human health activities";27;2;3;5;1
"Total sex";"2021";"Employees, managers";"30-34 years";"QB Residential care";61;19;26;39;21
"Total sex";"2021";"Employees, managers";"30-34 years";"R Arts, entertainment and recreation activities";65;4;22;14;3
"Total sex";"2021";"Employees, managers";"30-34 years";"S Other service activities etc.";77;3;19;17;10
"Total sex";"2021";"Employees, managers";"30-34 years";"X Activity not stated";0;0;0;0;0
"Total sex";"2021";"Employees, managers";"35-39 years";"A Agriculture, forestry and fishing";0;3;7;5;5
"Total sex";"2021";"Employees, managers";"35-39 years";"B Mining and quarrying";19;1;17;0;0
"Total sex";"2021";"Employees, managers";"35-39 years";"CA Manufacture of food products, beverages and tobacco";31;11;56;44;21
"Total sex";"2021";"Employees, managers";"35-39 years";"CB Textiles and leather products";11;0;1;7;4
"Total sex";"2021";"Employees, managers";"35-39 years";"CC Wood and paper products and printing";7;0;8;12;9
"Total sex";"2021";"Employees, managers";"35-39 years";"CD Oil refinery etc.";0;1;0;0;0
"Total sex";"2021";"Employees, managers";"35-39 years";"CE Manufacture of chemicals";22;3;6;10;0
"Total sex";"2021";"Employees, managers";"35-39 years";"CF Pharmaceuticals";97;3;0;0;0
"Total sex";"2021";"Employees, managers";"35-39 years";"CG Manufacture of plastic, glass and concrete";25;11;36;18;14
"Total sex";"2021";"Employees, managers";"35-39 years";"CH Basic metals and fabricated metal products";9;10;35;41;14
"Total sex";"2021";"Employees, managers";"35-39 years";"CI Manufacture of electronic components";49;1;5;16;1
"Total sex";"2021";"Employees, managers";"35-39 years";"CJ Electrical equipment";16;2;19;7;2
"Total sex";"2021";"Employees, managers";"35-39 years";"CK Manufacture of machinery";19;11;105;180;51
"Total sex";"2021";"Employees, managers";"35-39 years";"CL Transport equipment";4;2;8;7;5
"Total sex";"2021";"Employees, managers";"35-39 years";"CM Manufacture of funiture and other manufacturing";38;11;98;19;14
"Total sex";"2021";"Employees, managers";"35-39 years";"D Electricity, gas, steam and air conditioning supply";28;6;36;17;6
"Total sex";"2021";"Employees, managers";"35-39 years";"E Water supply, sewerage and waste management";9;10;0;6;2
"Total sex";"2021";"Employees, managers";"35-39 years";"F Construction";242;107;138;216;95
"Total sex";"2021";"Employees, managers";"35-39 years";"G Wholesale and retail trade";992;269;483;583;171
"Total sex";"2021";"Employees, managers";"35-39 years";"H Transportation";155;17;52;50;13
"Total sex";"2021";"Employees, managers";"35-39 years";"I Accommodation and food service activities";131;10;39;32;11
"Total sex";"2021";"Employees, managers";"35-39 years";"JA Publishing, television and radio broadcasting";137;4;22;19;8
"Total sex";"2021";"Employees, managers";"35-39 years";"JB Telecommunications";36;3;4;11;4
"Total sex";"2021";"Employees, managers";"35-39 years";"JC IT and information service activities";310;7;36;90;34
"Total sex";"2021";"Employees, managers";"35-39 years";"K Financial and insurance";460;7;35;61;15
"Total sex";"2021";"Employees, managers";"35-39 years";"L Real estate activities";57;6;9;16;13
"Total sex";"2021";"Employees, managers";"35-39 years";"MA Consultancy etc.";278;25;59;98;25
"Total sex";"2021";"Employees, managers";"35-39 years";"MB Scientific research and development";44;2;7;8;3
"Total sex";"2021";"Employees, managers";"35-39 years";"MC Advertising and other business services";88;1;11;34;5
"Total sex";"2021";"Employees, managers";"35-39 years";"N Travel agent, cleaning, and other operationel services";250;32;45;112;13
"Total sex";"2021";"Employees, managers";"35-39 years";"O Public administration, defence and compulsory social security";202;25;50;55;26
"Total sex";"2021";"Employees, managers";"35-39 years";"P Education";129;44;77;84;46
"Total sex";"2021";"Employees, managers";"35-39 years";"QA Human health activities";35;6;14;12;6
"Total sex";"2021";"Employees, managers";"35-39 years";"QB Residential care";149;48;74;86;45
"Total sex";"2021";"Employees, managers";"35-39 years";"R Arts, entertainment and recreation activities";73;7;18;20;4
"Total sex";"2021";"Employees, managers";"35-39 years";"S Other service activities etc.";111;8;22;26;10
"Total sex";"2021";"Employees, managers";"35-39 years";"X Activity not stated";0;0;0;0;0
"Total sex";"2021";"Employees, managers";"40-44 years";"A Agriculture, forestry and fishing";5;5;11;7;2
"Total sex";"2021";"Employees, managers";"40-44 years";"B Mining and quarrying";26;1;11;4;2
"Total sex";"2021";"Employees, managers";"40-44 years";"CA Manufacture of food products, beverages and tobacco";39;22;54;72;33
"Total sex";"2021";"Employees, managers";"40-44 years";"CB Textiles and leather products";6;1;7;20;6
"Total sex";"2021";"Employees, managers";"40-44 years";"CC Wood and paper products and printing";10;5;18;37;13
"Total sex";"2021";"Employees, managers";"40-44 years";"CD Oil refinery etc.";1;3;0;0;0
"Total sex";"2021";"Employees, managers";"40-44 years";"CE Manufacture of chemicals";40;9;11;19;2
"Total sex";"2021";"Employees, managers";"40-44 years";"CF Pharmaceuticals";171;6;4;0;0
"Total sex";"2021";"Employees, managers";"40-44 years";"CG Manufacture of plastic, glass and concrete";29;20;50;40;25
"Total sex";"2021";"Employees, managers";"40-44 years";"CH Basic metals and fabricated metal products";13;18;73;67;36
"Total sex";"2021";"Employees, managers";"40-44 years";"CI Manufacture of electronic components";90;4;12;33;10
"Total sex";"2021";"Employees, managers";"40-44 years";"CJ Electrical equipment";18;2;25;15;15
"Total sex";"2021";"Employees, managers";"40-44 years";"CK Manufacture of machinery";30;24;141;243;67
"Total sex";"2021";"Employees, managers";"40-44 years";"CL Transport equipment";0;3;15;12;7
"Total sex";"2021";"Employees, managers";"40-44 years";"CM Manufacture of funiture and other manufacturing";59;18;152;41;28
"Total sex";"2021";"Employees, managers";"40-44 years";"D Electricity, gas, steam and air conditioning supply";48;6;48;24;9
"Total sex";"2021";"Employees, managers";"40-44 years";"E Water supply, sewerage and waste management";9;9;12;17;6
"Total sex";"2021";"Employees, managers";"40-44 years";"F Construction";335;156;222;270;112
"Total sex";"2021";"Employees, managers";"40-44 years";"G Wholesale and retail trade";1327;360;702;774;273
"Total sex";"2021";"Employees, managers";"40-44 years";"H Transportation";238;29;100;71;24
"Total sex";"2021";"Employees, managers";"40-44 years";"I Accommodation and food service activities";135;18;45;42;11
"Total sex";"2021";"Employees, managers";"40-44 years";"JA Publishing, television and radio broadcasting";202;5;26;26;7
"Total sex";"2021";"Employees, managers";"40-44 years";"JB Telecommunications";54;3;5;14;7
"Total sex";"2021";"Employees, managers";"40-44 years";"JC IT and information service activities";369;8;59;115;38
"Total sex";"2021";"Employees, managers";"40-44 years";"K Financial and insurance";631;24;82;95;22
"Total sex";"2021";"Employees, managers";"40-44 years";"L Real estate activities";106;16;29;37;10
"Total sex";"2021";"Employees, managers";"40-44 years";"MA Consultancy etc.";454;48;112;147;34
"Total sex";"2021";"Employees, managers";"40-44 years";"MB Scientific research and development";82;5;12;29;3
"Total sex";"2021";"Employees, managers";"40-44 years";"MC Advertising and other business services";124;7;14;30;11
"Total sex";"2021";"Employees, managers";"40-44 years";"N Travel agent, cleaning, and other operationel services";279;60;66;117;34
"Total sex";"2021";"Employees, managers";"40-44 years";"O Public administration, defence and compulsory social security";391;61;136;121;53
"Total sex";"2021";"Employees, managers";"40-44 years";"P Education";218;120;225;218;97
"Total sex";"2021";"Employees, managers";"40-44 years";"QA Human health activities";80;3;26;26;3
"Total sex";"2021";"Employees, managers";"40-44 years";"QB Residential care";344;81;147;199;81
"Total sex";"2021";"Employees, managers";"40-44 years";"R Arts, entertainment and recreation activities";103;15;33;39;14
"Total sex";"2021";"Employees, managers";"40-44 years";"S Other service activities etc.";171;13;32;40;12
"Total sex";"2021";"Employees, managers";"40-44 years";"X Activity not stated";0;0;0;0;0
"Total sex";"2021";"Employees, managers";"45-49 years";"A Agriculture, forestry and fishing";1;16;15;10;9
"Total sex";"2021";"Employees, managers";"45-49 years";"B Mining and quarrying";24;2;18;9;2
"Total sex";"2021";"Employees, managers";"45-49 years";"CA Manufacture of food products, beverages and tobacco";54;45;107;104;62
"Total sex";"2021";"Employees, managers";"45-49 years";"CB Textiles and leather products";7;3;22;25;20
"Total sex";"2021";"Employees, managers";"45-49 years";"CC Wood and paper products and printing";27;12;37;60;26
"Total sex";"2021";"Employees, managers";"45-49 years";"CD Oil refinery etc.";0;3;1;0;0
"Total sex";"2021";"Employees, managers";"45-49 years";"CE Manufacture of chemicals";61;14;24;21;6
"Total sex";"2021";"Employees, managers";"45-49 years";"CF Pharmaceuticals";257;10;7;2;1
"Total sex";"2021";"Employees, managers";"45-49 years";"CG Manufacture of plastic, glass and concrete";40;27;61;82;47
"Total sex";"2021";"Employees, managers";"45-49 years";"CH Basic metals and fabricated metal products";24;29;111;123;62
"Total sex";"2021";"Employees, managers";"45-49 years";"CI Manufacture of electronic components";142;12;21;42;18
"Total sex";"2021";"Employees, managers";"45-49 years";"CJ Electrical equipment";21;7;62;22;11
"Total sex";"2021";"Employees, managers";"45-49 years";"CK Manufacture of machinery";60;47;222;330;95
"Total sex";"2021";"Employees, managers";"45-49 years";"CL Transport equipment";4;3;28;19;5
"Total sex";"2021";"Employees, managers";"45-49 years";"CM Manufacture of funiture and other manufacturing";94;31;158;85;34
"Total sex";"2021";"Employees, managers";"45-49 years";"D Electricity, gas, steam and air conditioning supply";55;8;53;36;18
"Total sex";"2021";"Employees, managers";"45-49 years";"E Water supply, sewerage and waste management";18;9;16;19;9
"Total sex";"2021";"Employees, managers";"45-49 years";"F Construction";373;178;276;366;159
"Total sex";"2021";"Employees, managers";"45-49 years";"G Wholesale and retail trade";1745;467;952;1106;343
"Total sex";"2021";"Employees, managers";"45-49 years";"H Transportation";298;38;128;101;53
"Total sex";"2021";"Employees, managers";"45-49 years";"I Accommodation and food service activities";140;21;65;52;20
"Total sex";"2021";"Employees, managers";"45-49 years";"JA Publishing, television and radio broadcasting";254;3;33;31;12
"Total sex";"2021";"Employees, managers";"45-49 years";"JB Telecommunications";68;8;9;21;10
"Total sex";"2021";"Employees, managers";"45-49 years";"JC IT and information service activities";535;25;66;148;48
"Total sex";"2021";"Employees, managers";"45-49 years";"K Financial and insurance";788;49;105;120;32
"Total sex";"2021";"Employees, managers";"45-49 years";"L Real estate activities";167;11;41;53;26
"Total sex";"2021";"Employees, managers";"45-49 years";"MA Consultancy etc.";664;60;153;243;63
"Total sex";"2021";"Employees, managers";"45-49 years";"MB Scientific research and development";138;4;19;29;5
"Total sex";"2021";"Employees, managers";"45-49 years";"MC Advertising and other business services";157;9;26;58;5
"Total sex";"2021";"Employees, managers";"45-49 years";"N Travel agent, cleaning, and other operationel services";404;68;93;147;44
"Total sex";"2021";"Employees, managers";"45-49 years";"O Public administration, defence and compulsory social security";634;131;216;210;119
"Total sex";"2021";"Employees, managers";"45-49 years";"P Education";429;239;397;381;140
"Total sex";"2021";"Employees, managers";"45-49 years";"QA Human health activities";91;19;29;36;15
"Total sex";"2021";"Employees, managers";"45-49 years";"QB Residential care";469;178;273;267;141
"Total sex";"2021";"Employees, managers";"45-49 years";"R Arts, entertainment and recreation activities";168;23;43;52;18
"Total sex";"2021";"Employees, managers";"45-49 years";"S Other service activities etc.";254;27;37;44;17
"Total sex";"2021";"Employees, managers";"45-49 years";"X Activity not stated";0;0;0;0;0
"Total sex";"2021";"Employees, managers";"50-54 years";"A Agriculture, forestry and fishing";7;8;26;20;7
"Total sex";"2021";"Employees, managers";"50-54 years";"B Mining and quarrying";21;5;26;7;7
"Total sex";"2021";"Employees, managers";"50-54 years";"CA Manufacture of food products, beverages and tobacco";54;42;147;125;72
"Total sex";"2021";"Employees, managers";"50-54 years";"CB Textiles and leather products";5;2;9;49;22
"Total sex";"2021";"Employees, managers";"50-54 years";"CC Wood and paper products and printing";29;24;49;82;53
"Total sex";"2021";"Employees, managers";"50-54 years";"CD Oil refinery etc.";0;7;0;0;0
"Total sex";"2021";"Employees, managers";"50-54 years";"CE Manufacture of chemicals";72;9;32;30;5
"Total sex";"2021";"Employees, managers";"50-54 years";"CF Pharmaceuticals";212;11;3;0;0
"Total sex";"2021";"Employees, managers";"50-54 years";"CG Manufacture of plastic, glass and concrete";66;52;93;107;64
"Total sex";"2021";"Employees, managers";"50-54 years";"CH Basic metals and fabricated metal products";55;44;156;165;72
"Total sex";"2021";"Employees, managers";"50-54 years";"CI Manufacture of electronic components";165;14;16;64;16
"Total sex";"2021";"Employees, managers";"50-54 years";"CJ Electrical equipment";28;13;63;30;14
"Total sex";"2021";"Employees, managers";"50-54 years";"CK Manufacture of machinery";97;68;275;382;86
"Total sex";"2021";"Employees, managers";"50-54 years";"CL Transport equipment";7;5;25;27;12
"Total sex";"2021";"Employees, managers";"50-54 years";"CM Manufacture of funiture and other manufacturing";118;39;167;110;51
"Total sex";"2021";"Employees, managers";"50-54 years";"D Electricity, gas, steam and air conditioning supply";49;17;61;27;12
"Total sex";"2021";"Employees, managers";"50-54 years";"E Water supply, sewerage and waste management";28;23;29;24;8
"Total sex";"2021";"Employees, managers";"50-54 years";"F Construction";440;219;293;348;145
"Total sex";"2021";"Employees, managers";"50-54 years";"G Wholesale and retail trade";1719;476;985;1109;321
"Total sex";"2021";"Employees, managers";"50-54 years";"H Transportation";383;68;139;145;45
"Total sex";"2021";"Employees, managers";"50-54 years";"I Accommodation and food service activities";142;21;56;44;34
"Total sex";"2021";"Employees, managers";"50-54 years";"JA Publishing, television and radio broadcasting";205;2;33;39;12
"Total sex";"2021";"Employees, managers";"50-54 years";"JB Telecommunications";59;4;8;18;9
"Total sex";"2021";"Employees, managers";"50-54 years";"JC IT and information service activities";462;20;57;135;47
"Total sex";"2021";"Employees, managers";"50-54 years";"K Financial and insurance";715;43;111;147;41
"Total sex";"2021";"Employees, managers";"50-54 years";"L Real estate activities";175;23;61;63;31
"Total sex";"2021";"Employees, managers";"50-54 years";"MA Consultancy etc.";720;96;198;230;57
"Total sex";"2021";"Employees, managers";"50-54 years";"MB Scientific research and development";133;6;16;34;3
"Total sex";"2021";"Employees, managers";"50-54 years";"MC Advertising and other business services";145;10;39;72;12
"Total sex";"2021";"Employees, managers";"50-54 years";"N Travel agent, cleaning, and other operationel services";404;65;108;157;47
"Total sex";"2021";"Employees, managers";"50-54 years";"O Public administration, defence and compulsory social security";658;160;241;230;135
"Total sex";"2021";"Employees, managers";"50-54 years";"P Education";444;238;350;349;140
"Total sex";"2021";"Employees, managers";"50-54 years";"QA Human health activities";99;16;39;34;8
"Total sex";"2021";"Employees, managers";"50-54 years";"QB Residential care";483;170;270;260;136
"Total sex";"2021";"Employees, managers";"50-54 years";"R Arts, entertainment and recreation activities";127;27;50;47;20
"Total sex";"2021";"Employees, managers";"50-54 years";"S Other service activities etc.";296;31;73;76;26
"Total sex";"2021";"Employees, managers";"50-54 years";"X Activity not stated";0;0;0;0;0
"Total sex";"2021";"Employees, managers";"55-59 years";"A Agriculture, forestry and fishing";1;10;23;18;7
"Total sex";"2021";"Employees, managers";"55-59 years";"B Mining and quarrying";14;5;22;9;4
"Total sex";"2021";"Employees, managers";"55-59 years";"CA Manufacture of food products, beverages and tobacco";48;53;127;140;61
"Total sex";"2021";"Employees, managers";"55-59 years";"CB Textiles and leather products";1;2;21;59;20
"Total sex";"2021";"Employees, managers";"55-59 years";"CC Wood and paper products and printing";33;13;56;82;44
"Total sex";"2021";"Employees, managers";"55-59 years";"CD Oil refinery etc.";0;9;2;0;1
"Total sex";"2021";"Employees, managers";"55-59 years";"CE Manufacture of chemicals";56;21;22;19;6
"Total sex";"2021";"Employees, managers";"55-59 years";"CF Pharmaceuticals";153;6;3;6;3
"Total sex";"2021";"Employees, managers";"55-59 years";"CG Manufacture of plastic, glass and concrete";63;50;104;114;43
"Total sex";"2021";"Employees, managers";"55-59 years";"CH Basic metals and fabricated metal products";49;63;166;157;75
"Total sex";"2021";"Employees, managers";"55-59 years";"CI Manufacture of electronic components";121;8;19;74;13
"Total sex";"2021";"Employees, managers";"55-59 years";"CJ Electrical equipment";31;10;65;28;9
"Total sex";"2021";"Employees, managers";"55-59 years";"CK Manufacture of machinery";85;70;274;306;78
"Total sex";"2021";"Employees, managers";"55-59 years";"CL Transport equipment";10;11;30;23;13
"Total sex";"2021";"Employees, managers";"55-59 years";"CM Manufacture of funiture and other manufacturing";64;32;139;106;46
"Total sex";"2021";"Employees, managers";"55-59 years";"D Electricity, gas, steam and air conditioning supply";40;9;43;27;10
"Total sex";"2021";"Employees, managers";"55-59 years";"E Water supply, sewerage and waste management";43;25;26;35;18
"Total sex";"2021";"Employees, managers";"55-59 years";"F Construction";425;189;253;283;133
"Total sex";"2021";"Employees, managers";"55-59 years";"G Wholesale and retail trade";1555;434;874;905;335
"Total sex";"2021";"Employees, managers";"55-59 years";"H Transportation";329;53;143;132;47
"Total sex";"2021";"Employees, managers";"55-59 years";"I Accommodation and food service activities";117;20;50;37;27
"Total sex";"2021";"Employees, managers";"55-59 years";"JA Publishing, television and radio broadcasting";167;8;26;26;11
"Total sex";"2021";"Employees, managers";"55-59 years";"JB Telecommunications";36;1;7;16;9
"Total sex";"2021";"Employees, managers";"55-59 years";"JC IT and information service activities";352;7;51;89;28
"Total sex";"2021";"Employees, managers";"55-59 years";"K Financial and insurance";610;48;149;133;42
"Total sex";"2021";"Employees, managers";"55-59 years";"L Real estate activities";162;25;69;70;26
"Total sex";"2021";"Employees, managers";"55-59 years";"MA Consultancy etc.";570;78;171;219;69
"Total sex";"2021";"Employees, managers";"55-59 years";"MB Scientific research and development";104;13;13;23;3
"Total sex";"2021";"Employees, managers";"55-59 years";"MC Advertising and other business services";90;16;41;45;7
"Total sex";"2021";"Employees, managers";"55-59 years";"N Travel agent, cleaning, and other operationel services";308;73;95;142;40
"Total sex";"2021";"Employees, managers";"55-59 years";"O Public administration, defence and compulsory social security";605;140;225;223;136
"Total sex";"2021";"Employees, managers";"55-59 years";"P Education";422;219;299;308;130
"Total sex";"2021";"Employees, managers";"55-59 years";"QA Human health activities";83;19;45;28;17
"Total sex";"2021";"Employees, managers";"55-59 years";"QB Residential care";509;171;312;336;159
"Total sex";"2021";"Employees, managers";"55-59 years";"R Arts, entertainment and recreation activities";107;17;47;59;25
"Total sex";"2021";"Employees, managers";"55-59 years";"S Other service activities etc.";300;43;77;70;40
"Total sex";"2021";"Employees, managers";"55-59 years";"X Activity not stated";0;0;0;0;0
"Total sex";"2021";"Employees, managers";"60-64 years";"A Agriculture, forestry and fishing";4;11;19;15;9
"Total sex";"2021";"Employees, managers";"60-64 years";"B Mining and quarrying";2;3;14;4;3
"Total sex";"2021";"Employees, managers";"60-64 years";"CA Manufacture of food products, beverages and tobacco";20;23;70;73;40
"Total sex";"2021";"Employees, managers";"60-64 years";"CB Textiles and leather products";4;0;16;19;14
"Total sex";"2021";"Employees, managers";"60-64 years";"CC Wood and paper products and printing";21;6;32;56;22
"Total sex";"2021";"Employees, managers";"60-64 years";"CD Oil refinery etc.";0;5;1;0;0
"Total sex";"2021";"Employees, managers";"60-64 years";"CE Manufacture of chemicals";34;12;19;24;4
"Total sex";"2021";"Employees, managers";"60-64 years";"CF Pharmaceuticals";68;2;2;1;0
"Total sex";"2021";"Employees, managers";"60-64 years";"CG Manufacture of plastic, glass and concrete";27;35;50;58;29
"Total sex";"2021";"Employees, managers";"60-64 years";"CH Basic metals and fabricated metal products";35;30;68;94;42
"Total sex";"2021";"Employees, managers";"60-64 years";"CI Manufacture of electronic components";63;6;17;39;12
"Total sex";"2021";"Employees, managers";"60-64 years";"CJ Electrical equipment";28;4;38;13;12
"Total sex";"2021";"Employees, managers";"60-64 years";"CK Manufacture of machinery";32;39;138;135;43
"Total sex";"2021";"Employees, managers";"60-64 years";"CL Transport equipment";6;3;21;9;12
"Total sex";"2021";"Employees, managers";"60-64 years";"CM Manufacture of funiture and other manufacturing";41;18;65;57;22
"Total sex";"2021";"Employees, managers";"60-64 years";"D Electricity, gas, steam and air conditioning supply";14;6;16;18;6
"Total sex";"2021";"Employees, managers";"60-64 years";"E Water supply, sewerage and waste management";15;24;17;28;11
"Total sex";"2021";"Employees, managers";"60-64 years";"F Construction";247;133;193;208;97
"Total sex";"2021";"Employees, managers";"60-64 years";"G Wholesale and retail trade";768;223;459;475;179
"Total sex";"2021";"Employees, managers";"60-64 years";"H Transportation";171;41;86;68;36
"Total sex";"2021";"Employees, managers";"60-64 years";"I Accommodation and food service activities";44;10;15;18;19
"Total sex";"2021";"Employees, managers";"60-64 years";"JA Publishing, television and radio broadcasting";80;6;16;16;6
"Total sex";"2021";"Employees, managers";"60-64 years";"JB Telecommunications";6;1;3;3;0
"Total sex";"2021";"Employees, managers";"60-64 years";"JC IT and information service activities";139;5;24;41;20
"Total sex";"2021";"Employees, managers";"60-64 years";"K Financial and insurance";295;17;93;78;37
"Total sex";"2021";"Employees, managers";"60-64 years";"L Real estate activities";110;23;37;59;17
"Total sex";"2021";"Employees, managers";"60-64 years";"MA Consultancy etc.";316;39;101;122;44
"Total sex";"2021";"Employees, managers";"60-64 years";"MB Scientific research and development";62;7;6;18;2
"Total sex";"2021";"Employees, managers";"60-64 years";"MC Advertising and other business services";48;9;16;31;8
"Total sex";"2021";"Employees, managers";"60-64 years";"N Travel agent, cleaning, and other operationel services";180;52;53;90;24
"Total sex";"2021";"Employees, managers";"60-64 years";"O Public administration, defence and compulsory social security";390;106;167;214;99
"Total sex";"2021";"Employees, managers";"60-64 years";"P Education";247;141;239;209;79
"Total sex";"2021";"Employees, managers";"60-64 years";"QA Human health activities";59;24;26;28;11
"Total sex";"2021";"Employees, managers";"60-64 years";"QB Residential care";360;212;256;274;129
"Total sex";"2021";"Employees, managers";"60-64 years";"R Arts, entertainment and recreation activities";70;17;39;37;14
"Total sex";"2021";"Employees, managers";"60-64 years";"S Other service activities etc.";253;32;82;63;39
"Total sex";"2021";"Employees, managers";"60-64 years";"X Activity not stated";0;0;0;0;0
"Total sex";"2021";"Employees, managers";"65-66 years";"A Agriculture, forestry and fishing";1;2;6;3;1
"Total sex";"2021";"Employees, managers";"65-66 years";"B Mining and quarrying";0;0;4;0;1
"Total sex";"2021";"Employees, managers";"65-66 years";"CA Manufacture of food products, beverages and tobacco";5;5;15;13;9
"Total sex";"2021";"Employees, managers";"65-66 years";"CB Textiles and leather products";0;2;0;6;1
"Total sex";"2021";"Employees, managers";"65-66 years";"CC Wood and paper products and printing";4;0;10;13;5
"Total sex";"2021";"Employees, managers";"65-66 years";"CD Oil refinery etc.";0;0;0;0;0
"Total sex";"2021";"Employees, managers";"65-66 years";"CE Manufacture of chemicals";11;2;3;6;2
"Total sex";"2021";"Employees, managers";"65-66 years";"CF Pharmaceuticals";10;0;0;1;0
"Total sex";"2021";"Employees, managers";"65-66 years";"CG Manufacture of plastic, glass and concrete";2;8;16;19;2
"Total sex";"2021";"Employees, managers";"65-66 years";"CH Basic metals and fabricated metal products";5;6;22;19;5
"Total sex";"2021";"Employees, managers";"65-66 years";"CI Manufacture of electronic components";8;0;3;7;2
"Total sex";"2021";"Employees, managers";"65-66 years";"CJ Electrical equipment";4;1;11;3;2
"Total sex";"2021";"Employees, managers";"65-66 years";"CK Manufacture of machinery";9;6;28;31;10
"Total sex";"2021";"Employees, managers";"65-66 years";"CL Transport equipment";1;0;0;2;1
"Total sex";"2021";"Employees, managers";"65-66 years";"CM Manufacture of funiture and other manufacturing";6;5;10;8;6
"Total sex";"2021";"Employees, managers";"65-66 years";"D Electricity, gas, steam and air conditioning supply";3;4;6;2;1
"Total sex";"2021";"Employees, managers";"65-66 years";"E Water supply, sewerage and waste management";3;6;6;6;1
"Total sex";"2021";"Employees, managers";"65-66 years";"F Construction";55;27;37;65;24
"Total sex";"2021";"Employees, managers";"65-66 years";"G Wholesale and retail trade";167;51;96;72;36
"Total sex";"2021";"Employees, managers";"65-66 years";"H Transportation";36;4;25;16;10
"Total sex";"2021";"Employees, managers";"65-66 years";"I Accommodation and food service activities";8;3;4;7;3
"Total sex";"2021";"Employees, managers";"65-66 years";"JA Publishing, television and radio broadcasting";16;2;2;3;0
"Total sex";"2021";"Employees, managers";"65-66 years";"JB Telecommunications";3;1;0;0;2
"Total sex";"2021";"Employees, managers";"65-66 years";"JC IT and information service activities";19;1;7;9;2
"Total sex";"2021";"Employees, managers";"65-66 years";"K Financial and insurance";53;11;18;23;6
"Total sex";"2021";"Employees, managers";"65-66 years";"L Real estate activities";16;7;10;24;8
"Total sex";"2021";"Employees, managers";"65-66 years";"MA Consultancy etc.";62;11;25;25;10
"Total sex";"2021";"Employees, managers";"65-66 years";"MB Scientific research and development";16;2;1;1;1
"Total sex";"2021";"Employees, managers";"65-66 years";"MC Advertising and other business services";6;2;2;7;0
"Total sex";"2021";"Employees, managers";"65-66 years";"N Travel agent, cleaning, and other operationel services";32;11;15;20;5
"Total sex";"2021";"Employees, managers";"65-66 years";"O Public administration, defence and compulsory social security";83;34;47;59;33
"Total sex";"2021";"Employees, managers";"65-66 years";"P Education";60;30;46;41;20
"Total sex";"2021";"Employees, managers";"65-66 years";"QA Human health activities";16;7;7;6;1
"Total sex";"2021";"Employees, managers";"65-66 years";"QB Residential care";70;39;27;44;20
"Total sex";"2021";"Employees, managers";"65-66 years";"R Arts, entertainment and recreation activities";22;5;8;9;1
"Total sex";"2021";"Employees, managers";"65-66 years";"S Other service activities etc.";68;12;51;24;25
"Total sex";"2021";"Employees, managers";"65-66 years";"X Activity not stated";0;0;0;0;0
"Total sex";"2021";"Employees, managers";"67 years and over";"A Agriculture, forestry and fishing";2;3;5;6;4
"Total sex";"2021";"Employees, managers";"67 years and over";"B Mining and quarrying";0;3;2;0;4
"Total sex";"2021";"Employees, managers";"67 years and over";"CA Manufacture of food products, beverages and tobacco";7;8;13;15;7
"Total sex";"2021";"Employees, managers";"67 years and over";"CB Textiles and leather products";1;0;2;7;1
"Total sex";"2021";"Employees, managers";"67 years and over";"CC Wood and paper products and printing";12;5;11;17;10
"Total sex";"2021";"Employees, managers";"67 years and over";"CD Oil refinery etc.";0;1;0;0;0
"Total sex";"2021";"Employees, managers";"67 years and over";"CE Manufacture of chemicals";11;5;6;6;2
"Total sex";"2021";"Employees, managers";"67 years and over";"CF Pharmaceuticals";8;2;1;0;0
"Total sex";"2021";"Employees, managers";"67 years and over";"CG Manufacture of plastic, glass and concrete";10;8;16;23;11
"Total sex";"2021";"Employees, managers";"67 years and over";"CH Basic metals and fabricated metal products";16;25;29;39;17
"Total sex";"2021";"Employees, managers";"67 years and over";"CI Manufacture of electronic components";24;6;8;12;3
"Total sex";"2021";"Employees, managers";"67 years and over";"CJ Electrical equipment";6;1;3;11;1
"Total sex";"2021";"Employees, managers";"67 years and over";"CK Manufacture of machinery";27;13;30;34;20
"Total sex";"2021";"Employees, managers";"67 years and over";"CL Transport equipment";4;1;6;5;3
"Total sex";"2021";"Employees, managers";"67 years and over";"CM Manufacture of funiture and other manufacturing";7;9;18;12;9
"Total sex";"2021";"Employees, managers";"67 years and over";"D Electricity, gas, steam and air conditioning supply";5;3;13;8;2
"Total sex";"2021";"Employees, managers";"67 years and over";"E Water supply, sewerage and waste management";7;6;7;12;2
"Total sex";"2021";"Employees, managers";"67 years and over";"F Construction";118;64;87;106;50
"Total sex";"2021";"Employees, managers";"67 years and over";"G Wholesale and retail trade";210;92;177;195;76
"Total sex";"2021";"Employees, managers";"67 years and over";"H Transportation";55;17;46;39;16
"Total sex";"2021";"Employees, managers";"67 years and over";"I Accommodation and food service activities";10;4;12;6;3
"Total sex";"2021";"Employees, managers";"67 years and over";"JA Publishing, television and radio broadcasting";11;1;6;3;6
"Total sex";"2021";"Employees, managers";"67 years and over";"JB Telecommunications";1;0;1;0;0
"Total sex";"2021";"Employees, managers";"67 years and over";"JC IT and information service activities";17;1;4;5;3
"Total sex";"2021";"Employees, managers";"67 years and over";"K Financial and insurance";60;18;42;58;13
"Total sex";"2021";"Employees, managers";"67 years and over";"L Real estate activities";75;24;51;60;31
"Total sex";"2021";"Employees, managers";"67 years and over";"MA Consultancy etc.";98;25;44;46;10
"Total sex";"2021";"Employees, managers";"67 years and over";"MB Scientific research and development";10;2;1;3;0
"Total sex";"2021";"Employees, managers";"67 years and over";"MC Advertising and other business services";10;4;3;12;4
"Total sex";"2021";"Employees, managers";"67 years and over";"N Travel agent, cleaning, and other operationel services";60;11;22;23;15
"Total sex";"2021";"Employees, managers";"67 years and over";"O Public administration, defence and compulsory social security";172;82;116;87;73
"Total sex";"2021";"Employees, managers";"67 years and over";"P Education";52;32;29;25;7
"Total sex";"2021";"Employees, managers";"67 years and over";"QA Human health activities";13;4;4;5;2
"Total sex";"2021";"Employees, managers";"67 years and over";"QB Residential care";67;38;24;25;16
"Total sex";"2021";"Employees, managers";"67 years and over";"R Arts, entertainment and recreation activities";21;6;9;15;6
"Total sex";"2021";"Employees, managers";"67 years and over";"S Other service activities etc.";329;116;402;241;165
"Total sex";"2021";"Employees, managers";"67 years and over";"X Activity not stated";0;0;0;0;0
"Total sex";"2021";"Employees - upper level";"Under 16 years";"A Agriculture, forestry and fishing";0;0;0;0;0
"Total sex";"2021";"Employees - upper level";"Under 16 years";"B Mining and quarrying";0;0;0;0;0
"Total sex";"2021";"Employees - upper level";"Under 16 years";"CA Manufacture of food products, beverages and tobacco";0;1;1;1;0
"Total sex";"2021";"Employees - upper level";"Under 16 years";"CB Textiles and leather products";0;0;0;0;0
"Total sex";"2021";"Employees - upper level";"Under 16 years";"CC Wood and paper products and printing";18;0;1;0;1
"Total sex";"2021";"Employees - upper level";"Under 16 years";"CD Oil refinery etc.";0;0;0;0;0
"Total sex";"2021";"Employees - upper level";"Under 16 years";"CE Manufacture of chemicals";0;0;0;0;0
"Total sex";"2021";"Employees - upper level";"Under 16 years";"CF Pharmaceuticals";0;0;0;0;0
"Total sex";"2021";"Employees - upper level";"Under 16 years";"CG Manufacture of plastic, glass and concrete";0;0;0;0;0
"Total sex";"2021";"Employees - upper level";"Under 16 years";"CH Basic metals and fabricated metal products";0;0;0;1;0
"Total sex";"2021";"Employees - upper level";"Under 16 years";"CI Manufacture of electronic components";0;0;0;0;0
"Total sex";"2021";"Employees - upper level";"Under 16 years";"CJ Electrical equipment";0;0;0;0;0
"Total sex";"2021";"Employees - upper level";"Under 16 years";"CK Manufacture of machinery";0;0;0;1;0
"Total sex";"2021";"Employees - upper level";"Under 16 years";"CL Transport equipment";0;0;0;0;0
"Total sex";"2021";"Employees - upper level";"Under 16 years";"CM Manufacture of funiture and other manufacturing";0;0;0;0;1
"Total sex";"2021";"Employees - upper level";"Under 16 years";"D Electricity, gas, steam and air conditioning supply";0;0;0;0;0
"Total sex";"2021";"Employees - upper level";"Under 16 years";"E Water supply, sewerage and waste management";0;0;0;0;0
"Total sex";"2021";"Employees - upper level";"Under 16 years";"F Construction";0;0;0;0;0
"Total sex";"2021";"Employees - upper level";"Under 16 years";"G Wholesale and retail trade";7;2;2;1;2
"Total sex";"2021";"Employees - upper level";"Under 16 years";"H Transportation";5;0;2;2;0
"Total sex";"2021";"Employees - upper level";"Under 16 years";"I Accommodation and food service activities";4;2;1;2;0
"Total sex";"2021";"Employees - upper level";"Under 16 years";"JA Publishing, television and radio broadcasting";27;0;0;0;0
"Total sex";"2021";"Employees - upper level";"Under 16 years";"JB Telecommunications";1;0;0;0;0
"Total sex";"2021";"Employees - upper level";"Under 16 years";"JC IT and information service activities";4;2;1;3;2
"Total sex";"2021";"Employees - upper level";"Under 16 years";"K Financial and insurance";0;0;1;1;0
"Total sex";"2021";"Employees - upper level";"Under 16 years";"L Real estate activities";1;0;1;2;1
"Total sex";"2021";"Employees - upper level";"Under 16 years";"MA Consultancy etc.";2;0;0;1;0
"Total sex";"2021";"Employees - upper level";"Under 16 years";"MB Scientific research and development";0;0;0;0;0
"Total sex";"2021";"Employees - upper level";"Under 16 years";"MC Advertising and other business services";3;0;0;0;0
"Total sex";"2021";"Employees - upper level";"Under 16 years";"N Travel agent, cleaning, and other operationel services";2;0;0;0;0
"Total sex";"2021";"Employees - upper level";"Under 16 years";"O Public administration, defence and compulsory social security";0;0;0;0;0
"Total sex";"2021";"Employees - upper level";"Under 16 years";"P Education";17;4;1;25;1
"Total sex";"2021";"Employees - upper level";"Under 16 years";"QA Human health activities";1;0;0;2;0
"Total sex";"2021";"Employees - upper level";"Under 16 years";"QB Residential care";6;1;1;4;0
"Total sex";"2021";"Employees - upper level";"Under 16 years";"R Arts, entertainment and recreation activities";179;0;0;0;4
"Total sex";"2021";"Employees - upper level";"Under 16 years";"S Other service activities etc.";0;0;1;0;4
"Total sex";"2021";"Employees - upper level";"Under 16 years";"X Activity not stated";0;0;0;0;0
"Total sex";"2021";"Employees - upper level";"16-19 years";"A Agriculture, forestry and fishing";1;5;2;4;3
"Total sex";"2021";"Employees - upper level";"16-19 years";"B Mining and quarrying";1;0;0;0;0
"Total sex";"2021";"Employees - upper level";"16-19 years";"CA Manufacture of food products, beverages and tobacco";4;7;4;5;3
"Total sex";"2021";"Employees - upper level";"16-19 years";"CB Textiles and leather products";0;0;1;3;0
"Total sex";"2021";"Employees - upper level";"16-19 years";"CC Wood and paper products and printing";5;0;2;0;0
"Total sex";"2021";"Employees - upper level";"16-19 years";"CD Oil refinery etc.";0;0;0;0;0
"Total sex";"2021";"Employees - upper level";"16-19 years";"CE Manufacture of chemicals";0;0;0;0;0
"Total sex";"2021";"Employees - upper level";"16-19 years";"CF Pharmaceuticals";1;1;0;0;0
"Total sex";"2021";"Employees - upper level";"16-19 years";"CG Manufacture of plastic, glass and concrete";0;0;0;0;0
"Total sex";"2021";"Employees - upper level";"16-19 years";"CH Basic metals and fabricated metal products";0;0;1;0;0
"Total sex";"2021";"Employees - upper level";"16-19 years";"CI Manufacture of electronic components";6;0;1;5;0
"Total sex";"2021";"Employees - upper level";"16-19 years";"CJ Electrical equipment";0;0;1;1;1
"Total sex";"2021";"Employees - upper level";"16-19 years";"CK Manufacture of machinery";0;2;2;6;2
"Total sex";"2021";"Employees - upper level";"16-19 years";"CL Transport equipment";0;0;0;0;0
"Total sex";"2021";"Employees - upper level";"16-19 years";"CM Manufacture of funiture and other manufacturing";3;0;0;2;0
"Total sex";"2021";"Employees - upper level";"16-19 years";"D Electricity, gas, steam and air conditioning supply";0;0;0;1;2
"Total sex";"2021";"Employees - upper level";"16-19 years";"E Water supply, sewerage and waste management";0;0;0;0;0
"Total sex";"2021";"Employees - upper level";"16-19 years";"F Construction";1;5;1;2;4
"Total sex";"2021";"Employees - upper level";"16-19 years";"G Wholesale and retail trade";68;43;41;47;36
"Total sex";"2021";"Employees - upper level";"16-19 years";"H Transportation";4;2;6;1;0
"Total sex";"2021";"Employees - upper level";"16-19 years";"I Accommodation and food service activities";66;31;28;29;9
"Total sex";"2021";"Employees - upper level";"16-19 years";"JA Publishing, television and radio broadcasting";30;0;2;3;1
"Total sex";"2021";"Employees - upper level";"16-19 years";"JB Telecommunications";0;0;3;0;0
"Total sex";"2021";"Employees - upper level";"16-19 years";"JC IT and information service activities";32;1;8;23;6
"Total sex";"2021";"Employees - upper level";"16-19 years";"K Financial and insurance";10;0;2;8;0
"Total sex";"2021";"Employees - upper level";"16-19 years";"L Real estate activities";11;1;2;7;1
"Total sex";"2021";"Employees - upper level";"16-19 years";"MA Consultancy etc.";52;3;5;2;3
"Total sex";"2021";"Employees - upper level";"16-19 years";"MB Scientific research and development";3;0;0;0;0
"Total sex";"2021";"Employees - upper level";"16-19 years";"MC Advertising and other business services";30;3;4;8;2
"Total sex";"2021";"Employees - upper level";"16-19 years";"N Travel agent, cleaning, and other operationel services";24;6;8;9;0
"Total sex";"2021";"Employees - upper level";"16-19 years";"O Public administration, defence and compulsory social security";2;0;1;14;0
"Total sex";"2021";"Employees - upper level";"16-19 years";"P Education";496;312;247;151;72
"Total sex";"2021";"Employees - upper level";"16-19 years";"QA Human health activities";9;1;4;4;9
"Total sex";"2021";"Employees - upper level";"16-19 years";"QB Residential care";64;23;18;19;5
"Total sex";"2021";"Employees - upper level";"16-19 years";"R Arts, entertainment and recreation activities";57;10;12;20;5
"Total sex";"2021";"Employees - upper level";"16-19 years";"S Other service activities etc.";15;4;7;5;4
"Total sex";"2021";"Employees - upper level";"16-19 years";"X Activity not stated";0;0;0;0;0
"Total sex";"2021";"Employees - upper level";"20-24 years";"A Agriculture, forestry and fishing";7;26;15;18;14
"Total sex";"2021";"Employees - upper level";"20-24 years";"B Mining and quarrying";4;0;2;0;0
"Total sex";"2021";"Employees - upper level";"20-24 years";"CA Manufacture of food products, beverages and tobacco";24;6;17;27;5
"Total sex";"2021";"Employees - upper level";"20-24 years";"CB Textiles and leather products";6;2;4;7;1
"Total sex";"2021";"Employees - upper level";"20-24 years";"CC Wood and paper products and printing";13;0;8;7;4
"Total sex";"2021";"Employees - upper level";"20-24 years";"CD Oil refinery etc.";0;0;0;0;0
"Total sex";"2021";"Employees - upper level";"20-24 years";"CE Manufacture of chemicals";11;1;4;25;0
"Total sex";"2021";"Employees - upper level";"20-24 years";"CF Pharmaceuticals";113;20;3;0;2
"Total sex";"2021";"Employees - upper level";"20-24 years";"CG Manufacture of plastic, glass and concrete";5;1;11;14;1
"Total sex";"2021";"Employees - upper level";"20-24 years";"CH Basic metals and fabricated metal products";0;2;9;12;8
"Total sex";"2021";"Employees - upper level";"20-24 years";"CI Manufacture of electronic components";107;5;8;43;8
"Total sex";"2021";"Employees - upper level";"20-24 years";"CJ Electrical equipment";12;0;19;7;8
"Total sex";"2021";"Employees - upper level";"20-24 years";"CK Manufacture of machinery";32;12;97;70;25
"Total sex";"2021";"Employees - upper level";"20-24 years";"CL Transport equipment";1;1;2;2;5
"Total sex";"2021";"Employees - upper level";"20-24 years";"CM Manufacture of funiture and other manufacturing";19;3;15;14;2
"Total sex";"2021";"Employees - upper level";"20-24 years";"D Electricity, gas, steam and air conditioning supply";16;1;9;10;20
"Total sex";"2021";"Employees - upper level";"20-24 years";"E Water supply, sewerage and waste management";4;3;0;8;2
"Total sex";"2021";"Employees - upper level";"20-24 years";"F Construction";140;19;25;50;14
"Total sex";"2021";"Employees - upper level";"20-24 years";"G Wholesale and retail trade";679;120;251;375;127
"Total sex";"2021";"Employees - upper level";"20-24 years";"H Transportation";87;6;28;17;5
"Total sex";"2021";"Employees - upper level";"20-24 years";"I Accommodation and food service activities";453;84;209;248;111
"Total sex";"2021";"Employees - upper level";"20-24 years";"JA Publishing, television and radio broadcasting";568;6;79;89;34
"Total sex";"2021";"Employees - upper level";"20-24 years";"JB Telecommunications";47;0;9;13;5
"Total sex";"2021";"Employees - upper level";"20-24 years";"JC IT and information service activities";903;23;138;361;106
"Total sex";"2021";"Employees - upper level";"20-24 years";"K Financial and insurance";524;37;44;138;44
"Total sex";"2021";"Employees - upper level";"20-24 years";"L Real estate activities";72;9;23;17;8
"Total sex";"2021";"Employees - upper level";"20-24 years";"MA Consultancy etc.";1382;84;147;494;120
"Total sex";"2021";"Employees - upper level";"20-24 years";"MB Scientific research and development";108;3;20;17;7
"Total sex";"2021";"Employees - upper level";"20-24 years";"MC Advertising and other business services";376;12;46;119;22
"Total sex";"2021";"Employees - upper level";"20-24 years";"N Travel agent, cleaning, and other operationel services";525;53;80;123;41
"Total sex";"2021";"Employees - upper level";"20-24 years";"O Public administration, defence and compulsory social security";186;34;60;147;43
"Total sex";"2021";"Employees - upper level";"20-24 years";"P Education";2792;964;1418;1515;490
"Total sex";"2021";"Employees - upper level";"20-24 years";"QA Human health activities";700;196;436;487;424
"Total sex";"2021";"Employees - upper level";"20-24 years";"QB Residential care";930;434;425;590;232
"Total sex";"2021";"Employees - upper level";"20-24 years";"R Arts, entertainment and recreation activities";309;54;71;147;73
"Total sex";"2021";"Employees - upper level";"20-24 years";"S Other service activities etc.";379;20;63;66;30
"Total sex";"2021";"Employees - upper level";"20-24 years";"X Activity not stated";0;0;0;0;0
"Total sex";"2021";"Employees - upper level";"25-29 years";"A Agriculture, forestry and fishing";21;13;29;32;17
"Total sex";"2021";"Employees - upper level";"25-29 years";"B Mining and quarrying";24;0;16;2;2
"Total sex";"2021";"Employees - upper level";"25-29 years";"CA Manufacture of food products, beverages and tobacco";46;8;55;201;11
"Total sex";"2021";"Employees - upper level";"25-29 years";"CB Textiles and leather products";24;0;3;23;15
"Total sex";"2021";"Employees - upper level";"25-29 years";"CC Wood and paper products and printing";18;6;26;22;6
"Total sex";"2021";"Employees - upper level";"25-29 years";"CD Oil refinery etc.";0;4;3;0;0
"Total sex";"2021";"Employees - upper level";"25-29 years";"CE Manufacture of chemicals";136;19;9;36;3
"Total sex";"2021";"Employees - upper level";"25-29 years";"CF Pharmaceuticals";965;140;4;3;15
"Total sex";"2021";"Employees - upper level";"25-29 years";"CG Manufacture of plastic, glass and concrete";48;9;24;30;14
"Total sex";"2021";"Employees - upper level";"25-29 years";"CH Basic metals and fabricated metal products";11;5;30;37;49
"Total sex";"2021";"Employees - upper level";"25-29 years";"CI Manufacture of electronic components";444;14;56;120;31
"Total sex";"2021";"Employees - upper level";"25-29 years";"CJ Electrical equipment";41;3;89;29;35
"Total sex";"2021";"Employees - upper level";"25-29 years";"CK Manufacture of machinery";147;39;346;518;138
"Total sex";"2021";"Employees - upper level";"25-29 years";"CL Transport equipment";3;5;29;11;27
"Total sex";"2021";"Employees - upper level";"25-29 years";"CM Manufacture of funiture and other manufacturing";159;41;171;47;20
"Total sex";"2021";"Employees - upper level";"25-29 years";"D Electricity, gas, steam and air conditioning supply";180;5;181;85;37
"Total sex";"2021";"Employees - upper level";"25-29 years";"E Water supply, sewerage and waste management";18;2;13;17;10
"Total sex";"2021";"Employees - upper level";"25-29 years";"F Construction";291;63;62;177;72
"Total sex";"2021";"Employees - upper level";"25-29 years";"G Wholesale and retail trade";1865;174;573;942;231
"Total sex";"2021";"Employees - upper level";"25-29 years";"H Transportation";322;10;62;49;31
"Total sex";"2021";"Employees - upper level";"25-29 years";"I Accommodation and food service activities";390;20;91;121;56
"Total sex";"2021";"Employees - upper level";"25-29 years";"JA Publishing, television and radio broadcasting";1844;31;267;357;81
"Total sex";"2021";"Employees - upper level";"25-29 years";"JB Telecommunications";187;0;11;72;12
"Total sex";"2021";"Employees - upper level";"25-29 years";"JC IT and information service activities";4220;68;479;1532;512
"Total sex";"2021";"Employees - upper level";"25-29 years";"K Financial and insurance";2760;163;385;679;191
"Total sex";"2021";"Employees - upper level";"25-29 years";"L Real estate activities";213;9;26;57;17
"Total sex";"2021";"Employees - upper level";"25-29 years";"MA Consultancy etc.";5364;260;644;1642;486
"Total sex";"2021";"Employees - upper level";"25-29 years";"MB Scientific research and development";716;79;107;212;38
"Total sex";"2021";"Employees - upper level";"25-29 years";"MC Advertising and other business services";1397;59;187;500;109
"Total sex";"2021";"Employees - upper level";"25-29 years";"N Travel agent, cleaning, and other operationel services";923;141;269;368;186
"Total sex";"2021";"Employees - upper level";"25-29 years";"O Public administration, defence and compulsory social security";3685;403;1112;1338;532
"Total sex";"2021";"Employees - upper level";"25-29 years";"P Education";6504;1403;2774;3882;1530
"Total sex";"2021";"Employees - upper level";"25-29 years";"QA Human health activities";4952;1578;3030;3642;1592
"Total sex";"2021";"Employees - upper level";"25-29 years";"QB Residential care";4411;1711;2408;3466;1412
"Total sex";"2021";"Employees - upper level";"25-29 years";"R Arts, entertainment and recreation activities";600;71;183;286;112
"Total sex";"2021";"Employees - upper level";"25-29 years";"S Other service activities etc.";1001;52;117;174;47
"Total sex";"2021";"Employees - upper level";"25-29 years";"X Activity not stated";0;0;0;0;0
"Total sex";"2021";"Employees - upper level";"30-34 years";"A Agriculture, forestry and fishing";14;20;35;31;15
"Total sex";"2021";"Employees - upper level";"30-34 years";"B Mining and quarrying";56;0;43;1;1
"Total sex";"2021";"Employees - upper level";"30-34 years";"CA Manufacture of food products, beverages and tobacco";57;20;61;282;15
"Total sex";"2021";"Employees - upper level";"30-34 years";"CB Textiles and leather products";19;0;7;26;9
"Total sex";"2021";"Employees - upper level";"30-34 years";"CC Wood and paper products and printing";28;11;23;34;13
"Total sex";"2021";"Employees - upper level";"30-34 years";"CD Oil refinery etc.";0;4;4;0;0
"Total sex";"2021";"Employees - upper level";"30-34 years";"CE Manufacture of chemicals";380;29;29;30;3
"Total sex";"2021";"Employees - upper level";"30-34 years";"CF Pharmaceuticals";2004;224;4;1;39
"Total sex";"2021";"Employees - upper level";"30-34 years";"CG Manufacture of plastic, glass and concrete";79;5;36;39;18
"Total sex";"2021";"Employees - upper level";"30-34 years";"CH Basic metals and fabricated metal products";13;6;38;47;60
"Total sex";"2021";"Employees - upper level";"30-34 years";"CI Manufacture of electronic components";582;29;60;176;33
"Total sex";"2021";"Employees - upper level";"30-34 years";"CJ Electrical equipment";40;6;94;25;30
"Total sex";"2021";"Employees - upper level";"30-34 years";"CK Manufacture of machinery";183;38;454;735;151
"Total sex";"2021";"Employees - upper level";"30-34 years";"CL Transport equipment";10;5;23;14;24
"Total sex";"2021";"Employees - upper level";"30-34 years";"CM Manufacture of funiture and other manufacturing";269;48;452;78;20
"Total sex";"2021";"Employees - upper level";"30-34 years";"D Electricity, gas, steam and air conditioning supply";280;11;250;109;48
"Total sex";"2021";"Employees - upper level";"30-34 years";"E Water supply, sewerage and waste management";34;5;20;30;11
"Total sex";"2021";"Employees - upper level";"30-34 years";"F Construction";371;85;125;222;68
"Total sex";"2021";"Employees - upper level";"30-34 years";"G Wholesale and retail trade";2161;199;645;948;212
"Total sex";"2021";"Employees - upper level";"30-34 years";"H Transportation";593;20;74;65;30
"Total sex";"2021";"Employees - upper level";"30-34 years";"I Accommodation and food service activities";165;21;52;44;28
"Total sex";"2021";"Employees - upper level";"30-34 years";"JA Publishing, television and radio broadcasting";2071;38;235;366;84
"Total sex";"2021";"Employees - upper level";"30-34 years";"JB Telecommunications";293;1;16;97;32
"Total sex";"2021";"Employees - upper level";"30-34 years";"JC IT and information service activities";4478;51;416;1464;380
"Total sex";"2021";"Employees - upper level";"30-34 years";"K Financial and insurance";3509;204;453;745;216
"Total sex";"2021";"Employees - upper level";"30-34 years";"L Real estate activities";241;21;39;66;16
"Total sex";"2021";"Employees - upper level";"30-34 years";"MA Consultancy etc.";5398;277;769;1584;460
"Total sex";"2021";"Employees - upper level";"30-34 years";"MB Scientific research and development";1032;94;120;344;40
"Total sex";"2021";"Employees - upper level";"30-34 years";"MC Advertising and other business services";1247;81;214;476;88
"Total sex";"2021";"Employees - upper level";"30-34 years";"N Travel agent, cleaning, and other operationel services";972;217;288;424;204
"Total sex";"2021";"Employees - upper level";"30-34 years";"O Public administration, defence and compulsory social security";5126;710;1491;1632;710
"Total sex";"2021";"Employees - upper level";"30-34 years";"P Education";7522;2123;3649;4685;1826
"Total sex";"2021";"Employees - upper level";"30-34 years";"QA Human health activities";5789;1719;3319;3705;1533
"Total sex";"2021";"Employees - upper level";"30-34 years";"QB Residential care";5494;2159;2819;4284;1697
"Total sex";"2021";"Employees - upper level";"30-34 years";"R Arts, entertainment and recreation activities";724;102;227;302;131
"Total sex";"2021";"Employees - upper level";"30-34 years";"S Other service activities etc.";1151;48;139;239;68
"Total sex";"2021";"Employees - upper level";"30-34 years";"X Activity not stated";0;0;0;0;0
"Total sex";"2021";"Employees - upper level";"35-39 years";"A Agriculture, forestry and fishing";12;17;29;25;18
"Total sex";"2021";"Employees - upper level";"35-39 years";"B Mining and quarrying";63;1;82;1;2
"Total sex";"2021";"Employees - upper level";"35-39 years";"CA Manufacture of food products, beverages and tobacco";55;16;50;286;12
"Total sex";"2021";"Employees - upper level";"35-39 years";"CB Textiles and leather products";7;0;3;23;7
"Total sex";"2021";"Employees - upper level";"35-39 years";"CC Wood and paper products and printing";21;8;25;10;11
"Total sex";"2021";"Employees - upper level";"35-39 years";"CD Oil refinery etc.";0;3;2;0;0
"Total sex";"2021";"Employees - upper level";"35-39 years";"CE Manufacture of chemicals";392;30;19;32;1
"Total sex";"2021";"Employees - upper level";"35-39 years";"CF Pharmaceuticals";2014;196;4;3;28
"Total sex";"2021";"Employees - upper level";"35-39 years";"CG Manufacture of plastic, glass and concrete";62;11;28;37;17
"Total sex";"2021";"Employees - upper level";"35-39 years";"CH Basic metals and fabricated metal products";12;8;39;51;55
"Total sex";"2021";"Employees - upper level";"35-39 years";"CI Manufacture of electronic components";553;13;63;194;19
"Total sex";"2021";"Employees - upper level";"35-39 years";"CJ Electrical equipment";58;7;113;35;30
"Total sex";"2021";"Employees - upper level";"35-39 years";"CK Manufacture of machinery";179;35;453;769;129
"Total sex";"2021";"Employees - upper level";"35-39 years";"CL Transport equipment";6;4;32;9;14
"Total sex";"2021";"Employees - upper level";"35-39 years";"CM Manufacture of funiture and other manufacturing";208;40;498;60;32
"Total sex";"2021";"Employees - upper level";"35-39 years";"D Electricity, gas, steam and air conditioning supply";281;7;289;95;35
"Total sex";"2021";"Employees - upper level";"35-39 years";"E Water supply, sewerage and waste management";32;6;21;18;6
"Total sex";"2021";"Employees - upper level";"35-39 years";"F Construction";339;80;109;174;52
"Total sex";"2021";"Employees - upper level";"35-39 years";"G Wholesale and retail trade";1936;197;574;799;202
"Total sex";"2021";"Employees - upper level";"35-39 years";"H Transportation";580;14;66;60;22
"Total sex";"2021";"Employees - upper level";"35-39 years";"I Accommodation and food service activities";88;24;29;34;10
"Total sex";"2021";"Employees - upper level";"35-39 years";"JA Publishing, television and radio broadcasting";1695;21;186;235;55
"Total sex";"2021";"Employees - upper level";"35-39 years";"JB Telecommunications";243;7;21;59;30
"Total sex";"2021";"Employees - upper level";"35-39 years";"JC IT and information service activities";3324;63;344;1085;309
"Total sex";"2021";"Employees - upper level";"35-39 years";"K Financial and insurance";3302;255;541;787;273
"Total sex";"2021";"Employees - upper level";"35-39 years";"L Real estate activities";218;20;42;63;17
"Total sex";"2021";"Employees - upper level";"35-39 years";"MA Consultancy etc.";3901;288;669;1271;323
"Total sex";"2021";"Employees - upper level";"35-39 years";"MB Scientific research and development";952;80;77;408;21
"Total sex";"2021";"Employees - upper level";"35-39 years";"MC Advertising and other business services";725;51;134;371;76
"Total sex";"2021";"Employees - upper level";"35-39 years";"N Travel agent, cleaning, and other operationel services";711;215;287;330;151
"Total sex";"2021";"Employees - upper level";"35-39 years";"O Public administration, defence and compulsory social security";3947;656;1253;1286;641
"Total sex";"2021";"Employees - upper level";"35-39 years";"P Education";6506;2203;3507;4460;1857
"Total sex";"2021";"Employees - upper level";"35-39 years";"QA Human health activities";4534;1587;2751;3068;1329
"Total sex";"2021";"Employees - upper level";"35-39 years";"QB Residential care";4575;1930;2522;3404;1533
"Total sex";"2021";"Employees - upper level";"35-39 years";"R Arts, entertainment and recreation activities";627;103;210;245;102
"Total sex";"2021";"Employees - upper level";"35-39 years";"S Other service activities etc.";1101;87;172;255;73
"Total sex";"2021";"Employees - upper level";"35-39 years";"X Activity not stated";0;0;0;0;0
"Total sex";"2021";"Employees - upper level";"40-44 years";"A Agriculture, forestry and fishing";11;21;38;37;16
"Total sex";"2021";"Employees - upper level";"40-44 years";"B Mining and quarrying";90;1;104;0;2
"Total sex";"2021";"Employees - upper level";"40-44 years";"CA Manufacture of food products, beverages and tobacco";40;18;59;267;19
"Total sex";"2021";"Employees - upper level";"40-44 years";"CB Textiles and leather products";6;0;5;21;9
"Total sex";"2021";"Employees - upper level";"40-44 years";"CC Wood and paper products and printing";22;10;16;17;11
"Total sex";"2021";"Employees - upper level";"40-44 years";"CD Oil refinery etc.";0;5;8;0;0
"Total sex";"2021";"Employees - upper level";"40-44 years";"CE Manufacture of chemicals";335;29;26;24;3
"Total sex";"2021";"Employees - upper level";"40-44 years";"CF Pharmaceuticals";1703;189;3;0;18
"Total sex";"2021";"Employees - upper level";"40-44 years";"CG Manufacture of plastic, glass and concrete";57;12;35;34;20
"Total sex";"2021";"Employees - upper level";"40-44 years";"CH Basic metals and fabricated metal products";21;3;49;39;61
"Total sex";"2021";"Employees - upper level";"40-44 years";"CI Manufacture of electronic components";563;18;57;191;44
"Total sex";"2021";"Employees - upper level";"40-44 years";"CJ Electrical equipment";49;4;118;16;28
"Total sex";"2021";"Employees - upper level";"40-44 years";"CK Manufacture of machinery";177;39;434;737;107
"Total sex";"2021";"Employees - upper level";"40-44 years";"CL Transport equipment";5;1;30;18;10
"Total sex";"2021";"Employees - upper level";"40-44 years";"CM Manufacture of funiture and other manufacturing";166;31;415;59;27
"Total sex";"2021";"Employees - upper level";"40-44 years";"D Electricity, gas, steam and air conditioning supply";194;22;235;62;30
"Total sex";"2021";"Employees - upper level";"40-44 years";"E Water supply, sewerage and waste management";36;5;15;22;8
"Total sex";"2021";"Employees - upper level";"40-44 years";"F Construction";317;59;105;179;56
"Total sex";"2021";"Employees - upper level";"40-44 years";"G Wholesale and retail trade";1675;193;551;735;177
"Total sex";"2021";"Employees - upper level";"40-44 years";"H Transportation";469;19;70;53;22
"Total sex";"2021";"Employees - upper level";"40-44 years";"I Accommodation and food service activities";84;22;33;33;19
"Total sex";"2021";"Employees - upper level";"40-44 years";"JA Publishing, television and radio broadcasting";1419;34;161;213;59
"Total sex";"2021";"Employees - upper level";"40-44 years";"JB Telecommunications";222;7;18;70;35
"Total sex";"2021";"Employees - upper level";"40-44 years";"JC IT and information service activities";2759;95;375;1025;332
"Total sex";"2021";"Employees - upper level";"40-44 years";"K Financial and insurance";3258;274;547;766;293
"Total sex";"2021";"Employees - upper level";"40-44 years";"L Real estate activities";207;19;44;58;14
"Total sex";"2021";"Employees - upper level";"40-44 years";"MA Consultancy etc.";3343;276;694;1212;313
"Total sex";"2021";"Employees - upper level";"40-44 years";"MB Scientific research and development";816;90;61;361;26
"Total sex";"2021";"Employees - upper level";"40-44 years";"MC Advertising and other business services";566;57;147;341;58
"Total sex";"2021";"Employees - upper level";"40-44 years";"N Travel agent, cleaning, and other operationel services";675;160;270;360;172
"Total sex";"2021";"Employees - upper level";"40-44 years";"O Public administration, defence and compulsory social security";3782;597;1190;1349;545
"Total sex";"2021";"Employees - upper level";"40-44 years";"P Education";6877;2760;4459;5187;2253
"Total sex";"2021";"Employees - upper level";"40-44 years";"QA Human health activities";4183;1578;2786;3056;1254
"Total sex";"2021";"Employees - upper level";"40-44 years";"QB Residential care";4773;2143;2799;3612;1572
"Total sex";"2021";"Employees - upper level";"40-44 years";"R Arts, entertainment and recreation activities";624;98;238;302;103
"Total sex";"2021";"Employees - upper level";"40-44 years";"S Other service activities etc.";1144;111;218;280;108
"Total sex";"2021";"Employees - upper level";"40-44 years";"X Activity not stated";0;0;0;0;0
"Total sex";"2021";"Employees - upper level";"45-49 years";"A Agriculture, forestry and fishing";14;15;31;39;16
"Total sex";"2021";"Employees - upper level";"45-49 years";"B Mining and quarrying";54;1;63;2;2
"Total sex";"2021";"Employees - upper level";"45-49 years";"CA Manufacture of food products, beverages and tobacco";47;26;69;240;27
"Total sex";"2021";"Employees - upper level";"45-49 years";"CB Textiles and leather products";4;0;7;24;9
"Total sex";"2021";"Employees - upper level";"45-49 years";"CC Wood and paper products and printing";36;3;33;27;17
"Total sex";"2021";"Employees - upper level";"45-49 years";"CD Oil refinery etc.";3;11;9;0;1
"Total sex";"2021";"Employees - upper level";"45-49 years";"CE Manufacture of chemicals";348;42;25;33;0
"Total sex";"2021";"Employees - upper level";"45-49 years";"CF Pharmaceuticals";1646;208;4;2;25
"Total sex";"2021";"Employees - upper level";"45-49 years";"CG Manufacture of plastic, glass and concrete";47;19;42;28;15
"Total sex";"2021";"Employees - upper level";"45-49 years";"CH Basic metals and fabricated metal products";17;12;53;57;50
"Total sex";"2021";"Employees - upper level";"45-49 years";"CI Manufacture of electronic components";568;23;56;236;45
"Total sex";"2021";"Employees - upper level";"45-49 years";"CJ Electrical equipment";51;7;152;30;17
"Total sex";"2021";"Employees - upper level";"45-49 years";"CK Manufacture of machinery";174;60;397;724;96
"Total sex";"2021";"Employees - upper level";"45-49 years";"CL Transport equipment";7;7;22;15;26
"Total sex";"2021";"Employees - upper level";"45-49 years";"CM Manufacture of funiture and other manufacturing";195;46;390;49;20
"Total sex";"2021";"Employees - upper level";"45-49 years";"D Electricity, gas, steam and air conditioning supply";155;13;244;54;23
"Total sex";"2021";"Employees - upper level";"45-49 years";"E Water supply, sewerage and waste management";43;10;23;19;12
"Total sex";"2021";"Employees - upper level";"45-49 years";"F Construction";324;79;103;147;52
"Total sex";"2021";"Employees - upper level";"45-49 years";"G Wholesale and retail trade";1939;232;610;809;153
"Total sex";"2021";"Employees - upper level";"45-49 years";"H Transportation";443;15;75;52;16
"Total sex";"2021";"Employees - upper level";"45-49 years";"I Accommodation and food service activities";76;21;39;26;16
"Total sex";"2021";"Employees - upper level";"45-49 years";"JA Publishing, television and radio broadcasting";1289;47;194;166;51
"Total sex";"2021";"Employees - upper level";"45-49 years";"JB Telecommunications";244;14;16;88;29
"Total sex";"2021";"Employees - upper level";"45-49 years";"JC IT and information service activities";2849;111;337;975;307
"Total sex";"2021";"Employees - upper level";"45-49 years";"K Financial and insurance";3194;299;464;704;229
"Total sex";"2021";"Employees - upper level";"45-49 years";"L Real estate activities";212;17;41;66;12
"Total sex";"2021";"Employees - upper level";"45-49 years";"MA Consultancy etc.";3242;340;658;1087;284
"Total sex";"2021";"Employees - upper level";"45-49 years";"MB Scientific research and development";818;72;72;347;27
"Total sex";"2021";"Employees - upper level";"45-49 years";"MC Advertising and other business services";585;81;161;277;63
"Total sex";"2021";"Employees - upper level";"45-49 years";"N Travel agent, cleaning, and other operationel services";709;179;263;342;142
"Total sex";"2021";"Employees - upper level";"45-49 years";"O Public administration, defence and compulsory social security";3553;675;1046;1176;450
"Total sex";"2021";"Employees - upper level";"45-49 years";"P Education";7713;3267;5229;5461;2419
"Total sex";"2021";"Employees - upper level";"45-49 years";"QA Human health activities";4209;1797;2845;3027;1206
"Total sex";"2021";"Employees - upper level";"45-49 years";"QB Residential care";5037;2434;3061;3708;1676
"Total sex";"2021";"Employees - upper level";"45-49 years";"R Arts, entertainment and recreation activities";621;134;251;295;109
"Total sex";"2021";"Employees - upper level";"45-49 years";"S Other service activities etc.";1269;128;233;274;102
"Total sex";"2021";"Employees - upper level";"45-49 years";"X Activity not stated";0;0;0;0;0
"Total sex";"2021";"Employees - upper level";"50-54 years";"A Agriculture, forestry and fishing";8;15;36;32;22
"Total sex";"2021";"Employees - upper level";"50-54 years";"B Mining and quarrying";71;0;79;1;0
"Total sex";"2021";"Employees - upper level";"50-54 years";"CA Manufacture of food products, beverages and tobacco";34;24;52;215;26
"Total sex";"2021";"Employees - upper level";"50-54 years";"CB Textiles and leather products";4;0;6;24;7
"Total sex";"2021";"Employees - upper level";"50-54 years";"CC Wood and paper products and printing";32;16;34;37;25
"Total sex";"2021";"Employees - upper level";"50-54 years";"CD Oil refinery etc.";3;11;7;0;0
"Total sex";"2021";"Employees - upper level";"50-54 years";"CE Manufacture of chemicals";323;31;38;22;1
"Total sex";"2021";"Employees - upper level";"50-54 years";"CF Pharmaceuticals";1341;158;4;4;23
"Total sex";"2021";"Employees - upper level";"50-54 years";"CG Manufacture of plastic, glass and concrete";37;19;46;51;19
"Total sex";"2021";"Employees - upper level";"50-54 years";"CH Basic metals and fabricated metal products";33;16;57;65;65
"Total sex";"2021";"Employees - upper level";"50-54 years";"CI Manufacture of electronic components";581;18;39;206;45
"Total sex";"2021";"Employees - upper level";"50-54 years";"CJ Electrical equipment";58;13;151;33;18
"Total sex";"2021";"Employees - upper level";"50-54 years";"CK Manufacture of machinery";184;80;411;672;94
"Total sex";"2021";"Employees - upper level";"50-54 years";"CL Transport equipment";7;7;23;14;11
"Total sex";"2021";"Employees - upper level";"50-54 years";"CM Manufacture of funiture and other manufacturing";183;50;288;69;24
"Total sex";"2021";"Employees - upper level";"50-54 years";"D Electricity, gas, steam and air conditioning supply";139;10;193;44;22
"Total sex";"2021";"Employees - upper level";"50-54 years";"E Water supply, sewerage and waste management";33;11;22;32;10
"Total sex";"2021";"Employees - upper level";"50-54 years";"F Construction";298;53;96;139;60
"Total sex";"2021";"Employees - upper level";"50-54 years";"G Wholesale and retail trade";1686;185;560;647;152
"Total sex";"2021";"Employees - upper level";"50-54 years";"H Transportation";455;14;50;56;14
"Total sex";"2021";"Employees - upper level";"50-54 years";"I Accommodation and food service activities";50;25;36;23;18
"Total sex";"2021";"Employees - upper level";"50-54 years";"JA Publishing, television and radio broadcasting";954;35;146;142;58
"Total sex";"2021";"Employees - upper level";"50-54 years";"JB Telecommunications";207;5;12;83;26
"Total sex";"2021";"Employees - upper level";"50-54 years";"JC IT and information service activities";2382;110;314;931;251
"Total sex";"2021";"Employees - upper level";"50-54 years";"K Financial and insurance";2908;361;527;715;287
"Total sex";"2021";"Employees - upper level";"50-54 years";"L Real estate activities";183;10;43;52;19
"Total sex";"2021";"Employees - upper level";"50-54 years";"MA Consultancy etc.";2822;335;652;880;239
"Total sex";"2021";"Employees - upper level";"50-54 years";"MB Scientific research and development";751;71;46;307;22
"Total sex";"2021";"Employees - upper level";"50-54 years";"MC Advertising and other business services";399;51;122;213;57
"Total sex";"2021";"Employees - upper level";"50-54 years";"N Travel agent, cleaning, and other operationel services";574;149;238;273;120
"Total sex";"2021";"Employees - upper level";"50-54 years";"O Public administration, defence and compulsory social security";2938;521;801;999;388
"Total sex";"2021";"Employees - upper level";"50-54 years";"P Education";5892;2716;4184;4329;1765
"Total sex";"2021";"Employees - upper level";"50-54 years";"QA Human health activities";3307;1399;2206;2325;990
"Total sex";"2021";"Employees - upper level";"50-54 years";"QB Residential care";4338;2132;2546;3207;1493
"Total sex";"2021";"Employees - upper level";"50-54 years";"R Arts, entertainment and recreation activities";399;85;187;235;70
"Total sex";"2021";"Employees - upper level";"50-54 years";"S Other service activities etc.";1148;117;249;294;106
"Total sex";"2021";"Employees - upper level";"50-54 years";"X Activity not stated";0;0;0;0;0
"Total sex";"2021";"Employees - upper level";"55-59 years";"A Agriculture, forestry and fishing";11;22;25;28;14
"Total sex";"2021";"Employees - upper level";"55-59 years";"B Mining and quarrying";53;4;83;4;1
"Total sex";"2021";"Employees - upper level";"55-59 years";"CA Manufacture of food products, beverages and tobacco";30;23;68;172;33
"Total sex";"2021";"Employees - upper level";"55-59 years";"CB Textiles and leather products";0;1;8;18;7
"Total sex";"2021";"Employees - upper level";"55-59 years";"CC Wood and paper products and printing";34;11;33;30;16
"Total sex";"2021";"Employees - upper level";"55-59 years";"CD Oil refinery etc.";0;8;6;0;0
"Total sex";"2021";"Employees - upper level";"55-59 years";"CE Manufacture of chemicals";252;34;37;21;0
"Total sex";"2021";"Employees - upper level";"55-59 years";"CF Pharmaceuticals";963;107;5;1;8
"Total sex";"2021";"Employees - upper level";"55-59 years";"CG Manufacture of plastic, glass and concrete";49;17;39;49;9
"Total sex";"2021";"Employees - upper level";"55-59 years";"CH Basic metals and fabricated metal products";24;11;59;47;77
"Total sex";"2021";"Employees - upper level";"55-59 years";"CI Manufacture of electronic components";427;19;35;167;37
"Total sex";"2021";"Employees - upper level";"55-59 years";"CJ Electrical equipment";63;7;140;20;24
"Total sex";"2021";"Employees - upper level";"55-59 years";"CK Manufacture of machinery";183;65;355;621;81
"Total sex";"2021";"Employees - upper level";"55-59 years";"CL Transport equipment";3;3;12;11;11
"Total sex";"2021";"Employees - upper level";"55-59 years";"CM Manufacture of funiture and other manufacturing";139;30;243;57;14
"Total sex";"2021";"Employees - upper level";"55-59 years";"D Electricity, gas, steam and air conditioning supply";117;15;163;34;15
"Total sex";"2021";"Employees - upper level";"55-59 years";"E Water supply, sewerage and waste management";31;7;25;27;6
"Total sex";"2021";"Employees - upper level";"55-59 years";"F Construction";280;70;90;121;44
"Total sex";"2021";"Employees - upper level";"55-59 years";"G Wholesale and retail trade";1391;158;432;536;119
"Total sex";"2021";"Employees - upper level";"55-59 years";"H Transportation";422;21;54;50;13
"Total sex";"2021";"Employees - upper level";"55-59 years";"I Accommodation and food service activities";53;19;35;27;12
"Total sex";"2021";"Employees - upper level";"55-59 years";"JA Publishing, television and radio broadcasting";733;24;149;136;35
"Total sex";"2021";"Employees - upper level";"55-59 years";"JB Telecommunications";170;3;13;70;25
"Total sex";"2021";"Employees - upper level";"55-59 years";"JC IT and information service activities";1944;114;218;684;190
"Total sex";"2021";"Employees - upper level";"55-59 years";"K Financial and insurance";2930;429;642;795;366
"Total sex";"2021";"Employees - upper level";"55-59 years";"L Real estate activities";190;12;29;51;10
"Total sex";"2021";"Employees - upper level";"55-59 years";"MA Consultancy etc.";2401;297;578;876;279
"Total sex";"2021";"Employees - upper level";"55-59 years";"MB Scientific research and development";653;74;42;251;15
"Total sex";"2021";"Employees - upper level";"55-59 years";"MC Advertising and other business services";288;60;129;205;58
"Total sex";"2021";"Employees - upper level";"55-59 years";"N Travel agent, cleaning, and other operationel services";494;151;192;227;106
"Total sex";"2021";"Employees - upper level";"55-59 years";"O Public administration, defence and compulsory social security";2476;437;731;770;322
"Total sex";"2021";"Employees - upper level";"55-59 years";"P Education";5355;2473;3776;3879;1553
"Total sex";"2021";"Employees - upper level";"55-59 years";"QA Human health activities";3403;1413;2210;2374;1155
"Total sex";"2021";"Employees - upper level";"55-59 years";"QB Residential care";4333;2217;2601;3371;1593
"Total sex";"2021";"Employees - upper level";"55-59 years";"R Arts, entertainment and recreation activities";340;80;169;188;65
"Total sex";"2021";"Employees - upper level";"55-59 years";"S Other service activities etc.";1045;161;277;287;126
"Total sex";"2021";"Employees - upper level";"55-59 years";"X Activity not stated";0;0;0;0;0
"Total sex";"2021";"Employees - upper level";"60-64 years";"A Agriculture, forestry and fishing";10;19;22;30;13
"Total sex";"2021";"Employees - upper level";"60-64 years";"B Mining and quarrying";22;2;39;1;2
"Total sex";"2021";"Employees - upper level";"60-64 years";"CA Manufacture of food products, beverages and tobacco";12;18;30;86;12
"Total sex";"2021";"Employees - upper level";"60-64 years";"CB Textiles and leather products";1;0;2;17;5
"Total sex";"2021";"Employees - upper level";"60-64 years";"CC Wood and paper products and printing";31;11;14;22;9
"Total sex";"2021";"Employees - upper level";"60-64 years";"CD Oil refinery etc.";0;10;3;0;0
"Total sex";"2021";"Employees - upper level";"60-64 years";"CE Manufacture of chemicals";115;10;16;7;1
"Total sex";"2021";"Employees - upper level";"60-64 years";"CF Pharmaceuticals";440;43;1;0;3
"Total sex";"2021";"Employees - upper level";"60-64 years";"CG Manufacture of plastic, glass and concrete";21;13;28;18;10
"Total sex";"2021";"Employees - upper level";"60-64 years";"CH Basic metals and fabricated metal products";12;7;43;27;31
"Total sex";"2021";"Employees - upper level";"60-64 years";"CI Manufacture of electronic components";254;9;18;88;14
"Total sex";"2021";"Employees - upper level";"60-64 years";"CJ Electrical equipment";36;5;75;20;7
"Total sex";"2021";"Employees - upper level";"60-64 years";"CK Manufacture of machinery";135;41;240;363;43
"Total sex";"2021";"Employees - upper level";"60-64 years";"CL Transport equipment";8;0;9;7;7
"Total sex";"2021";"Employees - upper level";"60-64 years";"CM Manufacture of funiture and other manufacturing";72;21;88;33;11
"Total sex";"2021";"Employees - upper level";"60-64 years";"D Electricity, gas, steam and air conditioning supply";65;14;103;25;6
"Total sex";"2021";"Employees - upper level";"60-64 years";"E Water supply, sewerage and waste management";28;8;10;24;7
"Total sex";"2021";"Employees - upper level";"60-64 years";"F Construction";176;32;55;79;45
"Total sex";"2021";"Employees - upper level";"60-64 years";"G Wholesale and retail trade";697;98;244;267;72
"Total sex";"2021";"Employees - upper level";"60-64 years";"H Transportation";284;13;32;25;6
"Total sex";"2021";"Employees - upper level";"60-64 years";"I Accommodation and food service activities";23;10;35;22;16
"Total sex";"2021";"Employees - upper level";"60-64 years";"JA Publishing, television and radio broadcasting";438;31;112;87;28
"Total sex";"2021";"Employees - upper level";"60-64 years";"JB Telecommunications";111;1;9;54;9
"Total sex";"2021";"Employees - upper level";"60-64 years";"JC IT and information service activities";1164;57;120;410;110
"Total sex";"2021";"Employees - upper level";"60-64 years";"K Financial and insurance";1775;208;420;511;227
"Total sex";"2021";"Employees - upper level";"60-64 years";"L Real estate activities";121;6;33;43;15
"Total sex";"2021";"Employees - upper level";"60-64 years";"MA Consultancy etc.";1566;219;455;570;171
"Total sex";"2021";"Employees - upper level";"60-64 years";"MB Scientific research and development";428;46;21;142;11
"Total sex";"2021";"Employees - upper level";"60-64 years";"MC Advertising and other business services";149;53;129;160;66
"Total sex";"2021";"Employees - upper level";"60-64 years";"N Travel agent, cleaning, and other operationel services";324;96;136;185;62
"Total sex";"2021";"Employees - upper level";"60-64 years";"O Public administration, defence and compulsory social security";1696;276;497;541;205
"Total sex";"2021";"Employees - upper level";"60-64 years";"P Education";4074;1849;2852;2909;1246
"Total sex";"2021";"Employees - upper level";"60-64 years";"QA Human health activities";2958;1210;1969;2155;1000
"Total sex";"2021";"Employees - upper level";"60-64 years";"QB Residential care";3392;1703;2056;2640;1144
"Total sex";"2021";"Employees - upper level";"60-64 years";"R Arts, entertainment and recreation activities";294;78;140;163;61
"Total sex";"2021";"Employees - upper level";"60-64 years";"S Other service activities etc.";730;143;245;252;103
"Total sex";"2021";"Employees - upper level";"60-64 years";"X Activity not stated";0;0;0;0;0
"Total sex";"2021";"Employees - upper level";"65-66 years";"A Agriculture, forestry and fishing";2;5;4;4;0
"Total sex";"2021";"Employees - upper level";"65-66 years";"B Mining and quarrying";8;0;4;0;1
"Total sex";"2021";"Employees - upper level";"65-66 years";"CA Manufacture of food products, beverages and tobacco";3;2;2;18;4
"Total sex";"2021";"Employees - upper level";"65-66 years";"CB Textiles and leather products";1;0;0;0;1
"Total sex";"2021";"Employees - upper level";"65-66 years";"CC Wood and paper products and printing";3;1;4;2;2
"Total sex";"2021";"Employees - upper level";"65-66 years";"CD Oil refinery etc.";0;2;1;0;0
"Total sex";"2021";"Employees - upper level";"65-66 years";"CE Manufacture of chemicals";24;3;4;2;0
"Total sex";"2021";"Employees - upper level";"65-66 years";"CF Pharmaceuticals";85;5;0;0;0
"Total sex";"2021";"Employees - upper level";"65-66 years";"CG Manufacture of plastic, glass and concrete";10;3;7;5;1
"Total sex";"2021";"Employees - upper level";"65-66 years";"CH Basic metals and fabricated metal products";4;0;10;10;7
"Total sex";"2021";"Employees - upper level";"65-66 years";"CI Manufacture of electronic components";59;1;6;11;3
"Total sex";"2021";"Employees - upper level";"65-66 years";"CJ Electrical equipment";9;0;15;3;1
"Total sex";"2021";"Employees - upper level";"65-66 years";"CK Manufacture of machinery";18;6;39;72;10
"Total sex";"2021";"Employees - upper level";"65-66 years";"CL Transport equipment";1;0;2;0;1
"Total sex";"2021";"Employees - upper level";"65-66 years";"CM Manufacture of funiture and other manufacturing";11;2;13;7;1
"Total sex";"2021";"Employees - upper level";"65-66 years";"D Electricity, gas, steam and air conditioning supply";14;1;23;5;5
"Total sex";"2021";"Employees - upper level";"65-66 years";"E Water supply, sewerage and waste management";5;2;4;4;1
"Total sex";"2021";"Employees - upper level";"65-66 years";"F Construction";37;6;14;26;11
"Total sex";"2021";"Employees - upper level";"65-66 years";"G Wholesale and retail trade";125;23;46;51;17
"Total sex";"2021";"Employees - upper level";"65-66 years";"H Transportation";47;2;7;3;2
"Total sex";"2021";"Employees - upper level";"65-66 years";"I Accommodation and food service activities";5;3;3;6;3
"Total sex";"2021";"Employees - upper level";"65-66 years";"JA Publishing, television and radio broadcasting";94;10;25;25;6
"Total sex";"2021";"Employees - upper level";"65-66 years";"JB Telecommunications";21;0;2;11;2
"Total sex";"2021";"Employees - upper level";"65-66 years";"JC IT and information service activities";211;11;16;82;19
"Total sex";"2021";"Employees - upper level";"65-66 years";"K Financial and insurance";278;24;46;53;29
"Total sex";"2021";"Employees - upper level";"65-66 years";"L Real estate activities";39;1;14;7;0
"Total sex";"2021";"Employees - upper level";"65-66 years";"MA Consultancy etc.";429;48;127;148;48
"Total sex";"2021";"Employees - upper level";"65-66 years";"MB Scientific research and development";123;13;3;40;0
"Total sex";"2021";"Employees - upper level";"65-66 years";"MC Advertising and other business services";45;11;34;46;9
"Total sex";"2021";"Employees - upper level";"65-66 years";"N Travel agent, cleaning, and other operationel services";72;22;42;31;13
"Total sex";"2021";"Employees - upper level";"65-66 years";"O Public administration, defence and compulsory social security";393;66;103;131;33
"Total sex";"2021";"Employees - upper level";"65-66 years";"P Education";1003;436;611;741;267
"Total sex";"2021";"Employees - upper level";"65-66 years";"QA Human health activities";751;308;402;451;168
"Total sex";"2021";"Employees - upper level";"65-66 years";"QB Residential care";568;268;319;389;168
"Total sex";"2021";"Employees - upper level";"65-66 years";"R Arts, entertainment and recreation activities";108;24;56;47;19
"Total sex";"2021";"Employees - upper level";"65-66 years";"S Other service activities etc.";184;59;78;60;39
"Total sex";"2021";"Employees - upper level";"65-66 years";"X Activity not stated";0;0;0;0;0
"Total sex";"2021";"Employees - upper level";"67 years and over";"A Agriculture, forestry and fishing";2;2;2;10;1
"Total sex";"2021";"Employees - upper level";"67 years and over";"B Mining and quarrying";4;1;2;0;0
"Total sex";"2021";"Employees - upper level";"67 years and over";"CA Manufacture of food products, beverages and tobacco";7;5;4;9;2
"Total sex";"2021";"Employees - upper level";"67 years and over";"CB Textiles and leather products";0;0;0;2;0
"Total sex";"2021";"Employees - upper level";"67 years and over";"CC Wood and paper products and printing";6;4;9;2;1
"Total sex";"2021";"Employees - upper level";"67 years and over";"CD Oil refinery etc.";0;2;1;0;0
"Total sex";"2021";"Employees - upper level";"67 years and over";"CE Manufacture of chemicals";13;2;4;0;0
"Total sex";"2021";"Employees - upper level";"67 years and over";"CF Pharmaceuticals";51;2;0;0;1
"Total sex";"2021";"Employees - upper level";"67 years and over";"CG Manufacture of plastic, glass and concrete";5;0;6;4;3
"Total sex";"2021";"Employees - upper level";"67 years and over";"CH Basic metals and fabricated metal products";5;2;18;9;9
"Total sex";"2021";"Employees - upper level";"67 years and over";"CI Manufacture of electronic components";41;4;2;16;0
"Total sex";"2021";"Employees - upper level";"67 years and over";"CJ Electrical equipment";7;0;9;5;4
"Total sex";"2021";"Employees - upper level";"67 years and over";"CK Manufacture of machinery";25;11;34;49;7
"Total sex";"2021";"Employees - upper level";"67 years and over";"CL Transport equipment";0;1;3;2;1
"Total sex";"2021";"Employees - upper level";"67 years and over";"CM Manufacture of funiture and other manufacturing";13;4;13;6;4
"Total sex";"2021";"Employees - upper level";"67 years and over";"D Electricity, gas, steam and air conditioning supply";19;3;19;5;2
"Total sex";"2021";"Employees - upper level";"67 years and over";"E Water supply, sewerage and waste management";2;3;9;9;3
"Total sex";"2021";"Employees - upper level";"67 years and over";"F Construction";57;10;20;28;16
"Total sex";"2021";"Employees - upper level";"67 years and over";"G Wholesale and retail trade";117;32;50;63;9
"Total sex";"2021";"Employees - upper level";"67 years and over";"H Transportation";40;1;8;8;3
"Total sex";"2021";"Employees - upper level";"67 years and over";"I Accommodation and food service activities";5;4;6;1;3
"Total sex";"2021";"Employees - upper level";"67 years and over";"JA Publishing, television and radio broadcasting";149;14;24;20;6
"Total sex";"2021";"Employees - upper level";"67 years and over";"JB Telecommunications";6;0;1;4;1
"Total sex";"2021";"Employees - upper level";"67 years and over";"JC IT and information service activities";154;17;18;54;10
"Total sex";"2021";"Employees - upper level";"67 years and over";"K Financial and insurance";164;11;29;40;12
"Total sex";"2021";"Employees - upper level";"67 years and over";"L Real estate activities";52;7;9;15;4
"Total sex";"2021";"Employees - upper level";"67 years and over";"MA Consultancy etc.";761;116;207;276;96
"Total sex";"2021";"Employees - upper level";"67 years and over";"MB Scientific research and development";108;27;8;36;5
"Total sex";"2021";"Employees - upper level";"67 years and over";"MC Advertising and other business services";57;9;32;46;14
"Total sex";"2021";"Employees - upper level";"67 years and over";"N Travel agent, cleaning, and other operationel services";85;29;39;43;18
"Total sex";"2021";"Employees - upper level";"67 years and over";"O Public administration, defence and compulsory social security";375;84;86;160;41
"Total sex";"2021";"Employees - upper level";"67 years and over";"P Education";1671;519;787;832;301
"Total sex";"2021";"Employees - upper level";"67 years and over";"QA Human health activities";912;411;536;666;183
"Total sex";"2021";"Employees - upper level";"67 years and over";"QB Residential care";552;231;242;302;121
"Total sex";"2021";"Employees - upper level";"67 years and over";"R Arts, entertainment and recreation activities";127;26;50;75;13
"Total sex";"2021";"Employees - upper level";"67 years and over";"S Other service activities etc.";236;124;188;158;91
"Total sex";"2021";"Employees - upper level";"67 years and over";"X Activity not stated";0;0;0;0;0
"Total sex";"2021";"Employees - medium level";"Under 16 years";"A Agriculture, forestry and fishing";0;0;1;0;0
"Total sex";"2021";"Employees - medium level";"Under 16 years";"B Mining and quarrying";0;0;0;0;0
"Total sex";"2021";"Employees - medium level";"Under 16 years";"CA Manufacture of food products, beverages and tobacco";2;0;4;0;3
"Total sex";"2021";"Employees - medium level";"Under 16 years";"CB Textiles and leather products";0;0;0;0;0
"Total sex";"2021";"Employees - medium level";"Under 16 years";"CC Wood and paper products and printing";0;0;1;0;0
"Total sex";"2021";"Employees - medium level";"Under 16 years";"CD Oil refinery etc.";0;0;0;0;0
"Total sex";"2021";"Employees - medium level";"Under 16 years";"CE Manufacture of chemicals";0;0;0;0;0
"Total sex";"2021";"Employees - medium level";"Under 16 years";"CF Pharmaceuticals";0;0;0;0;0
"Total sex";"2021";"Employees - medium level";"Under 16 years";"CG Manufacture of plastic, glass and concrete";0;0;0;0;0
"Total sex";"2021";"Employees - medium level";"Under 16 years";"CH Basic metals and fabricated metal products";0;0;0;0;1
"Total sex";"2021";"Employees - medium level";"Under 16 years";"CI Manufacture of electronic components";6;0;0;0;0
"Total sex";"2021";"Employees - medium level";"Under 16 years";"CJ Electrical equipment";0;0;0;0;0
"Total sex";"2021";"Employees - medium level";"Under 16 years";"CK Manufacture of machinery";0;0;2;0;0
"Total sex";"2021";"Employees - medium level";"Under 16 years";"CL Transport equipment";0;0;0;0;0
"Total sex";"2021";"Employees - medium level";"Under 16 years";"CM Manufacture of funiture and other manufacturing";0;0;0;0;0
"Total sex";"2021";"Employees - medium level";"Under 16 years";"D Electricity, gas, steam and air conditioning supply";0;0;0;0;0
"Total sex";"2021";"Employees - medium level";"Under 16 years";"E Water supply, sewerage and waste management";0;0;0;0;0
"Total sex";"2021";"Employees - medium level";"Under 16 years";"F Construction";0;0;1;0;0
"Total sex";"2021";"Employees - medium level";"Under 16 years";"G Wholesale and retail trade";11;3;6;11;3
"Total sex";"2021";"Employees - medium level";"Under 16 years";"H Transportation";4;1;4;3;0
"Total sex";"2021";"Employees - medium level";"Under 16 years";"I Accommodation and food service activities";5;1;2;1;1
"Total sex";"2021";"Employees - medium level";"Under 16 years";"JA Publishing, television and radio broadcasting";36;0;0;0;0
"Total sex";"2021";"Employees - medium level";"Under 16 years";"JB Telecommunications";0;0;0;0;0
"Total sex";"2021";"Employees - medium level";"Under 16 years";"JC IT and information service activities";2;0;0;0;0
"Total sex";"2021";"Employees - medium level";"Under 16 years";"K Financial and insurance";0;0;0;0;0
"Total sex";"2021";"Employees - medium level";"Under 16 years";"L Real estate activities";9;9;1;1;0
"Total sex";"2021";"Employees - medium level";"Under 16 years";"MA Consultancy etc.";1;4;6;3;2
"Total sex";"2021";"Employees - medium level";"Under 16 years";"MB Scientific research and development";1;0;0;0;0
"Total sex";"2021";"Employees - medium level";"Under 16 years";"MC Advertising and other business services";0;0;0;0;0
"Total sex";"2021";"Employees - medium level";"Under 16 years";"N Travel agent, cleaning, and other operationel services";5;3;0;0;2
"Total sex";"2021";"Employees - medium level";"Under 16 years";"O Public administration, defence and compulsory social security";0;0;0;0;0
"Total sex";"2021";"Employees - medium level";"Under 16 years";"P Education";0;0;0;0;0
"Total sex";"2021";"Employees - medium level";"Under 16 years";"QA Human health activities";3;0;2;1;1
"Total sex";"2021";"Employees - medium level";"Under 16 years";"QB Residential care";0;1;0;1;0
"Total sex";"2021";"Employees - medium level";"Under 16 years";"R Arts, entertainment and recreation activities";190;15;21;39;15
"Total sex";"2021";"Employees - medium level";"Under 16 years";"S Other service activities etc.";1;0;0;1;0
"Total sex";"2021";"Employees - medium level";"Under 16 years";"X Activity not stated";0;0;0;0;0
"Total sex";"2021";"Employees - medium level";"16-19 years";"A Agriculture, forestry and fishing";0;2;4;1;0
"Total sex";"2021";"Employees - medium level";"16-19 years";"B Mining and quarrying";0;0;0;0;0
"Total sex";"2021";"Employees - medium level";"16-19 years";"CA Manufacture of food products, beverages and tobacco";10;0;5;4;8
"Total sex";"2021";"Employees - medium level";"16-19 years";"CB Textiles and leather products";3;0;4;2;0
"Total sex";"2021";"Employees - medium level";"16-19 years";"CC Wood and paper products and printing";0;0;3;1;0
"Total sex";"2021";"Employees - medium level";"16-19 years";"CD Oil refinery etc.";0;0;1;0;0
"Total sex";"2021";"Employees - medium level";"16-19 years";"CE Manufacture of chemicals";0;0;2;0;1
"Total sex";"2021";"Employees - medium level";"16-19 years";"CF Pharmaceuticals";2;0;0;0;0
"Total sex";"2021";"Employees - medium level";"16-19 years";"CG Manufacture of plastic, glass and concrete";0;0;1;2;1
"Total sex";"2021";"Employees - medium level";"16-19 years";"CH Basic metals and fabricated metal products";2;2;3;2;6
"Total sex";"2021";"Employees - medium level";"16-19 years";"CI Manufacture of electronic components";16;1;0;5;0
"Total sex";"2021";"Employees - medium level";"16-19 years";"CJ Electrical equipment";0;1;3;1;1
"Total sex";"2021";"Employees - medium level";"16-19 years";"CK Manufacture of machinery";2;0;9;7;7
"Total sex";"2021";"Employees - medium level";"16-19 years";"CL Transport equipment";0;0;1;0;0
"Total sex";"2021";"Employees - medium level";"16-19 years";"CM Manufacture of funiture and other manufacturing";1;2;2;5;2
"Total sex";"2021";"Employees - medium level";"16-19 years";"D Electricity, gas, steam and air conditioning supply";0;1;0;0;0
"Total sex";"2021";"Employees - medium level";"16-19 years";"E Water supply, sewerage and waste management";0;0;1;0;0
"Total sex";"2021";"Employees - medium level";"16-19 years";"F Construction";31;11;8;12;6
"Total sex";"2021";"Employees - medium level";"16-19 years";"G Wholesale and retail trade";111;33;77;69;47
"Total sex";"2021";"Employees - medium level";"16-19 years";"H Transportation";18;4;20;16;3
"Total sex";"2021";"Employees - medium level";"16-19 years";"I Accommodation and food service activities";79;14;42;31;23
"Total sex";"2021";"Employees - medium level";"16-19 years";"JA Publishing, television and radio broadcasting";21;0;0;3;0
"Total sex";"2021";"Employees - medium level";"16-19 years";"JB Telecommunications";19;0;2;2;0
"Total sex";"2021";"Employees - medium level";"16-19 years";"JC IT and information service activities";43;3;9;14;4
"Total sex";"2021";"Employees - medium level";"16-19 years";"K Financial and insurance";21;10;6;6;0
"Total sex";"2021";"Employees - medium level";"16-19 years";"L Real estate activities";21;29;4;2;1
"Total sex";"2021";"Employees - medium level";"16-19 years";"MA Consultancy etc.";68;14;30;22;9
"Total sex";"2021";"Employees - medium level";"16-19 years";"MB Scientific research and development";3;0;0;1;0
"Total sex";"2021";"Employees - medium level";"16-19 years";"MC Advertising and other business services";15;3;1;28;2
"Total sex";"2021";"Employees - medium level";"16-19 years";"N Travel agent, cleaning, and other operationel services";24;5;7;20;12
"Total sex";"2021";"Employees - medium level";"16-19 years";"O Public administration, defence and compulsory social security";11;0;0;1;1
"Total sex";"2021";"Employees - medium level";"16-19 years";"P Education";20;1;9;6;4
"Total sex";"2021";"Employees - medium level";"16-19 years";"QA Human health activities";407;26;21;46;22
"Total sex";"2021";"Employees - medium level";"16-19 years";"QB Residential care";6;6;6;9;5
"Total sex";"2021";"Employees - medium level";"16-19 years";"R Arts, entertainment and recreation activities";439;59;141;145;71
"Total sex";"2021";"Employees - medium level";"16-19 years";"S Other service activities etc.";23;1;8;6;3
"Total sex";"2021";"Employees - medium level";"16-19 years";"X Activity not stated";0;0;0;0;0
"Total sex";"2021";"Employees - medium level";"20-24 years";"A Agriculture, forestry and fishing";4;7;11;3;6
"Total sex";"2021";"Employees - medium level";"20-24 years";"B Mining and quarrying";2;0;5;0;1
"Total sex";"2021";"Employees - medium level";"20-24 years";"CA Manufacture of food products, beverages and tobacco";17;17;21;29;20
"Total sex";"2021";"Employees - medium level";"20-24 years";"CB Textiles and leather products";7;0;7;8;0
"Total sex";"2021";"Employees - medium level";"20-24 years";"CC Wood and paper products and printing";2;1;9;13;7
"Total sex";"2021";"Employees - medium level";"20-24 years";"CD Oil refinery etc.";0;0;2;0;0
"Total sex";"2021";"Employees - medium level";"20-24 years";"CE Manufacture of chemicals";32;9;12;7;2
"Total sex";"2021";"Employees - medium level";"20-24 years";"CF Pharmaceuticals";80;7;3;2;1
"Total sex";"2021";"Employees - medium level";"20-24 years";"CG Manufacture of plastic, glass and concrete";7;2;16;22;10
"Total sex";"2021";"Employees - medium level";"20-24 years";"CH Basic metals and fabricated metal products";5;5;15;15;23
"Total sex";"2021";"Employees - medium level";"20-24 years";"CI Manufacture of electronic components";47;2;2;27;3
"Total sex";"2021";"Employees - medium level";"20-24 years";"CJ Electrical equipment";10;0;34;9;5
"Total sex";"2021";"Employees - medium level";"20-24 years";"CK Manufacture of machinery";23;14;49;51;28
"Total sex";"2021";"Employees - medium level";"20-24 years";"CL Transport equipment";0;0;2;2;2
"Total sex";"2021";"Employees - medium level";"20-24 years";"CM Manufacture of funiture and other manufacturing";16;6;47;19;8
"Total sex";"2021";"Employees - medium level";"20-24 years";"D Electricity, gas, steam and air conditioning supply";7;3;5;16;35
"Total sex";"2021";"Employees - medium level";"20-24 years";"E Water supply, sewerage and waste management";2;2;1;0;0
"Total sex";"2021";"Employees - medium level";"20-24 years";"F Construction";195;49;47;62;19
"Total sex";"2021";"Employees - medium level";"20-24 years";"G Wholesale and retail trade";803;186;405;626;224
"Total sex";"2021";"Employees - medium level";"20-24 years";"H Transportation";300;52;216;256;67
"Total sex";"2021";"Employees - medium level";"20-24 years";"I Accommodation and food service activities";277;32;87;114;59
"Total sex";"2021";"Employees - medium level";"20-24 years";"JA Publishing, television and radio broadcasting";223;3;39;39;6
"Total sex";"2021";"Employees - medium level";"20-24 years";"JB Telecommunications";177;5;19;29;4
"Total sex";"2021";"Employees - medium level";"20-24 years";"JC IT and information service activities";411;10;49;147;36
"Total sex";"2021";"Employees - medium level";"20-24 years";"K Financial and insurance";517;63;64;211;18
"Total sex";"2021";"Employees - medium level";"20-24 years";"L Real estate activities";212;58;45;68;33
"Total sex";"2021";"Employees - medium level";"20-24 years";"MA Consultancy etc.";907;89;246;454;103
"Total sex";"2021";"Employees - medium level";"20-24 years";"MB Scientific research and development";102;1;25;27;4
"Total sex";"2021";"Employees - medium level";"20-24 years";"MC Advertising and other business services";177;48;63;127;28
"Total sex";"2021";"Employees - medium level";"20-24 years";"N Travel agent, cleaning, and other operationel services";450;32;50;117;58
"Total sex";"2021";"Employees - medium level";"20-24 years";"O Public administration, defence and compulsory social security";111;17;19;33;14
"Total sex";"2021";"Employees - medium level";"20-24 years";"P Education";423;12;47;46;10
"Total sex";"2021";"Employees - medium level";"20-24 years";"QA Human health activities";1758;196;235;297;377
"Total sex";"2021";"Employees - medium level";"20-24 years";"QB Residential care";60;14;8;152;10
"Total sex";"2021";"Employees - medium level";"20-24 years";"R Arts, entertainment and recreation activities";448;93;209;247;121
"Total sex";"2021";"Employees - medium level";"20-24 years";"S Other service activities etc.";176;4;32;35;5
"Total sex";"2021";"Employees - medium level";"20-24 years";"X Activity not stated";0;0;0;0;0
"Total sex";"2021";"Employees - medium level";"25-29 years";"A Agriculture, forestry and fishing";1;15;28;21;12
"Total sex";"2021";"Employees - medium level";"25-29 years";"B Mining and quarrying";8;0;21;0;1
"Total sex";"2021";"Employees - medium level";"25-29 years";"CA Manufacture of food products, beverages and tobacco";55;38;118;153;40
"Total sex";"2021";"Employees - medium level";"25-29 years";"CB Textiles and leather products";19;2;7;32;2
"Total sex";"2021";"Employees - medium level";"25-29 years";"CC Wood and paper products and printing";7;2;27;41;18
"Total sex";"2021";"Employees - medium level";"25-29 years";"CD Oil refinery etc.";0;0;2;0;0
"Total sex";"2021";"Employees - medium level";"25-29 years";"CE Manufacture of chemicals";121;22;28;34;8
"Total sex";"2021";"Employees - medium level";"25-29 years";"CF Pharmaceuticals";332;42;4;9;2
"Total sex";"2021";"Employees - medium level";"25-29 years";"CG Manufacture of plastic, glass and concrete";15;23;50;71;25
"Total sex";"2021";"Employees - medium level";"25-29 years";"CH Basic metals and fabricated metal products";14;15;61;71;47
"Total sex";"2021";"Employees - medium level";"25-29 years";"CI Manufacture of electronic components";141;4;6;101;6
"Total sex";"2021";"Employees - medium level";"25-29 years";"CJ Electrical equipment";24;12;40;25;28
"Total sex";"2021";"Employees - medium level";"25-29 years";"CK Manufacture of machinery";56;41;167;201;119
"Total sex";"2021";"Employees - medium level";"25-29 years";"CL Transport equipment";5;3;9;18;4
"Total sex";"2021";"Employees - medium level";"25-29 years";"CM Manufacture of funiture and other manufacturing";60;23;251;61;22
"Total sex";"2021";"Employees - medium level";"25-29 years";"D Electricity, gas, steam and air conditioning supply";26;11;59;95;69
"Total sex";"2021";"Employees - medium level";"25-29 years";"E Water supply, sewerage and waste management";8;1;8;12;4
"Total sex";"2021";"Employees - medium level";"25-29 years";"F Construction";365;154;225;301;85
"Total sex";"2021";"Employees - medium level";"25-29 years";"G Wholesale and retail trade";1818;319;915;1550;413
"Total sex";"2021";"Employees - medium level";"25-29 years";"H Transportation";642;84;349;442;97
"Total sex";"2021";"Employees - medium level";"25-29 years";"I Accommodation and food service activities";245;24;58;69;29
"Total sex";"2021";"Employees - medium level";"25-29 years";"JA Publishing, television and radio broadcasting";511;8;87;82;19
"Total sex";"2021";"Employees - medium level";"25-29 years";"JB Telecommunications";198;15;34;114;12
"Total sex";"2021";"Employees - medium level";"25-29 years";"JC IT and information service activities";1031;20;151;430;93
"Total sex";"2021";"Employees - medium level";"25-29 years";"K Financial and insurance";1068;67;186;398;67
"Total sex";"2021";"Employees - medium level";"25-29 years";"L Real estate activities";505;73;95;173;72
"Total sex";"2021";"Employees - medium level";"25-29 years";"MA Consultancy etc.";2185;185;465;972;240
"Total sex";"2021";"Employees - medium level";"25-29 years";"MB Scientific research and development";224;8;26;107;5
"Total sex";"2021";"Employees - medium level";"25-29 years";"MC Advertising and other business services";466;60;136;187;61
"Total sex";"2021";"Employees - medium level";"25-29 years";"N Travel agent, cleaning, and other operationel services";656;53;95;226;78
"Total sex";"2021";"Employees - medium level";"25-29 years";"O Public administration, defence and compulsory social security";788;137;172;162;119
"Total sex";"2021";"Employees - medium level";"25-29 years";"P Education";453;32;74;92;34
"Total sex";"2021";"Employees - medium level";"25-29 years";"QA Human health activities";1425;415;800;834;377
"Total sex";"2021";"Employees - medium level";"25-29 years";"QB Residential care";113;15;34;111;38
"Total sex";"2021";"Employees - medium level";"25-29 years";"R Arts, entertainment and recreation activities";468;77;198;255;110
"Total sex";"2021";"Employees - medium level";"25-29 years";"S Other service activities etc.";237;7;58;80;15
"Total sex";"2021";"Employees - medium level";"25-29 years";"X Activity not stated";0;0;0;0;0
"Total sex";"2021";"Employees - medium level";"30-34 years";"A Agriculture, forestry and fishing";3;5;25;18;5
"Total sex";"2021";"Employees - medium level";"30-34 years";"B Mining and quarrying";15;0;30;0;5
"Total sex";"2021";"Employees - medium level";"30-34 years";"CA Manufacture of food products, beverages and tobacco";74;69;123;234;37
"Total sex";"2021";"Employees - medium level";"30-34 years";"CB Textiles and leather products";9;5;11;36;6
"Total sex";"2021";"Employees - medium level";"30-34 years";"CC Wood and paper products and printing";10;4;46;30;19
"Total sex";"2021";"Employees - medium level";"30-34 years";"CD Oil refinery etc.";0;5;11;0;0
"Total sex";"2021";"Employees - medium level";"30-34 years";"CE Manufacture of chemicals";121;29;33;38;3
"Total sex";"2021";"Employees - medium level";"30-34 years";"CF Pharmaceuticals";439;55;14;6;6
"Total sex";"2021";"Employees - medium level";"30-34 years";"CG Manufacture of plastic, glass and concrete";21;30;74;79;56
"Total sex";"2021";"Employees - medium level";"30-34 years";"CH Basic metals and fabricated metal products";20;20;95;85;47
"Total sex";"2021";"Employees - medium level";"30-34 years";"CI Manufacture of electronic components";180;6;22;83;16
"Total sex";"2021";"Employees - medium level";"30-34 years";"CJ Electrical equipment";44;3;44;30;20
"Total sex";"2021";"Employees - medium level";"30-34 years";"CK Manufacture of machinery";95;48;210;328;125
"Total sex";"2021";"Employees - medium level";"30-34 years";"CL Transport equipment";2;5;22;25;5
"Total sex";"2021";"Employees - medium level";"30-34 years";"CM Manufacture of funiture and other manufacturing";70;35;230;72;27
"Total sex";"2021";"Employees - medium level";"30-34 years";"D Electricity, gas, steam and air conditioning supply";45;19;56;92;51
"Total sex";"2021";"Employees - medium level";"30-34 years";"E Water supply, sewerage and waste management";13;4;14;10;8
"Total sex";"2021";"Employees - medium level";"30-34 years";"F Construction";498;197;318;415;145
"Total sex";"2021";"Employees - medium level";"30-34 years";"G Wholesale and retail trade";2104;359;1008;1571;416
"Total sex";"2021";"Employees - medium level";"30-34 years";"H Transportation";689;54;359;340;75
"Total sex";"2021";"Employees - medium level";"30-34 years";"I Accommodation and food service activities";199;18;76;79;25
"Total sex";"2021";"Employees - medium level";"30-34 years";"JA Publishing, television and radio broadcasting";487;4;69;67;18
"Total sex";"2021";"Employees - medium level";"30-34 years";"JB Telecommunications";262;19;50;124;27
"Total sex";"2021";"Employees - medium level";"30-34 years";"JC IT and information service activities";992;21;135;411;78
"Total sex";"2021";"Employees - medium level";"30-34 years";"K Financial and insurance";1162;69;202;384;99
"Total sex";"2021";"Employees - medium level";"30-34 years";"L Real estate activities";411;61;87;148;40
"Total sex";"2021";"Employees - medium level";"30-34 years";"MA Consultancy etc.";1671;221;456;847;204
"Total sex";"2021";"Employees - medium level";"30-34 years";"MB Scientific research and development";188;10;27;127;5
"Total sex";"2021";"Employees - medium level";"30-34 years";"MC Advertising and other business services";356;29;99;144;36
"Total sex";"2021";"Employees - medium level";"30-34 years";"N Travel agent, cleaning, and other operationel services";682;93;165;259;120
"Total sex";"2021";"Employees - medium level";"30-34 years";"O Public administration, defence and compulsory social security";1010;246;261;293;171
"Total sex";"2021";"Employees - medium level";"30-34 years";"P Education";338;44;108;93;31
"Total sex";"2021";"Employees - medium level";"30-34 years";"QA Human health activities";1325;493;1014;960;359
"Total sex";"2021";"Employees - medium level";"30-34 years";"QB Residential care";201;26;55;71;35
"Total sex";"2021";"Employees - medium level";"30-34 years";"R Arts, entertainment and recreation activities";312;36;137;195;70
"Total sex";"2021";"Employees - medium level";"30-34 years";"S Other service activities etc.";222;16;68;113;24
"Total sex";"2021";"Employees - medium level";"30-34 years";"X Activity not stated";0;0;0;0;0
"Total sex";"2021";"Employees - medium level";"35-39 years";"A Agriculture, forestry and fishing";6;11;23;15;2
"Total sex";"2021";"Employees - medium level";"35-39 years";"B Mining and quarrying";16;1;26;0;3
"Total sex";"2021";"Employees - medium level";"35-39 years";"CA Manufacture of food products, beverages and tobacco";75;61;126;206;40
"Total sex";"2021";"Employees - medium level";"35-39 years";"CB Textiles and leather products";14;3;14;27;3
"Total sex";"2021";"Employees - medium level";"35-39 years";"CC Wood and paper products and printing";13;2;45;51;24
"Total sex";"2021";"Employees - medium level";"35-39 years";"CD Oil refinery etc.";1;4;21;0;0
"Total sex";"2021";"Employees - medium level";"35-39 years";"CE Manufacture of chemicals";146;24;42;42;5
"Total sex";"2021";"Employees - medium level";"35-39 years";"CF Pharmaceuticals";433;65;11;2;4
"Total sex";"2021";"Employees - medium level";"35-39 years";"CG Manufacture of plastic, glass and concrete";40;38;68;92;41
"Total sex";"2021";"Employees - medium level";"35-39 years";"CH Basic metals and fabricated metal products";25;14;104;100;62
"Total sex";"2021";"Employees - medium level";"35-39 years";"CI Manufacture of electronic components";131;7;21;92;19
"Total sex";"2021";"Employees - medium level";"35-39 years";"CJ Electrical equipment";28;13;52;32;18
"Total sex";"2021";"Employees - medium level";"35-39 years";"CK Manufacture of machinery";69;44;229;321;106
"Total sex";"2021";"Employees - medium level";"35-39 years";"CL Transport equipment";5;11;17;18;13
"Total sex";"2021";"Employees - medium level";"35-39 years";"CM Manufacture of funiture and other manufacturing";64;42;221;60;35
"Total sex";"2021";"Employees - medium level";"35-39 years";"D Electricity, gas, steam and air conditioning supply";58;21;61;56;37
"Total sex";"2021";"Employees - medium level";"35-39 years";"E Water supply, sewerage and waste management";9;4;16;19;6
"Total sex";"2021";"Employees - medium level";"35-39 years";"F Construction";467;215;339;403;158
"Total sex";"2021";"Employees - medium level";"35-39 years";"G Wholesale and retail trade";1754;343;1033;1404;408
"Total sex";"2021";"Employees - medium level";"35-39 years";"H Transportation";750;65;324;362;81
"Total sex";"2021";"Employees - medium level";"35-39 years";"I Accommodation and food service activities";212;20;65;79;19
"Total sex";"2021";"Employees - medium level";"35-39 years";"JA Publishing, television and radio broadcasting";354;9;60;53;15
"Total sex";"2021";"Employees - medium level";"35-39 years";"JB Telecommunications";260;26;58;126;31
"Total sex";"2021";"Employees - medium level";"35-39 years";"JC IT and information service activities";690;24;127;284;66
"Total sex";"2021";"Employees - medium level";"35-39 years";"K Financial and insurance";1037;74;211;331;129
"Total sex";"2021";"Employees - medium level";"35-39 years";"L Real estate activities";320;58;96;134;41
"Total sex";"2021";"Employees - medium level";"35-39 years";"MA Consultancy etc.";1152;197;436;563;195
"Total sex";"2021";"Employees - medium level";"35-39 years";"MB Scientific research and development";190;24;21;94;4
"Total sex";"2021";"Employees - medium level";"35-39 years";"MC Advertising and other business services";225;39;85;125;26
"Total sex";"2021";"Employees - medium level";"35-39 years";"N Travel agent, cleaning, and other operationel services";612;110;175;284;119
"Total sex";"2021";"Employees - medium level";"35-39 years";"O Public administration, defence and compulsory social security";822;224;331;350;167
"Total sex";"2021";"Employees - medium level";"35-39 years";"P Education";309;37;119;147;51
"Total sex";"2021";"Employees - medium level";"35-39 years";"QA Human health activities";1149;462;914;1001;387
"Total sex";"2021";"Employees - medium level";"35-39 years";"QB Residential care";174;55;83;80;51
"Total sex";"2021";"Employees - medium level";"35-39 years";"R Arts, entertainment and recreation activities";226;25;93;116;39
"Total sex";"2021";"Employees - medium level";"35-39 years";"S Other service activities etc.";259;33;77;105;20
"Total sex";"2021";"Employees - medium level";"35-39 years";"X Activity not stated";0;0;0;0;0
"Total sex";"2021";"Employees - medium level";"40-44 years";"A Agriculture, forestry and fishing";1;19;28;18;10
"Total sex";"2021";"Employees - medium level";"40-44 years";"B Mining and quarrying";10;3;46;5;4
"Total sex";"2021";"Employees - medium level";"40-44 years";"CA Manufacture of food products, beverages and tobacco";77;79;118;233;58
"Total sex";"2021";"Employees - medium level";"40-44 years";"CB Textiles and leather products";10;5;24;39;9
"Total sex";"2021";"Employees - medium level";"40-44 years";"CC Wood and paper products and printing";17;4;55;58;24
"Total sex";"2021";"Employees - medium level";"40-44 years";"CD Oil refinery etc.";0;2;34;0;0
"Total sex";"2021";"Employees - medium level";"40-44 years";"CE Manufacture of chemicals";175;41;46;29;12
"Total sex";"2021";"Employees - medium level";"40-44 years";"CF Pharmaceuticals";498;95;3;0;5
"Total sex";"2021";"Employees - medium level";"40-44 years";"CG Manufacture of plastic, glass and concrete";46;29;83;82;47
"Total sex";"2021";"Employees - medium level";"40-44 years";"CH Basic metals and fabricated metal products";24;22;98;143;72
"Total sex";"2021";"Employees - medium level";"40-44 years";"CI Manufacture of electronic components";143;9;26;94;17
"Total sex";"2021";"Employees - medium level";"40-44 years";"CJ Electrical equipment";39;17;62;47;22
"Total sex";"2021";"Employees - medium level";"40-44 years";"CK Manufacture of machinery";87;46;245;392;114
"Total sex";"2021";"Employees - medium level";"40-44 years";"CL Transport equipment";4;7;16;27;8
"Total sex";"2021";"Employees - medium level";"40-44 years";"CM Manufacture of funiture and other manufacturing";83;48;214;117;30
"Total sex";"2021";"Employees - medium level";"40-44 years";"D Electricity, gas, steam and air conditioning supply";50;17;73;50;24
"Total sex";"2021";"Employees - medium level";"40-44 years";"E Water supply, sewerage and waste management";8;7;21;18;16
"Total sex";"2021";"Employees - medium level";"40-44 years";"F Construction";533;249;319;410;152
"Total sex";"2021";"Employees - medium level";"40-44 years";"G Wholesale and retail trade";1944;451;1131;1494;446
"Total sex";"2021";"Employees - medium level";"40-44 years";"H Transportation";785;77;392;311;107
"Total sex";"2021";"Employees - medium level";"40-44 years";"I Accommodation and food service activities";182;23;71;47;22
"Total sex";"2021";"Employees - medium level";"40-44 years";"JA Publishing, television and radio broadcasting";376;6;63;48;28
"Total sex";"2021";"Employees - medium level";"40-44 years";"JB Telecommunications";301;31;62;131;36
"Total sex";"2021";"Employees - medium level";"40-44 years";"JC IT and information service activities";584;20;117;250;56
"Total sex";"2021";"Employees - medium level";"40-44 years";"K Financial and insurance";1163;99;220;333;128
"Total sex";"2021";"Employees - medium level";"40-44 years";"L Real estate activities";360;90;95;146;55
"Total sex";"2021";"Employees - medium level";"40-44 years";"MA Consultancy etc.";987;242;473;535;201
"Total sex";"2021";"Employees - medium level";"40-44 years";"MB Scientific research and development";201;24;15;102;5
"Total sex";"2021";"Employees - medium level";"40-44 years";"MC Advertising and other business services";209;38;88;124;35
"Total sex";"2021";"Employees - medium level";"40-44 years";"N Travel agent, cleaning, and other operationel services";595;129;207;286;125
"Total sex";"2021";"Employees - medium level";"40-44 years";"O Public administration, defence and compulsory social security";963;286;438;440;212
"Total sex";"2021";"Employees - medium level";"40-44 years";"P Education";322;52;154;202;71
"Total sex";"2021";"Employees - medium level";"40-44 years";"QA Human health activities";1270;576;977;1076;445
"Total sex";"2021";"Employees - medium level";"40-44 years";"QB Residential care";214;107;131;117;75
"Total sex";"2021";"Employees - medium level";"40-44 years";"R Arts, entertainment and recreation activities";244;37;107;94;33
"Total sex";"2021";"Employees - medium level";"40-44 years";"S Other service activities etc.";260;38;78;141;29
"Total sex";"2021";"Employees - medium level";"40-44 years";"X Activity not stated";0;0;0;0;0
"Total sex";"2021";"Employees - medium level";"45-49 years";"A Agriculture, forestry and fishing";5;21;24;18;9
"Total sex";"2021";"Employees - medium level";"45-49 years";"B Mining and quarrying";24;1;56;3;5
"Total sex";"2021";"Employees - medium level";"45-49 years";"CA Manufacture of food products, beverages and tobacco";112;81;181;276;80
"Total sex";"2021";"Employees - medium level";"45-49 years";"CB Textiles and leather products";11;4;16;37;12
"Total sex";"2021";"Employees - medium level";"45-49 years";"CC Wood and paper products and printing";24;6;78;78;37
"Total sex";"2021";"Employees - medium level";"45-49 years";"CD Oil refinery etc.";0;6;25;0;0
"Total sex";"2021";"Employees - medium level";"45-49 years";"CE Manufacture of chemicals";212;49;70;67;12
"Total sex";"2021";"Employees - medium level";"45-49 years";"CF Pharmaceuticals";662;103;11;0;4
"Total sex";"2021";"Employees - medium level";"45-49 years";"CG Manufacture of plastic, glass and concrete";63;55;90;118;53
"Total sex";"2021";"Employees - medium level";"45-49 years";"CH Basic metals and fabricated metal products";32;27;128;167;93
"Total sex";"2021";"Employees - medium level";"45-49 years";"CI Manufacture of electronic components";188;19;34;133;21
"Total sex";"2021";"Employees - medium level";"45-49 years";"CJ Electrical equipment";45;31;90;55;30
"Total sex";"2021";"Employees - medium level";"45-49 years";"CK Manufacture of machinery";118;89;300;482;116
"Total sex";"2021";"Employees - medium level";"45-49 years";"CL Transport equipment";7;16;27;46;7
"Total sex";"2021";"Employees - medium level";"45-49 years";"CM Manufacture of funiture and other manufacturing";104;57;246;119;53
"Total sex";"2021";"Employees - medium level";"45-49 years";"D Electricity, gas, steam and air conditioning supply";64;30;90;59;24
"Total sex";"2021";"Employees - medium level";"45-49 years";"E Water supply, sewerage and waste management";18;12;28;30;11
"Total sex";"2021";"Employees - medium level";"45-49 years";"F Construction";558;274;356;442;130
"Total sex";"2021";"Employees - medium level";"45-49 years";"G Wholesale and retail trade";2430;517;1442;1670;471
"Total sex";"2021";"Employees - medium level";"45-49 years";"H Transportation";792;105;391;330;114
"Total sex";"2021";"Employees - medium level";"45-49 years";"I Accommodation and food service activities";170;27;77;54;24
"Total sex";"2021";"Employees - medium level";"45-49 years";"JA Publishing, television and radio broadcasting";360;13;66;60;36
"Total sex";"2021";"Employees - medium level";"45-49 years";"JB Telecommunications";302;28;55;151;37
"Total sex";"2021";"Employees - medium level";"45-49 years";"JC IT and information service activities";656;17;112;238;65
"Total sex";"2021";"Employees - medium level";"45-49 years";"K Financial and insurance";1102;88;275;342;130
"Total sex";"2021";"Employees - medium level";"45-49 years";"L Real estate activities";394;78;102;146;63
"Total sex";"2021";"Employees - medium level";"45-49 years";"MA Consultancy etc.";1087;246;507;606;171
"Total sex";"2021";"Employees - medium level";"45-49 years";"MB Scientific research and development";226;35;22;112;7
"Total sex";"2021";"Employees - medium level";"45-49 years";"MC Advertising and other business services";178;28;91;116;26
"Total sex";"2021";"Employees - medium level";"45-49 years";"N Travel agent, cleaning, and other operationel services";703;176;238;367;155
"Total sex";"2021";"Employees - medium level";"45-49 years";"O Public administration, defence and compulsory social security";1319;390;601;626;276
"Total sex";"2021";"Employees - medium level";"45-49 years";"P Education";369;82;180;257;106
"Total sex";"2021";"Employees - medium level";"45-49 years";"QA Human health activities";1340;667;1123;1065;475
"Total sex";"2021";"Employees - medium level";"45-49 years";"QB Residential care";278;210;219;205;133
"Total sex";"2021";"Employees - medium level";"45-49 years";"R Arts, entertainment and recreation activities";248;38;103;123;40
"Total sex";"2021";"Employees - medium level";"45-49 years";"S Other service activities etc.";311;47;101;188;35
"Total sex";"2021";"Employees - medium level";"45-49 years";"X Activity not stated";0;0;0;0;0
"Total sex";"2021";"Employees - medium level";"50-54 years";"A Agriculture, forestry and fishing";6;20;29;18;12
"Total sex";"2021";"Employees - medium level";"50-54 years";"B Mining and quarrying";25;2;56;2;10
"Total sex";"2021";"Employees - medium level";"50-54 years";"CA Manufacture of food products, beverages and tobacco";77;79;210;309;74
"Total sex";"2021";"Employees - medium level";"50-54 years";"CB Textiles and leather products";7;4;23;60;23
"Total sex";"2021";"Employees - medium level";"50-54 years";"CC Wood and paper products and printing";33;19;90;103;53
"Total sex";"2021";"Employees - medium level";"50-54 years";"CD Oil refinery etc.";0;6;38;0;0
"Total sex";"2021";"Employees - medium level";"50-54 years";"CE Manufacture of chemicals";198;63;78;65;12
"Total sex";"2021";"Employees - medium level";"50-54 years";"CF Pharmaceuticals";669;141;9;1;5
"Total sex";"2021";"Employees - medium level";"50-54 years";"CG Manufacture of plastic, glass and concrete";80;69;131;134;64
"Total sex";"2021";"Employees - medium level";"50-54 years";"CH Basic metals and fabricated metal products";51;37;145;210;114
"Total sex";"2021";"Employees - medium level";"50-54 years";"CI Manufacture of electronic components";198;11;42;152;31
"Total sex";"2021";"Employees - medium level";"50-54 years";"CJ Electrical equipment";55;27;127;55;33
"Total sex";"2021";"Employees - medium level";"50-54 years";"CK Manufacture of machinery";153;116;400;522;147
"Total sex";"2021";"Employees - medium level";"50-54 years";"CL Transport equipment";6;13;32;41;15
"Total sex";"2021";"Employees - medium level";"50-54 years";"CM Manufacture of funiture and other manufacturing";110;57;255;123;59
"Total sex";"2021";"Employees - medium level";"50-54 years";"D Electricity, gas, steam and air conditioning supply";68;31;93;48;34
"Total sex";"2021";"Employees - medium level";"50-54 years";"E Water supply, sewerage and waste management";27;14;42;28;17
"Total sex";"2021";"Employees - medium level";"50-54 years";"F Construction";615;281;362;397;152
"Total sex";"2021";"Employees - medium level";"50-54 years";"G Wholesale and retail trade";2286;551;1439;1490;439
"Total sex";"2021";"Employees - medium level";"50-54 years";"H Transportation";837;121;448;296;110
"Total sex";"2021";"Employees - medium level";"50-54 years";"I Accommodation and food service activities";129;18;72;45;25
"Total sex";"2021";"Employees - medium level";"50-54 years";"JA Publishing, television and radio broadcasting";361;11;59;59;31
"Total sex";"2021";"Employees - medium level";"50-54 years";"JB Telecommunications";305;40;61;130;37
"Total sex";"2021";"Employees - medium level";"50-54 years";"JC IT and information service activities";576;20;94;250;73
"Total sex";"2021";"Employees - medium level";"50-54 years";"K Financial and insurance";1079;118;258;354;134
"Total sex";"2021";"Employees - medium level";"50-54 years";"L Real estate activities";314;77;119;135;68
"Total sex";"2021";"Employees - medium level";"50-54 years";"MA Consultancy etc.";1141;295;577;581;171
"Total sex";"2021";"Employees - medium level";"50-54 years";"MB Scientific research and development";206;34;17;117;4
"Total sex";"2021";"Employees - medium level";"50-54 years";"MC Advertising and other business services";138;27;83;94;30
"Total sex";"2021";"Employees - medium level";"50-54 years";"N Travel agent, cleaning, and other operationel services";703;194;262;326;154
"Total sex";"2021";"Employees - medium level";"50-54 years";"O Public administration, defence and compulsory social security";1415;404;687;691;307
"Total sex";"2021";"Employees - medium level";"50-54 years";"P Education";370;104;205;270;110
"Total sex";"2021";"Employees - medium level";"50-54 years";"QA Human health activities";1300;602;999;1000;439
"Total sex";"2021";"Employees - medium level";"50-54 years";"QB Residential care";295;280;322;254;159
"Total sex";"2021";"Employees - medium level";"50-54 years";"R Arts, entertainment and recreation activities";223;39;92;108;36
"Total sex";"2021";"Employees - medium level";"50-54 years";"S Other service activities etc.";402;63;149;176;59
"Total sex";"2021";"Employees - medium level";"50-54 years";"X Activity not stated";0;0;0;0;0
"Total sex";"2021";"Employees - medium level";"55-59 years";"A Agriculture, forestry and fishing";15;29;44;26;22
"Total sex";"2021";"Employees - medium level";"55-59 years";"B Mining and quarrying";23;5;68;5;17
"Total sex";"2021";"Employees - medium level";"55-59 years";"CA Manufacture of food products, beverages and tobacco";57;82;203;224;75
"Total sex";"2021";"Employees - medium level";"55-59 years";"CB Textiles and leather products";7;2;12;58;21
"Total sex";"2021";"Employees - medium level";"55-59 years";"CC Wood and paper products and printing";47;17;72;111;42
"Total sex";"2021";"Employees - medium level";"55-59 years";"CD Oil refinery etc.";0;11;28;0;0
"Total sex";"2021";"Employees - medium level";"55-59 years";"CE Manufacture of chemicals";235;69;102;64;7
"Total sex";"2021";"Employees - medium level";"55-59 years";"CF Pharmaceuticals";602;111;6;2;5
"Total sex";"2021";"Employees - medium level";"55-59 years";"CG Manufacture of plastic, glass and concrete";59;69;108;128;77
"Total sex";"2021";"Employees - medium level";"55-59 years";"CH Basic metals and fabricated metal products";39;38;197;186;107
"Total sex";"2021";"Employees - medium level";"55-59 years";"CI Manufacture of electronic components";206;23;47;151;38
"Total sex";"2021";"Employees - medium level";"55-59 years";"CJ Electrical equipment";38;30;90;46;46
"Total sex";"2021";"Employees - medium level";"55-59 years";"CK Manufacture of machinery";160;125;403;526;160
"Total sex";"2021";"Employees - medium level";"55-59 years";"CL Transport equipment";5;10;39;35;8
"Total sex";"2021";"Employees - medium level";"55-59 years";"CM Manufacture of funiture and other manufacturing";122;57;214;118;54
"Total sex";"2021";"Employees - medium level";"55-59 years";"D Electricity, gas, steam and air conditioning supply";76;38;112;77;29
"Total sex";"2021";"Employees - medium level";"55-59 years";"E Water supply, sewerage and waste management";35;11;47;33;21
"Total sex";"2021";"Employees - medium level";"55-59 years";"F Construction";623;242;316;370;143
"Total sex";"2021";"Employees - medium level";"55-59 years";"G Wholesale and retail trade";2108;504;1125;1245;424
"Total sex";"2021";"Employees - medium level";"55-59 years";"H Transportation";823;105;392;269;106
"Total sex";"2021";"Employees - medium level";"55-59 years";"I Accommodation and food service activities";111;18;46;31;14
"Total sex";"2021";"Employees - medium level";"55-59 years";"JA Publishing, television and radio broadcasting";241;12;63;49;24
"Total sex";"2021";"Employees - medium level";"55-59 years";"JB Telecommunications";337;63;114;199;39
"Total sex";"2021";"Employees - medium level";"55-59 years";"JC IT and information service activities";472;16;85;146;43
"Total sex";"2021";"Employees - medium level";"55-59 years";"K Financial and insurance";1180;128;306;417;205
"Total sex";"2021";"Employees - medium level";"55-59 years";"L Real estate activities";381;71;92;143;51
"Total sex";"2021";"Employees - medium level";"55-59 years";"MA Consultancy etc.";1100;310;607;598;242
"Total sex";"2021";"Employees - medium level";"55-59 years";"MB Scientific research and development";220;39;20;103;14
"Total sex";"2021";"Employees - medium level";"55-59 years";"MC Advertising and other business services";142;19;82;84;33
"Total sex";"2021";"Employees - medium level";"55-59 years";"N Travel agent, cleaning, and other operationel services";724;208;259;306;163
"Total sex";"2021";"Employees - medium level";"55-59 years";"O Public administration, defence and compulsory social security";1780;517;872;944;439
"Total sex";"2021";"Employees - medium level";"55-59 years";"P Education";438;110;181;265;113
"Total sex";"2021";"Employees - medium level";"55-59 years";"QA Human health activities";1266;524;995;872;391
"Total sex";"2021";"Employees - medium level";"55-59 years";"QB Residential care";385;341;346;331;201
"Total sex";"2021";"Employees - medium level";"55-59 years";"R Arts, entertainment and recreation activities";225;53;102;102;23
"Total sex";"2021";"Employees - medium level";"55-59 years";"S Other service activities etc.";428;71;153;177;70
"Total sex";"2021";"Employees - medium level";"55-59 years";"X Activity not stated";0;0;0;0;0
"Total sex";"2021";"Employees - medium level";"60-64 years";"A Agriculture, forestry and fishing";3;24;36;8;15
"Total sex";"2021";"Employees - medium level";"60-64 years";"B Mining and quarrying";19;5;44;6;9
"Total sex";"2021";"Employees - medium level";"60-64 years";"CA Manufacture of food products, beverages and tobacco";37;46;104;122;41
"Total sex";"2021";"Employees - medium level";"60-64 years";"CB Textiles and leather products";3;4;11;32;8
"Total sex";"2021";"Employees - medium level";"60-64 years";"CC Wood and paper products and printing";12;8;44;46;29
"Total sex";"2021";"Employees - medium level";"60-64 years";"CD Oil refinery etc.";0;9;9;0;0
"Total sex";"2021";"Employees - medium level";"60-64 years";"CE Manufacture of chemicals";120;43;54;26;4
"Total sex";"2021";"Employees - medium level";"60-64 years";"CF Pharmaceuticals";342;77;6;0;3
"Total sex";"2021";"Employees - medium level";"60-64 years";"CG Manufacture of plastic, glass and concrete";32;51;82;91;45
"Total sex";"2021";"Employees - medium level";"60-64 years";"CH Basic metals and fabricated metal products";30;11;100;103;58
"Total sex";"2021";"Employees - medium level";"60-64 years";"CI Manufacture of electronic components";120;11;36;87;14
"Total sex";"2021";"Employees - medium level";"60-64 years";"CJ Electrical equipment";31;28;64;33;16
"Total sex";"2021";"Employees - medium level";"60-64 years";"CK Manufacture of machinery";110;71;236;267;76
"Total sex";"2021";"Employees - medium level";"60-64 years";"CL Transport equipment";8;10;25;24;5
"Total sex";"2021";"Employees - medium level";"60-64 years";"CM Manufacture of funiture and other manufacturing";71;30;118;71;22
"Total sex";"2021";"Employees - medium level";"60-64 years";"D Electricity, gas, steam and air conditioning supply";75;23;62;46;27
"Total sex";"2021";"Employees - medium level";"60-64 years";"E Water supply, sewerage and waste management";15;7;16;21;10
"Total sex";"2021";"Employees - medium level";"60-64 years";"F Construction";362;132;190;244;105
"Total sex";"2021";"Employees - medium level";"60-64 years";"G Wholesale and retail trade";1181;291;694;762;269
"Total sex";"2021";"Employees - medium level";"60-64 years";"H Transportation";476;85;275;178;62
"Total sex";"2021";"Employees - medium level";"60-64 years";"I Accommodation and food service activities";48;8;36;12;12
"Total sex";"2021";"Employees - medium level";"60-64 years";"JA Publishing, television and radio broadcasting";151;15;21;34;12
"Total sex";"2021";"Employees - medium level";"60-64 years";"JB Telecommunications";223;39;72;153;42
"Total sex";"2021";"Employees - medium level";"60-64 years";"JC IT and information service activities";270;21;48;88;10
"Total sex";"2021";"Employees - medium level";"60-64 years";"K Financial and insurance";679;88;228;279;138
"Total sex";"2021";"Employees - medium level";"60-64 years";"L Real estate activities";252;38;57;104;28
"Total sex";"2021";"Employees - medium level";"60-64 years";"MA Consultancy etc.";676;182;411;399;144
"Total sex";"2021";"Employees - medium level";"60-64 years";"MB Scientific research and development";132;27;14;80;9
"Total sex";"2021";"Employees - medium level";"60-64 years";"MC Advertising and other business services";54;19;55;64;32
"Total sex";"2021";"Employees - medium level";"60-64 years";"N Travel agent, cleaning, and other operationel services";442;137;196;221;125
"Total sex";"2021";"Employees - medium level";"60-64 years";"O Public administration, defence and compulsory social security";1199;416;633;727;321
"Total sex";"2021";"Employees - medium level";"60-64 years";"P Education";289;62;129;201;63
"Total sex";"2021";"Employees - medium level";"60-64 years";"QA Human health activities";856;397;703;670;305
"Total sex";"2021";"Employees - medium level";"60-64 years";"QB Residential care";282;234;246;217;150
"Total sex";"2021";"Employees - medium level";"60-64 years";"R Arts, entertainment and recreation activities";149;33;66;86;23
"Total sex";"2021";"Employees - medium level";"60-64 years";"S Other service activities etc.";339;63;149;150;54
"Total sex";"2021";"Employees - medium level";"60-64 years";"X Activity not stated";0;0;0;0;0
"Total sex";"2021";"Employees - medium level";"65-66 years";"A Agriculture, forestry and fishing";3;6;8;7;4
"Total sex";"2021";"Employees - medium level";"65-66 years";"B Mining and quarrying";4;0;7;0;0
"Total sex";"2021";"Employees - medium level";"65-66 years";"CA Manufacture of food products, beverages and tobacco";5;15;20;23;8
"Total sex";"2021";"Employees - medium level";"65-66 years";"CB Textiles and leather products";0;0;2;3;0
"Total sex";"2021";"Employees - medium level";"65-66 years";"CC Wood and paper products and printing";2;2;11;13;5
"Total sex";"2021";"Employees - medium level";"65-66 years";"CD Oil refinery etc.";0;1;1;0;0
"Total sex";"2021";"Employees - medium level";"65-66 years";"CE Manufacture of chemicals";18;4;9;9;0
"Total sex";"2021";"Employees - medium level";"65-66 years";"CF Pharmaceuticals";61;8;1;0;1
"Total sex";"2021";"Employees - medium level";"65-66 years";"CG Manufacture of plastic, glass and concrete";6;11;17;19;10
"Total sex";"2021";"Employees - medium level";"65-66 years";"CH Basic metals and fabricated metal products";9;1;18;25;8
"Total sex";"2021";"Employees - medium level";"65-66 years";"CI Manufacture of electronic components";24;2;4;18;4
"Total sex";"2021";"Employees - medium level";"65-66 years";"CJ Electrical equipment";11;4;5;5;6
"Total sex";"2021";"Employees - medium level";"65-66 years";"CK Manufacture of machinery";19;9;37;63;9
"Total sex";"2021";"Employees - medium level";"65-66 years";"CL Transport equipment";2;2;1;3;3
"Total sex";"2021";"Employees - medium level";"65-66 years";"CM Manufacture of funiture and other manufacturing";13;8;21;18;3
"Total sex";"2021";"Employees - medium level";"65-66 years";"D Electricity, gas, steam and air conditioning supply";17;6;13;7;5
"Total sex";"2021";"Employees - medium level";"65-66 years";"E Water supply, sewerage and waste management";4;2;4;6;1
"Total sex";"2021";"Employees - medium level";"65-66 years";"F Construction";81;30;39;50;25
"Total sex";"2021";"Employees - medium level";"65-66 years";"G Wholesale and retail trade";220;63;157;149;50
"Total sex";"2021";"Employees - medium level";"65-66 years";"H Transportation";85;22;61;34;11
"Total sex";"2021";"Employees - medium level";"65-66 years";"I Accommodation and food service activities";10;3;7;2;3
"Total sex";"2021";"Employees - medium level";"65-66 years";"JA Publishing, television and radio broadcasting";36;5;9;5;3
"Total sex";"2021";"Employees - medium level";"65-66 years";"JB Telecommunications";27;5;17;21;2
"Total sex";"2021";"Employees - medium level";"65-66 years";"JC IT and information service activities";56;3;11;19;4
"Total sex";"2021";"Employees - medium level";"65-66 years";"K Financial and insurance";110;15;45;39;22
"Total sex";"2021";"Employees - medium level";"65-66 years";"L Real estate activities";47;9;13;15;4
"Total sex";"2021";"Employees - medium level";"65-66 years";"MA Consultancy etc.";140;40;82;74;43
"Total sex";"2021";"Employees - medium level";"65-66 years";"MB Scientific research and development";33;4;2;20;0
"Total sex";"2021";"Employees - medium level";"65-66 years";"MC Advertising and other business services";8;8;7;12;7
"Total sex";"2021";"Employees - medium level";"65-66 years";"N Travel agent, cleaning, and other operationel services";90;28;35;40;27
"Total sex";"2021";"Employees - medium level";"65-66 years";"O Public administration, defence and compulsory social security";236;80;103;128;59
"Total sex";"2021";"Employees - medium level";"65-66 years";"P Education";53;9;18;49;12
"Total sex";"2021";"Employees - medium level";"65-66 years";"QA Human health activities";226;77;136;118;47
"Total sex";"2021";"Employees - medium level";"65-66 years";"QB Residential care";67;36;48;54;28
"Total sex";"2021";"Employees - medium level";"65-66 years";"R Arts, entertainment and recreation activities";35;12;14;12;8
"Total sex";"2021";"Employees - medium level";"65-66 years";"S Other service activities etc.";93;24;31;40;15
"Total sex";"2021";"Employees - medium level";"65-66 years";"X Activity not stated";0;0;0;0;0
"Total sex";"2021";"Employees - medium level";"67 years and over";"A Agriculture, forestry and fishing";2;5;8;6;4
"Total sex";"2021";"Employees - medium level";"67 years and over";"B Mining and quarrying";1;0;0;0;1
"Total sex";"2021";"Employees - medium level";"67 years and over";"CA Manufacture of food products, beverages and tobacco";8;5;15;23;6
"Total sex";"2021";"Employees - medium level";"67 years and over";"CB Textiles and leather products";0;0;1;5;0
"Total sex";"2021";"Employees - medium level";"67 years and over";"CC Wood and paper products and printing";5;4;17;14;8
"Total sex";"2021";"Employees - medium level";"67 years and over";"CD Oil refinery etc.";0;3;2;0;0
"Total sex";"2021";"Employees - medium level";"67 years and over";"CE Manufacture of chemicals";20;14;8;10;2
"Total sex";"2021";"Employees - medium level";"67 years and over";"CF Pharmaceuticals";27;7;0;0;0
"Total sex";"2021";"Employees - medium level";"67 years and over";"CG Manufacture of plastic, glass and concrete";6;3;15;9;5
"Total sex";"2021";"Employees - medium level";"67 years and over";"CH Basic metals and fabricated metal products";12;4;20;25;14
"Total sex";"2021";"Employees - medium level";"67 years and over";"CI Manufacture of electronic components";32;3;9;23;4
"Total sex";"2021";"Employees - medium level";"67 years and over";"CJ Electrical equipment";10;6;13;6;3
"Total sex";"2021";"Employees - medium level";"67 years and over";"CK Manufacture of machinery";26;15;43;46;10
"Total sex";"2021";"Employees - medium level";"67 years and over";"CL Transport equipment";1;1;4;6;0
"Total sex";"2021";"Employees - medium level";"67 years and over";"CM Manufacture of funiture and other manufacturing";12;8;28;17;5
"Total sex";"2021";"Employees - medium level";"67 years and over";"D Electricity, gas, steam and air conditioning supply";6;4;6;6;5
"Total sex";"2021";"Employees - medium level";"67 years and over";"E Water supply, sewerage and waste management";4;1;3;3;4
"Total sex";"2021";"Employees - medium level";"67 years and over";"F Construction";125;48;55;69;24
"Total sex";"2021";"Employees - medium level";"67 years and over";"G Wholesale and retail trade";218;75;145;158;63
"Total sex";"2021";"Employees - medium level";"67 years and over";"H Transportation";74;26;60;47;17
"Total sex";"2021";"Employees - medium level";"67 years and over";"I Accommodation and food service activities";14;6;7;8;4
"Total sex";"2021";"Employees - medium level";"67 years and over";"JA Publishing, television and radio broadcasting";23;3;7;8;1
"Total sex";"2021";"Employees - medium level";"67 years and over";"JB Telecommunications";9;2;0;7;0
"Total sex";"2021";"Employees - medium level";"67 years and over";"JC IT and information service activities";32;2;6;9;6
"Total sex";"2021";"Employees - medium level";"67 years and over";"K Financial and insurance";74;14;17;28;15
"Total sex";"2021";"Employees - medium level";"67 years and over";"L Real estate activities";63;11;24;36;8
"Total sex";"2021";"Employees - medium level";"67 years and over";"MA Consultancy etc.";184;56;104;122;34
"Total sex";"2021";"Employees - medium level";"67 years and over";"MB Scientific research and development";25;7;0;9;3
"Total sex";"2021";"Employees - medium level";"67 years and over";"MC Advertising and other business services";10;2;12;8;1
"Total sex";"2021";"Employees - medium level";"67 years and over";"N Travel agent, cleaning, and other operationel services";86;18;30;26;11
"Total sex";"2021";"Employees - medium level";"67 years and over";"O Public administration, defence and compulsory social security";146;63;93;109;37
"Total sex";"2021";"Employees - medium level";"67 years and over";"P Education";73;16;21;43;6
"Total sex";"2021";"Employees - medium level";"67 years and over";"QA Human health activities";194;53;93;117;53
"Total sex";"2021";"Employees - medium level";"67 years and over";"QB Residential care";81;66;92;109;33
"Total sex";"2021";"Employees - medium level";"67 years and over";"R Arts, entertainment and recreation activities";58;21;30;38;7
"Total sex";"2021";"Employees - medium level";"67 years and over";"S Other service activities etc.";83;16;34;25;10
"Total sex";"2021";"Employees - medium level";"67 years and over";"X Activity not stated";0;0;0;0;0
"Total sex";"2021";"Employees - basic level";"Under 16 years";"A Agriculture, forestry and fishing";4;16;32;40;17
"Total sex";"2021";"Employees - basic level";"Under 16 years";"B Mining and quarrying";0;0;0;0;0
"Total sex";"2021";"Employees - basic level";"Under 16 years";"CA Manufacture of food products, beverages and tobacco";223;144;272;200;132
"Total sex";"2021";"Employees - basic level";"Under 16 years";"CB Textiles and leather products";0;1;4;19;2
"Total sex";"2021";"Employees - basic level";"Under 16 years";"CC Wood and paper products and printing";3;3;11;27;15
"Total sex";"2021";"Employees - basic level";"Under 16 years";"CD Oil refinery etc.";0;0;0;0;0
"Total sex";"2021";"Employees - basic level";"Under 16 years";"CE Manufacture of chemicals";1;1;8;5;1
"Total sex";"2021";"Employees - basic level";"Under 16 years";"CF Pharmaceuticals";0;0;0;0;0
"Total sex";"2021";"Employees - basic level";"Under 16 years";"CG Manufacture of plastic, glass and concrete";3;2;10;33;7
"Total sex";"2021";"Employees - basic level";"Under 16 years";"CH Basic metals and fabricated metal products";10;7;39;61;11
"Total sex";"2021";"Employees - basic level";"Under 16 years";"CI Manufacture of electronic components";2;0;2;9;2
"Total sex";"2021";"Employees - basic level";"Under 16 years";"CJ Electrical equipment";2;3;6;5;1
"Total sex";"2021";"Employees - basic level";"Under 16 years";"CK Manufacture of machinery";1;5;20;27;7
"Total sex";"2021";"Employees - basic level";"Under 16 years";"CL Transport equipment";0;0;2;5;1
"Total sex";"2021";"Employees - basic level";"Under 16 years";"CM Manufacture of funiture and other manufacturing";1;3;22;21;7
"Total sex";"2021";"Employees - basic level";"Under 16 years";"D Electricity, gas, steam and air conditioning supply";0;1;1;2;0
"Total sex";"2021";"Employees - basic level";"Under 16 years";"E Water supply, sewerage and waste management";0;0;5;1;0
"Total sex";"2021";"Employees - basic level";"Under 16 years";"F Construction";22;25;36;51;33
"Total sex";"2021";"Employees - basic level";"Under 16 years";"G Wholesale and retail trade";2423;1095;1519;1740;757
"Total sex";"2021";"Employees - basic level";"Under 16 years";"H Transportation";101;63;132;207;20
"Total sex";"2021";"Employees - basic level";"Under 16 years";"I Accommodation and food service activities";277;187;380;335;141
"Total sex";"2021";"Employees - basic level";"Under 16 years";"JA Publishing, television and radio broadcasting";38;106;34;301;30
"Total sex";"2021";"Employees - basic level";"Under 16 years";"JB Telecommunications";0;0;0;0;0
"Total sex";"2021";"Employees - basic level";"Under 16 years";"JC IT and information service activities";12;2;3;8;3
"Total sex";"2021";"Employees - basic level";"Under 16 years";"K Financial and insurance";5;2;13;7;8
"Total sex";"2021";"Employees - basic level";"Under 16 years";"L Real estate activities";58;32;35;39;11
"Total sex";"2021";"Employees - basic level";"Under 16 years";"MA Consultancy etc.";22;8;11;15;10
"Total sex";"2021";"Employees - basic level";"Under 16 years";"MB Scientific research and development";1;0;0;1;0
"Total sex";"2021";"Employees - basic level";"Under 16 years";"MC Advertising and other business services";8;2;13;12;2
"Total sex";"2021";"Employees - basic level";"Under 16 years";"N Travel agent, cleaning, and other operationel services";26;17;22;39;16
"Total sex";"2021";"Employees - basic level";"Under 16 years";"O Public administration, defence and compulsory social security";27;2;8;5;3
"Total sex";"2021";"Employees - basic level";"Under 16 years";"P Education";270;142;94;312;53
"Total sex";"2021";"Employees - basic level";"Under 16 years";"QA Human health activities";16;6;9;18;5
"Total sex";"2021";"Employees - basic level";"Under 16 years";"QB Residential care";345;51;85;560;45
"Total sex";"2021";"Employees - basic level";"Under 16 years";"R Arts, entertainment and recreation activities";145;70;102;129;76
"Total sex";"2021";"Employees - basic level";"Under 16 years";"S Other service activities etc.";38;15;22;41;6
"Total sex";"2021";"Employees - basic level";"Under 16 years";"X Activity not stated";0;0;0;0;0
"Total sex";"2021";"Employees - basic level";"16-19 years";"A Agriculture, forestry and fishing";51;219;579;510;360
"Total sex";"2021";"Employees - basic level";"16-19 years";"B Mining and quarrying";3;2;1;3;0
"Total sex";"2021";"Employees - basic level";"16-19 years";"CA Manufacture of food products, beverages and tobacco";995;306;775;624;266
"Total sex";"2021";"Employees - basic level";"16-19 years";"CB Textiles and leather products";10;8;8;28;2
"Total sex";"2021";"Employees - basic level";"16-19 years";"CC Wood and paper products and printing";14;9;76;89;54
"Total sex";"2021";"Employees - basic level";"16-19 years";"CD Oil refinery etc.";0;3;0;0;0
"Total sex";"2021";"Employees - basic level";"16-19 years";"CE Manufacture of chemicals";16;17;6;8;1
"Total sex";"2021";"Employees - basic level";"16-19 years";"CF Pharmaceuticals";38;30;0;0;2
"Total sex";"2021";"Employees - basic level";"16-19 years";"CG Manufacture of plastic, glass and concrete";19;18;59;91;29
"Total sex";"2021";"Employees - basic level";"16-19 years";"CH Basic metals and fabricated metal products";50;88;185;272;137
"Total sex";"2021";"Employees - basic level";"16-19 years";"CI Manufacture of electronic components";30;9;6;42;5
"Total sex";"2021";"Employees - basic level";"16-19 years";"CJ Electrical equipment";8;4;42;10;12
"Total sex";"2021";"Employees - basic level";"16-19 years";"CK Manufacture of machinery";40;56;163;164;104
"Total sex";"2021";"Employees - basic level";"16-19 years";"CL Transport equipment";3;6;19;36;21
"Total sex";"2021";"Employees - basic level";"16-19 years";"CM Manufacture of funiture and other manufacturing";39;46;167;110;91
"Total sex";"2021";"Employees - basic level";"16-19 years";"D Electricity, gas, steam and air conditioning supply";16;8;6;5;3
"Total sex";"2021";"Employees - basic level";"16-19 years";"E Water supply, sewerage and waste management";13;5;14;14;2
"Total sex";"2021";"Employees - basic level";"16-19 years";"F Construction";1403;1134;1397;1659;828
"Total sex";"2021";"Employees - basic level";"16-19 years";"G Wholesale and retail trade";18036;9394;13128;14192;6064
"Total sex";"2021";"Employees - basic level";"16-19 years";"H Transportation";374;133;348;358;113
"Total sex";"2021";"Employees - basic level";"16-19 years";"I Accommodation and food service activities";3921;1496;2916;2679;923
"Total sex";"2021";"Employees - basic level";"16-19 years";"JA Publishing, television and radio broadcasting";393;68;115;198;73
"Total sex";"2021";"Employees - basic level";"16-19 years";"JB Telecommunications";55;6;25;26;3
"Total sex";"2021";"Employees - basic level";"16-19 years";"JC IT and information service activities";119;15;20;116;13
"Total sex";"2021";"Employees - basic level";"16-19 years";"K Financial and insurance";199;5;96;62;18
"Total sex";"2021";"Employees - basic level";"16-19 years";"L Real estate activities";120;82;129;74;38
"Total sex";"2021";"Employees - basic level";"16-19 years";"MA Consultancy etc.";262;38;56;73;37
"Total sex";"2021";"Employees - basic level";"16-19 years";"MB Scientific research and development";15;8;9;4;1
"Total sex";"2021";"Employees - basic level";"16-19 years";"MC Advertising and other business services";108;35;255;105;7
"Total sex";"2021";"Employees - basic level";"16-19 years";"N Travel agent, cleaning, and other operationel services";732;194;394;311;202
"Total sex";"2021";"Employees - basic level";"16-19 years";"O Public administration, defence and compulsory social security";226;128;156;186;95
"Total sex";"2021";"Employees - basic level";"16-19 years";"P Education";593;201;312;246;96
"Total sex";"2021";"Employees - basic level";"16-19 years";"QA Human health activities";321;159;265;179;50
"Total sex";"2021";"Employees - basic level";"16-19 years";"QB Residential care";2150;964;1434;1808;553
"Total sex";"2021";"Employees - basic level";"16-19 years";"R Arts, entertainment and recreation activities";949;294;587;596;297
"Total sex";"2021";"Employees - basic level";"16-19 years";"S Other service activities etc.";302;94;176;203;78
"Total sex";"2021";"Employees - basic level";"16-19 years";"X Activity not stated";0;0;0;0;0
"Total sex";"2021";"Employees - basic level";"20-24 years";"A Agriculture, forestry and fishing";81;278;599;533;346
"Total sex";"2021";"Employees - basic level";"20-24 years";"B Mining and quarrying";26;4;32;5;5
"Total sex";"2021";"Employees - basic level";"20-24 years";"CA Manufacture of food products, beverages and tobacco";730;287;838;1026;499
"Total sex";"2021";"Employees - basic level";"20-24 years";"CB Textiles and leather products";22;5;21;78;13
"Total sex";"2021";"Employees - basic level";"20-24 years";"CC Wood and paper products and printing";29;37;168;241;175
"Total sex";"2021";"Employees - basic level";"20-24 years";"CD Oil refinery etc.";0;11;0;0;0
"Total sex";"2021";"Employees - basic level";"20-24 years";"CE Manufacture of chemicals";173;48;33;28;12
"Total sex";"2021";"Employees - basic level";"20-24 years";"CF Pharmaceuticals";430;122;1;1;9
"Total sex";"2021";"Employees - basic level";"20-24 years";"CG Manufacture of plastic, glass and concrete";76;92;208;271;108
"Total sex";"2021";"Employees - basic level";"20-24 years";"CH Basic metals and fabricated metal products";155;182;441;621;344
"Total sex";"2021";"Employees - basic level";"20-24 years";"CI Manufacture of electronic components";193;25;20;110;11
"Total sex";"2021";"Employees - basic level";"20-24 years";"CJ Electrical equipment";37;16;153;73;32
"Total sex";"2021";"Employees - basic level";"20-24 years";"CK Manufacture of machinery";133;137;463;649;257
"Total sex";"2021";"Employees - basic level";"20-24 years";"CL Transport equipment";8;13;73;94;51
"Total sex";"2021";"Employees - basic level";"20-24 years";"CM Manufacture of funiture and other manufacturing";180;100;474;301;179
"Total sex";"2021";"Employees - basic level";"20-24 years";"D Electricity, gas, steam and air conditioning supply";105;10;33;66;13
"Total sex";"2021";"Employees - basic level";"20-24 years";"E Water supply, sewerage and waste management";50;20;75;54;32
"Total sex";"2021";"Employees - basic level";"20-24 years";"F Construction";3379;2139;2703;3349;1567
"Total sex";"2021";"Employees - basic level";"20-24 years";"G Wholesale and retail trade";15061;4881;8406;11776;4618
"Total sex";"2021";"Employees - basic level";"20-24 years";"H Transportation";1735;485;1141;1292;532
"Total sex";"2021";"Employees - basic level";"20-24 years";"I Accommodation and food service activities";6123;945;2880;3422;1367
"Total sex";"2021";"Employees - basic level";"20-24 years";"JA Publishing, television and radio broadcasting";786;28;129;191;64
"Total sex";"2021";"Employees - basic level";"20-24 years";"JB Telecommunications";356;51;163;160;41
"Total sex";"2021";"Employees - basic level";"20-24 years";"JC IT and information service activities";998;34;105;326;67
"Total sex";"2021";"Employees - basic level";"20-24 years";"K Financial and insurance";2097;58;218;551;90
"Total sex";"2021";"Employees - basic level";"20-24 years";"L Real estate activities";524;117;198;194;76
"Total sex";"2021";"Employees - basic level";"20-24 years";"MA Consultancy etc.";1656;105;298;537;171
"Total sex";"2021";"Employees - basic level";"20-24 years";"MB Scientific research and development";275;19;30;70;2
"Total sex";"2021";"Employees - basic level";"20-24 years";"MC Advertising and other business services";536;63;187;331;46
"Total sex";"2021";"Employees - basic level";"20-24 years";"N Travel agent, cleaning, and other operationel services";3181;659;1170;1244;752
"Total sex";"2021";"Employees - basic level";"20-24 years";"O Public administration, defence and compulsory social security";3199;968;1518;1648;959
"Total sex";"2021";"Employees - basic level";"20-24 years";"P Education";1710;526;944;1233;442
"Total sex";"2021";"Employees - basic level";"20-24 years";"QA Human health activities";1891;767;1160;1142;445
"Total sex";"2021";"Employees - basic level";"20-24 years";"QB Residential care";9943;3526;5244;8161;2250
"Total sex";"2021";"Employees - basic level";"20-24 years";"R Arts, entertainment and recreation activities";1998;326;761;838;421
"Total sex";"2021";"Employees - basic level";"20-24 years";"S Other service activities etc.";1340;177;387;497;194
"Total sex";"2021";"Employees - basic level";"20-24 years";"X Activity not stated";0;0;0;0;0
"Total sex";"2021";"Employees - basic level";"25-29 years";"A Agriculture, forestry and fishing";81;180;366;354;232
"Total sex";"2021";"Employees - basic level";"25-29 years";"B Mining and quarrying";46;12;49;21;12
"Total sex";"2021";"Employees - basic level";"25-29 years";"CA Manufacture of food products, beverages and tobacco";444;322;869;957;539
"Total sex";"2021";"Employees - basic level";"25-29 years";"CB Textiles and leather products";46;7;23;65;36
"Total sex";"2021";"Employees - basic level";"25-29 years";"CC Wood and paper products and printing";56;58;219;317;221
"Total sex";"2021";"Employees - basic level";"25-29 years";"CD Oil refinery etc.";0;10;0;0;0
"Total sex";"2021";"Employees - basic level";"25-29 years";"CE Manufacture of chemicals";218;67;67;56;19
"Total sex";"2021";"Employees - basic level";"25-29 years";"CF Pharmaceuticals";713;178;8;2;12
"Total sex";"2021";"Employees - basic level";"25-29 years";"CG Manufacture of plastic, glass and concrete";125;159;279;355;185
"Total sex";"2021";"Employees - basic level";"25-29 years";"CH Basic metals and fabricated metal products";206;206;588;740;398
"Total sex";"2021";"Employees - basic level";"25-29 years";"CI Manufacture of electronic components";236;20;24;99;21
"Total sex";"2021";"Employees - basic level";"25-29 years";"CJ Electrical equipment";48;21;176;54;41
"Total sex";"2021";"Employees - basic level";"25-29 years";"CK Manufacture of machinery";184;131;710;878;373
"Total sex";"2021";"Employees - basic level";"25-29 years";"CL Transport equipment";13;18;124;158;52
"Total sex";"2021";"Employees - basic level";"25-29 years";"CM Manufacture of funiture and other manufacturing";250;129;543;352;229
"Total sex";"2021";"Employees - basic level";"25-29 years";"D Electricity, gas, steam and air conditioning supply";135;15;54;140;48
"Total sex";"2021";"Employees - basic level";"25-29 years";"E Water supply, sewerage and waste management";119;28;108;96;42
"Total sex";"2021";"Employees - basic level";"25-29 years";"F Construction";3916;2148;2818;3155;1492
"Total sex";"2021";"Employees - basic level";"25-29 years";"G Wholesale and retail trade";9472;2745;5220;6795;2602
"Total sex";"2021";"Employees - basic level";"25-29 years";"H Transportation";1807;553;1155;1158;445
"Total sex";"2021";"Employees - basic level";"25-29 years";"I Accommodation and food service activities";3770;434;1300;1286;650
"Total sex";"2021";"Employees - basic level";"25-29 years";"JA Publishing, television and radio broadcasting";883;26;126;124;51
"Total sex";"2021";"Employees - basic level";"25-29 years";"JB Telecommunications";341;54;160;179;95
"Total sex";"2021";"Employees - basic level";"25-29 years";"JC IT and information service activities";1174;51;142;315;110
"Total sex";"2021";"Employees - basic level";"25-29 years";"K Financial and insurance";1516;70;198;374;75
"Total sex";"2021";"Employees - basic level";"25-29 years";"L Real estate activities";585;88;197;268;98
"Total sex";"2021";"Employees - basic level";"25-29 years";"MA Consultancy etc.";1829;141;397;674;178
"Total sex";"2021";"Employees - basic level";"25-29 years";"MB Scientific research and development";284;33;47;124;9
"Total sex";"2021";"Employees - basic level";"25-29 years";"MC Advertising and other business services";558;60;172;301;50
"Total sex";"2021";"Employees - basic level";"25-29 years";"N Travel agent, cleaning, and other operationel services";2895;675;1087;1159;506
"Total sex";"2021";"Employees - basic level";"25-29 years";"O Public administration, defence and compulsory social security";3107;1044;1439;1667;946
"Total sex";"2021";"Employees - basic level";"25-29 years";"P Education";1362;328;563;789;359
"Total sex";"2021";"Employees - basic level";"25-29 years";"QA Human health activities";1445;446;714;829;308
"Total sex";"2021";"Employees - basic level";"25-29 years";"QB Residential care";6086;2593;3457;4172;1710
"Total sex";"2021";"Employees - basic level";"25-29 years";"R Arts, entertainment and recreation activities";1277;162;326;430;166
"Total sex";"2021";"Employees - basic level";"25-29 years";"S Other service activities etc.";1385;205;332;468;210
"Total sex";"2021";"Employees - basic level";"25-29 years";"X Activity not stated";0;0;0;0;0
"Total sex";"2021";"Employees - basic level";"30-34 years";"A Agriculture, forestry and fishing";52;154;323;283;186
"Total sex";"2021";"Employees - basic level";"30-34 years";"B Mining and quarrying";35;9;28;10;10
"Total sex";"2021";"Employees - basic level";"30-34 years";"CA Manufacture of food products, beverages and tobacco";359;424;954;937;590
"Total sex";"2021";"Employees - basic level";"30-34 years";"CB Textiles and leather products";31;5;33;81;41
"Total sex";"2021";"Employees - basic level";"30-34 years";"CC Wood and paper products and printing";58;46;191;341;243
"Total sex";"2021";"Employees - basic level";"30-34 years";"CD Oil refinery etc.";0;26;0;0;0
"Total sex";"2021";"Employees - basic level";"30-34 years";"CE Manufacture of chemicals";222;72;90;76;26
"Total sex";"2021";"Employees - basic level";"30-34 years";"CF Pharmaceuticals";618;153;8;0;9
"Total sex";"2021";"Employees - basic level";"30-34 years";"CG Manufacture of plastic, glass and concrete";107;190;310;458;226
"Total sex";"2021";"Employees - basic level";"30-34 years";"CH Basic metals and fabricated metal products";190;188;647;819;437
"Total sex";"2021";"Employees - basic level";"30-34 years";"CI Manufacture of electronic components";171;27;33;116;39
"Total sex";"2021";"Employees - basic level";"30-34 years";"CJ Electrical equipment";57;35;189;66;49
"Total sex";"2021";"Employees - basic level";"30-34 years";"CK Manufacture of machinery";206;174;737;922;471
"Total sex";"2021";"Employees - basic level";"30-34 years";"CL Transport equipment";20;19;136;163;64
"Total sex";"2021";"Employees - basic level";"30-34 years";"CM Manufacture of funiture and other manufacturing";239;128;566;415;228
"Total sex";"2021";"Employees - basic level";"30-34 years";"D Electricity, gas, steam and air conditioning supply";118;26;52;116;52
"Total sex";"2021";"Employees - basic level";"30-34 years";"E Water supply, sewerage and waste management";125;28;117;123;41
"Total sex";"2021";"Employees - basic level";"30-34 years";"F Construction";3694;2014;2607;3089;1401
"Total sex";"2021";"Employees - basic level";"30-34 years";"G Wholesale and retail trade";6494;2042;3924;4658;1744
"Total sex";"2021";"Employees - basic level";"30-34 years";"H Transportation";1843;584;1106;1020;403
"Total sex";"2021";"Employees - basic level";"30-34 years";"I Accommodation and food service activities";2395;269;738;614;286
"Total sex";"2021";"Employees - basic level";"30-34 years";"JA Publishing, television and radio broadcasting";438;10;61;61;21
"Total sex";"2021";"Employees - basic level";"30-34 years";"JB Telecommunications";260;45;118;158;103
"Total sex";"2021";"Employees - basic level";"30-34 years";"JC IT and information service activities";763;24;77;187;46
"Total sex";"2021";"Employees - basic level";"30-34 years";"K Financial and insurance";961;77;139;197;42
"Total sex";"2021";"Employees - basic level";"30-34 years";"L Real estate activities";546;110;165;231;90
"Total sex";"2021";"Employees - basic level";"30-34 years";"MA Consultancy etc.";869;124;309;341;107
"Total sex";"2021";"Employees - basic level";"30-34 years";"MB Scientific research and development";118;14;26;105;1
"Total sex";"2021";"Employees - basic level";"30-34 years";"MC Advertising and other business services";334;46;116;166;30
"Total sex";"2021";"Employees - basic level";"30-34 years";"N Travel agent, cleaning, and other operationel services";2426;645;917;1084;414
"Total sex";"2021";"Employees - basic level";"30-34 years";"O Public administration, defence and compulsory social security";2433;817;1249;1345;779
"Total sex";"2021";"Employees - basic level";"30-34 years";"P Education";889;270;474;570;328
"Total sex";"2021";"Employees - basic level";"30-34 years";"QA Human health activities";823;322;519;423;167
"Total sex";"2021";"Employees - basic level";"30-34 years";"QB Residential care";5016;2454;3273;3341;1679
"Total sex";"2021";"Employees - basic level";"30-34 years";"R Arts, entertainment and recreation activities";708;106;215;233;113
"Total sex";"2021";"Employees - basic level";"30-34 years";"S Other service activities etc.";882;210;338;376;142
"Total sex";"2021";"Employees - basic level";"30-34 years";"X Activity not stated";0;0;0;0;0
"Total sex";"2021";"Employees - basic level";"35-39 years";"A Agriculture, forestry and fishing";33;118;242;192;153
"Total sex";"2021";"Employees - basic level";"35-39 years";"B Mining and quarrying";36;14;50;9;10
"Total sex";"2021";"Employees - basic level";"35-39 years";"CA Manufacture of food products, beverages and tobacco";332;411;968;894;605
"Total sex";"2021";"Employees - basic level";"35-39 years";"CB Textiles and leather products";23;6;38;113;42
"Total sex";"2021";"Employees - basic level";"35-39 years";"CC Wood and paper products and printing";59;31;226;357;231
"Total sex";"2021";"Employees - basic level";"35-39 years";"CD Oil refinery etc.";1;19;0;0;0
"Total sex";"2021";"Employees - basic level";"35-39 years";"CE Manufacture of chemicals";210;68;113;84;20
"Total sex";"2021";"Employees - basic level";"35-39 years";"CF Pharmaceuticals";507;157;7;0;11
"Total sex";"2021";"Employees - basic level";"35-39 years";"CG Manufacture of plastic, glass and concrete";111;195;326;452;205
"Total sex";"2021";"Employees - basic level";"35-39 years";"CH Basic metals and fabricated metal products";170;183;690;797;406
"Total sex";"2021";"Employees - basic level";"35-39 years";"CI Manufacture of electronic components";141;24;20;120;27
"Total sex";"2021";"Employees - basic level";"35-39 years";"CJ Electrical equipment";58;31;210;80;46
"Total sex";"2021";"Employees - basic level";"35-39 years";"CK Manufacture of machinery";176;115;768;971;458
"Total sex";"2021";"Employees - basic level";"35-39 years";"CL Transport equipment";16;38;98;132;52
"Total sex";"2021";"Employees - basic level";"35-39 years";"CM Manufacture of funiture and other manufacturing";247;117;501;409;207
"Total sex";"2021";"Employees - basic level";"35-39 years";"D Electricity, gas, steam and air conditioning supply";85;29;65;119;29
"Total sex";"2021";"Employees - basic level";"35-39 years";"E Water supply, sewerage and waste management";127;44;119;125;55
"Total sex";"2021";"Employees - basic level";"35-39 years";"F Construction";3265;1858;2391;2642;1194
"Total sex";"2021";"Employees - basic level";"35-39 years";"G Wholesale and retail trade";4962;1793;3388;3884;1513
"Total sex";"2021";"Employees - basic level";"35-39 years";"H Transportation";1939;634;1155;1090;363
"Total sex";"2021";"Employees - basic level";"35-39 years";"I Accommodation and food service activities";1567;183;473;418;218
"Total sex";"2021";"Employees - basic level";"35-39 years";"JA Publishing, television and radio broadcasting";285;15;40;61;10
"Total sex";"2021";"Employees - basic level";"35-39 years";"JB Telecommunications";208;28;72;111;64
"Total sex";"2021";"Employees - basic level";"35-39 years";"JC IT and information service activities";496;16;59;159;23
"Total sex";"2021";"Employees - basic level";"35-39 years";"K Financial and insurance";855;67;156;154;69
"Total sex";"2021";"Employees - basic level";"35-39 years";"L Real estate activities";469;101;191;219;80
"Total sex";"2021";"Employees - basic level";"35-39 years";"MA Consultancy etc.";605;125;257;252;88
"Total sex";"2021";"Employees - basic level";"35-39 years";"MB Scientific research and development";103;20;16;104;0
"Total sex";"2021";"Employees - basic level";"35-39 years";"MC Advertising and other business services";202;31;92;143;28
"Total sex";"2021";"Employees - basic level";"35-39 years";"N Travel agent, cleaning, and other operationel services";2091;608;901;994;373
"Total sex";"2021";"Employees - basic level";"35-39 years";"O Public administration, defence and compulsory social security";1981;771;1165;1211;718
"Total sex";"2021";"Employees - basic level";"35-39 years";"P Education";798;332;470;617;343
"Total sex";"2021";"Employees - basic level";"35-39 years";"QA Human health activities";788;320;489;405;150
"Total sex";"2021";"Employees - basic level";"35-39 years";"QB Residential care";4660;2442;3268;3105;1611
"Total sex";"2021";"Employees - basic level";"35-39 years";"R Arts, entertainment and recreation activities";486;121;185;171;66
"Total sex";"2021";"Employees - basic level";"35-39 years";"S Other service activities etc.";594;158;233;235;115
"Total sex";"2021";"Employees - basic level";"35-39 years";"X Activity not stated";0;0;0;0;0
"Total sex";"2021";"Employees - basic level";"40-44 years";"A Agriculture, forestry and fishing";40;113;214;190;113
"Total sex";"2021";"Employees - basic level";"40-44 years";"B Mining and quarrying";30;14;48;16;21
"Total sex";"2021";"Employees - basic level";"40-44 years";"CA Manufacture of food products, beverages and tobacco";315;452;1060;1018;654
"Total sex";"2021";"Employees - basic level";"40-44 years";"CB Textiles and leather products";18;10;59;101;43
"Total sex";"2021";"Employees - basic level";"40-44 years";"CC Wood and paper products and printing";62;60;237;396;269
"Total sex";"2021";"Employees - basic level";"40-44 years";"CD Oil refinery etc.";0;29;0;0;0
"Total sex";"2021";"Employees - basic level";"40-44 years";"CE Manufacture of chemicals";233;82;130;86;25
"Total sex";"2021";"Employees - basic level";"40-44 years";"CF Pharmaceuticals";586;193;13;1;10
"Total sex";"2021";"Employees - basic level";"40-44 years";"CG Manufacture of plastic, glass and concrete";136;228;390;501;219
"Total sex";"2021";"Employees - basic level";"40-44 years";"CH Basic metals and fabricated metal products";217;224;801;899;415
"Total sex";"2021";"Employees - basic level";"40-44 years";"CI Manufacture of electronic components";205;42;43;135;45
"Total sex";"2021";"Employees - basic level";"40-44 years";"CJ Electrical equipment";81;35;214;90;54
"Total sex";"2021";"Employees - basic level";"40-44 years";"CK Manufacture of machinery";187;166;824;1192;455
"Total sex";"2021";"Employees - basic level";"40-44 years";"CL Transport equipment";16;30;146;145;75
"Total sex";"2021";"Employees - basic level";"40-44 years";"CM Manufacture of funiture and other manufacturing";286;145;579;449;211
"Total sex";"2021";"Employees - basic level";"40-44 years";"D Electricity, gas, steam and air conditioning supply";80;40;92;116;45
"Total sex";"2021";"Employees - basic level";"40-44 years";"E Water supply, sewerage and waste management";145;52;138;128;47
"Total sex";"2021";"Employees - basic level";"40-44 years";"F Construction";3047;1750;2313;2477;1124
"Total sex";"2021";"Employees - basic level";"40-44 years";"G Wholesale and retail trade";4653;1961;3504;4013;1488
"Total sex";"2021";"Employees - basic level";"40-44 years";"H Transportation";2146;652;1354;1234;498
"Total sex";"2021";"Employees - basic level";"40-44 years";"I Accommodation and food service activities";1128;195;443;355;157
"Total sex";"2021";"Employees - basic level";"40-44 years";"JA Publishing, television and radio broadcasting";266;18;45;49;19
"Total sex";"2021";"Employees - basic level";"40-44 years";"JB Telecommunications";178;33;71;97;60
"Total sex";"2021";"Employees - basic level";"40-44 years";"JC IT and information service activities";383;15;39;109;30
"Total sex";"2021";"Employees - basic level";"40-44 years";"K Financial and insurance";989;69;172;201;86
"Total sex";"2021";"Employees - basic level";"40-44 years";"L Real estate activities";581;134;228;276;104
"Total sex";"2021";"Employees - basic level";"40-44 years";"MA Consultancy etc.";611;138;286;296;100
"Total sex";"2021";"Employees - basic level";"40-44 years";"MB Scientific research and development";98;20;17;105;3
"Total sex";"2021";"Employees - basic level";"40-44 years";"MC Advertising and other business services";198;28;96;125;26
"Total sex";"2021";"Employees - basic level";"40-44 years";"N Travel agent, cleaning, and other operationel services";1975;680;892;1029;365
"Total sex";"2021";"Employees - basic level";"40-44 years";"O Public administration, defence and compulsory social security";1986;772;1116;1245;768
"Total sex";"2021";"Employees - basic level";"40-44 years";"P Education";818;355;603;680;374
"Total sex";"2021";"Employees - basic level";"40-44 years";"QA Human health activities";831;358;553;466;204
"Total sex";"2021";"Employees - basic level";"40-44 years";"QB Residential care";4932;2658;3402;3235;1630
"Total sex";"2021";"Employees - basic level";"40-44 years";"R Arts, entertainment and recreation activities";495;109;186;207;88
"Total sex";"2021";"Employees - basic level";"40-44 years";"S Other service activities etc.";652;178;238;272;130
"Total sex";"2021";"Employees - basic level";"40-44 years";"X Activity not stated";0;0;0;0;0
"Total sex";"2021";"Employees - basic level";"45-49 years";"A Agriculture, forestry and fishing";44;112;258;193;118
"Total sex";"2021";"Employees - basic level";"45-49 years";"B Mining and quarrying";32;21;81;23;25
"Total sex";"2021";"Employees - basic level";"45-49 years";"CA Manufacture of food products, beverages and tobacco";352;579;1405;1203;712
"Total sex";"2021";"Employees - basic level";"45-49 years";"CB Textiles and leather products";13;5;56;133;63
"Total sex";"2021";"Employees - basic level";"45-49 years";"CC Wood and paper products and printing";125;73;383;571;307
"Total sex";"2021";"Employees - basic level";"45-49 years";"CD Oil refinery etc.";1;46;2;0;0
"Total sex";"2021";"Employees - basic level";"45-49 years";"CE Manufacture of chemicals";256;120;151;136;28
"Total sex";"2021";"Employees - basic level";"45-49 years";"CF Pharmaceuticals";747;245;14;2;34
"Total sex";"2021";"Employees - basic level";"45-49 years";"CG Manufacture of plastic, glass and concrete";177;278;470;646;278
"Total sex";"2021";"Employees - basic level";"45-49 years";"CH Basic metals and fabricated metal products";294;298;986;1057;511
"Total sex";"2021";"Employees - basic level";"45-49 years";"CI Manufacture of electronic components";243;54;52;245;51
"Total sex";"2021";"Employees - basic level";"45-49 years";"CJ Electrical equipment";85;46;252;121;61
"Total sex";"2021";"Employees - basic level";"45-49 years";"CK Manufacture of machinery";269;274;1105;1422;591
"Total sex";"2021";"Employees - basic level";"45-49 years";"CL Transport equipment";14;42;163;184;86
"Total sex";"2021";"Employees - basic level";"45-49 years";"CM Manufacture of funiture and other manufacturing";341;227;700;588;265
"Total sex";"2021";"Employees - basic level";"45-49 years";"D Electricity, gas, steam and air conditioning supply";76;32;102;112;46
"Total sex";"2021";"Employees - basic level";"45-49 years";"E Water supply, sewerage and waste management";148;71;156;169;51
"Total sex";"2021";"Employees - basic level";"45-49 years";"F Construction";3193;1702;2183;2465;1091
"Total sex";"2021";"Employees - basic level";"45-49 years";"G Wholesale and retail trade";5327;2256;4062;4511;1746
"Total sex";"2021";"Employees - basic level";"45-49 years";"H Transportation";2531;955;1665;1518;619
"Total sex";"2021";"Employees - basic level";"45-49 years";"I Accommodation and food service activities";882;184;437;291;183
"Total sex";"2021";"Employees - basic level";"45-49 years";"JA Publishing, television and radio broadcasting";275;36;34;77;27
"Total sex";"2021";"Employees - basic level";"45-49 years";"JB Telecommunications";166;33;74;95;53
"Total sex";"2021";"Employees - basic level";"45-49 years";"JC IT and information service activities";375;25;51;125;25
"Total sex";"2021";"Employees - basic level";"45-49 years";"K Financial and insurance";902;81;164;179;63
"Total sex";"2021";"Employees - basic level";"45-49 years";"L Real estate activities";747;194;305;384;139
"Total sex";"2021";"Employees - basic level";"45-49 years";"MA Consultancy etc.";641;171;333;312;121
"Total sex";"2021";"Employees - basic level";"45-49 years";"MB Scientific research and development";142;28;18;110;5
"Total sex";"2021";"Employees - basic level";"45-49 years";"MC Advertising and other business services";169;40;108;141;24
"Total sex";"2021";"Employees - basic level";"45-49 years";"N Travel agent, cleaning, and other operationel services";2183;767;1033;1100;432
"Total sex";"2021";"Employees - basic level";"45-49 years";"O Public administration, defence and compulsory social security";2103;864;1156;1210;758
"Total sex";"2021";"Employees - basic level";"45-49 years";"P Education";1036;476;761;888;460
"Total sex";"2021";"Employees - basic level";"45-49 years";"QA Human health activities";1019;494;659;609;264
"Total sex";"2021";"Employees - basic level";"45-49 years";"QB Residential care";5414;3164;3933;3821;2029
"Total sex";"2021";"Employees - basic level";"45-49 years";"R Arts, entertainment and recreation activities";543;152;261;241;119
"Total sex";"2021";"Employees - basic level";"45-49 years";"S Other service activities etc.";721;179;283;337;133
"Total sex";"2021";"Employees - basic level";"45-49 years";"X Activity not stated";0;0;0;0;0
"Total sex";"2021";"Employees - basic level";"50-54 years";"A Agriculture, forestry and fishing";50;100;244;174;105
"Total sex";"2021";"Employees - basic level";"50-54 years";"B Mining and quarrying";37;27;84;31;36
"Total sex";"2021";"Employees - basic level";"50-54 years";"CA Manufacture of food products, beverages and tobacco";412;627;1491;1296;830
"Total sex";"2021";"Employees - basic level";"50-54 years";"CB Textiles and leather products";8;9;82;174;77
"Total sex";"2021";"Employees - basic level";"50-54 years";"CC Wood and paper products and printing";188;142;463;705;400
"Total sex";"2021";"Employees - basic level";"50-54 years";"CD Oil refinery etc.";0;34;3;0;0
"Total sex";"2021";"Employees - basic level";"50-54 years";"CE Manufacture of chemicals";318;124;182;149;37
"Total sex";"2021";"Employees - basic level";"50-54 years";"CF Pharmaceuticals";829;265;15;2;45
"Total sex";"2021";"Employees - basic level";"50-54 years";"CG Manufacture of plastic, glass and concrete";243;332;546;687;316
"Total sex";"2021";"Employees - basic level";"50-54 years";"CH Basic metals and fabricated metal products";313;273;1013;1146;560
"Total sex";"2021";"Employees - basic level";"50-54 years";"CI Manufacture of electronic components";324;95;76;273;71
"Total sex";"2021";"Employees - basic level";"50-54 years";"CJ Electrical equipment";110;79;383;144;78
"Total sex";"2021";"Employees - basic level";"50-54 years";"CK Manufacture of machinery";364;343;1232;1630;585
"Total sex";"2021";"Employees - basic level";"50-54 years";"CL Transport equipment";18;46;198;194;104
"Total sex";"2021";"Employees - basic level";"50-54 years";"CM Manufacture of funiture and other manufacturing";387;266;799;713;280
"Total sex";"2021";"Employees - basic level";"50-54 years";"D Electricity, gas, steam and air conditioning supply";85;42;121;109;55
"Total sex";"2021";"Employees - basic level";"50-54 years";"E Water supply, sewerage and waste management";188;90;191;194;78
"Total sex";"2021";"Employees - basic level";"50-54 years";"F Construction";2938;1641;2162;2217;946
"Total sex";"2021";"Employees - basic level";"50-54 years";"G Wholesale and retail trade";4886;2326;4079;4381;1669
"Total sex";"2021";"Employees - basic level";"50-54 years";"H Transportation";2964;1045;1928;1859;786
"Total sex";"2021";"Employees - basic level";"50-54 years";"I Accommodation and food service activities";747;146;373;269;157
"Total sex";"2021";"Employees - basic level";"50-54 years";"JA Publishing, television and radio broadcasting";252;36;58;61;28
"Total sex";"2021";"Employees - basic level";"50-54 years";"JB Telecommunications";107;24;55;92;41
"Total sex";"2021";"Employees - basic level";"50-54 years";"JC IT and information service activities";320;17;42;107;19
"Total sex";"2021";"Employees - basic level";"50-54 years";"K Financial and insurance";945;74;204;217;75
"Total sex";"2021";"Employees - basic level";"50-54 years";"L Real estate activities";943;264;410;451;200
"Total sex";"2021";"Employees - basic level";"50-54 years";"MA Consultancy etc.";698;216;398;327;142
"Total sex";"2021";"Employees - basic level";"50-54 years";"MB Scientific research and development";156;28;19;107;4
"Total sex";"2021";"Employees - basic level";"50-54 years";"MC Advertising and other business services";151;31;100;117;29
"Total sex";"2021";"Employees - basic level";"50-54 years";"N Travel agent, cleaning, and other operationel services";2164;818;1111;1139;437
"Total sex";"2021";"Employees - basic level";"50-54 years";"O Public administration, defence and compulsory social security";2081;867;1203;1163;796
"Total sex";"2021";"Employees - basic level";"50-54 years";"P Education";1069;525;865;950;478
"Total sex";"2021";"Employees - basic level";"50-54 years";"QA Human health activities";1122;605;769;762;305
"Total sex";"2021";"Employees - basic level";"50-54 years";"QB Residential care";5216;3400;4443;4293;2362
"Total sex";"2021";"Employees - basic level";"50-54 years";"R Arts, entertainment and recreation activities";585;163;299;238;99
"Total sex";"2021";"Employees - basic level";"50-54 years";"S Other service activities etc.";830;246;298;311;181
"Total sex";"2021";"Employees - basic level";"50-54 years";"X Activity not stated";0;0;0;0;0
"Total sex";"2021";"Employees - basic level";"55-59 years";"A Agriculture, forestry and fishing";54;124;248;180;123
"Total sex";"2021";"Employees - basic level";"55-59 years";"B Mining and quarrying";29;36;99;32;39
"Total sex";"2021";"Employees - basic level";"55-59 years";"CA Manufacture of food products, beverages and tobacco";441;609;1480;1298;860
"Total sex";"2021";"Employees - basic level";"55-59 years";"CB Textiles and leather products";9;11;66;216;71
"Total sex";"2021";"Employees - basic level";"55-59 years";"CC Wood and paper products and printing";142;128;468;782;437
"Total sex";"2021";"Employees - basic level";"55-59 years";"CD Oil refinery etc.";0;39;7;0;0
"Total sex";"2021";"Employees - basic level";"55-59 years";"CE Manufacture of chemicals";302;133;211;163;56
"Total sex";"2021";"Employees - basic level";"55-59 years";"CF Pharmaceuticals";778;300;15;3;65
"Total sex";"2021";"Employees - basic level";"55-59 years";"CG Manufacture of plastic, glass and concrete";258;387;575;764;352
"Total sex";"2021";"Employees - basic level";"55-59 years";"CH Basic metals and fabricated metal products";355;361;1108;1208;617
"Total sex";"2021";"Employees - basic level";"55-59 years";"CI Manufacture of electronic components";406;89;81;335;80
"Total sex";"2021";"Employees - basic level";"55-59 years";"CJ Electrical equipment";133;77;370;162;100
"Total sex";"2021";"Employees - basic level";"55-59 years";"CK Manufacture of machinery";374;376;1276;1782;582
"Total sex";"2021";"Employees - basic level";"55-59 years";"CL Transport equipment";19;49;219;239;126
"Total sex";"2021";"Employees - basic level";"55-59 years";"CM Manufacture of funiture and other manufacturing";408;320;891;726;296
"Total sex";"2021";"Employees - basic level";"55-59 years";"D Electricity, gas, steam and air conditioning supply";96;35;122;122;48
"Total sex";"2021";"Employees - basic level";"55-59 years";"E Water supply, sewerage and waste management";234;106;202;208;63
"Total sex";"2021";"Employees - basic level";"55-59 years";"F Construction";2728;1477;2090;1999;987
"Total sex";"2021";"Employees - basic level";"55-59 years";"G Wholesale and retail trade";4652;2202;3934;3966;1679
"Total sex";"2021";"Employees - basic level";"55-59 years";"H Transportation";3218;1315;2208;2155;926
"Total sex";"2021";"Employees - basic level";"55-59 years";"I Accommodation and food service activities";575;154;348;234;157
"Total sex";"2021";"Employees - basic level";"55-59 years";"JA Publishing, television and radio broadcasting";243;45;52;95;26
"Total sex";"2021";"Employees - basic level";"55-59 years";"JB Telecommunications";158;27;63;65;22
"Total sex";"2021";"Employees - basic level";"55-59 years";"JC IT and information service activities";258;7;33;75;22
"Total sex";"2021";"Employees - basic level";"55-59 years";"K Financial and insurance";1106;89;266;224;131
"Total sex";"2021";"Employees - basic level";"55-59 years";"L Real estate activities";1161;316;456;498;214
"Total sex";"2021";"Employees - basic level";"55-59 years";"MA Consultancy etc.";688;227;449;425;173
"Total sex";"2021";"Employees - basic level";"55-59 years";"MB Scientific research and development";141;34;22;91;3
"Total sex";"2021";"Employees - basic level";"55-59 years";"MC Advertising and other business services";141;27;118;145;38
"Total sex";"2021";"Employees - basic level";"55-59 years";"N Travel agent, cleaning, and other operationel services";2318;904;1186;1157;466
"Total sex";"2021";"Employees - basic level";"55-59 years";"O Public administration, defence and compulsory social security";2687;996;1316;1413;959
"Total sex";"2021";"Employees - basic level";"55-59 years";"P Education";1206;542;954;1047;503
"Total sex";"2021";"Employees - basic level";"55-59 years";"QA Human health activities";1320;676;864;841;353
"Total sex";"2021";"Employees - basic level";"55-59 years";"QB Residential care";5961;3924;5626;5093;3066
"Total sex";"2021";"Employees - basic level";"55-59 years";"R Arts, entertainment and recreation activities";669;204;311;300;119
"Total sex";"2021";"Employees - basic level";"55-59 years";"S Other service activities etc.";937;228;376;418;171
"Total sex";"2021";"Employees - basic level";"55-59 years";"X Activity not stated";0;0;0;0;0
"Total sex";"2021";"Employees - basic level";"60-64 years";"A Agriculture, forestry and fishing";34;100;212;148;106
"Total sex";"2021";"Employees - basic level";"60-64 years";"B Mining and quarrying";21;30;67;25;35
"Total sex";"2021";"Employees - basic level";"60-64 years";"CA Manufacture of food products, beverages and tobacco";240;478;953;809;549
"Total sex";"2021";"Employees - basic level";"60-64 years";"CB Textiles and leather products";3;5;56;128;61
"Total sex";"2021";"Employees - basic level";"60-64 years";"CC Wood and paper products and printing";107;67;339;546;306
"Total sex";"2021";"Employees - basic level";"60-64 years";"CD Oil refinery etc.";0;26;3;0;0
"Total sex";"2021";"Employees - basic level";"60-64 years";"CE Manufacture of chemicals";173;119;147;110;30
"Total sex";"2021";"Employees - basic level";"60-64 years";"CF Pharmaceuticals";424;182;5;4;30
"Total sex";"2021";"Employees - basic level";"60-64 years";"CG Manufacture of plastic, glass and concrete";173;281;410;523;264
"Total sex";"2021";"Employees - basic level";"60-64 years";"CH Basic metals and fabricated metal products";225;215;786;786;427
"Total sex";"2021";"Employees - basic level";"60-64 years";"CI Manufacture of electronic components";243;50;50;208;60
"Total sex";"2021";"Employees - basic level";"60-64 years";"CJ Electrical equipment";103;67;263;108;57
"Total sex";"2021";"Employees - basic level";"60-64 years";"CK Manufacture of machinery";231;272;894;1164;345
"Total sex";"2021";"Employees - basic level";"60-64 years";"CL Transport equipment";24;20;130;139;77
"Total sex";"2021";"Employees - basic level";"60-64 years";"CM Manufacture of funiture and other manufacturing";280;192;599;511;184
"Total sex";"2021";"Employees - basic level";"60-64 years";"D Electricity, gas, steam and air conditioning supply";76;43;79;102;42
"Total sex";"2021";"Employees - basic level";"60-64 years";"E Water supply, sewerage and waste management";151;62;136;143;65
"Total sex";"2021";"Employees - basic level";"60-64 years";"F Construction";1559;960;1476;1516;745
"Total sex";"2021";"Employees - basic level";"60-64 years";"G Wholesale and retail trade";2791;1463;2523;2551;1156
"Total sex";"2021";"Employees - basic level";"60-64 years";"H Transportation";2384;1007;1745;1766;763
"Total sex";"2021";"Employees - basic level";"60-64 years";"I Accommodation and food service activities";312;93;217;131;85
"Total sex";"2021";"Employees - basic level";"60-64 years";"JA Publishing, television and radio broadcasting";128;24;35;47;18
"Total sex";"2021";"Employees - basic level";"60-64 years";"JB Telecommunications";96;16;41;42;21
"Total sex";"2021";"Employees - basic level";"60-64 years";"JC IT and information service activities";145;10;21;48;15
"Total sex";"2021";"Employees - basic level";"60-64 years";"K Financial and insurance";691;49;212;188;79
"Total sex";"2021";"Employees - basic level";"60-64 years";"L Real estate activities";835;223;345;377;182
"Total sex";"2021";"Employees - basic level";"60-64 years";"MA Consultancy etc.";438;144;276;263;127
"Total sex";"2021";"Employees - basic level";"60-64 years";"MB Scientific research and development";127;31;9;55;3
"Total sex";"2021";"Employees - basic level";"60-64 years";"MC Advertising and other business services";63;21;72;108;30
"Total sex";"2021";"Employees - basic level";"60-64 years";"N Travel agent, cleaning, and other operationel services";1563;680;868;843;392
"Total sex";"2021";"Employees - basic level";"60-64 years";"O Public administration, defence and compulsory social security";1829;760;923;952;639
"Total sex";"2021";"Employees - basic level";"60-64 years";"P Education";879;400;752;740;366
"Total sex";"2021";"Employees - basic level";"60-64 years";"QA Human health activities";1274;614;796;790;363
"Total sex";"2021";"Employees - basic level";"60-64 years";"QB Residential care";4677;3055;4415;4187;2589
"Total sex";"2021";"Employees - basic level";"60-64 years";"R Arts, entertainment and recreation activities";519;177;282;277;132
"Total sex";"2021";"Employees - basic level";"60-64 years";"S Other service activities etc.";680;200;272;317;142
"Total sex";"2021";"Employees - basic level";"60-64 years";"X Activity not stated";0;0;0;0;0
"Total sex";"2021";"Employees - basic level";"65-66 years";"A Agriculture, forestry and fishing";8;18;44;40;22
"Total sex";"2021";"Employees - basic level";"65-66 years";"B Mining and quarrying";3;9;13;6;7
"Total sex";"2021";"Employees - basic level";"65-66 years";"CA Manufacture of food products, beverages and tobacco";31;82;150;166;97
"Total sex";"2021";"Employees - basic level";"65-66 years";"CB Textiles and leather products";0;0;8;25;5
"Total sex";"2021";"Employees - basic level";"65-66 years";"CC Wood and paper products and printing";27;20;63;91;48
"Total sex";"2021";"Employees - basic level";"65-66 years";"CD Oil refinery etc.";0;1;0;0;0
"Total sex";"2021";"Employees - basic level";"65-66 years";"CE Manufacture of chemicals";31;20;27;28;9
"Total sex";"2021";"Employees - basic level";"65-66 years";"CF Pharmaceuticals";51;34;0;0;6
"Total sex";"2021";"Employees - basic level";"65-66 years";"CG Manufacture of plastic, glass and concrete";26;37;76;101;38
"Total sex";"2021";"Employees - basic level";"65-66 years";"CH Basic metals and fabricated metal products";55;40;117;132;65
"Total sex";"2021";"Employees - basic level";"65-66 years";"CI Manufacture of electronic components";46;12;10;26;7
"Total sex";"2021";"Employees - basic level";"65-66 years";"CJ Electrical equipment";18;13;37;19;5
"Total sex";"2021";"Employees - basic level";"65-66 years";"CK Manufacture of machinery";52;64;147;203;64
"Total sex";"2021";"Employees - basic level";"65-66 years";"CL Transport equipment";5;1;25;25;12
"Total sex";"2021";"Employees - basic level";"65-66 years";"CM Manufacture of funiture and other manufacturing";39;33;100;91;31
"Total sex";"2021";"Employees - basic level";"65-66 years";"D Electricity, gas, steam and air conditioning supply";20;9;15;26;10
"Total sex";"2021";"Employees - basic level";"65-66 years";"E Water supply, sewerage and waste management";20;15;33;39;19
"Total sex";"2021";"Employees - basic level";"65-66 years";"F Construction";284;249;295;373;200
"Total sex";"2021";"Employees - basic level";"65-66 years";"G Wholesale and retail trade";541;298;523;497;192
"Total sex";"2021";"Employees - basic level";"65-66 years";"H Transportation";452;273;467;461;202
"Total sex";"2021";"Employees - basic level";"65-66 years";"I Accommodation and food service activities";47;22;54;45;28
"Total sex";"2021";"Employees - basic level";"65-66 years";"JA Publishing, television and radio broadcasting";26;8;8;13;5
"Total sex";"2021";"Employees - basic level";"65-66 years";"JB Telecommunications";15;3;12;10;4
"Total sex";"2021";"Employees - basic level";"65-66 years";"JC IT and information service activities";22;1;5;7;3
"Total sex";"2021";"Employees - basic level";"65-66 years";"K Financial and insurance";116;13;31;32;13
"Total sex";"2021";"Employees - basic level";"65-66 years";"L Real estate activities";173;38;88;91;33
"Total sex";"2021";"Employees - basic level";"65-66 years";"MA Consultancy etc.";81;21;56;48;23
"Total sex";"2021";"Employees - basic level";"65-66 years";"MB Scientific research and development";19;5;5;15;0
"Total sex";"2021";"Employees - basic level";"65-66 years";"MC Advertising and other business services";12;7;10;26;5
"Total sex";"2021";"Employees - basic level";"65-66 years";"N Travel agent, cleaning, and other operationel services";350;145;170;205;61
"Total sex";"2021";"Employees - basic level";"65-66 years";"O Public administration, defence and compulsory social security";293;119;130;138;88
"Total sex";"2021";"Employees - basic level";"65-66 years";"P Education";155;99;147;143;61
"Total sex";"2021";"Employees - basic level";"65-66 years";"QA Human health activities";272;161;145;189;80
"Total sex";"2021";"Employees - basic level";"65-66 years";"QB Residential care";869;506;678;656;318
"Total sex";"2021";"Employees - basic level";"65-66 years";"R Arts, entertainment and recreation activities";112;45;65;64;44
"Total sex";"2021";"Employees - basic level";"65-66 years";"S Other service activities etc.";135;46;52;67;31
"Total sex";"2021";"Employees - basic level";"65-66 years";"X Activity not stated";0;0;0;0;0
"Total sex";"2021";"Employees - basic level";"67 years and over";"A Agriculture, forestry and fishing";14;33;59;60;41
"Total sex";"2021";"Employees - basic level";"67 years and over";"B Mining and quarrying";5;9;6;5;10
"Total sex";"2021";"Employees - basic level";"67 years and over";"CA Manufacture of food products, beverages and tobacco";47;73;149;187;73
"Total sex";"2021";"Employees - basic level";"67 years and over";"CB Textiles and leather products";4;2;14;25;11
"Total sex";"2021";"Employees - basic level";"67 years and over";"CC Wood and paper products and printing";33;21;92;72;50
"Total sex";"2021";"Employees - basic level";"67 years and over";"CD Oil refinery etc.";0;2;0;0;0
"Total sex";"2021";"Employees - basic level";"67 years and over";"CE Manufacture of chemicals";28;14;21;9;13
"Total sex";"2021";"Employees - basic level";"67 years and over";"CF Pharmaceuticals";27;6;0;0;0
"Total sex";"2021";"Employees - basic level";"67 years and over";"CG Manufacture of plastic, glass and concrete";33;35;65;83;45
"Total sex";"2021";"Employees - basic level";"67 years and over";"CH Basic metals and fabricated metal products";56;51;103;175;54
"Total sex";"2021";"Employees - basic level";"67 years and over";"CI Manufacture of electronic components";39;9;6;26;1
"Total sex";"2021";"Employees - basic level";"67 years and over";"CJ Electrical equipment";11;7;26;19;6
"Total sex";"2021";"Employees - basic level";"67 years and over";"CK Manufacture of machinery";29;40;104;148;49
"Total sex";"2021";"Employees - basic level";"67 years and over";"CL Transport equipment";4;1;22;38;12
"Total sex";"2021";"Employees - basic level";"67 years and over";"CM Manufacture of funiture and other manufacturing";41;46;105;83;35
"Total sex";"2021";"Employees - basic level";"67 years and over";"D Electricity, gas, steam and air conditioning supply";12;0;18;25;6
"Total sex";"2021";"Employees - basic level";"67 years and over";"E Water supply, sewerage and waste management";27;19;36;39;5
"Total sex";"2021";"Employees - basic level";"67 years and over";"F Construction";455;325;390;494;188
"Total sex";"2021";"Employees - basic level";"67 years and over";"G Wholesale and retail trade";941;620;1000;1129;442
"Total sex";"2021";"Employees - basic level";"67 years and over";"H Transportation";592;433;846;898;389
"Total sex";"2021";"Employees - basic level";"67 years and over";"I Accommodation and food service activities";107;43;113;72;75
"Total sex";"2021";"Employees - basic level";"67 years and over";"JA Publishing, television and radio broadcasting";51;17;16;50;4
"Total sex";"2021";"Employees - basic level";"67 years and over";"JB Telecommunications";4;2;1;7;3
"Total sex";"2021";"Employees - basic level";"67 years and over";"JC IT and information service activities";23;0;3;12;1
"Total sex";"2021";"Employees - basic level";"67 years and over";"K Financial and insurance";78;14;31;32;15
"Total sex";"2021";"Employees - basic level";"67 years and over";"L Real estate activities";147;43;77;95;45
"Total sex";"2021";"Employees - basic level";"67 years and over";"MA Consultancy etc.";102;33;61;99;16
"Total sex";"2021";"Employees - basic level";"67 years and over";"MB Scientific research and development";23;12;3;9;2
"Total sex";"2021";"Employees - basic level";"67 years and over";"MC Advertising and other business services";43;5;16;35;9
"Total sex";"2021";"Employees - basic level";"67 years and over";"N Travel agent, cleaning, and other operationel services";342;156;124;258;80
"Total sex";"2021";"Employees - basic level";"67 years and over";"O Public administration, defence and compulsory social security";334;106;124;132;97
"Total sex";"2021";"Employees - basic level";"67 years and over";"P Education";177;90;115;179;51
"Total sex";"2021";"Employees - basic level";"67 years and over";"QA Human health activities";230;174;137;189;93
"Total sex";"2021";"Employees - basic level";"67 years and over";"QB Residential care";1035;589;786;817;372
"Total sex";"2021";"Employees - basic level";"67 years and over";"R Arts, entertainment and recreation activities";215;75;96;143;60
"Total sex";"2021";"Employees - basic level";"67 years and over";"S Other service activities etc.";161;62;82;86;38
"Total sex";"2021";"Employees - basic level";"67 years and over";"X Activity not stated";0;0;0;0;0
"Total sex";"2021";"Other employees";"Under 16 years";"A Agriculture, forestry and fishing";0;12;36;39;18
"Total sex";"2021";"Other employees";"Under 16 years";"B Mining and quarrying";0;0;1;0;1
"Total sex";"2021";"Other employees";"Under 16 years";"CA Manufacture of food products, beverages and tobacco";37;28;47;60;27
"Total sex";"2021";"Other employees";"Under 16 years";"CB Textiles and leather products";0;1;11;10;2
"Total sex";"2021";"Other employees";"Under 16 years";"CC Wood and paper products and printing";5;3;19;58;34
"Total sex";"2021";"Other employees";"Under 16 years";"CD Oil refinery etc.";0;0;0;0;0
"Total sex";"2021";"Other employees";"Under 16 years";"CE Manufacture of chemicals";1;0;7;1;0
"Total sex";"2021";"Other employees";"Under 16 years";"CF Pharmaceuticals";0;1;0;0;0
"Total sex";"2021";"Other employees";"Under 16 years";"CG Manufacture of plastic, glass and concrete";6;7;28;76;11
"Total sex";"2021";"Other employees";"Under 16 years";"CH Basic metals and fabricated metal products";5;11;49;80;36
"Total sex";"2021";"Other employees";"Under 16 years";"CI Manufacture of electronic components";1;2;3;6;6
"Total sex";"2021";"Other employees";"Under 16 years";"CJ Electrical equipment";1;0;8;11;3
"Total sex";"2021";"Other employees";"Under 16 years";"CK Manufacture of machinery";4;6;34;55;20
"Total sex";"2021";"Other employees";"Under 16 years";"CL Transport equipment";0;0;7;12;4
"Total sex";"2021";"Other employees";"Under 16 years";"CM Manufacture of funiture and other manufacturing";8;13;46;49;9
"Total sex";"2021";"Other employees";"Under 16 years";"D Electricity, gas, steam and air conditioning supply";0;0;1;0;1
"Total sex";"2021";"Other employees";"Under 16 years";"E Water supply, sewerage and waste management";0;1;0;1;1
"Total sex";"2021";"Other employees";"Under 16 years";"F Construction";36;54;106;142;39
"Total sex";"2021";"Other employees";"Under 16 years";"G Wholesale and retail trade";429;271;563;828;296
"Total sex";"2021";"Other employees";"Under 16 years";"H Transportation";57;61;132;323;13
"Total sex";"2021";"Other employees";"Under 16 years";"I Accommodation and food service activities";595;299;350;426;229
"Total sex";"2021";"Other employees";"Under 16 years";"JA Publishing, television and radio broadcasting";105;330;7;23;489
"Total sex";"2021";"Other employees";"Under 16 years";"JB Telecommunications";0;0;0;0;0
"Total sex";"2021";"Other employees";"Under 16 years";"JC IT and information service activities";11;2;3;20;2
"Total sex";"2021";"Other employees";"Under 16 years";"K Financial and insurance";3;3;3;3;5
"Total sex";"2021";"Other employees";"Under 16 years";"L Real estate activities";155;81;79;113;46
"Total sex";"2021";"Other employees";"Under 16 years";"MA Consultancy etc.";28;26;42;57;16
"Total sex";"2021";"Other employees";"Under 16 years";"MB Scientific research and development";0;2;0;0;1
"Total sex";"2021";"Other employees";"Under 16 years";"MC Advertising and other business services";9;4;12;14;8
"Total sex";"2021";"Other employees";"Under 16 years";"N Travel agent, cleaning, and other operationel services";110;31;38;49;22
"Total sex";"2021";"Other employees";"Under 16 years";"O Public administration, defence and compulsory social security";0;0;0;1;0
"Total sex";"2021";"Other employees";"Under 16 years";"P Education";57;24;95;114;9
"Total sex";"2021";"Other employees";"Under 16 years";"QA Human health activities";10;12;23;20;9
"Total sex";"2021";"Other employees";"Under 16 years";"QB Residential care";267;19;52;58;9
"Total sex";"2021";"Other employees";"Under 16 years";"R Arts, entertainment and recreation activities";91;21;100;150;41
"Total sex";"2021";"Other employees";"Under 16 years";"S Other service activities etc.";46;59;60;103;32
"Total sex";"2021";"Other employees";"Under 16 years";"X Activity not stated";0;0;0;0;0
"Total sex";"2021";"Other employees";"16-19 years";"A Agriculture, forestry and fishing";18;37;111;123;81
"Total sex";"2021";"Other employees";"16-19 years";"B Mining and quarrying";0;0;1;1;0
"Total sex";"2021";"Other employees";"16-19 years";"CA Manufacture of food products, beverages and tobacco";82;24;128;93;59
"Total sex";"2021";"Other employees";"16-19 years";"CB Textiles and leather products";2;0;8;33;6
"Total sex";"2021";"Other employees";"16-19 years";"CC Wood and paper products and printing";9;11;39;80;23
"Total sex";"2021";"Other employees";"16-19 years";"CD Oil refinery etc.";0;0;0;0;0
"Total sex";"2021";"Other employees";"16-19 years";"CE Manufacture of chemicals";2;1;7;5;1
"Total sex";"2021";"Other employees";"16-19 years";"CF Pharmaceuticals";15;3;0;2;0
"Total sex";"2021";"Other employees";"16-19 years";"CG Manufacture of plastic, glass and concrete";11;20;56;71;12
"Total sex";"2021";"Other employees";"16-19 years";"CH Basic metals and fabricated metal products";12;32;71;96;37
"Total sex";"2021";"Other employees";"16-19 years";"CI Manufacture of electronic components";14;5;2;8;1
"Total sex";"2021";"Other employees";"16-19 years";"CJ Electrical equipment";6;2;8;4;4
"Total sex";"2021";"Other employees";"16-19 years";"CK Manufacture of machinery";9;3;31;66;26
"Total sex";"2021";"Other employees";"16-19 years";"CL Transport equipment";1;2;10;22;2
"Total sex";"2021";"Other employees";"16-19 years";"CM Manufacture of funiture and other manufacturing";13;9;30;50;22
"Total sex";"2021";"Other employees";"16-19 years";"D Electricity, gas, steam and air conditioning supply";0;4;2;1;0
"Total sex";"2021";"Other employees";"16-19 years";"E Water supply, sewerage and waste management";9;13;11;9;12
"Total sex";"2021";"Other employees";"16-19 years";"F Construction";274;219;296;366;126
"Total sex";"2021";"Other employees";"16-19 years";"G Wholesale and retail trade";1779;1146;1986;2342;1012
"Total sex";"2021";"Other employees";"16-19 years";"H Transportation";113;73;249;218;53
"Total sex";"2021";"Other employees";"16-19 years";"I Accommodation and food service activities";2732;1173;2035;2060;979
"Total sex";"2021";"Other employees";"16-19 years";"JA Publishing, television and radio broadcasting";138;130;89;94;110
"Total sex";"2021";"Other employees";"16-19 years";"JB Telecommunications";12;0;0;1;0
"Total sex";"2021";"Other employees";"16-19 years";"JC IT and information service activities";32;8;10;26;3
"Total sex";"2021";"Other employees";"16-19 years";"K Financial and insurance";13;3;15;14;4
"Total sex";"2021";"Other employees";"16-19 years";"L Real estate activities";86;117;190;217;89
"Total sex";"2021";"Other employees";"16-19 years";"MA Consultancy etc.";99;41;49;76;6
"Total sex";"2021";"Other employees";"16-19 years";"MB Scientific research and development";9;0;3;3;0
"Total sex";"2021";"Other employees";"16-19 years";"MC Advertising and other business services";37;13;36;45;18
"Total sex";"2021";"Other employees";"16-19 years";"N Travel agent, cleaning, and other operationel services";657;213;656;754;146
"Total sex";"2021";"Other employees";"16-19 years";"O Public administration, defence and compulsory social security";9;8;4;3;2
"Total sex";"2021";"Other employees";"16-19 years";"P Education";173;91;176;257;54
"Total sex";"2021";"Other employees";"16-19 years";"QA Human health activities";158;120;105;147;56
"Total sex";"2021";"Other employees";"16-19 years";"QB Residential care";254;50;126;152;43
"Total sex";"2021";"Other employees";"16-19 years";"R Arts, entertainment and recreation activities";423;65;420;422;156
"Total sex";"2021";"Other employees";"16-19 years";"S Other service activities etc.";95;54;90;111;41
"Total sex";"2021";"Other employees";"16-19 years";"X Activity not stated";0;0;0;0;0
"Total sex";"2021";"Other employees";"20-24 years";"A Agriculture, forestry and fishing";19;56;138;156;77
"Total sex";"2021";"Other employees";"20-24 years";"B Mining and quarrying";0;0;2;0;2
"Total sex";"2021";"Other employees";"20-24 years";"CA Manufacture of food products, beverages and tobacco";111;42;192;134;86
"Total sex";"2021";"Other employees";"20-24 years";"CB Textiles and leather products";9;1;10;22;3
"Total sex";"2021";"Other employees";"20-24 years";"CC Wood and paper products and printing";6;12;35;52;6
"Total sex";"2021";"Other employees";"20-24 years";"CD Oil refinery etc.";0;0;0;0;0
"Total sex";"2021";"Other employees";"20-24 years";"CE Manufacture of chemicals";6;6;19;15;3
"Total sex";"2021";"Other employees";"20-24 years";"CF Pharmaceuticals";53;9;0;0;3
"Total sex";"2021";"Other employees";"20-24 years";"CG Manufacture of plastic, glass and concrete";21;35;109;122;67
"Total sex";"2021";"Other employees";"20-24 years";"CH Basic metals and fabricated metal products";17;23;95;95;26
"Total sex";"2021";"Other employees";"20-24 years";"CI Manufacture of electronic components";17;5;4;8;5
"Total sex";"2021";"Other employees";"20-24 years";"CJ Electrical equipment";13;0;8;19;9
"Total sex";"2021";"Other employees";"20-24 years";"CK Manufacture of machinery";19;20;72;65;25
"Total sex";"2021";"Other employees";"20-24 years";"CL Transport equipment";10;2;13;6;3
"Total sex";"2021";"Other employees";"20-24 years";"CM Manufacture of funiture and other manufacturing";29;10;46;80;13
"Total sex";"2021";"Other employees";"20-24 years";"D Electricity, gas, steam and air conditioning supply";6;1;2;5;0
"Total sex";"2021";"Other employees";"20-24 years";"E Water supply, sewerage and waste management";51;35;33;37;34
"Total sex";"2021";"Other employees";"20-24 years";"F Construction";536;461;492;579;187
"Total sex";"2021";"Other employees";"20-24 years";"G Wholesale and retail trade";1304;569;1368;2162;685
"Total sex";"2021";"Other employees";"20-24 years";"H Transportation";417;135;550;444;115
"Total sex";"2021";"Other employees";"20-24 years";"I Accommodation and food service activities";2772;568;1314;1725;921
"Total sex";"2021";"Other employees";"20-24 years";"JA Publishing, television and radio broadcasting";164;30;48;72;65
"Total sex";"2021";"Other employees";"20-24 years";"JB Telecommunications";52;8;7;1;4
"Total sex";"2021";"Other employees";"20-24 years";"JC IT and information service activities";111;12;25;86;4
"Total sex";"2021";"Other employees";"20-24 years";"K Financial and insurance";53;5;14;27;9
"Total sex";"2021";"Other employees";"20-24 years";"L Real estate activities";136;71;173;132;76
"Total sex";"2021";"Other employees";"20-24 years";"MA Consultancy etc.";356;27;61;153;36
"Total sex";"2021";"Other employees";"20-24 years";"MB Scientific research and development";51;2;10;15;3
"Total sex";"2021";"Other employees";"20-24 years";"MC Advertising and other business services";96;12;35;83;11
"Total sex";"2021";"Other employees";"20-24 years";"N Travel agent, cleaning, and other operationel services";1939;652;1854;2200;505
"Total sex";"2021";"Other employees";"20-24 years";"O Public administration, defence and compulsory social security";24;8;10;8;0
"Total sex";"2021";"Other employees";"20-24 years";"P Education";254;74;123;310;53
"Total sex";"2021";"Other employees";"20-24 years";"QA Human health activities";363;216;207;447;227
"Total sex";"2021";"Other employees";"20-24 years";"QB Residential care";348;93;111;139;84
"Total sex";"2021";"Other employees";"20-24 years";"R Arts, entertainment and recreation activities";449;44;294;355;176
"Total sex";"2021";"Other employees";"20-24 years";"S Other service activities etc.";377;43;81;126;75
"Total sex";"2021";"Other employees";"20-24 years";"X Activity not stated";0;0;0;0;0
"Total sex";"2021";"Other employees";"25-29 years";"A Agriculture, forestry and fishing";15;42;129;140;58
"Total sex";"2021";"Other employees";"25-29 years";"B Mining and quarrying";0;1;5;4;1
"Total sex";"2021";"Other employees";"25-29 years";"CA Manufacture of food products, beverages and tobacco";91;44;160;106;69
"Total sex";"2021";"Other employees";"25-29 years";"CB Textiles and leather products";7;2;5;18;5
"Total sex";"2021";"Other employees";"25-29 years";"CC Wood and paper products and printing";3;9;22;44;17
"Total sex";"2021";"Other employees";"25-29 years";"CD Oil refinery etc.";0;0;0;0;0
"Total sex";"2021";"Other employees";"25-29 years";"CE Manufacture of chemicals";12;4;22;4;8
"Total sex";"2021";"Other employees";"25-29 years";"CF Pharmaceuticals";56;19;0;2;2
"Total sex";"2021";"Other employees";"25-29 years";"CG Manufacture of plastic, glass and concrete";34;46;162;169;84
"Total sex";"2021";"Other employees";"25-29 years";"CH Basic metals and fabricated metal products";14;14;64;84;32
"Total sex";"2021";"Other employees";"25-29 years";"CI Manufacture of electronic components";13;5;7;6;3
"Total sex";"2021";"Other employees";"25-29 years";"CJ Electrical equipment";14;2;7;6;12
"Total sex";"2021";"Other employees";"25-29 years";"CK Manufacture of machinery";24;18;76;63;16
"Total sex";"2021";"Other employees";"25-29 years";"CL Transport equipment";26;1;11;9;1
"Total sex";"2021";"Other employees";"25-29 years";"CM Manufacture of funiture and other manufacturing";19;14;37;87;22
"Total sex";"2021";"Other employees";"25-29 years";"D Electricity, gas, steam and air conditioning supply";2;0;5;9;0
"Total sex";"2021";"Other employees";"25-29 years";"E Water supply, sewerage and waste management";106;44;55;38;43
"Total sex";"2021";"Other employees";"25-29 years";"F Construction";717;561;565;586;253
"Total sex";"2021";"Other employees";"25-29 years";"G Wholesale and retail trade";998;429;807;1135;297
"Total sex";"2021";"Other employees";"25-29 years";"H Transportation";504;162;512;359;77
"Total sex";"2021";"Other employees";"25-29 years";"I Accommodation and food service activities";1177;209;549;566;226
"Total sex";"2021";"Other employees";"25-29 years";"JA Publishing, television and radio broadcasting";117;15;35;31;26
"Total sex";"2021";"Other employees";"25-29 years";"JB Telecommunications";24;10;5;1;0
"Total sex";"2021";"Other employees";"25-29 years";"JC IT and information service activities";99;12;13;39;12
"Total sex";"2021";"Other employees";"25-29 years";"K Financial and insurance";27;1;7;10;2
"Total sex";"2021";"Other employees";"25-29 years";"L Real estate activities";69;22;69;83;44
"Total sex";"2021";"Other employees";"25-29 years";"MA Consultancy etc.";235;32;60;89;37
"Total sex";"2021";"Other employees";"25-29 years";"MB Scientific research and development";24;2;12;22;0
"Total sex";"2021";"Other employees";"25-29 years";"MC Advertising and other business services";67;10;35;43;6
"Total sex";"2021";"Other employees";"25-29 years";"N Travel agent, cleaning, and other operationel services";2098;631;1255;1352;436
"Total sex";"2021";"Other employees";"25-29 years";"O Public administration, defence and compulsory social security";28;8;5;6;3
"Total sex";"2021";"Other employees";"25-29 years";"P Education";160;55;90;208;49
"Total sex";"2021";"Other employees";"25-29 years";"QA Human health activities";210;117;96;124;62
"Total sex";"2021";"Other employees";"25-29 years";"QB Residential care";281;81;100;131;69
"Total sex";"2021";"Other employees";"25-29 years";"R Arts, entertainment and recreation activities";239;19;94;132;58
"Total sex";"2021";"Other employees";"25-29 years";"S Other service activities etc.";644;67;111;144;75
"Total sex";"2021";"Other employees";"25-29 years";"X Activity not stated";0;0;0;0;0
"Total sex";"2021";"Other employees";"30-34 years";"A Agriculture, forestry and fishing";16;42;115;119;38
"Total sex";"2021";"Other employees";"30-34 years";"B Mining and quarrying";0;1;8;0;1
"Total sex";"2021";"Other employees";"30-34 years";"CA Manufacture of food products, beverages and tobacco";84;33;218;118;88
"Total sex";"2021";"Other employees";"30-34 years";"CB Textiles and leather products";2;0;4;11;3
"Total sex";"2021";"Other employees";"30-34 years";"CC Wood and paper products and printing";3;8;30;50;30
"Total sex";"2021";"Other employees";"30-34 years";"CD Oil refinery etc.";0;0;0;0;0
"Total sex";"2021";"Other employees";"30-34 years";"CE Manufacture of chemicals";10;4;25;12;8
"Total sex";"2021";"Other employees";"30-34 years";"CF Pharmaceuticals";24;11;1;1;3
"Total sex";"2021";"Other employees";"30-34 years";"CG Manufacture of plastic, glass and concrete";40;59;178;177;106
"Total sex";"2021";"Other employees";"30-34 years";"CH Basic metals and fabricated metal products";17;23;93;81;30
"Total sex";"2021";"Other employees";"30-34 years";"CI Manufacture of electronic components";16;5;5;9;5
"Total sex";"2021";"Other employees";"30-34 years";"CJ Electrical equipment";7;4;10;18;4
"Total sex";"2021";"Other employees";"30-34 years";"CK Manufacture of machinery";26;20;66;74;21
"Total sex";"2021";"Other employees";"30-34 years";"CL Transport equipment";31;1;15;10;4
"Total sex";"2021";"Other employees";"30-34 years";"CM Manufacture of funiture and other manufacturing";15;21;38;102;28
"Total sex";"2021";"Other employees";"30-34 years";"D Electricity, gas, steam and air conditioning supply";1;1;2;2;0
"Total sex";"2021";"Other employees";"30-34 years";"E Water supply, sewerage and waste management";142;44;65;65;59
"Total sex";"2021";"Other employees";"30-34 years";"F Construction";639;527;580;574;274
"Total sex";"2021";"Other employees";"30-34 years";"G Wholesale and retail trade";1000;435;763;990;211
"Total sex";"2021";"Other employees";"30-34 years";"H Transportation";566;153;461;364;66
"Total sex";"2021";"Other employees";"30-34 years";"I Accommodation and food service activities";873;174;392;321;164
"Total sex";"2021";"Other employees";"30-34 years";"JA Publishing, television and radio broadcasting";39;6;18;15;34
"Total sex";"2021";"Other employees";"30-34 years";"JB Telecommunications";29;7;8;0;0
"Total sex";"2021";"Other employees";"30-34 years";"JC IT and information service activities";43;12;11;23;5
"Total sex";"2021";"Other employees";"30-34 years";"K Financial and insurance";16;4;5;6;0
"Total sex";"2021";"Other employees";"30-34 years";"L Real estate activities";58;19;53;57;27
"Total sex";"2021";"Other employees";"30-34 years";"MA Consultancy etc.";184;19;46;50;24
"Total sex";"2021";"Other employees";"30-34 years";"MB Scientific research and development";19;0;5;3;1
"Total sex";"2021";"Other employees";"30-34 years";"MC Advertising and other business services";32;11;13;30;5
"Total sex";"2021";"Other employees";"30-34 years";"N Travel agent, cleaning, and other operationel services";2255;668;1110;1312;460
"Total sex";"2021";"Other employees";"30-34 years";"O Public administration, defence and compulsory social security";26;18;9;4;3
"Total sex";"2021";"Other employees";"30-34 years";"P Education";126;68;84;123;57
"Total sex";"2021";"Other employees";"30-34 years";"QA Human health activities";156;113;82;116;36
"Total sex";"2021";"Other employees";"30-34 years";"QB Residential care";251;90;156;182;68
"Total sex";"2021";"Other employees";"30-34 years";"R Arts, entertainment and recreation activities";138;11;56;44;24
"Total sex";"2021";"Other employees";"30-34 years";"S Other service activities etc.";229;74;88;83;71
"Total sex";"2021";"Other employees";"30-34 years";"X Activity not stated";0;0;0;0;0
"Total sex";"2021";"Other employees";"35-39 years";"A Agriculture, forestry and fishing";8;30;85;98;28
"Total sex";"2021";"Other employees";"35-39 years";"B Mining and quarrying";0;0;5;3;1
"Total sex";"2021";"Other employees";"35-39 years";"CA Manufacture of food products, beverages and tobacco";107;37;227;117;86
"Total sex";"2021";"Other employees";"35-39 years";"CB Textiles and leather products";3;5;7;13;3
"Total sex";"2021";"Other employees";"35-39 years";"CC Wood and paper products and printing";6;10;26;45;16
"Total sex";"2021";"Other employees";"35-39 years";"CD Oil refinery etc.";0;1;0;0;0
"Total sex";"2021";"Other employees";"35-39 years";"CE Manufacture of chemicals";17;7;36;7;12
"Total sex";"2021";"Other employees";"35-39 years";"CF Pharmaceuticals";33;12;0;0;0
"Total sex";"2021";"Other employees";"35-39 years";"CG Manufacture of plastic, glass and concrete";30;58;188;185;102
"Total sex";"2021";"Other employees";"35-39 years";"CH Basic metals and fabricated metal products";9;22;84;92;38
"Total sex";"2021";"Other employees";"35-39 years";"CI Manufacture of electronic components";13;6;6;3;4
"Total sex";"2021";"Other employees";"35-39 years";"CJ Electrical equipment";12;7;17;10;10
"Total sex";"2021";"Other employees";"35-39 years";"CK Manufacture of machinery";24;23;72;82;24
"Total sex";"2021";"Other employees";"35-39 years";"CL Transport equipment";24;0;21;12;8
"Total sex";"2021";"Other employees";"35-39 years";"CM Manufacture of funiture and other manufacturing";18;17;25;95;22
"Total sex";"2021";"Other employees";"35-39 years";"D Electricity, gas, steam and air conditioning supply";4;2;3;0;4
"Total sex";"2021";"Other employees";"35-39 years";"E Water supply, sewerage and waste management";111;48;59;53;41
"Total sex";"2021";"Other employees";"35-39 years";"F Construction";556;481;504;556;256
"Total sex";"2021";"Other employees";"35-39 years";"G Wholesale and retail trade";883;428;682;761;219
"Total sex";"2021";"Other employees";"35-39 years";"H Transportation";556;153;403;284;71
"Total sex";"2021";"Other employees";"35-39 years";"I Accommodation and food service activities";704;168;340;296;141
"Total sex";"2021";"Other employees";"35-39 years";"JA Publishing, television and radio broadcasting";15;4;24;9;30
"Total sex";"2021";"Other employees";"35-39 years";"JB Telecommunications";21;6;6;1;0
"Total sex";"2021";"Other employees";"35-39 years";"JC IT and information service activities";27;7;8;11;0
"Total sex";"2021";"Other employees";"35-39 years";"K Financial and insurance";20;4;4;5;0
"Total sex";"2021";"Other employees";"35-39 years";"L Real estate activities";65;27;53;56;27
"Total sex";"2021";"Other employees";"35-39 years";"MA Consultancy etc.";161;21;40;42;22
"Total sex";"2021";"Other employees";"35-39 years";"MB Scientific research and development";5;2;3;7;0
"Total sex";"2021";"Other employees";"35-39 years";"MC Advertising and other business services";17;4;15;23;2
"Total sex";"2021";"Other employees";"35-39 years";"N Travel agent, cleaning, and other operationel services";2216;683;1066;1136;404
"Total sex";"2021";"Other employees";"35-39 years";"O Public administration, defence and compulsory social security";31;7;7;7;6
"Total sex";"2021";"Other employees";"35-39 years";"P Education";121;69;102;184;102
"Total sex";"2021";"Other employees";"35-39 years";"QA Human health activities";230;121;104;119;51
"Total sex";"2021";"Other employees";"35-39 years";"QB Residential care";312;121;187;225;107
"Total sex";"2021";"Other employees";"35-39 years";"R Arts, entertainment and recreation activities";93;10;45;48;24
"Total sex";"2021";"Other employees";"35-39 years";"S Other service activities etc.";123;77;96;87;58
"Total sex";"2021";"Other employees";"35-39 years";"X Activity not stated";0;0;0;0;0
"Total sex";"2021";"Other employees";"40-44 years";"A Agriculture, forestry and fishing";7;21;61;64;20
"Total sex";"2021";"Other employees";"40-44 years";"B Mining and quarrying";0;0;8;2;5
"Total sex";"2021";"Other employees";"40-44 years";"CA Manufacture of food products, beverages and tobacco";97;36;233;126;92
"Total sex";"2021";"Other employees";"40-44 years";"CB Textiles and leather products";3;1;10;13;6
"Total sex";"2021";"Other employees";"40-44 years";"CC Wood and paper products and printing";7;15;29;58;21
"Total sex";"2021";"Other employees";"40-44 years";"CD Oil refinery etc.";0;1;0;0;0
"Total sex";"2021";"Other employees";"40-44 years";"CE Manufacture of chemicals";14;10;37;9;16
"Total sex";"2021";"Other employees";"40-44 years";"CF Pharmaceuticals";53;12;3;0;1
"Total sex";"2021";"Other employees";"40-44 years";"CG Manufacture of plastic, glass and concrete";45;46;193;161;103
"Total sex";"2021";"Other employees";"40-44 years";"CH Basic metals and fabricated metal products";8;18;96;86;36
"Total sex";"2021";"Other employees";"40-44 years";"CI Manufacture of electronic components";21;9;8;15;10
"Total sex";"2021";"Other employees";"40-44 years";"CJ Electrical equipment";23;6;12;10;5
"Total sex";"2021";"Other employees";"40-44 years";"CK Manufacture of machinery";16;18;113;106;40
"Total sex";"2021";"Other employees";"40-44 years";"CL Transport equipment";17;0;18;9;3
"Total sex";"2021";"Other employees";"40-44 years";"CM Manufacture of funiture and other manufacturing";19;25;41;97;30
"Total sex";"2021";"Other employees";"40-44 years";"D Electricity, gas, steam and air conditioning supply";2;2;8;3;1
"Total sex";"2021";"Other employees";"40-44 years";"E Water supply, sewerage and waste management";126;63;80;70;47
"Total sex";"2021";"Other employees";"40-44 years";"F Construction";505;459;492;582;253
"Total sex";"2021";"Other employees";"40-44 years";"G Wholesale and retail trade";673;414;648;751;222
"Total sex";"2021";"Other employees";"40-44 years";"H Transportation";531;119;352;267;63
"Total sex";"2021";"Other employees";"40-44 years";"I Accommodation and food service activities";560;158;360;252;156
"Total sex";"2021";"Other employees";"40-44 years";"JA Publishing, television and radio broadcasting";19;4;17;13;24
"Total sex";"2021";"Other employees";"40-44 years";"JB Telecommunications";17;6;7;3;0
"Total sex";"2021";"Other employees";"40-44 years";"JC IT and information service activities";14;3;7;8;3
"Total sex";"2021";"Other employees";"40-44 years";"K Financial and insurance";17;2;5;6;4
"Total sex";"2021";"Other employees";"40-44 years";"L Real estate activities";80;24;49;54;29
"Total sex";"2021";"Other employees";"40-44 years";"MA Consultancy etc.";126;17;69;39;15
"Total sex";"2021";"Other employees";"40-44 years";"MB Scientific research and development";9;1;4;9;1
"Total sex";"2021";"Other employees";"40-44 years";"MC Advertising and other business services";29;5;17;25;4
"Total sex";"2021";"Other employees";"40-44 years";"N Travel agent, cleaning, and other operationel services";2031;742;1185;1077;451
"Total sex";"2021";"Other employees";"40-44 years";"O Public administration, defence and compulsory social security";42;13;22;8;9
"Total sex";"2021";"Other employees";"40-44 years";"P Education";171;96;158;220;100
"Total sex";"2021";"Other employees";"40-44 years";"QA Human health activities";271;130;121;151;55
"Total sex";"2021";"Other employees";"40-44 years";"QB Residential care";466;123;258;272;123
"Total sex";"2021";"Other employees";"40-44 years";"R Arts, entertainment and recreation activities";114;17;71;57;36
"Total sex";"2021";"Other employees";"40-44 years";"S Other service activities etc.";146;66;128;135;84
"Total sex";"2021";"Other employees";"40-44 years";"X Activity not stated";0;0;0;0;0
"Total sex";"2021";"Other employees";"45-49 years";"A Agriculture, forestry and fishing";8;30;58;62;22
"Total sex";"2021";"Other employees";"45-49 years";"B Mining and quarrying";1;0;11;2;7
"Total sex";"2021";"Other employees";"45-49 years";"CA Manufacture of food products, beverages and tobacco";98;43;248;122;93
"Total sex";"2021";"Other employees";"45-49 years";"CB Textiles and leather products";2;0;9;14;4
"Total sex";"2021";"Other employees";"45-49 years";"CC Wood and paper products and printing";7;8;33;64;27
"Total sex";"2021";"Other employees";"45-49 years";"CD Oil refinery etc.";0;2;0;0;0
"Total sex";"2021";"Other employees";"45-49 years";"CE Manufacture of chemicals";23;15;46;19;9
"Total sex";"2021";"Other employees";"45-49 years";"CF Pharmaceuticals";78;21;4;0;2
"Total sex";"2021";"Other employees";"45-49 years";"CG Manufacture of plastic, glass and concrete";40;77;199;155;101
"Total sex";"2021";"Other employees";"45-49 years";"CH Basic metals and fabricated metal products";8;26;97;106;40
"Total sex";"2021";"Other employees";"45-49 years";"CI Manufacture of electronic components";29;8;12;17;14
"Total sex";"2021";"Other employees";"45-49 years";"CJ Electrical equipment";20;7;24;15;5
"Total sex";"2021";"Other employees";"45-49 years";"CK Manufacture of machinery";36;31;125;144;37
"Total sex";"2021";"Other employees";"45-49 years";"CL Transport equipment";18;1;24;13;15
"Total sex";"2021";"Other employees";"45-49 years";"CM Manufacture of funiture and other manufacturing";27;27;49;79;45
"Total sex";"2021";"Other employees";"45-49 years";"D Electricity, gas, steam and air conditioning supply";3;4;7;11;3
"Total sex";"2021";"Other employees";"45-49 years";"E Water supply, sewerage and waste management";173;82;131;81;75
"Total sex";"2021";"Other employees";"45-49 years";"F Construction";589;521;492;623;263
"Total sex";"2021";"Other employees";"45-49 years";"G Wholesale and retail trade";714;410;717;773;281
"Total sex";"2021";"Other employees";"45-49 years";"H Transportation";486;111;356;240;79
"Total sex";"2021";"Other employees";"45-49 years";"I Accommodation and food service activities";509;168;365;289;144
"Total sex";"2021";"Other employees";"45-49 years";"JA Publishing, television and radio broadcasting";26;9;15;6;36
"Total sex";"2021";"Other employees";"45-49 years";"JB Telecommunications";16;3;11;1;0
"Total sex";"2021";"Other employees";"45-49 years";"JC IT and information service activities";19;3;12;12;5
"Total sex";"2021";"Other employees";"45-49 years";"K Financial and insurance";27;5;12;10;4
"Total sex";"2021";"Other employees";"45-49 years";"L Real estate activities";91;34;56;65;41
"Total sex";"2021";"Other employees";"45-49 years";"MA Consultancy etc.";129;34;91;50;20
"Total sex";"2021";"Other employees";"45-49 years";"MB Scientific research and development";6;4;5;11;1
"Total sex";"2021";"Other employees";"45-49 years";"MC Advertising and other business services";14;6;9;26;2
"Total sex";"2021";"Other employees";"45-49 years";"N Travel agent, cleaning, and other operationel services";2057;837;1213;1191;479
"Total sex";"2021";"Other employees";"45-49 years";"O Public administration, defence and compulsory social security";42;15;25;20;16
"Total sex";"2021";"Other employees";"45-49 years";"P Education";248;146;204;288;150
"Total sex";"2021";"Other employees";"45-49 years";"QA Human health activities";332;200;182;212;107
"Total sex";"2021";"Other employees";"45-49 years";"QB Residential care";570;209;377;411;165
"Total sex";"2021";"Other employees";"45-49 years";"R Arts, entertainment and recreation activities";146;21;81;66;44
"Total sex";"2021";"Other employees";"45-49 years";"S Other service activities etc.";166;118;202;178;112
"Total sex";"2021";"Other employees";"45-49 years";"X Activity not stated";0;0;0;0;0
"Total sex";"2021";"Other employees";"50-54 years";"A Agriculture, forestry and fishing";8;32;55;54;25
"Total sex";"2021";"Other employees";"50-54 years";"B Mining and quarrying";0;0;13;7;5
"Total sex";"2021";"Other employees";"50-54 years";"CA Manufacture of food products, beverages and tobacco";104;57;294;161;121
"Total sex";"2021";"Other employees";"50-54 years";"CB Textiles and leather products";1;3;20;16;3
"Total sex";"2021";"Other employees";"50-54 years";"CC Wood and paper products and printing";9;12;35;51;36
"Total sex";"2021";"Other employees";"50-54 years";"CD Oil refinery etc.";0;1;0;0;0
"Total sex";"2021";"Other employees";"50-54 years";"CE Manufacture of chemicals";39;20;48;20;14
"Total sex";"2021";"Other employees";"50-54 years";"CF Pharmaceuticals";136;24;2;2;3
"Total sex";"2021";"Other employees";"50-54 years";"CG Manufacture of plastic, glass and concrete";39;90;253;197;124
"Total sex";"2021";"Other employees";"50-54 years";"CH Basic metals and fabricated metal products";15;21;123;125;46
"Total sex";"2021";"Other employees";"50-54 years";"CI Manufacture of electronic components";43;9;14;18;22
"Total sex";"2021";"Other employees";"50-54 years";"CJ Electrical equipment";18;12;24;21;9
"Total sex";"2021";"Other employees";"50-54 years";"CK Manufacture of machinery";37;42;168;198;44
"Total sex";"2021";"Other employees";"50-54 years";"CL Transport equipment";13;3;38;12;10
"Total sex";"2021";"Other employees";"50-54 years";"CM Manufacture of funiture and other manufacturing";24;29;55;108;45
"Total sex";"2021";"Other employees";"50-54 years";"D Electricity, gas, steam and air conditioning supply";1;2;15;11;3
"Total sex";"2021";"Other employees";"50-54 years";"E Water supply, sewerage and waste management";227;96;106;138;67
"Total sex";"2021";"Other employees";"50-54 years";"F Construction";562;531;527;602;289
"Total sex";"2021";"Other employees";"50-54 years";"G Wholesale and retail trade";684;423;758;809;267
"Total sex";"2021";"Other employees";"50-54 years";"H Transportation";493;116;328;265;102
"Total sex";"2021";"Other employees";"50-54 years";"I Accommodation and food service activities";408;162;338;290;139
"Total sex";"2021";"Other employees";"50-54 years";"JA Publishing, television and radio broadcasting";28;11;22;9;32
"Total sex";"2021";"Other employees";"50-54 years";"JB Telecommunications";11;4;8;1;0
"Total sex";"2021";"Other employees";"50-54 years";"JC IT and information service activities";22;7;9;11;5
"Total sex";"2021";"Other employees";"50-54 years";"K Financial and insurance";29;10;16;11;11
"Total sex";"2021";"Other employees";"50-54 years";"L Real estate activities";127;46;88;68;47
"Total sex";"2021";"Other employees";"50-54 years";"MA Consultancy etc.";152;34;110;58;33
"Total sex";"2021";"Other employees";"50-54 years";"MB Scientific research and development";6;4;4;12;0
"Total sex";"2021";"Other employees";"50-54 years";"MC Advertising and other business services";26;7;16;23;8
"Total sex";"2021";"Other employees";"50-54 years";"N Travel agent, cleaning, and other operationel services";2017;869;1223;1161;500
"Total sex";"2021";"Other employees";"50-54 years";"O Public administration, defence and compulsory social security";60;19;22;17;21
"Total sex";"2021";"Other employees";"50-54 years";"P Education";245;181;267;367;204
"Total sex";"2021";"Other employees";"50-54 years";"QA Human health activities";362;248;227;270;156
"Total sex";"2021";"Other employees";"50-54 years";"QB Residential care";659;196;457;495;197
"Total sex";"2021";"Other employees";"50-54 years";"R Arts, entertainment and recreation activities";135;17;83;76;40
"Total sex";"2021";"Other employees";"50-54 years";"S Other service activities etc.";188;149;223;190;129
"Total sex";"2021";"Other employees";"50-54 years";"X Activity not stated";0;0;0;0;0
"Total sex";"2021";"Other employees";"55-59 years";"A Agriculture, forestry and fishing";7;52;49;63;29
"Total sex";"2021";"Other employees";"55-59 years";"B Mining and quarrying";0;2;21;2;10
"Total sex";"2021";"Other employees";"55-59 years";"CA Manufacture of food products, beverages and tobacco";100;56;287;148;121
"Total sex";"2021";"Other employees";"55-59 years";"CB Textiles and leather products";2;2;22;12;9
"Total sex";"2021";"Other employees";"55-59 years";"CC Wood and paper products and printing";14;17;43;70;32
"Total sex";"2021";"Other employees";"55-59 years";"CD Oil refinery etc.";0;6;0;0;0
"Total sex";"2021";"Other employees";"55-59 years";"CE Manufacture of chemicals";41;23;59;24;16
"Total sex";"2021";"Other employees";"55-59 years";"CF Pharmaceuticals";111;25;1;0;9
"Total sex";"2021";"Other employees";"55-59 years";"CG Manufacture of plastic, glass and concrete";55;72;253;232;129
"Total sex";"2021";"Other employees";"55-59 years";"CH Basic metals and fabricated metal products";24;34;163;134;60
"Total sex";"2021";"Other employees";"55-59 years";"CI Manufacture of electronic components";51;7;24;22;27
"Total sex";"2021";"Other employees";"55-59 years";"CJ Electrical equipment";20;12;38;27;17
"Total sex";"2021";"Other employees";"55-59 years";"CK Manufacture of machinery";50;52;161;205;42
"Total sex";"2021";"Other employees";"55-59 years";"CL Transport equipment";18;3;39;24;20
"Total sex";"2021";"Other employees";"55-59 years";"CM Manufacture of funiture and other manufacturing";30;33;68;117;55
"Total sex";"2021";"Other employees";"55-59 years";"D Electricity, gas, steam and air conditioning supply";9;10;25;10;1
"Total sex";"2021";"Other employees";"55-59 years";"E Water supply, sewerage and waste management";246;125;157;153;106
"Total sex";"2021";"Other employees";"55-59 years";"F Construction";590;534;627;637;323
"Total sex";"2021";"Other employees";"55-59 years";"G Wholesale and retail trade";633;470;797;778;302
"Total sex";"2021";"Other employees";"55-59 years";"H Transportation";525;138;362;253;93
"Total sex";"2021";"Other employees";"55-59 years";"I Accommodation and food service activities";343;158;382;284;149
"Total sex";"2021";"Other employees";"55-59 years";"JA Publishing, television and radio broadcasting";21;14;16;9;32
"Total sex";"2021";"Other employees";"55-59 years";"JB Telecommunications";19;7;7;0;0
"Total sex";"2021";"Other employees";"55-59 years";"JC IT and information service activities";23;2;12;15;8
"Total sex";"2021";"Other employees";"55-59 years";"K Financial and insurance";20;6;12;11;10
"Total sex";"2021";"Other employees";"55-59 years";"L Real estate activities";159;55;89;57;69
"Total sex";"2021";"Other employees";"55-59 years";"MA Consultancy etc.";150;42;138;62;28
"Total sex";"2021";"Other employees";"55-59 years";"MB Scientific research and development";13;5;8;21;1
"Total sex";"2021";"Other employees";"55-59 years";"MC Advertising and other business services";11;4;13;20;3
"Total sex";"2021";"Other employees";"55-59 years";"N Travel agent, cleaning, and other operationel services";1772;857;1406;1147;618
"Total sex";"2021";"Other employees";"55-59 years";"O Public administration, defence and compulsory social security";71;20;51;27;32
"Total sex";"2021";"Other employees";"55-59 years";"P Education";226;190;353;410;271
"Total sex";"2021";"Other employees";"55-59 years";"QA Human health activities";350;288;287;308;203
"Total sex";"2021";"Other employees";"55-59 years";"QB Residential care";768;308;582;636;292
"Total sex";"2021";"Other employees";"55-59 years";"R Arts, entertainment and recreation activities";174;28;99;94;53
"Total sex";"2021";"Other employees";"55-59 years";"S Other service activities etc.";223;185;251;274;187
"Total sex";"2021";"Other employees";"55-59 years";"X Activity not stated";0;0;0;0;0
"Total sex";"2021";"Other employees";"60-64 years";"A Agriculture, forestry and fishing";5;45;33;38;18
"Total sex";"2021";"Other employees";"60-64 years";"B Mining and quarrying";1;2;13;3;6
"Total sex";"2021";"Other employees";"60-64 years";"CA Manufacture of food products, beverages and tobacco";70;39;210;133;88
"Total sex";"2021";"Other employees";"60-64 years";"CB Textiles and leather products";4;2;11;12;13
"Total sex";"2021";"Other employees";"60-64 years";"CC Wood and paper products and printing";8;15;42;40;25
"Total sex";"2021";"Other employees";"60-64 years";"CD Oil refinery etc.";0;2;0;0;0
"Total sex";"2021";"Other employees";"60-64 years";"CE Manufacture of chemicals";31;14;49;23;12
"Total sex";"2021";"Other employees";"60-64 years";"CF Pharmaceuticals";48;13;2;1;1
"Total sex";"2021";"Other employees";"60-64 years";"CG Manufacture of plastic, glass and concrete";25;54;187;147;103
"Total sex";"2021";"Other employees";"60-64 years";"CH Basic metals and fabricated metal products";19;16;99;96;45
"Total sex";"2021";"Other employees";"60-64 years";"CI Manufacture of electronic components";32;10;7;25;22
"Total sex";"2021";"Other employees";"60-64 years";"CJ Electrical equipment";15;7;26;14;7
"Total sex";"2021";"Other employees";"60-64 years";"CK Manufacture of machinery";43;31;134;149;34
"Total sex";"2021";"Other employees";"60-64 years";"CL Transport equipment";10;2;23;10;11
"Total sex";"2021";"Other employees";"60-64 years";"CM Manufacture of funiture and other manufacturing";36;23;45;82;43
"Total sex";"2021";"Other employees";"60-64 years";"D Electricity, gas, steam and air conditioning supply";9;6;19;14;7
"Total sex";"2021";"Other employees";"60-64 years";"E Water supply, sewerage and waste management";178;101;140;130;73
"Total sex";"2021";"Other employees";"60-64 years";"F Construction";360;293;464;507;247
"Total sex";"2021";"Other employees";"60-64 years";"G Wholesale and retail trade";412;274;578;592;215
"Total sex";"2021";"Other employees";"60-64 years";"H Transportation";350;84;218;177;74
"Total sex";"2021";"Other employees";"60-64 years";"I Accommodation and food service activities";192;117;273;166;82
"Total sex";"2021";"Other employees";"60-64 years";"JA Publishing, television and radio broadcasting";17;26;10;11;32
"Total sex";"2021";"Other employees";"60-64 years";"JB Telecommunications";6;3;5;1;0
"Total sex";"2021";"Other employees";"60-64 years";"JC IT and information service activities";11;0;8;16;7
"Total sex";"2021";"Other employees";"60-64 years";"K Financial and insurance";25;8;11;7;6
"Total sex";"2021";"Other employees";"60-64 years";"L Real estate activities";111;40;60;55;38
"Total sex";"2021";"Other employees";"60-64 years";"MA Consultancy etc.";117;37;112;46;48
"Total sex";"2021";"Other employees";"60-64 years";"MB Scientific research and development";12;10;2;16;0
"Total sex";"2021";"Other employees";"60-64 years";"MC Advertising and other business services";20;7;10;9;3
"Total sex";"2021";"Other employees";"60-64 years";"N Travel agent, cleaning, and other operationel services";1164;619;1006;828;433
"Total sex";"2021";"Other employees";"60-64 years";"O Public administration, defence and compulsory social security";49;24;34;19;37
"Total sex";"2021";"Other employees";"60-64 years";"P Education";179;148;248;310;189
"Total sex";"2021";"Other employees";"60-64 years";"QA Human health activities";240;205;193;289;185
"Total sex";"2021";"Other employees";"60-64 years";"QB Residential care";579;267;511;481;259
"Total sex";"2021";"Other employees";"60-64 years";"R Arts, entertainment and recreation activities";135;25;85;54;30
"Total sex";"2021";"Other employees";"60-64 years";"S Other service activities etc.";193;164;207;217;165
"Total sex";"2021";"Other employees";"60-64 years";"X Activity not stated";0;0;0;0;0
"Total sex";"2021";"Other employees";"65-66 years";"A Agriculture, forestry and fishing";2;7;3;3;3
"Total sex";"2021";"Other employees";"65-66 years";"B Mining and quarrying";0;0;2;0;3
"Total sex";"2021";"Other employees";"65-66 years";"CA Manufacture of food products, beverages and tobacco";11;3;33;22;17
"Total sex";"2021";"Other employees";"65-66 years";"CB Textiles and leather products";2;0;1;3;2
"Total sex";"2021";"Other employees";"65-66 years";"CC Wood and paper products and printing";3;1;12;9;5
"Total sex";"2021";"Other employees";"65-66 years";"CD Oil refinery etc.";0;0;0;0;0
"Total sex";"2021";"Other employees";"65-66 years";"CE Manufacture of chemicals";3;1;8;2;0
"Total sex";"2021";"Other employees";"65-66 years";"CF Pharmaceuticals";6;3;0;0;0
"Total sex";"2021";"Other employees";"65-66 years";"CG Manufacture of plastic, glass and concrete";1;11;26;26;12
"Total sex";"2021";"Other employees";"65-66 years";"CH Basic metals and fabricated metal products";3;3;17;16;6
"Total sex";"2021";"Other employees";"65-66 years";"CI Manufacture of electronic components";11;0;2;1;1
"Total sex";"2021";"Other employees";"65-66 years";"CJ Electrical equipment";6;3;4;1;1
"Total sex";"2021";"Other employees";"65-66 years";"CK Manufacture of machinery";5;7;23;38;7
"Total sex";"2021";"Other employees";"65-66 years";"CL Transport equipment";1;1;3;3;2
"Total sex";"2021";"Other employees";"65-66 years";"CM Manufacture of funiture and other manufacturing";8;3;9;16;7
"Total sex";"2021";"Other employees";"65-66 years";"D Electricity, gas, steam and air conditioning supply";0;2;7;2;1
"Total sex";"2021";"Other employees";"65-66 years";"E Water supply, sewerage and waste management";38;18;24;34;18
"Total sex";"2021";"Other employees";"65-66 years";"F Construction";69;62;82;102;46
"Total sex";"2021";"Other employees";"65-66 years";"G Wholesale and retail trade";83;66;128;125;51
"Total sex";"2021";"Other employees";"65-66 years";"H Transportation";71;18;47;41;15
"Total sex";"2021";"Other employees";"65-66 years";"I Accommodation and food service activities";38;24;40;32;15
"Total sex";"2021";"Other employees";"65-66 years";"JA Publishing, television and radio broadcasting";10;7;4;1;7
"Total sex";"2021";"Other employees";"65-66 years";"JB Telecommunications";0;0;1;0;0
"Total sex";"2021";"Other employees";"65-66 years";"JC IT and information service activities";4;0;1;4;0
"Total sex";"2021";"Other employees";"65-66 years";"K Financial and insurance";4;1;1;2;3
"Total sex";"2021";"Other employees";"65-66 years";"L Real estate activities";30;11;15;23;9
"Total sex";"2021";"Other employees";"65-66 years";"MA Consultancy etc.";22;11;26;10;7
"Total sex";"2021";"Other employees";"65-66 years";"MB Scientific research and development";5;0;1;0;0
"Total sex";"2021";"Other employees";"65-66 years";"MC Advertising and other business services";0;0;2;2;0
"Total sex";"2021";"Other employees";"65-66 years";"N Travel agent, cleaning, and other operationel services";240;99;159;156;65
"Total sex";"2021";"Other employees";"65-66 years";"O Public administration, defence and compulsory social security";17;5;7;9;5
"Total sex";"2021";"Other employees";"65-66 years";"P Education";40;30;44;62;24
"Total sex";"2021";"Other employees";"65-66 years";"QA Human health activities";36;38;22;32;20
"Total sex";"2021";"Other employees";"65-66 years";"QB Residential care";108;36;87;82;43
"Total sex";"2021";"Other employees";"65-66 years";"R Arts, entertainment and recreation activities";29;7;22;10;9
"Total sex";"2021";"Other employees";"65-66 years";"S Other service activities etc.";29;29;35;44;26
"Total sex";"2021";"Other employees";"65-66 years";"X Activity not stated";0;0;0;0;0
"Total sex";"2021";"Other employees";"67 years and over";"A Agriculture, forestry and fishing";1;9;16;11;3
"Total sex";"2021";"Other employees";"67 years and over";"B Mining and quarrying";0;2;0;1;2
"Total sex";"2021";"Other employees";"67 years and over";"CA Manufacture of food products, beverages and tobacco";10;8;44;34;20
"Total sex";"2021";"Other employees";"67 years and over";"CB Textiles and leather products";0;0;2;4;3
"Total sex";"2021";"Other employees";"67 years and over";"CC Wood and paper products and printing";4;6;9;26;8
"Total sex";"2021";"Other employees";"67 years and over";"CD Oil refinery etc.";0;0;0;0;0
"Total sex";"2021";"Other employees";"67 years and over";"CE Manufacture of chemicals";4;1;7;5;6
"Total sex";"2021";"Other employees";"67 years and over";"CF Pharmaceuticals";3;0;1;1;0
"Total sex";"2021";"Other employees";"67 years and over";"CG Manufacture of plastic, glass and concrete";2;10;25;33;11
"Total sex";"2021";"Other employees";"67 years and over";"CH Basic metals and fabricated metal products";7;8;20;25;6
"Total sex";"2021";"Other employees";"67 years and over";"CI Manufacture of electronic components";7;5;1;1;1
"Total sex";"2021";"Other employees";"67 years and over";"CJ Electrical equipment";4;1;3;6;3
"Total sex";"2021";"Other employees";"67 years and over";"CK Manufacture of machinery";5;9;21;29;5
"Total sex";"2021";"Other employees";"67 years and over";"CL Transport equipment";0;0;8;5;2
"Total sex";"2021";"Other employees";"67 years and over";"CM Manufacture of funiture and other manufacturing";5;2;15;27;7
"Total sex";"2021";"Other employees";"67 years and over";"D Electricity, gas, steam and air conditioning supply";0;0;8;3;6
"Total sex";"2021";"Other employees";"67 years and over";"E Water supply, sewerage and waste management";32;28;28;56;18
"Total sex";"2021";"Other employees";"67 years and over";"F Construction";67;102;150;164;69
"Total sex";"2021";"Other employees";"67 years and over";"G Wholesale and retail trade";148;156;333;331;102
"Total sex";"2021";"Other employees";"67 years and over";"H Transportation";65;55;63;82;19
"Total sex";"2021";"Other employees";"67 years and over";"I Accommodation and food service activities";36;32;82;60;37
"Total sex";"2021";"Other employees";"67 years and over";"JA Publishing, television and radio broadcasting";31;76;20;12;40
"Total sex";"2021";"Other employees";"67 years and over";"JB Telecommunications";1;1;0;0;1
"Total sex";"2021";"Other employees";"67 years and over";"JC IT and information service activities";3;0;5;1;1
"Total sex";"2021";"Other employees";"67 years and over";"K Financial and insurance";7;2;8;23;19
"Total sex";"2021";"Other employees";"67 years and over";"L Real estate activities";59;36;104;81;60
"Total sex";"2021";"Other employees";"67 years and over";"MA Consultancy etc.";32;18;78;16;14
"Total sex";"2021";"Other employees";"67 years and over";"MB Scientific research and development";9;1;0;2;1
"Total sex";"2021";"Other employees";"67 years and over";"MC Advertising and other business services";5;2;4;3;2
"Total sex";"2021";"Other employees";"67 years and over";"N Travel agent, cleaning, and other operationel services";180;92;150;160;69
"Total sex";"2021";"Other employees";"67 years and over";"O Public administration, defence and compulsory social security";22;9;8;3;2
"Total sex";"2021";"Other employees";"67 years and over";"P Education";69;56;71;101;35
"Total sex";"2021";"Other employees";"67 years and over";"QA Human health activities";27;29;36;43;24
"Total sex";"2021";"Other employees";"67 years and over";"QB Residential care";85;29;65;57;28
"Total sex";"2021";"Other employees";"67 years and over";"R Arts, entertainment and recreation activities";37;5;35;27;24
"Total sex";"2021";"Other employees";"67 years and over";"S Other service activities etc.";36;65;67;57;40
"Total sex";"2021";"Other employees";"67 years and over";"X Activity not stated";0;0;0;0;0
"Total sex";"2021";"Employees, not specified";"Under 16 years";"A Agriculture, forestry and fishing";50;132;488;474;301
"Total sex";"2021";"Employees, not specified";"Under 16 years";"B Mining and quarrying";0;1;0;0;0
"Total sex";"2021";"Employees, not specified";"Under 16 years";"CA Manufacture of food products, beverages and tobacco";121;67;155;91;44
"Total sex";"2021";"Employees, not specified";"Under 16 years";"CB Textiles and leather products";3;5;15;7;9
"Total sex";"2021";"Employees, not specified";"Under 16 years";"CC Wood and paper products and printing";3;3;29;21;8
"Total sex";"2021";"Employees, not specified";"Under 16 years";"CD Oil refinery etc.";0;0;0;0;0
"Total sex";"2021";"Employees, not specified";"Under 16 years";"CE Manufacture of chemicals";0;0;5;0;2
"Total sex";"2021";"Employees, not specified";"Under 16 years";"CF Pharmaceuticals";0;0;0;0;0
"Total sex";"2021";"Employees, not specified";"Under 16 years";"CG Manufacture of plastic, glass and concrete";15;7;7;10;4
"Total sex";"2021";"Employees, not specified";"Under 16 years";"CH Basic metals and fabricated metal products";6;10;43;23;18
"Total sex";"2021";"Employees, not specified";"Under 16 years";"CI Manufacture of electronic components";4;10;1;8;2
"Total sex";"2021";"Employees, not specified";"Under 16 years";"CJ Electrical equipment";1;1;8;5;3
"Total sex";"2021";"Employees, not specified";"Under 16 years";"CK Manufacture of machinery";4;4;16;18;2
"Total sex";"2021";"Employees, not specified";"Under 16 years";"CL Transport equipment";0;1;4;3;2
"Total sex";"2021";"Employees, not specified";"Under 16 years";"CM Manufacture of funiture and other manufacturing";27;10;34;56;12
"Total sex";"2021";"Employees, not specified";"Under 16 years";"D Electricity, gas, steam and air conditioning supply";1;0;0;4;4
"Total sex";"2021";"Employees, not specified";"Under 16 years";"E Water supply, sewerage and waste management";3;3;2;4;3
"Total sex";"2021";"Employees, not specified";"Under 16 years";"F Construction";48;48;70;77;33
"Total sex";"2021";"Employees, not specified";"Under 16 years";"G Wholesale and retail trade";788;488;958;1034;458
"Total sex";"2021";"Employees, not specified";"Under 16 years";"H Transportation";1519;1062;2026;1965;83
"Total sex";"2021";"Employees, not specified";"Under 16 years";"I Accommodation and food service activities";733;504;987;821;388
"Total sex";"2021";"Employees, not specified";"Under 16 years";"JA Publishing, television and radio broadcasting";82;6;29;8;167
"Total sex";"2021";"Employees, not specified";"Under 16 years";"JB Telecommunications";0;1;0;2;0
"Total sex";"2021";"Employees, not specified";"Under 16 years";"JC IT and information service activities";40;13;28;31;13
"Total sex";"2021";"Employees, not specified";"Under 16 years";"K Financial and insurance";11;8;30;28;14
"Total sex";"2021";"Employees, not specified";"Under 16 years";"L Real estate activities";245;93;113;173;66
"Total sex";"2021";"Employees, not specified";"Under 16 years";"MA Consultancy etc.";88;35;55;70;20
"Total sex";"2021";"Employees, not specified";"Under 16 years";"MB Scientific research and development";1;0;1;0;0
"Total sex";"2021";"Employees, not specified";"Under 16 years";"MC Advertising and other business services";49;24;38;44;14
"Total sex";"2021";"Employees, not specified";"Under 16 years";"N Travel agent, cleaning, and other operationel services";174;64;90;109;42
"Total sex";"2021";"Employees, not specified";"Under 16 years";"O Public administration, defence and compulsory social security";10;2;3;3;3
"Total sex";"2021";"Employees, not specified";"Under 16 years";"P Education";109;91;77;63;30
"Total sex";"2021";"Employees, not specified";"Under 16 years";"QA Human health activities";84;49;108;92;43
"Total sex";"2021";"Employees, not specified";"Under 16 years";"QB Residential care";30;58;55;93;6
"Total sex";"2021";"Employees, not specified";"Under 16 years";"R Arts, entertainment and recreation activities";872;293;262;449;120
"Total sex";"2021";"Employees, not specified";"Under 16 years";"S Other service activities etc.";212;156;258;237;114
"Total sex";"2021";"Employees, not specified";"Under 16 years";"X Activity not stated";0;0;0;0;0
"Total sex";"2021";"Employees, not specified";"16-19 years";"A Agriculture, forestry and fishing";76;147;480;398;308
"Total sex";"2021";"Employees, not specified";"16-19 years";"B Mining and quarrying";1;0;0;1;0
"Total sex";"2021";"Employees, not specified";"16-19 years";"CA Manufacture of food products, beverages and tobacco";169;76;121;97;45
"Total sex";"2021";"Employees, not specified";"16-19 years";"CB Textiles and leather products";9;5;5;3;1
"Total sex";"2021";"Employees, not specified";"16-19 years";"CC Wood and paper products and printing";3;2;13;25;2
"Total sex";"2021";"Employees, not specified";"16-19 years";"CD Oil refinery etc.";0;0;0;0;0
"Total sex";"2021";"Employees, not specified";"16-19 years";"CE Manufacture of chemicals";2;0;4;0;2
"Total sex";"2021";"Employees, not specified";"16-19 years";"CF Pharmaceuticals";3;1;0;0;0
"Total sex";"2021";"Employees, not specified";"16-19 years";"CG Manufacture of plastic, glass and concrete";19;4;11;14;3
"Total sex";"2021";"Employees, not specified";"16-19 years";"CH Basic metals and fabricated metal products";11;8;29;32;21
"Total sex";"2021";"Employees, not specified";"16-19 years";"CI Manufacture of electronic components";9;2;0;6;1
"Total sex";"2021";"Employees, not specified";"16-19 years";"CJ Electrical equipment";2;2;2;1;3
"Total sex";"2021";"Employees, not specified";"16-19 years";"CK Manufacture of machinery";5;4;13;9;7
"Total sex";"2021";"Employees, not specified";"16-19 years";"CL Transport equipment";2;0;2;4;1
"Total sex";"2021";"Employees, not specified";"16-19 years";"CM Manufacture of funiture and other manufacturing";26;15;40;31;14
"Total sex";"2021";"Employees, not specified";"16-19 years";"D Electricity, gas, steam and air conditioning supply";5;1;0;4;1
"Total sex";"2021";"Employees, not specified";"16-19 years";"E Water supply, sewerage and waste management";4;4;4;7;0
"Total sex";"2021";"Employees, not specified";"16-19 years";"F Construction";119;116;101;126;55
"Total sex";"2021";"Employees, not specified";"16-19 years";"G Wholesale and retail trade";1134;673;1082;1158;567
"Total sex";"2021";"Employees, not specified";"16-19 years";"H Transportation";283;181;299;250;23
"Total sex";"2021";"Employees, not specified";"16-19 years";"I Accommodation and food service activities";1616;807;1239;1323;595
"Total sex";"2021";"Employees, not specified";"16-19 years";"JA Publishing, television and radio broadcasting";96;19;29;22;22
"Total sex";"2021";"Employees, not specified";"16-19 years";"JB Telecommunications";4;2;1;1;0
"Total sex";"2021";"Employees, not specified";"16-19 years";"JC IT and information service activities";72;27;19;30;18
"Total sex";"2021";"Employees, not specified";"16-19 years";"K Financial and insurance";22;8;32;24;12
"Total sex";"2021";"Employees, not specified";"16-19 years";"L Real estate activities";117;51;56;74;29
"Total sex";"2021";"Employees, not specified";"16-19 years";"MA Consultancy etc.";145;47;43;53;31
"Total sex";"2021";"Employees, not specified";"16-19 years";"MB Scientific research and development";11;1;1;1;1
"Total sex";"2021";"Employees, not specified";"16-19 years";"MC Advertising and other business services";70;29;47;52;16
"Total sex";"2021";"Employees, not specified";"16-19 years";"N Travel agent, cleaning, and other operationel services";188;88;127;151;51
"Total sex";"2021";"Employees, not specified";"16-19 years";"O Public administration, defence and compulsory social security";13;13;2;7;1
"Total sex";"2021";"Employees, not specified";"16-19 years";"P Education";118;36;65;56;27
"Total sex";"2021";"Employees, not specified";"16-19 years";"QA Human health activities";191;72;84;135;47
"Total sex";"2021";"Employees, not specified";"16-19 years";"QB Residential care";24;32;33;44;28
"Total sex";"2021";"Employees, not specified";"16-19 years";"R Arts, entertainment and recreation activities";783;224;255;369;110
"Total sex";"2021";"Employees, not specified";"16-19 years";"S Other service activities etc.";239;87;140;139;54
"Total sex";"2021";"Employees, not specified";"16-19 years";"X Activity not stated";0;0;0;0;0
"Total sex";"2021";"Employees, not specified";"20-24 years";"A Agriculture, forestry and fishing";86;254;913;837;520
"Total sex";"2021";"Employees, not specified";"20-24 years";"B Mining and quarrying";0;1;0;1;0
"Total sex";"2021";"Employees, not specified";"20-24 years";"CA Manufacture of food products, beverages and tobacco";75;23;32;40;18
"Total sex";"2021";"Employees, not specified";"20-24 years";"CB Textiles and leather products";15;1;1;4;2
"Total sex";"2021";"Employees, not specified";"20-24 years";"CC Wood and paper products and printing";9;4;9;17;4
"Total sex";"2021";"Employees, not specified";"20-24 years";"CD Oil refinery etc.";0;0;0;0;0
"Total sex";"2021";"Employees, not specified";"20-24 years";"CE Manufacture of chemicals";4;0;0;1;6
"Total sex";"2021";"Employees, not specified";"20-24 years";"CF Pharmaceuticals";9;1;1;0;0
"Total sex";"2021";"Employees, not specified";"20-24 years";"CG Manufacture of plastic, glass and concrete";14;6;12;7;3
"Total sex";"2021";"Employees, not specified";"20-24 years";"CH Basic metals and fabricated metal products";9;5;17;13;5
"Total sex";"2021";"Employees, not specified";"20-24 years";"CI Manufacture of electronic components";30;8;0;2;1
"Total sex";"2021";"Employees, not specified";"20-24 years";"CJ Electrical equipment";9;2;5;2;3
"Total sex";"2021";"Employees, not specified";"20-24 years";"CK Manufacture of machinery";12;3;12;8;4
"Total sex";"2021";"Employees, not specified";"20-24 years";"CL Transport equipment";2;0;0;3;0
"Total sex";"2021";"Employees, not specified";"20-24 years";"CM Manufacture of funiture and other manufacturing";25;10;18;31;9
"Total sex";"2021";"Employees, not specified";"20-24 years";"D Electricity, gas, steam and air conditioning supply";8;1;1;6;5
"Total sex";"2021";"Employees, not specified";"20-24 years";"E Water supply, sewerage and waste management";6;11;3;4;5
"Total sex";"2021";"Employees, not specified";"20-24 years";"F Construction";272;191;128;163;73
"Total sex";"2021";"Employees, not specified";"20-24 years";"G Wholesale and retail trade";861;256;428;632;245
"Total sex";"2021";"Employees, not specified";"20-24 years";"H Transportation";337;69;142;104;22
"Total sex";"2021";"Employees, not specified";"20-24 years";"I Accommodation and food service activities";1429;365;593;656;387
"Total sex";"2021";"Employees, not specified";"20-24 years";"JA Publishing, television and radio broadcasting";154;6;31;24;22
"Total sex";"2021";"Employees, not specified";"20-24 years";"JB Telecommunications";9;0;1;7;1
"Total sex";"2021";"Employees, not specified";"20-24 years";"JC IT and information service activities";209;29;51;66;20
"Total sex";"2021";"Employees, not specified";"20-24 years";"K Financial and insurance";66;8;17;15;7
"Total sex";"2021";"Employees, not specified";"20-24 years";"L Real estate activities";122;36;49;59;31
"Total sex";"2021";"Employees, not specified";"20-24 years";"MA Consultancy etc.";255;45;35;64;21
"Total sex";"2021";"Employees, not specified";"20-24 years";"MB Scientific research and development";19;2;1;0;3
"Total sex";"2021";"Employees, not specified";"20-24 years";"MC Advertising and other business services";175;22;29;52;13
"Total sex";"2021";"Employees, not specified";"20-24 years";"N Travel agent, cleaning, and other operationel services";497;161;181;197;85
"Total sex";"2021";"Employees, not specified";"20-24 years";"O Public administration, defence and compulsory social security";119;30;20;16;2
"Total sex";"2021";"Employees, not specified";"20-24 years";"P Education";102;27;43;36;17
"Total sex";"2021";"Employees, not specified";"20-24 years";"QA Human health activities";172;38;36;73;32
"Total sex";"2021";"Employees, not specified";"20-24 years";"QB Residential care";123;86;61;56;32
"Total sex";"2021";"Employees, not specified";"20-24 years";"R Arts, entertainment and recreation activities";222;52;99;128;57
"Total sex";"2021";"Employees, not specified";"20-24 years";"S Other service activities etc.";233;45;87;72;31
"Total sex";"2021";"Employees, not specified";"20-24 years";"X Activity not stated";0;0;0;0;0
"Total sex";"2021";"Employees, not specified";"25-29 years";"A Agriculture, forestry and fishing";107;364;1461;1213;787
"Total sex";"2021";"Employees, not specified";"25-29 years";"B Mining and quarrying";3;3;0;0;0
"Total sex";"2021";"Employees, not specified";"25-29 years";"CA Manufacture of food products, beverages and tobacco";81;24;42;29;19
"Total sex";"2021";"Employees, not specified";"25-29 years";"CB Textiles and leather products";19;1;3;16;1
"Total sex";"2021";"Employees, not specified";"25-29 years";"CC Wood and paper products and printing";16;6;17;23;9
"Total sex";"2021";"Employees, not specified";"25-29 years";"CD Oil refinery etc.";0;0;0;0;0
"Total sex";"2021";"Employees, not specified";"25-29 years";"CE Manufacture of chemicals";4;2;3;3;4
"Total sex";"2021";"Employees, not specified";"25-29 years";"CF Pharmaceuticals";21;4;2;1;0
"Total sex";"2021";"Employees, not specified";"25-29 years";"CG Manufacture of plastic, glass and concrete";13;8;23;17;5
"Total sex";"2021";"Employees, not specified";"25-29 years";"CH Basic metals and fabricated metal products";24;14;27;23;12
"Total sex";"2021";"Employees, not specified";"25-29 years";"CI Manufacture of electronic components";22;6;7;5;0
"Total sex";"2021";"Employees, not specified";"25-29 years";"CJ Electrical equipment";14;3;2;5;1
"Total sex";"2021";"Employees, not specified";"25-29 years";"CK Manufacture of machinery";28;14;22;19;6
"Total sex";"2021";"Employees, not specified";"25-29 years";"CL Transport equipment";4;1;1;5;4
"Total sex";"2021";"Employees, not specified";"25-29 years";"CM Manufacture of funiture and other manufacturing";43;15;39;43;12
"Total sex";"2021";"Employees, not specified";"25-29 years";"D Electricity, gas, steam and air conditioning supply";7;0;4;11;4
"Total sex";"2021";"Employees, not specified";"25-29 years";"E Water supply, sewerage and waste management";10;6;4;6;2
"Total sex";"2021";"Employees, not specified";"25-29 years";"F Construction";416;238;198;225;75
"Total sex";"2021";"Employees, not specified";"25-29 years";"G Wholesale and retail trade";993;322;519;616;238
"Total sex";"2021";"Employees, not specified";"25-29 years";"H Transportation";414;102;202;160;50
"Total sex";"2021";"Employees, not specified";"25-29 years";"I Accommodation and food service activities";1247;235;373;405;215
"Total sex";"2021";"Employees, not specified";"25-29 years";"JA Publishing, television and radio broadcasting";337;11;32;70;20
"Total sex";"2021";"Employees, not specified";"25-29 years";"JB Telecommunications";10;0;6;5;0
"Total sex";"2021";"Employees, not specified";"25-29 years";"JC IT and information service activities";436;30;85;139;42
"Total sex";"2021";"Employees, not specified";"25-29 years";"K Financial and insurance";101;8;23;23;10
"Total sex";"2021";"Employees, not specified";"25-29 years";"L Real estate activities";218;96;145;114;71
"Total sex";"2021";"Employees, not specified";"25-29 years";"MA Consultancy etc.";312;39;62;89;27
"Total sex";"2021";"Employees, not specified";"25-29 years";"MB Scientific research and development";33;0;0;4;1
"Total sex";"2021";"Employees, not specified";"25-29 years";"MC Advertising and other business services";268;40;65;118;18
"Total sex";"2021";"Employees, not specified";"25-29 years";"N Travel agent, cleaning, and other operationel services";656;183;220;256;103
"Total sex";"2021";"Employees, not specified";"25-29 years";"O Public administration, defence and compulsory social security";407;9;14;12;1
"Total sex";"2021";"Employees, not specified";"25-29 years";"P Education";105;29;37;47;13
"Total sex";"2021";"Employees, not specified";"25-29 years";"QA Human health activities";102;27;28;36;17
"Total sex";"2021";"Employees, not specified";"25-29 years";"QB Residential care";137;135;94;66;24
"Total sex";"2021";"Employees, not specified";"25-29 years";"R Arts, entertainment and recreation activities";182;43;83;111;44
"Total sex";"2021";"Employees, not specified";"25-29 years";"S Other service activities etc.";283;52;112;103;35
"Total sex";"2021";"Employees, not specified";"25-29 years";"X Activity not stated";0;0;0;0;0
"Total sex";"2021";"Employees, not specified";"30-34 years";"A Agriculture, forestry and fishing";116;296;1238;1075;736
"Total sex";"2021";"Employees, not specified";"30-34 years";"B Mining and quarrying";0;2;3;1;1
"Total sex";"2021";"Employees, not specified";"30-34 years";"CA Manufacture of food products, beverages and tobacco";91;24;29;50;21
"Total sex";"2021";"Employees, not specified";"30-34 years";"CB Textiles and leather products";29;2;3;15;5
"Total sex";"2021";"Employees, not specified";"30-34 years";"CC Wood and paper products and printing";18;4;17;26;7
"Total sex";"2021";"Employees, not specified";"30-34 years";"CD Oil refinery etc.";0;0;0;0;0
"Total sex";"2021";"Employees, not specified";"30-34 years";"CE Manufacture of chemicals";6;1;2;2;5
"Total sex";"2021";"Employees, not specified";"30-34 years";"CF Pharmaceuticals";13;0;1;0;0
"Total sex";"2021";"Employees, not specified";"30-34 years";"CG Manufacture of plastic, glass and concrete";13;8;19;12;10
"Total sex";"2021";"Employees, not specified";"30-34 years";"CH Basic metals and fabricated metal products";28;9;53;35;10
"Total sex";"2021";"Employees, not specified";"30-34 years";"CI Manufacture of electronic components";21;4;6;4;2
"Total sex";"2021";"Employees, not specified";"30-34 years";"CJ Electrical equipment";19;5;4;11;7
"Total sex";"2021";"Employees, not specified";"30-34 years";"CK Manufacture of machinery";22;8;27;18;15
"Total sex";"2021";"Employees, not specified";"30-34 years";"CL Transport equipment";3;1;9;5;3
"Total sex";"2021";"Employees, not specified";"30-34 years";"CM Manufacture of funiture and other manufacturing";71;26;46;50;25
"Total sex";"2021";"Employees, not specified";"30-34 years";"D Electricity, gas, steam and air conditioning supply";8;0;4;16;8
"Total sex";"2021";"Employees, not specified";"30-34 years";"E Water supply, sewerage and waste management";13;7;16;9;2
"Total sex";"2021";"Employees, not specified";"30-34 years";"F Construction";561;311;246;249;124
"Total sex";"2021";"Employees, not specified";"30-34 years";"G Wholesale and retail trade";1168;353;579;678;280
"Total sex";"2021";"Employees, not specified";"30-34 years";"H Transportation";449;145;204;167;53
"Total sex";"2021";"Employees, not specified";"30-34 years";"I Accommodation and food service activities";1125;273;332;365;178
"Total sex";"2021";"Employees, not specified";"30-34 years";"JA Publishing, television and radio broadcasting";346;18;33;51;13
"Total sex";"2021";"Employees, not specified";"30-34 years";"JB Telecommunications";13;2;3;3;3
"Total sex";"2021";"Employees, not specified";"30-34 years";"JC IT and information service activities";541;44;81;153;59
"Total sex";"2021";"Employees, not specified";"30-34 years";"K Financial and insurance";122;12;19;32;11
"Total sex";"2021";"Employees, not specified";"30-34 years";"L Real estate activities";230;89;142;139;65
"Total sex";"2021";"Employees, not specified";"30-34 years";"MA Consultancy etc.";304;61;68;91;38
"Total sex";"2021";"Employees, not specified";"30-34 years";"MB Scientific research and development";31;1;5;6;2
"Total sex";"2021";"Employees, not specified";"30-34 years";"MC Advertising and other business services";281;42;82;135;32
"Total sex";"2021";"Employees, not specified";"30-34 years";"N Travel agent, cleaning, and other operationel services";706;242;279;290;118
"Total sex";"2021";"Employees, not specified";"30-34 years";"O Public administration, defence and compulsory social security";123;38;21;25;7
"Total sex";"2021";"Employees, not specified";"30-34 years";"P Education";108;32;39;50;11
"Total sex";"2021";"Employees, not specified";"30-34 years";"QA Human health activities";74;28;47;51;8
"Total sex";"2021";"Employees, not specified";"30-34 years";"QB Residential care";161;124;95;101;54
"Total sex";"2021";"Employees, not specified";"30-34 years";"R Arts, entertainment and recreation activities";196;51;74;98;50
"Total sex";"2021";"Employees, not specified";"30-34 years";"S Other service activities etc.";366;84;117;131;35
"Total sex";"2021";"Employees, not specified";"30-34 years";"X Activity not stated";0;0;0;0;0
"Total sex";"2021";"Employees, not specified";"35-39 years";"A Agriculture, forestry and fishing";87;265;834;661;412
"Total sex";"2021";"Employees, not specified";"35-39 years";"B Mining and quarrying";0;2;3;2;3
"Total sex";"2021";"Employees, not specified";"35-39 years";"CA Manufacture of food products, beverages and tobacco";64;37;44;27;32
"Total sex";"2021";"Employees, not specified";"35-39 years";"CB Textiles and leather products";27;3;6;11;2
"Total sex";"2021";"Employees, not specified";"35-39 years";"CC Wood and paper products and printing";25;6;15;17;14
"Total sex";"2021";"Employees, not specified";"35-39 years";"CD Oil refinery etc.";1;0;0;0;0
"Total sex";"2021";"Employees, not specified";"35-39 years";"CE Manufacture of chemicals";7;1;1;0;2
"Total sex";"2021";"Employees, not specified";"35-39 years";"CF Pharmaceuticals";12;2;2;0;0
"Total sex";"2021";"Employees, not specified";"35-39 years";"CG Manufacture of plastic, glass and concrete";16;11;11;11;10
"Total sex";"2021";"Employees, not specified";"35-39 years";"CH Basic metals and fabricated metal products";20;11;51;43;26
"Total sex";"2021";"Employees, not specified";"35-39 years";"CI Manufacture of electronic components";27;5;6;3;2
"Total sex";"2021";"Employees, not specified";"35-39 years";"CJ Electrical equipment";10;6;2;9;6
"Total sex";"2021";"Employees, not specified";"35-39 years";"CK Manufacture of machinery";13;13;35;39;7
"Total sex";"2021";"Employees, not specified";"35-39 years";"CL Transport equipment";12;3;4;2;3
"Total sex";"2021";"Employees, not specified";"35-39 years";"CM Manufacture of funiture and other manufacturing";68;29;50;57;25
"Total sex";"2021";"Employees, not specified";"35-39 years";"D Electricity, gas, steam and air conditioning supply";12;1;9;10;7
"Total sex";"2021";"Employees, not specified";"35-39 years";"E Water supply, sewerage and waste management";22;8;17;11;3
"Total sex";"2021";"Employees, not specified";"35-39 years";"F Construction";642;316;277;315;129
"Total sex";"2021";"Employees, not specified";"35-39 years";"G Wholesale and retail trade";1067;390;635;807;303
"Total sex";"2021";"Employees, not specified";"35-39 years";"H Transportation";474;159;201;170;64
"Total sex";"2021";"Employees, not specified";"35-39 years";"I Accommodation and food service activities";1062;229;318;390;170
"Total sex";"2021";"Employees, not specified";"35-39 years";"JA Publishing, television and radio broadcasting";294;17;31;43;19
"Total sex";"2021";"Employees, not specified";"35-39 years";"JB Telecommunications";11;1;6;5;0
"Total sex";"2021";"Employees, not specified";"35-39 years";"JC IT and information service activities";431;57;109;154;50
"Total sex";"2021";"Employees, not specified";"35-39 years";"K Financial and insurance";132;20;34;47;19
"Total sex";"2021";"Employees, not specified";"35-39 years";"L Real estate activities";275;67;127;130;69
"Total sex";"2021";"Employees, not specified";"35-39 years";"MA Consultancy etc.";371;58;81;131;43
"Total sex";"2021";"Employees, not specified";"35-39 years";"MB Scientific research and development";22;7;4;3;1
"Total sex";"2021";"Employees, not specified";"35-39 years";"MC Advertising and other business services";287;38;65;120;37
"Total sex";"2021";"Employees, not specified";"35-39 years";"N Travel agent, cleaning, and other operationel services";680;211;255;274;137
"Total sex";"2021";"Employees, not specified";"35-39 years";"O Public administration, defence and compulsory social security";72;61;31;38;17
"Total sex";"2021";"Employees, not specified";"35-39 years";"P Education";90;38;41;41;21
"Total sex";"2021";"Employees, not specified";"35-39 years";"QA Human health activities";84;31;61;78;36
"Total sex";"2021";"Employees, not specified";"35-39 years";"QB Residential care";190;115;123;116;62
"Total sex";"2021";"Employees, not specified";"35-39 years";"R Arts, entertainment and recreation activities";170;54;99;115;53
"Total sex";"2021";"Employees, not specified";"35-39 years";"S Other service activities etc.";370;75;151;123;42
"Total sex";"2021";"Employees, not specified";"35-39 years";"X Activity not stated";0;0;0;0;0
"Total sex";"2021";"Employees, not specified";"40-44 years";"A Agriculture, forestry and fishing";72;230;582;467;288
"Total sex";"2021";"Employees, not specified";"40-44 years";"B Mining and quarrying";0;2;1;5;2
"Total sex";"2021";"Employees, not specified";"40-44 years";"CA Manufacture of food products, beverages and tobacco";52;38;34;31;17
"Total sex";"2021";"Employees, not specified";"40-44 years";"CB Textiles and leather products";27;6;15;24;4
"Total sex";"2021";"Employees, not specified";"40-44 years";"CC Wood and paper products and printing";32;14;16;36;6
"Total sex";"2021";"Employees, not specified";"40-44 years";"CD Oil refinery etc.";0;0;0;0;0
"Total sex";"2021";"Employees, not specified";"40-44 years";"CE Manufacture of chemicals";10;3;5;5;3
"Total sex";"2021";"Employees, not specified";"40-44 years";"CF Pharmaceuticals";4;0;2;1;0
"Total sex";"2021";"Employees, not specified";"40-44 years";"CG Manufacture of plastic, glass and concrete";19;11;20;15;6
"Total sex";"2021";"Employees, not specified";"40-44 years";"CH Basic metals and fabricated metal products";31;17;65;41;25
"Total sex";"2021";"Employees, not specified";"40-44 years";"CI Manufacture of electronic components";31;5;6;7;2
"Total sex";"2021";"Employees, not specified";"40-44 years";"CJ Electrical equipment";11;8;5;4;3
"Total sex";"2021";"Employees, not specified";"40-44 years";"CK Manufacture of machinery";18;15;43;32;17
"Total sex";"2021";"Employees, not specified";"40-44 years";"CL Transport equipment";8;2;4;4;6
"Total sex";"2021";"Employees, not specified";"40-44 years";"CM Manufacture of funiture and other manufacturing";65;27;69;56;30
"Total sex";"2021";"Employees, not specified";"40-44 years";"D Electricity, gas, steam and air conditioning supply";2;1;6;18;13
"Total sex";"2021";"Employees, not specified";"40-44 years";"E Water supply, sewerage and waste management";11;15;22;9;11
"Total sex";"2021";"Employees, not specified";"40-44 years";"F Construction";610;326;309;351;145
"Total sex";"2021";"Employees, not specified";"40-44 years";"G Wholesale and retail trade";1254;459;753;907;381
"Total sex";"2021";"Employees, not specified";"40-44 years";"H Transportation";485;157;227;180;75
"Total sex";"2021";"Employees, not specified";"40-44 years";"I Accommodation and food service activities";866;276;390;365;149
"Total sex";"2021";"Employees, not specified";"40-44 years";"JA Publishing, television and radio broadcasting";293;14;34;38;20
"Total sex";"2021";"Employees, not specified";"40-44 years";"JB Telecommunications";18;3;11;16;4
"Total sex";"2021";"Employees, not specified";"40-44 years";"JC IT and information service activities";435;76;113;140;49
"Total sex";"2021";"Employees, not specified";"40-44 years";"K Financial and insurance";165;26;52;70;18
"Total sex";"2021";"Employees, not specified";"40-44 years";"L Real estate activities";247;72;158;158;60
"Total sex";"2021";"Employees, not specified";"40-44 years";"MA Consultancy etc.";365;80;100;150;50
"Total sex";"2021";"Employees, not specified";"40-44 years";"MB Scientific research and development";25;1;4;8;0
"Total sex";"2021";"Employees, not specified";"40-44 years";"MC Advertising and other business services";269;46;98;138;38
"Total sex";"2021";"Employees, not specified";"40-44 years";"N Travel agent, cleaning, and other operationel services";709;222;287;334;139
"Total sex";"2021";"Employees, not specified";"40-44 years";"O Public administration, defence and compulsory social security";82;73;41;37;21
"Total sex";"2021";"Employees, not specified";"40-44 years";"P Education";145;39;60;54;30
"Total sex";"2021";"Employees, not specified";"40-44 years";"QA Human health activities";135;48;97;98;38
"Total sex";"2021";"Employees, not specified";"40-44 years";"QB Residential care";180;136;137;132;83
"Total sex";"2021";"Employees, not specified";"40-44 years";"R Arts, entertainment and recreation activities";203;70;126;134;58
"Total sex";"2021";"Employees, not specified";"40-44 years";"S Other service activities etc.";378;79;119;148;65
"Total sex";"2021";"Employees, not specified";"40-44 years";"X Activity not stated";0;0;0;0;0
"Total sex";"2021";"Employees, not specified";"45-49 years";"A Agriculture, forestry and fishing";86;220;550;446;263
"Total sex";"2021";"Employees, not specified";"45-49 years";"B Mining and quarrying";3;1;5;8;4
"Total sex";"2021";"Employees, not specified";"45-49 years";"CA Manufacture of food products, beverages and tobacco";62;38;49;36;34
"Total sex";"2021";"Employees, not specified";"45-49 years";"CB Textiles and leather products";29;7;13;24;9
"Total sex";"2021";"Employees, not specified";"45-49 years";"CC Wood and paper products and printing";33;15;25;31;10
"Total sex";"2021";"Employees, not specified";"45-49 years";"CD Oil refinery etc.";0;0;0;0;1
"Total sex";"2021";"Employees, not specified";"45-49 years";"CE Manufacture of chemicals";8;7;5;4;3
"Total sex";"2021";"Employees, not specified";"45-49 years";"CF Pharmaceuticals";15;0;2;3;1
"Total sex";"2021";"Employees, not specified";"45-49 years";"CG Manufacture of plastic, glass and concrete";24;15;29;30;10
"Total sex";"2021";"Employees, not specified";"45-49 years";"CH Basic metals and fabricated metal products";31;39;89;59;26
"Total sex";"2021";"Employees, not specified";"45-49 years";"CI Manufacture of electronic components";25;8;8;18;6
"Total sex";"2021";"Employees, not specified";"45-49 years";"CJ Electrical equipment";17;12;9;15;8
"Total sex";"2021";"Employees, not specified";"45-49 years";"CK Manufacture of machinery";26;19;63;49;15
"Total sex";"2021";"Employees, not specified";"45-49 years";"CL Transport equipment";5;10;10;4;6
"Total sex";"2021";"Employees, not specified";"45-49 years";"CM Manufacture of funiture and other manufacturing";88;43;87;68;40
"Total sex";"2021";"Employees, not specified";"45-49 years";"D Electricity, gas, steam and air conditioning supply";9;4;21;23;9
"Total sex";"2021";"Employees, not specified";"45-49 years";"E Water supply, sewerage and waste management";19;18;21;12;6
"Total sex";"2021";"Employees, not specified";"45-49 years";"F Construction";612;369;337;347;145
"Total sex";"2021";"Employees, not specified";"45-49 years";"G Wholesale and retail trade";1465;616;1061;1182;456
"Total sex";"2021";"Employees, not specified";"45-49 years";"H Transportation";507;154;223;213;85
"Total sex";"2021";"Employees, not specified";"45-49 years";"I Accommodation and food service activities";847;282;376;437;167
"Total sex";"2021";"Employees, not specified";"45-49 years";"JA Publishing, television and radio broadcasting";269;21;39;53;16
"Total sex";"2021";"Employees, not specified";"45-49 years";"JB Telecommunications";20;4;7;7;4
"Total sex";"2021";"Employees, not specified";"45-49 years";"JC IT and information service activities";512;95;111;156;43
"Total sex";"2021";"Employees, not specified";"45-49 years";"K Financial and insurance";245;40;88;92;20
"Total sex";"2021";"Employees, not specified";"45-49 years";"L Real estate activities";266;106;177;186;82
"Total sex";"2021";"Employees, not specified";"45-49 years";"MA Consultancy etc.";510;129;174;200;73
"Total sex";"2021";"Employees, not specified";"45-49 years";"MB Scientific research and development";33;2;3;5;0
"Total sex";"2021";"Employees, not specified";"45-49 years";"MC Advertising and other business services";336;72;94;183;27
"Total sex";"2021";"Employees, not specified";"45-49 years";"N Travel agent, cleaning, and other operationel services";732;263;283;350;134
"Total sex";"2021";"Employees, not specified";"45-49 years";"O Public administration, defence and compulsory social security";78;51;37;39;24
"Total sex";"2021";"Employees, not specified";"45-49 years";"P Education";131;53;67;60;34
"Total sex";"2021";"Employees, not specified";"45-49 years";"QA Human health activities";215;80;133;152;43
"Total sex";"2021";"Employees, not specified";"45-49 years";"QB Residential care";238;150;166;162;104
"Total sex";"2021";"Employees, not specified";"45-49 years";"R Arts, entertainment and recreation activities";208;88;159;174;71
"Total sex";"2021";"Employees, not specified";"45-49 years";"S Other service activities etc.";382;91;159;190;59
"Total sex";"2021";"Employees, not specified";"45-49 years";"X Activity not stated";0;0;0;0;0
"Total sex";"2021";"Employees, not specified";"50-54 years";"A Agriculture, forestry and fishing";75;242;553;420;238
"Total sex";"2021";"Employees, not specified";"50-54 years";"B Mining and quarrying";4;7;6;7;3
"Total sex";"2021";"Employees, not specified";"50-54 years";"CA Manufacture of food products, beverages and tobacco";46;33;50;30;32
"Total sex";"2021";"Employees, not specified";"50-54 years";"CB Textiles and leather products";30;6;19;22;7
"Total sex";"2021";"Employees, not specified";"50-54 years";"CC Wood and paper products and printing";35;9;21;38;5
"Total sex";"2021";"Employees, not specified";"50-54 years";"CD Oil refinery etc.";1;0;0;0;0
"Total sex";"2021";"Employees, not specified";"50-54 years";"CE Manufacture of chemicals";10;6;6;7;3
"Total sex";"2021";"Employees, not specified";"50-54 years";"CF Pharmaceuticals";18;1;0;2;1
"Total sex";"2021";"Employees, not specified";"50-54 years";"CG Manufacture of plastic, glass and concrete";33;19;42;31;14
"Total sex";"2021";"Employees, not specified";"50-54 years";"CH Basic metals and fabricated metal products";48;43;73;79;27
"Total sex";"2021";"Employees, not specified";"50-54 years";"CI Manufacture of electronic components";45;12;14;12;3
"Total sex";"2021";"Employees, not specified";"50-54 years";"CJ Electrical equipment";14;7;11;10;5
"Total sex";"2021";"Employees, not specified";"50-54 years";"CK Manufacture of machinery";40;25;58;60;15
"Total sex";"2021";"Employees, not specified";"50-54 years";"CL Transport equipment";6;3;9;5;3
"Total sex";"2021";"Employees, not specified";"50-54 years";"CM Manufacture of funiture and other manufacturing";85;40;98;89;28
"Total sex";"2021";"Employees, not specified";"50-54 years";"D Electricity, gas, steam and air conditioning supply";7;11;30;31;15
"Total sex";"2021";"Employees, not specified";"50-54 years";"E Water supply, sewerage and waste management";18;18;26;19;13
"Total sex";"2021";"Employees, not specified";"50-54 years";"F Construction";490;353;300;310;142
"Total sex";"2021";"Employees, not specified";"50-54 years";"G Wholesale and retail trade";1454;704;1138;1174;478
"Total sex";"2021";"Employees, not specified";"50-54 years";"H Transportation";520;185;255;219;87
"Total sex";"2021";"Employees, not specified";"50-54 years";"I Accommodation and food service activities";766;282;342;358;195
"Total sex";"2021";"Employees, not specified";"50-54 years";"JA Publishing, television and radio broadcasting";197;21;37;44;12
"Total sex";"2021";"Employees, not specified";"50-54 years";"JB Telecommunications";24;3;15;16;2
"Total sex";"2021";"Employees, not specified";"50-54 years";"JC IT and information service activities";416;73;105;124;52
"Total sex";"2021";"Employees, not specified";"50-54 years";"K Financial and insurance";282;37;94;114;45
"Total sex";"2021";"Employees, not specified";"50-54 years";"L Real estate activities";348;113;232;219;85
"Total sex";"2021";"Employees, not specified";"50-54 years";"MA Consultancy etc.";540;143;195;239;73
"Total sex";"2021";"Employees, not specified";"50-54 years";"MB Scientific research and development";24;4;4;5;5
"Total sex";"2021";"Employees, not specified";"50-54 years";"MC Advertising and other business services";292;51;102;130;27
"Total sex";"2021";"Employees, not specified";"50-54 years";"N Travel agent, cleaning, and other operationel services";657;284;320;340;130
"Total sex";"2021";"Employees, not specified";"50-54 years";"O Public administration, defence and compulsory social security";57;41;28;32;28
"Total sex";"2021";"Employees, not specified";"50-54 years";"P Education";129;65;81;65;46
"Total sex";"2021";"Employees, not specified";"50-54 years";"QA Human health activities";202;91;168;134;56
"Total sex";"2021";"Employees, not specified";"50-54 years";"QB Residential care";215;144;166;182;89
"Total sex";"2021";"Employees, not specified";"50-54 years";"R Arts, entertainment and recreation activities";172;80;160;172;66
"Total sex";"2021";"Employees, not specified";"50-54 years";"S Other service activities etc.";382;110;195;168;63
"Total sex";"2021";"Employees, not specified";"50-54 years";"X Activity not stated";0;0;0;0;0
"Total sex";"2021";"Employees, not specified";"55-59 years";"A Agriculture, forestry and fishing";70;230;545;460;301
"Total sex";"2021";"Employees, not specified";"55-59 years";"B Mining and quarrying";1;2;5;5;3
"Total sex";"2021";"Employees, not specified";"55-59 years";"CA Manufacture of food products, beverages and tobacco";44;38;57;38;25
"Total sex";"2021";"Employees, not specified";"55-59 years";"CB Textiles and leather products";16;11;17;30;7
"Total sex";"2021";"Employees, not specified";"55-59 years";"CC Wood and paper products and printing";44;16;30;47;16
"Total sex";"2021";"Employees, not specified";"55-59 years";"CD Oil refinery etc.";0;0;0;0;0
"Total sex";"2021";"Employees, not specified";"55-59 years";"CE Manufacture of chemicals";6;3;8;6;4
"Total sex";"2021";"Employees, not specified";"55-59 years";"CF Pharmaceuticals";8;1;0;3;0
"Total sex";"2021";"Employees, not specified";"55-59 years";"CG Manufacture of plastic, glass and concrete";23;27;30;34;14
"Total sex";"2021";"Employees, not specified";"55-59 years";"CH Basic metals and fabricated metal products";51;49;93;81;23
"Total sex";"2021";"Employees, not specified";"55-59 years";"CI Manufacture of electronic components";30;21;13;20;4
"Total sex";"2021";"Employees, not specified";"55-59 years";"CJ Electrical equipment";19;8;15;13;7
"Total sex";"2021";"Employees, not specified";"55-59 years";"CK Manufacture of machinery";35;13;51;53;20
"Total sex";"2021";"Employees, not specified";"55-59 years";"CL Transport equipment";8;2;22;11;8
"Total sex";"2021";"Employees, not specified";"55-59 years";"CM Manufacture of funiture and other manufacturing";92;41;101;77;45
"Total sex";"2021";"Employees, not specified";"55-59 years";"D Electricity, gas, steam and air conditioning supply";8;14;29;41;22
"Total sex";"2021";"Employees, not specified";"55-59 years";"E Water supply, sewerage and waste management";21;17;30;20;6
"Total sex";"2021";"Employees, not specified";"55-59 years";"F Construction";392;298;257;282;167
"Total sex";"2021";"Employees, not specified";"55-59 years";"G Wholesale and retail trade";1468;680;1144;1110;429
"Total sex";"2021";"Employees, not specified";"55-59 years";"H Transportation";476;178;295;251;125
"Total sex";"2021";"Employees, not specified";"55-59 years";"I Accommodation and food service activities";535;239;341;373;171
"Total sex";"2021";"Employees, not specified";"55-59 years";"JA Publishing, television and radio broadcasting";174;25;17;40;13
"Total sex";"2021";"Employees, not specified";"55-59 years";"JB Telecommunications";28;5;3;9;1
"Total sex";"2021";"Employees, not specified";"55-59 years";"JC IT and information service activities";332;59;76;97;34
"Total sex";"2021";"Employees, not specified";"55-59 years";"K Financial and insurance";303;74;132;129;46
"Total sex";"2021";"Employees, not specified";"55-59 years";"L Real estate activities";393;143;237;212;96
"Total sex";"2021";"Employees, not specified";"55-59 years";"MA Consultancy etc.";562;160;218;237;83
"Total sex";"2021";"Employees, not specified";"55-59 years";"MB Scientific research and development";17;4;3;7;5
"Total sex";"2021";"Employees, not specified";"55-59 years";"MC Advertising and other business services";215;53;116;113;31
"Total sex";"2021";"Employees, not specified";"55-59 years";"N Travel agent, cleaning, and other operationel services";565;263;326;298;120
"Total sex";"2021";"Employees, not specified";"55-59 years";"O Public administration, defence and compulsory social security";75;37;35;44;28
"Total sex";"2021";"Employees, not specified";"55-59 years";"P Education";135;86;85;71;38
"Total sex";"2021";"Employees, not specified";"55-59 years";"QA Human health activities";215;93;115;163;61
"Total sex";"2021";"Employees, not specified";"55-59 years";"QB Residential care";193;148;215;199;96
"Total sex";"2021";"Employees, not specified";"55-59 years";"R Arts, entertainment and recreation activities";178;106;197;189;89
"Total sex";"2021";"Employees, not specified";"55-59 years";"S Other service activities etc.";406;117;204;172;66
"Total sex";"2021";"Employees, not specified";"55-59 years";"X Activity not stated";0;0;0;0;0
"Total sex";"2021";"Employees, not specified";"60-64 years";"A Agriculture, forestry and fishing";66;176;362;325;215
"Total sex";"2021";"Employees, not specified";"60-64 years";"B Mining and quarrying";0;3;4;2;2
"Total sex";"2021";"Employees, not specified";"60-64 years";"CA Manufacture of food products, beverages and tobacco";28;17;26;32;18
"Total sex";"2021";"Employees, not specified";"60-64 years";"CB Textiles and leather products";8;9;11;22;6
"Total sex";"2021";"Employees, not specified";"60-64 years";"CC Wood and paper products and printing";28;10;24;30;6
"Total sex";"2021";"Employees, not specified";"60-64 years";"CD Oil refinery etc.";0;0;0;0;1
"Total sex";"2021";"Employees, not specified";"60-64 years";"CE Manufacture of chemicals";8;2;6;6;2
"Total sex";"2021";"Employees, not specified";"60-64 years";"CF Pharmaceuticals";6;1;0;0;0
"Total sex";"2021";"Employees, not specified";"60-64 years";"CG Manufacture of plastic, glass and concrete";16;15;14;25;8
"Total sex";"2021";"Employees, not specified";"60-64 years";"CH Basic metals and fabricated metal products";38;30;60;49;18
"Total sex";"2021";"Employees, not specified";"60-64 years";"CI Manufacture of electronic components";29;14;15;17;2
"Total sex";"2021";"Employees, not specified";"60-64 years";"CJ Electrical equipment";15;8;11;7;3
"Total sex";"2021";"Employees, not specified";"60-64 years";"CK Manufacture of machinery";18;17;32;35;14
"Total sex";"2021";"Employees, not specified";"60-64 years";"CL Transport equipment";2;0;12;11;4
"Total sex";"2021";"Employees, not specified";"60-64 years";"CM Manufacture of funiture and other manufacturing";38;38;69;44;27
"Total sex";"2021";"Employees, not specified";"60-64 years";"D Electricity, gas, steam and air conditioning supply";5;12;16;26;15
"Total sex";"2021";"Employees, not specified";"60-64 years";"E Water supply, sewerage and waste management";15;18;34;22;14
"Total sex";"2021";"Employees, not specified";"60-64 years";"F Construction";239;178;208;166;95
"Total sex";"2021";"Employees, not specified";"60-64 years";"G Wholesale and retail trade";894;470;711;767;317
"Total sex";"2021";"Employees, not specified";"60-64 years";"H Transportation";360;137;210;162;104
"Total sex";"2021";"Employees, not specified";"60-64 years";"I Accommodation and food service activities";341;163;213;240;103
"Total sex";"2021";"Employees, not specified";"60-64 years";"JA Publishing, television and radio broadcasting";96;9;16;26;17
"Total sex";"2021";"Employees, not specified";"60-64 years";"JB Telecommunications";10;4;7;8;2
"Total sex";"2021";"Employees, not specified";"60-64 years";"JC IT and information service activities";211;39;50;70;15
"Total sex";"2021";"Employees, not specified";"60-64 years";"K Financial and insurance";252;54;107;135;55
"Total sex";"2021";"Employees, not specified";"60-64 years";"L Real estate activities";352;122;235;204;97
"Total sex";"2021";"Employees, not specified";"60-64 years";"MA Consultancy etc.";364;124;147;191;62
"Total sex";"2021";"Employees, not specified";"60-64 years";"MB Scientific research and development";19;1;5;7;0
"Total sex";"2021";"Employees, not specified";"60-64 years";"MC Advertising and other business services";139;44;69;72;16
"Total sex";"2021";"Employees, not specified";"60-64 years";"N Travel agent, cleaning, and other operationel services";370;202;209;226;86
"Total sex";"2021";"Employees, not specified";"60-64 years";"O Public administration, defence and compulsory social security";66;27;18;32;13
"Total sex";"2021";"Employees, not specified";"60-64 years";"P Education";102;44;74;59;28
"Total sex";"2021";"Employees, not specified";"60-64 years";"QA Human health activities";162;66;99;115;34
"Total sex";"2021";"Employees, not specified";"60-64 years";"QB Residential care";142;109;133;139;62
"Total sex";"2021";"Employees, not specified";"60-64 years";"R Arts, entertainment and recreation activities";135;75;114;139;65
"Total sex";"2021";"Employees, not specified";"60-64 years";"S Other service activities etc.";330;92;140;141;65
"Total sex";"2021";"Employees, not specified";"60-64 years";"X Activity not stated";0;0;0;0;0
"Total sex";"2021";"Employees, not specified";"65-66 years";"A Agriculture, forestry and fishing";16;43;80;85;33
"Total sex";"2021";"Employees, not specified";"65-66 years";"B Mining and quarrying";0;1;1;0;2
"Total sex";"2021";"Employees, not specified";"65-66 years";"CA Manufacture of food products, beverages and tobacco";5;3;6;7;8
"Total sex";"2021";"Employees, not specified";"65-66 years";"CB Textiles and leather products";1;3;4;5;1
"Total sex";"2021";"Employees, not specified";"65-66 years";"CC Wood and paper products and printing";8;5;4;6;4
"Total sex";"2021";"Employees, not specified";"65-66 years";"CD Oil refinery etc.";0;0;0;0;0
"Total sex";"2021";"Employees, not specified";"65-66 years";"CE Manufacture of chemicals";0;1;2;5;1
"Total sex";"2021";"Employees, not specified";"65-66 years";"CF Pharmaceuticals";1;1;0;0;0
"Total sex";"2021";"Employees, not specified";"65-66 years";"CG Manufacture of plastic, glass and concrete";4;6;5;7;8
"Total sex";"2021";"Employees, not specified";"65-66 years";"CH Basic metals and fabricated metal products";6;4;13;11;2
"Total sex";"2021";"Employees, not specified";"65-66 years";"CI Manufacture of electronic components";5;2;1;0;0
"Total sex";"2021";"Employees, not specified";"65-66 years";"CJ Electrical equipment";2;1;2;4;1
"Total sex";"2021";"Employees, not specified";"65-66 years";"CK Manufacture of machinery";2;2;11;15;6
"Total sex";"2021";"Employees, not specified";"65-66 years";"CL Transport equipment";1;2;2;0;0
"Total sex";"2021";"Employees, not specified";"65-66 years";"CM Manufacture of funiture and other manufacturing";20;11;13;10;11
"Total sex";"2021";"Employees, not specified";"65-66 years";"D Electricity, gas, steam and air conditioning supply";2;2;7;11;7
"Total sex";"2021";"Employees, not specified";"65-66 years";"E Water supply, sewerage and waste management";6;8;13;6;2
"Total sex";"2021";"Employees, not specified";"65-66 years";"F Construction";50;33;32;52;22
"Total sex";"2021";"Employees, not specified";"65-66 years";"G Wholesale and retail trade";213;119;181;222;83
"Total sex";"2021";"Employees, not specified";"65-66 years";"H Transportation";72;60;70;72;41
"Total sex";"2021";"Employees, not specified";"65-66 years";"I Accommodation and food service activities";82;27;53;55;28
"Total sex";"2021";"Employees, not specified";"65-66 years";"JA Publishing, television and radio broadcasting";23;2;6;7;3
"Total sex";"2021";"Employees, not specified";"65-66 years";"JB Telecommunications";1;1;1;0;0
"Total sex";"2021";"Employees, not specified";"65-66 years";"JC IT and information service activities";46;16;17;17;9
"Total sex";"2021";"Employees, not specified";"65-66 years";"K Financial and insurance";78;25;54;57;19
"Total sex";"2021";"Employees, not specified";"65-66 years";"L Real estate activities";110;41;60;77;32
"Total sex";"2021";"Employees, not specified";"65-66 years";"MA Consultancy etc.";102;35;49;64;25
"Total sex";"2021";"Employees, not specified";"65-66 years";"MB Scientific research and development";1;4;1;1;0
"Total sex";"2021";"Employees, not specified";"65-66 years";"MC Advertising and other business services";40;7;14;23;9
"Total sex";"2021";"Employees, not specified";"65-66 years";"N Travel agent, cleaning, and other operationel services";87;52;59;63;22
"Total sex";"2021";"Employees, not specified";"65-66 years";"O Public administration, defence and compulsory social security";37;7;16;20;7
"Total sex";"2021";"Employees, not specified";"65-66 years";"P Education";25;18;26;20;9
"Total sex";"2021";"Employees, not specified";"65-66 years";"QA Human health activities";52;19;39;29;7
"Total sex";"2021";"Employees, not specified";"65-66 years";"QB Residential care";40;32;34;46;21
"Total sex";"2021";"Employees, not specified";"65-66 years";"R Arts, entertainment and recreation activities";44;28;36;39;15
"Total sex";"2021";"Employees, not specified";"65-66 years";"S Other service activities etc.";103;40;54;61;23
"Total sex";"2021";"Employees, not specified";"65-66 years";"X Activity not stated";0;0;0;0;0
"Total sex";"2021";"Employees, not specified";"67 years and over";"A Agriculture, forestry and fishing";45;155;265;279;158
"Total sex";"2021";"Employees, not specified";"67 years and over";"B Mining and quarrying";0;3;3;4;3
"Total sex";"2021";"Employees, not specified";"67 years and over";"CA Manufacture of food products, beverages and tobacco";18;13;33;23;11
"Total sex";"2021";"Employees, not specified";"67 years and over";"CB Textiles and leather products";7;4;6;16;6
"Total sex";"2021";"Employees, not specified";"67 years and over";"CC Wood and paper products and printing";27;14;22;29;4
"Total sex";"2021";"Employees, not specified";"67 years and over";"CD Oil refinery etc.";0;0;0;0;0
"Total sex";"2021";"Employees, not specified";"67 years and over";"CE Manufacture of chemicals";6;6;7;3;8
"Total sex";"2021";"Employees, not specified";"67 years and over";"CF Pharmaceuticals";21;0;0;0;0
"Total sex";"2021";"Employees, not specified";"67 years and over";"CG Manufacture of plastic, glass and concrete";19;17;14;20;10
"Total sex";"2021";"Employees, not specified";"67 years and over";"CH Basic metals and fabricated metal products";32;26;44;42;18
"Total sex";"2021";"Employees, not specified";"67 years and over";"CI Manufacture of electronic components";29;5;4;13;2
"Total sex";"2021";"Employees, not specified";"67 years and over";"CJ Electrical equipment";9;10;3;16;3
"Total sex";"2021";"Employees, not specified";"67 years and over";"CK Manufacture of machinery";22;13;44;24;9
"Total sex";"2021";"Employees, not specified";"67 years and over";"CL Transport equipment";2;2;11;6;2
"Total sex";"2021";"Employees, not specified";"67 years and over";"CM Manufacture of funiture and other manufacturing";60;31;52;52;11
"Total sex";"2021";"Employees, not specified";"67 years and over";"D Electricity, gas, steam and air conditioning supply";17;23;32;65;38
"Total sex";"2021";"Employees, not specified";"67 years and over";"E Water supply, sewerage and waste management";43;157;150;118;41
"Total sex";"2021";"Employees, not specified";"67 years and over";"F Construction";131;128;121;120;69
"Total sex";"2021";"Employees, not specified";"67 years and over";"G Wholesale and retail trade";800;396;652;772;256
"Total sex";"2021";"Employees, not specified";"67 years and over";"H Transportation";197;174;295;234;99
"Total sex";"2021";"Employees, not specified";"67 years and over";"I Accommodation and food service activities";174;76;143;147;88
"Total sex";"2021";"Employees, not specified";"67 years and over";"JA Publishing, television and radio broadcasting";266;18;18;31;27
"Total sex";"2021";"Employees, not specified";"67 years and over";"JB Telecommunications";4;3;2;1;2
"Total sex";"2021";"Employees, not specified";"67 years and over";"JC IT and information service activities";103;40;28;62;11
"Total sex";"2021";"Employees, not specified";"67 years and over";"K Financial and insurance";541;191;421;533;161
"Total sex";"2021";"Employees, not specified";"67 years and over";"L Real estate activities";794;269;386;514;206
"Total sex";"2021";"Employees, not specified";"67 years and over";"MA Consultancy etc.";524;195;218;235;85
"Total sex";"2021";"Employees, not specified";"67 years and over";"MB Scientific research and development";20;3;7;5;1
"Total sex";"2021";"Employees, not specified";"67 years and over";"MC Advertising and other business services";125;28;61;59;19
"Total sex";"2021";"Employees, not specified";"67 years and over";"N Travel agent, cleaning, and other operationel services";261;120;156;163;61
"Total sex";"2021";"Employees, not specified";"67 years and over";"O Public administration, defence and compulsory social security";356;151;199;208;64
"Total sex";"2021";"Employees, not specified";"67 years and over";"P Education";174;137;126;132;38
"Total sex";"2021";"Employees, not specified";"67 years and over";"QA Human health activities";179;69;108;87;49
"Total sex";"2021";"Employees, not specified";"67 years and over";"QB Residential care";239;86;134;107;59
"Total sex";"2021";"Employees, not specified";"67 years and over";"R Arts, entertainment and recreation activities";211;89;124;171;84
"Total sex";"2021";"Employees, not specified";"67 years and over";"S Other service activities etc.";502;494;428;402;183
"Total sex";"2021";"Employees, not specified";"67 years and over";"X Activity not stated";0;0;0;0;0
