Country,ISO3 Code,Datetime (UTC),Datetime (Local),Price (EUR/MWhe)
Netherlands,NLD,2023-12-31T23:00:00Z,2024-01-01T00:00:00Z,0.1
Netherlands,NLD,2024-01-01T00:00:00Z,2024-01-01T01:00:00Z,0.01
Netherlands,NLD,2024-01-01T01:00:00Z,2024-01-01T02:00:00Z,0
Netherlands,NLD,2024-01-01T02:00:00Z,2024-01-01T03:00:00Z,-0.01
Netherlands,NLD,2024-01-01T03:00:00Z,2024-01-01T04:00:00Z,-0.03
Netherlands,NLD,2024-01-01T04:00:00Z,2024-01-01T05:00:00Z,-0.02
Netherlands,NLD,2024-01-01T05:00:00Z,2024-01-01T06:00:00Z,-0.05
Netherlands,NLD,2024-01-01T06:00:00Z,2024-01-01T07:00:00Z,-0.02
Netherlands,NLD,2024-01-01T07:00:00Z,2024-01-01T08:00:00Z,0
Netherlands,NLD,2024-01-01T08:00:00Z,2024-01-01T09:00:00Z,0.04
Netherlands,NLD,2024-01-01T09:00:00Z,2024-01-01T10:00:00Z,0.06
Netherlands,NLD,2024-01-01T10:00:00Z,2024-01-01T11:00:00Z,0.54
Netherlands,NLD,2024-01-01T11:00:00Z,2024-01-01T12:00:00Z,2.24
Netherlands,NLD,2024-01-01T12:00:00Z,2024-01-01T13:00:00Z,1.97
Netherlands,NLD,2024-01-01T13:00:00Z,2024-01-01T14:00:00Z,1.13
Netherlands,NLD,2024-01-01T14:00:00Z,2024-01-01T15:00:00Z,3.19
Netherlands,NLD,2024-01-01T15:00:00Z,2024-01-01T16:00:00Z,40
Netherlands,NLD,2024-01-01T16:00:00Z,2024-01-01T17:00:00Z,84.46
Netherlands,NLD,2024-01-01T17:00:00Z,2024-01-01T18:00:00Z,61.74
Netherlands,NLD,2024-01-01T18:00:00Z,2024-01-01T19:00:00Z,61.27
Netherlands,NLD,2024-01-01T19:00:00Z,2024-01-01T20:00:00Z,59.97
Netherlands,NLD,2024-01-01T20:00:00Z,2024-01-01T21:00:00Z,54.92
Netherlands,NLD,2024-01-01T21:00:00Z,2024-01-01T22:00:00Z,47.65
Netherlands,NLD,2024-01-01T22:00:00Z,2024-01-01T23:00:00Z,35.55
Netherlands,NLD,2024-01-01T23:00:00Z,2024-01-02T00:00:00Z,29.39
Netherlands,NLD,2024-01-02T00:00:00Z,2024-01-02T01:00:00Z,19.6
Netherlands,NLD,2024-01-02T01:00:00Z,2024-01-02T02:00:00Z,27.33
Netherlands,NLD,2024-01-02T02:00:00Z,2024-01-02T03:00:00Z,16.2
Netherlands,NLD,2024-01-02T03:00:00Z,2024-01-02T04:00:00Z,9.5
Netherlands,NLD,2024-01-02T04:00:00Z,2024-01-02T05:00:00Z,11.2
Netherlands,NLD,2024-01-02T05:00:00Z,2024-01-02T06:00:00Z,44.43
Netherlands,NLD,2024-01-02T06:00:00Z,2024-01-02T07:00:00Z,56.56
Netherlands,NLD,2024-01-02T07:00:00Z,2024-01-02T08:00:00Z,64.28
Netherlands,NLD,2024-01-02T08:00:00Z,2024-01-02T09:00:00Z,66.12
Netherlands,NLD,2024-01-02T09:00:00Z,2024-01-02T10:00:00Z,70.6
Netherlands,NLD,2024-01-02T10:00:00Z,2024-01-02T11:00:00Z,78.8
Netherlands,NLD,2024-01-02T11:00:00Z,2024-01-02T12:00:00Z,99.9
Netherlands,NLD,2024-01-02T12:00:00Z,2024-01-02T13:00:00Z,102.5
Netherlands,NLD,2024-01-02T13:00:00Z,2024-01-02T14:00:00Z,110.6
Netherlands,NLD,2024-01-02T14:00:00Z,2024-01-02T15:00:00Z,105.7
Netherlands,NLD,2024-01-02T15:00:00Z,2024-01-02T16:00:00Z,100.7
Netherlands,NLD,2024-01-02T16:00:00Z,2024-01-02T17:00:00Z,118.93
Netherlands,NLD,2024-01-02T17:00:00Z,2024-01-02T18:00:00Z,81.3
Netherlands,NLD,2024-01-02T18:00:00Z,2024-01-02T19:00:00Z,70.1
Netherlands,NLD,2024-01-02T19:00:00Z,2024-01-02T20:00:00Z,66.7
Netherlands,NLD,2024-01-02T20:00:00Z,2024-01-02T21:00:00Z,54.9
Netherlands,NLD,2024-01-02T21:00:00Z,2024-01-02T22:00:00Z,53.18
Netherlands,NLD,2024-01-02T22:00:00Z,2024-01-02T23:00:00Z,54.9
Netherlands,NLD,2024-01-02T23:00:00Z,2024-01-03T00:00:00Z,-0.39
Netherlands,NLD,2024-01-03T00:00:00Z,2024-01-03T01:00:00Z,-1.61
Netherlands,NLD,2024-01-03T01:00:00Z,2024-01-03T02:00:00Z,-1.39
Netherlands,NLD,2024-01-03T02:00:00Z,2024-01-03T03:00:00Z,-1.31
Netherlands,NLD,2024-01-03T03:00:00Z,2024-01-03T04:00:00Z,-1.39
Netherlands,NLD,2024-01-03T04:00:00Z,2024-01-03T05:00:00Z,-1.95
Netherlands,NLD,2024-01-03T05:00:00Z,2024-01-03T06:00:00Z,1.05
Netherlands,NLD,2024-01-03T06:00:00Z,2024-01-03T07:00:00Z,40.63
Netherlands,NLD,2024-01-03T07:00:00Z,2024-01-03T08:00:00Z,68.3
Netherlands,NLD,2024-01-03T08:00:00Z,2024-01-03T09:00:00Z,75.9
Netherlands,NLD,2024-01-03T09:00:00Z,2024-01-03T10:00:00Z,73.2
Netherlands,NLD,2024-01-03T10:00:00Z,2024-01-03T11:00:00Z,69.2
Netherlands,NLD,2024-01-03T11:00:00Z,2024-01-03T12:00:00Z,60
Netherlands,NLD,2024-01-03T12:00:00Z,2024-01-03T13:00:00Z,58.86
Netherlands,NLD,2024-01-03T13:00:00Z,2024-01-03T14:00:00Z,60.86
Netherlands,NLD,2024-01-03T14:00:00Z,2024-01-03T15:00:00Z,76
Netherlands,NLD,2024-01-03T15:00:00Z,2024-01-03T16:00:00Z,79
Netherlands,NLD,2024-01-03T16:00:00Z,2024-01-03T17:00:00Z,101
Netherlands,NLD,2024-01-03T17:00:00Z,2024-01-03T18:00:00Z,114.6
Netherlands,NLD,2024-01-03T18:00:00Z,2024-01-03T19:00:00Z,100
Netherlands,NLD,2024-01-03T19:00:00Z,2024-01-03T20:00:00Z,73.23
Netherlands,NLD,2024-01-03T20:00:00Z,2024-01-03T21:00:00Z,67.41
Netherlands,NLD,2024-01-03T21:00:00Z,2024-01-03T22:00:00Z,65
Netherlands,NLD,2024-01-03T22:00:00Z,2024-01-03T23:00:00Z,58.12
Netherlands,NLD,2024-01-03T23:00:00Z,2024-01-04T00:00:00Z,57.3
Netherlands,NLD,2024-01-04T00:00:00Z,2024-01-04T01:00:00Z,50.46
Netherlands,NLD,2024-01-04T01:00:00Z,2024-01-04T02:00:00Z,40
Netherlands,NLD,2024-01-04T02:00:00Z,2024-01-04T03:00:00Z,25.48
Netherlands,NLD,2024-01-04T03:00:00Z,2024-01-04T04:00:00Z,35
Netherlands,NLD,2024-01-04T04:00:00Z,2024-01-04T05:00:00Z,57.73
Netherlands,NLD,2024-01-04T05:00:00Z,2024-01-04T06:00:00Z,72.65
Netherlands,NLD,2024-01-04T06:00:00Z,2024-01-04T07:00:00Z,85.02
Netherlands,NLD,2024-01-04T07:00:00Z,2024-01-04T08:00:00Z,91.47
Netherlands,NLD,2024-01-04T08:00:00Z,2024-01-04T09:00:00Z,94.2
Netherlands,NLD,2024-01-04T09:00:00Z,2024-01-04T10:00:00Z,91.61
Netherlands,NLD,2024-01-04T10:00:00Z,2024-01-04T11:00:00Z,90.03
Netherlands,NLD,2024-01-04T11:00:00Z,2024-01-04T12:00:00Z,86.28
Netherlands,NLD,2024-01-04T12:00:00Z,2024-01-04T13:00:00Z,85.96
Netherlands,NLD,2024-01-04T13:00:00Z,2024-01-04T14:00:00Z,92.11
Netherlands,NLD,2024-01-04T14:00:00Z,2024-01-04T15:00:00Z,98.62
Netherlands,NLD,2024-01-04T15:00:00Z,2024-01-04T16:00:00Z,104.45
Netherlands,NLD,2024-01-04T16:00:00Z,2024-01-04T17:00:00Z,130.21
Netherlands,NLD,2024-01-04T17:00:00Z,2024-01-04T18:00:00Z,140.67
Netherlands,NLD,2024-01-04T18:00:00Z,2024-01-04T19:00:00Z,123.1
Netherlands,NLD,2024-01-04T19:00:00Z,2024-01-04T20:00:00Z,101.65
Netherlands,NLD,2024-01-04T20:00:00Z,2024-01-04T21:00:00Z,96.77
Netherlands,NLD,2024-01-04T21:00:00Z,2024-01-04T22:00:00Z,93.04
Netherlands,NLD,2024-01-04T22:00:00Z,2024-01-04T23:00:00Z,88.61
Netherlands,NLD,2024-01-04T23:00:00Z,2024-01-05T00:00:00Z,86.08
Netherlands,NLD,2024-01-05T00:00:00Z,2024-01-05T01:00:00Z,80.51
Netherlands,NLD,2024-01-05T01:00:00Z,2024-01-05T02:00:00Z,77.01
Netherlands,NLD,2024-01-05T02:00:00Z,2024-01-05T03:00:00Z,72.88
Netherlands,NLD,2024-01-05T03:00:00Z,2024-01-05T04:00:00Z,72.12
Netherlands,NLD,2024-01-05T04:00:00Z,2024-01-05T05:00:00Z,74.52
Netherlands,NLD,2024-01-05T05:00:00Z,2024-01-05T06:00:00Z,80.11
Netherlands,NLD,2024-01-05T06:00:00Z,2024-01-05T07:00:00Z,87.17
Netherlands,NLD,2024-01-05T07:00:00Z,2024-01-05T08:00:00Z,89.78
Netherlands,NLD,2024-01-05T08:00:00Z,2024-01-05T09:00:00Z,95
Netherlands,NLD,2024-01-05T09:00:00Z,2024-01-05T10:00:00Z,96.29
Netherlands,NLD,2024-01-05T10:00:00Z,2024-01-05T11:00:00Z,98.22
Netherlands,NLD,2024-01-05T11:00:00Z,2024-01-05T12:00:00Z,92.29
Netherlands,NLD,2024-01-05T12:00:00Z,2024-01-05T13:00:00Z,91.65
Netherlands,NLD,2024-01-05T13:00:00Z,2024-01-05T14:00:00Z,96.5
Netherlands,NLD,2024-01-05T14:00:00Z,2024-01-05T15:00:00Z,100.13
Netherlands,NLD,2024-01-05T15:00:00Z,2024-01-05T16:00:00Z,103.03
Netherlands,NLD,2024-01-05T16:00:00Z,2024-01-05T17:00:00Z,107.43
Netherlands,NLD,2024-01-05T17:00:00Z,2024-01-05T18:00:00Z,108.47
Netherlands,NLD,2024-01-05T18:00:00Z,2024-01-05T19:00:00Z,104
Netherlands,NLD,2024-01-05T19:00:00Z,2024-01-05T20:00:00Z,100.13
Netherlands,NLD,2024-01-05T20:00:00Z,2024-01-05T21:00:00Z,94.21
Netherlands,NLD,2024-01-05T21:00:00Z,2024-01-05T22:00:00Z,94.92
Netherlands,NLD,2024-01-05T22:00:00Z,2024-01-05T23:00:00Z,86.8
Netherlands,NLD,2024-01-05T23:00:00Z,2024-01-06T00:00:00Z,82.25
Netherlands,NLD,2024-01-06T00:00:00Z,2024-01-06T01:00:00Z,80.2
Netherlands,NLD,2024-01-06T01:00:00Z,2024-01-06T02:00:00Z,76.13
Netherlands,NLD,2024-01-06T02:00:00Z,2024-01-06T03:00:00Z,73.01
Netherlands,NLD,2024-01-06T03:00:00Z,2024-01-06T04:00:00Z,73.01
Netherlands,NLD,2024-01-06T04:00:00Z,2024-01-06T05:00:00Z,74.59
Netherlands,NLD,2024-01-06T05:00:00Z,2024-01-06T06:00:00Z,75.1
Netherlands,NLD,2024-01-06T06:00:00Z,2024-01-06T07:00:00Z,81.39
Netherlands,NLD,2024-01-06T07:00:00Z,2024-01-06T08:00:00Z,88.4
Netherlands,NLD,2024-01-06T08:00:00Z,2024-01-06T09:00:00Z,92.23
Netherlands,NLD,2024-01-06T09:00:00Z,2024-01-06T10:00:00Z,97.3
Netherlands,NLD,2024-01-06T10:00:00Z,2024-01-06T11:00:00Z,100.43
Netherlands,NLD,2024-01-06T11:00:00Z,2024-01-06T12:00:00Z,99.16
Netherlands,NLD,2024-01-06T12:00:00Z,2024-01-06T13:00:00Z,94.52
Netherlands,NLD,2024-01-06T13:00:00Z,2024-01-06T14:00:00Z,92.45
Netherlands,NLD,2024-01-06T14:00:00Z,2024-01-06T15:00:00Z,94.18
Netherlands,NLD,2024-01-06T15:00:00Z,2024-01-06T16:00:00Z,99.22
Netherlands,NLD,2024-01-06T16:00:00Z,2024-01-06T17:00:00Z,104.69
Netherlands,NLD,2024-01-06T17:00:00Z,2024-01-06T18:00:00Z,103.63
Netherlands,NLD,2024-01-06T18:00:00Z,2024-01-06T19:00:00Z,99
Netherlands,NLD,2024-01-06T19:00:00Z,2024-01-06T20:00:00Z,92.14
Netherlands,NLD,2024-01-06T20:00:00Z,2024-01-06T21:00:00Z,88
Netherlands,NLD,2024-01-06T21:00:00Z,2024-01-06T22:00:00Z,86.57
Netherlands,NLD,2024-01-06T22:00:00Z,2024-01-06T23:00:00Z,79.87
Netherlands,NLD,2024-01-06T23:00:00Z,2024-01-07T00:00:00Z,84.08
Netherlands,NLD,2024-01-07T00:00:00Z,2024-01-07T01:00:00Z,79.82
Netherlands,NLD,2024-01-07T01:00:00Z,2024-01-07T02:00:00Z,76.76
Netherlands,NLD,2024-01-07T02:00:00Z,2024-01-07T03:00:00Z,73.46
Netherlands,NLD,2024-01-07T03:00:00Z,2024-01-07T04:00:00Z,71.86
Netherlands,NLD,2024-01-07T04:00:00Z,2024-01-07T05:00:00Z,72.08
Netherlands,NLD,2024-01-07T05:00:00Z,2024-01-07T06:00:00Z,74.9
Netherlands,NLD,2024-01-07T06:00:00Z,2024-01-07T07:00:00Z,77.69
Netherlands,NLD,2024-01-07T07:00:00Z,2024-01-07T08:00:00Z,81.79
Netherlands,NLD,2024-01-07T08:00:00Z,2024-01-07T09:00:00Z,84.86
Netherlands,NLD,2024-01-07T09:00:00Z,2024-01-07T10:00:00Z,87.14
Netherlands,NLD,2024-01-07T10:00:00Z,2024-01-07T11:00:00Z,89.13
Netherlands,NLD,2024-01-07T11:00:00Z,2024-01-07T12:00:00Z,88.66
Netherlands,NLD,2024-01-07T12:00:00Z,2024-01-07T13:00:00Z,84.81
Netherlands,NLD,2024-01-07T13:00:00Z,2024-01-07T14:00:00Z,84.34
Netherlands,NLD,2024-01-07T14:00:00Z,2024-01-07T15:00:00Z,88.01
Netherlands,NLD,2024-01-07T15:00:00Z,2024-01-07T16:00:00Z,93.42
Netherlands,NLD,2024-01-07T16:00:00Z,2024-01-07T17:00:00Z,101.77
Netherlands,NLD,2024-01-07T17:00:00Z,2024-01-07T18:00:00Z,104.85
Netherlands,NLD,2024-01-07T18:00:00Z,2024-01-07T19:00:00Z,103.55
Netherlands,NLD,2024-01-07T19:00:00Z,2024-01-07T20:00:00Z,100.5
Netherlands,NLD,2024-01-07T20:00:00Z,2024-01-07T21:00:00Z,93.31
Netherlands,NLD,2024-01-07T21:00:00Z,2024-01-07T22:00:00Z,91.17
Netherlands,NLD,2024-01-07T22:00:00Z,2024-01-07T23:00:00Z,83.86
Netherlands,NLD,2024-01-07T23:00:00Z,2024-01-08T00:00:00Z,87.02
Netherlands,NLD,2024-01-08T00:00:00Z,2024-01-08T01:00:00Z,84.35
Netherlands,NLD,2024-01-08T01:00:00Z,2024-01-08T02:00:00Z,81.71
Netherlands,NLD,2024-01-08T02:00:00Z,2024-01-08T03:00:00Z,79
Netherlands,NLD,2024-01-08T03:00:00Z,2024-01-08T04:00:00Z,78.47
Netherlands,NLD,2024-01-08T04:00:00Z,2024-01-08T05:00:00Z,82.1
Netherlands,NLD,2024-01-08T05:00:00Z,2024-01-08T06:00:00Z,94.3
Netherlands,NLD,2024-01-08T06:00:00Z,2024-01-08T07:00:00Z,111.09
Netherlands,NLD,2024-01-08T07:00:00Z,2024-01-08T08:00:00Z,121.11
Netherlands,NLD,2024-01-08T08:00:00Z,2024-01-08T09:00:00Z,117.83
Netherlands,NLD,2024-01-08T09:00:00Z,2024-01-08T10:00:00Z,110.58
Netherlands,NLD,2024-01-08T10:00:00Z,2024-01-08T11:00:00Z,103
Netherlands,NLD,2024-01-08T11:00:00Z,2024-01-08T12:00:00Z,84.9
Netherlands,NLD,2024-01-08T12:00:00Z,2024-01-08T13:00:00Z,89.56
Netherlands,NLD,2024-01-08T13:00:00Z,2024-01-08T14:00:00Z,100
Netherlands,NLD,2024-01-08T14:00:00Z,2024-01-08T15:00:00Z,107.98
Netherlands,NLD,2024-01-08T15:00:00Z,2024-01-08T16:00:00Z,116.39
Netherlands,NLD,2024-01-08T16:00:00Z,2024-01-08T17:00:00Z,129.15
Netherlands,NLD,2024-01-08T17:00:00Z,2024-01-08T18:00:00Z,125.08
Netherlands,NLD,2024-01-08T18:00:00Z,2024-01-08T19:00:00Z,111.9
Netherlands,NLD,2024-01-08T19:00:00Z,2024-01-08T20:00:00Z,100.1
Netherlands,NLD,2024-01-08T20:00:00Z,2024-01-08T21:00:00Z,91
Netherlands,NLD,2024-01-08T21:00:00Z,2024-01-08T22:00:00Z,92
Netherlands,NLD,2024-01-08T22:00:00Z,2024-01-08T23:00:00Z,91.49
Netherlands,NLD,2024-01-08T23:00:00Z,2024-01-09T00:00:00Z,80.95
Netherlands,NLD,2024-01-09T00:00:00Z,2024-01-09T01:00:00Z,79.98
Netherlands,NLD,2024-01-09T01:00:00Z,2024-01-09T02:00:00Z,85
Netherlands,NLD,2024-01-09T02:00:00Z,2024-01-09T03:00:00Z,83.42
Netherlands,NLD,2024-01-09T03:00:00Z,2024-01-09T04:00:00Z,80.57
Netherlands,NLD,2024-01-09T04:00:00Z,2024-01-09T05:00:00Z,85.8
Netherlands,NLD,2024-01-09T05:00:00Z,2024-01-09T06:00:00Z,83.9
Netherlands,NLD,2024-01-09T06:00:00Z,2024-01-09T07:00:00Z,91.12
Netherlands,NLD,2024-01-09T07:00:00Z,2024-01-09T08:00:00Z,125.7
Netherlands,NLD,2024-01-09T08:00:00Z,2024-01-09T09:00:00Z,119.96
Netherlands,NLD,2024-01-09T09:00:00Z,2024-01-09T10:00:00Z,98
Netherlands,NLD,2024-01-09T10:00:00Z,2024-01-09T11:00:00Z,90
Netherlands,NLD,2024-01-09T11:00:00Z,2024-01-09T12:00:00Z,78.8
Netherlands,NLD,2024-01-09T12:00:00Z,2024-01-09T13:00:00Z,77.78
Netherlands,NLD,2024-01-09T13:00:00Z,2024-01-09T14:00:00Z,85
Netherlands,NLD,2024-01-09T14:00:00Z,2024-01-09T15:00:00Z,99.9
Netherlands,NLD,2024-01-09T15:00:00Z,2024-01-09T16:00:00Z,112.67
Netherlands,NLD,2024-01-09T16:00:00Z,2024-01-09T17:00:00Z,135.69
Netherlands,NLD,2024-01-09T17:00:00Z,2024-01-09T18:00:00Z,129.25
Netherlands,NLD,2024-01-09T18:00:00Z,2024-01-09T19:00:00Z,126.3
Netherlands,NLD,2024-01-09T19:00:00Z,2024-01-09T20:00:00Z,108.82
Netherlands,NLD,2024-01-09T20:00:00Z,2024-01-09T21:00:00Z,93.66
Netherlands,NLD,2024-01-09T21:00:00Z,2024-01-09T22:00:00Z,84.9
Netherlands,NLD,2024-01-09T22:00:00Z,2024-01-09T23:00:00Z,88
Netherlands,NLD,2024-01-09T23:00:00Z,2024-01-10T00:00:00Z,75.54
Netherlands,NLD,2024-01-10T00:00:00Z,2024-01-10T01:00:00Z,86.76
Netherlands,NLD,2024-01-10T01:00:00Z,2024-01-10T02:00:00Z,86.73
Netherlands,NLD,2024-01-10T02:00:00Z,2024-01-10T03:00:00Z,81.22
Netherlands,NLD,2024-01-10T03:00:00Z,2024-01-10T04:00:00Z,80.48
Netherlands,NLD,2024-01-10T04:00:00Z,2024-01-10T05:00:00Z,77.9
Netherlands,NLD,2024-01-10T05:00:00Z,2024-01-10T06:00:00Z,79.3
Netherlands,NLD,2024-01-10T06:00:00Z,2024-01-10T07:00:00Z,96
Netherlands,NLD,2024-01-10T07:00:00Z,2024-01-10T08:00:00Z,132.52
Netherlands,NLD,2024-01-10T08:00:00Z,2024-01-10T09:00:00Z,130.39
Netherlands,NLD,2024-01-10T09:00:00Z,2024-01-10T10:00:00Z,111.21
Netherlands,NLD,2024-01-10T10:00:00Z,2024-01-10T11:00:00Z,109.13
Netherlands,NLD,2024-01-10T11:00:00Z,2024-01-10T12:00:00Z,89.1
Netherlands,NLD,2024-01-10T12:00:00Z,2024-01-10T13:00:00Z,87.45
Netherlands,NLD,2024-01-10T13:00:00Z,2024-01-10T14:00:00Z,84.9
Netherlands,NLD,2024-01-10T14:00:00Z,2024-01-10T15:00:00Z,106.34
Netherlands,NLD,2024-01-10T15:00:00Z,2024-01-10T16:00:00Z,127.94
Netherlands,NLD,2024-01-10T16:00:00Z,2024-01-10T17:00:00Z,143.79
Netherlands,NLD,2024-01-10T17:00:00Z,2024-01-10T18:00:00Z,140
Netherlands,NLD,2024-01-10T18:00:00Z,2024-01-10T19:00:00Z,132.15
Netherlands,NLD,2024-01-10T19:00:00Z,2024-01-10T20:00:00Z,120
Netherlands,NLD,2024-01-10T20:00:00Z,2024-01-10T21:00:00Z,97.3
Netherlands,NLD,2024-01-10T21:00:00Z,2024-01-10T22:00:00Z,91.3
Netherlands,NLD,2024-01-10T22:00:00Z,2024-01-10T23:00:00Z,82.31
Netherlands,NLD,2024-01-10T23:00:00Z,2024-01-11T00:00:00Z,91.75
Netherlands,NLD,2024-01-11T00:00:00Z,2024-01-11T01:00:00Z,88.59
Netherlands,NLD,2024-01-11T01:00:00Z,2024-01-11T02:00:00Z,87.25
Netherlands,NLD,2024-01-11T02:00:00Z,2024-01-11T03:00:00Z,82.38
Netherlands,NLD,2024-01-11T03:00:00Z,2024-01-11T04:00:00Z,81.2
Netherlands,NLD,2024-01-11T04:00:00Z,2024-01-11T05:00:00Z,79.6
Netherlands,NLD,2024-01-11T05:00:00Z,2024-01-11T06:00:00Z,90
Netherlands,NLD,2024-01-11T06:00:00Z,2024-01-11T07:00:00Z,116.87
Netherlands,NLD,2024-01-11T07:00:00Z,2024-01-11T08:00:00Z,141
Netherlands,NLD,2024-01-11T08:00:00Z,2024-01-11T09:00:00Z,129.16
Netherlands,NLD,2024-01-11T09:00:00Z,2024-01-11T10:00:00Z,113.65
Netherlands,NLD,2024-01-11T10:00:00Z,2024-01-11T11:00:00Z,106.48
Netherlands,NLD,2024-01-11T11:00:00Z,2024-01-11T12:00:00Z,99.38
Netherlands,NLD,2024-01-11T12:00:00Z,2024-01-11T13:00:00Z,99
Netherlands,NLD,2024-01-11T13:00:00Z,2024-01-11T14:00:00Z,105.98
Netherlands,NLD,2024-01-11T14:00:00Z,2024-01-11T15:00:00Z,117.31
Netherlands,NLD,2024-01-11T15:00:00Z,2024-01-11T16:00:00Z,132.62
Netherlands,NLD,2024-01-11T16:00:00Z,2024-01-11T17:00:00Z,147.06
Netherlands,NLD,2024-01-11T17:00:00Z,2024-01-11T18:00:00Z,136.7
Netherlands,NLD,2024-01-11T18:00:00Z,2024-01-11T19:00:00Z,132.31
Netherlands,NLD,2024-01-11T19:00:00Z,2024-01-11T20:00:00Z,117.88
Netherlands,NLD,2024-01-11T20:00:00Z,2024-01-11T21:00:00Z,107.19
Netherlands,NLD,2024-01-11T21:00:00Z,2024-01-11T22:00:00Z,100
Netherlands,NLD,2024-01-11T22:00:00Z,2024-01-11T23:00:00Z,81
Netherlands,NLD,2024-01-11T23:00:00Z,2024-01-12T00:00:00Z,82.12
Netherlands,NLD,2024-01-12T00:00:00Z,2024-01-12T01:00:00Z,80.63
Netherlands,NLD,2024-01-12T01:00:00Z,2024-01-12T02:00:00Z,83.13
Netherlands,NLD,2024-01-12T02:00:00Z,2024-01-12T03:00:00Z,77.29
Netherlands,NLD,2024-01-12T03:00:00Z,2024-01-12T04:00:00Z,78
Netherlands,NLD,2024-01-12T04:00:00Z,2024-01-12T05:00:00Z,79.18
Netherlands,NLD,2024-01-12T05:00:00Z,2024-01-12T06:00:00Z,81.32
Netherlands,NLD,2024-01-12T06:00:00Z,2024-01-12T07:00:00Z,118.2
Netherlands,NLD,2024-01-12T07:00:00Z,2024-01-12T08:00:00Z,140.74
Netherlands,NLD,2024-01-12T08:00:00Z,2024-01-12T09:00:00Z,134.96
Netherlands,NLD,2024-01-12T09:00:00Z,2024-01-12T10:00:00Z,122.01
Netherlands,NLD,2024-01-12T10:00:00Z,2024-01-12T11:00:00Z,114.73
Netherlands,NLD,2024-01-12T11:00:00Z,2024-01-12T12:00:00Z,106.98
Netherlands,NLD,2024-01-12T12:00:00Z,2024-01-12T13:00:00Z,103.08
Netherlands,NLD,2024-01-12T13:00:00Z,2024-01-12T14:00:00Z,104.54
Netherlands,NLD,2024-01-12T14:00:00Z,2024-01-12T15:00:00Z,110
Netherlands,NLD,2024-01-12T15:00:00Z,2024-01-12T16:00:00Z,120
Netherlands,NLD,2024-01-12T16:00:00Z,2024-01-12T17:00:00Z,127.5
Netherlands,NLD,2024-01-12T17:00:00Z,2024-01-12T18:00:00Z,126
Netherlands,NLD,2024-01-12T18:00:00Z,2024-01-12T19:00:00Z,119.47
Netherlands,NLD,2024-01-12T19:00:00Z,2024-01-12T20:00:00Z,107.13
Netherlands,NLD,2024-01-12T20:00:00Z,2024-01-12T21:00:00Z,91.7
Netherlands,NLD,2024-01-12T21:00:00Z,2024-01-12T22:00:00Z,85.02
Netherlands,NLD,2024-01-12T22:00:00Z,2024-01-12T23:00:00Z,82.49
Netherlands,NLD,2024-01-12T23:00:00Z,2024-01-13T00:00:00Z,90
Netherlands,NLD,2024-01-13T00:00:00Z,2024-01-13T01:00:00Z,85.43
Netherlands,NLD,2024-01-13T01:00:00Z,2024-01-13T02:00:00Z,82
Netherlands,NLD,2024-01-13T02:00:00Z,2024-01-13T03:00:00Z,78.47
Netherlands,NLD,2024-01-13T03:00:00Z,2024-01-13T04:00:00Z,75
Netherlands,NLD,2024-01-13T04:00:00Z,2024-01-13T05:00:00Z,74.94
Netherlands,NLD,2024-01-13T05:00:00Z,2024-01-13T06:00:00Z,78.16
Netherlands,NLD,2024-01-13T06:00:00Z,2024-01-13T07:00:00Z,77.9
Netherlands,NLD,2024-01-13T07:00:00Z,2024-01-13T08:00:00Z,74.92
Netherlands,NLD,2024-01-13T08:00:00Z,2024-01-13T09:00:00Z,85.4
Netherlands,NLD,2024-01-13T09:00:00Z,2024-01-13T10:00:00Z,88.4
Netherlands,NLD,2024-01-13T10:00:00Z,2024-01-13T11:00:00Z,86.1
Netherlands,NLD,2024-01-13T11:00:00Z,2024-01-13T12:00:00Z,79.7
Netherlands,NLD,2024-01-13T12:00:00Z,2024-01-13T13:00:00Z,80.82
Netherlands,NLD,2024-01-13T13:00:00Z,2024-01-13T14:00:00Z,81.5
Netherlands,NLD,2024-01-13T14:00:00Z,2024-01-13T15:00:00Z,87
Netherlands,NLD,2024-01-13T15:00:00Z,2024-01-13T16:00:00Z,97.3
Netherlands,NLD,2024-01-13T16:00:00Z,2024-01-13T17:00:00Z,114.6
Netherlands,NLD,2024-01-13T17:00:00Z,2024-01-13T18:00:00Z,102.8
Netherlands,NLD,2024-01-13T18:00:00Z,2024-01-13T19:00:00Z,84.6
Netherlands,NLD,2024-01-13T19:00:00Z,2024-01-13T20:00:00Z,75.47
Netherlands,NLD,2024-01-13T20:00:00Z,2024-01-13T21:00:00Z,81
Netherlands,NLD,2024-01-13T21:00:00Z,2024-01-13T22:00:00Z,85
Netherlands,NLD,2024-01-13T22:00:00Z,2024-01-13T23:00:00Z,80
Netherlands,NLD,2024-01-13T23:00:00Z,2024-01-14T00:00:00Z,74.9
Netherlands,NLD,2024-01-14T00:00:00Z,2024-01-14T01:00:00Z,74.01
Netherlands,NLD,2024-01-14T01:00:00Z,2024-01-14T02:00:00Z,69.9
Netherlands,NLD,2024-01-14T02:00:00Z,2024-01-14T03:00:00Z,68.24
Netherlands,NLD,2024-01-14T03:00:00Z,2024-01-14T04:00:00Z,71.92
Netherlands,NLD,2024-01-14T04:00:00Z,2024-01-14T05:00:00Z,80
Netherlands,NLD,2024-01-14T05:00:00Z,2024-01-14T06:00:00Z,71.03
Netherlands,NLD,2024-01-14T06:00:00Z,2024-01-14T07:00:00Z,75.92
Netherlands,NLD,2024-01-14T07:00:00Z,2024-01-14T08:00:00Z,79.27
Netherlands,NLD,2024-01-14T08:00:00Z,2024-01-14T09:00:00Z,93
Netherlands,NLD,2024-01-14T09:00:00Z,2024-01-14T10:00:00Z,97.11
Netherlands,NLD,2024-01-14T10:00:00Z,2024-01-14T11:00:00Z,87.2
Netherlands,NLD,2024-01-14T11:00:00Z,2024-01-14T12:00:00Z,80.39
Netherlands,NLD,2024-01-14T12:00:00Z,2024-01-14T13:00:00Z,77.04
Netherlands,NLD,2024-01-14T13:00:00Z,2024-01-14T14:00:00Z,79.15
Netherlands,NLD,2024-01-14T14:00:00Z,2024-01-14T15:00:00Z,82.32
Netherlands,NLD,2024-01-14T15:00:00Z,2024-01-14T16:00:00Z,86.62
Netherlands,NLD,2024-01-14T16:00:00Z,2024-01-14T17:00:00Z,91.86
Netherlands,NLD,2024-01-14T17:00:00Z,2024-01-14T18:00:00Z,94.9
Netherlands,NLD,2024-01-14T18:00:00Z,2024-01-14T19:00:00Z,85
Netherlands,NLD,2024-01-14T19:00:00Z,2024-01-14T20:00:00Z,79.06
Netherlands,NLD,2024-01-14T20:00:00Z,2024-01-14T21:00:00Z,78.6
Netherlands,NLD,2024-01-14T21:00:00Z,2024-01-14T22:00:00Z,75.39
Netherlands,NLD,2024-01-14T22:00:00Z,2024-01-14T23:00:00Z,67.19
Netherlands,NLD,2024-01-14T23:00:00Z,2024-01-15T00:00:00Z,67.9
Netherlands,NLD,2024-01-15T00:00:00Z,2024-01-15T01:00:00Z,65
Netherlands,NLD,2024-01-15T01:00:00Z,2024-01-15T02:00:00Z,63.94
Netherlands,NLD,2024-01-15T02:00:00Z,2024-01-15T03:00:00Z,62.04
Netherlands,NLD,2024-01-15T03:00:00Z,2024-01-15T04:00:00Z,62.04
Netherlands,NLD,2024-01-15T04:00:00Z,2024-01-15T05:00:00Z,69.25
Netherlands,NLD,2024-01-15T05:00:00Z,2024-01-15T06:00:00Z,80.18
Netherlands,NLD,2024-01-15T06:00:00Z,2024-01-15T07:00:00Z,84.4
Netherlands,NLD,2024-01-15T07:00:00Z,2024-01-15T08:00:00Z,99.34
Netherlands,NLD,2024-01-15T08:00:00Z,2024-01-15T09:00:00Z,100.3
Netherlands,NLD,2024-01-15T09:00:00Z,2024-01-15T10:00:00Z,94.89
Netherlands,NLD,2024-01-15T10:00:00Z,2024-01-15T11:00:00Z,90.2
Netherlands,NLD,2024-01-15T11:00:00Z,2024-01-15T12:00:00Z,81.18
Netherlands,NLD,2024-01-15T12:00:00Z,2024-01-15T13:00:00Z,82.2
Netherlands,NLD,2024-01-15T13:00:00Z,2024-01-15T14:00:00Z,84.6
Netherlands,NLD,2024-01-15T14:00:00Z,2024-01-15T15:00:00Z,89.57
Netherlands,NLD,2024-01-15T15:00:00Z,2024-01-15T16:00:00Z,97.62
Netherlands,NLD,2024-01-15T16:00:00Z,2024-01-15T17:00:00Z,106.51
Netherlands,NLD,2024-01-15T17:00:00Z,2024-01-15T18:00:00Z,112.81
Netherlands,NLD,2024-01-15T18:00:00Z,2024-01-15T19:00:00Z,105.13
Netherlands,NLD,2024-01-15T19:00:00Z,2024-01-15T20:00:00Z,94.4
Netherlands,NLD,2024-01-15T20:00:00Z,2024-01-15T21:00:00Z,79.04
Netherlands,NLD,2024-01-15T21:00:00Z,2024-01-15T22:00:00Z,77.76
Netherlands,NLD,2024-01-15T22:00:00Z,2024-01-15T23:00:00Z,78.5
Netherlands,NLD,2024-01-15T23:00:00Z,2024-01-16T00:00:00Z,68
Netherlands,NLD,2024-01-16T00:00:00Z,2024-01-16T01:00:00Z,76.51
Netherlands,NLD,2024-01-16T01:00:00Z,2024-01-16T02:00:00Z,77.43
Netherlands,NLD,2024-01-16T02:00:00Z,2024-01-16T03:00:00Z,76.82
Netherlands,NLD,2024-01-16T03:00:00Z,2024-01-16T04:00:00Z,73.05
Netherlands,NLD,2024-01-16T04:00:00Z,2024-01-16T05:00:00Z,72.61
Netherlands,NLD,2024-01-16T05:00:00Z,2024-01-16T06:00:00Z,92.4
Netherlands,NLD,2024-01-16T06:00:00Z,2024-01-16T07:00:00Z,115.8
Netherlands,NLD,2024-01-16T07:00:00Z,2024-01-16T08:00:00Z,144.11
Netherlands,NLD,2024-01-16T08:00:00Z,2024-01-16T09:00:00Z,138.6
Netherlands,NLD,2024-01-16T09:00:00Z,2024-01-16T10:00:00Z,122
Netherlands,NLD,2024-01-16T10:00:00Z,2024-01-16T11:00:00Z,110
Netherlands,NLD,2024-01-16T11:00:00Z,2024-01-16T12:00:00Z,88
Netherlands,NLD,2024-01-16T12:00:00Z,2024-01-16T13:00:00Z,88.1
Netherlands,NLD,2024-01-16T13:00:00Z,2024-01-16T14:00:00Z,84
Netherlands,NLD,2024-01-16T14:00:00Z,2024-01-16T15:00:00Z,110.29
Netherlands,NLD,2024-01-16T15:00:00Z,2024-01-16T16:00:00Z,111.69
Netherlands,NLD,2024-01-16T16:00:00Z,2024-01-16T17:00:00Z,128.3
Netherlands,NLD,2024-01-16T17:00:00Z,2024-01-16T18:00:00Z,122.1
Netherlands,NLD,2024-01-16T18:00:00Z,2024-01-16T19:00:00Z,102
Netherlands,NLD,2024-01-16T19:00:00Z,2024-01-16T20:00:00Z,89.97
Netherlands,NLD,2024-01-16T20:00:00Z,2024-01-16T21:00:00Z,84
Netherlands,NLD,2024-01-16T21:00:00Z,2024-01-16T22:00:00Z,82.21
Netherlands,NLD,2024-01-16T22:00:00Z,2024-01-16T23:00:00Z,75.2
Netherlands,NLD,2024-01-16T23:00:00Z,2024-01-17T00:00:00Z,71.8
Netherlands,NLD,2024-01-17T00:00:00Z,2024-01-17T01:00:00Z,71.65
Netherlands,NLD,2024-01-17T01:00:00Z,2024-01-17T02:00:00Z,70.73
Netherlands,NLD,2024-01-17T02:00:00Z,2024-01-17T03:00:00Z,69.79
Netherlands,NLD,2024-01-17T03:00:00Z,2024-01-17T04:00:00Z,69.54
Netherlands,NLD,2024-01-17T04:00:00Z,2024-01-17T05:00:00Z,71.31
Netherlands,NLD,2024-01-17T05:00:00Z,2024-01-17T06:00:00Z,75.57
Netherlands,NLD,2024-01-17T06:00:00Z,2024-01-17T07:00:00Z,84.94
Netherlands,NLD,2024-01-17T07:00:00Z,2024-01-17T08:00:00Z,96.74
Netherlands,NLD,2024-01-17T08:00:00Z,2024-01-17T09:00:00Z,106.18
Netherlands,NLD,2024-01-17T09:00:00Z,2024-01-17T10:00:00Z,110.33
Netherlands,NLD,2024-01-17T10:00:00Z,2024-01-17T11:00:00Z,111.1
Netherlands,NLD,2024-01-17T11:00:00Z,2024-01-17T12:00:00Z,113.74
Netherlands,NLD,2024-01-17T12:00:00Z,2024-01-17T13:00:00Z,116.73
Netherlands,NLD,2024-01-17T13:00:00Z,2024-01-17T14:00:00Z,118
Netherlands,NLD,2024-01-17T14:00:00Z,2024-01-17T15:00:00Z,122.62
Netherlands,NLD,2024-01-17T15:00:00Z,2024-01-17T16:00:00Z,126.55
Netherlands,NLD,2024-01-17T16:00:00Z,2024-01-17T17:00:00Z,136.91
Netherlands,NLD,2024-01-17T17:00:00Z,2024-01-17T18:00:00Z,122.51
Netherlands,NLD,2024-01-17T18:00:00Z,2024-01-17T19:00:00Z,113.1
Netherlands,NLD,2024-01-17T19:00:00Z,2024-01-17T20:00:00Z,99.16
Netherlands,NLD,2024-01-17T20:00:00Z,2024-01-17T21:00:00Z,93.73
Netherlands,NLD,2024-01-17T21:00:00Z,2024-01-17T22:00:00Z,89.1
Netherlands,NLD,2024-01-17T22:00:00Z,2024-01-17T23:00:00Z,83.21
Netherlands,NLD,2024-01-17T23:00:00Z,2024-01-18T00:00:00Z,80.3
Netherlands,NLD,2024-01-18T00:00:00Z,2024-01-18T01:00:00Z,76.99
Netherlands,NLD,2024-01-18T01:00:00Z,2024-01-18T02:00:00Z,74.67
Netherlands,NLD,2024-01-18T02:00:00Z,2024-01-18T03:00:00Z,74.18
Netherlands,NLD,2024-01-18T03:00:00Z,2024-01-18T04:00:00Z,76.09
Netherlands,NLD,2024-01-18T04:00:00Z,2024-01-18T05:00:00Z,77.6
Netherlands,NLD,2024-01-18T05:00:00Z,2024-01-18T06:00:00Z,89.09
Netherlands,NLD,2024-01-18T06:00:00Z,2024-01-18T07:00:00Z,109.23
Netherlands,NLD,2024-01-18T07:00:00Z,2024-01-18T08:00:00Z,121.98
Netherlands,NLD,2024-01-18T08:00:00Z,2024-01-18T09:00:00Z,118.26
Netherlands,NLD,2024-01-18T09:00:00Z,2024-01-18T10:00:00Z,110.4
Netherlands,NLD,2024-01-18T10:00:00Z,2024-01-18T11:00:00Z,80
Netherlands,NLD,2024-01-18T11:00:00Z,2024-01-18T12:00:00Z,83.95
Netherlands,NLD,2024-01-18T12:00:00Z,2024-01-18T13:00:00Z,70.64
Netherlands,NLD,2024-01-18T13:00:00Z,2024-01-18T14:00:00Z,86.61
Netherlands,NLD,2024-01-18T14:00:00Z,2024-01-18T15:00:00Z,85.8
Netherlands,NLD,2024-01-18T15:00:00Z,2024-01-18T16:00:00Z,98.68
Netherlands,NLD,2024-01-18T16:00:00Z,2024-01-18T17:00:00Z,103.75
Netherlands,NLD,2024-01-18T17:00:00Z,2024-01-18T18:00:00Z,103.35
Netherlands,NLD,2024-01-18T18:00:00Z,2024-01-18T19:00:00Z,87.85
Netherlands,NLD,2024-01-18T19:00:00Z,2024-01-18T20:00:00Z,81
Netherlands,NLD,2024-01-18T20:00:00Z,2024-01-18T21:00:00Z,83.14
Netherlands,NLD,2024-01-18T21:00:00Z,2024-01-18T22:00:00Z,76.63
Netherlands,NLD,2024-01-18T22:00:00Z,2024-01-18T23:00:00Z,73.61
Netherlands,NLD,2024-01-18T23:00:00Z,2024-01-19T00:00:00Z,69.14
Netherlands,NLD,2024-01-19T00:00:00Z,2024-01-19T01:00:00Z,66.26
Netherlands,NLD,2024-01-19T01:00:00Z,2024-01-19T02:00:00Z,63
Netherlands,NLD,2024-01-19T02:00:00Z,2024-01-19T03:00:00Z,62.76
Netherlands,NLD,2024-01-19T03:00:00Z,2024-01-19T04:00:00Z,63.32
Netherlands,NLD,2024-01-19T04:00:00Z,2024-01-19T05:00:00Z,66.9
Netherlands,NLD,2024-01-19T05:00:00Z,2024-01-19T06:00:00Z,76.49
Netherlands,NLD,2024-01-19T06:00:00Z,2024-01-19T07:00:00Z,86
Netherlands,NLD,2024-01-19T07:00:00Z,2024-01-19T08:00:00Z,104.27
Netherlands,NLD,2024-01-19T08:00:00Z,2024-01-19T09:00:00Z,99.91
Netherlands,NLD,2024-01-19T09:00:00Z,2024-01-19T10:00:00Z,87.53
Netherlands,NLD,2024-01-19T10:00:00Z,2024-01-19T11:00:00Z,84
Netherlands,NLD,2024-01-19T11:00:00Z,2024-01-19T12:00:00Z,72.21
Netherlands,NLD,2024-01-19T12:00:00Z,2024-01-19T13:00:00Z,73.36
Netherlands,NLD,2024-01-19T13:00:00Z,2024-01-19T14:00:00Z,75.22
Netherlands,NLD,2024-01-19T14:00:00Z,2024-01-19T15:00:00Z,73.04
Netherlands,NLD,2024-01-19T15:00:00Z,2024-01-19T16:00:00Z,84.9
Netherlands,NLD,2024-01-19T16:00:00Z,2024-01-19T17:00:00Z,93.75
Netherlands,NLD,2024-01-19T17:00:00Z,2024-01-19T18:00:00Z,87.9
Netherlands,NLD,2024-01-19T18:00:00Z,2024-01-19T19:00:00Z,74.9
Netherlands,NLD,2024-01-19T19:00:00Z,2024-01-19T20:00:00Z,72.95
Netherlands,NLD,2024-01-19T20:00:00Z,2024-01-19T21:00:00Z,71.12
Netherlands,NLD,2024-01-19T21:00:00Z,2024-01-19T22:00:00Z,68.64
Netherlands,NLD,2024-01-19T22:00:00Z,2024-01-19T23:00:00Z,64.75
Netherlands,NLD,2024-01-19T23:00:00Z,2024-01-20T00:00:00Z,66
Netherlands,NLD,2024-01-20T00:00:00Z,2024-01-20T01:00:00Z,67.51
Netherlands,NLD,2024-01-20T01:00:00Z,2024-01-20T02:00:00Z,63.54
Netherlands,NLD,2024-01-20T02:00:00Z,2024-01-20T03:00:00Z,61.82
Netherlands,NLD,2024-01-20T03:00:00Z,2024-01-20T04:00:00Z,61.85
Netherlands,NLD,2024-01-20T04:00:00Z,2024-01-20T05:00:00Z,61.75
Netherlands,NLD,2024-01-20T05:00:00Z,2024-01-20T06:00:00Z,62.59
Netherlands,NLD,2024-01-20T06:00:00Z,2024-01-20T07:00:00Z,66.9
Netherlands,NLD,2024-01-20T07:00:00Z,2024-01-20T08:00:00Z,74.82
Netherlands,NLD,2024-01-20T08:00:00Z,2024-01-20T09:00:00Z,77.9
Netherlands,NLD,2024-01-20T09:00:00Z,2024-01-20T10:00:00Z,71.8
Netherlands,NLD,2024-01-20T10:00:00Z,2024-01-20T11:00:00Z,69.6
Netherlands,NLD,2024-01-20T11:00:00Z,2024-01-20T12:00:00Z,64.89
Netherlands,NLD,2024-01-20T12:00:00Z,2024-01-20T13:00:00Z,66.9
Netherlands,NLD,2024-01-20T13:00:00Z,2024-01-20T14:00:00Z,73.37
Netherlands,NLD,2024-01-20T14:00:00Z,2024-01-20T15:00:00Z,79.14
Netherlands,NLD,2024-01-20T15:00:00Z,2024-01-20T16:00:00Z,87.86
Netherlands,NLD,2024-01-20T16:00:00Z,2024-01-20T17:00:00Z,94.98
Netherlands,NLD,2024-01-20T17:00:00Z,2024-01-20T18:00:00Z,99.89
Netherlands,NLD,2024-01-20T18:00:00Z,2024-01-20T19:00:00Z,91.57
Netherlands,NLD,2024-01-20T19:00:00Z,2024-01-20T20:00:00Z,80
Netherlands,NLD,2024-01-20T20:00:00Z,2024-01-20T21:00:00Z,75.72
Netherlands,NLD,2024-01-20T21:00:00Z,2024-01-20T22:00:00Z,70.42
Netherlands,NLD,2024-01-20T22:00:00Z,2024-01-20T23:00:00Z,69.13
Netherlands,NLD,2024-01-20T23:00:00Z,2024-01-21T00:00:00Z,62.5
Netherlands,NLD,2024-01-21T00:00:00Z,2024-01-21T01:00:00Z,57
Netherlands,NLD,2024-01-21T01:00:00Z,2024-01-21T02:00:00Z,55.15
Netherlands,NLD,2024-01-21T02:00:00Z,2024-01-21T03:00:00Z,50.89
Netherlands,NLD,2024-01-21T03:00:00Z,2024-01-21T04:00:00Z,48.31
Netherlands,NLD,2024-01-21T04:00:00Z,2024-01-21T05:00:00Z,46.94
Netherlands,NLD,2024-01-21T05:00:00Z,2024-01-21T06:00:00Z,45
Netherlands,NLD,2024-01-21T06:00:00Z,2024-01-21T07:00:00Z,42.17
Netherlands,NLD,2024-01-21T07:00:00Z,2024-01-21T08:00:00Z,51
Netherlands,NLD,2024-01-21T08:00:00Z,2024-01-21T09:00:00Z,60
Netherlands,NLD,2024-01-21T09:00:00Z,2024-01-21T10:00:00Z,59.09
Netherlands,NLD,2024-01-21T10:00:00Z,2024-01-21T11:00:00Z,56.24
Netherlands,NLD,2024-01-21T11:00:00Z,2024-01-21T12:00:00Z,59.9
Netherlands,NLD,2024-01-21T12:00:00Z,2024-01-21T13:00:00Z,52.74
Netherlands,NLD,2024-01-21T13:00:00Z,2024-01-21T14:00:00Z,55.84
Netherlands,NLD,2024-01-21T14:00:00Z,2024-01-21T15:00:00Z,57.21
Netherlands,NLD,2024-01-21T15:00:00Z,2024-01-21T16:00:00Z,55.53
Netherlands,NLD,2024-01-21T16:00:00Z,2024-01-21T17:00:00Z,68.79
Netherlands,NLD,2024-01-21T17:00:00Z,2024-01-21T18:00:00Z,82
Netherlands,NLD,2024-01-21T18:00:00Z,2024-01-21T19:00:00Z,64
Netherlands,NLD,2024-01-21T19:00:00Z,2024-01-21T20:00:00Z,60.2
Netherlands,NLD,2024-01-21T20:00:00Z,2024-01-21T21:00:00Z,57
Netherlands,NLD,2024-01-21T21:00:00Z,2024-01-21T22:00:00Z,54.26
Netherlands,NLD,2024-01-21T22:00:00Z,2024-01-21T23:00:00Z,53.27
Netherlands,NLD,2024-01-21T23:00:00Z,2024-01-22T00:00:00Z,44.08
Netherlands,NLD,2024-01-22T00:00:00Z,2024-01-22T01:00:00Z,49.99
Netherlands,NLD,2024-01-22T01:00:00Z,2024-01-22T02:00:00Z,45
Netherlands,NLD,2024-01-22T02:00:00Z,2024-01-22T03:00:00Z,27.92
Netherlands,NLD,2024-01-22T03:00:00Z,2024-01-22T04:00:00Z,18
Netherlands,NLD,2024-01-22T04:00:00Z,2024-01-22T05:00:00Z,20.5
Netherlands,NLD,2024-01-22T05:00:00Z,2024-01-22T06:00:00Z,42.27
Netherlands,NLD,2024-01-22T06:00:00Z,2024-01-22T07:00:00Z,68.5
Netherlands,NLD,2024-01-22T07:00:00Z,2024-01-22T08:00:00Z,130
Netherlands,NLD,2024-01-22T08:00:00Z,2024-01-22T09:00:00Z,89.6
Netherlands,NLD,2024-01-22T09:00:00Z,2024-01-22T10:00:00Z,74.34
Netherlands,NLD,2024-01-22T10:00:00Z,2024-01-22T11:00:00Z,60.6
Netherlands,NLD,2024-01-22T11:00:00Z,2024-01-22T12:00:00Z,57.01
Netherlands,NLD,2024-01-22T12:00:00Z,2024-01-22T13:00:00Z,56.52
Netherlands,NLD,2024-01-22T13:00:00Z,2024-01-22T14:00:00Z,58.55
Netherlands,NLD,2024-01-22T14:00:00Z,2024-01-22T15:00:00Z,60.47
Netherlands,NLD,2024-01-22T15:00:00Z,2024-01-22T16:00:00Z,67
Netherlands,NLD,2024-01-22T16:00:00Z,2024-01-22T17:00:00Z,88.77
Netherlands,NLD,2024-01-22T17:00:00Z,2024-01-22T18:00:00Z,110.3
Netherlands,NLD,2024-01-22T18:00:00Z,2024-01-22T19:00:00Z,98.1
Netherlands,NLD,2024-01-22T19:00:00Z,2024-01-22T20:00:00Z,67.43
Netherlands,NLD,2024-01-22T20:00:00Z,2024-01-22T21:00:00Z,64.41
Netherlands,NLD,2024-01-22T21:00:00Z,2024-01-22T22:00:00Z,56.22
Netherlands,NLD,2024-01-22T22:00:00Z,2024-01-22T23:00:00Z,50.35
Netherlands,NLD,2024-01-22T23:00:00Z,2024-01-23T00:00:00Z,16.84
Netherlands,NLD,2024-01-23T00:00:00Z,2024-01-23T01:00:00Z,10.99
Netherlands,NLD,2024-01-23T01:00:00Z,2024-01-23T02:00:00Z,10
Netherlands,NLD,2024-01-23T02:00:00Z,2024-01-23T03:00:00Z,5
Netherlands,NLD,2024-01-23T03:00:00Z,2024-01-23T04:00:00Z,10.84
Netherlands,NLD,2024-01-23T04:00:00Z,2024-01-23T05:00:00Z,39.51
Netherlands,NLD,2024-01-23T05:00:00Z,2024-01-23T06:00:00Z,61.51
Netherlands,NLD,2024-01-23T06:00:00Z,2024-01-23T07:00:00Z,88.25
Netherlands,NLD,2024-01-23T07:00:00Z,2024-01-23T08:00:00Z,115.8
Netherlands,NLD,2024-01-23T08:00:00Z,2024-01-23T09:00:00Z,96.68
Netherlands,NLD,2024-01-23T09:00:00Z,2024-01-23T10:00:00Z,80.9
Netherlands,NLD,2024-01-23T10:00:00Z,2024-01-23T11:00:00Z,65
Netherlands,NLD,2024-01-23T11:00:00Z,2024-01-23T12:00:00Z,64.13
Netherlands,NLD,2024-01-23T12:00:00Z,2024-01-23T13:00:00Z,63.36
Netherlands,NLD,2024-01-23T13:00:00Z,2024-01-23T14:00:00Z,70.02
Netherlands,NLD,2024-01-23T14:00:00Z,2024-01-23T15:00:00Z,74.3
Netherlands,NLD,2024-01-23T15:00:00Z,2024-01-23T16:00:00Z,77.19
Netherlands,NLD,2024-01-23T16:00:00Z,2024-01-23T17:00:00Z,81.81
Netherlands,NLD,2024-01-23T17:00:00Z,2024-01-23T18:00:00Z,84.89
Netherlands,NLD,2024-01-23T18:00:00Z,2024-01-23T19:00:00Z,75.35
Netherlands,NLD,2024-01-23T19:00:00Z,2024-01-23T20:00:00Z,65
Netherlands,NLD,2024-01-23T20:00:00Z,2024-01-23T21:00:00Z,63.2
Netherlands,NLD,2024-01-23T21:00:00Z,2024-01-23T22:00:00Z,53.4
Netherlands,NLD,2024-01-23T22:00:00Z,2024-01-23T23:00:00Z,35
Netherlands,NLD,2024-01-23T23:00:00Z,2024-01-24T00:00:00Z,4.85
Netherlands,NLD,2024-01-24T00:00:00Z,2024-01-24T01:00:00Z,2.12
Netherlands,NLD,2024-01-24T01:00:00Z,2024-01-24T02:00:00Z,0
Netherlands,NLD,2024-01-24T02:00:00Z,2024-01-24T03:00:00Z,-3.89
Netherlands,NLD,2024-01-24T03:00:00Z,2024-01-24T04:00:00Z,-5
Netherlands,NLD,2024-01-24T04:00:00Z,2024-01-24T05:00:00Z,0
Netherlands,NLD,2024-01-24T05:00:00Z,2024-01-24T06:00:00Z,16.65
Netherlands,NLD,2024-01-24T06:00:00Z,2024-01-24T07:00:00Z,67.5
Netherlands,NLD,2024-01-24T07:00:00Z,2024-01-24T08:00:00Z,95
Netherlands,NLD,2024-01-24T08:00:00Z,2024-01-24T09:00:00Z,93.33
Netherlands,NLD,2024-01-24T09:00:00Z,2024-01-24T10:00:00Z,68
Netherlands,NLD,2024-01-24T10:00:00Z,2024-01-24T11:00:00Z,52.21
Netherlands,NLD,2024-01-24T11:00:00Z,2024-01-24T12:00:00Z,39.32
Netherlands,NLD,2024-01-24T12:00:00Z,2024-01-24T13:00:00Z,38.3
Netherlands,NLD,2024-01-24T13:00:00Z,2024-01-24T14:00:00Z,46.5
Netherlands,NLD,2024-01-24T14:00:00Z,2024-01-24T15:00:00Z,68.43
Netherlands,NLD,2024-01-24T15:00:00Z,2024-01-24T16:00:00Z,80
Netherlands,NLD,2024-01-24T16:00:00Z,2024-01-24T17:00:00Z,98
Netherlands,NLD,2024-01-24T17:00:00Z,2024-01-24T18:00:00Z,92.72
Netherlands,NLD,2024-01-24T18:00:00Z,2024-01-24T19:00:00Z,100.1
Netherlands,NLD,2024-01-24T19:00:00Z,2024-01-24T20:00:00Z,84
Netherlands,NLD,2024-01-24T20:00:00Z,2024-01-24T21:00:00Z,81.99
Netherlands,NLD,2024-01-24T21:00:00Z,2024-01-24T22:00:00Z,71.8
Netherlands,NLD,2024-01-24T22:00:00Z,2024-01-24T23:00:00Z,81.8
Netherlands,NLD,2024-01-24T23:00:00Z,2024-01-25T00:00:00Z,64.9
Netherlands,NLD,2024-01-25T00:00:00Z,2024-01-25T01:00:00Z,56.1
Netherlands,NLD,2024-01-25T01:00:00Z,2024-01-25T02:00:00Z,67.2
Netherlands,NLD,2024-01-25T02:00:00Z,2024-01-25T03:00:00Z,75
Netherlands,NLD,2024-01-25T03:00:00Z,2024-01-25T04:00:00Z,75.31
Netherlands,NLD,2024-01-25T04:00:00Z,2024-01-25T05:00:00Z,75.9
Netherlands,NLD,2024-01-25T05:00:00Z,2024-01-25T06:00:00Z,78.58
Netherlands,NLD,2024-01-25T06:00:00Z,2024-01-25T07:00:00Z,92.1
Netherlands,NLD,2024-01-25T07:00:00Z,2024-01-25T08:00:00Z,103.02
Netherlands,NLD,2024-01-25T08:00:00Z,2024-01-25T09:00:00Z,94
Netherlands,NLD,2024-01-25T09:00:00Z,2024-01-25T10:00:00Z,83.96
Netherlands,NLD,2024-01-25T10:00:00Z,2024-01-25T11:00:00Z,78.66
Netherlands,NLD,2024-01-25T11:00:00Z,2024-01-25T12:00:00Z,74.95
Netherlands,NLD,2024-01-25T12:00:00Z,2024-01-25T13:00:00Z,76.55
Netherlands,NLD,2024-01-25T13:00:00Z,2024-01-25T14:00:00Z,84.22
Netherlands,NLD,2024-01-25T14:00:00Z,2024-01-25T15:00:00Z,88.61
Netherlands,NLD,2024-01-25T15:00:00Z,2024-01-25T16:00:00Z,96.98
Netherlands,NLD,2024-01-25T16:00:00Z,2024-01-25T17:00:00Z,116
Netherlands,NLD,2024-01-25T17:00:00Z,2024-01-25T18:00:00Z,112.4
Netherlands,NLD,2024-01-25T18:00:00Z,2024-01-25T19:00:00Z,98.53
Netherlands,NLD,2024-01-25T19:00:00Z,2024-01-25T20:00:00Z,79.91
Netherlands,NLD,2024-01-25T20:00:00Z,2024-01-25T21:00:00Z,84.28
Netherlands,NLD,2024-01-25T21:00:00Z,2024-01-25T22:00:00Z,79.4
Netherlands,NLD,2024-01-25T22:00:00Z,2024-01-25T23:00:00Z,74.17
Netherlands,NLD,2024-01-25T23:00:00Z,2024-01-26T00:00:00Z,62.8
Netherlands,NLD,2024-01-26T00:00:00Z,2024-01-26T01:00:00Z,62
Netherlands,NLD,2024-01-26T01:00:00Z,2024-01-26T02:00:00Z,58.49
Netherlands,NLD,2024-01-26T02:00:00Z,2024-01-26T03:00:00Z,54.79
Netherlands,NLD,2024-01-26T03:00:00Z,2024-01-26T04:00:00Z,47.4
Netherlands,NLD,2024-01-26T04:00:00Z,2024-01-26T05:00:00Z,50.87
Netherlands,NLD,2024-01-26T05:00:00Z,2024-01-26T06:00:00Z,58.15
Netherlands,NLD,2024-01-26T06:00:00Z,2024-01-26T07:00:00Z,71.98
Netherlands,NLD,2024-01-26T07:00:00Z,2024-01-26T08:00:00Z,77.45
Netherlands,NLD,2024-01-26T08:00:00Z,2024-01-26T09:00:00Z,80.1
Netherlands,NLD,2024-01-26T09:00:00Z,2024-01-26T10:00:00Z,71.34
Netherlands,NLD,2024-01-26T10:00:00Z,2024-01-26T11:00:00Z,58.94
Netherlands,NLD,2024-01-26T11:00:00Z,2024-01-26T12:00:00Z,52.08
Netherlands,NLD,2024-01-26T12:00:00Z,2024-01-26T13:00:00Z,46.3
Netherlands,NLD,2024-01-26T13:00:00Z,2024-01-26T14:00:00Z,50
Netherlands,NLD,2024-01-26T14:00:00Z,2024-01-26T15:00:00Z,51.17
Netherlands,NLD,2024-01-26T15:00:00Z,2024-01-26T16:00:00Z,75
Netherlands,NLD,2024-01-26T16:00:00Z,2024-01-26T17:00:00Z,95
Netherlands,NLD,2024-01-26T17:00:00Z,2024-01-26T18:00:00Z,135.57
Netherlands,NLD,2024-01-26T18:00:00Z,2024-01-26T19:00:00Z,111.12
Netherlands,NLD,2024-01-26T19:00:00Z,2024-01-26T20:00:00Z,95.8
Netherlands,NLD,2024-01-26T20:00:00Z,2024-01-26T21:00:00Z,82
Netherlands,NLD,2024-01-26T21:00:00Z,2024-01-26T22:00:00Z,84.2
Netherlands,NLD,2024-01-26T22:00:00Z,2024-01-26T23:00:00Z,79.36
Netherlands,NLD,2024-01-26T23:00:00Z,2024-01-27T00:00:00Z,74.5
Netherlands,NLD,2024-01-27T00:00:00Z,2024-01-27T01:00:00Z,68.9
Netherlands,NLD,2024-01-27T01:00:00Z,2024-01-27T02:00:00Z,65.9
Netherlands,NLD,2024-01-27T02:00:00Z,2024-01-27T03:00:00Z,59
Netherlands,NLD,2024-01-27T03:00:00Z,2024-01-27T04:00:00Z,56.49
Netherlands,NLD,2024-01-27T04:00:00Z,2024-01-27T05:00:00Z,58.58
Netherlands,NLD,2024-01-27T05:00:00Z,2024-01-27T06:00:00Z,59.98
Netherlands,NLD,2024-01-27T06:00:00Z,2024-01-27T07:00:00Z,66.9
Netherlands,NLD,2024-01-27T07:00:00Z,2024-01-27T08:00:00Z,86.76
Netherlands,NLD,2024-01-27T08:00:00Z,2024-01-27T09:00:00Z,86.2
Netherlands,NLD,2024-01-27T09:00:00Z,2024-01-27T10:00:00Z,80.17
Netherlands,NLD,2024-01-27T10:00:00Z,2024-01-27T11:00:00Z,60.33
Netherlands,NLD,2024-01-27T11:00:00Z,2024-01-27T12:00:00Z,55.84
Netherlands,NLD,2024-01-27T12:00:00Z,2024-01-27T13:00:00Z,53.88
Netherlands,NLD,2024-01-27T13:00:00Z,2024-01-27T14:00:00Z,59.73
Netherlands,NLD,2024-01-27T14:00:00Z,2024-01-27T15:00:00Z,78.2
Netherlands,NLD,2024-01-27T15:00:00Z,2024-01-27T16:00:00Z,82.4
Netherlands,NLD,2024-01-27T16:00:00Z,2024-01-27T17:00:00Z,91.22
Netherlands,NLD,2024-01-27T17:00:00Z,2024-01-27T18:00:00Z,95.97
Netherlands,NLD,2024-01-27T18:00:00Z,2024-01-27T19:00:00Z,92.62
Netherlands,NLD,2024-01-27T19:00:00Z,2024-01-27T20:00:00Z,84.43
Netherlands,NLD,2024-01-27T20:00:00Z,2024-01-27T21:00:00Z,75.96
Netherlands,NLD,2024-01-27T21:00:00Z,2024-01-27T22:00:00Z,75.97
Netherlands,NLD,2024-01-27T22:00:00Z,2024-01-27T23:00:00Z,72.7
Netherlands,NLD,2024-01-27T23:00:00Z,2024-01-28T00:00:00Z,66.77
Netherlands,NLD,2024-01-28T00:00:00Z,2024-01-28T01:00:00Z,60.7
Netherlands,NLD,2024-01-28T01:00:00Z,2024-01-28T02:00:00Z,59.1
Netherlands,NLD,2024-01-28T02:00:00Z,2024-01-28T03:00:00Z,58.89
Netherlands,NLD,2024-01-28T03:00:00Z,2024-01-28T04:00:00Z,59.97
Netherlands,NLD,2024-01-28T04:00:00Z,2024-01-28T05:00:00Z,62.41
Netherlands,NLD,2024-01-28T05:00:00Z,2024-01-28T06:00:00Z,59.32
Netherlands,NLD,2024-01-28T06:00:00Z,2024-01-28T07:00:00Z,58.98
Netherlands,NLD,2024-01-28T07:00:00Z,2024-01-28T08:00:00Z,59.2
Netherlands,NLD,2024-01-28T08:00:00Z,2024-01-28T09:00:00Z,55.22
Netherlands,NLD,2024-01-28T09:00:00Z,2024-01-28T10:00:00Z,51.35
Netherlands,NLD,2024-01-28T10:00:00Z,2024-01-28T11:00:00Z,45.51
Netherlands,NLD,2024-01-28T11:00:00Z,2024-01-28T12:00:00Z,41.24
Netherlands,NLD,2024-01-28T12:00:00Z,2024-01-28T13:00:00Z,40.25
Netherlands,NLD,2024-01-28T13:00:00Z,2024-01-28T14:00:00Z,49.71
Netherlands,NLD,2024-01-28T14:00:00Z,2024-01-28T15:00:00Z,54.9
Netherlands,NLD,2024-01-28T15:00:00Z,2024-01-28T16:00:00Z,66.29
Netherlands,NLD,2024-01-28T16:00:00Z,2024-01-28T17:00:00Z,76.42
Netherlands,NLD,2024-01-28T17:00:00Z,2024-01-28T18:00:00Z,74.7
Netherlands,NLD,2024-01-28T18:00:00Z,2024-01-28T19:00:00Z,70.16
Netherlands,NLD,2024-01-28T19:00:00Z,2024-01-28T20:00:00Z,68.61
Netherlands,NLD,2024-01-28T20:00:00Z,2024-01-28T21:00:00Z,57.57
Netherlands,NLD,2024-01-28T21:00:00Z,2024-01-28T22:00:00Z,59.66
Netherlands,NLD,2024-01-28T22:00:00Z,2024-01-28T23:00:00Z,56
Netherlands,NLD,2024-01-28T23:00:00Z,2024-01-29T00:00:00Z,49.97
Netherlands,NLD,2024-01-29T00:00:00Z,2024-01-29T01:00:00Z,47.26
Netherlands,NLD,2024-01-29T01:00:00Z,2024-01-29T02:00:00Z,48.12
Netherlands,NLD,2024-01-29T02:00:00Z,2024-01-29T03:00:00Z,47.97
Netherlands,NLD,2024-01-29T03:00:00Z,2024-01-29T04:00:00Z,51.58
Netherlands,NLD,2024-01-29T04:00:00Z,2024-01-29T05:00:00Z,60.06
Netherlands,NLD,2024-01-29T05:00:00Z,2024-01-29T06:00:00Z,80.15
Netherlands,NLD,2024-01-29T06:00:00Z,2024-01-29T07:00:00Z,92.69
Netherlands,NLD,2024-01-29T07:00:00Z,2024-01-29T08:00:00Z,99.2
Netherlands,NLD,2024-01-29T08:00:00Z,2024-01-29T09:00:00Z,88.39
Netherlands,NLD,2024-01-29T09:00:00Z,2024-01-29T10:00:00Z,78.9
Netherlands,NLD,2024-01-29T10:00:00Z,2024-01-29T11:00:00Z,71.27
Netherlands,NLD,2024-01-29T11:00:00Z,2024-01-29T12:00:00Z,70.24
Netherlands,NLD,2024-01-29T12:00:00Z,2024-01-29T13:00:00Z,74.87
Netherlands,NLD,2024-01-29T13:00:00Z,2024-01-29T14:00:00Z,81.99
Netherlands,NLD,2024-01-29T14:00:00Z,2024-01-29T15:00:00Z,95.67
Netherlands,NLD,2024-01-29T15:00:00Z,2024-01-29T16:00:00Z,104.79
Netherlands,NLD,2024-01-29T16:00:00Z,2024-01-29T17:00:00Z,120.2
Netherlands,NLD,2024-01-29T17:00:00Z,2024-01-29T18:00:00Z,115.92
Netherlands,NLD,2024-01-29T18:00:00Z,2024-01-29T19:00:00Z,107.52
Netherlands,NLD,2024-01-29T19:00:00Z,2024-01-29T20:00:00Z,90.95
Netherlands,NLD,2024-01-29T20:00:00Z,2024-01-29T21:00:00Z,85.66
Netherlands,NLD,2024-01-29T21:00:00Z,2024-01-29T22:00:00Z,83.25
Netherlands,NLD,2024-01-29T22:00:00Z,2024-01-29T23:00:00Z,80.29
Netherlands,NLD,2024-01-29T23:00:00Z,2024-01-30T00:00:00Z,71.94
Netherlands,NLD,2024-01-30T00:00:00Z,2024-01-30T01:00:00Z,68.76
Netherlands,NLD,2024-01-30T01:00:00Z,2024-01-30T02:00:00Z,69.37
Netherlands,NLD,2024-01-30T02:00:00Z,2024-01-30T03:00:00Z,67.09
Netherlands,NLD,2024-01-30T03:00:00Z,2024-01-30T04:00:00Z,66.63
Netherlands,NLD,2024-01-30T04:00:00Z,2024-01-30T05:00:00Z,69.37
Netherlands,NLD,2024-01-30T05:00:00Z,2024-01-30T06:00:00Z,78.61
Netherlands,NLD,2024-01-30T06:00:00Z,2024-01-30T07:00:00Z,90.77
Netherlands,NLD,2024-01-30T07:00:00Z,2024-01-30T08:00:00Z,95.94
Netherlands,NLD,2024-01-30T08:00:00Z,2024-01-30T09:00:00Z,84.93
Netherlands,NLD,2024-01-30T09:00:00Z,2024-01-30T10:00:00Z,77.15
Netherlands,NLD,2024-01-30T10:00:00Z,2024-01-30T11:00:00Z,70.1
Netherlands,NLD,2024-01-30T11:00:00Z,2024-01-30T12:00:00Z,68.1
Netherlands,NLD,2024-01-30T12:00:00Z,2024-01-30T13:00:00Z,68.23
Netherlands,NLD,2024-01-30T13:00:00Z,2024-01-30T14:00:00Z,71.93
Netherlands,NLD,2024-01-30T14:00:00Z,2024-01-30T15:00:00Z,78.6
Netherlands,NLD,2024-01-30T15:00:00Z,2024-01-30T16:00:00Z,81.97
Netherlands,NLD,2024-01-30T16:00:00Z,2024-01-30T17:00:00Z,88.36
Netherlands,NLD,2024-01-30T17:00:00Z,2024-01-30T18:00:00Z,99.38
Netherlands,NLD,2024-01-30T18:00:00Z,2024-01-30T19:00:00Z,110.41
Netherlands,NLD,2024-01-30T19:00:00Z,2024-01-30T20:00:00Z,89.9
Netherlands,NLD,2024-01-30T20:00:00Z,2024-01-30T21:00:00Z,80.12
Netherlands,NLD,2024-01-30T21:00:00Z,2024-01-30T22:00:00Z,82.45
Netherlands,NLD,2024-01-30T22:00:00Z,2024-01-30T23:00:00Z,77.3
Netherlands,NLD,2024-01-30T23:00:00Z,2024-01-31T00:00:00Z,78.9
Netherlands,NLD,2024-01-31T00:00:00Z,2024-01-31T01:00:00Z,74.03
Netherlands,NLD,2024-01-31T01:00:00Z,2024-01-31T02:00:00Z,70.89
Netherlands,NLD,2024-01-31T02:00:00Z,2024-01-31T03:00:00Z,69.82
Netherlands,NLD,2024-01-31T03:00:00Z,2024-01-31T04:00:00Z,69.17
Netherlands,NLD,2024-01-31T04:00:00Z,2024-01-31T05:00:00Z,73.86
Netherlands,NLD,2024-01-31T05:00:00Z,2024-01-31T06:00:00Z,84.77
Netherlands,NLD,2024-01-31T06:00:00Z,2024-01-31T07:00:00Z,105.17
Netherlands,NLD,2024-01-31T07:00:00Z,2024-01-31T08:00:00Z,120
Netherlands,NLD,2024-01-31T08:00:00Z,2024-01-31T09:00:00Z,93.53
Netherlands,NLD,2024-01-31T09:00:00Z,2024-01-31T10:00:00Z,82.98
Netherlands,NLD,2024-01-31T10:00:00Z,2024-01-31T11:00:00Z,77.09
Netherlands,NLD,2024-01-31T11:00:00Z,2024-01-31T12:00:00Z,74.91
Netherlands,NLD,2024-01-31T12:00:00Z,2024-01-31T13:00:00Z,67.5
Netherlands,NLD,2024-01-31T13:00:00Z,2024-01-31T14:00:00Z,66.8
Netherlands,NLD,2024-01-31T14:00:00Z,2024-01-31T15:00:00Z,73.94
Netherlands,NLD,2024-01-31T15:00:00Z,2024-01-31T16:00:00Z,78.55
Netherlands,NLD,2024-01-31T16:00:00Z,2024-01-31T17:00:00Z,85.65
Netherlands,NLD,2024-01-31T17:00:00Z,2024-01-31T18:00:00Z,85.5
Netherlands,NLD,2024-01-31T18:00:00Z,2024-01-31T19:00:00Z,69.2
Netherlands,NLD,2024-01-31T19:00:00Z,2024-01-31T20:00:00Z,62.78
Netherlands,NLD,2024-01-31T20:00:00Z,2024-01-31T21:00:00Z,58.18
Netherlands,NLD,2024-01-31T21:00:00Z,2024-01-31T22:00:00Z,54
Netherlands,NLD,2024-01-31T22:00:00Z,2024-01-31T23:00:00Z,40.57
Netherlands,NLD,2024-01-31T23:00:00Z,2024-02-01T00:00:00Z,48
Netherlands,NLD,2024-02-01T00:00:00Z,2024-02-01T01:00:00Z,42.37
Netherlands,NLD,2024-02-01T01:00:00Z,2024-02-01T02:00:00Z,43.04
Netherlands,NLD,2024-02-01T02:00:00Z,2024-02-01T03:00:00Z,43.94
Netherlands,NLD,2024-02-01T03:00:00Z,2024-02-01T04:00:00Z,47.63
Netherlands,NLD,2024-02-01T04:00:00Z,2024-02-01T05:00:00Z,56.06
Netherlands,NLD,2024-02-01T05:00:00Z,2024-02-01T06:00:00Z,69.2
Netherlands,NLD,2024-02-01T06:00:00Z,2024-02-01T07:00:00Z,86.37
Netherlands,NLD,2024-02-01T07:00:00Z,2024-02-01T08:00:00Z,99.76
Netherlands,NLD,2024-02-01T08:00:00Z,2024-02-01T09:00:00Z,92.77
Netherlands,NLD,2024-02-01T09:00:00Z,2024-02-01T10:00:00Z,83.71
Netherlands,NLD,2024-02-01T10:00:00Z,2024-02-01T11:00:00Z,75.5
Netherlands,NLD,2024-02-01T11:00:00Z,2024-02-01T12:00:00Z,67.6
Netherlands,NLD,2024-02-01T12:00:00Z,2024-02-01T13:00:00Z,57.26
Netherlands,NLD,2024-02-01T13:00:00Z,2024-02-01T14:00:00Z,71.2
Netherlands,NLD,2024-02-01T14:00:00Z,2024-02-01T15:00:00Z,87.5
Netherlands,NLD,2024-02-01T15:00:00Z,2024-02-01T16:00:00Z,84
Netherlands,NLD,2024-02-01T16:00:00Z,2024-02-01T17:00:00Z,112.62
Netherlands,NLD,2024-02-01T17:00:00Z,2024-02-01T18:00:00Z,113
Netherlands,NLD,2024-02-01T18:00:00Z,2024-02-01T19:00:00Z,98.03
Netherlands,NLD,2024-02-01T19:00:00Z,2024-02-01T20:00:00Z,90.81
Netherlands,NLD,2024-02-01T20:00:00Z,2024-02-01T21:00:00Z,83.34
Netherlands,NLD,2024-02-01T21:00:00Z,2024-02-01T22:00:00Z,81.91
Netherlands,NLD,2024-02-01T22:00:00Z,2024-02-01T23:00:00Z,73.42
Netherlands,NLD,2024-02-01T23:00:00Z,2024-02-02T00:00:00Z,64.32
Netherlands,NLD,2024-02-02T00:00:00Z,2024-02-02T01:00:00Z,59.95
Netherlands,NLD,2024-02-02T01:00:00Z,2024-02-02T02:00:00Z,58
Netherlands,NLD,2024-02-02T02:00:00Z,2024-02-02T03:00:00Z,54.69
Netherlands,NLD,2024-02-02T03:00:00Z,2024-02-02T04:00:00Z,53.14
Netherlands,NLD,2024-02-02T04:00:00Z,2024-02-02T05:00:00Z,55.13
Netherlands,NLD,2024-02-02T05:00:00Z,2024-02-02T06:00:00Z,66.49
Netherlands,NLD,2024-02-02T06:00:00Z,2024-02-02T07:00:00Z,77.91
Netherlands,NLD,2024-02-02T07:00:00Z,2024-02-02T08:00:00Z,89.61
Netherlands,NLD,2024-02-02T08:00:00Z,2024-02-02T09:00:00Z,86.21
Netherlands,NLD,2024-02-02T09:00:00Z,2024-02-02T10:00:00Z,80.8
Netherlands,NLD,2024-02-02T10:00:00Z,2024-02-02T11:00:00Z,75.17
Netherlands,NLD,2024-02-02T11:00:00Z,2024-02-02T12:00:00Z,64.89
Netherlands,NLD,2024-02-02T12:00:00Z,2024-02-02T13:00:00Z,62.56
Netherlands,NLD,2024-02-02T13:00:00Z,2024-02-02T14:00:00Z,63.7
Netherlands,NLD,2024-02-02T14:00:00Z,2024-02-02T15:00:00Z,67.7
Netherlands,NLD,2024-02-02T15:00:00Z,2024-02-02T16:00:00Z,80
Netherlands,NLD,2024-02-02T16:00:00Z,2024-02-02T17:00:00Z,88.47
Netherlands,NLD,2024-02-02T17:00:00Z,2024-02-02T18:00:00Z,99.97
Netherlands,NLD,2024-02-02T18:00:00Z,2024-02-02T19:00:00Z,82
Netherlands,NLD,2024-02-02T19:00:00Z,2024-02-02T20:00:00Z,73.3
Netherlands,NLD,2024-02-02T20:00:00Z,2024-02-02T21:00:00Z,70
Netherlands,NLD,2024-02-02T21:00:00Z,2024-02-02T22:00:00Z,63.15
Netherlands,NLD,2024-02-02T22:00:00Z,2024-02-02T23:00:00Z,54.84
Netherlands,NLD,2024-02-02T23:00:00Z,2024-02-03T00:00:00Z,49.68
Netherlands,NLD,2024-02-03T00:00:00Z,2024-02-03T01:00:00Z,43.08
Netherlands,NLD,2024-02-03T01:00:00Z,2024-02-03T02:00:00Z,34.9
Netherlands,NLD,2024-02-03T02:00:00Z,2024-02-03T03:00:00Z,14
Netherlands,NLD,2024-02-03T03:00:00Z,2024-02-03T04:00:00Z,10.98
Netherlands,NLD,2024-02-03T04:00:00Z,2024-02-03T05:00:00Z,11.4
Netherlands,NLD,2024-02-03T05:00:00Z,2024-02-03T06:00:00Z,16.48
Netherlands,NLD,2024-02-03T06:00:00Z,2024-02-03T07:00:00Z,36.43
Netherlands,NLD,2024-02-03T07:00:00Z,2024-02-03T08:00:00Z,46.91
Netherlands,NLD,2024-02-03T08:00:00Z,2024-02-03T09:00:00Z,67.48
Netherlands,NLD,2024-02-03T09:00:00Z,2024-02-03T10:00:00Z,66
Netherlands,NLD,2024-02-03T10:00:00Z,2024-02-03T11:00:00Z,58.02
Netherlands,NLD,2024-02-03T11:00:00Z,2024-02-03T12:00:00Z,51
Netherlands,NLD,2024-02-03T12:00:00Z,2024-02-03T13:00:00Z,47.9
Netherlands,NLD,2024-02-03T13:00:00Z,2024-02-03T14:00:00Z,42.53
Netherlands,NLD,2024-02-03T14:00:00Z,2024-02-03T15:00:00Z,44.71
Netherlands,NLD,2024-02-03T15:00:00Z,2024-02-03T16:00:00Z,50.58
Netherlands,NLD,2024-02-03T16:00:00Z,2024-02-03T17:00:00Z,67.4
Netherlands,NLD,2024-02-03T17:00:00Z,2024-02-03T18:00:00Z,106
Netherlands,NLD,2024-02-03T18:00:00Z,2024-02-03T19:00:00Z,96
Netherlands,NLD,2024-02-03T19:00:00Z,2024-02-03T20:00:00Z,72.45
Netherlands,NLD,2024-02-03T20:00:00Z,2024-02-03T21:00:00Z,63.1
Netherlands,NLD,2024-02-03T21:00:00Z,2024-02-03T22:00:00Z,51.41
Netherlands,NLD,2024-02-03T22:00:00Z,2024-02-03T23:00:00Z,40
Netherlands,NLD,2024-02-03T23:00:00Z,2024-02-04T00:00:00Z,42.5
Netherlands,NLD,2024-02-04T00:00:00Z,2024-02-04T01:00:00Z,32.22
Netherlands,NLD,2024-02-04T01:00:00Z,2024-02-04T02:00:00Z,6.9
Netherlands,NLD,2024-02-04T02:00:00Z,2024-02-04T03:00:00Z,0.72
Netherlands,NLD,2024-02-04T03:00:00Z,2024-02-04T04:00:00Z,0
Netherlands,NLD,2024-02-04T04:00:00Z,2024-02-04T05:00:00Z,0
Netherlands,NLD,2024-02-04T05:00:00Z,2024-02-04T06:00:00Z,0
Netherlands,NLD,2024-02-04T06:00:00Z,2024-02-04T07:00:00Z,4.4
Netherlands,NLD,2024-02-04T07:00:00Z,2024-02-04T08:00:00Z,11.88
Netherlands,NLD,2024-02-04T08:00:00Z,2024-02-04T09:00:00Z,27.5
Netherlands,NLD,2024-02-04T09:00:00Z,2024-02-04T10:00:00Z,40
Netherlands,NLD,2024-02-04T10:00:00Z,2024-02-04T11:00:00Z,26.67
Netherlands,NLD,2024-02-04T11:00:00Z,2024-02-04T12:00:00Z,19.79
Netherlands,NLD,2024-02-04T12:00:00Z,2024-02-04T13:00:00Z,5.07
Netherlands,NLD,2024-02-04T13:00:00Z,2024-02-04T14:00:00Z,14
Netherlands,NLD,2024-02-04T14:00:00Z,2024-02-04T15:00:00Z,31.68
Netherlands,NLD,2024-02-04T15:00:00Z,2024-02-04T16:00:00Z,41.2
Netherlands,NLD,2024-02-04T16:00:00Z,2024-02-04T17:00:00Z,63.5
Netherlands,NLD,2024-02-04T17:00:00Z,2024-02-04T18:00:00Z,85.81
Netherlands,NLD,2024-02-04T18:00:00Z,2024-02-04T19:00:00Z,70.9
Netherlands,NLD,2024-02-04T19:00:00Z,2024-02-04T20:00:00Z,53.6
Netherlands,NLD,2024-02-04T20:00:00Z,2024-02-04T21:00:00Z,54.89
Netherlands,NLD,2024-02-04T21:00:00Z,2024-02-04T22:00:00Z,49.74
Netherlands,NLD,2024-02-04T22:00:00Z,2024-02-04T23:00:00Z,34.98
Netherlands,NLD,2024-02-04T23:00:00Z,2024-02-05T00:00:00Z,1.63
Netherlands,NLD,2024-02-05T00:00:00Z,2024-02-05T01:00:00Z,0.1
Netherlands,NLD,2024-02-05T01:00:00Z,2024-02-05T02:00:00Z,0.1
Netherlands,NLD,2024-02-05T02:00:00Z,2024-02-05T03:00:00Z,0.22
Netherlands,NLD,2024-02-05T03:00:00Z,2024-02-05T04:00:00Z,0.08
Netherlands,NLD,2024-02-05T04:00:00Z,2024-02-05T05:00:00Z,1.65
Netherlands,NLD,2024-02-05T05:00:00Z,2024-02-05T06:00:00Z,41.23
Netherlands,NLD,2024-02-05T06:00:00Z,2024-02-05T07:00:00Z,85
Netherlands,NLD,2024-02-05T07:00:00Z,2024-02-05T08:00:00Z,106.6
Netherlands,NLD,2024-02-05T08:00:00Z,2024-02-05T09:00:00Z,78.7
Netherlands,NLD,2024-02-05T09:00:00Z,2024-02-05T10:00:00Z,55.2
Netherlands,NLD,2024-02-05T10:00:00Z,2024-02-05T11:00:00Z,44.89
Netherlands,NLD,2024-02-05T11:00:00Z,2024-02-05T12:00:00Z,34.8
Netherlands,NLD,2024-02-05T12:00:00Z,2024-02-05T13:00:00Z,45.5
Netherlands,NLD,2024-02-05T13:00:00Z,2024-02-05T14:00:00Z,54
Netherlands,NLD,2024-02-05T14:00:00Z,2024-02-05T15:00:00Z,55.79
Netherlands,NLD,2024-02-05T15:00:00Z,2024-02-05T16:00:00Z,65
Netherlands,NLD,2024-02-05T16:00:00Z,2024-02-05T17:00:00Z,86.21
Netherlands,NLD,2024-02-05T17:00:00Z,2024-02-05T18:00:00Z,97.55
Netherlands,NLD,2024-02-05T18:00:00Z,2024-02-05T19:00:00Z,80.1
Netherlands,NLD,2024-02-05T19:00:00Z,2024-02-05T20:00:00Z,69.96
Netherlands,NLD,2024-02-05T20:00:00Z,2024-02-05T21:00:00Z,59.91
Netherlands,NLD,2024-02-05T21:00:00Z,2024-02-05T22:00:00Z,56.04
Netherlands,NLD,2024-02-05T22:00:00Z,2024-02-05T23:00:00Z,47.41
Netherlands,NLD,2024-02-05T23:00:00Z,2024-02-06T00:00:00Z,35.46
Netherlands,NLD,2024-02-06T00:00:00Z,2024-02-06T01:00:00Z,28.2
Netherlands,NLD,2024-02-06T01:00:00Z,2024-02-06T02:00:00Z,10
Netherlands,NLD,2024-02-06T02:00:00Z,2024-02-06T03:00:00Z,4.98
Netherlands,NLD,2024-02-06T03:00:00Z,2024-02-06T04:00:00Z,3.11
Netherlands,NLD,2024-02-06T04:00:00Z,2024-02-06T05:00:00Z,20.09
Netherlands,NLD,2024-02-06T05:00:00Z,2024-02-06T06:00:00Z,50
Netherlands,NLD,2024-02-06T06:00:00Z,2024-02-06T07:00:00Z,69.22
Netherlands,NLD,2024-02-06T07:00:00Z,2024-02-06T08:00:00Z,88.2
Netherlands,NLD,2024-02-06T08:00:00Z,2024-02-06T09:00:00Z,87.3
Netherlands,NLD,2024-02-06T09:00:00Z,2024-02-06T10:00:00Z,87.1
Netherlands,NLD,2024-02-06T10:00:00Z,2024-02-06T11:00:00Z,76.5
Netherlands,NLD,2024-02-06T11:00:00Z,2024-02-06T12:00:00Z,64.9
Netherlands,NLD,2024-02-06T12:00:00Z,2024-02-06T13:00:00Z,59.94
Netherlands,NLD,2024-02-06T13:00:00Z,2024-02-06T14:00:00Z,63.86
Netherlands,NLD,2024-02-06T14:00:00Z,2024-02-06T15:00:00Z,63.9
Netherlands,NLD,2024-02-06T15:00:00Z,2024-02-06T16:00:00Z,64.7
Netherlands,NLD,2024-02-06T16:00:00Z,2024-02-06T17:00:00Z,80
Netherlands,NLD,2024-02-06T17:00:00Z,2024-02-06T18:00:00Z,99.26
Netherlands,NLD,2024-02-06T18:00:00Z,2024-02-06T19:00:00Z,94.89
Netherlands,NLD,2024-02-06T19:00:00Z,2024-02-06T20:00:00Z,71
Netherlands,NLD,2024-02-06T20:00:00Z,2024-02-06T21:00:00Z,62.62
Netherlands,NLD,2024-02-06T21:00:00Z,2024-02-06T22:00:00Z,57.11
Netherlands,NLD,2024-02-06T22:00:00Z,2024-02-06T23:00:00Z,53.3
Netherlands,NLD,2024-02-06T23:00:00Z,2024-02-07T00:00:00Z,41.17
Netherlands,NLD,2024-02-07T00:00:00Z,2024-02-07T01:00:00Z,44.8
Netherlands,NLD,2024-02-07T01:00:00Z,2024-02-07T02:00:00Z,49.9
Netherlands,NLD,2024-02-07T02:00:00Z,2024-02-07T03:00:00Z,60.98
Netherlands,NLD,2024-02-07T03:00:00Z,2024-02-07T04:00:00Z,61
Netherlands,NLD,2024-02-07T04:00:00Z,2024-02-07T05:00:00Z,65.6
Netherlands,NLD,2024-02-07T05:00:00Z,2024-02-07T06:00:00Z,75.9
Netherlands,NLD,2024-02-07T06:00:00Z,2024-02-07T07:00:00Z,88.6
Netherlands,NLD,2024-02-07T07:00:00Z,2024-02-07T08:00:00Z,94.9
Netherlands,NLD,2024-02-07T08:00:00Z,2024-02-07T09:00:00Z,96.9
Netherlands,NLD,2024-02-07T09:00:00Z,2024-02-07T10:00:00Z,81.88
Netherlands,NLD,2024-02-07T10:00:00Z,2024-02-07T11:00:00Z,78.66
Netherlands,NLD,2024-02-07T11:00:00Z,2024-02-07T12:00:00Z,75
Netherlands,NLD,2024-02-07T12:00:00Z,2024-02-07T13:00:00Z,73.8
Netherlands,NLD,2024-02-07T13:00:00Z,2024-02-07T14:00:00Z,75.38
Netherlands,NLD,2024-02-07T14:00:00Z,2024-02-07T15:00:00Z,85.3
Netherlands,NLD,2024-02-07T15:00:00Z,2024-02-07T16:00:00Z,93.03
Netherlands,NLD,2024-02-07T16:00:00Z,2024-02-07T17:00:00Z,119.64
Netherlands,NLD,2024-02-07T17:00:00Z,2024-02-07T18:00:00Z,135.8
Netherlands,NLD,2024-02-07T18:00:00Z,2024-02-07T19:00:00Z,110.32
Netherlands,NLD,2024-02-07T19:00:00Z,2024-02-07T20:00:00Z,98
Netherlands,NLD,2024-02-07T20:00:00Z,2024-02-07T21:00:00Z,83.56
Netherlands,NLD,2024-02-07T21:00:00Z,2024-02-07T22:00:00Z,79.01
Netherlands,NLD,2024-02-07T22:00:00Z,2024-02-07T23:00:00Z,79.21
Netherlands,NLD,2024-02-07T23:00:00Z,2024-02-08T00:00:00Z,73.7
Netherlands,NLD,2024-02-08T00:00:00Z,2024-02-08T01:00:00Z,73.2
Netherlands,NLD,2024-02-08T01:00:00Z,2024-02-08T02:00:00Z,72.15
Netherlands,NLD,2024-02-08T02:00:00Z,2024-02-08T03:00:00Z,68.63
Netherlands,NLD,2024-02-08T03:00:00Z,2024-02-08T04:00:00Z,66.69
Netherlands,NLD,2024-02-08T04:00:00Z,2024-02-08T05:00:00Z,71.71
Netherlands,NLD,2024-02-08T05:00:00Z,2024-02-08T06:00:00Z,82.06
Netherlands,NLD,2024-02-08T06:00:00Z,2024-02-08T07:00:00Z,104.49
Netherlands,NLD,2024-02-08T07:00:00Z,2024-02-08T08:00:00Z,131.91
Netherlands,NLD,2024-02-08T08:00:00Z,2024-02-08T09:00:00Z,112.37
Netherlands,NLD,2024-02-08T09:00:00Z,2024-02-08T10:00:00Z,98.02
Netherlands,NLD,2024-02-08T10:00:00Z,2024-02-08T11:00:00Z,89.55
Netherlands,NLD,2024-02-08T11:00:00Z,2024-02-08T12:00:00Z,84.01
Netherlands,NLD,2024-02-08T12:00:00Z,2024-02-08T13:00:00Z,85.52
Netherlands,NLD,2024-02-08T13:00:00Z,2024-02-08T14:00:00Z,83.32
Netherlands,NLD,2024-02-08T14:00:00Z,2024-02-08T15:00:00Z,84
Netherlands,NLD,2024-02-08T15:00:00Z,2024-02-08T16:00:00Z,76.81
Netherlands,NLD,2024-02-08T16:00:00Z,2024-02-08T17:00:00Z,77.2
Netherlands,NLD,2024-02-08T17:00:00Z,2024-02-08T18:00:00Z,84
Netherlands,NLD,2024-02-08T18:00:00Z,2024-02-08T19:00:00Z,81.5
Netherlands,NLD,2024-02-08T19:00:00Z,2024-02-08T20:00:00Z,77.57
Netherlands,NLD,2024-02-08T20:00:00Z,2024-02-08T21:00:00Z,75
Netherlands,NLD,2024-02-08T21:00:00Z,2024-02-08T22:00:00Z,70.82
Netherlands,NLD,2024-02-08T22:00:00Z,2024-02-08T23:00:00Z,61.64
Netherlands,NLD,2024-02-08T23:00:00Z,2024-02-09T00:00:00Z,60.36
Netherlands,NLD,2024-02-09T00:00:00Z,2024-02-09T01:00:00Z,52.16
Netherlands,NLD,2024-02-09T01:00:00Z,2024-02-09T02:00:00Z,47.15
Netherlands,NLD,2024-02-09T02:00:00Z,2024-02-09T03:00:00Z,42.1
Netherlands,NLD,2024-02-09T03:00:00Z,2024-02-09T04:00:00Z,41.3
Netherlands,NLD,2024-02-09T04:00:00Z,2024-02-09T05:00:00Z,44.88
Netherlands,NLD,2024-02-09T05:00:00Z,2024-02-09T06:00:00Z,52.88
Netherlands,NLD,2024-02-09T06:00:00Z,2024-02-09T07:00:00Z,63.7
Netherlands,NLD,2024-02-09T07:00:00Z,2024-02-09T08:00:00Z,67.89
Netherlands,NLD,2024-02-09T08:00:00Z,2024-02-09T09:00:00Z,67.83
Netherlands,NLD,2024-02-09T09:00:00Z,2024-02-09T10:00:00Z,68.82
Netherlands,NLD,2024-02-09T10:00:00Z,2024-02-09T11:00:00Z,67.61
Netherlands,NLD,2024-02-09T11:00:00Z,2024-02-09T12:00:00Z,64.55
Netherlands,NLD,2024-02-09T12:00:00Z,2024-02-09T13:00:00Z,63.7
Netherlands,NLD,2024-02-09T13:00:00Z,2024-02-09T14:00:00Z,68.68
Netherlands,NLD,2024-02-09T14:00:00Z,2024-02-09T15:00:00Z,75.46
Netherlands,NLD,2024-02-09T15:00:00Z,2024-02-09T16:00:00Z,82.38
Netherlands,NLD,2024-02-09T16:00:00Z,2024-02-09T17:00:00Z,92.49
Netherlands,NLD,2024-02-09T17:00:00Z,2024-02-09T18:00:00Z,94.29
Netherlands,NLD,2024-02-09T18:00:00Z,2024-02-09T19:00:00Z,87.1
Netherlands,NLD,2024-02-09T19:00:00Z,2024-02-09T20:00:00Z,80.54
Netherlands,NLD,2024-02-09T20:00:00Z,2024-02-09T21:00:00Z,75.22
Netherlands,NLD,2024-02-09T21:00:00Z,2024-02-09T22:00:00Z,74.91
Netherlands,NLD,2024-02-09T22:00:00Z,2024-02-09T23:00:00Z,70.94
Netherlands,NLD,2024-02-09T23:00:00Z,2024-02-10T00:00:00Z,63.1
Netherlands,NLD,2024-02-10T00:00:00Z,2024-02-10T01:00:00Z,64.08
Netherlands,NLD,2024-02-10T01:00:00Z,2024-02-10T02:00:00Z,64.4
Netherlands,NLD,2024-02-10T02:00:00Z,2024-02-10T03:00:00Z,64.39
Netherlands,NLD,2024-02-10T03:00:00Z,2024-02-10T04:00:00Z,64.41
Netherlands,NLD,2024-02-10T04:00:00Z,2024-02-10T05:00:00Z,65.82
Netherlands,NLD,2024-02-10T05:00:00Z,2024-02-10T06:00:00Z,70.91
Netherlands,NLD,2024-02-10T06:00:00Z,2024-02-10T07:00:00Z,74.86
Netherlands,NLD,2024-02-10T07:00:00Z,2024-02-10T08:00:00Z,77.7
Netherlands,NLD,2024-02-10T08:00:00Z,2024-02-10T09:00:00Z,80.38
Netherlands,NLD,2024-02-10T09:00:00Z,2024-02-10T10:00:00Z,75.4
Netherlands,NLD,2024-02-10T10:00:00Z,2024-02-10T11:00:00Z,70.42
Netherlands,NLD,2024-02-10T11:00:00Z,2024-02-10T12:00:00Z,68.5
Netherlands,NLD,2024-02-10T12:00:00Z,2024-02-10T13:00:00Z,66.72
Netherlands,NLD,2024-02-10T13:00:00Z,2024-02-10T14:00:00Z,69.53
Netherlands,NLD,2024-02-10T14:00:00Z,2024-02-10T15:00:00Z,77.17
Netherlands,NLD,2024-02-10T15:00:00Z,2024-02-10T16:00:00Z,85.05
Netherlands,NLD,2024-02-10T16:00:00Z,2024-02-10T17:00:00Z,89.9
Netherlands,NLD,2024-02-10T17:00:00Z,2024-02-10T18:00:00Z,113.6
Netherlands,NLD,2024-02-10T18:00:00Z,2024-02-10T19:00:00Z,89
Netherlands,NLD,2024-02-10T19:00:00Z,2024-02-10T20:00:00Z,74.4
Netherlands,NLD,2024-02-10T20:00:00Z,2024-02-10T21:00:00Z,70
Netherlands,NLD,2024-02-10T21:00:00Z,2024-02-10T22:00:00Z,77.21
Netherlands,NLD,2024-02-10T22:00:00Z,2024-02-10T23:00:00Z,64.32
Netherlands,NLD,2024-02-10T23:00:00Z,2024-02-11T00:00:00Z,68.8
Netherlands,NLD,2024-02-11T00:00:00Z,2024-02-11T01:00:00Z,59.3
Netherlands,NLD,2024-02-11T01:00:00Z,2024-02-11T02:00:00Z,52.6
Netherlands,NLD,2024-02-11T02:00:00Z,2024-02-11T03:00:00Z,46.83
Netherlands,NLD,2024-02-11T03:00:00Z,2024-02-11T04:00:00Z,46.51
Netherlands,NLD,2024-02-11T04:00:00Z,2024-02-11T05:00:00Z,46.25
Netherlands,NLD,2024-02-11T05:00:00Z,2024-02-11T06:00:00Z,56.4
Netherlands,NLD,2024-02-11T06:00:00Z,2024-02-11T07:00:00Z,63.03
Netherlands,NLD,2024-02-11T07:00:00Z,2024-02-11T08:00:00Z,71
Netherlands,NLD,2024-02-11T08:00:00Z,2024-02-11T09:00:00Z,66.1
Netherlands,NLD,2024-02-11T09:00:00Z,2024-02-11T10:00:00Z,68.4
Netherlands,NLD,2024-02-11T10:00:00Z,2024-02-11T11:00:00Z,65.46
Netherlands,NLD,2024-02-11T11:00:00Z,2024-02-11T12:00:00Z,64.34
Netherlands,NLD,2024-02-11T12:00:00Z,2024-02-11T13:00:00Z,63.38
Netherlands,NLD,2024-02-11T13:00:00Z,2024-02-11T14:00:00Z,64.06
Netherlands,NLD,2024-02-11T14:00:00Z,2024-02-11T15:00:00Z,68.22
Netherlands,NLD,2024-02-11T15:00:00Z,2024-02-11T16:00:00Z,72.24
Netherlands,NLD,2024-02-11T16:00:00Z,2024-02-11T17:00:00Z,79.72
Netherlands,NLD,2024-02-11T17:00:00Z,2024-02-11T18:00:00Z,112
Netherlands,NLD,2024-02-11T18:00:00Z,2024-02-11T19:00:00Z,96.8
Netherlands,NLD,2024-02-11T19:00:00Z,2024-02-11T20:00:00Z,77.03
Netherlands,NLD,2024-02-11T20:00:00Z,2024-02-11T21:00:00Z,70.72
Netherlands,NLD,2024-02-11T21:00:00Z,2024-02-11T22:00:00Z,68.39
Netherlands,NLD,2024-02-11T22:00:00Z,2024-02-11T23:00:00Z,64.01
Netherlands,NLD,2024-02-11T23:00:00Z,2024-02-12T00:00:00Z,64.35
Netherlands,NLD,2024-02-12T00:00:00Z,2024-02-12T01:00:00Z,61.65
Netherlands,NLD,2024-02-12T01:00:00Z,2024-02-12T02:00:00Z,60.73
Netherlands,NLD,2024-02-12T02:00:00Z,2024-02-12T03:00:00Z,59.47
Netherlands,NLD,2024-02-12T03:00:00Z,2024-02-12T04:00:00Z,59.21
Netherlands,NLD,2024-02-12T04:00:00Z,2024-02-12T05:00:00Z,65
Netherlands,NLD,2024-02-12T05:00:00Z,2024-02-12T06:00:00Z,76
Netherlands,NLD,2024-02-12T06:00:00Z,2024-02-12T07:00:00Z,85.41
Netherlands,NLD,2024-02-12T07:00:00Z,2024-02-12T08:00:00Z,104
Netherlands,NLD,2024-02-12T08:00:00Z,2024-02-12T09:00:00Z,96.5
Netherlands,NLD,2024-02-12T09:00:00Z,2024-02-12T10:00:00Z,85.47
Netherlands,NLD,2024-02-12T10:00:00Z,2024-02-12T11:00:00Z,79.09
Netherlands,NLD,2024-02-12T11:00:00Z,2024-02-12T12:00:00Z,67.42
Netherlands,NLD,2024-02-12T12:00:00Z,2024-02-12T13:00:00Z,63.86
Netherlands,NLD,2024-02-12T13:00:00Z,2024-02-12T14:00:00Z,64.13
Netherlands,NLD,2024-02-12T14:00:00Z,2024-02-12T15:00:00Z,66.65
Netherlands,NLD,2024-02-12T15:00:00Z,2024-02-12T16:00:00Z,77.1
Netherlands,NLD,2024-02-12T16:00:00Z,2024-02-12T17:00:00Z,90.69
Netherlands,NLD,2024-02-12T17:00:00Z,2024-02-12T18:00:00Z,96
Netherlands,NLD,2024-02-12T18:00:00Z,2024-02-12T19:00:00Z,89.08
Netherlands,NLD,2024-02-12T19:00:00Z,2024-02-12T20:00:00Z,79.15
Netherlands,NLD,2024-02-12T20:00:00Z,2024-02-12T21:00:00Z,71.54
Netherlands,NLD,2024-02-12T21:00:00Z,2024-02-12T22:00:00Z,65.87
Netherlands,NLD,2024-02-12T22:00:00Z,2024-02-12T23:00:00Z,61.9
Netherlands,NLD,2024-02-12T23:00:00Z,2024-02-13T00:00:00Z,68.59
Netherlands,NLD,2024-02-13T00:00:00Z,2024-02-13T01:00:00Z,65.37
Netherlands,NLD,2024-02-13T01:00:00Z,2024-02-13T02:00:00Z,63.41
Netherlands,NLD,2024-02-13T02:00:00Z,2024-02-13T03:00:00Z,60.49
Netherlands,NLD,2024-02-13T03:00:00Z,2024-02-13T04:00:00Z,60.06
Netherlands,NLD,2024-02-13T04:00:00Z,2024-02-13T05:00:00Z,63.59
Netherlands,NLD,2024-02-13T05:00:00Z,2024-02-13T06:00:00Z,70.7
Netherlands,NLD,2024-02-13T06:00:00Z,2024-02-13T07:00:00Z,82.32
Netherlands,NLD,2024-02-13T07:00:00Z,2024-02-13T08:00:00Z,89.1
Netherlands,NLD,2024-02-13T08:00:00Z,2024-02-13T09:00:00Z,75.12
Netherlands,NLD,2024-02-13T09:00:00Z,2024-02-13T10:00:00Z,69.21
Netherlands,NLD,2024-02-13T10:00:00Z,2024-02-13T11:00:00Z,63.87
Netherlands,NLD,2024-02-13T11:00:00Z,2024-02-13T12:00:00Z,60.53
Netherlands,NLD,2024-02-13T12:00:00Z,2024-02-13T13:00:00Z,60.26
Netherlands,NLD,2024-02-13T13:00:00Z,2024-02-13T14:00:00Z,63.1
Netherlands,NLD,2024-02-13T14:00:00Z,2024-02-13T15:00:00Z,70.7
Netherlands,NLD,2024-02-13T15:00:00Z,2024-02-13T16:00:00Z,77.92
Netherlands,NLD,2024-02-13T16:00:00Z,2024-02-13T17:00:00Z,91.79
Netherlands,NLD,2024-02-13T17:00:00Z,2024-02-13T18:00:00Z,99.2
Netherlands,NLD,2024-02-13T18:00:00Z,2024-02-13T19:00:00Z,91.13
Netherlands,NLD,2024-02-13T19:00:00Z,2024-02-13T20:00:00Z,78.2
Netherlands,NLD,2024-02-13T20:00:00Z,2024-02-13T21:00:00Z,72.18
Netherlands,NLD,2024-02-13T21:00:00Z,2024-02-13T22:00:00Z,68.53
Netherlands,NLD,2024-02-13T22:00:00Z,2024-02-13T23:00:00Z,64.78
Netherlands,NLD,2024-02-13T23:00:00Z,2024-02-14T00:00:00Z,60.63
Netherlands,NLD,2024-02-14T00:00:00Z,2024-02-14T01:00:00Z,59.34
Netherlands,NLD,2024-02-14T01:00:00Z,2024-02-14T02:00:00Z,55.76
Netherlands,NLD,2024-02-14T02:00:00Z,2024-02-14T03:00:00Z,54.79
Netherlands,NLD,2024-02-14T03:00:00Z,2024-02-14T04:00:00Z,55.06
Netherlands,NLD,2024-02-14T04:00:00Z,2024-02-14T05:00:00Z,58.5
Netherlands,NLD,2024-02-14T05:00:00Z,2024-02-14T06:00:00Z,63.52
Netherlands,NLD,2024-02-14T06:00:00Z,2024-02-14T07:00:00Z,72.98
Netherlands,NLD,2024-02-14T07:00:00Z,2024-02-14T08:00:00Z,79.89
Netherlands,NLD,2024-02-14T08:00:00Z,2024-02-14T09:00:00Z,69.65
Netherlands,NLD,2024-02-14T09:00:00Z,2024-02-14T10:00:00Z,63.86
Netherlands,NLD,2024-02-14T10:00:00Z,2024-02-14T11:00:00Z,63.29
Netherlands,NLD,2024-02-14T11:00:00Z,2024-02-14T12:00:00Z,62.16
Netherlands,NLD,2024-02-14T12:00:00Z,2024-02-14T13:00:00Z,61.91
Netherlands,NLD,2024-02-14T13:00:00Z,2024-02-14T14:00:00Z,67.29
Netherlands,NLD,2024-02-14T14:00:00Z,2024-02-14T15:00:00Z,70.69
Netherlands,NLD,2024-02-14T15:00:00Z,2024-02-14T16:00:00Z,75.99
Netherlands,NLD,2024-02-14T16:00:00Z,2024-02-14T17:00:00Z,81.65
Netherlands,NLD,2024-02-14T17:00:00Z,2024-02-14T18:00:00Z,87.67
Netherlands,NLD,2024-02-14T18:00:00Z,2024-02-14T19:00:00Z,84.58
Netherlands,NLD,2024-02-14T19:00:00Z,2024-02-14T20:00:00Z,76.6
Netherlands,NLD,2024-02-14T20:00:00Z,2024-02-14T21:00:00Z,69.71
Netherlands,NLD,2024-02-14T21:00:00Z,2024-02-14T22:00:00Z,68.2
Netherlands,NLD,2024-02-14T22:00:00Z,2024-02-14T23:00:00Z,63.8
Netherlands,NLD,2024-02-14T23:00:00Z,2024-02-15T00:00:00Z,61.67
Netherlands,NLD,2024-02-15T00:00:00Z,2024-02-15T01:00:00Z,60.55
Netherlands,NLD,2024-02-15T01:00:00Z,2024-02-15T02:00:00Z,59.41
Netherlands,NLD,2024-02-15T02:00:00Z,2024-02-15T03:00:00Z,58.33
Netherlands,NLD,2024-02-15T03:00:00Z,2024-02-15T04:00:00Z,59.63
Netherlands,NLD,2024-02-15T04:00:00Z,2024-02-15T05:00:00Z,63.43
Netherlands,NLD,2024-02-15T05:00:00Z,2024-02-15T06:00:00Z,70.14
Netherlands,NLD,2024-02-15T06:00:00Z,2024-02-15T07:00:00Z,79.8
Netherlands,NLD,2024-02-15T07:00:00Z,2024-02-15T08:00:00Z,82.06
Netherlands,NLD,2024-02-15T08:00:00Z,2024-02-15T09:00:00Z,77.84
Netherlands,NLD,2024-02-15T09:00:00Z,2024-02-15T10:00:00Z,73.51
Netherlands,NLD,2024-02-15T10:00:00Z,2024-02-15T11:00:00Z,68.51
Netherlands,NLD,2024-02-15T11:00:00Z,2024-02-15T12:00:00Z,64.8
Netherlands,NLD,2024-02-15T12:00:00Z,2024-02-15T13:00:00Z,63.85
Netherlands,NLD,2024-02-15T13:00:00Z,2024-02-15T14:00:00Z,66.84
Netherlands,NLD,2024-02-15T14:00:00Z,2024-02-15T15:00:00Z,71.27
Netherlands,NLD,2024-02-15T15:00:00Z,2024-02-15T16:00:00Z,74.11
Netherlands,NLD,2024-02-15T16:00:00Z,2024-02-15T17:00:00Z,82.44
Netherlands,NLD,2024-02-15T17:00:00Z,2024-02-15T18:00:00Z,84.54
Netherlands,NLD,2024-02-15T18:00:00Z,2024-02-15T19:00:00Z,75.13
Netherlands,NLD,2024-02-15T19:00:00Z,2024-02-15T20:00:00Z,69.56
Netherlands,NLD,2024-02-15T20:00:00Z,2024-02-15T21:00:00Z,62.68
Netherlands,NLD,2024-02-15T21:00:00Z,2024-02-15T22:00:00Z,62.66
Netherlands,NLD,2024-02-15T22:00:00Z,2024-02-15T23:00:00Z,58.64
Netherlands,NLD,2024-02-15T23:00:00Z,2024-02-16T00:00:00Z,51.76
Netherlands,NLD,2024-02-16T00:00:00Z,2024-02-16T01:00:00Z,51.08
Netherlands,NLD,2024-02-16T01:00:00Z,2024-02-16T02:00:00Z,49.92
Netherlands,NLD,2024-02-16T02:00:00Z,2024-02-16T03:00:00Z,48.81
Netherlands,NLD,2024-02-16T03:00:00Z,2024-02-16T04:00:00Z,51.38
Netherlands,NLD,2024-02-16T04:00:00Z,2024-02-16T05:00:00Z,52.2
Netherlands,NLD,2024-02-16T05:00:00Z,2024-02-16T06:00:00Z,57.5
Netherlands,NLD,2024-02-16T06:00:00Z,2024-02-16T07:00:00Z,68.88
Netherlands,NLD,2024-02-16T07:00:00Z,2024-02-16T08:00:00Z,70.5
Netherlands,NLD,2024-02-16T08:00:00Z,2024-02-16T09:00:00Z,68
Netherlands,NLD,2024-02-16T09:00:00Z,2024-02-16T10:00:00Z,61.2
Netherlands,NLD,2024-02-16T10:00:00Z,2024-02-16T11:00:00Z,68.8
Netherlands,NLD,2024-02-16T11:00:00Z,2024-02-16T12:00:00Z,65
Netherlands,NLD,2024-02-16T12:00:00Z,2024-02-16T13:00:00Z,61.2
Netherlands,NLD,2024-02-16T13:00:00Z,2024-02-16T14:00:00Z,63.04
Netherlands,NLD,2024-02-16T14:00:00Z,2024-02-16T15:00:00Z,64.96
Netherlands,NLD,2024-02-16T15:00:00Z,2024-02-16T16:00:00Z,70
Netherlands,NLD,2024-02-16T16:00:00Z,2024-02-16T17:00:00Z,72.06
Netherlands,NLD,2024-02-16T17:00:00Z,2024-02-16T18:00:00Z,79.73
Netherlands,NLD,2024-02-16T18:00:00Z,2024-02-16T19:00:00Z,80.75
Netherlands,NLD,2024-02-16T19:00:00Z,2024-02-16T20:00:00Z,74.53
Netherlands,NLD,2024-02-16T20:00:00Z,2024-02-16T21:00:00Z,70
Netherlands,NLD,2024-02-16T21:00:00Z,2024-02-16T22:00:00Z,70
Netherlands,NLD,2024-02-16T22:00:00Z,2024-02-16T23:00:00Z,65.7
Netherlands,NLD,2024-02-16T23:00:00Z,2024-02-17T00:00:00Z,68.5
Netherlands,NLD,2024-02-17T00:00:00Z,2024-02-17T01:00:00Z,62.64
Netherlands,NLD,2024-02-17T01:00:00Z,2024-02-17T02:00:00Z,68
Netherlands,NLD,2024-02-17T02:00:00Z,2024-02-17T03:00:00Z,64.9
Netherlands,NLD,2024-02-17T03:00:00Z,2024-02-17T04:00:00Z,64.89
Netherlands,NLD,2024-02-17T04:00:00Z,2024-02-17T05:00:00Z,73.28
Netherlands,NLD,2024-02-17T05:00:00Z,2024-02-17T06:00:00Z,60.6
Netherlands,NLD,2024-02-17T06:00:00Z,2024-02-17T07:00:00Z,68.7
Netherlands,NLD,2024-02-17T07:00:00Z,2024-02-17T08:00:00Z,75.3
Netherlands,NLD,2024-02-17T08:00:00Z,2024-02-17T09:00:00Z,84.52
Netherlands,NLD,2024-02-17T09:00:00Z,2024-02-17T10:00:00Z,67
Netherlands,NLD,2024-02-17T10:00:00Z,2024-02-17T11:00:00Z,60.83
Netherlands,NLD,2024-02-17T11:00:00Z,2024-02-17T12:00:00Z,58.24
Netherlands,NLD,2024-02-17T12:00:00Z,2024-02-17T13:00:00Z,55.25
Netherlands,NLD,2024-02-17T13:00:00Z,2024-02-17T14:00:00Z,59.1
Netherlands,NLD,2024-02-17T14:00:00Z,2024-02-17T15:00:00Z,67.07
Netherlands,NLD,2024-02-17T15:00:00Z,2024-02-17T16:00:00Z,70.8
Netherlands,NLD,2024-02-17T16:00:00Z,2024-02-17T17:00:00Z,85.01
Netherlands,NLD,2024-02-17T17:00:00Z,2024-02-17T18:00:00Z,105.68
Netherlands,NLD,2024-02-17T18:00:00Z,2024-02-17T19:00:00Z,89.51
Netherlands,NLD,2024-02-17T19:00:00Z,2024-02-17T20:00:00Z,80.15
Netherlands,NLD,2024-02-17T20:00:00Z,2024-02-17T21:00:00Z,74.16
Netherlands,NLD,2024-02-17T21:00:00Z,2024-02-17T22:00:00Z,72.06
Netherlands,NLD,2024-02-17T22:00:00Z,2024-02-17T23:00:00Z,69.11
Netherlands,NLD,2024-02-17T23:00:00Z,2024-02-18T00:00:00Z,62.13
Netherlands,NLD,2024-02-18T00:00:00Z,2024-02-18T01:00:00Z,54.81
Netherlands,NLD,2024-02-18T01:00:00Z,2024-02-18T02:00:00Z,51.4
Netherlands,NLD,2024-02-18T02:00:00Z,2024-02-18T03:00:00Z,50.22
Netherlands,NLD,2024-02-18T03:00:00Z,2024-02-18T04:00:00Z,50
Netherlands,NLD,2024-02-18T04:00:00Z,2024-02-18T05:00:00Z,48.47
Netherlands,NLD,2024-02-18T05:00:00Z,2024-02-18T06:00:00Z,46.02
Netherlands,NLD,2024-02-18T06:00:00Z,2024-02-18T07:00:00Z,48.97
Netherlands,NLD,2024-02-18T07:00:00Z,2024-02-18T08:00:00Z,47.28
Netherlands,NLD,2024-02-18T08:00:00Z,2024-02-18T09:00:00Z,43.03
Netherlands,NLD,2024-02-18T09:00:00Z,2024-02-18T10:00:00Z,40.45
Netherlands,NLD,2024-02-18T10:00:00Z,2024-02-18T11:00:00Z,41
Netherlands,NLD,2024-02-18T11:00:00Z,2024-02-18T12:00:00Z,50
Netherlands,NLD,2024-02-18T12:00:00Z,2024-02-18T13:00:00Z,50.17
Netherlands,NLD,2024-02-18T13:00:00Z,2024-02-18T14:00:00Z,64.6
Netherlands,NLD,2024-02-18T14:00:00Z,2024-02-18T15:00:00Z,66.93
Netherlands,NLD,2024-02-18T15:00:00Z,2024-02-18T16:00:00Z,62.87
Netherlands,NLD,2024-02-18T16:00:00Z,2024-02-18T17:00:00Z,72
Netherlands,NLD,2024-02-18T17:00:00Z,2024-02-18T18:00:00Z,84.1
Netherlands,NLD,2024-02-18T18:00:00Z,2024-02-18T19:00:00Z,70.59
Netherlands,NLD,2024-02-18T19:00:00Z,2024-02-18T20:00:00Z,64.71
Netherlands,NLD,2024-02-18T20:00:00Z,2024-02-18T21:00:00Z,59.83
Netherlands,NLD,2024-02-18T21:00:00Z,2024-02-18T22:00:00Z,57.33
Netherlands,NLD,2024-02-18T22:00:00Z,2024-02-18T23:00:00Z,53.94
Netherlands,NLD,2024-02-18T23:00:00Z,2024-02-19T00:00:00Z,44
Netherlands,NLD,2024-02-19T00:00:00Z,2024-02-19T01:00:00Z,48.32
Netherlands,NLD,2024-02-19T01:00:00Z,2024-02-19T02:00:00Z,46.46
Netherlands,NLD,2024-02-19T02:00:00Z,2024-02-19T03:00:00Z,43.91
Netherlands,NLD,2024-02-19T03:00:00Z,2024-02-19T04:00:00Z,44.92
Netherlands,NLD,2024-02-19T04:00:00Z,2024-02-19T05:00:00Z,51.57
Netherlands,NLD,2024-02-19T05:00:00Z,2024-02-19T06:00:00Z,68.63
Netherlands,NLD,2024-02-19T06:00:00Z,2024-02-19T07:00:00Z,79.12
Netherlands,NLD,2024-02-19T07:00:00Z,2024-02-19T08:00:00Z,83.87
Netherlands,NLD,2024-02-19T08:00:00Z,2024-02-19T09:00:00Z,75.06
Netherlands,NLD,2024-02-19T09:00:00Z,2024-02-19T10:00:00Z,70.88
Netherlands,NLD,2024-02-19T10:00:00Z,2024-02-19T11:00:00Z,69.22
Netherlands,NLD,2024-02-19T11:00:00Z,2024-02-19T12:00:00Z,62.47
Netherlands,NLD,2024-02-19T12:00:00Z,2024-02-19T13:00:00Z,59.97
Netherlands,NLD,2024-02-19T13:00:00Z,2024-02-19T14:00:00Z,64.18
Netherlands,NLD,2024-02-19T14:00:00Z,2024-02-19T15:00:00Z,66.8
Netherlands,NLD,2024-02-19T15:00:00Z,2024-02-19T16:00:00Z,69.86
Netherlands,NLD,2024-02-19T16:00:00Z,2024-02-19T17:00:00Z,76.15
Netherlands,NLD,2024-02-19T17:00:00Z,2024-02-19T18:00:00Z,99.89
Netherlands,NLD,2024-02-19T18:00:00Z,2024-02-19T19:00:00Z,80.02
Netherlands,NLD,2024-02-19T19:00:00Z,2024-02-19T20:00:00Z,71.92
Netherlands,NLD,2024-02-19T20:00:00Z,2024-02-19T21:00:00Z,67.49
Netherlands,NLD,2024-02-19T21:00:00Z,2024-02-19T22:00:00Z,66.27
Netherlands,NLD,2024-02-19T22:00:00Z,2024-02-19T23:00:00Z,59.07
Netherlands,NLD,2024-02-19T23:00:00Z,2024-02-20T00:00:00Z,58.06
Netherlands,NLD,2024-02-20T00:00:00Z,2024-02-20T01:00:00Z,54.32
Netherlands,NLD,2024-02-20T01:00:00Z,2024-02-20T02:00:00Z,53.96
Netherlands,NLD,2024-02-20T02:00:00Z,2024-02-20T03:00:00Z,56
Netherlands,NLD,2024-02-20T03:00:00Z,2024-02-20T04:00:00Z,53
Netherlands,NLD,2024-02-20T04:00:00Z,2024-02-20T05:00:00Z,54.81
Netherlands,NLD,2024-02-20T05:00:00Z,2024-02-20T06:00:00Z,71.05
Netherlands,NLD,2024-02-20T06:00:00Z,2024-02-20T07:00:00Z,86.07
Netherlands,NLD,2024-02-20T07:00:00Z,2024-02-20T08:00:00Z,89.63
Netherlands,NLD,2024-02-20T08:00:00Z,2024-02-20T09:00:00Z,78.77
Netherlands,NLD,2024-02-20T09:00:00Z,2024-02-20T10:00:00Z,69.85
Netherlands,NLD,2024-02-20T10:00:00Z,2024-02-20T11:00:00Z,60.92
Netherlands,NLD,2024-02-20T11:00:00Z,2024-02-20T12:00:00Z,53.52
Netherlands,NLD,2024-02-20T12:00:00Z,2024-02-20T13:00:00Z,51.51
Netherlands,NLD,2024-02-20T13:00:00Z,2024-02-20T14:00:00Z,51.86
Netherlands,NLD,2024-02-20T14:00:00Z,2024-02-20T15:00:00Z,55.89
Netherlands,NLD,2024-02-20T15:00:00Z,2024-02-20T16:00:00Z,62.28
Netherlands,NLD,2024-02-20T16:00:00Z,2024-02-20T17:00:00Z,68.98
Netherlands,NLD,2024-02-20T17:00:00Z,2024-02-20T18:00:00Z,70.86
Netherlands,NLD,2024-02-20T18:00:00Z,2024-02-20T19:00:00Z,70.76
Netherlands,NLD,2024-02-20T19:00:00Z,2024-02-20T20:00:00Z,67.76
Netherlands,NLD,2024-02-20T20:00:00Z,2024-02-20T21:00:00Z,57
Netherlands,NLD,2024-02-20T21:00:00Z,2024-02-20T22:00:00Z,48.44
Netherlands,NLD,2024-02-20T22:00:00Z,2024-02-20T23:00:00Z,49.61
Netherlands,NLD,2024-02-20T23:00:00Z,2024-02-21T00:00:00Z,48.58
Netherlands,NLD,2024-02-21T00:00:00Z,2024-02-21T01:00:00Z,46.91
Netherlands,NLD,2024-02-21T01:00:00Z,2024-02-21T02:00:00Z,46.86
Netherlands,NLD,2024-02-21T02:00:00Z,2024-02-21T03:00:00Z,44.8
Netherlands,NLD,2024-02-21T03:00:00Z,2024-02-21T04:00:00Z,45.43
Netherlands,NLD,2024-02-21T04:00:00Z,2024-02-21T05:00:00Z,50.06
Netherlands,NLD,2024-02-21T05:00:00Z,2024-02-21T06:00:00Z,65.01
Netherlands,NLD,2024-02-21T06:00:00Z,2024-02-21T07:00:00Z,79.7
Netherlands,NLD,2024-02-21T07:00:00Z,2024-02-21T08:00:00Z,84.05
Netherlands,NLD,2024-02-21T08:00:00Z,2024-02-21T09:00:00Z,69.65
Netherlands,NLD,2024-02-21T09:00:00Z,2024-02-21T10:00:00Z,64.1
Netherlands,NLD,2024-02-21T10:00:00Z,2024-02-21T11:00:00Z,60.39
Netherlands,NLD,2024-02-21T11:00:00Z,2024-02-21T12:00:00Z,53.01
Netherlands,NLD,2024-02-21T12:00:00Z,2024-02-21T13:00:00Z,51.21
Netherlands,NLD,2024-02-21T13:00:00Z,2024-02-21T14:00:00Z,53.76
Netherlands,NLD,2024-02-21T14:00:00Z,2024-02-21T15:00:00Z,64.71
Netherlands,NLD,2024-02-21T15:00:00Z,2024-02-21T16:00:00Z,67.1
Netherlands,NLD,2024-02-21T16:00:00Z,2024-02-21T17:00:00Z,68.31
Netherlands,NLD,2024-02-21T17:00:00Z,2024-02-21T18:00:00Z,68.38
Netherlands,NLD,2024-02-21T18:00:00Z,2024-02-21T19:00:00Z,61.6
Netherlands,NLD,2024-02-21T19:00:00Z,2024-02-21T20:00:00Z,52.52
Netherlands,NLD,2024-02-21T20:00:00Z,2024-02-21T21:00:00Z,46.31
Netherlands,NLD,2024-02-21T21:00:00Z,2024-02-21T22:00:00Z,42.04
Netherlands,NLD,2024-02-21T22:00:00Z,2024-02-21T23:00:00Z,35.57
Netherlands,NLD,2024-02-21T23:00:00Z,2024-02-22T00:00:00Z,30.87
Netherlands,NLD,2024-02-22T00:00:00Z,2024-02-22T01:00:00Z,27.42
Netherlands,NLD,2024-02-22T01:00:00Z,2024-02-22T02:00:00Z,27.5
Netherlands,NLD,2024-02-22T02:00:00Z,2024-02-22T03:00:00Z,29.44
Netherlands,NLD,2024-02-22T03:00:00Z,2024-02-22T04:00:00Z,35.51
Netherlands,NLD,2024-02-22T04:00:00Z,2024-02-22T05:00:00Z,46.72
Netherlands,NLD,2024-02-22T05:00:00Z,2024-02-22T06:00:00Z,64.26
Netherlands,NLD,2024-02-22T06:00:00Z,2024-02-22T07:00:00Z,75
Netherlands,NLD,2024-02-22T07:00:00Z,2024-02-22T08:00:00Z,81.91
Netherlands,NLD,2024-02-22T08:00:00Z,2024-02-22T09:00:00Z,74
Netherlands,NLD,2024-02-22T09:00:00Z,2024-02-22T10:00:00Z,69.44
Netherlands,NLD,2024-02-22T10:00:00Z,2024-02-22T11:00:00Z,67.46
Netherlands,NLD,2024-02-22T11:00:00Z,2024-02-22T12:00:00Z,66.9
Netherlands,NLD,2024-02-22T12:00:00Z,2024-02-22T13:00:00Z,66.69
Netherlands,NLD,2024-02-22T13:00:00Z,2024-02-22T14:00:00Z,63.49
Netherlands,NLD,2024-02-22T14:00:00Z,2024-02-22T15:00:00Z,63.1
Netherlands,NLD,2024-02-22T15:00:00Z,2024-02-22T16:00:00Z,60.93
Netherlands,NLD,2024-02-22T16:00:00Z,2024-02-22T17:00:00Z,61.76
Netherlands,NLD,2024-02-22T17:00:00Z,2024-02-22T18:00:00Z,59.95
Netherlands,NLD,2024-02-22T18:00:00Z,2024-02-22T19:00:00Z,60.4
Netherlands,NLD,2024-02-22T19:00:00Z,2024-02-22T20:00:00Z,47.92
Netherlands,NLD,2024-02-22T20:00:00Z,2024-02-22T21:00:00Z,43.81
Netherlands,NLD,2024-02-22T21:00:00Z,2024-02-22T22:00:00Z,34.9
Netherlands,NLD,2024-02-22T22:00:00Z,2024-02-22T23:00:00Z,20.1
Netherlands,NLD,2024-02-22T23:00:00Z,2024-02-23T00:00:00Z,9.28
Netherlands,NLD,2024-02-23T00:00:00Z,2024-02-23T01:00:00Z,1.5
Netherlands,NLD,2024-02-23T01:00:00Z,2024-02-23T02:00:00Z,1.19
Netherlands,NLD,2024-02-23T02:00:00Z,2024-02-23T03:00:00Z,0.1
Netherlands,NLD,2024-02-23T03:00:00Z,2024-02-23T04:00:00Z,0.4
Netherlands,NLD,2024-02-23T04:00:00Z,2024-02-23T05:00:00Z,1.13
Netherlands,NLD,2024-02-23T05:00:00Z,2024-02-23T06:00:00Z,39.96
Netherlands,NLD,2024-02-23T06:00:00Z,2024-02-23T07:00:00Z,57.96
Netherlands,NLD,2024-02-23T07:00:00Z,2024-02-23T08:00:00Z,60.8
Netherlands,NLD,2024-02-23T08:00:00Z,2024-02-23T09:00:00Z,53.54
Netherlands,NLD,2024-02-23T09:00:00Z,2024-02-23T10:00:00Z,47.1
Netherlands,NLD,2024-02-23T10:00:00Z,2024-02-23T11:00:00Z,42.04
Netherlands,NLD,2024-02-23T11:00:00Z,2024-02-23T12:00:00Z,37.27
Netherlands,NLD,2024-02-23T12:00:00Z,2024-02-23T13:00:00Z,32.9
Netherlands,NLD,2024-02-23T13:00:00Z,2024-02-23T14:00:00Z,38
Netherlands,NLD,2024-02-23T14:00:00Z,2024-02-23T15:00:00Z,49.64
Netherlands,NLD,2024-02-23T15:00:00Z,2024-02-23T16:00:00Z,63.21
Netherlands,NLD,2024-02-23T16:00:00Z,2024-02-23T17:00:00Z,73.7
Netherlands,NLD,2024-02-23T17:00:00Z,2024-02-23T18:00:00Z,86.44
Netherlands,NLD,2024-02-23T18:00:00Z,2024-02-23T19:00:00Z,84.01
Netherlands,NLD,2024-02-23T19:00:00Z,2024-02-23T20:00:00Z,72.97
Netherlands,NLD,2024-02-23T20:00:00Z,2024-02-23T21:00:00Z,69.26
Netherlands,NLD,2024-02-23T21:00:00Z,2024-02-23T22:00:00Z,67.98
Netherlands,NLD,2024-02-23T22:00:00Z,2024-02-23T23:00:00Z,65.1
Netherlands,NLD,2024-02-23T23:00:00Z,2024-02-24T00:00:00Z,66.47
Netherlands,NLD,2024-02-24T00:00:00Z,2024-02-24T01:00:00Z,63.9
Netherlands,NLD,2024-02-24T01:00:00Z,2024-02-24T02:00:00Z,59.5
Netherlands,NLD,2024-02-24T02:00:00Z,2024-02-24T03:00:00Z,55.2
Netherlands,NLD,2024-02-24T03:00:00Z,2024-02-24T04:00:00Z,55.39
Netherlands,NLD,2024-02-24T04:00:00Z,2024-02-24T05:00:00Z,57.1
Netherlands,NLD,2024-02-24T05:00:00Z,2024-02-24T06:00:00Z,61.67
Netherlands,NLD,2024-02-24T06:00:00Z,2024-02-24T07:00:00Z,66.11
Netherlands,NLD,2024-02-24T07:00:00Z,2024-02-24T08:00:00Z,64.4
Netherlands,NLD,2024-02-24T08:00:00Z,2024-02-24T09:00:00Z,57.6
Netherlands,NLD,2024-02-24T09:00:00Z,2024-02-24T10:00:00Z,49.19
Netherlands,NLD,2024-02-24T10:00:00Z,2024-02-24T11:00:00Z,45.81
Netherlands,NLD,2024-02-24T11:00:00Z,2024-02-24T12:00:00Z,40.32
Netherlands,NLD,2024-02-24T12:00:00Z,2024-02-24T13:00:00Z,32.22
Netherlands,NLD,2024-02-24T13:00:00Z,2024-02-24T14:00:00Z,37.6
Netherlands,NLD,2024-02-24T14:00:00Z,2024-02-24T15:00:00Z,45
Netherlands,NLD,2024-02-24T15:00:00Z,2024-02-24T16:00:00Z,55.96
Netherlands,NLD,2024-02-24T16:00:00Z,2024-02-24T17:00:00Z,72.96
Netherlands,NLD,2024-02-24T17:00:00Z,2024-02-24T18:00:00Z,81.95
Netherlands,NLD,2024-02-24T18:00:00Z,2024-02-24T19:00:00Z,74.13
Netherlands,NLD,2024-02-24T19:00:00Z,2024-02-24T20:00:00Z,65.17
Netherlands,NLD,2024-02-24T20:00:00Z,2024-02-24T21:00:00Z,59.94
Netherlands,NLD,2024-02-24T21:00:00Z,2024-02-24T22:00:00Z,64.02
Netherlands,NLD,2024-02-24T22:00:00Z,2024-02-24T23:00:00Z,63.51
Netherlands,NLD,2024-02-24T23:00:00Z,2024-02-25T00:00:00Z,56.57
Netherlands,NLD,2024-02-25T00:00:00Z,2024-02-25T01:00:00Z,55.44
Netherlands,NLD,2024-02-25T01:00:00Z,2024-02-25T02:00:00Z,55.44
Netherlands,NLD,2024-02-25T02:00:00Z,2024-02-25T03:00:00Z,54.95
Netherlands,NLD,2024-02-25T03:00:00Z,2024-02-25T04:00:00Z,55.25
Netherlands,NLD,2024-02-25T04:00:00Z,2024-02-25T05:00:00Z,55.07
Netherlands,NLD,2024-02-25T05:00:00Z,2024-02-25T06:00:00Z,58.6
Netherlands,NLD,2024-02-25T06:00:00Z,2024-02-25T07:00:00Z,59.92
Netherlands,NLD,2024-02-25T07:00:00Z,2024-02-25T08:00:00Z,75
Netherlands,NLD,2024-02-25T08:00:00Z,2024-02-25T09:00:00Z,71.5
Netherlands,NLD,2024-02-25T09:00:00Z,2024-02-25T10:00:00Z,56.68
Netherlands,NLD,2024-02-25T10:00:00Z,2024-02-25T11:00:00Z,54.64
Netherlands,NLD,2024-02-25T11:00:00Z,2024-02-25T12:00:00Z,50
Netherlands,NLD,2024-02-25T12:00:00Z,2024-02-25T13:00:00Z,46.03
Netherlands,NLD,2024-02-25T13:00:00Z,2024-02-25T14:00:00Z,49.84
Netherlands,NLD,2024-02-25T14:00:00Z,2024-02-25T15:00:00Z,55
Netherlands,NLD,2024-02-25T15:00:00Z,2024-02-25T16:00:00Z,68.9
Netherlands,NLD,2024-02-25T16:00:00Z,2024-02-25T17:00:00Z,85.69
Netherlands,NLD,2024-02-25T17:00:00Z,2024-02-25T18:00:00Z,93.88
Netherlands,NLD,2024-02-25T18:00:00Z,2024-02-25T19:00:00Z,79
Netherlands,NLD,2024-02-25T19:00:00Z,2024-02-25T20:00:00Z,69.96
Netherlands,NLD,2024-02-25T20:00:00Z,2024-02-25T21:00:00Z,65.82
Netherlands,NLD,2024-02-25T21:00:00Z,2024-02-25T22:00:00Z,65.23
Netherlands,NLD,2024-02-25T22:00:00Z,2024-02-25T23:00:00Z,58.38
Netherlands,NLD,2024-02-25T23:00:00Z,2024-02-26T00:00:00Z,57.83
Netherlands,NLD,2024-02-26T00:00:00Z,2024-02-26T01:00:00Z,56.82
Netherlands,NLD,2024-02-26T01:00:00Z,2024-02-26T02:00:00Z,55.67
Netherlands,NLD,2024-02-26T02:00:00Z,2024-02-26T03:00:00Z,51.8
Netherlands,NLD,2024-02-26T03:00:00Z,2024-02-26T04:00:00Z,53.24
Netherlands,NLD,2024-02-26T04:00:00Z,2024-02-26T05:00:00Z,57.92
Netherlands,NLD,2024-02-26T05:00:00Z,2024-02-26T06:00:00Z,68.44
Netherlands,NLD,2024-02-26T06:00:00Z,2024-02-26T07:00:00Z,79.54
Netherlands,NLD,2024-02-26T07:00:00Z,2024-02-26T08:00:00Z,81.6
Netherlands,NLD,2024-02-26T08:00:00Z,2024-02-26T09:00:00Z,73.83
Netherlands,NLD,2024-02-26T09:00:00Z,2024-02-26T10:00:00Z,66.65
Netherlands,NLD,2024-02-26T10:00:00Z,2024-02-26T11:00:00Z,65.03
Netherlands,NLD,2024-02-26T11:00:00Z,2024-02-26T12:00:00Z,58.42
Netherlands,NLD,2024-02-26T12:00:00Z,2024-02-26T13:00:00Z,58.19
Netherlands,NLD,2024-02-26T13:00:00Z,2024-02-26T14:00:00Z,61.29
Netherlands,NLD,2024-02-26T14:00:00Z,2024-02-26T15:00:00Z,64.95
Netherlands,NLD,2024-02-26T15:00:00Z,2024-02-26T16:00:00Z,69.92
Netherlands,NLD,2024-02-26T16:00:00Z,2024-02-26T17:00:00Z,77
Netherlands,NLD,2024-02-26T17:00:00Z,2024-02-26T18:00:00Z,85.32
Netherlands,NLD,2024-02-26T18:00:00Z,2024-02-26T19:00:00Z,81
Netherlands,NLD,2024-02-26T19:00:00Z,2024-02-26T20:00:00Z,72.21
Netherlands,NLD,2024-02-26T20:00:00Z,2024-02-26T21:00:00Z,65.69
Netherlands,NLD,2024-02-26T21:00:00Z,2024-02-26T22:00:00Z,65.21
Netherlands,NLD,2024-02-26T22:00:00Z,2024-02-26T23:00:00Z,60.76
Netherlands,NLD,2024-02-26T23:00:00Z,2024-02-27T00:00:00Z,57.62
Netherlands,NLD,2024-02-27T00:00:00Z,2024-02-27T01:00:00Z,57.55
Netherlands,NLD,2024-02-27T01:00:00Z,2024-02-27T02:00:00Z,57.35
Netherlands,NLD,2024-02-27T02:00:00Z,2024-02-27T03:00:00Z,56.87
Netherlands,NLD,2024-02-27T03:00:00Z,2024-02-27T04:00:00Z,57.35
Netherlands,NLD,2024-02-27T04:00:00Z,2024-02-27T05:00:00Z,62.75
Netherlands,NLD,2024-02-27T05:00:00Z,2024-02-27T06:00:00Z,73.32
Netherlands,NLD,2024-02-27T06:00:00Z,2024-02-27T07:00:00Z,92.87
Netherlands,NLD,2024-02-27T07:00:00Z,2024-02-27T08:00:00Z,95.22
Netherlands,NLD,2024-02-27T08:00:00Z,2024-02-27T09:00:00Z,80.81
Netherlands,NLD,2024-02-27T09:00:00Z,2024-02-27T10:00:00Z,68.71
Netherlands,NLD,2024-02-27T10:00:00Z,2024-02-27T11:00:00Z,61
Netherlands,NLD,2024-02-27T11:00:00Z,2024-02-27T12:00:00Z,55.49
Netherlands,NLD,2024-02-27T12:00:00Z,2024-02-27T13:00:00Z,55.58
Netherlands,NLD,2024-02-27T13:00:00Z,2024-02-27T14:00:00Z,56
Netherlands,NLD,2024-02-27T14:00:00Z,2024-02-27T15:00:00Z,59.9
Netherlands,NLD,2024-02-27T15:00:00Z,2024-02-27T16:00:00Z,66.5
Netherlands,NLD,2024-02-27T16:00:00Z,2024-02-27T17:00:00Z,93.95
Netherlands,NLD,2024-02-27T17:00:00Z,2024-02-27T18:00:00Z,110.18
Netherlands,NLD,2024-02-27T18:00:00Z,2024-02-27T19:00:00Z,105.17
Netherlands,NLD,2024-02-27T19:00:00Z,2024-02-27T20:00:00Z,84.36
Netherlands,NLD,2024-02-27T20:00:00Z,2024-02-27T21:00:00Z,72.5
Netherlands,NLD,2024-02-27T21:00:00Z,2024-02-27T22:00:00Z,70.3
Netherlands,NLD,2024-02-27T22:00:00Z,2024-02-27T23:00:00Z,64.97
Netherlands,NLD,2024-02-27T23:00:00Z,2024-02-28T00:00:00Z,60.36
Netherlands,NLD,2024-02-28T00:00:00Z,2024-02-28T01:00:00Z,59.4
Netherlands,NLD,2024-02-28T01:00:00Z,2024-02-28T02:00:00Z,61.34
Netherlands,NLD,2024-02-28T02:00:00Z,2024-02-28T03:00:00Z,63.46
Netherlands,NLD,2024-02-28T03:00:00Z,2024-02-28T04:00:00Z,63.74
Netherlands,NLD,2024-02-28T04:00:00Z,2024-02-28T05:00:00Z,67.46
Netherlands,NLD,2024-02-28T05:00:00Z,2024-02-28T06:00:00Z,74.08
Netherlands,NLD,2024-02-28T06:00:00Z,2024-02-28T07:00:00Z,97.07
Netherlands,NLD,2024-02-28T07:00:00Z,2024-02-28T08:00:00Z,104.49
Netherlands,NLD,2024-02-28T08:00:00Z,2024-02-28T09:00:00Z,85.46
Netherlands,NLD,2024-02-28T09:00:00Z,2024-02-28T10:00:00Z,73.99
Netherlands,NLD,2024-02-28T10:00:00Z,2024-02-28T11:00:00Z,67.55
Netherlands,NLD,2024-02-28T11:00:00Z,2024-02-28T12:00:00Z,63.1
Netherlands,NLD,2024-02-28T12:00:00Z,2024-02-28T13:00:00Z,57.9
Netherlands,NLD,2024-02-28T13:00:00Z,2024-02-28T14:00:00Z,58.5
Netherlands,NLD,2024-02-28T14:00:00Z,2024-02-28T15:00:00Z,60
Netherlands,NLD,2024-02-28T15:00:00Z,2024-02-28T16:00:00Z,72.46
Netherlands,NLD,2024-02-28T16:00:00Z,2024-02-28T17:00:00Z,70
Netherlands,NLD,2024-02-28T17:00:00Z,2024-02-28T18:00:00Z,89.8
Netherlands,NLD,2024-02-28T18:00:00Z,2024-02-28T19:00:00Z,78.18
Netherlands,NLD,2024-02-28T19:00:00Z,2024-02-28T20:00:00Z,65.55
Netherlands,NLD,2024-02-28T20:00:00Z,2024-02-28T21:00:00Z,62.69
Netherlands,NLD,2024-02-28T21:00:00Z,2024-02-28T22:00:00Z,64.08
Netherlands,NLD,2024-02-28T22:00:00Z,2024-02-28T23:00:00Z,55.2
Netherlands,NLD,2024-02-29T23:00:00Z,2024-03-01T00:00:00Z,62.04
Netherlands,NLD,2024-03-01T00:00:00Z,2024-03-01T01:00:00Z,61.42
Netherlands,NLD,2024-03-01T01:00:00Z,2024-03-01T02:00:00Z,58.14
Netherlands,NLD,2024-03-01T02:00:00Z,2024-03-01T03:00:00Z,57.83
Netherlands,NLD,2024-03-01T03:00:00Z,2024-03-01T04:00:00Z,58.3
Netherlands,NLD,2024-03-01T04:00:00Z,2024-03-01T05:00:00Z,62.49
Netherlands,NLD,2024-03-01T05:00:00Z,2024-03-01T06:00:00Z,71.58
Netherlands,NLD,2024-03-01T06:00:00Z,2024-03-01T07:00:00Z,79.36
Netherlands,NLD,2024-03-01T07:00:00Z,2024-03-01T08:00:00Z,86.02
Netherlands,NLD,2024-03-01T08:00:00Z,2024-03-01T09:00:00Z,78.04
Netherlands,NLD,2024-03-01T09:00:00Z,2024-03-01T10:00:00Z,66.51
Netherlands,NLD,2024-03-01T10:00:00Z,2024-03-01T11:00:00Z,64.53
Netherlands,NLD,2024-03-01T11:00:00Z,2024-03-01T12:00:00Z,47.55
Netherlands,NLD,2024-03-01T12:00:00Z,2024-03-01T13:00:00Z,50
Netherlands,NLD,2024-03-01T13:00:00Z,2024-03-01T14:00:00Z,63.2
Netherlands,NLD,2024-03-01T14:00:00Z,2024-03-01T15:00:00Z,71.17
Netherlands,NLD,2024-03-01T15:00:00Z,2024-03-01T16:00:00Z,78.28
Netherlands,NLD,2024-03-01T16:00:00Z,2024-03-01T17:00:00Z,89.4
Netherlands,NLD,2024-03-01T17:00:00Z,2024-03-01T18:00:00Z,93.73
Netherlands,NLD,2024-03-01T18:00:00Z,2024-03-01T19:00:00Z,87.19
Netherlands,NLD,2024-03-01T19:00:00Z,2024-03-01T20:00:00Z,77.49
Netherlands,NLD,2024-03-01T20:00:00Z,2024-03-01T21:00:00Z,71.62
Netherlands,NLD,2024-03-01T21:00:00Z,2024-03-01T22:00:00Z,70.06
Netherlands,NLD,2024-03-01T22:00:00Z,2024-03-01T23:00:00Z,66.39
Netherlands,NLD,2024-03-01T23:00:00Z,2024-03-02T00:00:00Z,59.95
Netherlands,NLD,2024-03-02T00:00:00Z,2024-03-02T01:00:00Z,56.03
Netherlands,NLD,2024-03-02T01:00:00Z,2024-03-02T02:00:00Z,56.02
Netherlands,NLD,2024-03-02T02:00:00Z,2024-03-02T03:00:00Z,55.48
Netherlands,NLD,2024-03-02T03:00:00Z,2024-03-02T04:00:00Z,54.88
Netherlands,NLD,2024-03-02T04:00:00Z,2024-03-02T05:00:00Z,55.99
Netherlands,NLD,2024-03-02T05:00:00Z,2024-03-02T06:00:00Z,56.58
Netherlands,NLD,2024-03-02T06:00:00Z,2024-03-02T07:00:00Z,60.67
Netherlands,NLD,2024-03-02T07:00:00Z,2024-03-02T08:00:00Z,63.76
Netherlands,NLD,2024-03-02T08:00:00Z,2024-03-02T09:00:00Z,65.75
Netherlands,NLD,2024-03-02T09:00:00Z,2024-03-02T10:00:00Z,60.44
Netherlands,NLD,2024-03-02T10:00:00Z,2024-03-02T11:00:00Z,53.8
Netherlands,NLD,2024-03-02T11:00:00Z,2024-03-02T12:00:00Z,53.07
Netherlands,NLD,2024-03-02T12:00:00Z,2024-03-02T13:00:00Z,54.9
Netherlands,NLD,2024-03-02T13:00:00Z,2024-03-02T14:00:00Z,59.86
Netherlands,NLD,2024-03-02T14:00:00Z,2024-03-02T15:00:00Z,66.08
Netherlands,NLD,2024-03-02T15:00:00Z,2024-03-02T16:00:00Z,73
Netherlands,NLD,2024-03-02T16:00:00Z,2024-03-02T17:00:00Z,81.17
Netherlands,NLD,2024-03-02T17:00:00Z,2024-03-02T18:00:00Z,93.6
Netherlands,NLD,2024-03-02T18:00:00Z,2024-03-02T19:00:00Z,89.9
Netherlands,NLD,2024-03-02T19:00:00Z,2024-03-02T20:00:00Z,76.98
Netherlands,NLD,2024-03-02T20:00:00Z,2024-03-02T21:00:00Z,69.81
Netherlands,NLD,2024-03-02T21:00:00Z,2024-03-02T22:00:00Z,69.9
Netherlands,NLD,2024-03-02T22:00:00Z,2024-03-02T23:00:00Z,68.2
Netherlands,NLD,2024-03-02T23:00:00Z,2024-03-03T00:00:00Z,60.1
Netherlands,NLD,2024-03-03T00:00:00Z,2024-03-03T01:00:00Z,69.21
Netherlands,NLD,2024-03-03T01:00:00Z,2024-03-03T02:00:00Z,67.03
Netherlands,NLD,2024-03-03T02:00:00Z,2024-03-03T03:00:00Z,57.91
Netherlands,NLD,2024-03-03T03:00:00Z,2024-03-03T04:00:00Z,55.48
Netherlands,NLD,2024-03-03T04:00:00Z,2024-03-03T05:00:00Z,58.88
Netherlands,NLD,2024-03-03T05:00:00Z,2024-03-03T06:00:00Z,65.39
Netherlands,NLD,2024-03-03T06:00:00Z,2024-03-03T07:00:00Z,69.8
Netherlands,NLD,2024-03-03T07:00:00Z,2024-03-03T08:00:00Z,71.51
Netherlands,NLD,2024-03-03T08:00:00Z,2024-03-03T09:00:00Z,72.49
Netherlands,NLD,2024-03-03T09:00:00Z,2024-03-03T10:00:00Z,63.14
Netherlands,NLD,2024-03-03T10:00:00Z,2024-03-03T11:00:00Z,50
Netherlands,NLD,2024-03-03T11:00:00Z,2024-03-03T12:00:00Z,47.51
Netherlands,NLD,2024-03-03T12:00:00Z,2024-03-03T13:00:00Z,42.51
Netherlands,NLD,2024-03-03T13:00:00Z,2024-03-03T14:00:00Z,46.84
Netherlands,NLD,2024-03-03T14:00:00Z,2024-03-03T15:00:00Z,58.07
Netherlands,NLD,2024-03-03T15:00:00Z,2024-03-03T16:00:00Z,60.28
Netherlands,NLD,2024-03-03T16:00:00Z,2024-03-03T17:00:00Z,77.72
Netherlands,NLD,2024-03-03T17:00:00Z,2024-03-03T18:00:00Z,88
Netherlands,NLD,2024-03-03T18:00:00Z,2024-03-03T19:00:00Z,86.96
Netherlands,NLD,2024-03-03T19:00:00Z,2024-03-03T20:00:00Z,81.8
Netherlands,NLD,2024-03-03T20:00:00Z,2024-03-03T21:00:00Z,75
Netherlands,NLD,2024-03-03T21:00:00Z,2024-03-03T22:00:00Z,72.18
Netherlands,NLD,2024-03-03T22:00:00Z,2024-03-03T23:00:00Z,72.42
Netherlands,NLD,2024-03-03T23:00:00Z,2024-03-04T00:00:00Z,69.13
Netherlands,NLD,2024-03-04T00:00:00Z,2024-03-04T01:00:00Z,67.9
Netherlands,NLD,2024-03-04T01:00:00Z,2024-03-04T02:00:00Z,67.41
Netherlands,NLD,2024-03-04T02:00:00Z,2024-03-04T03:00:00Z,66.22
Netherlands,NLD,2024-03-04T03:00:00Z,2024-03-04T04:00:00Z,65.59
Netherlands,NLD,2024-03-04T04:00:00Z,2024-03-04T05:00:00Z,70.83
Netherlands,NLD,2024-03-04T05:00:00Z,2024-03-04T06:00:00Z,81.18
Netherlands,NLD,2024-03-04T06:00:00Z,2024-03-04T07:00:00Z,96.67
Netherlands,NLD,2024-03-04T07:00:00Z,2024-03-04T08:00:00Z,102.97
Netherlands,NLD,2024-03-04T08:00:00Z,2024-03-04T09:00:00Z,85.02
Netherlands,NLD,2024-03-04T09:00:00Z,2024-03-04T10:00:00Z,71.23
Netherlands,NLD,2024-03-04T10:00:00Z,2024-03-04T11:00:00Z,63.2
Netherlands,NLD,2024-03-04T11:00:00Z,2024-03-04T12:00:00Z,63.3
Netherlands,NLD,2024-03-04T12:00:00Z,2024-03-04T13:00:00Z,61.04
Netherlands,NLD,2024-03-04T13:00:00Z,2024-03-04T14:00:00Z,62.5
Netherlands,NLD,2024-03-04T14:00:00Z,2024-03-04T15:00:00Z,69.86
Netherlands,NLD,2024-03-04T15:00:00Z,2024-03-04T16:00:00Z,76.7
Netherlands,NLD,2024-03-04T16:00:00Z,2024-03-04T17:00:00Z,93.47
Netherlands,NLD,2024-03-04T17:00:00Z,2024-03-04T18:00:00Z,105.18
Netherlands,NLD,2024-03-04T18:00:00Z,2024-03-04T19:00:00Z,99.13
Netherlands,NLD,2024-03-04T19:00:00Z,2024-03-04T20:00:00Z,80.52
Netherlands,NLD,2024-03-04T20:00:00Z,2024-03-04T21:00:00Z,71.39
Netherlands,NLD,2024-03-04T21:00:00Z,2024-03-04T22:00:00Z,67.49
Netherlands,NLD,2024-03-04T22:00:00Z,2024-03-04T23:00:00Z,63.93
Netherlands,NLD,2024-03-04T23:00:00Z,2024-03-05T00:00:00Z,61.96
Netherlands,NLD,2024-03-05T00:00:00Z,2024-03-05T01:00:00Z,61.67
Netherlands,NLD,2024-03-05T01:00:00Z,2024-03-05T02:00:00Z,61.33
Netherlands,NLD,2024-03-05T02:00:00Z,2024-03-05T03:00:00Z,59.86
Netherlands,NLD,2024-03-05T03:00:00Z,2024-03-05T04:00:00Z,60.56
Netherlands,NLD,2024-03-05T04:00:00Z,2024-03-05T05:00:00Z,61.67
Netherlands,NLD,2024-03-05T05:00:00Z,2024-03-05T06:00:00Z,71.53
Netherlands,NLD,2024-03-05T06:00:00Z,2024-03-05T07:00:00Z,79.28
Netherlands,NLD,2024-03-05T07:00:00Z,2024-03-05T08:00:00Z,83.02
Netherlands,NLD,2024-03-05T08:00:00Z,2024-03-05T09:00:00Z,77
Netherlands,NLD,2024-03-05T09:00:00Z,2024-03-05T10:00:00Z,71.15
Netherlands,NLD,2024-03-05T10:00:00Z,2024-03-05T11:00:00Z,69.72
Netherlands,NLD,2024-03-05T11:00:00Z,2024-03-05T12:00:00Z,65.99
Netherlands,NLD,2024-03-05T12:00:00Z,2024-03-05T13:00:00Z,65.81
Netherlands,NLD,2024-03-05T13:00:00Z,2024-03-05T14:00:00Z,69.6
Netherlands,NLD,2024-03-05T14:00:00Z,2024-03-05T15:00:00Z,70.62
Netherlands,NLD,2024-03-05T15:00:00Z,2024-03-05T16:00:00Z,76.3
Netherlands,NLD,2024-03-05T16:00:00Z,2024-03-05T17:00:00Z,81.86
Netherlands,NLD,2024-03-05T17:00:00Z,2024-03-05T18:00:00Z,104.38
Netherlands,NLD,2024-03-05T18:00:00Z,2024-03-05T19:00:00Z,96.6
Netherlands,NLD,2024-03-05T19:00:00Z,2024-03-05T20:00:00Z,78.42
Netherlands,NLD,2024-03-05T20:00:00Z,2024-03-05T21:00:00Z,73.07
Netherlands,NLD,2024-03-05T21:00:00Z,2024-03-05T22:00:00Z,66
Netherlands,NLD,2024-03-05T22:00:00Z,2024-03-05T23:00:00Z,70
Netherlands,NLD,2024-03-05T23:00:00Z,2024-03-06T00:00:00Z,71
Netherlands,NLD,2024-03-06T00:00:00Z,2024-03-06T01:00:00Z,70.7
Netherlands,NLD,2024-03-06T01:00:00Z,2024-03-06T02:00:00Z,70.46
Netherlands,NLD,2024-03-06T02:00:00Z,2024-03-06T03:00:00Z,69.74
Netherlands,NLD,2024-03-06T03:00:00Z,2024-03-06T04:00:00Z,70.46
Netherlands,NLD,2024-03-06T04:00:00Z,2024-03-06T05:00:00Z,73.91
Netherlands,NLD,2024-03-06T05:00:00Z,2024-03-06T06:00:00Z,83.98
Netherlands,NLD,2024-03-06T06:00:00Z,2024-03-06T07:00:00Z,106.64
Netherlands,NLD,2024-03-06T07:00:00Z,2024-03-06T08:00:00Z,108.7
Netherlands,NLD,2024-03-06T08:00:00Z,2024-03-06T09:00:00Z,87.21
Netherlands,NLD,2024-03-06T09:00:00Z,2024-03-06T10:00:00Z,75.69
Netherlands,NLD,2024-03-06T10:00:00Z,2024-03-06T11:00:00Z,71.83
Netherlands,NLD,2024-03-06T11:00:00Z,2024-03-06T12:00:00Z,69.34
Netherlands,NLD,2024-03-06T12:00:00Z,2024-03-06T13:00:00Z,69.29
Netherlands,NLD,2024-03-06T13:00:00Z,2024-03-06T14:00:00Z,70.64
Netherlands,NLD,2024-03-06T14:00:00Z,2024-03-06T15:00:00Z,72.28
Netherlands,NLD,2024-03-06T15:00:00Z,2024-03-06T16:00:00Z,79.8
Netherlands,NLD,2024-03-06T16:00:00Z,2024-03-06T17:00:00Z,96.11
Netherlands,NLD,2024-03-06T17:00:00Z,2024-03-06T18:00:00Z,119.02
Netherlands,NLD,2024-03-06T18:00:00Z,2024-03-06T19:00:00Z,119.25
Netherlands,NLD,2024-03-06T19:00:00Z,2024-03-06T20:00:00Z,93.4
Netherlands,NLD,2024-03-06T20:00:00Z,2024-03-06T21:00:00Z,80.15
Netherlands,NLD,2024-03-06T21:00:00Z,2024-03-06T22:00:00Z,77.98
Netherlands,NLD,2024-03-06T22:00:00Z,2024-03-06T23:00:00Z,74.34
Netherlands,NLD,2024-03-06T23:00:00Z,2024-03-07T00:00:00Z,73.33
Netherlands,NLD,2024-03-07T00:00:00Z,2024-03-07T01:00:00Z,72.32
Netherlands,NLD,2024-03-07T01:00:00Z,2024-03-07T02:00:00Z,70.34
Netherlands,NLD,2024-03-07T02:00:00Z,2024-03-07T03:00:00Z,68.71
Netherlands,NLD,2024-03-07T03:00:00Z,2024-03-07T04:00:00Z,69.89
Netherlands,NLD,2024-03-07T04:00:00Z,2024-03-07T05:00:00Z,73.13
Netherlands,NLD,2024-03-07T05:00:00Z,2024-03-07T06:00:00Z,84.27
Netherlands,NLD,2024-03-07T06:00:00Z,2024-03-07T07:00:00Z,103.2
Netherlands,NLD,2024-03-07T07:00:00Z,2024-03-07T08:00:00Z,96.7
Netherlands,NLD,2024-03-07T08:00:00Z,2024-03-07T09:00:00Z,79.09
Netherlands,NLD,2024-03-07T09:00:00Z,2024-03-07T10:00:00Z,71.31
Netherlands,NLD,2024-03-07T10:00:00Z,2024-03-07T11:00:00Z,66.16
Netherlands,NLD,2024-03-07T11:00:00Z,2024-03-07T12:00:00Z,60.62
Netherlands,NLD,2024-03-07T12:00:00Z,2024-03-07T13:00:00Z,60.16
Netherlands,NLD,2024-03-07T13:00:00Z,2024-03-07T14:00:00Z,63.3
Netherlands,NLD,2024-03-07T14:00:00Z,2024-03-07T15:00:00Z,66.1
Netherlands,NLD,2024-03-07T15:00:00Z,2024-03-07T16:00:00Z,70.66
Netherlands,NLD,2024-03-07T16:00:00Z,2024-03-07T17:00:00Z,90.11
Netherlands,NLD,2024-03-07T17:00:00Z,2024-03-07T18:00:00Z,107.41
Netherlands,NLD,2024-03-07T18:00:00Z,2024-03-07T19:00:00Z,90.43
Netherlands,NLD,2024-03-07T19:00:00Z,2024-03-07T20:00:00Z,83.39
Netherlands,NLD,2024-03-07T20:00:00Z,2024-03-07T21:00:00Z,73.16
Netherlands,NLD,2024-03-07T21:00:00Z,2024-03-07T22:00:00Z,73.25
Netherlands,NLD,2024-03-07T22:00:00Z,2024-03-07T23:00:00Z,67.61
Netherlands,NLD,2024-03-07T23:00:00Z,2024-03-08T00:00:00Z,68.37
Netherlands,NLD,2024-03-08T00:00:00Z,2024-03-08T01:00:00Z,66.96
Netherlands,NLD,2024-03-08T01:00:00Z,2024-03-08T02:00:00Z,67.01
Netherlands,NLD,2024-03-08T02:00:00Z,2024-03-08T03:00:00Z,65.99
Netherlands,NLD,2024-03-08T03:00:00Z,2024-03-08T04:00:00Z,65.98
Netherlands,NLD,2024-03-08T04:00:00Z,2024-03-08T05:00:00Z,66.93
Netherlands,NLD,2024-03-08T05:00:00Z,2024-03-08T06:00:00Z,81.5
Netherlands,NLD,2024-03-08T06:00:00Z,2024-03-08T07:00:00Z,94.99
Netherlands,NLD,2024-03-08T07:00:00Z,2024-03-08T08:00:00Z,88.89
Netherlands,NLD,2024-03-08T08:00:00Z,2024-03-08T09:00:00Z,74.36
Netherlands,NLD,2024-03-08T09:00:00Z,2024-03-08T10:00:00Z,54.9
Netherlands,NLD,2024-03-08T10:00:00Z,2024-03-08T11:00:00Z,0
Netherlands,NLD,2024-03-08T11:00:00Z,2024-03-08T12:00:00Z,-20
Netherlands,NLD,2024-03-08T12:00:00Z,2024-03-08T13:00:00Z,-25
Netherlands,NLD,2024-03-08T13:00:00Z,2024-03-08T14:00:00Z,-17.97
Netherlands,NLD,2024-03-08T14:00:00Z,2024-03-08T15:00:00Z,30
Netherlands,NLD,2024-03-08T15:00:00Z,2024-03-08T16:00:00Z,55.38
Netherlands,NLD,2024-03-08T16:00:00Z,2024-03-08T17:00:00Z,71.94
Netherlands,NLD,2024-03-08T17:00:00Z,2024-03-08T18:00:00Z,83.75
Netherlands,NLD,2024-03-08T18:00:00Z,2024-03-08T19:00:00Z,80
Netherlands,NLD,2024-03-08T19:00:00Z,2024-03-08T20:00:00Z,71.18
Netherlands,NLD,2024-03-08T20:00:00Z,2024-03-08T21:00:00Z,64.9
Netherlands,NLD,2024-03-08T21:00:00Z,2024-03-08T22:00:00Z,64.79
Netherlands,NLD,2024-03-08T22:00:00Z,2024-03-08T23:00:00Z,59.62
Netherlands,NLD,2024-03-08T23:00:00Z,2024-03-09T00:00:00Z,56.14
Netherlands,NLD,2024-03-09T00:00:00Z,2024-03-09T01:00:00Z,54.53
Netherlands,NLD,2024-03-09T01:00:00Z,2024-03-09T02:00:00Z,53.3
Netherlands,NLD,2024-03-09T02:00:00Z,2024-03-09T03:00:00Z,52.15
Netherlands,NLD,2024-03-09T03:00:00Z,2024-03-09T04:00:00Z,48
Netherlands,NLD,2024-03-09T04:00:00Z,2024-03-09T05:00:00Z,47.21
Netherlands,NLD,2024-03-09T05:00:00Z,2024-03-09T06:00:00Z,50
Netherlands,NLD,2024-03-09T06:00:00Z,2024-03-09T07:00:00Z,53.06
Netherlands,NLD,2024-03-09T07:00:00Z,2024-03-09T08:00:00Z,53.06
Netherlands,NLD,2024-03-09T08:00:00Z,2024-03-09T09:00:00Z,48.12
Netherlands,NLD,2024-03-09T09:00:00Z,2024-03-09T10:00:00Z,25
Netherlands,NLD,2024-03-09T10:00:00Z,2024-03-09T11:00:00Z,-29.5
Netherlands,NLD,2024-03-09T11:00:00Z,2024-03-09T12:00:00Z,-30
Netherlands,NLD,2024-03-09T12:00:00Z,2024-03-09T13:00:00Z,-39.79
Netherlands,NLD,2024-03-09T13:00:00Z,2024-03-09T14:00:00Z,-19.57
Netherlands,NLD,2024-03-09T14:00:00Z,2024-03-09T15:00:00Z,28.32
Netherlands,NLD,2024-03-09T15:00:00Z,2024-03-09T16:00:00Z,52.64
Netherlands,NLD,2024-03-09T16:00:00Z,2024-03-09T17:00:00Z,69.55
Netherlands,NLD,2024-03-09T17:00:00Z,2024-03-09T18:00:00Z,78.08
Netherlands,NLD,2024-03-09T18:00:00Z,2024-03-09T19:00:00Z,68.69
Netherlands,NLD,2024-03-09T19:00:00Z,2024-03-09T20:00:00Z,63.82
Netherlands,NLD,2024-03-09T20:00:00Z,2024-03-09T21:00:00Z,60.47
Netherlands,NLD,2024-03-09T21:00:00Z,2024-03-09T22:00:00Z,59.17
Netherlands,NLD,2024-03-09T22:00:00Z,2024-03-09T23:00:00Z,54.37
Netherlands,NLD,2024-03-09T23:00:00Z,2024-03-10T00:00:00Z,48.65
Netherlands,NLD,2024-03-10T00:00:00Z,2024-03-10T01:00:00Z,46.06
Netherlands,NLD,2024-03-10T01:00:00Z,2024-03-10T02:00:00Z,40.98
Netherlands,NLD,2024-03-10T02:00:00Z,2024-03-10T03:00:00Z,35.55
Netherlands,NLD,2024-03-10T03:00:00Z,2024-03-10T04:00:00Z,32.39
Netherlands,NLD,2024-03-10T04:00:00Z,2024-03-10T05:00:00Z,32.28
Netherlands,NLD,2024-03-10T05:00:00Z,2024-03-10T06:00:00Z,33.91
Netherlands,NLD,2024-03-10T06:00:00Z,2024-03-10T07:00:00Z,39.49
Netherlands,NLD,2024-03-10T07:00:00Z,2024-03-10T08:00:00Z,34.82
Netherlands,NLD,2024-03-10T08:00:00Z,2024-03-10T09:00:00Z,27.55
Netherlands,NLD,2024-03-10T09:00:00Z,2024-03-10T10:00:00Z,0.04
Netherlands,NLD,2024-03-10T10:00:00Z,2024-03-10T11:00:00Z,-10.03
Netherlands,NLD,2024-03-10T11:00:00Z,2024-03-10T12:00:00Z,-27.3
Netherlands,NLD,2024-03-10T12:00:00Z,2024-03-10T13:00:00Z,-27.3
Netherlands,NLD,2024-03-10T13:00:00Z,2024-03-10T14:00:00Z,-10.01
Netherlands,NLD,2024-03-10T14:00:00Z,2024-03-10T15:00:00Z,12.38
Netherlands,NLD,2024-03-10T15:00:00Z,2024-03-10T16:00:00Z,50
Netherlands,NLD,2024-03-10T16:00:00Z,2024-03-10T17:00:00Z,69.92
Netherlands,NLD,2024-03-10T17:00:00Z,2024-03-10T18:00:00Z,84.31
Netherlands,NLD,2024-03-10T18:00:00Z,2024-03-10T19:00:00Z,72.22
Netherlands,NLD,2024-03-10T19:00:00Z,2024-03-10T20:00:00Z,70.88
Netherlands,NLD,2024-03-10T20:00:00Z,2024-03-10T21:00:00Z,72.9
Netherlands,NLD,2024-03-10T21:00:00Z,2024-03-10T22:00:00Z,73.32
Netherlands,NLD,2024-03-10T22:00:00Z,2024-03-10T23:00:00Z,72
Netherlands,NLD,2024-03-10T23:00:00Z,2024-03-11T00:00:00Z,65.2
Netherlands,NLD,2024-03-11T00:00:00Z,2024-03-11T01:00:00Z,66
Netherlands,NLD,2024-03-11T01:00:00Z,2024-03-11T02:00:00Z,68.86
Netherlands,NLD,2024-03-11T02:00:00Z,2024-03-11T03:00:00Z,65
Netherlands,NLD,2024-03-11T03:00:00Z,2024-03-11T04:00:00Z,60.1
Netherlands,NLD,2024-03-11T04:00:00Z,2024-03-11T05:00:00Z,58.25
Netherlands,NLD,2024-03-11T05:00:00Z,2024-03-11T06:00:00Z,76.64
Netherlands,NLD,2024-03-11T06:00:00Z,2024-03-11T07:00:00Z,82.61
Netherlands,NLD,2024-03-11T07:00:00Z,2024-03-11T08:00:00Z,85.56
Netherlands,NLD,2024-03-11T08:00:00Z,2024-03-11T09:00:00Z,86.5
Netherlands,NLD,2024-03-11T09:00:00Z,2024-03-11T10:00:00Z,82.19
Netherlands,NLD,2024-03-11T10:00:00Z,2024-03-11T11:00:00Z,74.91
Netherlands,NLD,2024-03-11T11:00:00Z,2024-03-11T12:00:00Z,74
Netherlands,NLD,2024-03-11T12:00:00Z,2024-03-11T13:00:00Z,68.59
Netherlands,NLD,2024-03-11T13:00:00Z,2024-03-11T14:00:00Z,67
Netherlands,NLD,2024-03-11T14:00:00Z,2024-03-11T15:00:00Z,73.5
Netherlands,NLD,2024-03-11T15:00:00Z,2024-03-11T16:00:00Z,79.18
Netherlands,NLD,2024-03-11T16:00:00Z,2024-03-11T17:00:00Z,89.91
Netherlands,NLD,2024-03-11T17:00:00Z,2024-03-11T18:00:00Z,100
Netherlands,NLD,2024-03-11T18:00:00Z,2024-03-11T19:00:00Z,108
Netherlands,NLD,2024-03-11T19:00:00Z,2024-03-11T20:00:00Z,83.8
Netherlands,NLD,2024-03-11T20:00:00Z,2024-03-11T21:00:00Z,76.7
Netherlands,NLD,2024-03-11T21:00:00Z,2024-03-11T22:00:00Z,75.03
Netherlands,NLD,2024-03-11T22:00:00Z,2024-03-11T23:00:00Z,67.08
Netherlands,NLD,2024-03-11T23:00:00Z,2024-03-12T00:00:00Z,69.19
Netherlands,NLD,2024-03-12T00:00:00Z,2024-03-12T01:00:00Z,65.56
Netherlands,NLD,2024-03-12T01:00:00Z,2024-03-12T02:00:00Z,66.51
Netherlands,NLD,2024-03-12T02:00:00Z,2024-03-12T03:00:00Z,65.2
Netherlands,NLD,2024-03-12T03:00:00Z,2024-03-12T04:00:00Z,65.96
Netherlands,NLD,2024-03-12T04:00:00Z,2024-03-12T05:00:00Z,70.9
Netherlands,NLD,2024-03-12T05:00:00Z,2024-03-12T06:00:00Z,74.8
Netherlands,NLD,2024-03-12T06:00:00Z,2024-03-12T07:00:00Z,92.78
Netherlands,NLD,2024-03-12T07:00:00Z,2024-03-12T08:00:00Z,100.6
Netherlands,NLD,2024-03-12T08:00:00Z,2024-03-12T09:00:00Z,93.72
Netherlands,NLD,2024-03-12T09:00:00Z,2024-03-12T10:00:00Z,84.5
Netherlands,NLD,2024-03-12T10:00:00Z,2024-03-12T11:00:00Z,78.07
Netherlands,NLD,2024-03-12T11:00:00Z,2024-03-12T12:00:00Z,74.8
Netherlands,NLD,2024-03-12T12:00:00Z,2024-03-12T13:00:00Z,70.06
Netherlands,NLD,2024-03-12T13:00:00Z,2024-03-12T14:00:00Z,68
Netherlands,NLD,2024-03-12T14:00:00Z,2024-03-12T15:00:00Z,65.2
Netherlands,NLD,2024-03-12T15:00:00Z,2024-03-12T16:00:00Z,72.93
Netherlands,NLD,2024-03-12T16:00:00Z,2024-03-12T17:00:00Z,77.87
Netherlands,NLD,2024-03-12T17:00:00Z,2024-03-12T18:00:00Z,84
Netherlands,NLD,2024-03-12T18:00:00Z,2024-03-12T19:00:00Z,103.46
Netherlands,NLD,2024-03-12T19:00:00Z,2024-03-12T20:00:00Z,81.57
Netherlands,NLD,2024-03-12T20:00:00Z,2024-03-12T21:00:00Z,74
Netherlands,NLD,2024-03-12T21:00:00Z,2024-03-12T22:00:00Z,71.97
Netherlands,NLD,2024-03-12T22:00:00Z,2024-03-12T23:00:00Z,68.53
Netherlands,NLD,2024-03-12T23:00:00Z,2024-03-13T00:00:00Z,62.16
Netherlands,NLD,2024-03-13T00:00:00Z,2024-03-13T01:00:00Z,59.73
Netherlands,NLD,2024-03-13T01:00:00Z,2024-03-13T02:00:00Z,58.55
Netherlands,NLD,2024-03-13T02:00:00Z,2024-03-13T03:00:00Z,58.04
Netherlands,NLD,2024-03-13T03:00:00Z,2024-03-13T04:00:00Z,59.87
Netherlands,NLD,2024-03-13T04:00:00Z,2024-03-13T05:00:00Z,62.3
Netherlands,NLD,2024-03-13T05:00:00Z,2024-03-13T06:00:00Z,74.96
Netherlands,NLD,2024-03-13T06:00:00Z,2024-03-13T07:00:00Z,85.4
Netherlands,NLD,2024-03-13T07:00:00Z,2024-03-13T08:00:00Z,89.8
Netherlands,NLD,2024-03-13T08:00:00Z,2024-03-13T09:00:00Z,76.85
Netherlands,NLD,2024-03-13T09:00:00Z,2024-03-13T10:00:00Z,67.38
Netherlands,NLD,2024-03-13T10:00:00Z,2024-03-13T11:00:00Z,63.2
Netherlands,NLD,2024-03-13T11:00:00Z,2024-03-13T12:00:00Z,61.88
Netherlands,NLD,2024-03-13T12:00:00Z,2024-03-13T13:00:00Z,59.59
Netherlands,NLD,2024-03-13T13:00:00Z,2024-03-13T14:00:00Z,58.82
Netherlands,NLD,2024-03-13T14:00:00Z,2024-03-13T15:00:00Z,63.2
Netherlands,NLD,2024-03-13T15:00:00Z,2024-03-13T16:00:00Z,68.38
Netherlands,NLD,2024-03-13T16:00:00Z,2024-03-13T17:00:00Z,77.4
Netherlands,NLD,2024-03-13T17:00:00Z,2024-03-13T18:00:00Z,79.8
Netherlands,NLD,2024-03-13T18:00:00Z,2024-03-13T19:00:00Z,81.44
Netherlands,NLD,2024-03-13T19:00:00Z,2024-03-13T20:00:00Z,66.4
Netherlands,NLD,2024-03-13T20:00:00Z,2024-03-13T21:00:00Z,66.52
Netherlands,NLD,2024-03-13T21:00:00Z,2024-03-13T22:00:00Z,68.14
Netherlands,NLD,2024-03-13T22:00:00Z,2024-03-13T23:00:00Z,63.88
Netherlands,NLD,2024-03-13T23:00:00Z,2024-03-14T00:00:00Z,63.29
Netherlands,NLD,2024-03-14T00:00:00Z,2024-03-14T01:00:00Z,56.9
Netherlands,NLD,2024-03-14T01:00:00Z,2024-03-14T02:00:00Z,57.52
Netherlands,NLD,2024-03-14T02:00:00Z,2024-03-14T03:00:00Z,57
Netherlands,NLD,2024-03-14T03:00:00Z,2024-03-14T04:00:00Z,54.65
Netherlands,NLD,2024-03-14T04:00:00Z,2024-03-14T05:00:00Z,60.02
Netherlands,NLD,2024-03-14T05:00:00Z,2024-03-14T06:00:00Z,71.42
Netherlands,NLD,2024-03-14T06:00:00Z,2024-03-14T07:00:00Z,87
Netherlands,NLD,2024-03-14T07:00:00Z,2024-03-14T08:00:00Z,81.99
Netherlands,NLD,2024-03-14T08:00:00Z,2024-03-14T09:00:00Z,65.71
Netherlands,NLD,2024-03-14T09:00:00Z,2024-03-14T10:00:00Z,54.32
Netherlands,NLD,2024-03-14T10:00:00Z,2024-03-14T11:00:00Z,42.6
Netherlands,NLD,2024-03-14T11:00:00Z,2024-03-14T12:00:00Z,20.99
Netherlands,NLD,2024-03-14T12:00:00Z,2024-03-14T13:00:00Z,30
Netherlands,NLD,2024-03-14T13:00:00Z,2024-03-14T14:00:00Z,46.59
Netherlands,NLD,2024-03-14T14:00:00Z,2024-03-14T15:00:00Z,54.82
Netherlands,NLD,2024-03-14T15:00:00Z,2024-03-14T16:00:00Z,65.99
Netherlands,NLD,2024-03-14T16:00:00Z,2024-03-14T17:00:00Z,85.64
Netherlands,NLD,2024-03-14T17:00:00Z,2024-03-14T18:00:00Z,102.35
Netherlands,NLD,2024-03-14T18:00:00Z,2024-03-14T19:00:00Z,89.92
Netherlands,NLD,2024-03-14T19:00:00Z,2024-03-14T20:00:00Z,73.62
Netherlands,NLD,2024-03-14T20:00:00Z,2024-03-14T21:00:00Z,62.96
Netherlands,NLD,2024-03-14T21:00:00Z,2024-03-14T22:00:00Z,59.53
Netherlands,NLD,2024-03-14T22:00:00Z,2024-03-14T23:00:00Z,50.91
Netherlands,NLD,2024-03-14T23:00:00Z,2024-03-15T00:00:00Z,47.89
Netherlands,NLD,2024-03-15T00:00:00Z,2024-03-15T01:00:00Z,45.47
Netherlands,NLD,2024-03-15T01:00:00Z,2024-03-15T02:00:00Z,44.47
Netherlands,NLD,2024-03-15T02:00:00Z,2024-03-15T03:00:00Z,42.33
Netherlands,NLD,2024-03-15T03:00:00Z,2024-03-15T04:00:00Z,42.22
Netherlands,NLD,2024-03-15T04:00:00Z,2024-03-15T05:00:00Z,41.52
Netherlands,NLD,2024-03-15T05:00:00Z,2024-03-15T06:00:00Z,58.49
Netherlands,NLD,2024-03-15T06:00:00Z,2024-03-15T07:00:00Z,66.47
Netherlands,NLD,2024-03-15T07:00:00Z,2024-03-15T08:00:00Z,67.42
Netherlands,NLD,2024-03-15T08:00:00Z,2024-03-15T09:00:00Z,53.8
Netherlands,NLD,2024-03-15T09:00:00Z,2024-03-15T10:00:00Z,46.1
Netherlands,NLD,2024-03-15T10:00:00Z,2024-03-15T11:00:00Z,38.9
Netherlands,NLD,2024-03-15T11:00:00Z,2024-03-15T12:00:00Z,37.12
Netherlands,NLD,2024-03-15T12:00:00Z,2024-03-15T13:00:00Z,35.14
Netherlands,NLD,2024-03-15T13:00:00Z,2024-03-15T14:00:00Z,41.42
Netherlands,NLD,2024-03-15T14:00:00Z,2024-03-15T15:00:00Z,45.35
Netherlands,NLD,2024-03-15T15:00:00Z,2024-03-15T16:00:00Z,60.4
Netherlands,NLD,2024-03-15T16:00:00Z,2024-03-15T17:00:00Z,70.67
Netherlands,NLD,2024-03-15T17:00:00Z,2024-03-15T18:00:00Z,73.11
Netherlands,NLD,2024-03-15T18:00:00Z,2024-03-15T19:00:00Z,87.99
Netherlands,NLD,2024-03-15T19:00:00Z,2024-03-15T20:00:00Z,63.81
Netherlands,NLD,2024-03-15T20:00:00Z,2024-03-15T21:00:00Z,55.01
Netherlands,NLD,2024-03-15T21:00:00Z,2024-03-15T22:00:00Z,55.99
Netherlands,NLD,2024-03-15T22:00:00Z,2024-03-15T23:00:00Z,49.35
Netherlands,NLD,2024-03-15T23:00:00Z,2024-03-16T00:00:00Z,43.66
Netherlands,NLD,2024-03-16T00:00:00Z,2024-03-16T01:00:00Z,42.04
Netherlands,NLD,2024-03-16T01:00:00Z,2024-03-16T02:00:00Z,40.71
Netherlands,NLD,2024-03-16T02:00:00Z,2024-03-16T03:00:00Z,38.9
Netherlands,NLD,2024-03-16T03:00:00Z,2024-03-16T04:00:00Z,38.63
Netherlands,NLD,2024-03-16T04:00:00Z,2024-03-16T05:00:00Z,40
Netherlands,NLD,2024-03-16T05:00:00Z,2024-03-16T06:00:00Z,47.6
Netherlands,NLD,2024-03-16T06:00:00Z,2024-03-16T07:00:00Z,60.22
Netherlands,NLD,2024-03-16T07:00:00Z,2024-03-16T08:00:00Z,55.3
Netherlands,NLD,2024-03-16T08:00:00Z,2024-03-16T09:00:00Z,47.01
Netherlands,NLD,2024-03-16T09:00:00Z,2024-03-16T10:00:00Z,44.88
Netherlands,NLD,2024-03-16T10:00:00Z,2024-03-16T11:00:00Z,41.63
Netherlands,NLD,2024-03-16T11:00:00Z,2024-03-16T12:00:00Z,36.78
Netherlands,NLD,2024-03-16T12:00:00Z,2024-03-16T13:00:00Z,21.02
Netherlands,NLD,2024-03-16T13:00:00Z,2024-03-16T14:00:00Z,12.26
Netherlands,NLD,2024-03-16T14:00:00Z,2024-03-16T15:00:00Z,31.38
Netherlands,NLD,2024-03-16T15:00:00Z,2024-03-16T16:00:00Z,54.1
Netherlands,NLD,2024-03-16T16:00:00Z,2024-03-16T17:00:00Z,80.9
Netherlands,NLD,2024-03-16T17:00:00Z,2024-03-16T18:00:00Z,97
Netherlands,NLD,2024-03-16T18:00:00Z,2024-03-16T19:00:00Z,109.1
Netherlands,NLD,2024-03-16T19:00:00Z,2024-03-16T20:00:00Z,94
Netherlands,NLD,2024-03-16T20:00:00Z,2024-03-16T21:00:00Z,74.68
Netherlands,NLD,2024-03-16T21:00:00Z,2024-03-16T22:00:00Z,74.8
Netherlands,NLD,2024-03-16T22:00:00Z,2024-03-16T23:00:00Z,67.1
Netherlands,NLD,2024-03-16T23:00:00Z,2024-03-17T00:00:00Z,64.99
Netherlands,NLD,2024-03-17T00:00:00Z,2024-03-17T01:00:00Z,60.9
Netherlands,NLD,2024-03-17T01:00:00Z,2024-03-17T02:00:00Z,55.83
Netherlands,NLD,2024-03-17T02:00:00Z,2024-03-17T03:00:00Z,57.47
Netherlands,NLD,2024-03-17T03:00:00Z,2024-03-17T04:00:00Z,58.16
Netherlands,NLD,2024-03-17T04:00:00Z,2024-03-17T05:00:00Z,59.9
Netherlands,NLD,2024-03-17T05:00:00Z,2024-03-17T06:00:00Z,60.1
Netherlands,NLD,2024-03-17T06:00:00Z,2024-03-17T07:00:00Z,56.6
Netherlands,NLD,2024-03-17T07:00:00Z,2024-03-17T08:00:00Z,50
Netherlands,NLD,2024-03-17T08:00:00Z,2024-03-17T09:00:00Z,47.72
Netherlands,NLD,2024-03-17T09:00:00Z,2024-03-17T10:00:00Z,46.61
Netherlands,NLD,2024-03-17T10:00:00Z,2024-03-17T11:00:00Z,46.83
Netherlands,NLD,2024-03-17T11:00:00Z,2024-03-17T12:00:00Z,42.15
Netherlands,NLD,2024-03-17T12:00:00Z,2024-03-17T13:00:00Z,41
Netherlands,NLD,2024-03-17T13:00:00Z,2024-03-17T14:00:00Z,49.89
Netherlands,NLD,2024-03-17T14:00:00Z,2024-03-17T15:00:00Z,58.2
Netherlands,NLD,2024-03-17T15:00:00Z,2024-03-17T16:00:00Z,65.98
Netherlands,NLD,2024-03-17T16:00:00Z,2024-03-17T17:00:00Z,82.8
Netherlands,NLD,2024-03-17T17:00:00Z,2024-03-17T18:00:00Z,87.2
Netherlands,NLD,2024-03-17T18:00:00Z,2024-03-17T19:00:00Z,86.94
Netherlands,NLD,2024-03-17T19:00:00Z,2024-03-17T20:00:00Z,77.89
Netherlands,NLD,2024-03-17T20:00:00Z,2024-03-17T21:00:00Z,72.33
Netherlands,NLD,2024-03-17T21:00:00Z,2024-03-17T22:00:00Z,72.1
Netherlands,NLD,2024-03-17T22:00:00Z,2024-03-17T23:00:00Z,65.91
Netherlands,NLD,2024-03-17T23:00:00Z,2024-03-18T00:00:00Z,64.12
Netherlands,NLD,2024-03-18T00:00:00Z,2024-03-18T01:00:00Z,57.14
Netherlands,NLD,2024-03-18T01:00:00Z,2024-03-18T02:00:00Z,58.31
Netherlands,NLD,2024-03-18T02:00:00Z,2024-03-18T03:00:00Z,57.46
Netherlands,NLD,2024-03-18T03:00:00Z,2024-03-18T04:00:00Z,60.77
Netherlands,NLD,2024-03-18T04:00:00Z,2024-03-18T05:00:00Z,63.68
Netherlands,NLD,2024-03-18T05:00:00Z,2024-03-18T06:00:00Z,79.28
Netherlands,NLD,2024-03-18T06:00:00Z,2024-03-18T07:00:00Z,97.65
Netherlands,NLD,2024-03-18T07:00:00Z,2024-03-18T08:00:00Z,94.45
Netherlands,NLD,2024-03-18T08:00:00Z,2024-03-18T09:00:00Z,82.8
Netherlands,NLD,2024-03-18T09:00:00Z,2024-03-18T10:00:00Z,72.83
Netherlands,NLD,2024-03-18T10:00:00Z,2024-03-18T11:00:00Z,66.64
Netherlands,NLD,2024-03-18T11:00:00Z,2024-03-18T12:00:00Z,66.5
Netherlands,NLD,2024-03-18T12:00:00Z,2024-03-18T13:00:00Z,63.67
Netherlands,NLD,2024-03-18T13:00:00Z,2024-03-18T14:00:00Z,60.2
Netherlands,NLD,2024-03-18T14:00:00Z,2024-03-18T15:00:00Z,65
Netherlands,NLD,2024-03-18T15:00:00Z,2024-03-18T16:00:00Z,70.4
Netherlands,NLD,2024-03-18T16:00:00Z,2024-03-18T17:00:00Z,92.33
Netherlands,NLD,2024-03-18T17:00:00Z,2024-03-18T18:00:00Z,129.2
Netherlands,NLD,2024-03-18T18:00:00Z,2024-03-18T19:00:00Z,126.23
Netherlands,NLD,2024-03-18T19:00:00Z,2024-03-18T20:00:00Z,103.04
Netherlands,NLD,2024-03-18T20:00:00Z,2024-03-18T21:00:00Z,79.74
Netherlands,NLD,2024-03-18T21:00:00Z,2024-03-18T22:00:00Z,77.6
Netherlands,NLD,2024-03-18T22:00:00Z,2024-03-18T23:00:00Z,73.52
Netherlands,NLD,2024-03-18T23:00:00Z,2024-03-19T00:00:00Z,71.48
Netherlands,NLD,2024-03-19T00:00:00Z,2024-03-19T01:00:00Z,69.9
Netherlands,NLD,2024-03-19T01:00:00Z,2024-03-19T02:00:00Z,68.75
Netherlands,NLD,2024-03-19T02:00:00Z,2024-03-19T03:00:00Z,67.46
Netherlands,NLD,2024-03-19T03:00:00Z,2024-03-19T04:00:00Z,66.7
Netherlands,NLD,2024-03-19T04:00:00Z,2024-03-19T05:00:00Z,67.55
Netherlands,NLD,2024-03-19T05:00:00Z,2024-03-19T06:00:00Z,84.8
Netherlands,NLD,2024-03-19T06:00:00Z,2024-03-19T07:00:00Z,108.53
Netherlands,NLD,2024-03-19T07:00:00Z,2024-03-19T08:00:00Z,95.87
Netherlands,NLD,2024-03-19T08:00:00Z,2024-03-19T09:00:00Z,72.06
Netherlands,NLD,2024-03-19T09:00:00Z,2024-03-19T10:00:00Z,64.1
Netherlands,NLD,2024-03-19T10:00:00Z,2024-03-19T11:00:00Z,56.85
Netherlands,NLD,2024-03-19T11:00:00Z,2024-03-19T12:00:00Z,52.73
Netherlands,NLD,2024-03-19T12:00:00Z,2024-03-19T13:00:00Z,51.66
Netherlands,NLD,2024-03-19T13:00:00Z,2024-03-19T14:00:00Z,53.54
Netherlands,NLD,2024-03-19T14:00:00Z,2024-03-19T15:00:00Z,62.3
Netherlands,NLD,2024-03-19T15:00:00Z,2024-03-19T16:00:00Z,64.85
Netherlands,NLD,2024-03-19T16:00:00Z,2024-03-19T17:00:00Z,90.7
Netherlands,NLD,2024-03-19T17:00:00Z,2024-03-19T18:00:00Z,108.75
Netherlands,NLD,2024-03-19T18:00:00Z,2024-03-19T19:00:00Z,128.96
Netherlands,NLD,2024-03-19T19:00:00Z,2024-03-19T20:00:00Z,110
Netherlands,NLD,2024-03-19T20:00:00Z,2024-03-19T21:00:00Z,89.04
Netherlands,NLD,2024-03-19T21:00:00Z,2024-03-19T22:00:00Z,81.73
Netherlands,NLD,2024-03-19T22:00:00Z,2024-03-19T23:00:00Z,76.1
Netherlands,NLD,2024-03-19T23:00:00Z,2024-03-20T00:00:00Z,76.01
Netherlands,NLD,2024-03-20T00:00:00Z,2024-03-20T01:00:00Z,72.45
Netherlands,NLD,2024-03-20T01:00:00Z,2024-03-20T02:00:00Z,71.95
Netherlands,NLD,2024-03-20T02:00:00Z,2024-03-20T03:00:00Z,70.3
Netherlands,NLD,2024-03-20T03:00:00Z,2024-03-20T04:00:00Z,71.52
Netherlands,NLD,2024-03-20T04:00:00Z,2024-03-20T05:00:00Z,77.1
Netherlands,NLD,2024-03-20T05:00:00Z,2024-03-20T06:00:00Z,107.1
Netherlands,NLD,2024-03-20T06:00:00Z,2024-03-20T07:00:00Z,112.69
Netherlands,NLD,2024-03-20T07:00:00Z,2024-03-20T08:00:00Z,99.33
Netherlands,NLD,2024-03-20T08:00:00Z,2024-03-20T09:00:00Z,71.41
Netherlands,NLD,2024-03-20T09:00:00Z,2024-03-20T10:00:00Z,66
Netherlands,NLD,2024-03-20T10:00:00Z,2024-03-20T11:00:00Z,64.11
Netherlands,NLD,2024-03-20T11:00:00Z,2024-03-20T12:00:00Z,64.11
Netherlands,NLD,2024-03-20T12:00:00Z,2024-03-20T13:00:00Z,67.77
Netherlands,NLD,2024-03-20T13:00:00Z,2024-03-20T14:00:00Z,65
Netherlands,NLD,2024-03-20T14:00:00Z,2024-03-20T15:00:00Z,71.9
Netherlands,NLD,2024-03-20T15:00:00Z,2024-03-20T16:00:00Z,85
Netherlands,NLD,2024-03-20T16:00:00Z,2024-03-20T17:00:00Z,116
Netherlands,NLD,2024-03-20T17:00:00Z,2024-03-20T18:00:00Z,163.72
Netherlands,NLD,2024-03-20T18:00:00Z,2024-03-20T19:00:00Z,154.93
Netherlands,NLD,2024-03-20T19:00:00Z,2024-03-20T20:00:00Z,122.63
Netherlands,NLD,2024-03-20T20:00:00Z,2024-03-20T21:00:00Z,104.88
Netherlands,NLD,2024-03-20T21:00:00Z,2024-03-20T22:00:00Z,93
Netherlands,NLD,2024-03-20T22:00:00Z,2024-03-20T23:00:00Z,79.98
Netherlands,NLD,2024-03-20T23:00:00Z,2024-03-21T00:00:00Z,74.55
Netherlands,NLD,2024-03-21T00:00:00Z,2024-03-21T01:00:00Z,73.7
Netherlands,NLD,2024-03-21T01:00:00Z,2024-03-21T02:00:00Z,70
Netherlands,NLD,2024-03-21T02:00:00Z,2024-03-21T03:00:00Z,66.57
Netherlands,NLD,2024-03-21T03:00:00Z,2024-03-21T04:00:00Z,62.53
Netherlands,NLD,2024-03-21T04:00:00Z,2024-03-21T05:00:00Z,64.68
Netherlands,NLD,2024-03-21T05:00:00Z,2024-03-21T06:00:00Z,81
Netherlands,NLD,2024-03-21T06:00:00Z,2024-03-21T07:00:00Z,95.9
Netherlands,NLD,2024-03-21T07:00:00Z,2024-03-21T08:00:00Z,104.6
Netherlands,NLD,2024-03-21T08:00:00Z,2024-03-21T09:00:00Z,81.19
Netherlands,NLD,2024-03-21T09:00:00Z,2024-03-21T10:00:00Z,74.7
Netherlands,NLD,2024-03-21T10:00:00Z,2024-03-21T11:00:00Z,68.03
Netherlands,NLD,2024-03-21T11:00:00Z,2024-03-21T12:00:00Z,65.85
Netherlands,NLD,2024-03-21T12:00:00Z,2024-03-21T13:00:00Z,58.74
Netherlands,NLD,2024-03-21T13:00:00Z,2024-03-21T14:00:00Z,64.4
Netherlands,NLD,2024-03-21T14:00:00Z,2024-03-21T15:00:00Z,59.08
Netherlands,NLD,2024-03-21T15:00:00Z,2024-03-21T16:00:00Z,68.91
Netherlands,NLD,2024-03-21T16:00:00Z,2024-03-21T17:00:00Z,91.97
Netherlands,NLD,2024-03-21T17:00:00Z,2024-03-21T18:00:00Z,121.01
Netherlands,NLD,2024-03-21T18:00:00Z,2024-03-21T19:00:00Z,120.69
Netherlands,NLD,2024-03-21T19:00:00Z,2024-03-21T20:00:00Z,93.08
Netherlands,NLD,2024-03-21T20:00:00Z,2024-03-21T21:00:00Z,76.27
Netherlands,NLD,2024-03-21T21:00:00Z,2024-03-21T22:00:00Z,72.45
Netherlands,NLD,2024-03-21T22:00:00Z,2024-03-21T23:00:00Z,64.91
Netherlands,NLD,2024-03-21T23:00:00Z,2024-03-22T00:00:00Z,52.39
Netherlands,NLD,2024-03-22T00:00:00Z,2024-03-22T01:00:00Z,48.96
Netherlands,NLD,2024-03-22T01:00:00Z,2024-03-22T02:00:00Z,46.3
Netherlands,NLD,2024-03-22T02:00:00Z,2024-03-22T03:00:00Z,46.06
Netherlands,NLD,2024-03-22T03:00:00Z,2024-03-22T04:00:00Z,45.4
Netherlands,NLD,2024-03-22T04:00:00Z,2024-03-22T05:00:00Z,51.25
Netherlands,NLD,2024-03-22T05:00:00Z,2024-03-22T06:00:00Z,63.6
Netherlands,NLD,2024-03-22T06:00:00Z,2024-03-22T07:00:00Z,64.27
Netherlands,NLD,2024-03-22T07:00:00Z,2024-03-22T08:00:00Z,66.65
Netherlands,NLD,2024-03-22T08:00:00Z,2024-03-22T09:00:00Z,57.48
Netherlands,NLD,2024-03-22T09:00:00Z,2024-03-22T10:00:00Z,63.9
Netherlands,NLD,2024-03-22T10:00:00Z,2024-03-22T11:00:00Z,55
Netherlands,NLD,2024-03-22T11:00:00Z,2024-03-22T12:00:00Z,52
Netherlands,NLD,2024-03-22T12:00:00Z,2024-03-22T13:00:00Z,58.68
Netherlands,NLD,2024-03-22T13:00:00Z,2024-03-22T14:00:00Z,59.17
Netherlands,NLD,2024-03-22T14:00:00Z,2024-03-22T15:00:00Z,66
Netherlands,NLD,2024-03-22T15:00:00Z,2024-03-22T16:00:00Z,75.04
Netherlands,NLD,2024-03-22T16:00:00Z,2024-03-22T17:00:00Z,87.38
Netherlands,NLD,2024-03-22T17:00:00Z,2024-03-22T18:00:00Z,111.9
Netherlands,NLD,2024-03-22T18:00:00Z,2024-03-22T19:00:00Z,112.18
Netherlands,NLD,2024-03-22T19:00:00Z,2024-03-22T20:00:00Z,94.81
Netherlands,NLD,2024-03-22T20:00:00Z,2024-03-22T21:00:00Z,74.64
Netherlands,NLD,2024-03-22T21:00:00Z,2024-03-22T22:00:00Z,73.2
Netherlands,NLD,2024-03-22T22:00:00Z,2024-03-22T23:00:00Z,69.84
Netherlands,NLD,2024-03-22T23:00:00Z,2024-03-23T00:00:00Z,70.88
Netherlands,NLD,2024-03-23T00:00:00Z,2024-03-23T01:00:00Z,66.14
Netherlands,NLD,2024-03-23T01:00:00Z,2024-03-23T02:00:00Z,56.46
Netherlands,NLD,2024-03-23T02:00:00Z,2024-03-23T03:00:00Z,49.99
Netherlands,NLD,2024-03-23T03:00:00Z,2024-03-23T04:00:00Z,52.11
Netherlands,NLD,2024-03-23T04:00:00Z,2024-03-23T05:00:00Z,51.94
Netherlands,NLD,2024-03-23T05:00:00Z,2024-03-23T06:00:00Z,47.87
Netherlands,NLD,2024-03-23T06:00:00Z,2024-03-23T07:00:00Z,43.48
Netherlands,NLD,2024-03-23T07:00:00Z,2024-03-23T08:00:00Z,34.59
Netherlands,NLD,2024-03-23T08:00:00Z,2024-03-23T09:00:00Z,11.19
Netherlands,NLD,2024-03-23T09:00:00Z,2024-03-23T10:00:00Z,0
Netherlands,NLD,2024-03-23T10:00:00Z,2024-03-23T11:00:00Z,-0.1
Netherlands,NLD,2024-03-23T11:00:00Z,2024-03-23T12:00:00Z,-5.01
Netherlands,NLD,2024-03-23T12:00:00Z,2024-03-23T13:00:00Z,-10
Netherlands,NLD,2024-03-23T13:00:00Z,2024-03-23T14:00:00Z,-9.44
Netherlands,NLD,2024-03-23T14:00:00Z,2024-03-23T15:00:00Z,-2.98
Netherlands,NLD,2024-03-23T15:00:00Z,2024-03-23T16:00:00Z,-2.36
Netherlands,NLD,2024-03-23T16:00:00Z,2024-03-23T17:00:00Z,37.68
Netherlands,NLD,2024-03-23T17:00:00Z,2024-03-23T18:00:00Z,62.02
Netherlands,NLD,2024-03-23T18:00:00Z,2024-03-23T19:00:00Z,67.2
Netherlands,NLD,2024-03-23T19:00:00Z,2024-03-23T20:00:00Z,52.94
Netherlands,NLD,2024-03-23T20:00:00Z,2024-03-23T21:00:00Z,45.84
Netherlands,NLD,2024-03-23T21:00:00Z,2024-03-23T22:00:00Z,38.52
Netherlands,NLD,2024-03-23T22:00:00Z,2024-03-23T23:00:00Z,27.5
Netherlands,NLD,2024-03-23T23:00:00Z,2024-03-24T00:00:00Z,27.17
Netherlands,NLD,2024-03-24T00:00:00Z,2024-03-24T01:00:00Z,11.67
Netherlands,NLD,2024-03-24T01:00:00Z,2024-03-24T02:00:00Z,8.3
Netherlands,NLD,2024-03-24T02:00:00Z,2024-03-24T03:00:00Z,13.47
Netherlands,NLD,2024-03-24T03:00:00Z,2024-03-24T04:00:00Z,14.91
Netherlands,NLD,2024-03-24T04:00:00Z,2024-03-24T05:00:00Z,17.18
Netherlands,NLD,2024-03-24T05:00:00Z,2024-03-24T06:00:00Z,11.41
Netherlands,NLD,2024-03-24T06:00:00Z,2024-03-24T07:00:00Z,1.19
Netherlands,NLD,2024-03-24T07:00:00Z,2024-03-24T08:00:00Z,0
Netherlands,NLD,2024-03-24T08:00:00Z,2024-03-24T09:00:00Z,0
Netherlands,NLD,2024-03-24T09:00:00Z,2024-03-24T10:00:00Z,0
Netherlands,NLD,2024-03-24T10:00:00Z,2024-03-24T11:00:00Z,0
Netherlands,NLD,2024-03-24T11:00:00Z,2024-03-24T12:00:00Z,0
Netherlands,NLD,2024-03-24T12:00:00Z,2024-03-24T13:00:00Z,0
Netherlands,NLD,2024-03-24T13:00:00Z,2024-03-24T14:00:00Z,0
Netherlands,NLD,2024-03-24T14:00:00Z,2024-03-24T15:00:00Z,0
Netherlands,NLD,2024-03-24T15:00:00Z,2024-03-24T16:00:00Z,11.6
Netherlands,NLD,2024-03-24T16:00:00Z,2024-03-24T17:00:00Z,50
Netherlands,NLD,2024-03-24T17:00:00Z,2024-03-24T18:00:00Z,71.57
Netherlands,NLD,2024-03-24T18:00:00Z,2024-03-24T19:00:00Z,76.34
Netherlands,NLD,2024-03-24T19:00:00Z,2024-03-24T20:00:00Z,67.11
Netherlands,NLD,2024-03-24T20:00:00Z,2024-03-24T21:00:00Z,64.97
Netherlands,NLD,2024-03-24T21:00:00Z,2024-03-24T22:00:00Z,64.47
Netherlands,NLD,2024-03-24T22:00:00Z,2024-03-24T23:00:00Z,64
Netherlands,NLD,2024-03-24T23:00:00Z,2024-03-25T00:00:00Z,62.9
Netherlands,NLD,2024-03-25T00:00:00Z,2024-03-25T01:00:00Z,65.1
Netherlands,NLD,2024-03-25T01:00:00Z,2024-03-25T02:00:00Z,70
Netherlands,NLD,2024-03-25T02:00:00Z,2024-03-25T03:00:00Z,73.1
Netherlands,NLD,2024-03-25T03:00:00Z,2024-03-25T04:00:00Z,67.03
Netherlands,NLD,2024-03-25T04:00:00Z,2024-03-25T05:00:00Z,77.14
Netherlands,NLD,2024-03-25T05:00:00Z,2024-03-25T06:00:00Z,87.77
Netherlands,NLD,2024-03-25T06:00:00Z,2024-03-25T07:00:00Z,113.87
Netherlands,NLD,2024-03-25T07:00:00Z,2024-03-25T08:00:00Z,99.68
Netherlands,NLD,2024-03-25T08:00:00Z,2024-03-25T09:00:00Z,74.15
Netherlands,NLD,2024-03-25T09:00:00Z,2024-03-25T10:00:00Z,66.96
Netherlands,NLD,2024-03-25T10:00:00Z,2024-03-25T11:00:00Z,60.95
Netherlands,NLD,2024-03-25T11:00:00Z,2024-03-25T12:00:00Z,59.11
Netherlands,NLD,2024-03-25T12:00:00Z,2024-03-25T13:00:00Z,59.3
Netherlands,NLD,2024-03-25T13:00:00Z,2024-03-25T14:00:00Z,61.04
Netherlands,NLD,2024-03-25T14:00:00Z,2024-03-25T15:00:00Z,68.84
Netherlands,NLD,2024-03-25T15:00:00Z,2024-03-25T16:00:00Z,74.5
Netherlands,NLD,2024-03-25T16:00:00Z,2024-03-25T17:00:00Z,98.7
Netherlands,NLD,2024-03-25T17:00:00Z,2024-03-25T18:00:00Z,155
Netherlands,NLD,2024-03-25T18:00:00Z,2024-03-25T19:00:00Z,138
Netherlands,NLD,2024-03-25T19:00:00Z,2024-03-25T20:00:00Z,86.9
Netherlands,NLD,2024-03-25T20:00:00Z,2024-03-25T21:00:00Z,70.38
Netherlands,NLD,2024-03-25T21:00:00Z,2024-03-25T22:00:00Z,70.4
Netherlands,NLD,2024-03-25T22:00:00Z,2024-03-25T23:00:00Z,68.77
Netherlands,NLD,2024-03-25T23:00:00Z,2024-03-26T00:00:00Z,73
Netherlands,NLD,2024-03-26T00:00:00Z,2024-03-26T01:00:00Z,65.8
Netherlands,NLD,2024-03-26T01:00:00Z,2024-03-26T02:00:00Z,64.3
Netherlands,NLD,2024-03-26T02:00:00Z,2024-03-26T03:00:00Z,66
Netherlands,NLD,2024-03-26T03:00:00Z,2024-03-26T04:00:00Z,64.04
Netherlands,NLD,2024-03-26T04:00:00Z,2024-03-26T05:00:00Z,67.27
Netherlands,NLD,2024-03-26T05:00:00Z,2024-03-26T06:00:00Z,75.33
Netherlands,NLD,2024-03-26T06:00:00Z,2024-03-26T07:00:00Z,79.2
Netherlands,NLD,2024-03-26T07:00:00Z,2024-03-26T08:00:00Z,72.1
Netherlands,NLD,2024-03-26T08:00:00Z,2024-03-26T09:00:00Z,62
Netherlands,NLD,2024-03-26T09:00:00Z,2024-03-26T10:00:00Z,49.5
Netherlands,NLD,2024-03-26T10:00:00Z,2024-03-26T11:00:00Z,37.03
Netherlands,NLD,2024-03-26T11:00:00Z,2024-03-26T12:00:00Z,13.48
Netherlands,NLD,2024-03-26T12:00:00Z,2024-03-26T13:00:00Z,27.62
Netherlands,NLD,2024-03-26T13:00:00Z,2024-03-26T14:00:00Z,37.1
Netherlands,NLD,2024-03-26T14:00:00Z,2024-03-26T15:00:00Z,51.93
Netherlands,NLD,2024-03-26T15:00:00Z,2024-03-26T16:00:00Z,74.05
Netherlands,NLD,2024-03-26T16:00:00Z,2024-03-26T17:00:00Z,106.7
Netherlands,NLD,2024-03-26T17:00:00Z,2024-03-26T18:00:00Z,116
Netherlands,NLD,2024-03-26T18:00:00Z,2024-03-26T19:00:00Z,100.3
Netherlands,NLD,2024-03-26T19:00:00Z,2024-03-26T20:00:00Z,80
Netherlands,NLD,2024-03-26T20:00:00Z,2024-03-26T21:00:00Z,82.2
Netherlands,NLD,2024-03-26T21:00:00Z,2024-03-26T22:00:00Z,74.4
Netherlands,NLD,2024-03-26T22:00:00Z,2024-03-26T23:00:00Z,66.92
Netherlands,NLD,2024-03-26T23:00:00Z,2024-03-27T00:00:00Z,58.35
Netherlands,NLD,2024-03-27T00:00:00Z,2024-03-27T01:00:00Z,57.09
Netherlands,NLD,2024-03-27T01:00:00Z,2024-03-27T02:00:00Z,57.28
Netherlands,NLD,2024-03-27T02:00:00Z,2024-03-27T03:00:00Z,55.59
Netherlands,NLD,2024-03-27T03:00:00Z,2024-03-27T04:00:00Z,56.87
Netherlands,NLD,2024-03-27T04:00:00Z,2024-03-27T05:00:00Z,64.52
Netherlands,NLD,2024-03-27T05:00:00Z,2024-03-27T06:00:00Z,78.78
Netherlands,NLD,2024-03-27T06:00:00Z,2024-03-27T07:00:00Z,82.77
Netherlands,NLD,2024-03-27T07:00:00Z,2024-03-27T08:00:00Z,79.83
Netherlands,NLD,2024-03-27T08:00:00Z,2024-03-27T09:00:00Z,68.33
Netherlands,NLD,2024-03-27T09:00:00Z,2024-03-27T10:00:00Z,63.94
Netherlands,NLD,2024-03-27T10:00:00Z,2024-03-27T11:00:00Z,58.14
Netherlands,NLD,2024-03-27T11:00:00Z,2024-03-27T12:00:00Z,57.66
Netherlands,NLD,2024-03-27T12:00:00Z,2024-03-27T13:00:00Z,59.54
Netherlands,NLD,2024-03-27T13:00:00Z,2024-03-27T14:00:00Z,61.45
Netherlands,NLD,2024-03-27T14:00:00Z,2024-03-27T15:00:00Z,73.9
Netherlands,NLD,2024-03-27T15:00:00Z,2024-03-27T16:00:00Z,76
Netherlands,NLD,2024-03-27T16:00:00Z,2024-03-27T17:00:00Z,94.44
Netherlands,NLD,2024-03-27T17:00:00Z,2024-03-27T18:00:00Z,120.42
Netherlands,NLD,2024-03-27T18:00:00Z,2024-03-27T19:00:00Z,116.88
Netherlands,NLD,2024-03-27T19:00:00Z,2024-03-27T20:00:00Z,97.23
Netherlands,NLD,2024-03-27T20:00:00Z,2024-03-27T21:00:00Z,79.35
Netherlands,NLD,2024-03-27T21:00:00Z,2024-03-27T22:00:00Z,79.47
Netherlands,NLD,2024-03-27T22:00:00Z,2024-03-27T23:00:00Z,74
Netherlands,NLD,2024-03-27T23:00:00Z,2024-03-28T00:00:00Z,74.51
Netherlands,NLD,2024-03-28T00:00:00Z,2024-03-28T01:00:00Z,62.19
Netherlands,NLD,2024-03-28T01:00:00Z,2024-03-28T02:00:00Z,57.27
Netherlands,NLD,2024-03-28T02:00:00Z,2024-03-28T03:00:00Z,55.79
Netherlands,NLD,2024-03-28T03:00:00Z,2024-03-28T04:00:00Z,55.5
Netherlands,NLD,2024-03-28T04:00:00Z,2024-03-28T05:00:00Z,57.52
Netherlands,NLD,2024-03-28T05:00:00Z,2024-03-28T06:00:00Z,68.99
Netherlands,NLD,2024-03-28T06:00:00Z,2024-03-28T07:00:00Z,76.05
Netherlands,NLD,2024-03-28T07:00:00Z,2024-03-28T08:00:00Z,73.03
Netherlands,NLD,2024-03-28T08:00:00Z,2024-03-28T09:00:00Z,58.09
Netherlands,NLD,2024-03-28T09:00:00Z,2024-03-28T10:00:00Z,40.1
Netherlands,NLD,2024-03-28T10:00:00Z,2024-03-28T11:00:00Z,31.36
Netherlands,NLD,2024-03-28T11:00:00Z,2024-03-28T12:00:00Z,6.73
Netherlands,NLD,2024-03-28T12:00:00Z,2024-03-28T13:00:00Z,0.05
Netherlands,NLD,2024-03-28T13:00:00Z,2024-03-28T14:00:00Z,0
Netherlands,NLD,2024-03-28T14:00:00Z,2024-03-28T15:00:00Z,8.66
Netherlands,NLD,2024-03-28T15:00:00Z,2024-03-28T16:00:00Z,27.18
Netherlands,NLD,2024-03-28T16:00:00Z,2024-03-28T17:00:00Z,43.09
Netherlands,NLD,2024-03-28T17:00:00Z,2024-03-28T18:00:00Z,63.68
Netherlands,NLD,2024-03-28T18:00:00Z,2024-03-28T19:00:00Z,68.09
Netherlands,NLD,2024-03-28T19:00:00Z,2024-03-28T20:00:00Z,56.81
Netherlands,NLD,2024-03-28T20:00:00Z,2024-03-28T21:00:00Z,44.89
Netherlands,NLD,2024-03-28T21:00:00Z,2024-03-28T22:00:00Z,32.76
Netherlands,NLD,2024-03-28T22:00:00Z,2024-03-28T23:00:00Z,25
Netherlands,NLD,2024-03-28T23:00:00Z,2024-03-29T00:00:00Z,20.6
Netherlands,NLD,2024-03-29T00:00:00Z,2024-03-29T01:00:00Z,18.83
Netherlands,NLD,2024-03-29T01:00:00Z,2024-03-29T02:00:00Z,12.43
Netherlands,NLD,2024-03-29T02:00:00Z,2024-03-29T03:00:00Z,10.24
Netherlands,NLD,2024-03-29T03:00:00Z,2024-03-29T04:00:00Z,12.59
Netherlands,NLD,2024-03-29T04:00:00Z,2024-03-29T05:00:00Z,14.32
Netherlands,NLD,2024-03-29T05:00:00Z,2024-03-29T06:00:00Z,22.02
Netherlands,NLD,2024-03-29T06:00:00Z,2024-03-29T07:00:00Z,54.9
Netherlands,NLD,2024-03-29T07:00:00Z,2024-03-29T08:00:00Z,79.3
Netherlands,NLD,2024-03-29T08:00:00Z,2024-03-29T09:00:00Z,63.6
Netherlands,NLD,2024-03-29T09:00:00Z,2024-03-29T10:00:00Z,29.9
Netherlands,NLD,2024-03-29T10:00:00Z,2024-03-29T11:00:00Z,18.81
Netherlands,NLD,2024-03-29T11:00:00Z,2024-03-29T12:00:00Z,12.99
Netherlands,NLD,2024-03-29T12:00:00Z,2024-03-29T13:00:00Z,9.86
Netherlands,NLD,2024-03-29T13:00:00Z,2024-03-29T14:00:00Z,13.44
Netherlands,NLD,2024-03-29T14:00:00Z,2024-03-29T15:00:00Z,21.14
Netherlands,NLD,2024-03-29T15:00:00Z,2024-03-29T16:00:00Z,43.87
Netherlands,NLD,2024-03-29T16:00:00Z,2024-03-29T17:00:00Z,75.44
Netherlands,NLD,2024-03-29T17:00:00Z,2024-03-29T18:00:00Z,101.62
Netherlands,NLD,2024-03-29T18:00:00Z,2024-03-29T19:00:00Z,108
Netherlands,NLD,2024-03-29T19:00:00Z,2024-03-29T20:00:00Z,87.4
Netherlands,NLD,2024-03-29T20:00:00Z,2024-03-29T21:00:00Z,79.9
Netherlands,NLD,2024-03-29T21:00:00Z,2024-03-29T22:00:00Z,75.89
Netherlands,NLD,2024-03-29T22:00:00Z,2024-03-29T23:00:00Z,70
Netherlands,NLD,2024-03-29T23:00:00Z,2024-03-30T00:00:00Z,69.3
Netherlands,NLD,2024-03-30T00:00:00Z,2024-03-30T01:00:00Z,58.16
Netherlands,NLD,2024-03-30T01:00:00Z,2024-03-30T02:00:00Z,68.11
Netherlands,NLD,2024-03-30T02:00:00Z,2024-03-30T03:00:00Z,65.8
Netherlands,NLD,2024-03-30T03:00:00Z,2024-03-30T04:00:00Z,84
Netherlands,NLD,2024-03-30T04:00:00Z,2024-03-30T05:00:00Z,65.05
Netherlands,NLD,2024-03-30T05:00:00Z,2024-03-30T06:00:00Z,69.89
Netherlands,NLD,2024-03-30T06:00:00Z,2024-03-30T07:00:00Z,72.62
Netherlands,NLD,2024-03-30T07:00:00Z,2024-03-30T08:00:00Z,50
Netherlands,NLD,2024-03-30T08:00:00Z,2024-03-30T09:00:00Z,54.39
Netherlands,NLD,2024-03-30T09:00:00Z,2024-03-30T10:00:00Z,36.15
Netherlands,NLD,2024-03-30T10:00:00Z,2024-03-30T11:00:00Z,25
Netherlands,NLD,2024-03-30T11:00:00Z,2024-03-30T12:00:00Z,25.74
Netherlands,NLD,2024-03-30T12:00:00Z,2024-03-30T13:00:00Z,13.15
Netherlands,NLD,2024-03-30T13:00:00Z,2024-03-30T14:00:00Z,15.87
Netherlands,NLD,2024-03-30T14:00:00Z,2024-03-30T15:00:00Z,37.05
Netherlands,NLD,2024-03-30T15:00:00Z,2024-03-30T16:00:00Z,52.52
Netherlands,NLD,2024-03-30T16:00:00Z,2024-03-30T17:00:00Z,79.2
Netherlands,NLD,2024-03-30T17:00:00Z,2024-03-30T18:00:00Z,101.3
Netherlands,NLD,2024-03-30T18:00:00Z,2024-03-30T19:00:00Z,130
Netherlands,NLD,2024-03-30T19:00:00Z,2024-03-30T20:00:00Z,111.6
Netherlands,NLD,2024-03-30T20:00:00Z,2024-03-30T21:00:00Z,80.8
Netherlands,NLD,2024-03-30T21:00:00Z,2024-03-30T22:00:00Z,70.83
Netherlands,NLD,2024-03-30T22:00:00Z,2024-03-30T23:00:00Z,65.74
Netherlands,NLD,2024-03-30T23:00:00Z,2024-03-31T00:00:00Z,81.81
Netherlands,NLD,2024-03-31T00:00:00Z,2024-03-31T01:00:00Z,74.57
Netherlands,NLD,2024-03-31T01:00:00Z,2024-03-31T03:00:00Z,64.98
Netherlands,NLD,2024-03-31T02:00:00Z,2024-03-31T04:00:00Z,65.68
Netherlands,NLD,2024-03-31T03:00:00Z,2024-03-31T05:00:00Z,61.74
Netherlands,NLD,2024-03-31T04:00:00Z,2024-03-31T06:00:00Z,68.75
Netherlands,NLD,2024-03-31T05:00:00Z,2024-03-31T07:00:00Z,74.02
Netherlands,NLD,2024-03-31T06:00:00Z,2024-03-31T08:00:00Z,70.74
Netherlands,NLD,2024-03-31T07:00:00Z,2024-03-31T09:00:00Z,50.39
Netherlands,NLD,2024-03-31T08:00:00Z,2024-03-31T10:00:00Z,40
Netherlands,NLD,2024-03-31T09:00:00Z,2024-03-31T11:00:00Z,27.84
Netherlands,NLD,2024-03-31T10:00:00Z,2024-03-31T12:00:00Z,18.68
Netherlands,NLD,2024-03-31T11:00:00Z,2024-03-31T13:00:00Z,2.81
Netherlands,NLD,2024-03-31T12:00:00Z,2024-03-31T14:00:00Z,0.97
Netherlands,NLD,2024-03-31T13:00:00Z,2024-03-31T15:00:00Z,14.83
Netherlands,NLD,2024-03-31T14:00:00Z,2024-03-31T16:00:00Z,41.07
Netherlands,NLD,2024-03-31T15:00:00Z,2024-03-31T17:00:00Z,66.74
Netherlands,NLD,2024-03-31T16:00:00Z,2024-03-31T18:00:00Z,86.8
Netherlands,NLD,2024-03-31T17:00:00Z,2024-03-31T19:00:00Z,118.04
Netherlands,NLD,2024-03-31T18:00:00Z,2024-03-31T20:00:00Z,83.72
Netherlands,NLD,2024-03-31T19:00:00Z,2024-03-31T21:00:00Z,65.2
Netherlands,NLD,2024-03-31T20:00:00Z,2024-03-31T22:00:00Z,60.55
Netherlands,NLD,2024-03-31T21:00:00Z,2024-03-31T23:00:00Z,54.9
Netherlands,NLD,2024-03-31T22:00:00Z,2024-04-01T00:00:00Z,51.03
Netherlands,NLD,2024-03-31T23:00:00Z,2024-04-01T01:00:00Z,48.98
Netherlands,NLD,2024-04-01T00:00:00Z,2024-04-01T02:00:00Z,45.1
Netherlands,NLD,2024-04-01T01:00:00Z,2024-04-01T03:00:00Z,43.54
Netherlands,NLD,2024-04-01T02:00:00Z,2024-04-01T04:00:00Z,46.56
Netherlands,NLD,2024-04-01T03:00:00Z,2024-04-01T05:00:00Z,52.35
Netherlands,NLD,2024-04-01T04:00:00Z,2024-04-01T06:00:00Z,55.26
Netherlands,NLD,2024-04-01T05:00:00Z,2024-04-01T07:00:00Z,59.51
Netherlands,NLD,2024-04-01T06:00:00Z,2024-04-01T08:00:00Z,58.71
Netherlands,NLD,2024-04-01T07:00:00Z,2024-04-01T09:00:00Z,60.89
Netherlands,NLD,2024-04-01T08:00:00Z,2024-04-01T10:00:00Z,52.96
Netherlands,NLD,2024-04-01T09:00:00Z,2024-04-01T11:00:00Z,48.23
Netherlands,NLD,2024-04-01T10:00:00Z,2024-04-01T12:00:00Z,48.75
Netherlands,NLD,2024-04-01T11:00:00Z,2024-04-01T13:00:00Z,0.03
Netherlands,NLD,2024-04-01T12:00:00Z,2024-04-01T14:00:00Z,-0.01
Netherlands,NLD,2024-04-01T13:00:00Z,2024-04-01T15:00:00Z,-0.01
Netherlands,NLD,2024-04-01T14:00:00Z,2024-04-01T16:00:00Z,-0.01
Netherlands,NLD,2024-04-01T15:00:00Z,2024-04-01T17:00:00Z,5.79
Netherlands,NLD,2024-04-01T16:00:00Z,2024-04-01T18:00:00Z,53
Netherlands,NLD,2024-04-01T17:00:00Z,2024-04-01T19:00:00Z,90
Netherlands,NLD,2024-04-01T18:00:00Z,2024-04-01T20:00:00Z,79.89
Netherlands,NLD,2024-04-01T19:00:00Z,2024-04-01T21:00:00Z,55.96
Netherlands,NLD,2024-04-01T20:00:00Z,2024-04-01T22:00:00Z,41
Netherlands,NLD,2024-04-01T21:00:00Z,2024-04-01T23:00:00Z,29.63
Netherlands,NLD,2024-04-01T22:00:00Z,2024-04-02T00:00:00Z,46.13
Netherlands,NLD,2024-04-01T23:00:00Z,2024-04-02T01:00:00Z,36.33
Netherlands,NLD,2024-04-02T00:00:00Z,2024-04-02T02:00:00Z,16.46
Netherlands,NLD,2024-04-02T01:00:00Z,2024-04-02T03:00:00Z,7.54
Netherlands,NLD,2024-04-02T02:00:00Z,2024-04-02T04:00:00Z,1.94
Netherlands,NLD,2024-04-02T03:00:00Z,2024-04-02T05:00:00Z,7.27
Netherlands,NLD,2024-04-02T04:00:00Z,2024-04-02T06:00:00Z,51.32
Netherlands,NLD,2024-04-02T05:00:00Z,2024-04-02T07:00:00Z,70.98
Netherlands,NLD,2024-04-02T06:00:00Z,2024-04-02T08:00:00Z,68.93
Netherlands,NLD,2024-04-02T07:00:00Z,2024-04-02T09:00:00Z,55.17
Netherlands,NLD,2024-04-02T08:00:00Z,2024-04-02T10:00:00Z,30.1
Netherlands,NLD,2024-04-02T09:00:00Z,2024-04-02T11:00:00Z,24.91
Netherlands,NLD,2024-04-02T10:00:00Z,2024-04-02T12:00:00Z,5
Netherlands,NLD,2024-04-02T11:00:00Z,2024-04-02T13:00:00Z,2.5
Netherlands,NLD,2024-04-02T12:00:00Z,2024-04-02T14:00:00Z,0.17
Netherlands,NLD,2024-04-02T13:00:00Z,2024-04-02T15:00:00Z,0
Netherlands,NLD,2024-04-02T14:00:00Z,2024-04-02T16:00:00Z,4.31
Netherlands,NLD,2024-04-02T15:00:00Z,2024-04-02T17:00:00Z,41.46
Netherlands,NLD,2024-04-02T16:00:00Z,2024-04-02T18:00:00Z,72.7
Netherlands,NLD,2024-04-02T17:00:00Z,2024-04-02T19:00:00Z,104
Netherlands,NLD,2024-04-02T18:00:00Z,2024-04-02T20:00:00Z,110
Netherlands,NLD,2024-04-02T19:00:00Z,2024-04-02T21:00:00Z,99
Netherlands,NLD,2024-04-02T20:00:00Z,2024-04-02T22:00:00Z,76.26
Netherlands,NLD,2024-04-02T21:00:00Z,2024-04-02T23:00:00Z,72.43
Netherlands,NLD,2024-04-02T22:00:00Z,2024-04-03T00:00:00Z,72.74
Netherlands,NLD,2024-04-02T23:00:00Z,2024-04-03T01:00:00Z,66.31
Netherlands,NLD,2024-04-03T00:00:00Z,2024-04-03T02:00:00Z,62.64
Netherlands,NLD,2024-04-03T01:00:00Z,2024-04-03T03:00:00Z,64.66
Netherlands,NLD,2024-04-03T02:00:00Z,2024-04-03T04:00:00Z,64.89
Netherlands,NLD,2024-04-03T03:00:00Z,2024-04-03T05:00:00Z,68.73
Netherlands,NLD,2024-04-03T04:00:00Z,2024-04-03T06:00:00Z,82.94
Netherlands,NLD,2024-04-03T05:00:00Z,2024-04-03T07:00:00Z,106.52
Netherlands,NLD,2024-04-03T06:00:00Z,2024-04-03T08:00:00Z,117.93
Netherlands,NLD,2024-04-03T07:00:00Z,2024-04-03T09:00:00Z,102.44
Netherlands,NLD,2024-04-03T08:00:00Z,2024-04-03T10:00:00Z,107.35
Netherlands,NLD,2024-04-03T09:00:00Z,2024-04-03T11:00:00Z,90.92
Netherlands,NLD,2024-04-03T10:00:00Z,2024-04-03T12:00:00Z,78.72
Netherlands,NLD,2024-04-03T11:00:00Z,2024-04-03T13:00:00Z,65.8
Netherlands,NLD,2024-04-03T12:00:00Z,2024-04-03T14:00:00Z,58.9
Netherlands,NLD,2024-04-03T13:00:00Z,2024-04-03T15:00:00Z,58.09
Netherlands,NLD,2024-04-03T14:00:00Z,2024-04-03T16:00:00Z,60.97
Netherlands,NLD,2024-04-03T15:00:00Z,2024-04-03T17:00:00Z,70.31
Netherlands,NLD,2024-04-03T16:00:00Z,2024-04-03T18:00:00Z,85
Netherlands,NLD,2024-04-03T17:00:00Z,2024-04-03T19:00:00Z,91.69
Netherlands,NLD,2024-04-03T18:00:00Z,2024-04-03T20:00:00Z,92.65
Netherlands,NLD,2024-04-03T19:00:00Z,2024-04-03T21:00:00Z,70.71
Netherlands,NLD,2024-04-03T20:00:00Z,2024-04-03T22:00:00Z,65.49
Netherlands,NLD,2024-04-03T21:00:00Z,2024-04-03T23:00:00Z,55.33
Netherlands,NLD,2024-04-03T22:00:00Z,2024-04-04T00:00:00Z,42.63
Netherlands,NLD,2024-04-03T23:00:00Z,2024-04-04T01:00:00Z,40.28
Netherlands,NLD,2024-04-04T00:00:00Z,2024-04-04T02:00:00Z,39.08
Netherlands,NLD,2024-04-04T01:00:00Z,2024-04-04T03:00:00Z,39.67
Netherlands,NLD,2024-04-04T02:00:00Z,2024-04-04T04:00:00Z,40.03
Netherlands,NLD,2024-04-04T03:00:00Z,2024-04-04T05:00:00Z,43.07
Netherlands,NLD,2024-04-04T04:00:00Z,2024-04-04T06:00:00Z,53.49
Netherlands,NLD,2024-04-04T05:00:00Z,2024-04-04T07:00:00Z,65.47
Netherlands,NLD,2024-04-04T06:00:00Z,2024-04-04T08:00:00Z,75.33
Netherlands,NLD,2024-04-04T07:00:00Z,2024-04-04T09:00:00Z,71.79
Netherlands,NLD,2024-04-04T08:00:00Z,2024-04-04T10:00:00Z,69.17
Netherlands,NLD,2024-04-04T09:00:00Z,2024-04-04T11:00:00Z,63.06
Netherlands,NLD,2024-04-04T10:00:00Z,2024-04-04T12:00:00Z,51.77
Netherlands,NLD,2024-04-04T11:00:00Z,2024-04-04T13:00:00Z,45.88
Netherlands,NLD,2024-04-04T12:00:00Z,2024-04-04T14:00:00Z,45.15
Netherlands,NLD,2024-04-04T13:00:00Z,2024-04-04T15:00:00Z,44.17
Netherlands,NLD,2024-04-04T14:00:00Z,2024-04-04T16:00:00Z,44.9
Netherlands,NLD,2024-04-04T15:00:00Z,2024-04-04T17:00:00Z,56.75
Netherlands,NLD,2024-04-04T16:00:00Z,2024-04-04T18:00:00Z,65.1
Netherlands,NLD,2024-04-04T17:00:00Z,2024-04-04T19:00:00Z,103.7
Netherlands,NLD,2024-04-04T18:00:00Z,2024-04-04T20:00:00Z,99.5
Netherlands,NLD,2024-04-04T19:00:00Z,2024-04-04T21:00:00Z,75.7
Netherlands,NLD,2024-04-04T20:00:00Z,2024-04-04T22:00:00Z,67
Netherlands,NLD,2024-04-04T21:00:00Z,2024-04-04T23:00:00Z,57.85
Netherlands,NLD,2024-04-04T22:00:00Z,2024-04-05T00:00:00Z,58.12
Netherlands,NLD,2024-04-04T23:00:00Z,2024-04-05T01:00:00Z,54.46
Netherlands,NLD,2024-04-05T00:00:00Z,2024-04-05T02:00:00Z,50.04
Netherlands,NLD,2024-04-05T01:00:00Z,2024-04-05T03:00:00Z,47.98
Netherlands,NLD,2024-04-05T02:00:00Z,2024-04-05T04:00:00Z,47.37
Netherlands,NLD,2024-04-05T03:00:00Z,2024-04-05T05:00:00Z,52
Netherlands,NLD,2024-04-05T04:00:00Z,2024-04-05T06:00:00Z,62.53
Netherlands,NLD,2024-04-05T05:00:00Z,2024-04-05T07:00:00Z,76.79
Netherlands,NLD,2024-04-05T06:00:00Z,2024-04-05T08:00:00Z,80
Netherlands,NLD,2024-04-05T07:00:00Z,2024-04-05T09:00:00Z,67.59
Netherlands,NLD,2024-04-05T08:00:00Z,2024-04-05T10:00:00Z,50
Netherlands,NLD,2024-04-05T09:00:00Z,2024-04-05T11:00:00Z,23.7
Netherlands,NLD,2024-04-05T10:00:00Z,2024-04-05T12:00:00Z,8.48
Netherlands,NLD,2024-04-05T11:00:00Z,2024-04-05T13:00:00Z,0
Netherlands,NLD,2024-04-05T12:00:00Z,2024-04-05T14:00:00Z,-0.2
Netherlands,NLD,2024-04-05T13:00:00Z,2024-04-05T15:00:00Z,-10.07
Netherlands,NLD,2024-04-05T14:00:00Z,2024-04-05T16:00:00Z,-15
Netherlands,NLD,2024-04-05T15:00:00Z,2024-04-05T17:00:00Z,6
Netherlands,NLD,2024-04-05T16:00:00Z,2024-04-05T18:00:00Z,44.66
Netherlands,NLD,2024-04-05T17:00:00Z,2024-04-05T19:00:00Z,58.4
Netherlands,NLD,2024-04-05T18:00:00Z,2024-04-05T20:00:00Z,64.89
Netherlands,NLD,2024-04-05T19:00:00Z,2024-04-05T21:00:00Z,62.94
Netherlands,NLD,2024-04-05T20:00:00Z,2024-04-05T22:00:00Z,58.99
Netherlands,NLD,2024-04-05T21:00:00Z,2024-04-05T23:00:00Z,50.2
Netherlands,NLD,2024-04-05T22:00:00Z,2024-04-06T00:00:00Z,42.31
Netherlands,NLD,2024-04-05T23:00:00Z,2024-04-06T01:00:00Z,43.78
Netherlands,NLD,2024-04-06T00:00:00Z,2024-04-06T02:00:00Z,44
Netherlands,NLD,2024-04-06T01:00:00Z,2024-04-06T03:00:00Z,44.87
Netherlands,NLD,2024-04-06T02:00:00Z,2024-04-06T04:00:00Z,48.09
Netherlands,NLD,2024-04-06T03:00:00Z,2024-04-06T05:00:00Z,48.25
Netherlands,NLD,2024-04-06T04:00:00Z,2024-04-06T06:00:00Z,50.01
Netherlands,NLD,2024-04-06T05:00:00Z,2024-04-06T07:00:00Z,51.19
Netherlands,NLD,2024-04-06T06:00:00Z,2024-04-06T08:00:00Z,48
Netherlands,NLD,2024-04-06T07:00:00Z,2024-04-06T09:00:00Z,27.16
Netherlands,NLD,2024-04-06T08:00:00Z,2024-04-06T10:00:00Z,-14.86
Netherlands,NLD,2024-04-06T09:00:00Z,2024-04-06T11:00:00Z,-22.1
Netherlands,NLD,2024-04-06T10:00:00Z,2024-04-06T12:00:00Z,-50
Netherlands,NLD,2024-04-06T11:00:00Z,2024-04-06T13:00:00Z,-120.92
Netherlands,NLD,2024-04-06T12:00:00Z,2024-04-06T14:00:00Z,-125.3
Netherlands,NLD,2024-04-06T13:00:00Z,2024-04-06T15:00:00Z,-50
Netherlands,NLD,2024-04-06T14:00:00Z,2024-04-06T16:00:00Z,-20
Netherlands,NLD,2024-04-06T15:00:00Z,2024-04-06T17:00:00Z,0
Netherlands,NLD,2024-04-06T16:00:00Z,2024-04-06T18:00:00Z,55.92
Netherlands,NLD,2024-04-06T17:00:00Z,2024-04-06T19:00:00Z,69.2
Netherlands,NLD,2024-04-06T18:00:00Z,2024-04-06T20:00:00Z,65
Netherlands,NLD,2024-04-06T19:00:00Z,2024-04-06T21:00:00Z,64.9
Netherlands,NLD,2024-04-06T20:00:00Z,2024-04-06T22:00:00Z,46.6
Netherlands,NLD,2024-04-06T21:00:00Z,2024-04-06T23:00:00Z,30
Netherlands,NLD,2024-04-06T22:00:00Z,2024-04-07T00:00:00Z,10.24
Netherlands,NLD,2024-04-06T23:00:00Z,2024-04-07T01:00:00Z,0.09
Netherlands,NLD,2024-04-07T00:00:00Z,2024-04-07T02:00:00Z,0
Netherlands,NLD,2024-04-07T01:00:00Z,2024-04-07T03:00:00Z,0
Netherlands,NLD,2024-04-07T02:00:00Z,2024-04-07T04:00:00Z,0
Netherlands,NLD,2024-04-07T03:00:00Z,2024-04-07T05:00:00Z,0
Netherlands,NLD,2024-04-07T04:00:00Z,2024-04-07T06:00:00Z,0
Netherlands,NLD,2024-04-07T05:00:00Z,2024-04-07T07:00:00Z,0
Netherlands,NLD,2024-04-07T06:00:00Z,2024-04-07T08:00:00Z,0
Netherlands,NLD,2024-04-07T07:00:00Z,2024-04-07T09:00:00Z,-0.01
Netherlands,NLD,2024-04-07T08:00:00Z,2024-04-07T10:00:00Z,-10.01
Netherlands,NLD,2024-04-07T09:00:00Z,2024-04-07T11:00:00Z,-21
Netherlands,NLD,2024-04-07T10:00:00Z,2024-04-07T12:00:00Z,-34.91
Netherlands,NLD,2024-04-07T11:00:00Z,2024-04-07T13:00:00Z,-50
Netherlands,NLD,2024-04-07T12:00:00Z,2024-04-07T14:00:00Z,-49
Netherlands,NLD,2024-04-07T13:00:00Z,2024-04-07T15:00:00Z,-20
Netherlands,NLD,2024-04-07T14:00:00Z,2024-04-07T16:00:00Z,-0.16
Netherlands,NLD,2024-04-07T15:00:00Z,2024-04-07T17:00:00Z,4.28
Netherlands,NLD,2024-04-07T16:00:00Z,2024-04-07T18:00:00Z,51.32
Netherlands,NLD,2024-04-07T17:00:00Z,2024-04-07T19:00:00Z,84
Netherlands,NLD,2024-04-07T18:00:00Z,2024-04-07T20:00:00Z,90.93
Netherlands,NLD,2024-04-07T19:00:00Z,2024-04-07T21:00:00Z,80.1
Netherlands,NLD,2024-04-07T20:00:00Z,2024-04-07T22:00:00Z,75.31
Netherlands,NLD,2024-04-07T21:00:00Z,2024-04-07T23:00:00Z,69.68
Netherlands,NLD,2024-04-07T22:00:00Z,2024-04-08T00:00:00Z,70.1
Netherlands,NLD,2024-04-07T23:00:00Z,2024-04-08T01:00:00Z,64.53
Netherlands,NLD,2024-04-08T00:00:00Z,2024-04-08T02:00:00Z,63.91
Netherlands,NLD,2024-04-08T01:00:00Z,2024-04-08T03:00:00Z,66.06
Netherlands,NLD,2024-04-08T02:00:00Z,2024-04-08T04:00:00Z,66.49
Netherlands,NLD,2024-04-08T03:00:00Z,2024-04-08T05:00:00Z,69.48
Netherlands,NLD,2024-04-08T04:00:00Z,2024-04-08T06:00:00Z,93.19
Netherlands,NLD,2024-04-08T05:00:00Z,2024-04-08T07:00:00Z,149.78
Netherlands,NLD,2024-04-08T06:00:00Z,2024-04-08T08:00:00Z,128.52
Netherlands,NLD,2024-04-08T07:00:00Z,2024-04-08T09:00:00Z,85.51
Netherlands,NLD,2024-04-08T08:00:00Z,2024-04-08T10:00:00Z,69.89
Netherlands,NLD,2024-04-08T09:00:00Z,2024-04-08T11:00:00Z,67.1
Netherlands,NLD,2024-04-08T10:00:00Z,2024-04-08T12:00:00Z,64.7
Netherlands,NLD,2024-04-08T11:00:00Z,2024-04-08T13:00:00Z,60
Netherlands,NLD,2024-04-08T12:00:00Z,2024-04-08T14:00:00Z,57.89
Netherlands,NLD,2024-04-08T13:00:00Z,2024-04-08T15:00:00Z,63.4
Netherlands,NLD,2024-04-08T14:00:00Z,2024-04-08T16:00:00Z,70
Netherlands,NLD,2024-04-08T15:00:00Z,2024-04-08T17:00:00Z,75.01
Netherlands,NLD,2024-04-08T16:00:00Z,2024-04-08T18:00:00Z,104.9
Netherlands,NLD,2024-04-08T17:00:00Z,2024-04-08T19:00:00Z,137.3
Netherlands,NLD,2024-04-08T18:00:00Z,2024-04-08T20:00:00Z,124.8
Netherlands,NLD,2024-04-08T19:00:00Z,2024-04-08T21:00:00Z,84.85
Netherlands,NLD,2024-04-08T20:00:00Z,2024-04-08T22:00:00Z,77
Netherlands,NLD,2024-04-08T21:00:00Z,2024-04-08T23:00:00Z,75.56
Netherlands,NLD,2024-04-08T22:00:00Z,2024-04-09T00:00:00Z,83.31
Netherlands,NLD,2024-04-08T23:00:00Z,2024-04-09T01:00:00Z,69.39
Netherlands,NLD,2024-04-09T00:00:00Z,2024-04-09T02:00:00Z,64.73
Netherlands,NLD,2024-04-09T01:00:00Z,2024-04-09T03:00:00Z,59.02
Netherlands,NLD,2024-04-09T02:00:00Z,2024-04-09T04:00:00Z,60.84
Netherlands,NLD,2024-04-09T03:00:00Z,2024-04-09T05:00:00Z,65.48
Netherlands,NLD,2024-04-09T04:00:00Z,2024-04-09T06:00:00Z,77.2
Netherlands,NLD,2024-04-09T05:00:00Z,2024-04-09T07:00:00Z,89.95
Netherlands,NLD,2024-04-09T06:00:00Z,2024-04-09T08:00:00Z,79.78
Netherlands,NLD,2024-04-09T07:00:00Z,2024-04-09T09:00:00Z,68.3
Netherlands,NLD,2024-04-09T08:00:00Z,2024-04-09T10:00:00Z,50.5
Netherlands,NLD,2024-04-09T09:00:00Z,2024-04-09T11:00:00Z,42.87
Netherlands,NLD,2024-04-09T10:00:00Z,2024-04-09T12:00:00Z,32.78
Netherlands,NLD,2024-04-09T11:00:00Z,2024-04-09T13:00:00Z,7.1
Netherlands,NLD,2024-04-09T12:00:00Z,2024-04-09T14:00:00Z,7.56
Netherlands,NLD,2024-04-09T13:00:00Z,2024-04-09T15:00:00Z,0
Netherlands,NLD,2024-04-09T14:00:00Z,2024-04-09T16:00:00Z,13.2
Netherlands,NLD,2024-04-09T15:00:00Z,2024-04-09T17:00:00Z,40.72
Netherlands,NLD,2024-04-09T16:00:00Z,2024-04-09T18:00:00Z,61.6
Netherlands,NLD,2024-04-09T17:00:00Z,2024-04-09T19:00:00Z,73.51
Netherlands,NLD,2024-04-09T18:00:00Z,2024-04-09T20:00:00Z,79.92
Netherlands,NLD,2024-04-09T19:00:00Z,2024-04-09T21:00:00Z,66.64
Netherlands,NLD,2024-04-09T20:00:00Z,2024-04-09T22:00:00Z,59.52
Netherlands,NLD,2024-04-09T21:00:00Z,2024-04-09T23:00:00Z,34.54
Netherlands,NLD,2024-04-09T22:00:00Z,2024-04-10T00:00:00Z,12.9
Netherlands,NLD,2024-04-09T23:00:00Z,2024-04-10T01:00:00Z,5.1
Netherlands,NLD,2024-04-10T00:00:00Z,2024-04-10T02:00:00Z,5
Netherlands,NLD,2024-04-10T01:00:00Z,2024-04-10T03:00:00Z,8.99
Netherlands,NLD,2024-04-10T02:00:00Z,2024-04-10T04:00:00Z,24.7
Netherlands,NLD,2024-04-10T03:00:00Z,2024-04-10T05:00:00Z,48.8
Netherlands,NLD,2024-04-10T04:00:00Z,2024-04-10T06:00:00Z,74.75
Netherlands,NLD,2024-04-10T05:00:00Z,2024-04-10T07:00:00Z,99.63
Netherlands,NLD,2024-04-10T06:00:00Z,2024-04-10T08:00:00Z,106.7
Netherlands,NLD,2024-04-10T07:00:00Z,2024-04-10T09:00:00Z,80.46
Netherlands,NLD,2024-04-10T08:00:00Z,2024-04-10T10:00:00Z,67.64
Netherlands,NLD,2024-04-10T09:00:00Z,2024-04-10T11:00:00Z,52.99
Netherlands,NLD,2024-04-10T10:00:00Z,2024-04-10T12:00:00Z,19.21
Netherlands,NLD,2024-04-10T11:00:00Z,2024-04-10T13:00:00Z,8.93
Netherlands,NLD,2024-04-10T12:00:00Z,2024-04-10T14:00:00Z,0
Netherlands,NLD,2024-04-10T13:00:00Z,2024-04-10T15:00:00Z,-0.1
Netherlands,NLD,2024-04-10T14:00:00Z,2024-04-10T16:00:00Z,22
Netherlands,NLD,2024-04-10T15:00:00Z,2024-04-10T17:00:00Z,64.9
Netherlands,NLD,2024-04-10T16:00:00Z,2024-04-10T18:00:00Z,82.65
Netherlands,NLD,2024-04-10T17:00:00Z,2024-04-10T19:00:00Z,145.46
Netherlands,NLD,2024-04-10T18:00:00Z,2024-04-10T20:00:00Z,141.1
Netherlands,NLD,2024-04-10T19:00:00Z,2024-04-10T21:00:00Z,88.28
Netherlands,NLD,2024-04-10T20:00:00Z,2024-04-10T22:00:00Z,72.35
Netherlands,NLD,2024-04-10T21:00:00Z,2024-04-10T23:00:00Z,65.1
Netherlands,NLD,2024-04-10T22:00:00Z,2024-04-11T00:00:00Z,48.59
Netherlands,NLD,2024-04-10T23:00:00Z,2024-04-11T01:00:00Z,26.67
Netherlands,NLD,2024-04-11T00:00:00Z,2024-04-11T02:00:00Z,23.68
Netherlands,NLD,2024-04-11T01:00:00Z,2024-04-11T03:00:00Z,9.99
Netherlands,NLD,2024-04-11T02:00:00Z,2024-04-11T04:00:00Z,7.98
Netherlands,NLD,2024-04-11T03:00:00Z,2024-04-11T05:00:00Z,28.38
Netherlands,NLD,2024-04-11T04:00:00Z,2024-04-11T06:00:00Z,66.11
Netherlands,NLD,2024-04-11T05:00:00Z,2024-04-11T07:00:00Z,68.23
Netherlands,NLD,2024-04-11T06:00:00Z,2024-04-11T08:00:00Z,52.2
Netherlands,NLD,2024-04-11T07:00:00Z,2024-04-11T09:00:00Z,71
Netherlands,NLD,2024-04-11T08:00:00Z,2024-04-11T10:00:00Z,71.5
Netherlands,NLD,2024-04-11T09:00:00Z,2024-04-11T11:00:00Z,70
Netherlands,NLD,2024-04-11T10:00:00Z,2024-04-11T12:00:00Z,74.9
Netherlands,NLD,2024-04-11T11:00:00Z,2024-04-11T13:00:00Z,74
Netherlands,NLD,2024-04-11T12:00:00Z,2024-04-11T14:00:00Z,85.05
Netherlands,NLD,2024-04-11T13:00:00Z,2024-04-11T15:00:00Z,77.6
Netherlands,NLD,2024-04-11T14:00:00Z,2024-04-11T16:00:00Z,69
Netherlands,NLD,2024-04-11T15:00:00Z,2024-04-11T17:00:00Z,86.05
Netherlands,NLD,2024-04-11T16:00:00Z,2024-04-11T18:00:00Z,100.7
Netherlands,NLD,2024-04-11T17:00:00Z,2024-04-11T19:00:00Z,134.36
Netherlands,NLD,2024-04-11T18:00:00Z,2024-04-11T20:00:00Z,119.8
Netherlands,NLD,2024-04-11T19:00:00Z,2024-04-11T21:00:00Z,91.05
Netherlands,NLD,2024-04-11T20:00:00Z,2024-04-11T22:00:00Z,79.21
Netherlands,NLD,2024-04-11T21:00:00Z,2024-04-11T23:00:00Z,75.75
Netherlands,NLD,2024-04-11T22:00:00Z,2024-04-12T00:00:00Z,74.5
Netherlands,NLD,2024-04-11T23:00:00Z,2024-04-12T01:00:00Z,70.35
Netherlands,NLD,2024-04-12T00:00:00Z,2024-04-12T02:00:00Z,65.5
Netherlands,NLD,2024-04-12T01:00:00Z,2024-04-12T03:00:00Z,59.02
Netherlands,NLD,2024-04-12T02:00:00Z,2024-04-12T04:00:00Z,59.49
Netherlands,NLD,2024-04-12T03:00:00Z,2024-04-12T05:00:00Z,64.01
Netherlands,NLD,2024-04-12T04:00:00Z,2024-04-12T06:00:00Z,75.96
Netherlands,NLD,2024-04-12T05:00:00Z,2024-04-12T07:00:00Z,91.01
Netherlands,NLD,2024-04-12T06:00:00Z,2024-04-12T08:00:00Z,86
Netherlands,NLD,2024-04-12T07:00:00Z,2024-04-12T09:00:00Z,76.4
Netherlands,NLD,2024-04-12T08:00:00Z,2024-04-12T10:00:00Z,42.16
Netherlands,NLD,2024-04-12T09:00:00Z,2024-04-12T11:00:00Z,18.84
Netherlands,NLD,2024-04-12T10:00:00Z,2024-04-12T12:00:00Z,0
Netherlands,NLD,2024-04-12T11:00:00Z,2024-04-12T13:00:00Z,-0.1
Netherlands,NLD,2024-04-12T12:00:00Z,2024-04-12T14:00:00Z,-10.02
Netherlands,NLD,2024-04-12T13:00:00Z,2024-04-12T15:00:00Z,-5.03
Netherlands,NLD,2024-04-12T14:00:00Z,2024-04-12T16:00:00Z,0
Netherlands,NLD,2024-04-12T15:00:00Z,2024-04-12T17:00:00Z,50.35
Netherlands,NLD,2024-04-12T16:00:00Z,2024-04-12T18:00:00Z,73.12
Netherlands,NLD,2024-04-12T17:00:00Z,2024-04-12T19:00:00Z,104.95
Netherlands,NLD,2024-04-12T18:00:00Z,2024-04-12T20:00:00Z,112.9
Netherlands,NLD,2024-04-12T19:00:00Z,2024-04-12T21:00:00Z,80.34
Netherlands,NLD,2024-04-12T20:00:00Z,2024-04-12T22:00:00Z,72.73
Netherlands,NLD,2024-04-12T21:00:00Z,2024-04-12T23:00:00Z,62.6
Netherlands,NLD,2024-04-12T22:00:00Z,2024-04-13T00:00:00Z,54.56
Netherlands,NLD,2024-04-12T23:00:00Z,2024-04-13T01:00:00Z,44.15
Netherlands,NLD,2024-04-13T00:00:00Z,2024-04-13T02:00:00Z,23.27
Netherlands,NLD,2024-04-13T01:00:00Z,2024-04-13T03:00:00Z,18.11
Netherlands,NLD,2024-04-13T02:00:00Z,2024-04-13T04:00:00Z,18.04
Netherlands,NLD,2024-04-13T03:00:00Z,2024-04-13T05:00:00Z,24.08
Netherlands,NLD,2024-04-13T04:00:00Z,2024-04-13T06:00:00Z,28.75
Netherlands,NLD,2024-04-13T05:00:00Z,2024-04-13T07:00:00Z,33.73
Netherlands,NLD,2024-04-13T06:00:00Z,2024-04-13T08:00:00Z,22.6
Netherlands,NLD,2024-04-13T07:00:00Z,2024-04-13T09:00:00Z,8.8
Netherlands,NLD,2024-04-13T08:00:00Z,2024-04-13T10:00:00Z,-0.02
Netherlands,NLD,2024-04-13T09:00:00Z,2024-04-13T11:00:00Z,-10.16
Netherlands,NLD,2024-04-13T10:00:00Z,2024-04-13T12:00:00Z,-31.66
Netherlands,NLD,2024-04-13T11:00:00Z,2024-04-13T13:00:00Z,-50
Netherlands,NLD,2024-04-13T12:00:00Z,2024-04-13T14:00:00Z,-55.01
Netherlands,NLD,2024-04-13T13:00:00Z,2024-04-13T15:00:00Z,-49.91
Netherlands,NLD,2024-04-13T14:00:00Z,2024-04-13T16:00:00Z,-19.14
Netherlands,NLD,2024-04-13T15:00:00Z,2024-04-13T17:00:00Z,-0.15
Netherlands,NLD,2024-04-13T16:00:00Z,2024-04-13T18:00:00Z,33.37
Netherlands,NLD,2024-04-13T17:00:00Z,2024-04-13T19:00:00Z,50.1
Netherlands,NLD,2024-04-13T18:00:00Z,2024-04-13T20:00:00Z,58.83
Netherlands,NLD,2024-04-13T19:00:00Z,2024-04-13T21:00:00Z,37.54
Netherlands,NLD,2024-04-13T20:00:00Z,2024-04-13T22:00:00Z,20.34
Netherlands,NLD,2024-04-13T21:00:00Z,2024-04-13T23:00:00Z,7.5
Netherlands,NLD,2024-04-13T22:00:00Z,2024-04-14T00:00:00Z,0.44
Netherlands,NLD,2024-04-13T23:00:00Z,2024-04-14T01:00:00Z,1.1
Netherlands,NLD,2024-04-14T00:00:00Z,2024-04-14T02:00:00Z,0.94
Netherlands,NLD,2024-04-14T01:00:00Z,2024-04-14T03:00:00Z,1.26
Netherlands,NLD,2024-04-14T02:00:00Z,2024-04-14T04:00:00Z,2.6
Netherlands,NLD,2024-04-14T03:00:00Z,2024-04-14T05:00:00Z,6
Netherlands,NLD,2024-04-14T04:00:00Z,2024-04-14T06:00:00Z,12.86
Netherlands,NLD,2024-04-14T05:00:00Z,2024-04-14T07:00:00Z,13
Netherlands,NLD,2024-04-14T06:00:00Z,2024-04-14T08:00:00Z,8.21
Netherlands,NLD,2024-04-14T07:00:00Z,2024-04-14T09:00:00Z,0
Netherlands,NLD,2024-04-14T08:00:00Z,2024-04-14T10:00:00Z,-2.68
Netherlands,NLD,2024-04-14T09:00:00Z,2024-04-14T11:00:00Z,-12.97
Netherlands,NLD,2024-04-14T10:00:00Z,2024-04-14T12:00:00Z,-42.23
Netherlands,NLD,2024-04-14T11:00:00Z,2024-04-14T13:00:00Z,-60.05
Netherlands,NLD,2024-04-14T12:00:00Z,2024-04-14T14:00:00Z,-60.01
Netherlands,NLD,2024-04-14T13:00:00Z,2024-04-14T15:00:00Z,-40.05
Netherlands,NLD,2024-04-14T14:00:00Z,2024-04-14T16:00:00Z,-6.25
Netherlands,NLD,2024-04-14T15:00:00Z,2024-04-14T17:00:00Z,1.57
Netherlands,NLD,2024-04-14T16:00:00Z,2024-04-14T18:00:00Z,79.7
Netherlands,NLD,2024-04-14T17:00:00Z,2024-04-14T19:00:00Z,102.3
Netherlands,NLD,2024-04-14T18:00:00Z,2024-04-14T20:00:00Z,133.65
Netherlands,NLD,2024-04-14T19:00:00Z,2024-04-14T21:00:00Z,124.48
Netherlands,NLD,2024-04-14T20:00:00Z,2024-04-14T22:00:00Z,97.16
Netherlands,NLD,2024-04-14T21:00:00Z,2024-04-14T23:00:00Z,79.69
Netherlands,NLD,2024-04-14T22:00:00Z,2024-04-15T00:00:00Z,81.96
Netherlands,NLD,2024-04-14T23:00:00Z,2024-04-15T01:00:00Z,74.9
Netherlands,NLD,2024-04-15T00:00:00Z,2024-04-15T02:00:00Z,70.55
Netherlands,NLD,2024-04-15T01:00:00Z,2024-04-15T03:00:00Z,70.54
Netherlands,NLD,2024-04-15T02:00:00Z,2024-04-15T04:00:00Z,68.3
Netherlands,NLD,2024-04-15T03:00:00Z,2024-04-15T05:00:00Z,78.88
Netherlands,NLD,2024-04-15T04:00:00Z,2024-04-15T06:00:00Z,98.75
Netherlands,NLD,2024-04-15T05:00:00Z,2024-04-15T07:00:00Z,148
Netherlands,NLD,2024-04-15T06:00:00Z,2024-04-15T08:00:00Z,108.27
Netherlands,NLD,2024-04-15T07:00:00Z,2024-04-15T09:00:00Z,62.6
Netherlands,NLD,2024-04-15T08:00:00Z,2024-04-15T10:00:00Z,48
Netherlands,NLD,2024-04-15T09:00:00Z,2024-04-15T11:00:00Z,48.77
Netherlands,NLD,2024-04-15T10:00:00Z,2024-04-15T12:00:00Z,42.17
Netherlands,NLD,2024-04-15T11:00:00Z,2024-04-15T13:00:00Z,31.74
Netherlands,NLD,2024-04-15T12:00:00Z,2024-04-15T14:00:00Z,13.15
Netherlands,NLD,2024-04-15T13:00:00Z,2024-04-15T15:00:00Z,9.15
Netherlands,NLD,2024-04-15T14:00:00Z,2024-04-15T16:00:00Z,6.99
Netherlands,NLD,2024-04-15T15:00:00Z,2024-04-15T17:00:00Z,43.46
Netherlands,NLD,2024-04-15T16:00:00Z,2024-04-15T18:00:00Z,66.5
Netherlands,NLD,2024-04-15T17:00:00Z,2024-04-15T19:00:00Z,76.12
Netherlands,NLD,2024-04-15T18:00:00Z,2024-04-15T20:00:00Z,74.89
Netherlands,NLD,2024-04-15T19:00:00Z,2024-04-15T21:00:00Z,65.54
Netherlands,NLD,2024-04-15T20:00:00Z,2024-04-15T22:00:00Z,52.85
Netherlands,NLD,2024-04-15T21:00:00Z,2024-04-15T23:00:00Z,34.01
Netherlands,NLD,2024-04-15T22:00:00Z,2024-04-16T00:00:00Z,1.43
Netherlands,NLD,2024-04-15T23:00:00Z,2024-04-16T01:00:00Z,0.02
Netherlands,NLD,2024-04-16T00:00:00Z,2024-04-16T02:00:00Z,-0.1
Netherlands,NLD,2024-04-16T01:00:00Z,2024-04-16T03:00:00Z,0
Netherlands,NLD,2024-04-16T02:00:00Z,2024-04-16T04:00:00Z,13.78
Netherlands,NLD,2024-04-16T03:00:00Z,2024-04-16T05:00:00Z,29.2
Netherlands,NLD,2024-04-16T04:00:00Z,2024-04-16T06:00:00Z,51.59
Netherlands,NLD,2024-04-16T05:00:00Z,2024-04-16T07:00:00Z,69.69
Netherlands,NLD,2024-04-16T06:00:00Z,2024-04-16T08:00:00Z,74.26
Netherlands,NLD,2024-04-16T07:00:00Z,2024-04-16T09:00:00Z,64.81
Netherlands,NLD,2024-04-16T08:00:00Z,2024-04-16T10:00:00Z,50.77
Netherlands,NLD,2024-04-16T09:00:00Z,2024-04-16T11:00:00Z,41.46
Netherlands,NLD,2024-04-16T10:00:00Z,2024-04-16T12:00:00Z,38.74
Netherlands,NLD,2024-04-16T11:00:00Z,2024-04-16T13:00:00Z,33.57
Netherlands,NLD,2024-04-16T12:00:00Z,2024-04-16T14:00:00Z,33.42
Netherlands,NLD,2024-04-16T13:00:00Z,2024-04-16T15:00:00Z,39.95
Netherlands,NLD,2024-04-16T14:00:00Z,2024-04-16T16:00:00Z,51.67
Netherlands,NLD,2024-04-16T15:00:00Z,2024-04-16T17:00:00Z,74.53
Netherlands,NLD,2024-04-16T16:00:00Z,2024-04-16T18:00:00Z,87.3
Netherlands,NLD,2024-04-16T17:00:00Z,2024-04-16T19:00:00Z,98
Netherlands,NLD,2024-04-16T18:00:00Z,2024-04-16T20:00:00Z,115.42
Netherlands,NLD,2024-04-16T19:00:00Z,2024-04-16T21:00:00Z,101.71
Netherlands,NLD,2024-04-16T20:00:00Z,2024-04-16T22:00:00Z,90.1
Netherlands,NLD,2024-04-16T21:00:00Z,2024-04-16T23:00:00Z,84.1
Netherlands,NLD,2024-04-16T22:00:00Z,2024-04-17T00:00:00Z,84.75
Netherlands,NLD,2024-04-16T23:00:00Z,2024-04-17T01:00:00Z,83.84
Netherlands,NLD,2024-04-17T00:00:00Z,2024-04-17T02:00:00Z,81.35
Netherlands,NLD,2024-04-17T01:00:00Z,2024-04-17T03:00:00Z,82.4
Netherlands,NLD,2024-04-17T02:00:00Z,2024-04-17T04:00:00Z,81.31
Netherlands,NLD,2024-04-17T03:00:00Z,2024-04-17T05:00:00Z,82.34
Netherlands,NLD,2024-04-17T04:00:00Z,2024-04-17T06:00:00Z,108.5
Netherlands,NLD,2024-04-17T05:00:00Z,2024-04-17T07:00:00Z,154.67
Netherlands,NLD,2024-04-17T06:00:00Z,2024-04-17T08:00:00Z,152
Netherlands,NLD,2024-04-17T07:00:00Z,2024-04-17T09:00:00Z,104.62
Netherlands,NLD,2024-04-17T08:00:00Z,2024-04-17T10:00:00Z,83.9
Netherlands,NLD,2024-04-17T09:00:00Z,2024-04-17T11:00:00Z,79.9
Netherlands,NLD,2024-04-17T10:00:00Z,2024-04-17T12:00:00Z,75.17
Netherlands,NLD,2024-04-17T11:00:00Z,2024-04-17T13:00:00Z,76.06
Netherlands,NLD,2024-04-17T12:00:00Z,2024-04-17T14:00:00Z,69.64
Netherlands,NLD,2024-04-17T13:00:00Z,2024-04-17T15:00:00Z,73.85
Netherlands,NLD,2024-04-17T14:00:00Z,2024-04-17T16:00:00Z,80
Netherlands,NLD,2024-04-17T15:00:00Z,2024-04-17T17:00:00Z,80
Netherlands,NLD,2024-04-17T16:00:00Z,2024-04-17T18:00:00Z,103.21
Netherlands,NLD,2024-04-17T17:00:00Z,2024-04-17T19:00:00Z,145
Netherlands,NLD,2024-04-17T18:00:00Z,2024-04-17T20:00:00Z,169.9
Netherlands,NLD,2024-04-17T19:00:00Z,2024-04-17T21:00:00Z,130.06
Netherlands,NLD,2024-04-17T20:00:00Z,2024-04-17T22:00:00Z,99.04
Netherlands,NLD,2024-04-17T21:00:00Z,2024-04-17T23:00:00Z,87.81
Netherlands,NLD,2024-04-17T22:00:00Z,2024-04-18T00:00:00Z,91.83
Netherlands,NLD,2024-04-17T23:00:00Z,2024-04-18T01:00:00Z,87.42
Netherlands,NLD,2024-04-18T00:00:00Z,2024-04-18T02:00:00Z,88.53
Netherlands,NLD,2024-04-18T01:00:00Z,2024-04-18T03:00:00Z,87.76
Netherlands,NLD,2024-04-18T02:00:00Z,2024-04-18T04:00:00Z,89.61
Netherlands,NLD,2024-04-18T03:00:00Z,2024-04-18T05:00:00Z,91.7
Netherlands,NLD,2024-04-18T04:00:00Z,2024-04-18T06:00:00Z,115.2
Netherlands,NLD,2024-04-18T05:00:00Z,2024-04-18T07:00:00Z,155.45
Netherlands,NLD,2024-04-18T06:00:00Z,2024-04-18T08:00:00Z,131.19
Netherlands,NLD,2024-04-18T07:00:00Z,2024-04-18T09:00:00Z,101.12
Netherlands,NLD,2024-04-18T08:00:00Z,2024-04-18T10:00:00Z,89.89
Netherlands,NLD,2024-04-18T09:00:00Z,2024-04-18T11:00:00Z,75.71
Netherlands,NLD,2024-04-18T10:00:00Z,2024-04-18T12:00:00Z,67.6
Netherlands,NLD,2024-04-18T11:00:00Z,2024-04-18T13:00:00Z,68.1
Netherlands,NLD,2024-04-18T12:00:00Z,2024-04-18T14:00:00Z,63.45
Netherlands,NLD,2024-04-18T13:00:00Z,2024-04-18T15:00:00Z,63.52
Netherlands,NLD,2024-04-18T14:00:00Z,2024-04-18T16:00:00Z,65.24
Netherlands,NLD,2024-04-18T15:00:00Z,2024-04-18T17:00:00Z,80.86
Netherlands,NLD,2024-04-18T16:00:00Z,2024-04-18T18:00:00Z,94.03
Netherlands,NLD,2024-04-18T17:00:00Z,2024-04-18T19:00:00Z,125.24
Netherlands,NLD,2024-04-18T18:00:00Z,2024-04-18T20:00:00Z,128.91
Netherlands,NLD,2024-04-18T19:00:00Z,2024-04-18T21:00:00Z,105.92
Netherlands,NLD,2024-04-18T20:00:00Z,2024-04-18T22:00:00Z,89.89
Netherlands,NLD,2024-04-18T21:00:00Z,2024-04-18T23:00:00Z,79.36
Netherlands,NLD,2024-04-18T22:00:00Z,2024-04-19T00:00:00Z,69.26
Netherlands,NLD,2024-04-18T23:00:00Z,2024-04-19T01:00:00Z,56.01
Netherlands,NLD,2024-04-19T00:00:00Z,2024-04-19T02:00:00Z,47
Netherlands,NLD,2024-04-19T01:00:00Z,2024-04-19T03:00:00Z,44.89
Netherlands,NLD,2024-04-19T02:00:00Z,2024-04-19T04:00:00Z,43.93
Netherlands,NLD,2024-04-19T03:00:00Z,2024-04-19T05:00:00Z,46.53
Netherlands,NLD,2024-04-19T04:00:00Z,2024-04-19T06:00:00Z,58.1
Netherlands,NLD,2024-04-19T05:00:00Z,2024-04-19T07:00:00Z,69.74
Netherlands,NLD,2024-04-19T06:00:00Z,2024-04-19T08:00:00Z,76
Netherlands,NLD,2024-04-19T07:00:00Z,2024-04-19T09:00:00Z,68.3
Netherlands,NLD,2024-04-19T08:00:00Z,2024-04-19T10:00:00Z,60.2
Netherlands,NLD,2024-04-19T09:00:00Z,2024-04-19T11:00:00Z,46.6
Netherlands,NLD,2024-04-19T10:00:00Z,2024-04-19T12:00:00Z,36.6
Netherlands,NLD,2024-04-19T11:00:00Z,2024-04-19T13:00:00Z,10
Netherlands,NLD,2024-04-19T12:00:00Z,2024-04-19T14:00:00Z,-0.1
Netherlands,NLD,2024-04-19T13:00:00Z,2024-04-19T15:00:00Z,-0.1
Netherlands,NLD,2024-04-19T14:00:00Z,2024-04-19T16:00:00Z,3
Netherlands,NLD,2024-04-19T15:00:00Z,2024-04-19T17:00:00Z,50.29
Netherlands,NLD,2024-04-19T16:00:00Z,2024-04-19T18:00:00Z,59.7
Netherlands,NLD,2024-04-19T17:00:00Z,2024-04-19T19:00:00Z,62.23
Netherlands,NLD,2024-04-19T18:00:00Z,2024-04-19T20:00:00Z,63.74
Netherlands,NLD,2024-04-19T19:00:00Z,2024-04-19T21:00:00Z,63.33
Netherlands,NLD,2024-04-19T20:00:00Z,2024-04-19T22:00:00Z,62.87
Netherlands,NLD,2024-04-19T21:00:00Z,2024-04-19T23:00:00Z,61.57
Netherlands,NLD,2024-04-19T22:00:00Z,2024-04-20T00:00:00Z,59.09
Netherlands,NLD,2024-04-19T23:00:00Z,2024-04-20T01:00:00Z,56.49
Netherlands,NLD,2024-04-20T00:00:00Z,2024-04-20T02:00:00Z,55.77
Netherlands,NLD,2024-04-20T01:00:00Z,2024-04-20T03:00:00Z,56.64
Netherlands,NLD,2024-04-20T02:00:00Z,2024-04-20T04:00:00Z,59.65
Netherlands,NLD,2024-04-20T03:00:00Z,2024-04-20T05:00:00Z,61.51
Netherlands,NLD,2024-04-20T04:00:00Z,2024-04-20T06:00:00Z,61.69
Netherlands,NLD,2024-04-20T05:00:00Z,2024-04-20T07:00:00Z,66.1
Netherlands,NLD,2024-04-20T06:00:00Z,2024-04-20T08:00:00Z,64.7
Netherlands,NLD,2024-04-20T07:00:00Z,2024-04-20T09:00:00Z,59.06
Netherlands,NLD,2024-04-20T08:00:00Z,2024-04-20T10:00:00Z,46.54
Netherlands,NLD,2024-04-20T09:00:00Z,2024-04-20T11:00:00Z,34.38
Netherlands,NLD,2024-04-20T10:00:00Z,2024-04-20T12:00:00Z,11.7
Netherlands,NLD,2024-04-20T11:00:00Z,2024-04-20T13:00:00Z,-4
Netherlands,NLD,2024-04-20T12:00:00Z,2024-04-20T14:00:00Z,-5.09
Netherlands,NLD,2024-04-20T13:00:00Z,2024-04-20T15:00:00Z,-4.01
Netherlands,NLD,2024-04-20T14:00:00Z,2024-04-20T16:00:00Z,25
Netherlands,NLD,2024-04-20T15:00:00Z,2024-04-20T17:00:00Z,48.33
Netherlands,NLD,2024-04-20T16:00:00Z,2024-04-20T18:00:00Z,63.74
Netherlands,NLD,2024-04-20T17:00:00Z,2024-04-20T19:00:00Z,79.32
Netherlands,NLD,2024-04-20T18:00:00Z,2024-04-20T20:00:00Z,91.17
Netherlands,NLD,2024-04-20T19:00:00Z,2024-04-20T21:00:00Z,86.84
Netherlands,NLD,2024-04-20T20:00:00Z,2024-04-20T22:00:00Z,84.01
Netherlands,NLD,2024-04-20T21:00:00Z,2024-04-20T23:00:00Z,82.5
Netherlands,NLD,2024-04-20T22:00:00Z,2024-04-21T00:00:00Z,81.85
Netherlands,NLD,2024-04-20T23:00:00Z,2024-04-21T01:00:00Z,70.17
Netherlands,NLD,2024-04-21T00:00:00Z,2024-04-21T02:00:00Z,69.53
Netherlands,NLD,2024-04-21T01:00:00Z,2024-04-21T03:00:00Z,64.4
Netherlands,NLD,2024-04-21T02:00:00Z,2024-04-21T04:00:00Z,63.88
Netherlands,NLD,2024-04-21T03:00:00Z,2024-04-21T05:00:00Z,63.62
Netherlands,NLD,2024-04-21T04:00:00Z,2024-04-21T06:00:00Z,64.43
Netherlands,NLD,2024-04-21T05:00:00Z,2024-04-21T07:00:00Z,60.53
Netherlands,NLD,2024-04-21T06:00:00Z,2024-04-21T08:00:00Z,55.93
Netherlands,NLD,2024-04-21T07:00:00Z,2024-04-21T09:00:00Z,51.12
Netherlands,NLD,2024-04-21T08:00:00Z,2024-04-21T10:00:00Z,26.92
Netherlands,NLD,2024-04-21T09:00:00Z,2024-04-21T11:00:00Z,-22.2
Netherlands,NLD,2024-04-21T10:00:00Z,2024-04-21T12:00:00Z,-24.04
Netherlands,NLD,2024-04-21T11:00:00Z,2024-04-21T13:00:00Z,-7
Netherlands,NLD,2024-04-21T12:00:00Z,2024-04-21T14:00:00Z,-3.79
Netherlands,NLD,2024-04-21T13:00:00Z,2024-04-21T15:00:00Z,-10.03
Netherlands,NLD,2024-04-21T14:00:00Z,2024-04-21T16:00:00Z,4.67
Netherlands,NLD,2024-04-21T15:00:00Z,2024-04-21T17:00:00Z,42.94
Netherlands,NLD,2024-04-21T16:00:00Z,2024-04-21T18:00:00Z,61.98
Netherlands,NLD,2024-04-21T17:00:00Z,2024-04-21T19:00:00Z,87.65
Netherlands,NLD,2024-04-21T18:00:00Z,2024-04-21T20:00:00Z,95.26
Netherlands,NLD,2024-04-21T19:00:00Z,2024-04-21T21:00:00Z,91.07
Netherlands,NLD,2024-04-21T20:00:00Z,2024-04-21T22:00:00Z,89.41
Netherlands,NLD,2024-04-21T21:00:00Z,2024-04-21T23:00:00Z,88.46
Netherlands,NLD,2024-04-21T22:00:00Z,2024-04-22T00:00:00Z,77.18
Netherlands,NLD,2024-04-21T23:00:00Z,2024-04-22T01:00:00Z,78.05
Netherlands,NLD,2024-04-22T00:00:00Z,2024-04-22T02:00:00Z,78.44
Netherlands,NLD,2024-04-22T01:00:00Z,2024-04-22T03:00:00Z,79.92
Netherlands,NLD,2024-04-22T02:00:00Z,2024-04-22T04:00:00Z,79.79
Netherlands,NLD,2024-04-22T03:00:00Z,2024-04-22T05:00:00Z,85
Netherlands,NLD,2024-04-22T04:00:00Z,2024-04-22T06:00:00Z,103.94
Netherlands,NLD,2024-04-22T05:00:00Z,2024-04-22T07:00:00Z,129.42
Netherlands,NLD,2024-04-22T06:00:00Z,2024-04-22T08:00:00Z,117.46
Netherlands,NLD,2024-04-22T07:00:00Z,2024-04-22T09:00:00Z,97.05
Netherlands,NLD,2024-04-22T08:00:00Z,2024-04-22T10:00:00Z,79.45
Netherlands,NLD,2024-04-22T09:00:00Z,2024-04-22T11:00:00Z,72.24
Netherlands,NLD,2024-04-22T10:00:00Z,2024-04-22T12:00:00Z,68.31
Netherlands,NLD,2024-04-22T11:00:00Z,2024-04-22T13:00:00Z,71.24
Netherlands,NLD,2024-04-22T12:00:00Z,2024-04-22T14:00:00Z,64.25
Netherlands,NLD,2024-04-22T13:00:00Z,2024-04-22T15:00:00Z,59.45
Netherlands,NLD,2024-04-22T14:00:00Z,2024-04-22T16:00:00Z,71.9
Netherlands,NLD,2024-04-22T15:00:00Z,2024-04-22T17:00:00Z,80.66
Netherlands,NLD,2024-04-22T16:00:00Z,2024-04-22T18:00:00Z,104.09
Netherlands,NLD,2024-04-22T17:00:00Z,2024-04-22T19:00:00Z,136.12
Netherlands,NLD,2024-04-22T18:00:00Z,2024-04-22T20:00:00Z,155.09
Netherlands,NLD,2024-04-22T19:00:00Z,2024-04-22T21:00:00Z,127.16
Netherlands,NLD,2024-04-22T20:00:00Z,2024-04-22T22:00:00Z,105.63
Netherlands,NLD,2024-04-22T21:00:00Z,2024-04-22T23:00:00Z,96.94
Netherlands,NLD,2024-04-22T22:00:00Z,2024-04-23T00:00:00Z,88.32
Netherlands,NLD,2024-04-22T23:00:00Z,2024-04-23T01:00:00Z,86.69
Netherlands,NLD,2024-04-23T00:00:00Z,2024-04-23T02:00:00Z,85.95
Netherlands,NLD,2024-04-23T01:00:00Z,2024-04-23T03:00:00Z,85.42
Netherlands,NLD,2024-04-23T02:00:00Z,2024-04-23T04:00:00Z,86.35
Netherlands,NLD,2024-04-23T03:00:00Z,2024-04-23T05:00:00Z,97.03
Netherlands,NLD,2024-04-23T04:00:00Z,2024-04-23T06:00:00Z,119.44
Netherlands,NLD,2024-04-23T05:00:00Z,2024-04-23T07:00:00Z,176.28
Netherlands,NLD,2024-04-23T06:00:00Z,2024-04-23T08:00:00Z,136.28
Netherlands,NLD,2024-04-23T07:00:00Z,2024-04-23T09:00:00Z,98.38
Netherlands,NLD,2024-04-23T08:00:00Z,2024-04-23T10:00:00Z,82.47
Netherlands,NLD,2024-04-23T09:00:00Z,2024-04-23T11:00:00Z,77.25
Netherlands,NLD,2024-04-23T10:00:00Z,2024-04-23T12:00:00Z,76.8
Netherlands,NLD,2024-04-23T11:00:00Z,2024-04-23T13:00:00Z,78.25
Netherlands,NLD,2024-04-23T12:00:00Z,2024-04-23T14:00:00Z,78.62
Netherlands,NLD,2024-04-23T13:00:00Z,2024-04-23T15:00:00Z,78.33
Netherlands,NLD,2024-04-23T14:00:00Z,2024-04-23T16:00:00Z,80.79
Netherlands,NLD,2024-04-23T15:00:00Z,2024-04-23T17:00:00Z,88.82
Netherlands,NLD,2024-04-23T16:00:00Z,2024-04-23T18:00:00Z,100.76
Netherlands,NLD,2024-04-23T17:00:00Z,2024-04-23T19:00:00Z,118.31
Netherlands,NLD,2024-04-23T18:00:00Z,2024-04-23T20:00:00Z,120.92
Netherlands,NLD,2024-04-23T19:00:00Z,2024-04-23T21:00:00Z,102
Netherlands,NLD,2024-04-23T20:00:00Z,2024-04-23T22:00:00Z,84.4
Netherlands,NLD,2024-04-23T21:00:00Z,2024-04-23T23:00:00Z,81.54
Netherlands,NLD,2024-04-23T22:00:00Z,2024-04-24T00:00:00Z,80.55
Netherlands,NLD,2024-04-23T23:00:00Z,2024-04-24T01:00:00Z,76.29
Netherlands,NLD,2024-04-24T00:00:00Z,2024-04-24T02:00:00Z,75.88
Netherlands,NLD,2024-04-24T01:00:00Z,2024-04-24T03:00:00Z,72.64
Netherlands,NLD,2024-04-24T02:00:00Z,2024-04-24T04:00:00Z,72.8
Netherlands,NLD,2024-04-24T03:00:00Z,2024-04-24T05:00:00Z,79.64
Netherlands,NLD,2024-04-24T04:00:00Z,2024-04-24T06:00:00Z,92.76
Netherlands,NLD,2024-04-24T05:00:00Z,2024-04-24T07:00:00Z,96
Netherlands,NLD,2024-04-24T06:00:00Z,2024-04-24T08:00:00Z,106.97
Netherlands,NLD,2024-04-24T07:00:00Z,2024-04-24T09:00:00Z,81.7
Netherlands,NLD,2024-04-24T08:00:00Z,2024-04-24T10:00:00Z,74.9
Netherlands,NLD,2024-04-24T09:00:00Z,2024-04-24T11:00:00Z,77.63
Netherlands,NLD,2024-04-24T10:00:00Z,2024-04-24T12:00:00Z,61.9
Netherlands,NLD,2024-04-24T11:00:00Z,2024-04-24T13:00:00Z,46.6
Netherlands,NLD,2024-04-24T12:00:00Z,2024-04-24T14:00:00Z,39
Netherlands,NLD,2024-04-24T13:00:00Z,2024-04-24T15:00:00Z,45.38
Netherlands,NLD,2024-04-24T14:00:00Z,2024-04-24T16:00:00Z,58
Netherlands,NLD,2024-04-24T15:00:00Z,2024-04-24T17:00:00Z,74.2
Netherlands,NLD,2024-04-24T16:00:00Z,2024-04-24T18:00:00Z,75
Netherlands,NLD,2024-04-24T17:00:00Z,2024-04-24T19:00:00Z,95
Netherlands,NLD,2024-04-24T18:00:00Z,2024-04-24T20:00:00Z,123.43
Netherlands,NLD,2024-04-24T19:00:00Z,2024-04-24T21:00:00Z,116.01
Netherlands,NLD,2024-04-24T20:00:00Z,2024-04-24T22:00:00Z,104.11
Netherlands,NLD,2024-04-24T21:00:00Z,2024-04-24T23:00:00Z,90
Netherlands,NLD,2024-04-24T22:00:00Z,2024-04-25T00:00:00Z,83.5
Netherlands,NLD,2024-04-24T23:00:00Z,2024-04-25T01:00:00Z,80
Netherlands,NLD,2024-04-25T00:00:00Z,2024-04-25T02:00:00Z,77.36
Netherlands,NLD,2024-04-25T01:00:00Z,2024-04-25T03:00:00Z,75.52
Netherlands,NLD,2024-04-25T02:00:00Z,2024-04-25T04:00:00Z,74.4
Netherlands,NLD,2024-04-25T03:00:00Z,2024-04-25T05:00:00Z,83.69
Netherlands,NLD,2024-04-25T04:00:00Z,2024-04-25T06:00:00Z,100.57
Netherlands,NLD,2024-04-25T05:00:00Z,2024-04-25T07:00:00Z,126
Netherlands,NLD,2024-04-25T06:00:00Z,2024-04-25T08:00:00Z,112.01
Netherlands,NLD,2024-04-25T07:00:00Z,2024-04-25T09:00:00Z,92.1
Netherlands,NLD,2024-04-25T08:00:00Z,2024-04-25T10:00:00Z,80.01
Netherlands,NLD,2024-04-25T09:00:00Z,2024-04-25T11:00:00Z,78.2
Netherlands,NLD,2024-04-25T10:00:00Z,2024-04-25T12:00:00Z,73.92
Netherlands,NLD,2024-04-25T11:00:00Z,2024-04-25T13:00:00Z,67.3
Netherlands,NLD,2024-04-25T12:00:00Z,2024-04-25T14:00:00Z,64.68
Netherlands,NLD,2024-04-25T13:00:00Z,2024-04-25T15:00:00Z,67.64
Netherlands,NLD,2024-04-25T14:00:00Z,2024-04-25T16:00:00Z,71.54
Netherlands,NLD,2024-04-25T15:00:00Z,2024-04-25T17:00:00Z,78.92
Netherlands,NLD,2024-04-25T16:00:00Z,2024-04-25T18:00:00Z,94.69
Netherlands,NLD,2024-04-25T17:00:00Z,2024-04-25T19:00:00Z,121.7
Netherlands,NLD,2024-04-25T18:00:00Z,2024-04-25T20:00:00Z,140.93
Netherlands,NLD,2024-04-25T19:00:00Z,2024-04-25T21:00:00Z,113.43
Netherlands,NLD,2024-04-25T20:00:00Z,2024-04-25T22:00:00Z,91.35
Netherlands,NLD,2024-04-25T21:00:00Z,2024-04-25T23:00:00Z,79.74
Netherlands,NLD,2024-04-25T22:00:00Z,2024-04-26T00:00:00Z,79.87
Netherlands,NLD,2024-04-25T23:00:00Z,2024-04-26T01:00:00Z,74
Netherlands,NLD,2024-04-26T00:00:00Z,2024-04-26T02:00:00Z,74.2
Netherlands,NLD,2024-04-26T01:00:00Z,2024-04-26T03:00:00Z,74.07
Netherlands,NLD,2024-04-26T02:00:00Z,2024-04-26T04:00:00Z,77.1
Netherlands,NLD,2024-04-26T03:00:00Z,2024-04-26T05:00:00Z,82.98
Netherlands,NLD,2024-04-26T04:00:00Z,2024-04-26T06:00:00Z,93.51
Netherlands,NLD,2024-04-26T05:00:00Z,2024-04-26T07:00:00Z,104.06
Netherlands,NLD,2024-04-26T06:00:00Z,2024-04-26T08:00:00Z,96.06
Netherlands,NLD,2024-04-26T07:00:00Z,2024-04-26T09:00:00Z,81.08
Netherlands,NLD,2024-04-26T08:00:00Z,2024-04-26T10:00:00Z,80.26
Netherlands,NLD,2024-04-26T09:00:00Z,2024-04-26T11:00:00Z,72.95
Netherlands,NLD,2024-04-26T10:00:00Z,2024-04-26T12:00:00Z,70.35
Netherlands,NLD,2024-04-26T11:00:00Z,2024-04-26T13:00:00Z,68.74
Netherlands,NLD,2024-04-26T12:00:00Z,2024-04-26T14:00:00Z,65.37
Netherlands,NLD,2024-04-26T13:00:00Z,2024-04-26T15:00:00Z,69.92
Netherlands,NLD,2024-04-26T14:00:00Z,2024-04-26T16:00:00Z,71.73
Netherlands,NLD,2024-04-26T15:00:00Z,2024-04-26T17:00:00Z,80.23
Netherlands,NLD,2024-04-26T16:00:00Z,2024-04-26T18:00:00Z,93.37
Netherlands,NLD,2024-04-26T17:00:00Z,2024-04-26T19:00:00Z,128.61
Netherlands,NLD,2024-04-26T18:00:00Z,2024-04-26T20:00:00Z,136.56
Netherlands,NLD,2024-04-26T19:00:00Z,2024-04-26T21:00:00Z,108.61
Netherlands,NLD,2024-04-26T20:00:00Z,2024-04-26T22:00:00Z,91.91
Netherlands,NLD,2024-04-26T21:00:00Z,2024-04-26T23:00:00Z,88.26
Netherlands,NLD,2024-04-26T22:00:00Z,2024-04-27T00:00:00Z,90.29
Netherlands,NLD,2024-04-26T23:00:00Z,2024-04-27T01:00:00Z,88.47
Netherlands,NLD,2024-04-27T00:00:00Z,2024-04-27T02:00:00Z,85.5
Netherlands,NLD,2024-04-27T01:00:00Z,2024-04-27T03:00:00Z,86.86
Netherlands,NLD,2024-04-27T02:00:00Z,2024-04-27T04:00:00Z,84.14
Netherlands,NLD,2024-04-27T03:00:00Z,2024-04-27T05:00:00Z,82.49
Netherlands,NLD,2024-04-27T04:00:00Z,2024-04-27T06:00:00Z,86.08
Netherlands,NLD,2024-04-27T05:00:00Z,2024-04-27T07:00:00Z,79.04
Netherlands,NLD,2024-04-27T06:00:00Z,2024-04-27T08:00:00Z,69.84
Netherlands,NLD,2024-04-27T07:00:00Z,2024-04-27T09:00:00Z,61.26
Netherlands,NLD,2024-04-27T08:00:00Z,2024-04-27T10:00:00Z,36.02
Netherlands,NLD,2024-04-27T09:00:00Z,2024-04-27T11:00:00Z,8.43
Netherlands,NLD,2024-04-27T10:00:00Z,2024-04-27T12:00:00Z,0.03
Netherlands,NLD,2024-04-27T11:00:00Z,2024-04-27T13:00:00Z,-0.02
Netherlands,NLD,2024-04-27T12:00:00Z,2024-04-27T14:00:00Z,0
Netherlands,NLD,2024-04-27T13:00:00Z,2024-04-27T15:00:00Z,0
Netherlands,NLD,2024-04-27T14:00:00Z,2024-04-27T16:00:00Z,22
Netherlands,NLD,2024-04-27T15:00:00Z,2024-04-27T17:00:00Z,71.67
Netherlands,NLD,2024-04-27T16:00:00Z,2024-04-27T18:00:00Z,90.63
Netherlands,NLD,2024-04-27T17:00:00Z,2024-04-27T19:00:00Z,119.9
Netherlands,NLD,2024-04-27T18:00:00Z,2024-04-27T20:00:00Z,112.27
Netherlands,NLD,2024-04-27T19:00:00Z,2024-04-27T21:00:00Z,85
Netherlands,NLD,2024-04-27T20:00:00Z,2024-04-27T22:00:00Z,75.9
Netherlands,NLD,2024-04-27T21:00:00Z,2024-04-27T23:00:00Z,65.23
Netherlands,NLD,2024-04-27T22:00:00Z,2024-04-28T00:00:00Z,56.39
Netherlands,NLD,2024-04-27T23:00:00Z,2024-04-28T01:00:00Z,46.14
Netherlands,NLD,2024-04-28T00:00:00Z,2024-04-28T02:00:00Z,39.6
Netherlands,NLD,2024-04-28T01:00:00Z,2024-04-28T03:00:00Z,31.55
Netherlands,NLD,2024-04-28T02:00:00Z,2024-04-28T04:00:00Z,27.58
Netherlands,NLD,2024-04-28T03:00:00Z,2024-04-28T05:00:00Z,25.96
Netherlands,NLD,2024-04-28T04:00:00Z,2024-04-28T06:00:00Z,9.92
Netherlands,NLD,2024-04-28T05:00:00Z,2024-04-28T07:00:00Z,0.1
Netherlands,NLD,2024-04-28T06:00:00Z,2024-04-28T08:00:00Z,-0.07
Netherlands,NLD,2024-04-28T07:00:00Z,2024-04-28T09:00:00Z,-1.02
Netherlands,NLD,2024-04-28T08:00:00Z,2024-04-28T10:00:00Z,-16.64
Netherlands,NLD,2024-04-28T09:00:00Z,2024-04-28T11:00:00Z,-36.72
Netherlands,NLD,2024-04-28T10:00:00Z,2024-04-28T12:00:00Z,-62.2
Netherlands,NLD,2024-04-28T11:00:00Z,2024-04-28T13:00:00Z,-63.89
Netherlands,NLD,2024-04-28T12:00:00Z,2024-04-28T14:00:00Z,-65.06
Netherlands,NLD,2024-04-28T13:00:00Z,2024-04-28T15:00:00Z,-52.43
Netherlands,NLD,2024-04-28T14:00:00Z,2024-04-28T16:00:00Z,-23.42
Netherlands,NLD,2024-04-28T15:00:00Z,2024-04-28T17:00:00Z,-0.02
Netherlands,NLD,2024-04-28T16:00:00Z,2024-04-28T18:00:00Z,24.78
Netherlands,NLD,2024-04-28T17:00:00Z,2024-04-28T19:00:00Z,68.52
Netherlands,NLD,2024-04-28T18:00:00Z,2024-04-28T20:00:00Z,77.08
Netherlands,NLD,2024-04-28T19:00:00Z,2024-04-28T21:00:00Z,78.56
Netherlands,NLD,2024-04-28T20:00:00Z,2024-04-28T22:00:00Z,72.21
Netherlands,NLD,2024-04-28T21:00:00Z,2024-04-28T23:00:00Z,66.94
Netherlands,NLD,2024-04-28T22:00:00Z,2024-04-29T00:00:00Z,63.15
Netherlands,NLD,2024-04-28T23:00:00Z,2024-04-29T01:00:00Z,60.05
Netherlands,NLD,2024-04-29T00:00:00Z,2024-04-29T02:00:00Z,58.93
Netherlands,NLD,2024-04-29T01:00:00Z,2024-04-29T03:00:00Z,62.08
Netherlands,NLD,2024-04-29T02:00:00Z,2024-04-29T04:00:00Z,74.78
Netherlands,NLD,2024-04-29T03:00:00Z,2024-04-29T05:00:00Z,82.13
Netherlands,NLD,2024-04-29T04:00:00Z,2024-04-29T06:00:00Z,99.07
Netherlands,NLD,2024-04-29T05:00:00Z,2024-04-29T07:00:00Z,113.7
Netherlands,NLD,2024-04-29T06:00:00Z,2024-04-29T08:00:00Z,100.51
Netherlands,NLD,2024-04-29T07:00:00Z,2024-04-29T09:00:00Z,75.02
Netherlands,NLD,2024-04-29T08:00:00Z,2024-04-29T10:00:00Z,58.17
Netherlands,NLD,2024-04-29T09:00:00Z,2024-04-29T11:00:00Z,36.16
Netherlands,NLD,2024-04-29T10:00:00Z,2024-04-29T12:00:00Z,34.9
Netherlands,NLD,2024-04-29T11:00:00Z,2024-04-29T13:00:00Z,28
Netherlands,NLD,2024-04-29T12:00:00Z,2024-04-29T14:00:00Z,32.28
Netherlands,NLD,2024-04-29T13:00:00Z,2024-04-29T15:00:00Z,35.55
Netherlands,NLD,2024-04-29T14:00:00Z,2024-04-29T16:00:00Z,47.68
Netherlands,NLD,2024-04-29T15:00:00Z,2024-04-29T17:00:00Z,69.21
Netherlands,NLD,2024-04-29T16:00:00Z,2024-04-29T18:00:00Z,82.5
Netherlands,NLD,2024-04-29T17:00:00Z,2024-04-29T19:00:00Z,150
Netherlands,NLD,2024-04-29T18:00:00Z,2024-04-29T20:00:00Z,185.41
Netherlands,NLD,2024-04-29T19:00:00Z,2024-04-29T21:00:00Z,106.81
Netherlands,NLD,2024-04-29T20:00:00Z,2024-04-29T22:00:00Z,86.86
Netherlands,NLD,2024-04-29T21:00:00Z,2024-04-29T23:00:00Z,79.96
Netherlands,NLD,2024-04-29T22:00:00Z,2024-04-30T00:00:00Z,75.9
Netherlands,NLD,2024-04-29T23:00:00Z,2024-04-30T01:00:00Z,71.6
Netherlands,NLD,2024-04-30T00:00:00Z,2024-04-30T02:00:00Z,70.05
Netherlands,NLD,2024-04-30T01:00:00Z,2024-04-30T03:00:00Z,69.85
Netherlands,NLD,2024-04-30T02:00:00Z,2024-04-30T04:00:00Z,69.43
Netherlands,NLD,2024-04-30T03:00:00Z,2024-04-30T05:00:00Z,78.63
Netherlands,NLD,2024-04-30T04:00:00Z,2024-04-30T06:00:00Z,93.89
Netherlands,NLD,2024-04-30T05:00:00Z,2024-04-30T07:00:00Z,101.66
Netherlands,NLD,2024-04-30T06:00:00Z,2024-04-30T08:00:00Z,93.2
Netherlands,NLD,2024-04-30T07:00:00Z,2024-04-30T09:00:00Z,77.71
Netherlands,NLD,2024-04-30T08:00:00Z,2024-04-30T10:00:00Z,62.06
Netherlands,NLD,2024-04-30T09:00:00Z,2024-04-30T11:00:00Z,44.89
Netherlands,NLD,2024-04-30T10:00:00Z,2024-04-30T12:00:00Z,28.01
Netherlands,NLD,2024-04-30T11:00:00Z,2024-04-30T13:00:00Z,14.08
Netherlands,NLD,2024-04-30T12:00:00Z,2024-04-30T14:00:00Z,12.81
Netherlands,NLD,2024-04-30T13:00:00Z,2024-04-30T15:00:00Z,19.14
Netherlands,NLD,2024-04-30T14:00:00Z,2024-04-30T16:00:00Z,44.14
Netherlands,NLD,2024-04-30T15:00:00Z,2024-04-30T17:00:00Z,65.52
Netherlands,NLD,2024-04-30T16:00:00Z,2024-04-30T18:00:00Z,86.2
Netherlands,NLD,2024-04-30T17:00:00Z,2024-04-30T19:00:00Z,116.72
Netherlands,NLD,2024-04-30T18:00:00Z,2024-04-30T20:00:00Z,128.93
Netherlands,NLD,2024-04-30T19:00:00Z,2024-04-30T21:00:00Z,88.15
Netherlands,NLD,2024-04-30T20:00:00Z,2024-04-30T22:00:00Z,80
Netherlands,NLD,2024-04-30T21:00:00Z,2024-04-30T23:00:00Z,81.8
Netherlands,NLD,2024-04-30T22:00:00Z,2024-05-01T00:00:00Z,76.77
Netherlands,NLD,2024-04-30T23:00:00Z,2024-05-01T01:00:00Z,79.89
Netherlands,NLD,2024-05-01T00:00:00Z,2024-05-01T02:00:00Z,81.1
Netherlands,NLD,2024-05-01T01:00:00Z,2024-05-01T03:00:00Z,80.1
Netherlands,NLD,2024-05-01T02:00:00Z,2024-05-01T04:00:00Z,68
Netherlands,NLD,2024-05-01T03:00:00Z,2024-05-01T05:00:00Z,75
Netherlands,NLD,2024-05-01T04:00:00Z,2024-05-01T06:00:00Z,80.1
Netherlands,NLD,2024-05-01T05:00:00Z,2024-05-01T07:00:00Z,100
Netherlands,NLD,2024-05-01T06:00:00Z,2024-05-01T08:00:00Z,80
Netherlands,NLD,2024-05-01T07:00:00Z,2024-05-01T09:00:00Z,16.7
Netherlands,NLD,2024-05-01T08:00:00Z,2024-05-01T10:00:00Z,-1
Netherlands,NLD,2024-05-01T09:00:00Z,2024-05-01T11:00:00Z,-44.75
Netherlands,NLD,2024-05-01T10:00:00Z,2024-05-01T12:00:00Z,-102.66
Netherlands,NLD,2024-05-01T11:00:00Z,2024-05-01T13:00:00Z,-200
Netherlands,NLD,2024-05-01T12:00:00Z,2024-05-01T14:00:00Z,-200
Netherlands,NLD,2024-05-01T13:00:00Z,2024-05-01T15:00:00Z,-92
Netherlands,NLD,2024-05-01T14:00:00Z,2024-05-01T16:00:00Z,-28.8
Netherlands,NLD,2024-05-01T15:00:00Z,2024-05-01T17:00:00Z,2.39
Netherlands,NLD,2024-05-01T16:00:00Z,2024-05-01T18:00:00Z,60
Netherlands,NLD,2024-05-01T17:00:00Z,2024-05-01T19:00:00Z,106
Netherlands,NLD,2024-05-01T18:00:00Z,2024-05-01T20:00:00Z,130.3
Netherlands,NLD,2024-05-01T19:00:00Z,2024-05-01T21:00:00Z,100
Netherlands,NLD,2024-05-01T20:00:00Z,2024-05-01T22:00:00Z,81.1
Netherlands,NLD,2024-05-01T21:00:00Z,2024-05-01T23:00:00Z,76
Netherlands,NLD,2024-05-01T22:00:00Z,2024-05-02T00:00:00Z,61
Netherlands,NLD,2024-05-01T23:00:00Z,2024-05-02T01:00:00Z,51.1
Netherlands,NLD,2024-05-02T00:00:00Z,2024-05-02T02:00:00Z,40
Netherlands,NLD,2024-05-02T01:00:00Z,2024-05-02T03:00:00Z,39.4
Netherlands,NLD,2024-05-02T02:00:00Z,2024-05-02T04:00:00Z,34.3
Netherlands,NLD,2024-05-02T03:00:00Z,2024-05-02T05:00:00Z,37.8
Netherlands,NLD,2024-05-02T04:00:00Z,2024-05-02T06:00:00Z,68.98
Netherlands,NLD,2024-05-02T05:00:00Z,2024-05-02T07:00:00Z,80
Netherlands,NLD,2024-05-02T06:00:00Z,2024-05-02T08:00:00Z,84
Netherlands,NLD,2024-05-02T07:00:00Z,2024-05-02T09:00:00Z,31.45
Netherlands,NLD,2024-05-02T08:00:00Z,2024-05-02T10:00:00Z,-10
Netherlands,NLD,2024-05-02T09:00:00Z,2024-05-02T11:00:00Z,-20
Netherlands,NLD,2024-05-02T10:00:00Z,2024-05-02T12:00:00Z,-16.79
Netherlands,NLD,2024-05-02T11:00:00Z,2024-05-02T13:00:00Z,-20.06
Netherlands,NLD,2024-05-02T12:00:00Z,2024-05-02T14:00:00Z,-0.1
Netherlands,NLD,2024-05-02T13:00:00Z,2024-05-02T15:00:00Z,-0.01
Netherlands,NLD,2024-05-02T14:00:00Z,2024-05-02T16:00:00Z,5.49
Netherlands,NLD,2024-05-02T15:00:00Z,2024-05-02T17:00:00Z,70
Netherlands,NLD,2024-05-02T16:00:00Z,2024-05-02T18:00:00Z,89.77
Netherlands,NLD,2024-05-02T17:00:00Z,2024-05-02T19:00:00Z,104.4
Netherlands,NLD,2024-05-02T18:00:00Z,2024-05-02T20:00:00Z,120
Netherlands,NLD,2024-05-02T19:00:00Z,2024-05-02T21:00:00Z,96
Netherlands,NLD,2024-05-02T20:00:00Z,2024-05-02T22:00:00Z,89
Netherlands,NLD,2024-05-02T21:00:00Z,2024-05-02T23:00:00Z,88
Netherlands,NLD,2024-05-02T22:00:00Z,2024-05-03T00:00:00Z,95
Netherlands,NLD,2024-05-02T23:00:00Z,2024-05-03T01:00:00Z,83.94
Netherlands,NLD,2024-05-03T00:00:00Z,2024-05-03T02:00:00Z,80
Netherlands,NLD,2024-05-03T01:00:00Z,2024-05-03T03:00:00Z,78
Netherlands,NLD,2024-05-03T02:00:00Z,2024-05-03T04:00:00Z,68
Netherlands,NLD,2024-05-03T03:00:00Z,2024-05-03T05:00:00Z,67
Netherlands,NLD,2024-05-03T04:00:00Z,2024-05-03T06:00:00Z,76.32
Netherlands,NLD,2024-05-03T05:00:00Z,2024-05-03T07:00:00Z,82.39
Netherlands,NLD,2024-05-03T06:00:00Z,2024-05-03T08:00:00Z,92.31
Netherlands,NLD,2024-05-03T07:00:00Z,2024-05-03T09:00:00Z,100
Netherlands,NLD,2024-05-03T08:00:00Z,2024-05-03T10:00:00Z,73.95
Netherlands,NLD,2024-05-03T09:00:00Z,2024-05-03T11:00:00Z,69.13
Netherlands,NLD,2024-05-03T10:00:00Z,2024-05-03T12:00:00Z,61
Netherlands,NLD,2024-05-03T11:00:00Z,2024-05-03T13:00:00Z,56.64
Netherlands,NLD,2024-05-03T12:00:00Z,2024-05-03T14:00:00Z,57.05
Netherlands,NLD,2024-05-03T13:00:00Z,2024-05-03T15:00:00Z,60.72
Netherlands,NLD,2024-05-03T14:00:00Z,2024-05-03T16:00:00Z,64.01
Netherlands,NLD,2024-05-03T15:00:00Z,2024-05-03T17:00:00Z,69.82
Netherlands,NLD,2024-05-03T16:00:00Z,2024-05-03T18:00:00Z,80.45
Netherlands,NLD,2024-05-03T17:00:00Z,2024-05-03T19:00:00Z,97
Netherlands,NLD,2024-05-03T18:00:00Z,2024-05-03T20:00:00Z,110.02
Netherlands,NLD,2024-05-03T19:00:00Z,2024-05-03T21:00:00Z,105.27
Netherlands,NLD,2024-05-03T20:00:00Z,2024-05-03T22:00:00Z,90.11
Netherlands,NLD,2024-05-03T21:00:00Z,2024-05-03T23:00:00Z,82.92
Netherlands,NLD,2024-05-03T22:00:00Z,2024-05-04T00:00:00Z,88.17
Netherlands,NLD,2024-05-03T23:00:00Z,2024-05-04T01:00:00Z,83.08
Netherlands,NLD,2024-05-04T00:00:00Z,2024-05-04T02:00:00Z,80.58
Netherlands,NLD,2024-05-04T01:00:00Z,2024-05-04T03:00:00Z,81.04
Netherlands,NLD,2024-05-04T02:00:00Z,2024-05-04T04:00:00Z,83.3
Netherlands,NLD,2024-05-04T03:00:00Z,2024-05-04T05:00:00Z,90.93
Netherlands,NLD,2024-05-04T04:00:00Z,2024-05-04T06:00:00Z,86
Netherlands,NLD,2024-05-04T05:00:00Z,2024-05-04T07:00:00Z,84.67
Netherlands,NLD,2024-05-04T06:00:00Z,2024-05-04T08:00:00Z,76.06
Netherlands,NLD,2024-05-04T07:00:00Z,2024-05-04T09:00:00Z,62.33
Netherlands,NLD,2024-05-04T08:00:00Z,2024-05-04T10:00:00Z,41.17
Netherlands,NLD,2024-05-04T09:00:00Z,2024-05-04T11:00:00Z,31.18
Netherlands,NLD,2024-05-04T10:00:00Z,2024-05-04T12:00:00Z,24.9
Netherlands,NLD,2024-05-04T11:00:00Z,2024-05-04T13:00:00Z,14.51
Netherlands,NLD,2024-05-04T12:00:00Z,2024-05-04T14:00:00Z,13.34
Netherlands,NLD,2024-05-04T13:00:00Z,2024-05-04T15:00:00Z,26.15
Netherlands,NLD,2024-05-04T14:00:00Z,2024-05-04T16:00:00Z,61.7
Netherlands,NLD,2024-05-04T15:00:00Z,2024-05-04T17:00:00Z,83.2
Netherlands,NLD,2024-05-04T16:00:00Z,2024-05-04T18:00:00Z,97.34
Netherlands,NLD,2024-05-04T17:00:00Z,2024-05-04T19:00:00Z,118.16
Netherlands,NLD,2024-05-04T18:00:00Z,2024-05-04T20:00:00Z,131.89
Netherlands,NLD,2024-05-04T19:00:00Z,2024-05-04T21:00:00Z,106.29
Netherlands,NLD,2024-05-04T20:00:00Z,2024-05-04T22:00:00Z,93.26
Netherlands,NLD,2024-05-04T21:00:00Z,2024-05-04T23:00:00Z,87.62
Netherlands,NLD,2024-05-04T22:00:00Z,2024-05-05T00:00:00Z,97.86
Netherlands,NLD,2024-05-04T23:00:00Z,2024-05-05T01:00:00Z,93.47
Netherlands,NLD,2024-05-05T00:00:00Z,2024-05-05T02:00:00Z,90.54
Netherlands,NLD,2024-05-05T01:00:00Z,2024-05-05T03:00:00Z,88.67
Netherlands,NLD,2024-05-05T02:00:00Z,2024-05-05T04:00:00Z,85.1
Netherlands,NLD,2024-05-05T03:00:00Z,2024-05-05T05:00:00Z,85.5
Netherlands,NLD,2024-05-05T04:00:00Z,2024-05-05T06:00:00Z,80.29
Netherlands,NLD,2024-05-05T05:00:00Z,2024-05-05T07:00:00Z,74.1
Netherlands,NLD,2024-05-05T06:00:00Z,2024-05-05T08:00:00Z,49.89
Netherlands,NLD,2024-05-05T07:00:00Z,2024-05-05T09:00:00Z,26.21
Netherlands,NLD,2024-05-05T08:00:00Z,2024-05-05T10:00:00Z,8.85
Netherlands,NLD,2024-05-05T09:00:00Z,2024-05-05T11:00:00Z,0.44
Netherlands,NLD,2024-05-05T10:00:00Z,2024-05-05T12:00:00Z,0
Netherlands,NLD,2024-05-05T11:00:00Z,2024-05-05T13:00:00Z,-0.04
Netherlands,NLD,2024-05-05T12:00:00Z,2024-05-05T14:00:00Z,-0.97
Netherlands,NLD,2024-05-05T13:00:00Z,2024-05-05T15:00:00Z,-0.1
Netherlands,NLD,2024-05-05T14:00:00Z,2024-05-05T16:00:00Z,0
Netherlands,NLD,2024-05-05T15:00:00Z,2024-05-05T17:00:00Z,32
Netherlands,NLD,2024-05-05T16:00:00Z,2024-05-05T18:00:00Z,92.56
Netherlands,NLD,2024-05-05T17:00:00Z,2024-05-05T19:00:00Z,102.26
Netherlands,NLD,2024-05-05T18:00:00Z,2024-05-05T20:00:00Z,121.13
Netherlands,NLD,2024-05-05T19:00:00Z,2024-05-05T21:00:00Z,115.5
Netherlands,NLD,2024-05-05T20:00:00Z,2024-05-05T22:00:00Z,106.5
Netherlands,NLD,2024-05-05T21:00:00Z,2024-05-05T23:00:00Z,93.5
Netherlands,NLD,2024-05-05T22:00:00Z,2024-05-06T00:00:00Z,82.86
Netherlands,NLD,2024-05-05T23:00:00Z,2024-05-06T01:00:00Z,82.7
Netherlands,NLD,2024-05-06T00:00:00Z,2024-05-06T02:00:00Z,84.18
Netherlands,NLD,2024-05-06T01:00:00Z,2024-05-06T03:00:00Z,83.47
Netherlands,NLD,2024-05-06T02:00:00Z,2024-05-06T04:00:00Z,82.43
Netherlands,NLD,2024-05-06T03:00:00Z,2024-05-06T05:00:00Z,87.51
Netherlands,NLD,2024-05-06T04:00:00Z,2024-05-06T06:00:00Z,113.12
Netherlands,NLD,2024-05-06T05:00:00Z,2024-05-06T07:00:00Z,132.09
Netherlands,NLD,2024-05-06T06:00:00Z,2024-05-06T08:00:00Z,101.54
Netherlands,NLD,2024-05-06T07:00:00Z,2024-05-06T09:00:00Z,89.19
Netherlands,NLD,2024-05-06T08:00:00Z,2024-05-06T10:00:00Z,81
Netherlands,NLD,2024-05-06T09:00:00Z,2024-05-06T11:00:00Z,72.02
Netherlands,NLD,2024-05-06T10:00:00Z,2024-05-06T12:00:00Z,68.51
Netherlands,NLD,2024-05-06T11:00:00Z,2024-05-06T13:00:00Z,72.79
Netherlands,NLD,2024-05-06T12:00:00Z,2024-05-06T14:00:00Z,76.8
Netherlands,NLD,2024-05-06T13:00:00Z,2024-05-06T15:00:00Z,84.78
Netherlands,NLD,2024-05-06T14:00:00Z,2024-05-06T16:00:00Z,80.33
Netherlands,NLD,2024-05-06T15:00:00Z,2024-05-06T17:00:00Z,98
Netherlands,NLD,2024-05-06T16:00:00Z,2024-05-06T18:00:00Z,114.2
Netherlands,NLD,2024-05-06T17:00:00Z,2024-05-06T19:00:00Z,137.17
Netherlands,NLD,2024-05-06T18:00:00Z,2024-05-06T20:00:00Z,137.95
Netherlands,NLD,2024-05-06T19:00:00Z,2024-05-06T21:00:00Z,109.34
Netherlands,NLD,2024-05-06T20:00:00Z,2024-05-06T22:00:00Z,94.58
Netherlands,NLD,2024-05-06T21:00:00Z,2024-05-06T23:00:00Z,84.42
Netherlands,NLD,2024-05-06T22:00:00Z,2024-05-07T00:00:00Z,81.73
Netherlands,NLD,2024-05-06T23:00:00Z,2024-05-07T01:00:00Z,79.37
Netherlands,NLD,2024-05-07T00:00:00Z,2024-05-07T02:00:00Z,77.31
Netherlands,NLD,2024-05-07T01:00:00Z,2024-05-07T03:00:00Z,81.46
Netherlands,NLD,2024-05-07T02:00:00Z,2024-05-07T04:00:00Z,81.73
Netherlands,NLD,2024-05-07T03:00:00Z,2024-05-07T05:00:00Z,80.44
Netherlands,NLD,2024-05-07T04:00:00Z,2024-05-07T06:00:00Z,95.99
Netherlands,NLD,2024-05-07T05:00:00Z,2024-05-07T07:00:00Z,118.21
Netherlands,NLD,2024-05-07T06:00:00Z,2024-05-07T08:00:00Z,112.66
Netherlands,NLD,2024-05-07T07:00:00Z,2024-05-07T09:00:00Z,91.75
Netherlands,NLD,2024-05-07T08:00:00Z,2024-05-07T10:00:00Z,84
Netherlands,NLD,2024-05-07T09:00:00Z,2024-05-07T11:00:00Z,75.39
Netherlands,NLD,2024-05-07T10:00:00Z,2024-05-07T12:00:00Z,56.91
Netherlands,NLD,2024-05-07T11:00:00Z,2024-05-07T13:00:00Z,51.75
Netherlands,NLD,2024-05-07T12:00:00Z,2024-05-07T14:00:00Z,47.89
Netherlands,NLD,2024-05-07T13:00:00Z,2024-05-07T15:00:00Z,48.81
Netherlands,NLD,2024-05-07T14:00:00Z,2024-05-07T16:00:00Z,75.6
Netherlands,NLD,2024-05-07T15:00:00Z,2024-05-07T17:00:00Z,83.93
Netherlands,NLD,2024-05-07T16:00:00Z,2024-05-07T18:00:00Z,99.85
Netherlands,NLD,2024-05-07T17:00:00Z,2024-05-07T19:00:00Z,120.61
Netherlands,NLD,2024-05-07T18:00:00Z,2024-05-07T20:00:00Z,138.01
Netherlands,NLD,2024-05-07T19:00:00Z,2024-05-07T21:00:00Z,122.04
Netherlands,NLD,2024-05-07T20:00:00Z,2024-05-07T22:00:00Z,101.7
Netherlands,NLD,2024-05-07T21:00:00Z,2024-05-07T23:00:00Z,83.01
Netherlands,NLD,2024-05-07T22:00:00Z,2024-05-08T00:00:00Z,89.85
Netherlands,NLD,2024-05-07T23:00:00Z,2024-05-08T01:00:00Z,87.41
Netherlands,NLD,2024-05-08T00:00:00Z,2024-05-08T02:00:00Z,87.31
Netherlands,NLD,2024-05-08T01:00:00Z,2024-05-08T03:00:00Z,85.64
Netherlands,NLD,2024-05-08T02:00:00Z,2024-05-08T04:00:00Z,80.17
Netherlands,NLD,2024-05-08T03:00:00Z,2024-05-08T05:00:00Z,80
Netherlands,NLD,2024-05-08T04:00:00Z,2024-05-08T06:00:00Z,108.68
Netherlands,NLD,2024-05-08T05:00:00Z,2024-05-08T07:00:00Z,121.3
Netherlands,NLD,2024-05-08T06:00:00Z,2024-05-08T08:00:00Z,118.47
Netherlands,NLD,2024-05-08T07:00:00Z,2024-05-08T09:00:00Z,100.5
Netherlands,NLD,2024-05-08T08:00:00Z,2024-05-08T10:00:00Z,93.03
Netherlands,NLD,2024-05-08T09:00:00Z,2024-05-08T11:00:00Z,87.35
Netherlands,NLD,2024-05-08T10:00:00Z,2024-05-08T12:00:00Z,66.06
Netherlands,NLD,2024-05-08T11:00:00Z,2024-05-08T13:00:00Z,61.93
Netherlands,NLD,2024-05-08T12:00:00Z,2024-05-08T14:00:00Z,62.09
Netherlands,NLD,2024-05-08T13:00:00Z,2024-05-08T15:00:00Z,59.89
Netherlands,NLD,2024-05-08T14:00:00Z,2024-05-08T16:00:00Z,68.27
Netherlands,NLD,2024-05-08T15:00:00Z,2024-05-08T17:00:00Z,79.74
Netherlands,NLD,2024-05-08T16:00:00Z,2024-05-08T18:00:00Z,94.78
Netherlands,NLD,2024-05-08T17:00:00Z,2024-05-08T19:00:00Z,120.52
Netherlands,NLD,2024-05-08T18:00:00Z,2024-05-08T20:00:00Z,138.38
Netherlands,NLD,2024-05-08T19:00:00Z,2024-05-08T21:00:00Z,122.66
Netherlands,NLD,2024-05-08T20:00:00Z,2024-05-08T22:00:00Z,98.4
Netherlands,NLD,2024-05-08T21:00:00Z,2024-05-08T23:00:00Z,92.09
Netherlands,NLD,2024-05-08T22:00:00Z,2024-05-09T00:00:00Z,87.6
Netherlands,NLD,2024-05-08T23:00:00Z,2024-05-09T01:00:00Z,88.06
Netherlands,NLD,2024-05-09T00:00:00Z,2024-05-09T02:00:00Z,85
Netherlands,NLD,2024-05-09T01:00:00Z,2024-05-09T03:00:00Z,81.61
Netherlands,NLD,2024-05-09T02:00:00Z,2024-05-09T04:00:00Z,75.51
Netherlands,NLD,2024-05-09T03:00:00Z,2024-05-09T05:00:00Z,76.56
Netherlands,NLD,2024-05-09T04:00:00Z,2024-05-09T06:00:00Z,84
Netherlands,NLD,2024-05-09T05:00:00Z,2024-05-09T07:00:00Z,84.6
Netherlands,NLD,2024-05-09T06:00:00Z,2024-05-09T08:00:00Z,61.64
Netherlands,NLD,2024-05-09T07:00:00Z,2024-05-09T09:00:00Z,23.47
Netherlands,NLD,2024-05-09T08:00:00Z,2024-05-09T10:00:00Z,5.31
Netherlands,NLD,2024-05-09T09:00:00Z,2024-05-09T11:00:00Z,-0.3
Netherlands,NLD,2024-05-09T10:00:00Z,2024-05-09T12:00:00Z,-0.65
Netherlands,NLD,2024-05-09T11:00:00Z,2024-05-09T13:00:00Z,-1.14
Netherlands,NLD,2024-05-09T12:00:00Z,2024-05-09T14:00:00Z,-1.8
Netherlands,NLD,2024-05-09T13:00:00Z,2024-05-09T15:00:00Z,-0.69
Netherlands,NLD,2024-05-09T14:00:00Z,2024-05-09T16:00:00Z,0.91
Netherlands,NLD,2024-05-09T15:00:00Z,2024-05-09T17:00:00Z,58.34
Netherlands,NLD,2024-05-09T16:00:00Z,2024-05-09T18:00:00Z,80
Netherlands,NLD,2024-05-09T17:00:00Z,2024-05-09T19:00:00Z,96.92
Netherlands,NLD,2024-05-09T18:00:00Z,2024-05-09T20:00:00Z,120.66
Netherlands,NLD,2024-05-09T19:00:00Z,2024-05-09T21:00:00Z,114.83
Netherlands,NLD,2024-05-09T20:00:00Z,2024-05-09T22:00:00Z,92.41
Netherlands,NLD,2024-05-09T21:00:00Z,2024-05-09T23:00:00Z,90
Netherlands,NLD,2024-05-09T22:00:00Z,2024-05-10T00:00:00Z,97.89
Netherlands,NLD,2024-05-09T23:00:00Z,2024-05-10T01:00:00Z,92.09
Netherlands,NLD,2024-05-10T00:00:00Z,2024-05-10T02:00:00Z,85.79
Netherlands,NLD,2024-05-10T01:00:00Z,2024-05-10T03:00:00Z,83
Netherlands,NLD,2024-05-10T02:00:00Z,2024-05-10T04:00:00Z,82.16
Netherlands,NLD,2024-05-10T03:00:00Z,2024-05-10T05:00:00Z,89.4
Netherlands,NLD,2024-05-10T04:00:00Z,2024-05-10T06:00:00Z,98.92
Netherlands,NLD,2024-05-10T05:00:00Z,2024-05-10T07:00:00Z,97.48
Netherlands,NLD,2024-05-10T06:00:00Z,2024-05-10T08:00:00Z,95.6
Netherlands,NLD,2024-05-10T07:00:00Z,2024-05-10T09:00:00Z,61.3
Netherlands,NLD,2024-05-10T08:00:00Z,2024-05-10T10:00:00Z,20.12
Netherlands,NLD,2024-05-10T09:00:00Z,2024-05-10T11:00:00Z,2.91
Netherlands,NLD,2024-05-10T10:00:00Z,2024-05-10T12:00:00Z,0.58
Netherlands,NLD,2024-05-10T11:00:00Z,2024-05-10T13:00:00Z,0.1
Netherlands,NLD,2024-05-10T12:00:00Z,2024-05-10T14:00:00Z,0.08
Netherlands,NLD,2024-05-10T13:00:00Z,2024-05-10T15:00:00Z,18.63
Netherlands,NLD,2024-05-10T14:00:00Z,2024-05-10T16:00:00Z,59.71
Netherlands,NLD,2024-05-10T15:00:00Z,2024-05-10T17:00:00Z,78.5
Netherlands,NLD,2024-05-10T16:00:00Z,2024-05-10T18:00:00Z,93.25
Netherlands,NLD,2024-05-10T17:00:00Z,2024-05-10T19:00:00Z,111.13
Netherlands,NLD,2024-05-10T18:00:00Z,2024-05-10T20:00:00Z,159.9
Netherlands,NLD,2024-05-10T19:00:00Z,2024-05-10T21:00:00Z,132.31
Netherlands,NLD,2024-05-10T20:00:00Z,2024-05-10T22:00:00Z,104.87
Netherlands,NLD,2024-05-10T21:00:00Z,2024-05-10T23:00:00Z,90.31
Netherlands,NLD,2024-05-10T22:00:00Z,2024-05-11T00:00:00Z,85.99
Netherlands,NLD,2024-05-10T23:00:00Z,2024-05-11T01:00:00Z,80.84
Netherlands,NLD,2024-05-11T00:00:00Z,2024-05-11T02:00:00Z,79.1
Netherlands,NLD,2024-05-11T01:00:00Z,2024-05-11T03:00:00Z,82.51
Netherlands,NLD,2024-05-11T02:00:00Z,2024-05-11T04:00:00Z,79.04
Netherlands,NLD,2024-05-11T03:00:00Z,2024-05-11T05:00:00Z,79.14
Netherlands,NLD,2024-05-11T04:00:00Z,2024-05-11T06:00:00Z,78
Netherlands,NLD,2024-05-11T05:00:00Z,2024-05-11T07:00:00Z,68.07
Netherlands,NLD,2024-05-11T06:00:00Z,2024-05-11T08:00:00Z,47.66
Netherlands,NLD,2024-05-11T07:00:00Z,2024-05-11T09:00:00Z,6.72
Netherlands,NLD,2024-05-11T08:00:00Z,2024-05-11T10:00:00Z,0
Netherlands,NLD,2024-05-11T09:00:00Z,2024-05-11T11:00:00Z,-11.48
Netherlands,NLD,2024-05-11T10:00:00Z,2024-05-11T12:00:00Z,-26.7
Netherlands,NLD,2024-05-11T11:00:00Z,2024-05-11T13:00:00Z,-65
Netherlands,NLD,2024-05-11T12:00:00Z,2024-05-11T14:00:00Z,-50
Netherlands,NLD,2024-05-11T13:00:00Z,2024-05-11T15:00:00Z,-25
Netherlands,NLD,2024-05-11T14:00:00Z,2024-05-11T16:00:00Z,-0.42
Netherlands,NLD,2024-05-11T15:00:00Z,2024-05-11T17:00:00Z,29.76
Netherlands,NLD,2024-05-11T16:00:00Z,2024-05-11T18:00:00Z,69.49
Netherlands,NLD,2024-05-11T17:00:00Z,2024-05-11T19:00:00Z,86.02
Netherlands,NLD,2024-05-11T18:00:00Z,2024-05-11T20:00:00Z,108
Netherlands,NLD,2024-05-11T19:00:00Z,2024-05-11T21:00:00Z,90.31
Netherlands,NLD,2024-05-11T20:00:00Z,2024-05-11T22:00:00Z,78.28
Netherlands,NLD,2024-05-11T21:00:00Z,2024-05-11T23:00:00Z,64.57
Netherlands,NLD,2024-05-11T22:00:00Z,2024-05-12T00:00:00Z,63
Netherlands,NLD,2024-05-11T23:00:00Z,2024-05-12T01:00:00Z,51.36
Netherlands,NLD,2024-05-12T00:00:00Z,2024-05-12T02:00:00Z,42.72
Netherlands,NLD,2024-05-12T01:00:00Z,2024-05-12T03:00:00Z,39
Netherlands,NLD,2024-05-12T02:00:00Z,2024-05-12T04:00:00Z,43.1
Netherlands,NLD,2024-05-12T03:00:00Z,2024-05-12T05:00:00Z,38.78
Netherlands,NLD,2024-05-12T04:00:00Z,2024-05-12T06:00:00Z,17.61
Netherlands,NLD,2024-05-12T05:00:00Z,2024-05-12T07:00:00Z,4.79
Netherlands,NLD,2024-05-12T06:00:00Z,2024-05-12T08:00:00Z,2.35
Netherlands,NLD,2024-05-12T07:00:00Z,2024-05-12T09:00:00Z,-2.8
Netherlands,NLD,2024-05-12T08:00:00Z,2024-05-12T10:00:00Z,-26.29
Netherlands,NLD,2024-05-12T09:00:00Z,2024-05-12T11:00:00Z,-89.1
Netherlands,NLD,2024-05-12T10:00:00Z,2024-05-12T12:00:00Z,-165.1
Netherlands,NLD,2024-05-12T11:00:00Z,2024-05-12T13:00:00Z,-200
Netherlands,NLD,2024-05-12T12:00:00Z,2024-05-12T14:00:00Z,-186.72
Netherlands,NLD,2024-05-12T13:00:00Z,2024-05-12T15:00:00Z,-108.92
Netherlands,NLD,2024-05-12T14:00:00Z,2024-05-12T16:00:00Z,-30.1
Netherlands,NLD,2024-05-12T15:00:00Z,2024-05-12T17:00:00Z,-1.05
Netherlands,NLD,2024-05-12T16:00:00Z,2024-05-12T18:00:00Z,24.84
Netherlands,NLD,2024-05-12T17:00:00Z,2024-05-12T19:00:00Z,67.52
Netherlands,NLD,2024-05-12T18:00:00Z,2024-05-12T20:00:00Z,83.74
Netherlands,NLD,2024-05-12T19:00:00Z,2024-05-12T21:00:00Z,60.02
Netherlands,NLD,2024-05-12T20:00:00Z,2024-05-12T22:00:00Z,46.76
Netherlands,NLD,2024-05-12T21:00:00Z,2024-05-12T23:00:00Z,37.42
Netherlands,NLD,2024-05-12T22:00:00Z,2024-05-13T00:00:00Z,27.12
Netherlands,NLD,2024-05-12T23:00:00Z,2024-05-13T01:00:00Z,26.08
Netherlands,NLD,2024-05-13T00:00:00Z,2024-05-13T02:00:00Z,25.84
Netherlands,NLD,2024-05-13T01:00:00Z,2024-05-13T03:00:00Z,24.91
Netherlands,NLD,2024-05-13T02:00:00Z,2024-05-13T04:00:00Z,27.23
Netherlands,NLD,2024-05-13T03:00:00Z,2024-05-13T05:00:00Z,42
Netherlands,NLD,2024-05-13T04:00:00Z,2024-05-13T06:00:00Z,76.92
Netherlands,NLD,2024-05-13T05:00:00Z,2024-05-13T07:00:00Z,100.95
Netherlands,NLD,2024-05-13T06:00:00Z,2024-05-13T08:00:00Z,84.19
Netherlands,NLD,2024-05-13T07:00:00Z,2024-05-13T09:00:00Z,44.89
Netherlands,NLD,2024-05-13T08:00:00Z,2024-05-13T10:00:00Z,11.1
Netherlands,NLD,2024-05-13T09:00:00Z,2024-05-13T11:00:00Z,-0.35
Netherlands,NLD,2024-05-13T10:00:00Z,2024-05-13T12:00:00Z,-1.89
Netherlands,NLD,2024-05-13T11:00:00Z,2024-05-13T13:00:00Z,-1.55
Netherlands,NLD,2024-05-13T12:00:00Z,2024-05-13T14:00:00Z,-1.69
Netherlands,NLD,2024-05-13T13:00:00Z,2024-05-13T15:00:00Z,-0.1
Netherlands,NLD,2024-05-13T14:00:00Z,2024-05-13T16:00:00Z,1.09
Netherlands,NLD,2024-05-13T15:00:00Z,2024-05-13T17:00:00Z,66.63
Netherlands,NLD,2024-05-13T16:00:00Z,2024-05-13T18:00:00Z,96.73
Netherlands,NLD,2024-05-13T17:00:00Z,2024-05-13T19:00:00Z,153.78
Netherlands,NLD,2024-05-13T18:00:00Z,2024-05-13T20:00:00Z,149.39
Netherlands,NLD,2024-05-13T19:00:00Z,2024-05-13T21:00:00Z,100
Netherlands,NLD,2024-05-13T20:00:00Z,2024-05-13T22:00:00Z,84.41
Netherlands,NLD,2024-05-13T21:00:00Z,2024-05-13T23:00:00Z,60.1
Netherlands,NLD,2024-05-13T22:00:00Z,2024-05-14T00:00:00Z,63.6
Netherlands,NLD,2024-05-13T23:00:00Z,2024-05-14T01:00:00Z,55.3
Netherlands,NLD,2024-05-14T00:00:00Z,2024-05-14T02:00:00Z,45
Netherlands,NLD,2024-05-14T01:00:00Z,2024-05-14T03:00:00Z,42.65
Netherlands,NLD,2024-05-14T02:00:00Z,2024-05-14T04:00:00Z,37.6
Netherlands,NLD,2024-05-14T03:00:00Z,2024-05-14T05:00:00Z,46.6
Netherlands,NLD,2024-05-14T04:00:00Z,2024-05-14T06:00:00Z,75.68
Netherlands,NLD,2024-05-14T05:00:00Z,2024-05-14T07:00:00Z,72.37
Netherlands,NLD,2024-05-14T06:00:00Z,2024-05-14T08:00:00Z,46.15
Netherlands,NLD,2024-05-14T07:00:00Z,2024-05-14T09:00:00Z,5.78
Netherlands,NLD,2024-05-14T08:00:00Z,2024-05-14T10:00:00Z,-2.47
Netherlands,NLD,2024-05-14T09:00:00Z,2024-05-14T11:00:00Z,-20.06
Netherlands,NLD,2024-05-14T10:00:00Z,2024-05-14T12:00:00Z,-50.01
Netherlands,NLD,2024-05-14T11:00:00Z,2024-05-14T13:00:00Z,-70
Netherlands,NLD,2024-05-14T12:00:00Z,2024-05-14T14:00:00Z,-57.02
Netherlands,NLD,2024-05-14T13:00:00Z,2024-05-14T15:00:00Z,-35
Netherlands,NLD,2024-05-14T14:00:00Z,2024-05-14T16:00:00Z,-2.5
Netherlands,NLD,2024-05-14T15:00:00Z,2024-05-14T17:00:00Z,0.76
Netherlands,NLD,2024-05-14T16:00:00Z,2024-05-14T18:00:00Z,64.95
Netherlands,NLD,2024-05-14T17:00:00Z,2024-05-14T19:00:00Z,96.45
Netherlands,NLD,2024-05-14T18:00:00Z,2024-05-14T20:00:00Z,112
Netherlands,NLD,2024-05-14T19:00:00Z,2024-05-14T21:00:00Z,100.1
Netherlands,NLD,2024-05-14T20:00:00Z,2024-05-14T22:00:00Z,89.23
Netherlands,NLD,2024-05-14T21:00:00Z,2024-05-14T23:00:00Z,100
Netherlands,NLD,2024-05-14T22:00:00Z,2024-05-15T00:00:00Z,109.89
Netherlands,NLD,2024-05-14T23:00:00Z,2024-05-15T01:00:00Z,85.3
Netherlands,NLD,2024-05-15T00:00:00Z,2024-05-15T02:00:00Z,82.1
Netherlands,NLD,2024-05-15T01:00:00Z,2024-05-15T03:00:00Z,74
Netherlands,NLD,2024-05-15T02:00:00Z,2024-05-15T04:00:00Z,83
Netherlands,NLD,2024-05-15T03:00:00Z,2024-05-15T05:00:00Z,81.1
Netherlands,NLD,2024-05-15T04:00:00Z,2024-05-15T06:00:00Z,77.8
Netherlands,NLD,2024-05-15T05:00:00Z,2024-05-15T07:00:00Z,80.03
Netherlands,NLD,2024-05-15T06:00:00Z,2024-05-15T08:00:00Z,75.6
Netherlands,NLD,2024-05-15T07:00:00Z,2024-05-15T09:00:00Z,43.52
Netherlands,NLD,2024-05-15T08:00:00Z,2024-05-15T10:00:00Z,8.6
Netherlands,NLD,2024-05-15T09:00:00Z,2024-05-15T11:00:00Z,5.92
Netherlands,NLD,2024-05-15T10:00:00Z,2024-05-15T12:00:00Z,0
Netherlands,NLD,2024-05-15T11:00:00Z,2024-05-15T13:00:00Z,-1.31
Netherlands,NLD,2024-05-15T12:00:00Z,2024-05-15T14:00:00Z,-0.95
Netherlands,NLD,2024-05-15T13:00:00Z,2024-05-15T15:00:00Z,3.34
Netherlands,NLD,2024-05-15T14:00:00Z,2024-05-15T16:00:00Z,10
Netherlands,NLD,2024-05-15T15:00:00Z,2024-05-15T17:00:00Z,101.91
Netherlands,NLD,2024-05-15T16:00:00Z,2024-05-15T18:00:00Z,87.8
Netherlands,NLD,2024-05-15T17:00:00Z,2024-05-15T19:00:00Z,111
Netherlands,NLD,2024-05-15T18:00:00Z,2024-05-15T20:00:00Z,115.86
Netherlands,NLD,2024-05-15T19:00:00Z,2024-05-15T21:00:00Z,100
Netherlands,NLD,2024-05-15T20:00:00Z,2024-05-15T22:00:00Z,97.3
Netherlands,NLD,2024-05-15T21:00:00Z,2024-05-15T23:00:00Z,93.4
Netherlands,NLD,2024-05-15T22:00:00Z,2024-05-16T00:00:00Z,98
Netherlands,NLD,2024-05-15T23:00:00Z,2024-05-16T01:00:00Z,85.6
Netherlands,NLD,2024-05-16T00:00:00Z,2024-05-16T02:00:00Z,71.2
Netherlands,NLD,2024-05-16T01:00:00Z,2024-05-16T03:00:00Z,69.75
Netherlands,NLD,2024-05-16T02:00:00Z,2024-05-16T04:00:00Z,64
Netherlands,NLD,2024-05-16T03:00:00Z,2024-05-16T05:00:00Z,75
Netherlands,NLD,2024-05-16T04:00:00Z,2024-05-16T06:00:00Z,81.06
Netherlands,NLD,2024-05-16T05:00:00Z,2024-05-16T07:00:00Z,87.21
Netherlands,NLD,2024-05-16T06:00:00Z,2024-05-16T08:00:00Z,111.94
Netherlands,NLD,2024-05-16T07:00:00Z,2024-05-16T09:00:00Z,80.34
Netherlands,NLD,2024-05-16T08:00:00Z,2024-05-16T10:00:00Z,43.92
Netherlands,NLD,2024-05-16T09:00:00Z,2024-05-16T11:00:00Z,16
Netherlands,NLD,2024-05-16T10:00:00Z,2024-05-16T12:00:00Z,4.89
Netherlands,NLD,2024-05-16T11:00:00Z,2024-05-16T13:00:00Z,0.44
Netherlands,NLD,2024-05-16T12:00:00Z,2024-05-16T14:00:00Z,1.38
Netherlands,NLD,2024-05-16T13:00:00Z,2024-05-16T15:00:00Z,2.24
Netherlands,NLD,2024-05-16T14:00:00Z,2024-05-16T16:00:00Z,61
Netherlands,NLD,2024-05-16T15:00:00Z,2024-05-16T17:00:00Z,100
Netherlands,NLD,2024-05-16T16:00:00Z,2024-05-16T18:00:00Z,100
Netherlands,NLD,2024-05-16T17:00:00Z,2024-05-16T19:00:00Z,104
Netherlands,NLD,2024-05-16T18:00:00Z,2024-05-16T20:00:00Z,119
Netherlands,NLD,2024-05-16T19:00:00Z,2024-05-16T21:00:00Z,99.73
Netherlands,NLD,2024-05-16T20:00:00Z,2024-05-16T22:00:00Z,83
Netherlands,NLD,2024-05-16T21:00:00Z,2024-05-16T23:00:00Z,74.52
Netherlands,NLD,2024-05-16T22:00:00Z,2024-05-17T00:00:00Z,100
Netherlands,NLD,2024-05-16T23:00:00Z,2024-05-17T01:00:00Z,92.54
Netherlands,NLD,2024-05-17T00:00:00Z,2024-05-17T02:00:00Z,90.1
Netherlands,NLD,2024-05-17T01:00:00Z,2024-05-17T03:00:00Z,81.38
Netherlands,NLD,2024-05-17T02:00:00Z,2024-05-17T04:00:00Z,80
Netherlands,NLD,2024-05-17T03:00:00Z,2024-05-17T05:00:00Z,90.1
Netherlands,NLD,2024-05-17T04:00:00Z,2024-05-17T06:00:00Z,89.64
Netherlands,NLD,2024-05-17T05:00:00Z,2024-05-17T07:00:00Z,99.26
Netherlands,NLD,2024-05-17T06:00:00Z,2024-05-17T08:00:00Z,97.64
Netherlands,NLD,2024-05-17T07:00:00Z,2024-05-17T09:00:00Z,106.9
Netherlands,NLD,2024-05-17T08:00:00Z,2024-05-17T10:00:00Z,82.2
Netherlands,NLD,2024-05-17T09:00:00Z,2024-05-17T11:00:00Z,57
Netherlands,NLD,2024-05-17T10:00:00Z,2024-05-17T12:00:00Z,37.86
Netherlands,NLD,2024-05-17T11:00:00Z,2024-05-17T13:00:00Z,34.36
Netherlands,NLD,2024-05-17T12:00:00Z,2024-05-17T14:00:00Z,43.73
Netherlands,NLD,2024-05-17T13:00:00Z,2024-05-17T15:00:00Z,55
Netherlands,NLD,2024-05-17T14:00:00Z,2024-05-17T16:00:00Z,85.5
Netherlands,NLD,2024-05-17T15:00:00Z,2024-05-17T17:00:00Z,87
Netherlands,NLD,2024-05-17T16:00:00Z,2024-05-17T18:00:00Z,90
Netherlands,NLD,2024-05-17T17:00:00Z,2024-05-17T19:00:00Z,108
Netherlands,NLD,2024-05-17T18:00:00Z,2024-05-17T20:00:00Z,112
Netherlands,NLD,2024-05-17T19:00:00Z,2024-05-17T21:00:00Z,101.5
Netherlands,NLD,2024-05-17T20:00:00Z,2024-05-17T22:00:00Z,90
Netherlands,NLD,2024-05-17T21:00:00Z,2024-05-17T23:00:00Z,83
Netherlands,NLD,2024-05-17T22:00:00Z,2024-05-18T00:00:00Z,83.66
Netherlands,NLD,2024-05-17T23:00:00Z,2024-05-18T01:00:00Z,63.57
Netherlands,NLD,2024-05-18T00:00:00Z,2024-05-18T02:00:00Z,69.7
Netherlands,NLD,2024-05-18T01:00:00Z,2024-05-18T03:00:00Z,59.34
Netherlands,NLD,2024-05-18T02:00:00Z,2024-05-18T04:00:00Z,62.5
Netherlands,NLD,2024-05-18T03:00:00Z,2024-05-18T05:00:00Z,64.58
Netherlands,NLD,2024-05-18T04:00:00Z,2024-05-18T06:00:00Z,64.8
Netherlands,NLD,2024-05-18T05:00:00Z,2024-05-18T07:00:00Z,64.31
Netherlands,NLD,2024-05-18T06:00:00Z,2024-05-18T08:00:00Z,58.29
Netherlands,NLD,2024-05-18T07:00:00Z,2024-05-18T09:00:00Z,42.69
Netherlands,NLD,2024-05-18T08:00:00Z,2024-05-18T10:00:00Z,9.43
Netherlands,NLD,2024-05-18T09:00:00Z,2024-05-18T11:00:00Z,0.71
Netherlands,NLD,2024-05-18T10:00:00Z,2024-05-18T12:00:00Z,-0.03
Netherlands,NLD,2024-05-18T11:00:00Z,2024-05-18T13:00:00Z,-1.29
Netherlands,NLD,2024-05-18T12:00:00Z,2024-05-18T14:00:00Z,-2.79
Netherlands,NLD,2024-05-18T13:00:00Z,2024-05-18T15:00:00Z,-1.92
Netherlands,NLD,2024-05-18T14:00:00Z,2024-05-18T16:00:00Z,-0.03
Netherlands,NLD,2024-05-18T15:00:00Z,2024-05-18T17:00:00Z,42.75
Netherlands,NLD,2024-05-18T16:00:00Z,2024-05-18T18:00:00Z,70
Netherlands,NLD,2024-05-18T17:00:00Z,2024-05-18T19:00:00Z,102.33
Netherlands,NLD,2024-05-18T18:00:00Z,2024-05-18T20:00:00Z,124.11
Netherlands,NLD,2024-05-18T19:00:00Z,2024-05-18T21:00:00Z,113.88
Netherlands,NLD,2024-05-18T20:00:00Z,2024-05-18T22:00:00Z,95.4
Netherlands,NLD,2024-05-18T21:00:00Z,2024-05-18T23:00:00Z,86.6
Netherlands,NLD,2024-05-18T22:00:00Z,2024-05-19T00:00:00Z,94.89
Netherlands,NLD,2024-05-18T23:00:00Z,2024-05-19T01:00:00Z,89.33
Netherlands,NLD,2024-05-19T00:00:00Z,2024-05-19T02:00:00Z,90
Netherlands,NLD,2024-05-19T01:00:00Z,2024-05-19T03:00:00Z,84.75
Netherlands,NLD,2024-05-19T02:00:00Z,2024-05-19T04:00:00Z,86.95
Netherlands,NLD,2024-05-19T03:00:00Z,2024-05-19T05:00:00Z,80.76
Netherlands,NLD,2024-05-19T04:00:00Z,2024-05-19T06:00:00Z,75.36
Netherlands,NLD,2024-05-19T05:00:00Z,2024-05-19T07:00:00Z,68.37
Netherlands,NLD,2024-05-19T06:00:00Z,2024-05-19T08:00:00Z,49.89
Netherlands,NLD,2024-05-19T07:00:00Z,2024-05-19T09:00:00Z,5.82
Netherlands,NLD,2024-05-19T08:00:00Z,2024-05-19T10:00:00Z,-4.31
Netherlands,NLD,2024-05-19T09:00:00Z,2024-05-19T11:00:00Z,-50
Netherlands,NLD,2024-05-19T10:00:00Z,2024-05-19T12:00:00Z,-64.07
Netherlands,NLD,2024-05-19T11:00:00Z,2024-05-19T13:00:00Z,-80
Netherlands,NLD,2024-05-19T12:00:00Z,2024-05-19T14:00:00Z,-70
Netherlands,NLD,2024-05-19T13:00:00Z,2024-05-19T15:00:00Z,-49.9
Netherlands,NLD,2024-05-19T14:00:00Z,2024-05-19T16:00:00Z,-13.6
Netherlands,NLD,2024-05-19T15:00:00Z,2024-05-19T17:00:00Z,-0.09
Netherlands,NLD,2024-05-19T16:00:00Z,2024-05-19T18:00:00Z,59.42
Netherlands,NLD,2024-05-19T17:00:00Z,2024-05-19T19:00:00Z,83.4
Netherlands,NLD,2024-05-19T18:00:00Z,2024-05-19T20:00:00Z,106.32
Netherlands,NLD,2024-05-19T19:00:00Z,2024-05-19T21:00:00Z,114.76
Netherlands,NLD,2024-05-19T20:00:00Z,2024-05-19T22:00:00Z,91.02
Netherlands,NLD,2024-05-19T21:00:00Z,2024-05-19T23:00:00Z,83.05
Netherlands,NLD,2024-05-19T22:00:00Z,2024-05-20T00:00:00Z,82.75
Netherlands,NLD,2024-05-19T23:00:00Z,2024-05-20T01:00:00Z,71.05
Netherlands,NLD,2024-05-20T00:00:00Z,2024-05-20T02:00:00Z,78.05
Netherlands,NLD,2024-05-20T01:00:00Z,2024-05-20T03:00:00Z,71.85
Netherlands,NLD,2024-05-20T02:00:00Z,2024-05-20T04:00:00Z,73.5
Netherlands,NLD,2024-05-20T03:00:00Z,2024-05-20T05:00:00Z,81.32
Netherlands,NLD,2024-05-20T04:00:00Z,2024-05-20T06:00:00Z,93.33
Netherlands,NLD,2024-05-20T05:00:00Z,2024-05-20T07:00:00Z,94.71
Netherlands,NLD,2024-05-20T06:00:00Z,2024-05-20T08:00:00Z,66.99
Netherlands,NLD,2024-05-20T07:00:00Z,2024-05-20T09:00:00Z,31.64
Netherlands,NLD,2024-05-20T08:00:00Z,2024-05-20T10:00:00Z,12.56
Netherlands,NLD,2024-05-20T09:00:00Z,2024-05-20T11:00:00Z,6.16
Netherlands,NLD,2024-05-20T10:00:00Z,2024-05-20T12:00:00Z,2.19
Netherlands,NLD,2024-05-20T11:00:00Z,2024-05-20T13:00:00Z,0.13
Netherlands,NLD,2024-05-20T12:00:00Z,2024-05-20T14:00:00Z,-0.18
Netherlands,NLD,2024-05-20T13:00:00Z,2024-05-20T15:00:00Z,-0.11
Netherlands,NLD,2024-05-20T14:00:00Z,2024-05-20T16:00:00Z,4.87
Netherlands,NLD,2024-05-20T15:00:00Z,2024-05-20T17:00:00Z,55.34
Netherlands,NLD,2024-05-20T16:00:00Z,2024-05-20T18:00:00Z,78.94
Netherlands,NLD,2024-05-20T17:00:00Z,2024-05-20T19:00:00Z,105.96
Netherlands,NLD,2024-05-20T18:00:00Z,2024-05-20T20:00:00Z,125.76
Netherlands,NLD,2024-05-20T19:00:00Z,2024-05-20T21:00:00Z,116.78
Netherlands,NLD,2024-05-20T20:00:00Z,2024-05-20T22:00:00Z,96.63
Netherlands,NLD,2024-05-20T21:00:00Z,2024-05-20T23:00:00Z,79.86
Netherlands,NLD,2024-05-20T22:00:00Z,2024-05-21T00:00:00Z,89.42
Netherlands,NLD,2024-05-20T23:00:00Z,2024-05-21T01:00:00Z,83.82
Netherlands,NLD,2024-05-21T00:00:00Z,2024-05-21T02:00:00Z,77.46
Netherlands,NLD,2024-05-21T01:00:00Z,2024-05-21T03:00:00Z,77.06
Netherlands,NLD,2024-05-21T02:00:00Z,2024-05-21T04:00:00Z,78
Netherlands,NLD,2024-05-21T03:00:00Z,2024-05-21T05:00:00Z,86.6
Netherlands,NLD,2024-05-21T04:00:00Z,2024-05-21T06:00:00Z,111.32
Netherlands,NLD,2024-05-21T05:00:00Z,2024-05-21T07:00:00Z,117.09
Netherlands,NLD,2024-05-21T06:00:00Z,2024-05-21T08:00:00Z,96.39
Netherlands,NLD,2024-05-21T07:00:00Z,2024-05-21T09:00:00Z,76.24
Netherlands,NLD,2024-05-21T08:00:00Z,2024-05-21T10:00:00Z,61.6
Netherlands,NLD,2024-05-21T09:00:00Z,2024-05-21T11:00:00Z,49.26
Netherlands,NLD,2024-05-21T10:00:00Z,2024-05-21T12:00:00Z,27.41
Netherlands,NLD,2024-05-21T11:00:00Z,2024-05-21T13:00:00Z,29.16
Netherlands,NLD,2024-05-21T12:00:00Z,2024-05-21T14:00:00Z,33.21
Netherlands,NLD,2024-05-21T13:00:00Z,2024-05-21T15:00:00Z,60.78
Netherlands,NLD,2024-05-21T14:00:00Z,2024-05-21T16:00:00Z,69.12
Netherlands,NLD,2024-05-21T15:00:00Z,2024-05-21T17:00:00Z,80.1
Netherlands,NLD,2024-05-21T16:00:00Z,2024-05-21T18:00:00Z,107.9
Netherlands,NLD,2024-05-21T17:00:00Z,2024-05-21T19:00:00Z,115.99
Netherlands,NLD,2024-05-21T18:00:00Z,2024-05-21T20:00:00Z,106.94
Netherlands,NLD,2024-05-21T19:00:00Z,2024-05-21T21:00:00Z,105.84
Netherlands,NLD,2024-05-21T20:00:00Z,2024-05-21T22:00:00Z,101.4
Netherlands,NLD,2024-05-21T21:00:00Z,2024-05-21T23:00:00Z,108
Netherlands,NLD,2024-05-21T22:00:00Z,2024-05-22T00:00:00Z,105.24
Netherlands,NLD,2024-05-21T23:00:00Z,2024-05-22T01:00:00Z,93.22
Netherlands,NLD,2024-05-22T00:00:00Z,2024-05-22T02:00:00Z,75
Netherlands,NLD,2024-05-22T01:00:00Z,2024-05-22T03:00:00Z,68
Netherlands,NLD,2024-05-22T02:00:00Z,2024-05-22T04:00:00Z,70.21
Netherlands,NLD,2024-05-22T03:00:00Z,2024-05-22T05:00:00Z,69.92
Netherlands,NLD,2024-05-22T04:00:00Z,2024-05-22T06:00:00Z,85.24
Netherlands,NLD,2024-05-22T05:00:00Z,2024-05-22T07:00:00Z,95.95
Netherlands,NLD,2024-05-22T06:00:00Z,2024-05-22T08:00:00Z,90
Netherlands,NLD,2024-05-22T07:00:00Z,2024-05-22T09:00:00Z,74.88
Netherlands,NLD,2024-05-22T08:00:00Z,2024-05-22T10:00:00Z,63.35
Netherlands,NLD,2024-05-22T09:00:00Z,2024-05-22T11:00:00Z,60.72
Netherlands,NLD,2024-05-22T10:00:00Z,2024-05-22T12:00:00Z,-6.5
Netherlands,NLD,2024-05-22T11:00:00Z,2024-05-22T13:00:00Z,-10.01
Netherlands,NLD,2024-05-22T12:00:00Z,2024-05-22T14:00:00Z,-4.79
Netherlands,NLD,2024-05-22T13:00:00Z,2024-05-22T15:00:00Z,0
Netherlands,NLD,2024-05-22T14:00:00Z,2024-05-22T16:00:00Z,14.34
Netherlands,NLD,2024-05-22T15:00:00Z,2024-05-22T17:00:00Z,72.31
Netherlands,NLD,2024-05-22T16:00:00Z,2024-05-22T18:00:00Z,92.16
Netherlands,NLD,2024-05-22T17:00:00Z,2024-05-22T19:00:00Z,99.9
Netherlands,NLD,2024-05-22T18:00:00Z,2024-05-22T20:00:00Z,136.52
Netherlands,NLD,2024-05-22T19:00:00Z,2024-05-22T21:00:00Z,117.34
Netherlands,NLD,2024-05-22T20:00:00Z,2024-05-22T22:00:00Z,99.69
Netherlands,NLD,2024-05-22T21:00:00Z,2024-05-22T23:00:00Z,87.74
Netherlands,NLD,2024-05-22T22:00:00Z,2024-05-23T00:00:00Z,75.34
Netherlands,NLD,2024-05-22T23:00:00Z,2024-05-23T01:00:00Z,72.07
Netherlands,NLD,2024-05-23T00:00:00Z,2024-05-23T02:00:00Z,66.47
Netherlands,NLD,2024-05-23T01:00:00Z,2024-05-23T03:00:00Z,69.31
Netherlands,NLD,2024-05-23T02:00:00Z,2024-05-23T04:00:00Z,68.91
Netherlands,NLD,2024-05-23T03:00:00Z,2024-05-23T05:00:00Z,74.98
Netherlands,NLD,2024-05-23T04:00:00Z,2024-05-23T06:00:00Z,94.32
Netherlands,NLD,2024-05-23T05:00:00Z,2024-05-23T07:00:00Z,111.01
Netherlands,NLD,2024-05-23T06:00:00Z,2024-05-23T08:00:00Z,95.92
Netherlands,NLD,2024-05-23T07:00:00Z,2024-05-23T09:00:00Z,75.15
Netherlands,NLD,2024-05-23T08:00:00Z,2024-05-23T10:00:00Z,71.03
Netherlands,NLD,2024-05-23T09:00:00Z,2024-05-23T11:00:00Z,61.02
Netherlands,NLD,2024-05-23T10:00:00Z,2024-05-23T12:00:00Z,50
Netherlands,NLD,2024-05-23T11:00:00Z,2024-05-23T13:00:00Z,43.9
Netherlands,NLD,2024-05-23T12:00:00Z,2024-05-23T14:00:00Z,53.31
Netherlands,NLD,2024-05-23T13:00:00Z,2024-05-23T15:00:00Z,62.62
Netherlands,NLD,2024-05-23T14:00:00Z,2024-05-23T16:00:00Z,75.61
Netherlands,NLD,2024-05-23T15:00:00Z,2024-05-23T17:00:00Z,88.29
Netherlands,NLD,2024-05-23T16:00:00Z,2024-05-23T18:00:00Z,102.51
Netherlands,NLD,2024-05-23T17:00:00Z,2024-05-23T19:00:00Z,130
Netherlands,NLD,2024-05-23T18:00:00Z,2024-05-23T20:00:00Z,165.41
Netherlands,NLD,2024-05-23T19:00:00Z,2024-05-23T21:00:00Z,147.54
Netherlands,NLD,2024-05-23T20:00:00Z,2024-05-23T22:00:00Z,123.54
Netherlands,NLD,2024-05-23T21:00:00Z,2024-05-23T23:00:00Z,103.37
Netherlands,NLD,2024-05-23T22:00:00Z,2024-05-24T00:00:00Z,101.43
Netherlands,NLD,2024-05-23T23:00:00Z,2024-05-24T01:00:00Z,92.73
Netherlands,NLD,2024-05-24T00:00:00Z,2024-05-24T02:00:00Z,88.86
Netherlands,NLD,2024-05-24T01:00:00Z,2024-05-24T03:00:00Z,89.44
Netherlands,NLD,2024-05-24T02:00:00Z,2024-05-24T04:00:00Z,94.31
Netherlands,NLD,2024-05-24T03:00:00Z,2024-05-24T05:00:00Z,100.77
Netherlands,NLD,2024-05-24T04:00:00Z,2024-05-24T06:00:00Z,119.32
Netherlands,NLD,2024-05-24T05:00:00Z,2024-05-24T07:00:00Z,117.43
Netherlands,NLD,2024-05-24T06:00:00Z,2024-05-24T08:00:00Z,110.78
Netherlands,NLD,2024-05-24T07:00:00Z,2024-05-24T09:00:00Z,102
Netherlands,NLD,2024-05-24T08:00:00Z,2024-05-24T10:00:00Z,91.28
Netherlands,NLD,2024-05-24T09:00:00Z,2024-05-24T11:00:00Z,84.14
Netherlands,NLD,2024-05-24T10:00:00Z,2024-05-24T12:00:00Z,83.22
Netherlands,NLD,2024-05-24T11:00:00Z,2024-05-24T13:00:00Z,81.39
Netherlands,NLD,2024-05-24T12:00:00Z,2024-05-24T14:00:00Z,81.23
Netherlands,NLD,2024-05-24T13:00:00Z,2024-05-24T15:00:00Z,83.38
Netherlands,NLD,2024-05-24T14:00:00Z,2024-05-24T16:00:00Z,84
Netherlands,NLD,2024-05-24T15:00:00Z,2024-05-24T17:00:00Z,96
Netherlands,NLD,2024-05-24T16:00:00Z,2024-05-24T18:00:00Z,107.8
Netherlands,NLD,2024-05-24T17:00:00Z,2024-05-24T19:00:00Z,123.38
Netherlands,NLD,2024-05-24T18:00:00Z,2024-05-24T20:00:00Z,120.86
Netherlands,NLD,2024-05-24T19:00:00Z,2024-05-24T21:00:00Z,115.83
Netherlands,NLD,2024-05-24T20:00:00Z,2024-05-24T22:00:00Z,109.67
Netherlands,NLD,2024-05-24T21:00:00Z,2024-05-24T23:00:00Z,99.84
Netherlands,NLD,2024-05-24T22:00:00Z,2024-05-25T00:00:00Z,94.88
Netherlands,NLD,2024-05-24T23:00:00Z,2024-05-25T01:00:00Z,90.87
Netherlands,NLD,2024-05-25T00:00:00Z,2024-05-25T02:00:00Z,90.21
Netherlands,NLD,2024-05-25T01:00:00Z,2024-05-25T03:00:00Z,89.38
Netherlands,NLD,2024-05-25T02:00:00Z,2024-05-25T04:00:00Z,89.29
Netherlands,NLD,2024-05-25T03:00:00Z,2024-05-25T05:00:00Z,90
Netherlands,NLD,2024-05-25T04:00:00Z,2024-05-25T06:00:00Z,90.68
Netherlands,NLD,2024-05-25T05:00:00Z,2024-05-25T07:00:00Z,82.69
Netherlands,NLD,2024-05-25T06:00:00Z,2024-05-25T08:00:00Z,82.12
Netherlands,NLD,2024-05-25T07:00:00Z,2024-05-25T09:00:00Z,87.4
Netherlands,NLD,2024-05-25T08:00:00Z,2024-05-25T10:00:00Z,54.23
Netherlands,NLD,2024-05-25T09:00:00Z,2024-05-25T11:00:00Z,9.34
Netherlands,NLD,2024-05-25T10:00:00Z,2024-05-25T12:00:00Z,3.24
Netherlands,NLD,2024-05-25T11:00:00Z,2024-05-25T13:00:00Z,0.04
Netherlands,NLD,2024-05-25T12:00:00Z,2024-05-25T14:00:00Z,0
Netherlands,NLD,2024-05-25T13:00:00Z,2024-05-25T15:00:00Z,0.02
Netherlands,NLD,2024-05-25T14:00:00Z,2024-05-25T16:00:00Z,12.87
Netherlands,NLD,2024-05-25T15:00:00Z,2024-05-25T17:00:00Z,65.22
Netherlands,NLD,2024-05-25T16:00:00Z,2024-05-25T18:00:00Z,86.08
Netherlands,NLD,2024-05-25T17:00:00Z,2024-05-25T19:00:00Z,105
Netherlands,NLD,2024-05-25T18:00:00Z,2024-05-25T20:00:00Z,124.36
Netherlands,NLD,2024-05-25T19:00:00Z,2024-05-25T21:00:00Z,134.79
Netherlands,NLD,2024-05-25T20:00:00Z,2024-05-25T22:00:00Z,113.32
Netherlands,NLD,2024-05-25T21:00:00Z,2024-05-25T23:00:00Z,103.23
Netherlands,NLD,2024-05-25T22:00:00Z,2024-05-26T00:00:00Z,117.12
Netherlands,NLD,2024-05-25T23:00:00Z,2024-05-26T01:00:00Z,99.2
Netherlands,NLD,2024-05-26T00:00:00Z,2024-05-26T02:00:00Z,94.05
Netherlands,NLD,2024-05-26T01:00:00Z,2024-05-26T03:00:00Z,90.1
Netherlands,NLD,2024-05-26T02:00:00Z,2024-05-26T04:00:00Z,92.15
Netherlands,NLD,2024-05-26T03:00:00Z,2024-05-26T05:00:00Z,90.02
Netherlands,NLD,2024-05-26T04:00:00Z,2024-05-26T06:00:00Z,82.07
Netherlands,NLD,2024-05-26T05:00:00Z,2024-05-26T07:00:00Z,71.9
Netherlands,NLD,2024-05-26T06:00:00Z,2024-05-26T08:00:00Z,13.25
Netherlands,NLD,2024-05-26T07:00:00Z,2024-05-26T09:00:00Z,0.02
Netherlands,NLD,2024-05-26T08:00:00Z,2024-05-26T10:00:00Z,0
Netherlands,NLD,2024-05-26T09:00:00Z,2024-05-26T11:00:00Z,-0.09
Netherlands,NLD,2024-05-26T10:00:00Z,2024-05-26T12:00:00Z,-2.12
Netherlands,NLD,2024-05-26T11:00:00Z,2024-05-26T13:00:00Z,-10.66
Netherlands,NLD,2024-05-26T12:00:00Z,2024-05-26T14:00:00Z,-23.89
Netherlands,NLD,2024-05-26T13:00:00Z,2024-05-26T15:00:00Z,-9.91
Netherlands,NLD,2024-05-26T14:00:00Z,2024-05-26T16:00:00Z,-0.6
Netherlands,NLD,2024-05-26T15:00:00Z,2024-05-26T17:00:00Z,55.33
Netherlands,NLD,2024-05-26T16:00:00Z,2024-05-26T18:00:00Z,91.17
Netherlands,NLD,2024-05-26T17:00:00Z,2024-05-26T19:00:00Z,100.91
Netherlands,NLD,2024-05-26T18:00:00Z,2024-05-26T20:00:00Z,113.49
Netherlands,NLD,2024-05-26T19:00:00Z,2024-05-26T21:00:00Z,108.96
Netherlands,NLD,2024-05-26T20:00:00Z,2024-05-26T22:00:00Z,98.41
Netherlands,NLD,2024-05-26T21:00:00Z,2024-05-26T23:00:00Z,87.5
Netherlands,NLD,2024-05-26T22:00:00Z,2024-05-27T00:00:00Z,70.29
Netherlands,NLD,2024-05-26T23:00:00Z,2024-05-27T01:00:00Z,68.96
Netherlands,NLD,2024-05-27T00:00:00Z,2024-05-27T02:00:00Z,67.9
Netherlands,NLD,2024-05-27T01:00:00Z,2024-05-27T03:00:00Z,67.87
Netherlands,NLD,2024-05-27T02:00:00Z,2024-05-27T04:00:00Z,70.3
Netherlands,NLD,2024-05-27T03:00:00Z,2024-05-27T05:00:00Z,76.3
Netherlands,NLD,2024-05-27T04:00:00Z,2024-05-27T06:00:00Z,97.14
Netherlands,NLD,2024-05-27T05:00:00Z,2024-05-27T07:00:00Z,110.56
Netherlands,NLD,2024-05-27T06:00:00Z,2024-05-27T08:00:00Z,105.03
Netherlands,NLD,2024-05-27T07:00:00Z,2024-05-27T09:00:00Z,91.76
Netherlands,NLD,2024-05-27T08:00:00Z,2024-05-27T10:00:00Z,80
Netherlands,NLD,2024-05-27T09:00:00Z,2024-05-27T11:00:00Z,77.3
Netherlands,NLD,2024-05-27T10:00:00Z,2024-05-27T12:00:00Z,70.11
Netherlands,NLD,2024-05-27T11:00:00Z,2024-05-27T13:00:00Z,66.75
Netherlands,NLD,2024-05-27T12:00:00Z,2024-05-27T14:00:00Z,64.97
Netherlands,NLD,2024-05-27T13:00:00Z,2024-05-27T15:00:00Z,68.01
Netherlands,NLD,2024-05-27T14:00:00Z,2024-05-27T16:00:00Z,72.49
Netherlands,NLD,2024-05-27T15:00:00Z,2024-05-27T17:00:00Z,90.8
Netherlands,NLD,2024-05-27T16:00:00Z,2024-05-27T18:00:00Z,106.29
Netherlands,NLD,2024-05-27T17:00:00Z,2024-05-27T19:00:00Z,130.44
Netherlands,NLD,2024-05-27T18:00:00Z,2024-05-27T20:00:00Z,154.62
Netherlands,NLD,2024-05-27T19:00:00Z,2024-05-27T21:00:00Z,141.27
Netherlands,NLD,2024-05-27T20:00:00Z,2024-05-27T22:00:00Z,114.64
Netherlands,NLD,2024-05-27T21:00:00Z,2024-05-27T23:00:00Z,97.46
Netherlands,NLD,2024-05-27T22:00:00Z,2024-05-28T00:00:00Z,93.27
Netherlands,NLD,2024-05-27T23:00:00Z,2024-05-28T01:00:00Z,94
Netherlands,NLD,2024-05-28T00:00:00Z,2024-05-28T02:00:00Z,87.64
Netherlands,NLD,2024-05-28T01:00:00Z,2024-05-28T03:00:00Z,85.22
Netherlands,NLD,2024-05-28T02:00:00Z,2024-05-28T04:00:00Z,83.96
Netherlands,NLD,2024-05-28T03:00:00Z,2024-05-28T05:00:00Z,88.4
Netherlands,NLD,2024-05-28T04:00:00Z,2024-05-28T06:00:00Z,99
Netherlands,NLD,2024-05-28T05:00:00Z,2024-05-28T07:00:00Z,105.24
Netherlands,NLD,2024-05-28T06:00:00Z,2024-05-28T08:00:00Z,92.61
Netherlands,NLD,2024-05-28T07:00:00Z,2024-05-28T09:00:00Z,77.48
Netherlands,NLD,2024-05-28T08:00:00Z,2024-05-28T10:00:00Z,65.5
Netherlands,NLD,2024-05-28T09:00:00Z,2024-05-28T11:00:00Z,58.2
Netherlands,NLD,2024-05-28T10:00:00Z,2024-05-28T12:00:00Z,51.33
Netherlands,NLD,2024-05-28T11:00:00Z,2024-05-28T13:00:00Z,46.44
Netherlands,NLD,2024-05-28T12:00:00Z,2024-05-28T14:00:00Z,46.53
Netherlands,NLD,2024-05-28T13:00:00Z,2024-05-28T15:00:00Z,54.94
Netherlands,NLD,2024-05-28T14:00:00Z,2024-05-28T16:00:00Z,60.89
Netherlands,NLD,2024-05-28T15:00:00Z,2024-05-28T17:00:00Z,73.07
Netherlands,NLD,2024-05-28T16:00:00Z,2024-05-28T18:00:00Z,87.49
Netherlands,NLD,2024-05-28T17:00:00Z,2024-05-28T19:00:00Z,117.65
Netherlands,NLD,2024-05-28T18:00:00Z,2024-05-28T20:00:00Z,130.03
Netherlands,NLD,2024-05-28T19:00:00Z,2024-05-28T21:00:00Z,106.67
Netherlands,NLD,2024-05-28T20:00:00Z,2024-05-28T22:00:00Z,89.76
Netherlands,NLD,2024-05-28T21:00:00Z,2024-05-28T23:00:00Z,79.56
Netherlands,NLD,2024-05-28T22:00:00Z,2024-05-29T00:00:00Z,68.1
Netherlands,NLD,2024-05-28T23:00:00Z,2024-05-29T01:00:00Z,53.1
Netherlands,NLD,2024-05-29T00:00:00Z,2024-05-29T02:00:00Z,49.54
Netherlands,NLD,2024-05-29T01:00:00Z,2024-05-29T03:00:00Z,44.2
Netherlands,NLD,2024-05-29T02:00:00Z,2024-05-29T04:00:00Z,42.14
Netherlands,NLD,2024-05-29T03:00:00Z,2024-05-29T05:00:00Z,41.87
Netherlands,NLD,2024-05-29T04:00:00Z,2024-05-29T06:00:00Z,59.4
Netherlands,NLD,2024-05-29T05:00:00Z,2024-05-29T07:00:00Z,80.05
Netherlands,NLD,2024-05-29T06:00:00Z,2024-05-29T08:00:00Z,85.64
Netherlands,NLD,2024-05-29T07:00:00Z,2024-05-29T09:00:00Z,64.49
Netherlands,NLD,2024-05-29T08:00:00Z,2024-05-29T10:00:00Z,49.9
Netherlands,NLD,2024-05-29T09:00:00Z,2024-05-29T11:00:00Z,41.59
Netherlands,NLD,2024-05-29T10:00:00Z,2024-05-29T12:00:00Z,35.16
Netherlands,NLD,2024-05-29T11:00:00Z,2024-05-29T13:00:00Z,33.1
Netherlands,NLD,2024-05-29T12:00:00Z,2024-05-29T14:00:00Z,32.21
Netherlands,NLD,2024-05-29T13:00:00Z,2024-05-29T15:00:00Z,43.2
Netherlands,NLD,2024-05-29T14:00:00Z,2024-05-29T16:00:00Z,63.47
Netherlands,NLD,2024-05-29T15:00:00Z,2024-05-29T17:00:00Z,81.77
Netherlands,NLD,2024-05-29T16:00:00Z,2024-05-29T18:00:00Z,84.95
Netherlands,NLD,2024-05-29T17:00:00Z,2024-05-29T19:00:00Z,99
Netherlands,NLD,2024-05-29T18:00:00Z,2024-05-29T20:00:00Z,126.92
Netherlands,NLD,2024-05-29T19:00:00Z,2024-05-29T21:00:00Z,133.5
Netherlands,NLD,2024-05-29T20:00:00Z,2024-05-29T22:00:00Z,113.3
Netherlands,NLD,2024-05-29T21:00:00Z,2024-05-29T23:00:00Z,101.83
Netherlands,NLD,2024-05-29T22:00:00Z,2024-05-30T00:00:00Z,98.45
Netherlands,NLD,2024-05-29T23:00:00Z,2024-05-30T01:00:00Z,96.3
Netherlands,NLD,2024-05-30T00:00:00Z,2024-05-30T02:00:00Z,84.03
Netherlands,NLD,2024-05-30T01:00:00Z,2024-05-30T03:00:00Z,89.5
Netherlands,NLD,2024-05-30T02:00:00Z,2024-05-30T04:00:00Z,83.96
Netherlands,NLD,2024-05-30T03:00:00Z,2024-05-30T05:00:00Z,88.63
Netherlands,NLD,2024-05-30T04:00:00Z,2024-05-30T06:00:00Z,95.47
Netherlands,NLD,2024-05-30T05:00:00Z,2024-05-30T07:00:00Z,96.04
Netherlands,NLD,2024-05-30T06:00:00Z,2024-05-30T08:00:00Z,87.68
Netherlands,NLD,2024-05-30T07:00:00Z,2024-05-30T09:00:00Z,82.78
Netherlands,NLD,2024-05-30T08:00:00Z,2024-05-30T10:00:00Z,72.3
Netherlands,NLD,2024-05-30T09:00:00Z,2024-05-30T11:00:00Z,67.13
Netherlands,NLD,2024-05-30T10:00:00Z,2024-05-30T12:00:00Z,59.47
Netherlands,NLD,2024-05-30T11:00:00Z,2024-05-30T13:00:00Z,52.2
Netherlands,NLD,2024-05-30T12:00:00Z,2024-05-30T14:00:00Z,52.66
Netherlands,NLD,2024-05-30T13:00:00Z,2024-05-30T15:00:00Z,56.53
Netherlands,NLD,2024-05-30T14:00:00Z,2024-05-30T16:00:00Z,69.96
Netherlands,NLD,2024-05-30T15:00:00Z,2024-05-30T17:00:00Z,75.12
Netherlands,NLD,2024-05-30T16:00:00Z,2024-05-30T18:00:00Z,93.9
Netherlands,NLD,2024-05-30T17:00:00Z,2024-05-30T19:00:00Z,116.45
Netherlands,NLD,2024-05-30T18:00:00Z,2024-05-30T20:00:00Z,133.49
Netherlands,NLD,2024-05-30T19:00:00Z,2024-05-30T21:00:00Z,124.17
Netherlands,NLD,2024-05-30T20:00:00Z,2024-05-30T22:00:00Z,99.3
Netherlands,NLD,2024-05-30T21:00:00Z,2024-05-30T23:00:00Z,90.24
Netherlands,NLD,2024-05-30T22:00:00Z,2024-05-31T00:00:00Z,92
Netherlands,NLD,2024-05-30T23:00:00Z,2024-05-31T01:00:00Z,78.77
Netherlands,NLD,2024-05-31T00:00:00Z,2024-05-31T02:00:00Z,66.52
Netherlands,NLD,2024-05-31T01:00:00Z,2024-05-31T03:00:00Z,61.7
Netherlands,NLD,2024-05-31T02:00:00Z,2024-05-31T04:00:00Z,62.01
Netherlands,NLD,2024-05-31T03:00:00Z,2024-05-31T05:00:00Z,75.19
Netherlands,NLD,2024-05-31T04:00:00Z,2024-05-31T06:00:00Z,88.96
Netherlands,NLD,2024-05-31T05:00:00Z,2024-05-31T07:00:00Z,91.51
Netherlands,NLD,2024-05-31T06:00:00Z,2024-05-31T08:00:00Z,90.65
Netherlands,NLD,2024-05-31T07:00:00Z,2024-05-31T09:00:00Z,85
Netherlands,NLD,2024-05-31T08:00:00Z,2024-05-31T10:00:00Z,77.2
Netherlands,NLD,2024-05-31T09:00:00Z,2024-05-31T11:00:00Z,71.13
Netherlands,NLD,2024-05-31T10:00:00Z,2024-05-31T12:00:00Z,62.66
Netherlands,NLD,2024-05-31T11:00:00Z,2024-05-31T13:00:00Z,56.69
Netherlands,NLD,2024-05-31T12:00:00Z,2024-05-31T14:00:00Z,50.08
Netherlands,NLD,2024-05-31T13:00:00Z,2024-05-31T15:00:00Z,41.84
Netherlands,NLD,2024-05-31T14:00:00Z,2024-05-31T16:00:00Z,41.48
Netherlands,NLD,2024-05-31T15:00:00Z,2024-05-31T17:00:00Z,65.1
Netherlands,NLD,2024-05-31T16:00:00Z,2024-05-31T18:00:00Z,78
Netherlands,NLD,2024-05-31T17:00:00Z,2024-05-31T19:00:00Z,90.84
Netherlands,NLD,2024-05-31T18:00:00Z,2024-05-31T20:00:00Z,93.03
Netherlands,NLD,2024-05-31T19:00:00Z,2024-05-31T21:00:00Z,83.14
Netherlands,NLD,2024-05-31T20:00:00Z,2024-05-31T22:00:00Z,82.42
Netherlands,NLD,2024-05-31T21:00:00Z,2024-05-31T23:00:00Z,71.02
Netherlands,NLD,2024-05-31T22:00:00Z,2024-06-01T00:00:00Z,67.86
Netherlands,NLD,2024-05-31T23:00:00Z,2024-06-01T01:00:00Z,67.77
Netherlands,NLD,2024-06-01T00:00:00Z,2024-06-01T02:00:00Z,70.3
Netherlands,NLD,2024-06-01T01:00:00Z,2024-06-01T03:00:00Z,57.93
Netherlands,NLD,2024-06-01T02:00:00Z,2024-06-01T04:00:00Z,63.27
Netherlands,NLD,2024-06-01T03:00:00Z,2024-06-01T05:00:00Z,65.62
Netherlands,NLD,2024-06-01T04:00:00Z,2024-06-01T06:00:00Z,65.9
Netherlands,NLD,2024-06-01T05:00:00Z,2024-06-01T07:00:00Z,61.64
Netherlands,NLD,2024-06-01T06:00:00Z,2024-06-01T08:00:00Z,60
Netherlands,NLD,2024-06-01T07:00:00Z,2024-06-01T09:00:00Z,50.85
Netherlands,NLD,2024-06-01T08:00:00Z,2024-06-01T10:00:00Z,37.97
Netherlands,NLD,2024-06-01T09:00:00Z,2024-06-01T11:00:00Z,33.74
Netherlands,NLD,2024-06-01T10:00:00Z,2024-06-01T12:00:00Z,17.1
Netherlands,NLD,2024-06-01T11:00:00Z,2024-06-01T13:00:00Z,5.96
Netherlands,NLD,2024-06-01T12:00:00Z,2024-06-01T14:00:00Z,-0.01
Netherlands,NLD,2024-06-01T13:00:00Z,2024-06-01T15:00:00Z,0
Netherlands,NLD,2024-06-01T14:00:00Z,2024-06-01T16:00:00Z,10.32
Netherlands,NLD,2024-06-01T15:00:00Z,2024-06-01T17:00:00Z,41.89
Netherlands,NLD,2024-06-01T16:00:00Z,2024-06-01T18:00:00Z,54
Netherlands,NLD,2024-06-01T17:00:00Z,2024-06-01T19:00:00Z,64.78
Netherlands,NLD,2024-06-01T18:00:00Z,2024-06-01T20:00:00Z,66.69
Netherlands,NLD,2024-06-01T19:00:00Z,2024-06-01T21:00:00Z,63.26
Netherlands,NLD,2024-06-01T20:00:00Z,2024-06-01T22:00:00Z,65.31
Netherlands,NLD,2024-06-01T21:00:00Z,2024-06-01T23:00:00Z,55.62
Netherlands,NLD,2024-06-01T22:00:00Z,2024-06-02T00:00:00Z,30.62
Netherlands,NLD,2024-06-01T23:00:00Z,2024-06-02T01:00:00Z,23.92
Netherlands,NLD,2024-06-02T00:00:00Z,2024-06-02T02:00:00Z,12.03
Netherlands,NLD,2024-06-02T01:00:00Z,2024-06-02T03:00:00Z,5
Netherlands,NLD,2024-06-02T02:00:00Z,2024-06-02T04:00:00Z,8.92
Netherlands,NLD,2024-06-02T03:00:00Z,2024-06-02T05:00:00Z,5.17
Netherlands,NLD,2024-06-02T04:00:00Z,2024-06-02T06:00:00Z,4.91
Netherlands,NLD,2024-06-02T05:00:00Z,2024-06-02T07:00:00Z,4.11
Netherlands,NLD,2024-06-02T06:00:00Z,2024-06-02T08:00:00Z,0.97
Netherlands,NLD,2024-06-02T07:00:00Z,2024-06-02T09:00:00Z,-0.04
Netherlands,NLD,2024-06-02T08:00:00Z,2024-06-02T10:00:00Z,-10.03
Netherlands,NLD,2024-06-02T09:00:00Z,2024-06-02T11:00:00Z,-20
Netherlands,NLD,2024-06-02T10:00:00Z,2024-06-02T12:00:00Z,-30
Netherlands,NLD,2024-06-02T11:00:00Z,2024-06-02T13:00:00Z,-60
Netherlands,NLD,2024-06-02T12:00:00Z,2024-06-02T14:00:00Z,-75
Netherlands,NLD,2024-06-02T13:00:00Z,2024-06-02T15:00:00Z,-81
Netherlands,NLD,2024-06-02T14:00:00Z,2024-06-02T16:00:00Z,-35.7
Netherlands,NLD,2024-06-02T15:00:00Z,2024-06-02T17:00:00Z,-1.27
Netherlands,NLD,2024-06-02T16:00:00Z,2024-06-02T18:00:00Z,10
Netherlands,NLD,2024-06-02T17:00:00Z,2024-06-02T19:00:00Z,54.76
Netherlands,NLD,2024-06-02T18:00:00Z,2024-06-02T20:00:00Z,73.97
Netherlands,NLD,2024-06-02T19:00:00Z,2024-06-02T21:00:00Z,96
Netherlands,NLD,2024-06-02T20:00:00Z,2024-06-02T22:00:00Z,93.6
Netherlands,NLD,2024-06-02T21:00:00Z,2024-06-02T23:00:00Z,85.16
Netherlands,NLD,2024-06-02T22:00:00Z,2024-06-03T00:00:00Z,95.2
Netherlands,NLD,2024-06-02T23:00:00Z,2024-06-03T01:00:00Z,82.55
Netherlands,NLD,2024-06-03T00:00:00Z,2024-06-03T02:00:00Z,89.91
Netherlands,NLD,2024-06-03T01:00:00Z,2024-06-03T03:00:00Z,75.48
Netherlands,NLD,2024-06-03T02:00:00Z,2024-06-03T04:00:00Z,71.02
Netherlands,NLD,2024-06-03T03:00:00Z,2024-06-03T05:00:00Z,81.7
Netherlands,NLD,2024-06-03T04:00:00Z,2024-06-03T06:00:00Z,114.14
Netherlands,NLD,2024-06-03T05:00:00Z,2024-06-03T07:00:00Z,160.18
Netherlands,NLD,2024-06-03T06:00:00Z,2024-06-03T08:00:00Z,142.73
Netherlands,NLD,2024-06-03T07:00:00Z,2024-06-03T09:00:00Z,110.33
Netherlands,NLD,2024-06-03T08:00:00Z,2024-06-03T10:00:00Z,85.49
Netherlands,NLD,2024-06-03T09:00:00Z,2024-06-03T11:00:00Z,78.8
Netherlands,NLD,2024-06-03T10:00:00Z,2024-06-03T12:00:00Z,68.27
Netherlands,NLD,2024-06-03T11:00:00Z,2024-06-03T13:00:00Z,61.7
Netherlands,NLD,2024-06-03T12:00:00Z,2024-06-03T14:00:00Z,55.2
Netherlands,NLD,2024-06-03T13:00:00Z,2024-06-03T15:00:00Z,58.48
Netherlands,NLD,2024-06-03T14:00:00Z,2024-06-03T16:00:00Z,63.72
Netherlands,NLD,2024-06-03T15:00:00Z,2024-06-03T17:00:00Z,89
Netherlands,NLD,2024-06-03T16:00:00Z,2024-06-03T18:00:00Z,111.38
Netherlands,NLD,2024-06-03T17:00:00Z,2024-06-03T19:00:00Z,156.92
Netherlands,NLD,2024-06-03T18:00:00Z,2024-06-03T20:00:00Z,187.7
Netherlands,NLD,2024-06-03T19:00:00Z,2024-06-03T21:00:00Z,173.67
Netherlands,NLD,2024-06-03T20:00:00Z,2024-06-03T22:00:00Z,135.51
Netherlands,NLD,2024-06-03T21:00:00Z,2024-06-03T23:00:00Z,105.91
Netherlands,NLD,2024-06-03T22:00:00Z,2024-06-04T00:00:00Z,105.51
Netherlands,NLD,2024-06-03T23:00:00Z,2024-06-04T01:00:00Z,97.78
Netherlands,NLD,2024-06-04T00:00:00Z,2024-06-04T02:00:00Z,91.89
Netherlands,NLD,2024-06-04T01:00:00Z,2024-06-04T03:00:00Z,83.88
Netherlands,NLD,2024-06-04T02:00:00Z,2024-06-04T04:00:00Z,80.78
Netherlands,NLD,2024-06-04T03:00:00Z,2024-06-04T05:00:00Z,94.28
Netherlands,NLD,2024-06-04T04:00:00Z,2024-06-04T06:00:00Z,145.22
Netherlands,NLD,2024-06-04T05:00:00Z,2024-06-04T07:00:00Z,163.88
Netherlands,NLD,2024-06-04T06:00:00Z,2024-06-04T08:00:00Z,136.66
Netherlands,NLD,2024-06-04T07:00:00Z,2024-06-04T09:00:00Z,108.52
Netherlands,NLD,2024-06-04T08:00:00Z,2024-06-04T10:00:00Z,89.79
Netherlands,NLD,2024-06-04T09:00:00Z,2024-06-04T11:00:00Z,72.39
Netherlands,NLD,2024-06-04T10:00:00Z,2024-06-04T12:00:00Z,61.17
Netherlands,NLD,2024-06-04T11:00:00Z,2024-06-04T13:00:00Z,47.53
Netherlands,NLD,2024-06-04T12:00:00Z,2024-06-04T14:00:00Z,35.7
Netherlands,NLD,2024-06-04T13:00:00Z,2024-06-04T15:00:00Z,38.3
Netherlands,NLD,2024-06-04T14:00:00Z,2024-06-04T16:00:00Z,43.4
Netherlands,NLD,2024-06-04T15:00:00Z,2024-06-04T17:00:00Z,57.09
Netherlands,NLD,2024-06-04T16:00:00Z,2024-06-04T18:00:00Z,86.2
Netherlands,NLD,2024-06-04T17:00:00Z,2024-06-04T19:00:00Z,94
Netherlands,NLD,2024-06-04T18:00:00Z,2024-06-04T20:00:00Z,105
Netherlands,NLD,2024-06-04T19:00:00Z,2024-06-04T21:00:00Z,112.77
Netherlands,NLD,2024-06-04T20:00:00Z,2024-06-04T22:00:00Z,96.62
Netherlands,NLD,2024-06-04T21:00:00Z,2024-06-04T23:00:00Z,70.01
Netherlands,NLD,2024-06-04T22:00:00Z,2024-06-05T00:00:00Z,57.48
Netherlands,NLD,2024-06-04T23:00:00Z,2024-06-05T01:00:00Z,45.01
Netherlands,NLD,2024-06-05T00:00:00Z,2024-06-05T02:00:00Z,45.67
Netherlands,NLD,2024-06-05T01:00:00Z,2024-06-05T03:00:00Z,48.36
Netherlands,NLD,2024-06-05T02:00:00Z,2024-06-05T04:00:00Z,48.66
Netherlands,NLD,2024-06-05T03:00:00Z,2024-06-05T05:00:00Z,67.26
Netherlands,NLD,2024-06-05T04:00:00Z,2024-06-05T06:00:00Z,92.44
Netherlands,NLD,2024-06-05T05:00:00Z,2024-06-05T07:00:00Z,121.22
Netherlands,NLD,2024-06-05T06:00:00Z,2024-06-05T08:00:00Z,99.22
Netherlands,NLD,2024-06-05T07:00:00Z,2024-06-05T09:00:00Z,73.44
Netherlands,NLD,2024-06-05T08:00:00Z,2024-06-05T10:00:00Z,56.64
Netherlands,NLD,2024-06-05T09:00:00Z,2024-06-05T11:00:00Z,45.83
Netherlands,NLD,2024-06-05T10:00:00Z,2024-06-05T12:00:00Z,37.54
Netherlands,NLD,2024-06-05T11:00:00Z,2024-06-05T13:00:00Z,24.26
Netherlands,NLD,2024-06-05T12:00:00Z,2024-06-05T14:00:00Z,20.93
Netherlands,NLD,2024-06-05T13:00:00Z,2024-06-05T15:00:00Z,25
Netherlands,NLD,2024-06-05T14:00:00Z,2024-06-05T16:00:00Z,49.56
Netherlands,NLD,2024-06-05T15:00:00Z,2024-06-05T17:00:00Z,67.36
Netherlands,NLD,2024-06-05T16:00:00Z,2024-06-05T18:00:00Z,93.76
Netherlands,NLD,2024-06-05T17:00:00Z,2024-06-05T19:00:00Z,118.48
Netherlands,NLD,2024-06-05T18:00:00Z,2024-06-05T20:00:00Z,140.28
Netherlands,NLD,2024-06-05T19:00:00Z,2024-06-05T21:00:00Z,144.45
Netherlands,NLD,2024-06-05T20:00:00Z,2024-06-05T22:00:00Z,131.54
Netherlands,NLD,2024-06-05T21:00:00Z,2024-06-05T23:00:00Z,103.65
Netherlands,NLD,2024-06-05T22:00:00Z,2024-06-06T00:00:00Z,87.18
Netherlands,NLD,2024-06-05T23:00:00Z,2024-06-06T01:00:00Z,80.6
Netherlands,NLD,2024-06-06T00:00:00Z,2024-06-06T02:00:00Z,76.92
Netherlands,NLD,2024-06-06T01:00:00Z,2024-06-06T03:00:00Z,74.65
Netherlands,NLD,2024-06-06T02:00:00Z,2024-06-06T04:00:00Z,79.83
Netherlands,NLD,2024-06-06T03:00:00Z,2024-06-06T05:00:00Z,89.31
Netherlands,NLD,2024-06-06T04:00:00Z,2024-06-06T06:00:00Z,112
Netherlands,NLD,2024-06-06T05:00:00Z,2024-06-06T07:00:00Z,117.3
Netherlands,NLD,2024-06-06T06:00:00Z,2024-06-06T08:00:00Z,96.83
Netherlands,NLD,2024-06-06T07:00:00Z,2024-06-06T09:00:00Z,71.24
Netherlands,NLD,2024-06-06T08:00:00Z,2024-06-06T10:00:00Z,57.8
Netherlands,NLD,2024-06-06T09:00:00Z,2024-06-06T11:00:00Z,30.3
Netherlands,NLD,2024-06-06T10:00:00Z,2024-06-06T12:00:00Z,25.2
Netherlands,NLD,2024-06-06T11:00:00Z,2024-06-06T13:00:00Z,19.67
Netherlands,NLD,2024-06-06T12:00:00Z,2024-06-06T14:00:00Z,20.93
Netherlands,NLD,2024-06-06T13:00:00Z,2024-06-06T15:00:00Z,30.98
Netherlands,NLD,2024-06-06T14:00:00Z,2024-06-06T16:00:00Z,53.75
Netherlands,NLD,2024-06-06T15:00:00Z,2024-06-06T17:00:00Z,74.62
Netherlands,NLD,2024-06-06T16:00:00Z,2024-06-06T18:00:00Z,89.92
Netherlands,NLD,2024-06-06T17:00:00Z,2024-06-06T19:00:00Z,111.5
Netherlands,NLD,2024-06-06T18:00:00Z,2024-06-06T20:00:00Z,148.44
Netherlands,NLD,2024-06-06T19:00:00Z,2024-06-06T21:00:00Z,150.02
Netherlands,NLD,2024-06-06T20:00:00Z,2024-06-06T22:00:00Z,123.77
Netherlands,NLD,2024-06-06T21:00:00Z,2024-06-06T23:00:00Z,100
Netherlands,NLD,2024-06-06T22:00:00Z,2024-06-07T00:00:00Z,97.72
Netherlands,NLD,2024-06-06T23:00:00Z,2024-06-07T01:00:00Z,93.11
Netherlands,NLD,2024-06-07T00:00:00Z,2024-06-07T02:00:00Z,91
Netherlands,NLD,2024-06-07T01:00:00Z,2024-06-07T03:00:00Z,90.09
Netherlands,NLD,2024-06-07T02:00:00Z,2024-06-07T04:00:00Z,90.11
Netherlands,NLD,2024-06-07T03:00:00Z,2024-06-07T05:00:00Z,86.04
Netherlands,NLD,2024-06-07T04:00:00Z,2024-06-07T06:00:00Z,107.96
Netherlands,NLD,2024-06-07T05:00:00Z,2024-06-07T07:00:00Z,109.36
Netherlands,NLD,2024-06-07T06:00:00Z,2024-06-07T08:00:00Z,98.6
Netherlands,NLD,2024-06-07T07:00:00Z,2024-06-07T09:00:00Z,77.4
Netherlands,NLD,2024-06-07T08:00:00Z,2024-06-07T10:00:00Z,58.56
Netherlands,NLD,2024-06-07T09:00:00Z,2024-06-07T11:00:00Z,41.39
Netherlands,NLD,2024-06-07T10:00:00Z,2024-06-07T12:00:00Z,33.91
Netherlands,NLD,2024-06-07T11:00:00Z,2024-06-07T13:00:00Z,25.36
Netherlands,NLD,2024-06-07T12:00:00Z,2024-06-07T14:00:00Z,17.41
Netherlands,NLD,2024-06-07T13:00:00Z,2024-06-07T15:00:00Z,14.1
Netherlands,NLD,2024-06-07T14:00:00Z,2024-06-07T16:00:00Z,26
Netherlands,NLD,2024-06-07T15:00:00Z,2024-06-07T17:00:00Z,60.09
Netherlands,NLD,2024-06-07T16:00:00Z,2024-06-07T18:00:00Z,81.13
Netherlands,NLD,2024-06-07T17:00:00Z,2024-06-07T19:00:00Z,102
Netherlands,NLD,2024-06-07T18:00:00Z,2024-06-07T20:00:00Z,119.67
Netherlands,NLD,2024-06-07T19:00:00Z,2024-06-07T21:00:00Z,133.87
Netherlands,NLD,2024-06-07T20:00:00Z,2024-06-07T22:00:00Z,112.69
Netherlands,NLD,2024-06-07T21:00:00Z,2024-06-07T23:00:00Z,90
Netherlands,NLD,2024-06-07T22:00:00Z,2024-06-08T00:00:00Z,94.35
Netherlands,NLD,2024-06-07T23:00:00Z,2024-06-08T01:00:00Z,81.15
Netherlands,NLD,2024-06-08T00:00:00Z,2024-06-08T02:00:00Z,74.02
Netherlands,NLD,2024-06-08T01:00:00Z,2024-06-08T03:00:00Z,72.58
Netherlands,NLD,2024-06-08T02:00:00Z,2024-06-08T04:00:00Z,67.07
Netherlands,NLD,2024-06-08T03:00:00Z,2024-06-08T05:00:00Z,69.25
Netherlands,NLD,2024-06-08T04:00:00Z,2024-06-08T06:00:00Z,68.75
Netherlands,NLD,2024-06-08T05:00:00Z,2024-06-08T07:00:00Z,53.53
Netherlands,NLD,2024-06-08T06:00:00Z,2024-06-08T08:00:00Z,38.6
Netherlands,NLD,2024-06-08T07:00:00Z,2024-06-08T09:00:00Z,12.46
Netherlands,NLD,2024-06-08T08:00:00Z,2024-06-08T10:00:00Z,0
Netherlands,NLD,2024-06-08T09:00:00Z,2024-06-08T11:00:00Z,-2.25
Netherlands,NLD,2024-06-08T10:00:00Z,2024-06-08T12:00:00Z,-9.9
Netherlands,NLD,2024-06-08T11:00:00Z,2024-06-08T13:00:00Z,-23
Netherlands,NLD,2024-06-08T12:00:00Z,2024-06-08T14:00:00Z,-29.31
Netherlands,NLD,2024-06-08T13:00:00Z,2024-06-08T15:00:00Z,-20
Netherlands,NLD,2024-06-08T14:00:00Z,2024-06-08T16:00:00Z,-7.46
Netherlands,NLD,2024-06-08T15:00:00Z,2024-06-08T17:00:00Z,2
Netherlands,NLD,2024-06-08T16:00:00Z,2024-06-08T18:00:00Z,44.38
Netherlands,NLD,2024-06-08T17:00:00Z,2024-06-08T19:00:00Z,66.37
Netherlands,NLD,2024-06-08T18:00:00Z,2024-06-08T20:00:00Z,93.11
Netherlands,NLD,2024-06-08T19:00:00Z,2024-06-08T21:00:00Z,99.9
Netherlands,NLD,2024-06-08T20:00:00Z,2024-06-08T22:00:00Z,108.24
Netherlands,NLD,2024-06-08T21:00:00Z,2024-06-08T23:00:00Z,83.6
Netherlands,NLD,2024-06-08T22:00:00Z,2024-06-09T00:00:00Z,69.02
Netherlands,NLD,2024-06-08T23:00:00Z,2024-06-09T01:00:00Z,55.96
Netherlands,NLD,2024-06-09T00:00:00Z,2024-06-09T02:00:00Z,37.58
Netherlands,NLD,2024-06-09T01:00:00Z,2024-06-09T03:00:00Z,15.48
Netherlands,NLD,2024-06-09T02:00:00Z,2024-06-09T04:00:00Z,17.63
Netherlands,NLD,2024-06-09T03:00:00Z,2024-06-09T05:00:00Z,12.55
Netherlands,NLD,2024-06-09T04:00:00Z,2024-06-09T06:00:00Z,9.32
Netherlands,NLD,2024-06-09T05:00:00Z,2024-06-09T07:00:00Z,3
Netherlands,NLD,2024-06-09T06:00:00Z,2024-06-09T08:00:00Z,0.02
Netherlands,NLD,2024-06-09T07:00:00Z,2024-06-09T09:00:00Z,-1.97
Netherlands,NLD,2024-06-09T08:00:00Z,2024-06-09T10:00:00Z,-7.48
Netherlands,NLD,2024-06-09T09:00:00Z,2024-06-09T11:00:00Z,-15.42
Netherlands,NLD,2024-06-09T10:00:00Z,2024-06-09T12:00:00Z,-36.21
Netherlands,NLD,2024-06-09T11:00:00Z,2024-06-09T13:00:00Z,-46.16
Netherlands,NLD,2024-06-09T12:00:00Z,2024-06-09T14:00:00Z,-45.78
Netherlands,NLD,2024-06-09T13:00:00Z,2024-06-09T15:00:00Z,-28.68
Netherlands,NLD,2024-06-09T14:00:00Z,2024-06-09T16:00:00Z,-5.38
Netherlands,NLD,2024-06-09T15:00:00Z,2024-06-09T17:00:00Z,0.52
Netherlands,NLD,2024-06-09T16:00:00Z,2024-06-09T18:00:00Z,40
Netherlands,NLD,2024-06-09T17:00:00Z,2024-06-09T19:00:00Z,87.29
Netherlands,NLD,2024-06-09T18:00:00Z,2024-06-09T20:00:00Z,102.43
Netherlands,NLD,2024-06-09T19:00:00Z,2024-06-09T21:00:00Z,121.48
Netherlands,NLD,2024-06-09T20:00:00Z,2024-06-09T22:00:00Z,117.03
Netherlands,NLD,2024-06-09T21:00:00Z,2024-06-09T23:00:00Z,96.18
Netherlands,NLD,2024-06-09T22:00:00Z,2024-06-10T00:00:00Z,75.92
Netherlands,NLD,2024-06-09T23:00:00Z,2024-06-10T01:00:00Z,65.11
Netherlands,NLD,2024-06-10T00:00:00Z,2024-06-10T02:00:00Z,66.21
Netherlands,NLD,2024-06-10T01:00:00Z,2024-06-10T03:00:00Z,61.52
Netherlands,NLD,2024-06-10T02:00:00Z,2024-06-10T04:00:00Z,59.57
Netherlands,NLD,2024-06-10T03:00:00Z,2024-06-10T05:00:00Z,74.75
Netherlands,NLD,2024-06-10T04:00:00Z,2024-06-10T06:00:00Z,105.27
Netherlands,NLD,2024-06-10T05:00:00Z,2024-06-10T07:00:00Z,177.36
Netherlands,NLD,2024-06-10T06:00:00Z,2024-06-10T08:00:00Z,158.81
Netherlands,NLD,2024-06-10T07:00:00Z,2024-06-10T09:00:00Z,126.03
Netherlands,NLD,2024-06-10T08:00:00Z,2024-06-10T10:00:00Z,105
Netherlands,NLD,2024-06-10T09:00:00Z,2024-06-10T11:00:00Z,101.3
Netherlands,NLD,2024-06-10T10:00:00Z,2024-06-10T12:00:00Z,88.1
Netherlands,NLD,2024-06-10T11:00:00Z,2024-06-10T13:00:00Z,70
Netherlands,NLD,2024-06-10T12:00:00Z,2024-06-10T14:00:00Z,59.9
Netherlands,NLD,2024-06-10T13:00:00Z,2024-06-10T15:00:00Z,58.11
Netherlands,NLD,2024-06-10T14:00:00Z,2024-06-10T16:00:00Z,61.8
Netherlands,NLD,2024-06-10T15:00:00Z,2024-06-10T17:00:00Z,71.8
Netherlands,NLD,2024-06-10T16:00:00Z,2024-06-10T18:00:00Z,89.07
Netherlands,NLD,2024-06-10T17:00:00Z,2024-06-10T19:00:00Z,109.89
Netherlands,NLD,2024-06-10T18:00:00Z,2024-06-10T20:00:00Z,113.8
Netherlands,NLD,2024-06-10T19:00:00Z,2024-06-10T21:00:00Z,104
Netherlands,NLD,2024-06-10T20:00:00Z,2024-06-10T22:00:00Z,97.16
Netherlands,NLD,2024-06-10T21:00:00Z,2024-06-10T23:00:00Z,77
Netherlands,NLD,2024-06-10T22:00:00Z,2024-06-11T00:00:00Z,60.44
Netherlands,NLD,2024-06-10T23:00:00Z,2024-06-11T01:00:00Z,57.12
Netherlands,NLD,2024-06-11T00:00:00Z,2024-06-11T02:00:00Z,61.12
Netherlands,NLD,2024-06-11T01:00:00Z,2024-06-11T03:00:00Z,55
Netherlands,NLD,2024-06-11T02:00:00Z,2024-06-11T04:00:00Z,58.07
Netherlands,NLD,2024-06-11T03:00:00Z,2024-06-11T05:00:00Z,59.17
Netherlands,NLD,2024-06-11T04:00:00Z,2024-06-11T06:00:00Z,77.93
Netherlands,NLD,2024-06-11T05:00:00Z,2024-06-11T07:00:00Z,97.67
Netherlands,NLD,2024-06-11T06:00:00Z,2024-06-11T08:00:00Z,87.75
Netherlands,NLD,2024-06-11T07:00:00Z,2024-06-11T09:00:00Z,68.23
Netherlands,NLD,2024-06-11T08:00:00Z,2024-06-11T10:00:00Z,48.71
Netherlands,NLD,2024-06-11T09:00:00Z,2024-06-11T11:00:00Z,33.35
Netherlands,NLD,2024-06-11T10:00:00Z,2024-06-11T12:00:00Z,13.31
Netherlands,NLD,2024-06-11T11:00:00Z,2024-06-11T13:00:00Z,1.84
Netherlands,NLD,2024-06-11T12:00:00Z,2024-06-11T14:00:00Z,0.86
Netherlands,NLD,2024-06-11T13:00:00Z,2024-06-11T15:00:00Z,2.1
Netherlands,NLD,2024-06-11T14:00:00Z,2024-06-11T16:00:00Z,13.14
Netherlands,NLD,2024-06-11T15:00:00Z,2024-06-11T17:00:00Z,52.68
Netherlands,NLD,2024-06-11T16:00:00Z,2024-06-11T18:00:00Z,72.89
Netherlands,NLD,2024-06-11T17:00:00Z,2024-06-11T19:00:00Z,101.05
Netherlands,NLD,2024-06-11T18:00:00Z,2024-06-11T20:00:00Z,125.83
Netherlands,NLD,2024-06-11T19:00:00Z,2024-06-11T21:00:00Z,123.43
Netherlands,NLD,2024-06-11T20:00:00Z,2024-06-11T22:00:00Z,107.05
Netherlands,NLD,2024-06-11T21:00:00Z,2024-06-11T23:00:00Z,89.9
Netherlands,NLD,2024-06-11T22:00:00Z,2024-06-12T00:00:00Z,85.16
Netherlands,NLD,2024-06-11T23:00:00Z,2024-06-12T01:00:00Z,86.03
Netherlands,NLD,2024-06-12T00:00:00Z,2024-06-12T02:00:00Z,86
Netherlands,NLD,2024-06-12T01:00:00Z,2024-06-12T03:00:00Z,79.74
Netherlands,NLD,2024-06-12T02:00:00Z,2024-06-12T04:00:00Z,86.3
Netherlands,NLD,2024-06-12T03:00:00Z,2024-06-12T05:00:00Z,94.18
Netherlands,NLD,2024-06-12T04:00:00Z,2024-06-12T06:00:00Z,120.22
Netherlands,NLD,2024-06-12T05:00:00Z,2024-06-12T07:00:00Z,114.9
Netherlands,NLD,2024-06-12T06:00:00Z,2024-06-12T08:00:00Z,104.01
Netherlands,NLD,2024-06-12T07:00:00Z,2024-06-12T09:00:00Z,69.89
Netherlands,NLD,2024-06-12T08:00:00Z,2024-06-12T10:00:00Z,55.42
Netherlands,NLD,2024-06-12T09:00:00Z,2024-06-12T11:00:00Z,50
Netherlands,NLD,2024-06-12T10:00:00Z,2024-06-12T12:00:00Z,36.61
Netherlands,NLD,2024-06-12T11:00:00Z,2024-06-12T13:00:00Z,37.83
Netherlands,NLD,2024-06-12T12:00:00Z,2024-06-12T14:00:00Z,38.04
Netherlands,NLD,2024-06-12T13:00:00Z,2024-06-12T15:00:00Z,39.89
Netherlands,NLD,2024-06-12T14:00:00Z,2024-06-12T16:00:00Z,54.02
Netherlands,NLD,2024-06-12T15:00:00Z,2024-06-12T17:00:00Z,71.42
Netherlands,NLD,2024-06-12T16:00:00Z,2024-06-12T18:00:00Z,89.06
Netherlands,NLD,2024-06-12T17:00:00Z,2024-06-12T19:00:00Z,119.86
Netherlands,NLD,2024-06-12T18:00:00Z,2024-06-12T20:00:00Z,147.69
Netherlands,NLD,2024-06-12T19:00:00Z,2024-06-12T21:00:00Z,151.86
Netherlands,NLD,2024-06-12T20:00:00Z,2024-06-12T22:00:00Z,128.3
Netherlands,NLD,2024-06-12T21:00:00Z,2024-06-12T23:00:00Z,107.07
Netherlands,NLD,2024-06-12T22:00:00Z,2024-06-13T00:00:00Z,103.11
Netherlands,NLD,2024-06-12T23:00:00Z,2024-06-13T01:00:00Z,89.63
Netherlands,NLD,2024-06-13T00:00:00Z,2024-06-13T02:00:00Z,83.62
Netherlands,NLD,2024-06-13T01:00:00Z,2024-06-13T03:00:00Z,80.35
Netherlands,NLD,2024-06-13T02:00:00Z,2024-06-13T04:00:00Z,78.68
Netherlands,NLD,2024-06-13T03:00:00Z,2024-06-13T05:00:00Z,92.7
Netherlands,NLD,2024-06-13T04:00:00Z,2024-06-13T06:00:00Z,114.03
Netherlands,NLD,2024-06-13T05:00:00Z,2024-06-13T07:00:00Z,124.25
Netherlands,NLD,2024-06-13T06:00:00Z,2024-06-13T08:00:00Z,104.17
Netherlands,NLD,2024-06-13T07:00:00Z,2024-06-13T09:00:00Z,73.79
Netherlands,NLD,2024-06-13T08:00:00Z,2024-06-13T10:00:00Z,56.95
Netherlands,NLD,2024-06-13T09:00:00Z,2024-06-13T11:00:00Z,51.02
Netherlands,NLD,2024-06-13T10:00:00Z,2024-06-13T12:00:00Z,44.15
Netherlands,NLD,2024-06-13T11:00:00Z,2024-06-13T13:00:00Z,38.93
Netherlands,NLD,2024-06-13T12:00:00Z,2024-06-13T14:00:00Z,35.96
Netherlands,NLD,2024-06-13T13:00:00Z,2024-06-13T15:00:00Z,44.91
Netherlands,NLD,2024-06-13T14:00:00Z,2024-06-13T16:00:00Z,67.3
Netherlands,NLD,2024-06-13T15:00:00Z,2024-06-13T17:00:00Z,70.85
Netherlands,NLD,2024-06-13T16:00:00Z,2024-06-13T18:00:00Z,90.9
Netherlands,NLD,2024-06-13T17:00:00Z,2024-06-13T19:00:00Z,121.65
Netherlands,NLD,2024-06-13T18:00:00Z,2024-06-13T20:00:00Z,166.14
Netherlands,NLD,2024-06-13T19:00:00Z,2024-06-13T21:00:00Z,139.05
Netherlands,NLD,2024-06-13T20:00:00Z,2024-06-13T22:00:00Z,99.6
Netherlands,NLD,2024-06-13T21:00:00Z,2024-06-13T23:00:00Z,80
Netherlands,NLD,2024-06-13T22:00:00Z,2024-06-14T00:00:00Z,69.94
Netherlands,NLD,2024-06-13T23:00:00Z,2024-06-14T01:00:00Z,58.94
Netherlands,NLD,2024-06-14T00:00:00Z,2024-06-14T02:00:00Z,53.39
Netherlands,NLD,2024-06-14T01:00:00Z,2024-06-14T03:00:00Z,50.44
Netherlands,NLD,2024-06-14T02:00:00Z,2024-06-14T04:00:00Z,47.29
Netherlands,NLD,2024-06-14T03:00:00Z,2024-06-14T05:00:00Z,52.72
Netherlands,NLD,2024-06-14T04:00:00Z,2024-06-14T06:00:00Z,72.22
Netherlands,NLD,2024-06-14T05:00:00Z,2024-06-14T07:00:00Z,92
Netherlands,NLD,2024-06-14T06:00:00Z,2024-06-14T08:00:00Z,97.55
Netherlands,NLD,2024-06-14T07:00:00Z,2024-06-14T09:00:00Z,92.59
Netherlands,NLD,2024-06-14T08:00:00Z,2024-06-14T10:00:00Z,71.08
Netherlands,NLD,2024-06-14T09:00:00Z,2024-06-14T11:00:00Z,59.2
Netherlands,NLD,2024-06-14T10:00:00Z,2024-06-14T12:00:00Z,51.75
Netherlands,NLD,2024-06-14T11:00:00Z,2024-06-14T13:00:00Z,39.88
Netherlands,NLD,2024-06-14T12:00:00Z,2024-06-14T14:00:00Z,34.17
Netherlands,NLD,2024-06-14T13:00:00Z,2024-06-14T15:00:00Z,34.39
Netherlands,NLD,2024-06-14T14:00:00Z,2024-06-14T16:00:00Z,48.79
Netherlands,NLD,2024-06-14T15:00:00Z,2024-06-14T17:00:00Z,75
Netherlands,NLD,2024-06-14T16:00:00Z,2024-06-14T18:00:00Z,90.98
Netherlands,NLD,2024-06-14T17:00:00Z,2024-06-14T19:00:00Z,113.07
Netherlands,NLD,2024-06-14T18:00:00Z,2024-06-14T20:00:00Z,127.31
Netherlands,NLD,2024-06-14T19:00:00Z,2024-06-14T21:00:00Z,119.6
Netherlands,NLD,2024-06-14T20:00:00Z,2024-06-14T22:00:00Z,111.4
Netherlands,NLD,2024-06-14T21:00:00Z,2024-06-14T23:00:00Z,108
Netherlands,NLD,2024-06-14T22:00:00Z,2024-06-15T00:00:00Z,106.85
Netherlands,NLD,2024-06-14T23:00:00Z,2024-06-15T01:00:00Z,104
Netherlands,NLD,2024-06-15T00:00:00Z,2024-06-15T02:00:00Z,94
Netherlands,NLD,2024-06-15T01:00:00Z,2024-06-15T03:00:00Z,87
Netherlands,NLD,2024-06-15T02:00:00Z,2024-06-15T04:00:00Z,56.6
Netherlands,NLD,2024-06-15T03:00:00Z,2024-06-15T05:00:00Z,19.89
Netherlands,NLD,2024-06-15T04:00:00Z,2024-06-15T06:00:00Z,1.54
Netherlands,NLD,2024-06-15T05:00:00Z,2024-06-15T07:00:00Z,0.09
Netherlands,NLD,2024-06-15T06:00:00Z,2024-06-15T08:00:00Z,0
Netherlands,NLD,2024-06-15T07:00:00Z,2024-06-15T09:00:00Z,-0.06
Netherlands,NLD,2024-06-15T08:00:00Z,2024-06-15T10:00:00Z,-10.08
Netherlands,NLD,2024-06-15T09:00:00Z,2024-06-15T11:00:00Z,-28.99
Netherlands,NLD,2024-06-15T10:00:00Z,2024-06-15T12:00:00Z,-44.87
Netherlands,NLD,2024-06-15T11:00:00Z,2024-06-15T13:00:00Z,-65.44
Netherlands,NLD,2024-06-15T12:00:00Z,2024-06-15T14:00:00Z,-79.99
Netherlands,NLD,2024-06-15T13:00:00Z,2024-06-15T15:00:00Z,-56.17
Netherlands,NLD,2024-06-15T14:00:00Z,2024-06-15T16:00:00Z,-29.17
Netherlands,NLD,2024-06-15T15:00:00Z,2024-06-15T17:00:00Z,-4.5
Netherlands,NLD,2024-06-15T16:00:00Z,2024-06-15T18:00:00Z,-0.01
Netherlands,NLD,2024-06-15T17:00:00Z,2024-06-15T19:00:00Z,32.09
Netherlands,NLD,2024-06-15T18:00:00Z,2024-06-15T20:00:00Z,70
Netherlands,NLD,2024-06-15T19:00:00Z,2024-06-15T21:00:00Z,67.77
Netherlands,NLD,2024-06-15T20:00:00Z,2024-06-15T22:00:00Z,63.25
Netherlands,NLD,2024-06-15T21:00:00Z,2024-06-15T23:00:00Z,40.72
Netherlands,NLD,2024-06-15T22:00:00Z,2024-06-16T00:00:00Z,25.01
Netherlands,NLD,2024-06-15T23:00:00Z,2024-06-16T01:00:00Z,10.25
Netherlands,NLD,2024-06-16T00:00:00Z,2024-06-16T02:00:00Z,4.92
Netherlands,NLD,2024-06-16T01:00:00Z,2024-06-16T03:00:00Z,2.92
Netherlands,NLD,2024-06-16T02:00:00Z,2024-06-16T04:00:00Z,2.19
Netherlands,NLD,2024-06-16T03:00:00Z,2024-06-16T05:00:00Z,2.53
Netherlands,NLD,2024-06-16T04:00:00Z,2024-06-16T06:00:00Z,2.95
Netherlands,NLD,2024-06-16T05:00:00Z,2024-06-16T07:00:00Z,0.47
Netherlands,NLD,2024-06-16T06:00:00Z,2024-06-16T08:00:00Z,-0.02
Netherlands,NLD,2024-06-16T07:00:00Z,2024-06-16T09:00:00Z,-1.27
Netherlands,NLD,2024-06-16T08:00:00Z,2024-06-16T10:00:00Z,-10
Netherlands,NLD,2024-06-16T09:00:00Z,2024-06-16T11:00:00Z,-13.33
Netherlands,NLD,2024-06-16T10:00:00Z,2024-06-16T12:00:00Z,-20
Netherlands,NLD,2024-06-16T11:00:00Z,2024-06-16T13:00:00Z,-30
Netherlands,NLD,2024-06-16T12:00:00Z,2024-06-16T14:00:00Z,-35.66
Netherlands,NLD,2024-06-16T13:00:00Z,2024-06-16T15:00:00Z,-29.03
Netherlands,NLD,2024-06-16T14:00:00Z,2024-06-16T16:00:00Z,-10.02
Netherlands,NLD,2024-06-16T15:00:00Z,2024-06-16T17:00:00Z,-1.99
Netherlands,NLD,2024-06-16T16:00:00Z,2024-06-16T18:00:00Z,52.41
Netherlands,NLD,2024-06-16T17:00:00Z,2024-06-16T19:00:00Z,92.26
Netherlands,NLD,2024-06-16T18:00:00Z,2024-06-16T20:00:00Z,111.04
Netherlands,NLD,2024-06-16T19:00:00Z,2024-06-16T21:00:00Z,117.7
Netherlands,NLD,2024-06-16T20:00:00Z,2024-06-16T22:00:00Z,118.27
Netherlands,NLD,2024-06-16T21:00:00Z,2024-06-16T23:00:00Z,91.6
Netherlands,NLD,2024-06-16T22:00:00Z,2024-06-17T00:00:00Z,70.16
Netherlands,NLD,2024-06-16T23:00:00Z,2024-06-17T01:00:00Z,60.78
Netherlands,NLD,2024-06-17T00:00:00Z,2024-06-17T02:00:00Z,63.7
Netherlands,NLD,2024-06-17T01:00:00Z,2024-06-17T03:00:00Z,70
Netherlands,NLD,2024-06-17T02:00:00Z,2024-06-17T04:00:00Z,69.41
Netherlands,NLD,2024-06-17T03:00:00Z,2024-06-17T05:00:00Z,84.9
Netherlands,NLD,2024-06-17T04:00:00Z,2024-06-17T06:00:00Z,108.7
Netherlands,NLD,2024-06-17T05:00:00Z,2024-06-17T07:00:00Z,126
Netherlands,NLD,2024-06-17T06:00:00Z,2024-06-17T08:00:00Z,117.85
Netherlands,NLD,2024-06-17T07:00:00Z,2024-06-17T09:00:00Z,84.73
Netherlands,NLD,2024-06-17T08:00:00Z,2024-06-17T10:00:00Z,63.48
Netherlands,NLD,2024-06-17T09:00:00Z,2024-06-17T11:00:00Z,46.9
Netherlands,NLD,2024-06-17T10:00:00Z,2024-06-17T12:00:00Z,36.54
Netherlands,NLD,2024-06-17T11:00:00Z,2024-06-17T13:00:00Z,34.59
Netherlands,NLD,2024-06-17T12:00:00Z,2024-06-17T14:00:00Z,39.45
Netherlands,NLD,2024-06-17T13:00:00Z,2024-06-17T15:00:00Z,46.15
Netherlands,NLD,2024-06-17T14:00:00Z,2024-06-17T16:00:00Z,54.07
Netherlands,NLD,2024-06-17T15:00:00Z,2024-06-17T17:00:00Z,77.54
Netherlands,NLD,2024-06-17T16:00:00Z,2024-06-17T18:00:00Z,101.36
Netherlands,NLD,2024-06-17T17:00:00Z,2024-06-17T19:00:00Z,139
Netherlands,NLD,2024-06-17T18:00:00Z,2024-06-17T20:00:00Z,181.54
Netherlands,NLD,2024-06-17T19:00:00Z,2024-06-17T21:00:00Z,196.93
Netherlands,NLD,2024-06-17T20:00:00Z,2024-06-17T22:00:00Z,126.61
Netherlands,NLD,2024-06-17T21:00:00Z,2024-06-17T23:00:00Z,103.39
Netherlands,NLD,2024-06-17T22:00:00Z,2024-06-18T00:00:00Z,88.07
Netherlands,NLD,2024-06-17T23:00:00Z,2024-06-18T01:00:00Z,84.9
Netherlands,NLD,2024-06-18T00:00:00Z,2024-06-18T02:00:00Z,87.27
Netherlands,NLD,2024-06-18T01:00:00Z,2024-06-18T03:00:00Z,84.6
Netherlands,NLD,2024-06-18T02:00:00Z,2024-06-18T04:00:00Z,86.6
Netherlands,NLD,2024-06-18T03:00:00Z,2024-06-18T05:00:00Z,94.9
Netherlands,NLD,2024-06-18T04:00:00Z,2024-06-18T06:00:00Z,117.44
Netherlands,NLD,2024-06-18T05:00:00Z,2024-06-18T07:00:00Z,115.89
Netherlands,NLD,2024-06-18T06:00:00Z,2024-06-18T08:00:00Z,90
Netherlands,NLD,2024-06-18T07:00:00Z,2024-06-18T09:00:00Z,87.05
Netherlands,NLD,2024-06-18T08:00:00Z,2024-06-18T10:00:00Z,81.01
Netherlands,NLD,2024-06-18T09:00:00Z,2024-06-18T11:00:00Z,68.34
Netherlands,NLD,2024-06-18T10:00:00Z,2024-06-18T12:00:00Z,66.91
Netherlands,NLD,2024-06-18T11:00:00Z,2024-06-18T13:00:00Z,77.1
Netherlands,NLD,2024-06-18T12:00:00Z,2024-06-18T14:00:00Z,85.05
Netherlands,NLD,2024-06-18T13:00:00Z,2024-06-18T15:00:00Z,90
Netherlands,NLD,2024-06-18T14:00:00Z,2024-06-18T16:00:00Z,91
Netherlands,NLD,2024-06-18T15:00:00Z,2024-06-18T17:00:00Z,94.65
Netherlands,NLD,2024-06-18T16:00:00Z,2024-06-18T18:00:00Z,115.17
Netherlands,NLD,2024-06-18T17:00:00Z,2024-06-18T19:00:00Z,141.6
Netherlands,NLD,2024-06-18T18:00:00Z,2024-06-18T20:00:00Z,150.8
Netherlands,NLD,2024-06-18T19:00:00Z,2024-06-18T21:00:00Z,113.09
Netherlands,NLD,2024-06-18T20:00:00Z,2024-06-18T22:00:00Z,95.19
Netherlands,NLD,2024-06-18T21:00:00Z,2024-06-18T23:00:00Z,86.35
Netherlands,NLD,2024-06-18T22:00:00Z,2024-06-19T00:00:00Z,100.05
Netherlands,NLD,2024-06-18T23:00:00Z,2024-06-19T01:00:00Z,89.24
Netherlands,NLD,2024-06-19T00:00:00Z,2024-06-19T02:00:00Z,79.7
Netherlands,NLD,2024-06-19T01:00:00Z,2024-06-19T03:00:00Z,77.06
Netherlands,NLD,2024-06-19T02:00:00Z,2024-06-19T04:00:00Z,81.17
Netherlands,NLD,2024-06-19T03:00:00Z,2024-06-19T05:00:00Z,77.32
Netherlands,NLD,2024-06-19T04:00:00Z,2024-06-19T06:00:00Z,101.9
Netherlands,NLD,2024-06-19T05:00:00Z,2024-06-19T07:00:00Z,112.14
Netherlands,NLD,2024-06-19T06:00:00Z,2024-06-19T08:00:00Z,104.23
Netherlands,NLD,2024-06-19T07:00:00Z,2024-06-19T09:00:00Z,81.73
Netherlands,NLD,2024-06-19T08:00:00Z,2024-06-19T10:00:00Z,72.49
Netherlands,NLD,2024-06-19T09:00:00Z,2024-06-19T11:00:00Z,60.26
Netherlands,NLD,2024-06-19T10:00:00Z,2024-06-19T12:00:00Z,45
Netherlands,NLD,2024-06-19T11:00:00Z,2024-06-19T13:00:00Z,33.56
Netherlands,NLD,2024-06-19T12:00:00Z,2024-06-19T14:00:00Z,21.87
Netherlands,NLD,2024-06-19T13:00:00Z,2024-06-19T15:00:00Z,13.44
Netherlands,NLD,2024-06-19T14:00:00Z,2024-06-19T16:00:00Z,30.03
Netherlands,NLD,2024-06-19T15:00:00Z,2024-06-19T17:00:00Z,64.16
Netherlands,NLD,2024-06-19T16:00:00Z,2024-06-19T18:00:00Z,79.78
Netherlands,NLD,2024-06-19T17:00:00Z,2024-06-19T19:00:00Z,99.89
Netherlands,NLD,2024-06-19T18:00:00Z,2024-06-19T20:00:00Z,122.69
Netherlands,NLD,2024-06-19T19:00:00Z,2024-06-19T21:00:00Z,117.7
Netherlands,NLD,2024-06-19T20:00:00Z,2024-06-19T22:00:00Z,109.2
Netherlands,NLD,2024-06-19T21:00:00Z,2024-06-19T23:00:00Z,93.31
Netherlands,NLD,2024-06-19T22:00:00Z,2024-06-20T00:00:00Z,86.09
Netherlands,NLD,2024-06-19T23:00:00Z,2024-06-20T01:00:00Z,81.56
Netherlands,NLD,2024-06-20T00:00:00Z,2024-06-20T02:00:00Z,78.96
Netherlands,NLD,2024-06-20T01:00:00Z,2024-06-20T03:00:00Z,79.05
Netherlands,NLD,2024-06-20T02:00:00Z,2024-06-20T04:00:00Z,83.6
Netherlands,NLD,2024-06-20T03:00:00Z,2024-06-20T05:00:00Z,87.72
Netherlands,NLD,2024-06-20T04:00:00Z,2024-06-20T06:00:00Z,111.36
Netherlands,NLD,2024-06-20T05:00:00Z,2024-06-20T07:00:00Z,112.63
Netherlands,NLD,2024-06-20T06:00:00Z,2024-06-20T08:00:00Z,102.99
Netherlands,NLD,2024-06-20T07:00:00Z,2024-06-20T09:00:00Z,81.09
Netherlands,NLD,2024-06-20T08:00:00Z,2024-06-20T10:00:00Z,70
Netherlands,NLD,2024-06-20T09:00:00Z,2024-06-20T11:00:00Z,60.08
Netherlands,NLD,2024-06-20T10:00:00Z,2024-06-20T12:00:00Z,56.87
Netherlands,NLD,2024-06-20T11:00:00Z,2024-06-20T13:00:00Z,55.21
Netherlands,NLD,2024-06-20T12:00:00Z,2024-06-20T14:00:00Z,58.59
Netherlands,NLD,2024-06-20T13:00:00Z,2024-06-20T15:00:00Z,67.72
Netherlands,NLD,2024-06-20T14:00:00Z,2024-06-20T16:00:00Z,76.39
Netherlands,NLD,2024-06-20T15:00:00Z,2024-06-20T17:00:00Z,89.04
Netherlands,NLD,2024-06-20T16:00:00Z,2024-06-20T18:00:00Z,107.48
Netherlands,NLD,2024-06-20T17:00:00Z,2024-06-20T19:00:00Z,138.38
Netherlands,NLD,2024-06-20T18:00:00Z,2024-06-20T20:00:00Z,170.48
Netherlands,NLD,2024-06-20T19:00:00Z,2024-06-20T21:00:00Z,129.93
Netherlands,NLD,2024-06-20T20:00:00Z,2024-06-20T22:00:00Z,112.2
Netherlands,NLD,2024-06-20T21:00:00Z,2024-06-20T23:00:00Z,95.32
Netherlands,NLD,2024-06-20T22:00:00Z,2024-06-21T00:00:00Z,100.94
Netherlands,NLD,2024-06-20T23:00:00Z,2024-06-21T01:00:00Z,90.88
Netherlands,NLD,2024-06-21T00:00:00Z,2024-06-21T02:00:00Z,89.95
Netherlands,NLD,2024-06-21T01:00:00Z,2024-06-21T03:00:00Z,87.46
Netherlands,NLD,2024-06-21T02:00:00Z,2024-06-21T04:00:00Z,84.5
Netherlands,NLD,2024-06-21T03:00:00Z,2024-06-21T05:00:00Z,85.38
Netherlands,NLD,2024-06-21T04:00:00Z,2024-06-21T06:00:00Z,96
Netherlands,NLD,2024-06-21T05:00:00Z,2024-06-21T07:00:00Z,120.9
Netherlands,NLD,2024-06-21T06:00:00Z,2024-06-21T08:00:00Z,120.85
Netherlands,NLD,2024-06-21T07:00:00Z,2024-06-21T09:00:00Z,111.67
Netherlands,NLD,2024-06-21T08:00:00Z,2024-06-21T10:00:00Z,100.65
Netherlands,NLD,2024-06-21T09:00:00Z,2024-06-21T11:00:00Z,89.94
Netherlands,NLD,2024-06-21T10:00:00Z,2024-06-21T12:00:00Z,88.54
Netherlands,NLD,2024-06-21T11:00:00Z,2024-06-21T13:00:00Z,81.9
Netherlands,NLD,2024-06-21T12:00:00Z,2024-06-21T14:00:00Z,73.77
Netherlands,NLD,2024-06-21T13:00:00Z,2024-06-21T15:00:00Z,74.32
Netherlands,NLD,2024-06-21T14:00:00Z,2024-06-21T16:00:00Z,78.75
Netherlands,NLD,2024-06-21T15:00:00Z,2024-06-21T17:00:00Z,91.72
Netherlands,NLD,2024-06-21T16:00:00Z,2024-06-21T18:00:00Z,99.74
Netherlands,NLD,2024-06-21T17:00:00Z,2024-06-21T19:00:00Z,109.56
Netherlands,NLD,2024-06-21T18:00:00Z,2024-06-21T20:00:00Z,112
Netherlands,NLD,2024-06-21T19:00:00Z,2024-06-21T21:00:00Z,105.53
Netherlands,NLD,2024-06-21T20:00:00Z,2024-06-21T22:00:00Z,96.3
Netherlands,NLD,2024-06-21T21:00:00Z,2024-06-21T23:00:00Z,82.69
Netherlands,NLD,2024-06-21T22:00:00Z,2024-06-22T00:00:00Z,80.78
Netherlands,NLD,2024-06-21T23:00:00Z,2024-06-22T01:00:00Z,70.87
Netherlands,NLD,2024-06-22T00:00:00Z,2024-06-22T02:00:00Z,61.8
Netherlands,NLD,2024-06-22T01:00:00Z,2024-06-22T03:00:00Z,50.5
Netherlands,NLD,2024-06-22T02:00:00Z,2024-06-22T04:00:00Z,49.62
Netherlands,NLD,2024-06-22T03:00:00Z,2024-06-22T05:00:00Z,46.47
Netherlands,NLD,2024-06-22T04:00:00Z,2024-06-22T06:00:00Z,58.15
Netherlands,NLD,2024-06-22T05:00:00Z,2024-06-22T07:00:00Z,48.71
Netherlands,NLD,2024-06-22T06:00:00Z,2024-06-22T08:00:00Z,43.79
Netherlands,NLD,2024-06-22T07:00:00Z,2024-06-22T09:00:00Z,34.65
Netherlands,NLD,2024-06-22T08:00:00Z,2024-06-22T10:00:00Z,12.54
Netherlands,NLD,2024-06-22T09:00:00Z,2024-06-22T11:00:00Z,3.59
Netherlands,NLD,2024-06-22T10:00:00Z,2024-06-22T12:00:00Z,2.65
Netherlands,NLD,2024-06-22T11:00:00Z,2024-06-22T13:00:00Z,0.03
Netherlands,NLD,2024-06-22T12:00:00Z,2024-06-22T14:00:00Z,-0.01
Netherlands,NLD,2024-06-22T13:00:00Z,2024-06-22T15:00:00Z,0.08
Netherlands,NLD,2024-06-22T14:00:00Z,2024-06-22T16:00:00Z,4.51
Netherlands,NLD,2024-06-22T15:00:00Z,2024-06-22T17:00:00Z,38.48
Netherlands,NLD,2024-06-22T16:00:00Z,2024-06-22T18:00:00Z,75.3
Netherlands,NLD,2024-06-22T17:00:00Z,2024-06-22T19:00:00Z,107.8
Netherlands,NLD,2024-06-22T18:00:00Z,2024-06-22T20:00:00Z,122.36
Netherlands,NLD,2024-06-22T19:00:00Z,2024-06-22T21:00:00Z,124.05
Netherlands,NLD,2024-06-22T20:00:00Z,2024-06-22T22:00:00Z,111.25
Netherlands,NLD,2024-06-22T21:00:00Z,2024-06-22T23:00:00Z,90.99
Netherlands,NLD,2024-06-22T22:00:00Z,2024-06-23T00:00:00Z,98.06
Netherlands,NLD,2024-06-22T23:00:00Z,2024-06-23T01:00:00Z,85.26
Netherlands,NLD,2024-06-23T00:00:00Z,2024-06-23T02:00:00Z,84.96
Netherlands,NLD,2024-06-23T01:00:00Z,2024-06-23T03:00:00Z,80.19
Netherlands,NLD,2024-06-23T02:00:00Z,2024-06-23T04:00:00Z,78.3
Netherlands,NLD,2024-06-23T03:00:00Z,2024-06-23T05:00:00Z,75.6
Netherlands,NLD,2024-06-23T04:00:00Z,2024-06-23T06:00:00Z,71.45
Netherlands,NLD,2024-06-23T05:00:00Z,2024-06-23T07:00:00Z,48.15
Netherlands,NLD,2024-06-23T06:00:00Z,2024-06-23T08:00:00Z,17.97
Netherlands,NLD,2024-06-23T07:00:00Z,2024-06-23T09:00:00Z,4.24
Netherlands,NLD,2024-06-23T08:00:00Z,2024-06-23T10:00:00Z,0
Netherlands,NLD,2024-06-23T09:00:00Z,2024-06-23T11:00:00Z,-0.05
Netherlands,NLD,2024-06-23T10:00:00Z,2024-06-23T12:00:00Z,-0.1
Netherlands,NLD,2024-06-23T11:00:00Z,2024-06-23T13:00:00Z,-1.03
Netherlands,NLD,2024-06-23T12:00:00Z,2024-06-23T14:00:00Z,-2.21
Netherlands,NLD,2024-06-23T13:00:00Z,2024-06-23T15:00:00Z,-2.04
Netherlands,NLD,2024-06-23T14:00:00Z,2024-06-23T16:00:00Z,-0.23
Netherlands,NLD,2024-06-23T15:00:00Z,2024-06-23T17:00:00Z,18.97
Netherlands,NLD,2024-06-23T16:00:00Z,2024-06-23T18:00:00Z,63.6
Netherlands,NLD,2024-06-23T17:00:00Z,2024-06-23T19:00:00Z,91.72
Netherlands,NLD,2024-06-23T18:00:00Z,2024-06-23T20:00:00Z,113.5
Netherlands,NLD,2024-06-23T19:00:00Z,2024-06-23T21:00:00Z,125.01
Netherlands,NLD,2024-06-23T20:00:00Z,2024-06-23T22:00:00Z,120.1
Netherlands,NLD,2024-06-23T21:00:00Z,2024-06-23T23:00:00Z,99.9
Netherlands,NLD,2024-06-23T22:00:00Z,2024-06-24T00:00:00Z,105.63
Netherlands,NLD,2024-06-23T23:00:00Z,2024-06-24T01:00:00Z,95.1
Netherlands,NLD,2024-06-24T00:00:00Z,2024-06-24T02:00:00Z,89.93
Netherlands,NLD,2024-06-24T01:00:00Z,2024-06-24T03:00:00Z,84.9
Netherlands,NLD,2024-06-24T02:00:00Z,2024-06-24T04:00:00Z,87.45
Netherlands,NLD,2024-06-24T03:00:00Z,2024-06-24T05:00:00Z,98.71
Netherlands,NLD,2024-06-24T04:00:00Z,2024-06-24T06:00:00Z,133.14
Netherlands,NLD,2024-06-24T05:00:00Z,2024-06-24T07:00:00Z,129.35
Netherlands,NLD,2024-06-24T06:00:00Z,2024-06-24T08:00:00Z,98.64
Netherlands,NLD,2024-06-24T07:00:00Z,2024-06-24T09:00:00Z,75.6
Netherlands,NLD,2024-06-24T08:00:00Z,2024-06-24T10:00:00Z,50.62
Netherlands,NLD,2024-06-24T09:00:00Z,2024-06-24T11:00:00Z,34.3
Netherlands,NLD,2024-06-24T10:00:00Z,2024-06-24T12:00:00Z,31.08
Netherlands,NLD,2024-06-24T11:00:00Z,2024-06-24T13:00:00Z,27.54
Netherlands,NLD,2024-06-24T12:00:00Z,2024-06-24T14:00:00Z,26
Netherlands,NLD,2024-06-24T13:00:00Z,2024-06-24T15:00:00Z,31.84
Netherlands,NLD,2024-06-24T14:00:00Z,2024-06-24T16:00:00Z,62.23
Netherlands,NLD,2024-06-24T15:00:00Z,2024-06-24T17:00:00Z,79.89
Netherlands,NLD,2024-06-24T16:00:00Z,2024-06-24T18:00:00Z,93.1
Netherlands,NLD,2024-06-24T17:00:00Z,2024-06-24T19:00:00Z,151.9
Netherlands,NLD,2024-06-24T18:00:00Z,2024-06-24T20:00:00Z,203.34
Netherlands,NLD,2024-06-24T19:00:00Z,2024-06-24T21:00:00Z,156.07
Netherlands,NLD,2024-06-24T20:00:00Z,2024-06-24T22:00:00Z,117.4
Netherlands,NLD,2024-06-24T21:00:00Z,2024-06-24T23:00:00Z,92.35
Netherlands,NLD,2024-06-24T22:00:00Z,2024-06-25T00:00:00Z,88.8
Netherlands,NLD,2024-06-24T23:00:00Z,2024-06-25T01:00:00Z,84.8
Netherlands,NLD,2024-06-25T00:00:00Z,2024-06-25T02:00:00Z,84.78
Netherlands,NLD,2024-06-25T01:00:00Z,2024-06-25T03:00:00Z,85.22
Netherlands,NLD,2024-06-25T02:00:00Z,2024-06-25T04:00:00Z,85.5
Netherlands,NLD,2024-06-25T03:00:00Z,2024-06-25T05:00:00Z,94.9
Netherlands,NLD,2024-06-25T04:00:00Z,2024-06-25T06:00:00Z,114.8
Netherlands,NLD,2024-06-25T05:00:00Z,2024-06-25T07:00:00Z,122
Netherlands,NLD,2024-06-25T06:00:00Z,2024-06-25T08:00:00Z,103.8
Netherlands,NLD,2024-06-25T07:00:00Z,2024-06-25T09:00:00Z,74.64
Netherlands,NLD,2024-06-25T08:00:00Z,2024-06-25T10:00:00Z,35.69
Netherlands,NLD,2024-06-25T09:00:00Z,2024-06-25T11:00:00Z,11.8
Netherlands,NLD,2024-06-25T10:00:00Z,2024-06-25T12:00:00Z,-9.1
Netherlands,NLD,2024-06-25T11:00:00Z,2024-06-25T13:00:00Z,-20
Netherlands,NLD,2024-06-25T12:00:00Z,2024-06-25T14:00:00Z,-12.89
Netherlands,NLD,2024-06-25T13:00:00Z,2024-06-25T15:00:00Z,9.5
Netherlands,NLD,2024-06-25T14:00:00Z,2024-06-25T16:00:00Z,25
Netherlands,NLD,2024-06-25T15:00:00Z,2024-06-25T17:00:00Z,62.9
Netherlands,NLD,2024-06-25T16:00:00Z,2024-06-25T18:00:00Z,78.9
Netherlands,NLD,2024-06-25T17:00:00Z,2024-06-25T19:00:00Z,107.74
Netherlands,NLD,2024-06-25T18:00:00Z,2024-06-25T20:00:00Z,125.89
Netherlands,NLD,2024-06-25T19:00:00Z,2024-06-25T21:00:00Z,122.09
Netherlands,NLD,2024-06-25T20:00:00Z,2024-06-25T22:00:00Z,106.57
Netherlands,NLD,2024-06-25T21:00:00Z,2024-06-25T23:00:00Z,89.95
Netherlands,NLD,2024-06-25T22:00:00Z,2024-06-26T00:00:00Z,107.27
Netherlands,NLD,2024-06-25T23:00:00Z,2024-06-26T01:00:00Z,99.91
Netherlands,NLD,2024-06-26T00:00:00Z,2024-06-26T02:00:00Z,95.32
Netherlands,NLD,2024-06-26T01:00:00Z,2024-06-26T03:00:00Z,95.46
Netherlands,NLD,2024-06-26T02:00:00Z,2024-06-26T04:00:00Z,91.69
Netherlands,NLD,2024-06-26T03:00:00Z,2024-06-26T05:00:00Z,97.05
Netherlands,NLD,2024-06-26T04:00:00Z,2024-06-26T06:00:00Z,108.74
Netherlands,NLD,2024-06-26T05:00:00Z,2024-06-26T07:00:00Z,130
Netherlands,NLD,2024-06-26T06:00:00Z,2024-06-26T08:00:00Z,121.1
Netherlands,NLD,2024-06-26T07:00:00Z,2024-06-26T09:00:00Z,101.76
Netherlands,NLD,2024-06-26T08:00:00Z,2024-06-26T10:00:00Z,89.88
Netherlands,NLD,2024-06-26T09:00:00Z,2024-06-26T11:00:00Z,84.17
Netherlands,NLD,2024-06-26T10:00:00Z,2024-06-26T12:00:00Z,78.64
Netherlands,NLD,2024-06-26T11:00:00Z,2024-06-26T13:00:00Z,76.54
Netherlands,NLD,2024-06-26T12:00:00Z,2024-06-26T14:00:00Z,80
Netherlands,NLD,2024-06-26T13:00:00Z,2024-06-26T15:00:00Z,90.49
Netherlands,NLD,2024-06-26T14:00:00Z,2024-06-26T16:00:00Z,99.91
Netherlands,NLD,2024-06-26T15:00:00Z,2024-06-26T17:00:00Z,105.86
Netherlands,NLD,2024-06-26T16:00:00Z,2024-06-26T18:00:00Z,107.31
Netherlands,NLD,2024-06-26T17:00:00Z,2024-06-26T19:00:00Z,134.26
Netherlands,NLD,2024-06-26T18:00:00Z,2024-06-26T20:00:00Z,144.06
Netherlands,NLD,2024-06-26T19:00:00Z,2024-06-26T21:00:00Z,130.48
Netherlands,NLD,2024-06-26T20:00:00Z,2024-06-26T22:00:00Z,117.48
Netherlands,NLD,2024-06-26T21:00:00Z,2024-06-26T23:00:00Z,110
Netherlands,NLD,2024-06-26T22:00:00Z,2024-06-27T00:00:00Z,96
Netherlands,NLD,2024-06-26T23:00:00Z,2024-06-27T01:00:00Z,86.91
Netherlands,NLD,2024-06-27T00:00:00Z,2024-06-27T02:00:00Z,80.5
Netherlands,NLD,2024-06-27T01:00:00Z,2024-06-27T03:00:00Z,82.84
Netherlands,NLD,2024-06-27T02:00:00Z,2024-06-27T04:00:00Z,78
Netherlands,NLD,2024-06-27T03:00:00Z,2024-06-27T05:00:00Z,83.24
Netherlands,NLD,2024-06-27T04:00:00Z,2024-06-27T06:00:00Z,114
Netherlands,NLD,2024-06-27T05:00:00Z,2024-06-27T07:00:00Z,124.01
Netherlands,NLD,2024-06-27T06:00:00Z,2024-06-27T08:00:00Z,115
Netherlands,NLD,2024-06-27T07:00:00Z,2024-06-27T09:00:00Z,88.88
Netherlands,NLD,2024-06-27T08:00:00Z,2024-06-27T10:00:00Z,67.08
Netherlands,NLD,2024-06-27T09:00:00Z,2024-06-27T11:00:00Z,49.61
Netherlands,NLD,2024-06-27T10:00:00Z,2024-06-27T12:00:00Z,25
Netherlands,NLD,2024-06-27T11:00:00Z,2024-06-27T13:00:00Z,0
Netherlands,NLD,2024-06-27T12:00:00Z,2024-06-27T14:00:00Z,-0.07
Netherlands,NLD,2024-06-27T13:00:00Z,2024-06-27T15:00:00Z,0
Netherlands,NLD,2024-06-27T14:00:00Z,2024-06-27T16:00:00Z,19.52
Netherlands,NLD,2024-06-27T15:00:00Z,2024-06-27T17:00:00Z,45.44
Netherlands,NLD,2024-06-27T16:00:00Z,2024-06-27T18:00:00Z,70.73
Netherlands,NLD,2024-06-27T17:00:00Z,2024-06-27T19:00:00Z,99
Netherlands,NLD,2024-06-27T18:00:00Z,2024-06-27T20:00:00Z,132
Netherlands,NLD,2024-06-27T19:00:00Z,2024-06-27T21:00:00Z,125
Netherlands,NLD,2024-06-27T20:00:00Z,2024-06-27T22:00:00Z,106.9
Netherlands,NLD,2024-06-27T21:00:00Z,2024-06-27T23:00:00Z,99.48
Netherlands,NLD,2024-06-27T22:00:00Z,2024-06-28T00:00:00Z,90.71
Netherlands,NLD,2024-06-27T23:00:00Z,2024-06-28T01:00:00Z,89.91
Netherlands,NLD,2024-06-28T00:00:00Z,2024-06-28T02:00:00Z,80.45
Netherlands,NLD,2024-06-28T01:00:00Z,2024-06-28T03:00:00Z,74.77
Netherlands,NLD,2024-06-28T02:00:00Z,2024-06-28T04:00:00Z,78.3
Netherlands,NLD,2024-06-28T03:00:00Z,2024-06-28T05:00:00Z,84.9
Netherlands,NLD,2024-06-28T04:00:00Z,2024-06-28T06:00:00Z,110.75
Netherlands,NLD,2024-06-28T05:00:00Z,2024-06-28T07:00:00Z,90.92
Netherlands,NLD,2024-06-28T06:00:00Z,2024-06-28T08:00:00Z,75.57
Netherlands,NLD,2024-06-28T07:00:00Z,2024-06-28T09:00:00Z,25.8
Netherlands,NLD,2024-06-28T08:00:00Z,2024-06-28T10:00:00Z,0
Netherlands,NLD,2024-06-28T09:00:00Z,2024-06-28T11:00:00Z,-10.06
Netherlands,NLD,2024-06-28T10:00:00Z,2024-06-28T12:00:00Z,-20
Netherlands,NLD,2024-06-28T11:00:00Z,2024-06-28T13:00:00Z,-30
Netherlands,NLD,2024-06-28T12:00:00Z,2024-06-28T14:00:00Z,-30
Netherlands,NLD,2024-06-28T13:00:00Z,2024-06-28T15:00:00Z,-15.1
Netherlands,NLD,2024-06-28T14:00:00Z,2024-06-28T16:00:00Z,-7.92
Netherlands,NLD,2024-06-28T15:00:00Z,2024-06-28T17:00:00Z,1
Netherlands,NLD,2024-06-28T16:00:00Z,2024-06-28T18:00:00Z,45
Netherlands,NLD,2024-06-28T17:00:00Z,2024-06-28T19:00:00Z,87.02
Netherlands,NLD,2024-06-28T18:00:00Z,2024-06-28T20:00:00Z,110.13
Netherlands,NLD,2024-06-28T19:00:00Z,2024-06-28T21:00:00Z,137.48
Netherlands,NLD,2024-06-28T20:00:00Z,2024-06-28T22:00:00Z,126.2
Netherlands,NLD,2024-06-28T21:00:00Z,2024-06-28T23:00:00Z,108.85
Netherlands,NLD,2024-06-28T22:00:00Z,2024-06-29T00:00:00Z,110.71
Netherlands,NLD,2024-06-28T23:00:00Z,2024-06-29T01:00:00Z,108.29
Netherlands,NLD,2024-06-29T00:00:00Z,2024-06-29T02:00:00Z,107.95
Netherlands,NLD,2024-06-29T01:00:00Z,2024-06-29T03:00:00Z,107.19
Netherlands,NLD,2024-06-29T02:00:00Z,2024-06-29T04:00:00Z,105.34
Netherlands,NLD,2024-06-29T03:00:00Z,2024-06-29T05:00:00Z,102.13
Netherlands,NLD,2024-06-29T04:00:00Z,2024-06-29T06:00:00Z,94.97
Netherlands,NLD,2024-06-29T05:00:00Z,2024-06-29T07:00:00Z,82.2
Netherlands,NLD,2024-06-29T06:00:00Z,2024-06-29T08:00:00Z,65.86
Netherlands,NLD,2024-06-29T07:00:00Z,2024-06-29T09:00:00Z,29.58
Netherlands,NLD,2024-06-29T08:00:00Z,2024-06-29T10:00:00Z,5.04
Netherlands,NLD,2024-06-29T09:00:00Z,2024-06-29T11:00:00Z,0.04
Netherlands,NLD,2024-06-29T10:00:00Z,2024-06-29T12:00:00Z,-0.01
Netherlands,NLD,2024-06-29T11:00:00Z,2024-06-29T13:00:00Z,-0.24
Netherlands,NLD,2024-06-29T12:00:00Z,2024-06-29T14:00:00Z,-0.08
Netherlands,NLD,2024-06-29T13:00:00Z,2024-06-29T15:00:00Z,1.36
Netherlands,NLD,2024-06-29T14:00:00Z,2024-06-29T16:00:00Z,12.1
Netherlands,NLD,2024-06-29T15:00:00Z,2024-06-29T17:00:00Z,68.34
Netherlands,NLD,2024-06-29T16:00:00Z,2024-06-29T18:00:00Z,103.25
Netherlands,NLD,2024-06-29T17:00:00Z,2024-06-29T19:00:00Z,126.93
Netherlands,NLD,2024-06-29T18:00:00Z,2024-06-29T20:00:00Z,139
Netherlands,NLD,2024-06-29T19:00:00Z,2024-06-29T21:00:00Z,113.5
Netherlands,NLD,2024-06-29T20:00:00Z,2024-06-29T22:00:00Z,100.1
Netherlands,NLD,2024-06-29T21:00:00Z,2024-06-29T23:00:00Z,93.81
Netherlands,NLD,2024-06-29T22:00:00Z,2024-06-30T00:00:00Z,80.7
Netherlands,NLD,2024-06-29T23:00:00Z,2024-06-30T01:00:00Z,83
Netherlands,NLD,2024-06-30T00:00:00Z,2024-06-30T02:00:00Z,75.3
Netherlands,NLD,2024-06-30T01:00:00Z,2024-06-30T03:00:00Z,67.05
Netherlands,NLD,2024-06-30T02:00:00Z,2024-06-30T04:00:00Z,64.36
Netherlands,NLD,2024-06-30T03:00:00Z,2024-06-30T05:00:00Z,51.39
Netherlands,NLD,2024-06-30T04:00:00Z,2024-06-30T06:00:00Z,51.56
Netherlands,NLD,2024-06-30T05:00:00Z,2024-06-30T07:00:00Z,20.42
Netherlands,NLD,2024-06-30T06:00:00Z,2024-06-30T08:00:00Z,6.83
Netherlands,NLD,2024-06-30T07:00:00Z,2024-06-30T09:00:00Z,0.82
Netherlands,NLD,2024-06-30T08:00:00Z,2024-06-30T10:00:00Z,0
Netherlands,NLD,2024-06-30T09:00:00Z,2024-06-30T11:00:00Z,0
Netherlands,NLD,2024-06-30T10:00:00Z,2024-06-30T12:00:00Z,-0.02
Netherlands,NLD,2024-06-30T11:00:00Z,2024-06-30T13:00:00Z,-1.51
Netherlands,NLD,2024-06-30T12:00:00Z,2024-06-30T14:00:00Z,-1.09
Netherlands,NLD,2024-06-30T13:00:00Z,2024-06-30T15:00:00Z,0
Netherlands,NLD,2024-06-30T14:00:00Z,2024-06-30T16:00:00Z,0.92
Netherlands,NLD,2024-06-30T15:00:00Z,2024-06-30T17:00:00Z,30.92
Netherlands,NLD,2024-06-30T16:00:00Z,2024-06-30T18:00:00Z,75.75
Netherlands,NLD,2024-06-30T17:00:00Z,2024-06-30T19:00:00Z,87.26
Netherlands,NLD,2024-06-30T18:00:00Z,2024-06-30T20:00:00Z,99.9
Netherlands,NLD,2024-06-30T19:00:00Z,2024-06-30T21:00:00Z,104
Netherlands,NLD,2024-06-30T20:00:00Z,2024-06-30T22:00:00Z,107.28
Netherlands,NLD,2024-06-30T21:00:00Z,2024-06-30T23:00:00Z,93.2
Netherlands,NLD,2024-06-30T22:00:00Z,2024-07-01T00:00:00Z,94.73
Netherlands,NLD,2024-06-30T23:00:00Z,2024-07-01T01:00:00Z,85.7
Netherlands,NLD,2024-07-01T00:00:00Z,2024-07-01T02:00:00Z,78.19
Netherlands,NLD,2024-07-01T01:00:00Z,2024-07-01T03:00:00Z,78.01
Netherlands,NLD,2024-07-01T02:00:00Z,2024-07-01T04:00:00Z,79.04
Netherlands,NLD,2024-07-01T03:00:00Z,2024-07-01T05:00:00Z,80.23
Netherlands,NLD,2024-07-01T04:00:00Z,2024-07-01T06:00:00Z,121.66
Netherlands,NLD,2024-07-01T05:00:00Z,2024-07-01T07:00:00Z,136.51
Netherlands,NLD,2024-07-01T06:00:00Z,2024-07-01T08:00:00Z,132.4
Netherlands,NLD,2024-07-01T07:00:00Z,2024-07-01T09:00:00Z,109.6
Netherlands,NLD,2024-07-01T08:00:00Z,2024-07-01T10:00:00Z,100.6
Netherlands,NLD,2024-07-01T09:00:00Z,2024-07-01T11:00:00Z,86.09
Netherlands,NLD,2024-07-01T10:00:00Z,2024-07-01T12:00:00Z,73.79
Netherlands,NLD,2024-07-01T11:00:00Z,2024-07-01T13:00:00Z,66.63
Netherlands,NLD,2024-07-01T12:00:00Z,2024-07-01T14:00:00Z,37.74
Netherlands,NLD,2024-07-01T13:00:00Z,2024-07-01T15:00:00Z,29.46
Netherlands,NLD,2024-07-01T14:00:00Z,2024-07-01T16:00:00Z,31.06
Netherlands,NLD,2024-07-01T15:00:00Z,2024-07-01T17:00:00Z,55
Netherlands,NLD,2024-07-01T16:00:00Z,2024-07-01T18:00:00Z,71.91
Netherlands,NLD,2024-07-01T17:00:00Z,2024-07-01T19:00:00Z,98.72
Netherlands,NLD,2024-07-01T18:00:00Z,2024-07-01T20:00:00Z,162.52
Netherlands,NLD,2024-07-01T19:00:00Z,2024-07-01T21:00:00Z,126.36
Netherlands,NLD,2024-07-01T20:00:00Z,2024-07-01T22:00:00Z,108.2
Netherlands,NLD,2024-07-01T21:00:00Z,2024-07-01T23:00:00Z,87.65
Netherlands,NLD,2024-07-01T22:00:00Z,2024-07-02T00:00:00Z,83
Netherlands,NLD,2024-07-01T23:00:00Z,2024-07-02T01:00:00Z,76.36
Netherlands,NLD,2024-07-02T00:00:00Z,2024-07-02T02:00:00Z,76.38
Netherlands,NLD,2024-07-02T01:00:00Z,2024-07-02T03:00:00Z,75.74
Netherlands,NLD,2024-07-02T02:00:00Z,2024-07-02T04:00:00Z,76.37
Netherlands,NLD,2024-07-02T03:00:00Z,2024-07-02T05:00:00Z,77.09
Netherlands,NLD,2024-07-02T04:00:00Z,2024-07-02T06:00:00Z,91.6
Netherlands,NLD,2024-07-02T05:00:00Z,2024-07-02T07:00:00Z,98.23
Netherlands,NLD,2024-07-02T06:00:00Z,2024-07-02T08:00:00Z,102.84
Netherlands,NLD,2024-07-02T07:00:00Z,2024-07-02T09:00:00Z,100
Netherlands,NLD,2024-07-02T08:00:00Z,2024-07-02T10:00:00Z,87.81
Netherlands,NLD,2024-07-02T09:00:00Z,2024-07-02T11:00:00Z,71
Netherlands,NLD,2024-07-02T10:00:00Z,2024-07-02T12:00:00Z,63.75
Netherlands,NLD,2024-07-02T11:00:00Z,2024-07-02T13:00:00Z,60.36
Netherlands,NLD,2024-07-02T12:00:00Z,2024-07-02T14:00:00Z,52.32
Netherlands,NLD,2024-07-02T13:00:00Z,2024-07-02T15:00:00Z,50.72
Netherlands,NLD,2024-07-02T14:00:00Z,2024-07-02T16:00:00Z,62.7
Netherlands,NLD,2024-07-02T15:00:00Z,2024-07-02T17:00:00Z,64.84
Netherlands,NLD,2024-07-02T16:00:00Z,2024-07-02T18:00:00Z,78.16
Netherlands,NLD,2024-07-02T17:00:00Z,2024-07-02T19:00:00Z,99.95
Netherlands,NLD,2024-07-02T18:00:00Z,2024-07-02T20:00:00Z,111.45
Netherlands,NLD,2024-07-02T19:00:00Z,2024-07-02T21:00:00Z,110.25
Netherlands,NLD,2024-07-02T20:00:00Z,2024-07-02T22:00:00Z,108.94
Netherlands,NLD,2024-07-02T21:00:00Z,2024-07-02T23:00:00Z,98.65
Netherlands,NLD,2024-07-02T22:00:00Z,2024-07-03T00:00:00Z,167.25
Netherlands,NLD,2024-07-02T23:00:00Z,2024-07-03T01:00:00Z,109.9
Netherlands,NLD,2024-07-03T00:00:00Z,2024-07-03T02:00:00Z,94.9
Netherlands,NLD,2024-07-03T01:00:00Z,2024-07-03T03:00:00Z,82.7
Netherlands,NLD,2024-07-03T02:00:00Z,2024-07-03T04:00:00Z,82.7
Netherlands,NLD,2024-07-03T03:00:00Z,2024-07-03T05:00:00Z,79.9
Netherlands,NLD,2024-07-03T04:00:00Z,2024-07-03T06:00:00Z,95.68
Netherlands,NLD,2024-07-03T05:00:00Z,2024-07-03T07:00:00Z,113.29
Netherlands,NLD,2024-07-03T06:00:00Z,2024-07-03T08:00:00Z,113
Netherlands,NLD,2024-07-03T07:00:00Z,2024-07-03T09:00:00Z,98
Netherlands,NLD,2024-07-03T08:00:00Z,2024-07-03T10:00:00Z,87.88
Netherlands,NLD,2024-07-03T09:00:00Z,2024-07-03T11:00:00Z,90.41
Netherlands,NLD,2024-07-03T10:00:00Z,2024-07-03T12:00:00Z,89.9
Netherlands,NLD,2024-07-03T11:00:00Z,2024-07-03T13:00:00Z,80
Netherlands,NLD,2024-07-03T12:00:00Z,2024-07-03T14:00:00Z,61.64
Netherlands,NLD,2024-07-03T13:00:00Z,2024-07-03T15:00:00Z,59.47
Netherlands,NLD,2024-07-03T14:00:00Z,2024-07-03T16:00:00Z,60.09
Netherlands,NLD,2024-07-03T15:00:00Z,2024-07-03T17:00:00Z,79.17
Netherlands,NLD,2024-07-03T16:00:00Z,2024-07-03T18:00:00Z,93.56
Netherlands,NLD,2024-07-03T17:00:00Z,2024-07-03T19:00:00Z,111.45
Netherlands,NLD,2024-07-03T18:00:00Z,2024-07-03T20:00:00Z,154.18
Netherlands,NLD,2024-07-03T19:00:00Z,2024-07-03T21:00:00Z,105.13
Netherlands,NLD,2024-07-03T20:00:00Z,2024-07-03T22:00:00Z,87.39
Netherlands,NLD,2024-07-03T21:00:00Z,2024-07-03T23:00:00Z,69.37
Netherlands,NLD,2024-07-03T22:00:00Z,2024-07-04T00:00:00Z,58.5
Netherlands,NLD,2024-07-03T23:00:00Z,2024-07-04T01:00:00Z,35
Netherlands,NLD,2024-07-04T00:00:00Z,2024-07-04T02:00:00Z,16.35
Netherlands,NLD,2024-07-04T01:00:00Z,2024-07-04T03:00:00Z,10
Netherlands,NLD,2024-07-04T02:00:00Z,2024-07-04T04:00:00Z,7.43
Netherlands,NLD,2024-07-04T03:00:00Z,2024-07-04T05:00:00Z,7.35
Netherlands,NLD,2024-07-04T04:00:00Z,2024-07-04T06:00:00Z,31.25
Netherlands,NLD,2024-07-04T05:00:00Z,2024-07-04T07:00:00Z,34.91
Netherlands,NLD,2024-07-04T06:00:00Z,2024-07-04T08:00:00Z,32.86
Netherlands,NLD,2024-07-04T07:00:00Z,2024-07-04T09:00:00Z,22.23
Netherlands,NLD,2024-07-04T08:00:00Z,2024-07-04T10:00:00Z,-10
Netherlands,NLD,2024-07-04T09:00:00Z,2024-07-04T11:00:00Z,-35.69
Netherlands,NLD,2024-07-04T10:00:00Z,2024-07-04T12:00:00Z,-70
Netherlands,NLD,2024-07-04T11:00:00Z,2024-07-04T13:00:00Z,-137.8
Netherlands,NLD,2024-07-04T12:00:00Z,2024-07-04T14:00:00Z,-149
Netherlands,NLD,2024-07-04T13:00:00Z,2024-07-04T15:00:00Z,-80
Netherlands,NLD,2024-07-04T14:00:00Z,2024-07-04T16:00:00Z,-51.34
Netherlands,NLD,2024-07-04T15:00:00Z,2024-07-04T17:00:00Z,-31.18
Netherlands,NLD,2024-07-04T16:00:00Z,2024-07-04T18:00:00Z,-5
Netherlands,NLD,2024-07-04T17:00:00Z,2024-07-04T19:00:00Z,40.77
Netherlands,NLD,2024-07-04T18:00:00Z,2024-07-04T20:00:00Z,81.86
Netherlands,NLD,2024-07-04T19:00:00Z,2024-07-04T21:00:00Z,107.98
Netherlands,NLD,2024-07-04T20:00:00Z,2024-07-04T22:00:00Z,82.8
Netherlands,NLD,2024-07-04T21:00:00Z,2024-07-04T23:00:00Z,61.27
Netherlands,NLD,2024-07-04T22:00:00Z,2024-07-05T00:00:00Z,13.54
Netherlands,NLD,2024-07-04T23:00:00Z,2024-07-05T01:00:00Z,6.37
Netherlands,NLD,2024-07-05T00:00:00Z,2024-07-05T02:00:00Z,4
Netherlands,NLD,2024-07-05T01:00:00Z,2024-07-05T03:00:00Z,2.67
Netherlands,NLD,2024-07-05T02:00:00Z,2024-07-05T04:00:00Z,2.92
Netherlands,NLD,2024-07-05T03:00:00Z,2024-07-05T05:00:00Z,5.72
Netherlands,NLD,2024-07-05T04:00:00Z,2024-07-05T06:00:00Z,20.18
Netherlands,NLD,2024-07-05T05:00:00Z,2024-07-05T07:00:00Z,30.95
Netherlands,NLD,2024-07-05T06:00:00Z,2024-07-05T08:00:00Z,39.7
Netherlands,NLD,2024-07-05T07:00:00Z,2024-07-05T09:00:00Z,18.56
Netherlands,NLD,2024-07-05T08:00:00Z,2024-07-05T10:00:00Z,2.96
Netherlands,NLD,2024-07-05T09:00:00Z,2024-07-05T11:00:00Z,0.42
Netherlands,NLD,2024-07-05T10:00:00Z,2024-07-05T12:00:00Z,0.1
Netherlands,NLD,2024-07-05T11:00:00Z,2024-07-05T13:00:00Z,-0.55
Netherlands,NLD,2024-07-05T12:00:00Z,2024-07-05T14:00:00Z,-0.77
Netherlands,NLD,2024-07-05T13:00:00Z,2024-07-05T15:00:00Z,-0.01
Netherlands,NLD,2024-07-05T14:00:00Z,2024-07-05T16:00:00Z,1.97
Netherlands,NLD,2024-07-05T15:00:00Z,2024-07-05T17:00:00Z,16.97
Netherlands,NLD,2024-07-05T16:00:00Z,2024-07-05T18:00:00Z,64.26
Netherlands,NLD,2024-07-05T17:00:00Z,2024-07-05T19:00:00Z,90.81
Netherlands,NLD,2024-07-05T18:00:00Z,2024-07-05T20:00:00Z,132.64
Netherlands,NLD,2024-07-05T19:00:00Z,2024-07-05T21:00:00Z,132.12
Netherlands,NLD,2024-07-05T20:00:00Z,2024-07-05T22:00:00Z,105.65
Netherlands,NLD,2024-07-05T21:00:00Z,2024-07-05T23:00:00Z,85.29
Netherlands,NLD,2024-07-05T22:00:00Z,2024-07-06T00:00:00Z,85.52
Netherlands,NLD,2024-07-05T23:00:00Z,2024-07-06T01:00:00Z,66.06
Netherlands,NLD,2024-07-06T00:00:00Z,2024-07-06T02:00:00Z,58.94
Netherlands,NLD,2024-07-06T01:00:00Z,2024-07-06T03:00:00Z,43.35
Netherlands,NLD,2024-07-06T02:00:00Z,2024-07-06T04:00:00Z,35.82
Netherlands,NLD,2024-07-06T03:00:00Z,2024-07-06T05:00:00Z,15.03
Netherlands,NLD,2024-07-06T04:00:00Z,2024-07-06T06:00:00Z,5.93
Netherlands,NLD,2024-07-06T05:00:00Z,2024-07-06T07:00:00Z,5.37
Netherlands,NLD,2024-07-06T06:00:00Z,2024-07-06T08:00:00Z,3.4
Netherlands,NLD,2024-07-06T07:00:00Z,2024-07-06T09:00:00Z,0
Netherlands,NLD,2024-07-06T08:00:00Z,2024-07-06T10:00:00Z,-10
Netherlands,NLD,2024-07-06T09:00:00Z,2024-07-06T11:00:00Z,-29.03
Netherlands,NLD,2024-07-06T10:00:00Z,2024-07-06T12:00:00Z,-34.32
Netherlands,NLD,2024-07-06T11:00:00Z,2024-07-06T13:00:00Z,-52.74
Netherlands,NLD,2024-07-06T12:00:00Z,2024-07-06T14:00:00Z,-69.79
Netherlands,NLD,2024-07-06T13:00:00Z,2024-07-06T15:00:00Z,-116.61
Netherlands,NLD,2024-07-06T14:00:00Z,2024-07-06T16:00:00Z,-92.44
Netherlands,NLD,2024-07-06T15:00:00Z,2024-07-06T17:00:00Z,-49.71
Netherlands,NLD,2024-07-06T16:00:00Z,2024-07-06T18:00:00Z,-10
Netherlands,NLD,2024-07-06T17:00:00Z,2024-07-06T19:00:00Z,-2.5
Netherlands,NLD,2024-07-06T18:00:00Z,2024-07-06T20:00:00Z,6.61
Netherlands,NLD,2024-07-06T19:00:00Z,2024-07-06T21:00:00Z,9.59
Netherlands,NLD,2024-07-06T20:00:00Z,2024-07-06T22:00:00Z,18.47
Netherlands,NLD,2024-07-06T21:00:00Z,2024-07-06T23:00:00Z,14.92
Netherlands,NLD,2024-07-06T22:00:00Z,2024-07-07T00:00:00Z,0.46
Netherlands,NLD,2024-07-06T23:00:00Z,2024-07-07T01:00:00Z,0.35
Netherlands,NLD,2024-07-07T00:00:00Z,2024-07-07T02:00:00Z,-0.32
Netherlands,NLD,2024-07-07T01:00:00Z,2024-07-07T03:00:00Z,0
Netherlands,NLD,2024-07-07T02:00:00Z,2024-07-07T04:00:00Z,0.34
Netherlands,NLD,2024-07-07T03:00:00Z,2024-07-07T05:00:00Z,0.25
Netherlands,NLD,2024-07-07T04:00:00Z,2024-07-07T06:00:00Z,0.04
Netherlands,NLD,2024-07-07T05:00:00Z,2024-07-07T07:00:00Z,0
Netherlands,NLD,2024-07-07T06:00:00Z,2024-07-07T08:00:00Z,-0.6
Netherlands,NLD,2024-07-07T07:00:00Z,2024-07-07T09:00:00Z,-6.61
Netherlands,NLD,2024-07-07T08:00:00Z,2024-07-07T10:00:00Z,-10.1
Netherlands,NLD,2024-07-07T09:00:00Z,2024-07-07T11:00:00Z,-12.92
Netherlands,NLD,2024-07-07T10:00:00Z,2024-07-07T12:00:00Z,-13.65
Netherlands,NLD,2024-07-07T11:00:00Z,2024-07-07T13:00:00Z,-22.62
Netherlands,NLD,2024-07-07T12:00:00Z,2024-07-07T14:00:00Z,-21
Netherlands,NLD,2024-07-07T13:00:00Z,2024-07-07T15:00:00Z,-12.21
Netherlands,NLD,2024-07-07T14:00:00Z,2024-07-07T16:00:00Z,-6.28
Netherlands,NLD,2024-07-07T15:00:00Z,2024-07-07T17:00:00Z,-1.59
Netherlands,NLD,2024-07-07T16:00:00Z,2024-07-07T18:00:00Z,58.56
Netherlands,NLD,2024-07-07T17:00:00Z,2024-07-07T19:00:00Z,86.31
Netherlands,NLD,2024-07-07T18:00:00Z,2024-07-07T20:00:00Z,119.05
Netherlands,NLD,2024-07-07T19:00:00Z,2024-07-07T21:00:00Z,127.05
Netherlands,NLD,2024-07-07T20:00:00Z,2024-07-07T22:00:00Z,114.44
Netherlands,NLD,2024-07-07T21:00:00Z,2024-07-07T23:00:00Z,96.86
Netherlands,NLD,2024-07-07T22:00:00Z,2024-07-08T00:00:00Z,81.67
Netherlands,NLD,2024-07-07T23:00:00Z,2024-07-08T01:00:00Z,76.65
Netherlands,NLD,2024-07-08T00:00:00Z,2024-07-08T02:00:00Z,73.3
Netherlands,NLD,2024-07-08T01:00:00Z,2024-07-08T03:00:00Z,76.59
Netherlands,NLD,2024-07-08T02:00:00Z,2024-07-08T04:00:00Z,75.49
Netherlands,NLD,2024-07-08T03:00:00Z,2024-07-08T05:00:00Z,79.44
Netherlands,NLD,2024-07-08T04:00:00Z,2024-07-08T06:00:00Z,110
Netherlands,NLD,2024-07-08T05:00:00Z,2024-07-08T07:00:00Z,123.36
Netherlands,NLD,2024-07-08T06:00:00Z,2024-07-08T08:00:00Z,101.24
Netherlands,NLD,2024-07-08T07:00:00Z,2024-07-08T09:00:00Z,77.86
Netherlands,NLD,2024-07-08T08:00:00Z,2024-07-08T10:00:00Z,54.2
Netherlands,NLD,2024-07-08T09:00:00Z,2024-07-08T11:00:00Z,38.98
Netherlands,NLD,2024-07-08T10:00:00Z,2024-07-08T12:00:00Z,32.14
Netherlands,NLD,2024-07-08T11:00:00Z,2024-07-08T13:00:00Z,29.87
Netherlands,NLD,2024-07-08T12:00:00Z,2024-07-08T14:00:00Z,29.9
Netherlands,NLD,2024-07-08T13:00:00Z,2024-07-08T15:00:00Z,37.27
Netherlands,NLD,2024-07-08T14:00:00Z,2024-07-08T16:00:00Z,63.42
Netherlands,NLD,2024-07-08T15:00:00Z,2024-07-08T17:00:00Z,81.37
Netherlands,NLD,2024-07-08T16:00:00Z,2024-07-08T18:00:00Z,101.52
Netherlands,NLD,2024-07-08T17:00:00Z,2024-07-08T19:00:00Z,135
Netherlands,NLD,2024-07-08T18:00:00Z,2024-07-08T20:00:00Z,249.01
Netherlands,NLD,2024-07-08T19:00:00Z,2024-07-08T21:00:00Z,169.23
Netherlands,NLD,2024-07-08T20:00:00Z,2024-07-08T22:00:00Z,113.73
Netherlands,NLD,2024-07-08T21:00:00Z,2024-07-08T23:00:00Z,91.88
Netherlands,NLD,2024-07-08T22:00:00Z,2024-07-09T00:00:00Z,101.69
Netherlands,NLD,2024-07-08T23:00:00Z,2024-07-09T01:00:00Z,91.07
Netherlands,NLD,2024-07-09T00:00:00Z,2024-07-09T02:00:00Z,86.98
Netherlands,NLD,2024-07-09T01:00:00Z,2024-07-09T03:00:00Z,83.52
Netherlands,NLD,2024-07-09T02:00:00Z,2024-07-09T04:00:00Z,80.17
Netherlands,NLD,2024-07-09T03:00:00Z,2024-07-09T05:00:00Z,88.89
Netherlands,NLD,2024-07-09T04:00:00Z,2024-07-09T06:00:00Z,101.92
Netherlands,NLD,2024-07-09T05:00:00Z,2024-07-09T07:00:00Z,100.12
Netherlands,NLD,2024-07-09T06:00:00Z,2024-07-09T08:00:00Z,91.7
Netherlands,NLD,2024-07-09T07:00:00Z,2024-07-09T09:00:00Z,67.02
Netherlands,NLD,2024-07-09T08:00:00Z,2024-07-09T10:00:00Z,46.63
Netherlands,NLD,2024-07-09T09:00:00Z,2024-07-09T11:00:00Z,33.71
Netherlands,NLD,2024-07-09T10:00:00Z,2024-07-09T12:00:00Z,21.95
Netherlands,NLD,2024-07-09T11:00:00Z,2024-07-09T13:00:00Z,6.57
Netherlands,NLD,2024-07-09T12:00:00Z,2024-07-09T14:00:00Z,4.34
Netherlands,NLD,2024-07-09T13:00:00Z,2024-07-09T15:00:00Z,11.17
Netherlands,NLD,2024-07-09T14:00:00Z,2024-07-09T16:00:00Z,49.32
Netherlands,NLD,2024-07-09T15:00:00Z,2024-07-09T17:00:00Z,79.47
Netherlands,NLD,2024-07-09T16:00:00Z,2024-07-09T18:00:00Z,101.49
Netherlands,NLD,2024-07-09T17:00:00Z,2024-07-09T19:00:00Z,143.6
Netherlands,NLD,2024-07-09T18:00:00Z,2024-07-09T20:00:00Z,143.13
Netherlands,NLD,2024-07-09T19:00:00Z,2024-07-09T21:00:00Z,108.68
Netherlands,NLD,2024-07-09T20:00:00Z,2024-07-09T22:00:00Z,87.39
Netherlands,NLD,2024-07-09T21:00:00Z,2024-07-09T23:00:00Z,100
Netherlands,NLD,2024-07-09T22:00:00Z,2024-07-10T00:00:00Z,99.9
Netherlands,NLD,2024-07-09T23:00:00Z,2024-07-10T01:00:00Z,79.9
Netherlands,NLD,2024-07-10T00:00:00Z,2024-07-10T02:00:00Z,95
Netherlands,NLD,2024-07-10T01:00:00Z,2024-07-10T03:00:00Z,76.3
Netherlands,NLD,2024-07-10T02:00:00Z,2024-07-10T04:00:00Z,60.1
Netherlands,NLD,2024-07-10T03:00:00Z,2024-07-10T05:00:00Z,65.32
Netherlands,NLD,2024-07-10T04:00:00Z,2024-07-10T06:00:00Z,83.37
Netherlands,NLD,2024-07-10T05:00:00Z,2024-07-10T07:00:00Z,104.57
Netherlands,NLD,2024-07-10T06:00:00Z,2024-07-10T08:00:00Z,102
Netherlands,NLD,2024-07-10T07:00:00Z,2024-07-10T09:00:00Z,84.93
Netherlands,NLD,2024-07-10T08:00:00Z,2024-07-10T10:00:00Z,65
Netherlands,NLD,2024-07-10T09:00:00Z,2024-07-10T11:00:00Z,55.77
Netherlands,NLD,2024-07-10T10:00:00Z,2024-07-10T12:00:00Z,47.13
Netherlands,NLD,2024-07-10T11:00:00Z,2024-07-10T13:00:00Z,36.68
Netherlands,NLD,2024-07-10T12:00:00Z,2024-07-10T14:00:00Z,27.15
Netherlands,NLD,2024-07-10T13:00:00Z,2024-07-10T15:00:00Z,-1
Netherlands,NLD,2024-07-10T14:00:00Z,2024-07-10T16:00:00Z,1.33
Netherlands,NLD,2024-07-10T15:00:00Z,2024-07-10T17:00:00Z,35.22
Netherlands,NLD,2024-07-10T16:00:00Z,2024-07-10T18:00:00Z,79.77
Netherlands,NLD,2024-07-10T17:00:00Z,2024-07-10T19:00:00Z,99.72
Netherlands,NLD,2024-07-10T18:00:00Z,2024-07-10T20:00:00Z,117
Netherlands,NLD,2024-07-10T19:00:00Z,2024-07-10T21:00:00Z,150.51
Netherlands,NLD,2024-07-10T20:00:00Z,2024-07-10T22:00:00Z,113.34
Netherlands,NLD,2024-07-10T21:00:00Z,2024-07-10T23:00:00Z,93.55
Netherlands,NLD,2024-07-10T22:00:00Z,2024-07-11T00:00:00Z,95.91
Netherlands,NLD,2024-07-10T23:00:00Z,2024-07-11T01:00:00Z,79.7
Netherlands,NLD,2024-07-11T00:00:00Z,2024-07-11T02:00:00Z,77
Netherlands,NLD,2024-07-11T01:00:00Z,2024-07-11T03:00:00Z,78.48
Netherlands,NLD,2024-07-11T02:00:00Z,2024-07-11T04:00:00Z,78.58
Netherlands,NLD,2024-07-11T03:00:00Z,2024-07-11T05:00:00Z,81.89
Netherlands,NLD,2024-07-11T04:00:00Z,2024-07-11T06:00:00Z,107.46
Netherlands,NLD,2024-07-11T05:00:00Z,2024-07-11T07:00:00Z,112.91
Netherlands,NLD,2024-07-11T06:00:00Z,2024-07-11T08:00:00Z,105.15
Netherlands,NLD,2024-07-11T07:00:00Z,2024-07-11T09:00:00Z,89.43
Netherlands,NLD,2024-07-11T08:00:00Z,2024-07-11T10:00:00Z,80.81
Netherlands,NLD,2024-07-11T09:00:00Z,2024-07-11T11:00:00Z,67.39
Netherlands,NLD,2024-07-11T10:00:00Z,2024-07-11T12:00:00Z,58
Netherlands,NLD,2024-07-11T11:00:00Z,2024-07-11T13:00:00Z,47.96
Netherlands,NLD,2024-07-11T12:00:00Z,2024-07-11T14:00:00Z,44.39
Netherlands,NLD,2024-07-11T13:00:00Z,2024-07-11T15:00:00Z,51.06
Netherlands,NLD,2024-07-11T14:00:00Z,2024-07-11T16:00:00Z,62.12
Netherlands,NLD,2024-07-11T15:00:00Z,2024-07-11T17:00:00Z,79.34
Netherlands,NLD,2024-07-11T16:00:00Z,2024-07-11T18:00:00Z,91.99
Netherlands,NLD,2024-07-11T17:00:00Z,2024-07-11T19:00:00Z,117
Netherlands,NLD,2024-07-11T18:00:00Z,2024-07-11T20:00:00Z,178.12
Netherlands,NLD,2024-07-11T19:00:00Z,2024-07-11T21:00:00Z,162.17
Netherlands,NLD,2024-07-11T20:00:00Z,2024-07-11T22:00:00Z,121.3
Netherlands,NLD,2024-07-11T21:00:00Z,2024-07-11T23:00:00Z,98.69
Netherlands,NLD,2024-07-11T22:00:00Z,2024-07-12T00:00:00Z,100.3
Netherlands,NLD,2024-07-11T23:00:00Z,2024-07-12T01:00:00Z,84.38
Netherlands,NLD,2024-07-12T00:00:00Z,2024-07-12T02:00:00Z,80.6
Netherlands,NLD,2024-07-12T01:00:00Z,2024-07-12T03:00:00Z,79.98
Netherlands,NLD,2024-07-12T02:00:00Z,2024-07-12T04:00:00Z,76.4
Netherlands,NLD,2024-07-12T03:00:00Z,2024-07-12T05:00:00Z,79.37
Netherlands,NLD,2024-07-12T04:00:00Z,2024-07-12T06:00:00Z,100.12
Netherlands,NLD,2024-07-12T05:00:00Z,2024-07-12T07:00:00Z,106.09
Netherlands,NLD,2024-07-12T06:00:00Z,2024-07-12T08:00:00Z,105.54
Netherlands,NLD,2024-07-12T07:00:00Z,2024-07-12T09:00:00Z,97.85
Netherlands,NLD,2024-07-12T08:00:00Z,2024-07-12T10:00:00Z,89.29
Netherlands,NLD,2024-07-12T09:00:00Z,2024-07-12T11:00:00Z,85.5
Netherlands,NLD,2024-07-12T10:00:00Z,2024-07-12T12:00:00Z,80
Netherlands,NLD,2024-07-12T11:00:00Z,2024-07-12T13:00:00Z,74.71
Netherlands,NLD,2024-07-12T12:00:00Z,2024-07-12T14:00:00Z,74.78
Netherlands,NLD,2024-07-12T13:00:00Z,2024-07-12T15:00:00Z,75.59
Netherlands,NLD,2024-07-12T14:00:00Z,2024-07-12T16:00:00Z,74.01
Netherlands,NLD,2024-07-12T15:00:00Z,2024-07-12T17:00:00Z,77.01
Netherlands,NLD,2024-07-12T16:00:00Z,2024-07-12T18:00:00Z,87.94
Netherlands,NLD,2024-07-12T17:00:00Z,2024-07-12T19:00:00Z,96.62
Netherlands,NLD,2024-07-12T18:00:00Z,2024-07-12T20:00:00Z,91.6
Netherlands,NLD,2024-07-12T19:00:00Z,2024-07-12T21:00:00Z,95
Netherlands,NLD,2024-07-12T20:00:00Z,2024-07-12T22:00:00Z,86.15
Netherlands,NLD,2024-07-12T21:00:00Z,2024-07-12T23:00:00Z,79.43
Netherlands,NLD,2024-07-12T22:00:00Z,2024-07-13T00:00:00Z,90
Netherlands,NLD,2024-07-12T23:00:00Z,2024-07-13T01:00:00Z,75
Netherlands,NLD,2024-07-13T00:00:00Z,2024-07-13T02:00:00Z,71.25
Netherlands,NLD,2024-07-13T01:00:00Z,2024-07-13T03:00:00Z,38
Netherlands,NLD,2024-07-13T02:00:00Z,2024-07-13T04:00:00Z,32.9
Netherlands,NLD,2024-07-13T03:00:00Z,2024-07-13T05:00:00Z,31.22
Netherlands,NLD,2024-07-13T04:00:00Z,2024-07-13T06:00:00Z,31.1
Netherlands,NLD,2024-07-13T05:00:00Z,2024-07-13T07:00:00Z,27.97
Netherlands,NLD,2024-07-13T06:00:00Z,2024-07-13T08:00:00Z,26.6
Netherlands,NLD,2024-07-13T07:00:00Z,2024-07-13T09:00:00Z,20.97
Netherlands,NLD,2024-07-13T08:00:00Z,2024-07-13T10:00:00Z,5.16
Netherlands,NLD,2024-07-13T09:00:00Z,2024-07-13T11:00:00Z,0.04
Netherlands,NLD,2024-07-13T10:00:00Z,2024-07-13T12:00:00Z,-0.01
Netherlands,NLD,2024-07-13T11:00:00Z,2024-07-13T13:00:00Z,-4.98
Netherlands,NLD,2024-07-13T12:00:00Z,2024-07-13T14:00:00Z,-14.84
Netherlands,NLD,2024-07-13T13:00:00Z,2024-07-13T15:00:00Z,-11.35
Netherlands,NLD,2024-07-13T14:00:00Z,2024-07-13T16:00:00Z,-3.23
Netherlands,NLD,2024-07-13T15:00:00Z,2024-07-13T17:00:00Z,0.38
Netherlands,NLD,2024-07-13T16:00:00Z,2024-07-13T18:00:00Z,29.39
Netherlands,NLD,2024-07-13T17:00:00Z,2024-07-13T19:00:00Z,51.44
Netherlands,NLD,2024-07-13T18:00:00Z,2024-07-13T20:00:00Z,75.96
Netherlands,NLD,2024-07-13T19:00:00Z,2024-07-13T21:00:00Z,76.59
Netherlands,NLD,2024-07-13T20:00:00Z,2024-07-13T22:00:00Z,79.27
Netherlands,NLD,2024-07-13T21:00:00Z,2024-07-13T23:00:00Z,67.37
Netherlands,NLD,2024-07-13T22:00:00Z,2024-07-14T00:00:00Z,89.06
Netherlands,NLD,2024-07-13T23:00:00Z,2024-07-14T01:00:00Z,63.34
Netherlands,NLD,2024-07-14T00:00:00Z,2024-07-14T02:00:00Z,55.56
Netherlands,NLD,2024-07-14T01:00:00Z,2024-07-14T03:00:00Z,44.43
Netherlands,NLD,2024-07-14T02:00:00Z,2024-07-14T04:00:00Z,37.97
Netherlands,NLD,2024-07-14T03:00:00Z,2024-07-14T05:00:00Z,37
Netherlands,NLD,2024-07-14T04:00:00Z,2024-07-14T06:00:00Z,31.77
Netherlands,NLD,2024-07-14T05:00:00Z,2024-07-14T07:00:00Z,14.28
Netherlands,NLD,2024-07-14T06:00:00Z,2024-07-14T08:00:00Z,0.29
Netherlands,NLD,2024-07-14T07:00:00Z,2024-07-14T09:00:00Z,-3.3
Netherlands,NLD,2024-07-14T08:00:00Z,2024-07-14T10:00:00Z,-21
Netherlands,NLD,2024-07-14T09:00:00Z,2024-07-14T11:00:00Z,-39.96
Netherlands,NLD,2024-07-14T10:00:00Z,2024-07-14T12:00:00Z,-59.42
Netherlands,NLD,2024-07-14T11:00:00Z,2024-07-14T13:00:00Z,-73.63
Netherlands,NLD,2024-07-14T12:00:00Z,2024-07-14T14:00:00Z,-73.85
Netherlands,NLD,2024-07-14T13:00:00Z,2024-07-14T15:00:00Z,-51.63
Netherlands,NLD,2024-07-14T14:00:00Z,2024-07-14T16:00:00Z,-19.46
Netherlands,NLD,2024-07-14T15:00:00Z,2024-07-14T17:00:00Z,-0.51
Netherlands,NLD,2024-07-14T16:00:00Z,2024-07-14T18:00:00Z,40.61
Netherlands,NLD,2024-07-14T17:00:00Z,2024-07-14T19:00:00Z,87.76
Netherlands,NLD,2024-07-14T18:00:00Z,2024-07-14T20:00:00Z,112.8
Netherlands,NLD,2024-07-14T19:00:00Z,2024-07-14T21:00:00Z,108.03
Netherlands,NLD,2024-07-14T20:00:00Z,2024-07-14T22:00:00Z,106.61
Netherlands,NLD,2024-07-14T21:00:00Z,2024-07-14T23:00:00Z,87.33
Netherlands,NLD,2024-07-14T22:00:00Z,2024-07-15T00:00:00Z,79.63
Netherlands,NLD,2024-07-14T23:00:00Z,2024-07-15T01:00:00Z,68.8
Netherlands,NLD,2024-07-15T00:00:00Z,2024-07-15T02:00:00Z,68.8
Netherlands,NLD,2024-07-15T01:00:00Z,2024-07-15T03:00:00Z,72
Netherlands,NLD,2024-07-15T02:00:00Z,2024-07-15T04:00:00Z,89.9
Netherlands,NLD,2024-07-15T03:00:00Z,2024-07-15T05:00:00Z,94.9
Netherlands,NLD,2024-07-15T04:00:00Z,2024-07-15T06:00:00Z,113.6
Netherlands,NLD,2024-07-15T05:00:00Z,2024-07-15T07:00:00Z,130.2
Netherlands,NLD,2024-07-15T06:00:00Z,2024-07-15T08:00:00Z,89.23
Netherlands,NLD,2024-07-15T07:00:00Z,2024-07-15T09:00:00Z,60.37
Netherlands,NLD,2024-07-15T08:00:00Z,2024-07-15T10:00:00Z,36.35
Netherlands,NLD,2024-07-15T09:00:00Z,2024-07-15T11:00:00Z,12.15
Netherlands,NLD,2024-07-15T10:00:00Z,2024-07-15T12:00:00Z,0.64
Netherlands,NLD,2024-07-15T11:00:00Z,2024-07-15T13:00:00Z,-0.84
Netherlands,NLD,2024-07-15T12:00:00Z,2024-07-15T14:00:00Z,-1.52
Netherlands,NLD,2024-07-15T13:00:00Z,2024-07-15T15:00:00Z,3.54
Netherlands,NLD,2024-07-15T14:00:00Z,2024-07-15T16:00:00Z,41.05
Netherlands,NLD,2024-07-15T15:00:00Z,2024-07-15T17:00:00Z,77.06
Netherlands,NLD,2024-07-15T16:00:00Z,2024-07-15T18:00:00Z,108.82
Netherlands,NLD,2024-07-15T17:00:00Z,2024-07-15T19:00:00Z,191.77
Netherlands,NLD,2024-07-15T18:00:00Z,2024-07-15T20:00:00Z,214.24
Netherlands,NLD,2024-07-15T19:00:00Z,2024-07-15T21:00:00Z,140.16
Netherlands,NLD,2024-07-15T20:00:00Z,2024-07-15T22:00:00Z,93.09
Netherlands,NLD,2024-07-15T21:00:00Z,2024-07-15T23:00:00Z,80.18
Netherlands,NLD,2024-07-15T22:00:00Z,2024-07-16T00:00:00Z,72.59
Netherlands,NLD,2024-07-15T23:00:00Z,2024-07-16T01:00:00Z,58.16
Netherlands,NLD,2024-07-16T00:00:00Z,2024-07-16T02:00:00Z,49.9
Netherlands,NLD,2024-07-16T01:00:00Z,2024-07-16T03:00:00Z,36.2
Netherlands,NLD,2024-07-16T02:00:00Z,2024-07-16T04:00:00Z,36.28
Netherlands,NLD,2024-07-16T03:00:00Z,2024-07-16T05:00:00Z,47.04
Netherlands,NLD,2024-07-16T04:00:00Z,2024-07-16T06:00:00Z,74.56
Netherlands,NLD,2024-07-16T05:00:00Z,2024-07-16T07:00:00Z,79.48
Netherlands,NLD,2024-07-16T06:00:00Z,2024-07-16T08:00:00Z,76.17
Netherlands,NLD,2024-07-16T07:00:00Z,2024-07-16T09:00:00Z,10
Netherlands,NLD,2024-07-16T08:00:00Z,2024-07-16T10:00:00Z,-3
Netherlands,NLD,2024-07-16T09:00:00Z,2024-07-16T11:00:00Z,-10
Netherlands,NLD,2024-07-16T10:00:00Z,2024-07-16T12:00:00Z,-10.09
Netherlands,NLD,2024-07-16T11:00:00Z,2024-07-16T13:00:00Z,-10.1
Netherlands,NLD,2024-07-16T12:00:00Z,2024-07-16T14:00:00Z,-10.07
Netherlands,NLD,2024-07-16T13:00:00Z,2024-07-16T15:00:00Z,-10.08
Netherlands,NLD,2024-07-16T14:00:00Z,2024-07-16T16:00:00Z,-10
Netherlands,NLD,2024-07-16T15:00:00Z,2024-07-16T17:00:00Z,24.9
Netherlands,NLD,2024-07-16T16:00:00Z,2024-07-16T18:00:00Z,63.98
Netherlands,NLD,2024-07-16T17:00:00Z,2024-07-16T19:00:00Z,89.1
Netherlands,NLD,2024-07-16T18:00:00Z,2024-07-16T20:00:00Z,121.37
Netherlands,NLD,2024-07-16T19:00:00Z,2024-07-16T21:00:00Z,114.68
Netherlands,NLD,2024-07-16T20:00:00Z,2024-07-16T22:00:00Z,106.25
Netherlands,NLD,2024-07-16T21:00:00Z,2024-07-16T23:00:00Z,85.1
Netherlands,NLD,2024-07-16T22:00:00Z,2024-07-17T00:00:00Z,87.6
Netherlands,NLD,2024-07-16T23:00:00Z,2024-07-17T01:00:00Z,73.08
Netherlands,NLD,2024-07-17T00:00:00Z,2024-07-17T02:00:00Z,72.87
Netherlands,NLD,2024-07-17T01:00:00Z,2024-07-17T03:00:00Z,70.56
Netherlands,NLD,2024-07-17T02:00:00Z,2024-07-17T04:00:00Z,71.08
Netherlands,NLD,2024-07-17T03:00:00Z,2024-07-17T05:00:00Z,77.51
Netherlands,NLD,2024-07-17T04:00:00Z,2024-07-17T06:00:00Z,90.05
Netherlands,NLD,2024-07-17T05:00:00Z,2024-07-17T07:00:00Z,100.12
Netherlands,NLD,2024-07-17T06:00:00Z,2024-07-17T08:00:00Z,105.7
Netherlands,NLD,2024-07-17T07:00:00Z,2024-07-17T09:00:00Z,78.04
Netherlands,NLD,2024-07-17T08:00:00Z,2024-07-17T10:00:00Z,59.34
Netherlands,NLD,2024-07-17T09:00:00Z,2024-07-17T11:00:00Z,42.65
Netherlands,NLD,2024-07-17T10:00:00Z,2024-07-17T12:00:00Z,33.53
Netherlands,NLD,2024-07-17T11:00:00Z,2024-07-17T13:00:00Z,22.71
Netherlands,NLD,2024-07-17T12:00:00Z,2024-07-17T14:00:00Z,11.89
Netherlands,NLD,2024-07-17T13:00:00Z,2024-07-17T15:00:00Z,14.29
Netherlands,NLD,2024-07-17T14:00:00Z,2024-07-17T16:00:00Z,40.13
Netherlands,NLD,2024-07-17T15:00:00Z,2024-07-17T17:00:00Z,63
Netherlands,NLD,2024-07-17T16:00:00Z,2024-07-17T18:00:00Z,84.93
Netherlands,NLD,2024-07-17T17:00:00Z,2024-07-17T19:00:00Z,109.63
Netherlands,NLD,2024-07-17T18:00:00Z,2024-07-17T20:00:00Z,182.61
Netherlands,NLD,2024-07-17T19:00:00Z,2024-07-17T21:00:00Z,142.63
Netherlands,NLD,2024-07-17T20:00:00Z,2024-07-17T22:00:00Z,115.97
Netherlands,NLD,2024-07-17T21:00:00Z,2024-07-17T23:00:00Z,92.17
Netherlands,NLD,2024-07-17T22:00:00Z,2024-07-18T00:00:00Z,90.26
Netherlands,NLD,2024-07-17T23:00:00Z,2024-07-18T01:00:00Z,80.34
Netherlands,NLD,2024-07-18T00:00:00Z,2024-07-18T02:00:00Z,77.43
Netherlands,NLD,2024-07-18T01:00:00Z,2024-07-18T03:00:00Z,78.01
Netherlands,NLD,2024-07-18T02:00:00Z,2024-07-18T04:00:00Z,77.52
Netherlands,NLD,2024-07-18T03:00:00Z,2024-07-18T05:00:00Z,90.22
Netherlands,NLD,2024-07-18T04:00:00Z,2024-07-18T06:00:00Z,116
Netherlands,NLD,2024-07-18T05:00:00Z,2024-07-18T07:00:00Z,106.56
Netherlands,NLD,2024-07-18T06:00:00Z,2024-07-18T08:00:00Z,97.22
Netherlands,NLD,2024-07-18T07:00:00Z,2024-07-18T09:00:00Z,79.9
Netherlands,NLD,2024-07-18T08:00:00Z,2024-07-18T10:00:00Z,64.82
Netherlands,NLD,2024-07-18T09:00:00Z,2024-07-18T11:00:00Z,48.13
Netherlands,NLD,2024-07-18T10:00:00Z,2024-07-18T12:00:00Z,35.85
Netherlands,NLD,2024-07-18T11:00:00Z,2024-07-18T13:00:00Z,34.86
Netherlands,NLD,2024-07-18T12:00:00Z,2024-07-18T14:00:00Z,38.02
Netherlands,NLD,2024-07-18T13:00:00Z,2024-07-18T15:00:00Z,49.91
Netherlands,NLD,2024-07-18T14:00:00Z,2024-07-18T16:00:00Z,68.59
Netherlands,NLD,2024-07-18T15:00:00Z,2024-07-18T17:00:00Z,86.07
Netherlands,NLD,2024-07-18T16:00:00Z,2024-07-18T18:00:00Z,96.11
Netherlands,NLD,2024-07-18T17:00:00Z,2024-07-18T19:00:00Z,130.36
Netherlands,NLD,2024-07-18T18:00:00Z,2024-07-18T20:00:00Z,212.02
Netherlands,NLD,2024-07-18T19:00:00Z,2024-07-18T21:00:00Z,176.73
Netherlands,NLD,2024-07-18T20:00:00Z,2024-07-18T22:00:00Z,119.96
Netherlands,NLD,2024-07-18T21:00:00Z,2024-07-18T23:00:00Z,102
Netherlands,NLD,2024-07-18T22:00:00Z,2024-07-19T00:00:00Z,90.32
Netherlands,NLD,2024-07-18T23:00:00Z,2024-07-19T01:00:00Z,80.52
Netherlands,NLD,2024-07-19T00:00:00Z,2024-07-19T02:00:00Z,79.98
Netherlands,NLD,2024-07-19T01:00:00Z,2024-07-19T03:00:00Z,78.21
Netherlands,NLD,2024-07-19T02:00:00Z,2024-07-19T04:00:00Z,81.28
Netherlands,NLD,2024-07-19T03:00:00Z,2024-07-19T05:00:00Z,89.41
Netherlands,NLD,2024-07-19T04:00:00Z,2024-07-19T06:00:00Z,110.89
Netherlands,NLD,2024-07-19T05:00:00Z,2024-07-19T07:00:00Z,108.67
Netherlands,NLD,2024-07-19T06:00:00Z,2024-07-19T08:00:00Z,98.4
Netherlands,NLD,2024-07-19T07:00:00Z,2024-07-19T09:00:00Z,81.43
Netherlands,NLD,2024-07-19T08:00:00Z,2024-07-19T10:00:00Z,70.28
Netherlands,NLD,2024-07-19T09:00:00Z,2024-07-19T11:00:00Z,59.52
Netherlands,NLD,2024-07-19T10:00:00Z,2024-07-19T12:00:00Z,45.13
Netherlands,NLD,2024-07-19T11:00:00Z,2024-07-19T13:00:00Z,37.09
Netherlands,NLD,2024-07-19T12:00:00Z,2024-07-19T14:00:00Z,36.81
Netherlands,NLD,2024-07-19T13:00:00Z,2024-07-19T15:00:00Z,43.25
Netherlands,NLD,2024-07-19T14:00:00Z,2024-07-19T16:00:00Z,65
Netherlands,NLD,2024-07-19T15:00:00Z,2024-07-19T17:00:00Z,77.59
Netherlands,NLD,2024-07-19T16:00:00Z,2024-07-19T18:00:00Z,91.15
Netherlands,NLD,2024-07-19T17:00:00Z,2024-07-19T19:00:00Z,119.04
Netherlands,NLD,2024-07-19T18:00:00Z,2024-07-19T20:00:00Z,181.12
Netherlands,NLD,2024-07-19T19:00:00Z,2024-07-19T21:00:00Z,120.96
Netherlands,NLD,2024-07-19T20:00:00Z,2024-07-19T22:00:00Z,107.06
Netherlands,NLD,2024-07-19T21:00:00Z,2024-07-19T23:00:00Z,91.67
Netherlands,NLD,2024-07-19T22:00:00Z,2024-07-20T00:00:00Z,95
Netherlands,NLD,2024-07-19T23:00:00Z,2024-07-20T01:00:00Z,89.66
Netherlands,NLD,2024-07-20T00:00:00Z,2024-07-20T02:00:00Z,88
Netherlands,NLD,2024-07-20T01:00:00Z,2024-07-20T03:00:00Z,89.88
Netherlands,NLD,2024-07-20T02:00:00Z,2024-07-20T04:00:00Z,94.24
Netherlands,NLD,2024-07-20T03:00:00Z,2024-07-20T05:00:00Z,93.8
Netherlands,NLD,2024-07-20T04:00:00Z,2024-07-20T06:00:00Z,88.45
Netherlands,NLD,2024-07-20T05:00:00Z,2024-07-20T07:00:00Z,81.68
Netherlands,NLD,2024-07-20T06:00:00Z,2024-07-20T08:00:00Z,68.11
Netherlands,NLD,2024-07-20T07:00:00Z,2024-07-20T09:00:00Z,49.89
Netherlands,NLD,2024-07-20T08:00:00Z,2024-07-20T10:00:00Z,5.15
Netherlands,NLD,2024-07-20T09:00:00Z,2024-07-20T11:00:00Z,-0.97
Netherlands,NLD,2024-07-20T10:00:00Z,2024-07-20T12:00:00Z,-5.4
Netherlands,NLD,2024-07-20T11:00:00Z,2024-07-20T13:00:00Z,-5.07
Netherlands,NLD,2024-07-20T12:00:00Z,2024-07-20T14:00:00Z,-4
Netherlands,NLD,2024-07-20T13:00:00Z,2024-07-20T15:00:00Z,-3.3
Netherlands,NLD,2024-07-20T14:00:00Z,2024-07-20T16:00:00Z,1.43
Netherlands,NLD,2024-07-20T15:00:00Z,2024-07-20T17:00:00Z,52.29
Netherlands,NLD,2024-07-20T16:00:00Z,2024-07-20T18:00:00Z,85
Netherlands,NLD,2024-07-20T17:00:00Z,2024-07-20T19:00:00Z,107.95
Netherlands,NLD,2024-07-20T18:00:00Z,2024-07-20T20:00:00Z,136.36
Netherlands,NLD,2024-07-20T19:00:00Z,2024-07-20T21:00:00Z,112.54
Netherlands,NLD,2024-07-20T20:00:00Z,2024-07-20T22:00:00Z,126.3
Netherlands,NLD,2024-07-20T21:00:00Z,2024-07-20T23:00:00Z,90.93
Netherlands,NLD,2024-07-20T22:00:00Z,2024-07-21T00:00:00Z,89
Netherlands,NLD,2024-07-20T23:00:00Z,2024-07-21T01:00:00Z,91.1
Netherlands,NLD,2024-07-21T00:00:00Z,2024-07-21T02:00:00Z,83
Netherlands,NLD,2024-07-21T01:00:00Z,2024-07-21T03:00:00Z,90
Netherlands,NLD,2024-07-21T02:00:00Z,2024-07-21T04:00:00Z,86.4
Netherlands,NLD,2024-07-21T03:00:00Z,2024-07-21T05:00:00Z,100
Netherlands,NLD,2024-07-21T04:00:00Z,2024-07-21T06:00:00Z,73.9
Netherlands,NLD,2024-07-21T05:00:00Z,2024-07-21T07:00:00Z,56.53
Netherlands,NLD,2024-07-21T06:00:00Z,2024-07-21T08:00:00Z,64.9
Netherlands,NLD,2024-07-21T07:00:00Z,2024-07-21T09:00:00Z,19.7
Netherlands,NLD,2024-07-21T08:00:00Z,2024-07-21T10:00:00Z,0.09
Netherlands,NLD,2024-07-21T09:00:00Z,2024-07-21T11:00:00Z,0.03
Netherlands,NLD,2024-07-21T10:00:00Z,2024-07-21T12:00:00Z,0.02
Netherlands,NLD,2024-07-21T11:00:00Z,2024-07-21T13:00:00Z,-0.06
Netherlands,NLD,2024-07-21T12:00:00Z,2024-07-21T14:00:00Z,-0.18
Netherlands,NLD,2024-07-21T13:00:00Z,2024-07-21T15:00:00Z,0.07
Netherlands,NLD,2024-07-21T14:00:00Z,2024-07-21T16:00:00Z,0.27
Netherlands,NLD,2024-07-21T15:00:00Z,2024-07-21T17:00:00Z,51.72
Netherlands,NLD,2024-07-21T16:00:00Z,2024-07-21T18:00:00Z,80.45
Netherlands,NLD,2024-07-21T17:00:00Z,2024-07-21T19:00:00Z,98.5
Netherlands,NLD,2024-07-21T18:00:00Z,2024-07-21T20:00:00Z,122.51
Netherlands,NLD,2024-07-21T19:00:00Z,2024-07-21T21:00:00Z,124.53
Netherlands,NLD,2024-07-21T20:00:00Z,2024-07-21T22:00:00Z,107.92
Netherlands,NLD,2024-07-21T21:00:00Z,2024-07-21T23:00:00Z,90.16
Netherlands,NLD,2024-07-21T22:00:00Z,2024-07-22T00:00:00Z,116.11
Netherlands,NLD,2024-07-21T23:00:00Z,2024-07-22T01:00:00Z,91.51
Netherlands,NLD,2024-07-22T00:00:00Z,2024-07-22T02:00:00Z,83.7
Netherlands,NLD,2024-07-22T01:00:00Z,2024-07-22T03:00:00Z,85
Netherlands,NLD,2024-07-22T02:00:00Z,2024-07-22T04:00:00Z,81.84
Netherlands,NLD,2024-07-22T03:00:00Z,2024-07-22T05:00:00Z,79.32
Netherlands,NLD,2024-07-22T04:00:00Z,2024-07-22T06:00:00Z,108.71
Netherlands,NLD,2024-07-22T05:00:00Z,2024-07-22T07:00:00Z,120.09
Netherlands,NLD,2024-07-22T06:00:00Z,2024-07-22T08:00:00Z,114.28
Netherlands,NLD,2024-07-22T07:00:00Z,2024-07-22T09:00:00Z,87.1
Netherlands,NLD,2024-07-22T08:00:00Z,2024-07-22T10:00:00Z,50
Netherlands,NLD,2024-07-22T09:00:00Z,2024-07-22T11:00:00Z,14.23
Netherlands,NLD,2024-07-22T10:00:00Z,2024-07-22T12:00:00Z,25.61
Netherlands,NLD,2024-07-22T11:00:00Z,2024-07-22T13:00:00Z,21.12
Netherlands,NLD,2024-07-22T12:00:00Z,2024-07-22T14:00:00Z,17.42
Netherlands,NLD,2024-07-22T13:00:00Z,2024-07-22T15:00:00Z,17.49
Netherlands,NLD,2024-07-22T14:00:00Z,2024-07-22T16:00:00Z,21.8
Netherlands,NLD,2024-07-22T15:00:00Z,2024-07-22T17:00:00Z,63.32
Netherlands,NLD,2024-07-22T16:00:00Z,2024-07-22T18:00:00Z,79.9
Netherlands,NLD,2024-07-22T17:00:00Z,2024-07-22T19:00:00Z,99.91
Netherlands,NLD,2024-07-22T18:00:00Z,2024-07-22T20:00:00Z,139.87
Netherlands,NLD,2024-07-22T19:00:00Z,2024-07-22T21:00:00Z,140.26
Netherlands,NLD,2024-07-22T20:00:00Z,2024-07-22T22:00:00Z,109.97
Netherlands,NLD,2024-07-22T21:00:00Z,2024-07-22T23:00:00Z,95.52
Netherlands,NLD,2024-07-22T22:00:00Z,2024-07-23T00:00:00Z,82.85
Netherlands,NLD,2024-07-22T23:00:00Z,2024-07-23T01:00:00Z,73.65
Netherlands,NLD,2024-07-23T00:00:00Z,2024-07-23T02:00:00Z,73.39
Netherlands,NLD,2024-07-23T01:00:00Z,2024-07-23T03:00:00Z,68.13
Netherlands,NLD,2024-07-23T02:00:00Z,2024-07-23T04:00:00Z,70.56
Netherlands,NLD,2024-07-23T03:00:00Z,2024-07-23T05:00:00Z,73.68
Netherlands,NLD,2024-07-23T04:00:00Z,2024-07-23T06:00:00Z,99.9
Netherlands,NLD,2024-07-23T05:00:00Z,2024-07-23T07:00:00Z,116
Netherlands,NLD,2024-07-23T06:00:00Z,2024-07-23T08:00:00Z,110.45
Netherlands,NLD,2024-07-23T07:00:00Z,2024-07-23T09:00:00Z,86.48
Netherlands,NLD,2024-07-23T08:00:00Z,2024-07-23T10:00:00Z,68.87
Netherlands,NLD,2024-07-23T09:00:00Z,2024-07-23T11:00:00Z,58.2
Netherlands,NLD,2024-07-23T10:00:00Z,2024-07-23T12:00:00Z,36.48
Netherlands,NLD,2024-07-23T11:00:00Z,2024-07-23T13:00:00Z,32.43
Netherlands,NLD,2024-07-23T12:00:00Z,2024-07-23T14:00:00Z,29.32
Netherlands,NLD,2024-07-23T13:00:00Z,2024-07-23T15:00:00Z,32.72
Netherlands,NLD,2024-07-23T14:00:00Z,2024-07-23T16:00:00Z,46.2
Netherlands,NLD,2024-07-23T15:00:00Z,2024-07-23T17:00:00Z,75.4
Netherlands,NLD,2024-07-23T16:00:00Z,2024-07-23T18:00:00Z,82.41
Netherlands,NLD,2024-07-23T17:00:00Z,2024-07-23T19:00:00Z,96.03
Netherlands,NLD,2024-07-23T18:00:00Z,2024-07-23T20:00:00Z,116.93
Netherlands,NLD,2024-07-23T19:00:00Z,2024-07-23T21:00:00Z,102.01
Netherlands,NLD,2024-07-23T20:00:00Z,2024-07-23T22:00:00Z,100.35
Netherlands,NLD,2024-07-23T21:00:00Z,2024-07-23T23:00:00Z,91.7
Netherlands,NLD,2024-07-23T22:00:00Z,2024-07-24T00:00:00Z,83.51
Netherlands,NLD,2024-07-23T23:00:00Z,2024-07-24T01:00:00Z,78.33
Netherlands,NLD,2024-07-24T00:00:00Z,2024-07-24T02:00:00Z,73
Netherlands,NLD,2024-07-24T01:00:00Z,2024-07-24T03:00:00Z,73.6
Netherlands,NLD,2024-07-24T02:00:00Z,2024-07-24T04:00:00Z,84.8
Netherlands,NLD,2024-07-24T03:00:00Z,2024-07-24T05:00:00Z,73.62
Netherlands,NLD,2024-07-24T04:00:00Z,2024-07-24T06:00:00Z,94.72
Netherlands,NLD,2024-07-24T05:00:00Z,2024-07-24T07:00:00Z,112.94
Netherlands,NLD,2024-07-24T06:00:00Z,2024-07-24T08:00:00Z,99.05
Netherlands,NLD,2024-07-24T07:00:00Z,2024-07-24T09:00:00Z,72.86
Netherlands,NLD,2024-07-24T08:00:00Z,2024-07-24T10:00:00Z,54.64
Netherlands,NLD,2024-07-24T09:00:00Z,2024-07-24T11:00:00Z,20.09
Netherlands,NLD,2024-07-24T10:00:00Z,2024-07-24T12:00:00Z,0
Netherlands,NLD,2024-07-24T11:00:00Z,2024-07-24T13:00:00Z,-1.97
Netherlands,NLD,2024-07-24T12:00:00Z,2024-07-24T14:00:00Z,-10
Netherlands,NLD,2024-07-24T13:00:00Z,2024-07-24T15:00:00Z,-3.59
Netherlands,NLD,2024-07-24T14:00:00Z,2024-07-24T16:00:00Z,1.81
Netherlands,NLD,2024-07-24T15:00:00Z,2024-07-24T17:00:00Z,39.68
Netherlands,NLD,2024-07-24T16:00:00Z,2024-07-24T18:00:00Z,68.7
Netherlands,NLD,2024-07-24T17:00:00Z,2024-07-24T19:00:00Z,96.87
Netherlands,NLD,2024-07-24T18:00:00Z,2024-07-24T20:00:00Z,110.51
Netherlands,NLD,2024-07-24T19:00:00Z,2024-07-24T21:00:00Z,121.47
Netherlands,NLD,2024-07-24T20:00:00Z,2024-07-24T22:00:00Z,109.01
Netherlands,NLD,2024-07-24T21:00:00Z,2024-07-24T23:00:00Z,93.66
Netherlands,NLD,2024-07-24T22:00:00Z,2024-07-25T00:00:00Z,92.55
Netherlands,NLD,2024-07-24T23:00:00Z,2024-07-25T01:00:00Z,87.2
Netherlands,NLD,2024-07-25T00:00:00Z,2024-07-25T02:00:00Z,84.9
Netherlands,NLD,2024-07-25T01:00:00Z,2024-07-25T03:00:00Z,79.92
Netherlands,NLD,2024-07-25T02:00:00Z,2024-07-25T04:00:00Z,76.4
Netherlands,NLD,2024-07-25T03:00:00Z,2024-07-25T05:00:00Z,92.53
Netherlands,NLD,2024-07-25T04:00:00Z,2024-07-25T06:00:00Z,106.16
Netherlands,NLD,2024-07-25T05:00:00Z,2024-07-25T07:00:00Z,109.03
Netherlands,NLD,2024-07-25T06:00:00Z,2024-07-25T08:00:00Z,90.98
Netherlands,NLD,2024-07-25T07:00:00Z,2024-07-25T09:00:00Z,71.98
Netherlands,NLD,2024-07-25T08:00:00Z,2024-07-25T10:00:00Z,55.08
Netherlands,NLD,2024-07-25T09:00:00Z,2024-07-25T11:00:00Z,36.95
Netherlands,NLD,2024-07-25T10:00:00Z,2024-07-25T12:00:00Z,24.31
Netherlands,NLD,2024-07-25T11:00:00Z,2024-07-25T13:00:00Z,17.36
Netherlands,NLD,2024-07-25T12:00:00Z,2024-07-25T14:00:00Z,13.27
Netherlands,NLD,2024-07-25T13:00:00Z,2024-07-25T15:00:00Z,26.2
Netherlands,NLD,2024-07-25T14:00:00Z,2024-07-25T16:00:00Z,53.8
Netherlands,NLD,2024-07-25T15:00:00Z,2024-07-25T17:00:00Z,80
Netherlands,NLD,2024-07-25T16:00:00Z,2024-07-25T18:00:00Z,97
Netherlands,NLD,2024-07-25T17:00:00Z,2024-07-25T19:00:00Z,119.9
Netherlands,NLD,2024-07-25T18:00:00Z,2024-07-25T20:00:00Z,148.3
Netherlands,NLD,2024-07-25T19:00:00Z,2024-07-25T21:00:00Z,129.97
Netherlands,NLD,2024-07-25T20:00:00Z,2024-07-25T22:00:00Z,100
Netherlands,NLD,2024-07-25T21:00:00Z,2024-07-25T23:00:00Z,84.95
Netherlands,NLD,2024-07-25T22:00:00Z,2024-07-26T00:00:00Z,81
Netherlands,NLD,2024-07-25T23:00:00Z,2024-07-26T01:00:00Z,73.5
Netherlands,NLD,2024-07-26T00:00:00Z,2024-07-26T02:00:00Z,75.01
Netherlands,NLD,2024-07-26T01:00:00Z,2024-07-26T03:00:00Z,77.5
Netherlands,NLD,2024-07-26T02:00:00Z,2024-07-26T04:00:00Z,76.9
Netherlands,NLD,2024-07-26T03:00:00Z,2024-07-26T05:00:00Z,79.99
Netherlands,NLD,2024-07-26T04:00:00Z,2024-07-26T06:00:00Z,94.76
Netherlands,NLD,2024-07-26T05:00:00Z,2024-07-26T07:00:00Z,110.2
Netherlands,NLD,2024-07-26T06:00:00Z,2024-07-26T08:00:00Z,100.56
Netherlands,NLD,2024-07-26T07:00:00Z,2024-07-26T09:00:00Z,94.8
Netherlands,NLD,2024-07-26T08:00:00Z,2024-07-26T10:00:00Z,88.72
Netherlands,NLD,2024-07-26T09:00:00Z,2024-07-26T11:00:00Z,78.19
Netherlands,NLD,2024-07-26T10:00:00Z,2024-07-26T12:00:00Z,69.16
Netherlands,NLD,2024-07-26T11:00:00Z,2024-07-26T13:00:00Z,59.4
Netherlands,NLD,2024-07-26T12:00:00Z,2024-07-26T14:00:00Z,50
Netherlands,NLD,2024-07-26T13:00:00Z,2024-07-26T15:00:00Z,60.49
Netherlands,NLD,2024-07-26T14:00:00Z,2024-07-26T16:00:00Z,71.14
Netherlands,NLD,2024-07-26T15:00:00Z,2024-07-26T17:00:00Z,88.19
Netherlands,NLD,2024-07-26T16:00:00Z,2024-07-26T18:00:00Z,94.99
Netherlands,NLD,2024-07-26T17:00:00Z,2024-07-26T19:00:00Z,109.9
Netherlands,NLD,2024-07-26T18:00:00Z,2024-07-26T20:00:00Z,146.09
Netherlands,NLD,2024-07-26T19:00:00Z,2024-07-26T21:00:00Z,138.39
Netherlands,NLD,2024-07-26T20:00:00Z,2024-07-26T22:00:00Z,106.46
Netherlands,NLD,2024-07-26T21:00:00Z,2024-07-26T23:00:00Z,97.9
Netherlands,NLD,2024-07-26T22:00:00Z,2024-07-27T00:00:00Z,103.88
Netherlands,NLD,2024-07-26T23:00:00Z,2024-07-27T01:00:00Z,103.03
Netherlands,NLD,2024-07-27T00:00:00Z,2024-07-27T02:00:00Z,96.89
Netherlands,NLD,2024-07-27T01:00:00Z,2024-07-27T03:00:00Z,94.81
Netherlands,NLD,2024-07-27T02:00:00Z,2024-07-27T04:00:00Z,92.79
Netherlands,NLD,2024-07-27T03:00:00Z,2024-07-27T05:00:00Z,90.19
Netherlands,NLD,2024-07-27T04:00:00Z,2024-07-27T06:00:00Z,87.09
Netherlands,NLD,2024-07-27T05:00:00Z,2024-07-27T07:00:00Z,82.41
Netherlands,NLD,2024-07-27T06:00:00Z,2024-07-27T08:00:00Z,84.69
Netherlands,NLD,2024-07-27T07:00:00Z,2024-07-27T09:00:00Z,66.38
Netherlands,NLD,2024-07-27T08:00:00Z,2024-07-27T10:00:00Z,59.83
Netherlands,NLD,2024-07-27T09:00:00Z,2024-07-27T11:00:00Z,39.9
Netherlands,NLD,2024-07-27T10:00:00Z,2024-07-27T12:00:00Z,28
Netherlands,NLD,2024-07-27T11:00:00Z,2024-07-27T13:00:00Z,17.8
Netherlands,NLD,2024-07-27T12:00:00Z,2024-07-27T14:00:00Z,17.92
Netherlands,NLD,2024-07-27T13:00:00Z,2024-07-27T15:00:00Z,32.2
Netherlands,NLD,2024-07-27T14:00:00Z,2024-07-27T16:00:00Z,58.56
Netherlands,NLD,2024-07-27T15:00:00Z,2024-07-27T17:00:00Z,84.04
Netherlands,NLD,2024-07-27T16:00:00Z,2024-07-27T18:00:00Z,103.01
Netherlands,NLD,2024-07-27T17:00:00Z,2024-07-27T19:00:00Z,115.66
Netherlands,NLD,2024-07-27T18:00:00Z,2024-07-27T20:00:00Z,121.76
Netherlands,NLD,2024-07-27T19:00:00Z,2024-07-27T21:00:00Z,120.43
Netherlands,NLD,2024-07-27T20:00:00Z,2024-07-27T22:00:00Z,107.51
Netherlands,NLD,2024-07-27T21:00:00Z,2024-07-27T23:00:00Z,97.43
Netherlands,NLD,2024-07-27T22:00:00Z,2024-07-28T00:00:00Z,107
Netherlands,NLD,2024-07-27T23:00:00Z,2024-07-28T01:00:00Z,94.59
Netherlands,NLD,2024-07-28T00:00:00Z,2024-07-28T02:00:00Z,87.6
Netherlands,NLD,2024-07-28T01:00:00Z,2024-07-28T03:00:00Z,81.53
Netherlands,NLD,2024-07-28T02:00:00Z,2024-07-28T04:00:00Z,80.55
Netherlands,NLD,2024-07-28T03:00:00Z,2024-07-28T05:00:00Z,77.24
Netherlands,NLD,2024-07-28T04:00:00Z,2024-07-28T06:00:00Z,75.53
Netherlands,NLD,2024-07-28T05:00:00Z,2024-07-28T07:00:00Z,67.45
Netherlands,NLD,2024-07-28T06:00:00Z,2024-07-28T08:00:00Z,25.49
Netherlands,NLD,2024-07-28T07:00:00Z,2024-07-28T09:00:00Z,4.84
Netherlands,NLD,2024-07-28T08:00:00Z,2024-07-28T10:00:00Z,0
Netherlands,NLD,2024-07-28T09:00:00Z,2024-07-28T11:00:00Z,-4.9
Netherlands,NLD,2024-07-28T10:00:00Z,2024-07-28T12:00:00Z,-32.91
Netherlands,NLD,2024-07-28T11:00:00Z,2024-07-28T13:00:00Z,-64.13
Netherlands,NLD,2024-07-28T12:00:00Z,2024-07-28T14:00:00Z,-60
Netherlands,NLD,2024-07-28T13:00:00Z,2024-07-28T15:00:00Z,-33.6
Netherlands,NLD,2024-07-28T14:00:00Z,2024-07-28T16:00:00Z,-13.2
Netherlands,NLD,2024-07-28T15:00:00Z,2024-07-28T17:00:00Z,-1.91
Netherlands,NLD,2024-07-28T16:00:00Z,2024-07-28T18:00:00Z,40
Netherlands,NLD,2024-07-28T17:00:00Z,2024-07-28T19:00:00Z,90.4
Netherlands,NLD,2024-07-28T18:00:00Z,2024-07-28T20:00:00Z,109.38
Netherlands,NLD,2024-07-28T19:00:00Z,2024-07-28T21:00:00Z,112.38
Netherlands,NLD,2024-07-28T20:00:00Z,2024-07-28T22:00:00Z,103.12
Netherlands,NLD,2024-07-28T21:00:00Z,2024-07-28T23:00:00Z,83.01
Netherlands,NLD,2024-07-28T22:00:00Z,2024-07-29T00:00:00Z,78.06
Netherlands,NLD,2024-07-28T23:00:00Z,2024-07-29T01:00:00Z,74.42
Netherlands,NLD,2024-07-29T00:00:00Z,2024-07-29T02:00:00Z,70.8
Netherlands,NLD,2024-07-29T01:00:00Z,2024-07-29T03:00:00Z,73.04
Netherlands,NLD,2024-07-29T02:00:00Z,2024-07-29T04:00:00Z,76.42
Netherlands,NLD,2024-07-29T03:00:00Z,2024-07-29T05:00:00Z,96.95
Netherlands,NLD,2024-07-29T04:00:00Z,2024-07-29T06:00:00Z,130.9
Netherlands,NLD,2024-07-29T05:00:00Z,2024-07-29T07:00:00Z,109.2
Netherlands,NLD,2024-07-29T06:00:00Z,2024-07-29T08:00:00Z,90.19
Netherlands,NLD,2024-07-29T07:00:00Z,2024-07-29T09:00:00Z,63.2
Netherlands,NLD,2024-07-29T08:00:00Z,2024-07-29T10:00:00Z,12
Netherlands,NLD,2024-07-29T09:00:00Z,2024-07-29T11:00:00Z,-3.45
Netherlands,NLD,2024-07-29T10:00:00Z,2024-07-29T12:00:00Z,-0.23
Netherlands,NLD,2024-07-29T11:00:00Z,2024-07-29T13:00:00Z,-3
Netherlands,NLD,2024-07-29T12:00:00Z,2024-07-29T14:00:00Z,-0.98
Netherlands,NLD,2024-07-29T13:00:00Z,2024-07-29T15:00:00Z,-0.39
Netherlands,NLD,2024-07-29T14:00:00Z,2024-07-29T16:00:00Z,13.4
Netherlands,NLD,2024-07-29T15:00:00Z,2024-07-29T17:00:00Z,64.16
Netherlands,NLD,2024-07-29T16:00:00Z,2024-07-29T18:00:00Z,95.7
Netherlands,NLD,2024-07-29T17:00:00Z,2024-07-29T19:00:00Z,119.72
Netherlands,NLD,2024-07-29T18:00:00Z,2024-07-29T20:00:00Z,172.2
Netherlands,NLD,2024-07-29T19:00:00Z,2024-07-29T21:00:00Z,130.1
Netherlands,NLD,2024-07-29T20:00:00Z,2024-07-29T22:00:00Z,106.97
Netherlands,NLD,2024-07-29T21:00:00Z,2024-07-29T23:00:00Z,90.2
Netherlands,NLD,2024-07-29T22:00:00Z,2024-07-30T00:00:00Z,76.32
Netherlands,NLD,2024-07-29T23:00:00Z,2024-07-30T01:00:00Z,74.19
Netherlands,NLD,2024-07-30T00:00:00Z,2024-07-30T02:00:00Z,76.18
Netherlands,NLD,2024-07-30T01:00:00Z,2024-07-30T03:00:00Z,80.82
Netherlands,NLD,2024-07-30T02:00:00Z,2024-07-30T04:00:00Z,85.38
Netherlands,NLD,2024-07-30T03:00:00Z,2024-07-30T05:00:00Z,100.24
Netherlands,NLD,2024-07-30T04:00:00Z,2024-07-30T06:00:00Z,110.88
Netherlands,NLD,2024-07-30T05:00:00Z,2024-07-30T07:00:00Z,108.95
Netherlands,NLD,2024-07-30T06:00:00Z,2024-07-30T08:00:00Z,98.41
Netherlands,NLD,2024-07-30T07:00:00Z,2024-07-30T09:00:00Z,67.1
Netherlands,NLD,2024-07-30T08:00:00Z,2024-07-30T10:00:00Z,37.52
Netherlands,NLD,2024-07-30T09:00:00Z,2024-07-30T11:00:00Z,7.84
Netherlands,NLD,2024-07-30T10:00:00Z,2024-07-30T12:00:00Z,1
Netherlands,NLD,2024-07-30T11:00:00Z,2024-07-30T13:00:00Z,-0.06
Netherlands,NLD,2024-07-30T12:00:00Z,2024-07-30T14:00:00Z,-0.06
Netherlands,NLD,2024-07-30T13:00:00Z,2024-07-30T15:00:00Z,13.11
Netherlands,NLD,2024-07-30T14:00:00Z,2024-07-30T16:00:00Z,40.74
Netherlands,NLD,2024-07-30T15:00:00Z,2024-07-30T17:00:00Z,77.31
Netherlands,NLD,2024-07-30T16:00:00Z,2024-07-30T18:00:00Z,102.19
Netherlands,NLD,2024-07-30T17:00:00Z,2024-07-30T19:00:00Z,126.76
Netherlands,NLD,2024-07-30T18:00:00Z,2024-07-30T20:00:00Z,164.68
Netherlands,NLD,2024-07-30T19:00:00Z,2024-07-30T21:00:00Z,144.62
Netherlands,NLD,2024-07-30T20:00:00Z,2024-07-30T22:00:00Z,114.59
Netherlands,NLD,2024-07-30T21:00:00Z,2024-07-30T23:00:00Z,99.04
Netherlands,NLD,2024-07-30T22:00:00Z,2024-07-31T00:00:00Z,98.55
Netherlands,NLD,2024-07-30T23:00:00Z,2024-07-31T01:00:00Z,86.2
Netherlands,NLD,2024-07-31T00:00:00Z,2024-07-31T02:00:00Z,83.82
Netherlands,NLD,2024-07-31T01:00:00Z,2024-07-31T03:00:00Z,77.32
Netherlands,NLD,2024-07-31T02:00:00Z,2024-07-31T04:00:00Z,85.1
Netherlands,NLD,2024-07-31T03:00:00Z,2024-07-31T05:00:00Z,94.12
Netherlands,NLD,2024-07-31T04:00:00Z,2024-07-31T06:00:00Z,105.05
Netherlands,NLD,2024-07-31T05:00:00Z,2024-07-31T07:00:00Z,109.69
Netherlands,NLD,2024-07-31T06:00:00Z,2024-07-31T08:00:00Z,95.26
Netherlands,NLD,2024-07-31T07:00:00Z,2024-07-31T09:00:00Z,78.83
Netherlands,NLD,2024-07-31T08:00:00Z,2024-07-31T10:00:00Z,55.89
Netherlands,NLD,2024-07-31T09:00:00Z,2024-07-31T11:00:00Z,33.46
Netherlands,NLD,2024-07-31T10:00:00Z,2024-07-31T12:00:00Z,22.83
Netherlands,NLD,2024-07-31T11:00:00Z,2024-07-31T13:00:00Z,11.36
Netherlands,NLD,2024-07-31T12:00:00Z,2024-07-31T14:00:00Z,18.37
Netherlands,NLD,2024-07-31T13:00:00Z,2024-07-31T15:00:00Z,30.6
Netherlands,NLD,2024-07-31T14:00:00Z,2024-07-31T16:00:00Z,34.06
Netherlands,NLD,2024-07-31T15:00:00Z,2024-07-31T17:00:00Z,75.8
Netherlands,NLD,2024-07-31T16:00:00Z,2024-07-31T18:00:00Z,95.89
Netherlands,NLD,2024-07-31T17:00:00Z,2024-07-31T19:00:00Z,114.62
Netherlands,NLD,2024-07-31T18:00:00Z,2024-07-31T20:00:00Z,133.63
Netherlands,NLD,2024-07-31T19:00:00Z,2024-07-31T21:00:00Z,112.64
Netherlands,NLD,2024-07-31T20:00:00Z,2024-07-31T22:00:00Z,104.44
Netherlands,NLD,2024-07-31T21:00:00Z,2024-07-31T23:00:00Z,96.56
Netherlands,NLD,2024-07-31T22:00:00Z,2024-08-01T00:00:00Z,96.72
Netherlands,NLD,2024-07-31T23:00:00Z,2024-08-01T01:00:00Z,89.8
Netherlands,NLD,2024-08-01T00:00:00Z,2024-08-01T02:00:00Z,86.76
Netherlands,NLD,2024-08-01T01:00:00Z,2024-08-01T03:00:00Z,80.4
Netherlands,NLD,2024-08-01T02:00:00Z,2024-08-01T04:00:00Z,86.1
Netherlands,NLD,2024-08-01T03:00:00Z,2024-08-01T05:00:00Z,99.1
Netherlands,NLD,2024-08-01T04:00:00Z,2024-08-01T06:00:00Z,114.22
Netherlands,NLD,2024-08-01T05:00:00Z,2024-08-01T07:00:00Z,106.99
Netherlands,NLD,2024-08-01T06:00:00Z,2024-08-01T08:00:00Z,105.95
Netherlands,NLD,2024-08-01T07:00:00Z,2024-08-01T09:00:00Z,90.1
Netherlands,NLD,2024-08-01T08:00:00Z,2024-08-01T10:00:00Z,76.95
Netherlands,NLD,2024-08-01T09:00:00Z,2024-08-01T11:00:00Z,67.64
Netherlands,NLD,2024-08-01T10:00:00Z,2024-08-01T12:00:00Z,64.03
Netherlands,NLD,2024-08-01T11:00:00Z,2024-08-01T13:00:00Z,60.34
Netherlands,NLD,2024-08-01T12:00:00Z,2024-08-01T14:00:00Z,62.13
Netherlands,NLD,2024-08-01T13:00:00Z,2024-08-01T15:00:00Z,70.55
Netherlands,NLD,2024-08-01T14:00:00Z,2024-08-01T16:00:00Z,74.24
Netherlands,NLD,2024-08-01T15:00:00Z,2024-08-01T17:00:00Z,93.78
Netherlands,NLD,2024-08-01T16:00:00Z,2024-08-01T18:00:00Z,99.9
Netherlands,NLD,2024-08-01T17:00:00Z,2024-08-01T19:00:00Z,115.2
Netherlands,NLD,2024-08-01T18:00:00Z,2024-08-01T20:00:00Z,140.1
Netherlands,NLD,2024-08-01T19:00:00Z,2024-08-01T21:00:00Z,123.36
Netherlands,NLD,2024-08-01T20:00:00Z,2024-08-01T22:00:00Z,111.73
Netherlands,NLD,2024-08-01T21:00:00Z,2024-08-01T23:00:00Z,105.33
Netherlands,NLD,2024-08-01T22:00:00Z,2024-08-02T00:00:00Z,93.93
Netherlands,NLD,2024-08-01T23:00:00Z,2024-08-02T01:00:00Z,88.87
Netherlands,NLD,2024-08-02T00:00:00Z,2024-08-02T02:00:00Z,87.8
Netherlands,NLD,2024-08-02T01:00:00Z,2024-08-02T03:00:00Z,82.26
Netherlands,NLD,2024-08-02T02:00:00Z,2024-08-02T04:00:00Z,86.1
Netherlands,NLD,2024-08-02T03:00:00Z,2024-08-02T05:00:00Z,94.44
Netherlands,NLD,2024-08-02T04:00:00Z,2024-08-02T06:00:00Z,109.51
Netherlands,NLD,2024-08-02T05:00:00Z,2024-08-02T07:00:00Z,119.79
Netherlands,NLD,2024-08-02T06:00:00Z,2024-08-02T08:00:00Z,112.75
Netherlands,NLD,2024-08-02T07:00:00Z,2024-08-02T09:00:00Z,104.42
Netherlands,NLD,2024-08-02T08:00:00Z,2024-08-02T10:00:00Z,65.1
Netherlands,NLD,2024-08-02T09:00:00Z,2024-08-02T11:00:00Z,69.08
Netherlands,NLD,2024-08-02T10:00:00Z,2024-08-02T12:00:00Z,63.84
Netherlands,NLD,2024-08-02T11:00:00Z,2024-08-02T13:00:00Z,51.7
Netherlands,NLD,2024-08-02T12:00:00Z,2024-08-02T14:00:00Z,50.23
Netherlands,NLD,2024-08-02T13:00:00Z,2024-08-02T15:00:00Z,50.05
Netherlands,NLD,2024-08-02T14:00:00Z,2024-08-02T16:00:00Z,64.72
Netherlands,NLD,2024-08-02T15:00:00Z,2024-08-02T17:00:00Z,76.91
Netherlands,NLD,2024-08-02T16:00:00Z,2024-08-02T18:00:00Z,99.9
Netherlands,NLD,2024-08-02T17:00:00Z,2024-08-02T19:00:00Z,128.76
Netherlands,NLD,2024-08-02T18:00:00Z,2024-08-02T20:00:00Z,145.73
Netherlands,NLD,2024-08-02T19:00:00Z,2024-08-02T21:00:00Z,116.92
Netherlands,NLD,2024-08-02T20:00:00Z,2024-08-02T22:00:00Z,110.9
Netherlands,NLD,2024-08-02T21:00:00Z,2024-08-02T23:00:00Z,99.4
Netherlands,NLD,2024-08-02T22:00:00Z,2024-08-03T00:00:00Z,100.16
Netherlands,NLD,2024-08-02T23:00:00Z,2024-08-03T01:00:00Z,96.33
Netherlands,NLD,2024-08-03T00:00:00Z,2024-08-03T02:00:00Z,90.7
Netherlands,NLD,2024-08-03T01:00:00Z,2024-08-03T03:00:00Z,86.54
Netherlands,NLD,2024-08-03T02:00:00Z,2024-08-03T04:00:00Z,83.74
Netherlands,NLD,2024-08-03T03:00:00Z,2024-08-03T05:00:00Z,92.1
Netherlands,NLD,2024-08-03T04:00:00Z,2024-08-03T06:00:00Z,99.9
Netherlands,NLD,2024-08-03T05:00:00Z,2024-08-03T07:00:00Z,92.05
Netherlands,NLD,2024-08-03T06:00:00Z,2024-08-03T08:00:00Z,81.19
Netherlands,NLD,2024-08-03T07:00:00Z,2024-08-03T09:00:00Z,62.91
Netherlands,NLD,2024-08-03T08:00:00Z,2024-08-03T10:00:00Z,32.44
Netherlands,NLD,2024-08-03T09:00:00Z,2024-08-03T11:00:00Z,20.36
Netherlands,NLD,2024-08-03T10:00:00Z,2024-08-03T12:00:00Z,14.66
Netherlands,NLD,2024-08-03T11:00:00Z,2024-08-03T13:00:00Z,6.41
Netherlands,NLD,2024-08-03T12:00:00Z,2024-08-03T14:00:00Z,4.1
Netherlands,NLD,2024-08-03T13:00:00Z,2024-08-03T15:00:00Z,12.02
Netherlands,NLD,2024-08-03T14:00:00Z,2024-08-03T16:00:00Z,28.8
Netherlands,NLD,2024-08-03T15:00:00Z,2024-08-03T17:00:00Z,70.7
Netherlands,NLD,2024-08-03T16:00:00Z,2024-08-03T18:00:00Z,99.9
Netherlands,NLD,2024-08-03T17:00:00Z,2024-08-03T19:00:00Z,106.85
Netherlands,NLD,2024-08-03T18:00:00Z,2024-08-03T20:00:00Z,119.9
Netherlands,NLD,2024-08-03T19:00:00Z,2024-08-03T21:00:00Z,130.85
Netherlands,NLD,2024-08-03T20:00:00Z,2024-08-03T22:00:00Z,115.05
Netherlands,NLD,2024-08-03T21:00:00Z,2024-08-03T23:00:00Z,99.9
Netherlands,NLD,2024-08-03T22:00:00Z,2024-08-04T00:00:00Z,106.89
Netherlands,NLD,2024-08-03T23:00:00Z,2024-08-04T01:00:00Z,97.65
Netherlands,NLD,2024-08-04T00:00:00Z,2024-08-04T02:00:00Z,93.88
Netherlands,NLD,2024-08-04T01:00:00Z,2024-08-04T03:00:00Z,88.05
Netherlands,NLD,2024-08-04T02:00:00Z,2024-08-04T04:00:00Z,85.5
Netherlands,NLD,2024-08-04T03:00:00Z,2024-08-04T05:00:00Z,79.06
Netherlands,NLD,2024-08-04T04:00:00Z,2024-08-04T06:00:00Z,77.7
Netherlands,NLD,2024-08-04T05:00:00Z,2024-08-04T07:00:00Z,69.83
Netherlands,NLD,2024-08-04T06:00:00Z,2024-08-04T08:00:00Z,58.98
Netherlands,NLD,2024-08-04T07:00:00Z,2024-08-04T09:00:00Z,26.87
Netherlands,NLD,2024-08-04T08:00:00Z,2024-08-04T10:00:00Z,8.05
Netherlands,NLD,2024-08-04T09:00:00Z,2024-08-04T11:00:00Z,2.05
Netherlands,NLD,2024-08-04T10:00:00Z,2024-08-04T12:00:00Z,0.06
Netherlands,NLD,2024-08-04T11:00:00Z,2024-08-04T13:00:00Z,-0.04
Netherlands,NLD,2024-08-04T12:00:00Z,2024-08-04T14:00:00Z,-2.14
Netherlands,NLD,2024-08-04T13:00:00Z,2024-08-04T15:00:00Z,-0.01
Netherlands,NLD,2024-08-04T14:00:00Z,2024-08-04T16:00:00Z,1.03
Netherlands,NLD,2024-08-04T15:00:00Z,2024-08-04T17:00:00Z,22.45
Netherlands,NLD,2024-08-04T16:00:00Z,2024-08-04T18:00:00Z,72.15
Netherlands,NLD,2024-08-04T17:00:00Z,2024-08-04T19:00:00Z,104
Netherlands,NLD,2024-08-04T18:00:00Z,2024-08-04T20:00:00Z,118.8
Netherlands,NLD,2024-08-04T19:00:00Z,2024-08-04T21:00:00Z,122.65
Netherlands,NLD,2024-08-04T20:00:00Z,2024-08-04T22:00:00Z,111.88
Netherlands,NLD,2024-08-04T21:00:00Z,2024-08-04T23:00:00Z,102.93
Netherlands,NLD,2024-08-04T22:00:00Z,2024-08-05T00:00:00Z,103.52
Netherlands,NLD,2024-08-04T23:00:00Z,2024-08-05T01:00:00Z,85.72
Netherlands,NLD,2024-08-05T00:00:00Z,2024-08-05T02:00:00Z,82.3
Netherlands,NLD,2024-08-05T01:00:00Z,2024-08-05T03:00:00Z,85.12
Netherlands,NLD,2024-08-05T02:00:00Z,2024-08-05T04:00:00Z,82.81
Netherlands,NLD,2024-08-05T03:00:00Z,2024-08-05T05:00:00Z,97.02
Netherlands,NLD,2024-08-05T04:00:00Z,2024-08-05T06:00:00Z,118.98
Netherlands,NLD,2024-08-05T05:00:00Z,2024-08-05T07:00:00Z,137.29
Netherlands,NLD,2024-08-05T06:00:00Z,2024-08-05T08:00:00Z,113.42
Netherlands,NLD,2024-08-05T07:00:00Z,2024-08-05T09:00:00Z,102.83
Netherlands,NLD,2024-08-05T08:00:00Z,2024-08-05T10:00:00Z,73.18
Netherlands,NLD,2024-08-05T09:00:00Z,2024-08-05T11:00:00Z,51.44
Netherlands,NLD,2024-08-05T10:00:00Z,2024-08-05T12:00:00Z,31
Netherlands,NLD,2024-08-05T11:00:00Z,2024-08-05T13:00:00Z,26
Netherlands,NLD,2024-08-05T12:00:00Z,2024-08-05T14:00:00Z,3.31
Netherlands,NLD,2024-08-05T13:00:00Z,2024-08-05T15:00:00Z,27.1
Netherlands,NLD,2024-08-05T14:00:00Z,2024-08-05T16:00:00Z,53.89
Netherlands,NLD,2024-08-05T15:00:00Z,2024-08-05T17:00:00Z,83.6
Netherlands,NLD,2024-08-05T16:00:00Z,2024-08-05T18:00:00Z,102
Netherlands,NLD,2024-08-05T17:00:00Z,2024-08-05T19:00:00Z,151.34
Netherlands,NLD,2024-08-05T18:00:00Z,2024-08-05T20:00:00Z,245.23
Netherlands,NLD,2024-08-05T19:00:00Z,2024-08-05T21:00:00Z,170.93
Netherlands,NLD,2024-08-05T20:00:00Z,2024-08-05T22:00:00Z,119.94
Netherlands,NLD,2024-08-05T21:00:00Z,2024-08-05T23:00:00Z,102.75
Netherlands,NLD,2024-08-05T22:00:00Z,2024-08-06T00:00:00Z,101.6
Netherlands,NLD,2024-08-05T23:00:00Z,2024-08-06T01:00:00Z,93.52
Netherlands,NLD,2024-08-06T00:00:00Z,2024-08-06T02:00:00Z,86.61
Netherlands,NLD,2024-08-06T01:00:00Z,2024-08-06T03:00:00Z,82.41
Netherlands,NLD,2024-08-06T02:00:00Z,2024-08-06T04:00:00Z,83.24
Netherlands,NLD,2024-08-06T03:00:00Z,2024-08-06T05:00:00Z,92.44
Netherlands,NLD,2024-08-06T04:00:00Z,2024-08-06T06:00:00Z,118.84
Netherlands,NLD,2024-08-06T05:00:00Z,2024-08-06T07:00:00Z,124.52
Netherlands,NLD,2024-08-06T06:00:00Z,2024-08-06T08:00:00Z,84.33
Netherlands,NLD,2024-08-06T07:00:00Z,2024-08-06T09:00:00Z,73.69
Netherlands,NLD,2024-08-06T08:00:00Z,2024-08-06T10:00:00Z,36.04
Netherlands,NLD,2024-08-06T09:00:00Z,2024-08-06T11:00:00Z,21.11
Netherlands,NLD,2024-08-06T10:00:00Z,2024-08-06T12:00:00Z,15.84
Netherlands,NLD,2024-08-06T11:00:00Z,2024-08-06T13:00:00Z,2.93
Netherlands,NLD,2024-08-06T12:00:00Z,2024-08-06T14:00:00Z,4.76
Netherlands,NLD,2024-08-06T13:00:00Z,2024-08-06T15:00:00Z,19.24
Netherlands,NLD,2024-08-06T14:00:00Z,2024-08-06T16:00:00Z,38.84
Netherlands,NLD,2024-08-06T15:00:00Z,2024-08-06T17:00:00Z,80.75
Netherlands,NLD,2024-08-06T16:00:00Z,2024-08-06T18:00:00Z,105
Netherlands,NLD,2024-08-06T17:00:00Z,2024-08-06T19:00:00Z,161.39
Netherlands,NLD,2024-08-06T18:00:00Z,2024-08-06T20:00:00Z,228.2
Netherlands,NLD,2024-08-06T19:00:00Z,2024-08-06T21:00:00Z,168.9
Netherlands,NLD,2024-08-06T20:00:00Z,2024-08-06T22:00:00Z,118.03
Netherlands,NLD,2024-08-06T21:00:00Z,2024-08-06T23:00:00Z,99.22
Netherlands,NLD,2024-08-06T22:00:00Z,2024-08-07T00:00:00Z,90.1
Netherlands,NLD,2024-08-06T23:00:00Z,2024-08-07T01:00:00Z,84.12
Netherlands,NLD,2024-08-07T00:00:00Z,2024-08-07T02:00:00Z,79.1
Netherlands,NLD,2024-08-07T01:00:00Z,2024-08-07T03:00:00Z,84.47
Netherlands,NLD,2024-08-07T02:00:00Z,2024-08-07T04:00:00Z,87.7
Netherlands,NLD,2024-08-07T03:00:00Z,2024-08-07T05:00:00Z,104.36
Netherlands,NLD,2024-08-07T04:00:00Z,2024-08-07T06:00:00Z,126.07
Netherlands,NLD,2024-08-07T05:00:00Z,2024-08-07T07:00:00Z,128.32
Netherlands,NLD,2024-08-07T06:00:00Z,2024-08-07T08:00:00Z,108.15
Netherlands,NLD,2024-08-07T07:00:00Z,2024-08-07T09:00:00Z,87.84
Netherlands,NLD,2024-08-07T08:00:00Z,2024-08-07T10:00:00Z,72.05
Netherlands,NLD,2024-08-07T09:00:00Z,2024-08-07T11:00:00Z,61.48
Netherlands,NLD,2024-08-07T10:00:00Z,2024-08-07T12:00:00Z,36.88
Netherlands,NLD,2024-08-07T11:00:00Z,2024-08-07T13:00:00Z,-2.88
Netherlands,NLD,2024-08-07T12:00:00Z,2024-08-07T14:00:00Z,-10.06
Netherlands,NLD,2024-08-07T13:00:00Z,2024-08-07T15:00:00Z,-10.06
Netherlands,NLD,2024-08-07T14:00:00Z,2024-08-07T16:00:00Z,0
Netherlands,NLD,2024-08-07T15:00:00Z,2024-08-07T17:00:00Z,55
Netherlands,NLD,2024-08-07T16:00:00Z,2024-08-07T18:00:00Z,105
Netherlands,NLD,2024-08-07T17:00:00Z,2024-08-07T19:00:00Z,97.94
Netherlands,NLD,2024-08-07T18:00:00Z,2024-08-07T20:00:00Z,125.93
Netherlands,NLD,2024-08-07T19:00:00Z,2024-08-07T21:00:00Z,134.25
Netherlands,NLD,2024-08-07T20:00:00Z,2024-08-07T22:00:00Z,112.74
Netherlands,NLD,2024-08-07T21:00:00Z,2024-08-07T23:00:00Z,102.78
Netherlands,NLD,2024-08-07T22:00:00Z,2024-08-08T00:00:00Z,96.63
Netherlands,NLD,2024-08-07T23:00:00Z,2024-08-08T01:00:00Z,88.79
Netherlands,NLD,2024-08-08T00:00:00Z,2024-08-08T02:00:00Z,88.52
Netherlands,NLD,2024-08-08T01:00:00Z,2024-08-08T03:00:00Z,88.06
Netherlands,NLD,2024-08-08T02:00:00Z,2024-08-08T04:00:00Z,88.41
Netherlands,NLD,2024-08-08T03:00:00Z,2024-08-08T05:00:00Z,96.11
Netherlands,NLD,2024-08-08T04:00:00Z,2024-08-08T06:00:00Z,110.91
Netherlands,NLD,2024-08-08T05:00:00Z,2024-08-08T07:00:00Z,124.95
Netherlands,NLD,2024-08-08T06:00:00Z,2024-08-08T08:00:00Z,117.76
Netherlands,NLD,2024-08-08T07:00:00Z,2024-08-08T09:00:00Z,106.84
Netherlands,NLD,2024-08-08T08:00:00Z,2024-08-08T10:00:00Z,86.1
Netherlands,NLD,2024-08-08T09:00:00Z,2024-08-08T11:00:00Z,71.6
Netherlands,NLD,2024-08-08T10:00:00Z,2024-08-08T12:00:00Z,50.26
Netherlands,NLD,2024-08-08T11:00:00Z,2024-08-08T13:00:00Z,40.49
Netherlands,NLD,2024-08-08T12:00:00Z,2024-08-08T14:00:00Z,29.99
Netherlands,NLD,2024-08-08T13:00:00Z,2024-08-08T15:00:00Z,38.21
Netherlands,NLD,2024-08-08T14:00:00Z,2024-08-08T16:00:00Z,57.45
Netherlands,NLD,2024-08-08T15:00:00Z,2024-08-08T17:00:00Z,80.22
Netherlands,NLD,2024-08-08T16:00:00Z,2024-08-08T18:00:00Z,101.77
Netherlands,NLD,2024-08-08T17:00:00Z,2024-08-08T19:00:00Z,100
Netherlands,NLD,2024-08-08T18:00:00Z,2024-08-08T20:00:00Z,138.77
Netherlands,NLD,2024-08-08T19:00:00Z,2024-08-08T21:00:00Z,135
Netherlands,NLD,2024-08-08T20:00:00Z,2024-08-08T22:00:00Z,102
Netherlands,NLD,2024-08-08T21:00:00Z,2024-08-08T23:00:00Z,93.56
Netherlands,NLD,2024-08-08T22:00:00Z,2024-08-09T00:00:00Z,98.12
Netherlands,NLD,2024-08-08T23:00:00Z,2024-08-09T01:00:00Z,73.76
Netherlands,NLD,2024-08-09T00:00:00Z,2024-08-09T02:00:00Z,51.88
Netherlands,NLD,2024-08-09T01:00:00Z,2024-08-09T03:00:00Z,36.28
Netherlands,NLD,2024-08-09T02:00:00Z,2024-08-09T04:00:00Z,52.8
Netherlands,NLD,2024-08-09T03:00:00Z,2024-08-09T05:00:00Z,33.49
Netherlands,NLD,2024-08-09T04:00:00Z,2024-08-09T06:00:00Z,79.35
Netherlands,NLD,2024-08-09T05:00:00Z,2024-08-09T07:00:00Z,82.72
Netherlands,NLD,2024-08-09T06:00:00Z,2024-08-09T08:00:00Z,52.48
Netherlands,NLD,2024-08-09T07:00:00Z,2024-08-09T09:00:00Z,30.97
Netherlands,NLD,2024-08-09T08:00:00Z,2024-08-09T10:00:00Z,8.53
Netherlands,NLD,2024-08-09T09:00:00Z,2024-08-09T11:00:00Z,0.21
Netherlands,NLD,2024-08-09T10:00:00Z,2024-08-09T12:00:00Z,-0.48
Netherlands,NLD,2024-08-09T11:00:00Z,2024-08-09T13:00:00Z,-0.89
Netherlands,NLD,2024-08-09T12:00:00Z,2024-08-09T14:00:00Z,-3
Netherlands,NLD,2024-08-09T13:00:00Z,2024-08-09T15:00:00Z,-10
Netherlands,NLD,2024-08-09T14:00:00Z,2024-08-09T16:00:00Z,-8.88
Netherlands,NLD,2024-08-09T15:00:00Z,2024-08-09T17:00:00Z,-0.9
Netherlands,NLD,2024-08-09T16:00:00Z,2024-08-09T18:00:00Z,40.2
Netherlands,NLD,2024-08-09T17:00:00Z,2024-08-09T19:00:00Z,83.83
Netherlands,NLD,2024-08-09T18:00:00Z,2024-08-09T20:00:00Z,127.01
Netherlands,NLD,2024-08-09T19:00:00Z,2024-08-09T21:00:00Z,132.32
Netherlands,NLD,2024-08-09T20:00:00Z,2024-08-09T22:00:00Z,119.9
Netherlands,NLD,2024-08-09T21:00:00Z,2024-08-09T23:00:00Z,116
Netherlands,NLD,2024-08-09T22:00:00Z,2024-08-10T00:00:00Z,87.5
Netherlands,NLD,2024-08-09T23:00:00Z,2024-08-10T01:00:00Z,96.63
Netherlands,NLD,2024-08-10T00:00:00Z,2024-08-10T02:00:00Z,91.93
Netherlands,NLD,2024-08-10T01:00:00Z,2024-08-10T03:00:00Z,89.07
Netherlands,NLD,2024-08-10T02:00:00Z,2024-08-10T04:00:00Z,86.4
Netherlands,NLD,2024-08-10T03:00:00Z,2024-08-10T05:00:00Z,88.92
Netherlands,NLD,2024-08-10T04:00:00Z,2024-08-10T06:00:00Z,97.93
Netherlands,NLD,2024-08-10T05:00:00Z,2024-08-10T07:00:00Z,77.13
Netherlands,NLD,2024-08-10T06:00:00Z,2024-08-10T08:00:00Z,31.95
Netherlands,NLD,2024-08-10T07:00:00Z,2024-08-10T09:00:00Z,0.2
Netherlands,NLD,2024-08-10T08:00:00Z,2024-08-10T10:00:00Z,-3
Netherlands,NLD,2024-08-10T09:00:00Z,2024-08-10T11:00:00Z,-12.2
Netherlands,NLD,2024-08-10T10:00:00Z,2024-08-10T12:00:00Z,-22.49
Netherlands,NLD,2024-08-10T11:00:00Z,2024-08-10T13:00:00Z,-47.56
Netherlands,NLD,2024-08-10T12:00:00Z,2024-08-10T14:00:00Z,-52.04
Netherlands,NLD,2024-08-10T13:00:00Z,2024-08-10T15:00:00Z,-30
Netherlands,NLD,2024-08-10T14:00:00Z,2024-08-10T16:00:00Z,-10.08
Netherlands,NLD,2024-08-10T15:00:00Z,2024-08-10T17:00:00Z,-1.3
Netherlands,NLD,2024-08-10T16:00:00Z,2024-08-10T18:00:00Z,48.77
Netherlands,NLD,2024-08-10T17:00:00Z,2024-08-10T19:00:00Z,107.98
Netherlands,NLD,2024-08-10T18:00:00Z,2024-08-10T20:00:00Z,128.49
Netherlands,NLD,2024-08-10T19:00:00Z,2024-08-10T21:00:00Z,136.91
Netherlands,NLD,2024-08-10T20:00:00Z,2024-08-10T22:00:00Z,119.9
Netherlands,NLD,2024-08-10T21:00:00Z,2024-08-10T23:00:00Z,107.95
Netherlands,NLD,2024-08-10T22:00:00Z,2024-08-11T00:00:00Z,109.41
Netherlands,NLD,2024-08-10T23:00:00Z,2024-08-11T01:00:00Z,107.81
Netherlands,NLD,2024-08-11T00:00:00Z,2024-08-11T02:00:00Z,105.29
Netherlands,NLD,2024-08-11T01:00:00Z,2024-08-11T03:00:00Z,101.46
Netherlands,NLD,2024-08-11T02:00:00Z,2024-08-11T04:00:00Z,105.49
Netherlands,NLD,2024-08-11T03:00:00Z,2024-08-11T05:00:00Z,117.98
Netherlands,NLD,2024-08-11T04:00:00Z,2024-08-11T06:00:00Z,114.34
Netherlands,NLD,2024-08-11T05:00:00Z,2024-08-11T07:00:00Z,84
Netherlands,NLD,2024-08-11T06:00:00Z,2024-08-11T08:00:00Z,27.98
Netherlands,NLD,2024-08-11T07:00:00Z,2024-08-11T09:00:00Z,0
Netherlands,NLD,2024-08-11T08:00:00Z,2024-08-11T10:00:00Z,-5.01
Netherlands,NLD,2024-08-11T09:00:00Z,2024-08-11T11:00:00Z,-14.99
Netherlands,NLD,2024-08-11T10:00:00Z,2024-08-11T12:00:00Z,-32.93
Netherlands,NLD,2024-08-11T11:00:00Z,2024-08-11T13:00:00Z,-59.97
Netherlands,NLD,2024-08-11T12:00:00Z,2024-08-11T14:00:00Z,-50.1
Netherlands,NLD,2024-08-11T13:00:00Z,2024-08-11T15:00:00Z,-31.4
Netherlands,NLD,2024-08-11T14:00:00Z,2024-08-11T16:00:00Z,-5.24
Netherlands,NLD,2024-08-11T15:00:00Z,2024-08-11T17:00:00Z,0.66
Netherlands,NLD,2024-08-11T16:00:00Z,2024-08-11T18:00:00Z,90.02
Netherlands,NLD,2024-08-11T17:00:00Z,2024-08-11T19:00:00Z,132
Netherlands,NLD,2024-08-11T18:00:00Z,2024-08-11T20:00:00Z,138.93
Netherlands,NLD,2024-08-11T19:00:00Z,2024-08-11T21:00:00Z,127.68
Netherlands,NLD,2024-08-11T20:00:00Z,2024-08-11T22:00:00Z,109.99
Netherlands,NLD,2024-08-11T21:00:00Z,2024-08-11T23:00:00Z,97.28
Netherlands,NLD,2024-08-11T22:00:00Z,2024-08-12T00:00:00Z,104.38
Netherlands,NLD,2024-08-11T23:00:00Z,2024-08-12T01:00:00Z,91.84
Netherlands,NLD,2024-08-12T00:00:00Z,2024-08-12T02:00:00Z,85.3
Netherlands,NLD,2024-08-12T01:00:00Z,2024-08-12T03:00:00Z,85.5
Netherlands,NLD,2024-08-12T02:00:00Z,2024-08-12T04:00:00Z,86.31
Netherlands,NLD,2024-08-12T03:00:00Z,2024-08-12T05:00:00Z,86.41
Netherlands,NLD,2024-08-12T04:00:00Z,2024-08-12T06:00:00Z,112.64
Netherlands,NLD,2024-08-12T05:00:00Z,2024-08-12T07:00:00Z,119.68
Netherlands,NLD,2024-08-12T06:00:00Z,2024-08-12T08:00:00Z,99.39
Netherlands,NLD,2024-08-12T07:00:00Z,2024-08-12T09:00:00Z,63.7
Netherlands,NLD,2024-08-12T08:00:00Z,2024-08-12T10:00:00Z,40.12
Netherlands,NLD,2024-08-12T09:00:00Z,2024-08-12T11:00:00Z,16.04
Netherlands,NLD,2024-08-12T10:00:00Z,2024-08-12T12:00:00Z,0.9
Netherlands,NLD,2024-08-12T11:00:00Z,2024-08-12T13:00:00Z,-3
Netherlands,NLD,2024-08-12T12:00:00Z,2024-08-12T14:00:00Z,-10.06
Netherlands,NLD,2024-08-12T13:00:00Z,2024-08-12T15:00:00Z,10
Netherlands,NLD,2024-08-12T14:00:00Z,2024-08-12T16:00:00Z,48.04
Netherlands,NLD,2024-08-12T15:00:00Z,2024-08-12T17:00:00Z,88.65
Netherlands,NLD,2024-08-12T16:00:00Z,2024-08-12T18:00:00Z,121.23
Netherlands,NLD,2024-08-12T17:00:00Z,2024-08-12T19:00:00Z,198.98
Netherlands,NLD,2024-08-12T18:00:00Z,2024-08-12T20:00:00Z,219.99
Netherlands,NLD,2024-08-12T19:00:00Z,2024-08-12T21:00:00Z,128.92
Netherlands,NLD,2024-08-12T20:00:00Z,2024-08-12T22:00:00Z,106.55
Netherlands,NLD,2024-08-12T21:00:00Z,2024-08-12T23:00:00Z,99.99
Netherlands,NLD,2024-08-12T22:00:00Z,2024-08-13T00:00:00Z,99.38
Netherlands,NLD,2024-08-12T23:00:00Z,2024-08-13T01:00:00Z,87.72
Netherlands,NLD,2024-08-13T00:00:00Z,2024-08-13T02:00:00Z,85.59
Netherlands,NLD,2024-08-13T01:00:00Z,2024-08-13T03:00:00Z,87.2
Netherlands,NLD,2024-08-13T02:00:00Z,2024-08-13T04:00:00Z,89
Netherlands,NLD,2024-08-13T03:00:00Z,2024-08-13T05:00:00Z,99.36
Netherlands,NLD,2024-08-13T04:00:00Z,2024-08-13T06:00:00Z,124.21
Netherlands,NLD,2024-08-13T05:00:00Z,2024-08-13T07:00:00Z,132.32
Netherlands,NLD,2024-08-13T06:00:00Z,2024-08-13T08:00:00Z,117.89
Netherlands,NLD,2024-08-13T07:00:00Z,2024-08-13T09:00:00Z,100.1
Netherlands,NLD,2024-08-13T08:00:00Z,2024-08-13T10:00:00Z,73.98
Netherlands,NLD,2024-08-13T09:00:00Z,2024-08-13T11:00:00Z,56.03
Netherlands,NLD,2024-08-13T10:00:00Z,2024-08-13T12:00:00Z,43.01
Netherlands,NLD,2024-08-13T11:00:00Z,2024-08-13T13:00:00Z,40.5
Netherlands,NLD,2024-08-13T12:00:00Z,2024-08-13T14:00:00Z,48
Netherlands,NLD,2024-08-13T13:00:00Z,2024-08-13T15:00:00Z,64.16
Netherlands,NLD,2024-08-13T14:00:00Z,2024-08-13T16:00:00Z,85.1
Netherlands,NLD,2024-08-13T15:00:00Z,2024-08-13T17:00:00Z,102.93
Netherlands,NLD,2024-08-13T16:00:00Z,2024-08-13T18:00:00Z,118.3
Netherlands,NLD,2024-08-13T17:00:00Z,2024-08-13T19:00:00Z,189.46
Netherlands,NLD,2024-08-13T18:00:00Z,2024-08-13T20:00:00Z,192.84
Netherlands,NLD,2024-08-13T19:00:00Z,2024-08-13T21:00:00Z,126.69
Netherlands,NLD,2024-08-13T20:00:00Z,2024-08-13T22:00:00Z,112
Netherlands,NLD,2024-08-13T21:00:00Z,2024-08-13T23:00:00Z,104.92
Netherlands,NLD,2024-08-13T22:00:00Z,2024-08-14T00:00:00Z,87.88
Netherlands,NLD,2024-08-13T23:00:00Z,2024-08-14T01:00:00Z,89.9
Netherlands,NLD,2024-08-14T00:00:00Z,2024-08-14T02:00:00Z,86.6
Netherlands,NLD,2024-08-14T01:00:00Z,2024-08-14T03:00:00Z,90.3
Netherlands,NLD,2024-08-14T02:00:00Z,2024-08-14T04:00:00Z,90.42
Netherlands,NLD,2024-08-14T03:00:00Z,2024-08-14T05:00:00Z,103.11
Netherlands,NLD,2024-08-14T04:00:00Z,2024-08-14T06:00:00Z,124.38
Netherlands,NLD,2024-08-14T05:00:00Z,2024-08-14T07:00:00Z,132.43
Netherlands,NLD,2024-08-14T06:00:00Z,2024-08-14T08:00:00Z,122.61
Netherlands,NLD,2024-08-14T07:00:00Z,2024-08-14T09:00:00Z,113.29
Netherlands,NLD,2024-08-14T08:00:00Z,2024-08-14T10:00:00Z,100
Netherlands,NLD,2024-08-14T09:00:00Z,2024-08-14T11:00:00Z,94.3
Netherlands,NLD,2024-08-14T10:00:00Z,2024-08-14T12:00:00Z,83.04
Netherlands,NLD,2024-08-14T11:00:00Z,2024-08-14T13:00:00Z,77
Netherlands,NLD,2024-08-14T12:00:00Z,2024-08-14T14:00:00Z,74.74
Netherlands,NLD,2024-08-14T13:00:00Z,2024-08-14T15:00:00Z,79.32
Netherlands,NLD,2024-08-14T14:00:00Z,2024-08-14T16:00:00Z,91.02
Netherlands,NLD,2024-08-14T15:00:00Z,2024-08-14T17:00:00Z,100.8
Netherlands,NLD,2024-08-14T16:00:00Z,2024-08-14T18:00:00Z,111.48
Netherlands,NLD,2024-08-14T17:00:00Z,2024-08-14T19:00:00Z,155
Netherlands,NLD,2024-08-14T18:00:00Z,2024-08-14T20:00:00Z,205.38
Netherlands,NLD,2024-08-14T19:00:00Z,2024-08-14T21:00:00Z,143.89
Netherlands,NLD,2024-08-14T20:00:00Z,2024-08-14T22:00:00Z,118.65
Netherlands,NLD,2024-08-14T21:00:00Z,2024-08-14T23:00:00Z,108
Netherlands,NLD,2024-08-14T22:00:00Z,2024-08-15T00:00:00Z,104.5
Netherlands,NLD,2024-08-14T23:00:00Z,2024-08-15T01:00:00Z,102.71
Netherlands,NLD,2024-08-15T00:00:00Z,2024-08-15T02:00:00Z,98.37
Netherlands,NLD,2024-08-15T01:00:00Z,2024-08-15T03:00:00Z,89.37
Netherlands,NLD,2024-08-15T02:00:00Z,2024-08-15T04:00:00Z,90
Netherlands,NLD,2024-08-15T03:00:00Z,2024-08-15T05:00:00Z,102.05
Netherlands,NLD,2024-08-15T04:00:00Z,2024-08-15T06:00:00Z,112.16
Netherlands,NLD,2024-08-15T05:00:00Z,2024-08-15T07:00:00Z,112.66
Netherlands,NLD,2024-08-15T06:00:00Z,2024-08-15T08:00:00Z,104.84
Netherlands,NLD,2024-08-15T07:00:00Z,2024-08-15T09:00:00Z,80.11
Netherlands,NLD,2024-08-15T08:00:00Z,2024-08-15T10:00:00Z,52.59
Netherlands,NLD,2024-08-15T09:00:00Z,2024-08-15T11:00:00Z,18.31
Netherlands,NLD,2024-08-15T10:00:00Z,2024-08-15T12:00:00Z,9.91
Netherlands,NLD,2024-08-15T11:00:00Z,2024-08-15T13:00:00Z,-0.14
Netherlands,NLD,2024-08-15T12:00:00Z,2024-08-15T14:00:00Z,-0.2
Netherlands,NLD,2024-08-15T13:00:00Z,2024-08-15T15:00:00Z,-3
Netherlands,NLD,2024-08-15T14:00:00Z,2024-08-15T16:00:00Z,-10.05
Netherlands,NLD,2024-08-15T15:00:00Z,2024-08-15T17:00:00Z,29.9
Netherlands,NLD,2024-08-15T16:00:00Z,2024-08-15T18:00:00Z,100.59
Netherlands,NLD,2024-08-15T17:00:00Z,2024-08-15T19:00:00Z,109.4
Netherlands,NLD,2024-08-15T18:00:00Z,2024-08-15T20:00:00Z,126.95
Netherlands,NLD,2024-08-15T19:00:00Z,2024-08-15T21:00:00Z,121.47
Netherlands,NLD,2024-08-15T20:00:00Z,2024-08-15T22:00:00Z,111.4
Netherlands,NLD,2024-08-15T21:00:00Z,2024-08-15T23:00:00Z,93.54
Netherlands,NLD,2024-08-15T22:00:00Z,2024-08-16T00:00:00Z,84
Netherlands,NLD,2024-08-15T23:00:00Z,2024-08-16T01:00:00Z,73.11
Netherlands,NLD,2024-08-16T00:00:00Z,2024-08-16T02:00:00Z,83.45
Netherlands,NLD,2024-08-16T01:00:00Z,2024-08-16T03:00:00Z,82.1
Netherlands,NLD,2024-08-16T02:00:00Z,2024-08-16T04:00:00Z,84.22
Netherlands,NLD,2024-08-16T03:00:00Z,2024-08-16T05:00:00Z,89.03
Netherlands,NLD,2024-08-16T04:00:00Z,2024-08-16T06:00:00Z,120.42
Netherlands,NLD,2024-08-16T05:00:00Z,2024-08-16T07:00:00Z,126.53
Netherlands,NLD,2024-08-16T06:00:00Z,2024-08-16T08:00:00Z,120
Netherlands,NLD,2024-08-16T07:00:00Z,2024-08-16T09:00:00Z,110.01
Netherlands,NLD,2024-08-16T08:00:00Z,2024-08-16T10:00:00Z,100
Netherlands,NLD,2024-08-16T09:00:00Z,2024-08-16T11:00:00Z,89.6
Netherlands,NLD,2024-08-16T10:00:00Z,2024-08-16T12:00:00Z,74.39
Netherlands,NLD,2024-08-16T11:00:00Z,2024-08-16T13:00:00Z,53.5
Netherlands,NLD,2024-08-16T12:00:00Z,2024-08-16T14:00:00Z,47.71
Netherlands,NLD,2024-08-16T13:00:00Z,2024-08-16T15:00:00Z,54.25
Netherlands,NLD,2024-08-16T14:00:00Z,2024-08-16T16:00:00Z,78.49
Netherlands,NLD,2024-08-16T15:00:00Z,2024-08-16T17:00:00Z,96.97
Netherlands,NLD,2024-08-16T16:00:00Z,2024-08-16T18:00:00Z,125.76
Netherlands,NLD,2024-08-16T17:00:00Z,2024-08-16T19:00:00Z,208.73
Netherlands,NLD,2024-08-16T18:00:00Z,2024-08-16T20:00:00Z,219.25
Netherlands,NLD,2024-08-16T19:00:00Z,2024-08-16T21:00:00Z,160.79
Netherlands,NLD,2024-08-16T20:00:00Z,2024-08-16T22:00:00Z,131.75
Netherlands,NLD,2024-08-16T21:00:00Z,2024-08-16T23:00:00Z,116.18
Netherlands,NLD,2024-08-16T22:00:00Z,2024-08-17T00:00:00Z,107.1
Netherlands,NLD,2024-08-16T23:00:00Z,2024-08-17T01:00:00Z,105.74
Netherlands,NLD,2024-08-17T00:00:00Z,2024-08-17T02:00:00Z,100.81
Netherlands,NLD,2024-08-17T01:00:00Z,2024-08-17T03:00:00Z,98
Netherlands,NLD,2024-08-17T02:00:00Z,2024-08-17T04:00:00Z,103.02
Netherlands,NLD,2024-08-17T03:00:00Z,2024-08-17T05:00:00Z,103.29
Netherlands,NLD,2024-08-17T04:00:00Z,2024-08-17T06:00:00Z,100.83
Netherlands,NLD,2024-08-17T05:00:00Z,2024-08-17T07:00:00Z,98.23
Netherlands,NLD,2024-08-17T06:00:00Z,2024-08-17T08:00:00Z,99.75
Netherlands,NLD,2024-08-17T07:00:00Z,2024-08-17T09:00:00Z,81.67
Netherlands,NLD,2024-08-17T08:00:00Z,2024-08-17T10:00:00Z,68.99
Netherlands,NLD,2024-08-17T09:00:00Z,2024-08-17T11:00:00Z,48
Netherlands,NLD,2024-08-17T10:00:00Z,2024-08-17T12:00:00Z,33
Netherlands,NLD,2024-08-17T11:00:00Z,2024-08-17T13:00:00Z,27.1
Netherlands,NLD,2024-08-17T12:00:00Z,2024-08-17T14:00:00Z,19.28
Netherlands,NLD,2024-08-17T13:00:00Z,2024-08-17T15:00:00Z,30.55
Netherlands,NLD,2024-08-17T14:00:00Z,2024-08-17T16:00:00Z,56.06
Netherlands,NLD,2024-08-17T15:00:00Z,2024-08-17T17:00:00Z,84.59
Netherlands,NLD,2024-08-17T16:00:00Z,2024-08-17T18:00:00Z,112.58
Netherlands,NLD,2024-08-17T17:00:00Z,2024-08-17T19:00:00Z,132.77
Netherlands,NLD,2024-08-17T18:00:00Z,2024-08-17T20:00:00Z,141.82
Netherlands,NLD,2024-08-17T19:00:00Z,2024-08-17T21:00:00Z,125.03
Netherlands,NLD,2024-08-17T20:00:00Z,2024-08-17T22:00:00Z,116.11
Netherlands,NLD,2024-08-17T21:00:00Z,2024-08-17T23:00:00Z,105.69
Netherlands,NLD,2024-08-17T22:00:00Z,2024-08-18T00:00:00Z,107.44
Netherlands,NLD,2024-08-17T23:00:00Z,2024-08-18T01:00:00Z,106.14
Netherlands,NLD,2024-08-18T00:00:00Z,2024-08-18T02:00:00Z,100
Netherlands,NLD,2024-08-18T01:00:00Z,2024-08-18T03:00:00Z,98.61
Netherlands,NLD,2024-08-18T02:00:00Z,2024-08-18T04:00:00Z,96.7
Netherlands,NLD,2024-08-18T03:00:00Z,2024-08-18T05:00:00Z,96.1
Netherlands,NLD,2024-08-18T04:00:00Z,2024-08-18T06:00:00Z,92.3
Netherlands,NLD,2024-08-18T05:00:00Z,2024-08-18T07:00:00Z,86.93
Netherlands,NLD,2024-08-18T06:00:00Z,2024-08-18T08:00:00Z,83.15
Netherlands,NLD,2024-08-18T07:00:00Z,2024-08-18T09:00:00Z,75.35
Netherlands,NLD,2024-08-18T08:00:00Z,2024-08-18T10:00:00Z,62.56
Netherlands,NLD,2024-08-18T09:00:00Z,2024-08-18T11:00:00Z,15.3
Netherlands,NLD,2024-08-18T10:00:00Z,2024-08-18T12:00:00Z,8.93
Netherlands,NLD,2024-08-18T11:00:00Z,2024-08-18T13:00:00Z,10
Netherlands,NLD,2024-08-18T12:00:00Z,2024-08-18T14:00:00Z,0
Netherlands,NLD,2024-08-18T13:00:00Z,2024-08-18T15:00:00Z,0
Netherlands,NLD,2024-08-18T14:00:00Z,2024-08-18T16:00:00Z,17.3
Netherlands,NLD,2024-08-18T15:00:00Z,2024-08-18T17:00:00Z,68.41
Netherlands,NLD,2024-08-18T16:00:00Z,2024-08-18T18:00:00Z,83.96
Netherlands,NLD,2024-08-18T17:00:00Z,2024-08-18T19:00:00Z,104.78
Netherlands,NLD,2024-08-18T18:00:00Z,2024-08-18T20:00:00Z,111.73
Netherlands,NLD,2024-08-18T19:00:00Z,2024-08-18T21:00:00Z,109.97
Netherlands,NLD,2024-08-18T20:00:00Z,2024-08-18T22:00:00Z,111.45
Netherlands,NLD,2024-08-18T21:00:00Z,2024-08-18T23:00:00Z,99.51
Netherlands,NLD,2024-08-18T22:00:00Z,2024-08-19T00:00:00Z,97.39
Netherlands,NLD,2024-08-18T23:00:00Z,2024-08-19T01:00:00Z,90.1
Netherlands,NLD,2024-08-19T00:00:00Z,2024-08-19T02:00:00Z,88.7
Netherlands,NLD,2024-08-19T01:00:00Z,2024-08-19T03:00:00Z,84.86
Netherlands,NLD,2024-08-19T02:00:00Z,2024-08-19T04:00:00Z,84.5
Netherlands,NLD,2024-08-19T03:00:00Z,2024-08-19T05:00:00Z,86.77
Netherlands,NLD,2024-08-19T04:00:00Z,2024-08-19T06:00:00Z,122.85
Netherlands,NLD,2024-08-19T05:00:00Z,2024-08-19T07:00:00Z,149.77
Netherlands,NLD,2024-08-19T06:00:00Z,2024-08-19T08:00:00Z,128.65
Netherlands,NLD,2024-08-19T07:00:00Z,2024-08-19T09:00:00Z,112.58
Netherlands,NLD,2024-08-19T08:00:00Z,2024-08-19T10:00:00Z,96.08
Netherlands,NLD,2024-08-19T09:00:00Z,2024-08-19T11:00:00Z,88.71
Netherlands,NLD,2024-08-19T10:00:00Z,2024-08-19T12:00:00Z,83.22
Netherlands,NLD,2024-08-19T11:00:00Z,2024-08-19T13:00:00Z,77.99
Netherlands,NLD,2024-08-19T12:00:00Z,2024-08-19T14:00:00Z,78.95
Netherlands,NLD,2024-08-19T13:00:00Z,2024-08-19T15:00:00Z,79.2
Netherlands,NLD,2024-08-19T14:00:00Z,2024-08-19T16:00:00Z,80.3
Netherlands,NLD,2024-08-19T15:00:00Z,2024-08-19T17:00:00Z,98.67
Netherlands,NLD,2024-08-19T16:00:00Z,2024-08-19T18:00:00Z,107.04
Netherlands,NLD,2024-08-19T17:00:00Z,2024-08-19T19:00:00Z,160
Netherlands,NLD,2024-08-19T18:00:00Z,2024-08-19T20:00:00Z,200.94
Netherlands,NLD,2024-08-19T19:00:00Z,2024-08-19T21:00:00Z,138.98
Netherlands,NLD,2024-08-19T20:00:00Z,2024-08-19T22:00:00Z,101.05
Netherlands,NLD,2024-08-19T21:00:00Z,2024-08-19T23:00:00Z,86.33
Netherlands,NLD,2024-08-19T22:00:00Z,2024-08-20T00:00:00Z,92.86
Netherlands,NLD,2024-08-19T23:00:00Z,2024-08-20T01:00:00Z,88.36
Netherlands,NLD,2024-08-20T00:00:00Z,2024-08-20T02:00:00Z,86.77
Netherlands,NLD,2024-08-20T01:00:00Z,2024-08-20T03:00:00Z,86.23
Netherlands,NLD,2024-08-20T02:00:00Z,2024-08-20T04:00:00Z,83.14
Netherlands,NLD,2024-08-20T03:00:00Z,2024-08-20T05:00:00Z,86.79
Netherlands,NLD,2024-08-20T04:00:00Z,2024-08-20T06:00:00Z,119.76
Netherlands,NLD,2024-08-20T05:00:00Z,2024-08-20T07:00:00Z,120.71
Netherlands,NLD,2024-08-20T06:00:00Z,2024-08-20T08:00:00Z,109.29
Netherlands,NLD,2024-08-20T07:00:00Z,2024-08-20T09:00:00Z,102.24
Netherlands,NLD,2024-08-20T08:00:00Z,2024-08-20T10:00:00Z,60.58
Netherlands,NLD,2024-08-20T09:00:00Z,2024-08-20T11:00:00Z,46.91
Netherlands,NLD,2024-08-20T10:00:00Z,2024-08-20T12:00:00Z,32.85
Netherlands,NLD,2024-08-20T11:00:00Z,2024-08-20T13:00:00Z,16.07
Netherlands,NLD,2024-08-20T12:00:00Z,2024-08-20T14:00:00Z,8.25
Netherlands,NLD,2024-08-20T13:00:00Z,2024-08-20T15:00:00Z,27.21
Netherlands,NLD,2024-08-20T14:00:00Z,2024-08-20T16:00:00Z,49.92
Netherlands,NLD,2024-08-20T15:00:00Z,2024-08-20T17:00:00Z,100.26
Netherlands,NLD,2024-08-20T16:00:00Z,2024-08-20T18:00:00Z,116.84
Netherlands,NLD,2024-08-20T17:00:00Z,2024-08-20T19:00:00Z,123.66
Netherlands,NLD,2024-08-20T18:00:00Z,2024-08-20T20:00:00Z,145.08
Netherlands,NLD,2024-08-20T19:00:00Z,2024-08-20T21:00:00Z,120
Netherlands,NLD,2024-08-20T20:00:00Z,2024-08-20T22:00:00Z,103.42
Netherlands,NLD,2024-08-20T21:00:00Z,2024-08-20T23:00:00Z,94.69
Netherlands,NLD,2024-08-20T22:00:00Z,2024-08-21T00:00:00Z,84.9
Netherlands,NLD,2024-08-20T23:00:00Z,2024-08-21T01:00:00Z,76.4
Netherlands,NLD,2024-08-21T00:00:00Z,2024-08-21T02:00:00Z,62.14
Netherlands,NLD,2024-08-21T01:00:00Z,2024-08-21T03:00:00Z,51.36
Netherlands,NLD,2024-08-21T02:00:00Z,2024-08-21T04:00:00Z,49.9
Netherlands,NLD,2024-08-21T03:00:00Z,2024-08-21T05:00:00Z,54
Netherlands,NLD,2024-08-21T04:00:00Z,2024-08-21T06:00:00Z,80.59
Netherlands,NLD,2024-08-21T05:00:00Z,2024-08-21T07:00:00Z,87.15
Netherlands,NLD,2024-08-21T06:00:00Z,2024-08-21T08:00:00Z,86.5
Netherlands,NLD,2024-08-21T07:00:00Z,2024-08-21T09:00:00Z,51
Netherlands,NLD,2024-08-21T08:00:00Z,2024-08-21T10:00:00Z,-4.24
Netherlands,NLD,2024-08-21T09:00:00Z,2024-08-21T11:00:00Z,-10.5
Netherlands,NLD,2024-08-21T10:00:00Z,2024-08-21T12:00:00Z,-19
Netherlands,NLD,2024-08-21T11:00:00Z,2024-08-21T13:00:00Z,-31.73
Netherlands,NLD,2024-08-21T12:00:00Z,2024-08-21T14:00:00Z,-29.1
Netherlands,NLD,2024-08-21T13:00:00Z,2024-08-21T15:00:00Z,-21.04
Netherlands,NLD,2024-08-21T14:00:00Z,2024-08-21T16:00:00Z,-16.56
Netherlands,NLD,2024-08-21T15:00:00Z,2024-08-21T17:00:00Z,-2
Netherlands,NLD,2024-08-21T16:00:00Z,2024-08-21T18:00:00Z,67.21
Netherlands,NLD,2024-08-21T17:00:00Z,2024-08-21T19:00:00Z,102.1
Netherlands,NLD,2024-08-21T18:00:00Z,2024-08-21T20:00:00Z,136.67
Netherlands,NLD,2024-08-21T19:00:00Z,2024-08-21T21:00:00Z,128.63
Netherlands,NLD,2024-08-21T20:00:00Z,2024-08-21T22:00:00Z,102.37
Netherlands,NLD,2024-08-21T21:00:00Z,2024-08-21T23:00:00Z,85.49
Netherlands,NLD,2024-08-21T22:00:00Z,2024-08-22T00:00:00Z,77.87
Netherlands,NLD,2024-08-21T23:00:00Z,2024-08-22T01:00:00Z,70.59
Netherlands,NLD,2024-08-22T00:00:00Z,2024-08-22T02:00:00Z,76.07
Netherlands,NLD,2024-08-22T01:00:00Z,2024-08-22T03:00:00Z,58
Netherlands,NLD,2024-08-22T02:00:00Z,2024-08-22T04:00:00Z,49.9
Netherlands,NLD,2024-08-22T03:00:00Z,2024-08-22T05:00:00Z,62.4
Netherlands,NLD,2024-08-22T04:00:00Z,2024-08-22T06:00:00Z,89
Netherlands,NLD,2024-08-22T05:00:00Z,2024-08-22T07:00:00Z,62.74
Netherlands,NLD,2024-08-22T06:00:00Z,2024-08-22T08:00:00Z,46.6
Netherlands,NLD,2024-08-22T07:00:00Z,2024-08-22T09:00:00Z,16
Netherlands,NLD,2024-08-22T08:00:00Z,2024-08-22T10:00:00Z,-6.96
Netherlands,NLD,2024-08-22T09:00:00Z,2024-08-22T11:00:00Z,-19.43
Netherlands,NLD,2024-08-22T10:00:00Z,2024-08-22T12:00:00Z,-21
Netherlands,NLD,2024-08-22T11:00:00Z,2024-08-22T13:00:00Z,-28.96
Netherlands,NLD,2024-08-22T12:00:00Z,2024-08-22T14:00:00Z,-26.75
Netherlands,NLD,2024-08-22T13:00:00Z,2024-08-22T15:00:00Z,-15.53
Netherlands,NLD,2024-08-22T14:00:00Z,2024-08-22T16:00:00Z,-10.05
Netherlands,NLD,2024-08-22T15:00:00Z,2024-08-22T17:00:00Z,0
Netherlands,NLD,2024-08-22T16:00:00Z,2024-08-22T18:00:00Z,90
Netherlands,NLD,2024-08-22T17:00:00Z,2024-08-22T19:00:00Z,112.65
Netherlands,NLD,2024-08-22T18:00:00Z,2024-08-22T20:00:00Z,114.7
Netherlands,NLD,2024-08-22T19:00:00Z,2024-08-22T21:00:00Z,111.18
Netherlands,NLD,2024-08-22T20:00:00Z,2024-08-22T22:00:00Z,96.07
Netherlands,NLD,2024-08-22T21:00:00Z,2024-08-22T23:00:00Z,79.15
Netherlands,NLD,2024-08-22T22:00:00Z,2024-08-23T00:00:00Z,51.28
Netherlands,NLD,2024-08-22T23:00:00Z,2024-08-23T01:00:00Z,40.7
Netherlands,NLD,2024-08-23T00:00:00Z,2024-08-23T02:00:00Z,33.02
Netherlands,NLD,2024-08-23T01:00:00Z,2024-08-23T03:00:00Z,17
Netherlands,NLD,2024-08-23T02:00:00Z,2024-08-23T04:00:00Z,9.4
Netherlands,NLD,2024-08-23T03:00:00Z,2024-08-23T05:00:00Z,6.85
Netherlands,NLD,2024-08-23T04:00:00Z,2024-08-23T06:00:00Z,15.08
Netherlands,NLD,2024-08-23T05:00:00Z,2024-08-23T07:00:00Z,27.73
Netherlands,NLD,2024-08-23T06:00:00Z,2024-08-23T08:00:00Z,29.99
Netherlands,NLD,2024-08-23T07:00:00Z,2024-08-23T09:00:00Z,1.26
Netherlands,NLD,2024-08-23T08:00:00Z,2024-08-23T10:00:00Z,-0.79
Netherlands,NLD,2024-08-23T09:00:00Z,2024-08-23T11:00:00Z,-3.97
Netherlands,NLD,2024-08-23T10:00:00Z,2024-08-23T12:00:00Z,-0.08
Netherlands,NLD,2024-08-23T11:00:00Z,2024-08-23T13:00:00Z,-1
Netherlands,NLD,2024-08-23T12:00:00Z,2024-08-23T14:00:00Z,-10
Netherlands,NLD,2024-08-23T13:00:00Z,2024-08-23T15:00:00Z,-10.08
Netherlands,NLD,2024-08-23T14:00:00Z,2024-08-23T16:00:00Z,-10.06
Netherlands,NLD,2024-08-23T15:00:00Z,2024-08-23T17:00:00Z,-2
Netherlands,NLD,2024-08-23T16:00:00Z,2024-08-23T18:00:00Z,50.2
Netherlands,NLD,2024-08-23T17:00:00Z,2024-08-23T19:00:00Z,98.85
Netherlands,NLD,2024-08-23T18:00:00Z,2024-08-23T20:00:00Z,118.7
Netherlands,NLD,2024-08-23T19:00:00Z,2024-08-23T21:00:00Z,123.99
Netherlands,NLD,2024-08-23T20:00:00Z,2024-08-23T22:00:00Z,119.86
Netherlands,NLD,2024-08-23T21:00:00Z,2024-08-23T23:00:00Z,100.84
Netherlands,NLD,2024-08-23T22:00:00Z,2024-08-24T00:00:00Z,94.4
Netherlands,NLD,2024-08-23T23:00:00Z,2024-08-24T01:00:00Z,102
Netherlands,NLD,2024-08-24T00:00:00Z,2024-08-24T02:00:00Z,98.38
Netherlands,NLD,2024-08-24T01:00:00Z,2024-08-24T03:00:00Z,97.89
Netherlands,NLD,2024-08-24T02:00:00Z,2024-08-24T04:00:00Z,98.93
Netherlands,NLD,2024-08-24T03:00:00Z,2024-08-24T05:00:00Z,102.81
Netherlands,NLD,2024-08-24T04:00:00Z,2024-08-24T06:00:00Z,99.9
Netherlands,NLD,2024-08-24T05:00:00Z,2024-08-24T07:00:00Z,99.07
Netherlands,NLD,2024-08-24T06:00:00Z,2024-08-24T08:00:00Z,73.31
Netherlands,NLD,2024-08-24T07:00:00Z,2024-08-24T09:00:00Z,15
Netherlands,NLD,2024-08-24T08:00:00Z,2024-08-24T10:00:00Z,-0.02
Netherlands,NLD,2024-08-24T09:00:00Z,2024-08-24T11:00:00Z,-6.84
Netherlands,NLD,2024-08-24T10:00:00Z,2024-08-24T12:00:00Z,-18.64
Netherlands,NLD,2024-08-24T11:00:00Z,2024-08-24T13:00:00Z,-40.35
Netherlands,NLD,2024-08-24T12:00:00Z,2024-08-24T14:00:00Z,-44.92
Netherlands,NLD,2024-08-24T13:00:00Z,2024-08-24T15:00:00Z,-29.07
Netherlands,NLD,2024-08-24T14:00:00Z,2024-08-24T16:00:00Z,-10.05
Netherlands,NLD,2024-08-24T15:00:00Z,2024-08-24T17:00:00Z,-3.66
Netherlands,NLD,2024-08-24T16:00:00Z,2024-08-24T18:00:00Z,67.56
Netherlands,NLD,2024-08-24T17:00:00Z,2024-08-24T19:00:00Z,90.1
Netherlands,NLD,2024-08-24T18:00:00Z,2024-08-24T20:00:00Z,80.19
Netherlands,NLD,2024-08-24T19:00:00Z,2024-08-24T21:00:00Z,71.3
Netherlands,NLD,2024-08-24T20:00:00Z,2024-08-24T22:00:00Z,64.14
Netherlands,NLD,2024-08-24T21:00:00Z,2024-08-24T23:00:00Z,49.39
Netherlands,NLD,2024-08-24T22:00:00Z,2024-08-25T00:00:00Z,0.39
Netherlands,NLD,2024-08-24T23:00:00Z,2024-08-25T01:00:00Z,0.92
Netherlands,NLD,2024-08-25T00:00:00Z,2024-08-25T02:00:00Z,0
Netherlands,NLD,2024-08-25T01:00:00Z,2024-08-25T03:00:00Z,-0.75
Netherlands,NLD,2024-08-25T02:00:00Z,2024-08-25T04:00:00Z,-0.57
Netherlands,NLD,2024-08-25T03:00:00Z,2024-08-25T05:00:00Z,0
Netherlands,NLD,2024-08-25T04:00:00Z,2024-08-25T06:00:00Z,0.05
Netherlands,NLD,2024-08-25T05:00:00Z,2024-08-25T07:00:00Z,-0.01
Netherlands,NLD,2024-08-25T06:00:00Z,2024-08-25T08:00:00Z,0
Netherlands,NLD,2024-08-25T07:00:00Z,2024-08-25T09:00:00Z,-1.39
Netherlands,NLD,2024-08-25T08:00:00Z,2024-08-25T10:00:00Z,-6.07
Netherlands,NLD,2024-08-25T09:00:00Z,2024-08-25T11:00:00Z,-10.1
Netherlands,NLD,2024-08-25T10:00:00Z,2024-08-25T12:00:00Z,-15.5
Netherlands,NLD,2024-08-25T11:00:00Z,2024-08-25T13:00:00Z,-19.37
Netherlands,NLD,2024-08-25T12:00:00Z,2024-08-25T14:00:00Z,-20.47
Netherlands,NLD,2024-08-25T13:00:00Z,2024-08-25T15:00:00Z,-10.07
Netherlands,NLD,2024-08-25T14:00:00Z,2024-08-25T16:00:00Z,-5.35
Netherlands,NLD,2024-08-25T15:00:00Z,2024-08-25T17:00:00Z,-2.5
Netherlands,NLD,2024-08-25T16:00:00Z,2024-08-25T18:00:00Z,59.2
Netherlands,NLD,2024-08-25T17:00:00Z,2024-08-25T19:00:00Z,106.6
Netherlands,NLD,2024-08-25T18:00:00Z,2024-08-25T20:00:00Z,122.23
Netherlands,NLD,2024-08-25T19:00:00Z,2024-08-25T21:00:00Z,107.92
Netherlands,NLD,2024-08-25T20:00:00Z,2024-08-25T22:00:00Z,101.05
Netherlands,NLD,2024-08-25T21:00:00Z,2024-08-25T23:00:00Z,92.49
Netherlands,NLD,2024-08-25T22:00:00Z,2024-08-26T00:00:00Z,92.11
Netherlands,NLD,2024-08-25T23:00:00Z,2024-08-26T01:00:00Z,81.56
Netherlands,NLD,2024-08-26T00:00:00Z,2024-08-26T02:00:00Z,79.87
Netherlands,NLD,2024-08-26T01:00:00Z,2024-08-26T03:00:00Z,75.97
Netherlands,NLD,2024-08-26T02:00:00Z,2024-08-26T04:00:00Z,79.02
Netherlands,NLD,2024-08-26T03:00:00Z,2024-08-26T05:00:00Z,82.6
Netherlands,NLD,2024-08-26T04:00:00Z,2024-08-26T06:00:00Z,112.09
Netherlands,NLD,2024-08-26T05:00:00Z,2024-08-26T07:00:00Z,109.04
Netherlands,NLD,2024-08-26T06:00:00Z,2024-08-26T08:00:00Z,90
Netherlands,NLD,2024-08-26T07:00:00Z,2024-08-26T09:00:00Z,72.5
Netherlands,NLD,2024-08-26T08:00:00Z,2024-08-26T10:00:00Z,32
Netherlands,NLD,2024-08-26T09:00:00Z,2024-08-26T11:00:00Z,13.38
Netherlands,NLD,2024-08-26T10:00:00Z,2024-08-26T12:00:00Z,5
Netherlands,NLD,2024-08-26T11:00:00Z,2024-08-26T13:00:00Z,5
Netherlands,NLD,2024-08-26T12:00:00Z,2024-08-26T14:00:00Z,16.34
Netherlands,NLD,2024-08-26T13:00:00Z,2024-08-26T15:00:00Z,24.39
Netherlands,NLD,2024-08-26T14:00:00Z,2024-08-26T16:00:00Z,38.24
Netherlands,NLD,2024-08-26T15:00:00Z,2024-08-26T17:00:00Z,98.85
Netherlands,NLD,2024-08-26T16:00:00Z,2024-08-26T18:00:00Z,114.09
Netherlands,NLD,2024-08-26T17:00:00Z,2024-08-26T19:00:00Z,186
Netherlands,NLD,2024-08-26T18:00:00Z,2024-08-26T20:00:00Z,224.28
Netherlands,NLD,2024-08-26T19:00:00Z,2024-08-26T21:00:00Z,142.35
Netherlands,NLD,2024-08-26T20:00:00Z,2024-08-26T22:00:00Z,111
Netherlands,NLD,2024-08-26T21:00:00Z,2024-08-26T23:00:00Z,106.6
Netherlands,NLD,2024-08-26T22:00:00Z,2024-08-27T00:00:00Z,98.58
Netherlands,NLD,2024-08-26T23:00:00Z,2024-08-27T01:00:00Z,89.69
Netherlands,NLD,2024-08-27T00:00:00Z,2024-08-27T02:00:00Z,85.3
Netherlands,NLD,2024-08-27T01:00:00Z,2024-08-27T03:00:00Z,85.3
Netherlands,NLD,2024-08-27T02:00:00Z,2024-08-27T04:00:00Z,86
Netherlands,NLD,2024-08-27T03:00:00Z,2024-08-27T05:00:00Z,96.2
Netherlands,NLD,2024-08-27T04:00:00Z,2024-08-27T06:00:00Z,120.36
Netherlands,NLD,2024-08-27T05:00:00Z,2024-08-27T07:00:00Z,133.26
Netherlands,NLD,2024-08-27T06:00:00Z,2024-08-27T08:00:00Z,110.31
Netherlands,NLD,2024-08-27T07:00:00Z,2024-08-27T09:00:00Z,83.98
Netherlands,NLD,2024-08-27T08:00:00Z,2024-08-27T10:00:00Z,72.32
Netherlands,NLD,2024-08-27T09:00:00Z,2024-08-27T11:00:00Z,28.37
Netherlands,NLD,2024-08-27T10:00:00Z,2024-08-27T12:00:00Z,4.01
Netherlands,NLD,2024-08-27T11:00:00Z,2024-08-27T13:00:00Z,0.19
Netherlands,NLD,2024-08-27T12:00:00Z,2024-08-27T14:00:00Z,1.13
Netherlands,NLD,2024-08-27T13:00:00Z,2024-08-27T15:00:00Z,23.12
Netherlands,NLD,2024-08-27T14:00:00Z,2024-08-27T16:00:00Z,45.4
Netherlands,NLD,2024-08-27T15:00:00Z,2024-08-27T17:00:00Z,88.93
Netherlands,NLD,2024-08-27T16:00:00Z,2024-08-27T18:00:00Z,116.06
Netherlands,NLD,2024-08-27T17:00:00Z,2024-08-27T19:00:00Z,225
Netherlands,NLD,2024-08-27T18:00:00Z,2024-08-27T20:00:00Z,211.77
Netherlands,NLD,2024-08-27T19:00:00Z,2024-08-27T21:00:00Z,120.95
Netherlands,NLD,2024-08-27T20:00:00Z,2024-08-27T22:00:00Z,105.43
Netherlands,NLD,2024-08-27T21:00:00Z,2024-08-27T23:00:00Z,92.67
Netherlands,NLD,2024-08-27T22:00:00Z,2024-08-28T00:00:00Z,90.75
Netherlands,NLD,2024-08-27T23:00:00Z,2024-08-28T01:00:00Z,91.5
Netherlands,NLD,2024-08-28T00:00:00Z,2024-08-28T02:00:00Z,87.7
Netherlands,NLD,2024-08-28T01:00:00Z,2024-08-28T03:00:00Z,88.98
Netherlands,NLD,2024-08-28T02:00:00Z,2024-08-28T04:00:00Z,91.22
Netherlands,NLD,2024-08-28T03:00:00Z,2024-08-28T05:00:00Z,91.73
Netherlands,NLD,2024-08-28T04:00:00Z,2024-08-28T06:00:00Z,113.96
Netherlands,NLD,2024-08-28T05:00:00Z,2024-08-28T07:00:00Z,128.4
Netherlands,NLD,2024-08-28T06:00:00Z,2024-08-28T08:00:00Z,121
Netherlands,NLD,2024-08-28T07:00:00Z,2024-08-28T09:00:00Z,105.4
Netherlands,NLD,2024-08-28T08:00:00Z,2024-08-28T10:00:00Z,87.65
Netherlands,NLD,2024-08-28T09:00:00Z,2024-08-28T11:00:00Z,68.97
Netherlands,NLD,2024-08-28T10:00:00Z,2024-08-28T12:00:00Z,34.95
Netherlands,NLD,2024-08-28T11:00:00Z,2024-08-28T13:00:00Z,10.04
Netherlands,NLD,2024-08-28T12:00:00Z,2024-08-28T14:00:00Z,4.87
Netherlands,NLD,2024-08-28T13:00:00Z,2024-08-28T15:00:00Z,54.88
Netherlands,NLD,2024-08-28T14:00:00Z,2024-08-28T16:00:00Z,78.57
Netherlands,NLD,2024-08-28T15:00:00Z,2024-08-28T17:00:00Z,91.77
Netherlands,NLD,2024-08-28T16:00:00Z,2024-08-28T18:00:00Z,110.61
Netherlands,NLD,2024-08-28T17:00:00Z,2024-08-28T19:00:00Z,196.29
Netherlands,NLD,2024-08-28T18:00:00Z,2024-08-28T20:00:00Z,198.89
Netherlands,NLD,2024-08-28T19:00:00Z,2024-08-28T21:00:00Z,125.29
Netherlands,NLD,2024-08-28T20:00:00Z,2024-08-28T22:00:00Z,112
Netherlands,NLD,2024-08-28T21:00:00Z,2024-08-28T23:00:00Z,100.01
Netherlands,NLD,2024-08-28T22:00:00Z,2024-08-29T00:00:00Z,93.91
Netherlands,NLD,2024-08-28T23:00:00Z,2024-08-29T01:00:00Z,94.3
Netherlands,NLD,2024-08-29T00:00:00Z,2024-08-29T02:00:00Z,89.9
Netherlands,NLD,2024-08-29T01:00:00Z,2024-08-29T03:00:00Z,88.9
Netherlands,NLD,2024-08-29T02:00:00Z,2024-08-29T04:00:00Z,89.55
Netherlands,NLD,2024-08-29T03:00:00Z,2024-08-29T05:00:00Z,100.45
Netherlands,NLD,2024-08-29T04:00:00Z,2024-08-29T06:00:00Z,113.91
Netherlands,NLD,2024-08-29T05:00:00Z,2024-08-29T07:00:00Z,133.26
Netherlands,NLD,2024-08-29T06:00:00Z,2024-08-29T08:00:00Z,126.24
Netherlands,NLD,2024-08-29T07:00:00Z,2024-08-29T09:00:00Z,108.71
Netherlands,NLD,2024-08-29T08:00:00Z,2024-08-29T10:00:00Z,92.22
Netherlands,NLD,2024-08-29T09:00:00Z,2024-08-29T11:00:00Z,84.44
Netherlands,NLD,2024-08-29T10:00:00Z,2024-08-29T12:00:00Z,65.69
Netherlands,NLD,2024-08-29T11:00:00Z,2024-08-29T13:00:00Z,44.9
Netherlands,NLD,2024-08-29T12:00:00Z,2024-08-29T14:00:00Z,51.49
Netherlands,NLD,2024-08-29T13:00:00Z,2024-08-29T15:00:00Z,79.46
Netherlands,NLD,2024-08-29T14:00:00Z,2024-08-29T16:00:00Z,89.65
Netherlands,NLD,2024-08-29T15:00:00Z,2024-08-29T17:00:00Z,104.39
Netherlands,NLD,2024-08-29T16:00:00Z,2024-08-29T18:00:00Z,114.69
Netherlands,NLD,2024-08-29T17:00:00Z,2024-08-29T19:00:00Z,219.84
Netherlands,NLD,2024-08-29T18:00:00Z,2024-08-29T20:00:00Z,278.49
Netherlands,NLD,2024-08-29T19:00:00Z,2024-08-29T21:00:00Z,166
Netherlands,NLD,2024-08-29T20:00:00Z,2024-08-29T22:00:00Z,124.93
Netherlands,NLD,2024-08-29T21:00:00Z,2024-08-29T23:00:00Z,109.78
Netherlands,NLD,2024-08-29T22:00:00Z,2024-08-30T00:00:00Z,108.8
Netherlands,NLD,2024-08-29T23:00:00Z,2024-08-30T01:00:00Z,99.15
Netherlands,NLD,2024-08-30T00:00:00Z,2024-08-30T02:00:00Z,93.26
Netherlands,NLD,2024-08-30T01:00:00Z,2024-08-30T03:00:00Z,91.41
Netherlands,NLD,2024-08-30T02:00:00Z,2024-08-30T04:00:00Z,94.23
Netherlands,NLD,2024-08-30T03:00:00Z,2024-08-30T05:00:00Z,104.16
Netherlands,NLD,2024-08-30T04:00:00Z,2024-08-30T06:00:00Z,132.11
Netherlands,NLD,2024-08-30T05:00:00Z,2024-08-30T07:00:00Z,146.67
Netherlands,NLD,2024-08-30T06:00:00Z,2024-08-30T08:00:00Z,132.59
Netherlands,NLD,2024-08-30T07:00:00Z,2024-08-30T09:00:00Z,113.7
Netherlands,NLD,2024-08-30T08:00:00Z,2024-08-30T10:00:00Z,98.25
Netherlands,NLD,2024-08-30T09:00:00Z,2024-08-30T11:00:00Z,89.95
Netherlands,NLD,2024-08-30T10:00:00Z,2024-08-30T12:00:00Z,86.19
Netherlands,NLD,2024-08-30T11:00:00Z,2024-08-30T13:00:00Z,80.23
Netherlands,NLD,2024-08-30T12:00:00Z,2024-08-30T14:00:00Z,78.97
Netherlands,NLD,2024-08-30T13:00:00Z,2024-08-30T15:00:00Z,81.87
Netherlands,NLD,2024-08-30T14:00:00Z,2024-08-30T16:00:00Z,85.46
Netherlands,NLD,2024-08-30T15:00:00Z,2024-08-30T17:00:00Z,99.16
Netherlands,NLD,2024-08-30T16:00:00Z,2024-08-30T18:00:00Z,122.2
Netherlands,NLD,2024-08-30T17:00:00Z,2024-08-30T19:00:00Z,142.69
Netherlands,NLD,2024-08-30T18:00:00Z,2024-08-30T20:00:00Z,137.29
Netherlands,NLD,2024-08-30T19:00:00Z,2024-08-30T21:00:00Z,112.71
Netherlands,NLD,2024-08-30T20:00:00Z,2024-08-30T22:00:00Z,96.83
Netherlands,NLD,2024-08-30T21:00:00Z,2024-08-30T23:00:00Z,95.36
Netherlands,NLD,2024-08-30T22:00:00Z,2024-08-31T00:00:00Z,106.58
Netherlands,NLD,2024-08-30T23:00:00Z,2024-08-31T01:00:00Z,98.18
Netherlands,NLD,2024-08-31T00:00:00Z,2024-08-31T02:00:00Z,96.9
Netherlands,NLD,2024-08-31T01:00:00Z,2024-08-31T03:00:00Z,95.59
Netherlands,NLD,2024-08-31T02:00:00Z,2024-08-31T04:00:00Z,91.4
Netherlands,NLD,2024-08-31T03:00:00Z,2024-08-31T05:00:00Z,94.1
Netherlands,NLD,2024-08-31T04:00:00Z,2024-08-31T06:00:00Z,96.6
Netherlands,NLD,2024-08-31T05:00:00Z,2024-08-31T07:00:00Z,101.8
Netherlands,NLD,2024-08-31T06:00:00Z,2024-08-31T08:00:00Z,100.6
Netherlands,NLD,2024-08-31T07:00:00Z,2024-08-31T09:00:00Z,84.92
Netherlands,NLD,2024-08-31T08:00:00Z,2024-08-31T10:00:00Z,60.13
Netherlands,NLD,2024-08-31T09:00:00Z,2024-08-31T11:00:00Z,18.34
Netherlands,NLD,2024-08-31T10:00:00Z,2024-08-31T12:00:00Z,-5.54
Netherlands,NLD,2024-08-31T11:00:00Z,2024-08-31T13:00:00Z,-8.98
Netherlands,NLD,2024-08-31T12:00:00Z,2024-08-31T14:00:00Z,-11.57
Netherlands,NLD,2024-08-31T13:00:00Z,2024-08-31T15:00:00Z,-20
Netherlands,NLD,2024-08-31T14:00:00Z,2024-08-31T16:00:00Z,12.8
Netherlands,NLD,2024-08-31T15:00:00Z,2024-08-31T17:00:00Z,75
Netherlands,NLD,2024-08-31T16:00:00Z,2024-08-31T18:00:00Z,112.41
Netherlands,NLD,2024-08-31T17:00:00Z,2024-08-31T19:00:00Z,136.53
Netherlands,NLD,2024-08-31T18:00:00Z,2024-08-31T20:00:00Z,124.75
Netherlands,NLD,2024-08-31T19:00:00Z,2024-08-31T21:00:00Z,106.76
Netherlands,NLD,2024-08-31T20:00:00Z,2024-08-31T22:00:00Z,99.31
Netherlands,NLD,2024-08-31T21:00:00Z,2024-08-31T23:00:00Z,88.88
Netherlands,NLD,2024-08-31T22:00:00Z,2024-09-01T00:00:00Z,93.89
Netherlands,NLD,2024-08-31T23:00:00Z,2024-09-01T01:00:00Z,85.99
Netherlands,NLD,2024-09-01T00:00:00Z,2024-09-01T02:00:00Z,80.37
Netherlands,NLD,2024-09-01T01:00:00Z,2024-09-01T03:00:00Z,79.57
Netherlands,NLD,2024-09-01T02:00:00Z,2024-09-01T04:00:00Z,79.87
Netherlands,NLD,2024-09-01T03:00:00Z,2024-09-01T05:00:00Z,76.57
Netherlands,NLD,2024-09-01T04:00:00Z,2024-09-01T06:00:00Z,73.8
Netherlands,NLD,2024-09-01T05:00:00Z,2024-09-01T07:00:00Z,72.09
Netherlands,NLD,2024-09-01T06:00:00Z,2024-09-01T08:00:00Z,60.63
Netherlands,NLD,2024-09-01T07:00:00Z,2024-09-01T09:00:00Z,41.27
Netherlands,NLD,2024-09-01T08:00:00Z,2024-09-01T10:00:00Z,12.73
Netherlands,NLD,2024-09-01T09:00:00Z,2024-09-01T11:00:00Z,-4.83
Netherlands,NLD,2024-09-01T10:00:00Z,2024-09-01T12:00:00Z,-19.94
Netherlands,NLD,2024-09-01T11:00:00Z,2024-09-01T13:00:00Z,-40.92
Netherlands,NLD,2024-09-01T12:00:00Z,2024-09-01T14:00:00Z,-33.37
Netherlands,NLD,2024-09-01T13:00:00Z,2024-09-01T15:00:00Z,-13.32
Netherlands,NLD,2024-09-01T14:00:00Z,2024-09-01T16:00:00Z,23.99
Netherlands,NLD,2024-09-01T15:00:00Z,2024-09-01T17:00:00Z,77.19
Netherlands,NLD,2024-09-01T16:00:00Z,2024-09-01T18:00:00Z,110.53
Netherlands,NLD,2024-09-01T17:00:00Z,2024-09-01T19:00:00Z,131.27
Netherlands,NLD,2024-09-01T18:00:00Z,2024-09-01T20:00:00Z,123.79
Netherlands,NLD,2024-09-01T19:00:00Z,2024-09-01T21:00:00Z,107.71
Netherlands,NLD,2024-09-01T20:00:00Z,2024-09-01T22:00:00Z,102.01
Netherlands,NLD,2024-09-01T21:00:00Z,2024-09-01T23:00:00Z,91.51
Netherlands,NLD,2024-09-01T22:00:00Z,2024-09-02T00:00:00Z,91.24
Netherlands,NLD,2024-09-01T23:00:00Z,2024-09-02T01:00:00Z,94.77
Netherlands,NLD,2024-09-02T00:00:00Z,2024-09-02T02:00:00Z,92.39
Netherlands,NLD,2024-09-02T01:00:00Z,2024-09-02T03:00:00Z,92.51
Netherlands,NLD,2024-09-02T02:00:00Z,2024-09-02T04:00:00Z,92.22
Netherlands,NLD,2024-09-02T03:00:00Z,2024-09-02T05:00:00Z,100.89
Netherlands,NLD,2024-09-02T04:00:00Z,2024-09-02T06:00:00Z,113.2
Netherlands,NLD,2024-09-02T05:00:00Z,2024-09-02T07:00:00Z,134.85
Netherlands,NLD,2024-09-02T06:00:00Z,2024-09-02T08:00:00Z,131.94
Netherlands,NLD,2024-09-02T07:00:00Z,2024-09-02T09:00:00Z,122.64
Netherlands,NLD,2024-09-02T08:00:00Z,2024-09-02T10:00:00Z,102.83
Netherlands,NLD,2024-09-02T09:00:00Z,2024-09-02T11:00:00Z,90.82
Netherlands,NLD,2024-09-02T10:00:00Z,2024-09-02T12:00:00Z,85.02
Netherlands,NLD,2024-09-02T11:00:00Z,2024-09-02T13:00:00Z,81.02
Netherlands,NLD,2024-09-02T12:00:00Z,2024-09-02T14:00:00Z,83.46
Netherlands,NLD,2024-09-02T13:00:00Z,2024-09-02T15:00:00Z,88.17
Netherlands,NLD,2024-09-02T14:00:00Z,2024-09-02T16:00:00Z,94.16
Netherlands,NLD,2024-09-02T15:00:00Z,2024-09-02T17:00:00Z,112.88
Netherlands,NLD,2024-09-02T16:00:00Z,2024-09-02T18:00:00Z,143.19
Netherlands,NLD,2024-09-02T17:00:00Z,2024-09-02T19:00:00Z,255.53
Netherlands,NLD,2024-09-02T18:00:00Z,2024-09-02T20:00:00Z,210.49
Netherlands,NLD,2024-09-02T19:00:00Z,2024-09-02T21:00:00Z,133.33
Netherlands,NLD,2024-09-02T20:00:00Z,2024-09-02T22:00:00Z,114.71
Netherlands,NLD,2024-09-02T21:00:00Z,2024-09-02T23:00:00Z,104
Netherlands,NLD,2024-09-02T22:00:00Z,2024-09-03T00:00:00Z,99.58
Netherlands,NLD,2024-09-02T23:00:00Z,2024-09-03T01:00:00Z,93
Netherlands,NLD,2024-09-03T00:00:00Z,2024-09-03T02:00:00Z,91.5
Netherlands,NLD,2024-09-03T01:00:00Z,2024-09-03T03:00:00Z,92.97
Netherlands,NLD,2024-09-03T02:00:00Z,2024-09-03T04:00:00Z,96
Netherlands,NLD,2024-09-03T03:00:00Z,2024-09-03T05:00:00Z,102.46
Netherlands,NLD,2024-09-03T04:00:00Z,2024-09-03T06:00:00Z,123.9
Netherlands,NLD,2024-09-03T05:00:00Z,2024-09-03T07:00:00Z,148.43
Netherlands,NLD,2024-09-03T06:00:00Z,2024-09-03T08:00:00Z,133.95
Netherlands,NLD,2024-09-03T07:00:00Z,2024-09-03T09:00:00Z,115.98
Netherlands,NLD,2024-09-03T08:00:00Z,2024-09-03T10:00:00Z,98.88
Netherlands,NLD,2024-09-03T09:00:00Z,2024-09-03T11:00:00Z,90.02
Netherlands,NLD,2024-09-03T10:00:00Z,2024-09-03T12:00:00Z,84.8
Netherlands,NLD,2024-09-03T11:00:00Z,2024-09-03T13:00:00Z,82.69
Netherlands,NLD,2024-09-03T12:00:00Z,2024-09-03T14:00:00Z,84.12
Netherlands,NLD,2024-09-03T13:00:00Z,2024-09-03T15:00:00Z,86.67
Netherlands,NLD,2024-09-03T14:00:00Z,2024-09-03T16:00:00Z,91.49
Netherlands,NLD,2024-09-03T15:00:00Z,2024-09-03T17:00:00Z,114.6
Netherlands,NLD,2024-09-03T16:00:00Z,2024-09-03T18:00:00Z,179.9
Netherlands,NLD,2024-09-03T17:00:00Z,2024-09-03T19:00:00Z,334.59
Netherlands,NLD,2024-09-03T18:00:00Z,2024-09-03T20:00:00Z,340
Netherlands,NLD,2024-09-03T19:00:00Z,2024-09-03T21:00:00Z,206.8
Netherlands,NLD,2024-09-03T20:00:00Z,2024-09-03T22:00:00Z,132.47
Netherlands,NLD,2024-09-03T21:00:00Z,2024-09-03T23:00:00Z,117.32
Netherlands,NLD,2024-09-03T22:00:00Z,2024-09-04T00:00:00Z,108.2
Netherlands,NLD,2024-09-03T23:00:00Z,2024-09-04T01:00:00Z,100.39
Netherlands,NLD,2024-09-04T00:00:00Z,2024-09-04T02:00:00Z,98.1
Netherlands,NLD,2024-09-04T01:00:00Z,2024-09-04T03:00:00Z,98.13
Netherlands,NLD,2024-09-04T02:00:00Z,2024-09-04T04:00:00Z,96.6
Netherlands,NLD,2024-09-04T03:00:00Z,2024-09-04T05:00:00Z,106.66
Netherlands,NLD,2024-09-04T04:00:00Z,2024-09-04T06:00:00Z,139.4
Netherlands,NLD,2024-09-04T05:00:00Z,2024-09-04T07:00:00Z,174.33
Netherlands,NLD,2024-09-04T06:00:00Z,2024-09-04T08:00:00Z,152.58
Netherlands,NLD,2024-09-04T07:00:00Z,2024-09-04T09:00:00Z,124.84
Netherlands,NLD,2024-09-04T08:00:00Z,2024-09-04T10:00:00Z,107.21
Netherlands,NLD,2024-09-04T09:00:00Z,2024-09-04T11:00:00Z,95.77
Netherlands,NLD,2024-09-04T10:00:00Z,2024-09-04T12:00:00Z,91.89
Netherlands,NLD,2024-09-04T11:00:00Z,2024-09-04T13:00:00Z,90.37
Netherlands,NLD,2024-09-04T12:00:00Z,2024-09-04T14:00:00Z,89.25
Netherlands,NLD,2024-09-04T13:00:00Z,2024-09-04T15:00:00Z,92.64
Netherlands,NLD,2024-09-04T14:00:00Z,2024-09-04T16:00:00Z,100.45
Netherlands,NLD,2024-09-04T15:00:00Z,2024-09-04T17:00:00Z,121.62
Netherlands,NLD,2024-09-04T16:00:00Z,2024-09-04T18:00:00Z,153.43
Netherlands,NLD,2024-09-04T17:00:00Z,2024-09-04T19:00:00Z,303
Netherlands,NLD,2024-09-04T18:00:00Z,2024-09-04T20:00:00Z,181.95
Netherlands,NLD,2024-09-04T19:00:00Z,2024-09-04T21:00:00Z,129.88
Netherlands,NLD,2024-09-04T20:00:00Z,2024-09-04T22:00:00Z,108.97
Netherlands,NLD,2024-09-04T21:00:00Z,2024-09-04T23:00:00Z,99.89
Netherlands,NLD,2024-09-04T22:00:00Z,2024-09-05T00:00:00Z,101.27
Netherlands,NLD,2024-09-04T23:00:00Z,2024-09-05T01:00:00Z,94.6
Netherlands,NLD,2024-09-05T00:00:00Z,2024-09-05T02:00:00Z,90
Netherlands,NLD,2024-09-05T01:00:00Z,2024-09-05T03:00:00Z,87.11
Netherlands,NLD,2024-09-05T02:00:00Z,2024-09-05T04:00:00Z,80.57
Netherlands,NLD,2024-09-05T03:00:00Z,2024-09-05T05:00:00Z,84.3
Netherlands,NLD,2024-09-05T04:00:00Z,2024-09-05T06:00:00Z,106.76
Netherlands,NLD,2024-09-05T05:00:00Z,2024-09-05T07:00:00Z,113.6
Netherlands,NLD,2024-09-05T06:00:00Z,2024-09-05T08:00:00Z,119.04
Netherlands,NLD,2024-09-05T07:00:00Z,2024-09-05T09:00:00Z,97.68
Netherlands,NLD,2024-09-05T08:00:00Z,2024-09-05T10:00:00Z,97
Netherlands,NLD,2024-09-05T09:00:00Z,2024-09-05T11:00:00Z,55.1
Netherlands,NLD,2024-09-05T10:00:00Z,2024-09-05T12:00:00Z,3.69
Netherlands,NLD,2024-09-05T11:00:00Z,2024-09-05T13:00:00Z,-13.39
Netherlands,NLD,2024-09-05T12:00:00Z,2024-09-05T14:00:00Z,-21
Netherlands,NLD,2024-09-05T13:00:00Z,2024-09-05T15:00:00Z,-10.1
Netherlands,NLD,2024-09-05T14:00:00Z,2024-09-05T16:00:00Z,-10
Netherlands,NLD,2024-09-05T15:00:00Z,2024-09-05T17:00:00Z,66.7
Netherlands,NLD,2024-09-05T16:00:00Z,2024-09-05T18:00:00Z,84.13
Netherlands,NLD,2024-09-05T17:00:00Z,2024-09-05T19:00:00Z,107.52
Netherlands,NLD,2024-09-05T18:00:00Z,2024-09-05T20:00:00Z,120
Netherlands,NLD,2024-09-05T19:00:00Z,2024-09-05T21:00:00Z,109.65
Netherlands,NLD,2024-09-05T20:00:00Z,2024-09-05T22:00:00Z,87.7
Netherlands,NLD,2024-09-05T21:00:00Z,2024-09-05T23:00:00Z,87.92
Netherlands,NLD,2024-09-05T22:00:00Z,2024-09-06T00:00:00Z,68.7
Netherlands,NLD,2024-09-05T23:00:00Z,2024-09-06T01:00:00Z,60.25
Netherlands,NLD,2024-09-06T00:00:00Z,2024-09-06T02:00:00Z,50.06
Netherlands,NLD,2024-09-06T01:00:00Z,2024-09-06T03:00:00Z,48.83
Netherlands,NLD,2024-09-06T02:00:00Z,2024-09-06T04:00:00Z,58
Netherlands,NLD,2024-09-06T03:00:00Z,2024-09-06T05:00:00Z,70
Netherlands,NLD,2024-09-06T04:00:00Z,2024-09-06T06:00:00Z,93.29
Netherlands,NLD,2024-09-06T05:00:00Z,2024-09-06T07:00:00Z,118.25
Netherlands,NLD,2024-09-06T06:00:00Z,2024-09-06T08:00:00Z,120.07
Netherlands,NLD,2024-09-06T07:00:00Z,2024-09-06T09:00:00Z,99.76
Netherlands,NLD,2024-09-06T08:00:00Z,2024-09-06T10:00:00Z,77.75
Netherlands,NLD,2024-09-06T09:00:00Z,2024-09-06T11:00:00Z,29.9
Netherlands,NLD,2024-09-06T10:00:00Z,2024-09-06T12:00:00Z,3.78
Netherlands,NLD,2024-09-06T11:00:00Z,2024-09-06T13:00:00Z,12.48
Netherlands,NLD,2024-09-06T12:00:00Z,2024-09-06T14:00:00Z,32.8
Netherlands,NLD,2024-09-06T13:00:00Z,2024-09-06T15:00:00Z,65.17
Netherlands,NLD,2024-09-06T14:00:00Z,2024-09-06T16:00:00Z,76.07
Netherlands,NLD,2024-09-06T15:00:00Z,2024-09-06T17:00:00Z,95
Netherlands,NLD,2024-09-06T16:00:00Z,2024-09-06T18:00:00Z,100.16
Netherlands,NLD,2024-09-06T17:00:00Z,2024-09-06T19:00:00Z,129.3
Netherlands,NLD,2024-09-06T18:00:00Z,2024-09-06T20:00:00Z,134.47
Netherlands,NLD,2024-09-06T19:00:00Z,2024-09-06T21:00:00Z,101
Netherlands,NLD,2024-09-06T20:00:00Z,2024-09-06T22:00:00Z,95.5
Netherlands,NLD,2024-09-06T21:00:00Z,2024-09-06T23:00:00Z,92.91
Netherlands,NLD,2024-09-06T22:00:00Z,2024-09-07T00:00:00Z,102.3
Netherlands,NLD,2024-09-06T23:00:00Z,2024-09-07T01:00:00Z,96.61
Netherlands,NLD,2024-09-07T00:00:00Z,2024-09-07T02:00:00Z,94.73
Netherlands,NLD,2024-09-07T01:00:00Z,2024-09-07T03:00:00Z,92.41
Netherlands,NLD,2024-09-07T02:00:00Z,2024-09-07T04:00:00Z,94.4
Netherlands,NLD,2024-09-07T03:00:00Z,2024-09-07T05:00:00Z,97.35
Netherlands,NLD,2024-09-07T04:00:00Z,2024-09-07T06:00:00Z,100.26
Netherlands,NLD,2024-09-07T05:00:00Z,2024-09-07T07:00:00Z,102.55
Netherlands,NLD,2024-09-07T06:00:00Z,2024-09-07T08:00:00Z,95.04
Netherlands,NLD,2024-09-07T07:00:00Z,2024-09-07T09:00:00Z,92
Netherlands,NLD,2024-09-07T08:00:00Z,2024-09-07T10:00:00Z,51.52
Netherlands,NLD,2024-09-07T09:00:00Z,2024-09-07T11:00:00Z,14.24
Netherlands,NLD,2024-09-07T10:00:00Z,2024-09-07T12:00:00Z,5.48
Netherlands,NLD,2024-09-07T11:00:00Z,2024-09-07T13:00:00Z,1.02
Netherlands,NLD,2024-09-07T12:00:00Z,2024-09-07T14:00:00Z,0.44
Netherlands,NLD,2024-09-07T13:00:00Z,2024-09-07T15:00:00Z,8.28
Netherlands,NLD,2024-09-07T14:00:00Z,2024-09-07T16:00:00Z,47.65
Netherlands,NLD,2024-09-07T15:00:00Z,2024-09-07T17:00:00Z,96.67
Netherlands,NLD,2024-09-07T16:00:00Z,2024-09-07T18:00:00Z,124.52
Netherlands,NLD,2024-09-07T17:00:00Z,2024-09-07T19:00:00Z,150.44
Netherlands,NLD,2024-09-07T18:00:00Z,2024-09-07T20:00:00Z,131.13
Netherlands,NLD,2024-09-07T19:00:00Z,2024-09-07T21:00:00Z,101.44
Netherlands,NLD,2024-09-07T20:00:00Z,2024-09-07T22:00:00Z,91.85
Netherlands,NLD,2024-09-07T21:00:00Z,2024-09-07T23:00:00Z,89.29
Netherlands,NLD,2024-09-07T22:00:00Z,2024-09-08T00:00:00Z,93.91
Netherlands,NLD,2024-09-07T23:00:00Z,2024-09-08T01:00:00Z,89.53
Netherlands,NLD,2024-09-08T00:00:00Z,2024-09-08T02:00:00Z,83.68
Netherlands,NLD,2024-09-08T01:00:00Z,2024-09-08T03:00:00Z,82
Netherlands,NLD,2024-09-08T02:00:00Z,2024-09-08T04:00:00Z,82.39
Netherlands,NLD,2024-09-08T03:00:00Z,2024-09-08T05:00:00Z,85.1
Netherlands,NLD,2024-09-08T04:00:00Z,2024-09-08T06:00:00Z,83.36
Netherlands,NLD,2024-09-08T05:00:00Z,2024-09-08T07:00:00Z,82.07
Netherlands,NLD,2024-09-08T06:00:00Z,2024-09-08T08:00:00Z,76.73
Netherlands,NLD,2024-09-08T07:00:00Z,2024-09-08T09:00:00Z,37.87
Netherlands,NLD,2024-09-08T08:00:00Z,2024-09-08T10:00:00Z,8.29
Netherlands,NLD,2024-09-08T09:00:00Z,2024-09-08T11:00:00Z,0.44
Netherlands,NLD,2024-09-08T10:00:00Z,2024-09-08T12:00:00Z,0.04
Netherlands,NLD,2024-09-08T11:00:00Z,2024-09-08T13:00:00Z,-0.02
Netherlands,NLD,2024-09-08T12:00:00Z,2024-09-08T14:00:00Z,-2.69
Netherlands,NLD,2024-09-08T13:00:00Z,2024-09-08T15:00:00Z,0.06
Netherlands,NLD,2024-09-08T14:00:00Z,2024-09-08T16:00:00Z,54.5
Netherlands,NLD,2024-09-08T15:00:00Z,2024-09-08T17:00:00Z,85.9
Netherlands,NLD,2024-09-08T16:00:00Z,2024-09-08T18:00:00Z,107.83
Netherlands,NLD,2024-09-08T17:00:00Z,2024-09-08T19:00:00Z,116.99
Netherlands,NLD,2024-09-08T18:00:00Z,2024-09-08T20:00:00Z,124.31
Netherlands,NLD,2024-09-08T19:00:00Z,2024-09-08T21:00:00Z,111.69
Netherlands,NLD,2024-09-08T20:00:00Z,2024-09-08T22:00:00Z,102.29
Netherlands,NLD,2024-09-08T21:00:00Z,2024-09-08T23:00:00Z,95.19
Netherlands,NLD,2024-09-08T22:00:00Z,2024-09-09T00:00:00Z,85.31
Netherlands,NLD,2024-09-08T23:00:00Z,2024-09-09T01:00:00Z,85.76
Netherlands,NLD,2024-09-09T00:00:00Z,2024-09-09T02:00:00Z,79.39
Netherlands,NLD,2024-09-09T01:00:00Z,2024-09-09T03:00:00Z,91.14
Netherlands,NLD,2024-09-09T02:00:00Z,2024-09-09T04:00:00Z,85.59
Netherlands,NLD,2024-09-09T03:00:00Z,2024-09-09T05:00:00Z,85.31
Netherlands,NLD,2024-09-09T04:00:00Z,2024-09-09T06:00:00Z,113.43
Netherlands,NLD,2024-09-09T05:00:00Z,2024-09-09T07:00:00Z,143.87
Netherlands,NLD,2024-09-09T06:00:00Z,2024-09-09T08:00:00Z,163.97
Netherlands,NLD,2024-09-09T07:00:00Z,2024-09-09T09:00:00Z,124.5
Netherlands,NLD,2024-09-09T08:00:00Z,2024-09-09T10:00:00Z,107.6
Netherlands,NLD,2024-09-09T09:00:00Z,2024-09-09T11:00:00Z,96.75
Netherlands,NLD,2024-09-09T10:00:00Z,2024-09-09T12:00:00Z,86.29
Netherlands,NLD,2024-09-09T11:00:00Z,2024-09-09T13:00:00Z,82.91
Netherlands,NLD,2024-09-09T12:00:00Z,2024-09-09T14:00:00Z,73.61
Netherlands,NLD,2024-09-09T13:00:00Z,2024-09-09T15:00:00Z,75.99
Netherlands,NLD,2024-09-09T14:00:00Z,2024-09-09T16:00:00Z,67.27
Netherlands,NLD,2024-09-09T15:00:00Z,2024-09-09T17:00:00Z,78.49
Netherlands,NLD,2024-09-09T16:00:00Z,2024-09-09T18:00:00Z,110
Netherlands,NLD,2024-09-09T17:00:00Z,2024-09-09T19:00:00Z,115.18
Netherlands,NLD,2024-09-09T18:00:00Z,2024-09-09T20:00:00Z,112
Netherlands,NLD,2024-09-09T19:00:00Z,2024-09-09T21:00:00Z,96.13
Netherlands,NLD,2024-09-09T20:00:00Z,2024-09-09T22:00:00Z,88
Netherlands,NLD,2024-09-09T21:00:00Z,2024-09-09T23:00:00Z,79.93
Netherlands,NLD,2024-09-09T22:00:00Z,2024-09-10T00:00:00Z,69
Netherlands,NLD,2024-09-09T23:00:00Z,2024-09-10T01:00:00Z,72
Netherlands,NLD,2024-09-10T00:00:00Z,2024-09-10T02:00:00Z,61.4
Netherlands,NLD,2024-09-10T01:00:00Z,2024-09-10T03:00:00Z,67.64
Netherlands,NLD,2024-09-10T02:00:00Z,2024-09-10T04:00:00Z,65.33
Netherlands,NLD,2024-09-10T03:00:00Z,2024-09-10T05:00:00Z,77.35
Netherlands,NLD,2024-09-10T04:00:00Z,2024-09-10T06:00:00Z,98.42
Netherlands,NLD,2024-09-10T05:00:00Z,2024-09-10T07:00:00Z,125.44
Netherlands,NLD,2024-09-10T06:00:00Z,2024-09-10T08:00:00Z,110.43
Netherlands,NLD,2024-09-10T07:00:00Z,2024-09-10T09:00:00Z,76.01
Netherlands,NLD,2024-09-10T08:00:00Z,2024-09-10T10:00:00Z,40.37
Netherlands,NLD,2024-09-10T09:00:00Z,2024-09-10T11:00:00Z,7.86
Netherlands,NLD,2024-09-10T10:00:00Z,2024-09-10T12:00:00Z,-0.63
Netherlands,NLD,2024-09-10T11:00:00Z,2024-09-10T13:00:00Z,0.16
Netherlands,NLD,2024-09-10T12:00:00Z,2024-09-10T14:00:00Z,-1.06
Netherlands,NLD,2024-09-10T13:00:00Z,2024-09-10T15:00:00Z,-1.83
Netherlands,NLD,2024-09-10T14:00:00Z,2024-09-10T16:00:00Z,0
Netherlands,NLD,2024-09-10T15:00:00Z,2024-09-10T17:00:00Z,23.26
Netherlands,NLD,2024-09-10T16:00:00Z,2024-09-10T18:00:00Z,80.74
Netherlands,NLD,2024-09-10T17:00:00Z,2024-09-10T19:00:00Z,99.9
Netherlands,NLD,2024-09-10T18:00:00Z,2024-09-10T20:00:00Z,119.6
Netherlands,NLD,2024-09-10T19:00:00Z,2024-09-10T21:00:00Z,126.3
Netherlands,NLD,2024-09-10T20:00:00Z,2024-09-10T22:00:00Z,94
Netherlands,NLD,2024-09-10T21:00:00Z,2024-09-10T23:00:00Z,74.9
Netherlands,NLD,2024-09-10T22:00:00Z,2024-09-11T00:00:00Z,50
Netherlands,NLD,2024-09-10T23:00:00Z,2024-09-11T01:00:00Z,40
Netherlands,NLD,2024-09-11T00:00:00Z,2024-09-11T02:00:00Z,39.84
Netherlands,NLD,2024-09-11T01:00:00Z,2024-09-11T03:00:00Z,33.96
Netherlands,NLD,2024-09-11T02:00:00Z,2024-09-11T04:00:00Z,40
Netherlands,NLD,2024-09-11T03:00:00Z,2024-09-11T05:00:00Z,48.48
Netherlands,NLD,2024-09-11T04:00:00Z,2024-09-11T06:00:00Z,100.5
Netherlands,NLD,2024-09-11T05:00:00Z,2024-09-11T07:00:00Z,103.5
Netherlands,NLD,2024-09-11T06:00:00Z,2024-09-11T08:00:00Z,110.1
Netherlands,NLD,2024-09-11T07:00:00Z,2024-09-11T09:00:00Z,97.45
Netherlands,NLD,2024-09-11T08:00:00Z,2024-09-11T10:00:00Z,76.58
Netherlands,NLD,2024-09-11T09:00:00Z,2024-09-11T11:00:00Z,43.68
Netherlands,NLD,2024-09-11T10:00:00Z,2024-09-11T12:00:00Z,31.91
Netherlands,NLD,2024-09-11T11:00:00Z,2024-09-11T13:00:00Z,20
Netherlands,NLD,2024-09-11T12:00:00Z,2024-09-11T14:00:00Z,2.02
Netherlands,NLD,2024-09-11T13:00:00Z,2024-09-11T15:00:00Z,55.1
Netherlands,NLD,2024-09-11T14:00:00Z,2024-09-11T16:00:00Z,69.91
Netherlands,NLD,2024-09-11T15:00:00Z,2024-09-11T17:00:00Z,98.79
Netherlands,NLD,2024-09-11T16:00:00Z,2024-09-11T18:00:00Z,113.89
Netherlands,NLD,2024-09-11T17:00:00Z,2024-09-11T19:00:00Z,141.18
Netherlands,NLD,2024-09-11T18:00:00Z,2024-09-11T20:00:00Z,136.31
Netherlands,NLD,2024-09-11T19:00:00Z,2024-09-11T21:00:00Z,114
Netherlands,NLD,2024-09-11T20:00:00Z,2024-09-11T22:00:00Z,102.56
Netherlands,NLD,2024-09-11T21:00:00Z,2024-09-11T23:00:00Z,101.08
Netherlands,NLD,2024-09-11T22:00:00Z,2024-09-12T00:00:00Z,87.68
Netherlands,NLD,2024-09-11T23:00:00Z,2024-09-12T01:00:00Z,81.87
Netherlands,NLD,2024-09-12T00:00:00Z,2024-09-12T02:00:00Z,82.84
Netherlands,NLD,2024-09-12T01:00:00Z,2024-09-12T03:00:00Z,80.76
Netherlands,NLD,2024-09-12T02:00:00Z,2024-09-12T04:00:00Z,80.51
Netherlands,NLD,2024-09-12T03:00:00Z,2024-09-12T05:00:00Z,84.6
Netherlands,NLD,2024-09-12T04:00:00Z,2024-09-12T06:00:00Z,105.51
Netherlands,NLD,2024-09-12T05:00:00Z,2024-09-12T07:00:00Z,133.55
Netherlands,NLD,2024-09-12T06:00:00Z,2024-09-12T08:00:00Z,134.88
Netherlands,NLD,2024-09-12T07:00:00Z,2024-09-12T09:00:00Z,103.43
Netherlands,NLD,2024-09-12T08:00:00Z,2024-09-12T10:00:00Z,85.03
Netherlands,NLD,2024-09-12T09:00:00Z,2024-09-12T11:00:00Z,77.99
Netherlands,NLD,2024-09-12T10:00:00Z,2024-09-12T12:00:00Z,77.14
Netherlands,NLD,2024-09-12T11:00:00Z,2024-09-12T13:00:00Z,75.8
Netherlands,NLD,2024-09-12T12:00:00Z,2024-09-12T14:00:00Z,76
Netherlands,NLD,2024-09-12T13:00:00Z,2024-09-12T15:00:00Z,77.04
Netherlands,NLD,2024-09-12T14:00:00Z,2024-09-12T16:00:00Z,89.75
Netherlands,NLD,2024-09-12T15:00:00Z,2024-09-12T17:00:00Z,100
Netherlands,NLD,2024-09-12T16:00:00Z,2024-09-12T18:00:00Z,112.1
Netherlands,NLD,2024-09-12T17:00:00Z,2024-09-12T19:00:00Z,196
Netherlands,NLD,2024-09-12T18:00:00Z,2024-09-12T20:00:00Z,196.16
Netherlands,NLD,2024-09-12T19:00:00Z,2024-09-12T21:00:00Z,117.08
Netherlands,NLD,2024-09-12T20:00:00Z,2024-09-12T22:00:00Z,99.08
Netherlands,NLD,2024-09-12T21:00:00Z,2024-09-12T23:00:00Z,91.78
Netherlands,NLD,2024-09-12T22:00:00Z,2024-09-13T00:00:00Z,99.73
Netherlands,NLD,2024-09-12T23:00:00Z,2024-09-13T01:00:00Z,90.52
Netherlands,NLD,2024-09-13T00:00:00Z,2024-09-13T02:00:00Z,84.97
Netherlands,NLD,2024-09-13T01:00:00Z,2024-09-13T03:00:00Z,82.37
Netherlands,NLD,2024-09-13T02:00:00Z,2024-09-13T04:00:00Z,79.78
Netherlands,NLD,2024-09-13T03:00:00Z,2024-09-13T05:00:00Z,85.98
Netherlands,NLD,2024-09-13T04:00:00Z,2024-09-13T06:00:00Z,99.1
Netherlands,NLD,2024-09-13T05:00:00Z,2024-09-13T07:00:00Z,119.55
Netherlands,NLD,2024-09-13T06:00:00Z,2024-09-13T08:00:00Z,131.6
Netherlands,NLD,2024-09-13T07:00:00Z,2024-09-13T09:00:00Z,90.4
Netherlands,NLD,2024-09-13T08:00:00Z,2024-09-13T10:00:00Z,99.18
Netherlands,NLD,2024-09-13T09:00:00Z,2024-09-13T11:00:00Z,91.15
Netherlands,NLD,2024-09-13T10:00:00Z,2024-09-13T12:00:00Z,45
Netherlands,NLD,2024-09-13T11:00:00Z,2024-09-13T13:00:00Z,48
Netherlands,NLD,2024-09-13T12:00:00Z,2024-09-13T14:00:00Z,10
Netherlands,NLD,2024-09-13T13:00:00Z,2024-09-13T15:00:00Z,49.91
Netherlands,NLD,2024-09-13T14:00:00Z,2024-09-13T16:00:00Z,66.71
Netherlands,NLD,2024-09-13T15:00:00Z,2024-09-13T17:00:00Z,72.98
Netherlands,NLD,2024-09-13T16:00:00Z,2024-09-13T18:00:00Z,95.83
Netherlands,NLD,2024-09-13T17:00:00Z,2024-09-13T19:00:00Z,100.1
Netherlands,NLD,2024-09-13T18:00:00Z,2024-09-13T20:00:00Z,109.9
Netherlands,NLD,2024-09-13T19:00:00Z,2024-09-13T21:00:00Z,103.4
Netherlands,NLD,2024-09-13T20:00:00Z,2024-09-13T22:00:00Z,89.99
Netherlands,NLD,2024-09-13T21:00:00Z,2024-09-13T23:00:00Z,95.32
Netherlands,NLD,2024-09-13T22:00:00Z,2024-09-14T00:00:00Z,119.7
Netherlands,NLD,2024-09-13T23:00:00Z,2024-09-14T01:00:00Z,107.6
Netherlands,NLD,2024-09-14T00:00:00Z,2024-09-14T02:00:00Z,100.2
Netherlands,NLD,2024-09-14T01:00:00Z,2024-09-14T03:00:00Z,92.8
Netherlands,NLD,2024-09-14T02:00:00Z,2024-09-14T04:00:00Z,81
Netherlands,NLD,2024-09-14T03:00:00Z,2024-09-14T05:00:00Z,73.11
Netherlands,NLD,2024-09-14T04:00:00Z,2024-09-14T06:00:00Z,83.1
Netherlands,NLD,2024-09-14T05:00:00Z,2024-09-14T07:00:00Z,112.9
Netherlands,NLD,2024-09-14T06:00:00Z,2024-09-14T08:00:00Z,111
Netherlands,NLD,2024-09-14T07:00:00Z,2024-09-14T09:00:00Z,105
Netherlands,NLD,2024-09-14T08:00:00Z,2024-09-14T10:00:00Z,49.9
Netherlands,NLD,2024-09-14T09:00:00Z,2024-09-14T11:00:00Z,8.15
Netherlands,NLD,2024-09-14T10:00:00Z,2024-09-14T12:00:00Z,1.11
Netherlands,NLD,2024-09-14T11:00:00Z,2024-09-14T13:00:00Z,0.25
Netherlands,NLD,2024-09-14T12:00:00Z,2024-09-14T14:00:00Z,-0.14
Netherlands,NLD,2024-09-14T13:00:00Z,2024-09-14T15:00:00Z,0.54
Netherlands,NLD,2024-09-14T14:00:00Z,2024-09-14T16:00:00Z,10.33
Netherlands,NLD,2024-09-14T15:00:00Z,2024-09-14T17:00:00Z,65.09
Netherlands,NLD,2024-09-14T16:00:00Z,2024-09-14T18:00:00Z,100.86
Netherlands,NLD,2024-09-14T17:00:00Z,2024-09-14T19:00:00Z,126.58
Netherlands,NLD,2024-09-14T18:00:00Z,2024-09-14T20:00:00Z,121.71
Netherlands,NLD,2024-09-14T19:00:00Z,2024-09-14T21:00:00Z,109.9
Netherlands,NLD,2024-09-14T20:00:00Z,2024-09-14T22:00:00Z,93.75
Netherlands,NLD,2024-09-14T21:00:00Z,2024-09-14T23:00:00Z,89.9
Netherlands,NLD,2024-09-14T22:00:00Z,2024-09-15T00:00:00Z,81.77
Netherlands,NLD,2024-09-14T23:00:00Z,2024-09-15T01:00:00Z,79.9
Netherlands,NLD,2024-09-15T00:00:00Z,2024-09-15T02:00:00Z,73.28
Netherlands,NLD,2024-09-15T01:00:00Z,2024-09-15T03:00:00Z,75.76
Netherlands,NLD,2024-09-15T02:00:00Z,2024-09-15T04:00:00Z,71.32
Netherlands,NLD,2024-09-15T03:00:00Z,2024-09-15T05:00:00Z,72.6
Netherlands,NLD,2024-09-15T04:00:00Z,2024-09-15T06:00:00Z,75.94
Netherlands,NLD,2024-09-15T05:00:00Z,2024-09-15T07:00:00Z,99.9
Netherlands,NLD,2024-09-15T06:00:00Z,2024-09-15T08:00:00Z,106
Netherlands,NLD,2024-09-15T07:00:00Z,2024-09-15T09:00:00Z,54.07
Netherlands,NLD,2024-09-15T08:00:00Z,2024-09-15T10:00:00Z,10.92
Netherlands,NLD,2024-09-15T09:00:00Z,2024-09-15T11:00:00Z,0.07
Netherlands,NLD,2024-09-15T10:00:00Z,2024-09-15T12:00:00Z,0
Netherlands,NLD,2024-09-15T11:00:00Z,2024-09-15T13:00:00Z,-0.01
Netherlands,NLD,2024-09-15T12:00:00Z,2024-09-15T14:00:00Z,-0.4
Netherlands,NLD,2024-09-15T13:00:00Z,2024-09-15T15:00:00Z,-0.2
Netherlands,NLD,2024-09-15T14:00:00Z,2024-09-15T16:00:00Z,19.25
Netherlands,NLD,2024-09-15T15:00:00Z,2024-09-15T17:00:00Z,82.25
Netherlands,NLD,2024-09-15T16:00:00Z,2024-09-15T18:00:00Z,109.2
Netherlands,NLD,2024-09-15T17:00:00Z,2024-09-15T19:00:00Z,130.5
Netherlands,NLD,2024-09-15T18:00:00Z,2024-09-15T20:00:00Z,126.78
Netherlands,NLD,2024-09-15T19:00:00Z,2024-09-15T21:00:00Z,110.79
Netherlands,NLD,2024-09-15T20:00:00Z,2024-09-15T22:00:00Z,104.21
Netherlands,NLD,2024-09-15T21:00:00Z,2024-09-15T23:00:00Z,92.6
Netherlands,NLD,2024-09-15T22:00:00Z,2024-09-16T00:00:00Z,92.99
Netherlands,NLD,2024-09-15T23:00:00Z,2024-09-16T01:00:00Z,81.59
Netherlands,NLD,2024-09-16T00:00:00Z,2024-09-16T02:00:00Z,78.48
Netherlands,NLD,2024-09-16T01:00:00Z,2024-09-16T03:00:00Z,82.42
Netherlands,NLD,2024-09-16T02:00:00Z,2024-09-16T04:00:00Z,79.3
Netherlands,NLD,2024-09-16T03:00:00Z,2024-09-16T05:00:00Z,80.1
Netherlands,NLD,2024-09-16T04:00:00Z,2024-09-16T06:00:00Z,108
Netherlands,NLD,2024-09-16T05:00:00Z,2024-09-16T07:00:00Z,128.14
Netherlands,NLD,2024-09-16T06:00:00Z,2024-09-16T08:00:00Z,146.06
Netherlands,NLD,2024-09-16T07:00:00Z,2024-09-16T09:00:00Z,126.4
Netherlands,NLD,2024-09-16T08:00:00Z,2024-09-16T10:00:00Z,104.6
Netherlands,NLD,2024-09-16T09:00:00Z,2024-09-16T11:00:00Z,95.25
Netherlands,NLD,2024-09-16T10:00:00Z,2024-09-16T12:00:00Z,84.42
Netherlands,NLD,2024-09-16T11:00:00Z,2024-09-16T13:00:00Z,74.33
Netherlands,NLD,2024-09-16T12:00:00Z,2024-09-16T14:00:00Z,64.68
Netherlands,NLD,2024-09-16T13:00:00Z,2024-09-16T15:00:00Z,59.54
Netherlands,NLD,2024-09-16T14:00:00Z,2024-09-16T16:00:00Z,60.25
Netherlands,NLD,2024-09-16T15:00:00Z,2024-09-16T17:00:00Z,79.17
Netherlands,NLD,2024-09-16T16:00:00Z,2024-09-16T18:00:00Z,101.66
Netherlands,NLD,2024-09-16T17:00:00Z,2024-09-16T19:00:00Z,108.8
Netherlands,NLD,2024-09-16T18:00:00Z,2024-09-16T20:00:00Z,109.01
Netherlands,NLD,2024-09-16T19:00:00Z,2024-09-16T21:00:00Z,90.1
Netherlands,NLD,2024-09-16T20:00:00Z,2024-09-16T22:00:00Z,78.81
Netherlands,NLD,2024-09-16T21:00:00Z,2024-09-16T23:00:00Z,75
Netherlands,NLD,2024-09-16T22:00:00Z,2024-09-17T00:00:00Z,85.54
Netherlands,NLD,2024-09-16T23:00:00Z,2024-09-17T01:00:00Z,82.3
Netherlands,NLD,2024-09-17T00:00:00Z,2024-09-17T02:00:00Z,78.7
Netherlands,NLD,2024-09-17T01:00:00Z,2024-09-17T03:00:00Z,77.2
Netherlands,NLD,2024-09-17T02:00:00Z,2024-09-17T04:00:00Z,73
Netherlands,NLD,2024-09-17T03:00:00Z,2024-09-17T05:00:00Z,76.93
Netherlands,NLD,2024-09-17T04:00:00Z,2024-09-17T06:00:00Z,94.89
Netherlands,NLD,2024-09-17T05:00:00Z,2024-09-17T07:00:00Z,127.44
Netherlands,NLD,2024-09-17T06:00:00Z,2024-09-17T08:00:00Z,129.19
Netherlands,NLD,2024-09-17T07:00:00Z,2024-09-17T09:00:00Z,98.19
Netherlands,NLD,2024-09-17T08:00:00Z,2024-09-17T10:00:00Z,79.9
Netherlands,NLD,2024-09-17T09:00:00Z,2024-09-17T11:00:00Z,67.46
Netherlands,NLD,2024-09-17T10:00:00Z,2024-09-17T12:00:00Z,48.67
Netherlands,NLD,2024-09-17T11:00:00Z,2024-09-17T13:00:00Z,28
Netherlands,NLD,2024-09-17T12:00:00Z,2024-09-17T14:00:00Z,7.45
Netherlands,NLD,2024-09-17T13:00:00Z,2024-09-17T15:00:00Z,28.6
Netherlands,NLD,2024-09-17T14:00:00Z,2024-09-17T16:00:00Z,59.98
Netherlands,NLD,2024-09-17T15:00:00Z,2024-09-17T17:00:00Z,78.86
Netherlands,NLD,2024-09-17T16:00:00Z,2024-09-17T18:00:00Z,111.4
Netherlands,NLD,2024-09-17T17:00:00Z,2024-09-17T19:00:00Z,130.56
Netherlands,NLD,2024-09-17T18:00:00Z,2024-09-17T20:00:00Z,109.9
Netherlands,NLD,2024-09-17T19:00:00Z,2024-09-17T21:00:00Z,94.9
Netherlands,NLD,2024-09-17T20:00:00Z,2024-09-17T22:00:00Z,87.19
Netherlands,NLD,2024-09-17T21:00:00Z,2024-09-17T23:00:00Z,82.63
Netherlands,NLD,2024-09-17T22:00:00Z,2024-09-18T00:00:00Z,78.05
Netherlands,NLD,2024-09-17T23:00:00Z,2024-09-18T01:00:00Z,77.32
Netherlands,NLD,2024-09-18T00:00:00Z,2024-09-18T02:00:00Z,78.05
Netherlands,NLD,2024-09-18T01:00:00Z,2024-09-18T03:00:00Z,77.01
Netherlands,NLD,2024-09-18T02:00:00Z,2024-09-18T04:00:00Z,74.65
Netherlands,NLD,2024-09-18T03:00:00Z,2024-09-18T05:00:00Z,83.22
Netherlands,NLD,2024-09-18T04:00:00Z,2024-09-18T06:00:00Z,99.9
Netherlands,NLD,2024-09-18T05:00:00Z,2024-09-18T07:00:00Z,138.92
Netherlands,NLD,2024-09-18T06:00:00Z,2024-09-18T08:00:00Z,131.78
Netherlands,NLD,2024-09-18T07:00:00Z,2024-09-18T09:00:00Z,98.55
Netherlands,NLD,2024-09-18T08:00:00Z,2024-09-18T10:00:00Z,77.79
Netherlands,NLD,2024-09-18T09:00:00Z,2024-09-18T11:00:00Z,47.82
Netherlands,NLD,2024-09-18T10:00:00Z,2024-09-18T12:00:00Z,5.49
Netherlands,NLD,2024-09-18T11:00:00Z,2024-09-18T13:00:00Z,0
Netherlands,NLD,2024-09-18T12:00:00Z,2024-09-18T14:00:00Z,-0.07
Netherlands,NLD,2024-09-18T13:00:00Z,2024-09-18T15:00:00Z,0.69
Netherlands,NLD,2024-09-18T14:00:00Z,2024-09-18T16:00:00Z,34.87
Netherlands,NLD,2024-09-18T15:00:00Z,2024-09-18T17:00:00Z,79.12
Netherlands,NLD,2024-09-18T16:00:00Z,2024-09-18T18:00:00Z,109.67
Netherlands,NLD,2024-09-18T17:00:00Z,2024-09-18T19:00:00Z,129.92
Netherlands,NLD,2024-09-18T18:00:00Z,2024-09-18T20:00:00Z,108.24
Netherlands,NLD,2024-09-18T19:00:00Z,2024-09-18T21:00:00Z,88.72
Netherlands,NLD,2024-09-18T20:00:00Z,2024-09-18T22:00:00Z,82.53
Netherlands,NLD,2024-09-18T21:00:00Z,2024-09-18T23:00:00Z,73.79
Netherlands,NLD,2024-09-18T22:00:00Z,2024-09-19T00:00:00Z,75.85
Netherlands,NLD,2024-09-18T23:00:00Z,2024-09-19T01:00:00Z,76.09
Netherlands,NLD,2024-09-19T00:00:00Z,2024-09-19T02:00:00Z,86.07
Netherlands,NLD,2024-09-19T01:00:00Z,2024-09-19T03:00:00Z,88.74
Netherlands,NLD,2024-09-19T02:00:00Z,2024-09-19T04:00:00Z,81
Netherlands,NLD,2024-09-19T03:00:00Z,2024-09-19T05:00:00Z,88.25
Netherlands,NLD,2024-09-19T04:00:00Z,2024-09-19T06:00:00Z,111.55
Netherlands,NLD,2024-09-19T05:00:00Z,2024-09-19T07:00:00Z,141.62
Netherlands,NLD,2024-09-19T06:00:00Z,2024-09-19T08:00:00Z,123.7
Netherlands,NLD,2024-09-19T07:00:00Z,2024-09-19T09:00:00Z,97.28
Netherlands,NLD,2024-09-19T08:00:00Z,2024-09-19T10:00:00Z,74.81
Netherlands,NLD,2024-09-19T09:00:00Z,2024-09-19T11:00:00Z,45.76
Netherlands,NLD,2024-09-19T10:00:00Z,2024-09-19T12:00:00Z,4.97
Netherlands,NLD,2024-09-19T11:00:00Z,2024-09-19T13:00:00Z,-0.07
Netherlands,NLD,2024-09-19T12:00:00Z,2024-09-19T14:00:00Z,-0.09
Netherlands,NLD,2024-09-19T13:00:00Z,2024-09-19T15:00:00Z,9
Netherlands,NLD,2024-09-19T14:00:00Z,2024-09-19T16:00:00Z,51.21
Netherlands,NLD,2024-09-19T15:00:00Z,2024-09-19T17:00:00Z,90.83
Netherlands,NLD,2024-09-19T16:00:00Z,2024-09-19T18:00:00Z,114.01
Netherlands,NLD,2024-09-19T17:00:00Z,2024-09-19T19:00:00Z,133.94
Netherlands,NLD,2024-09-19T18:00:00Z,2024-09-19T20:00:00Z,113.5
Netherlands,NLD,2024-09-19T19:00:00Z,2024-09-19T21:00:00Z,91.06
Netherlands,NLD,2024-09-19T20:00:00Z,2024-09-19T22:00:00Z,88.97
Netherlands,NLD,2024-09-19T21:00:00Z,2024-09-19T23:00:00Z,78.87
Netherlands,NLD,2024-09-19T22:00:00Z,2024-09-20T00:00:00Z,72.38
Netherlands,NLD,2024-09-19T23:00:00Z,2024-09-20T01:00:00Z,74.04
Netherlands,NLD,2024-09-20T00:00:00Z,2024-09-20T02:00:00Z,73.42
Netherlands,NLD,2024-09-20T01:00:00Z,2024-09-20T03:00:00Z,69.97
Netherlands,NLD,2024-09-20T02:00:00Z,2024-09-20T04:00:00Z,73
Netherlands,NLD,2024-09-20T03:00:00Z,2024-09-20T05:00:00Z,79.27
Netherlands,NLD,2024-09-20T04:00:00Z,2024-09-20T06:00:00Z,108.64
Netherlands,NLD,2024-09-20T05:00:00Z,2024-09-20T07:00:00Z,141.45
Netherlands,NLD,2024-09-20T06:00:00Z,2024-09-20T08:00:00Z,108.7
Netherlands,NLD,2024-09-20T07:00:00Z,2024-09-20T09:00:00Z,88.92
Netherlands,NLD,2024-09-20T08:00:00Z,2024-09-20T10:00:00Z,62.05
Netherlands,NLD,2024-09-20T09:00:00Z,2024-09-20T11:00:00Z,24.69
Netherlands,NLD,2024-09-20T10:00:00Z,2024-09-20T12:00:00Z,8.35
Netherlands,NLD,2024-09-20T11:00:00Z,2024-09-20T13:00:00Z,-0.04
Netherlands,NLD,2024-09-20T12:00:00Z,2024-09-20T14:00:00Z,0.07
Netherlands,NLD,2024-09-20T13:00:00Z,2024-09-20T15:00:00Z,8.5
Netherlands,NLD,2024-09-20T14:00:00Z,2024-09-20T16:00:00Z,44.34
Netherlands,NLD,2024-09-20T15:00:00Z,2024-09-20T17:00:00Z,85.12
Netherlands,NLD,2024-09-20T16:00:00Z,2024-09-20T18:00:00Z,107.28
Netherlands,NLD,2024-09-20T17:00:00Z,2024-09-20T19:00:00Z,147.21
Netherlands,NLD,2024-09-20T18:00:00Z,2024-09-20T20:00:00Z,109.65
Netherlands,NLD,2024-09-20T19:00:00Z,2024-09-20T21:00:00Z,91.07
Netherlands,NLD,2024-09-20T20:00:00Z,2024-09-20T22:00:00Z,87.8
Netherlands,NLD,2024-09-20T21:00:00Z,2024-09-20T23:00:00Z,87.08
Netherlands,NLD,2024-09-20T22:00:00Z,2024-09-21T00:00:00Z,88.29
Netherlands,NLD,2024-09-20T23:00:00Z,2024-09-21T01:00:00Z,85.3
Netherlands,NLD,2024-09-21T00:00:00Z,2024-09-21T02:00:00Z,82
Netherlands,NLD,2024-09-21T01:00:00Z,2024-09-21T03:00:00Z,82.19
Netherlands,NLD,2024-09-21T02:00:00Z,2024-09-21T04:00:00Z,86.38
Netherlands,NLD,2024-09-21T03:00:00Z,2024-09-21T05:00:00Z,89.48
Netherlands,NLD,2024-09-21T04:00:00Z,2024-09-21T06:00:00Z,98.07
Netherlands,NLD,2024-09-21T05:00:00Z,2024-09-21T07:00:00Z,102.28
Netherlands,NLD,2024-09-21T06:00:00Z,2024-09-21T08:00:00Z,85.94
Netherlands,NLD,2024-09-21T07:00:00Z,2024-09-21T09:00:00Z,61.21
Netherlands,NLD,2024-09-21T08:00:00Z,2024-09-21T10:00:00Z,22
Netherlands,NLD,2024-09-21T09:00:00Z,2024-09-21T11:00:00Z,3.15
Netherlands,NLD,2024-09-21T10:00:00Z,2024-09-21T12:00:00Z,0
Netherlands,NLD,2024-09-21T11:00:00Z,2024-09-21T13:00:00Z,-3.36
Netherlands,NLD,2024-09-21T12:00:00Z,2024-09-21T14:00:00Z,-3.95
Netherlands,NLD,2024-09-21T13:00:00Z,2024-09-21T15:00:00Z,1.09
Netherlands,NLD,2024-09-21T14:00:00Z,2024-09-21T16:00:00Z,43.14
Netherlands,NLD,2024-09-21T15:00:00Z,2024-09-21T17:00:00Z,86.37
Netherlands,NLD,2024-09-21T16:00:00Z,2024-09-21T18:00:00Z,125.93
Netherlands,NLD,2024-09-21T17:00:00Z,2024-09-21T19:00:00Z,144
Netherlands,NLD,2024-09-21T18:00:00Z,2024-09-21T20:00:00Z,113
Netherlands,NLD,2024-09-21T19:00:00Z,2024-09-21T21:00:00Z,95.06
Netherlands,NLD,2024-09-21T20:00:00Z,2024-09-21T22:00:00Z,93.6
Netherlands,NLD,2024-09-21T21:00:00Z,2024-09-21T23:00:00Z,86.72
Netherlands,NLD,2024-09-21T22:00:00Z,2024-09-22T00:00:00Z,98.3
Netherlands,NLD,2024-09-21T23:00:00Z,2024-09-22T01:00:00Z,90.05
Netherlands,NLD,2024-09-22T00:00:00Z,2024-09-22T02:00:00Z,89.93
Netherlands,NLD,2024-09-22T01:00:00Z,2024-09-22T03:00:00Z,89.56
Netherlands,NLD,2024-09-22T02:00:00Z,2024-09-22T04:00:00Z,90.75
Netherlands,NLD,2024-09-22T03:00:00Z,2024-09-22T05:00:00Z,91.05
Netherlands,NLD,2024-09-22T04:00:00Z,2024-09-22T06:00:00Z,95.64
Netherlands,NLD,2024-09-22T05:00:00Z,2024-09-22T07:00:00Z,98.2
Netherlands,NLD,2024-09-22T06:00:00Z,2024-09-22T08:00:00Z,83.47
Netherlands,NLD,2024-09-22T07:00:00Z,2024-09-22T09:00:00Z,64.9
Netherlands,NLD,2024-09-22T08:00:00Z,2024-09-22T10:00:00Z,26.17
Netherlands,NLD,2024-09-22T09:00:00Z,2024-09-22T11:00:00Z,12.25
Netherlands,NLD,2024-09-22T10:00:00Z,2024-09-22T12:00:00Z,11.5
Netherlands,NLD,2024-09-22T11:00:00Z,2024-09-22T13:00:00Z,0.21
Netherlands,NLD,2024-09-22T12:00:00Z,2024-09-22T14:00:00Z,0.01
Netherlands,NLD,2024-09-22T13:00:00Z,2024-09-22T15:00:00Z,9.66
Netherlands,NLD,2024-09-22T14:00:00Z,2024-09-22T16:00:00Z,58.28
Netherlands,NLD,2024-09-22T15:00:00Z,2024-09-22T17:00:00Z,103.19
Netherlands,NLD,2024-09-22T16:00:00Z,2024-09-22T18:00:00Z,131.02
Netherlands,NLD,2024-09-22T17:00:00Z,2024-09-22T19:00:00Z,162.06
Netherlands,NLD,2024-09-22T18:00:00Z,2024-09-22T20:00:00Z,128
Netherlands,NLD,2024-09-22T19:00:00Z,2024-09-22T21:00:00Z,109.35
Netherlands,NLD,2024-09-22T20:00:00Z,2024-09-22T22:00:00Z,98.76
Netherlands,NLD,2024-09-22T21:00:00Z,2024-09-22T23:00:00Z,92
Netherlands,NLD,2024-09-22T22:00:00Z,2024-09-23T00:00:00Z,87.3
Netherlands,NLD,2024-09-22T23:00:00Z,2024-09-23T01:00:00Z,80.15
Netherlands,NLD,2024-09-23T00:00:00Z,2024-09-23T02:00:00Z,81.6
Netherlands,NLD,2024-09-23T01:00:00Z,2024-09-23T03:00:00Z,82.77
Netherlands,NLD,2024-09-23T02:00:00Z,2024-09-23T04:00:00Z,84.03
Netherlands,NLD,2024-09-23T03:00:00Z,2024-09-23T05:00:00Z,90.9
Netherlands,NLD,2024-09-23T04:00:00Z,2024-09-23T06:00:00Z,130.69
Netherlands,NLD,2024-09-23T05:00:00Z,2024-09-23T07:00:00Z,203.73
Netherlands,NLD,2024-09-23T06:00:00Z,2024-09-23T08:00:00Z,151.33
Netherlands,NLD,2024-09-23T07:00:00Z,2024-09-23T09:00:00Z,109.99
Netherlands,NLD,2024-09-23T08:00:00Z,2024-09-23T10:00:00Z,96.9
Netherlands,NLD,2024-09-23T09:00:00Z,2024-09-23T11:00:00Z,80.16
Netherlands,NLD,2024-09-23T10:00:00Z,2024-09-23T12:00:00Z,78.94
Netherlands,NLD,2024-09-23T11:00:00Z,2024-09-23T13:00:00Z,73
Netherlands,NLD,2024-09-23T12:00:00Z,2024-09-23T14:00:00Z,70.42
Netherlands,NLD,2024-09-23T13:00:00Z,2024-09-23T15:00:00Z,69.53
Netherlands,NLD,2024-09-23T14:00:00Z,2024-09-23T16:00:00Z,90.54
Netherlands,NLD,2024-09-23T15:00:00Z,2024-09-23T17:00:00Z,118.24
Netherlands,NLD,2024-09-23T16:00:00Z,2024-09-23T18:00:00Z,205.51
Netherlands,NLD,2024-09-23T17:00:00Z,2024-09-23T19:00:00Z,283.29
Netherlands,NLD,2024-09-23T18:00:00Z,2024-09-23T20:00:00Z,167.99
Netherlands,NLD,2024-09-23T19:00:00Z,2024-09-23T21:00:00Z,108.87
Netherlands,NLD,2024-09-23T20:00:00Z,2024-09-23T22:00:00Z,90.84
Netherlands,NLD,2024-09-23T21:00:00Z,2024-09-23T23:00:00Z,84.49
Netherlands,NLD,2024-09-23T22:00:00Z,2024-09-24T00:00:00Z,82.9
Netherlands,NLD,2024-09-23T23:00:00Z,2024-09-24T01:00:00Z,77.25
Netherlands,NLD,2024-09-24T00:00:00Z,2024-09-24T02:00:00Z,76.8
Netherlands,NLD,2024-09-24T01:00:00Z,2024-09-24T03:00:00Z,77
Netherlands,NLD,2024-09-24T02:00:00Z,2024-09-24T04:00:00Z,72.11
Netherlands,NLD,2024-09-24T03:00:00Z,2024-09-24T05:00:00Z,79.7
Netherlands,NLD,2024-09-24T04:00:00Z,2024-09-24T06:00:00Z,101.7
Netherlands,NLD,2024-09-24T05:00:00Z,2024-09-24T07:00:00Z,138.99
Netherlands,NLD,2024-09-24T06:00:00Z,2024-09-24T08:00:00Z,127.4
Netherlands,NLD,2024-09-24T07:00:00Z,2024-09-24T09:00:00Z,100.07
Netherlands,NLD,2024-09-24T08:00:00Z,2024-09-24T10:00:00Z,85.62
Netherlands,NLD,2024-09-24T09:00:00Z,2024-09-24T11:00:00Z,78.38
Netherlands,NLD,2024-09-24T10:00:00Z,2024-09-24T12:00:00Z,69.22
Netherlands,NLD,2024-09-24T11:00:00Z,2024-09-24T13:00:00Z,60.88
Netherlands,NLD,2024-09-24T12:00:00Z,2024-09-24T14:00:00Z,55.11
Netherlands,NLD,2024-09-24T13:00:00Z,2024-09-24T15:00:00Z,68
Netherlands,NLD,2024-09-24T14:00:00Z,2024-09-24T16:00:00Z,76.93
Netherlands,NLD,2024-09-24T15:00:00Z,2024-09-24T17:00:00Z,92.38
Netherlands,NLD,2024-09-24T16:00:00Z,2024-09-24T18:00:00Z,113.64
Netherlands,NLD,2024-09-24T17:00:00Z,2024-09-24T19:00:00Z,124.69
Netherlands,NLD,2024-09-24T18:00:00Z,2024-09-24T20:00:00Z,102.28
Netherlands,NLD,2024-09-24T19:00:00Z,2024-09-24T21:00:00Z,80.5
Netherlands,NLD,2024-09-24T20:00:00Z,2024-09-24T22:00:00Z,76.51
Netherlands,NLD,2024-09-24T21:00:00Z,2024-09-24T23:00:00Z,67
Netherlands,NLD,2024-09-24T22:00:00Z,2024-09-25T00:00:00Z,62.18
Netherlands,NLD,2024-09-24T23:00:00Z,2024-09-25T01:00:00Z,77
Netherlands,NLD,2024-09-25T00:00:00Z,2024-09-25T02:00:00Z,69
Netherlands,NLD,2024-09-25T01:00:00Z,2024-09-25T03:00:00Z,56.8
Netherlands,NLD,2024-09-25T02:00:00Z,2024-09-25T04:00:00Z,73.27
Netherlands,NLD,2024-09-25T03:00:00Z,2024-09-25T05:00:00Z,68.77
Netherlands,NLD,2024-09-25T04:00:00Z,2024-09-25T06:00:00Z,83.2
Netherlands,NLD,2024-09-25T05:00:00Z,2024-09-25T07:00:00Z,95.53
Netherlands,NLD,2024-09-25T06:00:00Z,2024-09-25T08:00:00Z,100.39
Netherlands,NLD,2024-09-25T07:00:00Z,2024-09-25T09:00:00Z,101.5
Netherlands,NLD,2024-09-25T08:00:00Z,2024-09-25T10:00:00Z,97
Netherlands,NLD,2024-09-25T09:00:00Z,2024-09-25T11:00:00Z,85.1
Netherlands,NLD,2024-09-25T10:00:00Z,2024-09-25T12:00:00Z,85.55
Netherlands,NLD,2024-09-25T11:00:00Z,2024-09-25T13:00:00Z,76
Netherlands,NLD,2024-09-25T12:00:00Z,2024-09-25T14:00:00Z,85
Netherlands,NLD,2024-09-25T13:00:00Z,2024-09-25T15:00:00Z,79.82
Netherlands,NLD,2024-09-25T14:00:00Z,2024-09-25T16:00:00Z,97.58
Netherlands,NLD,2024-09-25T15:00:00Z,2024-09-25T17:00:00Z,118.74
Netherlands,NLD,2024-09-25T16:00:00Z,2024-09-25T18:00:00Z,174.08
Netherlands,NLD,2024-09-25T17:00:00Z,2024-09-25T19:00:00Z,199.39
Netherlands,NLD,2024-09-25T18:00:00Z,2024-09-25T20:00:00Z,131.84
Netherlands,NLD,2024-09-25T19:00:00Z,2024-09-25T21:00:00Z,103.5
Netherlands,NLD,2024-09-25T20:00:00Z,2024-09-25T22:00:00Z,98
Netherlands,NLD,2024-09-25T21:00:00Z,2024-09-25T23:00:00Z,88.94
Netherlands,NLD,2024-09-25T22:00:00Z,2024-09-26T00:00:00Z,58.52
Netherlands,NLD,2024-09-25T23:00:00Z,2024-09-26T01:00:00Z,50.82
Netherlands,NLD,2024-09-26T00:00:00Z,2024-09-26T02:00:00Z,45.86
Netherlands,NLD,2024-09-26T01:00:00Z,2024-09-26T03:00:00Z,43.07
Netherlands,NLD,2024-09-26T02:00:00Z,2024-09-26T04:00:00Z,39.17
Netherlands,NLD,2024-09-26T03:00:00Z,2024-09-26T05:00:00Z,43.4
Netherlands,NLD,2024-09-26T04:00:00Z,2024-09-26T06:00:00Z,66.15
Netherlands,NLD,2024-09-26T05:00:00Z,2024-09-26T07:00:00Z,85.2
Netherlands,NLD,2024-09-26T06:00:00Z,2024-09-26T08:00:00Z,83.4
Netherlands,NLD,2024-09-26T07:00:00Z,2024-09-26T09:00:00Z,64.98
Netherlands,NLD,2024-09-26T08:00:00Z,2024-09-26T10:00:00Z,45.96
Netherlands,NLD,2024-09-26T09:00:00Z,2024-09-26T11:00:00Z,31.62
Netherlands,NLD,2024-09-26T10:00:00Z,2024-09-26T12:00:00Z,17
Netherlands,NLD,2024-09-26T11:00:00Z,2024-09-26T13:00:00Z,11.9
Netherlands,NLD,2024-09-26T12:00:00Z,2024-09-26T14:00:00Z,11.6
Netherlands,NLD,2024-09-26T13:00:00Z,2024-09-26T15:00:00Z,30.41
Netherlands,NLD,2024-09-26T14:00:00Z,2024-09-26T16:00:00Z,47
Netherlands,NLD,2024-09-26T15:00:00Z,2024-09-26T17:00:00Z,63.68
Netherlands,NLD,2024-09-26T16:00:00Z,2024-09-26T18:00:00Z,80
Netherlands,NLD,2024-09-26T17:00:00Z,2024-09-26T19:00:00Z,95.1
Netherlands,NLD,2024-09-26T18:00:00Z,2024-09-26T20:00:00Z,82.14
Netherlands,NLD,2024-09-26T19:00:00Z,2024-09-26T21:00:00Z,61.04
Netherlands,NLD,2024-09-26T20:00:00Z,2024-09-26T22:00:00Z,52.29
Netherlands,NLD,2024-09-26T21:00:00Z,2024-09-26T23:00:00Z,36.3
Netherlands,NLD,2024-09-26T22:00:00Z,2024-09-27T00:00:00Z,0.05
Netherlands,NLD,2024-09-26T23:00:00Z,2024-09-27T01:00:00Z,-0.11
Netherlands,NLD,2024-09-27T00:00:00Z,2024-09-27T02:00:00Z,-1.02
Netherlands,NLD,2024-09-27T01:00:00Z,2024-09-27T03:00:00Z,-0.59
Netherlands,NLD,2024-09-27T02:00:00Z,2024-09-27T04:00:00Z,-5.85
Netherlands,NLD,2024-09-27T03:00:00Z,2024-09-27T05:00:00Z,-1.84
Netherlands,NLD,2024-09-27T04:00:00Z,2024-09-27T06:00:00Z,0.42
Netherlands,NLD,2024-09-27T05:00:00Z,2024-09-27T07:00:00Z,25.42
Netherlands,NLD,2024-09-27T06:00:00Z,2024-09-27T08:00:00Z,40.54
Netherlands,NLD,2024-09-27T07:00:00Z,2024-09-27T09:00:00Z,7.78
Netherlands,NLD,2024-09-27T08:00:00Z,2024-09-27T10:00:00Z,0
Netherlands,NLD,2024-09-27T09:00:00Z,2024-09-27T11:00:00Z,-1.62
Netherlands,NLD,2024-09-27T10:00:00Z,2024-09-27T12:00:00Z,0
Netherlands,NLD,2024-09-27T11:00:00Z,2024-09-27T13:00:00Z,0.3
Netherlands,NLD,2024-09-27T12:00:00Z,2024-09-27T14:00:00Z,3.88
Netherlands,NLD,2024-09-27T13:00:00Z,2024-09-27T15:00:00Z,4.93
Netherlands,NLD,2024-09-27T14:00:00Z,2024-09-27T16:00:00Z,18.3
Netherlands,NLD,2024-09-27T15:00:00Z,2024-09-27T17:00:00Z,52.97
Netherlands,NLD,2024-09-27T16:00:00Z,2024-09-27T18:00:00Z,72.5
Netherlands,NLD,2024-09-27T17:00:00Z,2024-09-27T19:00:00Z,78.96
Netherlands,NLD,2024-09-27T18:00:00Z,2024-09-27T20:00:00Z,72.73
Netherlands,NLD,2024-09-27T19:00:00Z,2024-09-27T21:00:00Z,44.72
Netherlands,NLD,2024-09-27T20:00:00Z,2024-09-27T22:00:00Z,42.5
Netherlands,NLD,2024-09-27T21:00:00Z,2024-09-27T23:00:00Z,25.2
Netherlands,NLD,2024-09-27T22:00:00Z,2024-09-28T00:00:00Z,1.77
Netherlands,NLD,2024-09-27T23:00:00Z,2024-09-28T01:00:00Z,3.03
Netherlands,NLD,2024-09-28T00:00:00Z,2024-09-28T02:00:00Z,3.29
Netherlands,NLD,2024-09-28T01:00:00Z,2024-09-28T03:00:00Z,3.16
Netherlands,NLD,2024-09-28T02:00:00Z,2024-09-28T04:00:00Z,3.27
Netherlands,NLD,2024-09-28T03:00:00Z,2024-09-28T05:00:00Z,4.15
Netherlands,NLD,2024-09-28T04:00:00Z,2024-09-28T06:00:00Z,11.96
Netherlands,NLD,2024-09-28T05:00:00Z,2024-09-28T07:00:00Z,39.9
Netherlands,NLD,2024-09-28T06:00:00Z,2024-09-28T08:00:00Z,42.01
Netherlands,NLD,2024-09-28T07:00:00Z,2024-09-28T09:00:00Z,35.17
Netherlands,NLD,2024-09-28T08:00:00Z,2024-09-28T10:00:00Z,9.83
Netherlands,NLD,2024-09-28T09:00:00Z,2024-09-28T11:00:00Z,3.82
Netherlands,NLD,2024-09-28T10:00:00Z,2024-09-28T12:00:00Z,0.66
Netherlands,NLD,2024-09-28T11:00:00Z,2024-09-28T13:00:00Z,0
Netherlands,NLD,2024-09-28T12:00:00Z,2024-09-28T14:00:00Z,0
Netherlands,NLD,2024-09-28T13:00:00Z,2024-09-28T15:00:00Z,0.06
Netherlands,NLD,2024-09-28T14:00:00Z,2024-09-28T16:00:00Z,9.83
Netherlands,NLD,2024-09-28T15:00:00Z,2024-09-28T17:00:00Z,75
Netherlands,NLD,2024-09-28T16:00:00Z,2024-09-28T18:00:00Z,105.2
Netherlands,NLD,2024-09-28T17:00:00Z,2024-09-28T19:00:00Z,144.77
Netherlands,NLD,2024-09-28T18:00:00Z,2024-09-28T20:00:00Z,141.98
Netherlands,NLD,2024-09-28T19:00:00Z,2024-09-28T21:00:00Z,105.5
Netherlands,NLD,2024-09-28T20:00:00Z,2024-09-28T22:00:00Z,94.5
Netherlands,NLD,2024-09-28T21:00:00Z,2024-09-28T23:00:00Z,90.22
Netherlands,NLD,2024-09-28T22:00:00Z,2024-09-29T00:00:00Z,107.4
Netherlands,NLD,2024-09-28T23:00:00Z,2024-09-29T01:00:00Z,111
Netherlands,NLD,2024-09-29T00:00:00Z,2024-09-29T02:00:00Z,82
Netherlands,NLD,2024-09-29T01:00:00Z,2024-09-29T03:00:00Z,99.3
Netherlands,NLD,2024-09-29T02:00:00Z,2024-09-29T04:00:00Z,99.97
Netherlands,NLD,2024-09-29T03:00:00Z,2024-09-29T05:00:00Z,84.9
Netherlands,NLD,2024-09-29T04:00:00Z,2024-09-29T06:00:00Z,75.1
Netherlands,NLD,2024-09-29T05:00:00Z,2024-09-29T07:00:00Z,98
Netherlands,NLD,2024-09-29T06:00:00Z,2024-09-29T08:00:00Z,94.43
Netherlands,NLD,2024-09-29T07:00:00Z,2024-09-29T09:00:00Z,54.43
Netherlands,NLD,2024-09-29T08:00:00Z,2024-09-29T10:00:00Z,1.33
Netherlands,NLD,2024-09-29T09:00:00Z,2024-09-29T11:00:00Z,0
Netherlands,NLD,2024-09-29T10:00:00Z,2024-09-29T12:00:00Z,-0.01
Netherlands,NLD,2024-09-29T11:00:00Z,2024-09-29T13:00:00Z,-0.5
Netherlands,NLD,2024-09-29T12:00:00Z,2024-09-29T14:00:00Z,-0.45
Netherlands,NLD,2024-09-29T13:00:00Z,2024-09-29T15:00:00Z,0
Netherlands,NLD,2024-09-29T14:00:00Z,2024-09-29T16:00:00Z,42.63
Netherlands,NLD,2024-09-29T15:00:00Z,2024-09-29T17:00:00Z,96.61
Netherlands,NLD,2024-09-29T16:00:00Z,2024-09-29T18:00:00Z,150.6
Netherlands,NLD,2024-09-29T17:00:00Z,2024-09-29T19:00:00Z,166.16
Netherlands,NLD,2024-09-29T18:00:00Z,2024-09-29T20:00:00Z,109.09
Netherlands,NLD,2024-09-29T19:00:00Z,2024-09-29T21:00:00Z,79.64
Netherlands,NLD,2024-09-29T20:00:00Z,2024-09-29T22:00:00Z,65
Netherlands,NLD,2024-09-29T21:00:00Z,2024-09-29T23:00:00Z,37.36
Netherlands,NLD,2024-09-29T22:00:00Z,2024-09-30T00:00:00Z,18.57
Netherlands,NLD,2024-09-29T23:00:00Z,2024-09-30T01:00:00Z,10.82
Netherlands,NLD,2024-09-30T00:00:00Z,2024-09-30T02:00:00Z,8.08
Netherlands,NLD,2024-09-30T01:00:00Z,2024-09-30T03:00:00Z,5.23
Netherlands,NLD,2024-09-30T02:00:00Z,2024-09-30T04:00:00Z,5.8
Netherlands,NLD,2024-09-30T03:00:00Z,2024-09-30T05:00:00Z,17.32
Netherlands,NLD,2024-09-30T04:00:00Z,2024-09-30T06:00:00Z,46.4
Netherlands,NLD,2024-09-30T05:00:00Z,2024-09-30T07:00:00Z,83.58
Netherlands,NLD,2024-09-30T06:00:00Z,2024-09-30T08:00:00Z,88.91
Netherlands,NLD,2024-09-30T07:00:00Z,2024-09-30T09:00:00Z,63.27
Netherlands,NLD,2024-09-30T08:00:00Z,2024-09-30T10:00:00Z,39.09
Netherlands,NLD,2024-09-30T09:00:00Z,2024-09-30T11:00:00Z,18.4
Netherlands,NLD,2024-09-30T10:00:00Z,2024-09-30T12:00:00Z,9.28
Netherlands,NLD,2024-09-30T11:00:00Z,2024-09-30T13:00:00Z,2.06
Netherlands,NLD,2024-09-30T12:00:00Z,2024-09-30T14:00:00Z,15
Netherlands,NLD,2024-09-30T13:00:00Z,2024-09-30T15:00:00Z,26
Netherlands,NLD,2024-09-30T14:00:00Z,2024-09-30T16:00:00Z,59
Netherlands,NLD,2024-09-30T15:00:00Z,2024-09-30T17:00:00Z,88
Netherlands,NLD,2024-09-30T16:00:00Z,2024-09-30T18:00:00Z,79.9
Netherlands,NLD,2024-09-30T17:00:00Z,2024-09-30T19:00:00Z,66.56
Netherlands,NLD,2024-09-30T18:00:00Z,2024-09-30T20:00:00Z,50
Netherlands,NLD,2024-09-30T19:00:00Z,2024-09-30T21:00:00Z,25.74
Netherlands,NLD,2024-09-30T20:00:00Z,2024-09-30T22:00:00Z,20.86
Netherlands,NLD,2024-09-30T21:00:00Z,2024-09-30T23:00:00Z,9.84
Netherlands,NLD,2024-09-30T22:00:00Z,2024-10-01T00:00:00Z,3.21
Netherlands,NLD,2024-09-30T23:00:00Z,2024-10-01T01:00:00Z,0.07
Netherlands,NLD,2024-10-01T00:00:00Z,2024-10-01T02:00:00Z,0.05
Netherlands,NLD,2024-10-01T01:00:00Z,2024-10-01T03:00:00Z,0.02
Netherlands,NLD,2024-10-01T02:00:00Z,2024-10-01T04:00:00Z,0.09
Netherlands,NLD,2024-10-01T03:00:00Z,2024-10-01T05:00:00Z,5.9
Netherlands,NLD,2024-10-01T04:00:00Z,2024-10-01T06:00:00Z,62.8
Netherlands,NLD,2024-10-01T05:00:00Z,2024-10-01T07:00:00Z,104.42
Netherlands,NLD,2024-10-01T06:00:00Z,2024-10-01T08:00:00Z,114.92
Netherlands,NLD,2024-10-01T07:00:00Z,2024-10-01T09:00:00Z,100.32
Netherlands,NLD,2024-10-01T08:00:00Z,2024-10-01T10:00:00Z,76.41
Netherlands,NLD,2024-10-01T09:00:00Z,2024-10-01T11:00:00Z,68.69
Netherlands,NLD,2024-10-01T10:00:00Z,2024-10-01T12:00:00Z,58.8
Netherlands,NLD,2024-10-01T11:00:00Z,2024-10-01T13:00:00Z,55.6
Netherlands,NLD,2024-10-01T12:00:00Z,2024-10-01T14:00:00Z,56.45
Netherlands,NLD,2024-10-01T13:00:00Z,2024-10-01T15:00:00Z,61.63
Netherlands,NLD,2024-10-01T14:00:00Z,2024-10-01T16:00:00Z,93.33
Netherlands,NLD,2024-10-01T15:00:00Z,2024-10-01T17:00:00Z,105.42
Netherlands,NLD,2024-10-01T16:00:00Z,2024-10-01T18:00:00Z,130.6
Netherlands,NLD,2024-10-01T17:00:00Z,2024-10-01T19:00:00Z,139.25
Netherlands,NLD,2024-10-01T18:00:00Z,2024-10-01T20:00:00Z,119.37
Netherlands,NLD,2024-10-01T19:00:00Z,2024-10-01T21:00:00Z,92.57
Netherlands,NLD,2024-10-01T20:00:00Z,2024-10-01T22:00:00Z,91.45
Netherlands,NLD,2024-10-01T21:00:00Z,2024-10-01T23:00:00Z,76.24
Netherlands,NLD,2024-10-01T22:00:00Z,2024-10-02T00:00:00Z,85.38
Netherlands,NLD,2024-10-01T23:00:00Z,2024-10-02T01:00:00Z,88
Netherlands,NLD,2024-10-02T00:00:00Z,2024-10-02T02:00:00Z,85.6
Netherlands,NLD,2024-10-02T01:00:00Z,2024-10-02T03:00:00Z,81
Netherlands,NLD,2024-10-02T02:00:00Z,2024-10-02T04:00:00Z,78.38
Netherlands,NLD,2024-10-02T03:00:00Z,2024-10-02T05:00:00Z,80.8
Netherlands,NLD,2024-10-02T04:00:00Z,2024-10-02T06:00:00Z,97.65
Netherlands,NLD,2024-10-02T05:00:00Z,2024-10-02T07:00:00Z,119.9
Netherlands,NLD,2024-10-02T06:00:00Z,2024-10-02T08:00:00Z,133.72
Netherlands,NLD,2024-10-02T07:00:00Z,2024-10-02T09:00:00Z,116.23
Netherlands,NLD,2024-10-02T08:00:00Z,2024-10-02T10:00:00Z,97
Netherlands,NLD,2024-10-02T09:00:00Z,2024-10-02T11:00:00Z,95.4
Netherlands,NLD,2024-10-02T10:00:00Z,2024-10-02T12:00:00Z,88
Netherlands,NLD,2024-10-02T11:00:00Z,2024-10-02T13:00:00Z,80.57
Netherlands,NLD,2024-10-02T12:00:00Z,2024-10-02T14:00:00Z,79
Netherlands,NLD,2024-10-02T13:00:00Z,2024-10-02T15:00:00Z,81.43
Netherlands,NLD,2024-10-02T14:00:00Z,2024-10-02T16:00:00Z,81.58
Netherlands,NLD,2024-10-02T15:00:00Z,2024-10-02T17:00:00Z,99.09
Netherlands,NLD,2024-10-02T16:00:00Z,2024-10-02T18:00:00Z,117.01
Netherlands,NLD,2024-10-02T17:00:00Z,2024-10-02T19:00:00Z,130.07
Netherlands,NLD,2024-10-02T18:00:00Z,2024-10-02T20:00:00Z,114.37
Netherlands,NLD,2024-10-02T19:00:00Z,2024-10-02T21:00:00Z,96.41
Netherlands,NLD,2024-10-02T20:00:00Z,2024-10-02T22:00:00Z,93.42
Netherlands,NLD,2024-10-02T21:00:00Z,2024-10-02T23:00:00Z,85
Netherlands,NLD,2024-10-02T22:00:00Z,2024-10-03T00:00:00Z,66
Netherlands,NLD,2024-10-02T23:00:00Z,2024-10-03T01:00:00Z,63.8
Netherlands,NLD,2024-10-03T00:00:00Z,2024-10-03T02:00:00Z,79.9
Netherlands,NLD,2024-10-03T01:00:00Z,2024-10-03T03:00:00Z,80
Netherlands,NLD,2024-10-03T02:00:00Z,2024-10-03T04:00:00Z,80.1
Netherlands,NLD,2024-10-03T03:00:00Z,2024-10-03T05:00:00Z,86
Netherlands,NLD,2024-10-03T04:00:00Z,2024-10-03T06:00:00Z,88.67
Netherlands,NLD,2024-10-03T05:00:00Z,2024-10-03T07:00:00Z,125.9
Netherlands,NLD,2024-10-03T06:00:00Z,2024-10-03T08:00:00Z,143.48
Netherlands,NLD,2024-10-03T07:00:00Z,2024-10-03T09:00:00Z,107.68
Netherlands,NLD,2024-10-03T08:00:00Z,2024-10-03T10:00:00Z,70.1
Netherlands,NLD,2024-10-03T09:00:00Z,2024-10-03T11:00:00Z,62.22
Netherlands,NLD,2024-10-03T10:00:00Z,2024-10-03T12:00:00Z,47.01
Netherlands,NLD,2024-10-03T11:00:00Z,2024-10-03T13:00:00Z,34.99
Netherlands,NLD,2024-10-03T12:00:00Z,2024-10-03T14:00:00Z,38.34
Netherlands,NLD,2024-10-03T13:00:00Z,2024-10-03T15:00:00Z,47.13
Netherlands,NLD,2024-10-03T14:00:00Z,2024-10-03T16:00:00Z,70.27
Netherlands,NLD,2024-10-03T15:00:00Z,2024-10-03T17:00:00Z,99.9
Netherlands,NLD,2024-10-03T16:00:00Z,2024-10-03T18:00:00Z,121.46
Netherlands,NLD,2024-10-03T17:00:00Z,2024-10-03T19:00:00Z,140
Netherlands,NLD,2024-10-03T18:00:00Z,2024-10-03T20:00:00Z,123.6
Netherlands,NLD,2024-10-03T19:00:00Z,2024-10-03T21:00:00Z,101
Netherlands,NLD,2024-10-03T20:00:00Z,2024-10-03T22:00:00Z,97.62
Netherlands,NLD,2024-10-03T21:00:00Z,2024-10-03T23:00:00Z,90
Netherlands,NLD,2024-10-03T22:00:00Z,2024-10-04T00:00:00Z,75.1
Netherlands,NLD,2024-10-03T23:00:00Z,2024-10-04T01:00:00Z,72.52
Netherlands,NLD,2024-10-04T00:00:00Z,2024-10-04T02:00:00Z,76.6
Netherlands,NLD,2024-10-04T01:00:00Z,2024-10-04T03:00:00Z,79.9
Netherlands,NLD,2024-10-04T02:00:00Z,2024-10-04T04:00:00Z,72.33
Netherlands,NLD,2024-10-04T03:00:00Z,2024-10-04T05:00:00Z,77.1
Netherlands,NLD,2024-10-04T04:00:00Z,2024-10-04T06:00:00Z,103
Netherlands,NLD,2024-10-04T05:00:00Z,2024-10-04T07:00:00Z,127.08
Netherlands,NLD,2024-10-04T06:00:00Z,2024-10-04T08:00:00Z,141.42
Netherlands,NLD,2024-10-04T07:00:00Z,2024-10-04T09:00:00Z,116.43
Netherlands,NLD,2024-10-04T08:00:00Z,2024-10-04T10:00:00Z,100.15
Netherlands,NLD,2024-10-04T09:00:00Z,2024-10-04T11:00:00Z,83.98
Netherlands,NLD,2024-10-04T10:00:00Z,2024-10-04T12:00:00Z,74.13
Netherlands,NLD,2024-10-04T11:00:00Z,2024-10-04T13:00:00Z,71.44
Netherlands,NLD,2024-10-04T12:00:00Z,2024-10-04T14:00:00Z,72.44
Netherlands,NLD,2024-10-04T13:00:00Z,2024-10-04T15:00:00Z,74.98
Netherlands,NLD,2024-10-04T14:00:00Z,2024-10-04T16:00:00Z,85.67
Netherlands,NLD,2024-10-04T15:00:00Z,2024-10-04T17:00:00Z,104.42
Netherlands,NLD,2024-10-04T16:00:00Z,2024-10-04T18:00:00Z,129.18
Netherlands,NLD,2024-10-04T17:00:00Z,2024-10-04T19:00:00Z,148
Netherlands,NLD,2024-10-04T18:00:00Z,2024-10-04T20:00:00Z,123.7
Netherlands,NLD,2024-10-04T19:00:00Z,2024-10-04T21:00:00Z,99.9
Netherlands,NLD,2024-10-04T20:00:00Z,2024-10-04T22:00:00Z,99.9
Netherlands,NLD,2024-10-04T21:00:00Z,2024-10-04T23:00:00Z,90
Netherlands,NLD,2024-10-04T22:00:00Z,2024-10-05T00:00:00Z,93.1
Netherlands,NLD,2024-10-04T23:00:00Z,2024-10-05T01:00:00Z,84.64
Netherlands,NLD,2024-10-05T00:00:00Z,2024-10-05T02:00:00Z,81.4
Netherlands,NLD,2024-10-05T01:00:00Z,2024-10-05T03:00:00Z,75.54
Netherlands,NLD,2024-10-05T02:00:00Z,2024-10-05T04:00:00Z,75.72
Netherlands,NLD,2024-10-05T03:00:00Z,2024-10-05T05:00:00Z,79.82
Netherlands,NLD,2024-10-05T04:00:00Z,2024-10-05T06:00:00Z,86.2
Netherlands,NLD,2024-10-05T05:00:00Z,2024-10-05T07:00:00Z,100.4
Netherlands,NLD,2024-10-05T06:00:00Z,2024-10-05T08:00:00Z,110.62
Netherlands,NLD,2024-10-05T07:00:00Z,2024-10-05T09:00:00Z,101.73
Netherlands,NLD,2024-10-05T08:00:00Z,2024-10-05T10:00:00Z,80.08
Netherlands,NLD,2024-10-05T09:00:00Z,2024-10-05T11:00:00Z,60
Netherlands,NLD,2024-10-05T10:00:00Z,2024-10-05T12:00:00Z,42.21
Netherlands,NLD,2024-10-05T11:00:00Z,2024-10-05T13:00:00Z,36
Netherlands,NLD,2024-10-05T12:00:00Z,2024-10-05T14:00:00Z,26
Netherlands,NLD,2024-10-05T13:00:00Z,2024-10-05T15:00:00Z,56.11
Netherlands,NLD,2024-10-05T14:00:00Z,2024-10-05T16:00:00Z,72.55
Netherlands,NLD,2024-10-05T15:00:00Z,2024-10-05T17:00:00Z,92.55
Netherlands,NLD,2024-10-05T16:00:00Z,2024-10-05T18:00:00Z,138.07
Netherlands,NLD,2024-10-05T17:00:00Z,2024-10-05T19:00:00Z,137.97
Netherlands,NLD,2024-10-05T18:00:00Z,2024-10-05T20:00:00Z,106.35
Netherlands,NLD,2024-10-05T19:00:00Z,2024-10-05T21:00:00Z,94.57
Netherlands,NLD,2024-10-05T20:00:00Z,2024-10-05T22:00:00Z,84.29
Netherlands,NLD,2024-10-05T21:00:00Z,2024-10-05T23:00:00Z,67
Netherlands,NLD,2024-10-05T22:00:00Z,2024-10-06T00:00:00Z,65.12
Netherlands,NLD,2024-10-05T23:00:00Z,2024-10-06T01:00:00Z,60.65
Netherlands,NLD,2024-10-06T00:00:00Z,2024-10-06T02:00:00Z,59.1
Netherlands,NLD,2024-10-06T01:00:00Z,2024-10-06T03:00:00Z,58.13
Netherlands,NLD,2024-10-06T02:00:00Z,2024-10-06T04:00:00Z,56.93
Netherlands,NLD,2024-10-06T03:00:00Z,2024-10-06T05:00:00Z,58.13
Netherlands,NLD,2024-10-06T04:00:00Z,2024-10-06T06:00:00Z,57.93
Netherlands,NLD,2024-10-06T05:00:00Z,2024-10-06T07:00:00Z,66.35
Netherlands,NLD,2024-10-06T06:00:00Z,2024-10-06T08:00:00Z,70.1
Netherlands,NLD,2024-10-06T07:00:00Z,2024-10-06T09:00:00Z,59.9
Netherlands,NLD,2024-10-06T08:00:00Z,2024-10-06T10:00:00Z,35
Netherlands,NLD,2024-10-06T09:00:00Z,2024-10-06T11:00:00Z,16.68
Netherlands,NLD,2024-10-06T10:00:00Z,2024-10-06T12:00:00Z,5.25
Netherlands,NLD,2024-10-06T11:00:00Z,2024-10-06T13:00:00Z,-0.01
Netherlands,NLD,2024-10-06T12:00:00Z,2024-10-06T14:00:00Z,-0.01
Netherlands,NLD,2024-10-06T13:00:00Z,2024-10-06T15:00:00Z,0.2
Netherlands,NLD,2024-10-06T14:00:00Z,2024-10-06T16:00:00Z,53.1
Netherlands,NLD,2024-10-06T15:00:00Z,2024-10-06T17:00:00Z,82.78
Netherlands,NLD,2024-10-06T16:00:00Z,2024-10-06T18:00:00Z,106.3
Netherlands,NLD,2024-10-06T17:00:00Z,2024-10-06T19:00:00Z,106.3
Netherlands,NLD,2024-10-06T18:00:00Z,2024-10-06T20:00:00Z,97.6
Netherlands,NLD,2024-10-06T19:00:00Z,2024-10-06T21:00:00Z,76.3
Netherlands,NLD,2024-10-06T20:00:00Z,2024-10-06T22:00:00Z,64.9
Netherlands,NLD,2024-10-06T21:00:00Z,2024-10-06T23:00:00Z,51.71
Netherlands,NLD,2024-10-06T22:00:00Z,2024-10-07T00:00:00Z,34.58
Netherlands,NLD,2024-10-06T23:00:00Z,2024-10-07T01:00:00Z,35.34
Netherlands,NLD,2024-10-07T00:00:00Z,2024-10-07T02:00:00Z,33.25
Netherlands,NLD,2024-10-07T01:00:00Z,2024-10-07T03:00:00Z,29.96
Netherlands,NLD,2024-10-07T02:00:00Z,2024-10-07T04:00:00Z,33.56
Netherlands,NLD,2024-10-07T03:00:00Z,2024-10-07T05:00:00Z,43
Netherlands,NLD,2024-10-07T04:00:00Z,2024-10-07T06:00:00Z,64.08
Netherlands,NLD,2024-10-07T05:00:00Z,2024-10-07T07:00:00Z,102
Netherlands,NLD,2024-10-07T06:00:00Z,2024-10-07T08:00:00Z,108.32
Netherlands,NLD,2024-10-07T07:00:00Z,2024-10-07T09:00:00Z,91.83
Netherlands,NLD,2024-10-07T08:00:00Z,2024-10-07T10:00:00Z,66.05
Netherlands,NLD,2024-10-07T09:00:00Z,2024-10-07T11:00:00Z,60.2
Netherlands,NLD,2024-10-07T10:00:00Z,2024-10-07T12:00:00Z,45.88
Netherlands,NLD,2024-10-07T11:00:00Z,2024-10-07T13:00:00Z,43.29
Netherlands,NLD,2024-10-07T12:00:00Z,2024-10-07T14:00:00Z,55
Netherlands,NLD,2024-10-07T13:00:00Z,2024-10-07T15:00:00Z,61.45
Netherlands,NLD,2024-10-07T14:00:00Z,2024-10-07T16:00:00Z,88.79
Netherlands,NLD,2024-10-07T15:00:00Z,2024-10-07T17:00:00Z,112.4
Netherlands,NLD,2024-10-07T16:00:00Z,2024-10-07T18:00:00Z,227.65
Netherlands,NLD,2024-10-07T17:00:00Z,2024-10-07T19:00:00Z,217.36
Netherlands,NLD,2024-10-07T18:00:00Z,2024-10-07T20:00:00Z,127.43
Netherlands,NLD,2024-10-07T19:00:00Z,2024-10-07T21:00:00Z,99.91
Netherlands,NLD,2024-10-07T20:00:00Z,2024-10-07T22:00:00Z,94.33
Netherlands,NLD,2024-10-07T21:00:00Z,2024-10-07T23:00:00Z,79.12
Netherlands,NLD,2024-10-07T22:00:00Z,2024-10-08T00:00:00Z,68.72
Netherlands,NLD,2024-10-07T23:00:00Z,2024-10-08T01:00:00Z,62
Netherlands,NLD,2024-10-08T00:00:00Z,2024-10-08T02:00:00Z,58.23
Netherlands,NLD,2024-10-08T01:00:00Z,2024-10-08T03:00:00Z,52.85
Netherlands,NLD,2024-10-08T02:00:00Z,2024-10-08T04:00:00Z,52.57
Netherlands,NLD,2024-10-08T03:00:00Z,2024-10-08T05:00:00Z,61.4
Netherlands,NLD,2024-10-08T04:00:00Z,2024-10-08T06:00:00Z,85.49
Netherlands,NLD,2024-10-08T05:00:00Z,2024-10-08T07:00:00Z,106.61
Netherlands,NLD,2024-10-08T06:00:00Z,2024-10-08T08:00:00Z,110
Netherlands,NLD,2024-10-08T07:00:00Z,2024-10-08T09:00:00Z,89.1
Netherlands,NLD,2024-10-08T08:00:00Z,2024-10-08T10:00:00Z,80.33
Netherlands,NLD,2024-10-08T09:00:00Z,2024-10-08T11:00:00Z,73.42
Netherlands,NLD,2024-10-08T10:00:00Z,2024-10-08T12:00:00Z,66.51
Netherlands,NLD,2024-10-08T11:00:00Z,2024-10-08T13:00:00Z,70.97
Netherlands,NLD,2024-10-08T12:00:00Z,2024-10-08T14:00:00Z,75.79
Netherlands,NLD,2024-10-08T13:00:00Z,2024-10-08T15:00:00Z,77.53
Netherlands,NLD,2024-10-08T14:00:00Z,2024-10-08T16:00:00Z,85.92
Netherlands,NLD,2024-10-08T15:00:00Z,2024-10-08T17:00:00Z,114
Netherlands,NLD,2024-10-08T16:00:00Z,2024-10-08T18:00:00Z,144
Netherlands,NLD,2024-10-08T17:00:00Z,2024-10-08T19:00:00Z,158.27
Netherlands,NLD,2024-10-08T18:00:00Z,2024-10-08T20:00:00Z,109.23
Netherlands,NLD,2024-10-08T19:00:00Z,2024-10-08T21:00:00Z,94.9
Netherlands,NLD,2024-10-08T20:00:00Z,2024-10-08T22:00:00Z,81.86
Netherlands,NLD,2024-10-08T21:00:00Z,2024-10-08T23:00:00Z,63.53
Netherlands,NLD,2024-10-08T22:00:00Z,2024-10-09T00:00:00Z,56.36
Netherlands,NLD,2024-10-08T23:00:00Z,2024-10-09T01:00:00Z,52.05
Netherlands,NLD,2024-10-09T00:00:00Z,2024-10-09T02:00:00Z,49.21
Netherlands,NLD,2024-10-09T01:00:00Z,2024-10-09T03:00:00Z,46.3
Netherlands,NLD,2024-10-09T02:00:00Z,2024-10-09T04:00:00Z,48.85
Netherlands,NLD,2024-10-09T03:00:00Z,2024-10-09T05:00:00Z,54.97
Netherlands,NLD,2024-10-09T04:00:00Z,2024-10-09T06:00:00Z,77.87
Netherlands,NLD,2024-10-09T05:00:00Z,2024-10-09T07:00:00Z,98.88
Netherlands,NLD,2024-10-09T06:00:00Z,2024-10-09T08:00:00Z,101.09
Netherlands,NLD,2024-10-09T07:00:00Z,2024-10-09T09:00:00Z,87
Netherlands,NLD,2024-10-09T08:00:00Z,2024-10-09T10:00:00Z,66.14
Netherlands,NLD,2024-10-09T09:00:00Z,2024-10-09T11:00:00Z,55.28
Netherlands,NLD,2024-10-09T10:00:00Z,2024-10-09T12:00:00Z,55.99
Netherlands,NLD,2024-10-09T11:00:00Z,2024-10-09T13:00:00Z,59
Netherlands,NLD,2024-10-09T12:00:00Z,2024-10-09T14:00:00Z,68.48
Netherlands,NLD,2024-10-09T13:00:00Z,2024-10-09T15:00:00Z,85.27
Netherlands,NLD,2024-10-09T14:00:00Z,2024-10-09T16:00:00Z,95
Netherlands,NLD,2024-10-09T15:00:00Z,2024-10-09T17:00:00Z,112
Netherlands,NLD,2024-10-09T16:00:00Z,2024-10-09T18:00:00Z,128
Netherlands,NLD,2024-10-09T17:00:00Z,2024-10-09T19:00:00Z,129.17
Netherlands,NLD,2024-10-09T18:00:00Z,2024-10-09T20:00:00Z,117.4
Netherlands,NLD,2024-10-09T19:00:00Z,2024-10-09T21:00:00Z,99.9
Netherlands,NLD,2024-10-09T20:00:00Z,2024-10-09T22:00:00Z,97.94
Netherlands,NLD,2024-10-09T21:00:00Z,2024-10-09T23:00:00Z,79.5
Netherlands,NLD,2024-10-09T22:00:00Z,2024-10-10T00:00:00Z,70
Netherlands,NLD,2024-10-09T23:00:00Z,2024-10-10T01:00:00Z,45.39
Netherlands,NLD,2024-10-10T00:00:00Z,2024-10-10T02:00:00Z,39
Netherlands,NLD,2024-10-10T01:00:00Z,2024-10-10T03:00:00Z,35.34
Netherlands,NLD,2024-10-10T02:00:00Z,2024-10-10T04:00:00Z,26.3
Netherlands,NLD,2024-10-10T03:00:00Z,2024-10-10T05:00:00Z,33.79
Netherlands,NLD,2024-10-10T04:00:00Z,2024-10-10T06:00:00Z,56.14
Netherlands,NLD,2024-10-10T05:00:00Z,2024-10-10T07:00:00Z,84.9
Netherlands,NLD,2024-10-10T06:00:00Z,2024-10-10T08:00:00Z,80.46
Netherlands,NLD,2024-10-10T07:00:00Z,2024-10-10T09:00:00Z,67.5
Netherlands,NLD,2024-10-10T08:00:00Z,2024-10-10T10:00:00Z,52.01
Netherlands,NLD,2024-10-10T09:00:00Z,2024-10-10T11:00:00Z,38.93
Netherlands,NLD,2024-10-10T10:00:00Z,2024-10-10T12:00:00Z,21.89
Netherlands,NLD,2024-10-10T11:00:00Z,2024-10-10T13:00:00Z,15.94
Netherlands,NLD,2024-10-10T12:00:00Z,2024-10-10T14:00:00Z,20.01
Netherlands,NLD,2024-10-10T13:00:00Z,2024-10-10T15:00:00Z,38.37
Netherlands,NLD,2024-10-10T14:00:00Z,2024-10-10T16:00:00Z,58
Netherlands,NLD,2024-10-10T15:00:00Z,2024-10-10T17:00:00Z,89.9
Netherlands,NLD,2024-10-10T16:00:00Z,2024-10-10T18:00:00Z,109.9
Netherlands,NLD,2024-10-10T17:00:00Z,2024-10-10T19:00:00Z,145.94
Netherlands,NLD,2024-10-10T18:00:00Z,2024-10-10T20:00:00Z,120
Netherlands,NLD,2024-10-10T19:00:00Z,2024-10-10T21:00:00Z,90.41
Netherlands,NLD,2024-10-10T20:00:00Z,2024-10-10T22:00:00Z,95.26
Netherlands,NLD,2024-10-10T21:00:00Z,2024-10-10T23:00:00Z,86.2
Netherlands,NLD,2024-10-10T22:00:00Z,2024-10-11T00:00:00Z,83.9
Netherlands,NLD,2024-10-10T23:00:00Z,2024-10-11T01:00:00Z,79.9
Netherlands,NLD,2024-10-11T00:00:00Z,2024-10-11T02:00:00Z,79.19
Netherlands,NLD,2024-10-11T01:00:00Z,2024-10-11T03:00:00Z,67.91
Netherlands,NLD,2024-10-11T02:00:00Z,2024-10-11T04:00:00Z,69.14
Netherlands,NLD,2024-10-11T03:00:00Z,2024-10-11T05:00:00Z,80.29
Netherlands,NLD,2024-10-11T04:00:00Z,2024-10-11T06:00:00Z,99.95
Netherlands,NLD,2024-10-11T05:00:00Z,2024-10-11T07:00:00Z,140.41
Netherlands,NLD,2024-10-11T06:00:00Z,2024-10-11T08:00:00Z,155.49
Netherlands,NLD,2024-10-11T07:00:00Z,2024-10-11T09:00:00Z,110.01
Netherlands,NLD,2024-10-11T08:00:00Z,2024-10-11T10:00:00Z,90
Netherlands,NLD,2024-10-11T09:00:00Z,2024-10-11T11:00:00Z,72.35
Netherlands,NLD,2024-10-11T10:00:00Z,2024-10-11T12:00:00Z,61.65
Netherlands,NLD,2024-10-11T11:00:00Z,2024-10-11T13:00:00Z,57.17
Netherlands,NLD,2024-10-11T12:00:00Z,2024-10-11T14:00:00Z,59.56
Netherlands,NLD,2024-10-11T13:00:00Z,2024-10-11T15:00:00Z,66.96
Netherlands,NLD,2024-10-11T14:00:00Z,2024-10-11T16:00:00Z,85.35
Netherlands,NLD,2024-10-11T15:00:00Z,2024-10-11T17:00:00Z,106.6
Netherlands,NLD,2024-10-11T16:00:00Z,2024-10-11T18:00:00Z,158.35
Netherlands,NLD,2024-10-11T17:00:00Z,2024-10-11T19:00:00Z,172.05
Netherlands,NLD,2024-10-11T18:00:00Z,2024-10-11T20:00:00Z,120
Netherlands,NLD,2024-10-11T19:00:00Z,2024-10-11T21:00:00Z,99.79
Netherlands,NLD,2024-10-11T20:00:00Z,2024-10-11T22:00:00Z,100
Netherlands,NLD,2024-10-11T21:00:00Z,2024-10-11T23:00:00Z,90
Netherlands,NLD,2024-10-11T22:00:00Z,2024-10-12T00:00:00Z,91.21
Netherlands,NLD,2024-10-11T23:00:00Z,2024-10-12T01:00:00Z,83.33
Netherlands,NLD,2024-10-12T00:00:00Z,2024-10-12T02:00:00Z,80.54
Netherlands,NLD,2024-10-12T01:00:00Z,2024-10-12T03:00:00Z,81.46
Netherlands,NLD,2024-10-12T02:00:00Z,2024-10-12T04:00:00Z,77.81
Netherlands,NLD,2024-10-12T03:00:00Z,2024-10-12T05:00:00Z,74.9
Netherlands,NLD,2024-10-12T04:00:00Z,2024-10-12T06:00:00Z,71.63
Netherlands,NLD,2024-10-12T05:00:00Z,2024-10-12T07:00:00Z,105.6
Netherlands,NLD,2024-10-12T06:00:00Z,2024-10-12T08:00:00Z,122
Netherlands,NLD,2024-10-12T07:00:00Z,2024-10-12T09:00:00Z,119.9
Netherlands,NLD,2024-10-12T08:00:00Z,2024-10-12T10:00:00Z,125.81
Netherlands,NLD,2024-10-12T09:00:00Z,2024-10-12T11:00:00Z,89.9
Netherlands,NLD,2024-10-12T10:00:00Z,2024-10-12T12:00:00Z,67.59
Netherlands,NLD,2024-10-12T11:00:00Z,2024-10-12T13:00:00Z,44.32
Netherlands,NLD,2024-10-12T12:00:00Z,2024-10-12T14:00:00Z,23.34
Netherlands,NLD,2024-10-12T13:00:00Z,2024-10-12T15:00:00Z,46.35
Netherlands,NLD,2024-10-12T14:00:00Z,2024-10-12T16:00:00Z,69.47
Netherlands,NLD,2024-10-12T15:00:00Z,2024-10-12T17:00:00Z,84.55
Netherlands,NLD,2024-10-12T16:00:00Z,2024-10-12T18:00:00Z,82.77
Netherlands,NLD,2024-10-12T17:00:00Z,2024-10-12T19:00:00Z,79.44
Netherlands,NLD,2024-10-12T18:00:00Z,2024-10-12T20:00:00Z,60.58
Netherlands,NLD,2024-10-12T19:00:00Z,2024-10-12T21:00:00Z,45.42
Netherlands,NLD,2024-10-12T20:00:00Z,2024-10-12T22:00:00Z,34.87
Netherlands,NLD,2024-10-12T21:00:00Z,2024-10-12T23:00:00Z,25.37
Netherlands,NLD,2024-10-12T22:00:00Z,2024-10-13T00:00:00Z,0
Netherlands,NLD,2024-10-12T23:00:00Z,2024-10-13T01:00:00Z,-0.01
Netherlands,NLD,2024-10-13T00:00:00Z,2024-10-13T02:00:00Z,-0.07
Netherlands,NLD,2024-10-13T01:00:00Z,2024-10-13T03:00:00Z,-0.37
Netherlands,NLD,2024-10-13T02:00:00Z,2024-10-13T04:00:00Z,-0.51
Netherlands,NLD,2024-10-13T03:00:00Z,2024-10-13T05:00:00Z,-0.09
Netherlands,NLD,2024-10-13T04:00:00Z,2024-10-13T06:00:00Z,-0.01
Netherlands,NLD,2024-10-13T05:00:00Z,2024-10-13T07:00:00Z,1.72
Netherlands,NLD,2024-10-13T06:00:00Z,2024-10-13T08:00:00Z,17.96
Netherlands,NLD,2024-10-13T07:00:00Z,2024-10-13T09:00:00Z,9.85
Netherlands,NLD,2024-10-13T08:00:00Z,2024-10-13T10:00:00Z,0
Netherlands,NLD,2024-10-13T09:00:00Z,2024-10-13T11:00:00Z,-10
Netherlands,NLD,2024-10-13T10:00:00Z,2024-10-13T12:00:00Z,-10.06
Netherlands,NLD,2024-10-13T11:00:00Z,2024-10-13T13:00:00Z,-10.04
Netherlands,NLD,2024-10-13T12:00:00Z,2024-10-13T14:00:00Z,-3.01
Netherlands,NLD,2024-10-13T13:00:00Z,2024-10-13T15:00:00Z,7.28
Netherlands,NLD,2024-10-13T14:00:00Z,2024-10-13T16:00:00Z,30.14
Netherlands,NLD,2024-10-13T15:00:00Z,2024-10-13T17:00:00Z,115
Netherlands,NLD,2024-10-13T16:00:00Z,2024-10-13T18:00:00Z,118.74
Netherlands,NLD,2024-10-13T17:00:00Z,2024-10-13T19:00:00Z,131.97
Netherlands,NLD,2024-10-13T18:00:00Z,2024-10-13T20:00:00Z,108.07
Netherlands,NLD,2024-10-13T19:00:00Z,2024-10-13T21:00:00Z,99.9
Netherlands,NLD,2024-10-13T20:00:00Z,2024-10-13T22:00:00Z,94
Netherlands,NLD,2024-10-13T21:00:00Z,2024-10-13T23:00:00Z,90
Netherlands,NLD,2024-10-13T22:00:00Z,2024-10-14T00:00:00Z,104
Netherlands,NLD,2024-10-13T23:00:00Z,2024-10-14T01:00:00Z,89.9
Netherlands,NLD,2024-10-14T00:00:00Z,2024-10-14T02:00:00Z,98
Netherlands,NLD,2024-10-14T01:00:00Z,2024-10-14T03:00:00Z,94
Netherlands,NLD,2024-10-14T02:00:00Z,2024-10-14T04:00:00Z,72
Netherlands,NLD,2024-10-14T03:00:00Z,2024-10-14T05:00:00Z,62.2
Netherlands,NLD,2024-10-14T04:00:00Z,2024-10-14T06:00:00Z,98.74
Netherlands,NLD,2024-10-14T05:00:00Z,2024-10-14T07:00:00Z,130.53
Netherlands,NLD,2024-10-14T06:00:00Z,2024-10-14T08:00:00Z,153.12
Netherlands,NLD,2024-10-14T07:00:00Z,2024-10-14T09:00:00Z,125.58
Netherlands,NLD,2024-10-14T08:00:00Z,2024-10-14T10:00:00Z,103
Netherlands,NLD,2024-10-14T09:00:00Z,2024-10-14T11:00:00Z,95.53
Netherlands,NLD,2024-10-14T10:00:00Z,2024-10-14T12:00:00Z,91.56
Netherlands,NLD,2024-10-14T11:00:00Z,2024-10-14T13:00:00Z,85
Netherlands,NLD,2024-10-14T12:00:00Z,2024-10-14T14:00:00Z,74.16
Netherlands,NLD,2024-10-14T13:00:00Z,2024-10-14T15:00:00Z,88.32
Netherlands,NLD,2024-10-14T14:00:00Z,2024-10-14T16:00:00Z,105.79
Netherlands,NLD,2024-10-14T15:00:00Z,2024-10-14T17:00:00Z,158.51
Netherlands,NLD,2024-10-14T16:00:00Z,2024-10-14T18:00:00Z,250
Netherlands,NLD,2024-10-14T17:00:00Z,2024-10-14T19:00:00Z,263.27
Netherlands,NLD,2024-10-14T18:00:00Z,2024-10-14T20:00:00Z,158
Netherlands,NLD,2024-10-14T19:00:00Z,2024-10-14T21:00:00Z,113.64
Netherlands,NLD,2024-10-14T20:00:00Z,2024-10-14T22:00:00Z,99.66
Netherlands,NLD,2024-10-14T21:00:00Z,2024-10-14T23:00:00Z,94.8
Netherlands,NLD,2024-10-14T22:00:00Z,2024-10-15T00:00:00Z,90.4
Netherlands,NLD,2024-10-14T23:00:00Z,2024-10-15T01:00:00Z,86.08
Netherlands,NLD,2024-10-15T00:00:00Z,2024-10-15T02:00:00Z,88.76
Netherlands,NLD,2024-10-15T01:00:00Z,2024-10-15T03:00:00Z,84.04
Netherlands,NLD,2024-10-15T02:00:00Z,2024-10-15T04:00:00Z,79.94
Netherlands,NLD,2024-10-15T03:00:00Z,2024-10-15T05:00:00Z,87
Netherlands,NLD,2024-10-15T04:00:00Z,2024-10-15T06:00:00Z,109.9
Netherlands,NLD,2024-10-15T05:00:00Z,2024-10-15T07:00:00Z,175.94
Netherlands,NLD,2024-10-15T06:00:00Z,2024-10-15T08:00:00Z,171.13
Netherlands,NLD,2024-10-15T07:00:00Z,2024-10-15T09:00:00Z,110.54
Netherlands,NLD,2024-10-15T08:00:00Z,2024-10-15T10:00:00Z,92.74
Netherlands,NLD,2024-10-15T09:00:00Z,2024-10-15T11:00:00Z,83.05
Netherlands,NLD,2024-10-15T10:00:00Z,2024-10-15T12:00:00Z,78.47
Netherlands,NLD,2024-10-15T11:00:00Z,2024-10-15T13:00:00Z,71.16
Netherlands,NLD,2024-10-15T12:00:00Z,2024-10-15T14:00:00Z,70.03
Netherlands,NLD,2024-10-15T13:00:00Z,2024-10-15T15:00:00Z,77.37
Netherlands,NLD,2024-10-15T14:00:00Z,2024-10-15T16:00:00Z,86.33
Netherlands,NLD,2024-10-15T15:00:00Z,2024-10-15T17:00:00Z,116.17
Netherlands,NLD,2024-10-15T16:00:00Z,2024-10-15T18:00:00Z,132.18
Netherlands,NLD,2024-10-15T17:00:00Z,2024-10-15T19:00:00Z,101.53
Netherlands,NLD,2024-10-15T18:00:00Z,2024-10-15T20:00:00Z,76.9
Netherlands,NLD,2024-10-15T19:00:00Z,2024-10-15T21:00:00Z,66.44
Netherlands,NLD,2024-10-15T20:00:00Z,2024-10-15T22:00:00Z,59.24
Netherlands,NLD,2024-10-15T21:00:00Z,2024-10-15T23:00:00Z,42.13
Netherlands,NLD,2024-10-15T22:00:00Z,2024-10-16T00:00:00Z,25.54
Netherlands,NLD,2024-10-15T23:00:00Z,2024-10-16T01:00:00Z,12.8
Netherlands,NLD,2024-10-16T00:00:00Z,2024-10-16T02:00:00Z,5.3
Netherlands,NLD,2024-10-16T01:00:00Z,2024-10-16T03:00:00Z,3.61
Netherlands,NLD,2024-10-16T02:00:00Z,2024-10-16T04:00:00Z,2.86
Netherlands,NLD,2024-10-16T03:00:00Z,2024-10-16T05:00:00Z,7.19
Netherlands,NLD,2024-10-16T04:00:00Z,2024-10-16T06:00:00Z,41.36
Netherlands,NLD,2024-10-16T05:00:00Z,2024-10-16T07:00:00Z,61.5
Netherlands,NLD,2024-10-16T06:00:00Z,2024-10-16T08:00:00Z,80.1
Netherlands,NLD,2024-10-16T07:00:00Z,2024-10-16T09:00:00Z,54.29
Netherlands,NLD,2024-10-16T08:00:00Z,2024-10-16T10:00:00Z,26.68
Netherlands,NLD,2024-10-16T09:00:00Z,2024-10-16T11:00:00Z,14.16
Netherlands,NLD,2024-10-16T10:00:00Z,2024-10-16T12:00:00Z,4.09
Netherlands,NLD,2024-10-16T11:00:00Z,2024-10-16T13:00:00Z,2.04
Netherlands,NLD,2024-10-16T12:00:00Z,2024-10-16T14:00:00Z,4
Netherlands,NLD,2024-10-16T13:00:00Z,2024-10-16T15:00:00Z,14.18
Netherlands,NLD,2024-10-16T14:00:00Z,2024-10-16T16:00:00Z,52
Netherlands,NLD,2024-10-16T15:00:00Z,2024-10-16T17:00:00Z,99.9
Netherlands,NLD,2024-10-16T16:00:00Z,2024-10-16T18:00:00Z,106
Netherlands,NLD,2024-10-16T17:00:00Z,2024-10-16T19:00:00Z,104
Netherlands,NLD,2024-10-16T18:00:00Z,2024-10-16T20:00:00Z,78.74
Netherlands,NLD,2024-10-16T19:00:00Z,2024-10-16T21:00:00Z,67
Netherlands,NLD,2024-10-16T20:00:00Z,2024-10-16T22:00:00Z,35.14
Netherlands,NLD,2024-10-16T21:00:00Z,2024-10-16T23:00:00Z,26.54
Netherlands,NLD,2024-10-16T22:00:00Z,2024-10-17T00:00:00Z,17.04
Netherlands,NLD,2024-10-16T23:00:00Z,2024-10-17T01:00:00Z,12.15
Netherlands,NLD,2024-10-17T00:00:00Z,2024-10-17T02:00:00Z,10.48
Netherlands,NLD,2024-10-17T01:00:00Z,2024-10-17T03:00:00Z,5.61
Netherlands,NLD,2024-10-17T02:00:00Z,2024-10-17T04:00:00Z,10.01
Netherlands,NLD,2024-10-17T03:00:00Z,2024-10-17T05:00:00Z,28.97
Netherlands,NLD,2024-10-17T04:00:00Z,2024-10-17T06:00:00Z,69.22
Netherlands,NLD,2024-10-17T05:00:00Z,2024-10-17T07:00:00Z,98.94
Netherlands,NLD,2024-10-17T06:00:00Z,2024-10-17T08:00:00Z,101.8
Netherlands,NLD,2024-10-17T07:00:00Z,2024-10-17T09:00:00Z,104.1
Netherlands,NLD,2024-10-17T08:00:00Z,2024-10-17T10:00:00Z,101.91
Netherlands,NLD,2024-10-17T09:00:00Z,2024-10-17T11:00:00Z,98
Netherlands,NLD,2024-10-17T10:00:00Z,2024-10-17T12:00:00Z,96
Netherlands,NLD,2024-10-17T11:00:00Z,2024-10-17T13:00:00Z,94.7
Netherlands,NLD,2024-10-17T12:00:00Z,2024-10-17T14:00:00Z,92.6
Netherlands,NLD,2024-10-17T13:00:00Z,2024-10-17T15:00:00Z,96.6
Netherlands,NLD,2024-10-17T14:00:00Z,2024-10-17T16:00:00Z,96
Netherlands,NLD,2024-10-17T15:00:00Z,2024-10-17T17:00:00Z,124.7
Netherlands,NLD,2024-10-17T16:00:00Z,2024-10-17T18:00:00Z,181.32
Netherlands,NLD,2024-10-17T17:00:00Z,2024-10-17T19:00:00Z,171
Netherlands,NLD,2024-10-17T18:00:00Z,2024-10-17T20:00:00Z,117.5
Netherlands,NLD,2024-10-17T19:00:00Z,2024-10-17T21:00:00Z,100
Netherlands,NLD,2024-10-17T20:00:00Z,2024-10-17T22:00:00Z,97
Netherlands,NLD,2024-10-17T21:00:00Z,2024-10-17T23:00:00Z,88.4
Netherlands,NLD,2024-10-17T22:00:00Z,2024-10-18T00:00:00Z,87.27
Netherlands,NLD,2024-10-17T23:00:00Z,2024-10-18T01:00:00Z,85.92
Netherlands,NLD,2024-10-18T00:00:00Z,2024-10-18T02:00:00Z,89.71
Netherlands,NLD,2024-10-18T01:00:00Z,2024-10-18T03:00:00Z,82.68
Netherlands,NLD,2024-10-18T02:00:00Z,2024-10-18T04:00:00Z,86.97
Netherlands,NLD,2024-10-18T03:00:00Z,2024-10-18T05:00:00Z,87.05
Netherlands,NLD,2024-10-18T04:00:00Z,2024-10-18T06:00:00Z,100.58
Netherlands,NLD,2024-10-18T05:00:00Z,2024-10-18T07:00:00Z,146.66
Netherlands,NLD,2024-10-18T06:00:00Z,2024-10-18T08:00:00Z,157.67
Netherlands,NLD,2024-10-18T07:00:00Z,2024-10-18T09:00:00Z,118.11
Netherlands,NLD,2024-10-18T08:00:00Z,2024-10-18T10:00:00Z,103.45
Netherlands,NLD,2024-10-18T09:00:00Z,2024-10-18T11:00:00Z,89.96
Netherlands,NLD,2024-10-18T10:00:00Z,2024-10-18T12:00:00Z,90.33
Netherlands,NLD,2024-10-18T11:00:00Z,2024-10-18T13:00:00Z,86.2
Netherlands,NLD,2024-10-18T12:00:00Z,2024-10-18T14:00:00Z,90.53
Netherlands,NLD,2024-10-18T13:00:00Z,2024-10-18T15:00:00Z,86.8
Netherlands,NLD,2024-10-18T14:00:00Z,2024-10-18T16:00:00Z,103.29
Netherlands,NLD,2024-10-18T15:00:00Z,2024-10-18T17:00:00Z,133.67
Netherlands,NLD,2024-10-18T16:00:00Z,2024-10-18T18:00:00Z,181
Netherlands,NLD,2024-10-18T17:00:00Z,2024-10-18T19:00:00Z,142.85
Netherlands,NLD,2024-10-18T18:00:00Z,2024-10-18T20:00:00Z,103.25
Netherlands,NLD,2024-10-18T19:00:00Z,2024-10-18T21:00:00Z,97.06
Netherlands,NLD,2024-10-18T20:00:00Z,2024-10-18T22:00:00Z,97.13
Netherlands,NLD,2024-10-18T21:00:00Z,2024-10-18T23:00:00Z,86.74
Netherlands,NLD,2024-10-18T22:00:00Z,2024-10-19T00:00:00Z,91.09
Netherlands,NLD,2024-10-18T23:00:00Z,2024-10-19T01:00:00Z,92.07
Netherlands,NLD,2024-10-19T00:00:00Z,2024-10-19T02:00:00Z,87.88
Netherlands,NLD,2024-10-19T01:00:00Z,2024-10-19T03:00:00Z,81.08
Netherlands,NLD,2024-10-19T02:00:00Z,2024-10-19T04:00:00Z,84.65
Netherlands,NLD,2024-10-19T03:00:00Z,2024-10-19T05:00:00Z,83.48
Netherlands,NLD,2024-10-19T04:00:00Z,2024-10-19T06:00:00Z,83.21
Netherlands,NLD,2024-10-19T05:00:00Z,2024-10-19T07:00:00Z,90.55
Netherlands,NLD,2024-10-19T06:00:00Z,2024-10-19T08:00:00Z,98.7
Netherlands,NLD,2024-10-19T07:00:00Z,2024-10-19T09:00:00Z,91.8
Netherlands,NLD,2024-10-19T08:00:00Z,2024-10-19T10:00:00Z,78.59
Netherlands,NLD,2024-10-19T09:00:00Z,2024-10-19T11:00:00Z,72.03
Netherlands,NLD,2024-10-19T10:00:00Z,2024-10-19T12:00:00Z,66
Netherlands,NLD,2024-10-19T11:00:00Z,2024-10-19T13:00:00Z,60.15
Netherlands,NLD,2024-10-19T12:00:00Z,2024-10-19T14:00:00Z,61
Netherlands,NLD,2024-10-19T13:00:00Z,2024-10-19T15:00:00Z,75.45
Netherlands,NLD,2024-10-19T14:00:00Z,2024-10-19T16:00:00Z,96
Netherlands,NLD,2024-10-19T15:00:00Z,2024-10-19T17:00:00Z,106.83
Netherlands,NLD,2024-10-19T16:00:00Z,2024-10-19T18:00:00Z,133.13
Netherlands,NLD,2024-10-19T17:00:00Z,2024-10-19T19:00:00Z,117
Netherlands,NLD,2024-10-19T18:00:00Z,2024-10-19T20:00:00Z,95.45
Netherlands,NLD,2024-10-19T19:00:00Z,2024-10-19T21:00:00Z,88.6
Netherlands,NLD,2024-10-19T20:00:00Z,2024-10-19T22:00:00Z,83.41
Netherlands,NLD,2024-10-19T21:00:00Z,2024-10-19T23:00:00Z,73.33
Netherlands,NLD,2024-10-19T22:00:00Z,2024-10-20T00:00:00Z,54.04
Netherlands,NLD,2024-10-19T23:00:00Z,2024-10-20T01:00:00Z,54.9
Netherlands,NLD,2024-10-20T00:00:00Z,2024-10-20T02:00:00Z,54.58
Netherlands,NLD,2024-10-20T01:00:00Z,2024-10-20T03:00:00Z,55.91
Netherlands,NLD,2024-10-20T02:00:00Z,2024-10-20T04:00:00Z,59.59
Netherlands,NLD,2024-10-20T03:00:00Z,2024-10-20T05:00:00Z,63.01
Netherlands,NLD,2024-10-20T04:00:00Z,2024-10-20T06:00:00Z,59.95
Netherlands,NLD,2024-10-20T05:00:00Z,2024-10-20T07:00:00Z,73.24
Netherlands,NLD,2024-10-20T06:00:00Z,2024-10-20T08:00:00Z,65.8
Netherlands,NLD,2024-10-20T07:00:00Z,2024-10-20T09:00:00Z,44.36
Netherlands,NLD,2024-10-20T08:00:00Z,2024-10-20T10:00:00Z,6.37
Netherlands,NLD,2024-10-20T09:00:00Z,2024-10-20T11:00:00Z,0.08
Netherlands,NLD,2024-10-20T10:00:00Z,2024-10-20T12:00:00Z,0
Netherlands,NLD,2024-10-20T11:00:00Z,2024-10-20T13:00:00Z,-0.98
Netherlands,NLD,2024-10-20T12:00:00Z,2024-10-20T14:00:00Z,-2.01
Netherlands,NLD,2024-10-20T13:00:00Z,2024-10-20T15:00:00Z,0
Netherlands,NLD,2024-10-20T14:00:00Z,2024-10-20T16:00:00Z,5
Netherlands,NLD,2024-10-20T15:00:00Z,2024-10-20T17:00:00Z,55.55
Netherlands,NLD,2024-10-20T16:00:00Z,2024-10-20T18:00:00Z,60
Netherlands,NLD,2024-10-20T17:00:00Z,2024-10-20T19:00:00Z,47.44
Netherlands,NLD,2024-10-20T18:00:00Z,2024-10-20T20:00:00Z,35.09
Netherlands,NLD,2024-10-20T19:00:00Z,2024-10-20T21:00:00Z,21.72
Netherlands,NLD,2024-10-20T20:00:00Z,2024-10-20T22:00:00Z,12.66
Netherlands,NLD,2024-10-20T21:00:00Z,2024-10-20T23:00:00Z,2.02
Netherlands,NLD,2024-10-20T22:00:00Z,2024-10-21T00:00:00Z,-0.1
Netherlands,NLD,2024-10-20T23:00:00Z,2024-10-21T01:00:00Z,-0.1
Netherlands,NLD,2024-10-21T00:00:00Z,2024-10-21T02:00:00Z,-0.14
Netherlands,NLD,2024-10-21T01:00:00Z,2024-10-21T03:00:00Z,-0.08
Netherlands,NLD,2024-10-21T02:00:00Z,2024-10-21T04:00:00Z,0
Netherlands,NLD,2024-10-21T03:00:00Z,2024-10-21T05:00:00Z,3.45
Netherlands,NLD,2024-10-21T04:00:00Z,2024-10-21T06:00:00Z,61.96
Netherlands,NLD,2024-10-21T05:00:00Z,2024-10-21T07:00:00Z,104.13
Netherlands,NLD,2024-10-21T06:00:00Z,2024-10-21T08:00:00Z,120.35
Netherlands,NLD,2024-10-21T07:00:00Z,2024-10-21T09:00:00Z,103.9
Netherlands,NLD,2024-10-21T08:00:00Z,2024-10-21T10:00:00Z,91
Netherlands,NLD,2024-10-21T09:00:00Z,2024-10-21T11:00:00Z,84.91
Netherlands,NLD,2024-10-21T10:00:00Z,2024-10-21T12:00:00Z,80
Netherlands,NLD,2024-10-21T11:00:00Z,2024-10-21T13:00:00Z,83.15
Netherlands,NLD,2024-10-21T12:00:00Z,2024-10-21T14:00:00Z,83.19
Netherlands,NLD,2024-10-21T13:00:00Z,2024-10-21T15:00:00Z,95.82
Netherlands,NLD,2024-10-21T14:00:00Z,2024-10-21T16:00:00Z,116.57
Netherlands,NLD,2024-10-21T15:00:00Z,2024-10-21T17:00:00Z,130.04
Netherlands,NLD,2024-10-21T16:00:00Z,2024-10-21T18:00:00Z,212.15
Netherlands,NLD,2024-10-21T17:00:00Z,2024-10-21T19:00:00Z,188.35
Netherlands,NLD,2024-10-21T18:00:00Z,2024-10-21T20:00:00Z,128.18
Netherlands,NLD,2024-10-21T19:00:00Z,2024-10-21T21:00:00Z,100.56
Netherlands,NLD,2024-10-21T20:00:00Z,2024-10-21T22:00:00Z,97.79
Netherlands,NLD,2024-10-21T21:00:00Z,2024-10-21T23:00:00Z,92.97
Netherlands,NLD,2024-10-21T22:00:00Z,2024-10-22T00:00:00Z,89.42
Netherlands,NLD,2024-10-21T23:00:00Z,2024-10-22T01:00:00Z,87.04
Netherlands,NLD,2024-10-22T00:00:00Z,2024-10-22T02:00:00Z,84.33
Netherlands,NLD,2024-10-22T01:00:00Z,2024-10-22T03:00:00Z,83.6
Netherlands,NLD,2024-10-22T02:00:00Z,2024-10-22T04:00:00Z,83.02
Netherlands,NLD,2024-10-22T03:00:00Z,2024-10-22T05:00:00Z,86
Netherlands,NLD,2024-10-22T04:00:00Z,2024-10-22T06:00:00Z,98.14
Netherlands,NLD,2024-10-22T05:00:00Z,2024-10-22T07:00:00Z,150
Netherlands,NLD,2024-10-22T06:00:00Z,2024-10-22T08:00:00Z,163.01
Netherlands,NLD,2024-10-22T07:00:00Z,2024-10-22T09:00:00Z,113.37
Netherlands,NLD,2024-10-22T08:00:00Z,2024-10-22T10:00:00Z,98.79
Netherlands,NLD,2024-10-22T09:00:00Z,2024-10-22T11:00:00Z,88.53
Netherlands,NLD,2024-10-22T10:00:00Z,2024-10-22T12:00:00Z,77.61
Netherlands,NLD,2024-10-22T11:00:00Z,2024-10-22T13:00:00Z,70.88
Netherlands,NLD,2024-10-22T12:00:00Z,2024-10-22T14:00:00Z,71.93
Netherlands,NLD,2024-10-22T13:00:00Z,2024-10-22T15:00:00Z,81.8
Netherlands,NLD,2024-10-22T14:00:00Z,2024-10-22T16:00:00Z,103.11
Netherlands,NLD,2024-10-22T15:00:00Z,2024-10-22T17:00:00Z,107.45
Netherlands,NLD,2024-10-22T16:00:00Z,2024-10-22T18:00:00Z,139.92
Netherlands,NLD,2024-10-22T17:00:00Z,2024-10-22T19:00:00Z,158.32
Netherlands,NLD,2024-10-22T18:00:00Z,2024-10-22T20:00:00Z,114.28
Netherlands,NLD,2024-10-22T19:00:00Z,2024-10-22T21:00:00Z,99.59
Netherlands,NLD,2024-10-22T20:00:00Z,2024-10-22T22:00:00Z,95.73
Netherlands,NLD,2024-10-22T21:00:00Z,2024-10-22T23:00:00Z,88.35
Netherlands,NLD,2024-10-22T22:00:00Z,2024-10-23T00:00:00Z,81.16
Netherlands,NLD,2024-10-22T23:00:00Z,2024-10-23T01:00:00Z,83.78
Netherlands,NLD,2024-10-23T00:00:00Z,2024-10-23T02:00:00Z,83.53
Netherlands,NLD,2024-10-23T01:00:00Z,2024-10-23T03:00:00Z,85.81
Netherlands,NLD,2024-10-23T02:00:00Z,2024-10-23T04:00:00Z,83.69
Netherlands,NLD,2024-10-23T03:00:00Z,2024-10-23T05:00:00Z,90.64
Netherlands,NLD,2024-10-23T04:00:00Z,2024-10-23T06:00:00Z,104.72
Netherlands,NLD,2024-10-23T05:00:00Z,2024-10-23T07:00:00Z,137.49
Netherlands,NLD,2024-10-23T06:00:00Z,2024-10-23T08:00:00Z,162.41
Netherlands,NLD,2024-10-23T07:00:00Z,2024-10-23T09:00:00Z,127.69
Netherlands,NLD,2024-10-23T08:00:00Z,2024-10-23T10:00:00Z,102.2
Netherlands,NLD,2024-10-23T09:00:00Z,2024-10-23T11:00:00Z,91.24
Netherlands,NLD,2024-10-23T10:00:00Z,2024-10-23T12:00:00Z,82.36
Netherlands,NLD,2024-10-23T11:00:00Z,2024-10-23T13:00:00Z,77.07
Netherlands,NLD,2024-10-23T12:00:00Z,2024-10-23T14:00:00Z,75.42
Netherlands,NLD,2024-10-23T13:00:00Z,2024-10-23T15:00:00Z,84.2
Netherlands,NLD,2024-10-23T14:00:00Z,2024-10-23T16:00:00Z,97.37
Netherlands,NLD,2024-10-23T15:00:00Z,2024-10-23T17:00:00Z,139.97
Netherlands,NLD,2024-10-23T16:00:00Z,2024-10-23T18:00:00Z,205.36
Netherlands,NLD,2024-10-23T17:00:00Z,2024-10-23T19:00:00Z,176
Netherlands,NLD,2024-10-23T18:00:00Z,2024-10-23T20:00:00Z,113.16
Netherlands,NLD,2024-10-23T19:00:00Z,2024-10-23T21:00:00Z,101.22
Netherlands,NLD,2024-10-23T20:00:00Z,2024-10-23T22:00:00Z,102.93
Netherlands,NLD,2024-10-23T21:00:00Z,2024-10-23T23:00:00Z,93.16
Netherlands,NLD,2024-10-23T22:00:00Z,2024-10-24T00:00:00Z,86.76
Netherlands,NLD,2024-10-23T23:00:00Z,2024-10-24T01:00:00Z,80.11
Netherlands,NLD,2024-10-24T00:00:00Z,2024-10-24T02:00:00Z,78.1
Netherlands,NLD,2024-10-24T01:00:00Z,2024-10-24T03:00:00Z,75.67
Netherlands,NLD,2024-10-24T02:00:00Z,2024-10-24T04:00:00Z,76.07
Netherlands,NLD,2024-10-24T03:00:00Z,2024-10-24T05:00:00Z,80.17
Netherlands,NLD,2024-10-24T04:00:00Z,2024-10-24T06:00:00Z,100.35
Netherlands,NLD,2024-10-24T05:00:00Z,2024-10-24T07:00:00Z,141.86
Netherlands,NLD,2024-10-24T06:00:00Z,2024-10-24T08:00:00Z,165.39
Netherlands,NLD,2024-10-24T07:00:00Z,2024-10-24T09:00:00Z,114.77
Netherlands,NLD,2024-10-24T08:00:00Z,2024-10-24T10:00:00Z,98.31
Netherlands,NLD,2024-10-24T09:00:00Z,2024-10-24T11:00:00Z,89.03
Netherlands,NLD,2024-10-24T10:00:00Z,2024-10-24T12:00:00Z,80
Netherlands,NLD,2024-10-24T11:00:00Z,2024-10-24T13:00:00Z,75.08
Netherlands,NLD,2024-10-24T12:00:00Z,2024-10-24T14:00:00Z,75.13
Netherlands,NLD,2024-10-24T13:00:00Z,2024-10-24T15:00:00Z,87.27
Netherlands,NLD,2024-10-24T14:00:00Z,2024-10-24T16:00:00Z,106.15
Netherlands,NLD,2024-10-24T15:00:00Z,2024-10-24T17:00:00Z,123.58
Netherlands,NLD,2024-10-24T16:00:00Z,2024-10-24T18:00:00Z,136.37
Netherlands,NLD,2024-10-24T17:00:00Z,2024-10-24T19:00:00Z,116.04
Netherlands,NLD,2024-10-24T18:00:00Z,2024-10-24T20:00:00Z,96.61
Netherlands,NLD,2024-10-24T19:00:00Z,2024-10-24T21:00:00Z,93.29
Netherlands,NLD,2024-10-24T20:00:00Z,2024-10-24T22:00:00Z,111.46
Netherlands,NLD,2024-10-24T21:00:00Z,2024-10-24T23:00:00Z,83.61
Netherlands,NLD,2024-10-24T22:00:00Z,2024-10-25T00:00:00Z,82.5
Netherlands,NLD,2024-10-24T23:00:00Z,2024-10-25T01:00:00Z,82.07
Netherlands,NLD,2024-10-25T00:00:00Z,2024-10-25T02:00:00Z,79.69
Netherlands,NLD,2024-10-25T01:00:00Z,2024-10-25T03:00:00Z,82.6
Netherlands,NLD,2024-10-25T02:00:00Z,2024-10-25T04:00:00Z,84.47
Netherlands,NLD,2024-10-25T03:00:00Z,2024-10-25T05:00:00Z,94.59
Netherlands,NLD,2024-10-25T04:00:00Z,2024-10-25T06:00:00Z,103.43
Netherlands,NLD,2024-10-25T05:00:00Z,2024-10-25T07:00:00Z,120.03
Netherlands,NLD,2024-10-25T06:00:00Z,2024-10-25T08:00:00Z,143.2
Netherlands,NLD,2024-10-25T07:00:00Z,2024-10-25T09:00:00Z,118.74
Netherlands,NLD,2024-10-25T08:00:00Z,2024-10-25T10:00:00Z,105.14
Netherlands,NLD,2024-10-25T09:00:00Z,2024-10-25T11:00:00Z,90.71
Netherlands,NLD,2024-10-25T10:00:00Z,2024-10-25T12:00:00Z,79.14
Netherlands,NLD,2024-10-25T11:00:00Z,2024-10-25T13:00:00Z,76.17
Netherlands,NLD,2024-10-25T12:00:00Z,2024-10-25T14:00:00Z,79.9
Netherlands,NLD,2024-10-25T13:00:00Z,2024-10-25T15:00:00Z,94.2
Netherlands,NLD,2024-10-25T14:00:00Z,2024-10-25T16:00:00Z,110.5
Netherlands,NLD,2024-10-25T15:00:00Z,2024-10-25T17:00:00Z,145.48
Netherlands,NLD,2024-10-25T16:00:00Z,2024-10-25T18:00:00Z,209.41
Netherlands,NLD,2024-10-25T17:00:00Z,2024-10-25T19:00:00Z,176.36
Netherlands,NLD,2024-10-25T18:00:00Z,2024-10-25T20:00:00Z,121.68
Netherlands,NLD,2024-10-25T19:00:00Z,2024-10-25T21:00:00Z,113.69
Netherlands,NLD,2024-10-25T20:00:00Z,2024-10-25T22:00:00Z,111.49
Netherlands,NLD,2024-10-25T21:00:00Z,2024-10-25T23:00:00Z,104.22
Netherlands,NLD,2024-10-25T22:00:00Z,2024-10-26T00:00:00Z,109.95
Netherlands,NLD,2024-10-25T23:00:00Z,2024-10-26T01:00:00Z,104.5
Netherlands,NLD,2024-10-26T00:00:00Z,2024-10-26T02:00:00Z,102.7
Netherlands,NLD,2024-10-26T01:00:00Z,2024-10-26T03:00:00Z,102.5
Netherlands,NLD,2024-10-26T02:00:00Z,2024-10-26T04:00:00Z,99.23
Netherlands,NLD,2024-10-26T03:00:00Z,2024-10-26T05:00:00Z,100.3
Netherlands,NLD,2024-10-26T04:00:00Z,2024-10-26T06:00:00Z,105.26
Netherlands,NLD,2024-10-26T05:00:00Z,2024-10-26T07:00:00Z,118.29
Netherlands,NLD,2024-10-26T06:00:00Z,2024-10-26T08:00:00Z,126
Netherlands,NLD,2024-10-26T07:00:00Z,2024-10-26T09:00:00Z,121.96
Netherlands,NLD,2024-10-26T08:00:00Z,2024-10-26T10:00:00Z,97
Netherlands,NLD,2024-10-26T09:00:00Z,2024-10-26T11:00:00Z,78.19
Netherlands,NLD,2024-10-26T10:00:00Z,2024-10-26T12:00:00Z,66.11
Netherlands,NLD,2024-10-26T11:00:00Z,2024-10-26T13:00:00Z,62.23
Netherlands,NLD,2024-10-26T12:00:00Z,2024-10-26T14:00:00Z,62.7
Netherlands,NLD,2024-10-26T13:00:00Z,2024-10-26T15:00:00Z,75.78
Netherlands,NLD,2024-10-26T14:00:00Z,2024-10-26T16:00:00Z,95.63
Netherlands,NLD,2024-10-26T15:00:00Z,2024-10-26T17:00:00Z,124.98
Netherlands,NLD,2024-10-26T16:00:00Z,2024-10-26T18:00:00Z,151.65
Netherlands,NLD,2024-10-26T17:00:00Z,2024-10-26T19:00:00Z,118.94
Netherlands,NLD,2024-10-26T18:00:00Z,2024-10-26T20:00:00Z,101
Netherlands,NLD,2024-10-26T19:00:00Z,2024-10-26T21:00:00Z,106.4
Netherlands,NLD,2024-10-26T20:00:00Z,2024-10-26T22:00:00Z,110.1
Netherlands,NLD,2024-10-26T21:00:00Z,2024-10-26T23:00:00Z,85.38
Netherlands,NLD,2024-10-26T22:00:00Z,2024-10-27T00:00:00Z,91.56
Netherlands,NLD,2024-10-26T23:00:00Z,2024-10-27T01:00:00Z,84
Netherlands,NLD,2024-10-27T00:00:00Z,2024-10-27T02:00:00Z,82.23
Netherlands,NLD,2024-10-27T01:00:00Z,2024-10-27T02:00:00Z,80.43
Netherlands,NLD,2024-10-27T02:00:00Z,2024-10-27T03:00:00Z,81.12
Netherlands,NLD,2024-10-27T03:00:00Z,2024-10-27T04:00:00Z,77.08
Netherlands,NLD,2024-10-27T04:00:00Z,2024-10-27T05:00:00Z,81.7
Netherlands,NLD,2024-10-27T05:00:00Z,2024-10-27T06:00:00Z,91.3
Netherlands,NLD,2024-10-27T06:00:00Z,2024-10-27T07:00:00Z,88.25
Netherlands,NLD,2024-10-27T07:00:00Z,2024-10-27T08:00:00Z,84.68
Netherlands,NLD,2024-10-27T08:00:00Z,2024-10-27T09:00:00Z,66.72
Netherlands,NLD,2024-10-27T09:00:00Z,2024-10-27T10:00:00Z,54.72
Netherlands,NLD,2024-10-27T10:00:00Z,2024-10-27T11:00:00Z,42.5
Netherlands,NLD,2024-10-27T11:00:00Z,2024-10-27T12:00:00Z,39.99
Netherlands,NLD,2024-10-27T12:00:00Z,2024-10-27T13:00:00Z,40
Netherlands,NLD,2024-10-27T13:00:00Z,2024-10-27T14:00:00Z,63.38
Netherlands,NLD,2024-10-27T14:00:00Z,2024-10-27T15:00:00Z,101.88
Netherlands,NLD,2024-10-27T15:00:00Z,2024-10-27T16:00:00Z,117.8
Netherlands,NLD,2024-10-27T16:00:00Z,2024-10-27T17:00:00Z,147.25
Netherlands,NLD,2024-10-27T17:00:00Z,2024-10-27T18:00:00Z,150.71
Netherlands,NLD,2024-10-27T18:00:00Z,2024-10-27T19:00:00Z,130.48
Netherlands,NLD,2024-10-27T19:00:00Z,2024-10-27T20:00:00Z,118.1
Netherlands,NLD,2024-10-27T20:00:00Z,2024-10-27T21:00:00Z,111.39
Netherlands,NLD,2024-10-27T21:00:00Z,2024-10-27T22:00:00Z,109.96
Netherlands,NLD,2024-10-27T22:00:00Z,2024-10-27T23:00:00Z,102.99
Netherlands,NLD,2024-10-27T23:00:00Z,2024-10-28T00:00:00Z,93.67
Netherlands,NLD,2024-10-28T00:00:00Z,2024-10-28T01:00:00Z,89.38
Netherlands,NLD,2024-10-28T01:00:00Z,2024-10-28T02:00:00Z,84.14
Netherlands,NLD,2024-10-28T02:00:00Z,2024-10-28T03:00:00Z,79.4
Netherlands,NLD,2024-10-28T03:00:00Z,2024-10-28T04:00:00Z,79.89
Netherlands,NLD,2024-10-28T04:00:00Z,2024-10-28T05:00:00Z,94.12
Netherlands,NLD,2024-10-28T05:00:00Z,2024-10-28T06:00:00Z,94.3
Netherlands,NLD,2024-10-28T06:00:00Z,2024-10-28T07:00:00Z,111.1
Netherlands,NLD,2024-10-28T07:00:00Z,2024-10-28T08:00:00Z,111.28
Netherlands,NLD,2024-10-28T08:00:00Z,2024-10-28T09:00:00Z,102.92
Netherlands,NLD,2024-10-28T09:00:00Z,2024-10-28T10:00:00Z,94.42
Netherlands,NLD,2024-10-28T10:00:00Z,2024-10-28T11:00:00Z,94.51
Netherlands,NLD,2024-10-28T11:00:00Z,2024-10-28T12:00:00Z,91.09
Netherlands,NLD,2024-10-28T12:00:00Z,2024-10-28T13:00:00Z,96.75
Netherlands,NLD,2024-10-28T13:00:00Z,2024-10-28T14:00:00Z,108.27
Netherlands,NLD,2024-10-28T14:00:00Z,2024-10-28T15:00:00Z,117.18
Netherlands,NLD,2024-10-28T15:00:00Z,2024-10-28T16:00:00Z,116.65
Netherlands,NLD,2024-10-28T16:00:00Z,2024-10-28T17:00:00Z,140
Netherlands,NLD,2024-10-28T17:00:00Z,2024-10-28T18:00:00Z,149.99
Netherlands,NLD,2024-10-28T18:00:00Z,2024-10-28T19:00:00Z,144.44
Netherlands,NLD,2024-10-28T19:00:00Z,2024-10-28T20:00:00Z,120.1
Netherlands,NLD,2024-10-28T20:00:00Z,2024-10-28T21:00:00Z,109.9
Netherlands,NLD,2024-10-28T21:00:00Z,2024-10-28T22:00:00Z,108.58
Netherlands,NLD,2024-10-28T22:00:00Z,2024-10-28T23:00:00Z,101.02
Netherlands,NLD,2024-10-28T23:00:00Z,2024-10-29T00:00:00Z,97.69
Netherlands,NLD,2024-10-29T00:00:00Z,2024-10-29T01:00:00Z,95.7
Netherlands,NLD,2024-10-29T01:00:00Z,2024-10-29T02:00:00Z,94.08
Netherlands,NLD,2024-10-29T02:00:00Z,2024-10-29T03:00:00Z,92.92
Netherlands,NLD,2024-10-29T03:00:00Z,2024-10-29T04:00:00Z,94.62
Netherlands,NLD,2024-10-29T04:00:00Z,2024-10-29T05:00:00Z,107.05
Netherlands,NLD,2024-10-29T05:00:00Z,2024-10-29T06:00:00Z,120.32
Netherlands,NLD,2024-10-29T06:00:00Z,2024-10-29T07:00:00Z,146.29
Netherlands,NLD,2024-10-29T07:00:00Z,2024-10-29T08:00:00Z,144.7
Netherlands,NLD,2024-10-29T08:00:00Z,2024-10-29T09:00:00Z,127.07
Netherlands,NLD,2024-10-29T09:00:00Z,2024-10-29T10:00:00Z,118.7
Netherlands,NLD,2024-10-29T10:00:00Z,2024-10-29T11:00:00Z,110.81
Netherlands,NLD,2024-10-29T11:00:00Z,2024-10-29T12:00:00Z,104.09
Netherlands,NLD,2024-10-29T12:00:00Z,2024-10-29T13:00:00Z,113.46
Netherlands,NLD,2024-10-29T13:00:00Z,2024-10-29T14:00:00Z,129.24
Netherlands,NLD,2024-10-29T14:00:00Z,2024-10-29T15:00:00Z,158.3
Netherlands,NLD,2024-10-29T15:00:00Z,2024-10-29T16:00:00Z,192.07
Netherlands,NLD,2024-10-29T16:00:00Z,2024-10-29T17:00:00Z,261.07
Netherlands,NLD,2024-10-29T17:00:00Z,2024-10-29T18:00:00Z,247
Netherlands,NLD,2024-10-29T18:00:00Z,2024-10-29T19:00:00Z,196.85
Netherlands,NLD,2024-10-29T19:00:00Z,2024-10-29T20:00:00Z,136.39
Netherlands,NLD,2024-10-29T20:00:00Z,2024-10-29T21:00:00Z,119.9
Netherlands,NLD,2024-10-29T21:00:00Z,2024-10-29T22:00:00Z,113.74
Netherlands,NLD,2024-10-29T22:00:00Z,2024-10-29T23:00:00Z,98.72
Netherlands,NLD,2024-10-29T23:00:00Z,2024-10-30T00:00:00Z,97
Netherlands,NLD,2024-10-30T00:00:00Z,2024-10-30T01:00:00Z,95.3
Netherlands,NLD,2024-10-30T01:00:00Z,2024-10-30T02:00:00Z,93.06
Netherlands,NLD,2024-10-30T02:00:00Z,2024-10-30T03:00:00Z,91.32
Netherlands,NLD,2024-10-30T03:00:00Z,2024-10-30T04:00:00Z,92.76
Netherlands,NLD,2024-10-30T04:00:00Z,2024-10-30T05:00:00Z,99.87
Netherlands,NLD,2024-10-30T05:00:00Z,2024-10-30T06:00:00Z,117
Netherlands,NLD,2024-10-30T06:00:00Z,2024-10-30T07:00:00Z,129.33
Netherlands,NLD,2024-10-30T07:00:00Z,2024-10-30T08:00:00Z,132.05
Netherlands,NLD,2024-10-30T08:00:00Z,2024-10-30T09:00:00Z,119.9
Netherlands,NLD,2024-10-30T09:00:00Z,2024-10-30T10:00:00Z,108.93
Netherlands,NLD,2024-10-30T10:00:00Z,2024-10-30T11:00:00Z,104.23
Netherlands,NLD,2024-10-30T11:00:00Z,2024-10-30T12:00:00Z,98.34
Netherlands,NLD,2024-10-30T12:00:00Z,2024-10-30T13:00:00Z,102.15
Netherlands,NLD,2024-10-30T13:00:00Z,2024-10-30T14:00:00Z,105.78
Netherlands,NLD,2024-10-30T14:00:00Z,2024-10-30T15:00:00Z,118.81
Netherlands,NLD,2024-10-30T15:00:00Z,2024-10-30T16:00:00Z,149.79
Netherlands,NLD,2024-10-30T16:00:00Z,2024-10-30T17:00:00Z,181
Netherlands,NLD,2024-10-30T17:00:00Z,2024-10-30T18:00:00Z,185.51
Netherlands,NLD,2024-10-30T18:00:00Z,2024-10-30T19:00:00Z,157.02
Netherlands,NLD,2024-10-30T19:00:00Z,2024-10-30T20:00:00Z,129.76
Netherlands,NLD,2024-10-30T20:00:00Z,2024-10-30T21:00:00Z,115.76
Netherlands,NLD,2024-10-30T21:00:00Z,2024-10-30T22:00:00Z,111.16
Netherlands,NLD,2024-10-30T22:00:00Z,2024-10-30T23:00:00Z,108.92
Netherlands,NLD,2024-10-30T23:00:00Z,2024-10-31T00:00:00Z,101.68
Netherlands,NLD,2024-10-31T00:00:00Z,2024-10-31T01:00:00Z,95.71
Netherlands,NLD,2024-10-31T01:00:00Z,2024-10-31T02:00:00Z,93.75
Netherlands,NLD,2024-10-31T02:00:00Z,2024-10-31T03:00:00Z,91.87
Netherlands,NLD,2024-10-31T03:00:00Z,2024-10-31T04:00:00Z,94.45
Netherlands,NLD,2024-10-31T04:00:00Z,2024-10-31T05:00:00Z,99.22
Netherlands,NLD,2024-10-31T05:00:00Z,2024-10-31T06:00:00Z,116.68
Netherlands,NLD,2024-10-31T06:00:00Z,2024-10-31T07:00:00Z,132.09
Netherlands,NLD,2024-10-31T07:00:00Z,2024-10-31T08:00:00Z,131.76
Netherlands,NLD,2024-10-31T08:00:00Z,2024-10-31T09:00:00Z,120.76
Netherlands,NLD,2024-10-31T09:00:00Z,2024-10-31T10:00:00Z,103.48
Netherlands,NLD,2024-10-31T10:00:00Z,2024-10-31T11:00:00Z,96.33
Netherlands,NLD,2024-10-31T11:00:00Z,2024-10-31T12:00:00Z,88.91
Netherlands,NLD,2024-10-31T12:00:00Z,2024-10-31T13:00:00Z,91.55
Netherlands,NLD,2024-10-31T13:00:00Z,2024-10-31T14:00:00Z,97.48
Netherlands,NLD,2024-10-31T14:00:00Z,2024-10-31T15:00:00Z,109.28
Netherlands,NLD,2024-10-31T15:00:00Z,2024-10-31T16:00:00Z,121.89
Netherlands,NLD,2024-10-31T16:00:00Z,2024-10-31T17:00:00Z,129.29
Netherlands,NLD,2024-10-31T17:00:00Z,2024-10-31T18:00:00Z,138.7
Netherlands,NLD,2024-10-31T18:00:00Z,2024-10-31T19:00:00Z,131.1
Netherlands,NLD,2024-10-31T19:00:00Z,2024-10-31T20:00:00Z,110
Netherlands,NLD,2024-10-31T20:00:00Z,2024-10-31T21:00:00Z,107
Netherlands,NLD,2024-10-31T21:00:00Z,2024-10-31T22:00:00Z,107.4
Netherlands,NLD,2024-10-31T22:00:00Z,2024-10-31T23:00:00Z,101.72
Netherlands,NLD,2024-10-31T23:00:00Z,2024-11-01T00:00:00Z,127
Netherlands,NLD,2024-11-01T00:00:00Z,2024-11-01T01:00:00Z,116
Netherlands,NLD,2024-11-01T01:00:00Z,2024-11-01T02:00:00Z,99.93
Netherlands,NLD,2024-11-01T02:00:00Z,2024-11-01T03:00:00Z,87.53
Netherlands,NLD,2024-11-01T03:00:00Z,2024-11-01T04:00:00Z,75.94
Netherlands,NLD,2024-11-01T04:00:00Z,2024-11-01T05:00:00Z,82.03
Netherlands,NLD,2024-11-01T05:00:00Z,2024-11-01T06:00:00Z,89.4
Netherlands,NLD,2024-11-01T06:00:00Z,2024-11-01T07:00:00Z,103
Netherlands,NLD,2024-11-01T07:00:00Z,2024-11-01T08:00:00Z,109.1
Netherlands,NLD,2024-11-01T08:00:00Z,2024-11-01T09:00:00Z,115
Netherlands,NLD,2024-11-01T09:00:00Z,2024-11-01T10:00:00Z,104
Netherlands,NLD,2024-11-01T10:00:00Z,2024-11-01T11:00:00Z,100
Netherlands,NLD,2024-11-01T11:00:00Z,2024-11-01T12:00:00Z,91
Netherlands,NLD,2024-11-01T12:00:00Z,2024-11-01T13:00:00Z,100
Netherlands,NLD,2024-11-01T13:00:00Z,2024-11-01T14:00:00Z,110
Netherlands,NLD,2024-11-01T14:00:00Z,2024-11-01T15:00:00Z,119.18
Netherlands,NLD,2024-11-01T15:00:00Z,2024-11-01T16:00:00Z,128.75
Netherlands,NLD,2024-11-01T16:00:00Z,2024-11-01T17:00:00Z,131.4
Netherlands,NLD,2024-11-01T17:00:00Z,2024-11-01T18:00:00Z,135.49
Netherlands,NLD,2024-11-01T18:00:00Z,2024-11-01T19:00:00Z,118.9
Netherlands,NLD,2024-11-01T19:00:00Z,2024-11-01T20:00:00Z,113.68
Netherlands,NLD,2024-11-01T20:00:00Z,2024-11-01T21:00:00Z,105
Netherlands,NLD,2024-11-01T21:00:00Z,2024-11-01T22:00:00Z,102.41
Netherlands,NLD,2024-11-01T22:00:00Z,2024-11-01T23:00:00Z,109.9
Netherlands,NLD,2024-11-01T23:00:00Z,2024-11-02T00:00:00Z,95.85
Netherlands,NLD,2024-11-02T00:00:00Z,2024-11-02T01:00:00Z,91.36
Netherlands,NLD,2024-11-02T01:00:00Z,2024-11-02T02:00:00Z,88.77
Netherlands,NLD,2024-11-02T02:00:00Z,2024-11-02T03:00:00Z,86
Netherlands,NLD,2024-11-02T03:00:00Z,2024-11-02T04:00:00Z,86.85
Netherlands,NLD,2024-11-02T04:00:00Z,2024-11-02T05:00:00Z,90.76
Netherlands,NLD,2024-11-02T05:00:00Z,2024-11-02T06:00:00Z,96.5
Netherlands,NLD,2024-11-02T06:00:00Z,2024-11-02T07:00:00Z,100.11
Netherlands,NLD,2024-11-02T07:00:00Z,2024-11-02T08:00:00Z,101.16
Netherlands,NLD,2024-11-02T08:00:00Z,2024-11-02T09:00:00Z,108.2
Netherlands,NLD,2024-11-02T09:00:00Z,2024-11-02T10:00:00Z,90.78
Netherlands,NLD,2024-11-02T10:00:00Z,2024-11-02T11:00:00Z,90.74
Netherlands,NLD,2024-11-02T11:00:00Z,2024-11-02T12:00:00Z,87.01
Netherlands,NLD,2024-11-02T12:00:00Z,2024-11-02T13:00:00Z,88.97
Netherlands,NLD,2024-11-02T13:00:00Z,2024-11-02T14:00:00Z,100.97
Netherlands,NLD,2024-11-02T14:00:00Z,2024-11-02T15:00:00Z,116.88
Netherlands,NLD,2024-11-02T15:00:00Z,2024-11-02T16:00:00Z,131.2
Netherlands,NLD,2024-11-02T16:00:00Z,2024-11-02T17:00:00Z,153.18
Netherlands,NLD,2024-11-02T17:00:00Z,2024-11-02T18:00:00Z,144.32
Netherlands,NLD,2024-11-02T18:00:00Z,2024-11-02T19:00:00Z,132.79
Netherlands,NLD,2024-11-02T19:00:00Z,2024-11-02T20:00:00Z,119.58
Netherlands,NLD,2024-11-02T20:00:00Z,2024-11-02T21:00:00Z,110.97
Netherlands,NLD,2024-11-02T21:00:00Z,2024-11-02T22:00:00Z,106.28
Netherlands,NLD,2024-11-02T22:00:00Z,2024-11-02T23:00:00Z,100.61
Netherlands,NLD,2024-11-02T23:00:00Z,2024-11-03T00:00:00Z,101.19
Netherlands,NLD,2024-11-03T00:00:00Z,2024-11-03T01:00:00Z,96.29
Netherlands,NLD,2024-11-03T01:00:00Z,2024-11-03T02:00:00Z,88.58
Netherlands,NLD,2024-11-03T02:00:00Z,2024-11-03T03:00:00Z,85.08
Netherlands,NLD,2024-11-03T03:00:00Z,2024-11-03T04:00:00Z,86
Netherlands,NLD,2024-11-03T04:00:00Z,2024-11-03T05:00:00Z,86.91
Netherlands,NLD,2024-11-03T05:00:00Z,2024-11-03T06:00:00Z,94.9
Netherlands,NLD,2024-11-03T06:00:00Z,2024-11-03T07:00:00Z,96.86
Netherlands,NLD,2024-11-03T07:00:00Z,2024-11-03T08:00:00Z,87.25
Netherlands,NLD,2024-11-03T08:00:00Z,2024-11-03T09:00:00Z,93.02
Netherlands,NLD,2024-11-03T09:00:00Z,2024-11-03T10:00:00Z,68.43
Netherlands,NLD,2024-11-03T10:00:00Z,2024-11-03T11:00:00Z,59.29
Netherlands,NLD,2024-11-03T11:00:00Z,2024-11-03T12:00:00Z,52.63
Netherlands,NLD,2024-11-03T12:00:00Z,2024-11-03T13:00:00Z,58.54
Netherlands,NLD,2024-11-03T13:00:00Z,2024-11-03T14:00:00Z,80.92
Netherlands,NLD,2024-11-03T14:00:00Z,2024-11-03T15:00:00Z,93.52
Netherlands,NLD,2024-11-03T15:00:00Z,2024-11-03T16:00:00Z,111
Netherlands,NLD,2024-11-03T16:00:00Z,2024-11-03T17:00:00Z,124.28
Netherlands,NLD,2024-11-03T17:00:00Z,2024-11-03T18:00:00Z,125.15
Netherlands,NLD,2024-11-03T18:00:00Z,2024-11-03T19:00:00Z,119.9
Netherlands,NLD,2024-11-03T19:00:00Z,2024-11-03T20:00:00Z,110.84
Netherlands,NLD,2024-11-03T20:00:00Z,2024-11-03T21:00:00Z,102.13
Netherlands,NLD,2024-11-03T21:00:00Z,2024-11-03T22:00:00Z,100.68
Netherlands,NLD,2024-11-03T22:00:00Z,2024-11-03T23:00:00Z,94.71
Netherlands,NLD,2024-11-03T23:00:00Z,2024-11-04T00:00:00Z,92.04
Netherlands,NLD,2024-11-04T00:00:00Z,2024-11-04T01:00:00Z,89.96
Netherlands,NLD,2024-11-04T01:00:00Z,2024-11-04T02:00:00Z,90.07
Netherlands,NLD,2024-11-04T02:00:00Z,2024-11-04T03:00:00Z,89.18
Netherlands,NLD,2024-11-04T03:00:00Z,2024-11-04T04:00:00Z,90.19
Netherlands,NLD,2024-11-04T04:00:00Z,2024-11-04T05:00:00Z,97.48
Netherlands,NLD,2024-11-04T05:00:00Z,2024-11-04T06:00:00Z,122.24
Netherlands,NLD,2024-11-04T06:00:00Z,2024-11-04T07:00:00Z,140
Netherlands,NLD,2024-11-04T07:00:00Z,2024-11-04T08:00:00Z,137.13
Netherlands,NLD,2024-11-04T08:00:00Z,2024-11-04T09:00:00Z,120.13
Netherlands,NLD,2024-11-04T09:00:00Z,2024-11-04T10:00:00Z,99.56
Netherlands,NLD,2024-11-04T10:00:00Z,2024-11-04T11:00:00Z,84.2
Netherlands,NLD,2024-11-04T11:00:00Z,2024-11-04T12:00:00Z,83.1
Netherlands,NLD,2024-11-04T12:00:00Z,2024-11-04T13:00:00Z,84.2
Netherlands,NLD,2024-11-04T13:00:00Z,2024-11-04T14:00:00Z,94.92
Netherlands,NLD,2024-11-04T14:00:00Z,2024-11-04T15:00:00Z,125.63
Netherlands,NLD,2024-11-04T15:00:00Z,2024-11-04T16:00:00Z,174
Netherlands,NLD,2024-11-04T16:00:00Z,2024-11-04T17:00:00Z,269.76
Netherlands,NLD,2024-11-04T17:00:00Z,2024-11-04T18:00:00Z,231.51
Netherlands,NLD,2024-11-04T18:00:00Z,2024-11-04T19:00:00Z,161.23
Netherlands,NLD,2024-11-04T19:00:00Z,2024-11-04T20:00:00Z,123
Netherlands,NLD,2024-11-04T20:00:00Z,2024-11-04T21:00:00Z,110.1
Netherlands,NLD,2024-11-04T21:00:00Z,2024-11-04T22:00:00Z,105
Netherlands,NLD,2024-11-04T22:00:00Z,2024-11-04T23:00:00Z,92.72
Netherlands,NLD,2024-11-04T23:00:00Z,2024-11-05T00:00:00Z,83.63
Netherlands,NLD,2024-11-05T00:00:00Z,2024-11-05T01:00:00Z,94
Netherlands,NLD,2024-11-05T01:00:00Z,2024-11-05T02:00:00Z,90.68
Netherlands,NLD,2024-11-05T02:00:00Z,2024-11-05T03:00:00Z,91.3
Netherlands,NLD,2024-11-05T03:00:00Z,2024-11-05T04:00:00Z,94
Netherlands,NLD,2024-11-05T04:00:00Z,2024-11-05T05:00:00Z,96.09
Netherlands,NLD,2024-11-05T05:00:00Z,2024-11-05T06:00:00Z,106
Netherlands,NLD,2024-11-05T06:00:00Z,2024-11-05T07:00:00Z,135.99
Netherlands,NLD,2024-11-05T07:00:00Z,2024-11-05T08:00:00Z,136.21
Netherlands,NLD,2024-11-05T08:00:00Z,2024-11-05T09:00:00Z,118.23
Netherlands,NLD,2024-11-05T09:00:00Z,2024-11-05T10:00:00Z,105.87
Netherlands,NLD,2024-11-05T10:00:00Z,2024-11-05T11:00:00Z,95.28
Netherlands,NLD,2024-11-05T11:00:00Z,2024-11-05T12:00:00Z,94.92
Netherlands,NLD,2024-11-05T12:00:00Z,2024-11-05T13:00:00Z,99.25
Netherlands,NLD,2024-11-05T13:00:00Z,2024-11-05T14:00:00Z,107.98
Netherlands,NLD,2024-11-05T14:00:00Z,2024-11-05T15:00:00Z,149.86
Netherlands,NLD,2024-11-05T15:00:00Z,2024-11-05T16:00:00Z,303.24
Netherlands,NLD,2024-11-05T16:00:00Z,2024-11-05T17:00:00Z,472.99
Netherlands,NLD,2024-11-05T17:00:00Z,2024-11-05T18:00:00Z,431.02
Netherlands,NLD,2024-11-05T18:00:00Z,2024-11-05T19:00:00Z,320.33
Netherlands,NLD,2024-11-05T19:00:00Z,2024-11-05T20:00:00Z,169.7
Netherlands,NLD,2024-11-05T20:00:00Z,2024-11-05T21:00:00Z,129.9
Netherlands,NLD,2024-11-05T21:00:00Z,2024-11-05T22:00:00Z,117.77
Netherlands,NLD,2024-11-05T22:00:00Z,2024-11-05T23:00:00Z,110.03
Netherlands,NLD,2024-11-05T23:00:00Z,2024-11-06T00:00:00Z,100.5
Netherlands,NLD,2024-11-06T00:00:00Z,2024-11-06T01:00:00Z,99.05
Netherlands,NLD,2024-11-06T01:00:00Z,2024-11-06T02:00:00Z,95.4
Netherlands,NLD,2024-11-06T02:00:00Z,2024-11-06T03:00:00Z,95.83
Netherlands,NLD,2024-11-06T03:00:00Z,2024-11-06T04:00:00Z,98.83
Netherlands,NLD,2024-11-06T04:00:00Z,2024-11-06T05:00:00Z,92.91
Netherlands,NLD,2024-11-06T05:00:00Z,2024-11-06T06:00:00Z,121
Netherlands,NLD,2024-11-06T06:00:00Z,2024-11-06T07:00:00Z,215.78
Netherlands,NLD,2024-11-06T07:00:00Z,2024-11-06T08:00:00Z,194
Netherlands,NLD,2024-11-06T08:00:00Z,2024-11-06T09:00:00Z,141.97
Netherlands,NLD,2024-11-06T09:00:00Z,2024-11-06T10:00:00Z,130.92
Netherlands,NLD,2024-11-06T10:00:00Z,2024-11-06T11:00:00Z,122.12
Netherlands,NLD,2024-11-06T11:00:00Z,2024-11-06T12:00:00Z,121.47
Netherlands,NLD,2024-11-06T12:00:00Z,2024-11-06T13:00:00Z,124.11
Netherlands,NLD,2024-11-06T13:00:00Z,2024-11-06T14:00:00Z,136.88
Netherlands,NLD,2024-11-06T14:00:00Z,2024-11-06T15:00:00Z,190.7
Netherlands,NLD,2024-11-06T15:00:00Z,2024-11-06T16:00:00Z,315.69
Netherlands,NLD,2024-11-06T16:00:00Z,2024-11-06T17:00:00Z,550
Netherlands,NLD,2024-11-06T17:00:00Z,2024-11-06T18:00:00Z,545.85
Netherlands,NLD,2024-11-06T18:00:00Z,2024-11-06T19:00:00Z,333.5
Netherlands,NLD,2024-11-06T19:00:00Z,2024-11-06T20:00:00Z,175.62
Netherlands,NLD,2024-11-06T20:00:00Z,2024-11-06T21:00:00Z,128.97
Netherlands,NLD,2024-11-06T21:00:00Z,2024-11-06T22:00:00Z,113
Netherlands,NLD,2024-11-06T22:00:00Z,2024-11-06T23:00:00Z,108.7
Netherlands,NLD,2024-11-06T23:00:00Z,2024-11-07T00:00:00Z,108.14
Netherlands,NLD,2024-11-07T00:00:00Z,2024-11-07T01:00:00Z,101.11
Netherlands,NLD,2024-11-07T01:00:00Z,2024-11-07T02:00:00Z,98.44
Netherlands,NLD,2024-11-07T02:00:00Z,2024-11-07T03:00:00Z,97.24
Netherlands,NLD,2024-11-07T03:00:00Z,2024-11-07T04:00:00Z,98.46
Netherlands,NLD,2024-11-07T04:00:00Z,2024-11-07T05:00:00Z,93.6
Netherlands,NLD,2024-11-07T05:00:00Z,2024-11-07T06:00:00Z,99.5
Netherlands,NLD,2024-11-07T06:00:00Z,2024-11-07T07:00:00Z,170.94
Netherlands,NLD,2024-11-07T07:00:00Z,2024-11-07T08:00:00Z,161.71
Netherlands,NLD,2024-11-07T08:00:00Z,2024-11-07T09:00:00Z,147.65
Netherlands,NLD,2024-11-07T09:00:00Z,2024-11-07T10:00:00Z,141.32
Netherlands,NLD,2024-11-07T10:00:00Z,2024-11-07T11:00:00Z,127.93
Netherlands,NLD,2024-11-07T11:00:00Z,2024-11-07T12:00:00Z,122.08
Netherlands,NLD,2024-11-07T12:00:00Z,2024-11-07T13:00:00Z,127.22
Netherlands,NLD,2024-11-07T13:00:00Z,2024-11-07T14:00:00Z,128
Netherlands,NLD,2024-11-07T14:00:00Z,2024-11-07T15:00:00Z,178.89
Netherlands,NLD,2024-11-07T15:00:00Z,2024-11-07T16:00:00Z,242.92
Netherlands,NLD,2024-11-07T16:00:00Z,2024-11-07T17:00:00Z,371.14
Netherlands,NLD,2024-11-07T17:00:00Z,2024-11-07T18:00:00Z,277.74
Netherlands,NLD,2024-11-07T18:00:00Z,2024-11-07T19:00:00Z,171.19
Netherlands,NLD,2024-11-07T19:00:00Z,2024-11-07T20:00:00Z,130.07
Netherlands,NLD,2024-11-07T20:00:00Z,2024-11-07T21:00:00Z,113.92
Netherlands,NLD,2024-11-07T21:00:00Z,2024-11-07T22:00:00Z,111.67
Netherlands,NLD,2024-11-07T22:00:00Z,2024-11-07T23:00:00Z,99.87
Netherlands,NLD,2024-11-07T23:00:00Z,2024-11-08T00:00:00Z,98.94
Netherlands,NLD,2024-11-08T00:00:00Z,2024-11-08T01:00:00Z,99.08
Netherlands,NLD,2024-11-08T01:00:00Z,2024-11-08T02:00:00Z,96.62
Netherlands,NLD,2024-11-08T02:00:00Z,2024-11-08T03:00:00Z,95.6
Netherlands,NLD,2024-11-08T03:00:00Z,2024-11-08T04:00:00Z,96.13
Netherlands,NLD,2024-11-08T04:00:00Z,2024-11-08T05:00:00Z,97.63
Netherlands,NLD,2024-11-08T05:00:00Z,2024-11-08T06:00:00Z,103.4
Netherlands,NLD,2024-11-08T06:00:00Z,2024-11-08T07:00:00Z,125.98
Netherlands,NLD,2024-11-08T07:00:00Z,2024-11-08T08:00:00Z,132.69
Netherlands,NLD,2024-11-08T08:00:00Z,2024-11-08T09:00:00Z,126.19
Netherlands,NLD,2024-11-08T09:00:00Z,2024-11-08T10:00:00Z,117.34
Netherlands,NLD,2024-11-08T10:00:00Z,2024-11-08T11:00:00Z,110.94
Netherlands,NLD,2024-11-08T11:00:00Z,2024-11-08T12:00:00Z,105.59
Netherlands,NLD,2024-11-08T12:00:00Z,2024-11-08T13:00:00Z,106.81
Netherlands,NLD,2024-11-08T13:00:00Z,2024-11-08T14:00:00Z,112.18
Netherlands,NLD,2024-11-08T14:00:00Z,2024-11-08T15:00:00Z,123.59
Netherlands,NLD,2024-11-08T15:00:00Z,2024-11-08T16:00:00Z,129.11
Netherlands,NLD,2024-11-08T16:00:00Z,2024-11-08T17:00:00Z,129.08
Netherlands,NLD,2024-11-08T17:00:00Z,2024-11-08T18:00:00Z,133.09
Netherlands,NLD,2024-11-08T18:00:00Z,2024-11-08T19:00:00Z,127.39
Netherlands,NLD,2024-11-08T19:00:00Z,2024-11-08T20:00:00Z,115.89
Netherlands,NLD,2024-11-08T20:00:00Z,2024-11-08T21:00:00Z,109.61
Netherlands,NLD,2024-11-08T21:00:00Z,2024-11-08T22:00:00Z,113
Netherlands,NLD,2024-11-08T22:00:00Z,2024-11-08T23:00:00Z,104.06
Netherlands,NLD,2024-11-08T23:00:00Z,2024-11-09T00:00:00Z,105.1
Netherlands,NLD,2024-11-09T00:00:00Z,2024-11-09T01:00:00Z,99.96
Netherlands,NLD,2024-11-09T01:00:00Z,2024-11-09T02:00:00Z,98
Netherlands,NLD,2024-11-09T02:00:00Z,2024-11-09T03:00:00Z,96.68
Netherlands,NLD,2024-11-09T03:00:00Z,2024-11-09T04:00:00Z,98.41
Netherlands,NLD,2024-11-09T04:00:00Z,2024-11-09T05:00:00Z,100.6
Netherlands,NLD,2024-11-09T05:00:00Z,2024-11-09T06:00:00Z,104.31
Netherlands,NLD,2024-11-09T06:00:00Z,2024-11-09T07:00:00Z,109.87
Netherlands,NLD,2024-11-09T07:00:00Z,2024-11-09T08:00:00Z,114.1
Netherlands,NLD,2024-11-09T08:00:00Z,2024-11-09T09:00:00Z,114.6
Netherlands,NLD,2024-11-09T09:00:00Z,2024-11-09T10:00:00Z,109.97
Netherlands,NLD,2024-11-09T10:00:00Z,2024-11-09T11:00:00Z,106.4
Netherlands,NLD,2024-11-09T11:00:00Z,2024-11-09T12:00:00Z,106.88
Netherlands,NLD,2024-11-09T12:00:00Z,2024-11-09T13:00:00Z,108
Netherlands,NLD,2024-11-09T13:00:00Z,2024-11-09T14:00:00Z,110.18
Netherlands,NLD,2024-11-09T14:00:00Z,2024-11-09T15:00:00Z,119.92
Netherlands,NLD,2024-11-09T15:00:00Z,2024-11-09T16:00:00Z,133.3
Netherlands,NLD,2024-11-09T16:00:00Z,2024-11-09T17:00:00Z,144.8
Netherlands,NLD,2024-11-09T17:00:00Z,2024-11-09T18:00:00Z,145.96
Netherlands,NLD,2024-11-09T18:00:00Z,2024-11-09T19:00:00Z,139.27
Netherlands,NLD,2024-11-09T19:00:00Z,2024-11-09T20:00:00Z,128.32
Netherlands,NLD,2024-11-09T20:00:00Z,2024-11-09T21:00:00Z,117.96
Netherlands,NLD,2024-11-09T21:00:00Z,2024-11-09T22:00:00Z,114.53
Netherlands,NLD,2024-11-09T22:00:00Z,2024-11-09T23:00:00Z,110.1
Netherlands,NLD,2024-11-09T23:00:00Z,2024-11-10T00:00:00Z,104.99
Netherlands,NLD,2024-11-10T00:00:00Z,2024-11-10T01:00:00Z,102.28
Netherlands,NLD,2024-11-10T01:00:00Z,2024-11-10T02:00:00Z,101.29
Netherlands,NLD,2024-11-10T02:00:00Z,2024-11-10T03:00:00Z,99.44
Netherlands,NLD,2024-11-10T03:00:00Z,2024-11-10T04:00:00Z,99.19
Netherlands,NLD,2024-11-10T04:00:00Z,2024-11-10T05:00:00Z,99.89
Netherlands,NLD,2024-11-10T05:00:00Z,2024-11-10T06:00:00Z,99.55
Netherlands,NLD,2024-11-10T06:00:00Z,2024-11-10T07:00:00Z,102.45
Netherlands,NLD,2024-11-10T07:00:00Z,2024-11-10T08:00:00Z,104.28
Netherlands,NLD,2024-11-10T08:00:00Z,2024-11-10T09:00:00Z,110.91
Netherlands,NLD,2024-11-10T09:00:00Z,2024-11-10T10:00:00Z,112.17
Netherlands,NLD,2024-11-10T10:00:00Z,2024-11-10T11:00:00Z,110.13
Netherlands,NLD,2024-11-10T11:00:00Z,2024-11-10T12:00:00Z,110.92
Netherlands,NLD,2024-11-10T12:00:00Z,2024-11-10T13:00:00Z,108.23
Netherlands,NLD,2024-11-10T13:00:00Z,2024-11-10T14:00:00Z,110.93
Netherlands,NLD,2024-11-10T14:00:00Z,2024-11-10T15:00:00Z,121.39
Netherlands,NLD,2024-11-10T15:00:00Z,2024-11-10T16:00:00Z,130.77
Netherlands,NLD,2024-11-10T16:00:00Z,2024-11-10T17:00:00Z,145.52
Netherlands,NLD,2024-11-10T17:00:00Z,2024-11-10T18:00:00Z,144.2
Netherlands,NLD,2024-11-10T18:00:00Z,2024-11-10T19:00:00Z,137.57
Netherlands,NLD,2024-11-10T19:00:00Z,2024-11-10T20:00:00Z,125.31
Netherlands,NLD,2024-11-10T20:00:00Z,2024-11-10T21:00:00Z,115.28
Netherlands,NLD,2024-11-10T21:00:00Z,2024-11-10T22:00:00Z,111.1
Netherlands,NLD,2024-11-10T22:00:00Z,2024-11-10T23:00:00Z,108.02
Netherlands,NLD,2024-11-10T23:00:00Z,2024-11-11T00:00:00Z,109.55
Netherlands,NLD,2024-11-11T00:00:00Z,2024-11-11T01:00:00Z,103.38
Netherlands,NLD,2024-11-11T01:00:00Z,2024-11-11T02:00:00Z,99.91
Netherlands,NLD,2024-11-11T02:00:00Z,2024-11-11T03:00:00Z,96
Netherlands,NLD,2024-11-11T03:00:00Z,2024-11-11T04:00:00Z,95.01
Netherlands,NLD,2024-11-11T04:00:00Z,2024-11-11T05:00:00Z,82
Netherlands,NLD,2024-11-11T05:00:00Z,2024-11-11T06:00:00Z,91.7
Netherlands,NLD,2024-11-11T06:00:00Z,2024-11-11T07:00:00Z,118.91
Netherlands,NLD,2024-11-11T07:00:00Z,2024-11-11T08:00:00Z,130.55
Netherlands,NLD,2024-11-11T08:00:00Z,2024-11-11T09:00:00Z,119.9
Netherlands,NLD,2024-11-11T09:00:00Z,2024-11-11T10:00:00Z,108.28
Netherlands,NLD,2024-11-11T10:00:00Z,2024-11-11T11:00:00Z,64.25
Netherlands,NLD,2024-11-11T11:00:00Z,2024-11-11T12:00:00Z,87.97
Netherlands,NLD,2024-11-11T12:00:00Z,2024-11-11T13:00:00Z,101
Netherlands,NLD,2024-11-11T13:00:00Z,2024-11-11T14:00:00Z,109
Netherlands,NLD,2024-11-11T14:00:00Z,2024-11-11T15:00:00Z,102.6
Netherlands,NLD,2024-11-11T15:00:00Z,2024-11-11T16:00:00Z,116.2
Netherlands,NLD,2024-11-11T16:00:00Z,2024-11-11T17:00:00Z,145.77
Netherlands,NLD,2024-11-11T17:00:00Z,2024-11-11T18:00:00Z,144.1
Netherlands,NLD,2024-11-11T18:00:00Z,2024-11-11T19:00:00Z,131.69
Netherlands,NLD,2024-11-11T19:00:00Z,2024-11-11T20:00:00Z,120
Netherlands,NLD,2024-11-11T20:00:00Z,2024-11-11T21:00:00Z,110.2
Netherlands,NLD,2024-11-11T21:00:00Z,2024-11-11T22:00:00Z,107.86
Netherlands,NLD,2024-11-11T22:00:00Z,2024-11-11T23:00:00Z,104.33
Netherlands,NLD,2024-11-11T23:00:00Z,2024-11-12T00:00:00Z,101.2
Netherlands,NLD,2024-11-12T00:00:00Z,2024-11-12T01:00:00Z,102
Netherlands,NLD,2024-11-12T01:00:00Z,2024-11-12T02:00:00Z,95.2
Netherlands,NLD,2024-11-12T02:00:00Z,2024-11-12T03:00:00Z,93.75
Netherlands,NLD,2024-11-12T03:00:00Z,2024-11-12T04:00:00Z,93.16
Netherlands,NLD,2024-11-12T04:00:00Z,2024-11-12T05:00:00Z,103.11
Netherlands,NLD,2024-11-12T05:00:00Z,2024-11-12T06:00:00Z,89.2
Netherlands,NLD,2024-11-12T06:00:00Z,2024-11-12T07:00:00Z,111.5
Netherlands,NLD,2024-11-12T07:00:00Z,2024-11-12T08:00:00Z,180
Netherlands,NLD,2024-11-12T08:00:00Z,2024-11-12T09:00:00Z,133.2
Netherlands,NLD,2024-11-12T09:00:00Z,2024-11-12T10:00:00Z,158.99
Netherlands,NLD,2024-11-12T10:00:00Z,2024-11-12T11:00:00Z,125.52
Netherlands,NLD,2024-11-12T11:00:00Z,2024-11-12T12:00:00Z,124.91
Netherlands,NLD,2024-11-12T12:00:00Z,2024-11-12T13:00:00Z,147.31
Netherlands,NLD,2024-11-12T13:00:00Z,2024-11-12T14:00:00Z,160.72
Netherlands,NLD,2024-11-12T14:00:00Z,2024-11-12T15:00:00Z,200
Netherlands,NLD,2024-11-12T15:00:00Z,2024-11-12T16:00:00Z,245.74
Netherlands,NLD,2024-11-12T16:00:00Z,2024-11-12T17:00:00Z,292.33
Netherlands,NLD,2024-11-12T17:00:00Z,2024-11-12T18:00:00Z,216
Netherlands,NLD,2024-11-12T18:00:00Z,2024-11-12T19:00:00Z,168.34
Netherlands,NLD,2024-11-12T19:00:00Z,2024-11-12T20:00:00Z,146.67
Netherlands,NLD,2024-11-12T20:00:00Z,2024-11-12T21:00:00Z,130.51
Netherlands,NLD,2024-11-12T21:00:00Z,2024-11-12T22:00:00Z,124.44
Netherlands,NLD,2024-11-12T22:00:00Z,2024-11-12T23:00:00Z,115.33
Netherlands,NLD,2024-11-12T23:00:00Z,2024-11-13T00:00:00Z,114.7
Netherlands,NLD,2024-11-13T00:00:00Z,2024-11-13T01:00:00Z,109.95
Netherlands,NLD,2024-11-13T01:00:00Z,2024-11-13T02:00:00Z,106.56
Netherlands,NLD,2024-11-13T02:00:00Z,2024-11-13T03:00:00Z,105.66
Netherlands,NLD,2024-11-13T03:00:00Z,2024-11-13T04:00:00Z,107.87
Netherlands,NLD,2024-11-13T04:00:00Z,2024-11-13T05:00:00Z,114.3
Netherlands,NLD,2024-11-13T05:00:00Z,2024-11-13T06:00:00Z,130.31
Netherlands,NLD,2024-11-13T06:00:00Z,2024-11-13T07:00:00Z,160.77
Netherlands,NLD,2024-11-13T07:00:00Z,2024-11-13T08:00:00Z,212.71
Netherlands,NLD,2024-11-13T08:00:00Z,2024-11-13T09:00:00Z,213.91
Netherlands,NLD,2024-11-13T09:00:00Z,2024-11-13T10:00:00Z,189.78
Netherlands,NLD,2024-11-13T10:00:00Z,2024-11-13T11:00:00Z,169.79
Netherlands,NLD,2024-11-13T11:00:00Z,2024-11-13T12:00:00Z,155.7
Netherlands,NLD,2024-11-13T12:00:00Z,2024-11-13T13:00:00Z,153.7
Netherlands,NLD,2024-11-13T13:00:00Z,2024-11-13T14:00:00Z,153.42
Netherlands,NLD,2024-11-13T14:00:00Z,2024-11-13T15:00:00Z,162.07
Netherlands,NLD,2024-11-13T15:00:00Z,2024-11-13T16:00:00Z,169.59
Netherlands,NLD,2024-11-13T16:00:00Z,2024-11-13T17:00:00Z,177.52
Netherlands,NLD,2024-11-13T17:00:00Z,2024-11-13T18:00:00Z,175
Netherlands,NLD,2024-11-13T18:00:00Z,2024-11-13T19:00:00Z,162.82
Netherlands,NLD,2024-11-13T19:00:00Z,2024-11-13T20:00:00Z,128.5
Netherlands,NLD,2024-11-13T20:00:00Z,2024-11-13T21:00:00Z,116.27
Netherlands,NLD,2024-11-13T21:00:00Z,2024-11-13T22:00:00Z,114.23
Netherlands,NLD,2024-11-13T22:00:00Z,2024-11-13T23:00:00Z,106.81
Netherlands,NLD,2024-11-13T23:00:00Z,2024-11-14T00:00:00Z,101.7
Netherlands,NLD,2024-11-14T00:00:00Z,2024-11-14T01:00:00Z,100
Netherlands,NLD,2024-11-14T01:00:00Z,2024-11-14T02:00:00Z,96.14
Netherlands,NLD,2024-11-14T02:00:00Z,2024-11-14T03:00:00Z,92.37
Netherlands,NLD,2024-11-14T03:00:00Z,2024-11-14T04:00:00Z,91.63
Netherlands,NLD,2024-11-14T04:00:00Z,2024-11-14T05:00:00Z,92.93
Netherlands,NLD,2024-11-14T05:00:00Z,2024-11-14T06:00:00Z,105.27
Netherlands,NLD,2024-11-14T06:00:00Z,2024-11-14T07:00:00Z,114.07
Netherlands,NLD,2024-11-14T07:00:00Z,2024-11-14T08:00:00Z,129.1
Netherlands,NLD,2024-11-14T08:00:00Z,2024-11-14T09:00:00Z,125.76
Netherlands,NLD,2024-11-14T09:00:00Z,2024-11-14T10:00:00Z,126.8
Netherlands,NLD,2024-11-14T10:00:00Z,2024-11-14T11:00:00Z,126.34
Netherlands,NLD,2024-11-14T11:00:00Z,2024-11-14T12:00:00Z,123.82
Netherlands,NLD,2024-11-14T12:00:00Z,2024-11-14T13:00:00Z,128.09
Netherlands,NLD,2024-11-14T13:00:00Z,2024-11-14T14:00:00Z,134.19
Netherlands,NLD,2024-11-14T14:00:00Z,2024-11-14T15:00:00Z,143.15
Netherlands,NLD,2024-11-14T15:00:00Z,2024-11-14T16:00:00Z,147.76
Netherlands,NLD,2024-11-14T16:00:00Z,2024-11-14T17:00:00Z,157.16
Netherlands,NLD,2024-11-14T17:00:00Z,2024-11-14T18:00:00Z,155.24
Netherlands,NLD,2024-11-14T18:00:00Z,2024-11-14T19:00:00Z,149.12
Netherlands,NLD,2024-11-14T19:00:00Z,2024-11-14T20:00:00Z,138.96
Netherlands,NLD,2024-11-14T20:00:00Z,2024-11-14T21:00:00Z,129.53
Netherlands,NLD,2024-11-14T21:00:00Z,2024-11-14T22:00:00Z,122.89
Netherlands,NLD,2024-11-14T22:00:00Z,2024-11-14T23:00:00Z,112.56
Netherlands,NLD,2024-11-14T23:00:00Z,2024-11-15T00:00:00Z,110.66
Netherlands,NLD,2024-11-15T00:00:00Z,2024-11-15T01:00:00Z,106.8
Netherlands,NLD,2024-11-15T01:00:00Z,2024-11-15T02:00:00Z,107.07
Netherlands,NLD,2024-11-15T02:00:00Z,2024-11-15T03:00:00Z,103.7
Netherlands,NLD,2024-11-15T03:00:00Z,2024-11-15T04:00:00Z,104.5
Netherlands,NLD,2024-11-15T04:00:00Z,2024-11-15T05:00:00Z,108.78
Netherlands,NLD,2024-11-15T05:00:00Z,2024-11-15T06:00:00Z,129.8
Netherlands,NLD,2024-11-15T06:00:00Z,2024-11-15T07:00:00Z,145.23
Netherlands,NLD,2024-11-15T07:00:00Z,2024-11-15T08:00:00Z,158.52
Netherlands,NLD,2024-11-15T08:00:00Z,2024-11-15T09:00:00Z,149.97
Netherlands,NLD,2024-11-15T09:00:00Z,2024-11-15T10:00:00Z,137.58
Netherlands,NLD,2024-11-15T10:00:00Z,2024-11-15T11:00:00Z,133.51
Netherlands,NLD,2024-11-15T11:00:00Z,2024-11-15T12:00:00Z,121.64
Netherlands,NLD,2024-11-15T12:00:00Z,2024-11-15T13:00:00Z,121.5
Netherlands,NLD,2024-11-15T13:00:00Z,2024-11-15T14:00:00Z,130.1
Netherlands,NLD,2024-11-15T14:00:00Z,2024-11-15T15:00:00Z,138.14
Netherlands,NLD,2024-11-15T15:00:00Z,2024-11-15T16:00:00Z,133.19
Netherlands,NLD,2024-11-15T16:00:00Z,2024-11-15T17:00:00Z,137.03
Netherlands,NLD,2024-11-15T17:00:00Z,2024-11-15T18:00:00Z,135.54
Netherlands,NLD,2024-11-15T18:00:00Z,2024-11-15T19:00:00Z,128
Netherlands,NLD,2024-11-15T19:00:00Z,2024-11-15T20:00:00Z,115.73
Netherlands,NLD,2024-11-15T20:00:00Z,2024-11-15T21:00:00Z,110.74
Netherlands,NLD,2024-11-15T21:00:00Z,2024-11-15T22:00:00Z,108.19
Netherlands,NLD,2024-11-15T22:00:00Z,2024-11-15T23:00:00Z,93.55
Netherlands,NLD,2024-11-15T23:00:00Z,2024-11-16T00:00:00Z,102.65
Netherlands,NLD,2024-11-16T00:00:00Z,2024-11-16T01:00:00Z,99.09
Netherlands,NLD,2024-11-16T01:00:00Z,2024-11-16T02:00:00Z,97.91
Netherlands,NLD,2024-11-16T02:00:00Z,2024-11-16T03:00:00Z,96.07
Netherlands,NLD,2024-11-16T03:00:00Z,2024-11-16T04:00:00Z,89.78
Netherlands,NLD,2024-11-16T04:00:00Z,2024-11-16T05:00:00Z,86.95
Netherlands,NLD,2024-11-16T05:00:00Z,2024-11-16T06:00:00Z,78.6
Netherlands,NLD,2024-11-16T06:00:00Z,2024-11-16T07:00:00Z,90.1
Netherlands,NLD,2024-11-16T07:00:00Z,2024-11-16T08:00:00Z,104.75
Netherlands,NLD,2024-11-16T08:00:00Z,2024-11-16T09:00:00Z,118.4
Netherlands,NLD,2024-11-16T09:00:00Z,2024-11-16T10:00:00Z,114.9
Netherlands,NLD,2024-11-16T10:00:00Z,2024-11-16T11:00:00Z,111.41
Netherlands,NLD,2024-11-16T11:00:00Z,2024-11-16T12:00:00Z,108.98
Netherlands,NLD,2024-11-16T12:00:00Z,2024-11-16T13:00:00Z,101.76
Netherlands,NLD,2024-11-16T13:00:00Z,2024-11-16T14:00:00Z,100
Netherlands,NLD,2024-11-16T14:00:00Z,2024-11-16T15:00:00Z,102.58
Netherlands,NLD,2024-11-16T15:00:00Z,2024-11-16T16:00:00Z,112.05
Netherlands,NLD,2024-11-16T16:00:00Z,2024-11-16T17:00:00Z,126.53
Netherlands,NLD,2024-11-16T17:00:00Z,2024-11-16T18:00:00Z,122.5
Netherlands,NLD,2024-11-16T18:00:00Z,2024-11-16T19:00:00Z,111
Netherlands,NLD,2024-11-16T19:00:00Z,2024-11-16T20:00:00Z,119.3
Netherlands,NLD,2024-11-16T20:00:00Z,2024-11-16T21:00:00Z,119.3
Netherlands,NLD,2024-11-16T21:00:00Z,2024-11-16T22:00:00Z,117.62
Netherlands,NLD,2024-11-16T22:00:00Z,2024-11-16T23:00:00Z,95.96
Netherlands,NLD,2024-11-16T23:00:00Z,2024-11-17T00:00:00Z,96.05
Netherlands,NLD,2024-11-17T00:00:00Z,2024-11-17T01:00:00Z,90.92
Netherlands,NLD,2024-11-17T01:00:00Z,2024-11-17T02:00:00Z,74.33
Netherlands,NLD,2024-11-17T02:00:00Z,2024-11-17T03:00:00Z,61.18
Netherlands,NLD,2024-11-17T03:00:00Z,2024-11-17T04:00:00Z,45.53
Netherlands,NLD,2024-11-17T04:00:00Z,2024-11-17T05:00:00Z,39.3
Netherlands,NLD,2024-11-17T05:00:00Z,2024-11-17T06:00:00Z,46.6
Netherlands,NLD,2024-11-17T06:00:00Z,2024-11-17T07:00:00Z,64.04
Netherlands,NLD,2024-11-17T07:00:00Z,2024-11-17T08:00:00Z,85.7
Netherlands,NLD,2024-11-17T08:00:00Z,2024-11-17T09:00:00Z,92.8
Netherlands,NLD,2024-11-17T09:00:00Z,2024-11-17T10:00:00Z,45.03
Netherlands,NLD,2024-11-17T10:00:00Z,2024-11-17T11:00:00Z,13.8
Netherlands,NLD,2024-11-17T11:00:00Z,2024-11-17T12:00:00Z,24.47
Netherlands,NLD,2024-11-17T12:00:00Z,2024-11-17T13:00:00Z,14.93
Netherlands,NLD,2024-11-17T13:00:00Z,2024-11-17T14:00:00Z,59.8
Netherlands,NLD,2024-11-17T14:00:00Z,2024-11-17T15:00:00Z,82.19
Netherlands,NLD,2024-11-17T15:00:00Z,2024-11-17T16:00:00Z,113.8
Netherlands,NLD,2024-11-17T16:00:00Z,2024-11-17T17:00:00Z,130.6
Netherlands,NLD,2024-11-17T17:00:00Z,2024-11-17T18:00:00Z,124.9
Netherlands,NLD,2024-11-17T18:00:00Z,2024-11-17T19:00:00Z,100
Netherlands,NLD,2024-11-17T19:00:00Z,2024-11-17T20:00:00Z,124.97
Netherlands,NLD,2024-11-17T20:00:00Z,2024-11-17T21:00:00Z,115
Netherlands,NLD,2024-11-17T21:00:00Z,2024-11-17T22:00:00Z,119.9
Netherlands,NLD,2024-11-17T22:00:00Z,2024-11-17T23:00:00Z,110
Netherlands,NLD,2024-11-17T23:00:00Z,2024-11-18T00:00:00Z,95.2
Netherlands,NLD,2024-11-18T00:00:00Z,2024-11-18T01:00:00Z,82.5
Netherlands,NLD,2024-11-18T01:00:00Z,2024-11-18T02:00:00Z,91.18
Netherlands,NLD,2024-11-18T02:00:00Z,2024-11-18T03:00:00Z,93.5
Netherlands,NLD,2024-11-18T03:00:00Z,2024-11-18T04:00:00Z,82.33
Netherlands,NLD,2024-11-18T04:00:00Z,2024-11-18T05:00:00Z,91.13
Netherlands,NLD,2024-11-18T05:00:00Z,2024-11-18T06:00:00Z,98.04
Netherlands,NLD,2024-11-18T06:00:00Z,2024-11-18T07:00:00Z,122.96
Netherlands,NLD,2024-11-18T07:00:00Z,2024-11-18T08:00:00Z,123.11
Netherlands,NLD,2024-11-18T08:00:00Z,2024-11-18T09:00:00Z,120.55
Netherlands,NLD,2024-11-18T09:00:00Z,2024-11-18T10:00:00Z,120
Netherlands,NLD,2024-11-18T10:00:00Z,2024-11-18T11:00:00Z,110
Netherlands,NLD,2024-11-18T11:00:00Z,2024-11-18T12:00:00Z,95.47
Netherlands,NLD,2024-11-18T12:00:00Z,2024-11-18T13:00:00Z,96.8
Netherlands,NLD,2024-11-18T13:00:00Z,2024-11-18T14:00:00Z,115.1
Netherlands,NLD,2024-11-18T14:00:00Z,2024-11-18T15:00:00Z,123.06
Netherlands,NLD,2024-11-18T15:00:00Z,2024-11-18T16:00:00Z,144
Netherlands,NLD,2024-11-18T16:00:00Z,2024-11-18T17:00:00Z,159.7
Netherlands,NLD,2024-11-18T17:00:00Z,2024-11-18T18:00:00Z,163.56
Netherlands,NLD,2024-11-18T18:00:00Z,2024-11-18T19:00:00Z,154.42
Netherlands,NLD,2024-11-18T19:00:00Z,2024-11-18T20:00:00Z,129.76
Netherlands,NLD,2024-11-18T20:00:00Z,2024-11-18T21:00:00Z,117.81
Netherlands,NLD,2024-11-18T21:00:00Z,2024-11-18T22:00:00Z,116.99
Netherlands,NLD,2024-11-18T22:00:00Z,2024-11-18T23:00:00Z,108.4
Netherlands,NLD,2024-11-18T23:00:00Z,2024-11-19T00:00:00Z,107.06
Netherlands,NLD,2024-11-19T00:00:00Z,2024-11-19T01:00:00Z,101.4
Netherlands,NLD,2024-11-19T01:00:00Z,2024-11-19T02:00:00Z,95.58
Netherlands,NLD,2024-11-19T02:00:00Z,2024-11-19T03:00:00Z,86.79
Netherlands,NLD,2024-11-19T03:00:00Z,2024-11-19T04:00:00Z,80.68
Netherlands,NLD,2024-11-19T04:00:00Z,2024-11-19T05:00:00Z,86.79
Netherlands,NLD,2024-11-19T05:00:00Z,2024-11-19T06:00:00Z,109.97
Netherlands,NLD,2024-11-19T06:00:00Z,2024-11-19T07:00:00Z,125.4
Netherlands,NLD,2024-11-19T07:00:00Z,2024-11-19T08:00:00Z,144.87
Netherlands,NLD,2024-11-19T08:00:00Z,2024-11-19T09:00:00Z,148.99
Netherlands,NLD,2024-11-19T09:00:00Z,2024-11-19T10:00:00Z,146.74
Netherlands,NLD,2024-11-19T10:00:00Z,2024-11-19T11:00:00Z,152.81
Netherlands,NLD,2024-11-19T11:00:00Z,2024-11-19T12:00:00Z,143.8
Netherlands,NLD,2024-11-19T12:00:00Z,2024-11-19T13:00:00Z,144.13
Netherlands,NLD,2024-11-19T13:00:00Z,2024-11-19T14:00:00Z,133.02
Netherlands,NLD,2024-11-19T14:00:00Z,2024-11-19T15:00:00Z,128.76
Netherlands,NLD,2024-11-19T15:00:00Z,2024-11-19T16:00:00Z,132.89
Netherlands,NLD,2024-11-19T16:00:00Z,2024-11-19T17:00:00Z,139.9
Netherlands,NLD,2024-11-19T17:00:00Z,2024-11-19T18:00:00Z,134.93
Netherlands,NLD,2024-11-19T18:00:00Z,2024-11-19T19:00:00Z,126.3
Netherlands,NLD,2024-11-19T19:00:00Z,2024-11-19T20:00:00Z,117.15
Netherlands,NLD,2024-11-19T20:00:00Z,2024-11-19T21:00:00Z,109.37
Netherlands,NLD,2024-11-19T21:00:00Z,2024-11-19T22:00:00Z,105.44
Netherlands,NLD,2024-11-19T22:00:00Z,2024-11-19T23:00:00Z,89.9
Netherlands,NLD,2024-11-19T23:00:00Z,2024-11-20T00:00:00Z,100.6
Netherlands,NLD,2024-11-20T00:00:00Z,2024-11-20T01:00:00Z,91.59
Netherlands,NLD,2024-11-20T01:00:00Z,2024-11-20T02:00:00Z,86.6
Netherlands,NLD,2024-11-20T02:00:00Z,2024-11-20T03:00:00Z,81.53
Netherlands,NLD,2024-11-20T03:00:00Z,2024-11-20T04:00:00Z,81.01
Netherlands,NLD,2024-11-20T04:00:00Z,2024-11-20T05:00:00Z,91.87
Netherlands,NLD,2024-11-20T05:00:00Z,2024-11-20T06:00:00Z,106.32
Netherlands,NLD,2024-11-20T06:00:00Z,2024-11-20T07:00:00Z,133.34
Netherlands,NLD,2024-11-20T07:00:00Z,2024-11-20T08:00:00Z,142.87
Netherlands,NLD,2024-11-20T08:00:00Z,2024-11-20T09:00:00Z,139.97
Netherlands,NLD,2024-11-20T09:00:00Z,2024-11-20T10:00:00Z,118.9
Netherlands,NLD,2024-11-20T10:00:00Z,2024-11-20T11:00:00Z,107.77
Netherlands,NLD,2024-11-20T11:00:00Z,2024-11-20T12:00:00Z,97.26
Netherlands,NLD,2024-11-20T12:00:00Z,2024-11-20T13:00:00Z,97.36
Netherlands,NLD,2024-11-20T13:00:00Z,2024-11-20T14:00:00Z,106.4
Netherlands,NLD,2024-11-20T14:00:00Z,2024-11-20T15:00:00Z,126.42
Netherlands,NLD,2024-11-20T15:00:00Z,2024-11-20T16:00:00Z,134.18
Netherlands,NLD,2024-11-20T16:00:00Z,2024-11-20T17:00:00Z,142.13
Netherlands,NLD,2024-11-20T17:00:00Z,2024-11-20T18:00:00Z,142.7
Netherlands,NLD,2024-11-20T18:00:00Z,2024-11-20T19:00:00Z,140.62
Netherlands,NLD,2024-11-20T19:00:00Z,2024-11-20T20:00:00Z,135.98
Netherlands,NLD,2024-11-20T20:00:00Z,2024-11-20T21:00:00Z,120.1
Netherlands,NLD,2024-11-20T21:00:00Z,2024-11-20T22:00:00Z,115.82
Netherlands,NLD,2024-11-20T22:00:00Z,2024-11-20T23:00:00Z,103.5
Netherlands,NLD,2024-11-20T23:00:00Z,2024-11-21T00:00:00Z,93.96
Netherlands,NLD,2024-11-21T00:00:00Z,2024-11-21T01:00:00Z,90.4
Netherlands,NLD,2024-11-21T01:00:00Z,2024-11-21T02:00:00Z,86.8
Netherlands,NLD,2024-11-21T02:00:00Z,2024-11-21T03:00:00Z,84.15
Netherlands,NLD,2024-11-21T03:00:00Z,2024-11-21T04:00:00Z,84.23
Netherlands,NLD,2024-11-21T04:00:00Z,2024-11-21T05:00:00Z,92.88
Netherlands,NLD,2024-11-21T05:00:00Z,2024-11-21T06:00:00Z,108.29
Netherlands,NLD,2024-11-21T06:00:00Z,2024-11-21T07:00:00Z,122.27
Netherlands,NLD,2024-11-21T07:00:00Z,2024-11-21T08:00:00Z,133.35
Netherlands,NLD,2024-11-21T08:00:00Z,2024-11-21T09:00:00Z,135.01
Netherlands,NLD,2024-11-21T09:00:00Z,2024-11-21T10:00:00Z,127.38
Netherlands,NLD,2024-11-21T10:00:00Z,2024-11-21T11:00:00Z,115.5
Netherlands,NLD,2024-11-21T11:00:00Z,2024-11-21T12:00:00Z,113.62
Netherlands,NLD,2024-11-21T12:00:00Z,2024-11-21T13:00:00Z,120.96
Netherlands,NLD,2024-11-21T13:00:00Z,2024-11-21T14:00:00Z,137.21
Netherlands,NLD,2024-11-21T14:00:00Z,2024-11-21T15:00:00Z,149.07
Netherlands,NLD,2024-11-21T15:00:00Z,2024-11-21T16:00:00Z,167.13
Netherlands,NLD,2024-11-21T16:00:00Z,2024-11-21T17:00:00Z,175.31
Netherlands,NLD,2024-11-21T17:00:00Z,2024-11-21T18:00:00Z,158.21
Netherlands,NLD,2024-11-21T18:00:00Z,2024-11-21T19:00:00Z,151.16
Netherlands,NLD,2024-11-21T19:00:00Z,2024-11-21T20:00:00Z,130.04
Netherlands,NLD,2024-11-21T20:00:00Z,2024-11-21T21:00:00Z,122.14
Netherlands,NLD,2024-11-21T21:00:00Z,2024-11-21T22:00:00Z,121.22
Netherlands,NLD,2024-11-21T22:00:00Z,2024-11-21T23:00:00Z,106.82
Netherlands,NLD,2024-11-21T23:00:00Z,2024-11-22T00:00:00Z,114.5
Netherlands,NLD,2024-11-22T00:00:00Z,2024-11-22T01:00:00Z,104.02
Netherlands,NLD,2024-11-22T01:00:00Z,2024-11-22T02:00:00Z,96.24
Netherlands,NLD,2024-11-22T02:00:00Z,2024-11-22T03:00:00Z,90.01
Netherlands,NLD,2024-11-22T03:00:00Z,2024-11-22T04:00:00Z,87.2
Netherlands,NLD,2024-11-22T04:00:00Z,2024-11-22T05:00:00Z,91.6
Netherlands,NLD,2024-11-22T05:00:00Z,2024-11-22T06:00:00Z,115.3
Netherlands,NLD,2024-11-22T06:00:00Z,2024-11-22T07:00:00Z,135.06
Netherlands,NLD,2024-11-22T07:00:00Z,2024-11-22T08:00:00Z,144.21
Netherlands,NLD,2024-11-22T08:00:00Z,2024-11-22T09:00:00Z,141.05
Netherlands,NLD,2024-11-22T09:00:00Z,2024-11-22T10:00:00Z,132.94
Netherlands,NLD,2024-11-22T10:00:00Z,2024-11-22T11:00:00Z,116.88
Netherlands,NLD,2024-11-22T11:00:00Z,2024-11-22T12:00:00Z,106
Netherlands,NLD,2024-11-22T12:00:00Z,2024-11-22T13:00:00Z,94.5
Netherlands,NLD,2024-11-22T13:00:00Z,2024-11-22T14:00:00Z,94.87
Netherlands,NLD,2024-11-22T14:00:00Z,2024-11-22T15:00:00Z,108.87
Netherlands,NLD,2024-11-22T15:00:00Z,2024-11-22T16:00:00Z,114.03
Netherlands,NLD,2024-11-22T16:00:00Z,2024-11-22T17:00:00Z,130
Netherlands,NLD,2024-11-22T17:00:00Z,2024-11-22T18:00:00Z,135.01
Netherlands,NLD,2024-11-22T18:00:00Z,2024-11-22T19:00:00Z,132.97
Netherlands,NLD,2024-11-22T19:00:00Z,2024-11-22T20:00:00Z,129.1
Netherlands,NLD,2024-11-22T20:00:00Z,2024-11-22T21:00:00Z,107.23
Netherlands,NLD,2024-11-22T21:00:00Z,2024-11-22T22:00:00Z,120.4
Netherlands,NLD,2024-11-22T22:00:00Z,2024-11-22T23:00:00Z,129.48
Netherlands,NLD,2024-11-22T23:00:00Z,2024-11-23T00:00:00Z,121.61
Netherlands,NLD,2024-11-23T00:00:00Z,2024-11-23T01:00:00Z,113.88
Netherlands,NLD,2024-11-23T01:00:00Z,2024-11-23T02:00:00Z,103.36
Netherlands,NLD,2024-11-23T02:00:00Z,2024-11-23T03:00:00Z,92.4
Netherlands,NLD,2024-11-23T03:00:00Z,2024-11-23T04:00:00Z,80
Netherlands,NLD,2024-11-23T04:00:00Z,2024-11-23T05:00:00Z,87.1
Netherlands,NLD,2024-11-23T05:00:00Z,2024-11-23T06:00:00Z,84.66
Netherlands,NLD,2024-11-23T06:00:00Z,2024-11-23T07:00:00Z,90.4
Netherlands,NLD,2024-11-23T07:00:00Z,2024-11-23T08:00:00Z,97.95
Netherlands,NLD,2024-11-23T08:00:00Z,2024-11-23T09:00:00Z,85.62
Netherlands,NLD,2024-11-23T09:00:00Z,2024-11-23T10:00:00Z,90
Netherlands,NLD,2024-11-23T10:00:00Z,2024-11-23T11:00:00Z,85.98
Netherlands,NLD,2024-11-23T11:00:00Z,2024-11-23T12:00:00Z,88.62
Netherlands,NLD,2024-11-23T12:00:00Z,2024-11-23T13:00:00Z,78
Netherlands,NLD,2024-11-23T13:00:00Z,2024-11-23T14:00:00Z,85.68
Netherlands,NLD,2024-11-23T14:00:00Z,2024-11-23T15:00:00Z,100.62
Netherlands,NLD,2024-11-23T15:00:00Z,2024-11-23T16:00:00Z,85.46
Netherlands,NLD,2024-11-23T16:00:00Z,2024-11-23T17:00:00Z,95.56
Netherlands,NLD,2024-11-23T17:00:00Z,2024-11-23T18:00:00Z,89
Netherlands,NLD,2024-11-23T18:00:00Z,2024-11-23T19:00:00Z,75.17
Netherlands,NLD,2024-11-23T19:00:00Z,2024-11-23T20:00:00Z,63.75
Netherlands,NLD,2024-11-23T20:00:00Z,2024-11-23T21:00:00Z,51.31
Netherlands,NLD,2024-11-23T21:00:00Z,2024-11-23T22:00:00Z,42.14
Netherlands,NLD,2024-11-23T22:00:00Z,2024-11-23T23:00:00Z,19.29
Netherlands,NLD,2024-11-23T23:00:00Z,2024-11-24T00:00:00Z,4.66
Netherlands,NLD,2024-11-24T00:00:00Z,2024-11-24T01:00:00Z,1.72
Netherlands,NLD,2024-11-24T01:00:00Z,2024-11-24T02:00:00Z,0
Netherlands,NLD,2024-11-24T02:00:00Z,2024-11-24T03:00:00Z,-1.07
Netherlands,NLD,2024-11-24T03:00:00Z,2024-11-24T04:00:00Z,-1.9
Netherlands,NLD,2024-11-24T04:00:00Z,2024-11-24T05:00:00Z,-2.09
Netherlands,NLD,2024-11-24T05:00:00Z,2024-11-24T06:00:00Z,-2.67
Netherlands,NLD,2024-11-24T06:00:00Z,2024-11-24T07:00:00Z,-0.03
Netherlands,NLD,2024-11-24T07:00:00Z,2024-11-24T08:00:00Z,1.37
Netherlands,NLD,2024-11-24T08:00:00Z,2024-11-24T09:00:00Z,3.75
Netherlands,NLD,2024-11-24T09:00:00Z,2024-11-24T10:00:00Z,2.07
Netherlands,NLD,2024-11-24T10:00:00Z,2024-11-24T11:00:00Z,1.25
Netherlands,NLD,2024-11-24T11:00:00Z,2024-11-24T12:00:00Z,2.22
Netherlands,NLD,2024-11-24T12:00:00Z,2024-11-24T13:00:00Z,1.35
Netherlands,NLD,2024-11-24T13:00:00Z,2024-11-24T14:00:00Z,4.78
Netherlands,NLD,2024-11-24T14:00:00Z,2024-11-24T15:00:00Z,8.92
Netherlands,NLD,2024-11-24T15:00:00Z,2024-11-24T16:00:00Z,41.5
Netherlands,NLD,2024-11-24T16:00:00Z,2024-11-24T17:00:00Z,78
Netherlands,NLD,2024-11-24T17:00:00Z,2024-11-24T18:00:00Z,60
Netherlands,NLD,2024-11-24T18:00:00Z,2024-11-24T19:00:00Z,59.9
Netherlands,NLD,2024-11-24T19:00:00Z,2024-11-24T20:00:00Z,39
Netherlands,NLD,2024-11-24T20:00:00Z,2024-11-24T21:00:00Z,14.72
Netherlands,NLD,2024-11-24T21:00:00Z,2024-11-24T22:00:00Z,8.41
Netherlands,NLD,2024-11-24T22:00:00Z,2024-11-24T23:00:00Z,4
Netherlands,NLD,2024-11-24T23:00:00Z,2024-11-25T00:00:00Z,0.43
Netherlands,NLD,2024-11-25T00:00:00Z,2024-11-25T01:00:00Z,0.01
Netherlands,NLD,2024-11-25T01:00:00Z,2024-11-25T02:00:00Z,-0.55
Netherlands,NLD,2024-11-25T02:00:00Z,2024-11-25T03:00:00Z,-1.09
Netherlands,NLD,2024-11-25T03:00:00Z,2024-11-25T04:00:00Z,-0.34
Netherlands,NLD,2024-11-25T04:00:00Z,2024-11-25T05:00:00Z,-0.05
Netherlands,NLD,2024-11-25T05:00:00Z,2024-11-25T06:00:00Z,1.93
Netherlands,NLD,2024-11-25T06:00:00Z,2024-11-25T07:00:00Z,57
Netherlands,NLD,2024-11-25T07:00:00Z,2024-11-25T08:00:00Z,97
Netherlands,NLD,2024-11-25T08:00:00Z,2024-11-25T09:00:00Z,118.59
Netherlands,NLD,2024-11-25T09:00:00Z,2024-11-25T10:00:00Z,128.2
Netherlands,NLD,2024-11-25T10:00:00Z,2024-11-25T11:00:00Z,123
Netherlands,NLD,2024-11-25T11:00:00Z,2024-11-25T12:00:00Z,112
Netherlands,NLD,2024-11-25T12:00:00Z,2024-11-25T13:00:00Z,112.2
Netherlands,NLD,2024-11-25T13:00:00Z,2024-11-25T14:00:00Z,114
Netherlands,NLD,2024-11-25T14:00:00Z,2024-11-25T15:00:00Z,115.68
Netherlands,NLD,2024-11-25T15:00:00Z,2024-11-25T16:00:00Z,125
Netherlands,NLD,2024-11-25T16:00:00Z,2024-11-25T17:00:00Z,149
Netherlands,NLD,2024-11-25T17:00:00Z,2024-11-25T18:00:00Z,138.21
Netherlands,NLD,2024-11-25T18:00:00Z,2024-11-25T19:00:00Z,118.99
Netherlands,NLD,2024-11-25T19:00:00Z,2024-11-25T20:00:00Z,96.35
Netherlands,NLD,2024-11-25T20:00:00Z,2024-11-25T21:00:00Z,83.4
Netherlands,NLD,2024-11-25T21:00:00Z,2024-11-25T22:00:00Z,88.08
Netherlands,NLD,2024-11-25T22:00:00Z,2024-11-25T23:00:00Z,70.71
Netherlands,NLD,2024-11-25T23:00:00Z,2024-11-26T00:00:00Z,90.1
Netherlands,NLD,2024-11-26T00:00:00Z,2024-11-26T01:00:00Z,79.06
Netherlands,NLD,2024-11-26T01:00:00Z,2024-11-26T02:00:00Z,78.62
Netherlands,NLD,2024-11-26T02:00:00Z,2024-11-26T03:00:00Z,71.23
Netherlands,NLD,2024-11-26T03:00:00Z,2024-11-26T04:00:00Z,72.98
Netherlands,NLD,2024-11-26T04:00:00Z,2024-11-26T05:00:00Z,82.38
Netherlands,NLD,2024-11-26T05:00:00Z,2024-11-26T06:00:00Z,101.45
Netherlands,NLD,2024-11-26T06:00:00Z,2024-11-26T07:00:00Z,110
Netherlands,NLD,2024-11-26T07:00:00Z,2024-11-26T08:00:00Z,136.15
Netherlands,NLD,2024-11-26T08:00:00Z,2024-11-26T09:00:00Z,126.99
Netherlands,NLD,2024-11-26T09:00:00Z,2024-11-26T10:00:00Z,112.09
Netherlands,NLD,2024-11-26T10:00:00Z,2024-11-26T11:00:00Z,100
Netherlands,NLD,2024-11-26T11:00:00Z,2024-11-26T12:00:00Z,91.95
Netherlands,NLD,2024-11-26T12:00:00Z,2024-11-26T13:00:00Z,101.64
Netherlands,NLD,2024-11-26T13:00:00Z,2024-11-26T14:00:00Z,115.71
Netherlands,NLD,2024-11-26T14:00:00Z,2024-11-26T15:00:00Z,124.25
Netherlands,NLD,2024-11-26T15:00:00Z,2024-11-26T16:00:00Z,144.02
Netherlands,NLD,2024-11-26T16:00:00Z,2024-11-26T17:00:00Z,155.18
Netherlands,NLD,2024-11-26T17:00:00Z,2024-11-26T18:00:00Z,160.64
Netherlands,NLD,2024-11-26T18:00:00Z,2024-11-26T19:00:00Z,152.94
Netherlands,NLD,2024-11-26T19:00:00Z,2024-11-26T20:00:00Z,127.03
Netherlands,NLD,2024-11-26T20:00:00Z,2024-11-26T21:00:00Z,118.63
Netherlands,NLD,2024-11-26T21:00:00Z,2024-11-26T22:00:00Z,122.5
Netherlands,NLD,2024-11-26T22:00:00Z,2024-11-26T23:00:00Z,113.6
Netherlands,NLD,2024-11-26T23:00:00Z,2024-11-27T00:00:00Z,111.06
Netherlands,NLD,2024-11-27T00:00:00Z,2024-11-27T01:00:00Z,110
Netherlands,NLD,2024-11-27T01:00:00Z,2024-11-27T02:00:00Z,110
Netherlands,NLD,2024-11-27T02:00:00Z,2024-11-27T03:00:00Z,103.21
Netherlands,NLD,2024-11-27T03:00:00Z,2024-11-27T04:00:00Z,100.87
Netherlands,NLD,2024-11-27T04:00:00Z,2024-11-27T05:00:00Z,112.11
Netherlands,NLD,2024-11-27T05:00:00Z,2024-11-27T06:00:00Z,128.8
Netherlands,NLD,2024-11-27T06:00:00Z,2024-11-27T07:00:00Z,128.9
Netherlands,NLD,2024-11-27T07:00:00Z,2024-11-27T08:00:00Z,166
Netherlands,NLD,2024-11-27T08:00:00Z,2024-11-27T09:00:00Z,131
Netherlands,NLD,2024-11-27T09:00:00Z,2024-11-27T10:00:00Z,139.07
Netherlands,NLD,2024-11-27T10:00:00Z,2024-11-27T11:00:00Z,134.39
Netherlands,NLD,2024-11-27T11:00:00Z,2024-11-27T12:00:00Z,125.81
Netherlands,NLD,2024-11-27T12:00:00Z,2024-11-27T13:00:00Z,124.4
Netherlands,NLD,2024-11-27T13:00:00Z,2024-11-27T14:00:00Z,119.87
Netherlands,NLD,2024-11-27T14:00:00Z,2024-11-27T15:00:00Z,124
Netherlands,NLD,2024-11-27T15:00:00Z,2024-11-27T16:00:00Z,116.39
Netherlands,NLD,2024-11-27T16:00:00Z,2024-11-27T17:00:00Z,113.74
Netherlands,NLD,2024-11-27T17:00:00Z,2024-11-27T18:00:00Z,109.9
Netherlands,NLD,2024-11-27T18:00:00Z,2024-11-27T19:00:00Z,101
Netherlands,NLD,2024-11-27T19:00:00Z,2024-11-27T20:00:00Z,78.98
Netherlands,NLD,2024-11-27T20:00:00Z,2024-11-27T21:00:00Z,79.97
Netherlands,NLD,2024-11-27T21:00:00Z,2024-11-27T22:00:00Z,85.7
Netherlands,NLD,2024-11-27T22:00:00Z,2024-11-27T23:00:00Z,59.9
Netherlands,NLD,2024-11-27T23:00:00Z,2024-11-28T00:00:00Z,50.1
Netherlands,NLD,2024-11-28T00:00:00Z,2024-11-28T01:00:00Z,41.21
Netherlands,NLD,2024-11-28T01:00:00Z,2024-11-28T02:00:00Z,35.13
Netherlands,NLD,2024-11-28T02:00:00Z,2024-11-28T03:00:00Z,38
Netherlands,NLD,2024-11-28T03:00:00Z,2024-11-28T04:00:00Z,59.9
Netherlands,NLD,2024-11-28T04:00:00Z,2024-11-28T05:00:00Z,92.04
Netherlands,NLD,2024-11-28T05:00:00Z,2024-11-28T06:00:00Z,100.1
Netherlands,NLD,2024-11-28T06:00:00Z,2024-11-28T07:00:00Z,132.1
Netherlands,NLD,2024-11-28T07:00:00Z,2024-11-28T08:00:00Z,148.29
Netherlands,NLD,2024-11-28T08:00:00Z,2024-11-28T09:00:00Z,140.36
Netherlands,NLD,2024-11-28T09:00:00Z,2024-11-28T10:00:00Z,99.01
Netherlands,NLD,2024-11-28T10:00:00Z,2024-11-28T11:00:00Z,98.7
Netherlands,NLD,2024-11-28T11:00:00Z,2024-11-28T12:00:00Z,96.16
Netherlands,NLD,2024-11-28T12:00:00Z,2024-11-28T13:00:00Z,98.99
Netherlands,NLD,2024-11-28T13:00:00Z,2024-11-28T14:00:00Z,114.4
Netherlands,NLD,2024-11-28T14:00:00Z,2024-11-28T15:00:00Z,118.8
Netherlands,NLD,2024-11-28T15:00:00Z,2024-11-28T16:00:00Z,133.93
Netherlands,NLD,2024-11-28T16:00:00Z,2024-11-28T17:00:00Z,151
Netherlands,NLD,2024-11-28T17:00:00Z,2024-11-28T18:00:00Z,158.24
Netherlands,NLD,2024-11-28T18:00:00Z,2024-11-28T19:00:00Z,154.04
Netherlands,NLD,2024-11-28T19:00:00Z,2024-11-28T20:00:00Z,143.39
Netherlands,NLD,2024-11-28T20:00:00Z,2024-11-28T21:00:00Z,131.26
Netherlands,NLD,2024-11-28T21:00:00Z,2024-11-28T22:00:00Z,122.16
Netherlands,NLD,2024-11-28T22:00:00Z,2024-11-28T23:00:00Z,112.6
Netherlands,NLD,2024-11-28T23:00:00Z,2024-11-29T00:00:00Z,110.3
Netherlands,NLD,2024-11-29T00:00:00Z,2024-11-29T01:00:00Z,107.01
Netherlands,NLD,2024-11-29T01:00:00Z,2024-11-29T02:00:00Z,103.47
Netherlands,NLD,2024-11-29T02:00:00Z,2024-11-29T03:00:00Z,101.52
Netherlands,NLD,2024-11-29T03:00:00Z,2024-11-29T04:00:00Z,102.83
Netherlands,NLD,2024-11-29T04:00:00Z,2024-11-29T05:00:00Z,112.27
Netherlands,NLD,2024-11-29T05:00:00Z,2024-11-29T06:00:00Z,130.66
Netherlands,NLD,2024-11-29T06:00:00Z,2024-11-29T07:00:00Z,160.73
Netherlands,NLD,2024-11-29T07:00:00Z,2024-11-29T08:00:00Z,173.56
Netherlands,NLD,2024-11-29T08:00:00Z,2024-11-29T09:00:00Z,157.37
Netherlands,NLD,2024-11-29T09:00:00Z,2024-11-29T10:00:00Z,138.35
Netherlands,NLD,2024-11-29T10:00:00Z,2024-11-29T11:00:00Z,120.06
Netherlands,NLD,2024-11-29T11:00:00Z,2024-11-29T12:00:00Z,110.05
Netherlands,NLD,2024-11-29T12:00:00Z,2024-11-29T13:00:00Z,114.26
Netherlands,NLD,2024-11-29T13:00:00Z,2024-11-29T14:00:00Z,109.3
Netherlands,NLD,2024-11-29T14:00:00Z,2024-11-29T15:00:00Z,124.2
Netherlands,NLD,2024-11-29T15:00:00Z,2024-11-29T16:00:00Z,146.22
Netherlands,NLD,2024-11-29T16:00:00Z,2024-11-29T17:00:00Z,149.35
Netherlands,NLD,2024-11-29T17:00:00Z,2024-11-29T18:00:00Z,142.03
Netherlands,NLD,2024-11-29T18:00:00Z,2024-11-29T19:00:00Z,131.87
Netherlands,NLD,2024-11-29T19:00:00Z,2024-11-29T20:00:00Z,119.9
Netherlands,NLD,2024-11-29T20:00:00Z,2024-11-29T21:00:00Z,112.1
Netherlands,NLD,2024-11-29T21:00:00Z,2024-11-29T22:00:00Z,113.93
Netherlands,NLD,2024-11-29T22:00:00Z,2024-11-29T23:00:00Z,103.28
Netherlands,NLD,2024-11-29T23:00:00Z,2024-11-30T00:00:00Z,99.5
Netherlands,NLD,2024-11-30T00:00:00Z,2024-11-30T01:00:00Z,92.69
Netherlands,NLD,2024-11-30T01:00:00Z,2024-11-30T02:00:00Z,89.62
Netherlands,NLD,2024-11-30T02:00:00Z,2024-11-30T03:00:00Z,86.62
Netherlands,NLD,2024-11-30T03:00:00Z,2024-11-30T04:00:00Z,88.04
Netherlands,NLD,2024-11-30T04:00:00Z,2024-11-30T05:00:00Z,90.08
Netherlands,NLD,2024-11-30T05:00:00Z,2024-11-30T06:00:00Z,88.12
Netherlands,NLD,2024-11-30T06:00:00Z,2024-11-30T07:00:00Z,102.42
Netherlands,NLD,2024-11-30T07:00:00Z,2024-11-30T08:00:00Z,117.8
Netherlands,NLD,2024-11-30T08:00:00Z,2024-11-30T09:00:00Z,125
Netherlands,NLD,2024-11-30T09:00:00Z,2024-11-30T10:00:00Z,108.86
Netherlands,NLD,2024-11-30T10:00:00Z,2024-11-30T11:00:00Z,85.45
Netherlands,NLD,2024-11-30T11:00:00Z,2024-11-30T12:00:00Z,87.18
Netherlands,NLD,2024-11-30T12:00:00Z,2024-11-30T13:00:00Z,90
Netherlands,NLD,2024-11-30T13:00:00Z,2024-11-30T14:00:00Z,106.8
Netherlands,NLD,2024-11-30T14:00:00Z,2024-11-30T15:00:00Z,122.21
Netherlands,NLD,2024-11-30T15:00:00Z,2024-11-30T16:00:00Z,131.53
Netherlands,NLD,2024-11-30T16:00:00Z,2024-11-30T17:00:00Z,137.68
Netherlands,NLD,2024-11-30T17:00:00Z,2024-11-30T18:00:00Z,136.4
Netherlands,NLD,2024-11-30T18:00:00Z,2024-11-30T19:00:00Z,131.96
Netherlands,NLD,2024-11-30T19:00:00Z,2024-11-30T20:00:00Z,124.51
Netherlands,NLD,2024-11-30T20:00:00Z,2024-11-30T21:00:00Z,115.08
Netherlands,NLD,2024-11-30T21:00:00Z,2024-11-30T22:00:00Z,114.78
Netherlands,NLD,2024-11-30T22:00:00Z,2024-11-30T23:00:00Z,106.67
Netherlands,NLD,2024-11-30T23:00:00Z,2024-12-01T00:00:00Z,99.66
Netherlands,NLD,2024-12-01T00:00:00Z,2024-12-01T01:00:00Z,90.01
Netherlands,NLD,2024-12-01T01:00:00Z,2024-12-01T02:00:00Z,88.14
Netherlands,NLD,2024-12-01T02:00:00Z,2024-12-01T03:00:00Z,85.7
Netherlands,NLD,2024-12-01T03:00:00Z,2024-12-01T04:00:00Z,84.27
Netherlands,NLD,2024-12-01T04:00:00Z,2024-12-01T05:00:00Z,83.77
Netherlands,NLD,2024-12-01T05:00:00Z,2024-12-01T06:00:00Z,83.23
Netherlands,NLD,2024-12-01T06:00:00Z,2024-12-01T07:00:00Z,89.5
Netherlands,NLD,2024-12-01T07:00:00Z,2024-12-01T08:00:00Z,99.19
Netherlands,NLD,2024-12-01T08:00:00Z,2024-12-01T09:00:00Z,94.6
Netherlands,NLD,2024-12-01T09:00:00Z,2024-12-01T10:00:00Z,89.3
Netherlands,NLD,2024-12-01T10:00:00Z,2024-12-01T11:00:00Z,82.38
Netherlands,NLD,2024-12-01T11:00:00Z,2024-12-01T12:00:00Z,85.25
Netherlands,NLD,2024-12-01T12:00:00Z,2024-12-01T13:00:00Z,83.08
Netherlands,NLD,2024-12-01T13:00:00Z,2024-12-01T14:00:00Z,88.17
Netherlands,NLD,2024-12-01T14:00:00Z,2024-12-01T15:00:00Z,105.25
Netherlands,NLD,2024-12-01T15:00:00Z,2024-12-01T16:00:00Z,117.45
Netherlands,NLD,2024-12-01T16:00:00Z,2024-12-01T17:00:00Z,117.8
Netherlands,NLD,2024-12-01T17:00:00Z,2024-12-01T18:00:00Z,123.27
Netherlands,NLD,2024-12-01T18:00:00Z,2024-12-01T19:00:00Z,112.31
Netherlands,NLD,2024-12-01T19:00:00Z,2024-12-01T20:00:00Z,93.66
Netherlands,NLD,2024-12-01T20:00:00Z,2024-12-01T21:00:00Z,86.01
Netherlands,NLD,2024-12-01T21:00:00Z,2024-12-01T22:00:00Z,97.39
Netherlands,NLD,2024-12-01T22:00:00Z,2024-12-01T23:00:00Z,85
Netherlands,NLD,2024-12-01T23:00:00Z,2024-12-02T00:00:00Z,74.77
Netherlands,NLD,2024-12-02T00:00:00Z,2024-12-02T01:00:00Z,66.21
Netherlands,NLD,2024-12-02T01:00:00Z,2024-12-02T02:00:00Z,61.57
Netherlands,NLD,2024-12-02T02:00:00Z,2024-12-02T03:00:00Z,46.5
Netherlands,NLD,2024-12-02T03:00:00Z,2024-12-02T04:00:00Z,49.15
Netherlands,NLD,2024-12-02T04:00:00Z,2024-12-02T05:00:00Z,68.42
Netherlands,NLD,2024-12-02T05:00:00Z,2024-12-02T06:00:00Z,92.51
Netherlands,NLD,2024-12-02T06:00:00Z,2024-12-02T07:00:00Z,125.25
Netherlands,NLD,2024-12-02T07:00:00Z,2024-12-02T08:00:00Z,126.2
Netherlands,NLD,2024-12-02T08:00:00Z,2024-12-02T09:00:00Z,123.94
Netherlands,NLD,2024-12-02T09:00:00Z,2024-12-02T10:00:00Z,121.44
Netherlands,NLD,2024-12-02T10:00:00Z,2024-12-02T11:00:00Z,115.97
Netherlands,NLD,2024-12-02T11:00:00Z,2024-12-02T12:00:00Z,115.18
Netherlands,NLD,2024-12-02T12:00:00Z,2024-12-02T13:00:00Z,126.4
Netherlands,NLD,2024-12-02T13:00:00Z,2024-12-02T14:00:00Z,134.05
Netherlands,NLD,2024-12-02T14:00:00Z,2024-12-02T15:00:00Z,141.93
Netherlands,NLD,2024-12-02T15:00:00Z,2024-12-02T16:00:00Z,144.75
Netherlands,NLD,2024-12-02T16:00:00Z,2024-12-02T17:00:00Z,147.07
Netherlands,NLD,2024-12-02T17:00:00Z,2024-12-02T18:00:00Z,148.28
Netherlands,NLD,2024-12-02T18:00:00Z,2024-12-02T19:00:00Z,138.77
Netherlands,NLD,2024-12-02T19:00:00Z,2024-12-02T20:00:00Z,121.13
Netherlands,NLD,2024-12-02T20:00:00Z,2024-12-02T21:00:00Z,113.41
Netherlands,NLD,2024-12-02T21:00:00Z,2024-12-02T22:00:00Z,112.54
Netherlands,NLD,2024-12-02T22:00:00Z,2024-12-02T23:00:00Z,102.64
Netherlands,NLD,2024-12-02T23:00:00Z,2024-12-03T00:00:00Z,110.93
Netherlands,NLD,2024-12-03T00:00:00Z,2024-12-03T01:00:00Z,90.9
Netherlands,NLD,2024-12-03T01:00:00Z,2024-12-03T02:00:00Z,88
Netherlands,NLD,2024-12-03T02:00:00Z,2024-12-03T03:00:00Z,86.8
Netherlands,NLD,2024-12-03T03:00:00Z,2024-12-03T04:00:00Z,94.96
Netherlands,NLD,2024-12-03T04:00:00Z,2024-12-03T05:00:00Z,102.56
Netherlands,NLD,2024-12-03T05:00:00Z,2024-12-03T06:00:00Z,119.94
Netherlands,NLD,2024-12-03T06:00:00Z,2024-12-03T07:00:00Z,142
Netherlands,NLD,2024-12-03T07:00:00Z,2024-12-03T08:00:00Z,155.64
Netherlands,NLD,2024-12-03T08:00:00Z,2024-12-03T09:00:00Z,151.09
Netherlands,NLD,2024-12-03T09:00:00Z,2024-12-03T10:00:00Z,142.29
Netherlands,NLD,2024-12-03T10:00:00Z,2024-12-03T11:00:00Z,131.14
Netherlands,NLD,2024-12-03T11:00:00Z,2024-12-03T12:00:00Z,127.13
Netherlands,NLD,2024-12-03T12:00:00Z,2024-12-03T13:00:00Z,141.62
Netherlands,NLD,2024-12-03T13:00:00Z,2024-12-03T14:00:00Z,148
Netherlands,NLD,2024-12-03T14:00:00Z,2024-12-03T15:00:00Z,165.98
Netherlands,NLD,2024-12-03T15:00:00Z,2024-12-03T16:00:00Z,200.1
Netherlands,NLD,2024-12-03T16:00:00Z,2024-12-03T17:00:00Z,209.14
Netherlands,NLD,2024-12-03T17:00:00Z,2024-12-03T18:00:00Z,197.88
Netherlands,NLD,2024-12-03T18:00:00Z,2024-12-03T19:00:00Z,189.83
Netherlands,NLD,2024-12-03T19:00:00Z,2024-12-03T20:00:00Z,168.44
Netherlands,NLD,2024-12-03T20:00:00Z,2024-12-03T21:00:00Z,153.13
Netherlands,NLD,2024-12-03T21:00:00Z,2024-12-03T22:00:00Z,142.08
Netherlands,NLD,2024-12-03T22:00:00Z,2024-12-03T23:00:00Z,130.81
Netherlands,NLD,2024-12-03T23:00:00Z,2024-12-04T00:00:00Z,121
Netherlands,NLD,2024-12-04T00:00:00Z,2024-12-04T01:00:00Z,116.66
Netherlands,NLD,2024-12-04T01:00:00Z,2024-12-04T02:00:00Z,112.79
Netherlands,NLD,2024-12-04T02:00:00Z,2024-12-04T03:00:00Z,110
Netherlands,NLD,2024-12-04T03:00:00Z,2024-12-04T04:00:00Z,111.64
Netherlands,NLD,2024-12-04T04:00:00Z,2024-12-04T05:00:00Z,119.6
Netherlands,NLD,2024-12-04T05:00:00Z,2024-12-04T06:00:00Z,143.15
Netherlands,NLD,2024-12-04T06:00:00Z,2024-12-04T07:00:00Z,202.14
Netherlands,NLD,2024-12-04T07:00:00Z,2024-12-04T08:00:00Z,266.51
Netherlands,NLD,2024-12-04T08:00:00Z,2024-12-04T09:00:00Z,244.05
Netherlands,NLD,2024-12-04T09:00:00Z,2024-12-04T10:00:00Z,203.19
Netherlands,NLD,2024-12-04T10:00:00Z,2024-12-04T11:00:00Z,192.03
Netherlands,NLD,2024-12-04T11:00:00Z,2024-12-04T12:00:00Z,187.05
Netherlands,NLD,2024-12-04T12:00:00Z,2024-12-04T13:00:00Z,191.35
Netherlands,NLD,2024-12-04T13:00:00Z,2024-12-04T14:00:00Z,206.16
Netherlands,NLD,2024-12-04T14:00:00Z,2024-12-04T15:00:00Z,227.83
Netherlands,NLD,2024-12-04T15:00:00Z,2024-12-04T16:00:00Z,250
Netherlands,NLD,2024-12-04T16:00:00Z,2024-12-04T17:00:00Z,279.69
Netherlands,NLD,2024-12-04T17:00:00Z,2024-12-04T18:00:00Z,225.24
Netherlands,NLD,2024-12-04T18:00:00Z,2024-12-04T19:00:00Z,194
Netherlands,NLD,2024-12-04T19:00:00Z,2024-12-04T20:00:00Z,158.8
Netherlands,NLD,2024-12-04T20:00:00Z,2024-12-04T21:00:00Z,133
Netherlands,NLD,2024-12-04T21:00:00Z,2024-12-04T22:00:00Z,120
Netherlands,NLD,2024-12-04T22:00:00Z,2024-12-04T23:00:00Z,111
Netherlands,NLD,2024-12-04T23:00:00Z,2024-12-05T00:00:00Z,114.77
Netherlands,NLD,2024-12-05T00:00:00Z,2024-12-05T01:00:00Z,105.74
Netherlands,NLD,2024-12-05T01:00:00Z,2024-12-05T02:00:00Z,100.1
Netherlands,NLD,2024-12-05T02:00:00Z,2024-12-05T03:00:00Z,87.14
Netherlands,NLD,2024-12-05T03:00:00Z,2024-12-05T04:00:00Z,76.94
Netherlands,NLD,2024-12-05T04:00:00Z,2024-12-05T05:00:00Z,77.7
Netherlands,NLD,2024-12-05T05:00:00Z,2024-12-05T06:00:00Z,91.3
Netherlands,NLD,2024-12-05T06:00:00Z,2024-12-05T07:00:00Z,100.1
Netherlands,NLD,2024-12-05T07:00:00Z,2024-12-05T08:00:00Z,128
Netherlands,NLD,2024-12-05T08:00:00Z,2024-12-05T09:00:00Z,131.78
Netherlands,NLD,2024-12-05T09:00:00Z,2024-12-05T10:00:00Z,124.92
Netherlands,NLD,2024-12-05T10:00:00Z,2024-12-05T11:00:00Z,107.31
Netherlands,NLD,2024-12-05T11:00:00Z,2024-12-05T12:00:00Z,103.5
Netherlands,NLD,2024-12-05T12:00:00Z,2024-12-05T13:00:00Z,104.32
Netherlands,NLD,2024-12-05T13:00:00Z,2024-12-05T14:00:00Z,107.36
Netherlands,NLD,2024-12-05T14:00:00Z,2024-12-05T15:00:00Z,116.26
Netherlands,NLD,2024-12-05T15:00:00Z,2024-12-05T16:00:00Z,124.64
Netherlands,NLD,2024-12-05T16:00:00Z,2024-12-05T17:00:00Z,137.9
Netherlands,NLD,2024-12-05T17:00:00Z,2024-12-05T18:00:00Z,130
Netherlands,NLD,2024-12-05T18:00:00Z,2024-12-05T19:00:00Z,115.21
Netherlands,NLD,2024-12-05T19:00:00Z,2024-12-05T20:00:00Z,101.91
Netherlands,NLD,2024-12-05T20:00:00Z,2024-12-05T21:00:00Z,83.93
Netherlands,NLD,2024-12-05T21:00:00Z,2024-12-05T22:00:00Z,79.96
Netherlands,NLD,2024-12-05T22:00:00Z,2024-12-05T23:00:00Z,45.12
Netherlands,NLD,2024-12-05T23:00:00Z,2024-12-06T00:00:00Z,12.09
Netherlands,NLD,2024-12-06T00:00:00Z,2024-12-06T01:00:00Z,5.97
Netherlands,NLD,2024-12-06T01:00:00Z,2024-12-06T02:00:00Z,4.16
Netherlands,NLD,2024-12-06T02:00:00Z,2024-12-06T03:00:00Z,2.22
Netherlands,NLD,2024-12-06T03:00:00Z,2024-12-06T04:00:00Z,2.79
Netherlands,NLD,2024-12-06T04:00:00Z,2024-12-06T05:00:00Z,10.54
Netherlands,NLD,2024-12-06T05:00:00Z,2024-12-06T06:00:00Z,62.7
Netherlands,NLD,2024-12-06T06:00:00Z,2024-12-06T07:00:00Z,94.77
Netherlands,NLD,2024-12-06T07:00:00Z,2024-12-06T08:00:00Z,111.75
Netherlands,NLD,2024-12-06T08:00:00Z,2024-12-06T09:00:00Z,125
Netherlands,NLD,2024-12-06T09:00:00Z,2024-12-06T10:00:00Z,105.43
Netherlands,NLD,2024-12-06T10:00:00Z,2024-12-06T11:00:00Z,99.9
Netherlands,NLD,2024-12-06T11:00:00Z,2024-12-06T12:00:00Z,91.9
Netherlands,NLD,2024-12-06T12:00:00Z,2024-12-06T13:00:00Z,101.17
Netherlands,NLD,2024-12-06T13:00:00Z,2024-12-06T14:00:00Z,109
Netherlands,NLD,2024-12-06T14:00:00Z,2024-12-06T15:00:00Z,117.03
Netherlands,NLD,2024-12-06T15:00:00Z,2024-12-06T16:00:00Z,130.58
Netherlands,NLD,2024-12-06T16:00:00Z,2024-12-06T17:00:00Z,142.27
Netherlands,NLD,2024-12-06T17:00:00Z,2024-12-06T18:00:00Z,150.55
Netherlands,NLD,2024-12-06T18:00:00Z,2024-12-06T19:00:00Z,141.7
Netherlands,NLD,2024-12-06T19:00:00Z,2024-12-06T20:00:00Z,128.25
Netherlands,NLD,2024-12-06T20:00:00Z,2024-12-06T21:00:00Z,117.99
Netherlands,NLD,2024-12-06T21:00:00Z,2024-12-06T22:00:00Z,118
Netherlands,NLD,2024-12-06T22:00:00Z,2024-12-06T23:00:00Z,100.49
Netherlands,NLD,2024-12-06T23:00:00Z,2024-12-07T00:00:00Z,85.79
Netherlands,NLD,2024-12-07T00:00:00Z,2024-12-07T01:00:00Z,74.92
Netherlands,NLD,2024-12-07T01:00:00Z,2024-12-07T02:00:00Z,67.5
Netherlands,NLD,2024-12-07T02:00:00Z,2024-12-07T03:00:00Z,61.48
Netherlands,NLD,2024-12-07T03:00:00Z,2024-12-07T04:00:00Z,49.1
Netherlands,NLD,2024-12-07T04:00:00Z,2024-12-07T05:00:00Z,37.41
Netherlands,NLD,2024-12-07T05:00:00Z,2024-12-07T06:00:00Z,36.5
Netherlands,NLD,2024-12-07T06:00:00Z,2024-12-07T07:00:00Z,41.48
Netherlands,NLD,2024-12-07T07:00:00Z,2024-12-07T08:00:00Z,54.17
Netherlands,NLD,2024-12-07T08:00:00Z,2024-12-07T09:00:00Z,59.1
Netherlands,NLD,2024-12-07T09:00:00Z,2024-12-07T10:00:00Z,58.8
Netherlands,NLD,2024-12-07T10:00:00Z,2024-12-07T11:00:00Z,57.96
Netherlands,NLD,2024-12-07T11:00:00Z,2024-12-07T12:00:00Z,63.14
Netherlands,NLD,2024-12-07T12:00:00Z,2024-12-07T13:00:00Z,66.65
Netherlands,NLD,2024-12-07T13:00:00Z,2024-12-07T14:00:00Z,65.74
Netherlands,NLD,2024-12-07T14:00:00Z,2024-12-07T15:00:00Z,72.34
Netherlands,NLD,2024-12-07T15:00:00Z,2024-12-07T16:00:00Z,85
Netherlands,NLD,2024-12-07T16:00:00Z,2024-12-07T17:00:00Z,87.2
Netherlands,NLD,2024-12-07T17:00:00Z,2024-12-07T18:00:00Z,82.61
Netherlands,NLD,2024-12-07T18:00:00Z,2024-12-07T19:00:00Z,80.35
Netherlands,NLD,2024-12-07T19:00:00Z,2024-12-07T20:00:00Z,78.9
Netherlands,NLD,2024-12-07T20:00:00Z,2024-12-07T21:00:00Z,79.03
Netherlands,NLD,2024-12-07T21:00:00Z,2024-12-07T22:00:00Z,76.5
Netherlands,NLD,2024-12-07T22:00:00Z,2024-12-07T23:00:00Z,68.73
Netherlands,NLD,2024-12-07T23:00:00Z,2024-12-08T00:00:00Z,82.16
Netherlands,NLD,2024-12-08T00:00:00Z,2024-12-08T01:00:00Z,75.85
Netherlands,NLD,2024-12-08T01:00:00Z,2024-12-08T02:00:00Z,75.81
Netherlands,NLD,2024-12-08T02:00:00Z,2024-12-08T03:00:00Z,71.21
Netherlands,NLD,2024-12-08T03:00:00Z,2024-12-08T04:00:00Z,71.28
Netherlands,NLD,2024-12-08T04:00:00Z,2024-12-08T05:00:00Z,76.96
Netherlands,NLD,2024-12-08T05:00:00Z,2024-12-08T06:00:00Z,78.74
Netherlands,NLD,2024-12-08T06:00:00Z,2024-12-08T07:00:00Z,79.29
Netherlands,NLD,2024-12-08T07:00:00Z,2024-12-08T08:00:00Z,88.67
Netherlands,NLD,2024-12-08T08:00:00Z,2024-12-08T09:00:00Z,98.73
Netherlands,NLD,2024-12-08T09:00:00Z,2024-12-08T10:00:00Z,100.81
Netherlands,NLD,2024-12-08T10:00:00Z,2024-12-08T11:00:00Z,106.4
Netherlands,NLD,2024-12-08T11:00:00Z,2024-12-08T12:00:00Z,108.74
Netherlands,NLD,2024-12-08T12:00:00Z,2024-12-08T13:00:00Z,106.16
Netherlands,NLD,2024-12-08T13:00:00Z,2024-12-08T14:00:00Z,99.37
Netherlands,NLD,2024-12-08T14:00:00Z,2024-12-08T15:00:00Z,109.66
Netherlands,NLD,2024-12-08T15:00:00Z,2024-12-08T16:00:00Z,95.8
Netherlands,NLD,2024-12-08T16:00:00Z,2024-12-08T17:00:00Z,105.48
Netherlands,NLD,2024-12-08T17:00:00Z,2024-12-08T18:00:00Z,95.35
Netherlands,NLD,2024-12-08T18:00:00Z,2024-12-08T19:00:00Z,94.12
Netherlands,NLD,2024-12-08T19:00:00Z,2024-12-08T20:00:00Z,88.75
Netherlands,NLD,2024-12-08T20:00:00Z,2024-12-08T21:00:00Z,88
Netherlands,NLD,2024-12-08T21:00:00Z,2024-12-08T22:00:00Z,85.75
Netherlands,NLD,2024-12-08T22:00:00Z,2024-12-08T23:00:00Z,73.51
Netherlands,NLD,2024-12-08T23:00:00Z,2024-12-09T00:00:00Z,68.99
Netherlands,NLD,2024-12-09T00:00:00Z,2024-12-09T01:00:00Z,53.19
Netherlands,NLD,2024-12-09T01:00:00Z,2024-12-09T02:00:00Z,34.66
Netherlands,NLD,2024-12-09T02:00:00Z,2024-12-09T03:00:00Z,31.5
Netherlands,NLD,2024-12-09T03:00:00Z,2024-12-09T04:00:00Z,35.33
Netherlands,NLD,2024-12-09T04:00:00Z,2024-12-09T05:00:00Z,66.24
Netherlands,NLD,2024-12-09T05:00:00Z,2024-12-09T06:00:00Z,77.67
Netherlands,NLD,2024-12-09T06:00:00Z,2024-12-09T07:00:00Z,112.12
Netherlands,NLD,2024-12-09T07:00:00Z,2024-12-09T08:00:00Z,121.96
Netherlands,NLD,2024-12-09T08:00:00Z,2024-12-09T09:00:00Z,122.28
Netherlands,NLD,2024-12-09T09:00:00Z,2024-12-09T10:00:00Z,123.36
Netherlands,NLD,2024-12-09T10:00:00Z,2024-12-09T11:00:00Z,120.31
Netherlands,NLD,2024-12-09T11:00:00Z,2024-12-09T12:00:00Z,122.46
Netherlands,NLD,2024-12-09T12:00:00Z,2024-12-09T13:00:00Z,116.2
Netherlands,NLD,2024-12-09T13:00:00Z,2024-12-09T14:00:00Z,116.67
Netherlands,NLD,2024-12-09T14:00:00Z,2024-12-09T15:00:00Z,114.01
Netherlands,NLD,2024-12-09T15:00:00Z,2024-12-09T16:00:00Z,115.69
Netherlands,NLD,2024-12-09T16:00:00Z,2024-12-09T17:00:00Z,121.6
Netherlands,NLD,2024-12-09T17:00:00Z,2024-12-09T18:00:00Z,116.91
Netherlands,NLD,2024-12-09T18:00:00Z,2024-12-09T19:00:00Z,125.39
Netherlands,NLD,2024-12-09T19:00:00Z,2024-12-09T20:00:00Z,113.16
Netherlands,NLD,2024-12-09T20:00:00Z,2024-12-09T21:00:00Z,101.95
Netherlands,NLD,2024-12-09T21:00:00Z,2024-12-09T22:00:00Z,98.48
Netherlands,NLD,2024-12-09T22:00:00Z,2024-12-09T23:00:00Z,92.39
Netherlands,NLD,2024-12-09T23:00:00Z,2024-12-10T00:00:00Z,77.27
Netherlands,NLD,2024-12-10T00:00:00Z,2024-12-10T01:00:00Z,85
Netherlands,NLD,2024-12-10T01:00:00Z,2024-12-10T02:00:00Z,84.93
Netherlands,NLD,2024-12-10T02:00:00Z,2024-12-10T03:00:00Z,83.7
Netherlands,NLD,2024-12-10T03:00:00Z,2024-12-10T04:00:00Z,87.21
Netherlands,NLD,2024-12-10T04:00:00Z,2024-12-10T05:00:00Z,87.69
Netherlands,NLD,2024-12-10T05:00:00Z,2024-12-10T06:00:00Z,100
Netherlands,NLD,2024-12-10T06:00:00Z,2024-12-10T07:00:00Z,112.79
Netherlands,NLD,2024-12-10T07:00:00Z,2024-12-10T08:00:00Z,134.23
Netherlands,NLD,2024-12-10T08:00:00Z,2024-12-10T09:00:00Z,157.73
Netherlands,NLD,2024-12-10T09:00:00Z,2024-12-10T10:00:00Z,153.13
Netherlands,NLD,2024-12-10T10:00:00Z,2024-12-10T11:00:00Z,163
Netherlands,NLD,2024-12-10T11:00:00Z,2024-12-10T12:00:00Z,135.22
Netherlands,NLD,2024-12-10T12:00:00Z,2024-12-10T13:00:00Z,169.15
Netherlands,NLD,2024-12-10T13:00:00Z,2024-12-10T14:00:00Z,169.48
Netherlands,NLD,2024-12-10T14:00:00Z,2024-12-10T15:00:00Z,176.6
Netherlands,NLD,2024-12-10T15:00:00Z,2024-12-10T16:00:00Z,179.97
Netherlands,NLD,2024-12-10T16:00:00Z,2024-12-10T17:00:00Z,159.9
Netherlands,NLD,2024-12-10T17:00:00Z,2024-12-10T18:00:00Z,181
Netherlands,NLD,2024-12-10T18:00:00Z,2024-12-10T19:00:00Z,176.65
Netherlands,NLD,2024-12-10T19:00:00Z,2024-12-10T20:00:00Z,151.98
Netherlands,NLD,2024-12-10T20:00:00Z,2024-12-10T21:00:00Z,120
Netherlands,NLD,2024-12-10T21:00:00Z,2024-12-10T22:00:00Z,107.2
Netherlands,NLD,2024-12-10T22:00:00Z,2024-12-10T23:00:00Z,121.37
Netherlands,NLD,2024-12-10T23:00:00Z,2024-12-11T00:00:00Z,100
Netherlands,NLD,2024-12-11T00:00:00Z,2024-12-11T01:00:00Z,101.85
Netherlands,NLD,2024-12-11T01:00:00Z,2024-12-11T02:00:00Z,96.54
Netherlands,NLD,2024-12-11T02:00:00Z,2024-12-11T03:00:00Z,97.1
Netherlands,NLD,2024-12-11T03:00:00Z,2024-12-11T04:00:00Z,96.51
Netherlands,NLD,2024-12-11T04:00:00Z,2024-12-11T05:00:00Z,97.1
Netherlands,NLD,2024-12-11T05:00:00Z,2024-12-11T06:00:00Z,100.1
Netherlands,NLD,2024-12-11T06:00:00Z,2024-12-11T07:00:00Z,120
Netherlands,NLD,2024-12-11T07:00:00Z,2024-12-11T08:00:00Z,247.67
Netherlands,NLD,2024-12-11T08:00:00Z,2024-12-11T09:00:00Z,300.1
Netherlands,NLD,2024-12-11T09:00:00Z,2024-12-11T10:00:00Z,322.15
Netherlands,NLD,2024-12-11T10:00:00Z,2024-12-11T11:00:00Z,319.32
Netherlands,NLD,2024-12-11T11:00:00Z,2024-12-11T12:00:00Z,311.87
Netherlands,NLD,2024-12-11T12:00:00Z,2024-12-11T13:00:00Z,319.45
Netherlands,NLD,2024-12-11T13:00:00Z,2024-12-11T14:00:00Z,342.13
Netherlands,NLD,2024-12-11T14:00:00Z,2024-12-11T15:00:00Z,355.39
Netherlands,NLD,2024-12-11T15:00:00Z,2024-12-11T16:00:00Z,411.94
Netherlands,NLD,2024-12-11T16:00:00Z,2024-12-11T17:00:00Z,423.13
Netherlands,NLD,2024-12-11T17:00:00Z,2024-12-11T18:00:00Z,349.31
Netherlands,NLD,2024-12-11T18:00:00Z,2024-12-11T19:00:00Z,298.32
Netherlands,NLD,2024-12-11T19:00:00Z,2024-12-11T20:00:00Z,193.13
Netherlands,NLD,2024-12-11T20:00:00Z,2024-12-11T21:00:00Z,154.68
Netherlands,NLD,2024-12-11T21:00:00Z,2024-12-11T22:00:00Z,150
Netherlands,NLD,2024-12-11T22:00:00Z,2024-12-11T23:00:00Z,135.96
Netherlands,NLD,2024-12-11T23:00:00Z,2024-12-12T00:00:00Z,122.24
Netherlands,NLD,2024-12-12T00:00:00Z,2024-12-12T01:00:00Z,115.3
Netherlands,NLD,2024-12-12T01:00:00Z,2024-12-12T02:00:00Z,109.96
Netherlands,NLD,2024-12-12T02:00:00Z,2024-12-12T03:00:00Z,107.35
Netherlands,NLD,2024-12-12T03:00:00Z,2024-12-12T04:00:00Z,112.51
Netherlands,NLD,2024-12-12T04:00:00Z,2024-12-12T05:00:00Z,123.37
Netherlands,NLD,2024-12-12T05:00:00Z,2024-12-12T06:00:00Z,163.98
Netherlands,NLD,2024-12-12T06:00:00Z,2024-12-12T07:00:00Z,232.97
Netherlands,NLD,2024-12-12T07:00:00Z,2024-12-12T08:00:00Z,519.9
Netherlands,NLD,2024-12-12T08:00:00Z,2024-12-12T09:00:00Z,581.48
Netherlands,NLD,2024-12-12T09:00:00Z,2024-12-12T10:00:00Z,500
Netherlands,NLD,2024-12-12T10:00:00Z,2024-12-12T11:00:00Z,433.69
Netherlands,NLD,2024-12-12T11:00:00Z,2024-12-12T12:00:00Z,381.12
Netherlands,NLD,2024-12-12T12:00:00Z,2024-12-12T13:00:00Z,400.1
Netherlands,NLD,2024-12-12T13:00:00Z,2024-12-12T14:00:00Z,466.19
Netherlands,NLD,2024-12-12T14:00:00Z,2024-12-12T15:00:00Z,637.86
Netherlands,NLD,2024-12-12T15:00:00Z,2024-12-12T16:00:00Z,767.67
Netherlands,NLD,2024-12-12T16:00:00Z,2024-12-12T17:00:00Z,872.96
Netherlands,NLD,2024-12-12T17:00:00Z,2024-12-12T18:00:00Z,628.27
Netherlands,NLD,2024-12-12T18:00:00Z,2024-12-12T19:00:00Z,517.5
Netherlands,NLD,2024-12-12T19:00:00Z,2024-12-12T20:00:00Z,285.37
Netherlands,NLD,2024-12-12T20:00:00Z,2024-12-12T21:00:00Z,169.4
Netherlands,NLD,2024-12-12T21:00:00Z,2024-12-12T22:00:00Z,150
Netherlands,NLD,2024-12-12T22:00:00Z,2024-12-12T23:00:00Z,134.75
Netherlands,NLD,2024-12-12T23:00:00Z,2024-12-13T00:00:00Z,130.07
Netherlands,NLD,2024-12-13T00:00:00Z,2024-12-13T01:00:00Z,122.9
Netherlands,NLD,2024-12-13T01:00:00Z,2024-12-13T02:00:00Z,118.97
Netherlands,NLD,2024-12-13T02:00:00Z,2024-12-13T03:00:00Z,114.95
Netherlands,NLD,2024-12-13T03:00:00Z,2024-12-13T04:00:00Z,115.64
Netherlands,NLD,2024-12-13T04:00:00Z,2024-12-13T05:00:00Z,119.9
Netherlands,NLD,2024-12-13T05:00:00Z,2024-12-13T06:00:00Z,150.1
Netherlands,NLD,2024-12-13T06:00:00Z,2024-12-13T07:00:00Z,187.48
Netherlands,NLD,2024-12-13T07:00:00Z,2024-12-13T08:00:00Z,253
Netherlands,NLD,2024-12-13T08:00:00Z,2024-12-13T09:00:00Z,245.74
Netherlands,NLD,2024-12-13T09:00:00Z,2024-12-13T10:00:00Z,208.42
Netherlands,NLD,2024-12-13T10:00:00Z,2024-12-13T11:00:00Z,174.27
Netherlands,NLD,2024-12-13T11:00:00Z,2024-12-13T12:00:00Z,165.97
Netherlands,NLD,2024-12-13T12:00:00Z,2024-12-13T13:00:00Z,165
Netherlands,NLD,2024-12-13T13:00:00Z,2024-12-13T14:00:00Z,184.5
Netherlands,NLD,2024-12-13T14:00:00Z,2024-12-13T15:00:00Z,219.84
Netherlands,NLD,2024-12-13T15:00:00Z,2024-12-13T16:00:00Z,249.29
Netherlands,NLD,2024-12-13T16:00:00Z,2024-12-13T17:00:00Z,284.21
Netherlands,NLD,2024-12-13T17:00:00Z,2024-12-13T18:00:00Z,260
Netherlands,NLD,2024-12-13T18:00:00Z,2024-12-13T19:00:00Z,225.6
Netherlands,NLD,2024-12-13T19:00:00Z,2024-12-13T20:00:00Z,175
Netherlands,NLD,2024-12-13T20:00:00Z,2024-12-13T21:00:00Z,146.22
Netherlands,NLD,2024-12-13T21:00:00Z,2024-12-13T22:00:00Z,135.09
Netherlands,NLD,2024-12-13T22:00:00Z,2024-12-13T23:00:00Z,116.52
Netherlands,NLD,2024-12-13T23:00:00Z,2024-12-14T00:00:00Z,116.94
Netherlands,NLD,2024-12-14T00:00:00Z,2024-12-14T01:00:00Z,111.36
Netherlands,NLD,2024-12-14T01:00:00Z,2024-12-14T02:00:00Z,108.04
Netherlands,NLD,2024-12-14T02:00:00Z,2024-12-14T03:00:00Z,99.02
Netherlands,NLD,2024-12-14T03:00:00Z,2024-12-14T04:00:00Z,93.44
Netherlands,NLD,2024-12-14T04:00:00Z,2024-12-14T05:00:00Z,91.55
Netherlands,NLD,2024-12-14T05:00:00Z,2024-12-14T06:00:00Z,92.72
Netherlands,NLD,2024-12-14T06:00:00Z,2024-12-14T07:00:00Z,102.11
Netherlands,NLD,2024-12-14T07:00:00Z,2024-12-14T08:00:00Z,113.96
Netherlands,NLD,2024-12-14T08:00:00Z,2024-12-14T09:00:00Z,125.1
Netherlands,NLD,2024-12-14T09:00:00Z,2024-12-14T10:00:00Z,121.12
Netherlands,NLD,2024-12-14T10:00:00Z,2024-12-14T11:00:00Z,108.21
Netherlands,NLD,2024-12-14T11:00:00Z,2024-12-14T12:00:00Z,103.2
Netherlands,NLD,2024-12-14T12:00:00Z,2024-12-14T13:00:00Z,102.96
Netherlands,NLD,2024-12-14T13:00:00Z,2024-12-14T14:00:00Z,96.63
Netherlands,NLD,2024-12-14T14:00:00Z,2024-12-14T15:00:00Z,100.1
Netherlands,NLD,2024-12-14T15:00:00Z,2024-12-14T16:00:00Z,105.67
Netherlands,NLD,2024-12-14T16:00:00Z,2024-12-14T17:00:00Z,120
Netherlands,NLD,2024-12-14T17:00:00Z,2024-12-14T18:00:00Z,113.37
Netherlands,NLD,2024-12-14T18:00:00Z,2024-12-14T19:00:00Z,90.1
Netherlands,NLD,2024-12-14T19:00:00Z,2024-12-14T20:00:00Z,93.2
Netherlands,NLD,2024-12-14T20:00:00Z,2024-12-14T21:00:00Z,89.62
Netherlands,NLD,2024-12-14T21:00:00Z,2024-12-14T22:00:00Z,81.88
Netherlands,NLD,2024-12-14T22:00:00Z,2024-12-14T23:00:00Z,80.2
Netherlands,NLD,2024-12-14T23:00:00Z,2024-12-15T00:00:00Z,95
Netherlands,NLD,2024-12-15T00:00:00Z,2024-12-15T01:00:00Z,87.3
Netherlands,NLD,2024-12-15T01:00:00Z,2024-12-15T02:00:00Z,78.16
Netherlands,NLD,2024-12-15T02:00:00Z,2024-12-15T03:00:00Z,71
Netherlands,NLD,2024-12-15T03:00:00Z,2024-12-15T04:00:00Z,55.88
Netherlands,NLD,2024-12-15T04:00:00Z,2024-12-15T05:00:00Z,53.69
Netherlands,NLD,2024-12-15T05:00:00Z,2024-12-15T06:00:00Z,46.81
Netherlands,NLD,2024-12-15T06:00:00Z,2024-12-15T07:00:00Z,55.33
Netherlands,NLD,2024-12-15T07:00:00Z,2024-12-15T08:00:00Z,66.21
Netherlands,NLD,2024-12-15T08:00:00Z,2024-12-15T09:00:00Z,70.65
Netherlands,NLD,2024-12-15T09:00:00Z,2024-12-15T10:00:00Z,70.1
Netherlands,NLD,2024-12-15T10:00:00Z,2024-12-15T11:00:00Z,64.98
Netherlands,NLD,2024-12-15T11:00:00Z,2024-12-15T12:00:00Z,70.31
Netherlands,NLD,2024-12-15T12:00:00Z,2024-12-15T13:00:00Z,80.1
Netherlands,NLD,2024-12-15T13:00:00Z,2024-12-15T14:00:00Z,80.22
Netherlands,NLD,2024-12-15T14:00:00Z,2024-12-15T15:00:00Z,83
Netherlands,NLD,2024-12-15T15:00:00Z,2024-12-15T16:00:00Z,80.1
Netherlands,NLD,2024-12-15T16:00:00Z,2024-12-15T17:00:00Z,90.17
Netherlands,NLD,2024-12-15T17:00:00Z,2024-12-15T18:00:00Z,80
Netherlands,NLD,2024-12-15T18:00:00Z,2024-12-15T19:00:00Z,73
Netherlands,NLD,2024-12-15T19:00:00Z,2024-12-15T20:00:00Z,77.92
Netherlands,NLD,2024-12-15T20:00:00Z,2024-12-15T21:00:00Z,40.52
Netherlands,NLD,2024-12-15T21:00:00Z,2024-12-15T22:00:00Z,10.86
Netherlands,NLD,2024-12-15T22:00:00Z,2024-12-15T23:00:00Z,2.29
Netherlands,NLD,2024-12-15T23:00:00Z,2024-12-16T00:00:00Z,0.09
Netherlands,NLD,2024-12-16T00:00:00Z,2024-12-16T01:00:00Z,0.1
Netherlands,NLD,2024-12-16T01:00:00Z,2024-12-16T02:00:00Z,0.05
Netherlands,NLD,2024-12-16T02:00:00Z,2024-12-16T03:00:00Z,0
Netherlands,NLD,2024-12-16T03:00:00Z,2024-12-16T04:00:00Z,0.46
Netherlands,NLD,2024-12-16T04:00:00Z,2024-12-16T05:00:00Z,1.38
Netherlands,NLD,2024-12-16T05:00:00Z,2024-12-16T06:00:00Z,7.73
Netherlands,NLD,2024-12-16T06:00:00Z,2024-12-16T07:00:00Z,50
Netherlands,NLD,2024-12-16T07:00:00Z,2024-12-16T08:00:00Z,107.9
Netherlands,NLD,2024-12-16T08:00:00Z,2024-12-16T09:00:00Z,109
Netherlands,NLD,2024-12-16T09:00:00Z,2024-12-16T10:00:00Z,100.1
Netherlands,NLD,2024-12-16T10:00:00Z,2024-12-16T11:00:00Z,97.58
Netherlands,NLD,2024-12-16T11:00:00Z,2024-12-16T12:00:00Z,93.09
Netherlands,NLD,2024-12-16T12:00:00Z,2024-12-16T13:00:00Z,81.7
Netherlands,NLD,2024-12-16T13:00:00Z,2024-12-16T14:00:00Z,80.1
Netherlands,NLD,2024-12-16T14:00:00Z,2024-12-16T15:00:00Z,95.95
Netherlands,NLD,2024-12-16T15:00:00Z,2024-12-16T16:00:00Z,101.11
Netherlands,NLD,2024-12-16T16:00:00Z,2024-12-16T17:00:00Z,115.14
Netherlands,NLD,2024-12-16T17:00:00Z,2024-12-16T18:00:00Z,89.9
Netherlands,NLD,2024-12-16T18:00:00Z,2024-12-16T19:00:00Z,75
Netherlands,NLD,2024-12-16T19:00:00Z,2024-12-16T20:00:00Z,77.99
Netherlands,NLD,2024-12-16T20:00:00Z,2024-12-16T21:00:00Z,70.1
Netherlands,NLD,2024-12-16T21:00:00Z,2024-12-16T22:00:00Z,57
Netherlands,NLD,2024-12-16T22:00:00Z,2024-12-16T23:00:00Z,17.61
Netherlands,NLD,2024-12-16T23:00:00Z,2024-12-17T00:00:00Z,40.55
Netherlands,NLD,2024-12-17T00:00:00Z,2024-12-17T01:00:00Z,22.75
Netherlands,NLD,2024-12-17T01:00:00Z,2024-12-17T02:00:00Z,19.75
Netherlands,NLD,2024-12-17T02:00:00Z,2024-12-17T03:00:00Z,25.72
Netherlands,NLD,2024-12-17T03:00:00Z,2024-12-17T04:00:00Z,66.9
Netherlands,NLD,2024-12-17T04:00:00Z,2024-12-17T05:00:00Z,66.9
Netherlands,NLD,2024-12-17T05:00:00Z,2024-12-17T06:00:00Z,104.95
Netherlands,NLD,2024-12-17T06:00:00Z,2024-12-17T07:00:00Z,105.68
Netherlands,NLD,2024-12-17T07:00:00Z,2024-12-17T08:00:00Z,116.18
Netherlands,NLD,2024-12-17T08:00:00Z,2024-12-17T09:00:00Z,111.34
Netherlands,NLD,2024-12-17T09:00:00Z,2024-12-17T10:00:00Z,108
Netherlands,NLD,2024-12-17T10:00:00Z,2024-12-17T11:00:00Z,102.4
Netherlands,NLD,2024-12-17T11:00:00Z,2024-12-17T12:00:00Z,102.73
Netherlands,NLD,2024-12-17T12:00:00Z,2024-12-17T13:00:00Z,106.21
Netherlands,NLD,2024-12-17T13:00:00Z,2024-12-17T14:00:00Z,109.59
Netherlands,NLD,2024-12-17T14:00:00Z,2024-12-17T15:00:00Z,116.07
Netherlands,NLD,2024-12-17T15:00:00Z,2024-12-17T16:00:00Z,116.99
Netherlands,NLD,2024-12-17T16:00:00Z,2024-12-17T17:00:00Z,127.33
Netherlands,NLD,2024-12-17T17:00:00Z,2024-12-17T18:00:00Z,122.07
Netherlands,NLD,2024-12-17T18:00:00Z,2024-12-17T19:00:00Z,108.1
Netherlands,NLD,2024-12-17T19:00:00Z,2024-12-17T20:00:00Z,99.21
Netherlands,NLD,2024-12-17T20:00:00Z,2024-12-17T21:00:00Z,95.84
Netherlands,NLD,2024-12-17T21:00:00Z,2024-12-17T22:00:00Z,92.31
Netherlands,NLD,2024-12-17T22:00:00Z,2024-12-17T23:00:00Z,71.2
Netherlands,NLD,2024-12-17T23:00:00Z,2024-12-18T00:00:00Z,68.71
Netherlands,NLD,2024-12-18T00:00:00Z,2024-12-18T01:00:00Z,52.12
Netherlands,NLD,2024-12-18T01:00:00Z,2024-12-18T02:00:00Z,45.7
Netherlands,NLD,2024-12-18T02:00:00Z,2024-12-18T03:00:00Z,40
Netherlands,NLD,2024-12-18T03:00:00Z,2024-12-18T04:00:00Z,26.22
Netherlands,NLD,2024-12-18T04:00:00Z,2024-12-18T05:00:00Z,32.67
Netherlands,NLD,2024-12-18T05:00:00Z,2024-12-18T06:00:00Z,45.94
Netherlands,NLD,2024-12-18T06:00:00Z,2024-12-18T07:00:00Z,57.34
Netherlands,NLD,2024-12-18T07:00:00Z,2024-12-18T08:00:00Z,77.58
Netherlands,NLD,2024-12-18T08:00:00Z,2024-12-18T09:00:00Z,76.69
Netherlands,NLD,2024-12-18T09:00:00Z,2024-12-18T10:00:00Z,68.62
Netherlands,NLD,2024-12-18T10:00:00Z,2024-12-18T11:00:00Z,67.12
Netherlands,NLD,2024-12-18T11:00:00Z,2024-12-18T12:00:00Z,70.48
Netherlands,NLD,2024-12-18T12:00:00Z,2024-12-18T13:00:00Z,70
Netherlands,NLD,2024-12-18T13:00:00Z,2024-12-18T14:00:00Z,70
Netherlands,NLD,2024-12-18T14:00:00Z,2024-12-18T15:00:00Z,73.08
Netherlands,NLD,2024-12-18T15:00:00Z,2024-12-18T16:00:00Z,78.69
Netherlands,NLD,2024-12-18T16:00:00Z,2024-12-18T17:00:00Z,94.46
Netherlands,NLD,2024-12-18T17:00:00Z,2024-12-18T18:00:00Z,89.9
Netherlands,NLD,2024-12-18T18:00:00Z,2024-12-18T19:00:00Z,85.2
Netherlands,NLD,2024-12-18T19:00:00Z,2024-12-18T20:00:00Z,77.31
Netherlands,NLD,2024-12-18T20:00:00Z,2024-12-18T21:00:00Z,64.9
Netherlands,NLD,2024-12-18T21:00:00Z,2024-12-18T22:00:00Z,45.1
Netherlands,NLD,2024-12-18T22:00:00Z,2024-12-18T23:00:00Z,23.58
Netherlands,NLD,2024-12-18T23:00:00Z,2024-12-19T00:00:00Z,13.66
Netherlands,NLD,2024-12-19T00:00:00Z,2024-12-19T01:00:00Z,14.41
Netherlands,NLD,2024-12-19T01:00:00Z,2024-12-19T02:00:00Z,5.69
Netherlands,NLD,2024-12-19T02:00:00Z,2024-12-19T03:00:00Z,1.6
Netherlands,NLD,2024-12-19T03:00:00Z,2024-12-19T04:00:00Z,0.26
Netherlands,NLD,2024-12-19T04:00:00Z,2024-12-19T05:00:00Z,0.06
Netherlands,NLD,2024-12-19T05:00:00Z,2024-12-19T06:00:00Z,7.01
Netherlands,NLD,2024-12-19T06:00:00Z,2024-12-19T07:00:00Z,55.78
Netherlands,NLD,2024-12-19T07:00:00Z,2024-12-19T08:00:00Z,92.15
Netherlands,NLD,2024-12-19T08:00:00Z,2024-12-19T09:00:00Z,131.1
Netherlands,NLD,2024-12-19T09:00:00Z,2024-12-19T10:00:00Z,110.9
Netherlands,NLD,2024-12-19T10:00:00Z,2024-12-19T11:00:00Z,96
Netherlands,NLD,2024-12-19T11:00:00Z,2024-12-19T12:00:00Z,80.1
Netherlands,NLD,2024-12-19T12:00:00Z,2024-12-19T13:00:00Z,77
Netherlands,NLD,2024-12-19T13:00:00Z,2024-12-19T14:00:00Z,80.03
Netherlands,NLD,2024-12-19T14:00:00Z,2024-12-19T15:00:00Z,90
Netherlands,NLD,2024-12-19T15:00:00Z,2024-12-19T16:00:00Z,110.9
Netherlands,NLD,2024-12-19T16:00:00Z,2024-12-19T17:00:00Z,147.8
Netherlands,NLD,2024-12-19T17:00:00Z,2024-12-19T18:00:00Z,129.99
Netherlands,NLD,2024-12-19T18:00:00Z,2024-12-19T19:00:00Z,91.54
Netherlands,NLD,2024-12-19T19:00:00Z,2024-12-19T20:00:00Z,85.29
Netherlands,NLD,2024-12-19T20:00:00Z,2024-12-19T21:00:00Z,79.07
Netherlands,NLD,2024-12-19T21:00:00Z,2024-12-19T22:00:00Z,79.05
Netherlands,NLD,2024-12-19T22:00:00Z,2024-12-19T23:00:00Z,64.9
Netherlands,NLD,2024-12-19T23:00:00Z,2024-12-20T00:00:00Z,48.65
Netherlands,NLD,2024-12-20T00:00:00Z,2024-12-20T01:00:00Z,32.4
Netherlands,NLD,2024-12-20T01:00:00Z,2024-12-20T02:00:00Z,17.52
Netherlands,NLD,2024-12-20T02:00:00Z,2024-12-20T03:00:00Z,18.14
Netherlands,NLD,2024-12-20T03:00:00Z,2024-12-20T04:00:00Z,23.6
Netherlands,NLD,2024-12-20T04:00:00Z,2024-12-20T05:00:00Z,48.98
Netherlands,NLD,2024-12-20T05:00:00Z,2024-12-20T06:00:00Z,74.92
Netherlands,NLD,2024-12-20T06:00:00Z,2024-12-20T07:00:00Z,118
Netherlands,NLD,2024-12-20T07:00:00Z,2024-12-20T08:00:00Z,169
Netherlands,NLD,2024-12-20T08:00:00Z,2024-12-20T09:00:00Z,150.03
Netherlands,NLD,2024-12-20T09:00:00Z,2024-12-20T10:00:00Z,122.92
Netherlands,NLD,2024-12-20T10:00:00Z,2024-12-20T11:00:00Z,97.87
Netherlands,NLD,2024-12-20T11:00:00Z,2024-12-20T12:00:00Z,87.97
Netherlands,NLD,2024-12-20T12:00:00Z,2024-12-20T13:00:00Z,84.28
Netherlands,NLD,2024-12-20T13:00:00Z,2024-12-20T14:00:00Z,88.76
Netherlands,NLD,2024-12-20T14:00:00Z,2024-12-20T15:00:00Z,99.38
Netherlands,NLD,2024-12-20T15:00:00Z,2024-12-20T16:00:00Z,105.58
Netherlands,NLD,2024-12-20T16:00:00Z,2024-12-20T17:00:00Z,110.14
Netherlands,NLD,2024-12-20T17:00:00Z,2024-12-20T18:00:00Z,101.72
Netherlands,NLD,2024-12-20T18:00:00Z,2024-12-20T19:00:00Z,99.33
Netherlands,NLD,2024-12-20T19:00:00Z,2024-12-20T20:00:00Z,90.34
Netherlands,NLD,2024-12-20T20:00:00Z,2024-12-20T21:00:00Z,72.44
Netherlands,NLD,2024-12-20T21:00:00Z,2024-12-20T22:00:00Z,70.42
Netherlands,NLD,2024-12-20T22:00:00Z,2024-12-20T23:00:00Z,58.33
Netherlands,NLD,2024-12-20T23:00:00Z,2024-12-21T00:00:00Z,28.81
Netherlands,NLD,2024-12-21T00:00:00Z,2024-12-21T01:00:00Z,24.51
Netherlands,NLD,2024-12-21T01:00:00Z,2024-12-21T02:00:00Z,24.26
Netherlands,NLD,2024-12-21T02:00:00Z,2024-12-21T03:00:00Z,19.41
Netherlands,NLD,2024-12-21T03:00:00Z,2024-12-21T04:00:00Z,18.11
Netherlands,NLD,2024-12-21T04:00:00Z,2024-12-21T05:00:00Z,26.16
Netherlands,NLD,2024-12-21T05:00:00Z,2024-12-21T06:00:00Z,41.73
Netherlands,NLD,2024-12-21T06:00:00Z,2024-12-21T07:00:00Z,40.6
Netherlands,NLD,2024-12-21T07:00:00Z,2024-12-21T08:00:00Z,51.65
Netherlands,NLD,2024-12-21T08:00:00Z,2024-12-21T09:00:00Z,61.92
Netherlands,NLD,2024-12-21T09:00:00Z,2024-12-21T10:00:00Z,56
Netherlands,NLD,2024-12-21T10:00:00Z,2024-12-21T11:00:00Z,40.52
Netherlands,NLD,2024-12-21T11:00:00Z,2024-12-21T12:00:00Z,34.64
Netherlands,NLD,2024-12-21T12:00:00Z,2024-12-21T13:00:00Z,31.44
Netherlands,NLD,2024-12-21T13:00:00Z,2024-12-21T14:00:00Z,28.45
Netherlands,NLD,2024-12-21T14:00:00Z,2024-12-21T15:00:00Z,31.09
Netherlands,NLD,2024-12-21T15:00:00Z,2024-12-21T16:00:00Z,32.56
Netherlands,NLD,2024-12-21T16:00:00Z,2024-12-21T17:00:00Z,49.9
Netherlands,NLD,2024-12-21T17:00:00Z,2024-12-21T18:00:00Z,60.1
Netherlands,NLD,2024-12-21T18:00:00Z,2024-12-21T19:00:00Z,55
Netherlands,NLD,2024-12-21T19:00:00Z,2024-12-21T20:00:00Z,28.04
Netherlands,NLD,2024-12-21T20:00:00Z,2024-12-21T21:00:00Z,9.41
Netherlands,NLD,2024-12-21T21:00:00Z,2024-12-21T22:00:00Z,7.36
Netherlands,NLD,2024-12-21T22:00:00Z,2024-12-21T23:00:00Z,3.98
Netherlands,NLD,2024-12-21T23:00:00Z,2024-12-22T00:00:00Z,2.7
Netherlands,NLD,2024-12-22T00:00:00Z,2024-12-22T01:00:00Z,1.61
Netherlands,NLD,2024-12-22T01:00:00Z,2024-12-22T02:00:00Z,0
Netherlands,NLD,2024-12-22T02:00:00Z,2024-12-22T03:00:00Z,-0.74
Netherlands,NLD,2024-12-22T03:00:00Z,2024-12-22T04:00:00Z,-2
Netherlands,NLD,2024-12-22T04:00:00Z,2024-12-22T05:00:00Z,-1.24
Netherlands,NLD,2024-12-22T05:00:00Z,2024-12-22T06:00:00Z,-0.66
Netherlands,NLD,2024-12-22T06:00:00Z,2024-12-22T07:00:00Z,2.29
Netherlands,NLD,2024-12-22T07:00:00Z,2024-12-22T08:00:00Z,6.45
Netherlands,NLD,2024-12-22T08:00:00Z,2024-12-22T09:00:00Z,22.41
Netherlands,NLD,2024-12-22T09:00:00Z,2024-12-22T10:00:00Z,20.66
Netherlands,NLD,2024-12-22T10:00:00Z,2024-12-22T11:00:00Z,23.54
Netherlands,NLD,2024-12-22T11:00:00Z,2024-12-22T12:00:00Z,22.62
Netherlands,NLD,2024-12-22T12:00:00Z,2024-12-22T13:00:00Z,22.55
Netherlands,NLD,2024-12-22T13:00:00Z,2024-12-22T14:00:00Z,28.07
Netherlands,NLD,2024-12-22T14:00:00Z,2024-12-22T15:00:00Z,41.77
Netherlands,NLD,2024-12-22T15:00:00Z,2024-12-22T16:00:00Z,59.9
Netherlands,NLD,2024-12-22T16:00:00Z,2024-12-22T17:00:00Z,92.3
Netherlands,NLD,2024-12-22T17:00:00Z,2024-12-22T18:00:00Z,86.2
Netherlands,NLD,2024-12-22T18:00:00Z,2024-12-22T19:00:00Z,71.23
Netherlands,NLD,2024-12-22T19:00:00Z,2024-12-22T20:00:00Z,54.9
Netherlands,NLD,2024-12-22T20:00:00Z,2024-12-22T21:00:00Z,39.91
Netherlands,NLD,2024-12-22T21:00:00Z,2024-12-22T22:00:00Z,37.91
Netherlands,NLD,2024-12-22T22:00:00Z,2024-12-22T23:00:00Z,26.32
Netherlands,NLD,2024-12-22T23:00:00Z,2024-12-23T00:00:00Z,19.37
Netherlands,NLD,2024-12-23T00:00:00Z,2024-12-23T01:00:00Z,13.26
Netherlands,NLD,2024-12-23T01:00:00Z,2024-12-23T02:00:00Z,11.13
Netherlands,NLD,2024-12-23T02:00:00Z,2024-12-23T03:00:00Z,7.73
Netherlands,NLD,2024-12-23T03:00:00Z,2024-12-23T04:00:00Z,6.4
Netherlands,NLD,2024-12-23T04:00:00Z,2024-12-23T05:00:00Z,6.3
Netherlands,NLD,2024-12-23T05:00:00Z,2024-12-23T06:00:00Z,17.45
Netherlands,NLD,2024-12-23T06:00:00Z,2024-12-23T07:00:00Z,53.37
Netherlands,NLD,2024-12-23T07:00:00Z,2024-12-23T08:00:00Z,66.94
Netherlands,NLD,2024-12-23T08:00:00Z,2024-12-23T09:00:00Z,67.36
Netherlands,NLD,2024-12-23T09:00:00Z,2024-12-23T10:00:00Z,56
Netherlands,NLD,2024-12-23T10:00:00Z,2024-12-23T11:00:00Z,54.9
Netherlands,NLD,2024-12-23T11:00:00Z,2024-12-23T12:00:00Z,56.97
Netherlands,NLD,2024-12-23T12:00:00Z,2024-12-23T13:00:00Z,57.7
Netherlands,NLD,2024-12-23T13:00:00Z,2024-12-23T14:00:00Z,64.55
Netherlands,NLD,2024-12-23T14:00:00Z,2024-12-23T15:00:00Z,76.34
Netherlands,NLD,2024-12-23T15:00:00Z,2024-12-23T16:00:00Z,117.27
Netherlands,NLD,2024-12-23T16:00:00Z,2024-12-23T17:00:00Z,130.32
Netherlands,NLD,2024-12-23T17:00:00Z,2024-12-23T18:00:00Z,129.9
Netherlands,NLD,2024-12-23T18:00:00Z,2024-12-23T19:00:00Z,135.96
Netherlands,NLD,2024-12-23T19:00:00Z,2024-12-23T20:00:00Z,145.8
Netherlands,NLD,2024-12-23T20:00:00Z,2024-12-23T21:00:00Z,110.2
Netherlands,NLD,2024-12-23T21:00:00Z,2024-12-23T22:00:00Z,105.82
Netherlands,NLD,2024-12-23T22:00:00Z,2024-12-23T23:00:00Z,118.91
Netherlands,NLD,2024-12-23T23:00:00Z,2024-12-24T00:00:00Z,86.03
Netherlands,NLD,2024-12-24T00:00:00Z,2024-12-24T01:00:00Z,82.84
Netherlands,NLD,2024-12-24T01:00:00Z,2024-12-24T02:00:00Z,81.89
Netherlands,NLD,2024-12-24T02:00:00Z,2024-12-24T03:00:00Z,78
Netherlands,NLD,2024-12-24T03:00:00Z,2024-12-24T04:00:00Z,78.78
Netherlands,NLD,2024-12-24T04:00:00Z,2024-12-24T05:00:00Z,80.6
Netherlands,NLD,2024-12-24T05:00:00Z,2024-12-24T06:00:00Z,85.07
Netherlands,NLD,2024-12-24T06:00:00Z,2024-12-24T07:00:00Z,100.83
Netherlands,NLD,2024-12-24T07:00:00Z,2024-12-24T08:00:00Z,115.09
Netherlands,NLD,2024-12-24T08:00:00Z,2024-12-24T09:00:00Z,120.95
Netherlands,NLD,2024-12-24T09:00:00Z,2024-12-24T10:00:00Z,120
Netherlands,NLD,2024-12-24T10:00:00Z,2024-12-24T11:00:00Z,118.16
Netherlands,NLD,2024-12-24T11:00:00Z,2024-12-24T12:00:00Z,117.49
Netherlands,NLD,2024-12-24T12:00:00Z,2024-12-24T13:00:00Z,115.38
Netherlands,NLD,2024-12-24T13:00:00Z,2024-12-24T14:00:00Z,117.98
Netherlands,NLD,2024-12-24T14:00:00Z,2024-12-24T15:00:00Z,119.5
Netherlands,NLD,2024-12-24T15:00:00Z,2024-12-24T16:00:00Z,120.21
Netherlands,NLD,2024-12-24T16:00:00Z,2024-12-24T17:00:00Z,118
Netherlands,NLD,2024-12-24T17:00:00Z,2024-12-24T18:00:00Z,110.98
Netherlands,NLD,2024-12-24T18:00:00Z,2024-12-24T19:00:00Z,105.66
Netherlands,NLD,2024-12-24T19:00:00Z,2024-12-24T20:00:00Z,102.56
Netherlands,NLD,2024-12-24T20:00:00Z,2024-12-24T21:00:00Z,94.63
Netherlands,NLD,2024-12-24T21:00:00Z,2024-12-24T22:00:00Z,99.04
Netherlands,NLD,2024-12-24T22:00:00Z,2024-12-24T23:00:00Z,90
Netherlands,NLD,2024-12-24T23:00:00Z,2024-12-25T00:00:00Z,91.37
Netherlands,NLD,2024-12-25T00:00:00Z,2024-12-25T01:00:00Z,86.44
Netherlands,NLD,2024-12-25T01:00:00Z,2024-12-25T02:00:00Z,85.07
Netherlands,NLD,2024-12-25T02:00:00Z,2024-12-25T03:00:00Z,80.81
Netherlands,NLD,2024-12-25T03:00:00Z,2024-12-25T04:00:00Z,75.99
Netherlands,NLD,2024-12-25T04:00:00Z,2024-12-25T05:00:00Z,80.81
Netherlands,NLD,2024-12-25T05:00:00Z,2024-12-25T06:00:00Z,83.01
Netherlands,NLD,2024-12-25T06:00:00Z,2024-12-25T07:00:00Z,84.94
Netherlands,NLD,2024-12-25T07:00:00Z,2024-12-25T08:00:00Z,90.21
Netherlands,NLD,2024-12-25T08:00:00Z,2024-12-25T09:00:00Z,99.24
Netherlands,NLD,2024-12-25T09:00:00Z,2024-12-25T10:00:00Z,93.56
Netherlands,NLD,2024-12-25T10:00:00Z,2024-12-25T11:00:00Z,92.55
Netherlands,NLD,2024-12-25T11:00:00Z,2024-12-25T12:00:00Z,94.41
Netherlands,NLD,2024-12-25T12:00:00Z,2024-12-25T13:00:00Z,91.03
Netherlands,NLD,2024-12-25T13:00:00Z,2024-12-25T14:00:00Z,99.17
Netherlands,NLD,2024-12-25T14:00:00Z,2024-12-25T15:00:00Z,110
Netherlands,NLD,2024-12-25T15:00:00Z,2024-12-25T16:00:00Z,116.71
Netherlands,NLD,2024-12-25T16:00:00Z,2024-12-25T17:00:00Z,120.52
Netherlands,NLD,2024-12-25T17:00:00Z,2024-12-25T18:00:00Z,119.1
Netherlands,NLD,2024-12-25T18:00:00Z,2024-12-25T19:00:00Z,118
Netherlands,NLD,2024-12-25T19:00:00Z,2024-12-25T20:00:00Z,118.32
Netherlands,NLD,2024-12-25T20:00:00Z,2024-12-25T21:00:00Z,113.01
Netherlands,NLD,2024-12-25T21:00:00Z,2024-12-25T22:00:00Z,114.07
Netherlands,NLD,2024-12-25T22:00:00Z,2024-12-25T23:00:00Z,104.63
Netherlands,NLD,2024-12-25T23:00:00Z,2024-12-26T00:00:00Z,102.17
Netherlands,NLD,2024-12-26T00:00:00Z,2024-12-26T01:00:00Z,95.06
Netherlands,NLD,2024-12-26T01:00:00Z,2024-12-26T02:00:00Z,94.61
Netherlands,NLD,2024-12-26T02:00:00Z,2024-12-26T03:00:00Z,89.64
Netherlands,NLD,2024-12-26T03:00:00Z,2024-12-26T04:00:00Z,90.87
Netherlands,NLD,2024-12-26T04:00:00Z,2024-12-26T05:00:00Z,95.1
Netherlands,NLD,2024-12-26T05:00:00Z,2024-12-26T06:00:00Z,99
Netherlands,NLD,2024-12-26T06:00:00Z,2024-12-26T07:00:00Z,112.62
Netherlands,NLD,2024-12-26T07:00:00Z,2024-12-26T08:00:00Z,119.18
Netherlands,NLD,2024-12-26T08:00:00Z,2024-12-26T09:00:00Z,118.23
Netherlands,NLD,2024-12-26T09:00:00Z,2024-12-26T10:00:00Z,113.25
Netherlands,NLD,2024-12-26T10:00:00Z,2024-12-26T11:00:00Z,106.01
Netherlands,NLD,2024-12-26T11:00:00Z,2024-12-26T12:00:00Z,107.71
Netherlands,NLD,2024-12-26T12:00:00Z,2024-12-26T13:00:00Z,103.9
Netherlands,NLD,2024-12-26T13:00:00Z,2024-12-26T14:00:00Z,109.64
Netherlands,NLD,2024-12-26T14:00:00Z,2024-12-26T15:00:00Z,120.75
Netherlands,NLD,2024-12-26T15:00:00Z,2024-12-26T16:00:00Z,128.66
Netherlands,NLD,2024-12-26T16:00:00Z,2024-12-26T17:00:00Z,137.9
Netherlands,NLD,2024-12-26T17:00:00Z,2024-12-26T18:00:00Z,138.05
Netherlands,NLD,2024-12-26T18:00:00Z,2024-12-26T19:00:00Z,135.71
Netherlands,NLD,2024-12-26T19:00:00Z,2024-12-26T20:00:00Z,129.13
Netherlands,NLD,2024-12-26T20:00:00Z,2024-12-26T21:00:00Z,120.85
Netherlands,NLD,2024-12-26T21:00:00Z,2024-12-26T22:00:00Z,123.5
Netherlands,NLD,2024-12-26T22:00:00Z,2024-12-26T23:00:00Z,116.98
Netherlands,NLD,2024-12-26T23:00:00Z,2024-12-27T00:00:00Z,106.79
Netherlands,NLD,2024-12-27T00:00:00Z,2024-12-27T01:00:00Z,101.52
Netherlands,NLD,2024-12-27T01:00:00Z,2024-12-27T02:00:00Z,101.03
Netherlands,NLD,2024-12-27T02:00:00Z,2024-12-27T03:00:00Z,99.74
Netherlands,NLD,2024-12-27T03:00:00Z,2024-12-27T04:00:00Z,99.58
Netherlands,NLD,2024-12-27T04:00:00Z,2024-12-27T05:00:00Z,106.2
Netherlands,NLD,2024-12-27T05:00:00Z,2024-12-27T06:00:00Z,115.7
Netherlands,NLD,2024-12-27T06:00:00Z,2024-12-27T07:00:00Z,124.29
Netherlands,NLD,2024-12-27T07:00:00Z,2024-12-27T08:00:00Z,131.85
Netherlands,NLD,2024-12-27T08:00:00Z,2024-12-27T09:00:00Z,130.15
Netherlands,NLD,2024-12-27T09:00:00Z,2024-12-27T10:00:00Z,120.1
Netherlands,NLD,2024-12-27T10:00:00Z,2024-12-27T11:00:00Z,107.94
Netherlands,NLD,2024-12-27T11:00:00Z,2024-12-27T12:00:00Z,107.81
Netherlands,NLD,2024-12-27T12:00:00Z,2024-12-27T13:00:00Z,107.94
Netherlands,NLD,2024-12-27T13:00:00Z,2024-12-27T14:00:00Z,120.12
Netherlands,NLD,2024-12-27T14:00:00Z,2024-12-27T15:00:00Z,133.64
Netherlands,NLD,2024-12-27T15:00:00Z,2024-12-27T16:00:00Z,144.21
Netherlands,NLD,2024-12-27T16:00:00Z,2024-12-27T17:00:00Z,151.55
Netherlands,NLD,2024-12-27T17:00:00Z,2024-12-27T18:00:00Z,158.4
Netherlands,NLD,2024-12-27T18:00:00Z,2024-12-27T19:00:00Z,146.43
Netherlands,NLD,2024-12-27T19:00:00Z,2024-12-27T20:00:00Z,133.14
Netherlands,NLD,2024-12-27T20:00:00Z,2024-12-27T21:00:00Z,125.42
Netherlands,NLD,2024-12-27T21:00:00Z,2024-12-27T22:00:00Z,126.76
Netherlands,NLD,2024-12-27T22:00:00Z,2024-12-27T23:00:00Z,114
Netherlands,NLD,2024-12-27T23:00:00Z,2024-12-28T00:00:00Z,126.4
Netherlands,NLD,2024-12-28T00:00:00Z,2024-12-28T01:00:00Z,116.63
Netherlands,NLD,2024-12-28T01:00:00Z,2024-12-28T02:00:00Z,110.15
Netherlands,NLD,2024-12-28T02:00:00Z,2024-12-28T03:00:00Z,105.92
Netherlands,NLD,2024-12-28T03:00:00Z,2024-12-28T04:00:00Z,102.93
Netherlands,NLD,2024-12-28T04:00:00Z,2024-12-28T05:00:00Z,105.58
Netherlands,NLD,2024-12-28T05:00:00Z,2024-12-28T06:00:00Z,109.71
Netherlands,NLD,2024-12-28T06:00:00Z,2024-12-28T07:00:00Z,124.24
Netherlands,NLD,2024-12-28T07:00:00Z,2024-12-28T08:00:00Z,128
Netherlands,NLD,2024-12-28T08:00:00Z,2024-12-28T09:00:00Z,128.3
Netherlands,NLD,2024-12-28T09:00:00Z,2024-12-28T10:00:00Z,122.83
Netherlands,NLD,2024-12-28T10:00:00Z,2024-12-28T11:00:00Z,113.4
Netherlands,NLD,2024-12-28T11:00:00Z,2024-12-28T12:00:00Z,108.97
Netherlands,NLD,2024-12-28T12:00:00Z,2024-12-28T13:00:00Z,110.01
Netherlands,NLD,2024-12-28T13:00:00Z,2024-12-28T14:00:00Z,117.24
Netherlands,NLD,2024-12-28T14:00:00Z,2024-12-28T15:00:00Z,134.1
Netherlands,NLD,2024-12-28T15:00:00Z,2024-12-28T16:00:00Z,140.02
Netherlands,NLD,2024-12-28T16:00:00Z,2024-12-28T17:00:00Z,150.49
Netherlands,NLD,2024-12-28T17:00:00Z,2024-12-28T18:00:00Z,147.8
Netherlands,NLD,2024-12-28T18:00:00Z,2024-12-28T19:00:00Z,140.88
Netherlands,NLD,2024-12-28T19:00:00Z,2024-12-28T20:00:00Z,129.59
Netherlands,NLD,2024-12-28T20:00:00Z,2024-12-28T21:00:00Z,125.9
Netherlands,NLD,2024-12-28T21:00:00Z,2024-12-28T22:00:00Z,121.25
Netherlands,NLD,2024-12-28T22:00:00Z,2024-12-28T23:00:00Z,115
Netherlands,NLD,2024-12-28T23:00:00Z,2024-12-29T00:00:00Z,127.39
Netherlands,NLD,2024-12-29T00:00:00Z,2024-12-29T01:00:00Z,114.09
Netherlands,NLD,2024-12-29T01:00:00Z,2024-12-29T02:00:00Z,107.71
Netherlands,NLD,2024-12-29T02:00:00Z,2024-12-29T03:00:00Z,101.7
Netherlands,NLD,2024-12-29T03:00:00Z,2024-12-29T04:00:00Z,97.73
Netherlands,NLD,2024-12-29T04:00:00Z,2024-12-29T05:00:00Z,98.61
Netherlands,NLD,2024-12-29T05:00:00Z,2024-12-29T06:00:00Z,98.16
Netherlands,NLD,2024-12-29T06:00:00Z,2024-12-29T07:00:00Z,103.56
Netherlands,NLD,2024-12-29T07:00:00Z,2024-12-29T08:00:00Z,110.71
Netherlands,NLD,2024-12-29T08:00:00Z,2024-12-29T09:00:00Z,118.17
Netherlands,NLD,2024-12-29T09:00:00Z,2024-12-29T10:00:00Z,128.7
Netherlands,NLD,2024-12-29T10:00:00Z,2024-12-29T11:00:00Z,121.2
Netherlands,NLD,2024-12-29T11:00:00Z,2024-12-29T12:00:00Z,122.77
Netherlands,NLD,2024-12-29T12:00:00Z,2024-12-29T13:00:00Z,124
Netherlands,NLD,2024-12-29T13:00:00Z,2024-12-29T14:00:00Z,128.7
Netherlands,NLD,2024-12-29T14:00:00Z,2024-12-29T15:00:00Z,120.01
Netherlands,NLD,2024-12-29T15:00:00Z,2024-12-29T16:00:00Z,122.88
Netherlands,NLD,2024-12-29T16:00:00Z,2024-12-29T17:00:00Z,144.93
Netherlands,NLD,2024-12-29T17:00:00Z,2024-12-29T18:00:00Z,138.1
Netherlands,NLD,2024-12-29T18:00:00Z,2024-12-29T19:00:00Z,109.9
Netherlands,NLD,2024-12-29T19:00:00Z,2024-12-29T20:00:00Z,95.08
Netherlands,NLD,2024-12-29T20:00:00Z,2024-12-29T21:00:00Z,92.86
Netherlands,NLD,2024-12-29T21:00:00Z,2024-12-29T22:00:00Z,86.13
Netherlands,NLD,2024-12-29T22:00:00Z,2024-12-29T23:00:00Z,73.73
Netherlands,NLD,2024-12-29T23:00:00Z,2024-12-30T00:00:00Z,75.53
Netherlands,NLD,2024-12-30T00:00:00Z,2024-12-30T01:00:00Z,76.2
Netherlands,NLD,2024-12-30T01:00:00Z,2024-12-30T02:00:00Z,65.2
Netherlands,NLD,2024-12-30T02:00:00Z,2024-12-30T03:00:00Z,40
Netherlands,NLD,2024-12-30T03:00:00Z,2024-12-30T04:00:00Z,34.9
Netherlands,NLD,2024-12-30T04:00:00Z,2024-12-30T05:00:00Z,67.03
Netherlands,NLD,2024-12-30T05:00:00Z,2024-12-30T06:00:00Z,73.63
Netherlands,NLD,2024-12-30T06:00:00Z,2024-12-30T07:00:00Z,81.56
Netherlands,NLD,2024-12-30T07:00:00Z,2024-12-30T08:00:00Z,108.3
Netherlands,NLD,2024-12-30T08:00:00Z,2024-12-30T09:00:00Z,133.58
Netherlands,NLD,2024-12-30T09:00:00Z,2024-12-30T10:00:00Z,135
Netherlands,NLD,2024-12-30T10:00:00Z,2024-12-30T11:00:00Z,124.9
Netherlands,NLD,2024-12-30T11:00:00Z,2024-12-30T12:00:00Z,85.1
Netherlands,NLD,2024-12-30T12:00:00Z,2024-12-30T13:00:00Z,80.86
Netherlands,NLD,2024-12-30T13:00:00Z,2024-12-30T14:00:00Z,84.4
Netherlands,NLD,2024-12-30T14:00:00Z,2024-12-30T15:00:00Z,103.4
Netherlands,NLD,2024-12-30T15:00:00Z,2024-12-30T16:00:00Z,136
Netherlands,NLD,2024-12-30T16:00:00Z,2024-12-30T17:00:00Z,150
Netherlands,NLD,2024-12-30T17:00:00Z,2024-12-30T18:00:00Z,109.93
Netherlands,NLD,2024-12-30T18:00:00Z,2024-12-30T19:00:00Z,87.42
Netherlands,NLD,2024-12-30T19:00:00Z,2024-12-30T20:00:00Z,75.84
Netherlands,NLD,2024-12-30T20:00:00Z,2024-12-30T21:00:00Z,68.51
Netherlands,NLD,2024-12-30T21:00:00Z,2024-12-30T22:00:00Z,67.95
Netherlands,NLD,2024-12-30T22:00:00Z,2024-12-30T23:00:00Z,36.47
Netherlands,NLD,2024-12-30T23:00:00Z,2024-12-31T00:00:00Z,76.3
Netherlands,NLD,2024-12-31T00:00:00Z,2024-12-31T01:00:00Z,54.9
Netherlands,NLD,2024-12-31T01:00:00Z,2024-12-31T02:00:00Z,56.43
Netherlands,NLD,2024-12-31T02:00:00Z,2024-12-31T03:00:00Z,34.9
Netherlands,NLD,2024-12-31T03:00:00Z,2024-12-31T04:00:00Z,30.88
Netherlands,NLD,2024-12-31T04:00:00Z,2024-12-31T05:00:00Z,30.21
Netherlands,NLD,2024-12-31T05:00:00Z,2024-12-31T06:00:00Z,40
Netherlands,NLD,2024-12-31T06:00:00Z,2024-12-31T07:00:00Z,70.29
Netherlands,NLD,2024-12-31T07:00:00Z,2024-12-31T08:00:00Z,99
Netherlands,NLD,2024-12-31T08:00:00Z,2024-12-31T09:00:00Z,147.99
Netherlands,NLD,2024-12-31T09:00:00Z,2024-12-31T10:00:00Z,149.9
Netherlands,NLD,2024-12-31T10:00:00Z,2024-12-31T11:00:00Z,137
Netherlands,NLD,2024-12-31T11:00:00Z,2024-12-31T12:00:00Z,121.7
Netherlands,NLD,2024-12-31T12:00:00Z,2024-12-31T13:00:00Z,99
Netherlands,NLD,2024-12-31T13:00:00Z,2024-12-31T14:00:00Z,84
Netherlands,NLD,2024-12-31T14:00:00Z,2024-12-31T15:00:00Z,84.32
Netherlands,NLD,2024-12-31T15:00:00Z,2024-12-31T16:00:00Z,94.9
Netherlands,NLD,2024-12-31T16:00:00Z,2024-12-31T17:00:00Z,121.7
Netherlands,NLD,2024-12-31T17:00:00Z,2024-12-31T18:00:00Z,99
Netherlands,NLD,2024-12-31T18:00:00Z,2024-12-31T19:00:00Z,70.56
Netherlands,NLD,2024-12-31T19:00:00Z,2024-12-31T20:00:00Z,59.9
Netherlands,NLD,2024-12-31T20:00:00Z,2024-12-31T21:00:00Z,18.2
Netherlands,NLD,2024-12-31T21:00:00Z,2024-12-31T22:00:00Z,9.06
Netherlands,NLD,2024-12-31T22:00:00Z,2024-12-31T23:00:00Z,0.52
