time,NATIONAL,Date,Week,Hour,Doy
2024-01-01T00:00:00Z,0,2024-01-01,1,1,1
2024-01-01T01:00:00Z,0,2024-01-01,1,2,1
2024-01-01T02:00:00Z,0,2024-01-01,1,3,1
2024-01-01T03:00:00Z,0,2024-01-01,1,4,1
2024-01-01T04:00:00Z,0,2024-01-01,1,5,1
2024-01-01T05:00:00Z,0,2024-01-01,1,6,1
2024-01-01T06:00:00Z,0,2024-01-01,1,7,1
2024-01-01T07:00:00Z,0,2024-01-01,1,8,1
2024-01-01T08:00:00Z,0.001,2024-01-01,1,9,1
2024-01-01T09:00:00Z,0.012,2024-01-01,1,10,1
2024-01-01T10:00:00Z,0.019,2024-01-01,1,11,1
2024-01-01T11:00:00Z,0.018,2024-01-01,1,12,1
2024-01-01T12:00:00Z,0.011,2024-01-01,1,13,1
2024-01-01T13:00:00Z,0.004,2024-01-01,1,14,1
2024-01-01T14:00:00Z,0,2024-01-01,1,15,1
2024-01-01T15:00:00Z,0,2024-01-01,1,16,1
2024-01-01T16:00:00Z,0,2024-01-01,1,17,1
2024-01-01T17:00:00Z,0,2024-01-01,1,18,1
2024-01-01T18:00:00Z,0,2024-01-01,1,19,1
2024-01-01T19:00:00Z,0,2024-01-01,1,20,1
2024-01-01T20:00:00Z,0,2024-01-01,1,21,1
2024-01-01T21:00:00Z,0,2024-01-01,1,22,1
2024-01-01T22:00:00Z,0,2024-01-01,1,23,1
2024-01-01T23:00:00Z,0,2024-01-02,1,0,2
2024-01-02T00:00:00Z,0,2024-01-02,1,1,2
2024-01-02T01:00:00Z,0,2024-01-02,1,2,2
2024-01-02T02:00:00Z,0,2024-01-02,1,3,2
2024-01-02T03:00:00Z,0,2024-01-02,1,4,2
2024-01-02T04:00:00Z,0,2024-01-02,1,5,2
2024-01-02T05:00:00Z,0,2024-01-02,1,6,2
2024-01-02T06:00:00Z,0,2024-01-02,1,7,2
2024-01-02T07:00:00Z,0,2024-01-02,1,8,2
2024-01-02T08:00:00Z,0.001,2024-01-02,1,9,2
2024-01-02T09:00:00Z,0.007,2024-01-02,1,10,2
2024-01-02T10:00:00Z,0.015,2024-01-02,1,11,2
2024-01-02T11:00:00Z,0.018,2024-01-02,1,12,2
2024-01-02T12:00:00Z,0.016,2024-01-02,1,13,2
2024-01-02T13:00:00Z,0.007,2024-01-02,1,14,2
2024-01-02T14:00:00Z,0,2024-01-02,1,15,2
2024-01-02T15:00:00Z,0,2024-01-02,1,16,2
2024-01-02T16:00:00Z,0,2024-01-02,1,17,2
2024-01-02T17:00:00Z,0,2024-01-02,1,18,2
2024-01-02T18:00:00Z,0,2024-01-02,1,19,2
2024-01-02T19:00:00Z,0,2024-01-02,1,20,2
2024-01-02T20:00:00Z,0,2024-01-02,1,21,2
2024-01-02T21:00:00Z,0,2024-01-02,1,22,2
2024-01-02T22:00:00Z,0,2024-01-02,1,23,2
2024-01-02T23:00:00Z,0,2024-01-03,1,0,3
2024-01-03T00:00:00Z,0,2024-01-03,1,1,3
2024-01-03T01:00:00Z,0,2024-01-03,1,2,3
2024-01-03T02:00:00Z,0,2024-01-03,1,3,3
2024-01-03T03:00:00Z,0,2024-01-03,1,4,3
2024-01-03T04:00:00Z,0,2024-01-03,1,5,3
2024-01-03T05:00:00Z,0,2024-01-03,1,6,3
2024-01-03T06:00:00Z,0,2024-01-03,1,7,3
2024-01-03T07:00:00Z,0,2024-01-03,1,8,3
2024-01-03T08:00:00Z,0.001,2024-01-03,1,9,3
2024-01-03T09:00:00Z,0.011,2024-01-03,1,10,3
2024-01-03T10:00:00Z,0.02,2024-01-03,1,11,3
2024-01-03T11:00:00Z,0.024,2024-01-03,1,12,3
2024-01-03T12:00:00Z,0.019,2024-01-03,1,13,3
2024-01-03T13:00:00Z,0.008,2024-01-03,1,14,3
2024-01-03T14:00:00Z,0,2024-01-03,1,15,3
2024-01-03T15:00:00Z,0,2024-01-03,1,16,3
2024-01-03T16:00:00Z,0,2024-01-03,1,17,3
2024-01-03T17:00:00Z,0,2024-01-03,1,18,3
2024-01-03T18:00:00Z,0,2024-01-03,1,19,3
2024-01-03T19:00:00Z,0,2024-01-03,1,20,3
2024-01-03T20:00:00Z,0,2024-01-03,1,21,3
2024-01-03T21:00:00Z,0,2024-01-03,1,22,3
2024-01-03T22:00:00Z,0,2024-01-03,1,23,3
2024-01-03T23:00:00Z,0,2024-01-04,1,0,4
2024-01-04T00:00:00Z,0,2024-01-04,1,1,4
2024-01-04T01:00:00Z,0,2024-01-04,1,2,4
2024-01-04T02:00:00Z,0,2024-01-04,1,3,4
2024-01-04T03:00:00Z,0,2024-01-04,1,4,4
2024-01-04T04:00:00Z,0,2024-01-04,1,5,4
2024-01-04T05:00:00Z,0,2024-01-04,1,6,4
2024-01-04T06:00:00Z,0,2024-01-04,1,7,4
2024-01-04T07:00:00Z,0,2024-01-04,1,8,4
2024-01-04T08:00:00Z,0.011,2024-01-04,1,9,4
2024-01-04T09:00:00Z,0.043,2024-01-04,1,10,4
2024-01-04T10:00:00Z,0.078,2024-01-04,1,11,4
2024-01-04T11:00:00Z,0.088,2024-01-04,1,12,4
2024-01-04T12:00:00Z,0.068,2024-01-04,1,13,4
2024-01-04T13:00:00Z,0.034,2024-01-04,1,14,4
2024-01-04T14:00:00Z,0.004,2024-01-04,1,15,4
2024-01-04T15:00:00Z,0,2024-01-04,1,16,4
2024-01-04T16:00:00Z,0,2024-01-04,1,17,4
2024-01-04T17:00:00Z,0,2024-01-04,1,18,4
2024-01-04T18:00:00Z,0,2024-01-04,1,19,4
2024-01-04T19:00:00Z,0,2024-01-04,1,20,4
2024-01-04T20:00:00Z,0,2024-01-04,1,21,4
2024-01-04T21:00:00Z,0,2024-01-04,1,22,4
2024-01-04T22:00:00Z,0,2024-01-04,1,23,4
2024-01-04T23:00:00Z,0,2024-01-05,1,0,5
2024-01-05T00:00:00Z,0,2024-01-05,1,1,5
2024-01-05T01:00:00Z,0,2024-01-05,1,2,5
2024-01-05T02:00:00Z,0,2024-01-05,1,3,5
2024-01-05T03:00:00Z,0,2024-01-05,1,4,5
2024-01-05T04:00:00Z,0,2024-01-05,1,5,5
2024-01-05T05:00:00Z,0,2024-01-05,1,6,5
2024-01-05T06:00:00Z,0,2024-01-05,1,7,5
2024-01-05T07:00:00Z,0,2024-01-05,1,8,5
2024-01-05T08:00:00Z,0.025,2024-01-05,1,9,5
2024-01-05T09:00:00Z,0.086,2024-01-05,1,10,5
2024-01-05T10:00:00Z,0.144,2024-01-05,1,11,5
2024-01-05T11:00:00Z,0.152,2024-01-05,1,12,5
2024-01-05T12:00:00Z,0.113,2024-01-05,1,13,5
2024-01-05T13:00:00Z,0.051,2024-01-05,1,14,5
2024-01-05T14:00:00Z,0.005,2024-01-05,1,15,5
2024-01-05T15:00:00Z,0,2024-01-05,1,16,5
2024-01-05T16:00:00Z,0,2024-01-05,1,17,5
2024-01-05T17:00:00Z,0,2024-01-05,1,18,5
2024-01-05T18:00:00Z,0,2024-01-05,1,19,5
2024-01-05T19:00:00Z,0,2024-01-05,1,20,5
2024-01-05T20:00:00Z,0,2024-01-05,1,21,5
2024-01-05T21:00:00Z,0,2024-01-05,1,22,5
2024-01-05T22:00:00Z,0,2024-01-05,1,23,5
2024-01-05T23:00:00Z,0,2024-01-06,1,0,6
2024-01-06T00:00:00Z,0,2024-01-06,1,1,6
2024-01-06T01:00:00Z,0,2024-01-06,1,2,6
2024-01-06T02:00:00Z,0,2024-01-06,1,3,6
2024-01-06T03:00:00Z,0,2024-01-06,1,4,6
2024-01-06T04:00:00Z,0,2024-01-06,1,5,6
2024-01-06T05:00:00Z,0,2024-01-06,1,6,6
2024-01-06T06:00:00Z,0,2024-01-06,1,7,6
2024-01-06T07:00:00Z,0,2024-01-06,1,8,6
2024-01-06T08:00:00Z,0.053,2024-01-06,1,9,6
2024-01-06T09:00:00Z,0.163,2024-01-06,1,10,6
2024-01-06T10:00:00Z,0.204,2024-01-06,1,11,6
2024-01-06T11:00:00Z,0.187,2024-01-06,1,12,6
2024-01-06T12:00:00Z,0.149,2024-01-06,1,13,6
2024-01-06T13:00:00Z,0.09,2024-01-06,1,14,6
2024-01-06T14:00:00Z,0.017,2024-01-06,1,15,6
2024-01-06T15:00:00Z,0,2024-01-06,1,16,6
2024-01-06T16:00:00Z,0,2024-01-06,1,17,6
2024-01-06T17:00:00Z,0,2024-01-06,1,18,6
2024-01-06T18:00:00Z,0,2024-01-06,1,19,6
2024-01-06T19:00:00Z,0,2024-01-06,1,20,6
2024-01-06T20:00:00Z,0,2024-01-06,1,21,6
2024-01-06T21:00:00Z,0,2024-01-06,1,22,6
2024-01-06T22:00:00Z,0,2024-01-06,1,23,6
2024-01-06T23:00:00Z,0,2024-01-07,1,0,7
2024-01-07T00:00:00Z,0,2024-01-07,1,1,7
2024-01-07T01:00:00Z,0,2024-01-07,1,2,7
2024-01-07T02:00:00Z,0,2024-01-07,1,3,7
2024-01-07T03:00:00Z,0,2024-01-07,1,4,7
2024-01-07T04:00:00Z,0,2024-01-07,1,5,7
2024-01-07T05:00:00Z,0,2024-01-07,1,6,7
2024-01-07T06:00:00Z,0,2024-01-07,1,7,7
2024-01-07T07:00:00Z,0,2024-01-07,1,8,7
2024-01-07T08:00:00Z,0.128,2024-01-07,1,9,7
2024-01-07T09:00:00Z,0.283,2024-01-07,1,10,7
2024-01-07T10:00:00Z,0.356,2024-01-07,1,11,7
2024-01-07T11:00:00Z,0.352,2024-01-07,1,12,7
2024-01-07T12:00:00Z,0.274,2024-01-07,1,13,7
2024-01-07T13:00:00Z,0.151,2024-01-07,1,14,7
2024-01-07T14:00:00Z,0.028,2024-01-07,1,15,7
2024-01-07T15:00:00Z,0,2024-01-07,1,16,7
2024-01-07T16:00:00Z,0,2024-01-07,1,17,7
2024-01-07T17:00:00Z,0,2024-01-07,1,18,7
2024-01-07T18:00:00Z,0,2024-01-07,1,19,7
2024-01-07T19:00:00Z,0,2024-01-07,1,20,7
2024-01-07T20:00:00Z,0,2024-01-07,1,21,7
2024-01-07T21:00:00Z,0,2024-01-07,1,22,7
2024-01-07T22:00:00Z,0,2024-01-07,1,23,7
2024-01-07T23:00:00Z,0,2024-01-08,2,0,8
2024-01-08T00:00:00Z,0,2024-01-08,2,1,8
2024-01-08T01:00:00Z,0,2024-01-08,2,2,8
2024-01-08T02:00:00Z,0,2024-01-08,2,3,8
2024-01-08T03:00:00Z,0,2024-01-08,2,4,8
2024-01-08T04:00:00Z,0,2024-01-08,2,5,8
2024-01-08T05:00:00Z,0,2024-01-08,2,6,8
2024-01-08T06:00:00Z,0,2024-01-08,2,7,8
2024-01-08T07:00:00Z,0,2024-01-08,2,8,8
2024-01-08T08:00:00Z,0.125,2024-01-08,2,9,8
2024-01-08T09:00:00Z,0.286,2024-01-08,2,10,8
2024-01-08T10:00:00Z,0.372,2024-01-08,2,11,8
2024-01-08T11:00:00Z,0.375,2024-01-08,2,12,8
2024-01-08T12:00:00Z,0.312,2024-01-08,2,13,8
2024-01-08T13:00:00Z,0.192,2024-01-08,2,14,8
2024-01-08T14:00:00Z,0.045,2024-01-08,2,15,8
2024-01-08T15:00:00Z,0,2024-01-08,2,16,8
2024-01-08T16:00:00Z,0,2024-01-08,2,17,8
2024-01-08T17:00:00Z,0,2024-01-08,2,18,8
2024-01-08T18:00:00Z,0,2024-01-08,2,19,8
2024-01-08T19:00:00Z,0,2024-01-08,2,20,8
2024-01-08T20:00:00Z,0,2024-01-08,2,21,8
2024-01-08T21:00:00Z,0,2024-01-08,2,22,8
2024-01-08T22:00:00Z,0,2024-01-08,2,23,8
2024-01-08T23:00:00Z,0,2024-01-09,2,0,9
2024-01-09T00:00:00Z,0,2024-01-09,2,1,9
2024-01-09T01:00:00Z,0,2024-01-09,2,2,9
2024-01-09T02:00:00Z,0,2024-01-09,2,3,9
2024-01-09T03:00:00Z,0,2024-01-09,2,4,9
2024-01-09T04:00:00Z,0,2024-01-09,2,5,9
2024-01-09T05:00:00Z,0,2024-01-09,2,6,9
2024-01-09T06:00:00Z,0,2024-01-09,2,7,9
2024-01-09T07:00:00Z,0,2024-01-09,2,8,9
2024-01-09T08:00:00Z,0.034,2024-01-09,2,9,9
2024-01-09T09:00:00Z,0.102,2024-01-09,2,10,9
2024-01-09T10:00:00Z,0.154,2024-01-09,2,11,9
2024-01-09T11:00:00Z,0.157,2024-01-09,2,12,9
2024-01-09T12:00:00Z,0.124,2024-01-09,2,13,9
2024-01-09T13:00:00Z,0.068,2024-01-09,2,14,9
2024-01-09T14:00:00Z,0.012,2024-01-09,2,15,9
2024-01-09T15:00:00Z,0,2024-01-09,2,16,9
2024-01-09T16:00:00Z,0,2024-01-09,2,17,9
2024-01-09T17:00:00Z,0,2024-01-09,2,18,9
2024-01-09T18:00:00Z,0,2024-01-09,2,19,9
2024-01-09T19:00:00Z,0,2024-01-09,2,20,9
2024-01-09T20:00:00Z,0,2024-01-09,2,21,9
2024-01-09T21:00:00Z,0,2024-01-09,2,22,9
2024-01-09T22:00:00Z,0,2024-01-09,2,23,9
2024-01-09T23:00:00Z,0,2024-01-10,2,0,10
2024-01-10T00:00:00Z,0,2024-01-10,2,1,10
2024-01-10T01:00:00Z,0,2024-01-10,2,2,10
2024-01-10T02:00:00Z,0,2024-01-10,2,3,10
2024-01-10T03:00:00Z,0,2024-01-10,2,4,10
2024-01-10T04:00:00Z,0,2024-01-10,2,5,10
2024-01-10T05:00:00Z,0,2024-01-10,2,6,10
2024-01-10T06:00:00Z,0,2024-01-10,2,7,10
2024-01-10T07:00:00Z,0,2024-01-10,2,8,10
2024-01-10T08:00:00Z,0.031,2024-01-10,2,9,10
2024-01-10T09:00:00Z,0.092,2024-01-10,2,10,10
2024-01-10T10:00:00Z,0.131,2024-01-10,2,11,10
2024-01-10T11:00:00Z,0.146,2024-01-10,2,12,10
2024-01-10T12:00:00Z,0.126,2024-01-10,2,13,10
2024-01-10T13:00:00Z,0.07,2024-01-10,2,14,10
2024-01-10T14:00:00Z,0.011,2024-01-10,2,15,10
2024-01-10T15:00:00Z,0,2024-01-10,2,16,10
2024-01-10T16:00:00Z,0,2024-01-10,2,17,10
2024-01-10T17:00:00Z,0,2024-01-10,2,18,10
2024-01-10T18:00:00Z,0,2024-01-10,2,19,10
2024-01-10T19:00:00Z,0,2024-01-10,2,20,10
2024-01-10T20:00:00Z,0,2024-01-10,2,21,10
2024-01-10T21:00:00Z,0,2024-01-10,2,22,10
2024-01-10T22:00:00Z,0,2024-01-10,2,23,10
2024-01-10T23:00:00Z,0,2024-01-11,2,0,11
2024-01-11T00:00:00Z,0,2024-01-11,2,1,11
2024-01-11T01:00:00Z,0,2024-01-11,2,2,11
2024-01-11T02:00:00Z,0,2024-01-11,2,3,11
2024-01-11T03:00:00Z,0,2024-01-11,2,4,11
2024-01-11T04:00:00Z,0,2024-01-11,2,5,11
2024-01-11T05:00:00Z,0,2024-01-11,2,6,11
2024-01-11T06:00:00Z,0,2024-01-11,2,7,11
2024-01-11T07:00:00Z,0,2024-01-11,2,8,11
2024-01-11T08:00:00Z,0.034,2024-01-11,2,9,11
2024-01-11T09:00:00Z,0.114,2024-01-11,2,10,11
2024-01-11T10:00:00Z,0.22,2024-01-11,2,11,11
2024-01-11T11:00:00Z,0.284,2024-01-11,2,12,11
2024-01-11T12:00:00Z,0.241,2024-01-11,2,13,11
2024-01-11T13:00:00Z,0.121,2024-01-11,2,14,11
2024-01-11T14:00:00Z,0.025,2024-01-11,2,15,11
2024-01-11T15:00:00Z,0,2024-01-11,2,16,11
2024-01-11T16:00:00Z,0,2024-01-11,2,17,11
2024-01-11T17:00:00Z,0,2024-01-11,2,18,11
2024-01-11T18:00:00Z,0,2024-01-11,2,19,11
2024-01-11T19:00:00Z,0,2024-01-11,2,20,11
2024-01-11T20:00:00Z,0,2024-01-11,2,21,11
2024-01-11T21:00:00Z,0,2024-01-11,2,22,11
2024-01-11T22:00:00Z,0,2024-01-11,2,23,11
2024-01-11T23:00:00Z,0,2024-01-12,2,0,12
2024-01-12T00:00:00Z,0,2024-01-12,2,1,12
2024-01-12T01:00:00Z,0,2024-01-12,2,2,12
2024-01-12T02:00:00Z,0,2024-01-12,2,3,12
2024-01-12T03:00:00Z,0,2024-01-12,2,4,12
2024-01-12T04:00:00Z,0,2024-01-12,2,5,12
2024-01-12T05:00:00Z,0,2024-01-12,2,6,12
2024-01-12T06:00:00Z,0,2024-01-12,2,7,12
2024-01-12T07:00:00Z,0,2024-01-12,2,8,12
2024-01-12T08:00:00Z,0.048,2024-01-12,2,9,12
2024-01-12T09:00:00Z,0.133,2024-01-12,2,10,12
2024-01-12T10:00:00Z,0.202,2024-01-12,2,11,12
2024-01-12T11:00:00Z,0.238,2024-01-12,2,12,12
2024-01-12T12:00:00Z,0.209,2024-01-12,2,13,12
2024-01-12T13:00:00Z,0.107,2024-01-12,2,14,12
2024-01-12T14:00:00Z,0.013,2024-01-12,2,15,12
2024-01-12T15:00:00Z,0,2024-01-12,2,16,12
2024-01-12T16:00:00Z,0,2024-01-12,2,17,12
2024-01-12T17:00:00Z,0,2024-01-12,2,18,12
2024-01-12T18:00:00Z,0,2024-01-12,2,19,12
2024-01-12T19:00:00Z,0,2024-01-12,2,20,12
2024-01-12T20:00:00Z,0,2024-01-12,2,21,12
2024-01-12T21:00:00Z,0,2024-01-12,2,22,12
2024-01-12T22:00:00Z,0,2024-01-12,2,23,12
2024-01-12T23:00:00Z,0,2024-01-13,2,0,13
2024-01-13T00:00:00Z,0,2024-01-13,2,1,13
2024-01-13T01:00:00Z,0,2024-01-13,2,2,13
2024-01-13T02:00:00Z,0,2024-01-13,2,3,13
2024-01-13T03:00:00Z,0,2024-01-13,2,4,13
2024-01-13T04:00:00Z,0,2024-01-13,2,5,13
2024-01-13T05:00:00Z,0,2024-01-13,2,6,13
2024-01-13T06:00:00Z,0,2024-01-13,2,7,13
2024-01-13T07:00:00Z,0,2024-01-13,2,8,13
2024-01-13T08:00:00Z,0.006,2024-01-13,2,9,13
2024-01-13T09:00:00Z,0.035,2024-01-13,2,10,13
2024-01-13T10:00:00Z,0.065,2024-01-13,2,11,13
2024-01-13T11:00:00Z,0.081,2024-01-13,2,12,13
2024-01-13T12:00:00Z,0.078,2024-01-13,2,13,13
2024-01-13T13:00:00Z,0.053,2024-01-13,2,14,13
2024-01-13T14:00:00Z,0.009,2024-01-13,2,15,13
2024-01-13T15:00:00Z,0,2024-01-13,2,16,13
2024-01-13T16:00:00Z,0,2024-01-13,2,17,13
2024-01-13T17:00:00Z,0,2024-01-13,2,18,13
2024-01-13T18:00:00Z,0,2024-01-13,2,19,13
2024-01-13T19:00:00Z,0,2024-01-13,2,20,13
2024-01-13T20:00:00Z,0,2024-01-13,2,21,13
2024-01-13T21:00:00Z,0,2024-01-13,2,22,13
2024-01-13T22:00:00Z,0,2024-01-13,2,23,13
2024-01-13T23:00:00Z,0,2024-01-14,2,0,14
2024-01-14T00:00:00Z,0,2024-01-14,2,1,14
2024-01-14T01:00:00Z,0,2024-01-14,2,2,14
2024-01-14T02:00:00Z,0,2024-01-14,2,3,14
2024-01-14T03:00:00Z,0,2024-01-14,2,4,14
2024-01-14T04:00:00Z,0,2024-01-14,2,5,14
2024-01-14T05:00:00Z,0,2024-01-14,2,6,14
2024-01-14T06:00:00Z,0,2024-01-14,2,7,14
2024-01-14T07:00:00Z,0,2024-01-14,2,8,14
2024-01-14T08:00:00Z,0.026,2024-01-14,2,9,14
2024-01-14T09:00:00Z,0.068,2024-01-14,2,10,14
2024-01-14T10:00:00Z,0.077,2024-01-14,2,11,14
2024-01-14T11:00:00Z,0.067,2024-01-14,2,12,14
2024-01-14T12:00:00Z,0.047,2024-01-14,2,13,14
2024-01-14T13:00:00Z,0.027,2024-01-14,2,14,14
2024-01-14T14:00:00Z,0.004,2024-01-14,2,15,14
2024-01-14T15:00:00Z,0,2024-01-14,2,16,14
2024-01-14T16:00:00Z,0,2024-01-14,2,17,14
2024-01-14T17:00:00Z,0,2024-01-14,2,18,14
2024-01-14T18:00:00Z,0,2024-01-14,2,19,14
2024-01-14T19:00:00Z,0,2024-01-14,2,20,14
2024-01-14T20:00:00Z,0,2024-01-14,2,21,14
2024-01-14T21:00:00Z,0,2024-01-14,2,22,14
2024-01-14T22:00:00Z,0,2024-01-14,2,23,14
2024-01-14T23:00:00Z,0,2024-01-15,3,0,15
2024-01-15T00:00:00Z,0,2024-01-15,3,1,15
2024-01-15T01:00:00Z,0,2024-01-15,3,2,15
2024-01-15T02:00:00Z,0,2024-01-15,3,3,15
2024-01-15T03:00:00Z,0,2024-01-15,3,4,15
2024-01-15T04:00:00Z,0,2024-01-15,3,5,15
2024-01-15T05:00:00Z,0,2024-01-15,3,6,15
2024-01-15T06:00:00Z,0,2024-01-15,3,7,15
2024-01-15T07:00:00Z,0,2024-01-15,3,8,15
2024-01-15T08:00:00Z,0.081,2024-01-15,3,9,15
2024-01-15T09:00:00Z,0.21,2024-01-15,3,10,15
2024-01-15T10:00:00Z,0.291,2024-01-15,3,11,15
2024-01-15T11:00:00Z,0.308,2024-01-15,3,12,15
2024-01-15T12:00:00Z,0.255,2024-01-15,3,13,15
2024-01-15T13:00:00Z,0.14,2024-01-15,3,14,15
2024-01-15T14:00:00Z,0.029,2024-01-15,3,15,15
2024-01-15T15:00:00Z,0,2024-01-15,3,16,15
2024-01-15T16:00:00Z,0,2024-01-15,3,17,15
2024-01-15T17:00:00Z,0,2024-01-15,3,18,15
2024-01-15T18:00:00Z,0,2024-01-15,3,19,15
2024-01-15T19:00:00Z,0,2024-01-15,3,20,15
2024-01-15T20:00:00Z,0,2024-01-15,3,21,15
2024-01-15T21:00:00Z,0,2024-01-15,3,22,15
2024-01-15T22:00:00Z,0,2024-01-15,3,23,15
2024-01-15T23:00:00Z,0,2024-01-16,3,0,16
2024-01-16T00:00:00Z,0,2024-01-16,3,1,16
2024-01-16T01:00:00Z,0,2024-01-16,3,2,16
2024-01-16T02:00:00Z,0,2024-01-16,3,3,16
2024-01-16T03:00:00Z,0,2024-01-16,3,4,16
2024-01-16T04:00:00Z,0,2024-01-16,3,5,16
2024-01-16T05:00:00Z,0,2024-01-16,3,6,16
2024-01-16T06:00:00Z,0,2024-01-16,3,7,16
2024-01-16T07:00:00Z,0,2024-01-16,3,8,16
2024-01-16T08:00:00Z,0.033,2024-01-16,3,9,16
2024-01-16T09:00:00Z,0.101,2024-01-16,3,10,16
2024-01-16T10:00:00Z,0.173,2024-01-16,3,11,16
2024-01-16T11:00:00Z,0.199,2024-01-16,3,12,16
2024-01-16T12:00:00Z,0.155,2024-01-16,3,13,16
2024-01-16T13:00:00Z,0.069,2024-01-16,3,14,16
2024-01-16T14:00:00Z,0.01,2024-01-16,3,15,16
2024-01-16T15:00:00Z,0,2024-01-16,3,16,16
2024-01-16T16:00:00Z,0,2024-01-16,3,17,16
2024-01-16T17:00:00Z,0,2024-01-16,3,18,16
2024-01-16T18:00:00Z,0,2024-01-16,3,19,16
2024-01-16T19:00:00Z,0,2024-01-16,3,20,16
2024-01-16T20:00:00Z,0,2024-01-16,3,21,16
2024-01-16T21:00:00Z,0,2024-01-16,3,22,16
2024-01-16T22:00:00Z,0,2024-01-16,3,23,16
2024-01-16T23:00:00Z,0,2024-01-17,3,0,17
2024-01-17T00:00:00Z,0,2024-01-17,3,1,17
2024-01-17T01:00:00Z,0,2024-01-17,3,2,17
2024-01-17T02:00:00Z,0,2024-01-17,3,3,17
2024-01-17T03:00:00Z,0,2024-01-17,3,4,17
2024-01-17T04:00:00Z,0,2024-01-17,3,5,17
2024-01-17T05:00:00Z,0,2024-01-17,3,6,17
2024-01-17T06:00:00Z,0,2024-01-17,3,7,17
2024-01-17T07:00:00Z,0,2024-01-17,3,8,17
2024-01-17T08:00:00Z,0.016,2024-01-17,3,9,17
2024-01-17T09:00:00Z,0.056,2024-01-17,3,10,17
2024-01-17T10:00:00Z,0.102,2024-01-17,3,11,17
2024-01-17T11:00:00Z,0.124,2024-01-17,3,12,17
2024-01-17T12:00:00Z,0.111,2024-01-17,3,13,17
2024-01-17T13:00:00Z,0.064,2024-01-17,3,14,17
2024-01-17T14:00:00Z,0.014,2024-01-17,3,15,17
2024-01-17T15:00:00Z,0,2024-01-17,3,16,17
2024-01-17T16:00:00Z,0,2024-01-17,3,17,17
2024-01-17T17:00:00Z,0,2024-01-17,3,18,17
2024-01-17T18:00:00Z,0,2024-01-17,3,19,17
2024-01-17T19:00:00Z,0,2024-01-17,3,20,17
2024-01-17T20:00:00Z,0,2024-01-17,3,21,17
2024-01-17T21:00:00Z,0,2024-01-17,3,22,17
2024-01-17T22:00:00Z,0,2024-01-17,3,23,17
2024-01-17T23:00:00Z,0,2024-01-18,3,0,18
2024-01-18T00:00:00Z,0,2024-01-18,3,1,18
2024-01-18T01:00:00Z,0,2024-01-18,3,2,18
2024-01-18T02:00:00Z,0,2024-01-18,3,3,18
2024-01-18T03:00:00Z,0,2024-01-18,3,4,18
2024-01-18T04:00:00Z,0,2024-01-18,3,5,18
2024-01-18T05:00:00Z,0,2024-01-18,3,6,18
2024-01-18T06:00:00Z,0,2024-01-18,3,7,18
2024-01-18T07:00:00Z,0.003,2024-01-18,3,8,18
2024-01-18T08:00:00Z,0.142,2024-01-18,3,9,18
2024-01-18T09:00:00Z,0.285,2024-01-18,3,10,18
2024-01-18T10:00:00Z,0.364,2024-01-18,3,11,18
2024-01-18T11:00:00Z,0.356,2024-01-18,3,12,18
2024-01-18T12:00:00Z,0.274,2024-01-18,3,13,18
2024-01-18T13:00:00Z,0.148,2024-01-18,3,14,18
2024-01-18T14:00:00Z,0.034,2024-01-18,3,15,18
2024-01-18T15:00:00Z,0,2024-01-18,3,16,18
2024-01-18T16:00:00Z,0,2024-01-18,3,17,18
2024-01-18T17:00:00Z,0,2024-01-18,3,18,18
2024-01-18T18:00:00Z,0,2024-01-18,3,19,18
2024-01-18T19:00:00Z,0,2024-01-18,3,20,18
2024-01-18T20:00:00Z,0,2024-01-18,3,21,18
2024-01-18T21:00:00Z,0,2024-01-18,3,22,18
2024-01-18T22:00:00Z,0,2024-01-18,3,23,18
2024-01-18T23:00:00Z,0,2024-01-19,3,0,19
2024-01-19T00:00:00Z,0,2024-01-19,3,1,19
2024-01-19T01:00:00Z,0,2024-01-19,3,2,19
2024-01-19T02:00:00Z,0,2024-01-19,3,3,19
2024-01-19T03:00:00Z,0,2024-01-19,3,4,19
2024-01-19T04:00:00Z,0,2024-01-19,3,5,19
2024-01-19T05:00:00Z,0,2024-01-19,3,6,19
2024-01-19T06:00:00Z,0,2024-01-19,3,7,19
2024-01-19T07:00:00Z,0.001,2024-01-19,3,8,19
2024-01-19T08:00:00Z,0.052,2024-01-19,3,9,19
2024-01-19T09:00:00Z,0.124,2024-01-19,3,10,19
2024-01-19T10:00:00Z,0.141,2024-01-19,3,11,19
2024-01-19T11:00:00Z,0.114,2024-01-19,3,12,19
2024-01-19T12:00:00Z,0.067,2024-01-19,3,13,19
2024-01-19T13:00:00Z,0.029,2024-01-19,3,14,19
2024-01-19T14:00:00Z,0.005,2024-01-19,3,15,19
2024-01-19T15:00:00Z,0,2024-01-19,3,16,19
2024-01-19T16:00:00Z,0,2024-01-19,3,17,19
2024-01-19T17:00:00Z,0,2024-01-19,3,18,19
2024-01-19T18:00:00Z,0,2024-01-19,3,19,19
2024-01-19T19:00:00Z,0,2024-01-19,3,20,19
2024-01-19T20:00:00Z,0,2024-01-19,3,21,19
2024-01-19T21:00:00Z,0,2024-01-19,3,22,19
2024-01-19T22:00:00Z,0,2024-01-19,3,23,19
2024-01-19T23:00:00Z,0,2024-01-20,3,0,20
2024-01-20T00:00:00Z,0,2024-01-20,3,1,20
2024-01-20T01:00:00Z,0,2024-01-20,3,2,20
2024-01-20T02:00:00Z,0,2024-01-20,3,3,20
2024-01-20T03:00:00Z,0,2024-01-20,3,4,20
2024-01-20T04:00:00Z,0,2024-01-20,3,5,20
2024-01-20T05:00:00Z,0,2024-01-20,3,6,20
2024-01-20T06:00:00Z,0,2024-01-20,3,7,20
2024-01-20T07:00:00Z,0,2024-01-20,3,8,20
2024-01-20T08:00:00Z,0.014,2024-01-20,3,9,20
2024-01-20T09:00:00Z,0.038,2024-01-20,3,10,20
2024-01-20T10:00:00Z,0.053,2024-01-20,3,11,20
2024-01-20T11:00:00Z,0.061,2024-01-20,3,12,20
2024-01-20T12:00:00Z,0.063,2024-01-20,3,13,20
2024-01-20T13:00:00Z,0.049,2024-01-20,3,14,20
2024-01-20T14:00:00Z,0.015,2024-01-20,3,15,20
2024-01-20T15:00:00Z,0,2024-01-20,3,16,20
2024-01-20T16:00:00Z,0,2024-01-20,3,17,20
2024-01-20T17:00:00Z,0,2024-01-20,3,18,20
2024-01-20T18:00:00Z,0,2024-01-20,3,19,20
2024-01-20T19:00:00Z,0,2024-01-20,3,20,20
2024-01-20T20:00:00Z,0,2024-01-20,3,21,20
2024-01-20T21:00:00Z,0,2024-01-20,3,22,20
2024-01-20T22:00:00Z,0,2024-01-20,3,23,20
2024-01-20T23:00:00Z,0,2024-01-21,3,0,21
2024-01-21T00:00:00Z,0,2024-01-21,3,1,21
2024-01-21T01:00:00Z,0,2024-01-21,3,2,21
2024-01-21T02:00:00Z,0,2024-01-21,3,3,21
2024-01-21T03:00:00Z,0,2024-01-21,3,4,21
2024-01-21T04:00:00Z,0,2024-01-21,3,5,21
2024-01-21T05:00:00Z,0,2024-01-21,3,6,21
2024-01-21T06:00:00Z,0,2024-01-21,3,7,21
2024-01-21T07:00:00Z,0,2024-01-21,3,8,21
2024-01-21T08:00:00Z,0.006,2024-01-21,3,9,21
2024-01-21T09:00:00Z,0.013,2024-01-21,3,10,21
2024-01-21T10:00:00Z,0.017,2024-01-21,3,11,21
2024-01-21T11:00:00Z,0.015,2024-01-21,3,12,21
2024-01-21T12:00:00Z,0.012,2024-01-21,3,13,21
2024-01-21T13:00:00Z,0.005,2024-01-21,3,14,21
2024-01-21T14:00:00Z,0,2024-01-21,3,15,21
2024-01-21T15:00:00Z,0,2024-01-21,3,16,21
2024-01-21T16:00:00Z,0,2024-01-21,3,17,21
2024-01-21T17:00:00Z,0,2024-01-21,3,18,21
2024-01-21T18:00:00Z,0,2024-01-21,3,19,21
2024-01-21T19:00:00Z,0,2024-01-21,3,20,21
2024-01-21T20:00:00Z,0,2024-01-21,3,21,21
2024-01-21T21:00:00Z,0,2024-01-21,3,22,21
2024-01-21T22:00:00Z,0,2024-01-21,3,23,21
2024-01-21T23:00:00Z,0,2024-01-22,4,0,22
2024-01-22T00:00:00Z,0,2024-01-22,4,1,22
2024-01-22T01:00:00Z,0,2024-01-22,4,2,22
2024-01-22T02:00:00Z,0,2024-01-22,4,3,22
2024-01-22T03:00:00Z,0,2024-01-22,4,4,22
2024-01-22T04:00:00Z,0,2024-01-22,4,5,22
2024-01-22T05:00:00Z,0,2024-01-22,4,6,22
2024-01-22T06:00:00Z,0,2024-01-22,4,7,22
2024-01-22T07:00:00Z,0,2024-01-22,4,8,22
2024-01-22T08:00:00Z,0.019,2024-01-22,4,9,22
2024-01-22T09:00:00Z,0.092,2024-01-22,4,10,22
2024-01-22T10:00:00Z,0.161,2024-01-22,4,11,22
2024-01-22T11:00:00Z,0.191,2024-01-22,4,12,22
2024-01-22T12:00:00Z,0.172,2024-01-22,4,13,22
2024-01-22T13:00:00Z,0.085,2024-01-22,4,14,22
2024-01-22T14:00:00Z,0.016,2024-01-22,4,15,22
2024-01-22T15:00:00Z,0,2024-01-22,4,16,22
2024-01-22T16:00:00Z,0,2024-01-22,4,17,22
2024-01-22T17:00:00Z,0,2024-01-22,4,18,22
2024-01-22T18:00:00Z,0,2024-01-22,4,19,22
2024-01-22T19:00:00Z,0,2024-01-22,4,20,22
2024-01-22T20:00:00Z,0,2024-01-22,4,21,22
2024-01-22T21:00:00Z,0,2024-01-22,4,22,22
2024-01-22T22:00:00Z,0,2024-01-22,4,23,22
2024-01-22T23:00:00Z,0,2024-01-23,4,0,23
2024-01-23T00:00:00Z,0,2024-01-23,4,1,23
2024-01-23T01:00:00Z,0,2024-01-23,4,2,23
2024-01-23T02:00:00Z,0,2024-01-23,4,3,23
2024-01-23T03:00:00Z,0,2024-01-23,4,4,23
2024-01-23T04:00:00Z,0,2024-01-23,4,5,23
2024-01-23T05:00:00Z,0,2024-01-23,4,6,23
2024-01-23T06:00:00Z,0,2024-01-23,4,7,23
2024-01-23T07:00:00Z,0,2024-01-23,4,8,23
2024-01-23T08:00:00Z,0.067,2024-01-23,4,9,23
2024-01-23T09:00:00Z,0.186,2024-01-23,4,10,23
2024-01-23T10:00:00Z,0.233,2024-01-23,4,11,23
2024-01-23T11:00:00Z,0.19,2024-01-23,4,12,23
2024-01-23T12:00:00Z,0.13,2024-01-23,4,13,23
2024-01-23T13:00:00Z,0.083,2024-01-23,4,14,23
2024-01-23T14:00:00Z,0.019,2024-01-23,4,15,23
2024-01-23T15:00:00Z,0,2024-01-23,4,16,23
2024-01-23T16:00:00Z,0,2024-01-23,4,17,23
2024-01-23T17:00:00Z,0,2024-01-23,4,18,23
2024-01-23T18:00:00Z,0,2024-01-23,4,19,23
2024-01-23T19:00:00Z,0,2024-01-23,4,20,23
2024-01-23T20:00:00Z,0,2024-01-23,4,21,23
2024-01-23T21:00:00Z,0,2024-01-23,4,22,23
2024-01-23T22:00:00Z,0,2024-01-23,4,23,23
2024-01-23T23:00:00Z,0,2024-01-24,4,0,24
2024-01-24T00:00:00Z,0,2024-01-24,4,1,24
2024-01-24T01:00:00Z,0,2024-01-24,4,2,24
2024-01-24T02:00:00Z,0,2024-01-24,4,3,24
2024-01-24T03:00:00Z,0,2024-01-24,4,4,24
2024-01-24T04:00:00Z,0,2024-01-24,4,5,24
2024-01-24T05:00:00Z,0,2024-01-24,4,6,24
2024-01-24T06:00:00Z,0,2024-01-24,4,7,24
2024-01-24T07:00:00Z,0,2024-01-24,4,8,24
2024-01-24T08:00:00Z,0.014,2024-01-24,4,9,24
2024-01-24T09:00:00Z,0.037,2024-01-24,4,10,24
2024-01-24T10:00:00Z,0.034,2024-01-24,4,11,24
2024-01-24T11:00:00Z,0.03,2024-01-24,4,12,24
2024-01-24T12:00:00Z,0.027,2024-01-24,4,13,24
2024-01-24T13:00:00Z,0.02,2024-01-24,4,14,24
2024-01-24T14:00:00Z,0.005,2024-01-24,4,15,24
2024-01-24T15:00:00Z,0,2024-01-24,4,16,24
2024-01-24T16:00:00Z,0,2024-01-24,4,17,24
2024-01-24T17:00:00Z,0,2024-01-24,4,18,24
2024-01-24T18:00:00Z,0,2024-01-24,4,19,24
2024-01-24T19:00:00Z,0,2024-01-24,4,20,24
2024-01-24T20:00:00Z,0,2024-01-24,4,21,24
2024-01-24T21:00:00Z,0,2024-01-24,4,22,24
2024-01-24T22:00:00Z,0,2024-01-24,4,23,24
2024-01-24T23:00:00Z,0,2024-01-25,4,0,25
2024-01-25T00:00:00Z,0,2024-01-25,4,1,25
2024-01-25T01:00:00Z,0,2024-01-25,4,2,25
2024-01-25T02:00:00Z,0,2024-01-25,4,3,25
2024-01-25T03:00:00Z,0,2024-01-25,4,4,25
2024-01-25T04:00:00Z,0,2024-01-25,4,5,25
2024-01-25T05:00:00Z,0,2024-01-25,4,6,25
2024-01-25T06:00:00Z,0,2024-01-25,4,7,25
2024-01-25T07:00:00Z,0.015,2024-01-25,4,8,25
2024-01-25T08:00:00Z,0.174,2024-01-25,4,9,25
2024-01-25T09:00:00Z,0.276,2024-01-25,4,10,25
2024-01-25T10:00:00Z,0.311,2024-01-25,4,11,25
2024-01-25T11:00:00Z,0.274,2024-01-25,4,12,25
2024-01-25T12:00:00Z,0.212,2024-01-25,4,13,25
2024-01-25T13:00:00Z,0.15,2024-01-25,4,14,25
2024-01-25T14:00:00Z,0.052,2024-01-25,4,15,25
2024-01-25T15:00:00Z,0,2024-01-25,4,16,25
2024-01-25T16:00:00Z,0,2024-01-25,4,17,25
2024-01-25T17:00:00Z,0,2024-01-25,4,18,25
2024-01-25T18:00:00Z,0,2024-01-25,4,19,25
2024-01-25T19:00:00Z,0,2024-01-25,4,20,25
2024-01-25T20:00:00Z,0,2024-01-25,4,21,25
2024-01-25T21:00:00Z,0,2024-01-25,4,22,25
2024-01-25T22:00:00Z,0,2024-01-25,4,23,25
2024-01-25T23:00:00Z,0,2024-01-26,4,0,26
2024-01-26T00:00:00Z,0,2024-01-26,4,1,26
2024-01-26T01:00:00Z,0,2024-01-26,4,2,26
2024-01-26T02:00:00Z,0,2024-01-26,4,3,26
2024-01-26T03:00:00Z,0,2024-01-26,4,4,26
2024-01-26T04:00:00Z,0,2024-01-26,4,5,26
2024-01-26T05:00:00Z,0,2024-01-26,4,6,26
2024-01-26T06:00:00Z,0,2024-01-26,4,7,26
2024-01-26T07:00:00Z,0,2024-01-26,4,8,26
2024-01-26T08:00:00Z,0.002,2024-01-26,4,9,26
2024-01-26T09:00:00Z,0.008,2024-01-26,4,10,26
2024-01-26T10:00:00Z,0.017,2024-01-26,4,11,26
2024-01-26T11:00:00Z,0.03,2024-01-26,4,12,26
2024-01-26T12:00:00Z,0.057,2024-01-26,4,13,26
2024-01-26T13:00:00Z,0.057,2024-01-26,4,14,26
2024-01-26T14:00:00Z,0.023,2024-01-26,4,15,26
2024-01-26T15:00:00Z,0,2024-01-26,4,16,26
2024-01-26T16:00:00Z,0,2024-01-26,4,17,26
2024-01-26T17:00:00Z,0,2024-01-26,4,18,26
2024-01-26T18:00:00Z,0,2024-01-26,4,19,26
2024-01-26T19:00:00Z,0,2024-01-26,4,20,26
2024-01-26T20:00:00Z,0,2024-01-26,4,21,26
2024-01-26T21:00:00Z,0,2024-01-26,4,22,26
2024-01-26T22:00:00Z,0,2024-01-26,4,23,26
2024-01-26T23:00:00Z,0,2024-01-27,4,0,27
2024-01-27T00:00:00Z,0,2024-01-27,4,1,27
2024-01-27T01:00:00Z,0,2024-01-27,4,2,27
2024-01-27T02:00:00Z,0,2024-01-27,4,3,27
2024-01-27T03:00:00Z,0,2024-01-27,4,4,27
2024-01-27T04:00:00Z,0,2024-01-27,4,5,27
2024-01-27T05:00:00Z,0,2024-01-27,4,6,27
2024-01-27T06:00:00Z,0,2024-01-27,4,7,27
2024-01-27T07:00:00Z,0.002,2024-01-27,4,8,27
2024-01-27T08:00:00Z,0.035,2024-01-27,4,9,27
2024-01-27T09:00:00Z,0.071,2024-01-27,4,10,27
2024-01-27T10:00:00Z,0.097,2024-01-27,4,11,27
2024-01-27T11:00:00Z,0.111,2024-01-27,4,12,27
2024-01-27T12:00:00Z,0.115,2024-01-27,4,13,27
2024-01-27T13:00:00Z,0.086,2024-01-27,4,14,27
2024-01-27T14:00:00Z,0.03,2024-01-27,4,15,27
2024-01-27T15:00:00Z,0,2024-01-27,4,16,27
2024-01-27T16:00:00Z,0,2024-01-27,4,17,27
2024-01-27T17:00:00Z,0,2024-01-27,4,18,27
2024-01-27T18:00:00Z,0,2024-01-27,4,19,27
2024-01-27T19:00:00Z,0,2024-01-27,4,20,27
2024-01-27T20:00:00Z,0,2024-01-27,4,21,27
2024-01-27T21:00:00Z,0,2024-01-27,4,22,27
2024-01-27T22:00:00Z,0,2024-01-27,4,23,27
2024-01-27T23:00:00Z,0,2024-01-28,4,0,28
2024-01-28T00:00:00Z,0,2024-01-28,4,1,28
2024-01-28T01:00:00Z,0,2024-01-28,4,2,28
2024-01-28T02:00:00Z,0,2024-01-28,4,3,28
2024-01-28T03:00:00Z,0,2024-01-28,4,4,28
2024-01-28T04:00:00Z,0,2024-01-28,4,5,28
2024-01-28T05:00:00Z,0,2024-01-28,4,6,28
2024-01-28T06:00:00Z,0,2024-01-28,4,7,28
2024-01-28T07:00:00Z,0.001,2024-01-28,4,8,28
2024-01-28T08:00:00Z,0.038,2024-01-28,4,9,28
2024-01-28T09:00:00Z,0.164,2024-01-28,4,10,28
2024-01-28T10:00:00Z,0.295,2024-01-28,4,11,28
2024-01-28T11:00:00Z,0.329,2024-01-28,4,12,28
2024-01-28T12:00:00Z,0.294,2024-01-28,4,13,28
2024-01-28T13:00:00Z,0.183,2024-01-28,4,14,28
2024-01-28T14:00:00Z,0.058,2024-01-28,4,15,28
2024-01-28T15:00:00Z,0,2024-01-28,4,16,28
2024-01-28T16:00:00Z,0,2024-01-28,4,17,28
2024-01-28T17:00:00Z,0,2024-01-28,4,18,28
2024-01-28T18:00:00Z,0,2024-01-28,4,19,28
2024-01-28T19:00:00Z,0,2024-01-28,4,20,28
2024-01-28T20:00:00Z,0,2024-01-28,4,21,28
2024-01-28T21:00:00Z,0,2024-01-28,4,22,28
2024-01-28T22:00:00Z,0,2024-01-28,4,23,28
2024-01-28T23:00:00Z,0,2024-01-29,5,0,29
2024-01-29T00:00:00Z,0,2024-01-29,5,1,29
2024-01-29T01:00:00Z,0,2024-01-29,5,2,29
2024-01-29T02:00:00Z,0,2024-01-29,5,3,29
2024-01-29T03:00:00Z,0,2024-01-29,5,4,29
2024-01-29T04:00:00Z,0,2024-01-29,5,5,29
2024-01-29T05:00:00Z,0,2024-01-29,5,6,29
2024-01-29T06:00:00Z,0,2024-01-29,5,7,29
2024-01-29T07:00:00Z,0.01,2024-01-29,5,8,29
2024-01-29T08:00:00Z,0.055,2024-01-29,5,9,29
2024-01-29T09:00:00Z,0.075,2024-01-29,5,10,29
2024-01-29T10:00:00Z,0.084,2024-01-29,5,11,29
2024-01-29T11:00:00Z,0.077,2024-01-29,5,12,29
2024-01-29T12:00:00Z,0.058,2024-01-29,5,13,29
2024-01-29T13:00:00Z,0.032,2024-01-29,5,14,29
2024-01-29T14:00:00Z,0.009,2024-01-29,5,15,29
2024-01-29T15:00:00Z,0,2024-01-29,5,16,29
2024-01-29T16:00:00Z,0,2024-01-29,5,17,29
2024-01-29T17:00:00Z,0,2024-01-29,5,18,29
2024-01-29T18:00:00Z,0,2024-01-29,5,19,29
2024-01-29T19:00:00Z,0,2024-01-29,5,20,29
2024-01-29T20:00:00Z,0,2024-01-29,5,21,29
2024-01-29T21:00:00Z,0,2024-01-29,5,22,29
2024-01-29T22:00:00Z,0,2024-01-29,5,23,29
2024-01-29T23:00:00Z,0,2024-01-30,5,0,30
2024-01-30T00:00:00Z,0,2024-01-30,5,1,30
2024-01-30T01:00:00Z,0,2024-01-30,5,2,30
2024-01-30T02:00:00Z,0,2024-01-30,5,3,30
2024-01-30T03:00:00Z,0,2024-01-30,5,4,30
2024-01-30T04:00:00Z,0,2024-01-30,5,5,30
2024-01-30T05:00:00Z,0,2024-01-30,5,6,30
2024-01-30T06:00:00Z,0,2024-01-30,5,7,30
2024-01-30T07:00:00Z,0,2024-01-30,5,8,30
2024-01-30T08:00:00Z,0.009,2024-01-30,5,9,30
2024-01-30T09:00:00Z,0.021,2024-01-30,5,10,30
2024-01-30T10:00:00Z,0.034,2024-01-30,5,11,30
2024-01-30T11:00:00Z,0.04,2024-01-30,5,12,30
2024-01-30T12:00:00Z,0.031,2024-01-30,5,13,30
2024-01-30T13:00:00Z,0.017,2024-01-30,5,14,30
2024-01-30T14:00:00Z,0.005,2024-01-30,5,15,30
2024-01-30T15:00:00Z,0,2024-01-30,5,16,30
2024-01-30T16:00:00Z,0,2024-01-30,5,17,30
2024-01-30T17:00:00Z,0,2024-01-30,5,18,30
2024-01-30T18:00:00Z,0,2024-01-30,5,19,30
2024-01-30T19:00:00Z,0,2024-01-30,5,20,30
2024-01-30T20:00:00Z,0,2024-01-30,5,21,30
2024-01-30T21:00:00Z,0,2024-01-30,5,22,30
2024-01-30T22:00:00Z,0,2024-01-30,5,23,30
2024-01-30T23:00:00Z,0,2024-01-31,5,0,31
2024-01-31T00:00:00Z,0,2024-01-31,5,1,31
2024-01-31T01:00:00Z,0,2024-01-31,5,2,31
2024-01-31T02:00:00Z,0,2024-01-31,5,3,31
2024-01-31T03:00:00Z,0,2024-01-31,5,4,31
2024-01-31T04:00:00Z,0,2024-01-31,5,5,31
2024-01-31T05:00:00Z,0,2024-01-31,5,6,31
2024-01-31T06:00:00Z,0,2024-01-31,5,7,31
2024-01-31T07:00:00Z,0.006,2024-01-31,5,8,31
2024-01-31T08:00:00Z,0.041,2024-01-31,5,9,31
2024-01-31T09:00:00Z,0.076,2024-01-31,5,10,31
2024-01-31T10:00:00Z,0.098,2024-01-31,5,11,31
2024-01-31T11:00:00Z,0.085,2024-01-31,5,12,31
2024-01-31T12:00:00Z,0.084,2024-01-31,5,13,31
2024-01-31T13:00:00Z,0.063,2024-01-31,5,14,31
2024-01-31T14:00:00Z,0.028,2024-01-31,5,15,31
2024-01-31T15:00:00Z,0,2024-01-31,5,16,31
2024-01-31T16:00:00Z,0,2024-01-31,5,17,31
2024-01-31T17:00:00Z,0,2024-01-31,5,18,31
2024-01-31T18:00:00Z,0,2024-01-31,5,19,31
2024-01-31T19:00:00Z,0,2024-01-31,5,20,31
2024-01-31T20:00:00Z,0,2024-01-31,5,21,31
2024-01-31T21:00:00Z,0,2024-01-31,5,22,31
2024-01-31T22:00:00Z,0,2024-01-31,5,23,31
2024-01-31T23:00:00Z,0,2024-02-01,5,0,32
2024-02-01T00:00:00Z,0,2024-02-01,5,1,32
2024-02-01T01:00:00Z,0,2024-02-01,5,2,32
2024-02-01T02:00:00Z,0,2024-02-01,5,3,32
2024-02-01T03:00:00Z,0,2024-02-01,5,4,32
2024-02-01T04:00:00Z,0,2024-02-01,5,5,32
2024-02-01T05:00:00Z,0,2024-02-01,5,6,32
2024-02-01T06:00:00Z,0,2024-02-01,5,7,32
2024-02-01T07:00:00Z,0.012,2024-02-01,5,8,32
2024-02-01T08:00:00Z,0.089,2024-02-01,5,9,32
2024-02-01T09:00:00Z,0.184,2024-02-01,5,10,32
2024-02-01T10:00:00Z,0.242,2024-02-01,5,11,32
2024-02-01T11:00:00Z,0.28,2024-02-01,5,12,32
2024-02-01T12:00:00Z,0.268,2024-02-01,5,13,32
2024-02-01T13:00:00Z,0.172,2024-02-01,5,14,32
2024-02-01T14:00:00Z,0.062,2024-02-01,5,15,32
2024-02-01T15:00:00Z,0.001,2024-02-01,5,16,32
2024-02-01T16:00:00Z,0,2024-02-01,5,17,32
2024-02-01T17:00:00Z,0,2024-02-01,5,18,32
2024-02-01T18:00:00Z,0,2024-02-01,5,19,32
2024-02-01T19:00:00Z,0,2024-02-01,5,20,32
2024-02-01T20:00:00Z,0,2024-02-01,5,21,32
2024-02-01T21:00:00Z,0,2024-02-01,5,22,32
2024-02-01T22:00:00Z,0,2024-02-01,5,23,32
2024-02-01T23:00:00Z,0,2024-02-02,5,0,33
2024-02-02T00:00:00Z,0,2024-02-02,5,1,33
2024-02-02T01:00:00Z,0,2024-02-02,5,2,33
2024-02-02T02:00:00Z,0,2024-02-02,5,3,33
2024-02-02T03:00:00Z,0,2024-02-02,5,4,33
2024-02-02T04:00:00Z,0,2024-02-02,5,5,33
2024-02-02T05:00:00Z,0,2024-02-02,5,6,33
2024-02-02T06:00:00Z,0,2024-02-02,5,7,33
2024-02-02T07:00:00Z,0,2024-02-02,5,8,33
2024-02-02T08:00:00Z,0.004,2024-02-02,5,9,33
2024-02-02T09:00:00Z,0.009,2024-02-02,5,10,33
2024-02-02T10:00:00Z,0.012,2024-02-02,5,11,33
2024-02-02T11:00:00Z,0.02,2024-02-02,5,12,33
2024-02-02T12:00:00Z,0.028,2024-02-02,5,13,33
2024-02-02T13:00:00Z,0.023,2024-02-02,5,14,33
2024-02-02T14:00:00Z,0.007,2024-02-02,5,15,33
2024-02-02T15:00:00Z,0,2024-02-02,5,16,33
2024-02-02T16:00:00Z,0,2024-02-02,5,17,33
2024-02-02T17:00:00Z,0,2024-02-02,5,18,33
2024-02-02T18:00:00Z,0,2024-02-02,5,19,33
2024-02-02T19:00:00Z,0,2024-02-02,5,20,33
2024-02-02T20:00:00Z,0,2024-02-02,5,21,33
2024-02-02T21:00:00Z,0,2024-02-02,5,22,33
2024-02-02T22:00:00Z,0,2024-02-02,5,23,33
2024-02-02T23:00:00Z,0,2024-02-03,5,0,34
2024-02-03T00:00:00Z,0,2024-02-03,5,1,34
2024-02-03T01:00:00Z,0,2024-02-03,5,2,34
2024-02-03T02:00:00Z,0,2024-02-03,5,3,34
2024-02-03T03:00:00Z,0,2024-02-03,5,4,34
2024-02-03T04:00:00Z,0,2024-02-03,5,5,34
2024-02-03T05:00:00Z,0,2024-02-03,5,6,34
2024-02-03T06:00:00Z,0,2024-02-03,5,7,34
2024-02-03T07:00:00Z,0.026,2024-02-03,5,8,34
2024-02-03T08:00:00Z,0.13,2024-02-03,5,9,34
2024-02-03T09:00:00Z,0.216,2024-02-03,5,10,34
2024-02-03T10:00:00Z,0.285,2024-02-03,5,11,34
2024-02-03T11:00:00Z,0.329,2024-02-03,5,12,34
2024-02-03T12:00:00Z,0.295,2024-02-03,5,13,34
2024-02-03T13:00:00Z,0.204,2024-02-03,5,14,34
2024-02-03T14:00:00Z,0.085,2024-02-03,5,15,34
2024-02-03T15:00:00Z,0.004,2024-02-03,5,16,34
2024-02-03T16:00:00Z,0,2024-02-03,5,17,34
2024-02-03T17:00:00Z,0,2024-02-03,5,18,34
2024-02-03T18:00:00Z,0,2024-02-03,5,19,34
2024-02-03T19:00:00Z,0,2024-02-03,5,20,34
2024-02-03T20:00:00Z,0,2024-02-03,5,21,34
2024-02-03T21:00:00Z,0,2024-02-03,5,22,34
2024-02-03T22:00:00Z,0,2024-02-03,5,23,34
2024-02-03T23:00:00Z,0,2024-02-04,5,0,35
2024-02-04T00:00:00Z,0,2024-02-04,5,1,35
2024-02-04T01:00:00Z,0,2024-02-04,5,2,35
2024-02-04T02:00:00Z,0,2024-02-04,5,3,35
2024-02-04T03:00:00Z,0,2024-02-04,5,4,35
2024-02-04T04:00:00Z,0,2024-02-04,5,5,35
2024-02-04T05:00:00Z,0,2024-02-04,5,6,35
2024-02-04T06:00:00Z,0,2024-02-04,5,7,35
2024-02-04T07:00:00Z,0.002,2024-02-04,5,8,35
2024-02-04T08:00:00Z,0.017,2024-02-04,5,9,35
2024-02-04T09:00:00Z,0.038,2024-02-04,5,10,35
2024-02-04T10:00:00Z,0.059,2024-02-04,5,11,35
2024-02-04T11:00:00Z,0.074,2024-02-04,5,12,35
2024-02-04T12:00:00Z,0.069,2024-02-04,5,13,35
2024-02-04T13:00:00Z,0.048,2024-02-04,5,14,35
2024-02-04T14:00:00Z,0.018,2024-02-04,5,15,35
2024-02-04T15:00:00Z,0,2024-02-04,5,16,35
2024-02-04T16:00:00Z,0,2024-02-04,5,17,35
2024-02-04T17:00:00Z,0,2024-02-04,5,18,35
2024-02-04T18:00:00Z,0,2024-02-04,5,19,35
2024-02-04T19:00:00Z,0,2024-02-04,5,20,35
2024-02-04T20:00:00Z,0,2024-02-04,5,21,35
2024-02-04T21:00:00Z,0,2024-02-04,5,22,35
2024-02-04T22:00:00Z,0,2024-02-04,5,23,35
2024-02-04T23:00:00Z,0,2024-02-05,6,0,36
2024-02-05T00:00:00Z,0,2024-02-05,6,1,36
2024-02-05T01:00:00Z,0,2024-02-05,6,2,36
2024-02-05T02:00:00Z,0,2024-02-05,6,3,36
2024-02-05T03:00:00Z,0,2024-02-05,6,4,36
2024-02-05T04:00:00Z,0,2024-02-05,6,5,36
2024-02-05T05:00:00Z,0,2024-02-05,6,6,36
2024-02-05T06:00:00Z,0,2024-02-05,6,7,36
2024-02-05T07:00:00Z,0.003,2024-02-05,6,8,36
2024-02-05T08:00:00Z,0.029,2024-02-05,6,9,36
2024-02-05T09:00:00Z,0.06,2024-02-05,6,10,36
2024-02-05T10:00:00Z,0.092,2024-02-05,6,11,36
2024-02-05T11:00:00Z,0.089,2024-02-05,6,12,36
2024-02-05T12:00:00Z,0.053,2024-02-05,6,13,36
2024-02-05T13:00:00Z,0.023,2024-02-05,6,14,36
2024-02-05T14:00:00Z,0.006,2024-02-05,6,15,36
2024-02-05T15:00:00Z,0,2024-02-05,6,16,36
2024-02-05T16:00:00Z,0,2024-02-05,6,17,36
2024-02-05T17:00:00Z,0,2024-02-05,6,18,36
2024-02-05T18:00:00Z,0,2024-02-05,6,19,36
2024-02-05T19:00:00Z,0,2024-02-05,6,20,36
2024-02-05T20:00:00Z,0,2024-02-05,6,21,36
2024-02-05T21:00:00Z,0,2024-02-05,6,22,36
2024-02-05T22:00:00Z,0,2024-02-05,6,23,36
2024-02-05T23:00:00Z,0,2024-02-06,6,0,37
2024-02-06T00:00:00Z,0,2024-02-06,6,1,37
2024-02-06T01:00:00Z,0,2024-02-06,6,2,37
2024-02-06T02:00:00Z,0,2024-02-06,6,3,37
2024-02-06T03:00:00Z,0,2024-02-06,6,4,37
2024-02-06T04:00:00Z,0,2024-02-06,6,5,37
2024-02-06T05:00:00Z,0,2024-02-06,6,6,37
2024-02-06T06:00:00Z,0,2024-02-06,6,7,37
2024-02-06T07:00:00Z,0,2024-02-06,6,8,37
2024-02-06T08:00:00Z,0.005,2024-02-06,6,9,37
2024-02-06T09:00:00Z,0.015,2024-02-06,6,10,37
2024-02-06T10:00:00Z,0.022,2024-02-06,6,11,37
2024-02-06T11:00:00Z,0.026,2024-02-06,6,12,37
2024-02-06T12:00:00Z,0.036,2024-02-06,6,13,37
2024-02-06T13:00:00Z,0.036,2024-02-06,6,14,37
2024-02-06T14:00:00Z,0.013,2024-02-06,6,15,37
2024-02-06T15:00:00Z,0,2024-02-06,6,16,37
2024-02-06T16:00:00Z,0,2024-02-06,6,17,37
2024-02-06T17:00:00Z,0,2024-02-06,6,18,37
2024-02-06T18:00:00Z,0,2024-02-06,6,19,37
2024-02-06T19:00:00Z,0,2024-02-06,6,20,37
2024-02-06T20:00:00Z,0,2024-02-06,6,21,37
2024-02-06T21:00:00Z,0,2024-02-06,6,22,37
2024-02-06T22:00:00Z,0,2024-02-06,6,23,37
2024-02-06T23:00:00Z,0,2024-02-07,6,0,38
2024-02-07T00:00:00Z,0,2024-02-07,6,1,38
2024-02-07T01:00:00Z,0,2024-02-07,6,2,38
2024-02-07T02:00:00Z,0,2024-02-07,6,3,38
2024-02-07T03:00:00Z,0,2024-02-07,6,4,38
2024-02-07T04:00:00Z,0,2024-02-07,6,5,38
2024-02-07T05:00:00Z,0,2024-02-07,6,6,38
2024-02-07T06:00:00Z,0,2024-02-07,6,7,38
2024-02-07T07:00:00Z,0.034,2024-02-07,6,8,38
2024-02-07T08:00:00Z,0.153,2024-02-07,6,9,38
2024-02-07T09:00:00Z,0.275,2024-02-07,6,10,38
2024-02-07T10:00:00Z,0.337,2024-02-07,6,11,38
2024-02-07T11:00:00Z,0.351,2024-02-07,6,12,38
2024-02-07T12:00:00Z,0.315,2024-02-07,6,13,38
2024-02-07T13:00:00Z,0.228,2024-02-07,6,14,38
2024-02-07T14:00:00Z,0.107,2024-02-07,6,15,38
2024-02-07T15:00:00Z,0.011,2024-02-07,6,16,38
2024-02-07T16:00:00Z,0,2024-02-07,6,17,38
2024-02-07T17:00:00Z,0,2024-02-07,6,18,38
2024-02-07T18:00:00Z,0,2024-02-07,6,19,38
2024-02-07T19:00:00Z,0,2024-02-07,6,20,38
2024-02-07T20:00:00Z,0,2024-02-07,6,21,38
2024-02-07T21:00:00Z,0,2024-02-07,6,22,38
2024-02-07T22:00:00Z,0,2024-02-07,6,23,38
2024-02-07T23:00:00Z,0,2024-02-08,6,0,39
2024-02-08T00:00:00Z,0,2024-02-08,6,1,39
2024-02-08T01:00:00Z,0,2024-02-08,6,2,39
2024-02-08T02:00:00Z,0,2024-02-08,6,3,39
2024-02-08T03:00:00Z,0,2024-02-08,6,4,39
2024-02-08T04:00:00Z,0,2024-02-08,6,5,39
2024-02-08T05:00:00Z,0,2024-02-08,6,6,39
2024-02-08T06:00:00Z,0,2024-02-08,6,7,39
2024-02-08T07:00:00Z,0.038,2024-02-08,6,8,39
2024-02-08T08:00:00Z,0.115,2024-02-08,6,9,39
2024-02-08T09:00:00Z,0.188,2024-02-08,6,10,39
2024-02-08T10:00:00Z,0.229,2024-02-08,6,11,39
2024-02-08T11:00:00Z,0.239,2024-02-08,6,12,39
2024-02-08T12:00:00Z,0.208,2024-02-08,6,13,39
2024-02-08T13:00:00Z,0.147,2024-02-08,6,14,39
2024-02-08T14:00:00Z,0.072,2024-02-08,6,15,39
2024-02-08T15:00:00Z,0.008,2024-02-08,6,16,39
2024-02-08T16:00:00Z,0,2024-02-08,6,17,39
2024-02-08T17:00:00Z,0,2024-02-08,6,18,39
2024-02-08T18:00:00Z,0,2024-02-08,6,19,39
2024-02-08T19:00:00Z,0,2024-02-08,6,20,39
2024-02-08T20:00:00Z,0,2024-02-08,6,21,39
2024-02-08T21:00:00Z,0,2024-02-08,6,22,39
2024-02-08T22:00:00Z,0,2024-02-08,6,23,39
2024-02-08T23:00:00Z,0,2024-02-09,6,0,40
2024-02-09T00:00:00Z,0,2024-02-09,6,1,40
2024-02-09T01:00:00Z,0,2024-02-09,6,2,40
2024-02-09T02:00:00Z,0,2024-02-09,6,3,40
2024-02-09T03:00:00Z,0,2024-02-09,6,4,40
2024-02-09T04:00:00Z,0,2024-02-09,6,5,40
2024-02-09T05:00:00Z,0,2024-02-09,6,6,40
2024-02-09T06:00:00Z,0,2024-02-09,6,7,40
2024-02-09T07:00:00Z,0.006,2024-02-09,6,8,40
2024-02-09T08:00:00Z,0.031,2024-02-09,6,9,40
2024-02-09T09:00:00Z,0.051,2024-02-09,6,10,40
2024-02-09T10:00:00Z,0.057,2024-02-09,6,11,40
2024-02-09T11:00:00Z,0.048,2024-02-09,6,12,40
2024-02-09T12:00:00Z,0.037,2024-02-09,6,13,40
2024-02-09T13:00:00Z,0.025,2024-02-09,6,14,40
2024-02-09T14:00:00Z,0.011,2024-02-09,6,15,40
2024-02-09T15:00:00Z,0,2024-02-09,6,16,40
2024-02-09T16:00:00Z,0,2024-02-09,6,17,40
2024-02-09T17:00:00Z,0,2024-02-09,6,18,40
2024-02-09T18:00:00Z,0,2024-02-09,6,19,40
2024-02-09T19:00:00Z,0,2024-02-09,6,20,40
2024-02-09T20:00:00Z,0,2024-02-09,6,21,40
2024-02-09T21:00:00Z,0,2024-02-09,6,22,40
2024-02-09T22:00:00Z,0,2024-02-09,6,23,40
2024-02-09T23:00:00Z,0,2024-02-10,6,0,41
2024-02-10T00:00:00Z,0,2024-02-10,6,1,41
2024-02-10T01:00:00Z,0,2024-02-10,6,2,41
2024-02-10T02:00:00Z,0,2024-02-10,6,3,41
2024-02-10T03:00:00Z,0,2024-02-10,6,4,41
2024-02-10T04:00:00Z,0,2024-02-10,6,5,41
2024-02-10T05:00:00Z,0,2024-02-10,6,6,41
2024-02-10T06:00:00Z,0,2024-02-10,6,7,41
2024-02-10T07:00:00Z,0.007,2024-02-10,6,8,41
2024-02-10T08:00:00Z,0.032,2024-02-10,6,9,41
2024-02-10T09:00:00Z,0.06,2024-02-10,6,10,41
2024-02-10T10:00:00Z,0.087,2024-02-10,6,11,41
2024-02-10T11:00:00Z,0.095,2024-02-10,6,12,41
2024-02-10T12:00:00Z,0.08,2024-02-10,6,13,41
2024-02-10T13:00:00Z,0.054,2024-02-10,6,14,41
2024-02-10T14:00:00Z,0.024,2024-02-10,6,15,41
2024-02-10T15:00:00Z,0.001,2024-02-10,6,16,41
2024-02-10T16:00:00Z,0,2024-02-10,6,17,41
2024-02-10T17:00:00Z,0,2024-02-10,6,18,41
2024-02-10T18:00:00Z,0,2024-02-10,6,19,41
2024-02-10T19:00:00Z,0,2024-02-10,6,20,41
2024-02-10T20:00:00Z,0,2024-02-10,6,21,41
2024-02-10T21:00:00Z,0,2024-02-10,6,22,41
2024-02-10T22:00:00Z,0,2024-02-10,6,23,41
2024-02-10T23:00:00Z,0,2024-02-11,6,0,42
2024-02-11T00:00:00Z,0,2024-02-11,6,1,42
2024-02-11T01:00:00Z,0,2024-02-11,6,2,42
2024-02-11T02:00:00Z,0,2024-02-11,6,3,42
2024-02-11T03:00:00Z,0,2024-02-11,6,4,42
2024-02-11T04:00:00Z,0,2024-02-11,6,5,42
2024-02-11T05:00:00Z,0,2024-02-11,6,6,42
2024-02-11T06:00:00Z,0,2024-02-11,6,7,42
2024-02-11T07:00:00Z,0.002,2024-02-11,6,8,42
2024-02-11T08:00:00Z,0.014,2024-02-11,6,9,42
2024-02-11T09:00:00Z,0.029,2024-02-11,6,10,42
2024-02-11T10:00:00Z,0.041,2024-02-11,6,11,42
2024-02-11T11:00:00Z,0.044,2024-02-11,6,12,42
2024-02-11T12:00:00Z,0.036,2024-02-11,6,13,42
2024-02-11T13:00:00Z,0.022,2024-02-11,6,14,42
2024-02-11T14:00:00Z,0.008,2024-02-11,6,15,42
2024-02-11T15:00:00Z,0,2024-02-11,6,16,42
2024-02-11T16:00:00Z,0,2024-02-11,6,17,42
2024-02-11T17:00:00Z,0,2024-02-11,6,18,42
2024-02-11T18:00:00Z,0,2024-02-11,6,19,42
2024-02-11T19:00:00Z,0,2024-02-11,6,20,42
2024-02-11T20:00:00Z,0,2024-02-11,6,21,42
2024-02-11T21:00:00Z,0,2024-02-11,6,22,42
2024-02-11T22:00:00Z,0,2024-02-11,6,23,42
2024-02-11T23:00:00Z,0,2024-02-12,7,0,43
2024-02-12T00:00:00Z,0,2024-02-12,7,1,43
2024-02-12T01:00:00Z,0,2024-02-12,7,2,43
2024-02-12T02:00:00Z,0,2024-02-12,7,3,43
2024-02-12T03:00:00Z,0,2024-02-12,7,4,43
2024-02-12T04:00:00Z,0,2024-02-12,7,5,43
2024-02-12T05:00:00Z,0,2024-02-12,7,6,43
2024-02-12T06:00:00Z,0,2024-02-12,7,7,43
2024-02-12T07:00:00Z,0.001,2024-02-12,7,8,43
2024-02-12T08:00:00Z,0.012,2024-02-12,7,9,43
2024-02-12T09:00:00Z,0.028,2024-02-12,7,10,43
2024-02-12T10:00:00Z,0.045,2024-02-12,7,11,43
2024-02-12T11:00:00Z,0.055,2024-02-12,7,12,43
2024-02-12T12:00:00Z,0.048,2024-02-12,7,13,43
2024-02-12T13:00:00Z,0.033,2024-02-12,7,14,43
2024-02-12T14:00:00Z,0.015,2024-02-12,7,15,43
2024-02-12T15:00:00Z,0.001,2024-02-12,7,16,43
2024-02-12T16:00:00Z,0,2024-02-12,7,17,43
2024-02-12T17:00:00Z,0,2024-02-12,7,18,43
2024-02-12T18:00:00Z,0,2024-02-12,7,19,43
2024-02-12T19:00:00Z,0,2024-02-12,7,20,43
2024-02-12T20:00:00Z,0,2024-02-12,7,21,43
2024-02-12T21:00:00Z,0,2024-02-12,7,22,43
2024-02-12T22:00:00Z,0,2024-02-12,7,23,43
2024-02-12T23:00:00Z,0,2024-02-13,7,0,44
2024-02-13T00:00:00Z,0,2024-02-13,7,1,44
2024-02-13T01:00:00Z,0,2024-02-13,7,2,44
2024-02-13T02:00:00Z,0,2024-02-13,7,3,44
2024-02-13T03:00:00Z,0,2024-02-13,7,4,44
2024-02-13T04:00:00Z,0,2024-02-13,7,5,44
2024-02-13T05:00:00Z,0,2024-02-13,7,6,44
2024-02-13T06:00:00Z,0,2024-02-13,7,7,44
2024-02-13T07:00:00Z,0.04,2024-02-13,7,8,44
2024-02-13T08:00:00Z,0.107,2024-02-13,7,9,44
2024-02-13T09:00:00Z,0.185,2024-02-13,7,10,44
2024-02-13T10:00:00Z,0.21,2024-02-13,7,11,44
2024-02-13T11:00:00Z,0.227,2024-02-13,7,12,44
2024-02-13T12:00:00Z,0.205,2024-02-13,7,13,44
2024-02-13T13:00:00Z,0.159,2024-02-13,7,14,44
2024-02-13T14:00:00Z,0.085,2024-02-13,7,15,44
2024-02-13T15:00:00Z,0.014,2024-02-13,7,16,44
2024-02-13T16:00:00Z,0,2024-02-13,7,17,44
2024-02-13T17:00:00Z,0,2024-02-13,7,18,44
2024-02-13T18:00:00Z,0,2024-02-13,7,19,44
2024-02-13T19:00:00Z,0,2024-02-13,7,20,44
2024-02-13T20:00:00Z,0,2024-02-13,7,21,44
2024-02-13T21:00:00Z,0,2024-02-13,7,22,44
2024-02-13T22:00:00Z,0,2024-02-13,7,23,44
2024-02-13T23:00:00Z,0,2024-02-14,7,0,45
2024-02-14T00:00:00Z,0,2024-02-14,7,1,45
2024-02-14T01:00:00Z,0,2024-02-14,7,2,45
2024-02-14T02:00:00Z,0,2024-02-14,7,3,45
2024-02-14T03:00:00Z,0,2024-02-14,7,4,45
2024-02-14T04:00:00Z,0,2024-02-14,7,5,45
2024-02-14T05:00:00Z,0,2024-02-14,7,6,45
2024-02-14T06:00:00Z,0,2024-02-14,7,7,45
2024-02-14T07:00:00Z,0.008,2024-02-14,7,8,45
2024-02-14T08:00:00Z,0.034,2024-02-14,7,9,45
2024-02-14T09:00:00Z,0.068,2024-02-14,7,10,45
2024-02-14T10:00:00Z,0.093,2024-02-14,7,11,45
2024-02-14T11:00:00Z,0.097,2024-02-14,7,12,45
2024-02-14T12:00:00Z,0.08,2024-02-14,7,13,45
2024-02-14T13:00:00Z,0.049,2024-02-14,7,14,45
2024-02-14T14:00:00Z,0.02,2024-02-14,7,15,45
2024-02-14T15:00:00Z,0.002,2024-02-14,7,16,45
2024-02-14T16:00:00Z,0,2024-02-14,7,17,45
2024-02-14T17:00:00Z,0,2024-02-14,7,18,45
2024-02-14T18:00:00Z,0,2024-02-14,7,19,45
2024-02-14T19:00:00Z,0,2024-02-14,7,20,45
2024-02-14T20:00:00Z,0,2024-02-14,7,21,45
2024-02-14T21:00:00Z,0,2024-02-14,7,22,45
2024-02-14T22:00:00Z,0,2024-02-14,7,23,45
2024-02-14T23:00:00Z,0,2024-02-15,7,0,46
2024-02-15T00:00:00Z,0,2024-02-15,7,1,46
2024-02-15T01:00:00Z,0,2024-02-15,7,2,46
2024-02-15T02:00:00Z,0,2024-02-15,7,3,46
2024-02-15T03:00:00Z,0,2024-02-15,7,4,46
2024-02-15T04:00:00Z,0,2024-02-15,7,5,46
2024-02-15T05:00:00Z,0,2024-02-15,7,6,46
2024-02-15T06:00:00Z,0,2024-02-15,7,7,46
2024-02-15T07:00:00Z,0.006,2024-02-15,7,8,46
2024-02-15T08:00:00Z,0.026,2024-02-15,7,9,46
2024-02-15T09:00:00Z,0.053,2024-02-15,7,10,46
2024-02-15T10:00:00Z,0.061,2024-02-15,7,11,46
2024-02-15T11:00:00Z,0.057,2024-02-15,7,12,46
2024-02-15T12:00:00Z,0.042,2024-02-15,7,13,46
2024-02-15T13:00:00Z,0.024,2024-02-15,7,14,46
2024-02-15T14:00:00Z,0.009,2024-02-15,7,15,46
2024-02-15T15:00:00Z,0,2024-02-15,7,16,46
2024-02-15T16:00:00Z,0,2024-02-15,7,17,46
2024-02-15T17:00:00Z,0,2024-02-15,7,18,46
2024-02-15T18:00:00Z,0,2024-02-15,7,19,46
2024-02-15T19:00:00Z,0,2024-02-15,7,20,46
2024-02-15T20:00:00Z,0,2024-02-15,7,21,46
2024-02-15T21:00:00Z,0,2024-02-15,7,22,46
2024-02-15T22:00:00Z,0,2024-02-15,7,23,46
2024-02-15T23:00:00Z,0,2024-02-16,7,0,47
2024-02-16T00:00:00Z,0,2024-02-16,7,1,47
2024-02-16T01:00:00Z,0,2024-02-16,7,2,47
2024-02-16T02:00:00Z,0,2024-02-16,7,3,47
2024-02-16T03:00:00Z,0,2024-02-16,7,4,47
2024-02-16T04:00:00Z,0,2024-02-16,7,5,47
2024-02-16T05:00:00Z,0,2024-02-16,7,6,47
2024-02-16T06:00:00Z,0,2024-02-16,7,7,47
2024-02-16T07:00:00Z,0.019,2024-02-16,7,8,47
2024-02-16T08:00:00Z,0.084,2024-02-16,7,9,47
2024-02-16T09:00:00Z,0.147,2024-02-16,7,10,47
2024-02-16T10:00:00Z,0.161,2024-02-16,7,11,47
2024-02-16T11:00:00Z,0.122,2024-02-16,7,12,47
2024-02-16T12:00:00Z,0.074,2024-02-16,7,13,47
2024-02-16T13:00:00Z,0.038,2024-02-16,7,14,47
2024-02-16T14:00:00Z,0.019,2024-02-16,7,15,47
2024-02-16T15:00:00Z,0.003,2024-02-16,7,16,47
2024-02-16T16:00:00Z,0,2024-02-16,7,17,47
2024-02-16T17:00:00Z,0,2024-02-16,7,18,47
2024-02-16T18:00:00Z,0,2024-02-16,7,19,47
2024-02-16T19:00:00Z,0,2024-02-16,7,20,47
2024-02-16T20:00:00Z,0,2024-02-16,7,21,47
2024-02-16T21:00:00Z,0,2024-02-16,7,22,47
2024-02-16T22:00:00Z,0,2024-02-16,7,23,47
2024-02-16T23:00:00Z,0,2024-02-17,7,0,48
2024-02-17T00:00:00Z,0,2024-02-17,7,1,48
2024-02-17T01:00:00Z,0,2024-02-17,7,2,48
2024-02-17T02:00:00Z,0,2024-02-17,7,3,48
2024-02-17T03:00:00Z,0,2024-02-17,7,4,48
2024-02-17T04:00:00Z,0,2024-02-17,7,5,48
2024-02-17T05:00:00Z,0,2024-02-17,7,6,48
2024-02-17T06:00:00Z,0.001,2024-02-17,7,7,48
2024-02-17T07:00:00Z,0.111,2024-02-17,7,8,48
2024-02-17T08:00:00Z,0.3,2024-02-17,7,9,48
2024-02-17T09:00:00Z,0.451,2024-02-17,7,10,48
2024-02-17T10:00:00Z,0.516,2024-02-17,7,11,48
2024-02-17T11:00:00Z,0.515,2024-02-17,7,12,48
2024-02-17T12:00:00Z,0.463,2024-02-17,7,13,48
2024-02-17T13:00:00Z,0.352,2024-02-17,7,14,48
2024-02-17T14:00:00Z,0.215,2024-02-17,7,15,48
2024-02-17T15:00:00Z,0.059,2024-02-17,7,16,48
2024-02-17T16:00:00Z,0,2024-02-17,7,17,48
2024-02-17T17:00:00Z,0,2024-02-17,7,18,48
2024-02-17T18:00:00Z,0,2024-02-17,7,19,48
2024-02-17T19:00:00Z,0,2024-02-17,7,20,48
2024-02-17T20:00:00Z,0,2024-02-17,7,21,48
2024-02-17T21:00:00Z,0,2024-02-17,7,22,48
2024-02-17T22:00:00Z,0,2024-02-17,7,23,48
2024-02-17T23:00:00Z,0,2024-02-18,7,0,49
2024-02-18T00:00:00Z,0,2024-02-18,7,1,49
2024-02-18T01:00:00Z,0,2024-02-18,7,2,49
2024-02-18T02:00:00Z,0,2024-02-18,7,3,49
2024-02-18T03:00:00Z,0,2024-02-18,7,4,49
2024-02-18T04:00:00Z,0,2024-02-18,7,5,49
2024-02-18T05:00:00Z,0,2024-02-18,7,6,49
2024-02-18T06:00:00Z,0,2024-02-18,7,7,49
2024-02-18T07:00:00Z,0.003,2024-02-18,7,8,49
2024-02-18T08:00:00Z,0.01,2024-02-18,7,9,49
2024-02-18T09:00:00Z,0.017,2024-02-18,7,10,49
2024-02-18T10:00:00Z,0.021,2024-02-18,7,11,49
2024-02-18T11:00:00Z,0.02,2024-02-18,7,12,49
2024-02-18T12:00:00Z,0.016,2024-02-18,7,13,49
2024-02-18T13:00:00Z,0.01,2024-02-18,7,14,49
2024-02-18T14:00:00Z,0.004,2024-02-18,7,15,49
2024-02-18T15:00:00Z,0,2024-02-18,7,16,49
2024-02-18T16:00:00Z,0,2024-02-18,7,17,49
2024-02-18T17:00:00Z,0,2024-02-18,7,18,49
2024-02-18T18:00:00Z,0,2024-02-18,7,19,49
2024-02-18T19:00:00Z,0,2024-02-18,7,20,49
2024-02-18T20:00:00Z,0,2024-02-18,7,21,49
2024-02-18T21:00:00Z,0,2024-02-18,7,22,49
2024-02-18T22:00:00Z,0,2024-02-18,7,23,49
2024-02-18T23:00:00Z,0,2024-02-19,8,0,50
2024-02-19T00:00:00Z,0,2024-02-19,8,1,50
2024-02-19T01:00:00Z,0,2024-02-19,8,2,50
2024-02-19T02:00:00Z,0,2024-02-19,8,3,50
2024-02-19T03:00:00Z,0,2024-02-19,8,4,50
2024-02-19T04:00:00Z,0,2024-02-19,8,5,50
2024-02-19T05:00:00Z,0,2024-02-19,8,6,50
2024-02-19T06:00:00Z,0,2024-02-19,8,7,50
2024-02-19T07:00:00Z,0.022,2024-02-19,8,8,50
2024-02-19T08:00:00Z,0.047,2024-02-19,8,9,50
2024-02-19T09:00:00Z,0.07,2024-02-19,8,10,50
2024-02-19T10:00:00Z,0.098,2024-02-19,8,11,50
2024-02-19T11:00:00Z,0.128,2024-02-19,8,12,50
2024-02-19T12:00:00Z,0.127,2024-02-19,8,13,50
2024-02-19T13:00:00Z,0.096,2024-02-19,8,14,50
2024-02-19T14:00:00Z,0.062,2024-02-19,8,15,50
2024-02-19T15:00:00Z,0.014,2024-02-19,8,16,50
2024-02-19T16:00:00Z,0,2024-02-19,8,17,50
2024-02-19T17:00:00Z,0,2024-02-19,8,18,50
2024-02-19T18:00:00Z,0,2024-02-19,8,19,50
2024-02-19T19:00:00Z,0,2024-02-19,8,20,50
2024-02-19T20:00:00Z,0,2024-02-19,8,21,50
2024-02-19T21:00:00Z,0,2024-02-19,8,22,50
2024-02-19T22:00:00Z,0,2024-02-19,8,23,50
2024-02-19T23:00:00Z,0,2024-02-20,8,0,51
2024-02-20T00:00:00Z,0,2024-02-20,8,1,51
2024-02-20T01:00:00Z,0,2024-02-20,8,2,51
2024-02-20T02:00:00Z,0,2024-02-20,8,3,51
2024-02-20T03:00:00Z,0,2024-02-20,8,4,51
2024-02-20T04:00:00Z,0,2024-02-20,8,5,51
2024-02-20T05:00:00Z,0,2024-02-20,8,6,51
2024-02-20T06:00:00Z,0,2024-02-20,8,7,51
2024-02-20T07:00:00Z,0.027,2024-02-20,8,8,51
2024-02-20T08:00:00Z,0.081,2024-02-20,8,9,51
2024-02-20T09:00:00Z,0.139,2024-02-20,8,10,51
2024-02-20T10:00:00Z,0.224,2024-02-20,8,11,51
2024-02-20T11:00:00Z,0.245,2024-02-20,8,12,51
2024-02-20T12:00:00Z,0.2,2024-02-20,8,13,51
2024-02-20T13:00:00Z,0.12,2024-02-20,8,14,51
2024-02-20T14:00:00Z,0.049,2024-02-20,8,15,51
2024-02-20T15:00:00Z,0.009,2024-02-20,8,16,51
2024-02-20T16:00:00Z,0,2024-02-20,8,17,51
2024-02-20T17:00:00Z,0,2024-02-20,8,18,51
2024-02-20T18:00:00Z,0,2024-02-20,8,19,51
2024-02-20T19:00:00Z,0,2024-02-20,8,20,51
2024-02-20T20:00:00Z,0,2024-02-20,8,21,51
2024-02-20T21:00:00Z,0,2024-02-20,8,22,51
2024-02-20T22:00:00Z,0,2024-02-20,8,23,51
2024-02-20T23:00:00Z,0,2024-02-21,8,0,52
2024-02-21T00:00:00Z,0,2024-02-21,8,1,52
2024-02-21T01:00:00Z,0,2024-02-21,8,2,52
2024-02-21T02:00:00Z,0,2024-02-21,8,3,52
2024-02-21T03:00:00Z,0,2024-02-21,8,4,52
2024-02-21T04:00:00Z,0,2024-02-21,8,5,52
2024-02-21T05:00:00Z,0,2024-02-21,8,6,52
2024-02-21T06:00:00Z,0.001,2024-02-21,8,7,52
2024-02-21T07:00:00Z,0.069,2024-02-21,8,8,52
2024-02-21T08:00:00Z,0.187,2024-02-21,8,9,52
2024-02-21T09:00:00Z,0.369,2024-02-21,8,10,52
2024-02-21T10:00:00Z,0.476,2024-02-21,8,11,52
2024-02-21T11:00:00Z,0.429,2024-02-21,8,12,52
2024-02-21T12:00:00Z,0.283,2024-02-21,8,13,52
2024-02-21T13:00:00Z,0.147,2024-02-21,8,14,52
2024-02-21T14:00:00Z,0.059,2024-02-21,8,15,52
2024-02-21T15:00:00Z,0.01,2024-02-21,8,16,52
2024-02-21T16:00:00Z,0,2024-02-21,8,17,52
2024-02-21T17:00:00Z,0,2024-02-21,8,18,52
2024-02-21T18:00:00Z,0,2024-02-21,8,19,52
2024-02-21T19:00:00Z,0,2024-02-21,8,20,52
2024-02-21T20:00:00Z,0,2024-02-21,8,21,52
2024-02-21T21:00:00Z,0,2024-02-21,8,22,52
2024-02-21T22:00:00Z,0,2024-02-21,8,23,52
2024-02-21T23:00:00Z,0,2024-02-22,8,0,53
2024-02-22T00:00:00Z,0,2024-02-22,8,1,53
2024-02-22T01:00:00Z,0,2024-02-22,8,2,53
2024-02-22T02:00:00Z,0,2024-02-22,8,3,53
2024-02-22T03:00:00Z,0,2024-02-22,8,4,53
2024-02-22T04:00:00Z,0,2024-02-22,8,5,53
2024-02-22T05:00:00Z,0,2024-02-22,8,6,53
2024-02-22T06:00:00Z,0,2024-02-22,8,7,53
2024-02-22T07:00:00Z,0.014,2024-02-22,8,8,53
2024-02-22T08:00:00Z,0.046,2024-02-22,8,9,53
2024-02-22T09:00:00Z,0.083,2024-02-22,8,10,53
2024-02-22T10:00:00Z,0.119,2024-02-22,8,11,53
2024-02-22T11:00:00Z,0.141,2024-02-22,8,12,53
2024-02-22T12:00:00Z,0.151,2024-02-22,8,13,53
2024-02-22T13:00:00Z,0.11,2024-02-22,8,14,53
2024-02-22T14:00:00Z,0.059,2024-02-22,8,15,53
2024-02-22T15:00:00Z,0.017,2024-02-22,8,16,53
2024-02-22T16:00:00Z,0,2024-02-22,8,17,53
2024-02-22T17:00:00Z,0,2024-02-22,8,18,53
2024-02-22T18:00:00Z,0,2024-02-22,8,19,53
2024-02-22T19:00:00Z,0,2024-02-22,8,20,53
2024-02-22T20:00:00Z,0,2024-02-22,8,21,53
2024-02-22T21:00:00Z,0,2024-02-22,8,22,53
2024-02-22T22:00:00Z,0,2024-02-22,8,23,53
2024-02-22T23:00:00Z,0,2024-02-23,8,0,54
2024-02-23T00:00:00Z,0,2024-02-23,8,1,54
2024-02-23T01:00:00Z,0,2024-02-23,8,2,54
2024-02-23T02:00:00Z,0,2024-02-23,8,3,54
2024-02-23T03:00:00Z,0,2024-02-23,8,4,54
2024-02-23T04:00:00Z,0,2024-02-23,8,5,54
2024-02-23T05:00:00Z,0,2024-02-23,8,6,54
2024-02-23T06:00:00Z,0.001,2024-02-23,8,7,54
2024-02-23T07:00:00Z,0.049,2024-02-23,8,8,54
2024-02-23T08:00:00Z,0.126,2024-02-23,8,9,54
2024-02-23T09:00:00Z,0.192,2024-02-23,8,10,54
2024-02-23T10:00:00Z,0.267,2024-02-23,8,11,54
2024-02-23T11:00:00Z,0.3,2024-02-23,8,12,54
2024-02-23T12:00:00Z,0.274,2024-02-23,8,13,54
2024-02-23T13:00:00Z,0.182,2024-02-23,8,14,54
2024-02-23T14:00:00Z,0.103,2024-02-23,8,15,54
2024-02-23T15:00:00Z,0.03,2024-02-23,8,16,54
2024-02-23T16:00:00Z,0,2024-02-23,8,17,54
2024-02-23T17:00:00Z,0,2024-02-23,8,18,54
2024-02-23T18:00:00Z,0,2024-02-23,8,19,54
2024-02-23T19:00:00Z,0,2024-02-23,8,20,54
2024-02-23T20:00:00Z,0,2024-02-23,8,21,54
2024-02-23T21:00:00Z,0,2024-02-23,8,22,54
2024-02-23T22:00:00Z,0,2024-02-23,8,23,54
2024-02-23T23:00:00Z,0,2024-02-24,8,0,55
2024-02-24T00:00:00Z,0,2024-02-24,8,1,55
2024-02-24T01:00:00Z,0,2024-02-24,8,2,55
2024-02-24T02:00:00Z,0,2024-02-24,8,3,55
2024-02-24T03:00:00Z,0,2024-02-24,8,4,55
2024-02-24T04:00:00Z,0,2024-02-24,8,5,55
2024-02-24T05:00:00Z,0,2024-02-24,8,6,55
2024-02-24T06:00:00Z,0.009,2024-02-24,8,7,55
2024-02-24T07:00:00Z,0.088,2024-02-24,8,8,55
2024-02-24T08:00:00Z,0.214,2024-02-24,8,9,55
2024-02-24T09:00:00Z,0.34,2024-02-24,8,10,55
2024-02-24T10:00:00Z,0.405,2024-02-24,8,11,55
2024-02-24T11:00:00Z,0.403,2024-02-24,8,12,55
2024-02-24T12:00:00Z,0.331,2024-02-24,8,13,55
2024-02-24T13:00:00Z,0.196,2024-02-24,8,14,55
2024-02-24T14:00:00Z,0.085,2024-02-24,8,15,55
2024-02-24T15:00:00Z,0.018,2024-02-24,8,16,55
2024-02-24T16:00:00Z,0,2024-02-24,8,17,55
2024-02-24T17:00:00Z,0,2024-02-24,8,18,55
2024-02-24T18:00:00Z,0,2024-02-24,8,19,55
2024-02-24T19:00:00Z,0,2024-02-24,8,20,55
2024-02-24T20:00:00Z,0,2024-02-24,8,21,55
2024-02-24T21:00:00Z,0,2024-02-24,8,22,55
2024-02-24T22:00:00Z,0,2024-02-24,8,23,55
2024-02-24T23:00:00Z,0,2024-02-25,8,0,56
2024-02-25T00:00:00Z,0,2024-02-25,8,1,56
2024-02-25T01:00:00Z,0,2024-02-25,8,2,56
2024-02-25T02:00:00Z,0,2024-02-25,8,3,56
2024-02-25T03:00:00Z,0,2024-02-25,8,4,56
2024-02-25T04:00:00Z,0,2024-02-25,8,5,56
2024-02-25T05:00:00Z,0,2024-02-25,8,6,56
2024-02-25T06:00:00Z,0.002,2024-02-25,8,7,56
2024-02-25T07:00:00Z,0.037,2024-02-25,8,8,56
2024-02-25T08:00:00Z,0.092,2024-02-25,8,9,56
2024-02-25T09:00:00Z,0.14,2024-02-25,8,10,56
2024-02-25T10:00:00Z,0.145,2024-02-25,8,11,56
2024-02-25T11:00:00Z,0.149,2024-02-25,8,12,56
2024-02-25T12:00:00Z,0.143,2024-02-25,8,13,56
2024-02-25T13:00:00Z,0.103,2024-02-25,8,14,56
2024-02-25T14:00:00Z,0.051,2024-02-25,8,15,56
2024-02-25T15:00:00Z,0.017,2024-02-25,8,16,56
2024-02-25T16:00:00Z,0,2024-02-25,8,17,56
2024-02-25T17:00:00Z,0,2024-02-25,8,18,56
2024-02-25T18:00:00Z,0,2024-02-25,8,19,56
2024-02-25T19:00:00Z,0,2024-02-25,8,20,56
2024-02-25T20:00:00Z,0,2024-02-25,8,21,56
2024-02-25T21:00:00Z,0,2024-02-25,8,22,56
2024-02-25T22:00:00Z,0,2024-02-25,8,23,56
2024-02-25T23:00:00Z,0,2024-02-26,9,0,57
2024-02-26T00:00:00Z,0,2024-02-26,9,1,57
2024-02-26T01:00:00Z,0,2024-02-26,9,2,57
2024-02-26T02:00:00Z,0,2024-02-26,9,3,57
2024-02-26T03:00:00Z,0,2024-02-26,9,4,57
2024-02-26T04:00:00Z,0,2024-02-26,9,5,57
2024-02-26T05:00:00Z,0,2024-02-26,9,6,57
2024-02-26T06:00:00Z,0.005,2024-02-26,9,7,57
2024-02-26T07:00:00Z,0.055,2024-02-26,9,8,57
2024-02-26T08:00:00Z,0.131,2024-02-26,9,9,57
2024-02-26T09:00:00Z,0.208,2024-02-26,9,10,57
2024-02-26T10:00:00Z,0.284,2024-02-26,9,11,57
2024-02-26T11:00:00Z,0.322,2024-02-26,9,12,57
2024-02-26T12:00:00Z,0.292,2024-02-26,9,13,57
2024-02-26T13:00:00Z,0.227,2024-02-26,9,14,57
2024-02-26T14:00:00Z,0.138,2024-02-26,9,15,57
2024-02-26T15:00:00Z,0.046,2024-02-26,9,16,57
2024-02-26T16:00:00Z,0,2024-02-26,9,17,57
2024-02-26T17:00:00Z,0,2024-02-26,9,18,57
2024-02-26T18:00:00Z,0,2024-02-26,9,19,57
2024-02-26T19:00:00Z,0,2024-02-26,9,20,57
2024-02-26T20:00:00Z,0,2024-02-26,9,21,57
2024-02-26T21:00:00Z,0,2024-02-26,9,22,57
2024-02-26T22:00:00Z,0,2024-02-26,9,23,57
2024-02-26T23:00:00Z,0,2024-02-27,9,0,58
2024-02-27T00:00:00Z,0,2024-02-27,9,1,58
2024-02-27T01:00:00Z,0,2024-02-27,9,2,58
2024-02-27T02:00:00Z,0,2024-02-27,9,3,58
2024-02-27T03:00:00Z,0,2024-02-27,9,4,58
2024-02-27T04:00:00Z,0,2024-02-27,9,5,58
2024-02-27T05:00:00Z,0,2024-02-27,9,6,58
2024-02-27T06:00:00Z,0.008,2024-02-27,9,7,58
2024-02-27T07:00:00Z,0.076,2024-02-27,9,8,58
2024-02-27T08:00:00Z,0.157,2024-02-27,9,9,58
2024-02-27T09:00:00Z,0.236,2024-02-27,9,10,58
2024-02-27T10:00:00Z,0.286,2024-02-27,9,11,58
2024-02-27T11:00:00Z,0.317,2024-02-27,9,12,58
2024-02-27T12:00:00Z,0.317,2024-02-27,9,13,58
2024-02-27T13:00:00Z,0.278,2024-02-27,9,14,58
2024-02-27T14:00:00Z,0.171,2024-02-27,9,15,58
2024-02-27T15:00:00Z,0.057,2024-02-27,9,16,58
2024-02-27T16:00:00Z,0.001,2024-02-27,9,17,58
2024-02-27T17:00:00Z,0,2024-02-27,9,18,58
2024-02-27T18:00:00Z,0,2024-02-27,9,19,58
2024-02-27T19:00:00Z,0,2024-02-27,9,20,58
2024-02-27T20:00:00Z,0,2024-02-27,9,21,58
2024-02-27T21:00:00Z,0,2024-02-27,9,22,58
2024-02-27T22:00:00Z,0,2024-02-27,9,23,58
2024-02-27T23:00:00Z,0,2024-02-28,9,0,59
2024-02-28T00:00:00Z,0,2024-02-28,9,1,59
2024-02-28T01:00:00Z,0,2024-02-28,9,2,59
2024-02-28T02:00:00Z,0,2024-02-28,9,3,59
2024-02-28T03:00:00Z,0,2024-02-28,9,4,59
2024-02-28T04:00:00Z,0,2024-02-28,9,5,59
2024-02-28T05:00:00Z,0,2024-02-28,9,6,59
2024-02-28T06:00:00Z,0.005,2024-02-28,9,7,59
2024-02-28T07:00:00Z,0.059,2024-02-28,9,8,59
2024-02-28T08:00:00Z,0.136,2024-02-28,9,9,59
2024-02-28T09:00:00Z,0.218,2024-02-28,9,10,59
2024-02-28T10:00:00Z,0.358,2024-02-28,9,11,59
2024-02-28T11:00:00Z,0.384,2024-02-28,9,12,59
2024-02-28T12:00:00Z,0.345,2024-02-28,9,13,59
2024-02-28T13:00:00Z,0.265,2024-02-28,9,14,59
2024-02-28T14:00:00Z,0.158,2024-02-28,9,15,59
2024-02-28T15:00:00Z,0.054,2024-02-28,9,16,59
2024-02-28T16:00:00Z,0.001,2024-02-28,9,17,59
2024-02-28T17:00:00Z,0,2024-02-28,9,18,59
2024-02-28T18:00:00Z,0,2024-02-28,9,19,59
2024-02-28T19:00:00Z,0,2024-02-28,9,20,59
2024-02-28T20:00:00Z,0,2024-02-28,9,21,59
2024-02-28T21:00:00Z,0,2024-02-28,9,22,59
2024-02-28T22:00:00Z,0,2024-02-28,9,23,59
2024-02-28T23:00:00Z,0,2024-02-29,9,0,60
2024-03-01T00:00:00Z,0,2024-03-01,9,1,61
2024-03-01T01:00:00Z,0,2024-03-01,9,2,61
2024-03-01T02:00:00Z,0,2024-03-01,9,3,61
2024-03-01T03:00:00Z,0,2024-03-01,9,4,61
2024-03-01T04:00:00Z,0,2024-03-01,9,5,61
2024-03-01T05:00:00Z,0,2024-03-01,9,6,61
2024-03-01T06:00:00Z,0.004,2024-03-01,9,7,61
2024-03-01T07:00:00Z,0.032,2024-03-01,9,8,61
2024-03-01T08:00:00Z,0.066,2024-03-01,9,9,61
2024-03-01T09:00:00Z,0.108,2024-03-01,9,10,61
2024-03-01T10:00:00Z,0.134,2024-03-01,9,11,61
2024-03-01T11:00:00Z,0.15,2024-03-01,9,12,61
2024-03-01T12:00:00Z,0.169,2024-03-01,9,13,61
2024-03-01T13:00:00Z,0.124,2024-03-01,9,14,61
2024-03-01T14:00:00Z,0.072,2024-03-01,9,15,61
2024-03-01T15:00:00Z,0.032,2024-03-01,9,16,61
2024-03-01T16:00:00Z,0.001,2024-03-01,9,17,61
2024-03-01T17:00:00Z,0,2024-03-01,9,18,61
2024-03-01T18:00:00Z,0,2024-03-01,9,19,61
2024-03-01T19:00:00Z,0,2024-03-01,9,20,61
2024-03-01T20:00:00Z,0,2024-03-01,9,21,61
2024-03-01T21:00:00Z,0,2024-03-01,9,22,61
2024-03-01T22:00:00Z,0,2024-03-01,9,23,61
2024-03-01T23:00:00Z,0,2024-03-02,9,0,62
2024-03-02T00:00:00Z,0,2024-03-02,9,1,62
2024-03-02T01:00:00Z,0,2024-03-02,9,2,62
2024-03-02T02:00:00Z,0,2024-03-02,9,3,62
2024-03-02T03:00:00Z,0,2024-03-02,9,4,62
2024-03-02T04:00:00Z,0,2024-03-02,9,5,62
2024-03-02T05:00:00Z,0,2024-03-02,9,6,62
2024-03-02T06:00:00Z,0.002,2024-03-02,9,7,62
2024-03-02T07:00:00Z,0.025,2024-03-02,9,8,62
2024-03-02T08:00:00Z,0.065,2024-03-02,9,9,62
2024-03-02T09:00:00Z,0.104,2024-03-02,9,10,62
2024-03-02T10:00:00Z,0.13,2024-03-02,9,11,62
2024-03-02T11:00:00Z,0.119,2024-03-02,9,12,62
2024-03-02T12:00:00Z,0.1,2024-03-02,9,13,62
2024-03-02T13:00:00Z,0.089,2024-03-02,9,14,62
2024-03-02T14:00:00Z,0.066,2024-03-02,9,15,62
2024-03-02T15:00:00Z,0.031,2024-03-02,9,16,62
2024-03-02T16:00:00Z,0.001,2024-03-02,9,17,62
2024-03-02T17:00:00Z,0,2024-03-02,9,18,62
2024-03-02T18:00:00Z,0,2024-03-02,9,19,62
2024-03-02T19:00:00Z,0,2024-03-02,9,20,62
2024-03-02T20:00:00Z,0,2024-03-02,9,21,62
2024-03-02T21:00:00Z,0,2024-03-02,9,22,62
2024-03-02T22:00:00Z,0,2024-03-02,9,23,62
2024-03-02T23:00:00Z,0,2024-03-03,9,0,63
2024-03-03T00:00:00Z,0,2024-03-03,9,1,63
2024-03-03T01:00:00Z,0,2024-03-03,9,2,63
2024-03-03T02:00:00Z,0,2024-03-03,9,3,63
2024-03-03T03:00:00Z,0,2024-03-03,9,4,63
2024-03-03T04:00:00Z,0,2024-03-03,9,5,63
2024-03-03T05:00:00Z,0,2024-03-03,9,6,63
2024-03-03T06:00:00Z,0.002,2024-03-03,9,7,63
2024-03-03T07:00:00Z,0.021,2024-03-03,9,8,63
2024-03-03T08:00:00Z,0.044,2024-03-03,9,9,63
2024-03-03T09:00:00Z,0.062,2024-03-03,9,10,63
2024-03-03T10:00:00Z,0.076,2024-03-03,9,11,63
2024-03-03T11:00:00Z,0.083,2024-03-03,9,12,63
2024-03-03T12:00:00Z,0.076,2024-03-03,9,13,63
2024-03-03T13:00:00Z,0.06,2024-03-03,9,14,63
2024-03-03T14:00:00Z,0.037,2024-03-03,9,15,63
2024-03-03T15:00:00Z,0.014,2024-03-03,9,16,63
2024-03-03T16:00:00Z,0,2024-03-03,9,17,63
2024-03-03T17:00:00Z,0,2024-03-03,9,18,63
2024-03-03T18:00:00Z,0,2024-03-03,9,19,63
2024-03-03T19:00:00Z,0,2024-03-03,9,20,63
2024-03-03T20:00:00Z,0,2024-03-03,9,21,63
2024-03-03T21:00:00Z,0,2024-03-03,9,22,63
2024-03-03T22:00:00Z,0,2024-03-03,9,23,63
2024-03-03T23:00:00Z,0,2024-03-04,10,0,64
2024-03-04T00:00:00Z,0,2024-03-04,10,1,64
2024-03-04T01:00:00Z,0,2024-03-04,10,2,64
2024-03-04T02:00:00Z,0,2024-03-04,10,3,64
2024-03-04T03:00:00Z,0,2024-03-04,10,4,64
2024-03-04T04:00:00Z,0,2024-03-04,10,5,64
2024-03-04T05:00:00Z,0,2024-03-04,10,6,64
2024-03-04T06:00:00Z,0.005,2024-03-04,10,7,64
2024-03-04T07:00:00Z,0.033,2024-03-04,10,8,64
2024-03-04T08:00:00Z,0.078,2024-03-04,10,9,64
2024-03-04T09:00:00Z,0.137,2024-03-04,10,10,64
2024-03-04T10:00:00Z,0.222,2024-03-04,10,11,64
2024-03-04T11:00:00Z,0.313,2024-03-04,10,12,64
2024-03-04T12:00:00Z,0.341,2024-03-04,10,13,64
2024-03-04T13:00:00Z,0.263,2024-03-04,10,14,64
2024-03-04T14:00:00Z,0.183,2024-03-04,10,15,64
2024-03-04T15:00:00Z,0.087,2024-03-04,10,16,64
2024-03-04T16:00:00Z,0.008,2024-03-04,10,17,64
2024-03-04T17:00:00Z,0,2024-03-04,10,18,64
2024-03-04T18:00:00Z,0,2024-03-04,10,19,64
2024-03-04T19:00:00Z,0,2024-03-04,10,20,64
2024-03-04T20:00:00Z,0,2024-03-04,10,21,64
2024-03-04T21:00:00Z,0,2024-03-04,10,22,64
2024-03-04T22:00:00Z,0,2024-03-04,10,23,64
2024-03-04T23:00:00Z,0,2024-03-05,10,0,65
2024-03-05T00:00:00Z,0,2024-03-05,10,1,65
2024-03-05T01:00:00Z,0,2024-03-05,10,2,65
2024-03-05T02:00:00Z,0,2024-03-05,10,3,65
2024-03-05T03:00:00Z,0,2024-03-05,10,4,65
2024-03-05T04:00:00Z,0,2024-03-05,10,5,65
2024-03-05T05:00:00Z,0,2024-03-05,10,6,65
2024-03-05T06:00:00Z,0.047,2024-03-05,10,7,65
2024-03-05T07:00:00Z,0.175,2024-03-05,10,8,65
2024-03-05T08:00:00Z,0.346,2024-03-05,10,9,65
2024-03-05T09:00:00Z,0.449,2024-03-05,10,10,65
2024-03-05T10:00:00Z,0.473,2024-03-05,10,11,65
2024-03-05T11:00:00Z,0.44,2024-03-05,10,12,65
2024-03-05T12:00:00Z,0.355,2024-03-05,10,13,65
2024-03-05T13:00:00Z,0.238,2024-03-05,10,14,65
2024-03-05T14:00:00Z,0.147,2024-03-05,10,15,65
2024-03-05T15:00:00Z,0.065,2024-03-05,10,16,65
2024-03-05T16:00:00Z,0.006,2024-03-05,10,17,65
2024-03-05T17:00:00Z,0,2024-03-05,10,18,65
2024-03-05T18:00:00Z,0,2024-03-05,10,19,65
2024-03-05T19:00:00Z,0,2024-03-05,10,20,65
2024-03-05T20:00:00Z,0,2024-03-05,10,21,65
2024-03-05T21:00:00Z,0,2024-03-05,10,22,65
2024-03-05T22:00:00Z,0,2024-03-05,10,23,65
2024-03-05T23:00:00Z,0,2024-03-06,10,0,66
2024-03-06T00:00:00Z,0,2024-03-06,10,1,66
2024-03-06T01:00:00Z,0,2024-03-06,10,2,66
2024-03-06T02:00:00Z,0,2024-03-06,10,3,66
2024-03-06T03:00:00Z,0,2024-03-06,10,4,66
2024-03-06T04:00:00Z,0,2024-03-06,10,5,66
2024-03-06T05:00:00Z,0,2024-03-06,10,6,66
2024-03-06T06:00:00Z,0.014,2024-03-06,10,7,66
2024-03-06T07:00:00Z,0.068,2024-03-06,10,8,66
2024-03-06T08:00:00Z,0.155,2024-03-06,10,9,66
2024-03-06T09:00:00Z,0.227,2024-03-06,10,10,66
2024-03-06T10:00:00Z,0.282,2024-03-06,10,11,66
2024-03-06T11:00:00Z,0.313,2024-03-06,10,12,66
2024-03-06T12:00:00Z,0.266,2024-03-06,10,13,66
2024-03-06T13:00:00Z,0.21,2024-03-06,10,14,66
2024-03-06T14:00:00Z,0.123,2024-03-06,10,15,66
2024-03-06T15:00:00Z,0.049,2024-03-06,10,16,66
2024-03-06T16:00:00Z,0.005,2024-03-06,10,17,66
2024-03-06T17:00:00Z,0,2024-03-06,10,18,66
2024-03-06T18:00:00Z,0,2024-03-06,10,19,66
2024-03-06T19:00:00Z,0,2024-03-06,10,20,66
2024-03-06T20:00:00Z,0,2024-03-06,10,21,66
2024-03-06T21:00:00Z,0,2024-03-06,10,22,66
2024-03-06T22:00:00Z,0,2024-03-06,10,23,66
2024-03-06T23:00:00Z,0,2024-03-07,10,0,67
2024-03-07T00:00:00Z,0,2024-03-07,10,1,67
2024-03-07T01:00:00Z,0,2024-03-07,10,2,67
2024-03-07T02:00:00Z,0,2024-03-07,10,3,67
2024-03-07T03:00:00Z,0,2024-03-07,10,4,67
2024-03-07T04:00:00Z,0,2024-03-07,10,5,67
2024-03-07T05:00:00Z,0,2024-03-07,10,6,67
2024-03-07T06:00:00Z,0.07,2024-03-07,10,7,67
2024-03-07T07:00:00Z,0.216,2024-03-07,10,8,67
2024-03-07T08:00:00Z,0.398,2024-03-07,10,9,67
2024-03-07T09:00:00Z,0.516,2024-03-07,10,10,67
2024-03-07T10:00:00Z,0.602,2024-03-07,10,11,67
2024-03-07T11:00:00Z,0.607,2024-03-07,10,12,67
2024-03-07T12:00:00Z,0.551,2024-03-07,10,13,67
2024-03-07T13:00:00Z,0.447,2024-03-07,10,14,67
2024-03-07T14:00:00Z,0.315,2024-03-07,10,15,67
2024-03-07T15:00:00Z,0.161,2024-03-07,10,16,67
2024-03-07T16:00:00Z,0.027,2024-03-07,10,17,67
2024-03-07T17:00:00Z,0,2024-03-07,10,18,67
2024-03-07T18:00:00Z,0,2024-03-07,10,19,67
2024-03-07T19:00:00Z,0,2024-03-07,10,20,67
2024-03-07T20:00:00Z,0,2024-03-07,10,21,67
2024-03-07T21:00:00Z,0,2024-03-07,10,22,67
2024-03-07T22:00:00Z,0,2024-03-07,10,23,67
2024-03-07T23:00:00Z,0,2024-03-08,10,0,68
2024-03-08T00:00:00Z,0,2024-03-08,10,1,68
2024-03-08T01:00:00Z,0,2024-03-08,10,2,68
2024-03-08T02:00:00Z,0,2024-03-08,10,3,68
2024-03-08T03:00:00Z,0,2024-03-08,10,4,68
2024-03-08T04:00:00Z,0,2024-03-08,10,5,68
2024-03-08T05:00:00Z,0,2024-03-08,10,6,68
2024-03-08T06:00:00Z,0.082,2024-03-08,10,7,68
2024-03-08T07:00:00Z,0.217,2024-03-08,10,8,68
2024-03-08T08:00:00Z,0.405,2024-03-08,10,9,68
2024-03-08T09:00:00Z,0.571,2024-03-08,10,10,68
2024-03-08T10:00:00Z,0.625,2024-03-08,10,11,68
2024-03-08T11:00:00Z,0.617,2024-03-08,10,12,68
2024-03-08T12:00:00Z,0.557,2024-03-08,10,13,68
2024-03-08T13:00:00Z,0.452,2024-03-08,10,14,68
2024-03-08T14:00:00Z,0.321,2024-03-08,10,15,68
2024-03-08T15:00:00Z,0.164,2024-03-08,10,16,68
2024-03-08T16:00:00Z,0.029,2024-03-08,10,17,68
2024-03-08T17:00:00Z,0,2024-03-08,10,18,68
2024-03-08T18:00:00Z,0,2024-03-08,10,19,68
2024-03-08T19:00:00Z,0,2024-03-08,10,20,68
2024-03-08T20:00:00Z,0,2024-03-08,10,21,68
2024-03-08T21:00:00Z,0,2024-03-08,10,22,68
2024-03-08T22:00:00Z,0,2024-03-08,10,23,68
2024-03-08T23:00:00Z,0,2024-03-09,10,0,69
2024-03-09T00:00:00Z,0,2024-03-09,10,1,69
2024-03-09T01:00:00Z,0,2024-03-09,10,2,69
2024-03-09T02:00:00Z,0,2024-03-09,10,3,69
2024-03-09T03:00:00Z,0,2024-03-09,10,4,69
2024-03-09T04:00:00Z,0,2024-03-09,10,5,69
2024-03-09T05:00:00Z,0,2024-03-09,10,6,69
2024-03-09T06:00:00Z,0.057,2024-03-09,10,7,69
2024-03-09T07:00:00Z,0.219,2024-03-09,10,8,69
2024-03-09T08:00:00Z,0.433,2024-03-09,10,9,69
2024-03-09T09:00:00Z,0.555,2024-03-09,10,10,69
2024-03-09T10:00:00Z,0.599,2024-03-09,10,11,69
2024-03-09T11:00:00Z,0.583,2024-03-09,10,12,69
2024-03-09T12:00:00Z,0.527,2024-03-09,10,13,69
2024-03-09T13:00:00Z,0.409,2024-03-09,10,14,69
2024-03-09T14:00:00Z,0.254,2024-03-09,10,15,69
2024-03-09T15:00:00Z,0.116,2024-03-09,10,16,69
2024-03-09T16:00:00Z,0.019,2024-03-09,10,17,69
2024-03-09T17:00:00Z,0,2024-03-09,10,18,69
2024-03-09T18:00:00Z,0,2024-03-09,10,19,69
2024-03-09T19:00:00Z,0,2024-03-09,10,20,69
2024-03-09T20:00:00Z,0,2024-03-09,10,21,69
2024-03-09T21:00:00Z,0,2024-03-09,10,22,69
2024-03-09T22:00:00Z,0,2024-03-09,10,23,69
2024-03-09T23:00:00Z,0,2024-03-10,10,0,70
2024-03-10T00:00:00Z,0,2024-03-10,10,1,70
2024-03-10T01:00:00Z,0,2024-03-10,10,2,70
2024-03-10T02:00:00Z,0,2024-03-10,10,3,70
2024-03-10T03:00:00Z,0,2024-03-10,10,4,70
2024-03-10T04:00:00Z,0,2024-03-10,10,5,70
2024-03-10T05:00:00Z,0,2024-03-10,10,6,70
2024-03-10T06:00:00Z,0.017,2024-03-10,10,7,70
2024-03-10T07:00:00Z,0.059,2024-03-10,10,8,70
2024-03-10T08:00:00Z,0.106,2024-03-10,10,9,70
2024-03-10T09:00:00Z,0.153,2024-03-10,10,10,70
2024-03-10T10:00:00Z,0.202,2024-03-10,10,11,70
2024-03-10T11:00:00Z,0.23,2024-03-10,10,12,70
2024-03-10T12:00:00Z,0.218,2024-03-10,10,13,70
2024-03-10T13:00:00Z,0.176,2024-03-10,10,14,70
2024-03-10T14:00:00Z,0.121,2024-03-10,10,15,70
2024-03-10T15:00:00Z,0.059,2024-03-10,10,16,70
2024-03-10T16:00:00Z,0.009,2024-03-10,10,17,70
2024-03-10T17:00:00Z,0,2024-03-10,10,18,70
2024-03-10T18:00:00Z,0,2024-03-10,10,19,70
2024-03-10T19:00:00Z,0,2024-03-10,10,20,70
2024-03-10T20:00:00Z,0,2024-03-10,10,21,70
2024-03-10T21:00:00Z,0,2024-03-10,10,22,70
2024-03-10T22:00:00Z,0,2024-03-10,10,23,70
2024-03-10T23:00:00Z,0,2024-03-11,11,0,71
2024-03-11T00:00:00Z,0,2024-03-11,11,1,71
2024-03-11T01:00:00Z,0,2024-03-11,11,2,71
2024-03-11T02:00:00Z,0,2024-03-11,11,3,71
2024-03-11T03:00:00Z,0,2024-03-11,11,4,71
2024-03-11T04:00:00Z,0,2024-03-11,11,5,71
2024-03-11T05:00:00Z,0,2024-03-11,11,6,71
2024-03-11T06:00:00Z,0.056,2024-03-11,11,7,71
2024-03-11T07:00:00Z,0.132,2024-03-11,11,8,71
2024-03-11T08:00:00Z,0.158,2024-03-11,11,9,71
2024-03-11T09:00:00Z,0.159,2024-03-11,11,10,71
2024-03-11T10:00:00Z,0.164,2024-03-11,11,11,71
2024-03-11T11:00:00Z,0.158,2024-03-11,11,12,71
2024-03-11T12:00:00Z,0.133,2024-03-11,11,13,71
2024-03-11T13:00:00Z,0.101,2024-03-11,11,14,71
2024-03-11T14:00:00Z,0.067,2024-03-11,11,15,71
2024-03-11T15:00:00Z,0.029,2024-03-11,11,16,71
2024-03-11T16:00:00Z,0.004,2024-03-11,11,17,71
2024-03-11T17:00:00Z,0,2024-03-11,11,18,71
2024-03-11T18:00:00Z,0,2024-03-11,11,19,71
2024-03-11T19:00:00Z,0,2024-03-11,11,20,71
2024-03-11T20:00:00Z,0,2024-03-11,11,21,71
2024-03-11T21:00:00Z,0,2024-03-11,11,22,71
2024-03-11T22:00:00Z,0,2024-03-11,11,23,71
2024-03-11T23:00:00Z,0,2024-03-12,11,0,72
2024-03-12T00:00:00Z,0,2024-03-12,11,1,72
2024-03-12T01:00:00Z,0,2024-03-12,11,2,72
2024-03-12T02:00:00Z,0,2024-03-12,11,3,72
2024-03-12T03:00:00Z,0,2024-03-12,11,4,72
2024-03-12T04:00:00Z,0,2024-03-12,11,5,72
2024-03-12T05:00:00Z,0,2024-03-12,11,6,72
2024-03-12T06:00:00Z,0.017,2024-03-12,11,7,72
2024-03-12T07:00:00Z,0.066,2024-03-12,11,8,72
2024-03-12T08:00:00Z,0.121,2024-03-12,11,9,72
2024-03-12T09:00:00Z,0.161,2024-03-12,11,10,72
2024-03-12T10:00:00Z,0.172,2024-03-12,11,11,72
2024-03-12T11:00:00Z,0.162,2024-03-12,11,12,72
2024-03-12T12:00:00Z,0.141,2024-03-12,11,13,72
2024-03-12T13:00:00Z,0.107,2024-03-12,11,14,72
2024-03-12T14:00:00Z,0.066,2024-03-12,11,15,72
2024-03-12T15:00:00Z,0.029,2024-03-12,11,16,72
2024-03-12T16:00:00Z,0.003,2024-03-12,11,17,72
2024-03-12T17:00:00Z,0,2024-03-12,11,18,72
2024-03-12T18:00:00Z,0,2024-03-12,11,19,72
2024-03-12T19:00:00Z,0,2024-03-12,11,20,72
2024-03-12T20:00:00Z,0,2024-03-12,11,21,72
2024-03-12T21:00:00Z,0,2024-03-12,11,22,72
2024-03-12T22:00:00Z,0,2024-03-12,11,23,72
2024-03-12T23:00:00Z,0,2024-03-13,11,0,73
2024-03-13T00:00:00Z,0,2024-03-13,11,1,73
2024-03-13T01:00:00Z,0,2024-03-13,11,2,73
2024-03-13T02:00:00Z,0,2024-03-13,11,3,73
2024-03-13T03:00:00Z,0,2024-03-13,11,4,73
2024-03-13T04:00:00Z,0,2024-03-13,11,5,73
2024-03-13T05:00:00Z,0,2024-03-13,11,6,73
2024-03-13T06:00:00Z,0.016,2024-03-13,11,7,73
2024-03-13T07:00:00Z,0.06,2024-03-13,11,8,73
2024-03-13T08:00:00Z,0.114,2024-03-13,11,9,73
2024-03-13T09:00:00Z,0.186,2024-03-13,11,10,73
2024-03-13T10:00:00Z,0.24,2024-03-13,11,11,73
2024-03-13T11:00:00Z,0.268,2024-03-13,11,12,73
2024-03-13T12:00:00Z,0.252,2024-03-13,11,13,73
2024-03-13T13:00:00Z,0.155,2024-03-13,11,14,73
2024-03-13T14:00:00Z,0.081,2024-03-13,11,15,73
2024-03-13T15:00:00Z,0.037,2024-03-13,11,16,73
2024-03-13T16:00:00Z,0.005,2024-03-13,11,17,73
2024-03-13T17:00:00Z,0,2024-03-13,11,18,73
2024-03-13T18:00:00Z,0,2024-03-13,11,19,73
2024-03-13T19:00:00Z,0,2024-03-13,11,20,73
2024-03-13T20:00:00Z,0,2024-03-13,11,21,73
2024-03-13T21:00:00Z,0,2024-03-13,11,22,73
2024-03-13T22:00:00Z,0,2024-03-13,11,23,73
2024-03-13T23:00:00Z,0,2024-03-14,11,0,74
2024-03-14T00:00:00Z,0,2024-03-14,11,1,74
2024-03-14T01:00:00Z,0,2024-03-14,11,2,74
2024-03-14T02:00:00Z,0,2024-03-14,11,3,74
2024-03-14T03:00:00Z,0,2024-03-14,11,4,74
2024-03-14T04:00:00Z,0,2024-03-14,11,5,74
2024-03-14T05:00:00Z,0,2024-03-14,11,6,74
2024-03-14T06:00:00Z,0.019,2024-03-14,11,7,74
2024-03-14T07:00:00Z,0.074,2024-03-14,11,8,74
2024-03-14T08:00:00Z,0.14,2024-03-14,11,9,74
2024-03-14T09:00:00Z,0.185,2024-03-14,11,10,74
2024-03-14T10:00:00Z,0.18,2024-03-14,11,11,74
2024-03-14T11:00:00Z,0.172,2024-03-14,11,12,74
2024-03-14T12:00:00Z,0.166,2024-03-14,11,13,74
2024-03-14T13:00:00Z,0.143,2024-03-14,11,14,74
2024-03-14T14:00:00Z,0.101,2024-03-14,11,15,74
2024-03-14T15:00:00Z,0.048,2024-03-14,11,16,74
2024-03-14T16:00:00Z,0.009,2024-03-14,11,17,74
2024-03-14T17:00:00Z,0,2024-03-14,11,18,74
2024-03-14T18:00:00Z,0,2024-03-14,11,19,74
2024-03-14T19:00:00Z,0,2024-03-14,11,20,74
2024-03-14T20:00:00Z,0,2024-03-14,11,21,74
2024-03-14T21:00:00Z,0,2024-03-14,11,22,74
2024-03-14T22:00:00Z,0,2024-03-14,11,23,74
2024-03-14T23:00:00Z,0,2024-03-15,11,0,75
2024-03-15T00:00:00Z,0,2024-03-15,11,1,75
2024-03-15T01:00:00Z,0,2024-03-15,11,2,75
2024-03-15T02:00:00Z,0,2024-03-15,11,3,75
2024-03-15T03:00:00Z,0,2024-03-15,11,4,75
2024-03-15T04:00:00Z,0,2024-03-15,11,5,75
2024-03-15T05:00:00Z,0,2024-03-15,11,6,75
2024-03-15T06:00:00Z,0.026,2024-03-15,11,7,75
2024-03-15T07:00:00Z,0.066,2024-03-15,11,8,75
2024-03-15T08:00:00Z,0.11,2024-03-15,11,9,75
2024-03-15T09:00:00Z,0.129,2024-03-15,11,10,75
2024-03-15T10:00:00Z,0.138,2024-03-15,11,11,75
2024-03-15T11:00:00Z,0.168,2024-03-15,11,12,75
2024-03-15T12:00:00Z,0.186,2024-03-15,11,13,75
2024-03-15T13:00:00Z,0.161,2024-03-15,11,14,75
2024-03-15T14:00:00Z,0.111,2024-03-15,11,15,75
2024-03-15T15:00:00Z,0.053,2024-03-15,11,16,75
2024-03-15T16:00:00Z,0.009,2024-03-15,11,17,75
2024-03-15T17:00:00Z,0,2024-03-15,11,18,75
2024-03-15T18:00:00Z,0,2024-03-15,11,19,75
2024-03-15T19:00:00Z,0,2024-03-15,11,20,75
2024-03-15T20:00:00Z,0,2024-03-15,11,21,75
2024-03-15T21:00:00Z,0,2024-03-15,11,22,75
2024-03-15T22:00:00Z,0,2024-03-15,11,23,75
2024-03-15T23:00:00Z,0,2024-03-16,11,0,76
2024-03-16T00:00:00Z,0,2024-03-16,11,1,76
2024-03-16T01:00:00Z,0,2024-03-16,11,2,76
2024-03-16T02:00:00Z,0,2024-03-16,11,3,76
2024-03-16T03:00:00Z,0,2024-03-16,11,4,76
2024-03-16T04:00:00Z,0,2024-03-16,11,5,76
2024-03-16T05:00:00Z,0.001,2024-03-16,11,6,76
2024-03-16T06:00:00Z,0.071,2024-03-16,11,7,76
2024-03-16T07:00:00Z,0.232,2024-03-16,11,8,76
2024-03-16T08:00:00Z,0.441,2024-03-16,11,9,76
2024-03-16T09:00:00Z,0.579,2024-03-16,11,10,76
2024-03-16T10:00:00Z,0.629,2024-03-16,11,11,76
2024-03-16T11:00:00Z,0.611,2024-03-16,11,12,76
2024-03-16T12:00:00Z,0.536,2024-03-16,11,13,76
2024-03-16T13:00:00Z,0.424,2024-03-16,11,14,76
2024-03-16T14:00:00Z,0.296,2024-03-16,11,15,76
2024-03-16T15:00:00Z,0.14,2024-03-16,11,16,76
2024-03-16T16:00:00Z,0.028,2024-03-16,11,17,76
2024-03-16T17:00:00Z,0,2024-03-16,11,18,76
2024-03-16T18:00:00Z,0,2024-03-16,11,19,76
2024-03-16T19:00:00Z,0,2024-03-16,11,20,76
2024-03-16T20:00:00Z,0,2024-03-16,11,21,76
2024-03-16T21:00:00Z,0,2024-03-16,11,22,76
2024-03-16T22:00:00Z,0,2024-03-16,11,23,76
2024-03-16T23:00:00Z,0,2024-03-17,11,0,77
2024-03-17T00:00:00Z,0,2024-03-17,11,1,77
2024-03-17T01:00:00Z,0,2024-03-17,11,2,77
2024-03-17T02:00:00Z,0,2024-03-17,11,3,77
2024-03-17T03:00:00Z,0,2024-03-17,11,4,77
2024-03-17T04:00:00Z,0,2024-03-17,11,5,77
2024-03-17T05:00:00Z,0.01,2024-03-17,11,6,77
2024-03-17T06:00:00Z,0.156,2024-03-17,11,7,77
2024-03-17T07:00:00Z,0.341,2024-03-17,11,8,77
2024-03-17T08:00:00Z,0.499,2024-03-17,11,9,77
2024-03-17T09:00:00Z,0.598,2024-03-17,11,10,77
2024-03-17T10:00:00Z,0.63,2024-03-17,11,11,77
2024-03-17T11:00:00Z,0.61,2024-03-17,11,12,77
2024-03-17T12:00:00Z,0.541,2024-03-17,11,13,77
2024-03-17T13:00:00Z,0.421,2024-03-17,11,14,77
2024-03-17T14:00:00Z,0.281,2024-03-17,11,15,77
2024-03-17T15:00:00Z,0.147,2024-03-17,11,16,77
2024-03-17T16:00:00Z,0.038,2024-03-17,11,17,77
2024-03-17T17:00:00Z,0,2024-03-17,11,18,77
2024-03-17T18:00:00Z,0,2024-03-17,11,19,77
2024-03-17T19:00:00Z,0,2024-03-17,11,20,77
2024-03-17T20:00:00Z,0,2024-03-17,11,21,77
2024-03-17T21:00:00Z,0,2024-03-17,11,22,77
2024-03-17T22:00:00Z,0,2024-03-17,11,23,77
2024-03-17T23:00:00Z,0,2024-03-18,12,0,78
2024-03-18T00:00:00Z,0,2024-03-18,12,1,78
2024-03-18T01:00:00Z,0,2024-03-18,12,2,78
2024-03-18T02:00:00Z,0,2024-03-18,12,3,78
2024-03-18T03:00:00Z,0,2024-03-18,12,4,78
2024-03-18T04:00:00Z,0,2024-03-18,12,5,78
2024-03-18T05:00:00Z,0.003,2024-03-18,12,6,78
2024-03-18T06:00:00Z,0.048,2024-03-18,12,7,78
2024-03-18T07:00:00Z,0.121,2024-03-18,12,8,78
2024-03-18T08:00:00Z,0.195,2024-03-18,12,9,78
2024-03-18T09:00:00Z,0.242,2024-03-18,12,10,78
2024-03-18T10:00:00Z,0.265,2024-03-18,12,11,78
2024-03-18T11:00:00Z,0.27,2024-03-18,12,12,78
2024-03-18T12:00:00Z,0.265,2024-03-18,12,13,78
2024-03-18T13:00:00Z,0.229,2024-03-18,12,14,78
2024-03-18T14:00:00Z,0.165,2024-03-18,12,15,78
2024-03-18T15:00:00Z,0.094,2024-03-18,12,16,78
2024-03-18T16:00:00Z,0.027,2024-03-18,12,17,78
2024-03-18T17:00:00Z,0,2024-03-18,12,18,78
2024-03-18T18:00:00Z,0,2024-03-18,12,19,78
2024-03-18T19:00:00Z,0,2024-03-18,12,20,78
2024-03-18T20:00:00Z,0,2024-03-18,12,21,78
2024-03-18T21:00:00Z,0,2024-03-18,12,22,78
2024-03-18T22:00:00Z,0,2024-03-18,12,23,78
2024-03-18T23:00:00Z,0,2024-03-19,12,0,79
2024-03-19T00:00:00Z,0,2024-03-19,12,1,79
2024-03-19T01:00:00Z,0,2024-03-19,12,2,79
2024-03-19T02:00:00Z,0,2024-03-19,12,3,79
2024-03-19T03:00:00Z,0,2024-03-19,12,4,79
2024-03-19T04:00:00Z,0,2024-03-19,12,5,79
2024-03-19T05:00:00Z,0.008,2024-03-19,12,6,79
2024-03-19T06:00:00Z,0.076,2024-03-19,12,7,79
2024-03-19T07:00:00Z,0.147,2024-03-19,12,8,79
2024-03-19T08:00:00Z,0.204,2024-03-19,12,9,79
2024-03-19T09:00:00Z,0.239,2024-03-19,12,10,79
2024-03-19T10:00:00Z,0.236,2024-03-19,12,11,79
2024-03-19T11:00:00Z,0.204,2024-03-19,12,12,79
2024-03-19T12:00:00Z,0.153,2024-03-19,12,13,79
2024-03-19T13:00:00Z,0.106,2024-03-19,12,14,79
2024-03-19T14:00:00Z,0.068,2024-03-19,12,15,79
2024-03-19T15:00:00Z,0.036,2024-03-19,12,16,79
2024-03-19T16:00:00Z,0.01,2024-03-19,12,17,79
2024-03-19T17:00:00Z,0,2024-03-19,12,18,79
2024-03-19T18:00:00Z,0,2024-03-19,12,19,79
2024-03-19T19:00:00Z,0,2024-03-19,12,20,79
2024-03-19T20:00:00Z,0,2024-03-19,12,21,79
2024-03-19T21:00:00Z,0,2024-03-19,12,22,79
2024-03-19T22:00:00Z,0,2024-03-19,12,23,79
2024-03-19T23:00:00Z,0,2024-03-20,12,0,80
2024-03-20T00:00:00Z,0,2024-03-20,12,1,80
2024-03-20T01:00:00Z,0,2024-03-20,12,2,80
2024-03-20T02:00:00Z,0,2024-03-20,12,3,80
2024-03-20T03:00:00Z,0,2024-03-20,12,4,80
2024-03-20T04:00:00Z,0,2024-03-20,12,5,80
2024-03-20T05:00:00Z,0,2024-03-20,12,6,80
2024-03-20T06:00:00Z,0.011,2024-03-20,12,7,80
2024-03-20T07:00:00Z,0.031,2024-03-20,12,8,80
2024-03-20T08:00:00Z,0.057,2024-03-20,12,9,80
2024-03-20T09:00:00Z,0.084,2024-03-20,12,10,80
2024-03-20T10:00:00Z,0.106,2024-03-20,12,11,80
2024-03-20T11:00:00Z,0.124,2024-03-20,12,12,80
2024-03-20T12:00:00Z,0.131,2024-03-20,12,13,80
2024-03-20T13:00:00Z,0.14,2024-03-20,12,14,80
2024-03-20T14:00:00Z,0.144,2024-03-20,12,15,80
2024-03-20T15:00:00Z,0.095,2024-03-20,12,16,80
2024-03-20T16:00:00Z,0.028,2024-03-20,12,17,80
2024-03-20T17:00:00Z,0,2024-03-20,12,18,80
2024-03-20T18:00:00Z,0,2024-03-20,12,19,80
2024-03-20T19:00:00Z,0,2024-03-20,12,20,80
2024-03-20T20:00:00Z,0,2024-03-20,12,21,80
2024-03-20T21:00:00Z,0,2024-03-20,12,22,80
2024-03-20T22:00:00Z,0,2024-03-20,12,23,80
2024-03-20T23:00:00Z,0,2024-03-21,12,0,81
2024-03-21T00:00:00Z,0,2024-03-21,12,1,81
2024-03-21T01:00:00Z,0,2024-03-21,12,2,81
2024-03-21T02:00:00Z,0,2024-03-21,12,3,81
2024-03-21T03:00:00Z,0,2024-03-21,12,4,81
2024-03-21T04:00:00Z,0,2024-03-21,12,5,81
2024-03-21T05:00:00Z,0.004,2024-03-21,12,6,81
2024-03-21T06:00:00Z,0.068,2024-03-21,12,7,81
2024-03-21T07:00:00Z,0.173,2024-03-21,12,8,81
2024-03-21T08:00:00Z,0.262,2024-03-21,12,9,81
2024-03-21T09:00:00Z,0.327,2024-03-21,12,10,81
2024-03-21T10:00:00Z,0.344,2024-03-21,12,11,81
2024-03-21T11:00:00Z,0.304,2024-03-21,12,12,81
2024-03-21T12:00:00Z,0.251,2024-03-21,12,13,81
2024-03-21T13:00:00Z,0.178,2024-03-21,12,14,81
2024-03-21T14:00:00Z,0.111,2024-03-21,12,15,81
2024-03-21T15:00:00Z,0.058,2024-03-21,12,16,81
2024-03-21T16:00:00Z,0.013,2024-03-21,12,17,81
2024-03-21T17:00:00Z,0,2024-03-21,12,18,81
2024-03-21T18:00:00Z,0,2024-03-21,12,19,81
2024-03-21T19:00:00Z,0,2024-03-21,12,20,81
2024-03-21T20:00:00Z,0,2024-03-21,12,21,81
2024-03-21T21:00:00Z,0,2024-03-21,12,22,81
2024-03-21T22:00:00Z,0,2024-03-21,12,23,81
2024-03-21T23:00:00Z,0,2024-03-22,12,0,82
2024-03-22T00:00:00Z,0,2024-03-22,12,1,82
2024-03-22T01:00:00Z,0,2024-03-22,12,2,82
2024-03-22T02:00:00Z,0,2024-03-22,12,3,82
2024-03-22T03:00:00Z,0,2024-03-22,12,4,82
2024-03-22T04:00:00Z,0,2024-03-22,12,5,82
2024-03-22T05:00:00Z,0,2024-03-22,12,6,82
2024-03-22T06:00:00Z,0.022,2024-03-22,12,7,82
2024-03-22T07:00:00Z,0.07,2024-03-22,12,8,82
2024-03-22T08:00:00Z,0.161,2024-03-22,12,9,82
2024-03-22T09:00:00Z,0.301,2024-03-22,12,10,82
2024-03-22T10:00:00Z,0.401,2024-03-22,12,11,82
2024-03-22T11:00:00Z,0.45,2024-03-22,12,12,82
2024-03-22T12:00:00Z,0.423,2024-03-22,12,13,82
2024-03-22T13:00:00Z,0.361,2024-03-22,12,14,82
2024-03-22T14:00:00Z,0.262,2024-03-22,12,15,82
2024-03-22T15:00:00Z,0.156,2024-03-22,12,16,82
2024-03-22T16:00:00Z,0.061,2024-03-22,12,17,82
2024-03-22T17:00:00Z,0.001,2024-03-22,12,18,82
2024-03-22T18:00:00Z,0,2024-03-22,12,19,82
2024-03-22T19:00:00Z,0,2024-03-22,12,20,82
2024-03-22T20:00:00Z,0,2024-03-22,12,21,82
2024-03-22T21:00:00Z,0,2024-03-22,12,22,82
2024-03-22T22:00:00Z,0,2024-03-22,12,23,82
2024-03-22T23:00:00Z,0,2024-03-23,12,0,83
2024-03-23T00:00:00Z,0,2024-03-23,12,1,83
2024-03-23T01:00:00Z,0,2024-03-23,12,2,83
2024-03-23T02:00:00Z,0,2024-03-23,12,3,83
2024-03-23T03:00:00Z,0,2024-03-23,12,4,83
2024-03-23T04:00:00Z,0,2024-03-23,12,5,83
2024-03-23T05:00:00Z,0.01,2024-03-23,12,6,83
2024-03-23T06:00:00Z,0.107,2024-03-23,12,7,83
2024-03-23T07:00:00Z,0.256,2024-03-23,12,8,83
2024-03-23T08:00:00Z,0.402,2024-03-23,12,9,83
2024-03-23T09:00:00Z,0.512,2024-03-23,12,10,83
2024-03-23T10:00:00Z,0.544,2024-03-23,12,11,83
2024-03-23T11:00:00Z,0.518,2024-03-23,12,12,83
2024-03-23T12:00:00Z,0.438,2024-03-23,12,13,83
2024-03-23T13:00:00Z,0.305,2024-03-23,12,14,83
2024-03-23T14:00:00Z,0.186,2024-03-23,12,15,83
2024-03-23T15:00:00Z,0.099,2024-03-23,12,16,83
2024-03-23T16:00:00Z,0.027,2024-03-23,12,17,83
2024-03-23T17:00:00Z,0,2024-03-23,12,18,83
2024-03-23T18:00:00Z,0,2024-03-23,12,19,83
2024-03-23T19:00:00Z,0,2024-03-23,12,20,83
2024-03-23T20:00:00Z,0,2024-03-23,12,21,83
2024-03-23T21:00:00Z,0,2024-03-23,12,22,83
2024-03-23T22:00:00Z,0,2024-03-23,12,23,83
2024-03-23T23:00:00Z,0,2024-03-24,12,0,84
2024-03-24T00:00:00Z,0,2024-03-24,12,1,84
2024-03-24T01:00:00Z,0,2024-03-24,12,2,84
2024-03-24T02:00:00Z,0,2024-03-24,12,3,84
2024-03-24T03:00:00Z,0,2024-03-24,12,4,84
2024-03-24T04:00:00Z,0,2024-03-24,12,5,84
2024-03-24T05:00:00Z,0,2024-03-24,12,6,84
2024-03-24T06:00:00Z,0.018,2024-03-24,12,7,84
2024-03-24T07:00:00Z,0.061,2024-03-24,12,8,84
2024-03-24T08:00:00Z,0.128,2024-03-24,12,9,84
2024-03-24T09:00:00Z,0.197,2024-03-24,12,10,84
2024-03-24T10:00:00Z,0.243,2024-03-24,12,11,84
2024-03-24T11:00:00Z,0.258,2024-03-24,12,12,84
2024-03-24T12:00:00Z,0.238,2024-03-24,12,13,84
2024-03-24T13:00:00Z,0.194,2024-03-24,12,14,84
2024-03-24T14:00:00Z,0.137,2024-03-24,12,15,84
2024-03-24T15:00:00Z,0.073,2024-03-24,12,16,84
2024-03-24T16:00:00Z,0.025,2024-03-24,12,17,84
2024-03-24T17:00:00Z,0,2024-03-24,12,18,84
2024-03-24T18:00:00Z,0,2024-03-24,12,19,84
2024-03-24T19:00:00Z,0,2024-03-24,12,20,84
2024-03-24T20:00:00Z,0,2024-03-24,12,21,84
2024-03-24T21:00:00Z,0,2024-03-24,12,22,84
2024-03-24T22:00:00Z,0,2024-03-24,12,23,84
2024-03-24T23:00:00Z,0,2024-03-25,13,0,85
2024-03-25T00:00:00Z,0,2024-03-25,13,1,85
2024-03-25T01:00:00Z,0,2024-03-25,13,2,85
2024-03-25T02:00:00Z,0,2024-03-25,13,3,85
2024-03-25T03:00:00Z,0,2024-03-25,13,4,85
2024-03-25T04:00:00Z,0,2024-03-25,13,5,85
2024-03-25T05:00:00Z,0.008,2024-03-25,13,6,85
2024-03-25T06:00:00Z,0.056,2024-03-25,13,7,85
2024-03-25T07:00:00Z,0.124,2024-03-25,13,8,85
2024-03-25T08:00:00Z,0.241,2024-03-25,13,9,85
2024-03-25T09:00:00Z,0.422,2024-03-25,13,10,85
2024-03-25T10:00:00Z,0.524,2024-03-25,13,11,85
2024-03-25T11:00:00Z,0.516,2024-03-25,13,12,85
2024-03-25T12:00:00Z,0.467,2024-03-25,13,13,85
2024-03-25T13:00:00Z,0.387,2024-03-25,13,14,85
2024-03-25T14:00:00Z,0.276,2024-03-25,13,15,85
2024-03-25T15:00:00Z,0.146,2024-03-25,13,16,85
2024-03-25T16:00:00Z,0.053,2024-03-25,13,17,85
2024-03-25T17:00:00Z,0.001,2024-03-25,13,18,85
2024-03-25T18:00:00Z,0,2024-03-25,13,19,85
2024-03-25T19:00:00Z,0,2024-03-25,13,20,85
2024-03-25T20:00:00Z,0,2024-03-25,13,21,85
2024-03-25T21:00:00Z,0,2024-03-25,13,22,85
2024-03-25T22:00:00Z,0,2024-03-25,13,23,85
2024-03-25T23:00:00Z,0,2024-03-26,13,0,86
2024-03-26T00:00:00Z,0,2024-03-26,13,1,86
2024-03-26T01:00:00Z,0,2024-03-26,13,2,86
2024-03-26T02:00:00Z,0,2024-03-26,13,3,86
2024-03-26T03:00:00Z,0,2024-03-26,13,4,86
2024-03-26T04:00:00Z,0,2024-03-26,13,5,86
2024-03-26T05:00:00Z,0.003,2024-03-26,13,6,86
2024-03-26T06:00:00Z,0.029,2024-03-26,13,7,86
2024-03-26T07:00:00Z,0.076,2024-03-26,13,8,86
2024-03-26T08:00:00Z,0.144,2024-03-26,13,9,86
2024-03-26T09:00:00Z,0.193,2024-03-26,13,10,86
2024-03-26T10:00:00Z,0.234,2024-03-26,13,11,86
2024-03-26T11:00:00Z,0.295,2024-03-26,13,12,86
2024-03-26T12:00:00Z,0.355,2024-03-26,13,13,86
2024-03-26T13:00:00Z,0.377,2024-03-26,13,14,86
2024-03-26T14:00:00Z,0.312,2024-03-26,13,15,86
2024-03-26T15:00:00Z,0.196,2024-03-26,13,16,86
2024-03-26T16:00:00Z,0.069,2024-03-26,13,17,86
2024-03-26T17:00:00Z,0.002,2024-03-26,13,18,86
2024-03-26T18:00:00Z,0,2024-03-26,13,19,86
2024-03-26T19:00:00Z,0,2024-03-26,13,20,86
2024-03-26T20:00:00Z,0,2024-03-26,13,21,86
2024-03-26T21:00:00Z,0,2024-03-26,13,22,86
2024-03-26T22:00:00Z,0,2024-03-26,13,23,86
2024-03-26T23:00:00Z,0,2024-03-27,13,0,87
2024-03-27T00:00:00Z,0,2024-03-27,13,1,87
2024-03-27T01:00:00Z,0,2024-03-27,13,2,87
2024-03-27T02:00:00Z,0,2024-03-27,13,3,87
2024-03-27T03:00:00Z,0,2024-03-27,13,4,87
2024-03-27T04:00:00Z,0,2024-03-27,13,5,87
2024-03-27T05:00:00Z,0.012,2024-03-27,13,6,87
2024-03-27T06:00:00Z,0.101,2024-03-27,13,7,87
2024-03-27T07:00:00Z,0.25,2024-03-27,13,8,87
2024-03-27T08:00:00Z,0.312,2024-03-27,13,9,87
2024-03-27T09:00:00Z,0.34,2024-03-27,13,10,87
2024-03-27T10:00:00Z,0.415,2024-03-27,13,11,87
2024-03-27T11:00:00Z,0.488,2024-03-27,13,12,87
2024-03-27T12:00:00Z,0.508,2024-03-27,13,13,87
2024-03-27T13:00:00Z,0.432,2024-03-27,13,14,87
2024-03-27T14:00:00Z,0.243,2024-03-27,13,15,87
2024-03-27T15:00:00Z,0.097,2024-03-27,13,16,87
2024-03-27T16:00:00Z,0.022,2024-03-27,13,17,87
2024-03-27T17:00:00Z,0,2024-03-27,13,18,87
2024-03-27T18:00:00Z,0,2024-03-27,13,19,87
2024-03-27T19:00:00Z,0,2024-03-27,13,20,87
2024-03-27T20:00:00Z,0,2024-03-27,13,21,87
2024-03-27T21:00:00Z,0,2024-03-27,13,22,87
2024-03-27T22:00:00Z,0,2024-03-27,13,23,87
2024-03-27T23:00:00Z,0,2024-03-28,13,0,88
2024-03-28T00:00:00Z,0,2024-03-28,13,1,88
2024-03-28T01:00:00Z,0,2024-03-28,13,2,88
2024-03-28T02:00:00Z,0,2024-03-28,13,3,88
2024-03-28T03:00:00Z,0,2024-03-28,13,4,88
2024-03-28T04:00:00Z,0,2024-03-28,13,5,88
2024-03-28T05:00:00Z,0.004,2024-03-28,13,6,88
2024-03-28T06:00:00Z,0.031,2024-03-28,13,7,88
2024-03-28T07:00:00Z,0.066,2024-03-28,13,8,88
2024-03-28T08:00:00Z,0.088,2024-03-28,13,9,88
2024-03-28T09:00:00Z,0.102,2024-03-28,13,10,88
2024-03-28T10:00:00Z,0.102,2024-03-28,13,11,88
2024-03-28T11:00:00Z,0.089,2024-03-28,13,12,88
2024-03-28T12:00:00Z,0.07,2024-03-28,13,13,88
2024-03-28T13:00:00Z,0.064,2024-03-28,13,14,88
2024-03-28T14:00:00Z,0.089,2024-03-28,13,15,88
2024-03-28T15:00:00Z,0.072,2024-03-28,13,16,88
2024-03-28T16:00:00Z,0.035,2024-03-28,13,17,88
2024-03-28T17:00:00Z,0,2024-03-28,13,18,88
2024-03-28T18:00:00Z,0,2024-03-28,13,19,88
2024-03-28T19:00:00Z,0,2024-03-28,13,20,88
2024-03-28T20:00:00Z,0,2024-03-28,13,21,88
2024-03-28T21:00:00Z,0,2024-03-28,13,22,88
2024-03-28T22:00:00Z,0,2024-03-28,13,23,88
2024-03-28T23:00:00Z,0,2024-03-29,13,0,89
2024-03-29T00:00:00Z,0,2024-03-29,13,1,89
2024-03-29T01:00:00Z,0,2024-03-29,13,2,89
2024-03-29T02:00:00Z,0,2024-03-29,13,3,89
2024-03-29T03:00:00Z,0,2024-03-29,13,4,89
2024-03-29T04:00:00Z,0,2024-03-29,13,5,89
2024-03-29T05:00:00Z,0.025,2024-03-29,13,6,89
2024-03-29T06:00:00Z,0.14,2024-03-29,13,7,89
2024-03-29T07:00:00Z,0.311,2024-03-29,13,8,89
2024-03-29T08:00:00Z,0.344,2024-03-29,13,9,89
2024-03-29T09:00:00Z,0.284,2024-03-29,13,10,89
2024-03-29T10:00:00Z,0.251,2024-03-29,13,11,89
2024-03-29T11:00:00Z,0.225,2024-03-29,13,12,89
2024-03-29T12:00:00Z,0.178,2024-03-29,13,13,89
2024-03-29T13:00:00Z,0.14,2024-03-29,13,14,89
2024-03-29T14:00:00Z,0.101,2024-03-29,13,15,89
2024-03-29T15:00:00Z,0.07,2024-03-29,13,16,89
2024-03-29T16:00:00Z,0.037,2024-03-29,13,17,89
2024-03-29T17:00:00Z,0.002,2024-03-29,13,18,89
2024-03-29T18:00:00Z,0,2024-03-29,13,19,89
2024-03-29T19:00:00Z,0,2024-03-29,13,20,89
2024-03-29T20:00:00Z,0,2024-03-29,13,21,89
2024-03-29T21:00:00Z,0,2024-03-29,13,22,89
2024-03-29T22:00:00Z,0,2024-03-29,13,23,89
2024-03-29T23:00:00Z,0,2024-03-30,13,0,90
2024-03-30T00:00:00Z,0,2024-03-30,13,1,90
2024-03-30T01:00:00Z,0,2024-03-30,13,2,90
2024-03-30T02:00:00Z,0,2024-03-30,13,3,90
2024-03-30T03:00:00Z,0,2024-03-30,13,4,90
2024-03-30T04:00:00Z,0,2024-03-30,13,5,90
2024-03-30T05:00:00Z,0.012,2024-03-30,13,6,90
2024-03-30T06:00:00Z,0.07,2024-03-30,13,7,90
2024-03-30T07:00:00Z,0.138,2024-03-30,13,8,90
2024-03-30T08:00:00Z,0.167,2024-03-30,13,9,90
2024-03-30T09:00:00Z,0.156,2024-03-30,13,10,90
2024-03-30T10:00:00Z,0.14,2024-03-30,13,11,90
2024-03-30T11:00:00Z,0.158,2024-03-30,13,12,90
2024-03-30T12:00:00Z,0.193,2024-03-30,13,13,90
2024-03-30T13:00:00Z,0.178,2024-03-30,13,14,90
2024-03-30T14:00:00Z,0.131,2024-03-30,13,15,90
2024-03-30T15:00:00Z,0.081,2024-03-30,13,16,90
2024-03-30T16:00:00Z,0.034,2024-03-30,13,17,90
2024-03-30T17:00:00Z,0.002,2024-03-30,13,18,90
2024-03-30T18:00:00Z,0,2024-03-30,13,19,90
2024-03-30T19:00:00Z,0,2024-03-30,13,20,90
2024-03-30T20:00:00Z,0,2024-03-30,13,21,90
2024-03-30T21:00:00Z,0,2024-03-30,13,22,90
2024-03-30T22:00:00Z,0,2024-03-30,13,23,90
2024-03-30T23:00:00Z,0,2024-03-31,13,0,91
2024-03-31T00:00:00Z,0,2024-03-31,13,1,91
2024-03-31T01:00:00Z,0,2024-03-31,13,3,91
2024-03-31T02:00:00Z,0,2024-03-31,13,4,91
2024-03-31T03:00:00Z,0,2024-03-31,13,5,91
2024-03-31T04:00:00Z,0,2024-03-31,13,6,91
2024-03-31T05:00:00Z,0.006,2024-03-31,13,7,91
2024-03-31T06:00:00Z,0.035,2024-03-31,13,8,91
2024-03-31T07:00:00Z,0.083,2024-03-31,13,9,91
2024-03-31T08:00:00Z,0.138,2024-03-31,13,10,91
2024-03-31T09:00:00Z,0.167,2024-03-31,13,11,91
2024-03-31T10:00:00Z,0.171,2024-03-31,13,12,91
2024-03-31T11:00:00Z,0.166,2024-03-31,13,13,91
2024-03-31T12:00:00Z,0.146,2024-03-31,13,14,91
2024-03-31T13:00:00Z,0.111,2024-03-31,13,15,91
2024-03-31T14:00:00Z,0.087,2024-03-31,13,16,91
2024-03-31T15:00:00Z,0.072,2024-03-31,13,17,91
2024-03-31T16:00:00Z,0.042,2024-03-31,13,18,91
2024-03-31T17:00:00Z,0.003,2024-03-31,13,19,91
2024-03-31T18:00:00Z,0,2024-03-31,13,20,91
2024-03-31T19:00:00Z,0,2024-03-31,13,21,91
2024-03-31T20:00:00Z,0,2024-03-31,13,22,91
2024-03-31T21:00:00Z,0,2024-03-31,13,23,91
2024-03-31T22:00:00Z,0,2024-04-01,14,0,92
2024-03-31T23:00:00Z,0,2024-04-01,14,1,92
2024-04-01T00:00:00Z,0,2024-04-01,14,2,92
2024-04-01T01:00:00Z,0,2024-04-01,14,3,92
2024-04-01T02:00:00Z,0,2024-04-01,14,4,92
2024-04-01T03:00:00Z,0,2024-04-01,14,5,92
2024-04-01T04:00:00Z,0,2024-04-01,14,6,92
2024-04-01T05:00:00Z,0.006,2024-04-01,14,7,92
2024-04-01T06:00:00Z,0.036,2024-04-01,14,8,92
2024-04-01T07:00:00Z,0.08,2024-04-01,14,9,92
2024-04-01T08:00:00Z,0.138,2024-04-01,14,10,92
2024-04-01T09:00:00Z,0.187,2024-04-01,14,11,92
2024-04-01T10:00:00Z,0.205,2024-04-01,14,12,92
2024-04-01T11:00:00Z,0.205,2024-04-01,14,13,92
2024-04-01T12:00:00Z,0.176,2024-04-01,14,14,92
2024-04-01T13:00:00Z,0.122,2024-04-01,14,15,92
2024-04-01T14:00:00Z,0.073,2024-04-01,14,16,92
2024-04-01T15:00:00Z,0.035,2024-04-01,14,17,92
2024-04-01T16:00:00Z,0.01,2024-04-01,14,18,92
2024-04-01T17:00:00Z,0,2024-04-01,14,19,92
2024-04-01T18:00:00Z,0,2024-04-01,14,20,92
2024-04-01T19:00:00Z,0,2024-04-01,14,21,92
2024-04-01T20:00:00Z,0,2024-04-01,14,22,92
2024-04-01T21:00:00Z,0,2024-04-01,14,23,92
2024-04-01T22:00:00Z,0,2024-04-02,14,0,93
2024-04-01T23:00:00Z,0,2024-04-02,14,1,93
2024-04-02T00:00:00Z,0,2024-04-02,14,2,93
2024-04-02T01:00:00Z,0,2024-04-02,14,3,93
2024-04-02T02:00:00Z,0,2024-04-02,14,4,93
2024-04-02T03:00:00Z,0,2024-04-02,14,5,93
2024-04-02T04:00:00Z,0,2024-04-02,14,6,93
2024-04-02T05:00:00Z,0.001,2024-04-02,14,7,93
2024-04-02T06:00:00Z,0.017,2024-04-02,14,8,93
2024-04-02T07:00:00Z,0.044,2024-04-02,14,9,93
2024-04-02T08:00:00Z,0.077,2024-04-02,14,10,93
2024-04-02T09:00:00Z,0.108,2024-04-02,14,11,93
2024-04-02T10:00:00Z,0.126,2024-04-02,14,12,93
2024-04-02T11:00:00Z,0.138,2024-04-02,14,13,93
2024-04-02T12:00:00Z,0.133,2024-04-02,14,14,93
2024-04-02T13:00:00Z,0.123,2024-04-02,14,15,93
2024-04-02T14:00:00Z,0.096,2024-04-02,14,16,93
2024-04-02T15:00:00Z,0.06,2024-04-02,14,17,93
2024-04-02T16:00:00Z,0.024,2024-04-02,14,18,93
2024-04-02T17:00:00Z,0.001,2024-04-02,14,19,93
2024-04-02T18:00:00Z,0,2024-04-02,14,20,93
2024-04-02T19:00:00Z,0,2024-04-02,14,21,93
2024-04-02T20:00:00Z,0,2024-04-02,14,22,93
2024-04-02T21:00:00Z,0,2024-04-02,14,23,93
2024-04-02T22:00:00Z,0,2024-04-03,14,0,94
2024-04-02T23:00:00Z,0,2024-04-03,14,1,94
2024-04-03T00:00:00Z,0,2024-04-03,14,2,94
2024-04-03T01:00:00Z,0,2024-04-03,14,3,94
2024-04-03T02:00:00Z,0,2024-04-03,14,4,94
2024-04-03T03:00:00Z,0,2024-04-03,14,5,94
2024-04-03T04:00:00Z,0,2024-04-03,14,6,94
2024-04-03T05:00:00Z,0.049,2024-04-03,14,7,94
2024-04-03T06:00:00Z,0.178,2024-04-03,14,8,94
2024-04-03T07:00:00Z,0.333,2024-04-03,14,9,94
2024-04-03T08:00:00Z,0.472,2024-04-03,14,10,94
2024-04-03T09:00:00Z,0.558,2024-04-03,14,11,94
2024-04-03T10:00:00Z,0.563,2024-04-03,14,12,94
2024-04-03T11:00:00Z,0.52,2024-04-03,14,13,94
2024-04-03T12:00:00Z,0.434,2024-04-03,14,14,94
2024-04-03T13:00:00Z,0.34,2024-04-03,14,15,94
2024-04-03T14:00:00Z,0.244,2024-04-03,14,16,94
2024-04-03T15:00:00Z,0.143,2024-04-03,14,17,94
2024-04-03T16:00:00Z,0.068,2024-04-03,14,18,94
2024-04-03T17:00:00Z,0.008,2024-04-03,14,19,94
2024-04-03T18:00:00Z,0,2024-04-03,14,20,94
2024-04-03T19:00:00Z,0,2024-04-03,14,21,94
2024-04-03T20:00:00Z,0,2024-04-03,14,22,94
2024-04-03T21:00:00Z,0,2024-04-03,14,23,94
2024-04-03T22:00:00Z,0,2024-04-04,14,0,95
2024-04-03T23:00:00Z,0,2024-04-04,14,1,95
2024-04-04T00:00:00Z,0,2024-04-04,14,2,95
2024-04-04T01:00:00Z,0,2024-04-04,14,3,95
2024-04-04T02:00:00Z,0,2024-04-04,14,4,95
2024-04-04T03:00:00Z,0,2024-04-04,14,5,95
2024-04-04T04:00:00Z,0,2024-04-04,14,6,95
2024-04-04T05:00:00Z,0.003,2024-04-04,14,7,95
2024-04-04T06:00:00Z,0.029,2024-04-04,14,8,95
2024-04-04T07:00:00Z,0.075,2024-04-04,14,9,95
2024-04-04T08:00:00Z,0.112,2024-04-04,14,10,95
2024-04-04T09:00:00Z,0.138,2024-04-04,14,11,95
2024-04-04T10:00:00Z,0.12,2024-04-04,14,12,95
2024-04-04T11:00:00Z,0.112,2024-04-04,14,13,95
2024-04-04T12:00:00Z,0.111,2024-04-04,14,14,95
2024-04-04T13:00:00Z,0.091,2024-04-04,14,15,95
2024-04-04T14:00:00Z,0.055,2024-04-04,14,16,95
2024-04-04T15:00:00Z,0.028,2024-04-04,14,17,95
2024-04-04T16:00:00Z,0.011,2024-04-04,14,18,95
2024-04-04T17:00:00Z,0.002,2024-04-04,14,19,95
2024-04-04T18:00:00Z,0,2024-04-04,14,20,95
2024-04-04T19:00:00Z,0,2024-04-04,14,21,95
2024-04-04T20:00:00Z,0,2024-04-04,14,22,95
2024-04-04T21:00:00Z,0,2024-04-04,14,23,95
2024-04-04T22:00:00Z,0,2024-04-05,14,0,96
2024-04-04T23:00:00Z,0,2024-04-05,14,1,96
2024-04-05T00:00:00Z,0,2024-04-05,14,2,96
2024-04-05T01:00:00Z,0,2024-04-05,14,3,96
2024-04-05T02:00:00Z,0,2024-04-05,14,4,96
2024-04-05T03:00:00Z,0,2024-04-05,14,5,96
2024-04-05T04:00:00Z,0,2024-04-05,14,6,96
2024-04-05T05:00:00Z,0.011,2024-04-05,14,7,96
2024-04-05T06:00:00Z,0.042,2024-04-05,14,8,96
2024-04-05T07:00:00Z,0.07,2024-04-05,14,9,96
2024-04-05T08:00:00Z,0.112,2024-04-05,14,10,96
2024-04-05T09:00:00Z,0.151,2024-04-05,14,11,96
2024-04-05T10:00:00Z,0.171,2024-04-05,14,12,96
2024-04-05T11:00:00Z,0.119,2024-04-05,14,13,96
2024-04-05T12:00:00Z,0.075,2024-04-05,14,14,96
2024-04-05T13:00:00Z,0.068,2024-04-05,14,15,96
2024-04-05T14:00:00Z,0.047,2024-04-05,14,16,96
2024-04-05T15:00:00Z,0.024,2024-04-05,14,17,96
2024-04-05T16:00:00Z,0.013,2024-04-05,14,18,96
2024-04-05T17:00:00Z,0.003,2024-04-05,14,19,96
2024-04-05T18:00:00Z,0,2024-04-05,14,20,96
2024-04-05T19:00:00Z,0,2024-04-05,14,21,96
2024-04-05T20:00:00Z,0,2024-04-05,14,22,96
2024-04-05T21:00:00Z,0,2024-04-05,14,23,96
2024-04-05T22:00:00Z,0,2024-04-06,14,0,97
2024-04-05T23:00:00Z,0,2024-04-06,14,1,97
2024-04-06T00:00:00Z,0,2024-04-06,14,2,97
2024-04-06T01:00:00Z,0,2024-04-06,14,3,97
2024-04-06T02:00:00Z,0,2024-04-06,14,4,97
2024-04-06T03:00:00Z,0,2024-04-06,14,5,97
2024-04-06T04:00:00Z,0,2024-04-06,14,6,97
2024-04-06T05:00:00Z,0.022,2024-04-06,14,7,97
2024-04-06T06:00:00Z,0.079,2024-04-06,14,8,97
2024-04-06T07:00:00Z,0.206,2024-04-06,14,9,97
2024-04-06T08:00:00Z,0.4,2024-04-06,14,10,97
2024-04-06T09:00:00Z,0.534,2024-04-06,14,11,97
2024-04-06T10:00:00Z,0.579,2024-04-06,14,12,97
2024-04-06T11:00:00Z,0.477,2024-04-06,14,13,97
2024-04-06T12:00:00Z,0.324,2024-04-06,14,14,97
2024-04-06T13:00:00Z,0.223,2024-04-06,14,15,97
2024-04-06T14:00:00Z,0.173,2024-04-06,14,16,97
2024-04-06T15:00:00Z,0.153,2024-04-06,14,17,97
2024-04-06T16:00:00Z,0.097,2024-04-06,14,18,97
2024-04-06T17:00:00Z,0.016,2024-04-06,14,19,97
2024-04-06T18:00:00Z,0,2024-04-06,14,20,97
2024-04-06T19:00:00Z,0,2024-04-06,14,21,97
2024-04-06T20:00:00Z,0,2024-04-06,14,22,97
2024-04-06T21:00:00Z,0,2024-04-06,14,23,97
2024-04-06T22:00:00Z,0,2024-04-07,14,0,98
2024-04-06T23:00:00Z,0,2024-04-07,14,1,98
2024-04-07T00:00:00Z,0,2024-04-07,14,2,98
2024-04-07T01:00:00Z,0,2024-04-07,14,3,98
2024-04-07T02:00:00Z,0,2024-04-07,14,4,98
2024-04-07T03:00:00Z,0,2024-04-07,14,5,98
2024-04-07T04:00:00Z,0,2024-04-07,14,6,98
2024-04-07T05:00:00Z,0.005,2024-04-07,14,7,98
2024-04-07T06:00:00Z,0.057,2024-04-07,14,8,98
2024-04-07T07:00:00Z,0.238,2024-04-07,14,9,98
2024-04-07T08:00:00Z,0.4,2024-04-07,14,10,98
2024-04-07T09:00:00Z,0.557,2024-04-07,14,11,98
2024-04-07T10:00:00Z,0.627,2024-04-07,14,12,98
2024-04-07T11:00:00Z,0.65,2024-04-07,14,13,98
2024-04-07T12:00:00Z,0.593,2024-04-07,14,14,98
2024-04-07T13:00:00Z,0.499,2024-04-07,14,15,98
2024-04-07T14:00:00Z,0.377,2024-04-07,14,16,98
2024-04-07T15:00:00Z,0.244,2024-04-07,14,17,98
2024-04-07T16:00:00Z,0.118,2024-04-07,14,18,98
2024-04-07T17:00:00Z,0.021,2024-04-07,14,19,98
2024-04-07T18:00:00Z,0,2024-04-07,14,20,98
2024-04-07T19:00:00Z,0,2024-04-07,14,21,98
2024-04-07T20:00:00Z,0,2024-04-07,14,22,98
2024-04-07T21:00:00Z,0,2024-04-07,14,23,98
2024-04-07T22:00:00Z,0,2024-04-08,15,0,99
2024-04-07T23:00:00Z,0,2024-04-08,15,1,99
2024-04-08T00:00:00Z,0,2024-04-08,15,2,99
2024-04-08T01:00:00Z,0,2024-04-08,15,3,99
2024-04-08T02:00:00Z,0,2024-04-08,15,4,99
2024-04-08T03:00:00Z,0,2024-04-08,15,5,99
2024-04-08T04:00:00Z,0,2024-04-08,15,6,99
2024-04-08T05:00:00Z,0.062,2024-04-08,15,7,99
2024-04-08T06:00:00Z,0.189,2024-04-08,15,8,99
2024-04-08T07:00:00Z,0.269,2024-04-08,15,9,99
2024-04-08T08:00:00Z,0.375,2024-04-08,15,10,99
2024-04-08T09:00:00Z,0.501,2024-04-08,15,11,99
2024-04-08T10:00:00Z,0.571,2024-04-08,15,12,99
2024-04-08T11:00:00Z,0.529,2024-04-08,15,13,99
2024-04-08T12:00:00Z,0.448,2024-04-08,15,14,99
2024-04-08T13:00:00Z,0.364,2024-04-08,15,15,99
2024-04-08T14:00:00Z,0.246,2024-04-08,15,16,99
2024-04-08T15:00:00Z,0.133,2024-04-08,15,17,99
2024-04-08T16:00:00Z,0.048,2024-04-08,15,18,99
2024-04-08T17:00:00Z,0.006,2024-04-08,15,19,99
2024-04-08T18:00:00Z,0,2024-04-08,15,20,99
2024-04-08T19:00:00Z,0,2024-04-08,15,21,99
2024-04-08T20:00:00Z,0,2024-04-08,15,22,99
2024-04-08T21:00:00Z,0,2024-04-08,15,23,99
2024-04-08T22:00:00Z,0,2024-04-09,15,0,100
2024-04-08T23:00:00Z,0,2024-04-09,15,1,100
2024-04-09T00:00:00Z,0,2024-04-09,15,2,100
2024-04-09T01:00:00Z,0,2024-04-09,15,3,100
2024-04-09T02:00:00Z,0,2024-04-09,15,4,100
2024-04-09T03:00:00Z,0,2024-04-09,15,5,100
2024-04-09T04:00:00Z,0,2024-04-09,15,6,100
2024-04-09T05:00:00Z,0.015,2024-04-09,15,7,100
2024-04-09T06:00:00Z,0.026,2024-04-09,15,8,100
2024-04-09T07:00:00Z,0.047,2024-04-09,15,9,100
2024-04-09T08:00:00Z,0.095,2024-04-09,15,10,100
2024-04-09T09:00:00Z,0.186,2024-04-09,15,11,100
2024-04-09T10:00:00Z,0.227,2024-04-09,15,12,100
2024-04-09T11:00:00Z,0.212,2024-04-09,15,13,100
2024-04-09T12:00:00Z,0.166,2024-04-09,15,14,100
2024-04-09T13:00:00Z,0.098,2024-04-09,15,15,100
2024-04-09T14:00:00Z,0.074,2024-04-09,15,16,100
2024-04-09T15:00:00Z,0.043,2024-04-09,15,17,100
2024-04-09T16:00:00Z,0.023,2024-04-09,15,18,100
2024-04-09T17:00:00Z,0.004,2024-04-09,15,19,100
2024-04-09T18:00:00Z,0,2024-04-09,15,20,100
2024-04-09T19:00:00Z,0,2024-04-09,15,21,100
2024-04-09T20:00:00Z,0,2024-04-09,15,22,100
2024-04-09T21:00:00Z,0,2024-04-09,15,23,100
2024-04-09T22:00:00Z,0,2024-04-10,15,0,101
2024-04-09T23:00:00Z,0,2024-04-10,15,1,101
2024-04-10T00:00:00Z,0,2024-04-10,15,2,101
2024-04-10T01:00:00Z,0,2024-04-10,15,3,101
2024-04-10T02:00:00Z,0,2024-04-10,15,4,101
2024-04-10T03:00:00Z,0,2024-04-10,15,5,101
2024-04-10T04:00:00Z,0,2024-04-10,15,6,101
2024-04-10T05:00:00Z,0.012,2024-04-10,15,7,101
2024-04-10T06:00:00Z,0.061,2024-04-10,15,8,101
2024-04-10T07:00:00Z,0.142,2024-04-10,15,9,101
2024-04-10T08:00:00Z,0.305,2024-04-10,15,10,101
2024-04-10T09:00:00Z,0.492,2024-04-10,15,11,101
2024-04-10T10:00:00Z,0.572,2024-04-10,15,12,101
2024-04-10T11:00:00Z,0.573,2024-04-10,15,13,101
2024-04-10T12:00:00Z,0.547,2024-04-10,15,14,101
2024-04-10T13:00:00Z,0.469,2024-04-10,15,15,101
2024-04-10T14:00:00Z,0.359,2024-04-10,15,16,101
2024-04-10T15:00:00Z,0.246,2024-04-10,15,17,101
2024-04-10T16:00:00Z,0.126,2024-04-10,15,18,101
2024-04-10T17:00:00Z,0.027,2024-04-10,15,19,101
2024-04-10T18:00:00Z,0,2024-04-10,15,20,101
2024-04-10T19:00:00Z,0,2024-04-10,15,21,101
2024-04-10T20:00:00Z,0,2024-04-10,15,22,101
2024-04-10T21:00:00Z,0,2024-04-10,15,23,101
2024-04-10T22:00:00Z,0,2024-04-11,15,0,102
2024-04-10T23:00:00Z,0,2024-04-11,15,1,102
2024-04-11T00:00:00Z,0,2024-04-11,15,2,102
2024-04-11T01:00:00Z,0,2024-04-11,15,3,102
2024-04-11T02:00:00Z,0,2024-04-11,15,4,102
2024-04-11T03:00:00Z,0,2024-04-11,15,5,102
2024-04-11T04:00:00Z,0,2024-04-11,15,6,102
2024-04-11T05:00:00Z,0.003,2024-04-11,15,7,102
2024-04-11T06:00:00Z,0.015,2024-04-11,15,8,102
2024-04-11T07:00:00Z,0.042,2024-04-11,15,9,102
2024-04-11T08:00:00Z,0.112,2024-04-11,15,10,102
2024-04-11T09:00:00Z,0.235,2024-04-11,15,11,102
2024-04-11T10:00:00Z,0.394,2024-04-11,15,12,102
2024-04-11T11:00:00Z,0.488,2024-04-11,15,13,102
2024-04-11T12:00:00Z,0.474,2024-04-11,15,14,102
2024-04-11T13:00:00Z,0.408,2024-04-11,15,15,102
2024-04-11T14:00:00Z,0.326,2024-04-11,15,16,102
2024-04-11T15:00:00Z,0.226,2024-04-11,15,17,102
2024-04-11T16:00:00Z,0.119,2024-04-11,15,18,102
2024-04-11T17:00:00Z,0.03,2024-04-11,15,19,102
2024-04-11T18:00:00Z,0,2024-04-11,15,20,102
2024-04-11T19:00:00Z,0,2024-04-11,15,21,102
2024-04-11T20:00:00Z,0,2024-04-11,15,22,102
2024-04-11T21:00:00Z,0,2024-04-11,15,23,102
2024-04-11T22:00:00Z,0,2024-04-12,15,0,103
2024-04-11T23:00:00Z,0,2024-04-12,15,1,103
2024-04-12T00:00:00Z,0,2024-04-12,15,2,103
2024-04-12T01:00:00Z,0,2024-04-12,15,3,103
2024-04-12T02:00:00Z,0,2024-04-12,15,4,103
2024-04-12T03:00:00Z,0,2024-04-12,15,5,103
2024-04-12T04:00:00Z,0,2024-04-12,15,6,103
2024-04-12T05:00:00Z,0.014,2024-04-12,15,7,103
2024-04-12T06:00:00Z,0.046,2024-04-12,15,8,103
2024-04-12T07:00:00Z,0.067,2024-04-12,15,9,103
2024-04-12T08:00:00Z,0.077,2024-04-12,15,10,103
2024-04-12T09:00:00Z,0.102,2024-04-12,15,11,103
2024-04-12T10:00:00Z,0.168,2024-04-12,15,12,103
2024-04-12T11:00:00Z,0.226,2024-04-12,15,13,103
2024-04-12T12:00:00Z,0.236,2024-04-12,15,14,103
2024-04-12T13:00:00Z,0.221,2024-04-12,15,15,103
2024-04-12T14:00:00Z,0.2,2024-04-12,15,16,103
2024-04-12T15:00:00Z,0.151,2024-04-12,15,17,103
2024-04-12T16:00:00Z,0.091,2024-04-12,15,18,103
2024-04-12T17:00:00Z,0.028,2024-04-12,15,19,103
2024-04-12T18:00:00Z,0,2024-04-12,15,20,103
2024-04-12T19:00:00Z,0,2024-04-12,15,21,103
2024-04-12T20:00:00Z,0,2024-04-12,15,22,103
2024-04-12T21:00:00Z,0,2024-04-12,15,23,103
2024-04-12T22:00:00Z,0,2024-04-13,15,0,104
2024-04-12T23:00:00Z,0,2024-04-13,15,1,104
2024-04-13T00:00:00Z,0,2024-04-13,15,2,104
2024-04-13T01:00:00Z,0,2024-04-13,15,3,104
2024-04-13T02:00:00Z,0,2024-04-13,15,4,104
2024-04-13T03:00:00Z,0,2024-04-13,15,5,104
2024-04-13T04:00:00Z,0.001,2024-04-13,15,6,104
2024-04-13T05:00:00Z,0.031,2024-04-13,15,7,104
2024-04-13T06:00:00Z,0.086,2024-04-13,15,8,104
2024-04-13T07:00:00Z,0.156,2024-04-13,15,9,104
2024-04-13T08:00:00Z,0.248,2024-04-13,15,10,104
2024-04-13T09:00:00Z,0.313,2024-04-13,15,11,104
2024-04-13T10:00:00Z,0.362,2024-04-13,15,12,104
2024-04-13T11:00:00Z,0.333,2024-04-13,15,13,104
2024-04-13T12:00:00Z,0.324,2024-04-13,15,14,104
2024-04-13T13:00:00Z,0.318,2024-04-13,15,15,104
2024-04-13T14:00:00Z,0.215,2024-04-13,15,16,104
2024-04-13T15:00:00Z,0.1,2024-04-13,15,17,104
2024-04-13T16:00:00Z,0.036,2024-04-13,15,18,104
2024-04-13T17:00:00Z,0.007,2024-04-13,15,19,104
2024-04-13T18:00:00Z,0,2024-04-13,15,20,104
2024-04-13T19:00:00Z,0,2024-04-13,15,21,104
2024-04-13T20:00:00Z,0,2024-04-13,15,22,104
2024-04-13T21:00:00Z,0,2024-04-13,15,23,104
2024-04-13T22:00:00Z,0,2024-04-14,15,0,105
2024-04-13T23:00:00Z,0,2024-04-14,15,1,105
2024-04-14T00:00:00Z,0,2024-04-14,15,2,105
2024-04-14T01:00:00Z,0,2024-04-14,15,3,105
2024-04-14T02:00:00Z,0,2024-04-14,15,4,105
2024-04-14T03:00:00Z,0,2024-04-14,15,5,105
2024-04-14T04:00:00Z,0.009,2024-04-14,15,6,105
2024-04-14T05:00:00Z,0.123,2024-04-14,15,7,105
2024-04-14T06:00:00Z,0.286,2024-04-14,15,8,105
2024-04-14T07:00:00Z,0.439,2024-04-14,15,9,105
2024-04-14T08:00:00Z,0.555,2024-04-14,15,10,105
2024-04-14T09:00:00Z,0.622,2024-04-14,15,11,105
2024-04-14T10:00:00Z,0.648,2024-04-14,15,12,105
2024-04-14T11:00:00Z,0.629,2024-04-14,15,13,105
2024-04-14T12:00:00Z,0.56,2024-04-14,15,14,105
2024-04-14T13:00:00Z,0.452,2024-04-14,15,15,105
2024-04-14T14:00:00Z,0.354,2024-04-14,15,16,105
2024-04-14T15:00:00Z,0.241,2024-04-14,15,17,105
2024-04-14T16:00:00Z,0.133,2024-04-14,15,18,105
2024-04-14T17:00:00Z,0.038,2024-04-14,15,19,105
2024-04-14T18:00:00Z,0,2024-04-14,15,20,105
2024-04-14T19:00:00Z,0,2024-04-14,15,21,105
2024-04-14T20:00:00Z,0,2024-04-14,15,22,105
2024-04-14T21:00:00Z,0,2024-04-14,15,23,105
2024-04-14T22:00:00Z,0,2024-04-15,16,0,106
2024-04-14T23:00:00Z,0,2024-04-15,16,1,106
2024-04-15T00:00:00Z,0,2024-04-15,16,2,106
2024-04-15T01:00:00Z,0,2024-04-15,16,3,106
2024-04-15T02:00:00Z,0,2024-04-15,16,4,106
2024-04-15T03:00:00Z,0,2024-04-15,16,5,106
2024-04-15T04:00:00Z,0.006,2024-04-15,16,6,106
2024-04-15T05:00:00Z,0.088,2024-04-15,16,7,106
2024-04-15T06:00:00Z,0.19,2024-04-15,16,8,106
2024-04-15T07:00:00Z,0.265,2024-04-15,16,9,106
2024-04-15T08:00:00Z,0.329,2024-04-15,16,10,106
2024-04-15T09:00:00Z,0.386,2024-04-15,16,11,106
2024-04-15T10:00:00Z,0.389,2024-04-15,16,12,106
2024-04-15T11:00:00Z,0.345,2024-04-15,16,13,106
2024-04-15T12:00:00Z,0.274,2024-04-15,16,14,106
2024-04-15T13:00:00Z,0.201,2024-04-15,16,15,106
2024-04-15T14:00:00Z,0.137,2024-04-15,16,16,106
2024-04-15T15:00:00Z,0.085,2024-04-15,16,17,106
2024-04-15T16:00:00Z,0.044,2024-04-15,16,18,106
2024-04-15T17:00:00Z,0.012,2024-04-15,16,19,106
2024-04-15T18:00:00Z,0,2024-04-15,16,20,106
2024-04-15T19:00:00Z,0,2024-04-15,16,21,106
2024-04-15T20:00:00Z,0,2024-04-15,16,22,106
2024-04-15T21:00:00Z,0,2024-04-15,16,23,106
2024-04-15T22:00:00Z,0,2024-04-16,16,0,107
2024-04-15T23:00:00Z,0,2024-04-16,16,1,107
2024-04-16T00:00:00Z,0,2024-04-16,16,2,107
2024-04-16T01:00:00Z,0,2024-04-16,16,3,107
2024-04-16T02:00:00Z,0,2024-04-16,16,4,107
2024-04-16T03:00:00Z,0,2024-04-16,16,5,107
2024-04-16T04:00:00Z,0.008,2024-04-16,16,6,107
2024-04-16T05:00:00Z,0.096,2024-04-16,16,7,107
2024-04-16T06:00:00Z,0.254,2024-04-16,16,8,107
2024-04-16T07:00:00Z,0.419,2024-04-16,16,9,107
2024-04-16T08:00:00Z,0.539,2024-04-16,16,10,107
2024-04-16T09:00:00Z,0.604,2024-04-16,16,11,107
2024-04-16T10:00:00Z,0.62,2024-04-16,16,12,107
2024-04-16T11:00:00Z,0.597,2024-04-16,16,13,107
2024-04-16T12:00:00Z,0.54,2024-04-16,16,14,107
2024-04-16T13:00:00Z,0.468,2024-04-16,16,15,107
2024-04-16T14:00:00Z,0.362,2024-04-16,16,16,107
2024-04-16T15:00:00Z,0.245,2024-04-16,16,17,107
2024-04-16T16:00:00Z,0.135,2024-04-16,16,18,107
2024-04-16T17:00:00Z,0.043,2024-04-16,16,19,107
2024-04-16T18:00:00Z,0,2024-04-16,16,20,107
2024-04-16T19:00:00Z,0,2024-04-16,16,21,107
2024-04-16T20:00:00Z,0,2024-04-16,16,22,107
2024-04-16T21:00:00Z,0,2024-04-16,16,23,107
2024-04-16T22:00:00Z,0,2024-04-17,16,0,108
2024-04-16T23:00:00Z,0,2024-04-17,16,1,108
2024-04-17T00:00:00Z,0,2024-04-17,16,2,108
2024-04-17T01:00:00Z,0,2024-04-17,16,3,108
2024-04-17T02:00:00Z,0,2024-04-17,16,4,108
2024-04-17T03:00:00Z,0,2024-04-17,16,5,108
2024-04-17T04:00:00Z,0.016,2024-04-17,16,6,108
2024-04-17T05:00:00Z,0.116,2024-04-17,16,7,108
2024-04-17T06:00:00Z,0.247,2024-04-17,16,8,108
2024-04-17T07:00:00Z,0.403,2024-04-17,16,9,108
2024-04-17T08:00:00Z,0.504,2024-04-17,16,10,108
2024-04-17T09:00:00Z,0.536,2024-04-17,16,11,108
2024-04-17T10:00:00Z,0.504,2024-04-17,16,12,108
2024-04-17T11:00:00Z,0.46,2024-04-17,16,13,108
2024-04-17T12:00:00Z,0.422,2024-04-17,16,14,108
2024-04-17T13:00:00Z,0.38,2024-04-17,16,15,108
2024-04-17T14:00:00Z,0.314,2024-04-17,16,16,108
2024-04-17T15:00:00Z,0.234,2024-04-17,16,17,108
2024-04-17T16:00:00Z,0.139,2024-04-17,16,18,108
2024-04-17T17:00:00Z,0.048,2024-04-17,16,19,108
2024-04-17T18:00:00Z,0,2024-04-17,16,20,108
2024-04-17T19:00:00Z,0,2024-04-17,16,21,108
2024-04-17T20:00:00Z,0,2024-04-17,16,22,108
2024-04-17T21:00:00Z,0,2024-04-17,16,23,108
2024-04-17T22:00:00Z,0,2024-04-18,16,0,109
2024-04-17T23:00:00Z,0,2024-04-18,16,1,109
2024-04-18T00:00:00Z,0,2024-04-18,16,2,109
2024-04-18T01:00:00Z,0,2024-04-18,16,3,109
2024-04-18T02:00:00Z,0,2024-04-18,16,4,109
2024-04-18T03:00:00Z,0,2024-04-18,16,5,109
2024-04-18T04:00:00Z,0.014,2024-04-18,16,6,109
2024-04-18T05:00:00Z,0.126,2024-04-18,16,7,109
2024-04-18T06:00:00Z,0.273,2024-04-18,16,8,109
2024-04-18T07:00:00Z,0.42,2024-04-18,16,9,109
2024-04-18T08:00:00Z,0.562,2024-04-18,16,10,109
2024-04-18T09:00:00Z,0.62,2024-04-18,16,11,109
2024-04-18T10:00:00Z,0.621,2024-04-18,16,12,109
2024-04-18T11:00:00Z,0.59,2024-04-18,16,13,109
2024-04-18T12:00:00Z,0.528,2024-04-18,16,14,109
2024-04-18T13:00:00Z,0.407,2024-04-18,16,15,109
2024-04-18T14:00:00Z,0.271,2024-04-18,16,16,109
2024-04-18T15:00:00Z,0.165,2024-04-18,16,17,109
2024-04-18T16:00:00Z,0.075,2024-04-18,16,18,109
2024-04-18T17:00:00Z,0.017,2024-04-18,16,19,109
2024-04-18T18:00:00Z,0,2024-04-18,16,20,109
2024-04-18T19:00:00Z,0,2024-04-18,16,21,109
2024-04-18T20:00:00Z,0,2024-04-18,16,22,109
2024-04-18T21:00:00Z,0,2024-04-18,16,23,109
2024-04-18T22:00:00Z,0,2024-04-19,16,0,110
2024-04-18T23:00:00Z,0,2024-04-19,16,1,110
2024-04-19T00:00:00Z,0,2024-04-19,16,2,110
2024-04-19T01:00:00Z,0,2024-04-19,16,3,110
2024-04-19T02:00:00Z,0,2024-04-19,16,4,110
2024-04-19T03:00:00Z,0,2024-04-19,16,5,110
2024-04-19T04:00:00Z,0.002,2024-04-19,16,6,110
2024-04-19T05:00:00Z,0.025,2024-04-19,16,7,110
2024-04-19T06:00:00Z,0.077,2024-04-19,16,8,110
2024-04-19T07:00:00Z,0.142,2024-04-19,16,9,110
2024-04-19T08:00:00Z,0.2,2024-04-19,16,10,110
2024-04-19T09:00:00Z,0.238,2024-04-19,16,11,110
2024-04-19T10:00:00Z,0.273,2024-04-19,16,12,110
2024-04-19T11:00:00Z,0.317,2024-04-19,16,13,110
2024-04-19T12:00:00Z,0.335,2024-04-19,16,14,110
2024-04-19T13:00:00Z,0.323,2024-04-19,16,15,110
2024-04-19T14:00:00Z,0.274,2024-04-19,16,16,110
2024-04-19T15:00:00Z,0.206,2024-04-19,16,17,110
2024-04-19T16:00:00Z,0.123,2024-04-19,16,18,110
2024-04-19T17:00:00Z,0.046,2024-04-19,16,19,110
2024-04-19T18:00:00Z,0.001,2024-04-19,16,20,110
2024-04-19T19:00:00Z,0,2024-04-19,16,21,110
2024-04-19T20:00:00Z,0,2024-04-19,16,22,110
2024-04-19T21:00:00Z,0,2024-04-19,16,23,110
2024-04-19T22:00:00Z,0,2024-04-20,16,0,111
2024-04-19T23:00:00Z,0,2024-04-20,16,1,111
2024-04-20T00:00:00Z,0,2024-04-20,16,2,111
2024-04-20T01:00:00Z,0,2024-04-20,16,3,111
2024-04-20T02:00:00Z,0,2024-04-20,16,4,111
2024-04-20T03:00:00Z,0,2024-04-20,16,5,111
2024-04-20T04:00:00Z,0.013,2024-04-20,16,6,111
2024-04-20T05:00:00Z,0.098,2024-04-20,16,7,111
2024-04-20T06:00:00Z,0.218,2024-04-20,16,8,111
2024-04-20T07:00:00Z,0.338,2024-04-20,16,9,111
2024-04-20T08:00:00Z,0.424,2024-04-20,16,10,111
2024-04-20T09:00:00Z,0.464,2024-04-20,16,11,111
2024-04-20T10:00:00Z,0.447,2024-04-20,16,12,111
2024-04-20T11:00:00Z,0.385,2024-04-20,16,13,111
2024-04-20T12:00:00Z,0.296,2024-04-20,16,14,111
2024-04-20T13:00:00Z,0.217,2024-04-20,16,15,111
2024-04-20T14:00:00Z,0.158,2024-04-20,16,16,111
2024-04-20T15:00:00Z,0.107,2024-04-20,16,17,111
2024-04-20T16:00:00Z,0.062,2024-04-20,16,18,111
2024-04-20T17:00:00Z,0.023,2024-04-20,16,19,111
2024-04-20T18:00:00Z,0,2024-04-20,16,20,111
2024-04-20T19:00:00Z,0,2024-04-20,16,21,111
2024-04-20T20:00:00Z,0,2024-04-20,16,22,111
2024-04-20T21:00:00Z,0,2024-04-20,16,23,111
2024-04-20T22:00:00Z,0,2024-04-21,16,0,112
2024-04-20T23:00:00Z,0,2024-04-21,16,1,112
2024-04-21T00:00:00Z,0,2024-04-21,16,2,112
2024-04-21T01:00:00Z,0,2024-04-21,16,3,112
2024-04-21T02:00:00Z,0,2024-04-21,16,4,112
2024-04-21T03:00:00Z,0,2024-04-21,16,5,112
2024-04-21T04:00:00Z,0.016,2024-04-21,16,6,112
2024-04-21T05:00:00Z,0.108,2024-04-21,16,7,112
2024-04-21T06:00:00Z,0.251,2024-04-21,16,8,112
2024-04-21T07:00:00Z,0.392,2024-04-21,16,9,112
2024-04-21T08:00:00Z,0.484,2024-04-21,16,10,112
2024-04-21T09:00:00Z,0.513,2024-04-21,16,11,112
2024-04-21T10:00:00Z,0.499,2024-04-21,16,12,112
2024-04-21T11:00:00Z,0.484,2024-04-21,16,13,112
2024-04-21T12:00:00Z,0.454,2024-04-21,16,14,112
2024-04-21T13:00:00Z,0.399,2024-04-21,16,15,112
2024-04-21T14:00:00Z,0.309,2024-04-21,16,16,112
2024-04-21T15:00:00Z,0.219,2024-04-21,16,17,112
2024-04-21T16:00:00Z,0.117,2024-04-21,16,18,112
2024-04-21T17:00:00Z,0.037,2024-04-21,16,19,112
2024-04-21T18:00:00Z,0.001,2024-04-21,16,20,112
2024-04-21T19:00:00Z,0,2024-04-21,16,21,112
2024-04-21T20:00:00Z,0,2024-04-21,16,22,112
2024-04-21T21:00:00Z,0,2024-04-21,16,23,112
2024-04-21T22:00:00Z,0,2024-04-22,17,0,113
2024-04-21T23:00:00Z,0,2024-04-22,17,1,113
2024-04-22T00:00:00Z,0,2024-04-22,17,2,113
2024-04-22T01:00:00Z,0,2024-04-22,17,3,113
2024-04-22T02:00:00Z,0,2024-04-22,17,4,113
2024-04-22T03:00:00Z,0,2024-04-22,17,5,113
2024-04-22T04:00:00Z,0.022,2024-04-22,17,6,113
2024-04-22T05:00:00Z,0.133,2024-04-22,17,7,113
2024-04-22T06:00:00Z,0.279,2024-04-22,17,8,113
2024-04-22T07:00:00Z,0.427,2024-04-22,17,9,113
2024-04-22T08:00:00Z,0.543,2024-04-22,17,10,113
2024-04-22T09:00:00Z,0.607,2024-04-22,17,11,113
2024-04-22T10:00:00Z,0.628,2024-04-22,17,12,113
2024-04-22T11:00:00Z,0.625,2024-04-22,17,13,113
2024-04-22T12:00:00Z,0.601,2024-04-22,17,14,113
2024-04-22T13:00:00Z,0.521,2024-04-22,17,15,113
2024-04-22T14:00:00Z,0.392,2024-04-22,17,16,113
2024-04-22T15:00:00Z,0.266,2024-04-22,17,17,113
2024-04-22T16:00:00Z,0.15,2024-04-22,17,18,113
2024-04-22T17:00:00Z,0.051,2024-04-22,17,19,113
2024-04-22T18:00:00Z,0.002,2024-04-22,17,20,113
2024-04-22T19:00:00Z,0,2024-04-22,17,21,113
2024-04-22T20:00:00Z,0,2024-04-22,17,22,113
2024-04-22T21:00:00Z,0,2024-04-22,17,23,113
2024-04-22T22:00:00Z,0,2024-04-23,17,0,114
2024-04-22T23:00:00Z,0,2024-04-23,17,1,114
2024-04-23T00:00:00Z,0,2024-04-23,17,2,114
2024-04-23T01:00:00Z,0,2024-04-23,17,3,114
2024-04-23T02:00:00Z,0,2024-04-23,17,4,114
2024-04-23T03:00:00Z,0,2024-04-23,17,5,114
2024-04-23T04:00:00Z,0.028,2024-04-23,17,6,114
2024-04-23T05:00:00Z,0.144,2024-04-23,17,7,114
2024-04-23T06:00:00Z,0.298,2024-04-23,17,8,114
2024-04-23T07:00:00Z,0.441,2024-04-23,17,9,114
2024-04-23T08:00:00Z,0.495,2024-04-23,17,10,114
2024-04-23T09:00:00Z,0.497,2024-04-23,17,11,114
2024-04-23T10:00:00Z,0.448,2024-04-23,17,12,114
2024-04-23T11:00:00Z,0.37,2024-04-23,17,13,114
2024-04-23T12:00:00Z,0.283,2024-04-23,17,14,114
2024-04-23T13:00:00Z,0.206,2024-04-23,17,15,114
2024-04-23T14:00:00Z,0.146,2024-04-23,17,16,114
2024-04-23T15:00:00Z,0.091,2024-04-23,17,17,114
2024-04-23T16:00:00Z,0.052,2024-04-23,17,18,114
2024-04-23T17:00:00Z,0.018,2024-04-23,17,19,114
2024-04-23T18:00:00Z,0,2024-04-23,17,20,114
2024-04-23T19:00:00Z,0,2024-04-23,17,21,114
2024-04-23T20:00:00Z,0,2024-04-23,17,22,114
2024-04-23T21:00:00Z,0,2024-04-23,17,23,114
2024-04-23T22:00:00Z,0,2024-04-24,17,0,115
2024-04-23T23:00:00Z,0,2024-04-24,17,1,115
2024-04-24T00:00:00Z,0,2024-04-24,17,2,115
2024-04-24T01:00:00Z,0,2024-04-24,17,3,115
2024-04-24T02:00:00Z,0,2024-04-24,17,4,115
2024-04-24T03:00:00Z,0,2024-04-24,17,5,115
2024-04-24T04:00:00Z,0.006,2024-04-24,17,6,115
2024-04-24T05:00:00Z,0.049,2024-04-24,17,7,115
2024-04-24T06:00:00Z,0.125,2024-04-24,17,8,115
2024-04-24T07:00:00Z,0.22,2024-04-24,17,9,115
2024-04-24T08:00:00Z,0.329,2024-04-24,17,10,115
2024-04-24T09:00:00Z,0.424,2024-04-24,17,11,115
2024-04-24T10:00:00Z,0.458,2024-04-24,17,12,115
2024-04-24T11:00:00Z,0.433,2024-04-24,17,13,115
2024-04-24T12:00:00Z,0.376,2024-04-24,17,14,115
2024-04-24T13:00:00Z,0.317,2024-04-24,17,15,115
2024-04-24T14:00:00Z,0.251,2024-04-24,17,16,115
2024-04-24T15:00:00Z,0.176,2024-04-24,17,17,115
2024-04-24T16:00:00Z,0.1,2024-04-24,17,18,115
2024-04-24T17:00:00Z,0.036,2024-04-24,17,19,115
2024-04-24T18:00:00Z,0.001,2024-04-24,17,20,115
2024-04-24T19:00:00Z,0,2024-04-24,17,21,115
2024-04-24T20:00:00Z,0,2024-04-24,17,22,115
2024-04-24T21:00:00Z,0,2024-04-24,17,23,115
2024-04-24T22:00:00Z,0,2024-04-25,17,0,116
2024-04-24T23:00:00Z,0,2024-04-25,17,1,116
2024-04-25T00:00:00Z,0,2024-04-25,17,2,116
2024-04-25T01:00:00Z,0,2024-04-25,17,3,116
2024-04-25T02:00:00Z,0,2024-04-25,17,4,116
2024-04-25T03:00:00Z,0,2024-04-25,17,5,116
2024-04-25T04:00:00Z,0.01,2024-04-25,17,6,116
2024-04-25T05:00:00Z,0.054,2024-04-25,17,7,116
2024-04-25T06:00:00Z,0.116,2024-04-25,17,8,116
2024-04-25T07:00:00Z,0.183,2024-04-25,17,9,116
2024-04-25T08:00:00Z,0.249,2024-04-25,17,10,116
2024-04-25T09:00:00Z,0.291,2024-04-25,17,11,116
2024-04-25T10:00:00Z,0.321,2024-04-25,17,12,116
2024-04-25T11:00:00Z,0.323,2024-04-25,17,13,116
2024-04-25T12:00:00Z,0.281,2024-04-25,17,14,116
2024-04-25T13:00:00Z,0.237,2024-04-25,17,15,116
2024-04-25T14:00:00Z,0.175,2024-04-25,17,16,116
2024-04-25T15:00:00Z,0.118,2024-04-25,17,17,116
2024-04-25T16:00:00Z,0.066,2024-04-25,17,18,116
2024-04-25T17:00:00Z,0.023,2024-04-25,17,19,116
2024-04-25T18:00:00Z,0.001,2024-04-25,17,20,116
2024-04-25T19:00:00Z,0,2024-04-25,17,21,116
2024-04-25T20:00:00Z,0,2024-04-25,17,22,116
2024-04-25T21:00:00Z,0,2024-04-25,17,23,116
2024-04-25T22:00:00Z,0,2024-04-26,17,0,117
2024-04-25T23:00:00Z,0,2024-04-26,17,1,117
2024-04-26T00:00:00Z,0,2024-04-26,17,2,117
2024-04-26T01:00:00Z,0,2024-04-26,17,3,117
2024-04-26T02:00:00Z,0,2024-04-26,17,4,117
2024-04-26T03:00:00Z,0,2024-04-26,17,5,117
2024-04-26T04:00:00Z,0.009,2024-04-26,17,6,117
2024-04-26T05:00:00Z,0.052,2024-04-26,17,7,117
2024-04-26T06:00:00Z,0.106,2024-04-26,17,8,117
2024-04-26T07:00:00Z,0.155,2024-04-26,17,9,117
2024-04-26T08:00:00Z,0.188,2024-04-26,17,10,117
2024-04-26T09:00:00Z,0.214,2024-04-26,17,11,117
2024-04-26T10:00:00Z,0.223,2024-04-26,17,12,117
2024-04-26T11:00:00Z,0.228,2024-04-26,17,13,117
2024-04-26T12:00:00Z,0.226,2024-04-26,17,14,117
2024-04-26T13:00:00Z,0.203,2024-04-26,17,15,117
2024-04-26T14:00:00Z,0.185,2024-04-26,17,16,117
2024-04-26T15:00:00Z,0.148,2024-04-26,17,17,117
2024-04-26T16:00:00Z,0.096,2024-04-26,17,18,117
2024-04-26T17:00:00Z,0.044,2024-04-26,17,19,117
2024-04-26T18:00:00Z,0.003,2024-04-26,17,20,117
2024-04-26T19:00:00Z,0,2024-04-26,17,21,117
2024-04-26T20:00:00Z,0,2024-04-26,17,22,117
2024-04-26T21:00:00Z,0,2024-04-26,17,23,117
2024-04-26T22:00:00Z,0,2024-04-27,17,0,118
2024-04-26T23:00:00Z,0,2024-04-27,17,1,118
2024-04-27T00:00:00Z,0,2024-04-27,17,2,118
2024-04-27T01:00:00Z,0,2024-04-27,17,3,118
2024-04-27T02:00:00Z,0,2024-04-27,17,4,118
2024-04-27T03:00:00Z,0,2024-04-27,17,5,118
2024-04-27T04:00:00Z,0.019,2024-04-27,17,6,118
2024-04-27T05:00:00Z,0.084,2024-04-27,17,7,118
2024-04-27T06:00:00Z,0.182,2024-04-27,17,8,118
2024-04-27T07:00:00Z,0.305,2024-04-27,17,9,118
2024-04-27T08:00:00Z,0.458,2024-04-27,17,10,118
2024-04-27T09:00:00Z,0.551,2024-04-27,17,11,118
2024-04-27T10:00:00Z,0.597,2024-04-27,17,12,118
2024-04-27T11:00:00Z,0.585,2024-04-27,17,13,118
2024-04-27T12:00:00Z,0.538,2024-04-27,17,14,118
2024-04-27T13:00:00Z,0.429,2024-04-27,17,15,118
2024-04-27T14:00:00Z,0.274,2024-04-27,17,16,118
2024-04-27T15:00:00Z,0.154,2024-04-27,17,17,118
2024-04-27T16:00:00Z,0.072,2024-04-27,17,18,118
2024-04-27T17:00:00Z,0.022,2024-04-27,17,19,118
2024-04-27T18:00:00Z,0.001,2024-04-27,17,20,118
2024-04-27T19:00:00Z,0,2024-04-27,17,21,118
2024-04-27T20:00:00Z,0,2024-04-27,17,22,118
2024-04-27T21:00:00Z,0,2024-04-27,17,23,118
2024-04-27T22:00:00Z,0,2024-04-28,17,0,119
2024-04-27T23:00:00Z,0,2024-04-28,17,1,119
2024-04-28T00:00:00Z,0,2024-04-28,17,2,119
2024-04-28T01:00:00Z,0,2024-04-28,17,3,119
2024-04-28T02:00:00Z,0,2024-04-28,17,4,119
2024-04-28T03:00:00Z,0,2024-04-28,17,5,119
2024-04-28T04:00:00Z,0.015,2024-04-28,17,6,119
2024-04-28T05:00:00Z,0.081,2024-04-28,17,7,119
2024-04-28T06:00:00Z,0.179,2024-04-28,17,8,119
2024-04-28T07:00:00Z,0.289,2024-04-28,17,9,119
2024-04-28T08:00:00Z,0.383,2024-04-28,17,10,119
2024-04-28T09:00:00Z,0.431,2024-04-28,17,11,119
2024-04-28T10:00:00Z,0.418,2024-04-28,17,12,119
2024-04-28T11:00:00Z,0.379,2024-04-28,17,13,119
2024-04-28T12:00:00Z,0.367,2024-04-28,17,14,119
2024-04-28T13:00:00Z,0.315,2024-04-28,17,15,119
2024-04-28T14:00:00Z,0.222,2024-04-28,17,16,119
2024-04-28T15:00:00Z,0.122,2024-04-28,17,17,119
2024-04-28T16:00:00Z,0.065,2024-04-28,17,18,119
2024-04-28T17:00:00Z,0.032,2024-04-28,17,19,119
2024-04-28T18:00:00Z,0.002,2024-04-28,17,20,119
2024-04-28T19:00:00Z,0,2024-04-28,17,21,119
2024-04-28T20:00:00Z,0,2024-04-28,17,22,119
2024-04-28T21:00:00Z,0,2024-04-28,17,23,119
2024-04-28T22:00:00Z,0,2024-04-29,18,0,120
2024-04-28T23:00:00Z,0,2024-04-29,18,1,120
2024-04-29T00:00:00Z,0,2024-04-29,18,2,120
2024-04-29T01:00:00Z,0,2024-04-29,18,3,120
2024-04-29T02:00:00Z,0,2024-04-29,18,4,120
2024-04-29T03:00:00Z,0,2024-04-29,18,5,120
2024-04-29T04:00:00Z,0.031,2024-04-29,18,6,120
2024-04-29T05:00:00Z,0.132,2024-04-29,18,7,120
2024-04-29T06:00:00Z,0.283,2024-04-29,18,8,120
2024-04-29T07:00:00Z,0.453,2024-04-29,18,9,120
2024-04-29T08:00:00Z,0.576,2024-04-29,18,10,120
2024-04-29T09:00:00Z,0.646,2024-04-29,18,11,120
2024-04-29T10:00:00Z,0.673,2024-04-29,18,12,120
2024-04-29T11:00:00Z,0.655,2024-04-29,18,13,120
2024-04-29T12:00:00Z,0.586,2024-04-29,18,14,120
2024-04-29T13:00:00Z,0.475,2024-04-29,18,15,120
2024-04-29T14:00:00Z,0.355,2024-04-29,18,16,120
2024-04-29T15:00:00Z,0.233,2024-04-29,18,17,120
2024-04-29T16:00:00Z,0.139,2024-04-29,18,18,120
2024-04-29T17:00:00Z,0.058,2024-04-29,18,19,120
2024-04-29T18:00:00Z,0.007,2024-04-29,18,20,120
2024-04-29T19:00:00Z,0,2024-04-29,18,21,120
2024-04-29T20:00:00Z,0,2024-04-29,18,22,120
2024-04-29T21:00:00Z,0,2024-04-29,18,23,120
2024-04-29T22:00:00Z,0,2024-04-30,18,0,121
2024-04-29T23:00:00Z,0,2024-04-30,18,1,121
2024-04-30T00:00:00Z,0,2024-04-30,18,2,121
2024-04-30T01:00:00Z,0,2024-04-30,18,3,121
2024-04-30T02:00:00Z,0,2024-04-30,18,4,121
2024-04-30T03:00:00Z,0,2024-04-30,18,5,121
2024-04-30T04:00:00Z,0.018,2024-04-30,18,6,121
2024-04-30T05:00:00Z,0.073,2024-04-30,18,7,121
2024-04-30T06:00:00Z,0.149,2024-04-30,18,8,121
2024-04-30T07:00:00Z,0.253,2024-04-30,18,9,121
2024-04-30T08:00:00Z,0.352,2024-04-30,18,10,121
2024-04-30T09:00:00Z,0.417,2024-04-30,18,11,121
2024-04-30T10:00:00Z,0.409,2024-04-30,18,12,121
2024-04-30T11:00:00Z,0.387,2024-04-30,18,13,121
2024-04-30T12:00:00Z,0.345,2024-04-30,18,14,121
2024-04-30T13:00:00Z,0.292,2024-04-30,18,15,121
2024-04-30T14:00:00Z,0.224,2024-04-30,18,16,121
2024-04-30T15:00:00Z,0.151,2024-04-30,18,17,121
2024-04-30T16:00:00Z,0.097,2024-04-30,18,18,121
2024-04-30T17:00:00Z,0.046,2024-04-30,18,19,121
2024-04-30T18:00:00Z,0.005,2024-04-30,18,20,121
2024-04-30T19:00:00Z,0,2024-04-30,18,21,121
2024-04-30T20:00:00Z,0,2024-04-30,18,22,121
2024-04-30T21:00:00Z,0,2024-04-30,18,23,121
2024-04-30T22:00:00Z,0,2024-05-01,18,0,122
2024-04-30T23:00:00Z,0,2024-05-01,18,1,122
2024-05-01T00:00:00Z,0,2024-05-01,18,2,122
2024-05-01T01:00:00Z,0,2024-05-01,18,3,122
2024-05-01T02:00:00Z,0,2024-05-01,18,4,122
2024-05-01T03:00:00Z,0,2024-05-01,18,5,122
2024-05-01T04:00:00Z,0.034,2024-05-01,18,6,122
2024-05-01T05:00:00Z,0.144,2024-05-01,18,7,122
2024-05-01T06:00:00Z,0.285,2024-05-01,18,8,122
2024-05-01T07:00:00Z,0.424,2024-05-01,18,9,122
2024-05-01T08:00:00Z,0.532,2024-05-01,18,10,122
2024-05-01T09:00:00Z,0.599,2024-05-01,18,11,122
2024-05-01T10:00:00Z,0.623,2024-05-01,18,12,122
2024-05-01T11:00:00Z,0.613,2024-05-01,18,13,122
2024-05-01T12:00:00Z,0.563,2024-05-01,18,14,122
2024-05-01T13:00:00Z,0.489,2024-05-01,18,15,122
2024-05-01T14:00:00Z,0.39,2024-05-01,18,16,122
2024-05-01T15:00:00Z,0.279,2024-05-01,18,17,122
2024-05-01T16:00:00Z,0.166,2024-05-01,18,18,122
2024-05-01T17:00:00Z,0.071,2024-05-01,18,19,122
2024-05-01T18:00:00Z,0.011,2024-05-01,18,20,122
2024-05-01T19:00:00Z,0,2024-05-01,18,21,122
2024-05-01T20:00:00Z,0,2024-05-01,18,22,122
2024-05-01T21:00:00Z,0,2024-05-01,18,23,122
2024-05-01T22:00:00Z,0,2024-05-02,18,0,123
2024-05-01T23:00:00Z,0,2024-05-02,18,1,123
2024-05-02T00:00:00Z,0,2024-05-02,18,2,123
2024-05-02T01:00:00Z,0,2024-05-02,18,3,123
2024-05-02T02:00:00Z,0,2024-05-02,18,4,123
2024-05-02T03:00:00Z,0,2024-05-02,18,5,123
2024-05-02T04:00:00Z,0.041,2024-05-02,18,6,123
2024-05-02T05:00:00Z,0.149,2024-05-02,18,7,123
2024-05-02T06:00:00Z,0.294,2024-05-02,18,8,123
2024-05-02T07:00:00Z,0.443,2024-05-02,18,9,123
2024-05-02T08:00:00Z,0.562,2024-05-02,18,10,123
2024-05-02T09:00:00Z,0.638,2024-05-02,18,11,123
2024-05-02T10:00:00Z,0.67,2024-05-02,18,12,123
2024-05-02T11:00:00Z,0.659,2024-05-02,18,13,123
2024-05-02T12:00:00Z,0.613,2024-05-02,18,14,123
2024-05-02T13:00:00Z,0.528,2024-05-02,18,15,123
2024-05-02T14:00:00Z,0.412,2024-05-02,18,16,123
2024-05-02T15:00:00Z,0.291,2024-05-02,18,17,123
2024-05-02T16:00:00Z,0.173,2024-05-02,18,18,123
2024-05-02T17:00:00Z,0.075,2024-05-02,18,19,123
2024-05-02T18:00:00Z,0.012,2024-05-02,18,20,123
2024-05-02T19:00:00Z,0,2024-05-02,18,21,123
2024-05-02T20:00:00Z,0,2024-05-02,18,22,123
2024-05-02T21:00:00Z,0,2024-05-02,18,23,123
2024-05-02T22:00:00Z,0,2024-05-03,18,0,124
2024-05-02T23:00:00Z,0,2024-05-03,18,1,124
2024-05-03T00:00:00Z,0,2024-05-03,18,2,124
2024-05-03T01:00:00Z,0,2024-05-03,18,3,124
2024-05-03T02:00:00Z,0,2024-05-03,18,4,124
2024-05-03T03:00:00Z,0,2024-05-03,18,5,124
2024-05-03T04:00:00Z,0.031,2024-05-03,18,6,124
2024-05-03T05:00:00Z,0.114,2024-05-03,18,7,124
2024-05-03T06:00:00Z,0.233,2024-05-03,18,8,124
2024-05-03T07:00:00Z,0.373,2024-05-03,18,9,124
2024-05-03T08:00:00Z,0.484,2024-05-03,18,10,124
2024-05-03T09:00:00Z,0.551,2024-05-03,18,11,124
2024-05-03T10:00:00Z,0.576,2024-05-03,18,12,124
2024-05-03T11:00:00Z,0.572,2024-05-03,18,13,124
2024-05-03T12:00:00Z,0.543,2024-05-03,18,14,124
2024-05-03T13:00:00Z,0.471,2024-05-03,18,15,124
2024-05-03T14:00:00Z,0.366,2024-05-03,18,16,124
2024-05-03T15:00:00Z,0.262,2024-05-03,18,17,124
2024-05-03T16:00:00Z,0.155,2024-05-03,18,18,124
2024-05-03T17:00:00Z,0.065,2024-05-03,18,19,124
2024-05-03T18:00:00Z,0.01,2024-05-03,18,20,124
2024-05-03T19:00:00Z,0,2024-05-03,18,21,124
2024-05-03T20:00:00Z,0,2024-05-03,18,22,124
2024-05-03T21:00:00Z,0,2024-05-03,18,23,124
2024-05-03T22:00:00Z,0,2024-05-04,18,0,125
2024-05-03T23:00:00Z,0,2024-05-04,18,1,125
2024-05-04T00:00:00Z,0,2024-05-04,18,2,125
2024-05-04T01:00:00Z,0,2024-05-04,18,3,125
2024-05-04T02:00:00Z,0,2024-05-04,18,4,125
2024-05-04T03:00:00Z,0,2024-05-04,18,5,125
2024-05-04T04:00:00Z,0.018,2024-05-04,18,6,125
2024-05-04T05:00:00Z,0.069,2024-05-04,18,7,125
2024-05-04T06:00:00Z,0.13,2024-05-04,18,8,125
2024-05-04T07:00:00Z,0.185,2024-05-04,18,9,125
2024-05-04T08:00:00Z,0.239,2024-05-04,18,10,125
2024-05-04T09:00:00Z,0.292,2024-05-04,18,11,125
2024-05-04T10:00:00Z,0.346,2024-05-04,18,12,125
2024-05-04T11:00:00Z,0.387,2024-05-04,18,13,125
2024-05-04T12:00:00Z,0.379,2024-05-04,18,14,125
2024-05-04T13:00:00Z,0.357,2024-05-04,18,15,125
2024-05-04T14:00:00Z,0.288,2024-05-04,18,16,125
2024-05-04T15:00:00Z,0.203,2024-05-04,18,17,125
2024-05-04T16:00:00Z,0.123,2024-05-04,18,18,125
2024-05-04T17:00:00Z,0.056,2024-05-04,18,19,125
2024-05-04T18:00:00Z,0.009,2024-05-04,18,20,125
2024-05-04T19:00:00Z,0,2024-05-04,18,21,125
2024-05-04T20:00:00Z,0,2024-05-04,18,22,125
2024-05-04T21:00:00Z,0,2024-05-04,18,23,125
2024-05-04T22:00:00Z,0,2024-05-05,18,0,126
2024-05-04T23:00:00Z,0,2024-05-05,18,1,126
2024-05-05T00:00:00Z,0,2024-05-05,18,2,126
2024-05-05T01:00:00Z,0,2024-05-05,18,3,126
2024-05-05T02:00:00Z,0,2024-05-05,18,4,126
2024-05-05T03:00:00Z,0,2024-05-05,18,5,126
2024-05-05T04:00:00Z,0.03,2024-05-05,18,6,126
2024-05-05T05:00:00Z,0.09,2024-05-05,18,7,126
2024-05-05T06:00:00Z,0.145,2024-05-05,18,8,126
2024-05-05T07:00:00Z,0.184,2024-05-05,18,9,126
2024-05-05T08:00:00Z,0.213,2024-05-05,18,10,126
2024-05-05T09:00:00Z,0.242,2024-05-05,18,11,126
2024-05-05T10:00:00Z,0.252,2024-05-05,18,12,126
2024-05-05T11:00:00Z,0.26,2024-05-05,18,13,126
2024-05-05T12:00:00Z,0.26,2024-05-05,18,14,126
2024-05-05T13:00:00Z,0.252,2024-05-05,18,15,126
2024-05-05T14:00:00Z,0.193,2024-05-05,18,16,126
2024-05-05T15:00:00Z,0.128,2024-05-05,18,17,126
2024-05-05T16:00:00Z,0.072,2024-05-05,18,18,126
2024-05-05T17:00:00Z,0.031,2024-05-05,18,19,126
2024-05-05T18:00:00Z,0.004,2024-05-05,18,20,126
2024-05-05T19:00:00Z,0,2024-05-05,18,21,126
2024-05-05T20:00:00Z,0,2024-05-05,18,22,126
2024-05-05T21:00:00Z,0,2024-05-05,18,23,126
2024-05-05T22:00:00Z,0,2024-05-06,19,0,127
2024-05-05T23:00:00Z,0,2024-05-06,19,1,127
2024-05-06T00:00:00Z,0,2024-05-06,19,2,127
2024-05-06T01:00:00Z,0,2024-05-06,19,3,127
2024-05-06T02:00:00Z,0,2024-05-06,19,4,127
2024-05-06T03:00:00Z,0,2024-05-06,19,5,127
2024-05-06T04:00:00Z,0.02,2024-05-06,19,6,127
2024-05-06T05:00:00Z,0.082,2024-05-06,19,7,127
2024-05-06T06:00:00Z,0.166,2024-05-06,19,8,127
2024-05-06T07:00:00Z,0.238,2024-05-06,19,9,127
2024-05-06T08:00:00Z,0.294,2024-05-06,19,10,127
2024-05-06T09:00:00Z,0.334,2024-05-06,19,11,127
2024-05-06T10:00:00Z,0.372,2024-05-06,19,12,127
2024-05-06T11:00:00Z,0.374,2024-05-06,19,13,127
2024-05-06T12:00:00Z,0.361,2024-05-06,19,14,127
2024-05-06T13:00:00Z,0.292,2024-05-06,19,15,127
2024-05-06T14:00:00Z,0.226,2024-05-06,19,16,127
2024-05-06T15:00:00Z,0.167,2024-05-06,19,17,127
2024-05-06T16:00:00Z,0.111,2024-05-06,19,18,127
2024-05-06T17:00:00Z,0.057,2024-05-06,19,19,127
2024-05-06T18:00:00Z,0.011,2024-05-06,19,20,127
2024-05-06T19:00:00Z,0,2024-05-06,19,21,127
2024-05-06T20:00:00Z,0,2024-05-06,19,22,127
2024-05-06T21:00:00Z,0,2024-05-06,19,23,127
2024-05-06T22:00:00Z,0,2024-05-07,19,0,128
2024-05-06T23:00:00Z,0,2024-05-07,19,1,128
2024-05-07T00:00:00Z,0,2024-05-07,19,2,128
2024-05-07T01:00:00Z,0,2024-05-07,19,3,128
2024-05-07T02:00:00Z,0,2024-05-07,19,4,128
2024-05-07T03:00:00Z,0.001,2024-05-07,19,5,128
2024-05-07T04:00:00Z,0.055,2024-05-07,19,6,128
2024-05-07T05:00:00Z,0.159,2024-05-07,19,7,128
2024-05-07T06:00:00Z,0.285,2024-05-07,19,8,128
2024-05-07T07:00:00Z,0.414,2024-05-07,19,9,128
2024-05-07T08:00:00Z,0.532,2024-05-07,19,10,128
2024-05-07T09:00:00Z,0.619,2024-05-07,19,11,128
2024-05-07T10:00:00Z,0.663,2024-05-07,19,12,128
2024-05-07T11:00:00Z,0.663,2024-05-07,19,13,128
2024-05-07T12:00:00Z,0.617,2024-05-07,19,14,128
2024-05-07T13:00:00Z,0.53,2024-05-07,19,15,128
2024-05-07T14:00:00Z,0.411,2024-05-07,19,16,128
2024-05-07T15:00:00Z,0.29,2024-05-07,19,17,128
2024-05-07T16:00:00Z,0.173,2024-05-07,19,18,128
2024-05-07T17:00:00Z,0.077,2024-05-07,19,19,128
2024-05-07T18:00:00Z,0.017,2024-05-07,19,20,128
2024-05-07T19:00:00Z,0,2024-05-07,19,21,128
2024-05-07T20:00:00Z,0,2024-05-07,19,22,128
2024-05-07T21:00:00Z,0,2024-05-07,19,23,128
2024-05-07T22:00:00Z,0,2024-05-08,19,0,129
2024-05-07T23:00:00Z,0,2024-05-08,19,1,129
2024-05-08T00:00:00Z,0,2024-05-08,19,2,129
2024-05-08T01:00:00Z,0,2024-05-08,19,3,129
2024-05-08T02:00:00Z,0,2024-05-08,19,4,129
2024-05-08T03:00:00Z,0,2024-05-08,19,5,129
2024-05-08T04:00:00Z,0.038,2024-05-08,19,6,129
2024-05-08T05:00:00Z,0.131,2024-05-08,19,7,129
2024-05-08T06:00:00Z,0.244,2024-05-08,19,8,129
2024-05-08T07:00:00Z,0.353,2024-05-08,19,9,129
2024-05-08T08:00:00Z,0.434,2024-05-08,19,10,129
2024-05-08T09:00:00Z,0.51,2024-05-08,19,11,129
2024-05-08T10:00:00Z,0.557,2024-05-08,19,12,129
2024-05-08T11:00:00Z,0.564,2024-05-08,19,13,129
2024-05-08T12:00:00Z,0.499,2024-05-08,19,14,129
2024-05-08T13:00:00Z,0.402,2024-05-08,19,15,129
2024-05-08T14:00:00Z,0.331,2024-05-08,19,16,129
2024-05-08T15:00:00Z,0.24,2024-05-08,19,17,129
2024-05-08T16:00:00Z,0.141,2024-05-08,19,18,129
2024-05-08T17:00:00Z,0.069,2024-05-08,19,19,129
2024-05-08T18:00:00Z,0.016,2024-05-08,19,20,129
2024-05-08T19:00:00Z,0,2024-05-08,19,21,129
2024-05-08T20:00:00Z,0,2024-05-08,19,22,129
2024-05-08T21:00:00Z,0,2024-05-08,19,23,129
2024-05-08T22:00:00Z,0,2024-05-09,19,0,130
2024-05-08T23:00:00Z,0,2024-05-09,19,1,130
2024-05-09T00:00:00Z,0,2024-05-09,19,2,130
2024-05-09T01:00:00Z,0,2024-05-09,19,3,130
2024-05-09T02:00:00Z,0,2024-05-09,19,4,130
2024-05-09T03:00:00Z,0.001,2024-05-09,19,5,130
2024-05-09T04:00:00Z,0.039,2024-05-09,19,6,130
2024-05-09T05:00:00Z,0.113,2024-05-09,19,7,130
2024-05-09T06:00:00Z,0.217,2024-05-09,19,8,130
2024-05-09T07:00:00Z,0.297,2024-05-09,19,9,130
2024-05-09T08:00:00Z,0.347,2024-05-09,19,10,130
2024-05-09T09:00:00Z,0.386,2024-05-09,19,11,130
2024-05-09T10:00:00Z,0.434,2024-05-09,19,12,130
2024-05-09T11:00:00Z,0.434,2024-05-09,19,13,130
2024-05-09T12:00:00Z,0.367,2024-05-09,19,14,130
2024-05-09T13:00:00Z,0.273,2024-05-09,19,15,130
2024-05-09T14:00:00Z,0.187,2024-05-09,19,16,130
2024-05-09T15:00:00Z,0.115,2024-05-09,19,17,130
2024-05-09T16:00:00Z,0.061,2024-05-09,19,18,130
2024-05-09T17:00:00Z,0.028,2024-05-09,19,19,130
2024-05-09T18:00:00Z,0.007,2024-05-09,19,20,130
2024-05-09T19:00:00Z,0,2024-05-09,19,21,130
2024-05-09T20:00:00Z,0,2024-05-09,19,22,130
2024-05-09T21:00:00Z,0,2024-05-09,19,23,130
2024-05-09T22:00:00Z,0,2024-05-10,19,0,131
2024-05-09T23:00:00Z,0,2024-05-10,19,1,131
2024-05-10T00:00:00Z,0,2024-05-10,19,2,131
2024-05-10T01:00:00Z,0,2024-05-10,19,3,131
2024-05-10T02:00:00Z,0,2024-05-10,19,4,131
2024-05-10T03:00:00Z,0.001,2024-05-10,19,5,131
2024-05-10T04:00:00Z,0.046,2024-05-10,19,6,131
2024-05-10T05:00:00Z,0.133,2024-05-10,19,7,131
2024-05-10T06:00:00Z,0.247,2024-05-10,19,8,131
2024-05-10T07:00:00Z,0.362,2024-05-10,19,9,131
2024-05-10T08:00:00Z,0.439,2024-05-10,19,10,131
2024-05-10T09:00:00Z,0.451,2024-05-10,19,11,131
2024-05-10T10:00:00Z,0.469,2024-05-10,19,12,131
2024-05-10T11:00:00Z,0.442,2024-05-10,19,13,131
2024-05-10T12:00:00Z,0.395,2024-05-10,19,14,131
2024-05-10T13:00:00Z,0.323,2024-05-10,19,15,131
2024-05-10T14:00:00Z,0.236,2024-05-10,19,16,131
2024-05-10T15:00:00Z,0.153,2024-05-10,19,17,131
2024-05-10T16:00:00Z,0.085,2024-05-10,19,18,131
2024-05-10T17:00:00Z,0.038,2024-05-10,19,19,131
2024-05-10T18:00:00Z,0.009,2024-05-10,19,20,131
2024-05-10T19:00:00Z,0,2024-05-10,19,21,131
2024-05-10T20:00:00Z,0,2024-05-10,19,22,131
2024-05-10T21:00:00Z,0,2024-05-10,19,23,131
2024-05-10T22:00:00Z,0,2024-05-11,19,0,132
2024-05-10T23:00:00Z,0,2024-05-11,19,1,132
2024-05-11T00:00:00Z,0,2024-05-11,19,2,132
2024-05-11T01:00:00Z,0,2024-05-11,19,3,132
2024-05-11T02:00:00Z,0,2024-05-11,19,4,132
2024-05-11T03:00:00Z,0.003,2024-05-11,19,5,132
2024-05-11T04:00:00Z,0.074,2024-05-11,19,6,132
2024-05-11T05:00:00Z,0.198,2024-05-11,19,7,132
2024-05-11T06:00:00Z,0.334,2024-05-11,19,8,132
2024-05-11T07:00:00Z,0.464,2024-05-11,19,9,132
2024-05-11T08:00:00Z,0.564,2024-05-11,19,10,132
2024-05-11T09:00:00Z,0.631,2024-05-11,19,11,132
2024-05-11T10:00:00Z,0.652,2024-05-11,19,12,132
2024-05-11T11:00:00Z,0.637,2024-05-11,19,13,132
2024-05-11T12:00:00Z,0.583,2024-05-11,19,14,132
2024-05-11T13:00:00Z,0.505,2024-05-11,19,15,132
2024-05-11T14:00:00Z,0.396,2024-05-11,19,16,132
2024-05-11T15:00:00Z,0.276,2024-05-11,19,17,132
2024-05-11T16:00:00Z,0.174,2024-05-11,19,18,132
2024-05-11T17:00:00Z,0.088,2024-05-11,19,19,132
2024-05-11T18:00:00Z,0.024,2024-05-11,19,20,132
2024-05-11T19:00:00Z,0,2024-05-11,19,21,132
2024-05-11T20:00:00Z,0,2024-05-11,19,22,132
2024-05-11T21:00:00Z,0,2024-05-11,19,23,132
2024-05-11T22:00:00Z,0,2024-05-12,19,0,133
2024-05-11T23:00:00Z,0,2024-05-12,19,1,133
2024-05-12T00:00:00Z,0,2024-05-12,19,2,133
2024-05-12T01:00:00Z,0,2024-05-12,19,3,133
2024-05-12T02:00:00Z,0,2024-05-12,19,4,133
2024-05-12T03:00:00Z,0.006,2024-05-12,19,5,133
2024-05-12T04:00:00Z,0.081,2024-05-12,19,6,133
2024-05-12T05:00:00Z,0.204,2024-05-12,19,7,133
2024-05-12T06:00:00Z,0.346,2024-05-12,19,8,133
2024-05-12T07:00:00Z,0.485,2024-05-12,19,9,133
2024-05-12T08:00:00Z,0.593,2024-05-12,19,10,133
2024-05-12T09:00:00Z,0.665,2024-05-12,19,11,133
2024-05-12T10:00:00Z,0.695,2024-05-12,19,12,133
2024-05-12T11:00:00Z,0.687,2024-05-12,19,13,133
2024-05-12T12:00:00Z,0.64,2024-05-12,19,14,133
2024-05-12T13:00:00Z,0.557,2024-05-12,19,15,133
2024-05-12T14:00:00Z,0.44,2024-05-12,19,16,133
2024-05-12T15:00:00Z,0.316,2024-05-12,19,17,133
2024-05-12T16:00:00Z,0.195,2024-05-12,19,18,133
2024-05-12T17:00:00Z,0.091,2024-05-12,19,19,133
2024-05-12T18:00:00Z,0.027,2024-05-12,19,20,133
2024-05-12T19:00:00Z,0,2024-05-12,19,21,133
2024-05-12T20:00:00Z,0,2024-05-12,19,22,133
2024-05-12T21:00:00Z,0,2024-05-12,19,23,133
2024-05-12T22:00:00Z,0,2024-05-13,20,0,134
2024-05-12T23:00:00Z,0,2024-05-13,20,1,134
2024-05-13T00:00:00Z,0,2024-05-13,20,2,134
2024-05-13T01:00:00Z,0,2024-05-13,20,3,134
2024-05-13T02:00:00Z,0,2024-05-13,20,4,134
2024-05-13T03:00:00Z,0.007,2024-05-13,20,5,134
2024-05-13T04:00:00Z,0.087,2024-05-13,20,6,134
2024-05-13T05:00:00Z,0.213,2024-05-13,20,7,134
2024-05-13T06:00:00Z,0.355,2024-05-13,20,8,134
2024-05-13T07:00:00Z,0.493,2024-05-13,20,9,134
2024-05-13T08:00:00Z,0.6,2024-05-13,20,10,134
2024-05-13T09:00:00Z,0.67,2024-05-13,20,11,134
2024-05-13T10:00:00Z,0.699,2024-05-13,20,12,134
2024-05-13T11:00:00Z,0.689,2024-05-13,20,13,134
2024-05-13T12:00:00Z,0.641,2024-05-13,20,14,134
2024-05-13T13:00:00Z,0.556,2024-05-13,20,15,134
2024-05-13T14:00:00Z,0.438,2024-05-13,20,16,134
2024-05-13T15:00:00Z,0.314,2024-05-13,20,17,134
2024-05-13T16:00:00Z,0.194,2024-05-13,20,18,134
2024-05-13T17:00:00Z,0.091,2024-05-13,20,19,134
2024-05-13T18:00:00Z,0.028,2024-05-13,20,20,134
2024-05-13T19:00:00Z,0,2024-05-13,20,21,134
2024-05-13T20:00:00Z,0,2024-05-13,20,22,134
2024-05-13T21:00:00Z,0,2024-05-13,20,23,134
2024-05-13T22:00:00Z,0,2024-05-14,20,0,135
2024-05-13T23:00:00Z,0,2024-05-14,20,1,135
2024-05-14T00:00:00Z,0,2024-05-14,20,2,135
2024-05-14T01:00:00Z,0,2024-05-14,20,3,135
2024-05-14T02:00:00Z,0,2024-05-14,20,4,135
2024-05-14T03:00:00Z,0.009,2024-05-14,20,5,135
2024-05-14T04:00:00Z,0.09,2024-05-14,20,6,135
2024-05-14T05:00:00Z,0.216,2024-05-14,20,7,135
2024-05-14T06:00:00Z,0.358,2024-05-14,20,8,135
2024-05-14T07:00:00Z,0.494,2024-05-14,20,9,135
2024-05-14T08:00:00Z,0.6,2024-05-14,20,10,135
2024-05-14T09:00:00Z,0.669,2024-05-14,20,11,135
2024-05-14T10:00:00Z,0.698,2024-05-14,20,12,135
2024-05-14T11:00:00Z,0.688,2024-05-14,20,13,135
2024-05-14T12:00:00Z,0.641,2024-05-14,20,14,135
2024-05-14T13:00:00Z,0.557,2024-05-14,20,15,135
2024-05-14T14:00:00Z,0.439,2024-05-14,20,16,135
2024-05-14T15:00:00Z,0.315,2024-05-14,20,17,135
2024-05-14T16:00:00Z,0.194,2024-05-14,20,18,135
2024-05-14T17:00:00Z,0.091,2024-05-14,20,19,135
2024-05-14T18:00:00Z,0.029,2024-05-14,20,20,135
2024-05-14T19:00:00Z,0,2024-05-14,20,21,135
2024-05-14T20:00:00Z,0,2024-05-14,20,22,135
2024-05-14T21:00:00Z,0,2024-05-14,20,23,135
2024-05-14T22:00:00Z,0,2024-05-15,20,0,136
2024-05-14T23:00:00Z,0,2024-05-15,20,1,136
2024-05-15T00:00:00Z,0,2024-05-15,20,2,136
2024-05-15T01:00:00Z,0,2024-05-15,20,3,136
2024-05-15T02:00:00Z,0,2024-05-15,20,4,136
2024-05-15T03:00:00Z,0.009,2024-05-15,20,5,136
2024-05-15T04:00:00Z,0.09,2024-05-15,20,6,136
2024-05-15T05:00:00Z,0.214,2024-05-15,20,7,136
2024-05-15T06:00:00Z,0.353,2024-05-15,20,8,136
2024-05-15T07:00:00Z,0.487,2024-05-15,20,9,136
2024-05-15T08:00:00Z,0.591,2024-05-15,20,10,136
2024-05-15T09:00:00Z,0.658,2024-05-15,20,11,136
2024-05-15T10:00:00Z,0.686,2024-05-15,20,12,136
2024-05-15T11:00:00Z,0.677,2024-05-15,20,13,136
2024-05-15T12:00:00Z,0.63,2024-05-15,20,14,136
2024-05-15T13:00:00Z,0.548,2024-05-15,20,15,136
2024-05-15T14:00:00Z,0.434,2024-05-15,20,16,136
2024-05-15T15:00:00Z,0.312,2024-05-15,20,17,136
2024-05-15T16:00:00Z,0.194,2024-05-15,20,18,136
2024-05-15T17:00:00Z,0.092,2024-05-15,20,19,136
2024-05-15T18:00:00Z,0.03,2024-05-15,20,20,136
2024-05-15T19:00:00Z,0,2024-05-15,20,21,136
2024-05-15T20:00:00Z,0,2024-05-15,20,22,136
2024-05-15T21:00:00Z,0,2024-05-15,20,23,136
2024-05-15T22:00:00Z,0,2024-05-16,20,0,137
2024-05-15T23:00:00Z,0,2024-05-16,20,1,137
2024-05-16T00:00:00Z,0,2024-05-16,20,2,137
2024-05-16T01:00:00Z,0,2024-05-16,20,3,137
2024-05-16T02:00:00Z,0,2024-05-16,20,4,137
2024-05-16T03:00:00Z,0.01,2024-05-16,20,5,137
2024-05-16T04:00:00Z,0.091,2024-05-16,20,6,137
2024-05-16T05:00:00Z,0.214,2024-05-16,20,7,137
2024-05-16T06:00:00Z,0.353,2024-05-16,20,8,137
2024-05-16T07:00:00Z,0.489,2024-05-16,20,9,137
2024-05-16T08:00:00Z,0.595,2024-05-16,20,10,137
2024-05-16T09:00:00Z,0.666,2024-05-16,20,11,137
2024-05-16T10:00:00Z,0.695,2024-05-16,20,12,137
2024-05-16T11:00:00Z,0.687,2024-05-16,20,13,137
2024-05-16T12:00:00Z,0.638,2024-05-16,20,14,137
2024-05-16T13:00:00Z,0.553,2024-05-16,20,15,137
2024-05-16T14:00:00Z,0.434,2024-05-16,20,16,137
2024-05-16T15:00:00Z,0.312,2024-05-16,20,17,137
2024-05-16T16:00:00Z,0.195,2024-05-16,20,18,137
2024-05-16T17:00:00Z,0.093,2024-05-16,20,19,137
2024-05-16T18:00:00Z,0.03,2024-05-16,20,20,137
2024-05-16T19:00:00Z,0,2024-05-16,20,21,137
2024-05-16T20:00:00Z,0,2024-05-16,20,22,137
2024-05-16T21:00:00Z,0,2024-05-16,20,23,137
2024-05-16T22:00:00Z,0,2024-05-17,20,0,138
2024-05-16T23:00:00Z,0,2024-05-17,20,1,138
2024-05-17T00:00:00Z,0,2024-05-17,20,2,138
2024-05-17T01:00:00Z,0,2024-05-17,20,3,138
2024-05-17T02:00:00Z,0,2024-05-17,20,4,138
2024-05-17T03:00:00Z,0.011,2024-05-17,20,5,138
2024-05-17T04:00:00Z,0.089,2024-05-17,20,6,138
2024-05-17T05:00:00Z,0.21,2024-05-17,20,7,138
2024-05-17T06:00:00Z,0.337,2024-05-17,20,8,138
2024-05-17T07:00:00Z,0.451,2024-05-17,20,9,138
2024-05-17T08:00:00Z,0.535,2024-05-17,20,10,138
2024-05-17T09:00:00Z,0.615,2024-05-17,20,11,138
2024-05-17T10:00:00Z,0.657,2024-05-17,20,12,138
2024-05-17T11:00:00Z,0.667,2024-05-17,20,13,138
2024-05-17T12:00:00Z,0.634,2024-05-17,20,14,138
2024-05-17T13:00:00Z,0.555,2024-05-17,20,15,138
2024-05-17T14:00:00Z,0.443,2024-05-17,20,16,138
2024-05-17T15:00:00Z,0.322,2024-05-17,20,17,138
2024-05-17T16:00:00Z,0.201,2024-05-17,20,18,138
2024-05-17T17:00:00Z,0.096,2024-05-17,20,19,138
2024-05-17T18:00:00Z,0.032,2024-05-17,20,20,138
2024-05-17T19:00:00Z,0,2024-05-17,20,21,138
2024-05-17T20:00:00Z,0,2024-05-17,20,22,138
2024-05-17T21:00:00Z,0,2024-05-17,20,23,138
2024-05-17T22:00:00Z,0,2024-05-18,20,0,139
2024-05-17T23:00:00Z,0,2024-05-18,20,1,139
2024-05-18T00:00:00Z,0,2024-05-18,20,2,139
2024-05-18T01:00:00Z,0,2024-05-18,20,3,139
2024-05-18T02:00:00Z,0,2024-05-18,20,4,139
2024-05-18T03:00:00Z,0.013,2024-05-18,20,5,139
2024-05-18T04:00:00Z,0.096,2024-05-18,20,6,139
2024-05-18T05:00:00Z,0.22,2024-05-18,20,7,139
2024-05-18T06:00:00Z,0.358,2024-05-18,20,8,139
2024-05-18T07:00:00Z,0.493,2024-05-18,20,9,139
2024-05-18T08:00:00Z,0.598,2024-05-18,20,10,139
2024-05-18T09:00:00Z,0.665,2024-05-18,20,11,139
2024-05-18T10:00:00Z,0.692,2024-05-18,20,12,139
2024-05-18T11:00:00Z,0.681,2024-05-18,20,13,139
2024-05-18T12:00:00Z,0.633,2024-05-18,20,14,139
2024-05-18T13:00:00Z,0.55,2024-05-18,20,15,139
2024-05-18T14:00:00Z,0.435,2024-05-18,20,16,139
2024-05-18T15:00:00Z,0.313,2024-05-18,20,17,139
2024-05-18T16:00:00Z,0.195,2024-05-18,20,18,139
2024-05-18T17:00:00Z,0.094,2024-05-18,20,19,139
2024-05-18T18:00:00Z,0.032,2024-05-18,20,20,139
2024-05-18T19:00:00Z,0,2024-05-18,20,21,139
2024-05-18T20:00:00Z,0,2024-05-18,20,22,139
2024-05-18T21:00:00Z,0,2024-05-18,20,23,139
2024-05-18T22:00:00Z,0,2024-05-19,20,0,140
2024-05-18T23:00:00Z,0,2024-05-19,20,1,140
2024-05-19T00:00:00Z,0,2024-05-19,20,2,140
2024-05-19T01:00:00Z,0,2024-05-19,20,3,140
2024-05-19T02:00:00Z,0,2024-05-19,20,4,140
2024-05-19T03:00:00Z,0.01,2024-05-19,20,5,140
2024-05-19T04:00:00Z,0.085,2024-05-19,20,6,140
2024-05-19T05:00:00Z,0.201,2024-05-19,20,7,140
2024-05-19T06:00:00Z,0.325,2024-05-19,20,8,140
2024-05-19T07:00:00Z,0.445,2024-05-19,20,9,140
2024-05-19T08:00:00Z,0.541,2024-05-19,20,10,140
2024-05-19T09:00:00Z,0.618,2024-05-19,20,11,140
2024-05-19T10:00:00Z,0.663,2024-05-19,20,12,140
2024-05-19T11:00:00Z,0.659,2024-05-19,20,13,140
2024-05-19T12:00:00Z,0.614,2024-05-19,20,14,140
2024-05-19T13:00:00Z,0.534,2024-05-19,20,15,140
2024-05-19T14:00:00Z,0.422,2024-05-19,20,16,140
2024-05-19T15:00:00Z,0.304,2024-05-19,20,17,140
2024-05-19T16:00:00Z,0.191,2024-05-19,20,18,140
2024-05-19T17:00:00Z,0.095,2024-05-19,20,19,140
2024-05-19T18:00:00Z,0.033,2024-05-19,20,20,140
2024-05-19T19:00:00Z,0,2024-05-19,20,21,140
2024-05-19T20:00:00Z,0,2024-05-19,20,22,140
2024-05-19T21:00:00Z,0,2024-05-19,20,23,140
2024-05-19T22:00:00Z,0,2024-05-20,21,0,141
2024-05-19T23:00:00Z,0,2024-05-20,21,1,141
2024-05-20T00:00:00Z,0,2024-05-20,21,2,141
2024-05-20T01:00:00Z,0,2024-05-20,21,3,141
2024-05-20T02:00:00Z,0,2024-05-20,21,4,141
2024-05-20T03:00:00Z,0.012,2024-05-20,21,5,141
2024-05-20T04:00:00Z,0.092,2024-05-20,21,6,141
2024-05-20T05:00:00Z,0.21,2024-05-20,21,7,141
2024-05-20T06:00:00Z,0.343,2024-05-20,21,8,141
2024-05-20T07:00:00Z,0.473,2024-05-20,21,9,141
2024-05-20T08:00:00Z,0.573,2024-05-20,21,10,141
2024-05-20T09:00:00Z,0.641,2024-05-20,21,11,141
2024-05-20T10:00:00Z,0.669,2024-05-20,21,12,141
2024-05-20T11:00:00Z,0.659,2024-05-20,21,13,141
2024-05-20T12:00:00Z,0.611,2024-05-20,21,14,141
2024-05-20T13:00:00Z,0.531,2024-05-20,21,15,141
2024-05-20T14:00:00Z,0.421,2024-05-20,21,16,141
2024-05-20T15:00:00Z,0.303,2024-05-20,21,17,141
2024-05-20T16:00:00Z,0.192,2024-05-20,21,18,141
2024-05-20T17:00:00Z,0.096,2024-05-20,21,19,141
2024-05-20T18:00:00Z,0.034,2024-05-20,21,20,141
2024-05-20T19:00:00Z,0,2024-05-20,21,21,141
2024-05-20T20:00:00Z,0,2024-05-20,21,22,141
2024-05-20T21:00:00Z,0,2024-05-20,21,23,141
2024-05-20T22:00:00Z,0,2024-05-21,21,0,142
2024-05-20T23:00:00Z,0,2024-05-21,21,1,142
2024-05-21T00:00:00Z,0,2024-05-21,21,2,142
2024-05-21T01:00:00Z,0,2024-05-21,21,3,142
2024-05-21T02:00:00Z,0,2024-05-21,21,4,142
2024-05-21T03:00:00Z,0.013,2024-05-21,21,5,142
2024-05-21T04:00:00Z,0.092,2024-05-21,21,6,142
2024-05-21T05:00:00Z,0.211,2024-05-21,21,7,142
2024-05-21T06:00:00Z,0.344,2024-05-21,21,8,142
2024-05-21T07:00:00Z,0.476,2024-05-21,21,9,142
2024-05-21T08:00:00Z,0.58,2024-05-21,21,10,142
2024-05-21T09:00:00Z,0.651,2024-05-21,21,11,142
2024-05-21T10:00:00Z,0.68,2024-05-21,21,12,142
2024-05-21T11:00:00Z,0.672,2024-05-21,21,13,142
2024-05-21T12:00:00Z,0.625,2024-05-21,21,14,142
2024-05-21T13:00:00Z,0.544,2024-05-21,21,15,142
2024-05-21T14:00:00Z,0.431,2024-05-21,21,16,142
2024-05-21T15:00:00Z,0.309,2024-05-21,21,17,142
2024-05-21T16:00:00Z,0.194,2024-05-21,21,18,142
2024-05-21T17:00:00Z,0.097,2024-05-21,21,19,142
2024-05-21T18:00:00Z,0.035,2024-05-21,21,20,142
2024-05-21T19:00:00Z,0.001,2024-05-21,21,21,142
2024-05-21T20:00:00Z,0,2024-05-21,21,22,142
2024-05-21T21:00:00Z,0,2024-05-21,21,23,142
2024-05-21T22:00:00Z,0,2024-05-22,21,0,143
2024-05-21T23:00:00Z,0,2024-05-22,21,1,143
2024-05-22T00:00:00Z,0,2024-05-22,21,2,143
2024-05-22T01:00:00Z,0,2024-05-22,21,3,143
2024-05-22T02:00:00Z,0,2024-05-22,21,4,143
2024-05-22T03:00:00Z,0.01,2024-05-22,21,5,143
2024-05-22T04:00:00Z,0.072,2024-05-22,21,6,143
2024-05-22T05:00:00Z,0.166,2024-05-22,21,7,143
2024-05-22T06:00:00Z,0.282,2024-05-22,21,8,143
2024-05-22T07:00:00Z,0.398,2024-05-22,21,9,143
2024-05-22T08:00:00Z,0.499,2024-05-22,21,10,143
2024-05-22T09:00:00Z,0.537,2024-05-22,21,11,143
2024-05-22T10:00:00Z,0.54,2024-05-22,21,12,143
2024-05-22T11:00:00Z,0.528,2024-05-22,21,13,143
2024-05-22T12:00:00Z,0.481,2024-05-22,21,14,143
2024-05-22T13:00:00Z,0.416,2024-05-22,21,15,143
2024-05-22T14:00:00Z,0.346,2024-05-22,21,16,143
2024-05-22T15:00:00Z,0.27,2024-05-22,21,17,143
2024-05-22T16:00:00Z,0.179,2024-05-22,21,18,143
2024-05-22T17:00:00Z,0.093,2024-05-22,21,19,143
2024-05-22T18:00:00Z,0.033,2024-05-22,21,20,143
2024-05-22T19:00:00Z,0.001,2024-05-22,21,21,143
2024-05-22T20:00:00Z,0,2024-05-22,21,22,143
2024-05-22T21:00:00Z,0,2024-05-22,21,23,143
2024-05-22T22:00:00Z,0,2024-05-23,21,0,144
2024-05-22T23:00:00Z,0,2024-05-23,21,1,144
2024-05-23T00:00:00Z,0,2024-05-23,21,2,144
2024-05-23T01:00:00Z,0,2024-05-23,21,3,144
2024-05-23T02:00:00Z,0,2024-05-23,21,4,144
2024-05-23T03:00:00Z,0.01,2024-05-23,21,5,144
2024-05-23T04:00:00Z,0.075,2024-05-23,21,6,144
2024-05-23T05:00:00Z,0.151,2024-05-23,21,7,144
2024-05-23T06:00:00Z,0.207,2024-05-23,21,8,144
2024-05-23T07:00:00Z,0.262,2024-05-23,21,9,144
2024-05-23T08:00:00Z,0.309,2024-05-23,21,10,144
2024-05-23T09:00:00Z,0.324,2024-05-23,21,11,144
2024-05-23T10:00:00Z,0.318,2024-05-23,21,12,144
2024-05-23T11:00:00Z,0.289,2024-05-23,21,13,144
2024-05-23T12:00:00Z,0.234,2024-05-23,21,14,144
2024-05-23T13:00:00Z,0.218,2024-05-23,21,15,144
2024-05-23T14:00:00Z,0.193,2024-05-23,21,16,144
2024-05-23T15:00:00Z,0.161,2024-05-23,21,17,144
2024-05-23T16:00:00Z,0.113,2024-05-23,21,18,144
2024-05-23T17:00:00Z,0.066,2024-05-23,21,19,144
2024-05-23T18:00:00Z,0.025,2024-05-23,21,20,144
2024-05-23T19:00:00Z,0,2024-05-23,21,21,144
2024-05-23T20:00:00Z,0,2024-05-23,21,22,144
2024-05-23T21:00:00Z,0,2024-05-23,21,23,144
2024-05-23T22:00:00Z,0,2024-05-24,21,0,145
2024-05-23T23:00:00Z,0,2024-05-24,21,1,145
2024-05-24T00:00:00Z,0,2024-05-24,21,2,145
2024-05-24T01:00:00Z,0,2024-05-24,21,3,145
2024-05-24T02:00:00Z,0,2024-05-24,21,4,145
2024-05-24T03:00:00Z,0.014,2024-05-24,21,5,145
2024-05-24T04:00:00Z,0.089,2024-05-24,21,6,145
2024-05-24T05:00:00Z,0.207,2024-05-24,21,7,145
2024-05-24T06:00:00Z,0.34,2024-05-24,21,8,145
2024-05-24T07:00:00Z,0.464,2024-05-24,21,9,145
2024-05-24T08:00:00Z,0.556,2024-05-24,21,10,145
2024-05-24T09:00:00Z,0.621,2024-05-24,21,11,145
2024-05-24T10:00:00Z,0.656,2024-05-24,21,12,145
2024-05-24T11:00:00Z,0.65,2024-05-24,21,13,145
2024-05-24T12:00:00Z,0.609,2024-05-24,21,14,145
2024-05-24T13:00:00Z,0.537,2024-05-24,21,15,145
2024-05-24T14:00:00Z,0.426,2024-05-24,21,16,145
2024-05-24T15:00:00Z,0.303,2024-05-24,21,17,145
2024-05-24T16:00:00Z,0.187,2024-05-24,21,18,145
2024-05-24T17:00:00Z,0.091,2024-05-24,21,19,145
2024-05-24T18:00:00Z,0.033,2024-05-24,21,20,145
2024-05-24T19:00:00Z,0.001,2024-05-24,21,21,145
2024-05-24T20:00:00Z,0,2024-05-24,21,22,145
2024-05-24T21:00:00Z,0,2024-05-24,21,23,145
2024-05-24T22:00:00Z,0,2024-05-25,21,0,146
2024-05-24T23:00:00Z,0,2024-05-25,21,1,146
2024-05-25T00:00:00Z,0,2024-05-25,21,2,146
2024-05-25T01:00:00Z,0,2024-05-25,21,3,146
2024-05-25T02:00:00Z,0,2024-05-25,21,4,146
2024-05-25T03:00:00Z,0.016,2024-05-25,21,5,146
2024-05-25T04:00:00Z,0.093,2024-05-25,21,6,146
2024-05-25T05:00:00Z,0.199,2024-05-25,21,7,146
2024-05-25T06:00:00Z,0.321,2024-05-25,21,8,146
2024-05-25T07:00:00Z,0.444,2024-05-25,21,9,146
2024-05-25T08:00:00Z,0.529,2024-05-25,21,10,146
2024-05-25T09:00:00Z,0.583,2024-05-25,21,11,146
2024-05-25T10:00:00Z,0.586,2024-05-25,21,12,146
2024-05-25T11:00:00Z,0.556,2024-05-25,21,13,146
2024-05-25T12:00:00Z,0.498,2024-05-25,21,14,146
2024-05-25T13:00:00Z,0.417,2024-05-25,21,15,146
2024-05-25T14:00:00Z,0.321,2024-05-25,21,16,146
2024-05-25T15:00:00Z,0.224,2024-05-25,21,17,146
2024-05-25T16:00:00Z,0.15,2024-05-25,21,18,146
2024-05-25T17:00:00Z,0.088,2024-05-25,21,19,146
2024-05-25T18:00:00Z,0.033,2024-05-25,21,20,146
2024-05-25T19:00:00Z,0.001,2024-05-25,21,21,146
2024-05-25T20:00:00Z,0,2024-05-25,21,22,146
2024-05-25T21:00:00Z,0,2024-05-25,21,23,146
2024-05-25T22:00:00Z,0,2024-05-26,21,0,147
2024-05-25T23:00:00Z,0,2024-05-26,21,1,147
2024-05-26T00:00:00Z,0,2024-05-26,21,2,147
2024-05-26T01:00:00Z,0,2024-05-26,21,3,147
2024-05-26T02:00:00Z,0,2024-05-26,21,4,147
2024-05-26T03:00:00Z,0.009,2024-05-26,21,5,147
2024-05-26T04:00:00Z,0.066,2024-05-26,21,6,147
2024-05-26T05:00:00Z,0.153,2024-05-26,21,7,147
2024-05-26T06:00:00Z,0.256,2024-05-26,21,8,147
2024-05-26T07:00:00Z,0.338,2024-05-26,21,9,147
2024-05-26T08:00:00Z,0.385,2024-05-26,21,10,147
2024-05-26T09:00:00Z,0.419,2024-05-26,21,11,147
2024-05-26T10:00:00Z,0.42,2024-05-26,21,12,147
2024-05-26T11:00:00Z,0.383,2024-05-26,21,13,147
2024-05-26T12:00:00Z,0.32,2024-05-26,21,14,147
2024-05-26T13:00:00Z,0.27,2024-05-26,21,15,147
2024-05-26T14:00:00Z,0.21,2024-05-26,21,16,147
2024-05-26T15:00:00Z,0.157,2024-05-26,21,17,147
2024-05-26T16:00:00Z,0.098,2024-05-26,21,18,147
2024-05-26T17:00:00Z,0.05,2024-05-26,21,19,147
2024-05-26T18:00:00Z,0.017,2024-05-26,21,20,147
2024-05-26T19:00:00Z,0,2024-05-26,21,21,147
2024-05-26T20:00:00Z,0,2024-05-26,21,22,147
2024-05-26T21:00:00Z,0,2024-05-26,21,23,147
2024-05-26T22:00:00Z,0,2024-05-27,22,0,148
2024-05-26T23:00:00Z,0,2024-05-27,22,1,148
2024-05-27T00:00:00Z,0,2024-05-27,22,2,148
2024-05-27T01:00:00Z,0,2024-05-27,22,3,148
2024-05-27T02:00:00Z,0,2024-05-27,22,4,148
2024-05-27T03:00:00Z,0.011,2024-05-27,22,5,148
2024-05-27T04:00:00Z,0.067,2024-05-27,22,6,148
2024-05-27T05:00:00Z,0.157,2024-05-27,22,7,148
2024-05-27T06:00:00Z,0.252,2024-05-27,22,8,148
2024-05-27T07:00:00Z,0.299,2024-05-27,22,9,148
2024-05-27T08:00:00Z,0.292,2024-05-27,22,10,148
2024-05-27T09:00:00Z,0.287,2024-05-27,22,11,148
2024-05-27T10:00:00Z,0.31,2024-05-27,22,12,148
2024-05-27T11:00:00Z,0.363,2024-05-27,22,13,148
2024-05-27T12:00:00Z,0.444,2024-05-27,22,14,148
2024-05-27T13:00:00Z,0.476,2024-05-27,22,15,148
2024-05-27T14:00:00Z,0.418,2024-05-27,22,16,148
2024-05-27T15:00:00Z,0.31,2024-05-27,22,17,148
2024-05-27T16:00:00Z,0.196,2024-05-27,22,18,148
2024-05-27T17:00:00Z,0.103,2024-05-27,22,19,148
2024-05-27T18:00:00Z,0.04,2024-05-27,22,20,148
2024-05-27T19:00:00Z,0.002,2024-05-27,22,21,148
2024-05-27T20:00:00Z,0,2024-05-27,22,22,148
2024-05-27T21:00:00Z,0,2024-05-27,22,23,148
2024-05-27T22:00:00Z,0,2024-05-28,22,0,149
2024-05-27T23:00:00Z,0,2024-05-28,22,1,149
2024-05-28T00:00:00Z,0,2024-05-28,22,2,149
2024-05-28T01:00:00Z,0,2024-05-28,22,3,149
2024-05-28T02:00:00Z,0,2024-05-28,22,4,149
2024-05-28T03:00:00Z,0.004,2024-05-28,22,5,149
2024-05-28T04:00:00Z,0.025,2024-05-28,22,6,149
2024-05-28T05:00:00Z,0.05,2024-05-28,22,7,149
2024-05-28T06:00:00Z,0.069,2024-05-28,22,8,149
2024-05-28T07:00:00Z,0.092,2024-05-28,22,9,149
2024-05-28T08:00:00Z,0.117,2024-05-28,22,10,149
2024-05-28T09:00:00Z,0.145,2024-05-28,22,11,149
2024-05-28T10:00:00Z,0.173,2024-05-28,22,12,149
2024-05-28T11:00:00Z,0.185,2024-05-28,22,13,149
2024-05-28T12:00:00Z,0.2,2024-05-28,22,14,149
2024-05-28T13:00:00Z,0.229,2024-05-28,22,15,149
2024-05-28T14:00:00Z,0.247,2024-05-28,22,16,149
2024-05-28T15:00:00Z,0.208,2024-05-28,22,17,149
2024-05-28T16:00:00Z,0.151,2024-05-28,22,18,149
2024-05-28T17:00:00Z,0.092,2024-05-28,22,19,149
2024-05-28T18:00:00Z,0.039,2024-05-28,22,20,149
2024-05-28T19:00:00Z,0.003,2024-05-28,22,21,149
2024-05-28T20:00:00Z,0,2024-05-28,22,22,149
2024-05-28T21:00:00Z,0,2024-05-28,22,23,149
2024-05-28T22:00:00Z,0,2024-05-29,22,0,150
2024-05-28T23:00:00Z,0,2024-05-29,22,1,150
2024-05-29T00:00:00Z,0,2024-05-29,22,2,150
2024-05-29T01:00:00Z,0,2024-05-29,22,3,150
2024-05-29T02:00:00Z,0,2024-05-29,22,4,150
2024-05-29T03:00:00Z,0.01,2024-05-29,22,5,150
2024-05-29T04:00:00Z,0.052,2024-05-29,22,6,150
2024-05-29T05:00:00Z,0.11,2024-05-29,22,7,150
2024-05-29T06:00:00Z,0.159,2024-05-29,22,8,150
2024-05-29T07:00:00Z,0.194,2024-05-29,22,9,150
2024-05-29T08:00:00Z,0.227,2024-05-29,22,10,150
2024-05-29T09:00:00Z,0.257,2024-05-29,22,11,150
2024-05-29T10:00:00Z,0.274,2024-05-29,22,12,150
2024-05-29T11:00:00Z,0.281,2024-05-29,22,13,150
2024-05-29T12:00:00Z,0.267,2024-05-29,22,14,150
2024-05-29T13:00:00Z,0.228,2024-05-29,22,15,150
2024-05-29T14:00:00Z,0.186,2024-05-29,22,16,150
2024-05-29T15:00:00Z,0.149,2024-05-29,22,17,150
2024-05-29T16:00:00Z,0.102,2024-05-29,22,18,150
2024-05-29T17:00:00Z,0.058,2024-05-29,22,19,150
2024-05-29T18:00:00Z,0.024,2024-05-29,22,20,150
2024-05-29T19:00:00Z,0.001,2024-05-29,22,21,150
2024-05-29T20:00:00Z,0,2024-05-29,22,22,150
2024-05-29T21:00:00Z,0,2024-05-29,22,23,150
2024-05-29T22:00:00Z,0,2024-05-30,22,0,151
2024-05-29T23:00:00Z,0,2024-05-30,22,1,151
2024-05-30T00:00:00Z,0,2024-05-30,22,2,151
2024-05-30T01:00:00Z,0,2024-05-30,22,3,151
2024-05-30T02:00:00Z,0,2024-05-30,22,4,151
2024-05-30T03:00:00Z,0.02,2024-05-30,22,5,151
2024-05-30T04:00:00Z,0.101,2024-05-30,22,6,151
2024-05-30T05:00:00Z,0.212,2024-05-30,22,7,151
2024-05-30T06:00:00Z,0.336,2024-05-30,22,8,151
2024-05-30T07:00:00Z,0.455,2024-05-30,22,9,151
2024-05-30T08:00:00Z,0.551,2024-05-30,22,10,151
2024-05-30T09:00:00Z,0.61,2024-05-30,22,11,151
2024-05-30T10:00:00Z,0.633,2024-05-30,22,12,151
2024-05-30T11:00:00Z,0.621,2024-05-30,22,13,151
2024-05-30T12:00:00Z,0.553,2024-05-30,22,14,151
2024-05-30T13:00:00Z,0.482,2024-05-30,22,15,151
2024-05-30T14:00:00Z,0.386,2024-05-30,22,16,151
2024-05-30T15:00:00Z,0.294,2024-05-30,22,17,151
2024-05-30T16:00:00Z,0.196,2024-05-30,22,18,151
2024-05-30T17:00:00Z,0.104,2024-05-30,22,19,151
2024-05-30T18:00:00Z,0.042,2024-05-30,22,20,151
2024-05-30T19:00:00Z,0.003,2024-05-30,22,21,151
2024-05-30T20:00:00Z,0,2024-05-30,22,22,151
2024-05-30T21:00:00Z,0,2024-05-30,22,23,151
2024-05-30T22:00:00Z,0,2024-05-31,22,0,152
2024-05-30T23:00:00Z,0,2024-05-31,22,1,152
2024-05-31T00:00:00Z,0,2024-05-31,22,2,152
2024-05-31T01:00:00Z,0,2024-05-31,22,3,152
2024-05-31T02:00:00Z,0,2024-05-31,22,4,152
2024-05-31T03:00:00Z,0.004,2024-05-31,22,5,152
2024-05-31T04:00:00Z,0.024,2024-05-31,22,6,152
2024-05-31T05:00:00Z,0.066,2024-05-31,22,7,152
2024-05-31T06:00:00Z,0.134,2024-05-31,22,8,152
2024-05-31T07:00:00Z,0.212,2024-05-31,22,9,152
2024-05-31T08:00:00Z,0.291,2024-05-31,22,10,152
2024-05-31T09:00:00Z,0.356,2024-05-31,22,11,152
2024-05-31T10:00:00Z,0.399,2024-05-31,22,12,152
2024-05-31T11:00:00Z,0.425,2024-05-31,22,13,152
2024-05-31T12:00:00Z,0.415,2024-05-31,22,14,152
2024-05-31T13:00:00Z,0.384,2024-05-31,22,15,152
2024-05-31T14:00:00Z,0.321,2024-05-31,22,16,152
2024-05-31T15:00:00Z,0.243,2024-05-31,22,17,152
2024-05-31T16:00:00Z,0.165,2024-05-31,22,18,152
2024-05-31T17:00:00Z,0.089,2024-05-31,22,19,152
2024-05-31T18:00:00Z,0.032,2024-05-31,22,20,152
2024-05-31T19:00:00Z,0.002,2024-05-31,22,21,152
2024-05-31T20:00:00Z,0,2024-05-31,22,22,152
2024-05-31T21:00:00Z,0,2024-05-31,22,23,152
2024-05-31T22:00:00Z,0,2024-06-01,22,0,153
2024-05-31T23:00:00Z,0,2024-06-01,22,1,153
2024-06-01T00:00:00Z,0,2024-06-01,22,2,153
2024-06-01T01:00:00Z,0,2024-06-01,22,3,153
2024-06-01T02:00:00Z,0,2024-06-01,22,4,153
2024-06-01T03:00:00Z,0.018,2024-06-01,22,5,153
2024-06-01T04:00:00Z,0.09,2024-06-01,22,6,153
2024-06-01T05:00:00Z,0.196,2024-06-01,22,7,153
2024-06-01T06:00:00Z,0.315,2024-06-01,22,8,153
2024-06-01T07:00:00Z,0.433,2024-06-01,22,9,153
2024-06-01T08:00:00Z,0.529,2024-06-01,22,10,153
2024-06-01T09:00:00Z,0.602,2024-06-01,22,11,153
2024-06-01T10:00:00Z,0.633,2024-06-01,22,12,153
2024-06-01T11:00:00Z,0.625,2024-06-01,22,13,153
2024-06-01T12:00:00Z,0.58,2024-06-01,22,14,153
2024-06-01T13:00:00Z,0.5,2024-06-01,22,15,153
2024-06-01T14:00:00Z,0.396,2024-06-01,22,16,153
2024-06-01T15:00:00Z,0.287,2024-06-01,22,17,153
2024-06-01T16:00:00Z,0.188,2024-06-01,22,18,153
2024-06-01T17:00:00Z,0.102,2024-06-01,22,19,153
2024-06-01T18:00:00Z,0.041,2024-06-01,22,20,153
2024-06-01T19:00:00Z,0.004,2024-06-01,22,21,153
2024-06-01T20:00:00Z,0,2024-06-01,22,22,153
2024-06-01T21:00:00Z,0,2024-06-01,22,23,153
2024-06-01T22:00:00Z,0,2024-06-02,22,0,154
2024-06-01T23:00:00Z,0,2024-06-02,22,1,154
2024-06-02T00:00:00Z,0,2024-06-02,22,2,154
2024-06-02T01:00:00Z,0,2024-06-02,22,3,154
2024-06-02T02:00:00Z,0,2024-06-02,22,4,154
2024-06-02T03:00:00Z,0.022,2024-06-02,22,5,154
2024-06-02T04:00:00Z,0.101,2024-06-02,22,6,154
2024-06-02T05:00:00Z,0.215,2024-06-02,22,7,154
2024-06-02T06:00:00Z,0.343,2024-06-02,22,8,154
2024-06-02T07:00:00Z,0.47,2024-06-02,22,9,154
2024-06-02T08:00:00Z,0.568,2024-06-02,22,10,154
2024-06-02T09:00:00Z,0.634,2024-06-02,22,11,154
2024-06-02T10:00:00Z,0.662,2024-06-02,22,12,154
2024-06-02T11:00:00Z,0.655,2024-06-02,22,13,154
2024-06-02T12:00:00Z,0.611,2024-06-02,22,14,154
2024-06-02T13:00:00Z,0.535,2024-06-02,22,15,154
2024-06-02T14:00:00Z,0.43,2024-06-02,22,16,154
2024-06-02T15:00:00Z,0.313,2024-06-02,22,17,154
2024-06-02T16:00:00Z,0.201,2024-06-02,22,18,154
2024-06-02T17:00:00Z,0.106,2024-06-02,22,19,154
2024-06-02T18:00:00Z,0.044,2024-06-02,22,20,154
2024-06-02T19:00:00Z,0.005,2024-06-02,22,21,154
2024-06-02T20:00:00Z,0,2024-06-02,22,22,154
2024-06-02T21:00:00Z,0,2024-06-02,22,23,154
2024-06-02T22:00:00Z,0,2024-06-03,23,0,155
2024-06-02T23:00:00Z,0,2024-06-03,23,1,155
2024-06-03T00:00:00Z,0,2024-06-03,23,2,155
2024-06-03T01:00:00Z,0,2024-06-03,23,3,155
2024-06-03T02:00:00Z,0,2024-06-03,23,4,155
2024-06-03T03:00:00Z,0.008,2024-06-03,23,5,155
2024-06-03T04:00:00Z,0.037,2024-06-03,23,6,155
2024-06-03T05:00:00Z,0.078,2024-06-03,23,7,155
2024-06-03T06:00:00Z,0.134,2024-06-03,23,8,155
2024-06-03T07:00:00Z,0.195,2024-06-03,23,9,155
2024-06-03T08:00:00Z,0.245,2024-06-03,23,10,155
2024-06-03T09:00:00Z,0.27,2024-06-03,23,11,155
2024-06-03T10:00:00Z,0.295,2024-06-03,23,12,155
2024-06-03T11:00:00Z,0.316,2024-06-03,23,13,155
2024-06-03T12:00:00Z,0.332,2024-06-03,23,14,155
2024-06-03T13:00:00Z,0.341,2024-06-03,23,15,155
2024-06-03T14:00:00Z,0.309,2024-06-03,23,16,155
2024-06-03T15:00:00Z,0.252,2024-06-03,23,17,155
2024-06-03T16:00:00Z,0.177,2024-06-03,23,18,155
2024-06-03T17:00:00Z,0.103,2024-06-03,23,19,155
2024-06-03T18:00:00Z,0.047,2024-06-03,23,20,155
2024-06-03T19:00:00Z,0.006,2024-06-03,23,21,155
2024-06-03T20:00:00Z,0,2024-06-03,23,22,155
2024-06-03T21:00:00Z,0,2024-06-03,23,23,155
2024-06-03T22:00:00Z,0,2024-06-04,23,0,156
2024-06-03T23:00:00Z,0,2024-06-04,23,1,156
2024-06-04T00:00:00Z,0,2024-06-04,23,2,156
2024-06-04T01:00:00Z,0,2024-06-04,23,3,156
2024-06-04T02:00:00Z,0,2024-06-04,23,4,156
2024-06-04T03:00:00Z,0.019,2024-06-04,23,5,156
2024-06-04T04:00:00Z,0.083,2024-06-04,23,6,156
2024-06-04T05:00:00Z,0.181,2024-06-04,23,7,156
2024-06-04T06:00:00Z,0.297,2024-06-04,23,8,156
2024-06-04T07:00:00Z,0.415,2024-06-04,23,9,156
2024-06-04T08:00:00Z,0.478,2024-06-04,23,10,156
2024-06-04T09:00:00Z,0.535,2024-06-04,23,11,156
2024-06-04T10:00:00Z,0.534,2024-06-04,23,12,156
2024-06-04T11:00:00Z,0.505,2024-06-04,23,13,156
2024-06-04T12:00:00Z,0.444,2024-06-04,23,14,156
2024-06-04T13:00:00Z,0.354,2024-06-04,23,15,156
2024-06-04T14:00:00Z,0.258,2024-06-04,23,16,156
2024-06-04T15:00:00Z,0.192,2024-06-04,23,17,156
2024-06-04T16:00:00Z,0.14,2024-06-04,23,18,156
2024-06-04T17:00:00Z,0.093,2024-06-04,23,19,156
2024-06-04T18:00:00Z,0.04,2024-06-04,23,20,156
2024-06-04T19:00:00Z,0.003,2024-06-04,23,21,156
2024-06-04T20:00:00Z,0,2024-06-04,23,22,156
2024-06-04T21:00:00Z,0,2024-06-04,23,23,156
2024-06-04T22:00:00Z,0,2024-06-05,23,0,157
2024-06-04T23:00:00Z,0,2024-06-05,23,1,157
2024-06-05T00:00:00Z,0,2024-06-05,23,2,157
2024-06-05T01:00:00Z,0,2024-06-05,23,3,157
2024-06-05T02:00:00Z,0,2024-06-05,23,4,157
2024-06-05T03:00:00Z,0.006,2024-06-05,23,5,157
2024-06-05T04:00:00Z,0.06,2024-06-05,23,6,157
2024-06-05T05:00:00Z,0.17,2024-06-05,23,7,157
2024-06-05T06:00:00Z,0.337,2024-06-05,23,8,157
2024-06-05T07:00:00Z,0.478,2024-06-05,23,9,157
2024-06-05T08:00:00Z,0.582,2024-06-05,23,10,157
2024-06-05T09:00:00Z,0.652,2024-06-05,23,11,157
2024-06-05T10:00:00Z,0.685,2024-06-05,23,12,157
2024-06-05T11:00:00Z,0.672,2024-06-05,23,13,157
2024-06-05T12:00:00Z,0.589,2024-06-05,23,14,157
2024-06-05T13:00:00Z,0.481,2024-06-05,23,15,157
2024-06-05T14:00:00Z,0.394,2024-06-05,23,16,157
2024-06-05T15:00:00Z,0.298,2024-06-05,23,17,157
2024-06-05T16:00:00Z,0.201,2024-06-05,23,18,157
2024-06-05T17:00:00Z,0.113,2024-06-05,23,19,157
2024-06-05T18:00:00Z,0.049,2024-06-05,23,20,157
2024-06-05T19:00:00Z,0.005,2024-06-05,23,21,157
2024-06-05T20:00:00Z,0,2024-06-05,23,22,157
2024-06-05T21:00:00Z,0,2024-06-05,23,23,157
2024-06-05T22:00:00Z,0,2024-06-06,23,0,158
2024-06-05T23:00:00Z,0,2024-06-06,23,1,158
2024-06-06T00:00:00Z,0,2024-06-06,23,2,158
2024-06-06T01:00:00Z,0,2024-06-06,23,3,158
2024-06-06T02:00:00Z,0,2024-06-06,23,4,158
2024-06-06T03:00:00Z,0.015,2024-06-06,23,5,158
2024-06-06T04:00:00Z,0.068,2024-06-06,23,6,158
2024-06-06T05:00:00Z,0.111,2024-06-06,23,7,158
2024-06-06T06:00:00Z,0.148,2024-06-06,23,8,158
2024-06-06T07:00:00Z,0.2,2024-06-06,23,9,158
2024-06-06T08:00:00Z,0.233,2024-06-06,23,10,158
2024-06-06T09:00:00Z,0.255,2024-06-06,23,11,158
2024-06-06T10:00:00Z,0.282,2024-06-06,23,12,158
2024-06-06T11:00:00Z,0.292,2024-06-06,23,13,158
2024-06-06T12:00:00Z,0.315,2024-06-06,23,14,158
2024-06-06T13:00:00Z,0.313,2024-06-06,23,15,158
2024-06-06T14:00:00Z,0.286,2024-06-06,23,16,158
2024-06-06T15:00:00Z,0.238,2024-06-06,23,17,158
2024-06-06T16:00:00Z,0.181,2024-06-06,23,18,158
2024-06-06T17:00:00Z,0.112,2024-06-06,23,19,158
2024-06-06T18:00:00Z,0.052,2024-06-06,23,20,158
2024-06-06T19:00:00Z,0.007,2024-06-06,23,21,158
2024-06-06T20:00:00Z,0,2024-06-06,23,22,158
2024-06-06T21:00:00Z,0,2024-06-06,23,23,158
2024-06-06T22:00:00Z,0,2024-06-07,23,0,159
2024-06-06T23:00:00Z,0,2024-06-07,23,1,159
2024-06-07T00:00:00Z,0,2024-06-07,23,2,159
2024-06-07T01:00:00Z,0,2024-06-07,23,3,159
2024-06-07T02:00:00Z,0,2024-06-07,23,4,159
2024-06-07T03:00:00Z,0.015,2024-06-07,23,5,159
2024-06-07T04:00:00Z,0.067,2024-06-07,23,6,159
2024-06-07T05:00:00Z,0.132,2024-06-07,23,7,159
2024-06-07T06:00:00Z,0.191,2024-06-07,23,8,159
2024-06-07T07:00:00Z,0.251,2024-06-07,23,9,159
2024-06-07T08:00:00Z,0.329,2024-06-07,23,10,159
2024-06-07T09:00:00Z,0.372,2024-06-07,23,11,159
2024-06-07T10:00:00Z,0.369,2024-06-07,23,12,159
2024-06-07T11:00:00Z,0.363,2024-06-07,23,13,159
2024-06-07T12:00:00Z,0.349,2024-06-07,23,14,159
2024-06-07T13:00:00Z,0.3,2024-06-07,23,15,159
2024-06-07T14:00:00Z,0.229,2024-06-07,23,16,159
2024-06-07T15:00:00Z,0.175,2024-06-07,23,17,159
2024-06-07T16:00:00Z,0.108,2024-06-07,23,18,159
2024-06-07T17:00:00Z,0.058,2024-06-07,23,19,159
2024-06-07T18:00:00Z,0.03,2024-06-07,23,20,159
2024-06-07T19:00:00Z,0.005,2024-06-07,23,21,159
2024-06-07T20:00:00Z,0,2024-06-07,23,22,159
2024-06-07T21:00:00Z,0,2024-06-07,23,23,159
2024-06-07T22:00:00Z,0,2024-06-08,23,0,160
2024-06-07T23:00:00Z,0,2024-06-08,23,1,160
2024-06-08T00:00:00Z,0,2024-06-08,23,2,160
2024-06-08T01:00:00Z,0,2024-06-08,23,3,160
2024-06-08T02:00:00Z,0,2024-06-08,23,4,160
2024-06-08T03:00:00Z,0.013,2024-06-08,23,5,160
2024-06-08T04:00:00Z,0.045,2024-06-08,23,6,160
2024-06-08T05:00:00Z,0.108,2024-06-08,23,7,160
2024-06-08T06:00:00Z,0.168,2024-06-08,23,8,160
2024-06-08T07:00:00Z,0.152,2024-06-08,23,9,160
2024-06-08T08:00:00Z,0.14,2024-06-08,23,10,160
2024-06-08T09:00:00Z,0.164,2024-06-08,23,11,160
2024-06-08T10:00:00Z,0.16,2024-06-08,23,12,160
2024-06-08T11:00:00Z,0.161,2024-06-08,23,13,160
2024-06-08T12:00:00Z,0.17,2024-06-08,23,14,160
2024-06-08T13:00:00Z,0.172,2024-06-08,23,15,160
2024-06-08T14:00:00Z,0.155,2024-06-08,23,16,160
2024-06-08T15:00:00Z,0.136,2024-06-08,23,17,160
2024-06-08T16:00:00Z,0.104,2024-06-08,23,18,160
2024-06-08T17:00:00Z,0.08,2024-06-08,23,19,160
2024-06-08T18:00:00Z,0.046,2024-06-08,23,20,160
2024-06-08T19:00:00Z,0.006,2024-06-08,23,21,160
2024-06-08T20:00:00Z,0,2024-06-08,23,22,160
2024-06-08T21:00:00Z,0,2024-06-08,23,23,160
2024-06-08T22:00:00Z,0,2024-06-09,23,0,161
2024-06-08T23:00:00Z,0,2024-06-09,23,1,161
2024-06-09T00:00:00Z,0,2024-06-09,23,2,161
2024-06-09T01:00:00Z,0,2024-06-09,23,3,161
2024-06-09T02:00:00Z,0,2024-06-09,23,4,161
2024-06-09T03:00:00Z,0.018,2024-06-09,23,5,161
2024-06-09T04:00:00Z,0.08,2024-06-09,23,6,161
2024-06-09T05:00:00Z,0.158,2024-06-09,23,7,161
2024-06-09T06:00:00Z,0.228,2024-06-09,23,8,161
2024-06-09T07:00:00Z,0.285,2024-06-09,23,9,161
2024-06-09T08:00:00Z,0.339,2024-06-09,23,10,161
2024-06-09T09:00:00Z,0.344,2024-06-09,23,11,161
2024-06-09T10:00:00Z,0.337,2024-06-09,23,12,161
2024-06-09T11:00:00Z,0.324,2024-06-09,23,13,161
2024-06-09T12:00:00Z,0.364,2024-06-09,23,14,161
2024-06-09T13:00:00Z,0.379,2024-06-09,23,15,161
2024-06-09T14:00:00Z,0.365,2024-06-09,23,16,161
2024-06-09T15:00:00Z,0.299,2024-06-09,23,17,161
2024-06-09T16:00:00Z,0.208,2024-06-09,23,18,161
2024-06-09T17:00:00Z,0.119,2024-06-09,23,19,161
2024-06-09T18:00:00Z,0.05,2024-06-09,23,20,161
2024-06-09T19:00:00Z,0.006,2024-06-09,23,21,161
2024-06-09T20:00:00Z,0,2024-06-09,23,22,161
2024-06-09T21:00:00Z,0,2024-06-09,23,23,161
2024-06-09T22:00:00Z,0,2024-06-10,24,0,162
2024-06-09T23:00:00Z,0,2024-06-10,24,1,162
2024-06-10T00:00:00Z,0,2024-06-10,24,2,162
2024-06-10T01:00:00Z,0,2024-06-10,24,3,162
2024-06-10T02:00:00Z,0,2024-06-10,24,4,162
2024-06-10T03:00:00Z,0.021,2024-06-10,24,5,162
2024-06-10T04:00:00Z,0.093,2024-06-10,24,6,162
2024-06-10T05:00:00Z,0.184,2024-06-10,24,7,162
2024-06-10T06:00:00Z,0.292,2024-06-10,24,8,162
2024-06-10T07:00:00Z,0.409,2024-06-10,24,9,162
2024-06-10T08:00:00Z,0.52,2024-06-10,24,10,162
2024-06-10T09:00:00Z,0.588,2024-06-10,24,11,162
2024-06-10T10:00:00Z,0.601,2024-06-10,24,12,162
2024-06-10T11:00:00Z,0.567,2024-06-10,24,13,162
2024-06-10T12:00:00Z,0.536,2024-06-10,24,14,162
2024-06-10T13:00:00Z,0.454,2024-06-10,24,15,162
2024-06-10T14:00:00Z,0.34,2024-06-10,24,16,162
2024-06-10T15:00:00Z,0.237,2024-06-10,24,17,162
2024-06-10T16:00:00Z,0.146,2024-06-10,24,18,162
2024-06-10T17:00:00Z,0.075,2024-06-10,24,19,162
2024-06-10T18:00:00Z,0.03,2024-06-10,24,20,162
2024-06-10T19:00:00Z,0.004,2024-06-10,24,21,162
2024-06-10T20:00:00Z,0,2024-06-10,24,22,162
2024-06-10T21:00:00Z,0,2024-06-10,24,23,162
2024-06-10T22:00:00Z,0,2024-06-11,24,0,163
2024-06-10T23:00:00Z,0,2024-06-11,24,1,163
2024-06-11T00:00:00Z,0,2024-06-11,24,2,163
2024-06-11T01:00:00Z,0,2024-06-11,24,3,163
2024-06-11T02:00:00Z,0,2024-06-11,24,4,163
2024-06-11T03:00:00Z,0.014,2024-06-11,24,5,163
2024-06-11T04:00:00Z,0.059,2024-06-11,24,6,163
2024-06-11T05:00:00Z,0.126,2024-06-11,24,7,163
2024-06-11T06:00:00Z,0.211,2024-06-11,24,8,163
2024-06-11T07:00:00Z,0.301,2024-06-11,24,9,163
2024-06-11T08:00:00Z,0.38,2024-06-11,24,10,163
2024-06-11T09:00:00Z,0.412,2024-06-11,24,11,163
2024-06-11T10:00:00Z,0.434,2024-06-11,24,12,163
2024-06-11T11:00:00Z,0.425,2024-06-11,24,13,163
2024-06-11T12:00:00Z,0.422,2024-06-11,24,14,163
2024-06-11T13:00:00Z,0.372,2024-06-11,24,15,163
2024-06-11T14:00:00Z,0.305,2024-06-11,24,16,163
2024-06-11T15:00:00Z,0.224,2024-06-11,24,17,163
2024-06-11T16:00:00Z,0.141,2024-06-11,24,18,163
2024-06-11T17:00:00Z,0.073,2024-06-11,24,19,163
2024-06-11T18:00:00Z,0.033,2024-06-11,24,20,163
2024-06-11T19:00:00Z,0.003,2024-06-11,24,21,163
2024-06-11T20:00:00Z,0,2024-06-11,24,22,163
2024-06-11T21:00:00Z,0,2024-06-11,24,23,163
2024-06-11T22:00:00Z,0,2024-06-12,24,0,164
2024-06-11T23:00:00Z,0,2024-06-12,24,1,164
2024-06-12T00:00:00Z,0,2024-06-12,24,2,164
2024-06-12T01:00:00Z,0,2024-06-12,24,3,164
2024-06-12T02:00:00Z,0,2024-06-12,24,4,164
2024-06-12T03:00:00Z,0.016,2024-06-12,24,5,164
2024-06-12T04:00:00Z,0.071,2024-06-12,24,6,164
2024-06-12T05:00:00Z,0.152,2024-06-12,24,7,164
2024-06-12T06:00:00Z,0.263,2024-06-12,24,8,164
2024-06-12T07:00:00Z,0.363,2024-06-12,24,9,164
2024-06-12T08:00:00Z,0.483,2024-06-12,24,10,164
2024-06-12T09:00:00Z,0.564,2024-06-12,24,11,164
2024-06-12T10:00:00Z,0.612,2024-06-12,24,12,164
2024-06-12T11:00:00Z,0.61,2024-06-12,24,13,164
2024-06-12T12:00:00Z,0.574,2024-06-12,24,14,164
2024-06-12T13:00:00Z,0.503,2024-06-12,24,15,164
2024-06-12T14:00:00Z,0.41,2024-06-12,24,16,164
2024-06-12T15:00:00Z,0.302,2024-06-12,24,17,164
2024-06-12T16:00:00Z,0.196,2024-06-12,24,18,164
2024-06-12T17:00:00Z,0.112,2024-06-12,24,19,164
2024-06-12T18:00:00Z,0.048,2024-06-12,24,20,164
2024-06-12T19:00:00Z,0.008,2024-06-12,24,21,164
2024-06-12T20:00:00Z,0,2024-06-12,24,22,164
2024-06-12T21:00:00Z,0,2024-06-12,24,23,164
2024-06-12T22:00:00Z,0,2024-06-13,24,0,165
2024-06-12T23:00:00Z,0,2024-06-13,24,1,165
2024-06-13T00:00:00Z,0,2024-06-13,24,2,165
2024-06-13T01:00:00Z,0,2024-06-13,24,3,165
2024-06-13T02:00:00Z,0,2024-06-13,24,4,165
2024-06-13T03:00:00Z,0.026,2024-06-13,24,5,165
2024-06-13T04:00:00Z,0.099,2024-06-13,24,6,165
2024-06-13T05:00:00Z,0.198,2024-06-13,24,7,165
2024-06-13T06:00:00Z,0.313,2024-06-13,24,8,165
2024-06-13T07:00:00Z,0.429,2024-06-13,24,9,165
2024-06-13T08:00:00Z,0.515,2024-06-13,24,10,165
2024-06-13T09:00:00Z,0.543,2024-06-13,24,11,165
2024-06-13T10:00:00Z,0.554,2024-06-13,24,12,165
2024-06-13T11:00:00Z,0.546,2024-06-13,24,13,165
2024-06-13T12:00:00Z,0.513,2024-06-13,24,14,165
2024-06-13T13:00:00Z,0.454,2024-06-13,24,15,165
2024-06-13T14:00:00Z,0.365,2024-06-13,24,16,165
2024-06-13T15:00:00Z,0.272,2024-06-13,24,17,165
2024-06-13T16:00:00Z,0.176,2024-06-13,24,18,165
2024-06-13T17:00:00Z,0.094,2024-06-13,24,19,165
2024-06-13T18:00:00Z,0.037,2024-06-13,24,20,165
2024-06-13T19:00:00Z,0.004,2024-06-13,24,21,165
2024-06-13T20:00:00Z,0,2024-06-13,24,22,165
2024-06-13T21:00:00Z,0,2024-06-13,24,23,165
2024-06-13T22:00:00Z,0,2024-06-14,24,0,166
2024-06-13T23:00:00Z,0,2024-06-14,24,1,166
2024-06-14T00:00:00Z,0,2024-06-14,24,2,166
2024-06-14T01:00:00Z,0,2024-06-14,24,3,166
2024-06-14T02:00:00Z,0,2024-06-14,24,4,166
2024-06-14T03:00:00Z,0.002,2024-06-14,24,5,166
2024-06-14T04:00:00Z,0.018,2024-06-14,24,6,166
2024-06-14T05:00:00Z,0.053,2024-06-14,24,7,166
2024-06-14T06:00:00Z,0.114,2024-06-14,24,8,166
2024-06-14T07:00:00Z,0.196,2024-06-14,24,9,166
2024-06-14T08:00:00Z,0.276,2024-06-14,24,10,166
2024-06-14T09:00:00Z,0.332,2024-06-14,24,11,166
2024-06-14T10:00:00Z,0.385,2024-06-14,24,12,166
2024-06-14T11:00:00Z,0.42,2024-06-14,24,13,166
2024-06-14T12:00:00Z,0.431,2024-06-14,24,14,166
2024-06-14T13:00:00Z,0.409,2024-06-14,24,15,166
2024-06-14T14:00:00Z,0.342,2024-06-14,24,16,166
2024-06-14T15:00:00Z,0.253,2024-06-14,24,17,166
2024-06-14T16:00:00Z,0.182,2024-06-14,24,18,166
2024-06-14T17:00:00Z,0.105,2024-06-14,24,19,166
2024-06-14T18:00:00Z,0.043,2024-06-14,24,20,166
2024-06-14T19:00:00Z,0.004,2024-06-14,24,21,166
2024-06-14T20:00:00Z,0,2024-06-14,24,22,166
2024-06-14T21:00:00Z,0,2024-06-14,24,23,166
2024-06-14T22:00:00Z,0,2024-06-15,24,0,167
2024-06-14T23:00:00Z,0,2024-06-15,24,1,167
2024-06-15T00:00:00Z,0,2024-06-15,24,2,167
2024-06-15T01:00:00Z,0,2024-06-15,24,3,167
2024-06-15T02:00:00Z,0,2024-06-15,24,4,167
2024-06-15T03:00:00Z,0.013,2024-06-15,24,5,167
2024-06-15T04:00:00Z,0.053,2024-06-15,24,6,167
2024-06-15T05:00:00Z,0.085,2024-06-15,24,7,167
2024-06-15T06:00:00Z,0.105,2024-06-15,24,8,167
2024-06-15T07:00:00Z,0.145,2024-06-15,24,9,167
2024-06-15T08:00:00Z,0.137,2024-06-15,24,10,167
2024-06-15T09:00:00Z,0.131,2024-06-15,24,11,167
2024-06-15T10:00:00Z,0.163,2024-06-15,24,12,167
2024-06-15T11:00:00Z,0.202,2024-06-15,24,13,167
2024-06-15T12:00:00Z,0.228,2024-06-15,24,14,167
2024-06-15T13:00:00Z,0.275,2024-06-15,24,15,167
2024-06-15T14:00:00Z,0.285,2024-06-15,24,16,167
2024-06-15T15:00:00Z,0.241,2024-06-15,24,17,167
2024-06-15T16:00:00Z,0.197,2024-06-15,24,18,167
2024-06-15T17:00:00Z,0.123,2024-06-15,24,19,167
2024-06-15T18:00:00Z,0.058,2024-06-15,24,20,167
2024-06-15T19:00:00Z,0.009,2024-06-15,24,21,167
2024-06-15T20:00:00Z,0,2024-06-15,24,22,167
2024-06-15T21:00:00Z,0,2024-06-15,24,23,167
2024-06-15T22:00:00Z,0,2024-06-16,24,0,168
2024-06-15T23:00:00Z,0,2024-06-16,24,1,168
2024-06-16T00:00:00Z,0,2024-06-16,24,2,168
2024-06-16T01:00:00Z,0,2024-06-16,24,3,168
2024-06-16T02:00:00Z,0,2024-06-16,24,4,168
2024-06-16T03:00:00Z,0.017,2024-06-16,24,5,168
2024-06-16T04:00:00Z,0.075,2024-06-16,24,6,168
2024-06-16T05:00:00Z,0.163,2024-06-16,24,7,168
2024-06-16T06:00:00Z,0.249,2024-06-16,24,8,168
2024-06-16T07:00:00Z,0.322,2024-06-16,24,9,168
2024-06-16T08:00:00Z,0.387,2024-06-16,24,10,168
2024-06-16T09:00:00Z,0.439,2024-06-16,24,11,168
2024-06-16T10:00:00Z,0.481,2024-06-16,24,12,168
2024-06-16T11:00:00Z,0.479,2024-06-16,24,13,168
2024-06-16T12:00:00Z,0.413,2024-06-16,24,14,168
2024-06-16T13:00:00Z,0.354,2024-06-16,24,15,168
2024-06-16T14:00:00Z,0.275,2024-06-16,24,16,168
2024-06-16T15:00:00Z,0.181,2024-06-16,24,17,168
2024-06-16T16:00:00Z,0.097,2024-06-16,24,18,168
2024-06-16T17:00:00Z,0.043,2024-06-16,24,19,168
2024-06-16T18:00:00Z,0.015,2024-06-16,24,20,168
2024-06-16T19:00:00Z,0.001,2024-06-16,24,21,168
2024-06-16T20:00:00Z,0,2024-06-16,24,22,168
2024-06-16T21:00:00Z,0,2024-06-16,24,23,168
2024-06-16T22:00:00Z,0,2024-06-17,25,0,169
2024-06-16T23:00:00Z,0,2024-06-17,25,1,169
2024-06-17T00:00:00Z,0,2024-06-17,25,2,169
2024-06-17T01:00:00Z,0,2024-06-17,25,3,169
2024-06-17T02:00:00Z,0,2024-06-17,25,4,169
2024-06-17T03:00:00Z,0.034,2024-06-17,25,5,169
2024-06-17T04:00:00Z,0.122,2024-06-17,25,6,169
2024-06-17T05:00:00Z,0.24,2024-06-17,25,7,169
2024-06-17T06:00:00Z,0.365,2024-06-17,25,8,169
2024-06-17T07:00:00Z,0.478,2024-06-17,25,9,169
2024-06-17T08:00:00Z,0.551,2024-06-17,25,10,169
2024-06-17T09:00:00Z,0.598,2024-06-17,25,11,169
2024-06-17T10:00:00Z,0.605,2024-06-17,25,12,169
2024-06-17T11:00:00Z,0.588,2024-06-17,25,13,169
2024-06-17T12:00:00Z,0.542,2024-06-17,25,14,169
2024-06-17T13:00:00Z,0.425,2024-06-17,25,15,169
2024-06-17T14:00:00Z,0.312,2024-06-17,25,16,169
2024-06-17T15:00:00Z,0.24,2024-06-17,25,17,169
2024-06-17T16:00:00Z,0.185,2024-06-17,25,18,169
2024-06-17T17:00:00Z,0.11,2024-06-17,25,19,169
2024-06-17T18:00:00Z,0.051,2024-06-17,25,20,169
2024-06-17T19:00:00Z,0.009,2024-06-17,25,21,169
2024-06-17T20:00:00Z,0,2024-06-17,25,22,169
2024-06-17T21:00:00Z,0,2024-06-17,25,23,169
2024-06-17T22:00:00Z,0,2024-06-18,25,0,170
2024-06-17T23:00:00Z,0,2024-06-18,25,1,170
2024-06-18T00:00:00Z,0,2024-06-18,25,2,170
2024-06-18T01:00:00Z,0,2024-06-18,25,3,170
2024-06-18T02:00:00Z,0,2024-06-18,25,4,170
2024-06-18T03:00:00Z,0.03,2024-06-18,25,5,170
2024-06-18T04:00:00Z,0.103,2024-06-18,25,6,170
2024-06-18T05:00:00Z,0.202,2024-06-18,25,7,170
2024-06-18T06:00:00Z,0.348,2024-06-18,25,8,170
2024-06-18T07:00:00Z,0.472,2024-06-18,25,9,170
2024-06-18T08:00:00Z,0.578,2024-06-18,25,10,170
2024-06-18T09:00:00Z,0.639,2024-06-18,25,11,170
2024-06-18T10:00:00Z,0.673,2024-06-18,25,12,170
2024-06-18T11:00:00Z,0.648,2024-06-18,25,13,170
2024-06-18T12:00:00Z,0.594,2024-06-18,25,14,170
2024-06-18T13:00:00Z,0.502,2024-06-18,25,15,170
2024-06-18T14:00:00Z,0.381,2024-06-18,25,16,170
2024-06-18T15:00:00Z,0.264,2024-06-18,25,17,170
2024-06-18T16:00:00Z,0.177,2024-06-18,25,18,170
2024-06-18T17:00:00Z,0.094,2024-06-18,25,19,170
2024-06-18T18:00:00Z,0.038,2024-06-18,25,20,170
2024-06-18T19:00:00Z,0.005,2024-06-18,25,21,170
2024-06-18T20:00:00Z,0,2024-06-18,25,22,170
2024-06-18T21:00:00Z,0,2024-06-18,25,23,170
2024-06-18T22:00:00Z,0,2024-06-19,25,0,171
2024-06-18T23:00:00Z,0,2024-06-19,25,1,171
2024-06-19T00:00:00Z,0,2024-06-19,25,2,171
2024-06-19T01:00:00Z,0,2024-06-19,25,3,171
2024-06-19T02:00:00Z,0,2024-06-19,25,4,171
2024-06-19T03:00:00Z,0.021,2024-06-19,25,5,171
2024-06-19T04:00:00Z,0.092,2024-06-19,25,6,171
2024-06-19T05:00:00Z,0.223,2024-06-19,25,7,171
2024-06-19T06:00:00Z,0.363,2024-06-19,25,8,171
2024-06-19T07:00:00Z,0.484,2024-06-19,25,9,171
2024-06-19T08:00:00Z,0.574,2024-06-19,25,10,171
2024-06-19T09:00:00Z,0.631,2024-06-19,25,11,171
2024-06-19T10:00:00Z,0.636,2024-06-19,25,12,171
2024-06-19T11:00:00Z,0.596,2024-06-19,25,13,171
2024-06-19T12:00:00Z,0.545,2024-06-19,25,14,171
2024-06-19T13:00:00Z,0.459,2024-06-19,25,15,171
2024-06-19T14:00:00Z,0.374,2024-06-19,25,16,171
2024-06-19T15:00:00Z,0.289,2024-06-19,25,17,171
2024-06-19T16:00:00Z,0.199,2024-06-19,25,18,171
2024-06-19T17:00:00Z,0.109,2024-06-19,25,19,171
2024-06-19T18:00:00Z,0.052,2024-06-19,25,20,171
2024-06-19T19:00:00Z,0.01,2024-06-19,25,21,171
2024-06-19T20:00:00Z,0,2024-06-19,25,22,171
2024-06-19T21:00:00Z,0,2024-06-19,25,23,171
2024-06-19T22:00:00Z,0,2024-06-20,25,0,172
2024-06-19T23:00:00Z,0,2024-06-20,25,1,172
2024-06-20T00:00:00Z,0,2024-06-20,25,2,172
2024-06-20T01:00:00Z,0,2024-06-20,25,3,172
2024-06-20T02:00:00Z,0,2024-06-20,25,4,172
2024-06-20T03:00:00Z,0.03,2024-06-20,25,5,172
2024-06-20T04:00:00Z,0.105,2024-06-20,25,6,172
2024-06-20T05:00:00Z,0.203,2024-06-20,25,7,172
2024-06-20T06:00:00Z,0.309,2024-06-20,25,8,172
2024-06-20T07:00:00Z,0.421,2024-06-20,25,9,172
2024-06-20T08:00:00Z,0.523,2024-06-20,25,10,172
2024-06-20T09:00:00Z,0.605,2024-06-20,25,11,172
2024-06-20T10:00:00Z,0.66,2024-06-20,25,12,172
2024-06-20T11:00:00Z,0.653,2024-06-20,25,13,172
2024-06-20T12:00:00Z,0.59,2024-06-20,25,14,172
2024-06-20T13:00:00Z,0.457,2024-06-20,25,15,172
2024-06-20T14:00:00Z,0.329,2024-06-20,25,16,172
2024-06-20T15:00:00Z,0.233,2024-06-20,25,17,172
2024-06-20T16:00:00Z,0.154,2024-06-20,25,18,172
2024-06-20T17:00:00Z,0.095,2024-06-20,25,19,172
2024-06-20T18:00:00Z,0.045,2024-06-20,25,20,172
2024-06-20T19:00:00Z,0.008,2024-06-20,25,21,172
2024-06-20T20:00:00Z,0,2024-06-20,25,22,172
2024-06-20T21:00:00Z,0,2024-06-20,25,23,172
2024-06-20T22:00:00Z,0,2024-06-21,25,0,173
2024-06-20T23:00:00Z,0,2024-06-21,25,1,173
2024-06-21T00:00:00Z,0,2024-06-21,25,2,173
2024-06-21T01:00:00Z,0,2024-06-21,25,3,173
2024-06-21T02:00:00Z,0,2024-06-21,25,4,173
2024-06-21T03:00:00Z,0.029,2024-06-21,25,5,173
2024-06-21T04:00:00Z,0.105,2024-06-21,25,6,173
2024-06-21T05:00:00Z,0.215,2024-06-21,25,7,173
2024-06-21T06:00:00Z,0.334,2024-06-21,25,8,173
2024-06-21T07:00:00Z,0.447,2024-06-21,25,9,173
2024-06-21T08:00:00Z,0.575,2024-06-21,25,10,173
2024-06-21T09:00:00Z,0.63,2024-06-21,25,11,173
2024-06-21T10:00:00Z,0.641,2024-06-21,25,12,173
2024-06-21T11:00:00Z,0.604,2024-06-21,25,13,173
2024-06-21T12:00:00Z,0.528,2024-06-21,25,14,173
2024-06-21T13:00:00Z,0.424,2024-06-21,25,15,173
2024-06-21T14:00:00Z,0.327,2024-06-21,25,16,173
2024-06-21T15:00:00Z,0.23,2024-06-21,25,17,173
2024-06-21T16:00:00Z,0.131,2024-06-21,25,18,173
2024-06-21T17:00:00Z,0.059,2024-06-21,25,19,173
2024-06-21T18:00:00Z,0.018,2024-06-21,25,20,173
2024-06-21T19:00:00Z,0.001,2024-06-21,25,21,173
2024-06-21T20:00:00Z,0,2024-06-21,25,22,173
2024-06-21T21:00:00Z,0,2024-06-21,25,23,173
2024-06-21T22:00:00Z,0,2024-06-22,25,0,174
2024-06-21T23:00:00Z,0,2024-06-22,25,1,174
2024-06-22T00:00:00Z,0,2024-06-22,25,2,174
2024-06-22T01:00:00Z,0,2024-06-22,25,3,174
2024-06-22T02:00:00Z,0,2024-06-22,25,4,174
2024-06-22T03:00:00Z,0.005,2024-06-22,25,5,174
2024-06-22T04:00:00Z,0.031,2024-06-22,25,6,174
2024-06-22T05:00:00Z,0.076,2024-06-22,25,7,174
2024-06-22T06:00:00Z,0.143,2024-06-22,25,8,174
2024-06-22T07:00:00Z,0.217,2024-06-22,25,9,174
2024-06-22T08:00:00Z,0.31,2024-06-22,25,10,174
2024-06-22T09:00:00Z,0.362,2024-06-22,25,11,174
2024-06-22T10:00:00Z,0.397,2024-06-22,25,12,174
2024-06-22T11:00:00Z,0.404,2024-06-22,25,13,174
2024-06-22T12:00:00Z,0.368,2024-06-22,25,14,174
2024-06-22T13:00:00Z,0.334,2024-06-22,25,15,174
2024-06-22T14:00:00Z,0.298,2024-06-22,25,16,174
2024-06-22T15:00:00Z,0.232,2024-06-22,25,17,174
2024-06-22T16:00:00Z,0.162,2024-06-22,25,18,174
2024-06-22T17:00:00Z,0.103,2024-06-22,25,19,174
2024-06-22T18:00:00Z,0.049,2024-06-22,25,20,174
2024-06-22T19:00:00Z,0.008,2024-06-22,25,21,174
2024-06-22T20:00:00Z,0,2024-06-22,25,22,174
2024-06-22T21:00:00Z,0,2024-06-22,25,23,174
2024-06-22T22:00:00Z,0,2024-06-23,25,0,175
2024-06-22T23:00:00Z,0,2024-06-23,25,1,175
2024-06-23T00:00:00Z,0,2024-06-23,25,2,175
2024-06-23T01:00:00Z,0,2024-06-23,25,3,175
2024-06-23T02:00:00Z,0,2024-06-23,25,4,175
2024-06-23T03:00:00Z,0.033,2024-06-23,25,5,175
2024-06-23T04:00:00Z,0.11,2024-06-23,25,6,175
2024-06-23T05:00:00Z,0.198,2024-06-23,25,7,175
2024-06-23T06:00:00Z,0.273,2024-06-23,25,8,175
2024-06-23T07:00:00Z,0.346,2024-06-23,25,9,175
2024-06-23T08:00:00Z,0.453,2024-06-23,25,10,175
2024-06-23T09:00:00Z,0.546,2024-06-23,25,11,175
2024-06-23T10:00:00Z,0.611,2024-06-23,25,12,175
2024-06-23T11:00:00Z,0.635,2024-06-23,25,13,175
2024-06-23T12:00:00Z,0.597,2024-06-23,25,14,175
2024-06-23T13:00:00Z,0.516,2024-06-23,25,15,175
2024-06-23T14:00:00Z,0.386,2024-06-23,25,16,175
2024-06-23T15:00:00Z,0.25,2024-06-23,25,17,175
2024-06-23T16:00:00Z,0.152,2024-06-23,25,18,175
2024-06-23T17:00:00Z,0.088,2024-06-23,25,19,175
2024-06-23T18:00:00Z,0.045,2024-06-23,25,20,175
2024-06-23T19:00:00Z,0.009,2024-06-23,25,21,175
2024-06-23T20:00:00Z,0,2024-06-23,25,22,175
2024-06-23T21:00:00Z,0,2024-06-23,25,23,175
2024-06-23T22:00:00Z,0,2024-06-24,26,0,176
2024-06-23T23:00:00Z,0,2024-06-24,26,1,176
2024-06-24T00:00:00Z,0,2024-06-24,26,2,176
2024-06-24T01:00:00Z,0,2024-06-24,26,3,176
2024-06-24T02:00:00Z,0,2024-06-24,26,4,176
2024-06-24T03:00:00Z,0.038,2024-06-24,26,5,176
2024-06-24T04:00:00Z,0.121,2024-06-24,26,6,176
2024-06-24T05:00:00Z,0.231,2024-06-24,26,7,176
2024-06-24T06:00:00Z,0.353,2024-06-24,26,8,176
2024-06-24T07:00:00Z,0.482,2024-06-24,26,9,176
2024-06-24T08:00:00Z,0.585,2024-06-24,26,10,176
2024-06-24T09:00:00Z,0.65,2024-06-24,26,11,176
2024-06-24T10:00:00Z,0.675,2024-06-24,26,12,176
2024-06-24T11:00:00Z,0.663,2024-06-24,26,13,176
2024-06-24T12:00:00Z,0.611,2024-06-24,26,14,176
2024-06-24T13:00:00Z,0.525,2024-06-24,26,15,176
2024-06-24T14:00:00Z,0.418,2024-06-24,26,16,176
2024-06-24T15:00:00Z,0.31,2024-06-24,26,17,176
2024-06-24T16:00:00Z,0.209,2024-06-24,26,18,176
2024-06-24T17:00:00Z,0.117,2024-06-24,26,19,176
2024-06-24T18:00:00Z,0.051,2024-06-24,26,20,176
2024-06-24T19:00:00Z,0.01,2024-06-24,26,21,176
2024-06-24T20:00:00Z,0,2024-06-24,26,22,176
2024-06-24T21:00:00Z,0,2024-06-24,26,23,176
2024-06-24T22:00:00Z,0,2024-06-25,26,0,177
2024-06-24T23:00:00Z,0,2024-06-25,26,1,177
2024-06-25T00:00:00Z,0,2024-06-25,26,2,177
2024-06-25T01:00:00Z,0,2024-06-25,26,3,177
2024-06-25T02:00:00Z,0,2024-06-25,26,4,177
2024-06-25T03:00:00Z,0.031,2024-06-25,26,5,177
2024-06-25T04:00:00Z,0.115,2024-06-25,26,6,177
2024-06-25T05:00:00Z,0.231,2024-06-25,26,7,177
2024-06-25T06:00:00Z,0.358,2024-06-25,26,8,177
2024-06-25T07:00:00Z,0.483,2024-06-25,26,9,177
2024-06-25T08:00:00Z,0.581,2024-06-25,26,10,177
2024-06-25T09:00:00Z,0.646,2024-06-25,26,11,177
2024-06-25T10:00:00Z,0.675,2024-06-25,26,12,177
2024-06-25T11:00:00Z,0.668,2024-06-25,26,13,177
2024-06-25T12:00:00Z,0.625,2024-06-25,26,14,177
2024-06-25T13:00:00Z,0.549,2024-06-25,26,15,177
2024-06-25T14:00:00Z,0.443,2024-06-25,26,16,177
2024-06-25T15:00:00Z,0.325,2024-06-25,26,17,177
2024-06-25T16:00:00Z,0.213,2024-06-25,26,18,177
2024-06-25T17:00:00Z,0.114,2024-06-25,26,19,177
2024-06-25T18:00:00Z,0.049,2024-06-25,26,20,177
2024-06-25T19:00:00Z,0.009,2024-06-25,26,21,177
2024-06-25T20:00:00Z,0,2024-06-25,26,22,177
2024-06-25T21:00:00Z,0,2024-06-25,26,23,177
2024-06-25T22:00:00Z,0,2024-06-26,26,0,178
2024-06-25T23:00:00Z,0,2024-06-26,26,1,178
2024-06-26T00:00:00Z,0,2024-06-26,26,2,178
2024-06-26T01:00:00Z,0,2024-06-26,26,3,178
2024-06-26T02:00:00Z,0,2024-06-26,26,4,178
2024-06-26T03:00:00Z,0.036,2024-06-26,26,5,178
2024-06-26T04:00:00Z,0.119,2024-06-26,26,6,178
2024-06-26T05:00:00Z,0.23,2024-06-26,26,7,178
2024-06-26T06:00:00Z,0.354,2024-06-26,26,8,178
2024-06-26T07:00:00Z,0.475,2024-06-26,26,9,178
2024-06-26T08:00:00Z,0.571,2024-06-26,26,10,178
2024-06-26T09:00:00Z,0.637,2024-06-26,26,11,178
2024-06-26T10:00:00Z,0.664,2024-06-26,26,12,178
2024-06-26T11:00:00Z,0.657,2024-06-26,26,13,178
2024-06-26T12:00:00Z,0.616,2024-06-26,26,14,178
2024-06-26T13:00:00Z,0.54,2024-06-26,26,15,178
2024-06-26T14:00:00Z,0.436,2024-06-26,26,16,178
2024-06-26T15:00:00Z,0.32,2024-06-26,26,17,178
2024-06-26T16:00:00Z,0.209,2024-06-26,26,18,178
2024-06-26T17:00:00Z,0.113,2024-06-26,26,19,178
2024-06-26T18:00:00Z,0.048,2024-06-26,26,20,178
2024-06-26T19:00:00Z,0.009,2024-06-26,26,21,178
2024-06-26T20:00:00Z,0,2024-06-26,26,22,178
2024-06-26T21:00:00Z,0,2024-06-26,26,23,178
2024-06-26T22:00:00Z,0,2024-06-27,26,0,179
2024-06-26T23:00:00Z,0,2024-06-27,26,1,179
2024-06-27T00:00:00Z,0,2024-06-27,26,2,179
2024-06-27T01:00:00Z,0,2024-06-27,26,3,179
2024-06-27T02:00:00Z,0,2024-06-27,26,4,179
2024-06-27T03:00:00Z,0.033,2024-06-27,26,5,179
2024-06-27T04:00:00Z,0.116,2024-06-27,26,6,179
2024-06-27T05:00:00Z,0.224,2024-06-27,26,7,179
2024-06-27T06:00:00Z,0.344,2024-06-27,26,8,179
2024-06-27T07:00:00Z,0.448,2024-06-27,26,9,179
2024-06-27T08:00:00Z,0.529,2024-06-27,26,10,179
2024-06-27T09:00:00Z,0.582,2024-06-27,26,11,179
2024-06-27T10:00:00Z,0.61,2024-06-27,26,12,179
2024-06-27T11:00:00Z,0.592,2024-06-27,26,13,179
2024-06-27T12:00:00Z,0.507,2024-06-27,26,14,179
2024-06-27T13:00:00Z,0.386,2024-06-27,26,15,179
2024-06-27T14:00:00Z,0.257,2024-06-27,26,16,179
2024-06-27T15:00:00Z,0.163,2024-06-27,26,17,179
2024-06-27T16:00:00Z,0.093,2024-06-27,26,18,179
2024-06-27T17:00:00Z,0.05,2024-06-27,26,19,179
2024-06-27T18:00:00Z,0.019,2024-06-27,26,20,179
2024-06-27T19:00:00Z,0.002,2024-06-27,26,21,179
2024-06-27T20:00:00Z,0,2024-06-27,26,22,179
2024-06-27T21:00:00Z,0,2024-06-27,26,23,179
2024-06-27T22:00:00Z,0,2024-06-28,26,0,180
2024-06-27T23:00:00Z,0,2024-06-28,26,1,180
2024-06-28T00:00:00Z,0,2024-06-28,26,2,180
2024-06-28T01:00:00Z,0,2024-06-28,26,3,180
2024-06-28T02:00:00Z,0,2024-06-28,26,4,180
2024-06-28T03:00:00Z,0.018,2024-06-28,26,5,180
2024-06-28T04:00:00Z,0.079,2024-06-28,26,6,180
2024-06-28T05:00:00Z,0.158,2024-06-28,26,7,180
2024-06-28T06:00:00Z,0.23,2024-06-28,26,8,180
2024-06-28T07:00:00Z,0.314,2024-06-28,26,9,180
2024-06-28T08:00:00Z,0.412,2024-06-28,26,10,180
2024-06-28T09:00:00Z,0.502,2024-06-28,26,11,180
2024-06-28T10:00:00Z,0.53,2024-06-28,26,12,180
2024-06-28T11:00:00Z,0.532,2024-06-28,26,13,180
2024-06-28T12:00:00Z,0.55,2024-06-28,26,14,180
2024-06-28T13:00:00Z,0.529,2024-06-28,26,15,180
2024-06-28T14:00:00Z,0.443,2024-06-28,26,16,180
2024-06-28T15:00:00Z,0.326,2024-06-28,26,17,180
2024-06-28T16:00:00Z,0.214,2024-06-28,26,18,180
2024-06-28T17:00:00Z,0.119,2024-06-28,26,19,180
2024-06-28T18:00:00Z,0.051,2024-06-28,26,20,180
2024-06-28T19:00:00Z,0.008,2024-06-28,26,21,180
2024-06-28T20:00:00Z,0,2024-06-28,26,22,180
2024-06-28T21:00:00Z,0,2024-06-28,26,23,180
2024-06-28T22:00:00Z,0,2024-06-29,26,0,181
2024-06-28T23:00:00Z,0,2024-06-29,26,1,181
2024-06-29T00:00:00Z,0,2024-06-29,26,2,181
2024-06-29T01:00:00Z,0,2024-06-29,26,3,181
2024-06-29T02:00:00Z,0,2024-06-29,26,4,181
2024-06-29T03:00:00Z,0.035,2024-06-29,26,5,181
2024-06-29T04:00:00Z,0.12,2024-06-29,26,6,181
2024-06-29T05:00:00Z,0.231,2024-06-29,26,7,181
2024-06-29T06:00:00Z,0.355,2024-06-29,26,8,181
2024-06-29T07:00:00Z,0.458,2024-06-29,26,9,181
2024-06-29T08:00:00Z,0.525,2024-06-29,26,10,181
2024-06-29T09:00:00Z,0.577,2024-06-29,26,11,181
2024-06-29T10:00:00Z,0.619,2024-06-29,26,12,181
2024-06-29T11:00:00Z,0.593,2024-06-29,26,13,181
2024-06-29T12:00:00Z,0.548,2024-06-29,26,14,181
2024-06-29T13:00:00Z,0.496,2024-06-29,26,15,181
2024-06-29T14:00:00Z,0.398,2024-06-29,26,16,181
2024-06-29T15:00:00Z,0.29,2024-06-29,26,17,181
2024-06-29T16:00:00Z,0.19,2024-06-29,26,18,181
2024-06-29T17:00:00Z,0.108,2024-06-29,26,19,181
2024-06-29T18:00:00Z,0.048,2024-06-29,26,20,181
2024-06-29T19:00:00Z,0.007,2024-06-29,26,21,181
2024-06-29T20:00:00Z,0,2024-06-29,26,22,181
2024-06-29T21:00:00Z,0,2024-06-29,26,23,181
2024-06-29T22:00:00Z,0,2024-06-30,26,0,182
2024-06-29T23:00:00Z,0,2024-06-30,26,1,182
2024-06-30T00:00:00Z,0,2024-06-30,26,2,182
2024-06-30T01:00:00Z,0,2024-06-30,26,3,182
2024-06-30T02:00:00Z,0,2024-06-30,26,4,182
2024-06-30T03:00:00Z,0.006,2024-06-30,26,5,182
2024-06-30T04:00:00Z,0.029,2024-06-30,26,6,182
2024-06-30T05:00:00Z,0.062,2024-06-30,26,7,182
2024-06-30T06:00:00Z,0.096,2024-06-30,26,8,182
2024-06-30T07:00:00Z,0.137,2024-06-30,26,9,182
2024-06-30T08:00:00Z,0.185,2024-06-30,26,10,182
2024-06-30T09:00:00Z,0.2,2024-06-30,26,11,182
2024-06-30T10:00:00Z,0.185,2024-06-30,26,12,182
2024-06-30T11:00:00Z,0.183,2024-06-30,26,13,182
2024-06-30T12:00:00Z,0.196,2024-06-30,26,14,182
2024-06-30T13:00:00Z,0.228,2024-06-30,26,15,182
2024-06-30T14:00:00Z,0.282,2024-06-30,26,16,182
2024-06-30T15:00:00Z,0.276,2024-06-30,26,17,182
2024-06-30T16:00:00Z,0.188,2024-06-30,26,18,182
2024-06-30T17:00:00Z,0.108,2024-06-30,26,19,182
2024-06-30T18:00:00Z,0.05,2024-06-30,26,20,182
2024-06-30T19:00:00Z,0.009,2024-06-30,26,21,182
2024-06-30T20:00:00Z,0,2024-06-30,26,22,182
2024-06-30T21:00:00Z,0,2024-06-30,26,23,182
2024-06-30T22:00:00Z,0,2024-07-01,27,0,183
2024-06-30T23:00:00Z,0,2024-07-01,27,1,183
2024-07-01T00:00:00Z,0,2024-07-01,27,2,183
2024-07-01T01:00:00Z,0,2024-07-01,27,3,183
2024-07-01T02:00:00Z,0,2024-07-01,27,4,183
2024-07-01T03:00:00Z,0.031,2024-07-01,27,5,183
2024-07-01T04:00:00Z,0.119,2024-07-01,27,6,183
2024-07-01T05:00:00Z,0.232,2024-07-01,27,7,183
2024-07-01T06:00:00Z,0.358,2024-07-01,27,8,183
2024-07-01T07:00:00Z,0.48,2024-07-01,27,9,183
2024-07-01T08:00:00Z,0.572,2024-07-01,27,10,183
2024-07-01T09:00:00Z,0.628,2024-07-01,27,11,183
2024-07-01T10:00:00Z,0.647,2024-07-01,27,12,183
2024-07-01T11:00:00Z,0.636,2024-07-01,27,13,183
2024-07-01T12:00:00Z,0.593,2024-07-01,27,14,183
2024-07-01T13:00:00Z,0.507,2024-07-01,27,15,183
2024-07-01T14:00:00Z,0.409,2024-07-01,27,16,183
2024-07-01T15:00:00Z,0.294,2024-07-01,27,17,183
2024-07-01T16:00:00Z,0.194,2024-07-01,27,18,183
2024-07-01T17:00:00Z,0.108,2024-07-01,27,19,183
2024-07-01T18:00:00Z,0.047,2024-07-01,27,20,183
2024-07-01T19:00:00Z,0.007,2024-07-01,27,21,183
2024-07-01T20:00:00Z,0,2024-07-01,27,22,183
2024-07-01T21:00:00Z,0,2024-07-01,27,23,183
2024-07-01T22:00:00Z,0,2024-07-02,27,0,184
2024-07-01T23:00:00Z,0,2024-07-02,27,1,184
2024-07-02T00:00:00Z,0,2024-07-02,27,2,184
2024-07-02T01:00:00Z,0,2024-07-02,27,3,184
2024-07-02T02:00:00Z,0,2024-07-02,27,4,184
2024-07-02T03:00:00Z,0.021,2024-07-02,27,5,184
2024-07-02T04:00:00Z,0.079,2024-07-02,27,6,184
2024-07-02T05:00:00Z,0.159,2024-07-02,27,7,184
2024-07-02T06:00:00Z,0.252,2024-07-02,27,8,184
2024-07-02T07:00:00Z,0.29,2024-07-02,27,9,184
2024-07-02T08:00:00Z,0.317,2024-07-02,27,10,184
2024-07-02T09:00:00Z,0.354,2024-07-02,27,11,184
2024-07-02T10:00:00Z,0.386,2024-07-02,27,12,184
2024-07-02T11:00:00Z,0.428,2024-07-02,27,13,184
2024-07-02T12:00:00Z,0.457,2024-07-02,27,14,184
2024-07-02T13:00:00Z,0.443,2024-07-02,27,15,184
2024-07-02T14:00:00Z,0.376,2024-07-02,27,16,184
2024-07-02T15:00:00Z,0.252,2024-07-02,27,17,184
2024-07-02T16:00:00Z,0.159,2024-07-02,27,18,184
2024-07-02T17:00:00Z,0.085,2024-07-02,27,19,184
2024-07-02T18:00:00Z,0.031,2024-07-02,27,20,184
2024-07-02T19:00:00Z,0.003,2024-07-02,27,21,184
2024-07-02T20:00:00Z,0,2024-07-02,27,22,184
2024-07-02T21:00:00Z,0,2024-07-02,27,23,184
2024-07-02T22:00:00Z,0,2024-07-03,27,0,185
2024-07-02T23:00:00Z,0,2024-07-03,27,1,185
2024-07-03T00:00:00Z,0,2024-07-03,27,2,185
2024-07-03T01:00:00Z,0,2024-07-03,27,3,185
2024-07-03T02:00:00Z,0,2024-07-03,27,4,185
2024-07-03T03:00:00Z,0.024,2024-07-03,27,5,185
2024-07-03T04:00:00Z,0.089,2024-07-03,27,6,185
2024-07-03T05:00:00Z,0.177,2024-07-03,27,7,185
2024-07-03T06:00:00Z,0.296,2024-07-03,27,8,185
2024-07-03T07:00:00Z,0.439,2024-07-03,27,9,185
2024-07-03T08:00:00Z,0.534,2024-07-03,27,10,185
2024-07-03T09:00:00Z,0.585,2024-07-03,27,11,185
2024-07-03T10:00:00Z,0.579,2024-07-03,27,12,185
2024-07-03T11:00:00Z,0.489,2024-07-03,27,13,185
2024-07-03T12:00:00Z,0.375,2024-07-03,27,14,185
2024-07-03T13:00:00Z,0.271,2024-07-03,27,15,185
2024-07-03T14:00:00Z,0.196,2024-07-03,27,16,185
2024-07-03T15:00:00Z,0.14,2024-07-03,27,17,185
2024-07-03T16:00:00Z,0.104,2024-07-03,27,18,185
2024-07-03T17:00:00Z,0.073,2024-07-03,27,19,185
2024-07-03T18:00:00Z,0.026,2024-07-03,27,20,185
2024-07-03T19:00:00Z,0.001,2024-07-03,27,21,185
2024-07-03T20:00:00Z,0,2024-07-03,27,22,185
2024-07-03T21:00:00Z,0,2024-07-03,27,23,185
2024-07-03T22:00:00Z,0,2024-07-04,27,0,186
2024-07-03T23:00:00Z,0,2024-07-04,27,1,186
2024-07-04T00:00:00Z,0,2024-07-04,27,2,186
2024-07-04T01:00:00Z,0,2024-07-04,27,3,186
2024-07-04T02:00:00Z,0,2024-07-04,27,4,186
2024-07-04T03:00:00Z,0.015,2024-07-04,27,5,186
2024-07-04T04:00:00Z,0.056,2024-07-04,27,6,186
2024-07-04T05:00:00Z,0.09,2024-07-04,27,7,186
2024-07-04T06:00:00Z,0.114,2024-07-04,27,8,186
2024-07-04T07:00:00Z,0.171,2024-07-04,27,9,186
2024-07-04T08:00:00Z,0.299,2024-07-04,27,10,186
2024-07-04T09:00:00Z,0.454,2024-07-04,27,11,186
2024-07-04T10:00:00Z,0.568,2024-07-04,27,12,186
2024-07-04T11:00:00Z,0.614,2024-07-04,27,13,186
2024-07-04T12:00:00Z,0.583,2024-07-04,27,14,186
2024-07-04T13:00:00Z,0.512,2024-07-04,27,15,186
2024-07-04T14:00:00Z,0.416,2024-07-04,27,16,186
2024-07-04T15:00:00Z,0.309,2024-07-04,27,17,186
2024-07-04T16:00:00Z,0.208,2024-07-04,27,18,186
2024-07-04T17:00:00Z,0.117,2024-07-04,27,19,186
2024-07-04T18:00:00Z,0.046,2024-07-04,27,20,186
2024-07-04T19:00:00Z,0.004,2024-07-04,27,21,186
2024-07-04T20:00:00Z,0,2024-07-04,27,22,186
2024-07-04T21:00:00Z,0,2024-07-04,27,23,186
2024-07-04T22:00:00Z,0,2024-07-05,27,0,187
2024-07-04T23:00:00Z,0,2024-07-05,27,1,187
2024-07-05T00:00:00Z,0,2024-07-05,27,2,187
2024-07-05T01:00:00Z,0,2024-07-05,27,3,187
2024-07-05T02:00:00Z,0,2024-07-05,27,4,187
2024-07-05T03:00:00Z,0.011,2024-07-05,27,5,187
2024-07-05T04:00:00Z,0.055,2024-07-05,27,6,187
2024-07-05T05:00:00Z,0.133,2024-07-05,27,7,187
2024-07-05T06:00:00Z,0.235,2024-07-05,27,8,187
2024-07-05T07:00:00Z,0.35,2024-07-05,27,9,187
2024-07-05T08:00:00Z,0.454,2024-07-05,27,10,187
2024-07-05T09:00:00Z,0.509,2024-07-05,27,11,187
2024-07-05T10:00:00Z,0.548,2024-07-05,27,12,187
2024-07-05T11:00:00Z,0.536,2024-07-05,27,13,187
2024-07-05T12:00:00Z,0.509,2024-07-05,27,14,187
2024-07-05T13:00:00Z,0.456,2024-07-05,27,15,187
2024-07-05T14:00:00Z,0.378,2024-07-05,27,16,187
2024-07-05T15:00:00Z,0.293,2024-07-05,27,17,187
2024-07-05T16:00:00Z,0.198,2024-07-05,27,18,187
2024-07-05T17:00:00Z,0.103,2024-07-05,27,19,187
2024-07-05T18:00:00Z,0.047,2024-07-05,27,20,187
2024-07-05T19:00:00Z,0.006,2024-07-05,27,21,187
2024-07-05T20:00:00Z,0,2024-07-05,27,22,187
2024-07-05T21:00:00Z,0,2024-07-05,27,23,187
2024-07-05T22:00:00Z,0,2024-07-06,27,0,188
2024-07-05T23:00:00Z,0,2024-07-06,27,1,188
2024-07-06T00:00:00Z,0,2024-07-06,27,2,188
2024-07-06T01:00:00Z,0,2024-07-06,27,3,188
2024-07-06T02:00:00Z,0,2024-07-06,27,4,188
2024-07-06T03:00:00Z,0.012,2024-07-06,27,5,188
2024-07-06T04:00:00Z,0.037,2024-07-06,27,6,188
2024-07-06T05:00:00Z,0.067,2024-07-06,27,7,188
2024-07-06T06:00:00Z,0.118,2024-07-06,27,8,188
2024-07-06T07:00:00Z,0.166,2024-07-06,27,9,188
2024-07-06T08:00:00Z,0.186,2024-07-06,27,10,188
2024-07-06T09:00:00Z,0.212,2024-07-06,27,11,188
2024-07-06T10:00:00Z,0.254,2024-07-06,27,12,188
2024-07-06T11:00:00Z,0.326,2024-07-06,27,13,188
2024-07-06T12:00:00Z,0.393,2024-07-06,27,14,188
2024-07-06T13:00:00Z,0.376,2024-07-06,27,15,188
2024-07-06T14:00:00Z,0.308,2024-07-06,27,16,188
2024-07-06T15:00:00Z,0.2,2024-07-06,27,17,188
2024-07-06T16:00:00Z,0.107,2024-07-06,27,18,188
2024-07-06T17:00:00Z,0.059,2024-07-06,27,19,188
2024-07-06T18:00:00Z,0.031,2024-07-06,27,20,188
2024-07-06T19:00:00Z,0.004,2024-07-06,27,21,188
2024-07-06T20:00:00Z,0,2024-07-06,27,22,188
2024-07-06T21:00:00Z,0,2024-07-06,27,23,188
2024-07-06T22:00:00Z,0,2024-07-07,27,0,189
2024-07-06T23:00:00Z,0,2024-07-07,27,1,189
2024-07-07T00:00:00Z,0,2024-07-07,27,2,189
2024-07-07T01:00:00Z,0,2024-07-07,27,3,189
2024-07-07T02:00:00Z,0,2024-07-07,27,4,189
2024-07-07T03:00:00Z,0.025,2024-07-07,27,5,189
2024-07-07T04:00:00Z,0.105,2024-07-07,27,6,189
2024-07-07T05:00:00Z,0.219,2024-07-07,27,7,189
2024-07-07T06:00:00Z,0.349,2024-07-07,27,8,189
2024-07-07T07:00:00Z,0.475,2024-07-07,27,9,189
2024-07-07T08:00:00Z,0.569,2024-07-07,27,10,189
2024-07-07T09:00:00Z,0.623,2024-07-07,27,11,189
2024-07-07T10:00:00Z,0.643,2024-07-07,27,12,189
2024-07-07T11:00:00Z,0.634,2024-07-07,27,13,189
2024-07-07T12:00:00Z,0.59,2024-07-07,27,14,189
2024-07-07T13:00:00Z,0.521,2024-07-07,27,15,189
2024-07-07T14:00:00Z,0.418,2024-07-07,27,16,189
2024-07-07T15:00:00Z,0.294,2024-07-07,27,17,189
2024-07-07T16:00:00Z,0.188,2024-07-07,27,18,189
2024-07-07T17:00:00Z,0.103,2024-07-07,27,19,189
2024-07-07T18:00:00Z,0.042,2024-07-07,27,20,189
2024-07-07T19:00:00Z,0.005,2024-07-07,27,21,189
2024-07-07T20:00:00Z,0,2024-07-07,27,22,189
2024-07-07T21:00:00Z,0,2024-07-07,27,23,189
2024-07-07T22:00:00Z,0,2024-07-08,28,0,190
2024-07-07T23:00:00Z,0,2024-07-08,28,1,190
2024-07-08T00:00:00Z,0,2024-07-08,28,2,190
2024-07-08T01:00:00Z,0,2024-07-08,28,3,190
2024-07-08T02:00:00Z,0,2024-07-08,28,4,190
2024-07-08T03:00:00Z,0.006,2024-07-08,28,5,190
2024-07-08T04:00:00Z,0.041,2024-07-08,28,6,190
2024-07-08T05:00:00Z,0.087,2024-07-08,28,7,190
2024-07-08T06:00:00Z,0.15,2024-07-08,28,8,190
2024-07-08T07:00:00Z,0.232,2024-07-08,28,9,190
2024-07-08T08:00:00Z,0.328,2024-07-08,28,10,190
2024-07-08T09:00:00Z,0.421,2024-07-08,28,11,190
2024-07-08T10:00:00Z,0.498,2024-07-08,28,12,190
2024-07-08T11:00:00Z,0.532,2024-07-08,28,13,190
2024-07-08T12:00:00Z,0.542,2024-07-08,28,14,190
2024-07-08T13:00:00Z,0.501,2024-07-08,28,15,190
2024-07-08T14:00:00Z,0.414,2024-07-08,28,16,190
2024-07-08T15:00:00Z,0.312,2024-07-08,28,17,190
2024-07-08T16:00:00Z,0.204,2024-07-08,28,18,190
2024-07-08T17:00:00Z,0.11,2024-07-08,28,19,190
2024-07-08T18:00:00Z,0.049,2024-07-08,28,20,190
2024-07-08T19:00:00Z,0.006,2024-07-08,28,21,190
2024-07-08T20:00:00Z,0,2024-07-08,28,22,190
2024-07-08T21:00:00Z,0,2024-07-08,28,23,190
2024-07-08T22:00:00Z,0,2024-07-09,28,0,191
2024-07-08T23:00:00Z,0,2024-07-09,28,1,191
2024-07-09T00:00:00Z,0,2024-07-09,28,2,191
2024-07-09T01:00:00Z,0,2024-07-09,28,3,191
2024-07-09T02:00:00Z,0,2024-07-09,28,4,191
2024-07-09T03:00:00Z,0.029,2024-07-09,28,5,191
2024-07-09T04:00:00Z,0.092,2024-07-09,28,6,191
2024-07-09T05:00:00Z,0.136,2024-07-09,28,7,191
2024-07-09T06:00:00Z,0.19,2024-07-09,28,8,191
2024-07-09T07:00:00Z,0.25,2024-07-09,28,9,191
2024-07-09T08:00:00Z,0.301,2024-07-09,28,10,191
2024-07-09T09:00:00Z,0.364,2024-07-09,28,11,191
2024-07-09T10:00:00Z,0.41,2024-07-09,28,12,191
2024-07-09T11:00:00Z,0.397,2024-07-09,28,13,191
2024-07-09T12:00:00Z,0.366,2024-07-09,28,14,191
2024-07-09T13:00:00Z,0.3,2024-07-09,28,15,191
2024-07-09T14:00:00Z,0.208,2024-07-09,28,16,191
2024-07-09T15:00:00Z,0.154,2024-07-09,28,17,191
2024-07-09T16:00:00Z,0.132,2024-07-09,28,18,191
2024-07-09T17:00:00Z,0.075,2024-07-09,28,19,191
2024-07-09T18:00:00Z,0.023,2024-07-09,28,20,191
2024-07-09T19:00:00Z,0,2024-07-09,28,21,191
2024-07-09T20:00:00Z,0,2024-07-09,28,22,191
2024-07-09T21:00:00Z,0,2024-07-09,28,23,191
2024-07-09T22:00:00Z,0,2024-07-10,28,0,192
2024-07-09T23:00:00Z,0,2024-07-10,28,1,192
2024-07-10T00:00:00Z,0,2024-07-10,28,2,192
2024-07-10T01:00:00Z,0,2024-07-10,28,3,192
2024-07-10T02:00:00Z,0,2024-07-10,28,4,192
2024-07-10T03:00:00Z,0.003,2024-07-10,28,5,192
2024-07-10T04:00:00Z,0.027,2024-07-10,28,6,192
2024-07-10T05:00:00Z,0.075,2024-07-10,28,7,192
2024-07-10T06:00:00Z,0.152,2024-07-10,28,8,192
2024-07-10T07:00:00Z,0.215,2024-07-10,28,9,192
2024-07-10T08:00:00Z,0.228,2024-07-10,28,10,192
2024-07-10T09:00:00Z,0.206,2024-07-10,28,11,192
2024-07-10T10:00:00Z,0.208,2024-07-10,28,12,192
2024-07-10T11:00:00Z,0.247,2024-07-10,28,13,192
2024-07-10T12:00:00Z,0.307,2024-07-10,28,14,192
2024-07-10T13:00:00Z,0.355,2024-07-10,28,15,192
2024-07-10T14:00:00Z,0.349,2024-07-10,28,16,192
2024-07-10T15:00:00Z,0.276,2024-07-10,28,17,192
2024-07-10T16:00:00Z,0.191,2024-07-10,28,18,192
2024-07-10T17:00:00Z,0.107,2024-07-10,28,19,192
2024-07-10T18:00:00Z,0.045,2024-07-10,28,20,192
2024-07-10T19:00:00Z,0.004,2024-07-10,28,21,192
2024-07-10T20:00:00Z,0,2024-07-10,28,22,192
2024-07-10T21:00:00Z,0,2024-07-10,28,23,192
2024-07-10T22:00:00Z,0,2024-07-11,28,0,193
2024-07-10T23:00:00Z,0,2024-07-11,28,1,193
2024-07-11T00:00:00Z,0,2024-07-11,28,2,193
2024-07-11T01:00:00Z,0,2024-07-11,28,3,193
2024-07-11T02:00:00Z,0,2024-07-11,28,4,193
2024-07-11T03:00:00Z,0.012,2024-07-11,28,5,193
2024-07-11T04:00:00Z,0.049,2024-07-11,28,6,193
2024-07-11T05:00:00Z,0.094,2024-07-11,28,7,193
2024-07-11T06:00:00Z,0.148,2024-07-11,28,8,193
2024-07-11T07:00:00Z,0.228,2024-07-11,28,9,193
2024-07-11T08:00:00Z,0.325,2024-07-11,28,10,193
2024-07-11T09:00:00Z,0.431,2024-07-11,28,11,193
2024-07-11T10:00:00Z,0.478,2024-07-11,28,12,193
2024-07-11T11:00:00Z,0.493,2024-07-11,28,13,193
2024-07-11T12:00:00Z,0.443,2024-07-11,28,14,193
2024-07-11T13:00:00Z,0.399,2024-07-11,28,15,193
2024-07-11T14:00:00Z,0.332,2024-07-11,28,16,193
2024-07-11T15:00:00Z,0.242,2024-07-11,28,17,193
2024-07-11T16:00:00Z,0.173,2024-07-11,28,18,193
2024-07-11T17:00:00Z,0.099,2024-07-11,28,19,193
2024-07-11T18:00:00Z,0.044,2024-07-11,28,20,193
2024-07-11T19:00:00Z,0.004,2024-07-11,28,21,193
2024-07-11T20:00:00Z,0,2024-07-11,28,22,193
2024-07-11T21:00:00Z,0,2024-07-11,28,23,193
2024-07-11T22:00:00Z,0,2024-07-12,28,0,194
2024-07-11T23:00:00Z,0,2024-07-12,28,1,194
2024-07-12T00:00:00Z,0,2024-07-12,28,2,194
2024-07-12T01:00:00Z,0,2024-07-12,28,3,194
2024-07-12T02:00:00Z,0,2024-07-12,28,4,194
2024-07-12T03:00:00Z,0.019,2024-07-12,28,5,194
2024-07-12T04:00:00Z,0.086,2024-07-12,28,6,194
2024-07-12T05:00:00Z,0.179,2024-07-12,28,7,194
2024-07-12T06:00:00Z,0.281,2024-07-12,28,8,194
2024-07-12T07:00:00Z,0.393,2024-07-12,28,9,194
2024-07-12T08:00:00Z,0.477,2024-07-12,28,10,194
2024-07-12T09:00:00Z,0.567,2024-07-12,28,11,194
2024-07-12T10:00:00Z,0.619,2024-07-12,28,12,194
2024-07-12T11:00:00Z,0.6,2024-07-12,28,13,194
2024-07-12T12:00:00Z,0.556,2024-07-12,28,14,194
2024-07-12T13:00:00Z,0.471,2024-07-12,28,15,194
2024-07-12T14:00:00Z,0.371,2024-07-12,28,16,194
2024-07-12T15:00:00Z,0.251,2024-07-12,28,17,194
2024-07-12T16:00:00Z,0.147,2024-07-12,28,18,194
2024-07-12T17:00:00Z,0.068,2024-07-12,28,19,194
2024-07-12T18:00:00Z,0.022,2024-07-12,28,20,194
2024-07-12T19:00:00Z,0.001,2024-07-12,28,21,194
2024-07-12T20:00:00Z,0,2024-07-12,28,22,194
2024-07-12T21:00:00Z,0,2024-07-12,28,23,194
2024-07-12T22:00:00Z,0,2024-07-13,28,0,195
2024-07-12T23:00:00Z,0,2024-07-13,28,1,195
2024-07-13T00:00:00Z,0,2024-07-13,28,2,195
2024-07-13T01:00:00Z,0,2024-07-13,28,3,195
2024-07-13T02:00:00Z,0,2024-07-13,28,4,195
2024-07-13T03:00:00Z,0.003,2024-07-13,28,5,195
2024-07-13T04:00:00Z,0.023,2024-07-13,28,6,195
2024-07-13T05:00:00Z,0.05,2024-07-13,28,7,195
2024-07-13T06:00:00Z,0.083,2024-07-13,28,8,195
2024-07-13T07:00:00Z,0.102,2024-07-13,28,9,195
2024-07-13T08:00:00Z,0.119,2024-07-13,28,10,195
2024-07-13T09:00:00Z,0.139,2024-07-13,28,11,195
2024-07-13T10:00:00Z,0.156,2024-07-13,28,12,195
2024-07-13T11:00:00Z,0.173,2024-07-13,28,13,195
2024-07-13T12:00:00Z,0.184,2024-07-13,28,14,195
2024-07-13T13:00:00Z,0.188,2024-07-13,28,15,195
2024-07-13T14:00:00Z,0.181,2024-07-13,28,16,195
2024-07-13T15:00:00Z,0.162,2024-07-13,28,17,195
2024-07-13T16:00:00Z,0.121,2024-07-13,28,18,195
2024-07-13T17:00:00Z,0.077,2024-07-13,28,19,195
2024-07-13T18:00:00Z,0.031,2024-07-13,28,20,195
2024-07-13T19:00:00Z,0.001,2024-07-13,28,21,195
2024-07-13T20:00:00Z,0,2024-07-13,28,22,195
2024-07-13T21:00:00Z,0,2024-07-13,28,23,195
2024-07-13T22:00:00Z,0,2024-07-14,28,0,196
2024-07-13T23:00:00Z,0,2024-07-14,28,1,196
2024-07-14T00:00:00Z,0,2024-07-14,28,2,196
2024-07-14T01:00:00Z,0,2024-07-14,28,3,196
2024-07-14T02:00:00Z,0,2024-07-14,28,4,196
2024-07-14T03:00:00Z,0.016,2024-07-14,28,5,196
2024-07-14T04:00:00Z,0.082,2024-07-14,28,6,196
2024-07-14T05:00:00Z,0.184,2024-07-14,28,7,196
2024-07-14T06:00:00Z,0.305,2024-07-14,28,8,196
2024-07-14T07:00:00Z,0.429,2024-07-14,28,9,196
2024-07-14T08:00:00Z,0.52,2024-07-14,28,10,196
2024-07-14T09:00:00Z,0.59,2024-07-14,28,11,196
2024-07-14T10:00:00Z,0.61,2024-07-14,28,12,196
2024-07-14T11:00:00Z,0.582,2024-07-14,28,13,196
2024-07-14T12:00:00Z,0.513,2024-07-14,28,14,196
2024-07-14T13:00:00Z,0.402,2024-07-14,28,15,196
2024-07-14T14:00:00Z,0.316,2024-07-14,28,16,196
2024-07-14T15:00:00Z,0.222,2024-07-14,28,17,196
2024-07-14T16:00:00Z,0.157,2024-07-14,28,18,196
2024-07-14T17:00:00Z,0.094,2024-07-14,28,19,196
2024-07-14T18:00:00Z,0.032,2024-07-14,28,20,196
2024-07-14T19:00:00Z,0.001,2024-07-14,28,21,196
2024-07-14T20:00:00Z,0,2024-07-14,28,22,196
2024-07-14T21:00:00Z,0,2024-07-14,28,23,196
2024-07-14T22:00:00Z,0,2024-07-15,29,0,197
2024-07-14T23:00:00Z,0,2024-07-15,29,1,197
2024-07-15T00:00:00Z,0,2024-07-15,29,2,197
2024-07-15T01:00:00Z,0,2024-07-15,29,3,197
2024-07-15T02:00:00Z,0,2024-07-15,29,4,197
2024-07-15T03:00:00Z,0.003,2024-07-15,29,5,197
2024-07-15T04:00:00Z,0.024,2024-07-15,29,6,197
2024-07-15T05:00:00Z,0.078,2024-07-15,29,7,197
2024-07-15T06:00:00Z,0.174,2024-07-15,29,8,197
2024-07-15T07:00:00Z,0.282,2024-07-15,29,9,197
2024-07-15T08:00:00Z,0.383,2024-07-15,29,10,197
2024-07-15T09:00:00Z,0.47,2024-07-15,29,11,197
2024-07-15T10:00:00Z,0.558,2024-07-15,29,12,197
2024-07-15T11:00:00Z,0.582,2024-07-15,29,13,197
2024-07-15T12:00:00Z,0.543,2024-07-15,29,14,197
2024-07-15T13:00:00Z,0.472,2024-07-15,29,15,197
2024-07-15T14:00:00Z,0.396,2024-07-15,29,16,197
2024-07-15T15:00:00Z,0.288,2024-07-15,29,17,197
2024-07-15T16:00:00Z,0.186,2024-07-15,29,18,197
2024-07-15T17:00:00Z,0.103,2024-07-15,29,19,197
2024-07-15T18:00:00Z,0.037,2024-07-15,29,20,197
2024-07-15T19:00:00Z,0.002,2024-07-15,29,21,197
2024-07-15T20:00:00Z,0,2024-07-15,29,22,197
2024-07-15T21:00:00Z,0,2024-07-15,29,23,197
2024-07-15T22:00:00Z,0,2024-07-16,29,0,198
2024-07-15T23:00:00Z,0,2024-07-16,29,1,198
2024-07-16T00:00:00Z,0,2024-07-16,29,2,198
2024-07-16T01:00:00Z,0,2024-07-16,29,3,198
2024-07-16T02:00:00Z,0,2024-07-16,29,4,198
2024-07-16T03:00:00Z,0.006,2024-07-16,29,5,198
2024-07-16T04:00:00Z,0.033,2024-07-16,29,6,198
2024-07-16T05:00:00Z,0.065,2024-07-16,29,7,198
2024-07-16T06:00:00Z,0.095,2024-07-16,29,8,198
2024-07-16T07:00:00Z,0.138,2024-07-16,29,9,198
2024-07-16T08:00:00Z,0.193,2024-07-16,29,10,198
2024-07-16T09:00:00Z,0.237,2024-07-16,29,11,198
2024-07-16T10:00:00Z,0.226,2024-07-16,29,12,198
2024-07-16T11:00:00Z,0.212,2024-07-16,29,13,198
2024-07-16T12:00:00Z,0.219,2024-07-16,29,14,198
2024-07-16T13:00:00Z,0.233,2024-07-16,29,15,198
2024-07-16T14:00:00Z,0.222,2024-07-16,29,16,198
2024-07-16T15:00:00Z,0.199,2024-07-16,29,17,198
2024-07-16T16:00:00Z,0.143,2024-07-16,29,18,198
2024-07-16T17:00:00Z,0.086,2024-07-16,29,19,198
2024-07-16T18:00:00Z,0.032,2024-07-16,29,20,198
2024-07-16T19:00:00Z,0.001,2024-07-16,29,21,198
2024-07-16T20:00:00Z,0,2024-07-16,29,22,198
2024-07-16T21:00:00Z,0,2024-07-16,29,23,198
2024-07-16T22:00:00Z,0,2024-07-17,29,0,199
2024-07-16T23:00:00Z,0,2024-07-17,29,1,199
2024-07-17T00:00:00Z,0,2024-07-17,29,2,199
2024-07-17T01:00:00Z,0,2024-07-17,29,3,199
2024-07-17T02:00:00Z,0,2024-07-17,29,4,199
2024-07-17T03:00:00Z,0.007,2024-07-17,29,5,199
2024-07-17T04:00:00Z,0.054,2024-07-17,29,6,199
2024-07-17T05:00:00Z,0.135,2024-07-17,29,7,199
2024-07-17T06:00:00Z,0.237,2024-07-17,29,8,199
2024-07-17T07:00:00Z,0.355,2024-07-17,29,9,199
2024-07-17T08:00:00Z,0.473,2024-07-17,29,10,199
2024-07-17T09:00:00Z,0.574,2024-07-17,29,11,199
2024-07-17T10:00:00Z,0.626,2024-07-17,29,12,199
2024-07-17T11:00:00Z,0.628,2024-07-17,29,13,199
2024-07-17T12:00:00Z,0.59,2024-07-17,29,14,199
2024-07-17T13:00:00Z,0.502,2024-07-17,29,15,199
2024-07-17T14:00:00Z,0.388,2024-07-17,29,16,199
2024-07-17T15:00:00Z,0.267,2024-07-17,29,17,199
2024-07-17T16:00:00Z,0.179,2024-07-17,29,18,199
2024-07-17T17:00:00Z,0.098,2024-07-17,29,19,199
2024-07-17T18:00:00Z,0.04,2024-07-17,29,20,199
2024-07-17T19:00:00Z,0.002,2024-07-17,29,21,199
2024-07-17T20:00:00Z,0,2024-07-17,29,22,199
2024-07-17T21:00:00Z,0,2024-07-17,29,23,199
2024-07-17T22:00:00Z,0,2024-07-18,29,0,200
2024-07-17T23:00:00Z,0,2024-07-18,29,1,200
2024-07-18T00:00:00Z,0,2024-07-18,29,2,200
2024-07-18T01:00:00Z,0,2024-07-18,29,3,200
2024-07-18T02:00:00Z,0,2024-07-18,29,4,200
2024-07-18T03:00:00Z,0.021,2024-07-18,29,5,200
2024-07-18T04:00:00Z,0.102,2024-07-18,29,6,200
2024-07-18T05:00:00Z,0.209,2024-07-18,29,7,200
2024-07-18T06:00:00Z,0.31,2024-07-18,29,8,200
2024-07-18T07:00:00Z,0.416,2024-07-18,29,9,200
2024-07-18T08:00:00Z,0.518,2024-07-18,29,10,200
2024-07-18T09:00:00Z,0.571,2024-07-18,29,11,200
2024-07-18T10:00:00Z,0.588,2024-07-18,29,12,200
2024-07-18T11:00:00Z,0.587,2024-07-18,29,13,200
2024-07-18T12:00:00Z,0.557,2024-07-18,29,14,200
2024-07-18T13:00:00Z,0.497,2024-07-18,29,15,200
2024-07-18T14:00:00Z,0.412,2024-07-18,29,16,200
2024-07-18T15:00:00Z,0.304,2024-07-18,29,17,200
2024-07-18T16:00:00Z,0.197,2024-07-18,29,18,200
2024-07-18T17:00:00Z,0.101,2024-07-18,29,19,200
2024-07-18T18:00:00Z,0.03,2024-07-18,29,20,200
2024-07-18T19:00:00Z,0.001,2024-07-18,29,21,200
2024-07-18T20:00:00Z,0,2024-07-18,29,22,200
2024-07-18T21:00:00Z,0,2024-07-18,29,23,200
2024-07-18T22:00:00Z,0,2024-07-19,29,0,201
2024-07-18T23:00:00Z,0,2024-07-19,29,1,201
2024-07-19T00:00:00Z,0,2024-07-19,29,2,201
2024-07-19T01:00:00Z,0,2024-07-19,29,3,201
2024-07-19T02:00:00Z,0,2024-07-19,29,4,201
2024-07-19T03:00:00Z,0.013,2024-07-19,29,5,201
2024-07-19T04:00:00Z,0.086,2024-07-19,29,6,201
2024-07-19T05:00:00Z,0.205,2024-07-19,29,7,201
2024-07-19T06:00:00Z,0.331,2024-07-19,29,8,201
2024-07-19T07:00:00Z,0.449,2024-07-19,29,9,201
2024-07-19T08:00:00Z,0.54,2024-07-19,29,10,201
2024-07-19T09:00:00Z,0.592,2024-07-19,29,11,201
2024-07-19T10:00:00Z,0.636,2024-07-19,29,12,201
2024-07-19T11:00:00Z,0.644,2024-07-19,29,13,201
2024-07-19T12:00:00Z,0.612,2024-07-19,29,14,201
2024-07-19T13:00:00Z,0.538,2024-07-19,29,15,201
2024-07-19T14:00:00Z,0.432,2024-07-19,29,16,201
2024-07-19T15:00:00Z,0.315,2024-07-19,29,17,201
2024-07-19T16:00:00Z,0.201,2024-07-19,29,18,201
2024-07-19T17:00:00Z,0.103,2024-07-19,29,19,201
2024-07-19T18:00:00Z,0.037,2024-07-19,29,20,201
2024-07-19T19:00:00Z,0.001,2024-07-19,29,21,201
2024-07-19T20:00:00Z,0,2024-07-19,29,22,201
2024-07-19T21:00:00Z,0,2024-07-19,29,23,201
2024-07-19T22:00:00Z,0,2024-07-20,29,0,202
2024-07-19T23:00:00Z,0,2024-07-20,29,1,202
2024-07-20T00:00:00Z,0,2024-07-20,29,2,202
2024-07-20T01:00:00Z,0,2024-07-20,29,3,202
2024-07-20T02:00:00Z,0,2024-07-20,29,4,202
2024-07-20T03:00:00Z,0.02,2024-07-20,29,5,202
2024-07-20T04:00:00Z,0.101,2024-07-20,29,6,202
2024-07-20T05:00:00Z,0.212,2024-07-20,29,7,202
2024-07-20T06:00:00Z,0.338,2024-07-20,29,8,202
2024-07-20T07:00:00Z,0.46,2024-07-20,29,9,202
2024-07-20T08:00:00Z,0.556,2024-07-20,29,10,202
2024-07-20T09:00:00Z,0.621,2024-07-20,29,11,202
2024-07-20T10:00:00Z,0.65,2024-07-20,29,12,202
2024-07-20T11:00:00Z,0.644,2024-07-20,29,13,202
2024-07-20T12:00:00Z,0.6,2024-07-20,29,14,202
2024-07-20T13:00:00Z,0.524,2024-07-20,29,15,202
2024-07-20T14:00:00Z,0.421,2024-07-20,29,16,202
2024-07-20T15:00:00Z,0.306,2024-07-20,29,17,202
2024-07-20T16:00:00Z,0.196,2024-07-20,29,18,202
2024-07-20T17:00:00Z,0.101,2024-07-20,29,19,202
2024-07-20T18:00:00Z,0.037,2024-07-20,29,20,202
2024-07-20T19:00:00Z,0.001,2024-07-20,29,21,202
2024-07-20T20:00:00Z,0,2024-07-20,29,22,202
2024-07-20T21:00:00Z,0,2024-07-20,29,23,202
2024-07-20T22:00:00Z,0,2024-07-21,29,0,203
2024-07-20T23:00:00Z,0,2024-07-21,29,1,203
2024-07-21T00:00:00Z,0,2024-07-21,29,2,203
2024-07-21T01:00:00Z,0,2024-07-21,29,3,203
2024-07-21T02:00:00Z,0,2024-07-21,29,4,203
2024-07-21T03:00:00Z,0.018,2024-07-21,29,5,203
2024-07-21T04:00:00Z,0.094,2024-07-21,29,6,203
2024-07-21T05:00:00Z,0.192,2024-07-21,29,7,203
2024-07-21T06:00:00Z,0.308,2024-07-21,29,8,203
2024-07-21T07:00:00Z,0.43,2024-07-21,29,9,203
2024-07-21T08:00:00Z,0.517,2024-07-21,29,10,203
2024-07-21T09:00:00Z,0.546,2024-07-21,29,11,203
2024-07-21T10:00:00Z,0.512,2024-07-21,29,12,203
2024-07-21T11:00:00Z,0.452,2024-07-21,29,13,203
2024-07-21T12:00:00Z,0.405,2024-07-21,29,14,203
2024-07-21T13:00:00Z,0.336,2024-07-21,29,15,203
2024-07-21T14:00:00Z,0.235,2024-07-21,29,16,203
2024-07-21T15:00:00Z,0.14,2024-07-21,29,17,203
2024-07-21T16:00:00Z,0.081,2024-07-21,29,18,203
2024-07-21T17:00:00Z,0.044,2024-07-21,29,19,203
2024-07-21T18:00:00Z,0.016,2024-07-21,29,20,203
2024-07-21T19:00:00Z,0,2024-07-21,29,21,203
2024-07-21T20:00:00Z,0,2024-07-21,29,22,203
2024-07-21T21:00:00Z,0,2024-07-21,29,23,203
2024-07-21T22:00:00Z,0,2024-07-22,30,0,204
2024-07-21T23:00:00Z,0,2024-07-22,30,1,204
2024-07-22T00:00:00Z,0,2024-07-22,30,2,204
2024-07-22T01:00:00Z,0,2024-07-22,30,3,204
2024-07-22T02:00:00Z,0,2024-07-22,30,4,204
2024-07-22T03:00:00Z,0,2024-07-22,30,5,204
2024-07-22T04:00:00Z,0.012,2024-07-22,30,6,204
2024-07-22T05:00:00Z,0.044,2024-07-22,30,7,204
2024-07-22T06:00:00Z,0.1,2024-07-22,30,8,204
2024-07-22T07:00:00Z,0.185,2024-07-22,30,9,204
2024-07-22T08:00:00Z,0.284,2024-07-22,30,10,204
2024-07-22T09:00:00Z,0.388,2024-07-22,30,11,204
2024-07-22T10:00:00Z,0.492,2024-07-22,30,12,204
2024-07-22T11:00:00Z,0.536,2024-07-22,30,13,204
2024-07-22T12:00:00Z,0.554,2024-07-22,30,14,204
2024-07-22T13:00:00Z,0.518,2024-07-22,30,15,204
2024-07-22T14:00:00Z,0.439,2024-07-22,30,16,204
2024-07-22T15:00:00Z,0.325,2024-07-22,30,17,204
2024-07-22T16:00:00Z,0.208,2024-07-22,30,18,204
2024-07-22T17:00:00Z,0.107,2024-07-22,30,19,204
2024-07-22T18:00:00Z,0.038,2024-07-22,30,20,204
2024-07-22T19:00:00Z,0.001,2024-07-22,30,21,204
2024-07-22T20:00:00Z,0,2024-07-22,30,22,204
2024-07-22T21:00:00Z,0,2024-07-22,30,23,204
2024-07-22T22:00:00Z,0,2024-07-23,30,0,205
2024-07-22T23:00:00Z,0,2024-07-23,30,1,205
2024-07-23T00:00:00Z,0,2024-07-23,30,2,205
2024-07-23T01:00:00Z,0,2024-07-23,30,3,205
2024-07-23T02:00:00Z,0,2024-07-23,30,4,205
2024-07-23T03:00:00Z,0.011,2024-07-23,30,5,205
2024-07-23T04:00:00Z,0.061,2024-07-23,30,6,205
2024-07-23T05:00:00Z,0.125,2024-07-23,30,7,205
2024-07-23T06:00:00Z,0.202,2024-07-23,30,8,205
2024-07-23T07:00:00Z,0.27,2024-07-23,30,9,205
2024-07-23T08:00:00Z,0.333,2024-07-23,30,10,205
2024-07-23T09:00:00Z,0.395,2024-07-23,30,11,205
2024-07-23T10:00:00Z,0.424,2024-07-23,30,12,205
2024-07-23T11:00:00Z,0.426,2024-07-23,30,13,205
2024-07-23T12:00:00Z,0.389,2024-07-23,30,14,205
2024-07-23T13:00:00Z,0.356,2024-07-23,30,15,205
2024-07-23T14:00:00Z,0.292,2024-07-23,30,16,205
2024-07-23T15:00:00Z,0.223,2024-07-23,30,17,205
2024-07-23T16:00:00Z,0.146,2024-07-23,30,18,205
2024-07-23T17:00:00Z,0.08,2024-07-23,30,19,205
2024-07-23T18:00:00Z,0.028,2024-07-23,30,20,205
2024-07-23T19:00:00Z,0,2024-07-23,30,21,205
2024-07-23T20:00:00Z,0,2024-07-23,30,22,205
2024-07-23T21:00:00Z,0,2024-07-23,30,23,205
2024-07-23T22:00:00Z,0,2024-07-24,30,0,206
2024-07-23T23:00:00Z,0,2024-07-24,30,1,206
2024-07-24T00:00:00Z,0,2024-07-24,30,2,206
2024-07-24T01:00:00Z,0,2024-07-24,30,3,206
2024-07-24T02:00:00Z,0,2024-07-24,30,4,206
2024-07-24T03:00:00Z,0.012,2024-07-24,30,5,206
2024-07-24T04:00:00Z,0.09,2024-07-24,30,6,206
2024-07-24T05:00:00Z,0.205,2024-07-24,30,7,206
2024-07-24T06:00:00Z,0.334,2024-07-24,30,8,206
2024-07-24T07:00:00Z,0.459,2024-07-24,30,9,206
2024-07-24T08:00:00Z,0.558,2024-07-24,30,10,206
2024-07-24T09:00:00Z,0.622,2024-07-24,30,11,206
2024-07-24T10:00:00Z,0.648,2024-07-24,30,12,206
2024-07-24T11:00:00Z,0.642,2024-07-24,30,13,206
2024-07-24T12:00:00Z,0.602,2024-07-24,30,14,206
2024-07-24T13:00:00Z,0.528,2024-07-24,30,15,206
2024-07-24T14:00:00Z,0.421,2024-07-24,30,16,206
2024-07-24T15:00:00Z,0.305,2024-07-24,30,17,206
2024-07-24T16:00:00Z,0.189,2024-07-24,30,18,206
2024-07-24T17:00:00Z,0.094,2024-07-24,30,19,206
2024-07-24T18:00:00Z,0.031,2024-07-24,30,20,206
2024-07-24T19:00:00Z,0,2024-07-24,30,21,206
2024-07-24T20:00:00Z,0,2024-07-24,30,22,206
2024-07-24T21:00:00Z,0,2024-07-24,30,23,206
2024-07-24T22:00:00Z,0,2024-07-25,30,0,207
2024-07-24T23:00:00Z,0,2024-07-25,30,1,207
2024-07-25T00:00:00Z,0,2024-07-25,30,2,207
2024-07-25T01:00:00Z,0,2024-07-25,30,3,207
2024-07-25T02:00:00Z,0,2024-07-25,30,4,207
2024-07-25T03:00:00Z,0.01,2024-07-25,30,5,207
2024-07-25T04:00:00Z,0.078,2024-07-25,30,6,207
2024-07-25T05:00:00Z,0.183,2024-07-25,30,7,207
2024-07-25T06:00:00Z,0.312,2024-07-25,30,8,207
2024-07-25T07:00:00Z,0.436,2024-07-25,30,9,207
2024-07-25T08:00:00Z,0.475,2024-07-25,30,10,207
2024-07-25T09:00:00Z,0.487,2024-07-25,30,11,207
2024-07-25T10:00:00Z,0.491,2024-07-25,30,12,207
2024-07-25T11:00:00Z,0.499,2024-07-25,30,13,207
2024-07-25T12:00:00Z,0.494,2024-07-25,30,14,207
2024-07-25T13:00:00Z,0.446,2024-07-25,30,15,207
2024-07-25T14:00:00Z,0.34,2024-07-25,30,16,207
2024-07-25T15:00:00Z,0.212,2024-07-25,30,17,207
2024-07-25T16:00:00Z,0.123,2024-07-25,30,18,207
2024-07-25T17:00:00Z,0.054,2024-07-25,30,19,207
2024-07-25T18:00:00Z,0.012,2024-07-25,30,20,207
2024-07-25T19:00:00Z,0,2024-07-25,30,21,207
2024-07-25T20:00:00Z,0,2024-07-25,30,22,207
2024-07-25T21:00:00Z,0,2024-07-25,30,23,207
2024-07-25T22:00:00Z,0,2024-07-26,30,0,208
2024-07-25T23:00:00Z,0,2024-07-26,30,1,208
2024-07-26T00:00:00Z,0,2024-07-26,30,2,208
2024-07-26T01:00:00Z,0,2024-07-26,30,3,208
2024-07-26T02:00:00Z,0,2024-07-26,30,4,208
2024-07-26T03:00:00Z,0,2024-07-26,30,5,208
2024-07-26T04:00:00Z,0.018,2024-07-26,30,6,208
2024-07-26T05:00:00Z,0.063,2024-07-26,30,7,208
2024-07-26T06:00:00Z,0.128,2024-07-26,30,8,208
2024-07-26T07:00:00Z,0.199,2024-07-26,30,9,208
2024-07-26T08:00:00Z,0.264,2024-07-26,30,10,208
2024-07-26T09:00:00Z,0.275,2024-07-26,30,11,208
2024-07-26T10:00:00Z,0.234,2024-07-26,30,12,208
2024-07-26T11:00:00Z,0.186,2024-07-26,30,13,208
2024-07-26T12:00:00Z,0.186,2024-07-26,30,14,208
2024-07-26T13:00:00Z,0.198,2024-07-26,30,15,208
2024-07-26T14:00:00Z,0.206,2024-07-26,30,16,208
2024-07-26T15:00:00Z,0.194,2024-07-26,30,17,208
2024-07-26T16:00:00Z,0.146,2024-07-26,30,18,208
2024-07-26T17:00:00Z,0.087,2024-07-26,30,19,208
2024-07-26T18:00:00Z,0.029,2024-07-26,30,20,208
2024-07-26T19:00:00Z,0,2024-07-26,30,21,208
2024-07-26T20:00:00Z,0,2024-07-26,30,22,208
2024-07-26T21:00:00Z,0,2024-07-26,30,23,208
2024-07-26T22:00:00Z,0,2024-07-27,30,0,209
2024-07-26T23:00:00Z,0,2024-07-27,30,1,209
2024-07-27T00:00:00Z,0,2024-07-27,30,2,209
2024-07-27T01:00:00Z,0,2024-07-27,30,3,209
2024-07-27T02:00:00Z,0,2024-07-27,30,4,209
2024-07-27T03:00:00Z,0.01,2024-07-27,30,5,209
2024-07-27T04:00:00Z,0.088,2024-07-27,30,6,209
2024-07-27T05:00:00Z,0.203,2024-07-27,30,7,209
2024-07-27T06:00:00Z,0.336,2024-07-27,30,8,209
2024-07-27T07:00:00Z,0.463,2024-07-27,30,9,209
2024-07-27T08:00:00Z,0.557,2024-07-27,30,10,209
2024-07-27T09:00:00Z,0.632,2024-07-27,30,11,209
2024-07-27T10:00:00Z,0.647,2024-07-27,30,12,209
2024-07-27T11:00:00Z,0.632,2024-07-27,30,13,209
2024-07-27T12:00:00Z,0.592,2024-07-27,30,14,209
2024-07-27T13:00:00Z,0.522,2024-07-27,30,15,209
2024-07-27T14:00:00Z,0.419,2024-07-27,30,16,209
2024-07-27T15:00:00Z,0.297,2024-07-27,30,17,209
2024-07-27T16:00:00Z,0.182,2024-07-27,30,18,209
2024-07-27T17:00:00Z,0.089,2024-07-27,30,19,209
2024-07-27T18:00:00Z,0.028,2024-07-27,30,20,209
2024-07-27T19:00:00Z,0,2024-07-27,30,21,209
2024-07-27T20:00:00Z,0,2024-07-27,30,22,209
2024-07-27T21:00:00Z,0,2024-07-27,30,23,209
2024-07-27T22:00:00Z,0,2024-07-28,30,0,210
2024-07-27T23:00:00Z,0,2024-07-28,30,1,210
2024-07-28T00:00:00Z,0,2024-07-28,30,2,210
2024-07-28T01:00:00Z,0,2024-07-28,30,3,210
2024-07-28T02:00:00Z,0,2024-07-28,30,4,210
2024-07-28T03:00:00Z,0.003,2024-07-28,30,5,210
2024-07-28T04:00:00Z,0.062,2024-07-28,30,6,210
2024-07-28T05:00:00Z,0.176,2024-07-28,30,7,210
2024-07-28T06:00:00Z,0.317,2024-07-28,30,8,210
2024-07-28T07:00:00Z,0.466,2024-07-28,30,9,210
2024-07-28T08:00:00Z,0.577,2024-07-28,30,10,210
2024-07-28T09:00:00Z,0.647,2024-07-28,30,11,210
2024-07-28T10:00:00Z,0.678,2024-07-28,30,12,210
2024-07-28T11:00:00Z,0.672,2024-07-28,30,13,210
2024-07-28T12:00:00Z,0.627,2024-07-28,30,14,210
2024-07-28T13:00:00Z,0.548,2024-07-28,30,15,210
2024-07-28T14:00:00Z,0.436,2024-07-28,30,16,210
2024-07-28T15:00:00Z,0.312,2024-07-28,30,17,210
2024-07-28T16:00:00Z,0.188,2024-07-28,30,18,210
2024-07-28T17:00:00Z,0.091,2024-07-28,30,19,210
2024-07-28T18:00:00Z,0.029,2024-07-28,30,20,210
2024-07-28T19:00:00Z,0,2024-07-28,30,21,210
2024-07-28T20:00:00Z,0,2024-07-28,30,22,210
2024-07-28T21:00:00Z,0,2024-07-28,30,23,210
2024-07-28T22:00:00Z,0,2024-07-29,31,0,211
2024-07-28T23:00:00Z,0,2024-07-29,31,1,211
2024-07-29T00:00:00Z,0,2024-07-29,31,2,211
2024-07-29T01:00:00Z,0,2024-07-29,31,3,211
2024-07-29T02:00:00Z,0,2024-07-29,31,4,211
2024-07-29T03:00:00Z,0.008,2024-07-29,31,5,211
2024-07-29T04:00:00Z,0.087,2024-07-29,31,6,211
2024-07-29T05:00:00Z,0.194,2024-07-29,31,7,211
2024-07-29T06:00:00Z,0.311,2024-07-29,31,8,211
2024-07-29T07:00:00Z,0.397,2024-07-29,31,9,211
2024-07-29T08:00:00Z,0.411,2024-07-29,31,10,211
2024-07-29T09:00:00Z,0.446,2024-07-29,31,11,211
2024-07-29T10:00:00Z,0.526,2024-07-29,31,12,211
2024-07-29T11:00:00Z,0.579,2024-07-29,31,13,211
2024-07-29T12:00:00Z,0.54,2024-07-29,31,14,211
2024-07-29T13:00:00Z,0.459,2024-07-29,31,15,211
2024-07-29T14:00:00Z,0.354,2024-07-29,31,16,211
2024-07-29T15:00:00Z,0.244,2024-07-29,31,17,211
2024-07-29T16:00:00Z,0.146,2024-07-29,31,18,211
2024-07-29T17:00:00Z,0.071,2024-07-29,31,19,211
2024-07-29T18:00:00Z,0.021,2024-07-29,31,20,211
2024-07-29T19:00:00Z,0,2024-07-29,31,21,211
2024-07-29T20:00:00Z,0,2024-07-29,31,22,211
2024-07-29T21:00:00Z,0,2024-07-29,31,23,211
2024-07-29T22:00:00Z,0,2024-07-30,31,0,212
2024-07-29T23:00:00Z,0,2024-07-30,31,1,212
2024-07-30T00:00:00Z,0,2024-07-30,31,2,212
2024-07-30T01:00:00Z,0,2024-07-30,31,3,212
2024-07-30T02:00:00Z,0,2024-07-30,31,4,212
2024-07-30T03:00:00Z,0.005,2024-07-30,31,5,212
2024-07-30T04:00:00Z,0.062,2024-07-30,31,6,212
2024-07-30T05:00:00Z,0.155,2024-07-30,31,7,212
2024-07-30T06:00:00Z,0.266,2024-07-30,31,8,212
2024-07-30T07:00:00Z,0.374,2024-07-30,31,9,212
2024-07-30T08:00:00Z,0.461,2024-07-30,31,10,212
2024-07-30T09:00:00Z,0.541,2024-07-30,31,11,212
2024-07-30T10:00:00Z,0.62,2024-07-30,31,12,212
2024-07-30T11:00:00Z,0.641,2024-07-30,31,13,212
2024-07-30T12:00:00Z,0.612,2024-07-30,31,14,212
2024-07-30T13:00:00Z,0.536,2024-07-30,31,15,212
2024-07-30T14:00:00Z,0.426,2024-07-30,31,16,212
2024-07-30T15:00:00Z,0.307,2024-07-30,31,17,212
2024-07-30T16:00:00Z,0.19,2024-07-30,31,18,212
2024-07-30T17:00:00Z,0.091,2024-07-30,31,19,212
2024-07-30T18:00:00Z,0.026,2024-07-30,31,20,212
2024-07-30T19:00:00Z,0,2024-07-30,31,21,212
2024-07-30T20:00:00Z,0,2024-07-30,31,22,212
2024-07-30T21:00:00Z,0,2024-07-30,31,23,212
2024-07-30T22:00:00Z,0,2024-07-31,31,0,213
2024-07-30T23:00:00Z,0,2024-07-31,31,1,213
2024-07-31T00:00:00Z,0,2024-07-31,31,2,213
2024-07-31T01:00:00Z,0,2024-07-31,31,3,213
2024-07-31T02:00:00Z,0,2024-07-31,31,4,213
2024-07-31T03:00:00Z,0.004,2024-07-31,31,5,213
2024-07-31T04:00:00Z,0.068,2024-07-31,31,6,213
2024-07-31T05:00:00Z,0.187,2024-07-31,31,7,213
2024-07-31T06:00:00Z,0.318,2024-07-31,31,8,213
2024-07-31T07:00:00Z,0.447,2024-07-31,31,9,213
2024-07-31T08:00:00Z,0.547,2024-07-31,31,10,213
2024-07-31T09:00:00Z,0.613,2024-07-31,31,11,213
2024-07-31T10:00:00Z,0.623,2024-07-31,31,12,213
2024-07-31T11:00:00Z,0.609,2024-07-31,31,13,213
2024-07-31T12:00:00Z,0.574,2024-07-31,31,14,213
2024-07-31T13:00:00Z,0.518,2024-07-31,31,15,213
2024-07-31T14:00:00Z,0.43,2024-07-31,31,16,213
2024-07-31T15:00:00Z,0.31,2024-07-31,31,17,213
2024-07-31T16:00:00Z,0.192,2024-07-31,31,18,213
2024-07-31T17:00:00Z,0.091,2024-07-31,31,19,213
2024-07-31T18:00:00Z,0.025,2024-07-31,31,20,213
2024-07-31T19:00:00Z,0,2024-07-31,31,21,213
2024-07-31T20:00:00Z,0,2024-07-31,31,22,213
2024-07-31T21:00:00Z,0,2024-07-31,31,23,213
2024-07-31T22:00:00Z,0,2024-08-01,31,0,214
2024-07-31T23:00:00Z,0,2024-08-01,31,1,214
2024-08-01T00:00:00Z,0,2024-08-01,31,2,214
2024-08-01T01:00:00Z,0,2024-08-01,31,3,214
2024-08-01T02:00:00Z,0,2024-08-01,31,4,214
2024-08-01T03:00:00Z,0.004,2024-08-01,31,5,214
2024-08-01T04:00:00Z,0.075,2024-08-01,31,6,214
2024-08-01T05:00:00Z,0.187,2024-08-01,31,7,214
2024-08-01T06:00:00Z,0.319,2024-08-01,31,8,214
2024-08-01T07:00:00Z,0.456,2024-08-01,31,9,214
2024-08-01T08:00:00Z,0.569,2024-08-01,31,10,214
2024-08-01T09:00:00Z,0.639,2024-08-01,31,11,214
2024-08-01T10:00:00Z,0.664,2024-08-01,31,12,214
2024-08-01T11:00:00Z,0.654,2024-08-01,31,13,214
2024-08-01T12:00:00Z,0.608,2024-08-01,31,14,214
2024-08-01T13:00:00Z,0.529,2024-08-01,31,15,214
2024-08-01T14:00:00Z,0.42,2024-08-01,31,16,214
2024-08-01T15:00:00Z,0.301,2024-08-01,31,17,214
2024-08-01T16:00:00Z,0.184,2024-08-01,31,18,214
2024-08-01T17:00:00Z,0.086,2024-08-01,31,19,214
2024-08-01T18:00:00Z,0.021,2024-08-01,31,20,214
2024-08-01T19:00:00Z,0,2024-08-01,31,21,214
2024-08-01T20:00:00Z,0,2024-08-01,31,22,214
2024-08-01T21:00:00Z,0,2024-08-01,31,23,214
2024-08-01T22:00:00Z,0,2024-08-02,31,0,215
2024-08-01T23:00:00Z,0,2024-08-02,31,1,215
2024-08-02T00:00:00Z,0,2024-08-02,31,2,215
2024-08-02T01:00:00Z,0,2024-08-02,31,3,215
2024-08-02T02:00:00Z,0,2024-08-02,31,4,215
2024-08-02T03:00:00Z,0.001,2024-08-02,31,5,215
2024-08-02T04:00:00Z,0.029,2024-08-02,31,6,215
2024-08-02T05:00:00Z,0.085,2024-08-02,31,7,215
2024-08-02T06:00:00Z,0.163,2024-08-02,31,8,215
2024-08-02T07:00:00Z,0.26,2024-08-02,31,9,215
2024-08-02T08:00:00Z,0.36,2024-08-02,31,10,215
2024-08-02T09:00:00Z,0.436,2024-08-02,31,11,215
2024-08-02T10:00:00Z,0.478,2024-08-02,31,12,215
2024-08-02T11:00:00Z,0.494,2024-08-02,31,13,215
2024-08-02T12:00:00Z,0.487,2024-08-02,31,14,215
2024-08-02T13:00:00Z,0.433,2024-08-02,31,15,215
2024-08-02T14:00:00Z,0.342,2024-08-02,31,16,215
2024-08-02T15:00:00Z,0.255,2024-08-02,31,17,215
2024-08-02T16:00:00Z,0.159,2024-08-02,31,18,215
2024-08-02T17:00:00Z,0.077,2024-08-02,31,19,215
2024-08-02T18:00:00Z,0.02,2024-08-02,31,20,215
2024-08-02T19:00:00Z,0,2024-08-02,31,21,215
2024-08-02T20:00:00Z,0,2024-08-02,31,22,215
2024-08-02T21:00:00Z,0,2024-08-02,31,23,215
2024-08-02T22:00:00Z,0,2024-08-03,31,0,216
2024-08-02T23:00:00Z,0,2024-08-03,31,1,216
2024-08-03T00:00:00Z,0,2024-08-03,31,2,216
2024-08-03T01:00:00Z,0,2024-08-03,31,3,216
2024-08-03T02:00:00Z,0,2024-08-03,31,4,216
2024-08-03T03:00:00Z,0.001,2024-08-03,31,5,216
2024-08-03T04:00:00Z,0.053,2024-08-03,31,6,216
2024-08-03T05:00:00Z,0.155,2024-08-03,31,7,216
2024-08-03T06:00:00Z,0.275,2024-08-03,31,8,216
2024-08-03T07:00:00Z,0.386,2024-08-03,31,9,216
2024-08-03T08:00:00Z,0.449,2024-08-03,31,10,216
2024-08-03T09:00:00Z,0.462,2024-08-03,31,11,216
2024-08-03T10:00:00Z,0.452,2024-08-03,31,12,216
2024-08-03T11:00:00Z,0.414,2024-08-03,31,13,216
2024-08-03T12:00:00Z,0.365,2024-08-03,31,14,216
2024-08-03T13:00:00Z,0.31,2024-08-03,31,15,216
2024-08-03T14:00:00Z,0.236,2024-08-03,31,16,216
2024-08-03T15:00:00Z,0.163,2024-08-03,31,17,216
2024-08-03T16:00:00Z,0.089,2024-08-03,31,18,216
2024-08-03T17:00:00Z,0.037,2024-08-03,31,19,216
2024-08-03T18:00:00Z,0.005,2024-08-03,31,20,216
2024-08-03T19:00:00Z,0,2024-08-03,31,21,216
2024-08-03T20:00:00Z,0,2024-08-03,31,22,216
2024-08-03T21:00:00Z,0,2024-08-03,31,23,216
2024-08-03T22:00:00Z,0,2024-08-04,31,0,217
2024-08-03T23:00:00Z,0,2024-08-04,31,1,217
2024-08-04T00:00:00Z,0,2024-08-04,31,2,217
2024-08-04T01:00:00Z,0,2024-08-04,31,3,217
2024-08-04T02:00:00Z,0,2024-08-04,31,4,217
2024-08-04T03:00:00Z,0,2024-08-04,31,5,217
2024-08-04T04:00:00Z,0.024,2024-08-04,31,6,217
2024-08-04T05:00:00Z,0.074,2024-08-04,31,7,217
2024-08-04T06:00:00Z,0.137,2024-08-04,31,8,217
2024-08-04T07:00:00Z,0.214,2024-08-04,31,9,217
2024-08-04T08:00:00Z,0.293,2024-08-04,31,10,217
2024-08-04T09:00:00Z,0.392,2024-08-04,31,11,217
2024-08-04T10:00:00Z,0.464,2024-08-04,31,12,217
2024-08-04T11:00:00Z,0.503,2024-08-04,31,13,217
2024-08-04T12:00:00Z,0.509,2024-08-04,31,14,217
2024-08-04T13:00:00Z,0.457,2024-08-04,31,15,217
2024-08-04T14:00:00Z,0.383,2024-08-04,31,16,217
2024-08-04T15:00:00Z,0.281,2024-08-04,31,17,217
2024-08-04T16:00:00Z,0.177,2024-08-04,31,18,217
2024-08-04T17:00:00Z,0.086,2024-08-04,31,19,217
2024-08-04T18:00:00Z,0.02,2024-08-04,31,20,217
2024-08-04T19:00:00Z,0,2024-08-04,31,21,217
2024-08-04T20:00:00Z,0,2024-08-04,31,22,217
2024-08-04T21:00:00Z,0,2024-08-04,31,23,217
2024-08-04T22:00:00Z,0,2024-08-05,32,0,218
2024-08-04T23:00:00Z,0,2024-08-05,32,1,218
2024-08-05T00:00:00Z,0,2024-08-05,32,2,218
2024-08-05T01:00:00Z,0,2024-08-05,32,3,218
2024-08-05T02:00:00Z,0,2024-08-05,32,4,218
2024-08-05T03:00:00Z,0.002,2024-08-05,32,5,218
2024-08-05T04:00:00Z,0.069,2024-08-05,32,6,218
2024-08-05T05:00:00Z,0.182,2024-08-05,32,7,218
2024-08-05T06:00:00Z,0.32,2024-08-05,32,8,218
2024-08-05T07:00:00Z,0.446,2024-08-05,32,9,218
2024-08-05T08:00:00Z,0.543,2024-08-05,32,10,218
2024-08-05T09:00:00Z,0.612,2024-08-05,32,11,218
2024-08-05T10:00:00Z,0.645,2024-08-05,32,12,218
2024-08-05T11:00:00Z,0.627,2024-08-05,32,13,218
2024-08-05T12:00:00Z,0.558,2024-08-05,32,14,218
2024-08-05T13:00:00Z,0.469,2024-08-05,32,15,218
2024-08-05T14:00:00Z,0.365,2024-08-05,32,16,218
2024-08-05T15:00:00Z,0.269,2024-08-05,32,17,218
2024-08-05T16:00:00Z,0.166,2024-08-05,32,18,218
2024-08-05T17:00:00Z,0.076,2024-08-05,32,19,218
2024-08-05T18:00:00Z,0.015,2024-08-05,32,20,218
2024-08-05T19:00:00Z,0,2024-08-05,32,21,218
2024-08-05T20:00:00Z,0,2024-08-05,32,22,218
2024-08-05T21:00:00Z,0,2024-08-05,32,23,218
2024-08-05T22:00:00Z,0,2024-08-06,32,0,219
2024-08-05T23:00:00Z,0,2024-08-06,32,1,219
2024-08-06T00:00:00Z,0,2024-08-06,32,2,219
2024-08-06T01:00:00Z,0,2024-08-06,32,3,219
2024-08-06T02:00:00Z,0,2024-08-06,32,4,219
2024-08-06T03:00:00Z,0.001,2024-08-06,32,5,219
2024-08-06T04:00:00Z,0.067,2024-08-06,32,6,219
2024-08-06T05:00:00Z,0.179,2024-08-06,32,7,219
2024-08-06T06:00:00Z,0.311,2024-08-06,32,8,219
2024-08-06T07:00:00Z,0.441,2024-08-06,32,9,219
2024-08-06T08:00:00Z,0.544,2024-08-06,32,10,219
2024-08-06T09:00:00Z,0.613,2024-08-06,32,11,219
2024-08-06T10:00:00Z,0.64,2024-08-06,32,12,219
2024-08-06T11:00:00Z,0.618,2024-08-06,32,13,219
2024-08-06T12:00:00Z,0.549,2024-08-06,32,14,219
2024-08-06T13:00:00Z,0.452,2024-08-06,32,15,219
2024-08-06T14:00:00Z,0.337,2024-08-06,32,16,219
2024-08-06T15:00:00Z,0.238,2024-08-06,32,17,219
2024-08-06T16:00:00Z,0.144,2024-08-06,32,18,219
2024-08-06T17:00:00Z,0.066,2024-08-06,32,19,219
2024-08-06T18:00:00Z,0.012,2024-08-06,32,20,219
2024-08-06T19:00:00Z,0,2024-08-06,32,21,219
2024-08-06T20:00:00Z,0,2024-08-06,32,22,219
2024-08-06T21:00:00Z,0,2024-08-06,32,23,219
2024-08-06T22:00:00Z,0,2024-08-07,32,0,220
2024-08-06T23:00:00Z,0,2024-08-07,32,1,220
2024-08-07T00:00:00Z,0,2024-08-07,32,2,220
2024-08-07T01:00:00Z,0,2024-08-07,32,3,220
2024-08-07T02:00:00Z,0,2024-08-07,32,4,220
2024-08-07T03:00:00Z,0,2024-08-07,32,5,220
2024-08-07T04:00:00Z,0.043,2024-08-07,32,6,220
2024-08-07T05:00:00Z,0.134,2024-08-07,32,7,220
2024-08-07T06:00:00Z,0.233,2024-08-07,32,8,220
2024-08-07T07:00:00Z,0.327,2024-08-07,32,9,220
2024-08-07T08:00:00Z,0.403,2024-08-07,32,10,220
2024-08-07T09:00:00Z,0.425,2024-08-07,32,11,220
2024-08-07T10:00:00Z,0.392,2024-08-07,32,12,220
2024-08-07T11:00:00Z,0.322,2024-08-07,32,13,220
2024-08-07T12:00:00Z,0.258,2024-08-07,32,14,220
2024-08-07T13:00:00Z,0.192,2024-08-07,32,15,220
2024-08-07T14:00:00Z,0.139,2024-08-07,32,16,220
2024-08-07T15:00:00Z,0.102,2024-08-07,32,17,220
2024-08-07T16:00:00Z,0.069,2024-08-07,32,18,220
2024-08-07T17:00:00Z,0.035,2024-08-07,32,19,220
2024-08-07T18:00:00Z,0.007,2024-08-07,32,20,220
2024-08-07T19:00:00Z,0,2024-08-07,32,21,220
2024-08-07T20:00:00Z,0,2024-08-07,32,22,220
2024-08-07T21:00:00Z,0,2024-08-07,32,23,220
2024-08-07T22:00:00Z,0,2024-08-08,32,0,221
2024-08-07T23:00:00Z,0,2024-08-08,32,1,221
2024-08-08T00:00:00Z,0,2024-08-08,32,2,221
2024-08-08T01:00:00Z,0,2024-08-08,32,3,221
2024-08-08T02:00:00Z,0,2024-08-08,32,4,221
2024-08-08T03:00:00Z,0,2024-08-08,32,5,221
2024-08-08T04:00:00Z,0.035,2024-08-08,32,6,221
2024-08-08T05:00:00Z,0.1,2024-08-08,32,7,221
2024-08-08T06:00:00Z,0.159,2024-08-08,32,8,221
2024-08-08T07:00:00Z,0.193,2024-08-08,32,9,221
2024-08-08T08:00:00Z,0.228,2024-08-08,32,10,221
2024-08-08T09:00:00Z,0.321,2024-08-08,32,11,221
2024-08-08T10:00:00Z,0.438,2024-08-08,32,12,221
2024-08-08T11:00:00Z,0.53,2024-08-08,32,13,221
2024-08-08T12:00:00Z,0.544,2024-08-08,32,14,221
2024-08-08T13:00:00Z,0.5,2024-08-08,32,15,221
2024-08-08T14:00:00Z,0.378,2024-08-08,32,16,221
2024-08-08T15:00:00Z,0.27,2024-08-08,32,17,221
2024-08-08T16:00:00Z,0.148,2024-08-08,32,18,221
2024-08-08T17:00:00Z,0.06,2024-08-08,32,19,221
2024-08-08T18:00:00Z,0.008,2024-08-08,32,20,221
2024-08-08T19:00:00Z,0,2024-08-08,32,21,221
2024-08-08T20:00:00Z,0,2024-08-08,32,22,221
2024-08-08T21:00:00Z,0,2024-08-08,32,23,221
2024-08-08T22:00:00Z,0,2024-08-09,32,0,222
2024-08-08T23:00:00Z,0,2024-08-09,32,1,222
2024-08-09T00:00:00Z,0,2024-08-09,32,2,222
2024-08-09T01:00:00Z,0,2024-08-09,32,3,222
2024-08-09T02:00:00Z,0,2024-08-09,32,4,222
2024-08-09T03:00:00Z,0,2024-08-09,32,5,222
2024-08-09T04:00:00Z,0.005,2024-08-09,32,6,222
2024-08-09T05:00:00Z,0.028,2024-08-09,32,7,222
2024-08-09T06:00:00Z,0.047,2024-08-09,32,8,222
2024-08-09T07:00:00Z,0.058,2024-08-09,32,9,222
2024-08-09T08:00:00Z,0.071,2024-08-09,32,10,222
2024-08-09T09:00:00Z,0.091,2024-08-09,32,11,222
2024-08-09T10:00:00Z,0.172,2024-08-09,32,12,222
2024-08-09T11:00:00Z,0.337,2024-08-09,32,13,222
2024-08-09T12:00:00Z,0.443,2024-08-09,32,14,222
2024-08-09T13:00:00Z,0.43,2024-08-09,32,15,222
2024-08-09T14:00:00Z,0.366,2024-08-09,32,16,222
2024-08-09T15:00:00Z,0.269,2024-08-09,32,17,222
2024-08-09T16:00:00Z,0.157,2024-08-09,32,18,222
2024-08-09T17:00:00Z,0.073,2024-08-09,32,19,222
2024-08-09T18:00:00Z,0.013,2024-08-09,32,20,222
2024-08-09T19:00:00Z,0,2024-08-09,32,21,222
2024-08-09T20:00:00Z,0,2024-08-09,32,22,222
2024-08-09T21:00:00Z,0,2024-08-09,32,23,222
2024-08-09T22:00:00Z,0,2024-08-10,32,0,223
2024-08-09T23:00:00Z,0,2024-08-10,32,1,223
2024-08-10T00:00:00Z,0,2024-08-10,32,2,223
2024-08-10T01:00:00Z,0,2024-08-10,32,3,223
2024-08-10T02:00:00Z,0,2024-08-10,32,4,223
2024-08-10T03:00:00Z,0,2024-08-10,32,5,223
2024-08-10T04:00:00Z,0.046,2024-08-10,32,6,223
2024-08-10T05:00:00Z,0.165,2024-08-10,32,7,223
2024-08-10T06:00:00Z,0.302,2024-08-10,32,8,223
2024-08-10T07:00:00Z,0.435,2024-08-10,32,9,223
2024-08-10T08:00:00Z,0.54,2024-08-10,32,10,223
2024-08-10T09:00:00Z,0.608,2024-08-10,32,11,223
2024-08-10T10:00:00Z,0.64,2024-08-10,32,12,223
2024-08-10T11:00:00Z,0.637,2024-08-10,32,13,223
2024-08-10T12:00:00Z,0.594,2024-08-10,32,14,223
2024-08-10T13:00:00Z,0.521,2024-08-10,32,15,223
2024-08-10T14:00:00Z,0.414,2024-08-10,32,16,223
2024-08-10T15:00:00Z,0.295,2024-08-10,32,17,223
2024-08-10T16:00:00Z,0.174,2024-08-10,32,18,223
2024-08-10T17:00:00Z,0.076,2024-08-10,32,19,223
2024-08-10T18:00:00Z,0.011,2024-08-10,32,20,223
2024-08-10T19:00:00Z,0,2024-08-10,32,21,223
2024-08-10T20:00:00Z,0,2024-08-10,32,22,223
2024-08-10T21:00:00Z,0,2024-08-10,32,23,223
2024-08-10T22:00:00Z,0,2024-08-11,32,0,224
2024-08-10T23:00:00Z,0,2024-08-11,32,1,224
2024-08-11T00:00:00Z,0,2024-08-11,32,2,224
2024-08-11T01:00:00Z,0,2024-08-11,32,3,224
2024-08-11T02:00:00Z,0,2024-08-11,32,4,224
2024-08-11T03:00:00Z,0,2024-08-11,32,5,224
2024-08-11T04:00:00Z,0.058,2024-08-11,32,6,224
2024-08-11T05:00:00Z,0.176,2024-08-11,32,7,224
2024-08-11T06:00:00Z,0.315,2024-08-11,32,8,224
2024-08-11T07:00:00Z,0.452,2024-08-11,32,9,224
2024-08-11T08:00:00Z,0.56,2024-08-11,32,10,224
2024-08-11T09:00:00Z,0.628,2024-08-11,32,11,224
2024-08-11T10:00:00Z,0.658,2024-08-11,32,12,224
2024-08-11T11:00:00Z,0.651,2024-08-11,32,13,224
2024-08-11T12:00:00Z,0.606,2024-08-11,32,14,224
2024-08-11T13:00:00Z,0.524,2024-08-11,32,15,224
2024-08-11T14:00:00Z,0.409,2024-08-11,32,16,224
2024-08-11T15:00:00Z,0.288,2024-08-11,32,17,224
2024-08-11T16:00:00Z,0.166,2024-08-11,32,18,224
2024-08-11T17:00:00Z,0.07,2024-08-11,32,19,224
2024-08-11T18:00:00Z,0.01,2024-08-11,32,20,224
2024-08-11T19:00:00Z,0,2024-08-11,32,21,224
2024-08-11T20:00:00Z,0,2024-08-11,32,22,224
2024-08-11T21:00:00Z,0,2024-08-11,32,23,224
2024-08-11T22:00:00Z,0,2024-08-12,33,0,225
2024-08-11T23:00:00Z,0,2024-08-12,33,1,225
2024-08-12T00:00:00Z,0,2024-08-12,33,2,225
2024-08-12T01:00:00Z,0,2024-08-12,33,3,225
2024-08-12T02:00:00Z,0,2024-08-12,33,4,225
2024-08-12T03:00:00Z,0,2024-08-12,33,5,225
2024-08-12T04:00:00Z,0.063,2024-08-12,33,6,225
2024-08-12T05:00:00Z,0.181,2024-08-12,33,7,225
2024-08-12T06:00:00Z,0.32,2024-08-12,33,8,225
2024-08-12T07:00:00Z,0.456,2024-08-12,33,9,225
2024-08-12T08:00:00Z,0.566,2024-08-12,33,10,225
2024-08-12T09:00:00Z,0.638,2024-08-12,33,11,225
2024-08-12T10:00:00Z,0.667,2024-08-12,33,12,225
2024-08-12T11:00:00Z,0.656,2024-08-12,33,13,225
2024-08-12T12:00:00Z,0.598,2024-08-12,33,14,225
2024-08-12T13:00:00Z,0.503,2024-08-12,33,15,225
2024-08-12T14:00:00Z,0.393,2024-08-12,33,16,225
2024-08-12T15:00:00Z,0.282,2024-08-12,33,17,225
2024-08-12T16:00:00Z,0.171,2024-08-12,33,18,225
2024-08-12T17:00:00Z,0.073,2024-08-12,33,19,225
2024-08-12T18:00:00Z,0.01,2024-08-12,33,20,225
2024-08-12T19:00:00Z,0,2024-08-12,33,21,225
2024-08-12T20:00:00Z,0,2024-08-12,33,22,225
2024-08-12T21:00:00Z,0,2024-08-12,33,23,225
2024-08-12T22:00:00Z,0,2024-08-13,33,0,226
2024-08-12T23:00:00Z,0,2024-08-13,33,1,226
2024-08-13T00:00:00Z,0,2024-08-13,33,2,226
2024-08-13T01:00:00Z,0,2024-08-13,33,3,226
2024-08-13T02:00:00Z,0,2024-08-13,33,4,226
2024-08-13T03:00:00Z,0,2024-08-13,33,5,226
2024-08-13T04:00:00Z,0.037,2024-08-13,33,6,226
2024-08-13T05:00:00Z,0.121,2024-08-13,33,7,226
2024-08-13T06:00:00Z,0.23,2024-08-13,33,8,226
2024-08-13T07:00:00Z,0.362,2024-08-13,33,9,226
2024-08-13T08:00:00Z,0.466,2024-08-13,33,10,226
2024-08-13T09:00:00Z,0.487,2024-08-13,33,11,226
2024-08-13T10:00:00Z,0.503,2024-08-13,33,12,226
2024-08-13T11:00:00Z,0.488,2024-08-13,33,13,226
2024-08-13T12:00:00Z,0.452,2024-08-13,33,14,226
2024-08-13T13:00:00Z,0.382,2024-08-13,33,15,226
2024-08-13T14:00:00Z,0.297,2024-08-13,33,16,226
2024-08-13T15:00:00Z,0.224,2024-08-13,33,17,226
2024-08-13T16:00:00Z,0.134,2024-08-13,33,18,226
2024-08-13T17:00:00Z,0.056,2024-08-13,33,19,226
2024-08-13T18:00:00Z,0.005,2024-08-13,33,20,226
2024-08-13T19:00:00Z,0,2024-08-13,33,21,226
2024-08-13T20:00:00Z,0,2024-08-13,33,22,226
2024-08-13T21:00:00Z,0,2024-08-13,33,23,226
2024-08-13T22:00:00Z,0,2024-08-14,33,0,227
2024-08-13T23:00:00Z,0,2024-08-14,33,1,227
2024-08-14T00:00:00Z,0,2024-08-14,33,2,227
2024-08-14T01:00:00Z,0,2024-08-14,33,3,227
2024-08-14T02:00:00Z,0,2024-08-14,33,4,227
2024-08-14T03:00:00Z,0,2024-08-14,33,5,227
2024-08-14T04:00:00Z,0.016,2024-08-14,33,6,227
2024-08-14T05:00:00Z,0.063,2024-08-14,33,7,227
2024-08-14T06:00:00Z,0.11,2024-08-14,33,8,227
2024-08-14T07:00:00Z,0.183,2024-08-14,33,9,227
2024-08-14T08:00:00Z,0.296,2024-08-14,33,10,227
2024-08-14T09:00:00Z,0.412,2024-08-14,33,11,227
2024-08-14T10:00:00Z,0.463,2024-08-14,33,12,227
2024-08-14T11:00:00Z,0.485,2024-08-14,33,13,227
2024-08-14T12:00:00Z,0.465,2024-08-14,33,14,227
2024-08-14T13:00:00Z,0.398,2024-08-14,33,15,227
2024-08-14T14:00:00Z,0.282,2024-08-14,33,16,227
2024-08-14T15:00:00Z,0.169,2024-08-14,33,17,227
2024-08-14T16:00:00Z,0.084,2024-08-14,33,18,227
2024-08-14T17:00:00Z,0.024,2024-08-14,33,19,227
2024-08-14T18:00:00Z,0,2024-08-14,33,20,227
2024-08-14T19:00:00Z,0,2024-08-14,33,21,227
2024-08-14T20:00:00Z,0,2024-08-14,33,22,227
2024-08-14T21:00:00Z,0,2024-08-14,33,23,227
2024-08-14T22:00:00Z,0,2024-08-15,33,0,228
2024-08-14T23:00:00Z,0,2024-08-15,33,1,228
2024-08-15T00:00:00Z,0,2024-08-15,33,2,228
2024-08-15T01:00:00Z,0,2024-08-15,33,3,228
2024-08-15T02:00:00Z,0,2024-08-15,33,4,228
2024-08-15T03:00:00Z,0,2024-08-15,33,5,228
2024-08-15T04:00:00Z,0.02,2024-08-15,33,6,228
2024-08-15T05:00:00Z,0.105,2024-08-15,33,7,228
2024-08-15T06:00:00Z,0.236,2024-08-15,33,8,228
2024-08-15T07:00:00Z,0.374,2024-08-15,33,9,228
2024-08-15T08:00:00Z,0.492,2024-08-15,33,10,228
2024-08-15T09:00:00Z,0.583,2024-08-15,33,11,228
2024-08-15T10:00:00Z,0.621,2024-08-15,33,12,228
2024-08-15T11:00:00Z,0.613,2024-08-15,33,13,228
2024-08-15T12:00:00Z,0.558,2024-08-15,33,14,228
2024-08-15T13:00:00Z,0.443,2024-08-15,33,15,228
2024-08-15T14:00:00Z,0.291,2024-08-15,33,16,228
2024-08-15T15:00:00Z,0.168,2024-08-15,33,17,228
2024-08-15T16:00:00Z,0.076,2024-08-15,33,18,228
2024-08-15T17:00:00Z,0.021,2024-08-15,33,19,228
2024-08-15T18:00:00Z,0,2024-08-15,33,20,228
2024-08-15T19:00:00Z,0,2024-08-15,33,21,228
2024-08-15T20:00:00Z,0,2024-08-15,33,22,228
2024-08-15T21:00:00Z,0,2024-08-15,33,23,228
2024-08-15T22:00:00Z,0,2024-08-16,33,0,229
2024-08-15T23:00:00Z,0,2024-08-16,33,1,229
2024-08-16T00:00:00Z,0,2024-08-16,33,2,229
2024-08-16T01:00:00Z,0,2024-08-16,33,3,229
2024-08-16T02:00:00Z,0,2024-08-16,33,4,229
2024-08-16T03:00:00Z,0,2024-08-16,33,5,229
2024-08-16T04:00:00Z,0.01,2024-08-16,33,6,229
2024-08-16T05:00:00Z,0.056,2024-08-16,33,7,229
2024-08-16T06:00:00Z,0.124,2024-08-16,33,8,229
2024-08-16T07:00:00Z,0.196,2024-08-16,33,9,229
2024-08-16T08:00:00Z,0.259,2024-08-16,33,10,229
2024-08-16T09:00:00Z,0.317,2024-08-16,33,11,229
2024-08-16T10:00:00Z,0.406,2024-08-16,33,12,229
2024-08-16T11:00:00Z,0.464,2024-08-16,33,13,229
2024-08-16T12:00:00Z,0.474,2024-08-16,33,14,229
2024-08-16T13:00:00Z,0.437,2024-08-16,33,15,229
2024-08-16T14:00:00Z,0.362,2024-08-16,33,16,229
2024-08-16T15:00:00Z,0.256,2024-08-16,33,17,229
2024-08-16T16:00:00Z,0.153,2024-08-16,33,18,229
2024-08-16T17:00:00Z,0.063,2024-08-16,33,19,229
2024-08-16T18:00:00Z,0.005,2024-08-16,33,20,229
2024-08-16T19:00:00Z,0,2024-08-16,33,21,229
2024-08-16T20:00:00Z,0,2024-08-16,33,22,229
2024-08-16T21:00:00Z,0,2024-08-16,33,23,229
2024-08-16T22:00:00Z,0,2024-08-17,33,0,230
2024-08-16T23:00:00Z,0,2024-08-17,33,1,230
2024-08-17T00:00:00Z,0,2024-08-17,33,2,230
2024-08-17T01:00:00Z,0,2024-08-17,33,3,230
2024-08-17T02:00:00Z,0,2024-08-17,33,4,230
2024-08-17T03:00:00Z,0,2024-08-17,33,5,230
2024-08-17T04:00:00Z,0.019,2024-08-17,33,6,230
2024-08-17T05:00:00Z,0.107,2024-08-17,33,7,230
2024-08-17T06:00:00Z,0.257,2024-08-17,33,8,230
2024-08-17T07:00:00Z,0.39,2024-08-17,33,9,230
2024-08-17T08:00:00Z,0.491,2024-08-17,33,10,230
2024-08-17T09:00:00Z,0.509,2024-08-17,33,11,230
2024-08-17T10:00:00Z,0.541,2024-08-17,33,12,230
2024-08-17T11:00:00Z,0.582,2024-08-17,33,13,230
2024-08-17T12:00:00Z,0.544,2024-08-17,33,14,230
2024-08-17T13:00:00Z,0.456,2024-08-17,33,15,230
2024-08-17T14:00:00Z,0.343,2024-08-17,33,16,230
2024-08-17T15:00:00Z,0.225,2024-08-17,33,17,230
2024-08-17T16:00:00Z,0.131,2024-08-17,33,18,230
2024-08-17T17:00:00Z,0.051,2024-08-17,33,19,230
2024-08-17T18:00:00Z,0.003,2024-08-17,33,20,230
2024-08-17T19:00:00Z,0,2024-08-17,33,21,230
2024-08-17T20:00:00Z,0,2024-08-17,33,22,230
2024-08-17T21:00:00Z,0,2024-08-17,33,23,230
2024-08-17T22:00:00Z,0,2024-08-18,33,0,231
2024-08-17T23:00:00Z,0,2024-08-18,33,1,231
2024-08-18T00:00:00Z,0,2024-08-18,33,2,231
2024-08-18T01:00:00Z,0,2024-08-18,33,3,231
2024-08-18T02:00:00Z,0,2024-08-18,33,4,231
2024-08-18T03:00:00Z,0,2024-08-18,33,5,231
2024-08-18T04:00:00Z,0.013,2024-08-18,33,6,231
2024-08-18T05:00:00Z,0.064,2024-08-18,33,7,231
2024-08-18T06:00:00Z,0.128,2024-08-18,33,8,231
2024-08-18T07:00:00Z,0.185,2024-08-18,33,9,231
2024-08-18T08:00:00Z,0.229,2024-08-18,33,10,231
2024-08-18T09:00:00Z,0.244,2024-08-18,33,11,231
2024-08-18T10:00:00Z,0.258,2024-08-18,33,12,231
2024-08-18T11:00:00Z,0.28,2024-08-18,33,13,231
2024-08-18T12:00:00Z,0.27,2024-08-18,33,14,231
2024-08-18T13:00:00Z,0.24,2024-08-18,33,15,231
2024-08-18T14:00:00Z,0.206,2024-08-18,33,16,231
2024-08-18T15:00:00Z,0.139,2024-08-18,33,17,231
2024-08-18T16:00:00Z,0.091,2024-08-18,33,18,231
2024-08-18T17:00:00Z,0.039,2024-08-18,33,19,231
2024-08-18T18:00:00Z,0.002,2024-08-18,33,20,231
2024-08-18T19:00:00Z,0,2024-08-18,33,21,231
2024-08-18T20:00:00Z,0,2024-08-18,33,22,231
2024-08-18T21:00:00Z,0,2024-08-18,33,23,231
2024-08-18T22:00:00Z,0,2024-08-19,34,0,232
2024-08-18T23:00:00Z,0,2024-08-19,34,1,232
2024-08-19T00:00:00Z,0,2024-08-19,34,2,232
2024-08-19T01:00:00Z,0,2024-08-19,34,3,232
2024-08-19T02:00:00Z,0,2024-08-19,34,4,232
2024-08-19T03:00:00Z,0,2024-08-19,34,5,232
2024-08-19T04:00:00Z,0.034,2024-08-19,34,6,232
2024-08-19T05:00:00Z,0.152,2024-08-19,34,7,232
2024-08-19T06:00:00Z,0.293,2024-08-19,34,8,232
2024-08-19T07:00:00Z,0.433,2024-08-19,34,9,232
2024-08-19T08:00:00Z,0.545,2024-08-19,34,10,232
2024-08-19T09:00:00Z,0.611,2024-08-19,34,11,232
2024-08-19T10:00:00Z,0.641,2024-08-19,34,12,232
2024-08-19T11:00:00Z,0.618,2024-08-19,34,13,232
2024-08-19T12:00:00Z,0.545,2024-08-19,34,14,232
2024-08-19T13:00:00Z,0.456,2024-08-19,34,15,232
2024-08-19T14:00:00Z,0.352,2024-08-19,34,16,232
2024-08-19T15:00:00Z,0.249,2024-08-19,34,17,232
2024-08-19T16:00:00Z,0.143,2024-08-19,34,18,232
2024-08-19T17:00:00Z,0.051,2024-08-19,34,19,232
2024-08-19T18:00:00Z,0.002,2024-08-19,34,20,232
2024-08-19T19:00:00Z,0,2024-08-19,34,21,232
2024-08-19T20:00:00Z,0,2024-08-19,34,22,232
2024-08-19T21:00:00Z,0,2024-08-19,34,23,232
2024-08-19T22:00:00Z,0,2024-08-20,34,0,233
2024-08-19T23:00:00Z,0,2024-08-20,34,1,233
2024-08-20T00:00:00Z,0,2024-08-20,34,2,233
2024-08-20T01:00:00Z,0,2024-08-20,34,3,233
2024-08-20T02:00:00Z,0,2024-08-20,34,4,233
2024-08-20T03:00:00Z,0,2024-08-20,34,5,233
2024-08-20T04:00:00Z,0.011,2024-08-20,34,6,233
2024-08-20T05:00:00Z,0.061,2024-08-20,34,7,233
2024-08-20T06:00:00Z,0.143,2024-08-20,34,8,233
2024-08-20T07:00:00Z,0.243,2024-08-20,34,9,233
2024-08-20T08:00:00Z,0.341,2024-08-20,34,10,233
2024-08-20T09:00:00Z,0.432,2024-08-20,34,11,233
2024-08-20T10:00:00Z,0.476,2024-08-20,34,12,233
2024-08-20T11:00:00Z,0.494,2024-08-20,34,13,233
2024-08-20T12:00:00Z,0.442,2024-08-20,34,14,233
2024-08-20T13:00:00Z,0.375,2024-08-20,34,15,233
2024-08-20T14:00:00Z,0.291,2024-08-20,34,16,233
2024-08-20T15:00:00Z,0.201,2024-08-20,34,17,233
2024-08-20T16:00:00Z,0.106,2024-08-20,34,18,233
2024-08-20T17:00:00Z,0.031,2024-08-20,34,19,233
2024-08-20T18:00:00Z,0,2024-08-20,34,20,233
2024-08-20T19:00:00Z,0,2024-08-20,34,21,233
2024-08-20T20:00:00Z,0,2024-08-20,34,22,233
2024-08-20T21:00:00Z,0,2024-08-20,34,23,233
2024-08-20T22:00:00Z,0,2024-08-21,34,0,234
2024-08-20T23:00:00Z,0,2024-08-21,34,1,234
2024-08-21T00:00:00Z,0,2024-08-21,34,2,234
2024-08-21T01:00:00Z,0,2024-08-21,34,3,234
2024-08-21T02:00:00Z,0,2024-08-21,34,4,234
2024-08-21T03:00:00Z,0,2024-08-21,34,5,234
2024-08-21T04:00:00Z,0.002,2024-08-21,34,6,234
2024-08-21T05:00:00Z,0.039,2024-08-21,34,7,234
2024-08-21T06:00:00Z,0.149,2024-08-21,34,8,234
2024-08-21T07:00:00Z,0.315,2024-08-21,34,9,234
2024-08-21T08:00:00Z,0.458,2024-08-21,34,10,234
2024-08-21T09:00:00Z,0.531,2024-08-21,34,11,234
2024-08-21T10:00:00Z,0.555,2024-08-21,34,12,234
2024-08-21T11:00:00Z,0.533,2024-08-21,34,13,234
2024-08-21T12:00:00Z,0.501,2024-08-21,34,14,234
2024-08-21T13:00:00Z,0.431,2024-08-21,34,15,234
2024-08-21T14:00:00Z,0.322,2024-08-21,34,16,234
2024-08-21T15:00:00Z,0.219,2024-08-21,34,17,234
2024-08-21T16:00:00Z,0.122,2024-08-21,34,18,234
2024-08-21T17:00:00Z,0.048,2024-08-21,34,19,234
2024-08-21T18:00:00Z,0.001,2024-08-21,34,20,234
2024-08-21T19:00:00Z,0,2024-08-21,34,21,234
2024-08-21T20:00:00Z,0,2024-08-21,34,22,234
2024-08-21T21:00:00Z,0,2024-08-21,34,23,234
2024-08-21T22:00:00Z,0,2024-08-22,34,0,235
2024-08-21T23:00:00Z,0,2024-08-22,34,1,235
2024-08-22T00:00:00Z,0,2024-08-22,34,2,235
2024-08-22T01:00:00Z,0,2024-08-22,34,3,235
2024-08-22T02:00:00Z,0,2024-08-22,34,4,235
2024-08-22T03:00:00Z,0,2024-08-22,34,5,235
2024-08-22T04:00:00Z,0.003,2024-08-22,34,6,235
2024-08-22T05:00:00Z,0.033,2024-08-22,34,7,235
2024-08-22T06:00:00Z,0.082,2024-08-22,34,8,235
2024-08-22T07:00:00Z,0.113,2024-08-22,34,9,235
2024-08-22T08:00:00Z,0.152,2024-08-22,34,10,235
2024-08-22T09:00:00Z,0.258,2024-08-22,34,11,235
2024-08-22T10:00:00Z,0.368,2024-08-22,34,12,235
2024-08-22T11:00:00Z,0.378,2024-08-22,34,13,235
2024-08-22T12:00:00Z,0.291,2024-08-22,34,14,235
2024-08-22T13:00:00Z,0.182,2024-08-22,34,15,235
2024-08-22T14:00:00Z,0.111,2024-08-22,34,16,235
2024-08-22T15:00:00Z,0.06,2024-08-22,34,17,235
2024-08-22T16:00:00Z,0.038,2024-08-22,34,18,235
2024-08-22T17:00:00Z,0.014,2024-08-22,34,19,235
2024-08-22T18:00:00Z,0,2024-08-22,34,20,235
2024-08-22T19:00:00Z,0,2024-08-22,34,21,235
2024-08-22T20:00:00Z,0,2024-08-22,34,22,235
2024-08-22T21:00:00Z,0,2024-08-22,34,23,235
2024-08-22T22:00:00Z,0,2024-08-23,34,0,236
2024-08-22T23:00:00Z,0,2024-08-23,34,1,236
2024-08-23T00:00:00Z,0,2024-08-23,34,2,236
2024-08-23T01:00:00Z,0,2024-08-23,34,3,236
2024-08-23T02:00:00Z,0,2024-08-23,34,4,236
2024-08-23T03:00:00Z,0,2024-08-23,34,5,236
2024-08-23T04:00:00Z,0,2024-08-23,34,6,236
2024-08-23T05:00:00Z,0.017,2024-08-23,34,7,236
2024-08-23T06:00:00Z,0.05,2024-08-23,34,8,236
2024-08-23T07:00:00Z,0.089,2024-08-23,34,9,236
2024-08-23T08:00:00Z,0.127,2024-08-23,34,10,236
2024-08-23T09:00:00Z,0.189,2024-08-23,34,11,236
2024-08-23T10:00:00Z,0.23,2024-08-23,34,12,236
2024-08-23T11:00:00Z,0.308,2024-08-23,34,13,236
2024-08-23T12:00:00Z,0.318,2024-08-23,34,14,236
2024-08-23T13:00:00Z,0.306,2024-08-23,34,15,236
2024-08-23T14:00:00Z,0.297,2024-08-23,34,16,236
2024-08-23T15:00:00Z,0.222,2024-08-23,34,17,236
2024-08-23T16:00:00Z,0.122,2024-08-23,34,18,236
2024-08-23T17:00:00Z,0.039,2024-08-23,34,19,236
2024-08-23T18:00:00Z,0,2024-08-23,34,20,236
2024-08-23T19:00:00Z,0,2024-08-23,34,21,236
2024-08-23T20:00:00Z,0,2024-08-23,34,22,236
2024-08-23T21:00:00Z,0,2024-08-23,34,23,236
2024-08-23T22:00:00Z,0,2024-08-24,34,0,237
2024-08-23T23:00:00Z,0,2024-08-24,34,1,237
2024-08-24T00:00:00Z,0,2024-08-24,34,2,237
2024-08-24T01:00:00Z,0,2024-08-24,34,3,237
2024-08-24T02:00:00Z,0,2024-08-24,34,4,237
2024-08-24T03:00:00Z,0,2024-08-24,34,5,237
2024-08-24T04:00:00Z,0.017,2024-08-24,34,6,237
2024-08-24T05:00:00Z,0.104,2024-08-24,34,7,237
2024-08-24T06:00:00Z,0.215,2024-08-24,34,8,237
2024-08-24T07:00:00Z,0.333,2024-08-24,34,9,237
2024-08-24T08:00:00Z,0.448,2024-08-24,34,10,237
2024-08-24T09:00:00Z,0.539,2024-08-24,34,11,237
2024-08-24T10:00:00Z,0.568,2024-08-24,34,12,237
2024-08-24T11:00:00Z,0.522,2024-08-24,34,13,237
2024-08-24T12:00:00Z,0.417,2024-08-24,34,14,237
2024-08-24T13:00:00Z,0.3,2024-08-24,34,15,237
2024-08-24T14:00:00Z,0.232,2024-08-24,34,16,237
2024-08-24T15:00:00Z,0.17,2024-08-24,34,17,237
2024-08-24T16:00:00Z,0.098,2024-08-24,34,18,237
2024-08-24T17:00:00Z,0.034,2024-08-24,34,19,237
2024-08-24T18:00:00Z,0,2024-08-24,34,20,237
2024-08-24T19:00:00Z,0,2024-08-24,34,21,237
2024-08-24T20:00:00Z,0,2024-08-24,34,22,237
2024-08-24T21:00:00Z,0,2024-08-24,34,23,237
2024-08-24T22:00:00Z,0,2024-08-25,34,0,238
2024-08-24T23:00:00Z,0,2024-08-25,34,1,238
2024-08-25T00:00:00Z,0,2024-08-25,34,2,238
2024-08-25T01:00:00Z,0,2024-08-25,34,3,238
2024-08-25T02:00:00Z,0,2024-08-25,34,4,238
2024-08-25T03:00:00Z,0,2024-08-25,34,5,238
2024-08-25T04:00:00Z,0.001,2024-08-25,34,6,238
2024-08-25T05:00:00Z,0.07,2024-08-25,34,7,238
2024-08-25T06:00:00Z,0.23,2024-08-25,34,8,238
2024-08-25T07:00:00Z,0.388,2024-08-25,34,9,238
2024-08-25T08:00:00Z,0.519,2024-08-25,34,10,238
2024-08-25T09:00:00Z,0.587,2024-08-25,34,11,238
2024-08-25T10:00:00Z,0.62,2024-08-25,34,12,238
2024-08-25T11:00:00Z,0.616,2024-08-25,34,13,238
2024-08-25T12:00:00Z,0.571,2024-08-25,34,14,238
2024-08-25T13:00:00Z,0.491,2024-08-25,34,15,238
2024-08-25T14:00:00Z,0.38,2024-08-25,34,16,238
2024-08-25T15:00:00Z,0.261,2024-08-25,34,17,238
2024-08-25T16:00:00Z,0.142,2024-08-25,34,18,238
2024-08-25T17:00:00Z,0.045,2024-08-25,34,19,238
2024-08-25T18:00:00Z,0,2024-08-25,34,20,238
2024-08-25T19:00:00Z,0,2024-08-25,34,21,238
2024-08-25T20:00:00Z,0,2024-08-25,34,22,238
2024-08-25T21:00:00Z,0,2024-08-25,34,23,238
2024-08-25T22:00:00Z,0,2024-08-26,35,0,239
2024-08-25T23:00:00Z,0,2024-08-26,35,1,239
2024-08-26T00:00:00Z,0,2024-08-26,35,2,239
2024-08-26T01:00:00Z,0,2024-08-26,35,3,239
2024-08-26T02:00:00Z,0,2024-08-26,35,4,239
2024-08-26T03:00:00Z,0,2024-08-26,35,5,239
2024-08-26T04:00:00Z,0.008,2024-08-26,35,6,239
2024-08-26T05:00:00Z,0.083,2024-08-26,35,7,239
2024-08-26T06:00:00Z,0.215,2024-08-26,35,8,239
2024-08-26T07:00:00Z,0.35,2024-08-26,35,9,239
2024-08-26T08:00:00Z,0.467,2024-08-26,35,10,239
2024-08-26T09:00:00Z,0.54,2024-08-26,35,11,239
2024-08-26T10:00:00Z,0.546,2024-08-26,35,12,239
2024-08-26T11:00:00Z,0.541,2024-08-26,35,13,239
2024-08-26T12:00:00Z,0.495,2024-08-26,35,14,239
2024-08-26T13:00:00Z,0.407,2024-08-26,35,15,239
2024-08-26T14:00:00Z,0.31,2024-08-26,35,16,239
2024-08-26T15:00:00Z,0.216,2024-08-26,35,17,239
2024-08-26T16:00:00Z,0.116,2024-08-26,35,18,239
2024-08-26T17:00:00Z,0.033,2024-08-26,35,19,239
2024-08-26T18:00:00Z,0,2024-08-26,35,20,239
2024-08-26T19:00:00Z,0,2024-08-26,35,21,239
2024-08-26T20:00:00Z,0,2024-08-26,35,22,239
2024-08-26T21:00:00Z,0,2024-08-26,35,23,239
2024-08-26T22:00:00Z,0,2024-08-27,35,0,240
2024-08-26T23:00:00Z,0,2024-08-27,35,1,240
2024-08-27T00:00:00Z,0,2024-08-27,35,2,240
2024-08-27T01:00:00Z,0,2024-08-27,35,3,240
2024-08-27T02:00:00Z,0,2024-08-27,35,4,240
2024-08-27T03:00:00Z,0,2024-08-27,35,5,240
2024-08-27T04:00:00Z,0.006,2024-08-27,35,6,240
2024-08-27T05:00:00Z,0.085,2024-08-27,35,7,240
2024-08-27T06:00:00Z,0.239,2024-08-27,35,8,240
2024-08-27T07:00:00Z,0.388,2024-08-27,35,9,240
2024-08-27T08:00:00Z,0.497,2024-08-27,35,10,240
2024-08-27T09:00:00Z,0.552,2024-08-27,35,11,240
2024-08-27T10:00:00Z,0.573,2024-08-27,35,12,240
2024-08-27T11:00:00Z,0.559,2024-08-27,35,13,240
2024-08-27T12:00:00Z,0.467,2024-08-27,35,14,240
2024-08-27T13:00:00Z,0.342,2024-08-27,35,15,240
2024-08-27T14:00:00Z,0.232,2024-08-27,35,16,240
2024-08-27T15:00:00Z,0.166,2024-08-27,35,17,240
2024-08-27T16:00:00Z,0.097,2024-08-27,35,18,240
2024-08-27T17:00:00Z,0.031,2024-08-27,35,19,240
2024-08-27T18:00:00Z,0,2024-08-27,35,20,240
2024-08-27T19:00:00Z,0,2024-08-27,35,21,240
2024-08-27T20:00:00Z,0,2024-08-27,35,22,240
2024-08-27T21:00:00Z,0,2024-08-27,35,23,240
2024-08-27T22:00:00Z,0,2024-08-28,35,0,241
2024-08-27T23:00:00Z,0,2024-08-28,35,1,241
2024-08-28T00:00:00Z,0,2024-08-28,35,2,241
2024-08-28T01:00:00Z,0,2024-08-28,35,3,241
2024-08-28T02:00:00Z,0,2024-08-28,35,4,241
2024-08-28T03:00:00Z,0,2024-08-28,35,5,241
2024-08-28T04:00:00Z,0.004,2024-08-28,35,6,241
2024-08-28T05:00:00Z,0.07,2024-08-28,35,7,241
2024-08-28T06:00:00Z,0.206,2024-08-28,35,8,241
2024-08-28T07:00:00Z,0.382,2024-08-28,35,9,241
2024-08-28T08:00:00Z,0.509,2024-08-28,35,10,241
2024-08-28T09:00:00Z,0.586,2024-08-28,35,11,241
2024-08-28T10:00:00Z,0.616,2024-08-28,35,12,241
2024-08-28T11:00:00Z,0.607,2024-08-28,35,13,241
2024-08-28T12:00:00Z,0.56,2024-08-28,35,14,241
2024-08-28T13:00:00Z,0.48,2024-08-28,35,15,241
2024-08-28T14:00:00Z,0.371,2024-08-28,35,16,241
2024-08-28T15:00:00Z,0.251,2024-08-28,35,17,241
2024-08-28T16:00:00Z,0.133,2024-08-28,35,18,241
2024-08-28T17:00:00Z,0.038,2024-08-28,35,19,241
2024-08-28T18:00:00Z,0,2024-08-28,35,20,241
2024-08-28T19:00:00Z,0,2024-08-28,35,21,241
2024-08-28T20:00:00Z,0,2024-08-28,35,22,241
2024-08-28T21:00:00Z,0,2024-08-28,35,23,241
2024-08-28T22:00:00Z,0,2024-08-29,35,0,242
2024-08-28T23:00:00Z,0,2024-08-29,35,1,242
2024-08-29T00:00:00Z,0,2024-08-29,35,2,242
2024-08-29T01:00:00Z,0,2024-08-29,35,3,242
2024-08-29T02:00:00Z,0,2024-08-29,35,4,242
2024-08-29T03:00:00Z,0,2024-08-29,35,5,242
2024-08-29T04:00:00Z,0.005,2024-08-29,35,6,242
2024-08-29T05:00:00Z,0.079,2024-08-29,35,7,242
2024-08-29T06:00:00Z,0.198,2024-08-29,35,8,242
2024-08-29T07:00:00Z,0.326,2024-08-29,35,9,242
2024-08-29T08:00:00Z,0.413,2024-08-29,35,10,242
2024-08-29T09:00:00Z,0.461,2024-08-29,35,11,242
2024-08-29T10:00:00Z,0.48,2024-08-29,35,12,242
2024-08-29T11:00:00Z,0.49,2024-08-29,35,13,242
2024-08-29T12:00:00Z,0.47,2024-08-29,35,14,242
2024-08-29T13:00:00Z,0.41,2024-08-29,35,15,242
2024-08-29T14:00:00Z,0.29,2024-08-29,35,16,242
2024-08-29T15:00:00Z,0.173,2024-08-29,35,17,242
2024-08-29T16:00:00Z,0.078,2024-08-29,35,18,242
2024-08-29T17:00:00Z,0.02,2024-08-29,35,19,242
2024-08-29T18:00:00Z,0,2024-08-29,35,20,242
2024-08-29T19:00:00Z,0,2024-08-29,35,21,242
2024-08-29T20:00:00Z,0,2024-08-29,35,22,242
2024-08-29T21:00:00Z,0,2024-08-29,35,23,242
2024-08-29T22:00:00Z,0,2024-08-30,35,0,243
2024-08-29T23:00:00Z,0,2024-08-30,35,1,243
2024-08-30T00:00:00Z,0,2024-08-30,35,2,243
2024-08-30T01:00:00Z,0,2024-08-30,35,3,243
2024-08-30T02:00:00Z,0,2024-08-30,35,4,243
2024-08-30T03:00:00Z,0,2024-08-30,35,5,243
2024-08-30T04:00:00Z,0.006,2024-08-30,35,6,243
2024-08-30T05:00:00Z,0.101,2024-08-30,35,7,243
2024-08-30T06:00:00Z,0.227,2024-08-30,35,8,243
2024-08-30T07:00:00Z,0.351,2024-08-30,35,9,243
2024-08-30T08:00:00Z,0.448,2024-08-30,35,10,243
2024-08-30T09:00:00Z,0.511,2024-08-30,35,11,243
2024-08-30T10:00:00Z,0.54,2024-08-30,35,12,243
2024-08-30T11:00:00Z,0.541,2024-08-30,35,13,243
2024-08-30T12:00:00Z,0.499,2024-08-30,35,14,243
2024-08-30T13:00:00Z,0.388,2024-08-30,35,15,243
2024-08-30T14:00:00Z,0.321,2024-08-30,35,16,243
2024-08-30T15:00:00Z,0.212,2024-08-30,35,17,243
2024-08-30T16:00:00Z,0.115,2024-08-30,35,18,243
2024-08-30T17:00:00Z,0.031,2024-08-30,35,19,243
2024-08-30T18:00:00Z,0,2024-08-30,35,20,243
2024-08-30T19:00:00Z,0,2024-08-30,35,21,243
2024-08-30T20:00:00Z,0,2024-08-30,35,22,243
2024-08-30T21:00:00Z,0,2024-08-30,35,23,243
2024-08-30T22:00:00Z,0,2024-08-31,35,0,244
2024-08-30T23:00:00Z,0,2024-08-31,35,1,244
2024-08-31T00:00:00Z,0,2024-08-31,35,2,244
2024-08-31T01:00:00Z,0,2024-08-31,35,3,244
2024-08-31T02:00:00Z,0,2024-08-31,35,4,244
2024-08-31T03:00:00Z,0,2024-08-31,35,5,244
2024-08-31T04:00:00Z,0.006,2024-08-31,35,6,244
2024-08-31T05:00:00Z,0.08,2024-08-31,35,7,244
2024-08-31T06:00:00Z,0.16,2024-08-31,35,8,244
2024-08-31T07:00:00Z,0.252,2024-08-31,35,9,244
2024-08-31T08:00:00Z,0.387,2024-08-31,35,10,244
2024-08-31T09:00:00Z,0.508,2024-08-31,35,11,244
2024-08-31T10:00:00Z,0.566,2024-08-31,35,12,244
2024-08-31T11:00:00Z,0.576,2024-08-31,35,13,244
2024-08-31T12:00:00Z,0.524,2024-08-31,35,14,244
2024-08-31T13:00:00Z,0.436,2024-08-31,35,15,244
2024-08-31T14:00:00Z,0.333,2024-08-31,35,16,244
2024-08-31T15:00:00Z,0.222,2024-08-31,35,17,244
2024-08-31T16:00:00Z,0.116,2024-08-31,35,18,244
2024-08-31T17:00:00Z,0.031,2024-08-31,35,19,244
2024-08-31T18:00:00Z,0,2024-08-31,35,20,244
2024-08-31T19:00:00Z,0,2024-08-31,35,21,244
2024-08-31T20:00:00Z,0,2024-08-31,35,22,244
2024-08-31T21:00:00Z,0,2024-08-31,35,23,244
2024-08-31T22:00:00Z,0,2024-09-01,35,0,245
2024-08-31T23:00:00Z,0,2024-09-01,35,1,245
2024-09-01T00:00:00Z,0,2024-09-01,35,2,245
2024-09-01T01:00:00Z,0,2024-09-01,35,3,245
2024-09-01T02:00:00Z,0,2024-09-01,35,4,245
2024-09-01T03:00:00Z,0,2024-09-01,35,5,245
2024-09-01T04:00:00Z,0.002,2024-09-01,35,6,245
2024-09-01T05:00:00Z,0.079,2024-09-01,35,7,245
2024-09-01T06:00:00Z,0.201,2024-09-01,35,8,245
2024-09-01T07:00:00Z,0.302,2024-09-01,35,9,245
2024-09-01T08:00:00Z,0.354,2024-09-01,35,10,245
2024-09-01T09:00:00Z,0.366,2024-09-01,35,11,245
2024-09-01T10:00:00Z,0.345,2024-09-01,35,12,245
2024-09-01T11:00:00Z,0.31,2024-09-01,35,13,245
2024-09-01T12:00:00Z,0.246,2024-09-01,35,14,245
2024-09-01T13:00:00Z,0.177,2024-09-01,35,15,245
2024-09-01T14:00:00Z,0.132,2024-09-01,35,16,245
2024-09-01T15:00:00Z,0.091,2024-09-01,35,17,245
2024-09-01T16:00:00Z,0.051,2024-09-01,35,18,245
2024-09-01T17:00:00Z,0.014,2024-09-01,35,19,245
2024-09-01T18:00:00Z,0,2024-09-01,35,20,245
2024-09-01T19:00:00Z,0,2024-09-01,35,21,245
2024-09-01T20:00:00Z,0,2024-09-01,35,22,245
2024-09-01T21:00:00Z,0,2024-09-01,35,23,245
2024-09-01T22:00:00Z,0,2024-09-02,36,0,246
2024-09-01T23:00:00Z,0,2024-09-02,36,1,246
2024-09-02T00:00:00Z,0,2024-09-02,36,2,246
2024-09-02T01:00:00Z,0,2024-09-02,36,3,246
2024-09-02T02:00:00Z,0,2024-09-02,36,4,246
2024-09-02T03:00:00Z,0,2024-09-02,36,5,246
2024-09-02T04:00:00Z,0.001,2024-09-02,36,6,246
2024-09-02T05:00:00Z,0.058,2024-09-02,36,7,246
2024-09-02T06:00:00Z,0.155,2024-09-02,36,8,246
2024-09-02T07:00:00Z,0.245,2024-09-02,36,9,246
2024-09-02T08:00:00Z,0.319,2024-09-02,36,10,246
2024-09-02T09:00:00Z,0.368,2024-09-02,36,11,246
2024-09-02T10:00:00Z,0.386,2024-09-02,36,12,246
2024-09-02T11:00:00Z,0.368,2024-09-02,36,13,246
2024-09-02T12:00:00Z,0.323,2024-09-02,36,14,246
2024-09-02T13:00:00Z,0.256,2024-09-02,36,15,246
2024-09-02T14:00:00Z,0.191,2024-09-02,36,16,246
2024-09-02T15:00:00Z,0.123,2024-09-02,36,17,246
2024-09-02T16:00:00Z,0.064,2024-09-02,36,18,246
2024-09-02T17:00:00Z,0.012,2024-09-02,36,19,246
2024-09-02T18:00:00Z,0,2024-09-02,36,20,246
2024-09-02T19:00:00Z,0,2024-09-02,36,21,246
2024-09-02T20:00:00Z,0,2024-09-02,36,22,246
2024-09-02T21:00:00Z,0,2024-09-02,36,23,246
2024-09-02T22:00:00Z,0,2024-09-03,36,0,247
2024-09-02T23:00:00Z,0,2024-09-03,36,1,247
2024-09-03T00:00:00Z,0,2024-09-03,36,2,247
2024-09-03T01:00:00Z,0,2024-09-03,36,3,247
2024-09-03T02:00:00Z,0,2024-09-03,36,4,247
2024-09-03T03:00:00Z,0,2024-09-03,36,5,247
2024-09-03T04:00:00Z,0.001,2024-09-03,36,6,247
2024-09-03T05:00:00Z,0.063,2024-09-03,36,7,247
2024-09-03T06:00:00Z,0.18,2024-09-03,36,8,247
2024-09-03T07:00:00Z,0.293,2024-09-03,36,9,247
2024-09-03T08:00:00Z,0.38,2024-09-03,36,10,247
2024-09-03T09:00:00Z,0.441,2024-09-03,36,11,247
2024-09-03T10:00:00Z,0.454,2024-09-03,36,12,247
2024-09-03T11:00:00Z,0.436,2024-09-03,36,13,247
2024-09-03T12:00:00Z,0.39,2024-09-03,36,14,247
2024-09-03T13:00:00Z,0.346,2024-09-03,36,15,247
2024-09-03T14:00:00Z,0.281,2024-09-03,36,16,247
2024-09-03T15:00:00Z,0.192,2024-09-03,36,17,247
2024-09-03T16:00:00Z,0.092,2024-09-03,36,18,247
2024-09-03T17:00:00Z,0.016,2024-09-03,36,19,247
2024-09-03T18:00:00Z,0,2024-09-03,36,20,247
2024-09-03T19:00:00Z,0,2024-09-03,36,21,247
2024-09-03T20:00:00Z,0,2024-09-03,36,22,247
2024-09-03T21:00:00Z,0,2024-09-03,36,23,247
2024-09-03T22:00:00Z,0,2024-09-04,36,0,248
2024-09-03T23:00:00Z,0,2024-09-04,36,1,248
2024-09-04T00:00:00Z,0,2024-09-04,36,2,248
2024-09-04T01:00:00Z,0,2024-09-04,36,3,248
2024-09-04T02:00:00Z,0,2024-09-04,36,4,248
2024-09-04T03:00:00Z,0,2024-09-04,36,5,248
2024-09-04T04:00:00Z,0,2024-09-04,36,6,248
2024-09-04T05:00:00Z,0.046,2024-09-04,36,7,248
2024-09-04T06:00:00Z,0.143,2024-09-04,36,8,248
2024-09-04T07:00:00Z,0.24,2024-09-04,36,9,248
2024-09-04T08:00:00Z,0.303,2024-09-04,36,10,248
2024-09-04T09:00:00Z,0.348,2024-09-04,36,11,248
2024-09-04T10:00:00Z,0.329,2024-09-04,36,12,248
2024-09-04T11:00:00Z,0.284,2024-09-04,36,13,248
2024-09-04T12:00:00Z,0.238,2024-09-04,36,14,248
2024-09-04T13:00:00Z,0.193,2024-09-04,36,15,248
2024-09-04T14:00:00Z,0.152,2024-09-04,36,16,248
2024-09-04T15:00:00Z,0.106,2024-09-04,36,17,248
2024-09-04T16:00:00Z,0.051,2024-09-04,36,18,248
2024-09-04T17:00:00Z,0.008,2024-09-04,36,19,248
2024-09-04T18:00:00Z,0,2024-09-04,36,20,248
2024-09-04T19:00:00Z,0,2024-09-04,36,21,248
2024-09-04T20:00:00Z,0,2024-09-04,36,22,248
2024-09-04T21:00:00Z,0,2024-09-04,36,23,248
2024-09-04T22:00:00Z,0,2024-09-05,36,0,249
2024-09-04T23:00:00Z,0,2024-09-05,36,1,249
2024-09-05T00:00:00Z,0,2024-09-05,36,2,249
2024-09-05T01:00:00Z,0,2024-09-05,36,3,249
2024-09-05T02:00:00Z,0,2024-09-05,36,4,249
2024-09-05T03:00:00Z,0,2024-09-05,36,5,249
2024-09-05T04:00:00Z,0,2024-09-05,36,6,249
2024-09-05T05:00:00Z,0.064,2024-09-05,36,7,249
2024-09-05T06:00:00Z,0.206,2024-09-05,36,8,249
2024-09-05T07:00:00Z,0.35,2024-09-05,36,9,249
2024-09-05T08:00:00Z,0.464,2024-09-05,36,10,249
2024-09-05T09:00:00Z,0.543,2024-09-05,36,11,249
2024-09-05T10:00:00Z,0.575,2024-09-05,36,12,249
2024-09-05T11:00:00Z,0.566,2024-09-05,36,13,249
2024-09-05T12:00:00Z,0.505,2024-09-05,36,14,249
2024-09-05T13:00:00Z,0.422,2024-09-05,36,15,249
2024-09-05T14:00:00Z,0.317,2024-09-05,36,16,249
2024-09-05T15:00:00Z,0.216,2024-09-05,36,17,249
2024-09-05T16:00:00Z,0.098,2024-09-05,36,18,249
2024-09-05T17:00:00Z,0.017,2024-09-05,36,19,249
2024-09-05T18:00:00Z,0,2024-09-05,36,20,249
2024-09-05T19:00:00Z,0,2024-09-05,36,21,249
2024-09-05T20:00:00Z,0,2024-09-05,36,22,249
2024-09-05T21:00:00Z,0,2024-09-05,36,23,249
2024-09-05T22:00:00Z,0,2024-09-06,36,0,250
2024-09-05T23:00:00Z,0,2024-09-06,36,1,250
2024-09-06T00:00:00Z,0,2024-09-06,36,2,250
2024-09-06T01:00:00Z,0,2024-09-06,36,3,250
2024-09-06T02:00:00Z,0,2024-09-06,36,4,250
2024-09-06T03:00:00Z,0,2024-09-06,36,5,250
2024-09-06T04:00:00Z,0,2024-09-06,36,6,250
2024-09-06T05:00:00Z,0.059,2024-09-06,36,7,250
2024-09-06T06:00:00Z,0.19,2024-09-06,36,8,250
2024-09-06T07:00:00Z,0.331,2024-09-06,36,9,250
2024-09-06T08:00:00Z,0.448,2024-09-06,36,10,250
2024-09-06T09:00:00Z,0.542,2024-09-06,36,11,250
2024-09-06T10:00:00Z,0.574,2024-09-06,36,12,250
2024-09-06T11:00:00Z,0.565,2024-09-06,36,13,250
2024-09-06T12:00:00Z,0.517,2024-09-06,36,14,250
2024-09-06T13:00:00Z,0.438,2024-09-06,36,15,250
2024-09-06T14:00:00Z,0.333,2024-09-06,36,16,250
2024-09-06T15:00:00Z,0.213,2024-09-06,36,17,250
2024-09-06T16:00:00Z,0.099,2024-09-06,36,18,250
2024-09-06T17:00:00Z,0.017,2024-09-06,36,19,250
2024-09-06T18:00:00Z,0,2024-09-06,36,20,250
2024-09-06T19:00:00Z,0,2024-09-06,36,21,250
2024-09-06T20:00:00Z,0,2024-09-06,36,22,250
2024-09-06T21:00:00Z,0,2024-09-06,36,23,250
2024-09-06T22:00:00Z,0,2024-09-07,36,0,251
2024-09-06T23:00:00Z,0,2024-09-07,36,1,251
2024-09-07T00:00:00Z,0,2024-09-07,36,2,251
2024-09-07T01:00:00Z,0,2024-09-07,36,3,251
2024-09-07T02:00:00Z,0,2024-09-07,36,4,251
2024-09-07T03:00:00Z,0,2024-09-07,36,5,251
2024-09-07T04:00:00Z,0,2024-09-07,36,6,251
2024-09-07T05:00:00Z,0.029,2024-09-07,36,7,251
2024-09-07T06:00:00Z,0.104,2024-09-07,36,8,251
2024-09-07T07:00:00Z,0.214,2024-09-07,36,9,251
2024-09-07T08:00:00Z,0.335,2024-09-07,36,10,251
2024-09-07T09:00:00Z,0.433,2024-09-07,36,11,251
2024-09-07T10:00:00Z,0.483,2024-09-07,36,12,251
2024-09-07T11:00:00Z,0.491,2024-09-07,36,13,251
2024-09-07T12:00:00Z,0.462,2024-09-07,36,14,251
2024-09-07T13:00:00Z,0.382,2024-09-07,36,15,251
2024-09-07T14:00:00Z,0.268,2024-09-07,36,16,251
2024-09-07T15:00:00Z,0.153,2024-09-07,36,17,251
2024-09-07T16:00:00Z,0.067,2024-09-07,36,18,251
2024-09-07T17:00:00Z,0.009,2024-09-07,36,19,251
2024-09-07T18:00:00Z,0,2024-09-07,36,20,251
2024-09-07T19:00:00Z,0,2024-09-07,36,21,251
2024-09-07T20:00:00Z,0,2024-09-07,36,22,251
2024-09-07T21:00:00Z,0,2024-09-07,36,23,251
2024-09-07T22:00:00Z,0,2024-09-08,36,0,252
2024-09-07T23:00:00Z,0,2024-09-08,36,1,252
2024-09-08T00:00:00Z,0,2024-09-08,36,2,252
2024-09-08T01:00:00Z,0,2024-09-08,36,3,252
2024-09-08T02:00:00Z,0,2024-09-08,36,4,252
2024-09-08T03:00:00Z,0,2024-09-08,36,5,252
2024-09-08T04:00:00Z,0,2024-09-08,36,6,252
2024-09-08T05:00:00Z,0.041,2024-09-08,36,7,252
2024-09-08T06:00:00Z,0.163,2024-09-08,36,8,252
2024-09-08T07:00:00Z,0.298,2024-09-08,36,9,252
2024-09-08T08:00:00Z,0.4,2024-09-08,36,10,252
2024-09-08T09:00:00Z,0.465,2024-09-08,36,11,252
2024-09-08T10:00:00Z,0.488,2024-09-08,36,12,252
2024-09-08T11:00:00Z,0.451,2024-09-08,36,13,252
2024-09-08T12:00:00Z,0.377,2024-09-08,36,14,252
2024-09-08T13:00:00Z,0.265,2024-09-08,36,15,252
2024-09-08T14:00:00Z,0.153,2024-09-08,36,16,252
2024-09-08T15:00:00Z,0.071,2024-09-08,36,17,252
2024-09-08T16:00:00Z,0.024,2024-09-08,36,18,252
2024-09-08T17:00:00Z,0.001,2024-09-08,36,19,252
2024-09-08T18:00:00Z,0,2024-09-08,36,20,252
2024-09-08T19:00:00Z,0,2024-09-08,36,21,252
2024-09-08T20:00:00Z,0,2024-09-08,36,22,252
2024-09-08T21:00:00Z,0,2024-09-08,36,23,252
2024-09-08T22:00:00Z,0,2024-09-09,37,0,253
2024-09-08T23:00:00Z,0,2024-09-09,37,1,253
2024-09-09T00:00:00Z,0,2024-09-09,37,2,253
2024-09-09T01:00:00Z,0,2024-09-09,37,3,253
2024-09-09T02:00:00Z,0,2024-09-09,37,4,253
2024-09-09T03:00:00Z,0,2024-09-09,37,5,253
2024-09-09T04:00:00Z,0,2024-09-09,37,6,253
2024-09-09T05:00:00Z,0.002,2024-09-09,37,7,253
2024-09-09T06:00:00Z,0.018,2024-09-09,37,8,253
2024-09-09T07:00:00Z,0.038,2024-09-09,37,9,253
2024-09-09T08:00:00Z,0.065,2024-09-09,37,10,253
2024-09-09T09:00:00Z,0.093,2024-09-09,37,11,253
2024-09-09T10:00:00Z,0.105,2024-09-09,37,12,253
2024-09-09T11:00:00Z,0.105,2024-09-09,37,13,253
2024-09-09T12:00:00Z,0.101,2024-09-09,37,14,253
2024-09-09T13:00:00Z,0.092,2024-09-09,37,15,253
2024-09-09T14:00:00Z,0.077,2024-09-09,37,16,253
2024-09-09T15:00:00Z,0.053,2024-09-09,37,17,253
2024-09-09T16:00:00Z,0.024,2024-09-09,37,18,253
2024-09-09T17:00:00Z,0.002,2024-09-09,37,19,253
2024-09-09T18:00:00Z,0,2024-09-09,37,20,253
2024-09-09T19:00:00Z,0,2024-09-09,37,21,253
2024-09-09T20:00:00Z,0,2024-09-09,37,22,253
2024-09-09T21:00:00Z,0,2024-09-09,37,23,253
2024-09-09T22:00:00Z,0,2024-09-10,37,0,254
2024-09-09T23:00:00Z,0,2024-09-10,37,1,254
2024-09-10T00:00:00Z,0,2024-09-10,37,2,254
2024-09-10T01:00:00Z,0,2024-09-10,37,3,254
2024-09-10T02:00:00Z,0,2024-09-10,37,4,254
2024-09-10T03:00:00Z,0,2024-09-10,37,5,254
2024-09-10T04:00:00Z,0,2024-09-10,37,6,254
2024-09-10T05:00:00Z,0.067,2024-09-10,37,7,254
2024-09-10T06:00:00Z,0.221,2024-09-10,37,8,254
2024-09-10T07:00:00Z,0.365,2024-09-10,37,9,254
2024-09-10T08:00:00Z,0.463,2024-09-10,37,10,254
2024-09-10T09:00:00Z,0.458,2024-09-10,37,11,254
2024-09-10T10:00:00Z,0.419,2024-09-10,37,12,254
2024-09-10T11:00:00Z,0.365,2024-09-10,37,13,254
2024-09-10T12:00:00Z,0.309,2024-09-10,37,14,254
2024-09-10T13:00:00Z,0.243,2024-09-10,37,15,254
2024-09-10T14:00:00Z,0.15,2024-09-10,37,16,254
2024-09-10T15:00:00Z,0.089,2024-09-10,37,17,254
2024-09-10T16:00:00Z,0.035,2024-09-10,37,18,254
2024-09-10T17:00:00Z,0.002,2024-09-10,37,19,254
2024-09-10T18:00:00Z,0,2024-09-10,37,20,254
2024-09-10T19:00:00Z,0,2024-09-10,37,21,254
2024-09-10T20:00:00Z,0,2024-09-10,37,22,254
2024-09-10T21:00:00Z,0,2024-09-10,37,23,254
2024-09-10T22:00:00Z,0,2024-09-11,37,0,255
2024-09-10T23:00:00Z,0,2024-09-11,37,1,255
2024-09-11T00:00:00Z,0,2024-09-11,37,2,255
2024-09-11T01:00:00Z,0,2024-09-11,37,3,255
2024-09-11T02:00:00Z,0,2024-09-11,37,4,255
2024-09-11T03:00:00Z,0,2024-09-11,37,5,255
2024-09-11T04:00:00Z,0,2024-09-11,37,6,255
2024-09-11T05:00:00Z,0.041,2024-09-11,37,7,255
2024-09-11T06:00:00Z,0.142,2024-09-11,37,8,255
2024-09-11T07:00:00Z,0.258,2024-09-11,37,9,255
2024-09-11T08:00:00Z,0.363,2024-09-11,37,10,255
2024-09-11T09:00:00Z,0.416,2024-09-11,37,11,255
2024-09-11T10:00:00Z,0.411,2024-09-11,37,12,255
2024-09-11T11:00:00Z,0.384,2024-09-11,37,13,255
2024-09-11T12:00:00Z,0.343,2024-09-11,37,14,255
2024-09-11T13:00:00Z,0.279,2024-09-11,37,15,255
2024-09-11T14:00:00Z,0.212,2024-09-11,37,16,255
2024-09-11T15:00:00Z,0.135,2024-09-11,37,17,255
2024-09-11T16:00:00Z,0.06,2024-09-11,37,18,255
2024-09-11T17:00:00Z,0.005,2024-09-11,37,19,255
2024-09-11T18:00:00Z,0,2024-09-11,37,20,255
2024-09-11T19:00:00Z,0,2024-09-11,37,21,255
2024-09-11T20:00:00Z,0,2024-09-11,37,22,255
2024-09-11T21:00:00Z,0,2024-09-11,37,23,255
2024-09-11T22:00:00Z,0,2024-09-12,37,0,256
2024-09-11T23:00:00Z,0,2024-09-12,37,1,256
2024-09-12T00:00:00Z,0,2024-09-12,37,2,256
2024-09-12T01:00:00Z,0,2024-09-12,37,3,256
2024-09-12T02:00:00Z,0,2024-09-12,37,4,256
2024-09-12T03:00:00Z,0,2024-09-12,37,5,256
2024-09-12T04:00:00Z,0,2024-09-12,37,6,256
2024-09-12T05:00:00Z,0.02,2024-09-12,37,7,256
2024-09-12T06:00:00Z,0.09,2024-09-12,37,8,256
2024-09-12T07:00:00Z,0.176,2024-09-12,37,9,256
2024-09-12T08:00:00Z,0.25,2024-09-12,37,10,256
2024-09-12T09:00:00Z,0.302,2024-09-12,37,11,256
2024-09-12T10:00:00Z,0.326,2024-09-12,37,12,256
2024-09-12T11:00:00Z,0.319,2024-09-12,37,13,256
2024-09-12T12:00:00Z,0.274,2024-09-12,37,14,256
2024-09-12T13:00:00Z,0.22,2024-09-12,37,15,256
2024-09-12T14:00:00Z,0.182,2024-09-12,37,16,256
2024-09-12T15:00:00Z,0.125,2024-09-12,37,17,256
2024-09-12T16:00:00Z,0.054,2024-09-12,37,18,256
2024-09-12T17:00:00Z,0.004,2024-09-12,37,19,256
2024-09-12T18:00:00Z,0,2024-09-12,37,20,256
2024-09-12T19:00:00Z,0,2024-09-12,37,21,256
2024-09-12T20:00:00Z,0,2024-09-12,37,22,256
2024-09-12T21:00:00Z,0,2024-09-12,37,23,256
2024-09-12T22:00:00Z,0,2024-09-13,37,0,257
2024-09-12T23:00:00Z,0,2024-09-13,37,1,257
2024-09-13T00:00:00Z,0,2024-09-13,37,2,257
2024-09-13T01:00:00Z,0,2024-09-13,37,3,257
2024-09-13T02:00:00Z,0,2024-09-13,37,4,257
2024-09-13T03:00:00Z,0,2024-09-13,37,5,257
2024-09-13T04:00:00Z,0,2024-09-13,37,6,257
2024-09-13T05:00:00Z,0.04,2024-09-13,37,7,257
2024-09-13T06:00:00Z,0.178,2024-09-13,37,8,257
2024-09-13T07:00:00Z,0.318,2024-09-13,37,9,257
2024-09-13T08:00:00Z,0.438,2024-09-13,37,10,257
2024-09-13T09:00:00Z,0.544,2024-09-13,37,11,257
2024-09-13T10:00:00Z,0.55,2024-09-13,37,12,257
2024-09-13T11:00:00Z,0.51,2024-09-13,37,13,257
2024-09-13T12:00:00Z,0.436,2024-09-13,37,14,257
2024-09-13T13:00:00Z,0.357,2024-09-13,37,15,257
2024-09-13T14:00:00Z,0.252,2024-09-13,37,16,257
2024-09-13T15:00:00Z,0.15,2024-09-13,37,17,257
2024-09-13T16:00:00Z,0.066,2024-09-13,37,18,257
2024-09-13T17:00:00Z,0.006,2024-09-13,37,19,257
2024-09-13T18:00:00Z,0,2024-09-13,37,20,257
2024-09-13T19:00:00Z,0,2024-09-13,37,21,257
2024-09-13T20:00:00Z,0,2024-09-13,37,22,257
2024-09-13T21:00:00Z,0,2024-09-13,37,23,257
2024-09-13T22:00:00Z,0,2024-09-14,37,0,258
2024-09-13T23:00:00Z,0,2024-09-14,37,1,258
2024-09-14T00:00:00Z,0,2024-09-14,37,2,258
2024-09-14T01:00:00Z,0,2024-09-14,37,3,258
2024-09-14T02:00:00Z,0,2024-09-14,37,4,258
2024-09-14T03:00:00Z,0,2024-09-14,37,5,258
2024-09-14T04:00:00Z,0,2024-09-14,37,6,258
2024-09-14T05:00:00Z,0.066,2024-09-14,37,7,258
2024-09-14T06:00:00Z,0.233,2024-09-14,37,8,258
2024-09-14T07:00:00Z,0.394,2024-09-14,37,9,258
2024-09-14T08:00:00Z,0.519,2024-09-14,37,10,258
2024-09-14T09:00:00Z,0.595,2024-09-14,37,11,258
2024-09-14T10:00:00Z,0.627,2024-09-14,37,12,258
2024-09-14T11:00:00Z,0.617,2024-09-14,37,13,258
2024-09-14T12:00:00Z,0.562,2024-09-14,37,14,258
2024-09-14T13:00:00Z,0.469,2024-09-14,37,15,258
2024-09-14T14:00:00Z,0.352,2024-09-14,37,16,258
2024-09-14T15:00:00Z,0.218,2024-09-14,37,17,258
2024-09-14T16:00:00Z,0.093,2024-09-14,37,18,258
2024-09-14T17:00:00Z,0.006,2024-09-14,37,19,258
2024-09-14T18:00:00Z,0,2024-09-14,37,20,258
2024-09-14T19:00:00Z,0,2024-09-14,37,21,258
2024-09-14T20:00:00Z,0,2024-09-14,37,22,258
2024-09-14T21:00:00Z,0,2024-09-14,37,23,258
2024-09-14T22:00:00Z,0,2024-09-15,37,0,259
2024-09-14T23:00:00Z,0,2024-09-15,37,1,259
2024-09-15T00:00:00Z,0,2024-09-15,37,2,259
2024-09-15T01:00:00Z,0,2024-09-15,37,3,259
2024-09-15T02:00:00Z,0,2024-09-15,37,4,259
2024-09-15T03:00:00Z,0,2024-09-15,37,5,259
2024-09-15T04:00:00Z,0,2024-09-15,37,6,259
2024-09-15T05:00:00Z,0.02,2024-09-15,37,7,259
2024-09-15T06:00:00Z,0.105,2024-09-15,37,8,259
2024-09-15T07:00:00Z,0.228,2024-09-15,37,9,259
2024-09-15T08:00:00Z,0.35,2024-09-15,37,10,259
2024-09-15T09:00:00Z,0.434,2024-09-15,37,11,259
2024-09-15T10:00:00Z,0.438,2024-09-15,37,12,259
2024-09-15T11:00:00Z,0.412,2024-09-15,37,13,259
2024-09-15T12:00:00Z,0.385,2024-09-15,37,14,259
2024-09-15T13:00:00Z,0.312,2024-09-15,37,15,259
2024-09-15T14:00:00Z,0.227,2024-09-15,37,16,259
2024-09-15T15:00:00Z,0.138,2024-09-15,37,17,259
2024-09-15T16:00:00Z,0.056,2024-09-15,37,18,259
2024-09-15T17:00:00Z,0.002,2024-09-15,37,19,259
2024-09-15T18:00:00Z,0,2024-09-15,37,20,259
2024-09-15T19:00:00Z,0,2024-09-15,37,21,259
2024-09-15T20:00:00Z,0,2024-09-15,37,22,259
2024-09-15T21:00:00Z,0,2024-09-15,37,23,259
2024-09-15T22:00:00Z,0,2024-09-16,38,0,260
2024-09-15T23:00:00Z,0,2024-09-16,38,1,260
2024-09-16T00:00:00Z,0,2024-09-16,38,2,260
2024-09-16T01:00:00Z,0,2024-09-16,38,3,260
2024-09-16T02:00:00Z,0,2024-09-16,38,4,260
2024-09-16T03:00:00Z,0,2024-09-16,38,5,260
2024-09-16T04:00:00Z,0,2024-09-16,38,6,260
2024-09-16T05:00:00Z,0.013,2024-09-16,38,7,260
2024-09-16T06:00:00Z,0.072,2024-09-16,38,8,260
2024-09-16T07:00:00Z,0.177,2024-09-16,38,9,260
2024-09-16T08:00:00Z,0.33,2024-09-16,38,10,260
2024-09-16T09:00:00Z,0.498,2024-09-16,38,11,260
2024-09-16T10:00:00Z,0.54,2024-09-16,38,12,260
2024-09-16T11:00:00Z,0.53,2024-09-16,38,13,260
2024-09-16T12:00:00Z,0.477,2024-09-16,38,14,260
2024-09-16T13:00:00Z,0.386,2024-09-16,38,15,260
2024-09-16T14:00:00Z,0.286,2024-09-16,38,16,260
2024-09-16T15:00:00Z,0.168,2024-09-16,38,17,260
2024-09-16T16:00:00Z,0.068,2024-09-16,38,18,260
2024-09-16T17:00:00Z,0.003,2024-09-16,38,19,260
2024-09-16T18:00:00Z,0,2024-09-16,38,20,260
2024-09-16T19:00:00Z,0,2024-09-16,38,21,260
2024-09-16T20:00:00Z,0,2024-09-16,38,22,260
2024-09-16T21:00:00Z,0,2024-09-16,38,23,260
2024-09-16T22:00:00Z,0,2024-09-17,38,0,261
2024-09-16T23:00:00Z,0,2024-09-17,38,1,261
2024-09-17T00:00:00Z,0,2024-09-17,38,2,261
2024-09-17T01:00:00Z,0,2024-09-17,38,3,261
2024-09-17T02:00:00Z,0,2024-09-17,38,4,261
2024-09-17T03:00:00Z,0,2024-09-17,38,5,261
2024-09-17T04:00:00Z,0,2024-09-17,38,6,261
2024-09-17T05:00:00Z,0.033,2024-09-17,38,7,261
2024-09-17T06:00:00Z,0.171,2024-09-17,38,8,261
2024-09-17T07:00:00Z,0.322,2024-09-17,38,9,261
2024-09-17T08:00:00Z,0.431,2024-09-17,38,10,261
2024-09-17T09:00:00Z,0.512,2024-09-17,38,11,261
2024-09-17T10:00:00Z,0.549,2024-09-17,38,12,261
2024-09-17T11:00:00Z,0.53,2024-09-17,38,13,261
2024-09-17T12:00:00Z,0.452,2024-09-17,38,14,261
2024-09-17T13:00:00Z,0.343,2024-09-17,38,15,261
2024-09-17T14:00:00Z,0.225,2024-09-17,38,16,261
2024-09-17T15:00:00Z,0.114,2024-09-17,38,17,261
2024-09-17T16:00:00Z,0.04,2024-09-17,38,18,261
2024-09-17T17:00:00Z,0.001,2024-09-17,38,19,261
2024-09-17T18:00:00Z,0,2024-09-17,38,20,261
2024-09-17T19:00:00Z,0,2024-09-17,38,21,261
2024-09-17T20:00:00Z,0,2024-09-17,38,22,261
2024-09-17T21:00:00Z,0,2024-09-17,38,23,261
2024-09-17T22:00:00Z,0,2024-09-18,38,0,262
2024-09-17T23:00:00Z,0,2024-09-18,38,1,262
2024-09-18T00:00:00Z,0,2024-09-18,38,2,262
2024-09-18T01:00:00Z,0,2024-09-18,38,3,262
2024-09-18T02:00:00Z,0,2024-09-18,38,4,262
2024-09-18T03:00:00Z,0,2024-09-18,38,5,262
2024-09-18T04:00:00Z,0,2024-09-18,38,6,262
2024-09-18T05:00:00Z,0.031,2024-09-18,38,7,262
2024-09-18T06:00:00Z,0.167,2024-09-18,38,8,262
2024-09-18T07:00:00Z,0.326,2024-09-18,38,9,262
2024-09-18T08:00:00Z,0.456,2024-09-18,38,10,262
2024-09-18T09:00:00Z,0.539,2024-09-18,38,11,262
2024-09-18T10:00:00Z,0.574,2024-09-18,38,12,262
2024-09-18T11:00:00Z,0.564,2024-09-18,38,13,262
2024-09-18T12:00:00Z,0.517,2024-09-18,38,14,262
2024-09-18T13:00:00Z,0.428,2024-09-18,38,15,262
2024-09-18T14:00:00Z,0.316,2024-09-18,38,16,262
2024-09-18T15:00:00Z,0.188,2024-09-18,38,17,262
2024-09-18T16:00:00Z,0.07,2024-09-18,38,18,262
2024-09-18T17:00:00Z,0.001,2024-09-18,38,19,262
2024-09-18T18:00:00Z,0,2024-09-18,38,20,262
2024-09-18T19:00:00Z,0,2024-09-18,38,21,262
2024-09-18T20:00:00Z,0,2024-09-18,38,22,262
2024-09-18T21:00:00Z,0,2024-09-18,38,23,262
2024-09-18T22:00:00Z,0,2024-09-19,38,0,263
2024-09-18T23:00:00Z,0,2024-09-19,38,1,263
2024-09-19T00:00:00Z,0,2024-09-19,38,2,263
2024-09-19T01:00:00Z,0,2024-09-19,38,3,263
2024-09-19T02:00:00Z,0,2024-09-19,38,4,263
2024-09-19T03:00:00Z,0,2024-09-19,38,5,263
2024-09-19T04:00:00Z,0,2024-09-19,38,6,263
2024-09-19T05:00:00Z,0.026,2024-09-19,38,7,263
2024-09-19T06:00:00Z,0.159,2024-09-19,38,8,263
2024-09-19T07:00:00Z,0.327,2024-09-19,38,9,263
2024-09-19T08:00:00Z,0.458,2024-09-19,38,10,263
2024-09-19T09:00:00Z,0.55,2024-09-19,38,11,263
2024-09-19T10:00:00Z,0.586,2024-09-19,38,12,263
2024-09-19T11:00:00Z,0.577,2024-09-19,38,13,263
2024-09-19T12:00:00Z,0.521,2024-09-19,38,14,263
2024-09-19T13:00:00Z,0.43,2024-09-19,38,15,263
2024-09-19T14:00:00Z,0.318,2024-09-19,38,16,263
2024-09-19T15:00:00Z,0.188,2024-09-19,38,17,263
2024-09-19T16:00:00Z,0.07,2024-09-19,38,18,263
2024-09-19T17:00:00Z,0.001,2024-09-19,38,19,263
2024-09-19T18:00:00Z,0,2024-09-19,38,20,263
2024-09-19T19:00:00Z,0,2024-09-19,38,21,263
2024-09-19T20:00:00Z,0,2024-09-19,38,22,263
2024-09-19T21:00:00Z,0,2024-09-19,38,23,263
2024-09-19T22:00:00Z,0,2024-09-20,38,0,264
2024-09-19T23:00:00Z,0,2024-09-20,38,1,264
2024-09-20T00:00:00Z,0,2024-09-20,38,2,264
2024-09-20T01:00:00Z,0,2024-09-20,38,3,264
2024-09-20T02:00:00Z,0,2024-09-20,38,4,264
2024-09-20T03:00:00Z,0,2024-09-20,38,5,264
2024-09-20T04:00:00Z,0,2024-09-20,38,6,264
2024-09-20T05:00:00Z,0.024,2024-09-20,38,7,264
2024-09-20T06:00:00Z,0.16,2024-09-20,38,8,264
2024-09-20T07:00:00Z,0.324,2024-09-20,38,9,264
2024-09-20T08:00:00Z,0.455,2024-09-20,38,10,264
2024-09-20T09:00:00Z,0.535,2024-09-20,38,11,264
2024-09-20T10:00:00Z,0.574,2024-09-20,38,12,264
2024-09-20T11:00:00Z,0.568,2024-09-20,38,13,264
2024-09-20T12:00:00Z,0.518,2024-09-20,38,14,264
2024-09-20T13:00:00Z,0.429,2024-09-20,38,15,264
2024-09-20T14:00:00Z,0.32,2024-09-20,38,16,264
2024-09-20T15:00:00Z,0.191,2024-09-20,38,17,264
2024-09-20T16:00:00Z,0.072,2024-09-20,38,18,264
2024-09-20T17:00:00Z,0.001,2024-09-20,38,19,264
2024-09-20T18:00:00Z,0,2024-09-20,38,20,264
2024-09-20T19:00:00Z,0,2024-09-20,38,21,264
2024-09-20T20:00:00Z,0,2024-09-20,38,22,264
2024-09-20T21:00:00Z,0,2024-09-20,38,23,264
2024-09-20T22:00:00Z,0,2024-09-21,38,0,265
2024-09-20T23:00:00Z,0,2024-09-21,38,1,265
2024-09-21T00:00:00Z,0,2024-09-21,38,2,265
2024-09-21T01:00:00Z,0,2024-09-21,38,3,265
2024-09-21T02:00:00Z,0,2024-09-21,38,4,265
2024-09-21T03:00:00Z,0,2024-09-21,38,5,265
2024-09-21T04:00:00Z,0,2024-09-21,38,6,265
2024-09-21T05:00:00Z,0.013,2024-09-21,38,7,265
2024-09-21T06:00:00Z,0.097,2024-09-21,38,8,265
2024-09-21T07:00:00Z,0.204,2024-09-21,38,9,265
2024-09-21T08:00:00Z,0.314,2024-09-21,38,10,265
2024-09-21T09:00:00Z,0.412,2024-09-21,38,11,265
2024-09-21T10:00:00Z,0.459,2024-09-21,38,12,265
2024-09-21T11:00:00Z,0.443,2024-09-21,38,13,265
2024-09-21T12:00:00Z,0.382,2024-09-21,38,14,265
2024-09-21T13:00:00Z,0.296,2024-09-21,38,15,265
2024-09-21T14:00:00Z,0.205,2024-09-21,38,16,265
2024-09-21T15:00:00Z,0.116,2024-09-21,38,17,265
2024-09-21T16:00:00Z,0.04,2024-09-21,38,18,265
2024-09-21T17:00:00Z,0,2024-09-21,38,19,265
2024-09-21T18:00:00Z,0,2024-09-21,38,20,265
2024-09-21T19:00:00Z,0,2024-09-21,38,21,265
2024-09-21T20:00:00Z,0,2024-09-21,38,22,265
2024-09-21T21:00:00Z,0,2024-09-21,38,23,265
2024-09-21T22:00:00Z,0,2024-09-22,38,0,266
2024-09-21T23:00:00Z,0,2024-09-22,38,1,266
2024-09-22T00:00:00Z,0,2024-09-22,38,2,266
2024-09-22T01:00:00Z,0,2024-09-22,38,3,266
2024-09-22T02:00:00Z,0,2024-09-22,38,4,266
2024-09-22T03:00:00Z,0,2024-09-22,38,5,266
2024-09-22T04:00:00Z,0,2024-09-22,38,6,266
2024-09-22T05:00:00Z,0.017,2024-09-22,38,7,266
2024-09-22T06:00:00Z,0.146,2024-09-22,38,8,266
2024-09-22T07:00:00Z,0.314,2024-09-22,38,9,266
2024-09-22T08:00:00Z,0.45,2024-09-22,38,10,266
2024-09-22T09:00:00Z,0.533,2024-09-22,38,11,266
2024-09-22T10:00:00Z,0.571,2024-09-22,38,12,266
2024-09-22T11:00:00Z,0.564,2024-09-22,38,13,266
2024-09-22T12:00:00Z,0.507,2024-09-22,38,14,266
2024-09-22T13:00:00Z,0.416,2024-09-22,38,15,266
2024-09-22T14:00:00Z,0.304,2024-09-22,38,16,266
2024-09-22T15:00:00Z,0.179,2024-09-22,38,17,266
2024-09-22T16:00:00Z,0.06,2024-09-22,38,18,266
2024-09-22T17:00:00Z,0,2024-09-22,38,19,266
2024-09-22T18:00:00Z,0,2024-09-22,38,20,266
2024-09-22T19:00:00Z,0,2024-09-22,38,21,266
2024-09-22T20:00:00Z,0,2024-09-22,38,22,266
2024-09-22T21:00:00Z,0,2024-09-22,38,23,266
2024-09-22T22:00:00Z,0,2024-09-23,39,0,267
2024-09-22T23:00:00Z,0,2024-09-23,39,1,267
2024-09-23T00:00:00Z,0,2024-09-23,39,2,267
2024-09-23T01:00:00Z,0,2024-09-23,39,3,267
2024-09-23T02:00:00Z,0,2024-09-23,39,4,267
2024-09-23T03:00:00Z,0,2024-09-23,39,5,267
2024-09-23T04:00:00Z,0,2024-09-23,39,6,267
2024-09-23T05:00:00Z,0.008,2024-09-23,39,7,267
2024-09-23T06:00:00Z,0.083,2024-09-23,39,8,267
2024-09-23T07:00:00Z,0.193,2024-09-23,39,9,267
2024-09-23T08:00:00Z,0.308,2024-09-23,39,10,267
2024-09-23T09:00:00Z,0.397,2024-09-23,39,11,267
2024-09-23T10:00:00Z,0.45,2024-09-23,39,12,267
2024-09-23T11:00:00Z,0.447,2024-09-23,39,13,267
2024-09-23T12:00:00Z,0.395,2024-09-23,39,14,267
2024-09-23T13:00:00Z,0.298,2024-09-23,39,15,267
2024-09-23T14:00:00Z,0.19,2024-09-23,39,16,267
2024-09-23T15:00:00Z,0.095,2024-09-23,39,17,267
2024-09-23T16:00:00Z,0.025,2024-09-23,39,18,267
2024-09-23T17:00:00Z,0,2024-09-23,39,19,267
2024-09-23T18:00:00Z,0,2024-09-23,39,20,267
2024-09-23T19:00:00Z,0,2024-09-23,39,21,267
2024-09-23T20:00:00Z,0,2024-09-23,39,22,267
2024-09-23T21:00:00Z,0,2024-09-23,39,23,267
2024-09-23T22:00:00Z,0,2024-09-24,39,0,268
2024-09-23T23:00:00Z,0,2024-09-24,39,1,268
2024-09-24T00:00:00Z,0,2024-09-24,39,2,268
2024-09-24T01:00:00Z,0,2024-09-24,39,3,268
2024-09-24T02:00:00Z,0,2024-09-24,39,4,268
2024-09-24T03:00:00Z,0,2024-09-24,39,5,268
2024-09-24T04:00:00Z,0,2024-09-24,39,6,268
2024-09-24T05:00:00Z,0.001,2024-09-24,39,7,268
2024-09-24T06:00:00Z,0.021,2024-09-24,39,8,268
2024-09-24T07:00:00Z,0.045,2024-09-24,39,9,268
2024-09-24T08:00:00Z,0.071,2024-09-24,39,10,268
2024-09-24T09:00:00Z,0.098,2024-09-24,39,11,268
2024-09-24T10:00:00Z,0.117,2024-09-24,39,12,268
2024-09-24T11:00:00Z,0.132,2024-09-24,39,13,268
2024-09-24T12:00:00Z,0.129,2024-09-24,39,14,268
2024-09-24T13:00:00Z,0.105,2024-09-24,39,15,268
2024-09-24T14:00:00Z,0.068,2024-09-24,39,16,268
2024-09-24T15:00:00Z,0.033,2024-09-24,39,17,268
2024-09-24T16:00:00Z,0.008,2024-09-24,39,18,268
2024-09-24T17:00:00Z,0,2024-09-24,39,19,268
2024-09-24T18:00:00Z,0,2024-09-24,39,20,268
2024-09-24T19:00:00Z,0,2024-09-24,39,21,268
2024-09-24T20:00:00Z,0,2024-09-24,39,22,268
2024-09-24T21:00:00Z,0,2024-09-24,39,23,268
2024-09-24T22:00:00Z,0,2024-09-25,39,0,269
2024-09-24T23:00:00Z,0,2024-09-25,39,1,269
2024-09-25T00:00:00Z,0,2024-09-25,39,2,269
2024-09-25T01:00:00Z,0,2024-09-25,39,3,269
2024-09-25T02:00:00Z,0,2024-09-25,39,4,269
2024-09-25T03:00:00Z,0,2024-09-25,39,5,269
2024-09-25T04:00:00Z,0,2024-09-25,39,6,269
2024-09-25T05:00:00Z,0.004,2024-09-25,39,7,269
2024-09-25T06:00:00Z,0.047,2024-09-25,39,8,269
2024-09-25T07:00:00Z,0.139,2024-09-25,39,9,269
2024-09-25T08:00:00Z,0.251,2024-09-25,39,10,269
2024-09-25T09:00:00Z,0.334,2024-09-25,39,11,269
2024-09-25T10:00:00Z,0.394,2024-09-25,39,12,269
2024-09-25T11:00:00Z,0.426,2024-09-25,39,13,269
2024-09-25T12:00:00Z,0.407,2024-09-25,39,14,269
2024-09-25T13:00:00Z,0.354,2024-09-25,39,15,269
2024-09-25T14:00:00Z,0.264,2024-09-25,39,16,269
2024-09-25T15:00:00Z,0.152,2024-09-25,39,17,269
2024-09-25T16:00:00Z,0.044,2024-09-25,39,18,269
2024-09-25T17:00:00Z,0,2024-09-25,39,19,269
2024-09-25T18:00:00Z,0,2024-09-25,39,20,269
2024-09-25T19:00:00Z,0,2024-09-25,39,21,269
2024-09-25T20:00:00Z,0,2024-09-25,39,22,269
2024-09-25T21:00:00Z,0,2024-09-25,39,23,269
2024-09-25T22:00:00Z,0,2024-09-26,39,0,270
2024-09-25T23:00:00Z,0,2024-09-26,39,1,270
2024-09-26T00:00:00Z,0,2024-09-26,39,2,270
2024-09-26T01:00:00Z,0,2024-09-26,39,3,270
2024-09-26T02:00:00Z,0,2024-09-26,39,4,270
2024-09-26T03:00:00Z,0,2024-09-26,39,5,270
2024-09-26T04:00:00Z,0,2024-09-26,39,6,270
2024-09-26T05:00:00Z,0.001,2024-09-26,39,7,270
2024-09-26T06:00:00Z,0.023,2024-09-26,39,8,270
2024-09-26T07:00:00Z,0.047,2024-09-26,39,9,270
2024-09-26T08:00:00Z,0.063,2024-09-26,39,10,270
2024-09-26T09:00:00Z,0.08,2024-09-26,39,11,270
2024-09-26T10:00:00Z,0.095,2024-09-26,39,12,270
2024-09-26T11:00:00Z,0.114,2024-09-26,39,13,270
2024-09-26T12:00:00Z,0.113,2024-09-26,39,14,270
2024-09-26T13:00:00Z,0.094,2024-09-26,39,15,270
2024-09-26T14:00:00Z,0.071,2024-09-26,39,16,270
2024-09-26T15:00:00Z,0.048,2024-09-26,39,17,270
2024-09-26T16:00:00Z,0.015,2024-09-26,39,18,270
2024-09-26T17:00:00Z,0,2024-09-26,39,19,270
2024-09-26T18:00:00Z,0,2024-09-26,39,20,270
2024-09-26T19:00:00Z,0,2024-09-26,39,21,270
2024-09-26T20:00:00Z,0,2024-09-26,39,22,270
2024-09-26T21:00:00Z,0,2024-09-26,39,23,270
2024-09-26T22:00:00Z,0,2024-09-27,39,0,271
2024-09-26T23:00:00Z,0,2024-09-27,39,1,271
2024-09-27T00:00:00Z,0,2024-09-27,39,2,271
2024-09-27T01:00:00Z,0,2024-09-27,39,3,271
2024-09-27T02:00:00Z,0,2024-09-27,39,4,271
2024-09-27T03:00:00Z,0,2024-09-27,39,5,271
2024-09-27T04:00:00Z,0,2024-09-27,39,6,271
2024-09-27T05:00:00Z,0,2024-09-27,39,7,271
2024-09-27T06:00:00Z,0.02,2024-09-27,39,8,271
2024-09-27T07:00:00Z,0.062,2024-09-27,39,9,271
2024-09-27T08:00:00Z,0.107,2024-09-27,39,10,271
2024-09-27T09:00:00Z,0.137,2024-09-27,39,11,271
2024-09-27T10:00:00Z,0.16,2024-09-27,39,12,271
2024-09-27T11:00:00Z,0.177,2024-09-27,39,13,271
2024-09-27T12:00:00Z,0.162,2024-09-27,39,14,271
2024-09-27T13:00:00Z,0.123,2024-09-27,39,15,271
2024-09-27T14:00:00Z,0.087,2024-09-27,39,16,271
2024-09-27T15:00:00Z,0.045,2024-09-27,39,17,271
2024-09-27T16:00:00Z,0.01,2024-09-27,39,18,271
2024-09-27T17:00:00Z,0,2024-09-27,39,19,271
2024-09-27T18:00:00Z,0,2024-09-27,39,20,271
2024-09-27T19:00:00Z,0,2024-09-27,39,21,271
2024-09-27T20:00:00Z,0,2024-09-27,39,22,271
2024-09-27T21:00:00Z,0,2024-09-27,39,23,271
2024-09-27T22:00:00Z,0,2024-09-28,39,0,272
2024-09-27T23:00:00Z,0,2024-09-28,39,1,272
2024-09-28T00:00:00Z,0,2024-09-28,39,2,272
2024-09-28T01:00:00Z,0,2024-09-28,39,3,272
2024-09-28T02:00:00Z,0,2024-09-28,39,4,272
2024-09-28T03:00:00Z,0,2024-09-28,39,5,272
2024-09-28T04:00:00Z,0,2024-09-28,39,6,272
2024-09-28T05:00:00Z,0.004,2024-09-28,39,7,272
2024-09-28T06:00:00Z,0.111,2024-09-28,39,8,272
2024-09-28T07:00:00Z,0.261,2024-09-28,39,9,272
2024-09-28T08:00:00Z,0.382,2024-09-28,39,10,272
2024-09-28T09:00:00Z,0.465,2024-09-28,39,11,272
2024-09-28T10:00:00Z,0.496,2024-09-28,39,12,272
2024-09-28T11:00:00Z,0.501,2024-09-28,39,13,272
2024-09-28T12:00:00Z,0.43,2024-09-28,39,14,272
2024-09-28T13:00:00Z,0.324,2024-09-28,39,15,272
2024-09-28T14:00:00Z,0.226,2024-09-28,39,16,272
2024-09-28T15:00:00Z,0.13,2024-09-28,39,17,272
2024-09-28T16:00:00Z,0.033,2024-09-28,39,18,272
2024-09-28T17:00:00Z,0,2024-09-28,39,19,272
2024-09-28T18:00:00Z,0,2024-09-28,39,20,272
2024-09-28T19:00:00Z,0,2024-09-28,39,21,272
2024-09-28T20:00:00Z,0,2024-09-28,39,22,272
2024-09-28T21:00:00Z,0,2024-09-28,39,23,272
2024-09-28T22:00:00Z,0,2024-09-29,39,0,273
2024-09-28T23:00:00Z,0,2024-09-29,39,1,273
2024-09-29T00:00:00Z,0,2024-09-29,39,2,273
2024-09-29T01:00:00Z,0,2024-09-29,39,3,273
2024-09-29T02:00:00Z,0,2024-09-29,39,4,273
2024-09-29T03:00:00Z,0,2024-09-29,39,5,273
2024-09-29T04:00:00Z,0,2024-09-29,39,6,273
2024-09-29T05:00:00Z,0.003,2024-09-29,39,7,273
2024-09-29T06:00:00Z,0.125,2024-09-29,39,8,273
2024-09-29T07:00:00Z,0.301,2024-09-29,39,9,273
2024-09-29T08:00:00Z,0.436,2024-09-29,39,10,273
2024-09-29T09:00:00Z,0.52,2024-09-29,39,11,273
2024-09-29T10:00:00Z,0.562,2024-09-29,39,12,273
2024-09-29T11:00:00Z,0.554,2024-09-29,39,13,273
2024-09-29T12:00:00Z,0.499,2024-09-29,39,14,273
2024-09-29T13:00:00Z,0.405,2024-09-29,39,15,273
2024-09-29T14:00:00Z,0.294,2024-09-29,39,16,273
2024-09-29T15:00:00Z,0.158,2024-09-29,39,17,273
2024-09-29T16:00:00Z,0.042,2024-09-29,39,18,273
2024-09-29T17:00:00Z,0,2024-09-29,39,19,273
2024-09-29T18:00:00Z,0,2024-09-29,39,20,273
2024-09-29T19:00:00Z,0,2024-09-29,39,21,273
2024-09-29T20:00:00Z,0,2024-09-29,39,22,273
2024-09-29T21:00:00Z,0,2024-09-29,39,23,273
2024-09-29T22:00:00Z,0,2024-09-30,40,0,274
2024-09-29T23:00:00Z,0,2024-09-30,40,1,274
2024-09-30T00:00:00Z,0,2024-09-30,40,2,274
2024-09-30T01:00:00Z,0,2024-09-30,40,3,274
2024-09-30T02:00:00Z,0,2024-09-30,40,4,274
2024-09-30T03:00:00Z,0,2024-09-30,40,5,274
2024-09-30T04:00:00Z,0,2024-09-30,40,6,274
2024-09-30T05:00:00Z,0.001,2024-09-30,40,7,274
2024-09-30T06:00:00Z,0.05,2024-09-30,40,8,274
2024-09-30T07:00:00Z,0.15,2024-09-30,40,9,274
2024-09-30T08:00:00Z,0.278,2024-09-30,40,10,274
2024-09-30T09:00:00Z,0.402,2024-09-30,40,11,274
2024-09-30T10:00:00Z,0.484,2024-09-30,40,12,274
2024-09-30T11:00:00Z,0.508,2024-09-30,40,13,274
2024-09-30T12:00:00Z,0.475,2024-09-30,40,14,274
2024-09-30T13:00:00Z,0.389,2024-09-30,40,15,274
2024-09-30T14:00:00Z,0.277,2024-09-30,40,16,274
2024-09-30T15:00:00Z,0.149,2024-09-30,40,17,274
2024-09-30T16:00:00Z,0.035,2024-09-30,40,18,274
2024-09-30T17:00:00Z,0,2024-09-30,40,19,274
2024-09-30T18:00:00Z,0,2024-09-30,40,20,274
2024-09-30T19:00:00Z,0,2024-09-30,40,21,274
2024-09-30T20:00:00Z,0,2024-09-30,40,22,274
2024-09-30T21:00:00Z,0,2024-09-30,40,23,274
2024-09-30T22:00:00Z,0,2024-10-01,40,0,275
2024-09-30T23:00:00Z,0,2024-10-01,40,1,275
2024-10-01T00:00:00Z,0,2024-10-01,40,2,275
2024-10-01T01:00:00Z,0,2024-10-01,40,3,275
2024-10-01T02:00:00Z,0,2024-10-01,40,4,275
2024-10-01T03:00:00Z,0,2024-10-01,40,5,275
2024-10-01T04:00:00Z,0,2024-10-01,40,6,275
2024-10-01T05:00:00Z,0.001,2024-10-01,40,7,275
2024-10-01T06:00:00Z,0.062,2024-10-01,40,8,275
2024-10-01T07:00:00Z,0.167,2024-10-01,40,9,275
2024-10-01T08:00:00Z,0.276,2024-10-01,40,10,275
2024-10-01T09:00:00Z,0.377,2024-10-01,40,11,275
2024-10-01T10:00:00Z,0.423,2024-10-01,40,12,275
2024-10-01T11:00:00Z,0.415,2024-10-01,40,13,275
2024-10-01T12:00:00Z,0.354,2024-10-01,40,14,275
2024-10-01T13:00:00Z,0.261,2024-10-01,40,15,275
2024-10-01T14:00:00Z,0.145,2024-10-01,40,16,275
2024-10-01T15:00:00Z,0.064,2024-10-01,40,17,275
2024-10-01T16:00:00Z,0.01,2024-10-01,40,18,275
2024-10-01T17:00:00Z,0,2024-10-01,40,19,275
2024-10-01T18:00:00Z,0,2024-10-01,40,20,275
2024-10-01T19:00:00Z,0,2024-10-01,40,21,275
2024-10-01T20:00:00Z,0,2024-10-01,40,22,275
2024-10-01T21:00:00Z,0,2024-10-01,40,23,275
2024-10-01T22:00:00Z,0,2024-10-02,40,0,276
2024-10-01T23:00:00Z,0,2024-10-02,40,1,276
2024-10-02T00:00:00Z,0,2024-10-02,40,2,276
2024-10-02T01:00:00Z,0,2024-10-02,40,3,276
2024-10-02T02:00:00Z,0,2024-10-02,40,4,276
2024-10-02T03:00:00Z,0,2024-10-02,40,5,276
2024-10-02T04:00:00Z,0,2024-10-02,40,6,276
2024-10-02T05:00:00Z,0.001,2024-10-02,40,7,276
2024-10-02T06:00:00Z,0.116,2024-10-02,40,8,276
2024-10-02T07:00:00Z,0.304,2024-10-02,40,9,276
2024-10-02T08:00:00Z,0.448,2024-10-02,40,10,276
2024-10-02T09:00:00Z,0.541,2024-10-02,40,11,276
2024-10-02T10:00:00Z,0.58,2024-10-02,40,12,276
2024-10-02T11:00:00Z,0.572,2024-10-02,40,13,276
2024-10-02T12:00:00Z,0.517,2024-10-02,40,14,276
2024-10-02T13:00:00Z,0.42,2024-10-02,40,15,276
2024-10-02T14:00:00Z,0.304,2024-10-02,40,16,276
2024-10-02T15:00:00Z,0.154,2024-10-02,40,17,276
2024-10-02T16:00:00Z,0.037,2024-10-02,40,18,276
2024-10-02T17:00:00Z,0,2024-10-02,40,19,276
2024-10-02T18:00:00Z,0,2024-10-02,40,20,276
2024-10-02T19:00:00Z,0,2024-10-02,40,21,276
2024-10-02T20:00:00Z,0,2024-10-02,40,22,276
2024-10-02T21:00:00Z,0,2024-10-02,40,23,276
2024-10-02T22:00:00Z,0,2024-10-03,40,0,277
2024-10-02T23:00:00Z,0,2024-10-03,40,1,277
2024-10-03T00:00:00Z,0,2024-10-03,40,2,277
2024-10-03T01:00:00Z,0,2024-10-03,40,3,277
2024-10-03T02:00:00Z,0,2024-10-03,40,4,277
2024-10-03T03:00:00Z,0,2024-10-03,40,5,277
2024-10-03T04:00:00Z,0,2024-10-03,40,6,277
2024-10-03T05:00:00Z,0.001,2024-10-03,40,7,277
2024-10-03T06:00:00Z,0.105,2024-10-03,40,8,277
2024-10-03T07:00:00Z,0.293,2024-10-03,40,9,277
2024-10-03T08:00:00Z,0.447,2024-10-03,40,10,277
2024-10-03T09:00:00Z,0.539,2024-10-03,40,11,277
2024-10-03T10:00:00Z,0.579,2024-10-03,40,12,277
2024-10-03T11:00:00Z,0.571,2024-10-03,40,13,277
2024-10-03T12:00:00Z,0.517,2024-10-03,40,14,277
2024-10-03T13:00:00Z,0.421,2024-10-03,40,15,277
2024-10-03T14:00:00Z,0.306,2024-10-03,40,16,277
2024-10-03T15:00:00Z,0.166,2024-10-03,40,17,277
2024-10-03T16:00:00Z,0.037,2024-10-03,40,18,277
2024-10-03T17:00:00Z,0,2024-10-03,40,19,277
2024-10-03T18:00:00Z,0,2024-10-03,40,20,277
2024-10-03T19:00:00Z,0,2024-10-03,40,21,277
2024-10-03T20:00:00Z,0,2024-10-03,40,22,277
2024-10-03T21:00:00Z,0,2024-10-03,40,23,277
2024-10-03T22:00:00Z,0,2024-10-04,40,0,278
2024-10-03T23:00:00Z,0,2024-10-04,40,1,278
2024-10-04T00:00:00Z,0,2024-10-04,40,2,278
2024-10-04T01:00:00Z,0,2024-10-04,40,3,278
2024-10-04T02:00:00Z,0,2024-10-04,40,4,278
2024-10-04T03:00:00Z,0,2024-10-04,40,5,278
2024-10-04T04:00:00Z,0,2024-10-04,40,6,278
2024-10-04T05:00:00Z,0,2024-10-04,40,7,278
2024-10-04T06:00:00Z,0.103,2024-10-04,40,8,278
2024-10-04T07:00:00Z,0.286,2024-10-04,40,9,278
2024-10-04T08:00:00Z,0.439,2024-10-04,40,10,278
2024-10-04T09:00:00Z,0.53,2024-10-04,40,11,278
2024-10-04T10:00:00Z,0.567,2024-10-04,40,12,278
2024-10-04T11:00:00Z,0.56,2024-10-04,40,13,278
2024-10-04T12:00:00Z,0.51,2024-10-04,40,14,278
2024-10-04T13:00:00Z,0.414,2024-10-04,40,15,278
2024-10-04T14:00:00Z,0.301,2024-10-04,40,16,278
2024-10-04T15:00:00Z,0.155,2024-10-04,40,17,278
2024-10-04T16:00:00Z,0.025,2024-10-04,40,18,278
2024-10-04T17:00:00Z,0,2024-10-04,40,19,278
2024-10-04T18:00:00Z,0,2024-10-04,40,20,278
2024-10-04T19:00:00Z,0,2024-10-04,40,21,278
2024-10-04T20:00:00Z,0,2024-10-04,40,22,278
2024-10-04T21:00:00Z,0,2024-10-04,40,23,278
2024-10-04T22:00:00Z,0,2024-10-05,40,0,279
2024-10-04T23:00:00Z,0,2024-10-05,40,1,279
2024-10-05T00:00:00Z,0,2024-10-05,40,2,279
2024-10-05T01:00:00Z,0,2024-10-05,40,3,279
2024-10-05T02:00:00Z,0,2024-10-05,40,4,279
2024-10-05T03:00:00Z,0,2024-10-05,40,5,279
2024-10-05T04:00:00Z,0,2024-10-05,40,6,279
2024-10-05T05:00:00Z,0,2024-10-05,40,7,279
2024-10-05T06:00:00Z,0.048,2024-10-05,40,8,279
2024-10-05T07:00:00Z,0.18,2024-10-05,40,9,279
2024-10-05T08:00:00Z,0.322,2024-10-05,40,10,279
2024-10-05T09:00:00Z,0.416,2024-10-05,40,11,279
2024-10-05T10:00:00Z,0.464,2024-10-05,40,12,279
2024-10-05T11:00:00Z,0.501,2024-10-05,40,13,279
2024-10-05T12:00:00Z,0.455,2024-10-05,40,14,279
2024-10-05T13:00:00Z,0.371,2024-10-05,40,15,279
2024-10-05T14:00:00Z,0.255,2024-10-05,40,16,279
2024-10-05T15:00:00Z,0.12,2024-10-05,40,17,279
2024-10-05T16:00:00Z,0.017,2024-10-05,40,18,279
2024-10-05T17:00:00Z,0,2024-10-05,40,19,279
2024-10-05T18:00:00Z,0,2024-10-05,40,20,279
2024-10-05T19:00:00Z,0,2024-10-05,40,21,279
2024-10-05T20:00:00Z,0,2024-10-05,40,22,279
2024-10-05T21:00:00Z,0,2024-10-05,40,23,279
2024-10-05T22:00:00Z,0,2024-10-06,40,0,280
2024-10-05T23:00:00Z,0,2024-10-06,40,1,280
2024-10-06T00:00:00Z,0,2024-10-06,40,2,280
2024-10-06T01:00:00Z,0,2024-10-06,40,3,280
2024-10-06T02:00:00Z,0,2024-10-06,40,4,280
2024-10-06T03:00:00Z,0,2024-10-06,40,5,280
2024-10-06T04:00:00Z,0,2024-10-06,40,6,280
2024-10-06T05:00:00Z,0,2024-10-06,40,7,280
2024-10-06T06:00:00Z,0.062,2024-10-06,40,8,280
2024-10-06T07:00:00Z,0.213,2024-10-06,40,9,280
2024-10-06T08:00:00Z,0.405,2024-10-06,40,10,280
2024-10-06T09:00:00Z,0.512,2024-10-06,40,11,280
2024-10-06T10:00:00Z,0.545,2024-10-06,40,12,280
2024-10-06T11:00:00Z,0.521,2024-10-06,40,13,280
2024-10-06T12:00:00Z,0.458,2024-10-06,40,14,280
2024-10-06T13:00:00Z,0.36,2024-10-06,40,15,280
2024-10-06T14:00:00Z,0.25,2024-10-06,40,16,280
2024-10-06T15:00:00Z,0.115,2024-10-06,40,17,280
2024-10-06T16:00:00Z,0.017,2024-10-06,40,18,280
2024-10-06T17:00:00Z,0,2024-10-06,40,19,280
2024-10-06T18:00:00Z,0,2024-10-06,40,20,280
2024-10-06T19:00:00Z,0,2024-10-06,40,21,280
2024-10-06T20:00:00Z,0,2024-10-06,40,22,280
2024-10-06T21:00:00Z,0,2024-10-06,40,23,280
2024-10-06T22:00:00Z,0,2024-10-07,41,0,281
2024-10-06T23:00:00Z,0,2024-10-07,41,1,281
2024-10-07T00:00:00Z,0,2024-10-07,41,2,281
2024-10-07T01:00:00Z,0,2024-10-07,41,3,281
2024-10-07T02:00:00Z,0,2024-10-07,41,4,281
2024-10-07T03:00:00Z,0,2024-10-07,41,5,281
2024-10-07T04:00:00Z,0,2024-10-07,41,6,281
2024-10-07T05:00:00Z,0,2024-10-07,41,7,281
2024-10-07T06:00:00Z,0.04,2024-10-07,41,8,281
2024-10-07T07:00:00Z,0.171,2024-10-07,41,9,281
2024-10-07T08:00:00Z,0.274,2024-10-07,41,10,281
2024-10-07T09:00:00Z,0.29,2024-10-07,41,11,281
2024-10-07T10:00:00Z,0.238,2024-10-07,41,12,281
2024-10-07T11:00:00Z,0.172,2024-10-07,41,13,281
2024-10-07T12:00:00Z,0.132,2024-10-07,41,14,281
2024-10-07T13:00:00Z,0.11,2024-10-07,41,15,281
2024-10-07T14:00:00Z,0.094,2024-10-07,41,16,281
2024-10-07T15:00:00Z,0.055,2024-10-07,41,17,281
2024-10-07T16:00:00Z,0.006,2024-10-07,41,18,281
2024-10-07T17:00:00Z,0,2024-10-07,41,19,281
2024-10-07T18:00:00Z,0,2024-10-07,41,20,281
2024-10-07T19:00:00Z,0,2024-10-07,41,21,281
2024-10-07T20:00:00Z,0,2024-10-07,41,22,281
2024-10-07T21:00:00Z,0,2024-10-07,41,23,281
2024-10-07T22:00:00Z,0,2024-10-08,41,0,282
2024-10-07T23:00:00Z,0,2024-10-08,41,1,282
2024-10-08T00:00:00Z,0,2024-10-08,41,2,282
2024-10-08T01:00:00Z,0,2024-10-08,41,3,282
2024-10-08T02:00:00Z,0,2024-10-08,41,4,282
2024-10-08T03:00:00Z,0,2024-10-08,41,5,282
2024-10-08T04:00:00Z,0,2024-10-08,41,6,282
2024-10-08T05:00:00Z,0,2024-10-08,41,7,282
2024-10-08T06:00:00Z,0.008,2024-10-08,41,8,282
2024-10-08T07:00:00Z,0.048,2024-10-08,41,9,282
2024-10-08T08:00:00Z,0.08,2024-10-08,41,10,282
2024-10-08T09:00:00Z,0.093,2024-10-08,41,11,282
2024-10-08T10:00:00Z,0.095,2024-10-08,41,12,282
2024-10-08T11:00:00Z,0.089,2024-10-08,41,13,282
2024-10-08T12:00:00Z,0.08,2024-10-08,41,14,282
2024-10-08T13:00:00Z,0.07,2024-10-08,41,15,282
2024-10-08T14:00:00Z,0.05,2024-10-08,41,16,282
2024-10-08T15:00:00Z,0.019,2024-10-08,41,17,282
2024-10-08T16:00:00Z,0.001,2024-10-08,41,18,282
2024-10-08T17:00:00Z,0,2024-10-08,41,19,282
2024-10-08T18:00:00Z,0,2024-10-08,41,20,282
2024-10-08T19:00:00Z,0,2024-10-08,41,21,282
2024-10-08T20:00:00Z,0,2024-10-08,41,22,282
2024-10-08T21:00:00Z,0,2024-10-08,41,23,282
2024-10-08T22:00:00Z,0,2024-10-09,41,0,283
2024-10-08T23:00:00Z,0,2024-10-09,41,1,283
2024-10-09T00:00:00Z,0,2024-10-09,41,2,283
2024-10-09T01:00:00Z,0,2024-10-09,41,3,283
2024-10-09T02:00:00Z,0,2024-10-09,41,4,283
2024-10-09T03:00:00Z,0,2024-10-09,41,5,283
2024-10-09T04:00:00Z,0,2024-10-09,41,6,283
2024-10-09T05:00:00Z,0,2024-10-09,41,7,283
2024-10-09T06:00:00Z,0.032,2024-10-09,41,8,283
2024-10-09T07:00:00Z,0.152,2024-10-09,41,9,283
2024-10-09T08:00:00Z,0.275,2024-10-09,41,10,283
2024-10-09T09:00:00Z,0.35,2024-10-09,41,11,283
2024-10-09T10:00:00Z,0.351,2024-10-09,41,12,283
2024-10-09T11:00:00Z,0.327,2024-10-09,41,13,283
2024-10-09T12:00:00Z,0.307,2024-10-09,41,14,283
2024-10-09T13:00:00Z,0.245,2024-10-09,41,15,283
2024-10-09T14:00:00Z,0.151,2024-10-09,41,16,283
2024-10-09T15:00:00Z,0.063,2024-10-09,41,17,283
2024-10-09T16:00:00Z,0.004,2024-10-09,41,18,283
2024-10-09T17:00:00Z,0,2024-10-09,41,19,283
2024-10-09T18:00:00Z,0,2024-10-09,41,20,283
2024-10-09T19:00:00Z,0,2024-10-09,41,21,283
2024-10-09T20:00:00Z,0,2024-10-09,41,22,283
2024-10-09T21:00:00Z,0,2024-10-09,41,23,283
2024-10-09T22:00:00Z,0,2024-10-10,41,0,284
2024-10-09T23:00:00Z,0,2024-10-10,41,1,284
2024-10-10T00:00:00Z,0,2024-10-10,41,2,284
2024-10-10T01:00:00Z,0,2024-10-10,41,3,284
2024-10-10T02:00:00Z,0,2024-10-10,41,4,284
2024-10-10T03:00:00Z,0,2024-10-10,41,5,284
2024-10-10T04:00:00Z,0,2024-10-10,41,6,284
2024-10-10T05:00:00Z,0,2024-10-10,41,7,284
2024-10-10T06:00:00Z,0.003,2024-10-10,41,8,284
2024-10-10T07:00:00Z,0.026,2024-10-10,41,9,284
2024-10-10T08:00:00Z,0.058,2024-10-10,41,10,284
2024-10-10T09:00:00Z,0.09,2024-10-10,41,11,284
2024-10-10T10:00:00Z,0.121,2024-10-10,41,12,284
2024-10-10T11:00:00Z,0.176,2024-10-10,41,13,284
2024-10-10T12:00:00Z,0.244,2024-10-10,41,14,284
2024-10-10T13:00:00Z,0.261,2024-10-10,41,15,284
2024-10-10T14:00:00Z,0.194,2024-10-10,41,16,284
2024-10-10T15:00:00Z,0.095,2024-10-10,41,17,284
2024-10-10T16:00:00Z,0.006,2024-10-10,41,18,284
2024-10-10T17:00:00Z,0,2024-10-10,41,19,284
2024-10-10T18:00:00Z,0,2024-10-10,41,20,284
2024-10-10T19:00:00Z,0,2024-10-10,41,21,284
2024-10-10T20:00:00Z,0,2024-10-10,41,22,284
2024-10-10T21:00:00Z,0,2024-10-10,41,23,284
2024-10-10T22:00:00Z,0,2024-10-11,41,0,285
2024-10-10T23:00:00Z,0,2024-10-11,41,1,285
2024-10-11T00:00:00Z,0,2024-10-11,41,2,285
2024-10-11T01:00:00Z,0,2024-10-11,41,3,285
2024-10-11T02:00:00Z,0,2024-10-11,41,4,285
2024-10-11T03:00:00Z,0,2024-10-11,41,5,285
2024-10-11T04:00:00Z,0,2024-10-11,41,6,285
2024-10-11T05:00:00Z,0,2024-10-11,41,7,285
2024-10-11T06:00:00Z,0.039,2024-10-11,41,8,285
2024-10-11T07:00:00Z,0.185,2024-10-11,41,9,285
2024-10-11T08:00:00Z,0.316,2024-10-11,41,10,285
2024-10-11T09:00:00Z,0.368,2024-10-11,41,11,285
2024-10-11T10:00:00Z,0.345,2024-10-11,41,12,285
2024-10-11T11:00:00Z,0.298,2024-10-11,41,13,285
2024-10-11T12:00:00Z,0.246,2024-10-11,41,14,285
2024-10-11T13:00:00Z,0.189,2024-10-11,41,15,285
2024-10-11T14:00:00Z,0.12,2024-10-11,41,16,285
2024-10-11T15:00:00Z,0.054,2024-10-11,41,17,285
2024-10-11T16:00:00Z,0.002,2024-10-11,41,18,285
2024-10-11T17:00:00Z,0,2024-10-11,41,19,285
2024-10-11T18:00:00Z,0,2024-10-11,41,20,285
2024-10-11T19:00:00Z,0,2024-10-11,41,21,285
2024-10-11T20:00:00Z,0,2024-10-11,41,22,285
2024-10-11T21:00:00Z,0,2024-10-11,41,23,285
2024-10-11T22:00:00Z,0,2024-10-12,41,0,286
2024-10-11T23:00:00Z,0,2024-10-12,41,1,286
2024-10-12T00:00:00Z,0,2024-10-12,41,2,286
2024-10-12T01:00:00Z,0,2024-10-12,41,3,286
2024-10-12T02:00:00Z,0,2024-10-12,41,4,286
2024-10-12T03:00:00Z,0,2024-10-12,41,5,286
2024-10-12T04:00:00Z,0,2024-10-12,41,6,286
2024-10-12T05:00:00Z,0,2024-10-12,41,7,286
2024-10-12T06:00:00Z,0.027,2024-10-12,41,8,286
2024-10-12T07:00:00Z,0.133,2024-10-12,41,9,286
2024-10-12T08:00:00Z,0.222,2024-10-12,41,10,286
2024-10-12T09:00:00Z,0.293,2024-10-12,41,11,286
2024-10-12T10:00:00Z,0.302,2024-10-12,41,12,286
2024-10-12T11:00:00Z,0.248,2024-10-12,41,13,286
2024-10-12T12:00:00Z,0.162,2024-10-12,41,14,286
2024-10-12T13:00:00Z,0.096,2024-10-12,41,15,286
2024-10-12T14:00:00Z,0.045,2024-10-12,41,16,286
2024-10-12T15:00:00Z,0.014,2024-10-12,41,17,286
2024-10-12T16:00:00Z,0,2024-10-12,41,18,286
2024-10-12T17:00:00Z,0,2024-10-12,41,19,286
2024-10-12T18:00:00Z,0,2024-10-12,41,20,286
2024-10-12T19:00:00Z,0,2024-10-12,41,21,286
2024-10-12T20:00:00Z,0,2024-10-12,41,22,286
2024-10-12T21:00:00Z,0,2024-10-12,41,23,286
2024-10-12T22:00:00Z,0,2024-10-13,41,0,287
2024-10-12T23:00:00Z,0,2024-10-13,41,1,287
2024-10-13T00:00:00Z,0,2024-10-13,41,2,287
2024-10-13T01:00:00Z,0,2024-10-13,41,3,287
2024-10-13T02:00:00Z,0,2024-10-13,41,4,287
2024-10-13T03:00:00Z,0,2024-10-13,41,5,287
2024-10-13T04:00:00Z,0,2024-10-13,41,6,287
2024-10-13T05:00:00Z,0,2024-10-13,41,7,287
2024-10-13T06:00:00Z,0.006,2024-10-13,41,8,287
2024-10-13T07:00:00Z,0.058,2024-10-13,41,9,287
2024-10-13T08:00:00Z,0.153,2024-10-13,41,10,287
2024-10-13T09:00:00Z,0.268,2024-10-13,41,11,287
2024-10-13T10:00:00Z,0.338,2024-10-13,41,12,287
2024-10-13T11:00:00Z,0.359,2024-10-13,41,13,287
2024-10-13T12:00:00Z,0.316,2024-10-13,41,14,287
2024-10-13T13:00:00Z,0.252,2024-10-13,41,15,287
2024-10-13T14:00:00Z,0.158,2024-10-13,41,16,287
2024-10-13T15:00:00Z,0.056,2024-10-13,41,17,287
2024-10-13T16:00:00Z,0.001,2024-10-13,41,18,287
2024-10-13T17:00:00Z,0,2024-10-13,41,19,287
2024-10-13T18:00:00Z,0,2024-10-13,41,20,287
2024-10-13T19:00:00Z,0,2024-10-13,41,21,287
2024-10-13T20:00:00Z,0,2024-10-13,41,22,287
2024-10-13T21:00:00Z,0,2024-10-13,41,23,287
2024-10-13T22:00:00Z,0,2024-10-14,42,0,288
2024-10-13T23:00:00Z,0,2024-10-14,42,1,288
2024-10-14T00:00:00Z,0,2024-10-14,42,2,288
2024-10-14T01:00:00Z,0,2024-10-14,42,3,288
2024-10-14T02:00:00Z,0,2024-10-14,42,4,288
2024-10-14T03:00:00Z,0,2024-10-14,42,5,288
2024-10-14T04:00:00Z,0,2024-10-14,42,6,288
2024-10-14T05:00:00Z,0,2024-10-14,42,7,288
2024-10-14T06:00:00Z,0.009,2024-10-14,42,8,288
2024-10-14T07:00:00Z,0.074,2024-10-14,42,9,288
2024-10-14T08:00:00Z,0.18,2024-10-14,42,10,288
2024-10-14T09:00:00Z,0.295,2024-10-14,42,11,288
2024-10-14T10:00:00Z,0.378,2024-10-14,42,12,288
2024-10-14T11:00:00Z,0.386,2024-10-14,42,13,288
2024-10-14T12:00:00Z,0.327,2024-10-14,42,14,288
2024-10-14T13:00:00Z,0.239,2024-10-14,42,15,288
2024-10-14T14:00:00Z,0.14,2024-10-14,42,16,288
2024-10-14T15:00:00Z,0.06,2024-10-14,42,17,288
2024-10-14T16:00:00Z,0.001,2024-10-14,42,18,288
2024-10-14T17:00:00Z,0,2024-10-14,42,19,288
2024-10-14T18:00:00Z,0,2024-10-14,42,20,288
2024-10-14T19:00:00Z,0,2024-10-14,42,21,288
2024-10-14T20:00:00Z,0,2024-10-14,42,22,288
2024-10-14T21:00:00Z,0,2024-10-14,42,23,288
2024-10-14T22:00:00Z,0,2024-10-15,42,0,289
2024-10-14T23:00:00Z,0,2024-10-15,42,1,289
2024-10-15T00:00:00Z,0,2024-10-15,42,2,289
2024-10-15T01:00:00Z,0,2024-10-15,42,3,289
2024-10-15T02:00:00Z,0,2024-10-15,42,4,289
2024-10-15T03:00:00Z,0,2024-10-15,42,5,289
2024-10-15T04:00:00Z,0,2024-10-15,42,6,289
2024-10-15T05:00:00Z,0,2024-10-15,42,7,289
2024-10-15T06:00:00Z,0.04,2024-10-15,42,8,289
2024-10-15T07:00:00Z,0.19,2024-10-15,42,9,289
2024-10-15T08:00:00Z,0.33,2024-10-15,42,10,289
2024-10-15T09:00:00Z,0.458,2024-10-15,42,11,289
2024-10-15T10:00:00Z,0.526,2024-10-15,42,12,289
2024-10-15T11:00:00Z,0.524,2024-10-15,42,13,289
2024-10-15T12:00:00Z,0.471,2024-10-15,42,14,289
2024-10-15T13:00:00Z,0.379,2024-10-15,42,15,289
2024-10-15T14:00:00Z,0.262,2024-10-15,42,16,289
2024-10-15T15:00:00Z,0.125,2024-10-15,42,17,289
2024-10-15T16:00:00Z,0.003,2024-10-15,42,18,289
2024-10-15T17:00:00Z,0,2024-10-15,42,19,289
2024-10-15T18:00:00Z,0,2024-10-15,42,20,289
2024-10-15T19:00:00Z,0,2024-10-15,42,21,289
2024-10-15T20:00:00Z,0,2024-10-15,42,22,289
2024-10-15T21:00:00Z,0,2024-10-15,42,23,289
2024-10-15T22:00:00Z,0,2024-10-16,42,0,290
2024-10-15T23:00:00Z,0,2024-10-16,42,1,290
2024-10-16T00:00:00Z,0,2024-10-16,42,2,290
2024-10-16T01:00:00Z,0,2024-10-16,42,3,290
2024-10-16T02:00:00Z,0,2024-10-16,42,4,290
2024-10-16T03:00:00Z,0,2024-10-16,42,5,290
2024-10-16T04:00:00Z,0,2024-10-16,42,6,290
2024-10-16T05:00:00Z,0,2024-10-16,42,7,290
2024-10-16T06:00:00Z,0.009,2024-10-16,42,8,290
2024-10-16T07:00:00Z,0.074,2024-10-16,42,9,290
2024-10-16T08:00:00Z,0.186,2024-10-16,42,10,290
2024-10-16T09:00:00Z,0.301,2024-10-16,42,11,290
2024-10-16T10:00:00Z,0.352,2024-10-16,42,12,290
2024-10-16T11:00:00Z,0.354,2024-10-16,42,13,290
2024-10-16T12:00:00Z,0.291,2024-10-16,42,14,290
2024-10-16T13:00:00Z,0.213,2024-10-16,42,15,290
2024-10-16T14:00:00Z,0.136,2024-10-16,42,16,290
2024-10-16T15:00:00Z,0.058,2024-10-16,42,17,290
2024-10-16T16:00:00Z,0.001,2024-10-16,42,18,290
2024-10-16T17:00:00Z,0,2024-10-16,42,19,290
2024-10-16T18:00:00Z,0,2024-10-16,42,20,290
2024-10-16T19:00:00Z,0,2024-10-16,42,21,290
2024-10-16T20:00:00Z,0,2024-10-16,42,22,290
2024-10-16T21:00:00Z,0,2024-10-16,42,23,290
2024-10-16T22:00:00Z,0,2024-10-17,42,0,291
2024-10-16T23:00:00Z,0,2024-10-17,42,1,291
2024-10-17T00:00:00Z,0,2024-10-17,42,2,291
2024-10-17T01:00:00Z,0,2024-10-17,42,3,291
2024-10-17T02:00:00Z,0,2024-10-17,42,4,291
2024-10-17T03:00:00Z,0,2024-10-17,42,5,291
2024-10-17T04:00:00Z,0,2024-10-17,42,6,291
2024-10-17T05:00:00Z,0,2024-10-17,42,7,291
2024-10-17T06:00:00Z,0.018,2024-10-17,42,8,291
2024-10-17T07:00:00Z,0.125,2024-10-17,42,9,291
2024-10-17T08:00:00Z,0.246,2024-10-17,42,10,291
2024-10-17T09:00:00Z,0.327,2024-10-17,42,11,291
2024-10-17T10:00:00Z,0.35,2024-10-17,42,12,291
2024-10-17T11:00:00Z,0.297,2024-10-17,42,13,291
2024-10-17T12:00:00Z,0.201,2024-10-17,42,14,291
2024-10-17T13:00:00Z,0.119,2024-10-17,42,15,291
2024-10-17T14:00:00Z,0.073,2024-10-17,42,16,291
2024-10-17T15:00:00Z,0.031,2024-10-17,42,17,291
2024-10-17T16:00:00Z,0,2024-10-17,42,18,291
2024-10-17T17:00:00Z,0,2024-10-17,42,19,291
2024-10-17T18:00:00Z,0,2024-10-17,42,20,291
2024-10-17T19:00:00Z,0,2024-10-17,42,21,291
2024-10-17T20:00:00Z,0,2024-10-17,42,22,291
2024-10-17T21:00:00Z,0,2024-10-17,42,23,291
2024-10-17T22:00:00Z,0,2024-10-18,42,0,292
2024-10-17T23:00:00Z,0,2024-10-18,42,1,292
2024-10-18T00:00:00Z,0,2024-10-18,42,2,292
2024-10-18T01:00:00Z,0,2024-10-18,42,3,292
2024-10-18T02:00:00Z,0,2024-10-18,42,4,292
2024-10-18T03:00:00Z,0,2024-10-18,42,5,292
2024-10-18T04:00:00Z,0,2024-10-18,42,6,292
2024-10-18T05:00:00Z,0,2024-10-18,42,7,292
2024-10-18T06:00:00Z,0.007,2024-10-18,42,8,292
2024-10-18T07:00:00Z,0.074,2024-10-18,42,9,292
2024-10-18T08:00:00Z,0.155,2024-10-18,42,10,292
2024-10-18T09:00:00Z,0.23,2024-10-18,42,11,292
2024-10-18T10:00:00Z,0.268,2024-10-18,42,12,292
2024-10-18T11:00:00Z,0.288,2024-10-18,42,13,292
2024-10-18T12:00:00Z,0.321,2024-10-18,42,14,292
2024-10-18T13:00:00Z,0.268,2024-10-18,42,15,292
2024-10-18T14:00:00Z,0.154,2024-10-18,42,16,292
2024-10-18T15:00:00Z,0.047,2024-10-18,42,17,292
2024-10-18T16:00:00Z,0,2024-10-18,42,18,292
2024-10-18T17:00:00Z,0,2024-10-18,42,19,292
2024-10-18T18:00:00Z,0,2024-10-18,42,20,292
2024-10-18T19:00:00Z,0,2024-10-18,42,21,292
2024-10-18T20:00:00Z,0,2024-10-18,42,22,292
2024-10-18T21:00:00Z,0,2024-10-18,42,23,292
2024-10-18T22:00:00Z,0,2024-10-19,42,0,293
2024-10-18T23:00:00Z,0,2024-10-19,42,1,293
2024-10-19T00:00:00Z,0,2024-10-19,42,2,293
2024-10-19T01:00:00Z,0,2024-10-19,42,3,293
2024-10-19T02:00:00Z,0,2024-10-19,42,4,293
2024-10-19T03:00:00Z,0,2024-10-19,42,5,293
2024-10-19T04:00:00Z,0,2024-10-19,42,6,293
2024-10-19T05:00:00Z,0,2024-10-19,42,7,293
2024-10-19T06:00:00Z,0.004,2024-10-19,42,8,293
2024-10-19T07:00:00Z,0.039,2024-10-19,42,9,293
2024-10-19T08:00:00Z,0.078,2024-10-19,42,10,293
2024-10-19T09:00:00Z,0.122,2024-10-19,42,11,293
2024-10-19T10:00:00Z,0.153,2024-10-19,42,12,293
2024-10-19T11:00:00Z,0.15,2024-10-19,42,13,293
2024-10-19T12:00:00Z,0.132,2024-10-19,42,14,293
2024-10-19T13:00:00Z,0.101,2024-10-19,42,15,293
2024-10-19T14:00:00Z,0.05,2024-10-19,42,16,293
2024-10-19T15:00:00Z,0.013,2024-10-19,42,17,293
2024-10-19T16:00:00Z,0,2024-10-19,42,18,293
2024-10-19T17:00:00Z,0,2024-10-19,42,19,293
2024-10-19T18:00:00Z,0,2024-10-19,42,20,293
2024-10-19T19:00:00Z,0,2024-10-19,42,21,293
2024-10-19T20:00:00Z,0,2024-10-19,42,22,293
2024-10-19T21:00:00Z,0,2024-10-19,42,23,293
2024-10-19T22:00:00Z,0,2024-10-20,42,0,294
2024-10-19T23:00:00Z,0,2024-10-20,42,1,294
2024-10-20T00:00:00Z,0,2024-10-20,42,2,294
2024-10-20T01:00:00Z,0,2024-10-20,42,3,294
2024-10-20T02:00:00Z,0,2024-10-20,42,4,294
2024-10-20T03:00:00Z,0,2024-10-20,42,5,294
2024-10-20T04:00:00Z,0,2024-10-20,42,6,294
2024-10-20T05:00:00Z,0,2024-10-20,42,7,294
2024-10-20T06:00:00Z,0.009,2024-10-20,42,8,294
2024-10-20T07:00:00Z,0.087,2024-10-20,42,9,294
2024-10-20T08:00:00Z,0.164,2024-10-20,42,10,294
2024-10-20T09:00:00Z,0.212,2024-10-20,42,11,294
2024-10-20T10:00:00Z,0.238,2024-10-20,42,12,294
2024-10-20T11:00:00Z,0.193,2024-10-20,42,13,294
2024-10-20T12:00:00Z,0.13,2024-10-20,42,14,294
2024-10-20T13:00:00Z,0.074,2024-10-20,42,15,294
2024-10-20T14:00:00Z,0.036,2024-10-20,42,16,294
2024-10-20T15:00:00Z,0.016,2024-10-20,42,17,294
2024-10-20T16:00:00Z,0,2024-10-20,42,18,294
2024-10-20T17:00:00Z,0,2024-10-20,42,19,294
2024-10-20T18:00:00Z,0,2024-10-20,42,20,294
2024-10-20T19:00:00Z,0,2024-10-20,42,21,294
2024-10-20T20:00:00Z,0,2024-10-20,42,22,294
2024-10-20T21:00:00Z,0,2024-10-20,42,23,294
2024-10-20T22:00:00Z,0,2024-10-21,43,0,295
2024-10-20T23:00:00Z,0,2024-10-21,43,1,295
2024-10-21T00:00:00Z,0,2024-10-21,43,2,295
2024-10-21T01:00:00Z,0,2024-10-21,43,3,295
2024-10-21T02:00:00Z,0,2024-10-21,43,4,295
2024-10-21T03:00:00Z,0,2024-10-21,43,5,295
2024-10-21T04:00:00Z,0,2024-10-21,43,6,295
2024-10-21T05:00:00Z,0,2024-10-21,43,7,295
2024-10-21T06:00:00Z,0.003,2024-10-21,43,8,295
2024-10-21T07:00:00Z,0.05,2024-10-21,43,9,295
2024-10-21T08:00:00Z,0.129,2024-10-21,43,10,295
2024-10-21T09:00:00Z,0.199,2024-10-21,43,11,295
2024-10-21T10:00:00Z,0.235,2024-10-21,43,12,295
2024-10-21T11:00:00Z,0.24,2024-10-21,43,13,295
2024-10-21T12:00:00Z,0.211,2024-10-21,43,14,295
2024-10-21T13:00:00Z,0.181,2024-10-21,43,15,295
2024-10-21T14:00:00Z,0.114,2024-10-21,43,16,295
2024-10-21T15:00:00Z,0.031,2024-10-21,43,17,295
2024-10-21T16:00:00Z,0,2024-10-21,43,18,295
2024-10-21T17:00:00Z,0,2024-10-21,43,19,295
2024-10-21T18:00:00Z,0,2024-10-21,43,20,295
2024-10-21T19:00:00Z,0,2024-10-21,43,21,295
2024-10-21T20:00:00Z,0,2024-10-21,43,22,295
2024-10-21T21:00:00Z,0,2024-10-21,43,23,295
2024-10-21T22:00:00Z,0,2024-10-22,43,0,296
2024-10-21T23:00:00Z,0,2024-10-22,43,1,296
2024-10-22T00:00:00Z,0,2024-10-22,43,2,296
2024-10-22T01:00:00Z,0,2024-10-22,43,3,296
2024-10-22T02:00:00Z,0,2024-10-22,43,4,296
2024-10-22T03:00:00Z,0,2024-10-22,43,5,296
2024-10-22T04:00:00Z,0,2024-10-22,43,6,296
2024-10-22T05:00:00Z,0,2024-10-22,43,7,296
2024-10-22T06:00:00Z,0.002,2024-10-22,43,8,296
2024-10-22T07:00:00Z,0.103,2024-10-22,43,9,296
2024-10-22T08:00:00Z,0.271,2024-10-22,43,10,296
2024-10-22T09:00:00Z,0.404,2024-10-22,43,11,296
2024-10-22T10:00:00Z,0.449,2024-10-22,43,12,296
2024-10-22T11:00:00Z,0.427,2024-10-22,43,13,296
2024-10-22T12:00:00Z,0.36,2024-10-22,43,14,296
2024-10-22T13:00:00Z,0.271,2024-10-22,43,15,296
2024-10-22T14:00:00Z,0.163,2024-10-22,43,16,296
2024-10-22T15:00:00Z,0.051,2024-10-22,43,17,296
2024-10-22T16:00:00Z,0,2024-10-22,43,18,296
2024-10-22T17:00:00Z,0,2024-10-22,43,19,296
2024-10-22T18:00:00Z,0,2024-10-22,43,20,296
2024-10-22T19:00:00Z,0,2024-10-22,43,21,296
2024-10-22T20:00:00Z,0,2024-10-22,43,22,296
2024-10-22T21:00:00Z,0,2024-10-22,43,23,296
2024-10-22T22:00:00Z,0,2024-10-23,43,0,297
2024-10-22T23:00:00Z,0,2024-10-23,43,1,297
2024-10-23T00:00:00Z,0,2024-10-23,43,2,297
2024-10-23T01:00:00Z,0,2024-10-23,43,3,297
2024-10-23T02:00:00Z,0,2024-10-23,43,4,297
2024-10-23T03:00:00Z,0,2024-10-23,43,5,297
2024-10-23T04:00:00Z,0,2024-10-23,43,6,297
2024-10-23T05:00:00Z,0,2024-10-23,43,7,297
2024-10-23T06:00:00Z,0.003,2024-10-23,43,8,297
2024-10-23T07:00:00Z,0.123,2024-10-23,43,9,297
2024-10-23T08:00:00Z,0.302,2024-10-23,43,10,297
2024-10-23T09:00:00Z,0.398,2024-10-23,43,11,297
2024-10-23T10:00:00Z,0.437,2024-10-23,43,12,297
2024-10-23T11:00:00Z,0.443,2024-10-23,43,13,297
2024-10-23T12:00:00Z,0.404,2024-10-23,43,14,297
2024-10-23T13:00:00Z,0.316,2024-10-23,43,15,297
2024-10-23T14:00:00Z,0.191,2024-10-23,43,16,297
2024-10-23T15:00:00Z,0.064,2024-10-23,43,17,297
2024-10-23T16:00:00Z,0.001,2024-10-23,43,18,297
2024-10-23T17:00:00Z,0,2024-10-23,43,19,297
2024-10-23T18:00:00Z,0,2024-10-23,43,20,297
2024-10-23T19:00:00Z,0,2024-10-23,43,21,297
2024-10-23T20:00:00Z,0,2024-10-23,43,22,297
2024-10-23T21:00:00Z,0,2024-10-23,43,23,297
2024-10-23T22:00:00Z,0,2024-10-24,43,0,298
2024-10-23T23:00:00Z,0,2024-10-24,43,1,298
2024-10-24T00:00:00Z,0,2024-10-24,43,2,298
2024-10-24T01:00:00Z,0,2024-10-24,43,3,298
2024-10-24T02:00:00Z,0,2024-10-24,43,4,298
2024-10-24T03:00:00Z,0,2024-10-24,43,5,298
2024-10-24T04:00:00Z,0,2024-10-24,43,6,298
2024-10-24T05:00:00Z,0,2024-10-24,43,7,298
2024-10-24T06:00:00Z,0.003,2024-10-24,43,8,298
2024-10-24T07:00:00Z,0.083,2024-10-24,43,9,298
2024-10-24T08:00:00Z,0.214,2024-10-24,43,10,298
2024-10-24T09:00:00Z,0.342,2024-10-24,43,11,298
2024-10-24T10:00:00Z,0.424,2024-10-24,43,12,298
2024-10-24T11:00:00Z,0.447,2024-10-24,43,13,298
2024-10-24T12:00:00Z,0.414,2024-10-24,43,14,298
2024-10-24T13:00:00Z,0.334,2024-10-24,43,15,298
2024-10-24T14:00:00Z,0.217,2024-10-24,43,16,298
2024-10-24T15:00:00Z,0.079,2024-10-24,43,17,298
2024-10-24T16:00:00Z,0,2024-10-24,43,18,298
2024-10-24T17:00:00Z,0,2024-10-24,43,19,298
2024-10-24T18:00:00Z,0,2024-10-24,43,20,298
2024-10-24T19:00:00Z,0,2024-10-24,43,21,298
2024-10-24T20:00:00Z,0,2024-10-24,43,22,298
2024-10-24T21:00:00Z,0,2024-10-24,43,23,298
2024-10-24T22:00:00Z,0,2024-10-25,43,0,299
2024-10-24T23:00:00Z,0,2024-10-25,43,1,299
2024-10-25T00:00:00Z,0,2024-10-25,43,2,299
2024-10-25T01:00:00Z,0,2024-10-25,43,3,299
2024-10-25T02:00:00Z,0,2024-10-25,43,4,299
2024-10-25T03:00:00Z,0,2024-10-25,43,5,299
2024-10-25T04:00:00Z,0,2024-10-25,43,6,299
2024-10-25T05:00:00Z,0,2024-10-25,43,7,299
2024-10-25T06:00:00Z,0.002,2024-10-25,43,8,299
2024-10-25T07:00:00Z,0.071,2024-10-25,43,9,299
2024-10-25T08:00:00Z,0.172,2024-10-25,43,10,299
2024-10-25T09:00:00Z,0.223,2024-10-25,43,11,299
2024-10-25T10:00:00Z,0.222,2024-10-25,43,12,299
2024-10-25T11:00:00Z,0.197,2024-10-25,43,13,299
2024-10-25T12:00:00Z,0.169,2024-10-25,43,14,299
2024-10-25T13:00:00Z,0.121,2024-10-25,43,15,299
2024-10-25T14:00:00Z,0.053,2024-10-25,43,16,299
2024-10-25T15:00:00Z,0.008,2024-10-25,43,17,299
2024-10-25T16:00:00Z,0,2024-10-25,43,18,299
2024-10-25T17:00:00Z,0,2024-10-25,43,19,299
2024-10-25T18:00:00Z,0,2024-10-25,43,20,299
2024-10-25T19:00:00Z,0,2024-10-25,43,21,299
2024-10-25T20:00:00Z,0,2024-10-25,43,22,299
2024-10-25T21:00:00Z,0,2024-10-25,43,23,299
2024-10-25T22:00:00Z,0,2024-10-26,43,0,300
2024-10-25T23:00:00Z,0,2024-10-26,43,1,300
2024-10-26T00:00:00Z,0,2024-10-26,43,2,300
2024-10-26T01:00:00Z,0,2024-10-26,43,3,300
2024-10-26T02:00:00Z,0,2024-10-26,43,4,300
2024-10-26T03:00:00Z,0,2024-10-26,43,5,300
2024-10-26T04:00:00Z,0,2024-10-26,43,6,300
2024-10-26T05:00:00Z,0,2024-10-26,43,7,300
2024-10-26T06:00:00Z,0,2024-10-26,43,8,300
2024-10-26T07:00:00Z,0.047,2024-10-26,43,9,300
2024-10-26T08:00:00Z,0.13,2024-10-26,43,10,300
2024-10-26T09:00:00Z,0.208,2024-10-26,43,11,300
2024-10-26T10:00:00Z,0.24,2024-10-26,43,12,300
2024-10-26T11:00:00Z,0.223,2024-10-26,43,13,300
2024-10-26T12:00:00Z,0.188,2024-10-26,43,14,300
2024-10-26T13:00:00Z,0.137,2024-10-26,43,15,300
2024-10-26T14:00:00Z,0.061,2024-10-26,43,16,300
2024-10-26T15:00:00Z,0.013,2024-10-26,43,17,300
2024-10-26T16:00:00Z,0,2024-10-26,43,18,300
2024-10-26T17:00:00Z,0,2024-10-26,43,19,300
2024-10-26T18:00:00Z,0,2024-10-26,43,20,300
2024-10-26T19:00:00Z,0,2024-10-26,43,21,300
2024-10-26T20:00:00Z,0,2024-10-26,43,22,300
2024-10-26T21:00:00Z,0,2024-10-26,43,23,300
2024-10-26T22:00:00Z,0,2024-10-27,43,0,301
2024-10-26T23:00:00Z,0,2024-10-27,43,1,301
2024-10-27T00:00:00Z,0,2024-10-27,43,2,301
2024-10-27T01:00:00Z,0,2024-10-27,43,2,301
2024-10-27T02:00:00Z,0,2024-10-27,43,3,301
2024-10-27T03:00:00Z,0,2024-10-27,43,4,301
2024-10-27T04:00:00Z,0,2024-10-27,43,5,301
2024-10-27T05:00:00Z,0,2024-10-27,43,6,301
2024-10-27T06:00:00Z,0,2024-10-27,43,7,301
2024-10-27T07:00:00Z,0.005,2024-10-27,43,8,301
2024-10-27T08:00:00Z,0.034,2024-10-27,43,9,301
2024-10-27T09:00:00Z,0.152,2024-10-27,43,10,301
2024-10-27T10:00:00Z,0.265,2024-10-27,43,11,301
2024-10-27T11:00:00Z,0.318,2024-10-27,43,12,301
2024-10-27T12:00:00Z,0.323,2024-10-27,43,13,301
2024-10-27T13:00:00Z,0.263,2024-10-27,43,14,301
2024-10-27T14:00:00Z,0.177,2024-10-27,43,15,301
2024-10-27T15:00:00Z,0.053,2024-10-27,43,16,301
2024-10-27T16:00:00Z,0,2024-10-27,43,17,301
2024-10-27T17:00:00Z,0,2024-10-27,43,18,301
2024-10-27T18:00:00Z,0,2024-10-27,43,19,301
2024-10-27T19:00:00Z,0,2024-10-27,43,20,301
2024-10-27T20:00:00Z,0,2024-10-27,43,21,301
2024-10-27T21:00:00Z,0,2024-10-27,43,22,301
2024-10-27T22:00:00Z,0,2024-10-27,43,23,301
2024-10-27T23:00:00Z,0,2024-10-28,44,0,302
2024-10-28T00:00:00Z,0,2024-10-28,44,1,302
2024-10-28T01:00:00Z,0,2024-10-28,44,2,302
2024-10-28T02:00:00Z,0,2024-10-28,44,3,302
2024-10-28T03:00:00Z,0,2024-10-28,44,4,302
2024-10-28T04:00:00Z,0,2024-10-28,44,5,302
2024-10-28T05:00:00Z,0,2024-10-28,44,6,302
2024-10-28T06:00:00Z,0,2024-10-28,44,7,302
2024-10-28T07:00:00Z,0.009,2024-10-28,44,8,302
2024-10-28T08:00:00Z,0.036,2024-10-28,44,9,302
2024-10-28T09:00:00Z,0.072,2024-10-28,44,10,302
2024-10-28T10:00:00Z,0.093,2024-10-28,44,11,302
2024-10-28T11:00:00Z,0.09,2024-10-28,44,12,302
2024-10-28T12:00:00Z,0.084,2024-10-28,44,13,302
2024-10-28T13:00:00Z,0.064,2024-10-28,44,14,302
2024-10-28T14:00:00Z,0.036,2024-10-28,44,15,302
2024-10-28T15:00:00Z,0.005,2024-10-28,44,16,302
2024-10-28T16:00:00Z,0,2024-10-28,44,17,302
2024-10-28T17:00:00Z,0,2024-10-28,44,18,302
2024-10-28T18:00:00Z,0,2024-10-28,44,19,302
2024-10-28T19:00:00Z,0,2024-10-28,44,20,302
2024-10-28T20:00:00Z,0,2024-10-28,44,21,302
2024-10-28T21:00:00Z,0,2024-10-28,44,22,302
2024-10-28T22:00:00Z,0,2024-10-28,44,23,302
2024-10-28T23:00:00Z,0,2024-10-29,44,0,303
2024-10-29T00:00:00Z,0,2024-10-29,44,1,303
2024-10-29T01:00:00Z,0,2024-10-29,44,2,303
2024-10-29T02:00:00Z,0,2024-10-29,44,3,303
2024-10-29T03:00:00Z,0,2024-10-29,44,4,303
2024-10-29T04:00:00Z,0,2024-10-29,44,5,303
2024-10-29T05:00:00Z,0,2024-10-29,44,6,303
2024-10-29T06:00:00Z,0,2024-10-29,44,7,303
2024-10-29T07:00:00Z,0.009,2024-10-29,44,8,303
2024-10-29T08:00:00Z,0.031,2024-10-29,44,9,303
2024-10-29T09:00:00Z,0.054,2024-10-29,44,10,303
2024-10-29T10:00:00Z,0.078,2024-10-29,44,11,303
2024-10-29T11:00:00Z,0.095,2024-10-29,44,12,303
2024-10-29T12:00:00Z,0.095,2024-10-29,44,13,303
2024-10-29T13:00:00Z,0.072,2024-10-29,44,14,303
2024-10-29T14:00:00Z,0.041,2024-10-29,44,15,303
2024-10-29T15:00:00Z,0.006,2024-10-29,44,16,303
2024-10-29T16:00:00Z,0,2024-10-29,44,17,303
2024-10-29T17:00:00Z,0,2024-10-29,44,18,303
2024-10-29T18:00:00Z,0,2024-10-29,44,19,303
2024-10-29T19:00:00Z,0,2024-10-29,44,20,303
2024-10-29T20:00:00Z,0,2024-10-29,44,21,303
2024-10-29T21:00:00Z,0,2024-10-29,44,22,303
2024-10-29T22:00:00Z,0,2024-10-29,44,23,303
2024-10-29T23:00:00Z,0,2024-10-30,44,0,304
2024-10-30T00:00:00Z,0,2024-10-30,44,1,304
2024-10-30T01:00:00Z,0,2024-10-30,44,2,304
2024-10-30T02:00:00Z,0,2024-10-30,44,3,304
2024-10-30T03:00:00Z,0,2024-10-30,44,4,304
2024-10-30T04:00:00Z,0,2024-10-30,44,5,304
2024-10-30T05:00:00Z,0,2024-10-30,44,6,304
2024-10-30T06:00:00Z,0,2024-10-30,44,7,304
2024-10-30T07:00:00Z,0.049,2024-10-30,44,8,304
2024-10-30T08:00:00Z,0.106,2024-10-30,44,9,304
2024-10-30T09:00:00Z,0.138,2024-10-30,44,10,304
2024-10-30T10:00:00Z,0.245,2024-10-30,44,11,304
2024-10-30T11:00:00Z,0.331,2024-10-30,44,12,304
2024-10-30T12:00:00Z,0.304,2024-10-30,44,13,304
2024-10-30T13:00:00Z,0.217,2024-10-30,44,14,304
2024-10-30T14:00:00Z,0.13,2024-10-30,44,15,304
2024-10-30T15:00:00Z,0.028,2024-10-30,44,16,304
2024-10-30T16:00:00Z,0,2024-10-30,44,17,304
2024-10-30T17:00:00Z,0,2024-10-30,44,18,304
2024-10-30T18:00:00Z,0,2024-10-30,44,19,304
2024-10-30T19:00:00Z,0,2024-10-30,44,20,304
2024-10-30T20:00:00Z,0,2024-10-30,44,21,304
2024-10-30T21:00:00Z,0,2024-10-30,44,22,304
2024-10-30T22:00:00Z,0,2024-10-30,44,23,304
2024-10-30T23:00:00Z,0,2024-10-31,44,0,305
2024-10-31T00:00:00Z,0,2024-10-31,44,1,305
2024-10-31T01:00:00Z,0,2024-10-31,44,2,305
2024-10-31T02:00:00Z,0,2024-10-31,44,3,305
2024-10-31T03:00:00Z,0,2024-10-31,44,4,305
2024-10-31T04:00:00Z,0,2024-10-31,44,5,305
2024-10-31T05:00:00Z,0,2024-10-31,44,6,305
2024-10-31T06:00:00Z,0,2024-10-31,44,7,305
2024-10-31T07:00:00Z,0.007,2024-10-31,44,8,305
2024-10-31T08:00:00Z,0.034,2024-10-31,44,9,305
2024-10-31T09:00:00Z,0.065,2024-10-31,44,10,305
2024-10-31T10:00:00Z,0.071,2024-10-31,44,11,305
2024-10-31T11:00:00Z,0.067,2024-10-31,44,12,305
2024-10-31T12:00:00Z,0.056,2024-10-31,44,13,305
2024-10-31T13:00:00Z,0.042,2024-10-31,44,14,305
2024-10-31T14:00:00Z,0.02,2024-10-31,44,15,305
2024-10-31T15:00:00Z,0.001,2024-10-31,44,16,305
2024-10-31T16:00:00Z,0,2024-10-31,44,17,305
2024-10-31T17:00:00Z,0,2024-10-31,44,18,305
2024-10-31T18:00:00Z,0,2024-10-31,44,19,305
2024-10-31T19:00:00Z,0,2024-10-31,44,20,305
2024-10-31T20:00:00Z,0,2024-10-31,44,21,305
2024-10-31T21:00:00Z,0,2024-10-31,44,22,305
2024-10-31T22:00:00Z,0,2024-10-31,44,23,305
2024-10-31T23:00:00Z,0,2024-11-01,44,0,306
2024-11-01T00:00:00Z,0,2024-11-01,44,1,306
2024-11-01T01:00:00Z,0,2024-11-01,44,2,306
2024-11-01T02:00:00Z,0,2024-11-01,44,3,306
2024-11-01T03:00:00Z,0,2024-11-01,44,4,306
2024-11-01T04:00:00Z,0,2024-11-01,44,5,306
2024-11-01T05:00:00Z,0,2024-11-01,44,6,306
2024-11-01T06:00:00Z,0,2024-11-01,44,7,306
2024-11-01T07:00:00Z,0.05,2024-11-01,44,8,306
2024-11-01T08:00:00Z,0.156,2024-11-01,44,9,306
2024-11-01T09:00:00Z,0.226,2024-11-01,44,10,306
2024-11-01T10:00:00Z,0.244,2024-11-01,44,11,306
2024-11-01T11:00:00Z,0.219,2024-11-01,44,12,306
2024-11-01T12:00:00Z,0.173,2024-11-01,44,13,306
2024-11-01T13:00:00Z,0.132,2024-11-01,44,14,306
2024-11-01T14:00:00Z,0.07,2024-11-01,44,15,306
2024-11-01T15:00:00Z,0.01,2024-11-01,44,16,306
2024-11-01T16:00:00Z,0,2024-11-01,44,17,306
2024-11-01T17:00:00Z,0,2024-11-01,44,18,306
2024-11-01T18:00:00Z,0,2024-11-01,44,19,306
2024-11-01T19:00:00Z,0,2024-11-01,44,20,306
2024-11-01T20:00:00Z,0,2024-11-01,44,21,306
2024-11-01T21:00:00Z,0,2024-11-01,44,22,306
2024-11-01T22:00:00Z,0,2024-11-01,44,23,306
2024-11-01T23:00:00Z,0,2024-11-02,44,0,307
2024-11-02T00:00:00Z,0,2024-11-02,44,1,307
2024-11-02T01:00:00Z,0,2024-11-02,44,2,307
2024-11-02T02:00:00Z,0,2024-11-02,44,3,307
2024-11-02T03:00:00Z,0,2024-11-02,44,4,307
2024-11-02T04:00:00Z,0,2024-11-02,44,5,307
2024-11-02T05:00:00Z,0,2024-11-02,44,6,307
2024-11-02T06:00:00Z,0,2024-11-02,44,7,307
2024-11-02T07:00:00Z,0.094,2024-11-02,44,8,307
2024-11-02T08:00:00Z,0.277,2024-11-02,44,9,307
2024-11-02T09:00:00Z,0.334,2024-11-02,44,10,307
2024-11-02T10:00:00Z,0.298,2024-11-02,44,11,307
2024-11-02T11:00:00Z,0.287,2024-11-02,44,12,307
2024-11-02T12:00:00Z,0.311,2024-11-02,44,13,307
2024-11-02T13:00:00Z,0.241,2024-11-02,44,14,307
2024-11-02T14:00:00Z,0.127,2024-11-02,44,15,307
2024-11-02T15:00:00Z,0.02,2024-11-02,44,16,307
2024-11-02T16:00:00Z,0,2024-11-02,44,17,307
2024-11-02T17:00:00Z,0,2024-11-02,44,18,307
2024-11-02T18:00:00Z,0,2024-11-02,44,19,307
2024-11-02T19:00:00Z,0,2024-11-02,44,20,307
2024-11-02T20:00:00Z,0,2024-11-02,44,21,307
2024-11-02T21:00:00Z,0,2024-11-02,44,22,307
2024-11-02T22:00:00Z,0,2024-11-02,44,23,307
2024-11-02T23:00:00Z,0,2024-11-03,44,0,308
2024-11-03T00:00:00Z,0,2024-11-03,44,1,308
2024-11-03T01:00:00Z,0,2024-11-03,44,2,308
2024-11-03T02:00:00Z,0,2024-11-03,44,3,308
2024-11-03T03:00:00Z,0,2024-11-03,44,4,308
2024-11-03T04:00:00Z,0,2024-11-03,44,5,308
2024-11-03T05:00:00Z,0,2024-11-03,44,6,308
2024-11-03T06:00:00Z,0,2024-11-03,44,7,308
2024-11-03T07:00:00Z,0.015,2024-11-03,44,8,308
2024-11-03T08:00:00Z,0.08,2024-11-03,44,9,308
2024-11-03T09:00:00Z,0.138,2024-11-03,44,10,308
2024-11-03T10:00:00Z,0.173,2024-11-03,44,11,308
2024-11-03T11:00:00Z,0.181,2024-11-03,44,12,308
2024-11-03T12:00:00Z,0.162,2024-11-03,44,13,308
2024-11-03T13:00:00Z,0.125,2024-11-03,44,14,308
2024-11-03T14:00:00Z,0.073,2024-11-03,44,15,308
2024-11-03T15:00:00Z,0.008,2024-11-03,44,16,308
2024-11-03T16:00:00Z,0,2024-11-03,44,17,308
2024-11-03T17:00:00Z,0,2024-11-03,44,18,308
2024-11-03T18:00:00Z,0,2024-11-03,44,19,308
2024-11-03T19:00:00Z,0,2024-11-03,44,20,308
2024-11-03T20:00:00Z,0,2024-11-03,44,21,308
2024-11-03T21:00:00Z,0,2024-11-03,44,22,308
2024-11-03T22:00:00Z,0,2024-11-03,44,23,308
2024-11-03T23:00:00Z,0,2024-11-04,45,0,309
2024-11-04T00:00:00Z,0,2024-11-04,45,1,309
2024-11-04T01:00:00Z,0,2024-11-04,45,2,309
2024-11-04T02:00:00Z,0,2024-11-04,45,3,309
2024-11-04T03:00:00Z,0,2024-11-04,45,4,309
2024-11-04T04:00:00Z,0,2024-11-04,45,5,309
2024-11-04T05:00:00Z,0,2024-11-04,45,6,309
2024-11-04T06:00:00Z,0,2024-11-04,45,7,309
2024-11-04T07:00:00Z,0.018,2024-11-04,45,8,309
2024-11-04T08:00:00Z,0.08,2024-11-04,45,9,309
2024-11-04T09:00:00Z,0.151,2024-11-04,45,10,309
2024-11-04T10:00:00Z,0.177,2024-11-04,45,11,309
2024-11-04T11:00:00Z,0.168,2024-11-04,45,12,309
2024-11-04T12:00:00Z,0.137,2024-11-04,45,13,309
2024-11-04T13:00:00Z,0.092,2024-11-04,45,14,309
2024-11-04T14:00:00Z,0.039,2024-11-04,45,15,309
2024-11-04T15:00:00Z,0.002,2024-11-04,45,16,309
2024-11-04T16:00:00Z,0,2024-11-04,45,17,309
2024-11-04T17:00:00Z,0,2024-11-04,45,18,309
2024-11-04T18:00:00Z,0,2024-11-04,45,19,309
2024-11-04T19:00:00Z,0,2024-11-04,45,20,309
2024-11-04T20:00:00Z,0,2024-11-04,45,21,309
2024-11-04T21:00:00Z,0,2024-11-04,45,22,309
2024-11-04T22:00:00Z,0,2024-11-04,45,23,309
2024-11-04T23:00:00Z,0,2024-11-05,45,0,310
2024-11-05T00:00:00Z,0,2024-11-05,45,1,310
2024-11-05T01:00:00Z,0,2024-11-05,45,2,310
2024-11-05T02:00:00Z,0,2024-11-05,45,3,310
2024-11-05T03:00:00Z,0,2024-11-05,45,4,310
2024-11-05T04:00:00Z,0,2024-11-05,45,5,310
2024-11-05T05:00:00Z,0,2024-11-05,45,6,310
2024-11-05T06:00:00Z,0,2024-11-05,45,7,310
2024-11-05T07:00:00Z,0.008,2024-11-05,45,8,310
2024-11-05T08:00:00Z,0.044,2024-11-05,45,9,310
2024-11-05T09:00:00Z,0.088,2024-11-05,45,10,310
2024-11-05T10:00:00Z,0.111,2024-11-05,45,11,310
2024-11-05T11:00:00Z,0.117,2024-11-05,45,12,310
2024-11-05T12:00:00Z,0.104,2024-11-05,45,13,310
2024-11-05T13:00:00Z,0.075,2024-11-05,45,14,310
2024-11-05T14:00:00Z,0.034,2024-11-05,45,15,310
2024-11-05T15:00:00Z,0.002,2024-11-05,45,16,310
2024-11-05T16:00:00Z,0,2024-11-05,45,17,310
2024-11-05T17:00:00Z,0,2024-11-05,45,18,310
2024-11-05T18:00:00Z,0,2024-11-05,45,19,310
2024-11-05T19:00:00Z,0,2024-11-05,45,20,310
2024-11-05T20:00:00Z,0,2024-11-05,45,21,310
2024-11-05T21:00:00Z,0,2024-11-05,45,22,310
2024-11-05T22:00:00Z,0,2024-11-05,45,23,310
2024-11-05T23:00:00Z,0,2024-11-06,45,0,311
2024-11-06T00:00:00Z,0,2024-11-06,45,1,311
2024-11-06T01:00:00Z,0,2024-11-06,45,2,311
2024-11-06T02:00:00Z,0,2024-11-06,45,3,311
2024-11-06T03:00:00Z,0,2024-11-06,45,4,311
2024-11-06T04:00:00Z,0,2024-11-06,45,5,311
2024-11-06T05:00:00Z,0,2024-11-06,45,6,311
2024-11-06T06:00:00Z,0,2024-11-06,45,7,311
2024-11-06T07:00:00Z,0.005,2024-11-06,45,8,311
2024-11-06T08:00:00Z,0.027,2024-11-06,45,9,311
2024-11-06T09:00:00Z,0.049,2024-11-06,45,10,311
2024-11-06T10:00:00Z,0.062,2024-11-06,45,11,311
2024-11-06T11:00:00Z,0.065,2024-11-06,45,12,311
2024-11-06T12:00:00Z,0.054,2024-11-06,45,13,311
2024-11-06T13:00:00Z,0.033,2024-11-06,45,14,311
2024-11-06T14:00:00Z,0.012,2024-11-06,45,15,311
2024-11-06T15:00:00Z,0,2024-11-06,45,16,311
2024-11-06T16:00:00Z,0,2024-11-06,45,17,311
2024-11-06T17:00:00Z,0,2024-11-06,45,18,311
2024-11-06T18:00:00Z,0,2024-11-06,45,19,311
2024-11-06T19:00:00Z,0,2024-11-06,45,20,311
2024-11-06T20:00:00Z,0,2024-11-06,45,21,311
2024-11-06T21:00:00Z,0,2024-11-06,45,22,311
2024-11-06T22:00:00Z,0,2024-11-06,45,23,311
2024-11-06T23:00:00Z,0,2024-11-07,45,0,312
2024-11-07T00:00:00Z,0,2024-11-07,45,1,312
2024-11-07T01:00:00Z,0,2024-11-07,45,2,312
2024-11-07T02:00:00Z,0,2024-11-07,45,3,312
2024-11-07T03:00:00Z,0,2024-11-07,45,4,312
2024-11-07T04:00:00Z,0,2024-11-07,45,5,312
2024-11-07T05:00:00Z,0,2024-11-07,45,6,312
2024-11-07T06:00:00Z,0,2024-11-07,45,7,312
2024-11-07T07:00:00Z,0.009,2024-11-07,45,8,312
2024-11-07T08:00:00Z,0.059,2024-11-07,45,9,312
2024-11-07T09:00:00Z,0.122,2024-11-07,45,10,312
2024-11-07T10:00:00Z,0.165,2024-11-07,45,11,312
2024-11-07T11:00:00Z,0.163,2024-11-07,45,12,312
2024-11-07T12:00:00Z,0.132,2024-11-07,45,13,312
2024-11-07T13:00:00Z,0.09,2024-11-07,45,14,312
2024-11-07T14:00:00Z,0.039,2024-11-07,45,15,312
2024-11-07T15:00:00Z,0.001,2024-11-07,45,16,312
2024-11-07T16:00:00Z,0,2024-11-07,45,17,312
2024-11-07T17:00:00Z,0,2024-11-07,45,18,312
2024-11-07T18:00:00Z,0,2024-11-07,45,19,312
2024-11-07T19:00:00Z,0,2024-11-07,45,20,312
2024-11-07T20:00:00Z,0,2024-11-07,45,21,312
2024-11-07T21:00:00Z,0,2024-11-07,45,22,312
2024-11-07T22:00:00Z,0,2024-11-07,45,23,312
2024-11-07T23:00:00Z,0,2024-11-08,45,0,313
2024-11-08T00:00:00Z,0,2024-11-08,45,1,313
2024-11-08T01:00:00Z,0,2024-11-08,45,2,313
2024-11-08T02:00:00Z,0,2024-11-08,45,3,313
2024-11-08T03:00:00Z,0,2024-11-08,45,4,313
2024-11-08T04:00:00Z,0,2024-11-08,45,5,313
2024-11-08T05:00:00Z,0,2024-11-08,45,6,313
2024-11-08T06:00:00Z,0,2024-11-08,45,7,313
2024-11-08T07:00:00Z,0.005,2024-11-08,45,8,313
2024-11-08T08:00:00Z,0.036,2024-11-08,45,9,313
2024-11-08T09:00:00Z,0.071,2024-11-08,45,10,313
2024-11-08T10:00:00Z,0.096,2024-11-08,45,11,313
2024-11-08T11:00:00Z,0.097,2024-11-08,45,12,313
2024-11-08T12:00:00Z,0.089,2024-11-08,45,13,313
2024-11-08T13:00:00Z,0.068,2024-11-08,45,14,313
2024-11-08T14:00:00Z,0.031,2024-11-08,45,15,313
2024-11-08T15:00:00Z,0.001,2024-11-08,45,16,313
2024-11-08T16:00:00Z,0,2024-11-08,45,17,313
2024-11-08T17:00:00Z,0,2024-11-08,45,18,313
2024-11-08T18:00:00Z,0,2024-11-08,45,19,313
2024-11-08T19:00:00Z,0,2024-11-08,45,20,313
2024-11-08T20:00:00Z,0,2024-11-08,45,21,313
2024-11-08T21:00:00Z,0,2024-11-08,45,22,313
2024-11-08T22:00:00Z,0,2024-11-08,45,23,313
2024-11-08T23:00:00Z,0,2024-11-09,45,0,314
2024-11-09T00:00:00Z,0,2024-11-09,45,1,314
2024-11-09T01:00:00Z,0,2024-11-09,45,2,314
2024-11-09T02:00:00Z,0,2024-11-09,45,3,314
2024-11-09T03:00:00Z,0,2024-11-09,45,4,314
2024-11-09T04:00:00Z,0,2024-11-09,45,5,314
2024-11-09T05:00:00Z,0,2024-11-09,45,6,314
2024-11-09T06:00:00Z,0,2024-11-09,45,7,314
2024-11-09T07:00:00Z,0.004,2024-11-09,45,8,314
2024-11-09T08:00:00Z,0.031,2024-11-09,45,9,314
2024-11-09T09:00:00Z,0.066,2024-11-09,45,10,314
2024-11-09T10:00:00Z,0.084,2024-11-09,45,11,314
2024-11-09T11:00:00Z,0.085,2024-11-09,45,12,314
2024-11-09T12:00:00Z,0.076,2024-11-09,45,13,314
2024-11-09T13:00:00Z,0.048,2024-11-09,45,14,314
2024-11-09T14:00:00Z,0.016,2024-11-09,45,15,314
2024-11-09T15:00:00Z,0,2024-11-09,45,16,314
2024-11-09T16:00:00Z,0,2024-11-09,45,17,314
2024-11-09T17:00:00Z,0,2024-11-09,45,18,314
2024-11-09T18:00:00Z,0,2024-11-09,45,19,314
2024-11-09T19:00:00Z,0,2024-11-09,45,20,314
2024-11-09T20:00:00Z,0,2024-11-09,45,21,314
2024-11-09T21:00:00Z,0,2024-11-09,45,22,314
2024-11-09T22:00:00Z,0,2024-11-09,45,23,314
2024-11-09T23:00:00Z,0,2024-11-10,45,0,315
2024-11-10T00:00:00Z,0,2024-11-10,45,1,315
2024-11-10T01:00:00Z,0,2024-11-10,45,2,315
2024-11-10T02:00:00Z,0,2024-11-10,45,3,315
2024-11-10T03:00:00Z,0,2024-11-10,45,4,315
2024-11-10T04:00:00Z,0,2024-11-10,45,5,315
2024-11-10T05:00:00Z,0,2024-11-10,45,6,315
2024-11-10T06:00:00Z,0,2024-11-10,45,7,315
2024-11-10T07:00:00Z,0.003,2024-11-10,45,8,315
2024-11-10T08:00:00Z,0.03,2024-11-10,45,9,315
2024-11-10T09:00:00Z,0.063,2024-11-10,45,10,315
2024-11-10T10:00:00Z,0.081,2024-11-10,45,11,315
2024-11-10T11:00:00Z,0.075,2024-11-10,45,12,315
2024-11-10T12:00:00Z,0.057,2024-11-10,45,13,315
2024-11-10T13:00:00Z,0.032,2024-11-10,45,14,315
2024-11-10T14:00:00Z,0.011,2024-11-10,45,15,315
2024-11-10T15:00:00Z,0,2024-11-10,45,16,315
2024-11-10T16:00:00Z,0,2024-11-10,45,17,315
2024-11-10T17:00:00Z,0,2024-11-10,45,18,315
2024-11-10T18:00:00Z,0,2024-11-10,45,19,315
2024-11-10T19:00:00Z,0,2024-11-10,45,20,315
2024-11-10T20:00:00Z,0,2024-11-10,45,21,315
2024-11-10T21:00:00Z,0,2024-11-10,45,22,315
2024-11-10T22:00:00Z,0,2024-11-10,45,23,315
2024-11-10T23:00:00Z,0,2024-11-11,46,0,316
2024-11-11T00:00:00Z,0,2024-11-11,46,1,316
2024-11-11T01:00:00Z,0,2024-11-11,46,2,316
2024-11-11T02:00:00Z,0,2024-11-11,46,3,316
2024-11-11T03:00:00Z,0,2024-11-11,46,4,316
2024-11-11T04:00:00Z,0,2024-11-11,46,5,316
2024-11-11T05:00:00Z,0,2024-11-11,46,6,316
2024-11-11T06:00:00Z,0,2024-11-11,46,7,316
2024-11-11T07:00:00Z,0,2024-11-11,46,8,316
2024-11-11T08:00:00Z,0.008,2024-11-11,46,9,316
2024-11-11T09:00:00Z,0.023,2024-11-11,46,10,316
2024-11-11T10:00:00Z,0.039,2024-11-11,46,11,316
2024-11-11T11:00:00Z,0.045,2024-11-11,46,12,316
2024-11-11T12:00:00Z,0.044,2024-11-11,46,13,316
2024-11-11T13:00:00Z,0.031,2024-11-11,46,14,316
2024-11-11T14:00:00Z,0.012,2024-11-11,46,15,316
2024-11-11T15:00:00Z,0,2024-11-11,46,16,316
2024-11-11T16:00:00Z,0,2024-11-11,46,17,316
2024-11-11T17:00:00Z,0,2024-11-11,46,18,316
2024-11-11T18:00:00Z,0,2024-11-11,46,19,316
2024-11-11T19:00:00Z,0,2024-11-11,46,20,316
2024-11-11T20:00:00Z,0,2024-11-11,46,21,316
2024-11-11T21:00:00Z,0,2024-11-11,46,22,316
2024-11-11T22:00:00Z,0,2024-11-11,46,23,316
2024-11-11T23:00:00Z,0,2024-11-12,46,0,317
2024-11-12T00:00:00Z,0,2024-11-12,46,1,317
2024-11-12T01:00:00Z,0,2024-11-12,46,2,317
2024-11-12T02:00:00Z,0,2024-11-12,46,3,317
2024-11-12T03:00:00Z,0,2024-11-12,46,4,317
2024-11-12T04:00:00Z,0,2024-11-12,46,5,317
2024-11-12T05:00:00Z,0,2024-11-12,46,6,317
2024-11-12T06:00:00Z,0,2024-11-12,46,7,317
2024-11-12T07:00:00Z,0.003,2024-11-12,46,8,317
2024-11-12T08:00:00Z,0.026,2024-11-12,46,9,317
2024-11-12T09:00:00Z,0.049,2024-11-12,46,10,317
2024-11-12T10:00:00Z,0.068,2024-11-12,46,11,317
2024-11-12T11:00:00Z,0.082,2024-11-12,46,12,317
2024-11-12T12:00:00Z,0.071,2024-11-12,46,13,317
2024-11-12T13:00:00Z,0.046,2024-11-12,46,14,317
2024-11-12T14:00:00Z,0.021,2024-11-12,46,15,317
2024-11-12T15:00:00Z,0,2024-11-12,46,16,317
2024-11-12T16:00:00Z,0,2024-11-12,46,17,317
2024-11-12T17:00:00Z,0,2024-11-12,46,18,317
2024-11-12T18:00:00Z,0,2024-11-12,46,19,317
2024-11-12T19:00:00Z,0,2024-11-12,46,20,317
2024-11-12T20:00:00Z,0,2024-11-12,46,21,317
2024-11-12T21:00:00Z,0,2024-11-12,46,22,317
2024-11-12T22:00:00Z,0,2024-11-12,46,23,317
2024-11-12T23:00:00Z,0,2024-11-13,46,0,318
2024-11-13T00:00:00Z,0,2024-11-13,46,1,318
2024-11-13T01:00:00Z,0,2024-11-13,46,2,318
2024-11-13T02:00:00Z,0,2024-11-13,46,3,318
2024-11-13T03:00:00Z,0,2024-11-13,46,4,318
2024-11-13T04:00:00Z,0,2024-11-13,46,5,318
2024-11-13T05:00:00Z,0,2024-11-13,46,6,318
2024-11-13T06:00:00Z,0,2024-11-13,46,7,318
2024-11-13T07:00:00Z,0.006,2024-11-13,46,8,318
2024-11-13T08:00:00Z,0.061,2024-11-13,46,9,318
2024-11-13T09:00:00Z,0.116,2024-11-13,46,10,318
2024-11-13T10:00:00Z,0.162,2024-11-13,46,11,318
2024-11-13T11:00:00Z,0.162,2024-11-13,46,12,318
2024-11-13T12:00:00Z,0.118,2024-11-13,46,13,318
2024-11-13T13:00:00Z,0.078,2024-11-13,46,14,318
2024-11-13T14:00:00Z,0.032,2024-11-13,46,15,318
2024-11-13T15:00:00Z,0,2024-11-13,46,16,318
2024-11-13T16:00:00Z,0,2024-11-13,46,17,318
2024-11-13T17:00:00Z,0,2024-11-13,46,18,318
2024-11-13T18:00:00Z,0,2024-11-13,46,19,318
2024-11-13T19:00:00Z,0,2024-11-13,46,20,318
2024-11-13T20:00:00Z,0,2024-11-13,46,21,318
2024-11-13T21:00:00Z,0,2024-11-13,46,22,318
2024-11-13T22:00:00Z,0,2024-11-13,46,23,318
2024-11-13T23:00:00Z,0,2024-11-14,46,0,319
2024-11-14T00:00:00Z,0,2024-11-14,46,1,319
2024-11-14T01:00:00Z,0,2024-11-14,46,2,319
2024-11-14T02:00:00Z,0,2024-11-14,46,3,319
2024-11-14T03:00:00Z,0,2024-11-14,46,4,319
2024-11-14T04:00:00Z,0,2024-11-14,46,5,319
2024-11-14T05:00:00Z,0,2024-11-14,46,6,319
2024-11-14T06:00:00Z,0,2024-11-14,46,7,319
2024-11-14T07:00:00Z,0.019,2024-11-14,46,8,319
2024-11-14T08:00:00Z,0.14,2024-11-14,46,9,319
2024-11-14T09:00:00Z,0.298,2024-11-14,46,10,319
2024-11-14T10:00:00Z,0.375,2024-11-14,46,11,319
2024-11-14T11:00:00Z,0.377,2024-11-14,46,12,319
2024-11-14T12:00:00Z,0.321,2024-11-14,46,13,319
2024-11-14T13:00:00Z,0.229,2024-11-14,46,14,319
2024-11-14T14:00:00Z,0.108,2024-11-14,46,15,319
2024-11-14T15:00:00Z,0.002,2024-11-14,46,16,319
2024-11-14T16:00:00Z,0,2024-11-14,46,17,319
2024-11-14T17:00:00Z,0,2024-11-14,46,18,319
2024-11-14T18:00:00Z,0,2024-11-14,46,19,319
2024-11-14T19:00:00Z,0,2024-11-14,46,20,319
2024-11-14T20:00:00Z,0,2024-11-14,46,21,319
2024-11-14T21:00:00Z,0,2024-11-14,46,22,319
2024-11-14T22:00:00Z,0,2024-11-14,46,23,319
2024-11-14T23:00:00Z,0,2024-11-15,46,0,320
2024-11-15T00:00:00Z,0,2024-11-15,46,1,320
2024-11-15T01:00:00Z,0,2024-11-15,46,2,320
2024-11-15T02:00:00Z,0,2024-11-15,46,3,320
2024-11-15T03:00:00Z,0,2024-11-15,46,4,320
2024-11-15T04:00:00Z,0,2024-11-15,46,5,320
2024-11-15T05:00:00Z,0,2024-11-15,46,6,320
2024-11-15T06:00:00Z,0,2024-11-15,46,7,320
2024-11-15T07:00:00Z,0.003,2024-11-15,46,8,320
2024-11-15T08:00:00Z,0.055,2024-11-15,46,9,320
2024-11-15T09:00:00Z,0.134,2024-11-15,46,10,320
2024-11-15T10:00:00Z,0.188,2024-11-15,46,11,320
2024-11-15T11:00:00Z,0.194,2024-11-15,46,12,320
2024-11-15T12:00:00Z,0.142,2024-11-15,46,13,320
2024-11-15T13:00:00Z,0.071,2024-11-15,46,14,320
2024-11-15T14:00:00Z,0.019,2024-11-15,46,15,320
2024-11-15T15:00:00Z,0,2024-11-15,46,16,320
2024-11-15T16:00:00Z,0,2024-11-15,46,17,320
2024-11-15T17:00:00Z,0,2024-11-15,46,18,320
2024-11-15T18:00:00Z,0,2024-11-15,46,19,320
2024-11-15T19:00:00Z,0,2024-11-15,46,20,320
2024-11-15T20:00:00Z,0,2024-11-15,46,21,320
2024-11-15T21:00:00Z,0,2024-11-15,46,22,320
2024-11-15T22:00:00Z,0,2024-11-15,46,23,320
2024-11-15T23:00:00Z,0,2024-11-16,46,0,321
2024-11-16T00:00:00Z,0,2024-11-16,46,1,321
2024-11-16T01:00:00Z,0,2024-11-16,46,2,321
2024-11-16T02:00:00Z,0,2024-11-16,46,3,321
2024-11-16T03:00:00Z,0,2024-11-16,46,4,321
2024-11-16T04:00:00Z,0,2024-11-16,46,5,321
2024-11-16T05:00:00Z,0,2024-11-16,46,6,321
2024-11-16T06:00:00Z,0,2024-11-16,46,7,321
2024-11-16T07:00:00Z,0.001,2024-11-16,46,8,321
2024-11-16T08:00:00Z,0.034,2024-11-16,46,9,321
2024-11-16T09:00:00Z,0.081,2024-11-16,46,10,321
2024-11-16T10:00:00Z,0.109,2024-11-16,46,11,321
2024-11-16T11:00:00Z,0.128,2024-11-16,46,12,321
2024-11-16T12:00:00Z,0.127,2024-11-16,46,13,321
2024-11-16T13:00:00Z,0.088,2024-11-16,46,14,321
2024-11-16T14:00:00Z,0.031,2024-11-16,46,15,321
2024-11-16T15:00:00Z,0,2024-11-16,46,16,321
2024-11-16T16:00:00Z,0,2024-11-16,46,17,321
2024-11-16T17:00:00Z,0,2024-11-16,46,18,321
2024-11-16T18:00:00Z,0,2024-11-16,46,19,321
2024-11-16T19:00:00Z,0,2024-11-16,46,20,321
2024-11-16T20:00:00Z,0,2024-11-16,46,21,321
2024-11-16T21:00:00Z,0,2024-11-16,46,22,321
2024-11-16T22:00:00Z,0,2024-11-16,46,23,321
2024-11-16T23:00:00Z,0,2024-11-17,46,0,322
2024-11-17T00:00:00Z,0,2024-11-17,46,1,322
2024-11-17T01:00:00Z,0,2024-11-17,46,2,322
2024-11-17T02:00:00Z,0,2024-11-17,46,3,322
2024-11-17T03:00:00Z,0,2024-11-17,46,4,322
2024-11-17T04:00:00Z,0,2024-11-17,46,5,322
2024-11-17T05:00:00Z,0,2024-11-17,46,6,322
2024-11-17T06:00:00Z,0,2024-11-17,46,7,322
2024-11-17T07:00:00Z,0.003,2024-11-17,46,8,322
2024-11-17T08:00:00Z,0.033,2024-11-17,46,9,322
2024-11-17T09:00:00Z,0.069,2024-11-17,46,10,322
2024-11-17T10:00:00Z,0.09,2024-11-17,46,11,322
2024-11-17T11:00:00Z,0.096,2024-11-17,46,12,322
2024-11-17T12:00:00Z,0.085,2024-11-17,46,13,322
2024-11-17T13:00:00Z,0.057,2024-11-17,46,14,322
2024-11-17T14:00:00Z,0.021,2024-11-17,46,15,322
2024-11-17T15:00:00Z,0,2024-11-17,46,16,322
2024-11-17T16:00:00Z,0,2024-11-17,46,17,322
2024-11-17T17:00:00Z,0,2024-11-17,46,18,322
2024-11-17T18:00:00Z,0,2024-11-17,46,19,322
2024-11-17T19:00:00Z,0,2024-11-17,46,20,322
2024-11-17T20:00:00Z,0,2024-11-17,46,21,322
2024-11-17T21:00:00Z,0,2024-11-17,46,22,322
2024-11-17T22:00:00Z,0,2024-11-17,46,23,322
2024-11-17T23:00:00Z,0,2024-11-18,47,0,323
2024-11-18T00:00:00Z,0,2024-11-18,47,1,323
2024-11-18T01:00:00Z,0,2024-11-18,47,2,323
2024-11-18T02:00:00Z,0,2024-11-18,47,3,323
2024-11-18T03:00:00Z,0,2024-11-18,47,4,323
2024-11-18T04:00:00Z,0,2024-11-18,47,5,323
2024-11-18T05:00:00Z,0,2024-11-18,47,6,323
2024-11-18T06:00:00Z,0,2024-11-18,47,7,323
2024-11-18T07:00:00Z,0,2024-11-18,47,8,323
2024-11-18T08:00:00Z,0.021,2024-11-18,47,9,323
2024-11-18T09:00:00Z,0.064,2024-11-18,47,10,323
2024-11-18T10:00:00Z,0.106,2024-11-18,47,11,323
2024-11-18T11:00:00Z,0.124,2024-11-18,47,12,323
2024-11-18T12:00:00Z,0.117,2024-11-18,47,13,323
2024-11-18T13:00:00Z,0.075,2024-11-18,47,14,323
2024-11-18T14:00:00Z,0.023,2024-11-18,47,15,323
2024-11-18T15:00:00Z,0,2024-11-18,47,16,323
2024-11-18T16:00:00Z,0,2024-11-18,47,17,323
2024-11-18T17:00:00Z,0,2024-11-18,47,18,323
2024-11-18T18:00:00Z,0,2024-11-18,47,19,323
2024-11-18T19:00:00Z,0,2024-11-18,47,20,323
2024-11-18T20:00:00Z,0,2024-11-18,47,21,323
2024-11-18T21:00:00Z,0,2024-11-18,47,22,323
2024-11-18T22:00:00Z,0,2024-11-18,47,23,323
2024-11-18T23:00:00Z,0,2024-11-19,47,0,324
2024-11-19T00:00:00Z,0,2024-11-19,47,1,324
2024-11-19T01:00:00Z,0,2024-11-19,47,2,324
2024-11-19T02:00:00Z,0,2024-11-19,47,3,324
2024-11-19T03:00:00Z,0,2024-11-19,47,4,324
2024-11-19T04:00:00Z,0,2024-11-19,47,5,324
2024-11-19T05:00:00Z,0,2024-11-19,47,6,324
2024-11-19T06:00:00Z,0,2024-11-19,47,7,324
2024-11-19T07:00:00Z,0,2024-11-19,47,8,324
2024-11-19T08:00:00Z,0.02,2024-11-19,47,9,324
2024-11-19T09:00:00Z,0.05,2024-11-19,47,10,324
2024-11-19T10:00:00Z,0.073,2024-11-19,47,11,324
2024-11-19T11:00:00Z,0.076,2024-11-19,47,12,324
2024-11-19T12:00:00Z,0.062,2024-11-19,47,13,324
2024-11-19T13:00:00Z,0.036,2024-11-19,47,14,324
2024-11-19T14:00:00Z,0.01,2024-11-19,47,15,324
2024-11-19T15:00:00Z,0,2024-11-19,47,16,324
2024-11-19T16:00:00Z,0,2024-11-19,47,17,324
2024-11-19T17:00:00Z,0,2024-11-19,47,18,324
2024-11-19T18:00:00Z,0,2024-11-19,47,19,324
2024-11-19T19:00:00Z,0,2024-11-19,47,20,324
2024-11-19T20:00:00Z,0,2024-11-19,47,21,324
2024-11-19T21:00:00Z,0,2024-11-19,47,22,324
2024-11-19T22:00:00Z,0,2024-11-19,47,23,324
2024-11-19T23:00:00Z,0,2024-11-20,47,0,325
2024-11-20T00:00:00Z,0,2024-11-20,47,1,325
2024-11-20T01:00:00Z,0,2024-11-20,47,2,325
2024-11-20T02:00:00Z,0,2024-11-20,47,3,325
2024-11-20T03:00:00Z,0,2024-11-20,47,4,325
2024-11-20T04:00:00Z,0,2024-11-20,47,5,325
2024-11-20T05:00:00Z,0,2024-11-20,47,6,325
2024-11-20T06:00:00Z,0,2024-11-20,47,7,325
2024-11-20T07:00:00Z,0.003,2024-11-20,47,8,325
2024-11-20T08:00:00Z,0.059,2024-11-20,47,9,325
2024-11-20T09:00:00Z,0.132,2024-11-20,47,10,325
2024-11-20T10:00:00Z,0.169,2024-11-20,47,11,325
2024-11-20T11:00:00Z,0.162,2024-11-20,47,12,325
2024-11-20T12:00:00Z,0.129,2024-11-20,47,13,325
2024-11-20T13:00:00Z,0.08,2024-11-20,47,14,325
2024-11-20T14:00:00Z,0.026,2024-11-20,47,15,325
2024-11-20T15:00:00Z,0,2024-11-20,47,16,325
2024-11-20T16:00:00Z,0,2024-11-20,47,17,325
2024-11-20T17:00:00Z,0,2024-11-20,47,18,325
2024-11-20T18:00:00Z,0,2024-11-20,47,19,325
2024-11-20T19:00:00Z,0,2024-11-20,47,20,325
2024-11-20T20:00:00Z,0,2024-11-20,47,21,325
2024-11-20T21:00:00Z,0,2024-11-20,47,22,325
2024-11-20T22:00:00Z,0,2024-11-20,47,23,325
2024-11-20T23:00:00Z,0,2024-11-21,47,0,326
2024-11-21T00:00:00Z,0,2024-11-21,47,1,326
2024-11-21T01:00:00Z,0,2024-11-21,47,2,326
2024-11-21T02:00:00Z,0,2024-11-21,47,3,326
2024-11-21T03:00:00Z,0,2024-11-21,47,4,326
2024-11-21T04:00:00Z,0,2024-11-21,47,5,326
2024-11-21T05:00:00Z,0,2024-11-21,47,6,326
2024-11-21T06:00:00Z,0,2024-11-21,47,7,326
2024-11-21T07:00:00Z,0.002,2024-11-21,47,8,326
2024-11-21T08:00:00Z,0.058,2024-11-21,47,9,326
2024-11-21T09:00:00Z,0.135,2024-11-21,47,10,326
2024-11-21T10:00:00Z,0.191,2024-11-21,47,11,326
2024-11-21T11:00:00Z,0.209,2024-11-21,47,12,326
2024-11-21T12:00:00Z,0.188,2024-11-21,47,13,326
2024-11-21T13:00:00Z,0.135,2024-11-21,47,14,326
2024-11-21T14:00:00Z,0.055,2024-11-21,47,15,326
2024-11-21T15:00:00Z,0,2024-11-21,47,16,326
2024-11-21T16:00:00Z,0,2024-11-21,47,17,326
2024-11-21T17:00:00Z,0,2024-11-21,47,18,326
2024-11-21T18:00:00Z,0,2024-11-21,47,19,326
2024-11-21T19:00:00Z,0,2024-11-21,47,20,326
2024-11-21T20:00:00Z,0,2024-11-21,47,21,326
2024-11-21T21:00:00Z,0,2024-11-21,47,22,326
2024-11-21T22:00:00Z,0,2024-11-21,47,23,326
2024-11-21T23:00:00Z,0,2024-11-22,47,0,327
2024-11-22T00:00:00Z,0,2024-11-22,47,1,327
2024-11-22T01:00:00Z,0,2024-11-22,47,2,327
2024-11-22T02:00:00Z,0,2024-11-22,47,3,327
2024-11-22T03:00:00Z,0,2024-11-22,47,4,327
2024-11-22T04:00:00Z,0,2024-11-22,47,5,327
2024-11-22T05:00:00Z,0,2024-11-22,47,6,327
2024-11-22T06:00:00Z,0,2024-11-22,47,7,327
2024-11-22T07:00:00Z,0,2024-11-22,47,8,327
2024-11-22T08:00:00Z,0.02,2024-11-22,47,9,327
2024-11-22T09:00:00Z,0.047,2024-11-22,47,10,327
2024-11-22T10:00:00Z,0.065,2024-11-22,47,11,327
2024-11-22T11:00:00Z,0.073,2024-11-22,47,12,327
2024-11-22T12:00:00Z,0.081,2024-11-22,47,13,327
2024-11-22T13:00:00Z,0.077,2024-11-22,47,14,327
2024-11-22T14:00:00Z,0.04,2024-11-22,47,15,327
2024-11-22T15:00:00Z,0,2024-11-22,47,16,327
2024-11-22T16:00:00Z,0,2024-11-22,47,17,327
2024-11-22T17:00:00Z,0,2024-11-22,47,18,327
2024-11-22T18:00:00Z,0,2024-11-22,47,19,327
2024-11-22T19:00:00Z,0,2024-11-22,47,20,327
2024-11-22T20:00:00Z,0,2024-11-22,47,21,327
2024-11-22T21:00:00Z,0,2024-11-22,47,22,327
2024-11-22T22:00:00Z,0,2024-11-22,47,23,327
2024-11-22T23:00:00Z,0,2024-11-23,47,0,328
2024-11-23T00:00:00Z,0,2024-11-23,47,1,328
2024-11-23T01:00:00Z,0,2024-11-23,47,2,328
2024-11-23T02:00:00Z,0,2024-11-23,47,3,328
2024-11-23T03:00:00Z,0,2024-11-23,47,4,328
2024-11-23T04:00:00Z,0,2024-11-23,47,5,328
2024-11-23T05:00:00Z,0,2024-11-23,47,6,328
2024-11-23T06:00:00Z,0,2024-11-23,47,7,328
2024-11-23T07:00:00Z,0.003,2024-11-23,47,8,328
2024-11-23T08:00:00Z,0.065,2024-11-23,47,9,328
2024-11-23T09:00:00Z,0.126,2024-11-23,47,10,328
2024-11-23T10:00:00Z,0.143,2024-11-23,47,11,328
2024-11-23T11:00:00Z,0.137,2024-11-23,47,12,328
2024-11-23T12:00:00Z,0.106,2024-11-23,47,13,328
2024-11-23T13:00:00Z,0.055,2024-11-23,47,14,328
2024-11-23T14:00:00Z,0.013,2024-11-23,47,15,328
2024-11-23T15:00:00Z,0,2024-11-23,47,16,328
2024-11-23T16:00:00Z,0,2024-11-23,47,17,328
2024-11-23T17:00:00Z,0,2024-11-23,47,18,328
2024-11-23T18:00:00Z,0,2024-11-23,47,19,328
2024-11-23T19:00:00Z,0,2024-11-23,47,20,328
2024-11-23T20:00:00Z,0,2024-11-23,47,21,328
2024-11-23T21:00:00Z,0,2024-11-23,47,22,328
2024-11-23T22:00:00Z,0,2024-11-23,47,23,328
2024-11-23T23:00:00Z,0,2024-11-24,47,0,329
2024-11-24T00:00:00Z,0,2024-11-24,47,1,329
2024-11-24T01:00:00Z,0,2024-11-24,47,2,329
2024-11-24T02:00:00Z,0,2024-11-24,47,3,329
2024-11-24T03:00:00Z,0,2024-11-24,47,4,329
2024-11-24T04:00:00Z,0,2024-11-24,47,5,329
2024-11-24T05:00:00Z,0,2024-11-24,47,6,329
2024-11-24T06:00:00Z,0,2024-11-24,47,7,329
2024-11-24T07:00:00Z,0,2024-11-24,47,8,329
2024-11-24T08:00:00Z,0.001,2024-11-24,47,9,329
2024-11-24T09:00:00Z,0.004,2024-11-24,47,10,329
2024-11-24T10:00:00Z,0.012,2024-11-24,47,11,329
2024-11-24T11:00:00Z,0.024,2024-11-24,47,12,329
2024-11-24T12:00:00Z,0.024,2024-11-24,47,13,329
2024-11-24T13:00:00Z,0.014,2024-11-24,47,14,329
2024-11-24T14:00:00Z,0.004,2024-11-24,47,15,329
2024-11-24T15:00:00Z,0,2024-11-24,47,16,329
2024-11-24T16:00:00Z,0,2024-11-24,47,17,329
2024-11-24T17:00:00Z,0,2024-11-24,47,18,329
2024-11-24T18:00:00Z,0,2024-11-24,47,19,329
2024-11-24T19:00:00Z,0,2024-11-24,47,20,329
2024-11-24T20:00:00Z,0,2024-11-24,47,21,329
2024-11-24T21:00:00Z,0,2024-11-24,47,22,329
2024-11-24T22:00:00Z,0,2024-11-24,47,23,329
2024-11-24T23:00:00Z,0,2024-11-25,48,0,330
2024-11-25T00:00:00Z,0,2024-11-25,48,1,330
2024-11-25T01:00:00Z,0,2024-11-25,48,2,330
2024-11-25T02:00:00Z,0,2024-11-25,48,3,330
2024-11-25T03:00:00Z,0,2024-11-25,48,4,330
2024-11-25T04:00:00Z,0,2024-11-25,48,5,330
2024-11-25T05:00:00Z,0,2024-11-25,48,6,330
2024-11-25T06:00:00Z,0,2024-11-25,48,7,330
2024-11-25T07:00:00Z,0,2024-11-25,48,8,330
2024-11-25T08:00:00Z,0.007,2024-11-25,48,9,330
2024-11-25T09:00:00Z,0.018,2024-11-25,48,10,330
2024-11-25T10:00:00Z,0.031,2024-11-25,48,11,330
2024-11-25T11:00:00Z,0.037,2024-11-25,48,12,330
2024-11-25T12:00:00Z,0.033,2024-11-25,48,13,330
2024-11-25T13:00:00Z,0.017,2024-11-25,48,14,330
2024-11-25T14:00:00Z,0.003,2024-11-25,48,15,330
2024-11-25T15:00:00Z,0,2024-11-25,48,16,330
2024-11-25T16:00:00Z,0,2024-11-25,48,17,330
2024-11-25T17:00:00Z,0,2024-11-25,48,18,330
2024-11-25T18:00:00Z,0,2024-11-25,48,19,330
2024-11-25T19:00:00Z,0,2024-11-25,48,20,330
2024-11-25T20:00:00Z,0,2024-11-25,48,21,330
2024-11-25T21:00:00Z,0,2024-11-25,48,22,330
2024-11-25T22:00:00Z,0,2024-11-25,48,23,330
2024-11-25T23:00:00Z,0,2024-11-26,48,0,331
2024-11-26T00:00:00Z,0,2024-11-26,48,1,331
2024-11-26T01:00:00Z,0,2024-11-26,48,2,331
2024-11-26T02:00:00Z,0,2024-11-26,48,3,331
2024-11-26T03:00:00Z,0,2024-11-26,48,4,331
2024-11-26T04:00:00Z,0,2024-11-26,48,5,331
2024-11-26T05:00:00Z,0,2024-11-26,48,6,331
2024-11-26T06:00:00Z,0,2024-11-26,48,7,331
2024-11-26T07:00:00Z,0,2024-11-26,48,8,331
2024-11-26T08:00:00Z,0.043,2024-11-26,48,9,331
2024-11-26T09:00:00Z,0.126,2024-11-26,48,10,331
2024-11-26T10:00:00Z,0.186,2024-11-26,48,11,331
2024-11-26T11:00:00Z,0.193,2024-11-26,48,12,331
2024-11-26T12:00:00Z,0.146,2024-11-26,48,13,331
2024-11-26T13:00:00Z,0.077,2024-11-26,48,14,331
2024-11-26T14:00:00Z,0.016,2024-11-26,48,15,331
2024-11-26T15:00:00Z,0,2024-11-26,48,16,331
2024-11-26T16:00:00Z,0,2024-11-26,48,17,331
2024-11-26T17:00:00Z,0,2024-11-26,48,18,331
2024-11-26T18:00:00Z,0,2024-11-26,48,19,331
2024-11-26T19:00:00Z,0,2024-11-26,48,20,331
2024-11-26T20:00:00Z,0,2024-11-26,48,21,331
2024-11-26T21:00:00Z,0,2024-11-26,48,22,331
2024-11-26T22:00:00Z,0,2024-11-26,48,23,331
2024-11-26T23:00:00Z,0,2024-11-27,48,0,332
2024-11-27T00:00:00Z,0,2024-11-27,48,1,332
2024-11-27T01:00:00Z,0,2024-11-27,48,2,332
2024-11-27T02:00:00Z,0,2024-11-27,48,3,332
2024-11-27T03:00:00Z,0,2024-11-27,48,4,332
2024-11-27T04:00:00Z,0,2024-11-27,48,5,332
2024-11-27T05:00:00Z,0,2024-11-27,48,6,332
2024-11-27T06:00:00Z,0,2024-11-27,48,7,332
2024-11-27T07:00:00Z,0,2024-11-27,48,8,332
2024-11-27T08:00:00Z,0.043,2024-11-27,48,9,332
2024-11-27T09:00:00Z,0.114,2024-11-27,48,10,332
2024-11-27T10:00:00Z,0.15,2024-11-27,48,11,332
2024-11-27T11:00:00Z,0.131,2024-11-27,48,12,332
2024-11-27T12:00:00Z,0.083,2024-11-27,48,13,332
2024-11-27T13:00:00Z,0.035,2024-11-27,48,14,332
2024-11-27T14:00:00Z,0.004,2024-11-27,48,15,332
2024-11-27T15:00:00Z,0,2024-11-27,48,16,332
2024-11-27T16:00:00Z,0,2024-11-27,48,17,332
2024-11-27T17:00:00Z,0,2024-11-27,48,18,332
2024-11-27T18:00:00Z,0,2024-11-27,48,19,332
2024-11-27T19:00:00Z,0,2024-11-27,48,20,332
2024-11-27T20:00:00Z,0,2024-11-27,48,21,332
2024-11-27T21:00:00Z,0,2024-11-27,48,22,332
2024-11-27T22:00:00Z,0,2024-11-27,48,23,332
2024-11-27T23:00:00Z,0,2024-11-28,48,0,333
2024-11-28T00:00:00Z,0,2024-11-28,48,1,333
2024-11-28T01:00:00Z,0,2024-11-28,48,2,333
2024-11-28T02:00:00Z,0,2024-11-28,48,3,333
2024-11-28T03:00:00Z,0,2024-11-28,48,4,333
2024-11-28T04:00:00Z,0,2024-11-28,48,5,333
2024-11-28T05:00:00Z,0,2024-11-28,48,6,333
2024-11-28T06:00:00Z,0,2024-11-28,48,7,333
2024-11-28T07:00:00Z,0,2024-11-28,48,8,333
2024-11-28T08:00:00Z,0.007,2024-11-28,48,9,333
2024-11-28T09:00:00Z,0.044,2024-11-28,48,10,333
2024-11-28T10:00:00Z,0.093,2024-11-28,48,11,333
2024-11-28T11:00:00Z,0.126,2024-11-28,48,12,333
2024-11-28T12:00:00Z,0.115,2024-11-28,48,13,333
2024-11-28T13:00:00Z,0.07,2024-11-28,48,14,333
2024-11-28T14:00:00Z,0.015,2024-11-28,48,15,333
2024-11-28T15:00:00Z,0,2024-11-28,48,16,333
2024-11-28T16:00:00Z,0,2024-11-28,48,17,333
2024-11-28T17:00:00Z,0,2024-11-28,48,18,333
2024-11-28T18:00:00Z,0,2024-11-28,48,19,333
2024-11-28T19:00:00Z,0,2024-11-28,48,20,333
2024-11-28T20:00:00Z,0,2024-11-28,48,21,333
2024-11-28T21:00:00Z,0,2024-11-28,48,22,333
2024-11-28T22:00:00Z,0,2024-11-28,48,23,333
2024-11-28T23:00:00Z,0,2024-11-29,48,0,334
2024-11-29T00:00:00Z,0,2024-11-29,48,1,334
2024-11-29T01:00:00Z,0,2024-11-29,48,2,334
2024-11-29T02:00:00Z,0,2024-11-29,48,3,334
2024-11-29T03:00:00Z,0,2024-11-29,48,4,334
2024-11-29T04:00:00Z,0,2024-11-29,48,5,334
2024-11-29T05:00:00Z,0,2024-11-29,48,6,334
2024-11-29T06:00:00Z,0,2024-11-29,48,7,334
2024-11-29T07:00:00Z,0,2024-11-29,48,8,334
2024-11-29T08:00:00Z,0.04,2024-11-29,48,9,334
2024-11-29T09:00:00Z,0.101,2024-11-29,48,10,334
2024-11-29T10:00:00Z,0.134,2024-11-29,48,11,334
2024-11-29T11:00:00Z,0.141,2024-11-29,48,12,334
2024-11-29T12:00:00Z,0.108,2024-11-29,48,13,334
2024-11-29T13:00:00Z,0.054,2024-11-29,48,14,334
2024-11-29T14:00:00Z,0.01,2024-11-29,48,15,334
2024-11-29T15:00:00Z,0,2024-11-29,48,16,334
2024-11-29T16:00:00Z,0,2024-11-29,48,17,334
2024-11-29T17:00:00Z,0,2024-11-29,48,18,334
2024-11-29T18:00:00Z,0,2024-11-29,48,19,334
2024-11-29T19:00:00Z,0,2024-11-29,48,20,334
2024-11-29T20:00:00Z,0,2024-11-29,48,21,334
2024-11-29T21:00:00Z,0,2024-11-29,48,22,334
2024-11-29T22:00:00Z,0,2024-11-29,48,23,334
2024-11-29T23:00:00Z,0,2024-11-30,48,0,335
2024-11-30T00:00:00Z,0,2024-11-30,48,1,335
2024-11-30T01:00:00Z,0,2024-11-30,48,2,335
2024-11-30T02:00:00Z,0,2024-11-30,48,3,335
2024-11-30T03:00:00Z,0,2024-11-30,48,4,335
2024-11-30T04:00:00Z,0,2024-11-30,48,5,335
2024-11-30T05:00:00Z,0,2024-11-30,48,6,335
2024-11-30T06:00:00Z,0,2024-11-30,48,7,335
2024-11-30T07:00:00Z,0,2024-11-30,48,8,335
2024-11-30T08:00:00Z,0.023,2024-11-30,48,9,335
2024-11-30T09:00:00Z,0.058,2024-11-30,48,10,335
2024-11-30T10:00:00Z,0.109,2024-11-30,48,11,335
2024-11-30T11:00:00Z,0.152,2024-11-30,48,12,335
2024-11-30T12:00:00Z,0.148,2024-11-30,48,13,335
2024-11-30T13:00:00Z,0.1,2024-11-30,48,14,335
2024-11-30T14:00:00Z,0.025,2024-11-30,48,15,335
2024-11-30T15:00:00Z,0,2024-11-30,48,16,335
2024-11-30T16:00:00Z,0,2024-11-30,48,17,335
2024-11-30T17:00:00Z,0,2024-11-30,48,18,335
2024-11-30T18:00:00Z,0,2024-11-30,48,19,335
2024-11-30T19:00:00Z,0,2024-11-30,48,20,335
2024-11-30T20:00:00Z,0,2024-11-30,48,21,335
2024-11-30T21:00:00Z,0,2024-11-30,48,22,335
2024-11-30T22:00:00Z,0,2024-11-30,48,23,335
2024-11-30T23:00:00Z,0,2024-12-01,48,0,336
2024-12-01T00:00:00Z,0,2024-12-01,48,1,336
2024-12-01T01:00:00Z,0,2024-12-01,48,2,336
2024-12-01T02:00:00Z,0,2024-12-01,48,3,336
2024-12-01T03:00:00Z,0,2024-12-01,48,4,336
2024-12-01T04:00:00Z,0,2024-12-01,48,5,336
2024-12-01T05:00:00Z,0,2024-12-01,48,6,336
2024-12-01T06:00:00Z,0,2024-12-01,48,7,336
2024-12-01T07:00:00Z,0,2024-12-01,48,8,336
2024-12-01T08:00:00Z,0.017,2024-12-01,48,9,336
2024-12-01T09:00:00Z,0.067,2024-12-01,48,10,336
2024-12-01T10:00:00Z,0.123,2024-12-01,48,11,336
2024-12-01T11:00:00Z,0.156,2024-12-01,48,12,336
2024-12-01T12:00:00Z,0.144,2024-12-01,48,13,336
2024-12-01T13:00:00Z,0.095,2024-12-01,48,14,336
2024-12-01T14:00:00Z,0.025,2024-12-01,48,15,336
2024-12-01T15:00:00Z,0,2024-12-01,48,16,336
2024-12-01T16:00:00Z,0,2024-12-01,48,17,336
2024-12-01T17:00:00Z,0,2024-12-01,48,18,336
2024-12-01T18:00:00Z,0,2024-12-01,48,19,336
2024-12-01T19:00:00Z,0,2024-12-01,48,20,336
2024-12-01T20:00:00Z,0,2024-12-01,48,21,336
2024-12-01T21:00:00Z,0,2024-12-01,48,22,336
2024-12-01T22:00:00Z,0,2024-12-01,48,23,336
2024-12-01T23:00:00Z,0,2024-12-02,49,0,337
2024-12-02T00:00:00Z,0,2024-12-02,49,1,337
2024-12-02T01:00:00Z,0,2024-12-02,49,2,337
2024-12-02T02:00:00Z,0,2024-12-02,49,3,337
2024-12-02T03:00:00Z,0,2024-12-02,49,4,337
2024-12-02T04:00:00Z,0,2024-12-02,49,5,337
2024-12-02T05:00:00Z,0,2024-12-02,49,6,337
2024-12-02T06:00:00Z,0,2024-12-02,49,7,337
2024-12-02T07:00:00Z,0,2024-12-02,49,8,337
2024-12-02T08:00:00Z,0.006,2024-12-02,49,9,337
2024-12-02T09:00:00Z,0.019,2024-12-02,49,10,337
2024-12-02T10:00:00Z,0.027,2024-12-02,49,11,337
2024-12-02T11:00:00Z,0.026,2024-12-02,49,12,337
2024-12-02T12:00:00Z,0.024,2024-12-02,49,13,337
2024-12-02T13:00:00Z,0.015,2024-12-02,49,14,337
2024-12-02T14:00:00Z,0.002,2024-12-02,49,15,337
2024-12-02T15:00:00Z,0,2024-12-02,49,16,337
2024-12-02T16:00:00Z,0,2024-12-02,49,17,337
2024-12-02T17:00:00Z,0,2024-12-02,49,18,337
2024-12-02T18:00:00Z,0,2024-12-02,49,19,337
2024-12-02T19:00:00Z,0,2024-12-02,49,20,337
2024-12-02T20:00:00Z,0,2024-12-02,49,21,337
2024-12-02T21:00:00Z,0,2024-12-02,49,22,337
2024-12-02T22:00:00Z,0,2024-12-02,49,23,337
2024-12-02T23:00:00Z,0,2024-12-03,49,0,338
2024-12-03T00:00:00Z,0,2024-12-03,49,1,338
2024-12-03T01:00:00Z,0,2024-12-03,49,2,338
2024-12-03T02:00:00Z,0,2024-12-03,49,3,338
2024-12-03T03:00:00Z,0,2024-12-03,49,4,338
2024-12-03T04:00:00Z,0,2024-12-03,49,5,338
2024-12-03T05:00:00Z,0,2024-12-03,49,6,338
2024-12-03T06:00:00Z,0,2024-12-03,49,7,338
2024-12-03T07:00:00Z,0,2024-12-03,49,8,338
2024-12-03T08:00:00Z,0.021,2024-12-03,49,9,338
2024-12-03T09:00:00Z,0.08,2024-12-03,49,10,338
2024-12-03T10:00:00Z,0.124,2024-12-03,49,11,338
2024-12-03T11:00:00Z,0.132,2024-12-03,49,12,338
2024-12-03T12:00:00Z,0.108,2024-12-03,49,13,338
2024-12-03T13:00:00Z,0.057,2024-12-03,49,14,338
2024-12-03T14:00:00Z,0.007,2024-12-03,49,15,338
2024-12-03T15:00:00Z,0,2024-12-03,49,16,338
2024-12-03T16:00:00Z,0,2024-12-03,49,17,338
2024-12-03T17:00:00Z,0,2024-12-03,49,18,338
2024-12-03T18:00:00Z,0,2024-12-03,49,19,338
2024-12-03T19:00:00Z,0,2024-12-03,49,20,338
2024-12-03T20:00:00Z,0,2024-12-03,49,21,338
2024-12-03T21:00:00Z,0,2024-12-03,49,22,338
2024-12-03T22:00:00Z,0,2024-12-03,49,23,338
2024-12-03T23:00:00Z,0,2024-12-04,49,0,339
2024-12-04T00:00:00Z,0,2024-12-04,49,1,339
2024-12-04T01:00:00Z,0,2024-12-04,49,2,339
2024-12-04T02:00:00Z,0,2024-12-04,49,3,339
2024-12-04T03:00:00Z,0,2024-12-04,49,4,339
2024-12-04T04:00:00Z,0,2024-12-04,49,5,339
2024-12-04T05:00:00Z,0,2024-12-04,49,6,339
2024-12-04T06:00:00Z,0,2024-12-04,49,7,339
2024-12-04T07:00:00Z,0,2024-12-04,49,8,339
2024-12-04T08:00:00Z,0.01,2024-12-04,49,9,339
2024-12-04T09:00:00Z,0.041,2024-12-04,49,10,339
2024-12-04T10:00:00Z,0.064,2024-12-04,49,11,339
2024-12-04T11:00:00Z,0.073,2024-12-04,49,12,339
2024-12-04T12:00:00Z,0.068,2024-12-04,49,13,339
2024-12-04T13:00:00Z,0.041,2024-12-04,49,14,339
2024-12-04T14:00:00Z,0.005,2024-12-04,49,15,339
2024-12-04T15:00:00Z,0,2024-12-04,49,16,339
2024-12-04T16:00:00Z,0,2024-12-04,49,17,339
2024-12-04T17:00:00Z,0,2024-12-04,49,18,339
2024-12-04T18:00:00Z,0,2024-12-04,49,19,339
2024-12-04T19:00:00Z,0,2024-12-04,49,20,339
2024-12-04T20:00:00Z,0,2024-12-04,49,21,339
2024-12-04T21:00:00Z,0,2024-12-04,49,22,339
2024-12-04T22:00:00Z,0,2024-12-04,49,23,339
2024-12-04T23:00:00Z,0,2024-12-05,49,0,340
2024-12-05T00:00:00Z,0,2024-12-05,49,1,340
2024-12-05T01:00:00Z,0,2024-12-05,49,2,340
2024-12-05T02:00:00Z,0,2024-12-05,49,3,340
2024-12-05T03:00:00Z,0,2024-12-05,49,4,340
2024-12-05T04:00:00Z,0,2024-12-05,49,5,340
2024-12-05T05:00:00Z,0,2024-12-05,49,6,340
2024-12-05T06:00:00Z,0,2024-12-05,49,7,340
2024-12-05T07:00:00Z,0,2024-12-05,49,8,340
2024-12-05T08:00:00Z,0.01,2024-12-05,49,9,340
2024-12-05T09:00:00Z,0.029,2024-12-05,49,10,340
2024-12-05T10:00:00Z,0.05,2024-12-05,49,11,340
2024-12-05T11:00:00Z,0.077,2024-12-05,49,12,340
2024-12-05T12:00:00Z,0.082,2024-12-05,49,13,340
2024-12-05T13:00:00Z,0.048,2024-12-05,49,14,340
2024-12-05T14:00:00Z,0.006,2024-12-05,49,15,340
2024-12-05T15:00:00Z,0,2024-12-05,49,16,340
2024-12-05T16:00:00Z,0,2024-12-05,49,17,340
2024-12-05T17:00:00Z,0,2024-12-05,49,18,340
2024-12-05T18:00:00Z,0,2024-12-05,49,19,340
2024-12-05T19:00:00Z,0,2024-12-05,49,20,340
2024-12-05T20:00:00Z,0,2024-12-05,49,21,340
2024-12-05T21:00:00Z,0,2024-12-05,49,22,340
2024-12-05T22:00:00Z,0,2024-12-05,49,23,340
2024-12-05T23:00:00Z,0,2024-12-06,49,0,341
2024-12-06T00:00:00Z,0,2024-12-06,49,1,341
2024-12-06T01:00:00Z,0,2024-12-06,49,2,341
2024-12-06T02:00:00Z,0,2024-12-06,49,3,341
2024-12-06T03:00:00Z,0,2024-12-06,49,4,341
2024-12-06T04:00:00Z,0,2024-12-06,49,5,341
2024-12-06T05:00:00Z,0,2024-12-06,49,6,341
2024-12-06T06:00:00Z,0,2024-12-06,49,7,341
2024-12-06T07:00:00Z,0,2024-12-06,49,8,341
2024-12-06T08:00:00Z,0,2024-12-06,49,9,341
2024-12-06T09:00:00Z,0.008,2024-12-06,49,10,341
2024-12-06T10:00:00Z,0.019,2024-12-06,49,11,341
2024-12-06T11:00:00Z,0.028,2024-12-06,49,12,341
2024-12-06T12:00:00Z,0.025,2024-12-06,49,13,341
2024-12-06T13:00:00Z,0.009,2024-12-06,49,14,341
2024-12-06T14:00:00Z,0,2024-12-06,49,15,341
2024-12-06T15:00:00Z,0,2024-12-06,49,16,341
2024-12-06T16:00:00Z,0,2024-12-06,49,17,341
2024-12-06T17:00:00Z,0,2024-12-06,49,18,341
2024-12-06T18:00:00Z,0,2024-12-06,49,19,341
2024-12-06T19:00:00Z,0,2024-12-06,49,20,341
2024-12-06T20:00:00Z,0,2024-12-06,49,21,341
2024-12-06T21:00:00Z,0,2024-12-06,49,22,341
2024-12-06T22:00:00Z,0,2024-12-06,49,23,341
2024-12-06T23:00:00Z,0,2024-12-07,49,0,342
2024-12-07T00:00:00Z,0,2024-12-07,49,1,342
2024-12-07T01:00:00Z,0,2024-12-07,49,2,342
2024-12-07T02:00:00Z,0,2024-12-07,49,3,342
2024-12-07T03:00:00Z,0,2024-12-07,49,4,342
2024-12-07T04:00:00Z,0,2024-12-07,49,5,342
2024-12-07T05:00:00Z,0,2024-12-07,49,6,342
2024-12-07T06:00:00Z,0,2024-12-07,49,7,342
2024-12-07T07:00:00Z,0,2024-12-07,49,8,342
2024-12-07T08:00:00Z,0.003,2024-12-07,49,9,342
2024-12-07T09:00:00Z,0.014,2024-12-07,49,10,342
2024-12-07T10:00:00Z,0.024,2024-12-07,49,11,342
2024-12-07T11:00:00Z,0.024,2024-12-07,49,12,342
2024-12-07T12:00:00Z,0.017,2024-12-07,49,13,342
2024-12-07T13:00:00Z,0.006,2024-12-07,49,14,342
2024-12-07T14:00:00Z,0,2024-12-07,49,15,342
2024-12-07T15:00:00Z,0,2024-12-07,49,16,342
2024-12-07T16:00:00Z,0,2024-12-07,49,17,342
2024-12-07T17:00:00Z,0,2024-12-07,49,18,342
2024-12-07T18:00:00Z,0,2024-12-07,49,19,342
2024-12-07T19:00:00Z,0,2024-12-07,49,20,342
2024-12-07T20:00:00Z,0,2024-12-07,49,21,342
2024-12-07T21:00:00Z,0,2024-12-07,49,22,342
2024-12-07T22:00:00Z,0,2024-12-07,49,23,342
2024-12-07T23:00:00Z,0,2024-12-08,49,0,343
2024-12-08T00:00:00Z,0,2024-12-08,49,1,343
2024-12-08T01:00:00Z,0,2024-12-08,49,2,343
2024-12-08T02:00:00Z,0,2024-12-08,49,3,343
2024-12-08T03:00:00Z,0,2024-12-08,49,4,343
2024-12-08T04:00:00Z,0,2024-12-08,49,5,343
2024-12-08T05:00:00Z,0,2024-12-08,49,6,343
2024-12-08T06:00:00Z,0,2024-12-08,49,7,343
2024-12-08T07:00:00Z,0,2024-12-08,49,8,343
2024-12-08T08:00:00Z,0.001,2024-12-08,49,9,343
2024-12-08T09:00:00Z,0.01,2024-12-08,49,10,343
2024-12-08T10:00:00Z,0.028,2024-12-08,49,11,343
2024-12-08T11:00:00Z,0.05,2024-12-08,49,12,343
2024-12-08T12:00:00Z,0.057,2024-12-08,49,13,343
2024-12-08T13:00:00Z,0.037,2024-12-08,49,14,343
2024-12-08T14:00:00Z,0.005,2024-12-08,49,15,343
2024-12-08T15:00:00Z,0,2024-12-08,49,16,343
2024-12-08T16:00:00Z,0,2024-12-08,49,17,343
2024-12-08T17:00:00Z,0,2024-12-08,49,18,343
2024-12-08T18:00:00Z,0,2024-12-08,49,19,343
2024-12-08T19:00:00Z,0,2024-12-08,49,20,343
2024-12-08T20:00:00Z,0,2024-12-08,49,21,343
2024-12-08T21:00:00Z,0,2024-12-08,49,22,343
2024-12-08T22:00:00Z,0,2024-12-08,49,23,343
2024-12-08T23:00:00Z,0,2024-12-09,50,0,344
2024-12-09T00:00:00Z,0,2024-12-09,50,1,344
2024-12-09T01:00:00Z,0,2024-12-09,50,2,344
2024-12-09T02:00:00Z,0,2024-12-09,50,3,344
2024-12-09T03:00:00Z,0,2024-12-09,50,4,344
2024-12-09T04:00:00Z,0,2024-12-09,50,5,344
2024-12-09T05:00:00Z,0,2024-12-09,50,6,344
2024-12-09T06:00:00Z,0,2024-12-09,50,7,344
2024-12-09T07:00:00Z,0,2024-12-09,50,8,344
2024-12-09T08:00:00Z,0.049,2024-12-09,50,9,344
2024-12-09T09:00:00Z,0.16,2024-12-09,50,10,344
2024-12-09T10:00:00Z,0.234,2024-12-09,50,11,344
2024-12-09T11:00:00Z,0.246,2024-12-09,50,12,344
2024-12-09T12:00:00Z,0.185,2024-12-09,50,13,344
2024-12-09T13:00:00Z,0.088,2024-12-09,50,14,344
2024-12-09T14:00:00Z,0.01,2024-12-09,50,15,344
2024-12-09T15:00:00Z,0,2024-12-09,50,16,344
2024-12-09T16:00:00Z,0,2024-12-09,50,17,344
2024-12-09T17:00:00Z,0,2024-12-09,50,18,344
2024-12-09T18:00:00Z,0,2024-12-09,50,19,344
2024-12-09T19:00:00Z,0,2024-12-09,50,20,344
2024-12-09T20:00:00Z,0,2024-12-09,50,21,344
2024-12-09T21:00:00Z,0,2024-12-09,50,22,344
2024-12-09T22:00:00Z,0,2024-12-09,50,23,344
2024-12-09T23:00:00Z,0,2024-12-10,50,0,345
2024-12-10T00:00:00Z,0,2024-12-10,50,1,345
2024-12-10T01:00:00Z,0,2024-12-10,50,2,345
2024-12-10T02:00:00Z,0,2024-12-10,50,3,345
2024-12-10T03:00:00Z,0,2024-12-10,50,4,345
2024-12-10T04:00:00Z,0,2024-12-10,50,5,345
2024-12-10T05:00:00Z,0,2024-12-10,50,6,345
2024-12-10T06:00:00Z,0,2024-12-10,50,7,345
2024-12-10T07:00:00Z,0,2024-12-10,50,8,345
2024-12-10T08:00:00Z,0.064,2024-12-10,50,9,345
2024-12-10T09:00:00Z,0.183,2024-12-10,50,10,345
2024-12-10T10:00:00Z,0.25,2024-12-10,50,11,345
2024-12-10T11:00:00Z,0.262,2024-12-10,50,12,345
2024-12-10T12:00:00Z,0.213,2024-12-10,50,13,345
2024-12-10T13:00:00Z,0.124,2024-12-10,50,14,345
2024-12-10T14:00:00Z,0.02,2024-12-10,50,15,345
2024-12-10T15:00:00Z,0,2024-12-10,50,16,345
2024-12-10T16:00:00Z,0,2024-12-10,50,17,345
2024-12-10T17:00:00Z,0,2024-12-10,50,18,345
2024-12-10T18:00:00Z,0,2024-12-10,50,19,345
2024-12-10T19:00:00Z,0,2024-12-10,50,20,345
2024-12-10T20:00:00Z,0,2024-12-10,50,21,345
2024-12-10T21:00:00Z,0,2024-12-10,50,22,345
2024-12-10T22:00:00Z,0,2024-12-10,50,23,345
2024-12-10T23:00:00Z,0,2024-12-11,50,0,346
2024-12-11T00:00:00Z,0,2024-12-11,50,1,346
2024-12-11T01:00:00Z,0,2024-12-11,50,2,346
2024-12-11T02:00:00Z,0,2024-12-11,50,3,346
2024-12-11T03:00:00Z,0,2024-12-11,50,4,346
2024-12-11T04:00:00Z,0,2024-12-11,50,5,346
2024-12-11T05:00:00Z,0,2024-12-11,50,6,346
2024-12-11T06:00:00Z,0,2024-12-11,50,7,346
2024-12-11T07:00:00Z,0,2024-12-11,50,8,346
2024-12-11T08:00:00Z,0.008,2024-12-11,50,9,346
2024-12-11T09:00:00Z,0.033,2024-12-11,50,10,346
2024-12-11T10:00:00Z,0.049,2024-12-11,50,11,346
2024-12-11T11:00:00Z,0.051,2024-12-11,50,12,346
2024-12-11T12:00:00Z,0.037,2024-12-11,50,13,346
2024-12-11T13:00:00Z,0.016,2024-12-11,50,14,346
2024-12-11T14:00:00Z,0.001,2024-12-11,50,15,346
2024-12-11T15:00:00Z,0,2024-12-11,50,16,346
2024-12-11T16:00:00Z,0,2024-12-11,50,17,346
2024-12-11T17:00:00Z,0,2024-12-11,50,18,346
2024-12-11T18:00:00Z,0,2024-12-11,50,19,346
2024-12-11T19:00:00Z,0,2024-12-11,50,20,346
2024-12-11T20:00:00Z,0,2024-12-11,50,21,346
2024-12-11T21:00:00Z,0,2024-12-11,50,22,346
2024-12-11T22:00:00Z,0,2024-12-11,50,23,346
2024-12-11T23:00:00Z,0,2024-12-12,50,0,347
2024-12-12T00:00:00Z,0,2024-12-12,50,1,347
2024-12-12T01:00:00Z,0,2024-12-12,50,2,347
2024-12-12T02:00:00Z,0,2024-12-12,50,3,347
2024-12-12T03:00:00Z,0,2024-12-12,50,4,347
2024-12-12T04:00:00Z,0,2024-12-12,50,5,347
2024-12-12T05:00:00Z,0,2024-12-12,50,6,347
2024-12-12T06:00:00Z,0,2024-12-12,50,7,347
2024-12-12T07:00:00Z,0,2024-12-12,50,8,347
2024-12-12T08:00:00Z,0.016,2024-12-12,50,9,347
2024-12-12T09:00:00Z,0.062,2024-12-12,50,10,347
2024-12-12T10:00:00Z,0.087,2024-12-12,50,11,347
2024-12-12T11:00:00Z,0.09,2024-12-12,50,12,347
2024-12-12T12:00:00Z,0.068,2024-12-12,50,13,347
2024-12-12T13:00:00Z,0.031,2024-12-12,50,14,347
2024-12-12T14:00:00Z,0.003,2024-12-12,50,15,347
2024-12-12T15:00:00Z,0,2024-12-12,50,16,347
2024-12-12T16:00:00Z,0,2024-12-12,50,17,347
2024-12-12T17:00:00Z,0,2024-12-12,50,18,347
2024-12-12T18:00:00Z,0,2024-12-12,50,19,347
2024-12-12T19:00:00Z,0,2024-12-12,50,20,347
2024-12-12T20:00:00Z,0,2024-12-12,50,21,347
2024-12-12T21:00:00Z,0,2024-12-12,50,22,347
2024-12-12T22:00:00Z,0,2024-12-12,50,23,347
2024-12-12T23:00:00Z,0,2024-12-13,50,0,348
2024-12-13T00:00:00Z,0,2024-12-13,50,1,348
2024-12-13T01:00:00Z,0,2024-12-13,50,2,348
2024-12-13T02:00:00Z,0,2024-12-13,50,3,348
2024-12-13T03:00:00Z,0,2024-12-13,50,4,348
2024-12-13T04:00:00Z,0,2024-12-13,50,5,348
2024-12-13T05:00:00Z,0,2024-12-13,50,6,348
2024-12-13T06:00:00Z,0,2024-12-13,50,7,348
2024-12-13T07:00:00Z,0,2024-12-13,50,8,348
2024-12-13T08:00:00Z,0.018,2024-12-13,50,9,348
2024-12-13T09:00:00Z,0.074,2024-12-13,50,10,348
2024-12-13T10:00:00Z,0.132,2024-12-13,50,11,348
2024-12-13T11:00:00Z,0.154,2024-12-13,50,12,348
2024-12-13T12:00:00Z,0.129,2024-12-13,50,13,348
2024-12-13T13:00:00Z,0.073,2024-12-13,50,14,348
2024-12-13T14:00:00Z,0.009,2024-12-13,50,15,348
2024-12-13T15:00:00Z,0,2024-12-13,50,16,348
2024-12-13T16:00:00Z,0,2024-12-13,50,17,348
2024-12-13T17:00:00Z,0,2024-12-13,50,18,348
2024-12-13T18:00:00Z,0,2024-12-13,50,19,348
2024-12-13T19:00:00Z,0,2024-12-13,50,20,348
2024-12-13T20:00:00Z,0,2024-12-13,50,21,348
2024-12-13T21:00:00Z,0,2024-12-13,50,22,348
2024-12-13T22:00:00Z,0,2024-12-13,50,23,348
2024-12-13T23:00:00Z,0,2024-12-14,50,0,349
2024-12-14T00:00:00Z,0,2024-12-14,50,1,349
2024-12-14T01:00:00Z,0,2024-12-14,50,2,349
2024-12-14T02:00:00Z,0,2024-12-14,50,3,349
2024-12-14T03:00:00Z,0,2024-12-14,50,4,349
2024-12-14T04:00:00Z,0,2024-12-14,50,5,349
2024-12-14T05:00:00Z,0,2024-12-14,50,6,349
2024-12-14T06:00:00Z,0,2024-12-14,50,7,349
2024-12-14T07:00:00Z,0,2024-12-14,50,8,349
2024-12-14T08:00:00Z,0.002,2024-12-14,50,9,349
2024-12-14T09:00:00Z,0.015,2024-12-14,50,10,349
2024-12-14T10:00:00Z,0.031,2024-12-14,50,11,349
2024-12-14T11:00:00Z,0.036,2024-12-14,50,12,349
2024-12-14T12:00:00Z,0.029,2024-12-14,50,13,349
2024-12-14T13:00:00Z,0.015,2024-12-14,50,14,349
2024-12-14T14:00:00Z,0.001,2024-12-14,50,15,349
2024-12-14T15:00:00Z,0,2024-12-14,50,16,349
2024-12-14T16:00:00Z,0,2024-12-14,50,17,349
2024-12-14T17:00:00Z,0,2024-12-14,50,18,349
2024-12-14T18:00:00Z,0,2024-12-14,50,19,349
2024-12-14T19:00:00Z,0,2024-12-14,50,20,349
2024-12-14T20:00:00Z,0,2024-12-14,50,21,349
2024-12-14T21:00:00Z,0,2024-12-14,50,22,349
2024-12-14T22:00:00Z,0,2024-12-14,50,23,349
2024-12-14T23:00:00Z,0,2024-12-15,50,0,350
2024-12-15T00:00:00Z,0,2024-12-15,50,1,350
2024-12-15T01:00:00Z,0,2024-12-15,50,2,350
2024-12-15T02:00:00Z,0,2024-12-15,50,3,350
2024-12-15T03:00:00Z,0,2024-12-15,50,4,350
2024-12-15T04:00:00Z,0,2024-12-15,50,5,350
2024-12-15T05:00:00Z,0,2024-12-15,50,6,350
2024-12-15T06:00:00Z,0,2024-12-15,50,7,350
2024-12-15T07:00:00Z,0,2024-12-15,50,8,350
2024-12-15T08:00:00Z,0.009,2024-12-15,50,9,350
2024-12-15T09:00:00Z,0.029,2024-12-15,50,10,350
2024-12-15T10:00:00Z,0.03,2024-12-15,50,11,350
2024-12-15T11:00:00Z,0.014,2024-12-15,50,12,350
2024-12-15T12:00:00Z,0.009,2024-12-15,50,13,350
2024-12-15T13:00:00Z,0.003,2024-12-15,50,14,350
2024-12-15T14:00:00Z,0,2024-12-15,50,15,350
2024-12-15T15:00:00Z,0,2024-12-15,50,16,350
2024-12-15T16:00:00Z,0,2024-12-15,50,17,350
2024-12-15T17:00:00Z,0,2024-12-15,50,18,350
2024-12-15T18:00:00Z,0,2024-12-15,50,19,350
2024-12-15T19:00:00Z,0,2024-12-15,50,20,350
2024-12-15T20:00:00Z,0,2024-12-15,50,21,350
2024-12-15T21:00:00Z,0,2024-12-15,50,22,350
2024-12-15T22:00:00Z,0,2024-12-15,50,23,350
2024-12-15T23:00:00Z,0,2024-12-16,51,0,351
2024-12-16T00:00:00Z,0,2024-12-16,51,1,351
2024-12-16T01:00:00Z,0,2024-12-16,51,2,351
2024-12-16T02:00:00Z,0,2024-12-16,51,3,351
2024-12-16T03:00:00Z,0,2024-12-16,51,4,351
2024-12-16T04:00:00Z,0,2024-12-16,51,5,351
2024-12-16T05:00:00Z,0,2024-12-16,51,6,351
2024-12-16T06:00:00Z,0,2024-12-16,51,7,351
2024-12-16T07:00:00Z,0,2024-12-16,51,8,351
2024-12-16T08:00:00Z,0.005,2024-12-16,51,9,351
2024-12-16T09:00:00Z,0.026,2024-12-16,51,10,351
2024-12-16T10:00:00Z,0.042,2024-12-16,51,11,351
2024-12-16T11:00:00Z,0.044,2024-12-16,51,12,351
2024-12-16T12:00:00Z,0.029,2024-12-16,51,13,351
2024-12-16T13:00:00Z,0.007,2024-12-16,51,14,351
2024-12-16T14:00:00Z,0,2024-12-16,51,15,351
2024-12-16T15:00:00Z,0,2024-12-16,51,16,351
2024-12-16T16:00:00Z,0,2024-12-16,51,17,351
2024-12-16T17:00:00Z,0,2024-12-16,51,18,351
2024-12-16T18:00:00Z,0,2024-12-16,51,19,351
2024-12-16T19:00:00Z,0,2024-12-16,51,20,351
2024-12-16T20:00:00Z,0,2024-12-16,51,21,351
2024-12-16T21:00:00Z,0,2024-12-16,51,22,351
2024-12-16T22:00:00Z,0,2024-12-16,51,23,351
2024-12-16T23:00:00Z,0,2024-12-17,51,0,352
2024-12-17T00:00:00Z,0,2024-12-17,51,1,352
2024-12-17T01:00:00Z,0,2024-12-17,51,2,352
2024-12-17T02:00:00Z,0,2024-12-17,51,3,352
2024-12-17T03:00:00Z,0,2024-12-17,51,4,352
2024-12-17T04:00:00Z,0,2024-12-17,51,5,352
2024-12-17T05:00:00Z,0,2024-12-17,51,6,352
2024-12-17T06:00:00Z,0,2024-12-17,51,7,352
2024-12-17T07:00:00Z,0,2024-12-17,51,8,352
2024-12-17T08:00:00Z,0.005,2024-12-17,51,9,352
2024-12-17T09:00:00Z,0.023,2024-12-17,51,10,352
2024-12-17T10:00:00Z,0.046,2024-12-17,51,11,352
2024-12-17T11:00:00Z,0.052,2024-12-17,51,12,352
2024-12-17T12:00:00Z,0.037,2024-12-17,51,13,352
2024-12-17T13:00:00Z,0.016,2024-12-17,51,14,352
2024-12-17T14:00:00Z,0,2024-12-17,51,15,352
2024-12-17T15:00:00Z,0,2024-12-17,51,16,352
2024-12-17T16:00:00Z,0,2024-12-17,51,17,352
2024-12-17T17:00:00Z,0,2024-12-17,51,18,352
2024-12-17T18:00:00Z,0,2024-12-17,51,19,352
2024-12-17T19:00:00Z,0,2024-12-17,51,20,352
2024-12-17T20:00:00Z,0,2024-12-17,51,21,352
2024-12-17T21:00:00Z,0,2024-12-17,51,22,352
2024-12-17T22:00:00Z,0,2024-12-17,51,23,352
2024-12-17T23:00:00Z,0,2024-12-18,51,0,353
2024-12-18T00:00:00Z,0,2024-12-18,51,1,353
2024-12-18T01:00:00Z,0,2024-12-18,51,2,353
2024-12-18T02:00:00Z,0,2024-12-18,51,3,353
2024-12-18T03:00:00Z,0,2024-12-18,51,4,353
2024-12-18T04:00:00Z,0,2024-12-18,51,5,353
2024-12-18T05:00:00Z,0,2024-12-18,51,6,353
2024-12-18T06:00:00Z,0,2024-12-18,51,7,353
2024-12-18T07:00:00Z,0,2024-12-18,51,8,353
2024-12-18T08:00:00Z,0,2024-12-18,51,9,353
2024-12-18T09:00:00Z,0.006,2024-12-18,51,10,353
2024-12-18T10:00:00Z,0.01,2024-12-18,51,11,353
2024-12-18T11:00:00Z,0.012,2024-12-18,51,12,353
2024-12-18T12:00:00Z,0.009,2024-12-18,51,13,353
2024-12-18T13:00:00Z,0.003,2024-12-18,51,14,353
2024-12-18T14:00:00Z,0,2024-12-18,51,15,353
2024-12-18T15:00:00Z,0,2024-12-18,51,16,353
2024-12-18T16:00:00Z,0,2024-12-18,51,17,353
2024-12-18T17:00:00Z,0,2024-12-18,51,18,353
2024-12-18T18:00:00Z,0,2024-12-18,51,19,353
2024-12-18T19:00:00Z,0,2024-12-18,51,20,353
2024-12-18T20:00:00Z,0,2024-12-18,51,21,353
2024-12-18T21:00:00Z,0,2024-12-18,51,22,353
2024-12-18T22:00:00Z,0,2024-12-18,51,23,353
2024-12-18T23:00:00Z,0,2024-12-19,51,0,354
2024-12-19T00:00:00Z,0,2024-12-19,51,1,354
2024-12-19T01:00:00Z,0,2024-12-19,51,2,354
2024-12-19T02:00:00Z,0,2024-12-19,51,3,354
2024-12-19T03:00:00Z,0,2024-12-19,51,4,354
2024-12-19T04:00:00Z,0,2024-12-19,51,5,354
2024-12-19T05:00:00Z,0,2024-12-19,51,6,354
2024-12-19T06:00:00Z,0,2024-12-19,51,7,354
2024-12-19T07:00:00Z,0,2024-12-19,51,8,354
2024-12-19T08:00:00Z,0,2024-12-19,51,9,354
2024-12-19T09:00:00Z,0.008,2024-12-19,51,10,354
2024-12-19T10:00:00Z,0.029,2024-12-19,51,11,354
2024-12-19T11:00:00Z,0.071,2024-12-19,51,12,354
2024-12-19T12:00:00Z,0.061,2024-12-19,51,13,354
2024-12-19T13:00:00Z,0.028,2024-12-19,51,14,354
2024-12-19T14:00:00Z,0.003,2024-12-19,51,15,354
2024-12-19T15:00:00Z,0,2024-12-19,51,16,354
2024-12-19T16:00:00Z,0,2024-12-19,51,17,354
2024-12-19T17:00:00Z,0,2024-12-19,51,18,354
2024-12-19T18:00:00Z,0,2024-12-19,51,19,354
2024-12-19T19:00:00Z,0,2024-12-19,51,20,354
2024-12-19T20:00:00Z,0,2024-12-19,51,21,354
2024-12-19T21:00:00Z,0,2024-12-19,51,22,354
2024-12-19T22:00:00Z,0,2024-12-19,51,23,354
2024-12-19T23:00:00Z,0,2024-12-20,51,0,355
2024-12-20T00:00:00Z,0,2024-12-20,51,1,355
2024-12-20T01:00:00Z,0,2024-12-20,51,2,355
2024-12-20T02:00:00Z,0,2024-12-20,51,3,355
2024-12-20T03:00:00Z,0,2024-12-20,51,4,355
2024-12-20T04:00:00Z,0,2024-12-20,51,5,355
2024-12-20T05:00:00Z,0,2024-12-20,51,6,355
2024-12-20T06:00:00Z,0,2024-12-20,51,7,355
2024-12-20T07:00:00Z,0,2024-12-20,51,8,355
2024-12-20T08:00:00Z,0.039,2024-12-20,51,9,355
2024-12-20T09:00:00Z,0.144,2024-12-20,51,10,355
2024-12-20T10:00:00Z,0.22,2024-12-20,51,11,355
2024-12-20T11:00:00Z,0.234,2024-12-20,51,12,355
2024-12-20T12:00:00Z,0.185,2024-12-20,51,13,355
2024-12-20T13:00:00Z,0.098,2024-12-20,51,14,355
2024-12-20T14:00:00Z,0.009,2024-12-20,51,15,355
2024-12-20T15:00:00Z,0,2024-12-20,51,16,355
2024-12-20T16:00:00Z,0,2024-12-20,51,17,355
2024-12-20T17:00:00Z,0,2024-12-20,51,18,355
2024-12-20T18:00:00Z,0,2024-12-20,51,19,355
2024-12-20T19:00:00Z,0,2024-12-20,51,20,355
2024-12-20T20:00:00Z,0,2024-12-20,51,21,355
2024-12-20T21:00:00Z,0,2024-12-20,51,22,355
2024-12-20T22:00:00Z,0,2024-12-20,51,23,355
2024-12-20T23:00:00Z,0,2024-12-21,51,0,356
2024-12-21T00:00:00Z,0,2024-12-21,51,1,356
2024-12-21T01:00:00Z,0,2024-12-21,51,2,356
2024-12-21T02:00:00Z,0,2024-12-21,51,3,356
2024-12-21T03:00:00Z,0,2024-12-21,51,4,356
2024-12-21T04:00:00Z,0,2024-12-21,51,5,356
2024-12-21T05:00:00Z,0,2024-12-21,51,6,356
2024-12-21T06:00:00Z,0,2024-12-21,51,7,356
2024-12-21T07:00:00Z,0,2024-12-21,51,8,356
2024-12-21T08:00:00Z,0.004,2024-12-21,51,9,356
2024-12-21T09:00:00Z,0.015,2024-12-21,51,10,356
2024-12-21T10:00:00Z,0.019,2024-12-21,51,11,356
2024-12-21T11:00:00Z,0.021,2024-12-21,51,12,356
2024-12-21T12:00:00Z,0.016,2024-12-21,51,13,356
2024-12-21T13:00:00Z,0.013,2024-12-21,51,14,356
2024-12-21T14:00:00Z,0,2024-12-21,51,15,356
2024-12-21T15:00:00Z,0,2024-12-21,51,16,356
2024-12-21T16:00:00Z,0,2024-12-21,51,17,356
2024-12-21T17:00:00Z,0,2024-12-21,51,18,356
2024-12-21T18:00:00Z,0,2024-12-21,51,19,356
2024-12-21T19:00:00Z,0,2024-12-21,51,20,356
2024-12-21T20:00:00Z,0,2024-12-21,51,21,356
2024-12-21T21:00:00Z,0,2024-12-21,51,22,356
2024-12-21T22:00:00Z,0,2024-12-21,51,23,356
2024-12-21T23:00:00Z,0,2024-12-22,51,0,357
2024-12-22T00:00:00Z,0,2024-12-22,51,1,357
2024-12-22T01:00:00Z,0,2024-12-22,51,2,357
2024-12-22T02:00:00Z,0,2024-12-22,51,3,357
2024-12-22T03:00:00Z,0,2024-12-22,51,4,357
2024-12-22T04:00:00Z,0,2024-12-22,51,5,357
2024-12-22T05:00:00Z,0,2024-12-22,51,6,357
2024-12-22T06:00:00Z,0,2024-12-22,51,7,357
2024-12-22T07:00:00Z,0,2024-12-22,51,8,357
2024-12-22T08:00:00Z,0.004,2024-12-22,51,9,357
2024-12-22T09:00:00Z,0.043,2024-12-22,51,10,357
2024-12-22T10:00:00Z,0.08,2024-12-22,51,11,357
2024-12-22T11:00:00Z,0.086,2024-12-22,51,12,357
2024-12-22T12:00:00Z,0.065,2024-12-22,51,13,357
2024-12-22T13:00:00Z,0.028,2024-12-22,51,14,357
2024-12-22T14:00:00Z,0.001,2024-12-22,51,15,357
2024-12-22T15:00:00Z,0,2024-12-22,51,16,357
2024-12-22T16:00:00Z,0,2024-12-22,51,17,357
2024-12-22T17:00:00Z,0,2024-12-22,51,18,357
2024-12-22T18:00:00Z,0,2024-12-22,51,19,357
2024-12-22T19:00:00Z,0,2024-12-22,51,20,357
2024-12-22T20:00:00Z,0,2024-12-22,51,21,357
2024-12-22T21:00:00Z,0,2024-12-22,51,22,357
2024-12-22T22:00:00Z,0,2024-12-22,51,23,357
2024-12-22T23:00:00Z,0,2024-12-23,52,0,358
2024-12-23T00:00:00Z,0,2024-12-23,52,1,358
2024-12-23T01:00:00Z,0,2024-12-23,52,2,358
2024-12-23T02:00:00Z,0,2024-12-23,52,3,358
2024-12-23T03:00:00Z,0,2024-12-23,52,4,358
2024-12-23T04:00:00Z,0,2024-12-23,52,5,358
2024-12-23T05:00:00Z,0,2024-12-23,52,6,358
2024-12-23T06:00:00Z,0,2024-12-23,52,7,358
2024-12-23T07:00:00Z,0,2024-12-23,52,8,358
2024-12-23T08:00:00Z,0.009,2024-12-23,52,9,358
2024-12-23T09:00:00Z,0.059,2024-12-23,52,10,358
2024-12-23T10:00:00Z,0.117,2024-12-23,52,11,358
2024-12-23T11:00:00Z,0.144,2024-12-23,52,12,358
2024-12-23T12:00:00Z,0.131,2024-12-23,52,13,358
2024-12-23T13:00:00Z,0.078,2024-12-23,52,14,358
2024-12-23T14:00:00Z,0.011,2024-12-23,52,15,358
2024-12-23T15:00:00Z,0,2024-12-23,52,16,358
2024-12-23T16:00:00Z,0,2024-12-23,52,17,358
2024-12-23T17:00:00Z,0,2024-12-23,52,18,358
2024-12-23T18:00:00Z,0,2024-12-23,52,19,358
2024-12-23T19:00:00Z,0,2024-12-23,52,20,358
2024-12-23T20:00:00Z,0,2024-12-23,52,21,358
2024-12-23T21:00:00Z,0,2024-12-23,52,22,358
2024-12-23T22:00:00Z,0,2024-12-23,52,23,358
2024-12-23T23:00:00Z,0,2024-12-24,52,0,359
2024-12-24T00:00:00Z,0,2024-12-24,52,1,359
2024-12-24T01:00:00Z,0,2024-12-24,52,2,359
2024-12-24T02:00:00Z,0,2024-12-24,52,3,359
2024-12-24T03:00:00Z,0,2024-12-24,52,4,359
2024-12-24T04:00:00Z,0,2024-12-24,52,5,359
2024-12-24T05:00:00Z,0,2024-12-24,52,6,359
2024-12-24T06:00:00Z,0,2024-12-24,52,7,359
2024-12-24T07:00:00Z,0,2024-12-24,52,8,359
2024-12-24T08:00:00Z,0.003,2024-12-24,52,9,359
2024-12-24T09:00:00Z,0.023,2024-12-24,52,10,359
2024-12-24T10:00:00Z,0.035,2024-12-24,52,11,359
2024-12-24T11:00:00Z,0.029,2024-12-24,52,12,359
2024-12-24T12:00:00Z,0.015,2024-12-24,52,13,359
2024-12-24T13:00:00Z,0.004,2024-12-24,52,14,359
2024-12-24T14:00:00Z,0,2024-12-24,52,15,359
2024-12-24T15:00:00Z,0,2024-12-24,52,16,359
2024-12-24T16:00:00Z,0,2024-12-24,52,17,359
2024-12-24T17:00:00Z,0,2024-12-24,52,18,359
2024-12-24T18:00:00Z,0,2024-12-24,52,19,359
2024-12-24T19:00:00Z,0,2024-12-24,52,20,359
2024-12-24T20:00:00Z,0,2024-12-24,52,21,359
2024-12-24T21:00:00Z,0,2024-12-24,52,22,359
2024-12-24T22:00:00Z,0,2024-12-24,52,23,359
2024-12-24T23:00:00Z,0,2024-12-25,52,0,360
2024-12-25T00:00:00Z,0,2024-12-25,52,1,360
2024-12-25T01:00:00Z,0,2024-12-25,52,2,360
2024-12-25T02:00:00Z,0,2024-12-25,52,3,360
2024-12-25T03:00:00Z,0,2024-12-25,52,4,360
2024-12-25T04:00:00Z,0,2024-12-25,52,5,360
2024-12-25T05:00:00Z,0,2024-12-25,52,6,360
2024-12-25T06:00:00Z,0,2024-12-25,52,7,360
2024-12-25T07:00:00Z,0,2024-12-25,52,8,360
2024-12-25T08:00:00Z,0.005,2024-12-25,52,9,360
2024-12-25T09:00:00Z,0.024,2024-12-25,52,10,360
2024-12-25T10:00:00Z,0.043,2024-12-25,52,11,360
2024-12-25T11:00:00Z,0.051,2024-12-25,52,12,360
2024-12-25T12:00:00Z,0.044,2024-12-25,52,13,360
2024-12-25T13:00:00Z,0.022,2024-12-25,52,14,360
2024-12-25T14:00:00Z,0.001,2024-12-25,52,15,360
2024-12-25T15:00:00Z,0,2024-12-25,52,16,360
2024-12-25T16:00:00Z,0,2024-12-25,52,17,360
2024-12-25T17:00:00Z,0,2024-12-25,52,18,360
2024-12-25T18:00:00Z,0,2024-12-25,52,19,360
2024-12-25T19:00:00Z,0,2024-12-25,52,20,360
2024-12-25T20:00:00Z,0,2024-12-25,52,21,360
2024-12-25T21:00:00Z,0,2024-12-25,52,22,360
2024-12-25T22:00:00Z,0,2024-12-25,52,23,360
2024-12-25T23:00:00Z,0,2024-12-26,52,0,361
2024-12-26T00:00:00Z,0,2024-12-26,52,1,361
2024-12-26T01:00:00Z,0,2024-12-26,52,2,361
2024-12-26T02:00:00Z,0,2024-12-26,52,3,361
2024-12-26T03:00:00Z,0,2024-12-26,52,4,361
2024-12-26T04:00:00Z,0,2024-12-26,52,5,361
2024-12-26T05:00:00Z,0,2024-12-26,52,6,361
2024-12-26T06:00:00Z,0,2024-12-26,52,7,361
2024-12-26T07:00:00Z,0,2024-12-26,52,8,361
2024-12-26T08:00:00Z,0.002,2024-12-26,52,9,361
2024-12-26T09:00:00Z,0.016,2024-12-26,52,10,361
2024-12-26T10:00:00Z,0.035,2024-12-26,52,11,361
2024-12-26T11:00:00Z,0.041,2024-12-26,52,12,361
2024-12-26T12:00:00Z,0.026,2024-12-26,52,13,361
2024-12-26T13:00:00Z,0.008,2024-12-26,52,14,361
2024-12-26T14:00:00Z,0,2024-12-26,52,15,361
2024-12-26T15:00:00Z,0,2024-12-26,52,16,361
2024-12-26T16:00:00Z,0,2024-12-26,52,17,361
2024-12-26T17:00:00Z,0,2024-12-26,52,18,361
2024-12-26T18:00:00Z,0,2024-12-26,52,19,361
2024-12-26T19:00:00Z,0,2024-12-26,52,20,361
2024-12-26T20:00:00Z,0,2024-12-26,52,21,361
2024-12-26T21:00:00Z,0,2024-12-26,52,22,361
2024-12-26T22:00:00Z,0,2024-12-26,52,23,361
2024-12-26T23:00:00Z,0,2024-12-27,52,0,362
2024-12-27T00:00:00Z,0,2024-12-27,52,1,362
2024-12-27T01:00:00Z,0,2024-12-27,52,2,362
2024-12-27T02:00:00Z,0,2024-12-27,52,3,362
2024-12-27T03:00:00Z,0,2024-12-27,52,4,362
2024-12-27T04:00:00Z,0,2024-12-27,52,5,362
2024-12-27T05:00:00Z,0,2024-12-27,52,6,362
2024-12-27T06:00:00Z,0,2024-12-27,52,7,362
2024-12-27T07:00:00Z,0,2024-12-27,52,8,362
2024-12-27T08:00:00Z,0.001,2024-12-27,52,9,362
2024-12-27T09:00:00Z,0.007,2024-12-27,52,10,362
2024-12-27T10:00:00Z,0.012,2024-12-27,52,11,362
2024-12-27T11:00:00Z,0.013,2024-12-27,52,12,362
2024-12-27T12:00:00Z,0.01,2024-12-27,52,13,362
2024-12-27T13:00:00Z,0.003,2024-12-27,52,14,362
2024-12-27T14:00:00Z,0,2024-12-27,52,15,362
2024-12-27T15:00:00Z,0,2024-12-27,52,16,362
2024-12-27T16:00:00Z,0,2024-12-27,52,17,362
2024-12-27T17:00:00Z,0,2024-12-27,52,18,362
2024-12-27T18:00:00Z,0,2024-12-27,52,19,362
2024-12-27T19:00:00Z,0,2024-12-27,52,20,362
2024-12-27T20:00:00Z,0,2024-12-27,52,21,362
2024-12-27T21:00:00Z,0,2024-12-27,52,22,362
2024-12-27T22:00:00Z,0,2024-12-27,52,23,362
2024-12-27T23:00:00Z,0,2024-12-28,52,0,363
2024-12-28T00:00:00Z,0,2024-12-28,52,1,363
2024-12-28T01:00:00Z,0,2024-12-28,52,2,363
2024-12-28T02:00:00Z,0,2024-12-28,52,3,363
2024-12-28T03:00:00Z,0,2024-12-28,52,4,363
2024-12-28T04:00:00Z,0,2024-12-28,52,5,363
2024-12-28T05:00:00Z,0,2024-12-28,52,6,363
2024-12-28T06:00:00Z,0,2024-12-28,52,7,363
2024-12-28T07:00:00Z,0,2024-12-28,52,8,363
2024-12-28T08:00:00Z,0,2024-12-28,52,9,363
2024-12-28T09:00:00Z,0.007,2024-12-28,52,10,363
2024-12-28T10:00:00Z,0.014,2024-12-28,52,11,363
2024-12-28T11:00:00Z,0.016,2024-12-28,52,12,363
2024-12-28T12:00:00Z,0.012,2024-12-28,52,13,363
2024-12-28T13:00:00Z,0.005,2024-12-28,52,14,363
2024-12-28T14:00:00Z,0,2024-12-28,52,15,363
2024-12-28T15:00:00Z,0,2024-12-28,52,16,363
2024-12-28T16:00:00Z,0,2024-12-28,52,17,363
2024-12-28T17:00:00Z,0,2024-12-28,52,18,363
2024-12-28T18:00:00Z,0,2024-12-28,52,19,363
2024-12-28T19:00:00Z,0,2024-12-28,52,20,363
2024-12-28T20:00:00Z,0,2024-12-28,52,21,363
2024-12-28T21:00:00Z,0,2024-12-28,52,22,363
2024-12-28T22:00:00Z,0,2024-12-28,52,23,363
2024-12-28T23:00:00Z,0,2024-12-29,52,0,364
2024-12-29T00:00:00Z,0,2024-12-29,52,1,364
2024-12-29T01:00:00Z,0,2024-12-29,52,2,364
2024-12-29T02:00:00Z,0,2024-12-29,52,3,364
2024-12-29T03:00:00Z,0,2024-12-29,52,4,364
2024-12-29T04:00:00Z,0,2024-12-29,52,5,364
2024-12-29T05:00:00Z,0,2024-12-29,52,6,364
2024-12-29T06:00:00Z,0,2024-12-29,52,7,364
2024-12-29T07:00:00Z,0,2024-12-29,52,8,364
2024-12-29T08:00:00Z,0.001,2024-12-29,52,9,364
2024-12-29T09:00:00Z,0.015,2024-12-29,52,10,364
2024-12-29T10:00:00Z,0.034,2024-12-29,52,11,364
2024-12-29T11:00:00Z,0.043,2024-12-29,52,12,364
2024-12-29T12:00:00Z,0.032,2024-12-29,52,13,364
2024-12-29T13:00:00Z,0.013,2024-12-29,52,14,364
2024-12-29T14:00:00Z,0,2024-12-29,52,15,364
2024-12-29T15:00:00Z,0,2024-12-29,52,16,364
2024-12-29T16:00:00Z,0,2024-12-29,52,17,364
2024-12-29T17:00:00Z,0,2024-12-29,52,18,364
2024-12-29T18:00:00Z,0,2024-12-29,52,19,364
2024-12-29T19:00:00Z,0,2024-12-29,52,20,364
2024-12-29T20:00:00Z,0,2024-12-29,52,21,364
2024-12-29T21:00:00Z,0,2024-12-29,52,22,364
2024-12-29T22:00:00Z,0,2024-12-29,52,23,364
2024-12-29T23:00:00Z,0,2024-12-30,1,0,365
2024-12-30T00:00:00Z,0,2024-12-30,1,1,365
2024-12-30T01:00:00Z,0,2024-12-30,1,2,365
2024-12-30T02:00:00Z,0,2024-12-30,1,3,365
2024-12-30T03:00:00Z,0,2024-12-30,1,4,365
2024-12-30T04:00:00Z,0,2024-12-30,1,5,365
2024-12-30T05:00:00Z,0,2024-12-30,1,6,365
2024-12-30T06:00:00Z,0,2024-12-30,1,7,365
2024-12-30T07:00:00Z,0,2024-12-30,1,8,365
2024-12-30T08:00:00Z,0.001,2024-12-30,1,9,365
2024-12-30T09:00:00Z,0.013,2024-12-30,1,10,365
2024-12-30T10:00:00Z,0.026,2024-12-30,1,11,365
2024-12-30T11:00:00Z,0.024,2024-12-30,1,12,365
2024-12-30T12:00:00Z,0.015,2024-12-30,1,13,365
2024-12-30T13:00:00Z,0.006,2024-12-30,1,14,365
2024-12-30T14:00:00Z,0,2024-12-30,1,15,365
2024-12-30T15:00:00Z,0,2024-12-30,1,16,365
2024-12-30T16:00:00Z,0,2024-12-30,1,17,365
2024-12-30T17:00:00Z,0,2024-12-30,1,18,365
2024-12-30T18:00:00Z,0,2024-12-30,1,19,365
2024-12-30T19:00:00Z,0,2024-12-30,1,20,365
2024-12-30T20:00:00Z,0,2024-12-30,1,21,365
2024-12-30T21:00:00Z,0,2024-12-30,1,22,365
2024-12-30T22:00:00Z,0,2024-12-30,1,23,365
2024-12-30T23:00:00Z,0,2024-12-31,1,0,366
2024-12-31T00:00:00Z,0,2024-12-31,1,1,366
2024-12-31T01:00:00Z,0,2024-12-31,1,2,366
2024-12-31T02:00:00Z,0,2024-12-31,1,3,366
2024-12-31T03:00:00Z,0,2024-12-31,1,4,366
2024-12-31T04:00:00Z,0,2024-12-31,1,5,366
2024-12-31T05:00:00Z,0,2024-12-31,1,6,366
2024-12-31T06:00:00Z,0,2024-12-31,1,7,366
2024-12-31T07:00:00Z,0,2024-12-31,1,8,366
2024-12-31T08:00:00Z,0,2024-12-31,1,9,366
2024-12-31T09:00:00Z,0.003,2024-12-31,1,10,366
2024-12-31T10:00:00Z,0.008,2024-12-31,1,11,366
2024-12-31T11:00:00Z,0.011,2024-12-31,1,12,366
2024-12-31T12:00:00Z,0.009,2024-12-31,1,13,366
2024-12-31T13:00:00Z,0.003,2024-12-31,1,14,366
2024-12-31T14:00:00Z,0,2024-12-31,1,15,366
2024-12-31T15:00:00Z,0,2024-12-31,1,16,366
2024-12-31T16:00:00Z,0,2024-12-31,1,17,366
2024-12-31T17:00:00Z,0,2024-12-31,1,18,366
2024-12-31T18:00:00Z,0,2024-12-31,1,19,366
2024-12-31T19:00:00Z,0,2024-12-31,1,20,366
2024-12-31T20:00:00Z,0,2024-12-31,1,21,366
2024-12-31T21:00:00Z,0,2024-12-31,1,22,366
2024-12-31T22:00:00Z,0,2024-12-31,1,23,366
2024-12-31T23:00:00Z,0,2025-01-01,1,0,1
