Country,ISO3 Code,Datetime (UTC),Datetime (Local),Price (EUR/MWhe)
Sweden,SWE,2023-12-31T23:00:00Z,2024-01-01T00:00:00Z,29.56
Sweden,SWE,2024-01-01T00:00:00Z,2024-01-01T01:00:00Z,28.46
Sweden,SWE,2024-01-01T01:00:00Z,2024-01-01T02:00:00Z,26.66
Sweden,SWE,2024-01-01T02:00:00Z,2024-01-01T03:00:00Z,24.48
Sweden,SWE,2024-01-01T03:00:00Z,2024-01-01T04:00:00Z,24.01
Sweden,SWE,2024-01-01T04:00:00Z,2024-01-01T05:00:00Z,21.23
Sweden,SWE,2024-01-01T05:00:00Z,2024-01-01T06:00:00Z,22.62
Sweden,SWE,2024-01-01T06:00:00Z,2024-01-01T07:00:00Z,25.04
Sweden,SWE,2024-01-01T07:00:00Z,2024-01-01T08:00:00Z,26.24
Sweden,SWE,2024-01-01T08:00:00Z,2024-01-01T09:00:00Z,32.21
Sweden,SWE,2024-01-01T09:00:00Z,2024-01-01T10:00:00Z,41.34
Sweden,SWE,2024-01-01T10:00:00Z,2024-01-01T11:00:00Z,43.51
Sweden,SWE,2024-01-01T11:00:00Z,2024-01-01T12:00:00Z,43.02
Sweden,SWE,2024-01-01T12:00:00Z,2024-01-01T13:00:00Z,44.29
Sweden,SWE,2024-01-01T13:00:00Z,2024-01-01T14:00:00Z,46.24
Sweden,SWE,2024-01-01T14:00:00Z,2024-01-01T15:00:00Z,50.61
Sweden,SWE,2024-01-01T15:00:00Z,2024-01-01T16:00:00Z,59.47
Sweden,SWE,2024-01-01T16:00:00Z,2024-01-01T17:00:00Z,64.99
Sweden,SWE,2024-01-01T17:00:00Z,2024-01-01T18:00:00Z,61.74
Sweden,SWE,2024-01-01T18:00:00Z,2024-01-01T19:00:00Z,55.07
Sweden,SWE,2024-01-01T19:00:00Z,2024-01-01T20:00:00Z,48.01
Sweden,SWE,2024-01-01T20:00:00Z,2024-01-01T21:00:00Z,44.01
Sweden,SWE,2024-01-01T21:00:00Z,2024-01-01T22:00:00Z,45.2
Sweden,SWE,2024-01-01T22:00:00Z,2024-01-01T23:00:00Z,38
Sweden,SWE,2024-01-01T23:00:00Z,2024-01-02T00:00:00Z,38
Sweden,SWE,2024-01-02T00:00:00Z,2024-01-02T01:00:00Z,33.56
Sweden,SWE,2024-01-02T01:00:00Z,2024-01-02T02:00:00Z,32.03
Sweden,SWE,2024-01-02T02:00:00Z,2024-01-02T03:00:00Z,32.29
Sweden,SWE,2024-01-02T03:00:00Z,2024-01-02T04:00:00Z,36.7
Sweden,SWE,2024-01-02T04:00:00Z,2024-01-02T05:00:00Z,41.72
Sweden,SWE,2024-01-02T05:00:00Z,2024-01-02T06:00:00Z,49.18
Sweden,SWE,2024-01-02T06:00:00Z,2024-01-02T07:00:00Z,58.75
Sweden,SWE,2024-01-02T07:00:00Z,2024-01-02T08:00:00Z,65.67
Sweden,SWE,2024-01-02T08:00:00Z,2024-01-02T09:00:00Z,66.11
Sweden,SWE,2024-01-02T09:00:00Z,2024-01-02T10:00:00Z,68.98
Sweden,SWE,2024-01-02T10:00:00Z,2024-01-02T11:00:00Z,73.54
Sweden,SWE,2024-01-02T11:00:00Z,2024-01-02T12:00:00Z,78.16
Sweden,SWE,2024-01-02T12:00:00Z,2024-01-02T13:00:00Z,78.87
Sweden,SWE,2024-01-02T13:00:00Z,2024-01-02T14:00:00Z,79.24
Sweden,SWE,2024-01-02T14:00:00Z,2024-01-02T15:00:00Z,79.96
Sweden,SWE,2024-01-02T15:00:00Z,2024-01-02T16:00:00Z,81.46
Sweden,SWE,2024-01-02T16:00:00Z,2024-01-02T17:00:00Z,80.92
Sweden,SWE,2024-01-02T17:00:00Z,2024-01-02T18:00:00Z,74.95
Sweden,SWE,2024-01-02T18:00:00Z,2024-01-02T19:00:00Z,63.18
Sweden,SWE,2024-01-02T19:00:00Z,2024-01-02T20:00:00Z,57.11
Sweden,SWE,2024-01-02T20:00:00Z,2024-01-02T21:00:00Z,48.04
Sweden,SWE,2024-01-02T21:00:00Z,2024-01-02T22:00:00Z,40.99
Sweden,SWE,2024-01-02T22:00:00Z,2024-01-02T23:00:00Z,38.35
Sweden,SWE,2024-01-02T23:00:00Z,2024-01-03T00:00:00Z,40.8
Sweden,SWE,2024-01-03T00:00:00Z,2024-01-03T01:00:00Z,39.21
Sweden,SWE,2024-01-03T01:00:00Z,2024-01-03T02:00:00Z,37.36
Sweden,SWE,2024-01-03T02:00:00Z,2024-01-03T03:00:00Z,36.17
Sweden,SWE,2024-01-03T03:00:00Z,2024-01-03T04:00:00Z,38.21
Sweden,SWE,2024-01-03T04:00:00Z,2024-01-03T05:00:00Z,42.58
Sweden,SWE,2024-01-03T05:00:00Z,2024-01-03T06:00:00Z,49.44
Sweden,SWE,2024-01-03T06:00:00Z,2024-01-03T07:00:00Z,53.53
Sweden,SWE,2024-01-03T07:00:00Z,2024-01-03T08:00:00Z,63.48
Sweden,SWE,2024-01-03T08:00:00Z,2024-01-03T09:00:00Z,64.99
Sweden,SWE,2024-01-03T09:00:00Z,2024-01-03T10:00:00Z,60.19
Sweden,SWE,2024-01-03T10:00:00Z,2024-01-03T11:00:00Z,59.96
Sweden,SWE,2024-01-03T11:00:00Z,2024-01-03T12:00:00Z,59.8
Sweden,SWE,2024-01-03T12:00:00Z,2024-01-03T13:00:00Z,58.86
Sweden,SWE,2024-01-03T13:00:00Z,2024-01-03T14:00:00Z,64.99
Sweden,SWE,2024-01-03T14:00:00Z,2024-01-03T15:00:00Z,68.83
Sweden,SWE,2024-01-03T15:00:00Z,2024-01-03T16:00:00Z,73.59
Sweden,SWE,2024-01-03T16:00:00Z,2024-01-03T17:00:00Z,82.28
Sweden,SWE,2024-01-03T17:00:00Z,2024-01-03T18:00:00Z,82.97
Sweden,SWE,2024-01-03T18:00:00Z,2024-01-03T19:00:00Z,79.03
Sweden,SWE,2024-01-03T19:00:00Z,2024-01-03T20:00:00Z,73.23
Sweden,SWE,2024-01-03T20:00:00Z,2024-01-03T21:00:00Z,67.41
Sweden,SWE,2024-01-03T21:00:00Z,2024-01-03T22:00:00Z,65
Sweden,SWE,2024-01-03T22:00:00Z,2024-01-03T23:00:00Z,58.12
Sweden,SWE,2024-01-03T23:00:00Z,2024-01-04T00:00:00Z,58.71
Sweden,SWE,2024-01-04T00:00:00Z,2024-01-04T01:00:00Z,53.6
Sweden,SWE,2024-01-04T01:00:00Z,2024-01-04T02:00:00Z,54.44
Sweden,SWE,2024-01-04T02:00:00Z,2024-01-04T03:00:00Z,55.18
Sweden,SWE,2024-01-04T03:00:00Z,2024-01-04T04:00:00Z,58.25
Sweden,SWE,2024-01-04T04:00:00Z,2024-01-04T05:00:00Z,59.15
Sweden,SWE,2024-01-04T05:00:00Z,2024-01-04T06:00:00Z,72.65
Sweden,SWE,2024-01-04T06:00:00Z,2024-01-04T07:00:00Z,85.02
Sweden,SWE,2024-01-04T07:00:00Z,2024-01-04T08:00:00Z,91.47
Sweden,SWE,2024-01-04T08:00:00Z,2024-01-04T09:00:00Z,94.2
Sweden,SWE,2024-01-04T09:00:00Z,2024-01-04T10:00:00Z,91.98
Sweden,SWE,2024-01-04T10:00:00Z,2024-01-04T11:00:00Z,90.4
Sweden,SWE,2024-01-04T11:00:00Z,2024-01-04T12:00:00Z,86.69
Sweden,SWE,2024-01-04T12:00:00Z,2024-01-04T13:00:00Z,85.96
Sweden,SWE,2024-01-04T13:00:00Z,2024-01-04T14:00:00Z,92.11
Sweden,SWE,2024-01-04T14:00:00Z,2024-01-04T15:00:00Z,98.62
Sweden,SWE,2024-01-04T15:00:00Z,2024-01-04T16:00:00Z,105.73
Sweden,SWE,2024-01-04T16:00:00Z,2024-01-04T17:00:00Z,133.23
Sweden,SWE,2024-01-04T17:00:00Z,2024-01-04T18:00:00Z,144.65
Sweden,SWE,2024-01-04T18:00:00Z,2024-01-04T19:00:00Z,124.29
Sweden,SWE,2024-01-04T19:00:00Z,2024-01-04T20:00:00Z,102.99
Sweden,SWE,2024-01-04T20:00:00Z,2024-01-04T21:00:00Z,99.44
Sweden,SWE,2024-01-04T21:00:00Z,2024-01-04T22:00:00Z,94.75
Sweden,SWE,2024-01-04T22:00:00Z,2024-01-04T23:00:00Z,88.83
Sweden,SWE,2024-01-04T23:00:00Z,2024-01-05T00:00:00Z,88.23
Sweden,SWE,2024-01-05T00:00:00Z,2024-01-05T01:00:00Z,83.09
Sweden,SWE,2024-01-05T01:00:00Z,2024-01-05T02:00:00Z,80
Sweden,SWE,2024-01-05T02:00:00Z,2024-01-05T03:00:00Z,80.17
Sweden,SWE,2024-01-05T03:00:00Z,2024-01-05T04:00:00Z,82.49
Sweden,SWE,2024-01-05T04:00:00Z,2024-01-05T05:00:00Z,88.14
Sweden,SWE,2024-01-05T05:00:00Z,2024-01-05T06:00:00Z,109.12
Sweden,SWE,2024-01-05T06:00:00Z,2024-01-05T07:00:00Z,162.07
Sweden,SWE,2024-01-05T07:00:00Z,2024-01-05T08:00:00Z,279.03
Sweden,SWE,2024-01-05T08:00:00Z,2024-01-05T09:00:00Z,246.87
Sweden,SWE,2024-01-05T09:00:00Z,2024-01-05T10:00:00Z,255.86
Sweden,SWE,2024-01-05T10:00:00Z,2024-01-05T11:00:00Z,211.11
Sweden,SWE,2024-01-05T11:00:00Z,2024-01-05T12:00:00Z,203.28
Sweden,SWE,2024-01-05T12:00:00Z,2024-01-05T13:00:00Z,196.98
Sweden,SWE,2024-01-05T13:00:00Z,2024-01-05T14:00:00Z,197.86
Sweden,SWE,2024-01-05T14:00:00Z,2024-01-05T15:00:00Z,299.94
Sweden,SWE,2024-01-05T15:00:00Z,2024-01-05T16:00:00Z,449.64
Sweden,SWE,2024-01-05T16:00:00Z,2024-01-05T17:00:00Z,526.25
Sweden,SWE,2024-01-05T17:00:00Z,2024-01-05T18:00:00Z,349.95
Sweden,SWE,2024-01-05T18:00:00Z,2024-01-05T19:00:00Z,181.91
Sweden,SWE,2024-01-05T19:00:00Z,2024-01-05T20:00:00Z,149.6
Sweden,SWE,2024-01-05T20:00:00Z,2024-01-05T21:00:00Z,112.82
Sweden,SWE,2024-01-05T21:00:00Z,2024-01-05T22:00:00Z,100.1
Sweden,SWE,2024-01-05T22:00:00Z,2024-01-05T23:00:00Z,92.87
Sweden,SWE,2024-01-05T23:00:00Z,2024-01-06T00:00:00Z,84.88
Sweden,SWE,2024-01-06T00:00:00Z,2024-01-06T01:00:00Z,83.2
Sweden,SWE,2024-01-06T01:00:00Z,2024-01-06T02:00:00Z,82.03
Sweden,SWE,2024-01-06T02:00:00Z,2024-01-06T03:00:00Z,82.18
Sweden,SWE,2024-01-06T03:00:00Z,2024-01-06T04:00:00Z,82.53
Sweden,SWE,2024-01-06T04:00:00Z,2024-01-06T05:00:00Z,84.13
Sweden,SWE,2024-01-06T05:00:00Z,2024-01-06T06:00:00Z,84.48
Sweden,SWE,2024-01-06T06:00:00Z,2024-01-06T07:00:00Z,87.43
Sweden,SWE,2024-01-06T07:00:00Z,2024-01-06T08:00:00Z,90.87
Sweden,SWE,2024-01-06T08:00:00Z,2024-01-06T09:00:00Z,94.98
Sweden,SWE,2024-01-06T09:00:00Z,2024-01-06T10:00:00Z,100.41
Sweden,SWE,2024-01-06T10:00:00Z,2024-01-06T11:00:00Z,103.65
Sweden,SWE,2024-01-06T11:00:00Z,2024-01-06T12:00:00Z,102.33
Sweden,SWE,2024-01-06T12:00:00Z,2024-01-06T13:00:00Z,97.75
Sweden,SWE,2024-01-06T13:00:00Z,2024-01-06T14:00:00Z,95.51
Sweden,SWE,2024-01-06T14:00:00Z,2024-01-06T15:00:00Z,98.5
Sweden,SWE,2024-01-06T15:00:00Z,2024-01-06T16:00:00Z,110
Sweden,SWE,2024-01-06T16:00:00Z,2024-01-06T17:00:00Z,118.27
Sweden,SWE,2024-01-06T17:00:00Z,2024-01-06T18:00:00Z,106.94
Sweden,SWE,2024-01-06T18:00:00Z,2024-01-06T19:00:00Z,102.27
Sweden,SWE,2024-01-06T19:00:00Z,2024-01-06T20:00:00Z,94.98
Sweden,SWE,2024-01-06T20:00:00Z,2024-01-06T21:00:00Z,90.63
Sweden,SWE,2024-01-06T21:00:00Z,2024-01-06T22:00:00Z,89.34
Sweden,SWE,2024-01-06T22:00:00Z,2024-01-06T23:00:00Z,82.8
Sweden,SWE,2024-01-06T23:00:00Z,2024-01-07T00:00:00Z,86.15
Sweden,SWE,2024-01-07T00:00:00Z,2024-01-07T01:00:00Z,82.46
Sweden,SWE,2024-01-07T01:00:00Z,2024-01-07T02:00:00Z,79.22
Sweden,SWE,2024-01-07T02:00:00Z,2024-01-07T03:00:00Z,77.53
Sweden,SWE,2024-01-07T03:00:00Z,2024-01-07T04:00:00Z,76.89
Sweden,SWE,2024-01-07T04:00:00Z,2024-01-07T05:00:00Z,77.42
Sweden,SWE,2024-01-07T05:00:00Z,2024-01-07T06:00:00Z,78.45
Sweden,SWE,2024-01-07T06:00:00Z,2024-01-07T07:00:00Z,80.37
Sweden,SWE,2024-01-07T07:00:00Z,2024-01-07T08:00:00Z,84.21
Sweden,SWE,2024-01-07T08:00:00Z,2024-01-07T09:00:00Z,87.57
Sweden,SWE,2024-01-07T09:00:00Z,2024-01-07T10:00:00Z,89.75
Sweden,SWE,2024-01-07T10:00:00Z,2024-01-07T11:00:00Z,90.43
Sweden,SWE,2024-01-07T11:00:00Z,2024-01-07T12:00:00Z,88.91
Sweden,SWE,2024-01-07T12:00:00Z,2024-01-07T13:00:00Z,84.09
Sweden,SWE,2024-01-07T13:00:00Z,2024-01-07T14:00:00Z,83.38
Sweden,SWE,2024-01-07T14:00:00Z,2024-01-07T15:00:00Z,86.26
Sweden,SWE,2024-01-07T15:00:00Z,2024-01-07T16:00:00Z,90.08
Sweden,SWE,2024-01-07T16:00:00Z,2024-01-07T17:00:00Z,97.16
Sweden,SWE,2024-01-07T17:00:00Z,2024-01-07T18:00:00Z,98.96
Sweden,SWE,2024-01-07T18:00:00Z,2024-01-07T19:00:00Z,95.35
Sweden,SWE,2024-01-07T19:00:00Z,2024-01-07T20:00:00Z,92.5
Sweden,SWE,2024-01-07T20:00:00Z,2024-01-07T21:00:00Z,87.73
Sweden,SWE,2024-01-07T21:00:00Z,2024-01-07T22:00:00Z,85.93
Sweden,SWE,2024-01-07T22:00:00Z,2024-01-07T23:00:00Z,79.83
Sweden,SWE,2024-01-07T23:00:00Z,2024-01-08T00:00:00Z,81.93
Sweden,SWE,2024-01-08T00:00:00Z,2024-01-08T01:00:00Z,79.86
Sweden,SWE,2024-01-08T01:00:00Z,2024-01-08T02:00:00Z,77.9
Sweden,SWE,2024-01-08T02:00:00Z,2024-01-08T03:00:00Z,75.72
Sweden,SWE,2024-01-08T03:00:00Z,2024-01-08T04:00:00Z,75.27
Sweden,SWE,2024-01-08T04:00:00Z,2024-01-08T05:00:00Z,78.87
Sweden,SWE,2024-01-08T05:00:00Z,2024-01-08T06:00:00Z,89.11
Sweden,SWE,2024-01-08T06:00:00Z,2024-01-08T07:00:00Z,103.79
Sweden,SWE,2024-01-08T07:00:00Z,2024-01-08T08:00:00Z,111.21
Sweden,SWE,2024-01-08T08:00:00Z,2024-01-08T09:00:00Z,111.45
Sweden,SWE,2024-01-08T09:00:00Z,2024-01-08T10:00:00Z,105.83
Sweden,SWE,2024-01-08T10:00:00Z,2024-01-08T11:00:00Z,97.97
Sweden,SWE,2024-01-08T11:00:00Z,2024-01-08T12:00:00Z,91.11
Sweden,SWE,2024-01-08T12:00:00Z,2024-01-08T13:00:00Z,88.39
Sweden,SWE,2024-01-08T13:00:00Z,2024-01-08T14:00:00Z,95.6
Sweden,SWE,2024-01-08T14:00:00Z,2024-01-08T15:00:00Z,102.84
Sweden,SWE,2024-01-08T15:00:00Z,2024-01-08T16:00:00Z,118.83
Sweden,SWE,2024-01-08T16:00:00Z,2024-01-08T17:00:00Z,122.33
Sweden,SWE,2024-01-08T17:00:00Z,2024-01-08T18:00:00Z,119.45
Sweden,SWE,2024-01-08T18:00:00Z,2024-01-08T19:00:00Z,111.9
Sweden,SWE,2024-01-08T19:00:00Z,2024-01-08T20:00:00Z,104.47
Sweden,SWE,2024-01-08T20:00:00Z,2024-01-08T21:00:00Z,92.87
Sweden,SWE,2024-01-08T21:00:00Z,2024-01-08T22:00:00Z,90.66
Sweden,SWE,2024-01-08T22:00:00Z,2024-01-08T23:00:00Z,81.99
Sweden,SWE,2024-01-08T23:00:00Z,2024-01-09T00:00:00Z,75.91
Sweden,SWE,2024-01-09T00:00:00Z,2024-01-09T01:00:00Z,68.19
Sweden,SWE,2024-01-09T01:00:00Z,2024-01-09T02:00:00Z,46.04
Sweden,SWE,2024-01-09T02:00:00Z,2024-01-09T03:00:00Z,38.37
Sweden,SWE,2024-01-09T03:00:00Z,2024-01-09T04:00:00Z,37.25
Sweden,SWE,2024-01-09T04:00:00Z,2024-01-09T05:00:00Z,46.77
Sweden,SWE,2024-01-09T05:00:00Z,2024-01-09T06:00:00Z,81.4
Sweden,SWE,2024-01-09T06:00:00Z,2024-01-09T07:00:00Z,89.1
Sweden,SWE,2024-01-09T07:00:00Z,2024-01-09T08:00:00Z,113.91
Sweden,SWE,2024-01-09T08:00:00Z,2024-01-09T09:00:00Z,103.82
Sweden,SWE,2024-01-09T09:00:00Z,2024-01-09T10:00:00Z,97.51
Sweden,SWE,2024-01-09T10:00:00Z,2024-01-09T11:00:00Z,91.53
Sweden,SWE,2024-01-09T11:00:00Z,2024-01-09T12:00:00Z,86.84
Sweden,SWE,2024-01-09T12:00:00Z,2024-01-09T13:00:00Z,87.66
Sweden,SWE,2024-01-09T13:00:00Z,2024-01-09T14:00:00Z,95.83
Sweden,SWE,2024-01-09T14:00:00Z,2024-01-09T15:00:00Z,103.38
Sweden,SWE,2024-01-09T15:00:00Z,2024-01-09T16:00:00Z,110.13
Sweden,SWE,2024-01-09T16:00:00Z,2024-01-09T17:00:00Z,118.05
Sweden,SWE,2024-01-09T17:00:00Z,2024-01-09T18:00:00Z,118.08
Sweden,SWE,2024-01-09T18:00:00Z,2024-01-09T19:00:00Z,111.99
Sweden,SWE,2024-01-09T19:00:00Z,2024-01-09T20:00:00Z,103.72
Sweden,SWE,2024-01-09T20:00:00Z,2024-01-09T21:00:00Z,89.88
Sweden,SWE,2024-01-09T21:00:00Z,2024-01-09T22:00:00Z,81.2
Sweden,SWE,2024-01-09T22:00:00Z,2024-01-09T23:00:00Z,54.89
Sweden,SWE,2024-01-09T23:00:00Z,2024-01-10T00:00:00Z,45.28
Sweden,SWE,2024-01-10T00:00:00Z,2024-01-10T01:00:00Z,42.51
Sweden,SWE,2024-01-10T01:00:00Z,2024-01-10T02:00:00Z,38.02
Sweden,SWE,2024-01-10T02:00:00Z,2024-01-10T03:00:00Z,37.62
Sweden,SWE,2024-01-10T03:00:00Z,2024-01-10T04:00:00Z,40.65
Sweden,SWE,2024-01-10T04:00:00Z,2024-01-10T05:00:00Z,71.42
Sweden,SWE,2024-01-10T05:00:00Z,2024-01-10T06:00:00Z,77.73
Sweden,SWE,2024-01-10T06:00:00Z,2024-01-10T07:00:00Z,91.25
Sweden,SWE,2024-01-10T07:00:00Z,2024-01-10T08:00:00Z,119.27
Sweden,SWE,2024-01-10T08:00:00Z,2024-01-10T09:00:00Z,110
Sweden,SWE,2024-01-10T09:00:00Z,2024-01-10T10:00:00Z,100.35
Sweden,SWE,2024-01-10T10:00:00Z,2024-01-10T11:00:00Z,92.23
Sweden,SWE,2024-01-10T11:00:00Z,2024-01-10T12:00:00Z,86.72
Sweden,SWE,2024-01-10T12:00:00Z,2024-01-10T13:00:00Z,83.38
Sweden,SWE,2024-01-10T13:00:00Z,2024-01-10T14:00:00Z,85.97
Sweden,SWE,2024-01-10T14:00:00Z,2024-01-10T15:00:00Z,90.67
Sweden,SWE,2024-01-10T15:00:00Z,2024-01-10T16:00:00Z,107.35
Sweden,SWE,2024-01-10T16:00:00Z,2024-01-10T17:00:00Z,120.13
Sweden,SWE,2024-01-10T17:00:00Z,2024-01-10T18:00:00Z,90.69
Sweden,SWE,2024-01-10T18:00:00Z,2024-01-10T19:00:00Z,55.76
Sweden,SWE,2024-01-10T19:00:00Z,2024-01-10T20:00:00Z,41.85
Sweden,SWE,2024-01-10T20:00:00Z,2024-01-10T21:00:00Z,40.14
Sweden,SWE,2024-01-10T21:00:00Z,2024-01-10T22:00:00Z,35.18
Sweden,SWE,2024-01-10T22:00:00Z,2024-01-10T23:00:00Z,23.09
Sweden,SWE,2024-01-10T23:00:00Z,2024-01-11T00:00:00Z,32.49
Sweden,SWE,2024-01-11T00:00:00Z,2024-01-11T01:00:00Z,21.85
Sweden,SWE,2024-01-11T01:00:00Z,2024-01-11T02:00:00Z,24.39
Sweden,SWE,2024-01-11T02:00:00Z,2024-01-11T03:00:00Z,27.01
Sweden,SWE,2024-01-11T03:00:00Z,2024-01-11T04:00:00Z,28.77
Sweden,SWE,2024-01-11T04:00:00Z,2024-01-11T05:00:00Z,34.36
Sweden,SWE,2024-01-11T05:00:00Z,2024-01-11T06:00:00Z,52.11
Sweden,SWE,2024-01-11T06:00:00Z,2024-01-11T07:00:00Z,64.22
Sweden,SWE,2024-01-11T07:00:00Z,2024-01-11T08:00:00Z,92.04
Sweden,SWE,2024-01-11T08:00:00Z,2024-01-11T09:00:00Z,113.28
Sweden,SWE,2024-01-11T09:00:00Z,2024-01-11T10:00:00Z,103.02
Sweden,SWE,2024-01-11T10:00:00Z,2024-01-11T11:00:00Z,97.67
Sweden,SWE,2024-01-11T11:00:00Z,2024-01-11T12:00:00Z,91.42
Sweden,SWE,2024-01-11T12:00:00Z,2024-01-11T13:00:00Z,91.91
Sweden,SWE,2024-01-11T13:00:00Z,2024-01-11T14:00:00Z,97.6
Sweden,SWE,2024-01-11T14:00:00Z,2024-01-11T15:00:00Z,109.01
Sweden,SWE,2024-01-11T15:00:00Z,2024-01-11T16:00:00Z,123.82
Sweden,SWE,2024-01-11T16:00:00Z,2024-01-11T17:00:00Z,135.11
Sweden,SWE,2024-01-11T17:00:00Z,2024-01-11T18:00:00Z,123.78
Sweden,SWE,2024-01-11T18:00:00Z,2024-01-11T19:00:00Z,119.02
Sweden,SWE,2024-01-11T19:00:00Z,2024-01-11T20:00:00Z,106.29
Sweden,SWE,2024-01-11T20:00:00Z,2024-01-11T21:00:00Z,94.57
Sweden,SWE,2024-01-11T21:00:00Z,2024-01-11T22:00:00Z,86.77
Sweden,SWE,2024-01-11T22:00:00Z,2024-01-11T23:00:00Z,79.76
Sweden,SWE,2024-01-11T23:00:00Z,2024-01-12T00:00:00Z,79.23
Sweden,SWE,2024-01-12T00:00:00Z,2024-01-12T01:00:00Z,75.89
Sweden,SWE,2024-01-12T01:00:00Z,2024-01-12T02:00:00Z,74.22
Sweden,SWE,2024-01-12T02:00:00Z,2024-01-12T03:00:00Z,73.52
Sweden,SWE,2024-01-12T03:00:00Z,2024-01-12T04:00:00Z,73.94
Sweden,SWE,2024-01-12T04:00:00Z,2024-01-12T05:00:00Z,75.24
Sweden,SWE,2024-01-12T05:00:00Z,2024-01-12T06:00:00Z,79.32
Sweden,SWE,2024-01-12T06:00:00Z,2024-01-12T07:00:00Z,101.11
Sweden,SWE,2024-01-12T07:00:00Z,2024-01-12T08:00:00Z,120.32
Sweden,SWE,2024-01-12T08:00:00Z,2024-01-12T09:00:00Z,115.63
Sweden,SWE,2024-01-12T09:00:00Z,2024-01-12T10:00:00Z,106.12
Sweden,SWE,2024-01-12T10:00:00Z,2024-01-12T11:00:00Z,100.57
Sweden,SWE,2024-01-12T11:00:00Z,2024-01-12T12:00:00Z,95.72
Sweden,SWE,2024-01-12T12:00:00Z,2024-01-12T13:00:00Z,93.41
Sweden,SWE,2024-01-12T13:00:00Z,2024-01-12T14:00:00Z,95.12
Sweden,SWE,2024-01-12T14:00:00Z,2024-01-12T15:00:00Z,99.51
Sweden,SWE,2024-01-12T15:00:00Z,2024-01-12T16:00:00Z,107.46
Sweden,SWE,2024-01-12T16:00:00Z,2024-01-12T17:00:00Z,115.55
Sweden,SWE,2024-01-12T17:00:00Z,2024-01-12T18:00:00Z,113.55
Sweden,SWE,2024-01-12T18:00:00Z,2024-01-12T19:00:00Z,104.13
Sweden,SWE,2024-01-12T19:00:00Z,2024-01-12T20:00:00Z,93.6
Sweden,SWE,2024-01-12T20:00:00Z,2024-01-12T21:00:00Z,81.5
Sweden,SWE,2024-01-12T21:00:00Z,2024-01-12T22:00:00Z,77.36
Sweden,SWE,2024-01-12T22:00:00Z,2024-01-12T23:00:00Z,74.39
Sweden,SWE,2024-01-12T23:00:00Z,2024-01-13T00:00:00Z,54.49
Sweden,SWE,2024-01-13T00:00:00Z,2024-01-13T01:00:00Z,51.82
Sweden,SWE,2024-01-13T01:00:00Z,2024-01-13T02:00:00Z,49.54
Sweden,SWE,2024-01-13T02:00:00Z,2024-01-13T03:00:00Z,47.95
Sweden,SWE,2024-01-13T03:00:00Z,2024-01-13T04:00:00Z,47.92
Sweden,SWE,2024-01-13T04:00:00Z,2024-01-13T05:00:00Z,45.58
Sweden,SWE,2024-01-13T05:00:00Z,2024-01-13T06:00:00Z,45.62
Sweden,SWE,2024-01-13T06:00:00Z,2024-01-13T07:00:00Z,51.2
Sweden,SWE,2024-01-13T07:00:00Z,2024-01-13T08:00:00Z,57.93
Sweden,SWE,2024-01-13T08:00:00Z,2024-01-13T09:00:00Z,70.53
Sweden,SWE,2024-01-13T09:00:00Z,2024-01-13T10:00:00Z,69.61
Sweden,SWE,2024-01-13T10:00:00Z,2024-01-13T11:00:00Z,68.63
Sweden,SWE,2024-01-13T11:00:00Z,2024-01-13T12:00:00Z,67.31
Sweden,SWE,2024-01-13T12:00:00Z,2024-01-13T13:00:00Z,62.32
Sweden,SWE,2024-01-13T13:00:00Z,2024-01-13T14:00:00Z,66.33
Sweden,SWE,2024-01-13T14:00:00Z,2024-01-13T15:00:00Z,68.06
Sweden,SWE,2024-01-13T15:00:00Z,2024-01-13T16:00:00Z,69.73
Sweden,SWE,2024-01-13T16:00:00Z,2024-01-13T17:00:00Z,71.78
Sweden,SWE,2024-01-13T17:00:00Z,2024-01-13T18:00:00Z,71.7
Sweden,SWE,2024-01-13T18:00:00Z,2024-01-13T19:00:00Z,70.01
Sweden,SWE,2024-01-13T19:00:00Z,2024-01-13T20:00:00Z,69.73
Sweden,SWE,2024-01-13T20:00:00Z,2024-01-13T21:00:00Z,68.53
Sweden,SWE,2024-01-13T21:00:00Z,2024-01-13T22:00:00Z,62.76
Sweden,SWE,2024-01-13T22:00:00Z,2024-01-13T23:00:00Z,61.65
Sweden,SWE,2024-01-13T23:00:00Z,2024-01-14T00:00:00Z,64.02
Sweden,SWE,2024-01-14T00:00:00Z,2024-01-14T01:00:00Z,62.11
Sweden,SWE,2024-01-14T01:00:00Z,2024-01-14T02:00:00Z,62.93
Sweden,SWE,2024-01-14T02:00:00Z,2024-01-14T03:00:00Z,64.01
Sweden,SWE,2024-01-14T03:00:00Z,2024-01-14T04:00:00Z,64.67
Sweden,SWE,2024-01-14T04:00:00Z,2024-01-14T05:00:00Z,65.2
Sweden,SWE,2024-01-14T05:00:00Z,2024-01-14T06:00:00Z,67.31
Sweden,SWE,2024-01-14T06:00:00Z,2024-01-14T07:00:00Z,71.66
Sweden,SWE,2024-01-14T07:00:00Z,2024-01-14T08:00:00Z,76.74
Sweden,SWE,2024-01-14T08:00:00Z,2024-01-14T09:00:00Z,81.14
Sweden,SWE,2024-01-14T09:00:00Z,2024-01-14T10:00:00Z,80.63
Sweden,SWE,2024-01-14T10:00:00Z,2024-01-14T11:00:00Z,81.84
Sweden,SWE,2024-01-14T11:00:00Z,2024-01-14T12:00:00Z,80.39
Sweden,SWE,2024-01-14T12:00:00Z,2024-01-14T13:00:00Z,77.04
Sweden,SWE,2024-01-14T13:00:00Z,2024-01-14T14:00:00Z,79.15
Sweden,SWE,2024-01-14T14:00:00Z,2024-01-14T15:00:00Z,81.83
Sweden,SWE,2024-01-14T15:00:00Z,2024-01-14T16:00:00Z,84.59
Sweden,SWE,2024-01-14T16:00:00Z,2024-01-14T17:00:00Z,88.21
Sweden,SWE,2024-01-14T17:00:00Z,2024-01-14T18:00:00Z,90.54
Sweden,SWE,2024-01-14T18:00:00Z,2024-01-14T19:00:00Z,82.94
Sweden,SWE,2024-01-14T19:00:00Z,2024-01-14T20:00:00Z,77.96
Sweden,SWE,2024-01-14T20:00:00Z,2024-01-14T21:00:00Z,77.41
Sweden,SWE,2024-01-14T21:00:00Z,2024-01-14T22:00:00Z,74.35
Sweden,SWE,2024-01-14T22:00:00Z,2024-01-14T23:00:00Z,66.89
Sweden,SWE,2024-01-14T23:00:00Z,2024-01-15T00:00:00Z,69.65
Sweden,SWE,2024-01-15T00:00:00Z,2024-01-15T01:00:00Z,66.05
Sweden,SWE,2024-01-15T01:00:00Z,2024-01-15T02:00:00Z,64.31
Sweden,SWE,2024-01-15T02:00:00Z,2024-01-15T03:00:00Z,62.04
Sweden,SWE,2024-01-15T03:00:00Z,2024-01-15T04:00:00Z,63.57
Sweden,SWE,2024-01-15T04:00:00Z,2024-01-15T05:00:00Z,70.57
Sweden,SWE,2024-01-15T05:00:00Z,2024-01-15T06:00:00Z,79.95
Sweden,SWE,2024-01-15T06:00:00Z,2024-01-15T07:00:00Z,83.84
Sweden,SWE,2024-01-15T07:00:00Z,2024-01-15T08:00:00Z,99.3
Sweden,SWE,2024-01-15T08:00:00Z,2024-01-15T09:00:00Z,99.99
Sweden,SWE,2024-01-15T09:00:00Z,2024-01-15T10:00:00Z,94.88
Sweden,SWE,2024-01-15T10:00:00Z,2024-01-15T11:00:00Z,90.26
Sweden,SWE,2024-01-15T11:00:00Z,2024-01-15T12:00:00Z,83.86
Sweden,SWE,2024-01-15T12:00:00Z,2024-01-15T13:00:00Z,82.15
Sweden,SWE,2024-01-15T13:00:00Z,2024-01-15T14:00:00Z,84.5
Sweden,SWE,2024-01-15T14:00:00Z,2024-01-15T15:00:00Z,89.44
Sweden,SWE,2024-01-15T15:00:00Z,2024-01-15T16:00:00Z,98.16
Sweden,SWE,2024-01-15T16:00:00Z,2024-01-15T17:00:00Z,104.84
Sweden,SWE,2024-01-15T17:00:00Z,2024-01-15T18:00:00Z,111.37
Sweden,SWE,2024-01-15T18:00:00Z,2024-01-15T19:00:00Z,107.38
Sweden,SWE,2024-01-15T19:00:00Z,2024-01-15T20:00:00Z,101.57
Sweden,SWE,2024-01-15T20:00:00Z,2024-01-15T21:00:00Z,92.14
Sweden,SWE,2024-01-15T21:00:00Z,2024-01-15T22:00:00Z,89
Sweden,SWE,2024-01-15T22:00:00Z,2024-01-15T23:00:00Z,86.3
Sweden,SWE,2024-01-15T23:00:00Z,2024-01-16T00:00:00Z,82.19
Sweden,SWE,2024-01-16T00:00:00Z,2024-01-16T01:00:00Z,81.4
Sweden,SWE,2024-01-16T01:00:00Z,2024-01-16T02:00:00Z,80.07
Sweden,SWE,2024-01-16T02:00:00Z,2024-01-16T03:00:00Z,78.26
Sweden,SWE,2024-01-16T03:00:00Z,2024-01-16T04:00:00Z,77.59
Sweden,SWE,2024-01-16T04:00:00Z,2024-01-16T05:00:00Z,83.45
Sweden,SWE,2024-01-16T05:00:00Z,2024-01-16T06:00:00Z,117.25
Sweden,SWE,2024-01-16T06:00:00Z,2024-01-16T07:00:00Z,176.2
Sweden,SWE,2024-01-16T07:00:00Z,2024-01-16T08:00:00Z,250.35
Sweden,SWE,2024-01-16T08:00:00Z,2024-01-16T09:00:00Z,246.04
Sweden,SWE,2024-01-16T09:00:00Z,2024-01-16T10:00:00Z,226.83
Sweden,SWE,2024-01-16T10:00:00Z,2024-01-16T11:00:00Z,184.24
Sweden,SWE,2024-01-16T11:00:00Z,2024-01-16T12:00:00Z,158.57
Sweden,SWE,2024-01-16T12:00:00Z,2024-01-16T13:00:00Z,134.07
Sweden,SWE,2024-01-16T13:00:00Z,2024-01-16T14:00:00Z,135.64
Sweden,SWE,2024-01-16T14:00:00Z,2024-01-16T15:00:00Z,147.53
Sweden,SWE,2024-01-16T15:00:00Z,2024-01-16T16:00:00Z,159.34
Sweden,SWE,2024-01-16T16:00:00Z,2024-01-16T17:00:00Z,159.26
Sweden,SWE,2024-01-16T17:00:00Z,2024-01-16T18:00:00Z,131.43
Sweden,SWE,2024-01-16T18:00:00Z,2024-01-16T19:00:00Z,111.77
Sweden,SWE,2024-01-16T19:00:00Z,2024-01-16T20:00:00Z,95.49
Sweden,SWE,2024-01-16T20:00:00Z,2024-01-16T21:00:00Z,86.21
Sweden,SWE,2024-01-16T21:00:00Z,2024-01-16T22:00:00Z,82.04
Sweden,SWE,2024-01-16T22:00:00Z,2024-01-16T23:00:00Z,77.69
Sweden,SWE,2024-01-16T23:00:00Z,2024-01-17T00:00:00Z,69.89
Sweden,SWE,2024-01-17T00:00:00Z,2024-01-17T01:00:00Z,69.36
Sweden,SWE,2024-01-17T01:00:00Z,2024-01-17T02:00:00Z,68.47
Sweden,SWE,2024-01-17T02:00:00Z,2024-01-17T03:00:00Z,67.56
Sweden,SWE,2024-01-17T03:00:00Z,2024-01-17T04:00:00Z,67.31
Sweden,SWE,2024-01-17T04:00:00Z,2024-01-17T05:00:00Z,67.28
Sweden,SWE,2024-01-17T05:00:00Z,2024-01-17T06:00:00Z,70.65
Sweden,SWE,2024-01-17T06:00:00Z,2024-01-17T07:00:00Z,79.94
Sweden,SWE,2024-01-17T07:00:00Z,2024-01-17T08:00:00Z,95.35
Sweden,SWE,2024-01-17T08:00:00Z,2024-01-17T09:00:00Z,102.87
Sweden,SWE,2024-01-17T09:00:00Z,2024-01-17T10:00:00Z,106.88
Sweden,SWE,2024-01-17T10:00:00Z,2024-01-17T11:00:00Z,105.4
Sweden,SWE,2024-01-17T11:00:00Z,2024-01-17T12:00:00Z,108.14
Sweden,SWE,2024-01-17T12:00:00Z,2024-01-17T13:00:00Z,110.17
Sweden,SWE,2024-01-17T13:00:00Z,2024-01-17T14:00:00Z,108.84
Sweden,SWE,2024-01-17T14:00:00Z,2024-01-17T15:00:00Z,110.88
Sweden,SWE,2024-01-17T15:00:00Z,2024-01-17T16:00:00Z,111.36
Sweden,SWE,2024-01-17T16:00:00Z,2024-01-17T17:00:00Z,119.94
Sweden,SWE,2024-01-17T17:00:00Z,2024-01-17T18:00:00Z,108.44
Sweden,SWE,2024-01-17T18:00:00Z,2024-01-17T19:00:00Z,101.16
Sweden,SWE,2024-01-17T19:00:00Z,2024-01-17T20:00:00Z,97.48
Sweden,SWE,2024-01-17T20:00:00Z,2024-01-17T21:00:00Z,89.21
Sweden,SWE,2024-01-17T21:00:00Z,2024-01-17T22:00:00Z,83.73
Sweden,SWE,2024-01-17T22:00:00Z,2024-01-17T23:00:00Z,76.11
Sweden,SWE,2024-01-17T23:00:00Z,2024-01-18T00:00:00Z,57.25
Sweden,SWE,2024-01-18T00:00:00Z,2024-01-18T01:00:00Z,60.52
Sweden,SWE,2024-01-18T01:00:00Z,2024-01-18T02:00:00Z,66.54
Sweden,SWE,2024-01-18T02:00:00Z,2024-01-18T03:00:00Z,65.95
Sweden,SWE,2024-01-18T03:00:00Z,2024-01-18T04:00:00Z,68.26
Sweden,SWE,2024-01-18T04:00:00Z,2024-01-18T05:00:00Z,71.13
Sweden,SWE,2024-01-18T05:00:00Z,2024-01-18T06:00:00Z,79.52
Sweden,SWE,2024-01-18T06:00:00Z,2024-01-18T07:00:00Z,95.4
Sweden,SWE,2024-01-18T07:00:00Z,2024-01-18T08:00:00Z,109.37
Sweden,SWE,2024-01-18T08:00:00Z,2024-01-18T09:00:00Z,106.57
Sweden,SWE,2024-01-18T09:00:00Z,2024-01-18T10:00:00Z,97.54
Sweden,SWE,2024-01-18T10:00:00Z,2024-01-18T11:00:00Z,95.25
Sweden,SWE,2024-01-18T11:00:00Z,2024-01-18T12:00:00Z,83.7
Sweden,SWE,2024-01-18T12:00:00Z,2024-01-18T13:00:00Z,79.04
Sweden,SWE,2024-01-18T13:00:00Z,2024-01-18T14:00:00Z,78.49
Sweden,SWE,2024-01-18T14:00:00Z,2024-01-18T15:00:00Z,84.74
Sweden,SWE,2024-01-18T15:00:00Z,2024-01-18T16:00:00Z,89.66
Sweden,SWE,2024-01-18T16:00:00Z,2024-01-18T17:00:00Z,93.98
Sweden,SWE,2024-01-18T17:00:00Z,2024-01-18T18:00:00Z,92.93
Sweden,SWE,2024-01-18T18:00:00Z,2024-01-18T19:00:00Z,86.11
Sweden,SWE,2024-01-18T19:00:00Z,2024-01-18T20:00:00Z,80.02
Sweden,SWE,2024-01-18T20:00:00Z,2024-01-18T21:00:00Z,75.24
Sweden,SWE,2024-01-18T21:00:00Z,2024-01-18T22:00:00Z,72.12
Sweden,SWE,2024-01-18T22:00:00Z,2024-01-18T23:00:00Z,67.42
Sweden,SWE,2024-01-18T23:00:00Z,2024-01-19T00:00:00Z,64.16
Sweden,SWE,2024-01-19T00:00:00Z,2024-01-19T01:00:00Z,61.96
Sweden,SWE,2024-01-19T01:00:00Z,2024-01-19T02:00:00Z,61.04
Sweden,SWE,2024-01-19T02:00:00Z,2024-01-19T03:00:00Z,60.19
Sweden,SWE,2024-01-19T03:00:00Z,2024-01-19T04:00:00Z,60.81
Sweden,SWE,2024-01-19T04:00:00Z,2024-01-19T05:00:00Z,62.72
Sweden,SWE,2024-01-19T05:00:00Z,2024-01-19T06:00:00Z,71.08
Sweden,SWE,2024-01-19T06:00:00Z,2024-01-19T07:00:00Z,82.93
Sweden,SWE,2024-01-19T07:00:00Z,2024-01-19T08:00:00Z,94.98
Sweden,SWE,2024-01-19T08:00:00Z,2024-01-19T09:00:00Z,95.09
Sweden,SWE,2024-01-19T09:00:00Z,2024-01-19T10:00:00Z,90.66
Sweden,SWE,2024-01-19T10:00:00Z,2024-01-19T11:00:00Z,83.98
Sweden,SWE,2024-01-19T11:00:00Z,2024-01-19T12:00:00Z,77.92
Sweden,SWE,2024-01-19T12:00:00Z,2024-01-19T13:00:00Z,75.15
Sweden,SWE,2024-01-19T13:00:00Z,2024-01-19T14:00:00Z,76.91
Sweden,SWE,2024-01-19T14:00:00Z,2024-01-19T15:00:00Z,85.57
Sweden,SWE,2024-01-19T15:00:00Z,2024-01-19T16:00:00Z,101.68
Sweden,SWE,2024-01-19T16:00:00Z,2024-01-19T17:00:00Z,113.11
Sweden,SWE,2024-01-19T17:00:00Z,2024-01-19T18:00:00Z,108.49
Sweden,SWE,2024-01-19T18:00:00Z,2024-01-19T19:00:00Z,85.1
Sweden,SWE,2024-01-19T19:00:00Z,2024-01-19T20:00:00Z,75.82
Sweden,SWE,2024-01-19T20:00:00Z,2024-01-19T21:00:00Z,73.01
Sweden,SWE,2024-01-19T21:00:00Z,2024-01-19T22:00:00Z,70.69
Sweden,SWE,2024-01-19T22:00:00Z,2024-01-19T23:00:00Z,66.69
Sweden,SWE,2024-01-19T23:00:00Z,2024-01-20T00:00:00Z,67.62
Sweden,SWE,2024-01-20T00:00:00Z,2024-01-20T01:00:00Z,65.01
Sweden,SWE,2024-01-20T01:00:00Z,2024-01-20T02:00:00Z,65.1
Sweden,SWE,2024-01-20T02:00:00Z,2024-01-20T03:00:00Z,63.34
Sweden,SWE,2024-01-20T03:00:00Z,2024-01-20T04:00:00Z,63.37
Sweden,SWE,2024-01-20T04:00:00Z,2024-01-20T05:00:00Z,63.26
Sweden,SWE,2024-01-20T05:00:00Z,2024-01-20T06:00:00Z,64.45
Sweden,SWE,2024-01-20T06:00:00Z,2024-01-20T07:00:00Z,68.32
Sweden,SWE,2024-01-20T07:00:00Z,2024-01-20T08:00:00Z,73.95
Sweden,SWE,2024-01-20T08:00:00Z,2024-01-20T09:00:00Z,78.06
Sweden,SWE,2024-01-20T09:00:00Z,2024-01-20T10:00:00Z,73.57
Sweden,SWE,2024-01-20T10:00:00Z,2024-01-20T11:00:00Z,72.51
Sweden,SWE,2024-01-20T11:00:00Z,2024-01-20T12:00:00Z,69.75
Sweden,SWE,2024-01-20T12:00:00Z,2024-01-20T13:00:00Z,70.13
Sweden,SWE,2024-01-20T13:00:00Z,2024-01-20T14:00:00Z,71.27
Sweden,SWE,2024-01-20T14:00:00Z,2024-01-20T15:00:00Z,74.8
Sweden,SWE,2024-01-20T15:00:00Z,2024-01-20T16:00:00Z,82.33
Sweden,SWE,2024-01-20T16:00:00Z,2024-01-20T17:00:00Z,88.06
Sweden,SWE,2024-01-20T17:00:00Z,2024-01-20T18:00:00Z,90.68
Sweden,SWE,2024-01-20T18:00:00Z,2024-01-20T19:00:00Z,83.04
Sweden,SWE,2024-01-20T19:00:00Z,2024-01-20T20:00:00Z,73.21
Sweden,SWE,2024-01-20T20:00:00Z,2024-01-20T21:00:00Z,66.68
Sweden,SWE,2024-01-20T21:00:00Z,2024-01-20T22:00:00Z,63.73
Sweden,SWE,2024-01-20T22:00:00Z,2024-01-20T23:00:00Z,61.08
Sweden,SWE,2024-01-20T23:00:00Z,2024-01-21T00:00:00Z,54.68
Sweden,SWE,2024-01-21T00:00:00Z,2024-01-21T01:00:00Z,51.51
Sweden,SWE,2024-01-21T01:00:00Z,2024-01-21T02:00:00Z,37.73
Sweden,SWE,2024-01-21T02:00:00Z,2024-01-21T03:00:00Z,34.4
Sweden,SWE,2024-01-21T03:00:00Z,2024-01-21T04:00:00Z,34.28
Sweden,SWE,2024-01-21T04:00:00Z,2024-01-21T05:00:00Z,34.61
Sweden,SWE,2024-01-21T05:00:00Z,2024-01-21T06:00:00Z,34.3
Sweden,SWE,2024-01-21T06:00:00Z,2024-01-21T07:00:00Z,34.98
Sweden,SWE,2024-01-21T07:00:00Z,2024-01-21T08:00:00Z,34.83
Sweden,SWE,2024-01-21T08:00:00Z,2024-01-21T09:00:00Z,35.58
Sweden,SWE,2024-01-21T09:00:00Z,2024-01-21T10:00:00Z,36.88
Sweden,SWE,2024-01-21T10:00:00Z,2024-01-21T11:00:00Z,37.8
Sweden,SWE,2024-01-21T11:00:00Z,2024-01-21T12:00:00Z,37.31
Sweden,SWE,2024-01-21T12:00:00Z,2024-01-21T13:00:00Z,36.78
Sweden,SWE,2024-01-21T13:00:00Z,2024-01-21T14:00:00Z,37.04
Sweden,SWE,2024-01-21T14:00:00Z,2024-01-21T15:00:00Z,37.53
Sweden,SWE,2024-01-21T15:00:00Z,2024-01-21T16:00:00Z,46.01
Sweden,SWE,2024-01-21T16:00:00Z,2024-01-21T17:00:00Z,50.92
Sweden,SWE,2024-01-21T17:00:00Z,2024-01-21T18:00:00Z,54.5
Sweden,SWE,2024-01-21T18:00:00Z,2024-01-21T19:00:00Z,52.1
Sweden,SWE,2024-01-21T19:00:00Z,2024-01-21T20:00:00Z,34.97
Sweden,SWE,2024-01-21T20:00:00Z,2024-01-21T21:00:00Z,34.55
Sweden,SWE,2024-01-21T21:00:00Z,2024-01-21T22:00:00Z,34.83
Sweden,SWE,2024-01-21T22:00:00Z,2024-01-21T23:00:00Z,29.03
Sweden,SWE,2024-01-21T23:00:00Z,2024-01-22T00:00:00Z,27.3
Sweden,SWE,2024-01-22T00:00:00Z,2024-01-22T01:00:00Z,22.24
Sweden,SWE,2024-01-22T01:00:00Z,2024-01-22T02:00:00Z,18.62
Sweden,SWE,2024-01-22T02:00:00Z,2024-01-22T03:00:00Z,5.04
Sweden,SWE,2024-01-22T03:00:00Z,2024-01-22T04:00:00Z,5.06
Sweden,SWE,2024-01-22T04:00:00Z,2024-01-22T05:00:00Z,20
Sweden,SWE,2024-01-22T05:00:00Z,2024-01-22T06:00:00Z,26.05
Sweden,SWE,2024-01-22T06:00:00Z,2024-01-22T07:00:00Z,33.2
Sweden,SWE,2024-01-22T07:00:00Z,2024-01-22T08:00:00Z,33.08
Sweden,SWE,2024-01-22T08:00:00Z,2024-01-22T09:00:00Z,32.87
Sweden,SWE,2024-01-22T09:00:00Z,2024-01-22T10:00:00Z,31.69
Sweden,SWE,2024-01-22T10:00:00Z,2024-01-22T11:00:00Z,30.87
Sweden,SWE,2024-01-22T11:00:00Z,2024-01-22T12:00:00Z,30.6
Sweden,SWE,2024-01-22T12:00:00Z,2024-01-22T13:00:00Z,29.29
Sweden,SWE,2024-01-22T13:00:00Z,2024-01-22T14:00:00Z,28.58
Sweden,SWE,2024-01-22T14:00:00Z,2024-01-22T15:00:00Z,30.32
Sweden,SWE,2024-01-22T15:00:00Z,2024-01-22T16:00:00Z,31.62
Sweden,SWE,2024-01-22T16:00:00Z,2024-01-22T17:00:00Z,32.85
Sweden,SWE,2024-01-22T17:00:00Z,2024-01-22T18:00:00Z,32.44
Sweden,SWE,2024-01-22T18:00:00Z,2024-01-22T19:00:00Z,31.75
Sweden,SWE,2024-01-22T19:00:00Z,2024-01-22T20:00:00Z,31.41
Sweden,SWE,2024-01-22T20:00:00Z,2024-01-22T21:00:00Z,28.84
Sweden,SWE,2024-01-22T21:00:00Z,2024-01-22T22:00:00Z,26.07
Sweden,SWE,2024-01-22T22:00:00Z,2024-01-22T23:00:00Z,23.03
Sweden,SWE,2024-01-22T23:00:00Z,2024-01-23T00:00:00Z,15.84
Sweden,SWE,2024-01-23T00:00:00Z,2024-01-23T01:00:00Z,9.86
Sweden,SWE,2024-01-23T01:00:00Z,2024-01-23T02:00:00Z,9.14
Sweden,SWE,2024-01-23T02:00:00Z,2024-01-23T03:00:00Z,4.17
Sweden,SWE,2024-01-23T03:00:00Z,2024-01-23T04:00:00Z,10.22
Sweden,SWE,2024-01-23T04:00:00Z,2024-01-23T05:00:00Z,21.63
Sweden,SWE,2024-01-23T05:00:00Z,2024-01-23T06:00:00Z,25.73
Sweden,SWE,2024-01-23T06:00:00Z,2024-01-23T07:00:00Z,29.39
Sweden,SWE,2024-01-23T07:00:00Z,2024-01-23T08:00:00Z,33.62
Sweden,SWE,2024-01-23T08:00:00Z,2024-01-23T09:00:00Z,30.82
Sweden,SWE,2024-01-23T09:00:00Z,2024-01-23T10:00:00Z,29.92
Sweden,SWE,2024-01-23T10:00:00Z,2024-01-23T11:00:00Z,27.67
Sweden,SWE,2024-01-23T11:00:00Z,2024-01-23T12:00:00Z,26.58
Sweden,SWE,2024-01-23T12:00:00Z,2024-01-23T13:00:00Z,26.76
Sweden,SWE,2024-01-23T13:00:00Z,2024-01-23T14:00:00Z,26.73
Sweden,SWE,2024-01-23T14:00:00Z,2024-01-23T15:00:00Z,29
Sweden,SWE,2024-01-23T15:00:00Z,2024-01-23T16:00:00Z,57.92
Sweden,SWE,2024-01-23T16:00:00Z,2024-01-23T17:00:00Z,60.9
Sweden,SWE,2024-01-23T17:00:00Z,2024-01-23T18:00:00Z,59.52
Sweden,SWE,2024-01-23T18:00:00Z,2024-01-23T19:00:00Z,56.8
Sweden,SWE,2024-01-23T19:00:00Z,2024-01-23T20:00:00Z,55.02
Sweden,SWE,2024-01-23T20:00:00Z,2024-01-23T21:00:00Z,49.04
Sweden,SWE,2024-01-23T21:00:00Z,2024-01-23T22:00:00Z,40.82
Sweden,SWE,2024-01-23T22:00:00Z,2024-01-23T23:00:00Z,33.26
Sweden,SWE,2024-01-23T23:00:00Z,2024-01-24T00:00:00Z,28.61
Sweden,SWE,2024-01-24T00:00:00Z,2024-01-24T01:00:00Z,25.17
Sweden,SWE,2024-01-24T01:00:00Z,2024-01-24T02:00:00Z,20.64
Sweden,SWE,2024-01-24T02:00:00Z,2024-01-24T03:00:00Z,18.82
Sweden,SWE,2024-01-24T03:00:00Z,2024-01-24T04:00:00Z,17.85
Sweden,SWE,2024-01-24T04:00:00Z,2024-01-24T05:00:00Z,19.55
Sweden,SWE,2024-01-24T05:00:00Z,2024-01-24T06:00:00Z,25.5
Sweden,SWE,2024-01-24T06:00:00Z,2024-01-24T07:00:00Z,38.73
Sweden,SWE,2024-01-24T07:00:00Z,2024-01-24T08:00:00Z,49.95
Sweden,SWE,2024-01-24T08:00:00Z,2024-01-24T09:00:00Z,49.54
Sweden,SWE,2024-01-24T09:00:00Z,2024-01-24T10:00:00Z,50.1
Sweden,SWE,2024-01-24T10:00:00Z,2024-01-24T11:00:00Z,50.76
Sweden,SWE,2024-01-24T11:00:00Z,2024-01-24T12:00:00Z,39.34
Sweden,SWE,2024-01-24T12:00:00Z,2024-01-24T13:00:00Z,37.34
Sweden,SWE,2024-01-24T13:00:00Z,2024-01-24T14:00:00Z,45.04
Sweden,SWE,2024-01-24T14:00:00Z,2024-01-24T15:00:00Z,49.95
Sweden,SWE,2024-01-24T15:00:00Z,2024-01-24T16:00:00Z,50.8
Sweden,SWE,2024-01-24T16:00:00Z,2024-01-24T17:00:00Z,54.21
Sweden,SWE,2024-01-24T17:00:00Z,2024-01-24T18:00:00Z,52.81
Sweden,SWE,2024-01-24T18:00:00Z,2024-01-24T19:00:00Z,49.96
Sweden,SWE,2024-01-24T19:00:00Z,2024-01-24T20:00:00Z,42.18
Sweden,SWE,2024-01-24T20:00:00Z,2024-01-24T21:00:00Z,40.04
Sweden,SWE,2024-01-24T21:00:00Z,2024-01-24T22:00:00Z,42.01
Sweden,SWE,2024-01-24T22:00:00Z,2024-01-24T23:00:00Z,38.53
Sweden,SWE,2024-01-24T23:00:00Z,2024-01-25T00:00:00Z,43.84
Sweden,SWE,2024-01-25T00:00:00Z,2024-01-25T01:00:00Z,43.97
Sweden,SWE,2024-01-25T01:00:00Z,2024-01-25T02:00:00Z,42.76
Sweden,SWE,2024-01-25T02:00:00Z,2024-01-25T03:00:00Z,43.85
Sweden,SWE,2024-01-25T03:00:00Z,2024-01-25T04:00:00Z,45.11
Sweden,SWE,2024-01-25T04:00:00Z,2024-01-25T05:00:00Z,51.01
Sweden,SWE,2024-01-25T05:00:00Z,2024-01-25T06:00:00Z,59.39
Sweden,SWE,2024-01-25T06:00:00Z,2024-01-25T07:00:00Z,66.05
Sweden,SWE,2024-01-25T07:00:00Z,2024-01-25T08:00:00Z,89.02
Sweden,SWE,2024-01-25T08:00:00Z,2024-01-25T09:00:00Z,85.25
Sweden,SWE,2024-01-25T09:00:00Z,2024-01-25T10:00:00Z,81.35
Sweden,SWE,2024-01-25T10:00:00Z,2024-01-25T11:00:00Z,76.22
Sweden,SWE,2024-01-25T11:00:00Z,2024-01-25T12:00:00Z,73.05
Sweden,SWE,2024-01-25T12:00:00Z,2024-01-25T13:00:00Z,75.88
Sweden,SWE,2024-01-25T13:00:00Z,2024-01-25T14:00:00Z,83.88
Sweden,SWE,2024-01-25T14:00:00Z,2024-01-25T15:00:00Z,87.34
Sweden,SWE,2024-01-25T15:00:00Z,2024-01-25T16:00:00Z,95.36
Sweden,SWE,2024-01-25T16:00:00Z,2024-01-25T17:00:00Z,117.85
Sweden,SWE,2024-01-25T17:00:00Z,2024-01-25T18:00:00Z,113.84
Sweden,SWE,2024-01-25T18:00:00Z,2024-01-25T19:00:00Z,93.52
Sweden,SWE,2024-01-25T19:00:00Z,2024-01-25T20:00:00Z,85.69
Sweden,SWE,2024-01-25T20:00:00Z,2024-01-25T21:00:00Z,81.41
Sweden,SWE,2024-01-25T21:00:00Z,2024-01-25T22:00:00Z,76.38
Sweden,SWE,2024-01-25T22:00:00Z,2024-01-25T23:00:00Z,70.89
Sweden,SWE,2024-01-25T23:00:00Z,2024-01-26T00:00:00Z,60.64
Sweden,SWE,2024-01-26T00:00:00Z,2024-01-26T01:00:00Z,57.37
Sweden,SWE,2024-01-26T01:00:00Z,2024-01-26T02:00:00Z,54.28
Sweden,SWE,2024-01-26T02:00:00Z,2024-01-26T03:00:00Z,52.05
Sweden,SWE,2024-01-26T03:00:00Z,2024-01-26T04:00:00Z,50.91
Sweden,SWE,2024-01-26T04:00:00Z,2024-01-26T05:00:00Z,47.95
Sweden,SWE,2024-01-26T05:00:00Z,2024-01-26T06:00:00Z,52.68
Sweden,SWE,2024-01-26T06:00:00Z,2024-01-26T07:00:00Z,56.91
Sweden,SWE,2024-01-26T07:00:00Z,2024-01-26T08:00:00Z,58.6
Sweden,SWE,2024-01-26T08:00:00Z,2024-01-26T09:00:00Z,57.51
Sweden,SWE,2024-01-26T09:00:00Z,2024-01-26T10:00:00Z,55.49
Sweden,SWE,2024-01-26T10:00:00Z,2024-01-26T11:00:00Z,53.4
Sweden,SWE,2024-01-26T11:00:00Z,2024-01-26T12:00:00Z,48.59
Sweden,SWE,2024-01-26T12:00:00Z,2024-01-26T13:00:00Z,44
Sweden,SWE,2024-01-26T13:00:00Z,2024-01-26T14:00:00Z,45.8
Sweden,SWE,2024-01-26T14:00:00Z,2024-01-26T15:00:00Z,45.17
Sweden,SWE,2024-01-26T15:00:00Z,2024-01-26T16:00:00Z,47.39
Sweden,SWE,2024-01-26T16:00:00Z,2024-01-26T17:00:00Z,52.09
Sweden,SWE,2024-01-26T17:00:00Z,2024-01-26T18:00:00Z,50.64
Sweden,SWE,2024-01-26T18:00:00Z,2024-01-26T19:00:00Z,33.51
Sweden,SWE,2024-01-26T19:00:00Z,2024-01-26T20:00:00Z,27.58
Sweden,SWE,2024-01-26T20:00:00Z,2024-01-26T21:00:00Z,25.76
Sweden,SWE,2024-01-26T21:00:00Z,2024-01-26T22:00:00Z,24.39
Sweden,SWE,2024-01-26T22:00:00Z,2024-01-26T23:00:00Z,21.98
Sweden,SWE,2024-01-26T23:00:00Z,2024-01-27T00:00:00Z,19.32
Sweden,SWE,2024-01-27T00:00:00Z,2024-01-27T01:00:00Z,18.26
Sweden,SWE,2024-01-27T01:00:00Z,2024-01-27T02:00:00Z,17.63
Sweden,SWE,2024-01-27T02:00:00Z,2024-01-27T03:00:00Z,18.02
Sweden,SWE,2024-01-27T03:00:00Z,2024-01-27T04:00:00Z,18.49
Sweden,SWE,2024-01-27T04:00:00Z,2024-01-27T05:00:00Z,18.84
Sweden,SWE,2024-01-27T05:00:00Z,2024-01-27T06:00:00Z,19.41
Sweden,SWE,2024-01-27T06:00:00Z,2024-01-27T07:00:00Z,20.71
Sweden,SWE,2024-01-27T07:00:00Z,2024-01-27T08:00:00Z,21
Sweden,SWE,2024-01-27T08:00:00Z,2024-01-27T09:00:00Z,21.03
Sweden,SWE,2024-01-27T09:00:00Z,2024-01-27T10:00:00Z,21.13
Sweden,SWE,2024-01-27T10:00:00Z,2024-01-27T11:00:00Z,21.02
Sweden,SWE,2024-01-27T11:00:00Z,2024-01-27T12:00:00Z,20.53
Sweden,SWE,2024-01-27T12:00:00Z,2024-01-27T13:00:00Z,20.08
Sweden,SWE,2024-01-27T13:00:00Z,2024-01-27T14:00:00Z,20.03
Sweden,SWE,2024-01-27T14:00:00Z,2024-01-27T15:00:00Z,20.17
Sweden,SWE,2024-01-27T15:00:00Z,2024-01-27T16:00:00Z,20.33
Sweden,SWE,2024-01-27T16:00:00Z,2024-01-27T17:00:00Z,27.32
Sweden,SWE,2024-01-27T17:00:00Z,2024-01-27T18:00:00Z,23.02
Sweden,SWE,2024-01-27T18:00:00Z,2024-01-27T19:00:00Z,18.62
Sweden,SWE,2024-01-27T19:00:00Z,2024-01-27T20:00:00Z,15.13
Sweden,SWE,2024-01-27T20:00:00Z,2024-01-27T21:00:00Z,10.14
Sweden,SWE,2024-01-27T21:00:00Z,2024-01-27T22:00:00Z,3.48
Sweden,SWE,2024-01-27T22:00:00Z,2024-01-27T23:00:00Z,2.76
Sweden,SWE,2024-01-27T23:00:00Z,2024-01-28T00:00:00Z,0.01
Sweden,SWE,2024-01-28T00:00:00Z,2024-01-28T01:00:00Z,2.62
Sweden,SWE,2024-01-28T01:00:00Z,2024-01-28T02:00:00Z,3.48
Sweden,SWE,2024-01-28T02:00:00Z,2024-01-28T03:00:00Z,11.48
Sweden,SWE,2024-01-28T03:00:00Z,2024-01-28T04:00:00Z,15.05
Sweden,SWE,2024-01-28T04:00:00Z,2024-01-28T05:00:00Z,16.34
Sweden,SWE,2024-01-28T05:00:00Z,2024-01-28T06:00:00Z,18.22
Sweden,SWE,2024-01-28T06:00:00Z,2024-01-28T07:00:00Z,18.76
Sweden,SWE,2024-01-28T07:00:00Z,2024-01-28T08:00:00Z,25.66
Sweden,SWE,2024-01-28T08:00:00Z,2024-01-28T09:00:00Z,24.89
Sweden,SWE,2024-01-28T09:00:00Z,2024-01-28T10:00:00Z,24.1
Sweden,SWE,2024-01-28T10:00:00Z,2024-01-28T11:00:00Z,23.07
Sweden,SWE,2024-01-28T11:00:00Z,2024-01-28T12:00:00Z,22.13
Sweden,SWE,2024-01-28T12:00:00Z,2024-01-28T13:00:00Z,21.54
Sweden,SWE,2024-01-28T13:00:00Z,2024-01-28T14:00:00Z,22.21
Sweden,SWE,2024-01-28T14:00:00Z,2024-01-28T15:00:00Z,24.09
Sweden,SWE,2024-01-28T15:00:00Z,2024-01-28T16:00:00Z,25.03
Sweden,SWE,2024-01-28T16:00:00Z,2024-01-28T17:00:00Z,25.05
Sweden,SWE,2024-01-28T17:00:00Z,2024-01-28T18:00:00Z,24.83
Sweden,SWE,2024-01-28T18:00:00Z,2024-01-28T19:00:00Z,13.42
Sweden,SWE,2024-01-28T19:00:00Z,2024-01-28T20:00:00Z,1.97
Sweden,SWE,2024-01-28T20:00:00Z,2024-01-28T21:00:00Z,0.01
Sweden,SWE,2024-01-28T21:00:00Z,2024-01-28T22:00:00Z,-0.01
Sweden,SWE,2024-01-28T22:00:00Z,2024-01-28T23:00:00Z,-0.31
Sweden,SWE,2024-01-28T23:00:00Z,2024-01-29T00:00:00Z,-0.42
Sweden,SWE,2024-01-29T00:00:00Z,2024-01-29T01:00:00Z,-1.72
Sweden,SWE,2024-01-29T01:00:00Z,2024-01-29T02:00:00Z,-1.78
Sweden,SWE,2024-01-29T02:00:00Z,2024-01-29T03:00:00Z,-1.77
Sweden,SWE,2024-01-29T03:00:00Z,2024-01-29T04:00:00Z,-1.41
Sweden,SWE,2024-01-29T04:00:00Z,2024-01-29T05:00:00Z,-0.11
Sweden,SWE,2024-01-29T05:00:00Z,2024-01-29T06:00:00Z,5.91
Sweden,SWE,2024-01-29T06:00:00Z,2024-01-29T07:00:00Z,19.17
Sweden,SWE,2024-01-29T07:00:00Z,2024-01-29T08:00:00Z,20.56
Sweden,SWE,2024-01-29T08:00:00Z,2024-01-29T09:00:00Z,30.36
Sweden,SWE,2024-01-29T09:00:00Z,2024-01-29T10:00:00Z,42.92
Sweden,SWE,2024-01-29T10:00:00Z,2024-01-29T11:00:00Z,45.93
Sweden,SWE,2024-01-29T11:00:00Z,2024-01-29T12:00:00Z,55.23
Sweden,SWE,2024-01-29T12:00:00Z,2024-01-29T13:00:00Z,56.03
Sweden,SWE,2024-01-29T13:00:00Z,2024-01-29T14:00:00Z,58.1
Sweden,SWE,2024-01-29T14:00:00Z,2024-01-29T15:00:00Z,76.56
Sweden,SWE,2024-01-29T15:00:00Z,2024-01-29T16:00:00Z,88.6
Sweden,SWE,2024-01-29T16:00:00Z,2024-01-29T17:00:00Z,105.1
Sweden,SWE,2024-01-29T17:00:00Z,2024-01-29T18:00:00Z,96.64
Sweden,SWE,2024-01-29T18:00:00Z,2024-01-29T19:00:00Z,89
Sweden,SWE,2024-01-29T19:00:00Z,2024-01-29T20:00:00Z,76.97
Sweden,SWE,2024-01-29T20:00:00Z,2024-01-29T21:00:00Z,69.84
Sweden,SWE,2024-01-29T21:00:00Z,2024-01-29T22:00:00Z,57.86
Sweden,SWE,2024-01-29T22:00:00Z,2024-01-29T23:00:00Z,55.79
Sweden,SWE,2024-01-29T23:00:00Z,2024-01-30T00:00:00Z,52.59
Sweden,SWE,2024-01-30T00:00:00Z,2024-01-30T01:00:00Z,45.77
Sweden,SWE,2024-01-30T01:00:00Z,2024-01-30T02:00:00Z,45.11
Sweden,SWE,2024-01-30T02:00:00Z,2024-01-30T03:00:00Z,44.78
Sweden,SWE,2024-01-30T03:00:00Z,2024-01-30T04:00:00Z,44.92
Sweden,SWE,2024-01-30T04:00:00Z,2024-01-30T05:00:00Z,53.41
Sweden,SWE,2024-01-30T05:00:00Z,2024-01-30T06:00:00Z,56.82
Sweden,SWE,2024-01-30T06:00:00Z,2024-01-30T07:00:00Z,64.68
Sweden,SWE,2024-01-30T07:00:00Z,2024-01-30T08:00:00Z,73.44
Sweden,SWE,2024-01-30T08:00:00Z,2024-01-30T09:00:00Z,70.74
Sweden,SWE,2024-01-30T09:00:00Z,2024-01-30T10:00:00Z,65.5
Sweden,SWE,2024-01-30T10:00:00Z,2024-01-30T11:00:00Z,57.45
Sweden,SWE,2024-01-30T11:00:00Z,2024-01-30T12:00:00Z,56.47
Sweden,SWE,2024-01-30T12:00:00Z,2024-01-30T13:00:00Z,56.49
Sweden,SWE,2024-01-30T13:00:00Z,2024-01-30T14:00:00Z,57.79
Sweden,SWE,2024-01-30T14:00:00Z,2024-01-30T15:00:00Z,56.15
Sweden,SWE,2024-01-30T15:00:00Z,2024-01-30T16:00:00Z,57.3
Sweden,SWE,2024-01-30T16:00:00Z,2024-01-30T17:00:00Z,62.69
Sweden,SWE,2024-01-30T17:00:00Z,2024-01-30T18:00:00Z,55.42
Sweden,SWE,2024-01-30T18:00:00Z,2024-01-30T19:00:00Z,52.97
Sweden,SWE,2024-01-30T19:00:00Z,2024-01-30T20:00:00Z,51.11
Sweden,SWE,2024-01-30T20:00:00Z,2024-01-30T21:00:00Z,48.36
Sweden,SWE,2024-01-30T21:00:00Z,2024-01-30T22:00:00Z,22.56
Sweden,SWE,2024-01-30T22:00:00Z,2024-01-30T23:00:00Z,23.49
Sweden,SWE,2024-01-30T23:00:00Z,2024-01-31T00:00:00Z,18.39
Sweden,SWE,2024-01-31T00:00:00Z,2024-01-31T01:00:00Z,18.46
Sweden,SWE,2024-01-31T01:00:00Z,2024-01-31T02:00:00Z,18.5
Sweden,SWE,2024-01-31T02:00:00Z,2024-01-31T03:00:00Z,18.58
Sweden,SWE,2024-01-31T03:00:00Z,2024-01-31T04:00:00Z,18.96
Sweden,SWE,2024-01-31T04:00:00Z,2024-01-31T05:00:00Z,19.39
Sweden,SWE,2024-01-31T05:00:00Z,2024-01-31T06:00:00Z,24.75
Sweden,SWE,2024-01-31T06:00:00Z,2024-01-31T07:00:00Z,48.77
Sweden,SWE,2024-01-31T07:00:00Z,2024-01-31T08:00:00Z,50.43
Sweden,SWE,2024-01-31T08:00:00Z,2024-01-31T09:00:00Z,30.1
Sweden,SWE,2024-01-31T09:00:00Z,2024-01-31T10:00:00Z,20.41
Sweden,SWE,2024-01-31T10:00:00Z,2024-01-31T11:00:00Z,19.12
Sweden,SWE,2024-01-31T11:00:00Z,2024-01-31T12:00:00Z,18.54
Sweden,SWE,2024-01-31T12:00:00Z,2024-01-31T13:00:00Z,17.77
Sweden,SWE,2024-01-31T13:00:00Z,2024-01-31T14:00:00Z,17
Sweden,SWE,2024-01-31T14:00:00Z,2024-01-31T15:00:00Z,16.31
Sweden,SWE,2024-01-31T15:00:00Z,2024-01-31T16:00:00Z,16.95
Sweden,SWE,2024-01-31T16:00:00Z,2024-01-31T17:00:00Z,16.67
Sweden,SWE,2024-01-31T17:00:00Z,2024-01-31T18:00:00Z,10.38
Sweden,SWE,2024-01-31T18:00:00Z,2024-01-31T19:00:00Z,3.47
Sweden,SWE,2024-01-31T19:00:00Z,2024-01-31T20:00:00Z,0
Sweden,SWE,2024-01-31T20:00:00Z,2024-01-31T21:00:00Z,-0.07
Sweden,SWE,2024-01-31T21:00:00Z,2024-01-31T22:00:00Z,-0.89
Sweden,SWE,2024-01-31T22:00:00Z,2024-01-31T23:00:00Z,-2.02
Sweden,SWE,2024-01-31T23:00:00Z,2024-02-01T00:00:00Z,-2.07
Sweden,SWE,2024-02-01T00:00:00Z,2024-02-01T01:00:00Z,-2.22
Sweden,SWE,2024-02-01T01:00:00Z,2024-02-01T02:00:00Z,-2.49
Sweden,SWE,2024-02-01T02:00:00Z,2024-02-01T03:00:00Z,-2.5
Sweden,SWE,2024-02-01T03:00:00Z,2024-02-01T04:00:00Z,-2.07
Sweden,SWE,2024-02-01T04:00:00Z,2024-02-01T05:00:00Z,-1.84
Sweden,SWE,2024-02-01T05:00:00Z,2024-02-01T06:00:00Z,-0.1
Sweden,SWE,2024-02-01T06:00:00Z,2024-02-01T07:00:00Z,3.08
Sweden,SWE,2024-02-01T07:00:00Z,2024-02-01T08:00:00Z,3.43
Sweden,SWE,2024-02-01T08:00:00Z,2024-02-01T09:00:00Z,4.43
Sweden,SWE,2024-02-01T09:00:00Z,2024-02-01T10:00:00Z,3.43
Sweden,SWE,2024-02-01T10:00:00Z,2024-02-01T11:00:00Z,2.76
Sweden,SWE,2024-02-01T11:00:00Z,2024-02-01T12:00:00Z,3.43
Sweden,SWE,2024-02-01T12:00:00Z,2024-02-01T13:00:00Z,2.93
Sweden,SWE,2024-02-01T13:00:00Z,2024-02-01T14:00:00Z,3.44
Sweden,SWE,2024-02-01T14:00:00Z,2024-02-01T15:00:00Z,4.82
Sweden,SWE,2024-02-01T15:00:00Z,2024-02-01T16:00:00Z,12.04
Sweden,SWE,2024-02-01T16:00:00Z,2024-02-01T17:00:00Z,30.91
Sweden,SWE,2024-02-01T17:00:00Z,2024-02-01T18:00:00Z,35.21
Sweden,SWE,2024-02-01T18:00:00Z,2024-02-01T19:00:00Z,14.62
Sweden,SWE,2024-02-01T19:00:00Z,2024-02-01T20:00:00Z,16.17
Sweden,SWE,2024-02-01T20:00:00Z,2024-02-01T21:00:00Z,15.63
Sweden,SWE,2024-02-01T21:00:00Z,2024-02-01T22:00:00Z,11.9
Sweden,SWE,2024-02-01T22:00:00Z,2024-02-01T23:00:00Z,7.24
Sweden,SWE,2024-02-01T23:00:00Z,2024-02-02T00:00:00Z,7.87
Sweden,SWE,2024-02-02T00:00:00Z,2024-02-02T01:00:00Z,8.96
Sweden,SWE,2024-02-02T01:00:00Z,2024-02-02T02:00:00Z,9.15
Sweden,SWE,2024-02-02T02:00:00Z,2024-02-02T03:00:00Z,10.41
Sweden,SWE,2024-02-02T03:00:00Z,2024-02-02T04:00:00Z,11.73
Sweden,SWE,2024-02-02T04:00:00Z,2024-02-02T05:00:00Z,13
Sweden,SWE,2024-02-02T05:00:00Z,2024-02-02T06:00:00Z,20.27
Sweden,SWE,2024-02-02T06:00:00Z,2024-02-02T07:00:00Z,51.76
Sweden,SWE,2024-02-02T07:00:00Z,2024-02-02T08:00:00Z,53.23
Sweden,SWE,2024-02-02T08:00:00Z,2024-02-02T09:00:00Z,52.09
Sweden,SWE,2024-02-02T09:00:00Z,2024-02-02T10:00:00Z,51.07
Sweden,SWE,2024-02-02T10:00:00Z,2024-02-02T11:00:00Z,39.64
Sweden,SWE,2024-02-02T11:00:00Z,2024-02-02T12:00:00Z,24.53
Sweden,SWE,2024-02-02T12:00:00Z,2024-02-02T13:00:00Z,23.32
Sweden,SWE,2024-02-02T13:00:00Z,2024-02-02T14:00:00Z,22.9
Sweden,SWE,2024-02-02T14:00:00Z,2024-02-02T15:00:00Z,22.99
Sweden,SWE,2024-02-02T15:00:00Z,2024-02-02T16:00:00Z,21.03
Sweden,SWE,2024-02-02T16:00:00Z,2024-02-02T17:00:00Z,20.75
Sweden,SWE,2024-02-02T17:00:00Z,2024-02-02T18:00:00Z,18.77
Sweden,SWE,2024-02-02T18:00:00Z,2024-02-02T19:00:00Z,14.54
Sweden,SWE,2024-02-02T19:00:00Z,2024-02-02T20:00:00Z,11.08
Sweden,SWE,2024-02-02T20:00:00Z,2024-02-02T21:00:00Z,7.43
Sweden,SWE,2024-02-02T21:00:00Z,2024-02-02T22:00:00Z,0.8
Sweden,SWE,2024-02-02T22:00:00Z,2024-02-02T23:00:00Z,-0.01
Sweden,SWE,2024-02-02T23:00:00Z,2024-02-03T00:00:00Z,-1
Sweden,SWE,2024-02-03T00:00:00Z,2024-02-03T01:00:00Z,-1.49
Sweden,SWE,2024-02-03T01:00:00Z,2024-02-03T02:00:00Z,-1.8
Sweden,SWE,2024-02-03T02:00:00Z,2024-02-03T03:00:00Z,-2.05
Sweden,SWE,2024-02-03T03:00:00Z,2024-02-03T04:00:00Z,-2.03
Sweden,SWE,2024-02-03T04:00:00Z,2024-02-03T05:00:00Z,-1.83
Sweden,SWE,2024-02-03T05:00:00Z,2024-02-03T06:00:00Z,-0.41
Sweden,SWE,2024-02-03T06:00:00Z,2024-02-03T07:00:00Z,-0.06
Sweden,SWE,2024-02-03T07:00:00Z,2024-02-03T08:00:00Z,0.01
Sweden,SWE,2024-02-03T08:00:00Z,2024-02-03T09:00:00Z,2.11
Sweden,SWE,2024-02-03T09:00:00Z,2024-02-03T10:00:00Z,2.15
Sweden,SWE,2024-02-03T10:00:00Z,2024-02-03T11:00:00Z,0.03
Sweden,SWE,2024-02-03T11:00:00Z,2024-02-03T12:00:00Z,0
Sweden,SWE,2024-02-03T12:00:00Z,2024-02-03T13:00:00Z,-0.01
Sweden,SWE,2024-02-03T13:00:00Z,2024-02-03T14:00:00Z,-0.01
Sweden,SWE,2024-02-03T14:00:00Z,2024-02-03T15:00:00Z,0.49
Sweden,SWE,2024-02-03T15:00:00Z,2024-02-03T16:00:00Z,3.41
Sweden,SWE,2024-02-03T16:00:00Z,2024-02-03T17:00:00Z,10.3
Sweden,SWE,2024-02-03T17:00:00Z,2024-02-03T18:00:00Z,10.39
Sweden,SWE,2024-02-03T18:00:00Z,2024-02-03T19:00:00Z,3.5
Sweden,SWE,2024-02-03T19:00:00Z,2024-02-03T20:00:00Z,0.08
Sweden,SWE,2024-02-03T20:00:00Z,2024-02-03T21:00:00Z,1.44
Sweden,SWE,2024-02-03T21:00:00Z,2024-02-03T22:00:00Z,0.01
Sweden,SWE,2024-02-03T22:00:00Z,2024-02-03T23:00:00Z,-0.01
Sweden,SWE,2024-02-03T23:00:00Z,2024-02-04T00:00:00Z,-0.1
Sweden,SWE,2024-02-04T00:00:00Z,2024-02-04T01:00:00Z,-0.05
Sweden,SWE,2024-02-04T01:00:00Z,2024-02-04T02:00:00Z,-0.06
Sweden,SWE,2024-02-04T02:00:00Z,2024-02-04T03:00:00Z,-0.04
Sweden,SWE,2024-02-04T03:00:00Z,2024-02-04T04:00:00Z,-0.01
Sweden,SWE,2024-02-04T04:00:00Z,2024-02-04T05:00:00Z,-0.1
Sweden,SWE,2024-02-04T05:00:00Z,2024-02-04T06:00:00Z,0
Sweden,SWE,2024-02-04T06:00:00Z,2024-02-04T07:00:00Z,1.05
Sweden,SWE,2024-02-04T07:00:00Z,2024-02-04T08:00:00Z,8.87
Sweden,SWE,2024-02-04T08:00:00Z,2024-02-04T09:00:00Z,9.83
Sweden,SWE,2024-02-04T09:00:00Z,2024-02-04T10:00:00Z,10.87
Sweden,SWE,2024-02-04T10:00:00Z,2024-02-04T11:00:00Z,12.81
Sweden,SWE,2024-02-04T11:00:00Z,2024-02-04T12:00:00Z,13.82
Sweden,SWE,2024-02-04T12:00:00Z,2024-02-04T13:00:00Z,9.62
Sweden,SWE,2024-02-04T13:00:00Z,2024-02-04T14:00:00Z,12.99
Sweden,SWE,2024-02-04T14:00:00Z,2024-02-04T15:00:00Z,15.72
Sweden,SWE,2024-02-04T15:00:00Z,2024-02-04T16:00:00Z,22.1
Sweden,SWE,2024-02-04T16:00:00Z,2024-02-04T17:00:00Z,35.25
Sweden,SWE,2024-02-04T17:00:00Z,2024-02-04T18:00:00Z,36.88
Sweden,SWE,2024-02-04T18:00:00Z,2024-02-04T19:00:00Z,35.3
Sweden,SWE,2024-02-04T19:00:00Z,2024-02-04T20:00:00Z,29.05
Sweden,SWE,2024-02-04T20:00:00Z,2024-02-04T21:00:00Z,24.52
Sweden,SWE,2024-02-04T21:00:00Z,2024-02-04T22:00:00Z,24.44
Sweden,SWE,2024-02-04T22:00:00Z,2024-02-04T23:00:00Z,21.24
Sweden,SWE,2024-02-04T23:00:00Z,2024-02-05T00:00:00Z,11.78
Sweden,SWE,2024-02-05T00:00:00Z,2024-02-05T01:00:00Z,10.65
Sweden,SWE,2024-02-05T01:00:00Z,2024-02-05T02:00:00Z,9.67
Sweden,SWE,2024-02-05T02:00:00Z,2024-02-05T03:00:00Z,4.99
Sweden,SWE,2024-02-05T03:00:00Z,2024-02-05T04:00:00Z,7.01
Sweden,SWE,2024-02-05T04:00:00Z,2024-02-05T05:00:00Z,15.03
Sweden,SWE,2024-02-05T05:00:00Z,2024-02-05T06:00:00Z,34.2
Sweden,SWE,2024-02-05T06:00:00Z,2024-02-05T07:00:00Z,52.65
Sweden,SWE,2024-02-05T07:00:00Z,2024-02-05T08:00:00Z,57.27
Sweden,SWE,2024-02-05T08:00:00Z,2024-02-05T09:00:00Z,54.45
Sweden,SWE,2024-02-05T09:00:00Z,2024-02-05T10:00:00Z,52.15
Sweden,SWE,2024-02-05T10:00:00Z,2024-02-05T11:00:00Z,43.79
Sweden,SWE,2024-02-05T11:00:00Z,2024-02-05T12:00:00Z,48.02
Sweden,SWE,2024-02-05T12:00:00Z,2024-02-05T13:00:00Z,48.54
Sweden,SWE,2024-02-05T13:00:00Z,2024-02-05T14:00:00Z,53.98
Sweden,SWE,2024-02-05T14:00:00Z,2024-02-05T15:00:00Z,55.79
Sweden,SWE,2024-02-05T15:00:00Z,2024-02-05T16:00:00Z,60.65
Sweden,SWE,2024-02-05T16:00:00Z,2024-02-05T17:00:00Z,67.04
Sweden,SWE,2024-02-05T17:00:00Z,2024-02-05T18:00:00Z,67.32
Sweden,SWE,2024-02-05T18:00:00Z,2024-02-05T19:00:00Z,61.83
Sweden,SWE,2024-02-05T19:00:00Z,2024-02-05T20:00:00Z,60.48
Sweden,SWE,2024-02-05T20:00:00Z,2024-02-05T21:00:00Z,59.65
Sweden,SWE,2024-02-05T21:00:00Z,2024-02-05T22:00:00Z,56.3
Sweden,SWE,2024-02-05T22:00:00Z,2024-02-05T23:00:00Z,52.29
Sweden,SWE,2024-02-05T23:00:00Z,2024-02-06T00:00:00Z,53.8
Sweden,SWE,2024-02-06T00:00:00Z,2024-02-06T01:00:00Z,53.17
Sweden,SWE,2024-02-06T01:00:00Z,2024-02-06T02:00:00Z,53.2
Sweden,SWE,2024-02-06T02:00:00Z,2024-02-06T03:00:00Z,53.21
Sweden,SWE,2024-02-06T03:00:00Z,2024-02-06T04:00:00Z,54.56
Sweden,SWE,2024-02-06T04:00:00Z,2024-02-06T05:00:00Z,57.22
Sweden,SWE,2024-02-06T05:00:00Z,2024-02-06T06:00:00Z,61.14
Sweden,SWE,2024-02-06T06:00:00Z,2024-02-06T07:00:00Z,69.07
Sweden,SWE,2024-02-06T07:00:00Z,2024-02-06T08:00:00Z,74.4
Sweden,SWE,2024-02-06T08:00:00Z,2024-02-06T09:00:00Z,68.29
Sweden,SWE,2024-02-06T09:00:00Z,2024-02-06T10:00:00Z,63.9
Sweden,SWE,2024-02-06T10:00:00Z,2024-02-06T11:00:00Z,62.2
Sweden,SWE,2024-02-06T11:00:00Z,2024-02-06T12:00:00Z,61.6
Sweden,SWE,2024-02-06T12:00:00Z,2024-02-06T13:00:00Z,61.35
Sweden,SWE,2024-02-06T13:00:00Z,2024-02-06T14:00:00Z,61.82
Sweden,SWE,2024-02-06T14:00:00Z,2024-02-06T15:00:00Z,61.85
Sweden,SWE,2024-02-06T15:00:00Z,2024-02-06T16:00:00Z,62.63
Sweden,SWE,2024-02-06T16:00:00Z,2024-02-06T17:00:00Z,64.85
Sweden,SWE,2024-02-06T17:00:00Z,2024-02-06T18:00:00Z,63.81
Sweden,SWE,2024-02-06T18:00:00Z,2024-02-06T19:00:00Z,62.16
Sweden,SWE,2024-02-06T19:00:00Z,2024-02-06T20:00:00Z,60.42
Sweden,SWE,2024-02-06T20:00:00Z,2024-02-06T21:00:00Z,58.85
Sweden,SWE,2024-02-06T21:00:00Z,2024-02-06T22:00:00Z,58.04
Sweden,SWE,2024-02-06T22:00:00Z,2024-02-06T23:00:00Z,55.06
Sweden,SWE,2024-02-06T23:00:00Z,2024-02-07T00:00:00Z,53.23
Sweden,SWE,2024-02-07T00:00:00Z,2024-02-07T01:00:00Z,52.37
Sweden,SWE,2024-02-07T01:00:00Z,2024-02-07T02:00:00Z,50.65
Sweden,SWE,2024-02-07T02:00:00Z,2024-02-07T03:00:00Z,50.65
Sweden,SWE,2024-02-07T03:00:00Z,2024-02-07T04:00:00Z,56.03
Sweden,SWE,2024-02-07T04:00:00Z,2024-02-07T05:00:00Z,60.12
Sweden,SWE,2024-02-07T05:00:00Z,2024-02-07T06:00:00Z,74.35
Sweden,SWE,2024-02-07T06:00:00Z,2024-02-07T07:00:00Z,86.67
Sweden,SWE,2024-02-07T07:00:00Z,2024-02-07T08:00:00Z,87
Sweden,SWE,2024-02-07T08:00:00Z,2024-02-07T09:00:00Z,85.53
Sweden,SWE,2024-02-07T09:00:00Z,2024-02-07T10:00:00Z,81.17
Sweden,SWE,2024-02-07T10:00:00Z,2024-02-07T11:00:00Z,78.01
Sweden,SWE,2024-02-07T11:00:00Z,2024-02-07T12:00:00Z,75.82
Sweden,SWE,2024-02-07T12:00:00Z,2024-02-07T13:00:00Z,78.29
Sweden,SWE,2024-02-07T13:00:00Z,2024-02-07T14:00:00Z,77.32
Sweden,SWE,2024-02-07T14:00:00Z,2024-02-07T15:00:00Z,86.74
Sweden,SWE,2024-02-07T15:00:00Z,2024-02-07T16:00:00Z,97.3
Sweden,SWE,2024-02-07T16:00:00Z,2024-02-07T17:00:00Z,119.36
Sweden,SWE,2024-02-07T17:00:00Z,2024-02-07T18:00:00Z,127.95
Sweden,SWE,2024-02-07T18:00:00Z,2024-02-07T19:00:00Z,104.48
Sweden,SWE,2024-02-07T19:00:00Z,2024-02-07T20:00:00Z,95.16
Sweden,SWE,2024-02-07T20:00:00Z,2024-02-07T21:00:00Z,84.33
Sweden,SWE,2024-02-07T21:00:00Z,2024-02-07T22:00:00Z,81.16
Sweden,SWE,2024-02-07T22:00:00Z,2024-02-07T23:00:00Z,76.91
Sweden,SWE,2024-02-07T23:00:00Z,2024-02-08T00:00:00Z,73.7
Sweden,SWE,2024-02-08T00:00:00Z,2024-02-08T01:00:00Z,73.2
Sweden,SWE,2024-02-08T01:00:00Z,2024-02-08T02:00:00Z,72.15
Sweden,SWE,2024-02-08T02:00:00Z,2024-02-08T03:00:00Z,71.18
Sweden,SWE,2024-02-08T03:00:00Z,2024-02-08T04:00:00Z,70.95
Sweden,SWE,2024-02-08T04:00:00Z,2024-02-08T05:00:00Z,75.98
Sweden,SWE,2024-02-08T05:00:00Z,2024-02-08T06:00:00Z,84.05
Sweden,SWE,2024-02-08T06:00:00Z,2024-02-08T07:00:00Z,103.53
Sweden,SWE,2024-02-08T07:00:00Z,2024-02-08T08:00:00Z,128.4
Sweden,SWE,2024-02-08T08:00:00Z,2024-02-08T09:00:00Z,113.55
Sweden,SWE,2024-02-08T09:00:00Z,2024-02-08T10:00:00Z,97.79
Sweden,SWE,2024-02-08T10:00:00Z,2024-02-08T11:00:00Z,91.87
Sweden,SWE,2024-02-08T11:00:00Z,2024-02-08T12:00:00Z,89.38
Sweden,SWE,2024-02-08T12:00:00Z,2024-02-08T13:00:00Z,90.98
Sweden,SWE,2024-02-08T13:00:00Z,2024-02-08T14:00:00Z,94.9
Sweden,SWE,2024-02-08T14:00:00Z,2024-02-08T15:00:00Z,94.38
Sweden,SWE,2024-02-08T15:00:00Z,2024-02-08T16:00:00Z,90.15
Sweden,SWE,2024-02-08T16:00:00Z,2024-02-08T17:00:00Z,99.69
Sweden,SWE,2024-02-08T17:00:00Z,2024-02-08T18:00:00Z,92.47
Sweden,SWE,2024-02-08T18:00:00Z,2024-02-08T19:00:00Z,83.33
Sweden,SWE,2024-02-08T19:00:00Z,2024-02-08T20:00:00Z,81.78
Sweden,SWE,2024-02-08T20:00:00Z,2024-02-08T21:00:00Z,79.14
Sweden,SWE,2024-02-08T21:00:00Z,2024-02-08T22:00:00Z,75.47
Sweden,SWE,2024-02-08T22:00:00Z,2024-02-08T23:00:00Z,65.98
Sweden,SWE,2024-02-08T23:00:00Z,2024-02-09T00:00:00Z,67.27
Sweden,SWE,2024-02-09T00:00:00Z,2024-02-09T01:00:00Z,65.65
Sweden,SWE,2024-02-09T01:00:00Z,2024-02-09T02:00:00Z,64.67
Sweden,SWE,2024-02-09T02:00:00Z,2024-02-09T03:00:00Z,63.57
Sweden,SWE,2024-02-09T03:00:00Z,2024-02-09T04:00:00Z,62.97
Sweden,SWE,2024-02-09T04:00:00Z,2024-02-09T05:00:00Z,66.13
Sweden,SWE,2024-02-09T05:00:00Z,2024-02-09T06:00:00Z,67.42
Sweden,SWE,2024-02-09T06:00:00Z,2024-02-09T07:00:00Z,69.6
Sweden,SWE,2024-02-09T07:00:00Z,2024-02-09T08:00:00Z,75.48
Sweden,SWE,2024-02-09T08:00:00Z,2024-02-09T09:00:00Z,73.68
Sweden,SWE,2024-02-09T09:00:00Z,2024-02-09T10:00:00Z,71.46
Sweden,SWE,2024-02-09T10:00:00Z,2024-02-09T11:00:00Z,70.75
Sweden,SWE,2024-02-09T11:00:00Z,2024-02-09T12:00:00Z,69.52
Sweden,SWE,2024-02-09T12:00:00Z,2024-02-09T13:00:00Z,69.6
Sweden,SWE,2024-02-09T13:00:00Z,2024-02-09T14:00:00Z,70.09
Sweden,SWE,2024-02-09T14:00:00Z,2024-02-09T15:00:00Z,70.12
Sweden,SWE,2024-02-09T15:00:00Z,2024-02-09T16:00:00Z,70.8
Sweden,SWE,2024-02-09T16:00:00Z,2024-02-09T17:00:00Z,76.44
Sweden,SWE,2024-02-09T17:00:00Z,2024-02-09T18:00:00Z,75.94
Sweden,SWE,2024-02-09T18:00:00Z,2024-02-09T19:00:00Z,70.94
Sweden,SWE,2024-02-09T19:00:00Z,2024-02-09T20:00:00Z,67.25
Sweden,SWE,2024-02-09T20:00:00Z,2024-02-09T21:00:00Z,66.15
Sweden,SWE,2024-02-09T21:00:00Z,2024-02-09T22:00:00Z,64.96
Sweden,SWE,2024-02-09T22:00:00Z,2024-02-09T23:00:00Z,63.28
Sweden,SWE,2024-02-09T23:00:00Z,2024-02-10T00:00:00Z,61.14
Sweden,SWE,2024-02-10T00:00:00Z,2024-02-10T01:00:00Z,62.03
Sweden,SWE,2024-02-10T01:00:00Z,2024-02-10T02:00:00Z,62.34
Sweden,SWE,2024-02-10T02:00:00Z,2024-02-10T03:00:00Z,62.33
Sweden,SWE,2024-02-10T03:00:00Z,2024-02-10T04:00:00Z,62.35
Sweden,SWE,2024-02-10T04:00:00Z,2024-02-10T05:00:00Z,63.35
Sweden,SWE,2024-02-10T05:00:00Z,2024-02-10T06:00:00Z,62.64
Sweden,SWE,2024-02-10T06:00:00Z,2024-02-10T07:00:00Z,63.26
Sweden,SWE,2024-02-10T07:00:00Z,2024-02-10T08:00:00Z,64.74
Sweden,SWE,2024-02-10T08:00:00Z,2024-02-10T09:00:00Z,65.72
Sweden,SWE,2024-02-10T09:00:00Z,2024-02-10T10:00:00Z,67.47
Sweden,SWE,2024-02-10T10:00:00Z,2024-02-10T11:00:00Z,67.27
Sweden,SWE,2024-02-10T11:00:00Z,2024-02-10T12:00:00Z,66.18
Sweden,SWE,2024-02-10T12:00:00Z,2024-02-10T13:00:00Z,65.12
Sweden,SWE,2024-02-10T13:00:00Z,2024-02-10T14:00:00Z,66.91
Sweden,SWE,2024-02-10T14:00:00Z,2024-02-10T15:00:00Z,67.75
Sweden,SWE,2024-02-10T15:00:00Z,2024-02-10T16:00:00Z,68.65
Sweden,SWE,2024-02-10T16:00:00Z,2024-02-10T17:00:00Z,82.63
Sweden,SWE,2024-02-10T17:00:00Z,2024-02-10T18:00:00Z,81.48
Sweden,SWE,2024-02-10T18:00:00Z,2024-02-10T19:00:00Z,68.43
Sweden,SWE,2024-02-10T19:00:00Z,2024-02-10T20:00:00Z,65.28
Sweden,SWE,2024-02-10T20:00:00Z,2024-02-10T21:00:00Z,64.18
Sweden,SWE,2024-02-10T21:00:00Z,2024-02-10T22:00:00Z,63.38
Sweden,SWE,2024-02-10T22:00:00Z,2024-02-10T23:00:00Z,61.93
Sweden,SWE,2024-02-10T23:00:00Z,2024-02-11T00:00:00Z,55.48
Sweden,SWE,2024-02-11T00:00:00Z,2024-02-11T01:00:00Z,53.67
Sweden,SWE,2024-02-11T01:00:00Z,2024-02-11T02:00:00Z,52.6
Sweden,SWE,2024-02-11T02:00:00Z,2024-02-11T03:00:00Z,46.83
Sweden,SWE,2024-02-11T03:00:00Z,2024-02-11T04:00:00Z,43.64
Sweden,SWE,2024-02-11T04:00:00Z,2024-02-11T05:00:00Z,46.25
Sweden,SWE,2024-02-11T05:00:00Z,2024-02-11T06:00:00Z,49.19
Sweden,SWE,2024-02-11T06:00:00Z,2024-02-11T07:00:00Z,53.16
Sweden,SWE,2024-02-11T07:00:00Z,2024-02-11T08:00:00Z,55.06
Sweden,SWE,2024-02-11T08:00:00Z,2024-02-11T09:00:00Z,57.97
Sweden,SWE,2024-02-11T09:00:00Z,2024-02-11T10:00:00Z,61.16
Sweden,SWE,2024-02-11T10:00:00Z,2024-02-11T11:00:00Z,63.97
Sweden,SWE,2024-02-11T11:00:00Z,2024-02-11T12:00:00Z,63.05
Sweden,SWE,2024-02-11T12:00:00Z,2024-02-11T13:00:00Z,61.73
Sweden,SWE,2024-02-11T13:00:00Z,2024-02-11T14:00:00Z,63.33
Sweden,SWE,2024-02-11T14:00:00Z,2024-02-11T15:00:00Z,64.71
Sweden,SWE,2024-02-11T15:00:00Z,2024-02-11T16:00:00Z,68.04
Sweden,SWE,2024-02-11T16:00:00Z,2024-02-11T17:00:00Z,75.37
Sweden,SWE,2024-02-11T17:00:00Z,2024-02-11T18:00:00Z,75.92
Sweden,SWE,2024-02-11T18:00:00Z,2024-02-11T19:00:00Z,70.04
Sweden,SWE,2024-02-11T19:00:00Z,2024-02-11T20:00:00Z,63.29
Sweden,SWE,2024-02-11T20:00:00Z,2024-02-11T21:00:00Z,60.37
Sweden,SWE,2024-02-11T21:00:00Z,2024-02-11T22:00:00Z,56.51
Sweden,SWE,2024-02-11T22:00:00Z,2024-02-11T23:00:00Z,57.38
Sweden,SWE,2024-02-11T23:00:00Z,2024-02-12T00:00:00Z,62.35
Sweden,SWE,2024-02-12T00:00:00Z,2024-02-12T01:00:00Z,59.94
Sweden,SWE,2024-02-12T01:00:00Z,2024-02-12T02:00:00Z,58.79
Sweden,SWE,2024-02-12T02:00:00Z,2024-02-12T03:00:00Z,57.77
Sweden,SWE,2024-02-12T03:00:00Z,2024-02-12T04:00:00Z,59.21
Sweden,SWE,2024-02-12T04:00:00Z,2024-02-12T05:00:00Z,60.04
Sweden,SWE,2024-02-12T05:00:00Z,2024-02-12T06:00:00Z,66.37
Sweden,SWE,2024-02-12T06:00:00Z,2024-02-12T07:00:00Z,79.02
Sweden,SWE,2024-02-12T07:00:00Z,2024-02-12T08:00:00Z,94.02
Sweden,SWE,2024-02-12T08:00:00Z,2024-02-12T09:00:00Z,87.99
Sweden,SWE,2024-02-12T09:00:00Z,2024-02-12T10:00:00Z,79.32
Sweden,SWE,2024-02-12T10:00:00Z,2024-02-12T11:00:00Z,74.48
Sweden,SWE,2024-02-12T11:00:00Z,2024-02-12T12:00:00Z,65.28
Sweden,SWE,2024-02-12T12:00:00Z,2024-02-12T13:00:00Z,63.75
Sweden,SWE,2024-02-12T13:00:00Z,2024-02-12T14:00:00Z,63.33
Sweden,SWE,2024-02-12T14:00:00Z,2024-02-12T15:00:00Z,64.13
Sweden,SWE,2024-02-12T15:00:00Z,2024-02-12T16:00:00Z,73.45
Sweden,SWE,2024-02-12T16:00:00Z,2024-02-12T17:00:00Z,86.13
Sweden,SWE,2024-02-12T17:00:00Z,2024-02-12T18:00:00Z,88.45
Sweden,SWE,2024-02-12T18:00:00Z,2024-02-12T19:00:00Z,82.57
Sweden,SWE,2024-02-12T19:00:00Z,2024-02-12T20:00:00Z,73.44
Sweden,SWE,2024-02-12T20:00:00Z,2024-02-12T21:00:00Z,65.96
Sweden,SWE,2024-02-12T21:00:00Z,2024-02-12T22:00:00Z,61.71
Sweden,SWE,2024-02-12T22:00:00Z,2024-02-12T23:00:00Z,58.24
Sweden,SWE,2024-02-12T23:00:00Z,2024-02-13T00:00:00Z,61.69
Sweden,SWE,2024-02-13T00:00:00Z,2024-02-13T01:00:00Z,60.57
Sweden,SWE,2024-02-13T01:00:00Z,2024-02-13T02:00:00Z,58.18
Sweden,SWE,2024-02-13T02:00:00Z,2024-02-13T03:00:00Z,56.32
Sweden,SWE,2024-02-13T03:00:00Z,2024-02-13T04:00:00Z,55.89
Sweden,SWE,2024-02-13T04:00:00Z,2024-02-13T05:00:00Z,49.07
Sweden,SWE,2024-02-13T05:00:00Z,2024-02-13T06:00:00Z,61.67
Sweden,SWE,2024-02-13T06:00:00Z,2024-02-13T07:00:00Z,69.47
Sweden,SWE,2024-02-13T07:00:00Z,2024-02-13T08:00:00Z,80.13
Sweden,SWE,2024-02-13T08:00:00Z,2024-02-13T09:00:00Z,68.9
Sweden,SWE,2024-02-13T09:00:00Z,2024-02-13T10:00:00Z,64.45
Sweden,SWE,2024-02-13T10:00:00Z,2024-02-13T11:00:00Z,61.57
Sweden,SWE,2024-02-13T11:00:00Z,2024-02-13T12:00:00Z,58.86
Sweden,SWE,2024-02-13T12:00:00Z,2024-02-13T13:00:00Z,58.36
Sweden,SWE,2024-02-13T13:00:00Z,2024-02-13T14:00:00Z,60.38
Sweden,SWE,2024-02-13T14:00:00Z,2024-02-13T15:00:00Z,64.8
Sweden,SWE,2024-02-13T15:00:00Z,2024-02-13T16:00:00Z,70.56
Sweden,SWE,2024-02-13T16:00:00Z,2024-02-13T17:00:00Z,83.88
Sweden,SWE,2024-02-13T17:00:00Z,2024-02-13T18:00:00Z,87.48
Sweden,SWE,2024-02-13T18:00:00Z,2024-02-13T19:00:00Z,80.27
Sweden,SWE,2024-02-13T19:00:00Z,2024-02-13T20:00:00Z,70.18
Sweden,SWE,2024-02-13T20:00:00Z,2024-02-13T21:00:00Z,65.57
Sweden,SWE,2024-02-13T21:00:00Z,2024-02-13T22:00:00Z,62.51
Sweden,SWE,2024-02-13T22:00:00Z,2024-02-13T23:00:00Z,57.9
Sweden,SWE,2024-02-13T23:00:00Z,2024-02-14T00:00:00Z,45.4
Sweden,SWE,2024-02-14T00:00:00Z,2024-02-14T01:00:00Z,45.67
Sweden,SWE,2024-02-14T01:00:00Z,2024-02-14T02:00:00Z,44.55
Sweden,SWE,2024-02-14T02:00:00Z,2024-02-14T03:00:00Z,44.38
Sweden,SWE,2024-02-14T03:00:00Z,2024-02-14T04:00:00Z,44.15
Sweden,SWE,2024-02-14T04:00:00Z,2024-02-14T05:00:00Z,45.64
Sweden,SWE,2024-02-14T05:00:00Z,2024-02-14T06:00:00Z,58.8
Sweden,SWE,2024-02-14T06:00:00Z,2024-02-14T07:00:00Z,66.61
Sweden,SWE,2024-02-14T07:00:00Z,2024-02-14T08:00:00Z,72.24
Sweden,SWE,2024-02-14T08:00:00Z,2024-02-14T09:00:00Z,64.29
Sweden,SWE,2024-02-14T09:00:00Z,2024-02-14T10:00:00Z,61.04
Sweden,SWE,2024-02-14T10:00:00Z,2024-02-14T11:00:00Z,60.91
Sweden,SWE,2024-02-14T11:00:00Z,2024-02-14T12:00:00Z,60.32
Sweden,SWE,2024-02-14T12:00:00Z,2024-02-14T13:00:00Z,60.45
Sweden,SWE,2024-02-14T13:00:00Z,2024-02-14T14:00:00Z,63.63
Sweden,SWE,2024-02-14T14:00:00Z,2024-02-14T15:00:00Z,66
Sweden,SWE,2024-02-14T15:00:00Z,2024-02-14T16:00:00Z,70.81
Sweden,SWE,2024-02-14T16:00:00Z,2024-02-14T17:00:00Z,74.17
Sweden,SWE,2024-02-14T17:00:00Z,2024-02-14T18:00:00Z,77.51
Sweden,SWE,2024-02-14T18:00:00Z,2024-02-14T19:00:00Z,74.91
Sweden,SWE,2024-02-14T19:00:00Z,2024-02-14T20:00:00Z,68.88
Sweden,SWE,2024-02-14T20:00:00Z,2024-02-14T21:00:00Z,55.49
Sweden,SWE,2024-02-14T21:00:00Z,2024-02-14T22:00:00Z,51.81
Sweden,SWE,2024-02-14T22:00:00Z,2024-02-14T23:00:00Z,48.03
Sweden,SWE,2024-02-14T23:00:00Z,2024-02-15T00:00:00Z,56.7
Sweden,SWE,2024-02-15T00:00:00Z,2024-02-15T01:00:00Z,56.24
Sweden,SWE,2024-02-15T01:00:00Z,2024-02-15T02:00:00Z,52.47
Sweden,SWE,2024-02-15T02:00:00Z,2024-02-15T03:00:00Z,52.63
Sweden,SWE,2024-02-15T03:00:00Z,2024-02-15T04:00:00Z,50.43
Sweden,SWE,2024-02-15T04:00:00Z,2024-02-15T05:00:00Z,51.76
Sweden,SWE,2024-02-15T05:00:00Z,2024-02-15T06:00:00Z,61.97
Sweden,SWE,2024-02-15T06:00:00Z,2024-02-15T07:00:00Z,76.5
Sweden,SWE,2024-02-15T07:00:00Z,2024-02-15T08:00:00Z,77.6
Sweden,SWE,2024-02-15T08:00:00Z,2024-02-15T09:00:00Z,76.6
Sweden,SWE,2024-02-15T09:00:00Z,2024-02-15T10:00:00Z,72.39
Sweden,SWE,2024-02-15T10:00:00Z,2024-02-15T11:00:00Z,68.15
Sweden,SWE,2024-02-15T11:00:00Z,2024-02-15T12:00:00Z,65.14
Sweden,SWE,2024-02-15T12:00:00Z,2024-02-15T13:00:00Z,64.71
Sweden,SWE,2024-02-15T13:00:00Z,2024-02-15T14:00:00Z,68.11
Sweden,SWE,2024-02-15T14:00:00Z,2024-02-15T15:00:00Z,73.24
Sweden,SWE,2024-02-15T15:00:00Z,2024-02-15T16:00:00Z,76.88
Sweden,SWE,2024-02-15T16:00:00Z,2024-02-15T17:00:00Z,82.84
Sweden,SWE,2024-02-15T17:00:00Z,2024-02-15T18:00:00Z,82.82
Sweden,SWE,2024-02-15T18:00:00Z,2024-02-15T19:00:00Z,70.88
Sweden,SWE,2024-02-15T19:00:00Z,2024-02-15T20:00:00Z,64.94
Sweden,SWE,2024-02-15T20:00:00Z,2024-02-15T21:00:00Z,56.39
Sweden,SWE,2024-02-15T21:00:00Z,2024-02-15T22:00:00Z,53.27
Sweden,SWE,2024-02-15T22:00:00Z,2024-02-15T23:00:00Z,49.78
Sweden,SWE,2024-02-15T23:00:00Z,2024-02-16T00:00:00Z,40.11
Sweden,SWE,2024-02-16T00:00:00Z,2024-02-16T01:00:00Z,34.56
Sweden,SWE,2024-02-16T01:00:00Z,2024-02-16T02:00:00Z,32.5
Sweden,SWE,2024-02-16T02:00:00Z,2024-02-16T03:00:00Z,30.16
Sweden,SWE,2024-02-16T03:00:00Z,2024-02-16T04:00:00Z,29.89
Sweden,SWE,2024-02-16T04:00:00Z,2024-02-16T05:00:00Z,32.84
Sweden,SWE,2024-02-16T05:00:00Z,2024-02-16T06:00:00Z,35.81
Sweden,SWE,2024-02-16T06:00:00Z,2024-02-16T07:00:00Z,42.49
Sweden,SWE,2024-02-16T07:00:00Z,2024-02-16T08:00:00Z,42.68
Sweden,SWE,2024-02-16T08:00:00Z,2024-02-16T09:00:00Z,41.1
Sweden,SWE,2024-02-16T09:00:00Z,2024-02-16T10:00:00Z,38.39
Sweden,SWE,2024-02-16T10:00:00Z,2024-02-16T11:00:00Z,35.21
Sweden,SWE,2024-02-16T11:00:00Z,2024-02-16T12:00:00Z,36.14
Sweden,SWE,2024-02-16T12:00:00Z,2024-02-16T13:00:00Z,32.99
Sweden,SWE,2024-02-16T13:00:00Z,2024-02-16T14:00:00Z,32.35
Sweden,SWE,2024-02-16T14:00:00Z,2024-02-16T15:00:00Z,31.29
Sweden,SWE,2024-02-16T15:00:00Z,2024-02-16T16:00:00Z,33.95
Sweden,SWE,2024-02-16T16:00:00Z,2024-02-16T17:00:00Z,37.92
Sweden,SWE,2024-02-16T17:00:00Z,2024-02-16T18:00:00Z,36.14
Sweden,SWE,2024-02-16T18:00:00Z,2024-02-16T19:00:00Z,29.99
Sweden,SWE,2024-02-16T19:00:00Z,2024-02-16T20:00:00Z,26.36
Sweden,SWE,2024-02-16T20:00:00Z,2024-02-16T21:00:00Z,25.51
Sweden,SWE,2024-02-16T21:00:00Z,2024-02-16T22:00:00Z,24.43
Sweden,SWE,2024-02-16T22:00:00Z,2024-02-16T23:00:00Z,19.56
Sweden,SWE,2024-02-16T23:00:00Z,2024-02-17T00:00:00Z,19.32
Sweden,SWE,2024-02-17T00:00:00Z,2024-02-17T01:00:00Z,18.88
Sweden,SWE,2024-02-17T01:00:00Z,2024-02-17T02:00:00Z,18.43
Sweden,SWE,2024-02-17T02:00:00Z,2024-02-17T03:00:00Z,13.22
Sweden,SWE,2024-02-17T03:00:00Z,2024-02-17T04:00:00Z,11.16
Sweden,SWE,2024-02-17T04:00:00Z,2024-02-17T05:00:00Z,9.99
Sweden,SWE,2024-02-17T05:00:00Z,2024-02-17T06:00:00Z,11.11
Sweden,SWE,2024-02-17T06:00:00Z,2024-02-17T07:00:00Z,17.23
Sweden,SWE,2024-02-17T07:00:00Z,2024-02-17T08:00:00Z,19.78
Sweden,SWE,2024-02-17T08:00:00Z,2024-02-17T09:00:00Z,21.43
Sweden,SWE,2024-02-17T09:00:00Z,2024-02-17T10:00:00Z,20.78
Sweden,SWE,2024-02-17T10:00:00Z,2024-02-17T11:00:00Z,16.91
Sweden,SWE,2024-02-17T11:00:00Z,2024-02-17T12:00:00Z,13.2
Sweden,SWE,2024-02-17T12:00:00Z,2024-02-17T13:00:00Z,12.22
Sweden,SWE,2024-02-17T13:00:00Z,2024-02-17T14:00:00Z,13
Sweden,SWE,2024-02-17T14:00:00Z,2024-02-17T15:00:00Z,26.1
Sweden,SWE,2024-02-17T15:00:00Z,2024-02-17T16:00:00Z,31.03
Sweden,SWE,2024-02-17T16:00:00Z,2024-02-17T17:00:00Z,35.81
Sweden,SWE,2024-02-17T17:00:00Z,2024-02-17T18:00:00Z,39.11
Sweden,SWE,2024-02-17T18:00:00Z,2024-02-17T19:00:00Z,35.62
Sweden,SWE,2024-02-17T19:00:00Z,2024-02-17T20:00:00Z,34.02
Sweden,SWE,2024-02-17T20:00:00Z,2024-02-17T21:00:00Z,33.58
Sweden,SWE,2024-02-17T21:00:00Z,2024-02-17T22:00:00Z,32.7
Sweden,SWE,2024-02-17T22:00:00Z,2024-02-17T23:00:00Z,31.2
Sweden,SWE,2024-02-17T23:00:00Z,2024-02-18T00:00:00Z,26.08
Sweden,SWE,2024-02-18T00:00:00Z,2024-02-18T01:00:00Z,26.95
Sweden,SWE,2024-02-18T01:00:00Z,2024-02-18T02:00:00Z,28.9
Sweden,SWE,2024-02-18T02:00:00Z,2024-02-18T03:00:00Z,31.67
Sweden,SWE,2024-02-18T03:00:00Z,2024-02-18T04:00:00Z,35.82
Sweden,SWE,2024-02-18T04:00:00Z,2024-02-18T05:00:00Z,36.9
Sweden,SWE,2024-02-18T05:00:00Z,2024-02-18T06:00:00Z,39.11
Sweden,SWE,2024-02-18T06:00:00Z,2024-02-18T07:00:00Z,40.95
Sweden,SWE,2024-02-18T07:00:00Z,2024-02-18T08:00:00Z,42.46
Sweden,SWE,2024-02-18T08:00:00Z,2024-02-18T09:00:00Z,43.03
Sweden,SWE,2024-02-18T09:00:00Z,2024-02-18T10:00:00Z,40.45
Sweden,SWE,2024-02-18T10:00:00Z,2024-02-18T11:00:00Z,41
Sweden,SWE,2024-02-18T11:00:00Z,2024-02-18T12:00:00Z,40.1
Sweden,SWE,2024-02-18T12:00:00Z,2024-02-18T13:00:00Z,39.88
Sweden,SWE,2024-02-18T13:00:00Z,2024-02-18T14:00:00Z,42.87
Sweden,SWE,2024-02-18T14:00:00Z,2024-02-18T15:00:00Z,46.66
Sweden,SWE,2024-02-18T15:00:00Z,2024-02-18T16:00:00Z,46.12
Sweden,SWE,2024-02-18T16:00:00Z,2024-02-18T17:00:00Z,46.77
Sweden,SWE,2024-02-18T17:00:00Z,2024-02-18T18:00:00Z,46.36
Sweden,SWE,2024-02-18T18:00:00Z,2024-02-18T19:00:00Z,43.14
Sweden,SWE,2024-02-18T19:00:00Z,2024-02-18T20:00:00Z,40.36
Sweden,SWE,2024-02-18T20:00:00Z,2024-02-18T21:00:00Z,43.14
Sweden,SWE,2024-02-18T21:00:00Z,2024-02-18T22:00:00Z,44.73
Sweden,SWE,2024-02-18T22:00:00Z,2024-02-18T23:00:00Z,43.69
Sweden,SWE,2024-02-18T23:00:00Z,2024-02-19T00:00:00Z,42.94
Sweden,SWE,2024-02-19T00:00:00Z,2024-02-19T01:00:00Z,42.46
Sweden,SWE,2024-02-19T01:00:00Z,2024-02-19T02:00:00Z,44.21
Sweden,SWE,2024-02-19T02:00:00Z,2024-02-19T03:00:00Z,43.91
Sweden,SWE,2024-02-19T03:00:00Z,2024-02-19T04:00:00Z,44.92
Sweden,SWE,2024-02-19T04:00:00Z,2024-02-19T05:00:00Z,51.57
Sweden,SWE,2024-02-19T05:00:00Z,2024-02-19T06:00:00Z,65.32
Sweden,SWE,2024-02-19T06:00:00Z,2024-02-19T07:00:00Z,79.09
Sweden,SWE,2024-02-19T07:00:00Z,2024-02-19T08:00:00Z,83.84
Sweden,SWE,2024-02-19T08:00:00Z,2024-02-19T09:00:00Z,75.03
Sweden,SWE,2024-02-19T09:00:00Z,2024-02-19T10:00:00Z,70.83
Sweden,SWE,2024-02-19T10:00:00Z,2024-02-19T11:00:00Z,69.13
Sweden,SWE,2024-02-19T11:00:00Z,2024-02-19T12:00:00Z,62.47
Sweden,SWE,2024-02-19T12:00:00Z,2024-02-19T13:00:00Z,60.01
Sweden,SWE,2024-02-19T13:00:00Z,2024-02-19T14:00:00Z,64.38
Sweden,SWE,2024-02-19T14:00:00Z,2024-02-19T15:00:00Z,66.78
Sweden,SWE,2024-02-19T15:00:00Z,2024-02-19T16:00:00Z,69.79
Sweden,SWE,2024-02-19T16:00:00Z,2024-02-19T17:00:00Z,75.03
Sweden,SWE,2024-02-19T17:00:00Z,2024-02-19T18:00:00Z,90.57
Sweden,SWE,2024-02-19T18:00:00Z,2024-02-19T19:00:00Z,75.93
Sweden,SWE,2024-02-19T19:00:00Z,2024-02-19T20:00:00Z,62.11
Sweden,SWE,2024-02-19T20:00:00Z,2024-02-19T21:00:00Z,55.49
Sweden,SWE,2024-02-19T21:00:00Z,2024-02-19T22:00:00Z,52.51
Sweden,SWE,2024-02-19T22:00:00Z,2024-02-19T23:00:00Z,50.91
Sweden,SWE,2024-02-19T23:00:00Z,2024-02-20T00:00:00Z,48.39
Sweden,SWE,2024-02-20T00:00:00Z,2024-02-20T01:00:00Z,46.25
Sweden,SWE,2024-02-20T01:00:00Z,2024-02-20T02:00:00Z,44.61
Sweden,SWE,2024-02-20T02:00:00Z,2024-02-20T03:00:00Z,43.85
Sweden,SWE,2024-02-20T03:00:00Z,2024-02-20T04:00:00Z,44.52
Sweden,SWE,2024-02-20T04:00:00Z,2024-02-20T05:00:00Z,51.29
Sweden,SWE,2024-02-20T05:00:00Z,2024-02-20T06:00:00Z,58.2
Sweden,SWE,2024-02-20T06:00:00Z,2024-02-20T07:00:00Z,79.63
Sweden,SWE,2024-02-20T07:00:00Z,2024-02-20T08:00:00Z,84.39
Sweden,SWE,2024-02-20T08:00:00Z,2024-02-20T09:00:00Z,77.49
Sweden,SWE,2024-02-20T09:00:00Z,2024-02-20T10:00:00Z,69.25
Sweden,SWE,2024-02-20T10:00:00Z,2024-02-20T11:00:00Z,59.42
Sweden,SWE,2024-02-20T11:00:00Z,2024-02-20T12:00:00Z,53.52
Sweden,SWE,2024-02-20T12:00:00Z,2024-02-20T13:00:00Z,51.42
Sweden,SWE,2024-02-20T13:00:00Z,2024-02-20T14:00:00Z,51.79
Sweden,SWE,2024-02-20T14:00:00Z,2024-02-20T15:00:00Z,54.81
Sweden,SWE,2024-02-20T15:00:00Z,2024-02-20T16:00:00Z,56.2
Sweden,SWE,2024-02-20T16:00:00Z,2024-02-20T17:00:00Z,64.76
Sweden,SWE,2024-02-20T17:00:00Z,2024-02-20T18:00:00Z,63.53
Sweden,SWE,2024-02-20T18:00:00Z,2024-02-20T19:00:00Z,54.25
Sweden,SWE,2024-02-20T19:00:00Z,2024-02-20T20:00:00Z,51.28
Sweden,SWE,2024-02-20T20:00:00Z,2024-02-20T21:00:00Z,43.45
Sweden,SWE,2024-02-20T21:00:00Z,2024-02-20T22:00:00Z,39.01
Sweden,SWE,2024-02-20T22:00:00Z,2024-02-20T23:00:00Z,36.01
Sweden,SWE,2024-02-20T23:00:00Z,2024-02-21T00:00:00Z,37.37
Sweden,SWE,2024-02-21T00:00:00Z,2024-02-21T01:00:00Z,36.79
Sweden,SWE,2024-02-21T01:00:00Z,2024-02-21T02:00:00Z,36.82
Sweden,SWE,2024-02-21T02:00:00Z,2024-02-21T03:00:00Z,36.82
Sweden,SWE,2024-02-21T03:00:00Z,2024-02-21T04:00:00Z,37.95
Sweden,SWE,2024-02-21T04:00:00Z,2024-02-21T05:00:00Z,39.02
Sweden,SWE,2024-02-21T05:00:00Z,2024-02-21T06:00:00Z,42.74
Sweden,SWE,2024-02-21T06:00:00Z,2024-02-21T07:00:00Z,53.39
Sweden,SWE,2024-02-21T07:00:00Z,2024-02-21T08:00:00Z,55.3
Sweden,SWE,2024-02-21T08:00:00Z,2024-02-21T09:00:00Z,56.18
Sweden,SWE,2024-02-21T09:00:00Z,2024-02-21T10:00:00Z,55.56
Sweden,SWE,2024-02-21T10:00:00Z,2024-02-21T11:00:00Z,55.35
Sweden,SWE,2024-02-21T11:00:00Z,2024-02-21T12:00:00Z,51.74
Sweden,SWE,2024-02-21T12:00:00Z,2024-02-21T13:00:00Z,49.99
Sweden,SWE,2024-02-21T13:00:00Z,2024-02-21T14:00:00Z,51.62
Sweden,SWE,2024-02-21T14:00:00Z,2024-02-21T15:00:00Z,50.64
Sweden,SWE,2024-02-21T15:00:00Z,2024-02-21T16:00:00Z,54
Sweden,SWE,2024-02-21T16:00:00Z,2024-02-21T17:00:00Z,57.83
Sweden,SWE,2024-02-21T17:00:00Z,2024-02-21T18:00:00Z,56.92
Sweden,SWE,2024-02-21T18:00:00Z,2024-02-21T19:00:00Z,53.91
Sweden,SWE,2024-02-21T19:00:00Z,2024-02-21T20:00:00Z,46.84
Sweden,SWE,2024-02-21T20:00:00Z,2024-02-21T21:00:00Z,41.76
Sweden,SWE,2024-02-21T21:00:00Z,2024-02-21T22:00:00Z,39.59
Sweden,SWE,2024-02-21T22:00:00Z,2024-02-21T23:00:00Z,34.38
Sweden,SWE,2024-02-21T23:00:00Z,2024-02-22T00:00:00Z,30.98
Sweden,SWE,2024-02-22T00:00:00Z,2024-02-22T01:00:00Z,27.42
Sweden,SWE,2024-02-22T01:00:00Z,2024-02-22T02:00:00Z,27.07
Sweden,SWE,2024-02-22T02:00:00Z,2024-02-22T03:00:00Z,27.95
Sweden,SWE,2024-02-22T03:00:00Z,2024-02-22T04:00:00Z,30.93
Sweden,SWE,2024-02-22T04:00:00Z,2024-02-22T05:00:00Z,29.33
Sweden,SWE,2024-02-22T05:00:00Z,2024-02-22T06:00:00Z,38.02
Sweden,SWE,2024-02-22T06:00:00Z,2024-02-22T07:00:00Z,54.62
Sweden,SWE,2024-02-22T07:00:00Z,2024-02-22T08:00:00Z,60.65
Sweden,SWE,2024-02-22T08:00:00Z,2024-02-22T09:00:00Z,58.45
Sweden,SWE,2024-02-22T09:00:00Z,2024-02-22T10:00:00Z,54.95
Sweden,SWE,2024-02-22T10:00:00Z,2024-02-22T11:00:00Z,59.26
Sweden,SWE,2024-02-22T11:00:00Z,2024-02-22T12:00:00Z,50.24
Sweden,SWE,2024-02-22T12:00:00Z,2024-02-22T13:00:00Z,39.06
Sweden,SWE,2024-02-22T13:00:00Z,2024-02-22T14:00:00Z,38.52
Sweden,SWE,2024-02-22T14:00:00Z,2024-02-22T15:00:00Z,39.18
Sweden,SWE,2024-02-22T15:00:00Z,2024-02-22T16:00:00Z,38.65
Sweden,SWE,2024-02-22T16:00:00Z,2024-02-22T17:00:00Z,38.51
Sweden,SWE,2024-02-22T17:00:00Z,2024-02-22T18:00:00Z,37.86
Sweden,SWE,2024-02-22T18:00:00Z,2024-02-22T19:00:00Z,34.45
Sweden,SWE,2024-02-22T19:00:00Z,2024-02-22T20:00:00Z,31.84
Sweden,SWE,2024-02-22T20:00:00Z,2024-02-22T21:00:00Z,24.44
Sweden,SWE,2024-02-22T21:00:00Z,2024-02-22T22:00:00Z,12.06
Sweden,SWE,2024-02-22T22:00:00Z,2024-02-22T23:00:00Z,1.95
Sweden,SWE,2024-02-22T23:00:00Z,2024-02-23T00:00:00Z,1.6
Sweden,SWE,2024-02-23T00:00:00Z,2024-02-23T01:00:00Z,1.04
Sweden,SWE,2024-02-23T01:00:00Z,2024-02-23T02:00:00Z,0.35
Sweden,SWE,2024-02-23T02:00:00Z,2024-02-23T03:00:00Z,0
Sweden,SWE,2024-02-23T03:00:00Z,2024-02-23T04:00:00Z,0
Sweden,SWE,2024-02-23T04:00:00Z,2024-02-23T05:00:00Z,0
Sweden,SWE,2024-02-23T05:00:00Z,2024-02-23T06:00:00Z,2.61
Sweden,SWE,2024-02-23T06:00:00Z,2024-02-23T07:00:00Z,14.36
Sweden,SWE,2024-02-23T07:00:00Z,2024-02-23T08:00:00Z,14.68
Sweden,SWE,2024-02-23T08:00:00Z,2024-02-23T09:00:00Z,12.44
Sweden,SWE,2024-02-23T09:00:00Z,2024-02-23T10:00:00Z,5
Sweden,SWE,2024-02-23T10:00:00Z,2024-02-23T11:00:00Z,4.92
Sweden,SWE,2024-02-23T11:00:00Z,2024-02-23T12:00:00Z,6.64
Sweden,SWE,2024-02-23T12:00:00Z,2024-02-23T13:00:00Z,3.48
Sweden,SWE,2024-02-23T13:00:00Z,2024-02-23T14:00:00Z,0.19
Sweden,SWE,2024-02-23T14:00:00Z,2024-02-23T15:00:00Z,0.01
Sweden,SWE,2024-02-23T15:00:00Z,2024-02-23T16:00:00Z,2.4
Sweden,SWE,2024-02-23T16:00:00Z,2024-02-23T17:00:00Z,6
Sweden,SWE,2024-02-23T17:00:00Z,2024-02-23T18:00:00Z,5.37
Sweden,SWE,2024-02-23T18:00:00Z,2024-02-23T19:00:00Z,1.98
Sweden,SWE,2024-02-23T19:00:00Z,2024-02-23T20:00:00Z,0
Sweden,SWE,2024-02-23T20:00:00Z,2024-02-23T21:00:00Z,-0.09
Sweden,SWE,2024-02-23T21:00:00Z,2024-02-23T22:00:00Z,-0.15
Sweden,SWE,2024-02-23T22:00:00Z,2024-02-23T23:00:00Z,-0.98
Sweden,SWE,2024-02-23T23:00:00Z,2024-02-24T00:00:00Z,0
Sweden,SWE,2024-02-24T00:00:00Z,2024-02-24T01:00:00Z,0
Sweden,SWE,2024-02-24T01:00:00Z,2024-02-24T02:00:00Z,0.01
Sweden,SWE,2024-02-24T02:00:00Z,2024-02-24T03:00:00Z,3.42
Sweden,SWE,2024-02-24T03:00:00Z,2024-02-24T04:00:00Z,6.45
Sweden,SWE,2024-02-24T04:00:00Z,2024-02-24T05:00:00Z,14.18
Sweden,SWE,2024-02-24T05:00:00Z,2024-02-24T06:00:00Z,15.32
Sweden,SWE,2024-02-24T06:00:00Z,2024-02-24T07:00:00Z,20.7
Sweden,SWE,2024-02-24T07:00:00Z,2024-02-24T08:00:00Z,32.56
Sweden,SWE,2024-02-24T08:00:00Z,2024-02-24T09:00:00Z,40.96
Sweden,SWE,2024-02-24T09:00:00Z,2024-02-24T10:00:00Z,43.56
Sweden,SWE,2024-02-24T10:00:00Z,2024-02-24T11:00:00Z,39.84
Sweden,SWE,2024-02-24T11:00:00Z,2024-02-24T12:00:00Z,30.09
Sweden,SWE,2024-02-24T12:00:00Z,2024-02-24T13:00:00Z,30.45
Sweden,SWE,2024-02-24T13:00:00Z,2024-02-24T14:00:00Z,31.04
Sweden,SWE,2024-02-24T14:00:00Z,2024-02-24T15:00:00Z,33.81
Sweden,SWE,2024-02-24T15:00:00Z,2024-02-24T16:00:00Z,48.52
Sweden,SWE,2024-02-24T16:00:00Z,2024-02-24T17:00:00Z,52.75
Sweden,SWE,2024-02-24T17:00:00Z,2024-02-24T18:00:00Z,66.14
Sweden,SWE,2024-02-24T18:00:00Z,2024-02-24T19:00:00Z,47.61
Sweden,SWE,2024-02-24T19:00:00Z,2024-02-24T20:00:00Z,38.52
Sweden,SWE,2024-02-24T20:00:00Z,2024-02-24T21:00:00Z,41.21
Sweden,SWE,2024-02-24T21:00:00Z,2024-02-24T22:00:00Z,40.06
Sweden,SWE,2024-02-24T22:00:00Z,2024-02-24T23:00:00Z,36.58
Sweden,SWE,2024-02-24T23:00:00Z,2024-02-25T00:00:00Z,33.35
Sweden,SWE,2024-02-25T00:00:00Z,2024-02-25T01:00:00Z,33.51
Sweden,SWE,2024-02-25T01:00:00Z,2024-02-25T02:00:00Z,31.74
Sweden,SWE,2024-02-25T02:00:00Z,2024-02-25T03:00:00Z,31.27
Sweden,SWE,2024-02-25T03:00:00Z,2024-02-25T04:00:00Z,30.88
Sweden,SWE,2024-02-25T04:00:00Z,2024-02-25T05:00:00Z,30.51
Sweden,SWE,2024-02-25T05:00:00Z,2024-02-25T06:00:00Z,30.72
Sweden,SWE,2024-02-25T06:00:00Z,2024-02-25T07:00:00Z,30.87
Sweden,SWE,2024-02-25T07:00:00Z,2024-02-25T08:00:00Z,33.76
Sweden,SWE,2024-02-25T08:00:00Z,2024-02-25T09:00:00Z,35.08
Sweden,SWE,2024-02-25T09:00:00Z,2024-02-25T10:00:00Z,35.2
Sweden,SWE,2024-02-25T10:00:00Z,2024-02-25T11:00:00Z,34.17
Sweden,SWE,2024-02-25T11:00:00Z,2024-02-25T12:00:00Z,30.41
Sweden,SWE,2024-02-25T12:00:00Z,2024-02-25T13:00:00Z,30.11
Sweden,SWE,2024-02-25T13:00:00Z,2024-02-25T14:00:00Z,30.02
Sweden,SWE,2024-02-25T14:00:00Z,2024-02-25T15:00:00Z,30.67
Sweden,SWE,2024-02-25T15:00:00Z,2024-02-25T16:00:00Z,43.18
Sweden,SWE,2024-02-25T16:00:00Z,2024-02-25T17:00:00Z,70.8
Sweden,SWE,2024-02-25T17:00:00Z,2024-02-25T18:00:00Z,81.35
Sweden,SWE,2024-02-25T18:00:00Z,2024-02-25T19:00:00Z,66.98
Sweden,SWE,2024-02-25T19:00:00Z,2024-02-25T20:00:00Z,57.88
Sweden,SWE,2024-02-25T20:00:00Z,2024-02-25T21:00:00Z,41.43
Sweden,SWE,2024-02-25T21:00:00Z,2024-02-25T22:00:00Z,37.53
Sweden,SWE,2024-02-25T22:00:00Z,2024-02-25T23:00:00Z,30.01
Sweden,SWE,2024-02-25T23:00:00Z,2024-02-26T00:00:00Z,31.34
Sweden,SWE,2024-02-26T00:00:00Z,2024-02-26T01:00:00Z,31.52
Sweden,SWE,2024-02-26T01:00:00Z,2024-02-26T02:00:00Z,32.14
Sweden,SWE,2024-02-26T02:00:00Z,2024-02-26T03:00:00Z,32.36
Sweden,SWE,2024-02-26T03:00:00Z,2024-02-26T04:00:00Z,36.21
Sweden,SWE,2024-02-26T04:00:00Z,2024-02-26T05:00:00Z,38.51
Sweden,SWE,2024-02-26T05:00:00Z,2024-02-26T06:00:00Z,49.61
Sweden,SWE,2024-02-26T06:00:00Z,2024-02-26T07:00:00Z,63.1
Sweden,SWE,2024-02-26T07:00:00Z,2024-02-26T08:00:00Z,73.45
Sweden,SWE,2024-02-26T08:00:00Z,2024-02-26T09:00:00Z,67
Sweden,SWE,2024-02-26T09:00:00Z,2024-02-26T10:00:00Z,61.63
Sweden,SWE,2024-02-26T10:00:00Z,2024-02-26T11:00:00Z,61.14
Sweden,SWE,2024-02-26T11:00:00Z,2024-02-26T12:00:00Z,56.89
Sweden,SWE,2024-02-26T12:00:00Z,2024-02-26T13:00:00Z,56.62
Sweden,SWE,2024-02-26T13:00:00Z,2024-02-26T14:00:00Z,58.83
Sweden,SWE,2024-02-26T14:00:00Z,2024-02-26T15:00:00Z,59.22
Sweden,SWE,2024-02-26T15:00:00Z,2024-02-26T16:00:00Z,61.28
Sweden,SWE,2024-02-26T16:00:00Z,2024-02-26T17:00:00Z,70.13
Sweden,SWE,2024-02-26T17:00:00Z,2024-02-26T18:00:00Z,76.66
Sweden,SWE,2024-02-26T18:00:00Z,2024-02-26T19:00:00Z,72.77
Sweden,SWE,2024-02-26T19:00:00Z,2024-02-26T20:00:00Z,65.54
Sweden,SWE,2024-02-26T20:00:00Z,2024-02-26T21:00:00Z,60.25
Sweden,SWE,2024-02-26T21:00:00Z,2024-02-26T22:00:00Z,57.46
Sweden,SWE,2024-02-26T22:00:00Z,2024-02-26T23:00:00Z,55.02
Sweden,SWE,2024-02-26T23:00:00Z,2024-02-27T00:00:00Z,52.79
Sweden,SWE,2024-02-27T00:00:00Z,2024-02-27T01:00:00Z,51.38
Sweden,SWE,2024-02-27T01:00:00Z,2024-02-27T02:00:00Z,49.15
Sweden,SWE,2024-02-27T02:00:00Z,2024-02-27T03:00:00Z,49.68
Sweden,SWE,2024-02-27T03:00:00Z,2024-02-27T04:00:00Z,52.3
Sweden,SWE,2024-02-27T04:00:00Z,2024-02-27T05:00:00Z,53.94
Sweden,SWE,2024-02-27T05:00:00Z,2024-02-27T06:00:00Z,58.86
Sweden,SWE,2024-02-27T06:00:00Z,2024-02-27T07:00:00Z,83.74
Sweden,SWE,2024-02-27T07:00:00Z,2024-02-27T08:00:00Z,83.94
Sweden,SWE,2024-02-27T08:00:00Z,2024-02-27T09:00:00Z,70.62
Sweden,SWE,2024-02-27T09:00:00Z,2024-02-27T10:00:00Z,60.42
Sweden,SWE,2024-02-27T10:00:00Z,2024-02-27T11:00:00Z,58.02
Sweden,SWE,2024-02-27T11:00:00Z,2024-02-27T12:00:00Z,54.83
Sweden,SWE,2024-02-27T12:00:00Z,2024-02-27T13:00:00Z,55.17
Sweden,SWE,2024-02-27T13:00:00Z,2024-02-27T14:00:00Z,54.63
Sweden,SWE,2024-02-27T14:00:00Z,2024-02-27T15:00:00Z,55.62
Sweden,SWE,2024-02-27T15:00:00Z,2024-02-27T16:00:00Z,58.59
Sweden,SWE,2024-02-27T16:00:00Z,2024-02-27T17:00:00Z,61.82
Sweden,SWE,2024-02-27T17:00:00Z,2024-02-27T18:00:00Z,63.61
Sweden,SWE,2024-02-27T18:00:00Z,2024-02-27T19:00:00Z,62.01
Sweden,SWE,2024-02-27T19:00:00Z,2024-02-27T20:00:00Z,39.72
Sweden,SWE,2024-02-27T20:00:00Z,2024-02-27T21:00:00Z,35.71
Sweden,SWE,2024-02-27T21:00:00Z,2024-02-27T22:00:00Z,32.14
Sweden,SWE,2024-02-27T22:00:00Z,2024-02-27T23:00:00Z,28
Sweden,SWE,2024-02-27T23:00:00Z,2024-02-28T00:00:00Z,24.58
Sweden,SWE,2024-02-28T00:00:00Z,2024-02-28T01:00:00Z,24.18
Sweden,SWE,2024-02-28T01:00:00Z,2024-02-28T02:00:00Z,24.22
Sweden,SWE,2024-02-28T02:00:00Z,2024-02-28T03:00:00Z,24.45
Sweden,SWE,2024-02-28T03:00:00Z,2024-02-28T04:00:00Z,25.16
Sweden,SWE,2024-02-28T04:00:00Z,2024-02-28T05:00:00Z,26.74
Sweden,SWE,2024-02-28T05:00:00Z,2024-02-28T06:00:00Z,30.56
Sweden,SWE,2024-02-28T06:00:00Z,2024-02-28T07:00:00Z,38.5
Sweden,SWE,2024-02-28T07:00:00Z,2024-02-28T08:00:00Z,41.31
Sweden,SWE,2024-02-28T08:00:00Z,2024-02-28T09:00:00Z,37.61
Sweden,SWE,2024-02-28T09:00:00Z,2024-02-28T10:00:00Z,34.23
Sweden,SWE,2024-02-28T10:00:00Z,2024-02-28T11:00:00Z,31.98
Sweden,SWE,2024-02-28T11:00:00Z,2024-02-28T12:00:00Z,29.11
Sweden,SWE,2024-02-28T12:00:00Z,2024-02-28T13:00:00Z,27.98
Sweden,SWE,2024-02-28T13:00:00Z,2024-02-28T14:00:00Z,28.46
Sweden,SWE,2024-02-28T14:00:00Z,2024-02-28T15:00:00Z,30.23
Sweden,SWE,2024-02-28T15:00:00Z,2024-02-28T16:00:00Z,31.09
Sweden,SWE,2024-02-28T16:00:00Z,2024-02-28T17:00:00Z,35.28
Sweden,SWE,2024-02-28T17:00:00Z,2024-02-28T18:00:00Z,34.85
Sweden,SWE,2024-02-28T18:00:00Z,2024-02-28T19:00:00Z,30.99
Sweden,SWE,2024-02-28T19:00:00Z,2024-02-28T20:00:00Z,28.86
Sweden,SWE,2024-02-28T20:00:00Z,2024-02-28T21:00:00Z,21.73
Sweden,SWE,2024-02-28T21:00:00Z,2024-02-28T22:00:00Z,18.8
Sweden,SWE,2024-02-28T22:00:00Z,2024-02-28T23:00:00Z,16.57
Sweden,SWE,2024-02-29T23:00:00Z,2024-03-01T00:00:00Z,6.2
Sweden,SWE,2024-03-01T00:00:00Z,2024-03-01T01:00:00Z,8.64
Sweden,SWE,2024-03-01T01:00:00Z,2024-03-01T02:00:00Z,11
Sweden,SWE,2024-03-01T02:00:00Z,2024-03-01T03:00:00Z,13
Sweden,SWE,2024-03-01T03:00:00Z,2024-03-01T04:00:00Z,14.33
Sweden,SWE,2024-03-01T04:00:00Z,2024-03-01T05:00:00Z,20.46
Sweden,SWE,2024-03-01T05:00:00Z,2024-03-01T06:00:00Z,23
Sweden,SWE,2024-03-01T06:00:00Z,2024-03-01T07:00:00Z,25.97
Sweden,SWE,2024-03-01T07:00:00Z,2024-03-01T08:00:00Z,34.73
Sweden,SWE,2024-03-01T08:00:00Z,2024-03-01T09:00:00Z,35.87
Sweden,SWE,2024-03-01T09:00:00Z,2024-03-01T10:00:00Z,53
Sweden,SWE,2024-03-01T10:00:00Z,2024-03-01T11:00:00Z,50.3
Sweden,SWE,2024-03-01T11:00:00Z,2024-03-01T12:00:00Z,34.06
Sweden,SWE,2024-03-01T12:00:00Z,2024-03-01T13:00:00Z,30.97
Sweden,SWE,2024-03-01T13:00:00Z,2024-03-01T14:00:00Z,29.89
Sweden,SWE,2024-03-01T14:00:00Z,2024-03-01T15:00:00Z,37.44
Sweden,SWE,2024-03-01T15:00:00Z,2024-03-01T16:00:00Z,46.87
Sweden,SWE,2024-03-01T16:00:00Z,2024-03-01T17:00:00Z,59.25
Sweden,SWE,2024-03-01T17:00:00Z,2024-03-01T18:00:00Z,58.31
Sweden,SWE,2024-03-01T18:00:00Z,2024-03-01T19:00:00Z,38.4
Sweden,SWE,2024-03-01T19:00:00Z,2024-03-01T20:00:00Z,27.15
Sweden,SWE,2024-03-01T20:00:00Z,2024-03-01T21:00:00Z,26.39
Sweden,SWE,2024-03-01T21:00:00Z,2024-03-01T22:00:00Z,26.78
Sweden,SWE,2024-03-01T22:00:00Z,2024-03-01T23:00:00Z,25.95
Sweden,SWE,2024-03-01T23:00:00Z,2024-03-02T00:00:00Z,31.17
Sweden,SWE,2024-03-02T00:00:00Z,2024-03-02T01:00:00Z,33.1
Sweden,SWE,2024-03-02T01:00:00Z,2024-03-02T02:00:00Z,34.68
Sweden,SWE,2024-03-02T02:00:00Z,2024-03-02T03:00:00Z,35.43
Sweden,SWE,2024-03-02T03:00:00Z,2024-03-02T04:00:00Z,36.94
Sweden,SWE,2024-03-02T04:00:00Z,2024-03-02T05:00:00Z,37.95
Sweden,SWE,2024-03-02T05:00:00Z,2024-03-02T06:00:00Z,36.45
Sweden,SWE,2024-03-02T06:00:00Z,2024-03-02T07:00:00Z,37.89
Sweden,SWE,2024-03-02T07:00:00Z,2024-03-02T08:00:00Z,39.93
Sweden,SWE,2024-03-02T08:00:00Z,2024-03-02T09:00:00Z,42.09
Sweden,SWE,2024-03-02T09:00:00Z,2024-03-02T10:00:00Z,41.43
Sweden,SWE,2024-03-02T10:00:00Z,2024-03-02T11:00:00Z,43.1
Sweden,SWE,2024-03-02T11:00:00Z,2024-03-02T12:00:00Z,43.72
Sweden,SWE,2024-03-02T12:00:00Z,2024-03-02T13:00:00Z,47.93
Sweden,SWE,2024-03-02T13:00:00Z,2024-03-02T14:00:00Z,49.35
Sweden,SWE,2024-03-02T14:00:00Z,2024-03-02T15:00:00Z,50.64
Sweden,SWE,2024-03-02T15:00:00Z,2024-03-02T16:00:00Z,57.59
Sweden,SWE,2024-03-02T16:00:00Z,2024-03-02T17:00:00Z,59.99
Sweden,SWE,2024-03-02T17:00:00Z,2024-03-02T18:00:00Z,60.55
Sweden,SWE,2024-03-02T18:00:00Z,2024-03-02T19:00:00Z,57.7
Sweden,SWE,2024-03-02T19:00:00Z,2024-03-02T20:00:00Z,50.59
Sweden,SWE,2024-03-02T20:00:00Z,2024-03-02T21:00:00Z,48.07
Sweden,SWE,2024-03-02T21:00:00Z,2024-03-02T22:00:00Z,54.41
Sweden,SWE,2024-03-02T22:00:00Z,2024-03-02T23:00:00Z,44.85
Sweden,SWE,2024-03-02T23:00:00Z,2024-03-03T00:00:00Z,51.57
Sweden,SWE,2024-03-03T00:00:00Z,2024-03-03T01:00:00Z,51.97
Sweden,SWE,2024-03-03T01:00:00Z,2024-03-03T02:00:00Z,52.51
Sweden,SWE,2024-03-03T02:00:00Z,2024-03-03T03:00:00Z,53.49
Sweden,SWE,2024-03-03T03:00:00Z,2024-03-03T04:00:00Z,53.71
Sweden,SWE,2024-03-03T04:00:00Z,2024-03-03T05:00:00Z,54.21
Sweden,SWE,2024-03-03T05:00:00Z,2024-03-03T06:00:00Z,54.66
Sweden,SWE,2024-03-03T06:00:00Z,2024-03-03T07:00:00Z,55.51
Sweden,SWE,2024-03-03T07:00:00Z,2024-03-03T08:00:00Z,54.77
Sweden,SWE,2024-03-03T08:00:00Z,2024-03-03T09:00:00Z,53.99
Sweden,SWE,2024-03-03T09:00:00Z,2024-03-03T10:00:00Z,52.01
Sweden,SWE,2024-03-03T10:00:00Z,2024-03-03T11:00:00Z,49.46
Sweden,SWE,2024-03-03T11:00:00Z,2024-03-03T12:00:00Z,47.51
Sweden,SWE,2024-03-03T12:00:00Z,2024-03-03T13:00:00Z,42.51
Sweden,SWE,2024-03-03T13:00:00Z,2024-03-03T14:00:00Z,46.84
Sweden,SWE,2024-03-03T14:00:00Z,2024-03-03T15:00:00Z,54.13
Sweden,SWE,2024-03-03T15:00:00Z,2024-03-03T16:00:00Z,58.35
Sweden,SWE,2024-03-03T16:00:00Z,2024-03-03T17:00:00Z,62.9
Sweden,SWE,2024-03-03T17:00:00Z,2024-03-03T18:00:00Z,63.36
Sweden,SWE,2024-03-03T18:00:00Z,2024-03-03T19:00:00Z,61.14
Sweden,SWE,2024-03-03T19:00:00Z,2024-03-03T20:00:00Z,59.79
Sweden,SWE,2024-03-03T20:00:00Z,2024-03-03T21:00:00Z,58.86
Sweden,SWE,2024-03-03T21:00:00Z,2024-03-03T22:00:00Z,58.32
Sweden,SWE,2024-03-03T22:00:00Z,2024-03-03T23:00:00Z,57.93
Sweden,SWE,2024-03-03T23:00:00Z,2024-03-04T00:00:00Z,58.49
Sweden,SWE,2024-03-04T00:00:00Z,2024-03-04T01:00:00Z,58.81
Sweden,SWE,2024-03-04T01:00:00Z,2024-03-04T02:00:00Z,58.7
Sweden,SWE,2024-03-04T02:00:00Z,2024-03-04T03:00:00Z,58.8
Sweden,SWE,2024-03-04T03:00:00Z,2024-03-04T04:00:00Z,58.99
Sweden,SWE,2024-03-04T04:00:00Z,2024-03-04T05:00:00Z,59.88
Sweden,SWE,2024-03-04T05:00:00Z,2024-03-04T06:00:00Z,60.92
Sweden,SWE,2024-03-04T06:00:00Z,2024-03-04T07:00:00Z,93.58
Sweden,SWE,2024-03-04T07:00:00Z,2024-03-04T08:00:00Z,99.78
Sweden,SWE,2024-03-04T08:00:00Z,2024-03-04T09:00:00Z,82.2
Sweden,SWE,2024-03-04T09:00:00Z,2024-03-04T10:00:00Z,63.72
Sweden,SWE,2024-03-04T10:00:00Z,2024-03-04T11:00:00Z,58.52
Sweden,SWE,2024-03-04T11:00:00Z,2024-03-04T12:00:00Z,59.25
Sweden,SWE,2024-03-04T12:00:00Z,2024-03-04T13:00:00Z,59.21
Sweden,SWE,2024-03-04T13:00:00Z,2024-03-04T14:00:00Z,59.6
Sweden,SWE,2024-03-04T14:00:00Z,2024-03-04T15:00:00Z,59.87
Sweden,SWE,2024-03-04T15:00:00Z,2024-03-04T16:00:00Z,60.42
Sweden,SWE,2024-03-04T16:00:00Z,2024-03-04T17:00:00Z,72.33
Sweden,SWE,2024-03-04T17:00:00Z,2024-03-04T18:00:00Z,72.33
Sweden,SWE,2024-03-04T18:00:00Z,2024-03-04T19:00:00Z,62.78
Sweden,SWE,2024-03-04T19:00:00Z,2024-03-04T20:00:00Z,60.89
Sweden,SWE,2024-03-04T20:00:00Z,2024-03-04T21:00:00Z,59.24
Sweden,SWE,2024-03-04T21:00:00Z,2024-03-04T22:00:00Z,58.24
Sweden,SWE,2024-03-04T22:00:00Z,2024-03-04T23:00:00Z,57.87
Sweden,SWE,2024-03-04T23:00:00Z,2024-03-05T00:00:00Z,56.21
Sweden,SWE,2024-03-05T00:00:00Z,2024-03-05T01:00:00Z,56.48
Sweden,SWE,2024-03-05T01:00:00Z,2024-03-05T02:00:00Z,56.46
Sweden,SWE,2024-03-05T02:00:00Z,2024-03-05T03:00:00Z,56.36
Sweden,SWE,2024-03-05T03:00:00Z,2024-03-05T04:00:00Z,56.47
Sweden,SWE,2024-03-05T04:00:00Z,2024-03-05T05:00:00Z,57.39
Sweden,SWE,2024-03-05T05:00:00Z,2024-03-05T06:00:00Z,58.38
Sweden,SWE,2024-03-05T06:00:00Z,2024-03-05T07:00:00Z,60.3
Sweden,SWE,2024-03-05T07:00:00Z,2024-03-05T08:00:00Z,61.24
Sweden,SWE,2024-03-05T08:00:00Z,2024-03-05T09:00:00Z,59.64
Sweden,SWE,2024-03-05T09:00:00Z,2024-03-05T10:00:00Z,59.18
Sweden,SWE,2024-03-05T10:00:00Z,2024-03-05T11:00:00Z,59.22
Sweden,SWE,2024-03-05T11:00:00Z,2024-03-05T12:00:00Z,58.61
Sweden,SWE,2024-03-05T12:00:00Z,2024-03-05T13:00:00Z,58.59
Sweden,SWE,2024-03-05T13:00:00Z,2024-03-05T14:00:00Z,59.06
Sweden,SWE,2024-03-05T14:00:00Z,2024-03-05T15:00:00Z,59.65
Sweden,SWE,2024-03-05T15:00:00Z,2024-03-05T16:00:00Z,60.69
Sweden,SWE,2024-03-05T16:00:00Z,2024-03-05T17:00:00Z,73.86
Sweden,SWE,2024-03-05T17:00:00Z,2024-03-05T18:00:00Z,95.72
Sweden,SWE,2024-03-05T18:00:00Z,2024-03-05T19:00:00Z,78.77
Sweden,SWE,2024-03-05T19:00:00Z,2024-03-05T20:00:00Z,67.87
Sweden,SWE,2024-03-05T20:00:00Z,2024-03-05T21:00:00Z,63.73
Sweden,SWE,2024-03-05T21:00:00Z,2024-03-05T22:00:00Z,61.98
Sweden,SWE,2024-03-05T22:00:00Z,2024-03-05T23:00:00Z,60.79
Sweden,SWE,2024-03-05T23:00:00Z,2024-03-06T00:00:00Z,64.02
Sweden,SWE,2024-03-06T00:00:00Z,2024-03-06T01:00:00Z,62.77
Sweden,SWE,2024-03-06T01:00:00Z,2024-03-06T02:00:00Z,62.17
Sweden,SWE,2024-03-06T02:00:00Z,2024-03-06T03:00:00Z,62.74
Sweden,SWE,2024-03-06T03:00:00Z,2024-03-06T04:00:00Z,64.92
Sweden,SWE,2024-03-06T04:00:00Z,2024-03-06T05:00:00Z,68.58
Sweden,SWE,2024-03-06T05:00:00Z,2024-03-06T06:00:00Z,80.97
Sweden,SWE,2024-03-06T06:00:00Z,2024-03-06T07:00:00Z,103.64
Sweden,SWE,2024-03-06T07:00:00Z,2024-03-06T08:00:00Z,106.09
Sweden,SWE,2024-03-06T08:00:00Z,2024-03-06T09:00:00Z,84.68
Sweden,SWE,2024-03-06T09:00:00Z,2024-03-06T10:00:00Z,73.39
Sweden,SWE,2024-03-06T10:00:00Z,2024-03-06T11:00:00Z,69.67
Sweden,SWE,2024-03-06T11:00:00Z,2024-03-06T12:00:00Z,67.32
Sweden,SWE,2024-03-06T12:00:00Z,2024-03-06T13:00:00Z,67.28
Sweden,SWE,2024-03-06T13:00:00Z,2024-03-06T14:00:00Z,68.48
Sweden,SWE,2024-03-06T14:00:00Z,2024-03-06T15:00:00Z,70.05
Sweden,SWE,2024-03-06T15:00:00Z,2024-03-06T16:00:00Z,77.55
Sweden,SWE,2024-03-06T16:00:00Z,2024-03-06T17:00:00Z,100
Sweden,SWE,2024-03-06T17:00:00Z,2024-03-06T18:00:00Z,118.61
Sweden,SWE,2024-03-06T18:00:00Z,2024-03-06T19:00:00Z,113.53
Sweden,SWE,2024-03-06T19:00:00Z,2024-03-06T20:00:00Z,90.52
Sweden,SWE,2024-03-06T20:00:00Z,2024-03-06T21:00:00Z,77.77
Sweden,SWE,2024-03-06T21:00:00Z,2024-03-06T22:00:00Z,73.43
Sweden,SWE,2024-03-06T22:00:00Z,2024-03-06T23:00:00Z,66.6
Sweden,SWE,2024-03-06T23:00:00Z,2024-03-07T00:00:00Z,68.49
Sweden,SWE,2024-03-07T00:00:00Z,2024-03-07T01:00:00Z,66.51
Sweden,SWE,2024-03-07T01:00:00Z,2024-03-07T02:00:00Z,65.43
Sweden,SWE,2024-03-07T02:00:00Z,2024-03-07T03:00:00Z,64.79
Sweden,SWE,2024-03-07T03:00:00Z,2024-03-07T04:00:00Z,65.37
Sweden,SWE,2024-03-07T04:00:00Z,2024-03-07T05:00:00Z,67.19
Sweden,SWE,2024-03-07T05:00:00Z,2024-03-07T06:00:00Z,78.4
Sweden,SWE,2024-03-07T06:00:00Z,2024-03-07T07:00:00Z,98.53
Sweden,SWE,2024-03-07T07:00:00Z,2024-03-07T08:00:00Z,90.11
Sweden,SWE,2024-03-07T08:00:00Z,2024-03-07T09:00:00Z,75.09
Sweden,SWE,2024-03-07T09:00:00Z,2024-03-07T10:00:00Z,68.59
Sweden,SWE,2024-03-07T10:00:00Z,2024-03-07T11:00:00Z,64.13
Sweden,SWE,2024-03-07T11:00:00Z,2024-03-07T12:00:00Z,60.98
Sweden,SWE,2024-03-07T12:00:00Z,2024-03-07T13:00:00Z,60.26
Sweden,SWE,2024-03-07T13:00:00Z,2024-03-07T14:00:00Z,61.81
Sweden,SWE,2024-03-07T14:00:00Z,2024-03-07T15:00:00Z,63.7
Sweden,SWE,2024-03-07T15:00:00Z,2024-03-07T16:00:00Z,65.2
Sweden,SWE,2024-03-07T16:00:00Z,2024-03-07T17:00:00Z,82.13
Sweden,SWE,2024-03-07T17:00:00Z,2024-03-07T18:00:00Z,96.32
Sweden,SWE,2024-03-07T18:00:00Z,2024-03-07T19:00:00Z,82.93
Sweden,SWE,2024-03-07T19:00:00Z,2024-03-07T20:00:00Z,76.52
Sweden,SWE,2024-03-07T20:00:00Z,2024-03-07T21:00:00Z,67.61
Sweden,SWE,2024-03-07T21:00:00Z,2024-03-07T22:00:00Z,65.11
Sweden,SWE,2024-03-07T22:00:00Z,2024-03-07T23:00:00Z,63.8
Sweden,SWE,2024-03-07T23:00:00Z,2024-03-08T00:00:00Z,66.24
Sweden,SWE,2024-03-08T00:00:00Z,2024-03-08T01:00:00Z,64.97
Sweden,SWE,2024-03-08T01:00:00Z,2024-03-08T02:00:00Z,64.97
Sweden,SWE,2024-03-08T02:00:00Z,2024-03-08T03:00:00Z,64.08
Sweden,SWE,2024-03-08T03:00:00Z,2024-03-08T04:00:00Z,64.33
Sweden,SWE,2024-03-08T04:00:00Z,2024-03-08T05:00:00Z,65.42
Sweden,SWE,2024-03-08T05:00:00Z,2024-03-08T06:00:00Z,76.94
Sweden,SWE,2024-03-08T06:00:00Z,2024-03-08T07:00:00Z,95.06
Sweden,SWE,2024-03-08T07:00:00Z,2024-03-08T08:00:00Z,88.89
Sweden,SWE,2024-03-08T08:00:00Z,2024-03-08T09:00:00Z,72.57
Sweden,SWE,2024-03-08T09:00:00Z,2024-03-08T10:00:00Z,59.37
Sweden,SWE,2024-03-08T10:00:00Z,2024-03-08T11:00:00Z,55.78
Sweden,SWE,2024-03-08T11:00:00Z,2024-03-08T12:00:00Z,54.17
Sweden,SWE,2024-03-08T12:00:00Z,2024-03-08T13:00:00Z,52.8
Sweden,SWE,2024-03-08T13:00:00Z,2024-03-08T14:00:00Z,51.98
Sweden,SWE,2024-03-08T14:00:00Z,2024-03-08T15:00:00Z,52.72
Sweden,SWE,2024-03-08T15:00:00Z,2024-03-08T16:00:00Z,58.11
Sweden,SWE,2024-03-08T16:00:00Z,2024-03-08T17:00:00Z,69.61
Sweden,SWE,2024-03-08T17:00:00Z,2024-03-08T18:00:00Z,77.31
Sweden,SWE,2024-03-08T18:00:00Z,2024-03-08T19:00:00Z,77.55
Sweden,SWE,2024-03-08T19:00:00Z,2024-03-08T20:00:00Z,69
Sweden,SWE,2024-03-08T20:00:00Z,2024-03-08T21:00:00Z,63.3
Sweden,SWE,2024-03-08T21:00:00Z,2024-03-08T22:00:00Z,63.02
Sweden,SWE,2024-03-08T22:00:00Z,2024-03-08T23:00:00Z,59.89
Sweden,SWE,2024-03-08T23:00:00Z,2024-03-09T00:00:00Z,57.95
Sweden,SWE,2024-03-09T00:00:00Z,2024-03-09T01:00:00Z,54.91
Sweden,SWE,2024-03-09T01:00:00Z,2024-03-09T02:00:00Z,53.96
Sweden,SWE,2024-03-09T02:00:00Z,2024-03-09T03:00:00Z,53.42
Sweden,SWE,2024-03-09T03:00:00Z,2024-03-09T04:00:00Z,49.79
Sweden,SWE,2024-03-09T04:00:00Z,2024-03-09T05:00:00Z,48.97
Sweden,SWE,2024-03-09T05:00:00Z,2024-03-09T06:00:00Z,51.63
Sweden,SWE,2024-03-09T06:00:00Z,2024-03-09T07:00:00Z,53.06
Sweden,SWE,2024-03-09T07:00:00Z,2024-03-09T08:00:00Z,53.06
Sweden,SWE,2024-03-09T08:00:00Z,2024-03-09T09:00:00Z,48.12
Sweden,SWE,2024-03-09T09:00:00Z,2024-03-09T10:00:00Z,49.31
Sweden,SWE,2024-03-09T10:00:00Z,2024-03-09T11:00:00Z,47.98
Sweden,SWE,2024-03-09T11:00:00Z,2024-03-09T12:00:00Z,49.28
Sweden,SWE,2024-03-09T12:00:00Z,2024-03-09T13:00:00Z,46.99
Sweden,SWE,2024-03-09T13:00:00Z,2024-03-09T14:00:00Z,45.44
Sweden,SWE,2024-03-09T14:00:00Z,2024-03-09T15:00:00Z,45.49
Sweden,SWE,2024-03-09T15:00:00Z,2024-03-09T16:00:00Z,53.93
Sweden,SWE,2024-03-09T16:00:00Z,2024-03-09T17:00:00Z,59.85
Sweden,SWE,2024-03-09T17:00:00Z,2024-03-09T18:00:00Z,62.06
Sweden,SWE,2024-03-09T18:00:00Z,2024-03-09T19:00:00Z,60.16
Sweden,SWE,2024-03-09T19:00:00Z,2024-03-09T20:00:00Z,56.84
Sweden,SWE,2024-03-09T20:00:00Z,2024-03-09T21:00:00Z,54.02
Sweden,SWE,2024-03-09T21:00:00Z,2024-03-09T22:00:00Z,52.98
Sweden,SWE,2024-03-09T22:00:00Z,2024-03-09T23:00:00Z,50.32
Sweden,SWE,2024-03-09T23:00:00Z,2024-03-10T00:00:00Z,48.65
Sweden,SWE,2024-03-10T00:00:00Z,2024-03-10T01:00:00Z,46.06
Sweden,SWE,2024-03-10T01:00:00Z,2024-03-10T02:00:00Z,40.98
Sweden,SWE,2024-03-10T02:00:00Z,2024-03-10T03:00:00Z,35.55
Sweden,SWE,2024-03-10T03:00:00Z,2024-03-10T04:00:00Z,32.39
Sweden,SWE,2024-03-10T04:00:00Z,2024-03-10T05:00:00Z,32.28
Sweden,SWE,2024-03-10T05:00:00Z,2024-03-10T06:00:00Z,33.91
Sweden,SWE,2024-03-10T06:00:00Z,2024-03-10T07:00:00Z,39.49
Sweden,SWE,2024-03-10T07:00:00Z,2024-03-10T08:00:00Z,34.82
Sweden,SWE,2024-03-10T08:00:00Z,2024-03-10T09:00:00Z,30.99
Sweden,SWE,2024-03-10T09:00:00Z,2024-03-10T10:00:00Z,27.7
Sweden,SWE,2024-03-10T10:00:00Z,2024-03-10T11:00:00Z,28.65
Sweden,SWE,2024-03-10T11:00:00Z,2024-03-10T12:00:00Z,27.79
Sweden,SWE,2024-03-10T12:00:00Z,2024-03-10T13:00:00Z,28.06
Sweden,SWE,2024-03-10T13:00:00Z,2024-03-10T14:00:00Z,28.48
Sweden,SWE,2024-03-10T14:00:00Z,2024-03-10T15:00:00Z,30.01
Sweden,SWE,2024-03-10T15:00:00Z,2024-03-10T16:00:00Z,48.75
Sweden,SWE,2024-03-10T16:00:00Z,2024-03-10T17:00:00Z,55.18
Sweden,SWE,2024-03-10T17:00:00Z,2024-03-10T18:00:00Z,57.64
Sweden,SWE,2024-03-10T18:00:00Z,2024-03-10T19:00:00Z,55.55
Sweden,SWE,2024-03-10T19:00:00Z,2024-03-10T20:00:00Z,50.01
Sweden,SWE,2024-03-10T20:00:00Z,2024-03-10T21:00:00Z,52.45
Sweden,SWE,2024-03-10T21:00:00Z,2024-03-10T22:00:00Z,50.01
Sweden,SWE,2024-03-10T22:00:00Z,2024-03-10T23:00:00Z,49.09
Sweden,SWE,2024-03-10T23:00:00Z,2024-03-11T00:00:00Z,36.68
Sweden,SWE,2024-03-11T00:00:00Z,2024-03-11T01:00:00Z,33.9
Sweden,SWE,2024-03-11T01:00:00Z,2024-03-11T02:00:00Z,34.84
Sweden,SWE,2024-03-11T02:00:00Z,2024-03-11T03:00:00Z,35
Sweden,SWE,2024-03-11T03:00:00Z,2024-03-11T04:00:00Z,44.47
Sweden,SWE,2024-03-11T04:00:00Z,2024-03-11T05:00:00Z,54.95
Sweden,SWE,2024-03-11T05:00:00Z,2024-03-11T06:00:00Z,56.44
Sweden,SWE,2024-03-11T06:00:00Z,2024-03-11T07:00:00Z,62.27
Sweden,SWE,2024-03-11T07:00:00Z,2024-03-11T08:00:00Z,64.79
Sweden,SWE,2024-03-11T08:00:00Z,2024-03-11T09:00:00Z,62.85
Sweden,SWE,2024-03-11T09:00:00Z,2024-03-11T10:00:00Z,61.9
Sweden,SWE,2024-03-11T10:00:00Z,2024-03-11T11:00:00Z,60.44
Sweden,SWE,2024-03-11T11:00:00Z,2024-03-11T12:00:00Z,58.85
Sweden,SWE,2024-03-11T12:00:00Z,2024-03-11T13:00:00Z,58.92
Sweden,SWE,2024-03-11T13:00:00Z,2024-03-11T14:00:00Z,58.72
Sweden,SWE,2024-03-11T14:00:00Z,2024-03-11T15:00:00Z,59.95
Sweden,SWE,2024-03-11T15:00:00Z,2024-03-11T16:00:00Z,61.61
Sweden,SWE,2024-03-11T16:00:00Z,2024-03-11T17:00:00Z,65.32
Sweden,SWE,2024-03-11T17:00:00Z,2024-03-11T18:00:00Z,73.39
Sweden,SWE,2024-03-11T18:00:00Z,2024-03-11T19:00:00Z,70.38
Sweden,SWE,2024-03-11T19:00:00Z,2024-03-11T20:00:00Z,67.54
Sweden,SWE,2024-03-11T20:00:00Z,2024-03-11T21:00:00Z,65.93
Sweden,SWE,2024-03-11T21:00:00Z,2024-03-11T22:00:00Z,63.45
Sweden,SWE,2024-03-11T22:00:00Z,2024-03-11T23:00:00Z,59.95
Sweden,SWE,2024-03-11T23:00:00Z,2024-03-12T00:00:00Z,64.56
Sweden,SWE,2024-03-12T00:00:00Z,2024-03-12T01:00:00Z,63.46
Sweden,SWE,2024-03-12T01:00:00Z,2024-03-12T02:00:00Z,63.3
Sweden,SWE,2024-03-12T02:00:00Z,2024-03-12T03:00:00Z,63.11
Sweden,SWE,2024-03-12T03:00:00Z,2024-03-12T04:00:00Z,63.85
Sweden,SWE,2024-03-12T04:00:00Z,2024-03-12T05:00:00Z,69.24
Sweden,SWE,2024-03-12T05:00:00Z,2024-03-12T06:00:00Z,74.78
Sweden,SWE,2024-03-12T06:00:00Z,2024-03-12T07:00:00Z,95.7
Sweden,SWE,2024-03-12T07:00:00Z,2024-03-12T08:00:00Z,99.55
Sweden,SWE,2024-03-12T08:00:00Z,2024-03-12T09:00:00Z,91.45
Sweden,SWE,2024-03-12T09:00:00Z,2024-03-12T10:00:00Z,83.54
Sweden,SWE,2024-03-12T10:00:00Z,2024-03-12T11:00:00Z,78.65
Sweden,SWE,2024-03-12T11:00:00Z,2024-03-12T12:00:00Z,76.6
Sweden,SWE,2024-03-12T12:00:00Z,2024-03-12T13:00:00Z,74.54
Sweden,SWE,2024-03-12T13:00:00Z,2024-03-12T14:00:00Z,71.75
Sweden,SWE,2024-03-12T14:00:00Z,2024-03-12T15:00:00Z,72.25
Sweden,SWE,2024-03-12T15:00:00Z,2024-03-12T16:00:00Z,74.53
Sweden,SWE,2024-03-12T16:00:00Z,2024-03-12T17:00:00Z,82.11
Sweden,SWE,2024-03-12T17:00:00Z,2024-03-12T18:00:00Z,91.12
Sweden,SWE,2024-03-12T18:00:00Z,2024-03-12T19:00:00Z,103.4
Sweden,SWE,2024-03-12T19:00:00Z,2024-03-12T20:00:00Z,75.54
Sweden,SWE,2024-03-12T20:00:00Z,2024-03-12T21:00:00Z,73.4
Sweden,SWE,2024-03-12T21:00:00Z,2024-03-12T22:00:00Z,70.05
Sweden,SWE,2024-03-12T22:00:00Z,2024-03-12T23:00:00Z,64.33
Sweden,SWE,2024-03-12T23:00:00Z,2024-03-13T00:00:00Z,59.69
Sweden,SWE,2024-03-13T00:00:00Z,2024-03-13T01:00:00Z,58.12
Sweden,SWE,2024-03-13T01:00:00Z,2024-03-13T02:00:00Z,57.47
Sweden,SWE,2024-03-13T02:00:00Z,2024-03-13T03:00:00Z,56.97
Sweden,SWE,2024-03-13T03:00:00Z,2024-03-13T04:00:00Z,57.48
Sweden,SWE,2024-03-13T04:00:00Z,2024-03-13T05:00:00Z,59.82
Sweden,SWE,2024-03-13T05:00:00Z,2024-03-13T06:00:00Z,63.12
Sweden,SWE,2024-03-13T06:00:00Z,2024-03-13T07:00:00Z,75.67
Sweden,SWE,2024-03-13T07:00:00Z,2024-03-13T08:00:00Z,89.29
Sweden,SWE,2024-03-13T08:00:00Z,2024-03-13T09:00:00Z,76.49
Sweden,SWE,2024-03-13T09:00:00Z,2024-03-13T10:00:00Z,67.51
Sweden,SWE,2024-03-13T10:00:00Z,2024-03-13T11:00:00Z,61.69
Sweden,SWE,2024-03-13T11:00:00Z,2024-03-13T12:00:00Z,60.75
Sweden,SWE,2024-03-13T12:00:00Z,2024-03-13T13:00:00Z,58.97
Sweden,SWE,2024-03-13T13:00:00Z,2024-03-13T14:00:00Z,58.19
Sweden,SWE,2024-03-13T14:00:00Z,2024-03-13T15:00:00Z,58.71
Sweden,SWE,2024-03-13T15:00:00Z,2024-03-13T16:00:00Z,59.86
Sweden,SWE,2024-03-13T16:00:00Z,2024-03-13T17:00:00Z,64.73
Sweden,SWE,2024-03-13T17:00:00Z,2024-03-13T18:00:00Z,65.53
Sweden,SWE,2024-03-13T18:00:00Z,2024-03-13T19:00:00Z,54.66
Sweden,SWE,2024-03-13T19:00:00Z,2024-03-13T20:00:00Z,38.56
Sweden,SWE,2024-03-13T20:00:00Z,2024-03-13T21:00:00Z,35.05
Sweden,SWE,2024-03-13T21:00:00Z,2024-03-13T22:00:00Z,25.91
Sweden,SWE,2024-03-13T22:00:00Z,2024-03-13T23:00:00Z,12.5
Sweden,SWE,2024-03-13T23:00:00Z,2024-03-14T00:00:00Z,26.21
Sweden,SWE,2024-03-14T00:00:00Z,2024-03-14T01:00:00Z,20.98
Sweden,SWE,2024-03-14T01:00:00Z,2024-03-14T02:00:00Z,19.02
Sweden,SWE,2024-03-14T02:00:00Z,2024-03-14T03:00:00Z,12.95
Sweden,SWE,2024-03-14T03:00:00Z,2024-03-14T04:00:00Z,14.26
Sweden,SWE,2024-03-14T04:00:00Z,2024-03-14T05:00:00Z,19.94
Sweden,SWE,2024-03-14T05:00:00Z,2024-03-14T06:00:00Z,26.87
Sweden,SWE,2024-03-14T06:00:00Z,2024-03-14T07:00:00Z,35.03
Sweden,SWE,2024-03-14T07:00:00Z,2024-03-14T08:00:00Z,35.48
Sweden,SWE,2024-03-14T08:00:00Z,2024-03-14T09:00:00Z,35.01
Sweden,SWE,2024-03-14T09:00:00Z,2024-03-14T10:00:00Z,34.23
Sweden,SWE,2024-03-14T10:00:00Z,2024-03-14T11:00:00Z,34.01
Sweden,SWE,2024-03-14T11:00:00Z,2024-03-14T12:00:00Z,33.42
Sweden,SWE,2024-03-14T12:00:00Z,2024-03-14T13:00:00Z,31.67
Sweden,SWE,2024-03-14T13:00:00Z,2024-03-14T14:00:00Z,27.45
Sweden,SWE,2024-03-14T14:00:00Z,2024-03-14T15:00:00Z,29.86
Sweden,SWE,2024-03-14T15:00:00Z,2024-03-14T16:00:00Z,28.04
Sweden,SWE,2024-03-14T16:00:00Z,2024-03-14T17:00:00Z,29.01
Sweden,SWE,2024-03-14T17:00:00Z,2024-03-14T18:00:00Z,30.83
Sweden,SWE,2024-03-14T18:00:00Z,2024-03-14T19:00:00Z,26.18
Sweden,SWE,2024-03-14T19:00:00Z,2024-03-14T20:00:00Z,15.28
Sweden,SWE,2024-03-14T20:00:00Z,2024-03-14T21:00:00Z,3.49
Sweden,SWE,2024-03-14T21:00:00Z,2024-03-14T22:00:00Z,0.1
Sweden,SWE,2024-03-14T22:00:00Z,2024-03-14T23:00:00Z,-0.09
Sweden,SWE,2024-03-14T23:00:00Z,2024-03-15T00:00:00Z,-0.11
Sweden,SWE,2024-03-15T00:00:00Z,2024-03-15T01:00:00Z,-0.11
Sweden,SWE,2024-03-15T01:00:00Z,2024-03-15T02:00:00Z,-0.1
Sweden,SWE,2024-03-15T02:00:00Z,2024-03-15T03:00:00Z,-0.06
Sweden,SWE,2024-03-15T03:00:00Z,2024-03-15T04:00:00Z,0.01
Sweden,SWE,2024-03-15T04:00:00Z,2024-03-15T05:00:00Z,13.4
Sweden,SWE,2024-03-15T05:00:00Z,2024-03-15T06:00:00Z,27.25
Sweden,SWE,2024-03-15T06:00:00Z,2024-03-15T07:00:00Z,39.21
Sweden,SWE,2024-03-15T07:00:00Z,2024-03-15T08:00:00Z,43.74
Sweden,SWE,2024-03-15T08:00:00Z,2024-03-15T09:00:00Z,43.88
Sweden,SWE,2024-03-15T09:00:00Z,2024-03-15T10:00:00Z,44.97
Sweden,SWE,2024-03-15T10:00:00Z,2024-03-15T11:00:00Z,39.18
Sweden,SWE,2024-03-15T11:00:00Z,2024-03-15T12:00:00Z,38.34
Sweden,SWE,2024-03-15T12:00:00Z,2024-03-15T13:00:00Z,37.95
Sweden,SWE,2024-03-15T13:00:00Z,2024-03-15T14:00:00Z,43.85
Sweden,SWE,2024-03-15T14:00:00Z,2024-03-15T15:00:00Z,50.31
Sweden,SWE,2024-03-15T15:00:00Z,2024-03-15T16:00:00Z,52.32
Sweden,SWE,2024-03-15T16:00:00Z,2024-03-15T17:00:00Z,56.47
Sweden,SWE,2024-03-15T17:00:00Z,2024-03-15T18:00:00Z,57.1
Sweden,SWE,2024-03-15T18:00:00Z,2024-03-15T19:00:00Z,53.09
Sweden,SWE,2024-03-15T19:00:00Z,2024-03-15T20:00:00Z,48.92
Sweden,SWE,2024-03-15T20:00:00Z,2024-03-15T21:00:00Z,43.94
Sweden,SWE,2024-03-15T21:00:00Z,2024-03-15T22:00:00Z,40
Sweden,SWE,2024-03-15T22:00:00Z,2024-03-15T23:00:00Z,38.22
Sweden,SWE,2024-03-15T23:00:00Z,2024-03-16T00:00:00Z,38.05
Sweden,SWE,2024-03-16T00:00:00Z,2024-03-16T01:00:00Z,38.09
Sweden,SWE,2024-03-16T01:00:00Z,2024-03-16T02:00:00Z,36.68
Sweden,SWE,2024-03-16T02:00:00Z,2024-03-16T03:00:00Z,35.62
Sweden,SWE,2024-03-16T03:00:00Z,2024-03-16T04:00:00Z,34.9
Sweden,SWE,2024-03-16T04:00:00Z,2024-03-16T05:00:00Z,34.26
Sweden,SWE,2024-03-16T05:00:00Z,2024-03-16T06:00:00Z,34.28
Sweden,SWE,2024-03-16T06:00:00Z,2024-03-16T07:00:00Z,35.57
Sweden,SWE,2024-03-16T07:00:00Z,2024-03-16T08:00:00Z,37.08
Sweden,SWE,2024-03-16T08:00:00Z,2024-03-16T09:00:00Z,38.89
Sweden,SWE,2024-03-16T09:00:00Z,2024-03-16T10:00:00Z,39.19
Sweden,SWE,2024-03-16T10:00:00Z,2024-03-16T11:00:00Z,38.89
Sweden,SWE,2024-03-16T11:00:00Z,2024-03-16T12:00:00Z,35.82
Sweden,SWE,2024-03-16T12:00:00Z,2024-03-16T13:00:00Z,21.9
Sweden,SWE,2024-03-16T13:00:00Z,2024-03-16T14:00:00Z,12.99
Sweden,SWE,2024-03-16T14:00:00Z,2024-03-16T15:00:00Z,29
Sweden,SWE,2024-03-16T15:00:00Z,2024-03-16T16:00:00Z,34.22
Sweden,SWE,2024-03-16T16:00:00Z,2024-03-16T17:00:00Z,38.22
Sweden,SWE,2024-03-16T17:00:00Z,2024-03-16T18:00:00Z,37.92
Sweden,SWE,2024-03-16T18:00:00Z,2024-03-16T19:00:00Z,33.16
Sweden,SWE,2024-03-16T19:00:00Z,2024-03-16T20:00:00Z,29.69
Sweden,SWE,2024-03-16T20:00:00Z,2024-03-16T21:00:00Z,28.88
Sweden,SWE,2024-03-16T21:00:00Z,2024-03-16T22:00:00Z,25.37
Sweden,SWE,2024-03-16T22:00:00Z,2024-03-16T23:00:00Z,17.03
Sweden,SWE,2024-03-16T23:00:00Z,2024-03-17T00:00:00Z,26.4
Sweden,SWE,2024-03-17T00:00:00Z,2024-03-17T01:00:00Z,27.51
Sweden,SWE,2024-03-17T01:00:00Z,2024-03-17T02:00:00Z,29.11
Sweden,SWE,2024-03-17T02:00:00Z,2024-03-17T03:00:00Z,30.3
Sweden,SWE,2024-03-17T03:00:00Z,2024-03-17T04:00:00Z,35.05
Sweden,SWE,2024-03-17T04:00:00Z,2024-03-17T05:00:00Z,38.47
Sweden,SWE,2024-03-17T05:00:00Z,2024-03-17T06:00:00Z,41.29
Sweden,SWE,2024-03-17T06:00:00Z,2024-03-17T07:00:00Z,49.2
Sweden,SWE,2024-03-17T07:00:00Z,2024-03-17T08:00:00Z,49.48
Sweden,SWE,2024-03-17T08:00:00Z,2024-03-17T09:00:00Z,47.15
Sweden,SWE,2024-03-17T09:00:00Z,2024-03-17T10:00:00Z,45.4
Sweden,SWE,2024-03-17T10:00:00Z,2024-03-17T11:00:00Z,45.91
Sweden,SWE,2024-03-17T11:00:00Z,2024-03-17T12:00:00Z,41.81
Sweden,SWE,2024-03-17T12:00:00Z,2024-03-17T13:00:00Z,40.15
Sweden,SWE,2024-03-17T13:00:00Z,2024-03-17T14:00:00Z,46.91
Sweden,SWE,2024-03-17T14:00:00Z,2024-03-17T15:00:00Z,54.32
Sweden,SWE,2024-03-17T15:00:00Z,2024-03-17T16:00:00Z,57.46
Sweden,SWE,2024-03-17T16:00:00Z,2024-03-17T17:00:00Z,69.94
Sweden,SWE,2024-03-17T17:00:00Z,2024-03-17T18:00:00Z,84.06
Sweden,SWE,2024-03-17T18:00:00Z,2024-03-17T19:00:00Z,78.55
Sweden,SWE,2024-03-17T19:00:00Z,2024-03-17T20:00:00Z,60.04
Sweden,SWE,2024-03-17T20:00:00Z,2024-03-17T21:00:00Z,54.96
Sweden,SWE,2024-03-17T21:00:00Z,2024-03-17T22:00:00Z,52.68
Sweden,SWE,2024-03-17T22:00:00Z,2024-03-17T23:00:00Z,44.14
Sweden,SWE,2024-03-17T23:00:00Z,2024-03-18T00:00:00Z,52.08
Sweden,SWE,2024-03-18T00:00:00Z,2024-03-18T01:00:00Z,41.15
Sweden,SWE,2024-03-18T01:00:00Z,2024-03-18T02:00:00Z,45.16
Sweden,SWE,2024-03-18T02:00:00Z,2024-03-18T03:00:00Z,51.85
Sweden,SWE,2024-03-18T03:00:00Z,2024-03-18T04:00:00Z,52.12
Sweden,SWE,2024-03-18T04:00:00Z,2024-03-18T05:00:00Z,53.49
Sweden,SWE,2024-03-18T05:00:00Z,2024-03-18T06:00:00Z,59.29
Sweden,SWE,2024-03-18T06:00:00Z,2024-03-18T07:00:00Z,67.94
Sweden,SWE,2024-03-18T07:00:00Z,2024-03-18T08:00:00Z,83.66
Sweden,SWE,2024-03-18T08:00:00Z,2024-03-18T09:00:00Z,72.41
Sweden,SWE,2024-03-18T09:00:00Z,2024-03-18T10:00:00Z,65.73
Sweden,SWE,2024-03-18T10:00:00Z,2024-03-18T11:00:00Z,60.89
Sweden,SWE,2024-03-18T11:00:00Z,2024-03-18T12:00:00Z,59.42
Sweden,SWE,2024-03-18T12:00:00Z,2024-03-18T13:00:00Z,58.99
Sweden,SWE,2024-03-18T13:00:00Z,2024-03-18T14:00:00Z,58.22
Sweden,SWE,2024-03-18T14:00:00Z,2024-03-18T15:00:00Z,58.31
Sweden,SWE,2024-03-18T15:00:00Z,2024-03-18T16:00:00Z,58.69
Sweden,SWE,2024-03-18T16:00:00Z,2024-03-18T17:00:00Z,69.15
Sweden,SWE,2024-03-18T17:00:00Z,2024-03-18T18:00:00Z,81.28
Sweden,SWE,2024-03-18T18:00:00Z,2024-03-18T19:00:00Z,69.82
Sweden,SWE,2024-03-18T19:00:00Z,2024-03-18T20:00:00Z,64.92
Sweden,SWE,2024-03-18T20:00:00Z,2024-03-18T21:00:00Z,59.54
Sweden,SWE,2024-03-18T21:00:00Z,2024-03-18T22:00:00Z,58.29
Sweden,SWE,2024-03-18T22:00:00Z,2024-03-18T23:00:00Z,49.23
Sweden,SWE,2024-03-18T23:00:00Z,2024-03-19T00:00:00Z,47.17
Sweden,SWE,2024-03-19T00:00:00Z,2024-03-19T01:00:00Z,47.59
Sweden,SWE,2024-03-19T01:00:00Z,2024-03-19T02:00:00Z,49.06
Sweden,SWE,2024-03-19T02:00:00Z,2024-03-19T03:00:00Z,50.07
Sweden,SWE,2024-03-19T03:00:00Z,2024-03-19T04:00:00Z,49.7
Sweden,SWE,2024-03-19T04:00:00Z,2024-03-19T05:00:00Z,56.13
Sweden,SWE,2024-03-19T05:00:00Z,2024-03-19T06:00:00Z,61.88
Sweden,SWE,2024-03-19T06:00:00Z,2024-03-19T07:00:00Z,86.84
Sweden,SWE,2024-03-19T07:00:00Z,2024-03-19T08:00:00Z,86.95
Sweden,SWE,2024-03-19T08:00:00Z,2024-03-19T09:00:00Z,68.86
Sweden,SWE,2024-03-19T09:00:00Z,2024-03-19T10:00:00Z,63.54
Sweden,SWE,2024-03-19T10:00:00Z,2024-03-19T11:00:00Z,57.41
Sweden,SWE,2024-03-19T11:00:00Z,2024-03-19T12:00:00Z,54.47
Sweden,SWE,2024-03-19T12:00:00Z,2024-03-19T13:00:00Z,55.03
Sweden,SWE,2024-03-19T13:00:00Z,2024-03-19T14:00:00Z,56.46
Sweden,SWE,2024-03-19T14:00:00Z,2024-03-19T15:00:00Z,59.14
Sweden,SWE,2024-03-19T15:00:00Z,2024-03-19T16:00:00Z,61.78
Sweden,SWE,2024-03-19T16:00:00Z,2024-03-19T17:00:00Z,70.24
Sweden,SWE,2024-03-19T17:00:00Z,2024-03-19T18:00:00Z,73.17
Sweden,SWE,2024-03-19T18:00:00Z,2024-03-19T19:00:00Z,68.49
Sweden,SWE,2024-03-19T19:00:00Z,2024-03-19T20:00:00Z,63.75
Sweden,SWE,2024-03-19T20:00:00Z,2024-03-19T21:00:00Z,55.93
Sweden,SWE,2024-03-19T21:00:00Z,2024-03-19T22:00:00Z,51.66
Sweden,SWE,2024-03-19T22:00:00Z,2024-03-19T23:00:00Z,47.84
Sweden,SWE,2024-03-19T23:00:00Z,2024-03-20T00:00:00Z,50.76
Sweden,SWE,2024-03-20T00:00:00Z,2024-03-20T01:00:00Z,45.94
Sweden,SWE,2024-03-20T01:00:00Z,2024-03-20T02:00:00Z,46.62
Sweden,SWE,2024-03-20T02:00:00Z,2024-03-20T03:00:00Z,47.75
Sweden,SWE,2024-03-20T03:00:00Z,2024-03-20T04:00:00Z,50.15
Sweden,SWE,2024-03-20T04:00:00Z,2024-03-20T05:00:00Z,54.82
Sweden,SWE,2024-03-20T05:00:00Z,2024-03-20T06:00:00Z,68.11
Sweden,SWE,2024-03-20T06:00:00Z,2024-03-20T07:00:00Z,103.13
Sweden,SWE,2024-03-20T07:00:00Z,2024-03-20T08:00:00Z,90.73
Sweden,SWE,2024-03-20T08:00:00Z,2024-03-20T09:00:00Z,68.92
Sweden,SWE,2024-03-20T09:00:00Z,2024-03-20T10:00:00Z,65.21
Sweden,SWE,2024-03-20T10:00:00Z,2024-03-20T11:00:00Z,63.82
Sweden,SWE,2024-03-20T11:00:00Z,2024-03-20T12:00:00Z,59.96
Sweden,SWE,2024-03-20T12:00:00Z,2024-03-20T13:00:00Z,62.05
Sweden,SWE,2024-03-20T13:00:00Z,2024-03-20T14:00:00Z,62.81
Sweden,SWE,2024-03-20T14:00:00Z,2024-03-20T15:00:00Z,68.29
Sweden,SWE,2024-03-20T15:00:00Z,2024-03-20T16:00:00Z,75.75
Sweden,SWE,2024-03-20T16:00:00Z,2024-03-20T17:00:00Z,105.94
Sweden,SWE,2024-03-20T17:00:00Z,2024-03-20T18:00:00Z,141.53
Sweden,SWE,2024-03-20T18:00:00Z,2024-03-20T19:00:00Z,101.8
Sweden,SWE,2024-03-20T19:00:00Z,2024-03-20T20:00:00Z,74.75
Sweden,SWE,2024-03-20T20:00:00Z,2024-03-20T21:00:00Z,68.19
Sweden,SWE,2024-03-20T21:00:00Z,2024-03-20T22:00:00Z,64.93
Sweden,SWE,2024-03-20T22:00:00Z,2024-03-20T23:00:00Z,61.36
Sweden,SWE,2024-03-20T23:00:00Z,2024-03-21T00:00:00Z,61.84
Sweden,SWE,2024-03-21T00:00:00Z,2024-03-21T01:00:00Z,60.96
Sweden,SWE,2024-03-21T01:00:00Z,2024-03-21T02:00:00Z,60.01
Sweden,SWE,2024-03-21T02:00:00Z,2024-03-21T03:00:00Z,60.09
Sweden,SWE,2024-03-21T03:00:00Z,2024-03-21T04:00:00Z,60.42
Sweden,SWE,2024-03-21T04:00:00Z,2024-03-21T05:00:00Z,62.75
Sweden,SWE,2024-03-21T05:00:00Z,2024-03-21T06:00:00Z,77.87
Sweden,SWE,2024-03-21T06:00:00Z,2024-03-21T07:00:00Z,92.37
Sweden,SWE,2024-03-21T07:00:00Z,2024-03-21T08:00:00Z,96.62
Sweden,SWE,2024-03-21T08:00:00Z,2024-03-21T09:00:00Z,79.55
Sweden,SWE,2024-03-21T09:00:00Z,2024-03-21T10:00:00Z,72.41
Sweden,SWE,2024-03-21T10:00:00Z,2024-03-21T11:00:00Z,66.4
Sweden,SWE,2024-03-21T11:00:00Z,2024-03-21T12:00:00Z,63.06
Sweden,SWE,2024-03-21T12:00:00Z,2024-03-21T13:00:00Z,59.64
Sweden,SWE,2024-03-21T13:00:00Z,2024-03-21T14:00:00Z,65.24
Sweden,SWE,2024-03-21T14:00:00Z,2024-03-21T15:00:00Z,64.69
Sweden,SWE,2024-03-21T15:00:00Z,2024-03-21T16:00:00Z,72.65
Sweden,SWE,2024-03-21T16:00:00Z,2024-03-21T17:00:00Z,92.08
Sweden,SWE,2024-03-21T17:00:00Z,2024-03-21T18:00:00Z,114.02
Sweden,SWE,2024-03-21T18:00:00Z,2024-03-21T19:00:00Z,109.56
Sweden,SWE,2024-03-21T19:00:00Z,2024-03-21T20:00:00Z,78.47
Sweden,SWE,2024-03-21T20:00:00Z,2024-03-21T21:00:00Z,61.69
Sweden,SWE,2024-03-21T21:00:00Z,2024-03-21T22:00:00Z,59.36
Sweden,SWE,2024-03-21T22:00:00Z,2024-03-21T23:00:00Z,43.67
Sweden,SWE,2024-03-21T23:00:00Z,2024-03-22T00:00:00Z,37.68
Sweden,SWE,2024-03-22T00:00:00Z,2024-03-22T01:00:00Z,34.26
Sweden,SWE,2024-03-22T01:00:00Z,2024-03-22T02:00:00Z,32.24
Sweden,SWE,2024-03-22T02:00:00Z,2024-03-22T03:00:00Z,28.92
Sweden,SWE,2024-03-22T03:00:00Z,2024-03-22T04:00:00Z,31.92
Sweden,SWE,2024-03-22T04:00:00Z,2024-03-22T05:00:00Z,36.94
Sweden,SWE,2024-03-22T05:00:00Z,2024-03-22T06:00:00Z,42.32
Sweden,SWE,2024-03-22T06:00:00Z,2024-03-22T07:00:00Z,48.05
Sweden,SWE,2024-03-22T07:00:00Z,2024-03-22T08:00:00Z,53.23
Sweden,SWE,2024-03-22T08:00:00Z,2024-03-22T09:00:00Z,54.97
Sweden,SWE,2024-03-22T09:00:00Z,2024-03-22T10:00:00Z,51.28
Sweden,SWE,2024-03-22T10:00:00Z,2024-03-22T11:00:00Z,48.8
Sweden,SWE,2024-03-22T11:00:00Z,2024-03-22T12:00:00Z,48.6
Sweden,SWE,2024-03-22T12:00:00Z,2024-03-22T13:00:00Z,50.26
Sweden,SWE,2024-03-22T13:00:00Z,2024-03-22T14:00:00Z,48.75
Sweden,SWE,2024-03-22T14:00:00Z,2024-03-22T15:00:00Z,49.81
Sweden,SWE,2024-03-22T15:00:00Z,2024-03-22T16:00:00Z,53.42
Sweden,SWE,2024-03-22T16:00:00Z,2024-03-22T17:00:00Z,58.03
Sweden,SWE,2024-03-22T17:00:00Z,2024-03-22T18:00:00Z,59.51
Sweden,SWE,2024-03-22T18:00:00Z,2024-03-22T19:00:00Z,59.73
Sweden,SWE,2024-03-22T19:00:00Z,2024-03-22T20:00:00Z,54.03
Sweden,SWE,2024-03-22T20:00:00Z,2024-03-22T21:00:00Z,50.64
Sweden,SWE,2024-03-22T21:00:00Z,2024-03-22T22:00:00Z,49.48
Sweden,SWE,2024-03-22T22:00:00Z,2024-03-22T23:00:00Z,46.58
Sweden,SWE,2024-03-22T23:00:00Z,2024-03-23T00:00:00Z,36.79
Sweden,SWE,2024-03-23T00:00:00Z,2024-03-23T01:00:00Z,37.3
Sweden,SWE,2024-03-23T01:00:00Z,2024-03-23T02:00:00Z,36.91
Sweden,SWE,2024-03-23T02:00:00Z,2024-03-23T03:00:00Z,37.91
Sweden,SWE,2024-03-23T03:00:00Z,2024-03-23T04:00:00Z,38.03
Sweden,SWE,2024-03-23T04:00:00Z,2024-03-23T05:00:00Z,38.11
Sweden,SWE,2024-03-23T05:00:00Z,2024-03-23T06:00:00Z,41.95
Sweden,SWE,2024-03-23T06:00:00Z,2024-03-23T07:00:00Z,43.48
Sweden,SWE,2024-03-23T07:00:00Z,2024-03-23T08:00:00Z,37.72
Sweden,SWE,2024-03-23T08:00:00Z,2024-03-23T09:00:00Z,23.93
Sweden,SWE,2024-03-23T09:00:00Z,2024-03-23T10:00:00Z,11.6
Sweden,SWE,2024-03-23T10:00:00Z,2024-03-23T11:00:00Z,10.4
Sweden,SWE,2024-03-23T11:00:00Z,2024-03-23T12:00:00Z,10.35
Sweden,SWE,2024-03-23T12:00:00Z,2024-03-23T13:00:00Z,14.52
Sweden,SWE,2024-03-23T13:00:00Z,2024-03-23T14:00:00Z,23.96
Sweden,SWE,2024-03-23T14:00:00Z,2024-03-23T15:00:00Z,29.28
Sweden,SWE,2024-03-23T15:00:00Z,2024-03-23T16:00:00Z,38.37
Sweden,SWE,2024-03-23T16:00:00Z,2024-03-23T17:00:00Z,48.29
Sweden,SWE,2024-03-23T17:00:00Z,2024-03-23T18:00:00Z,54.89
Sweden,SWE,2024-03-23T18:00:00Z,2024-03-23T19:00:00Z,58.64
Sweden,SWE,2024-03-23T19:00:00Z,2024-03-23T20:00:00Z,51.81
Sweden,SWE,2024-03-23T20:00:00Z,2024-03-23T21:00:00Z,46.97
Sweden,SWE,2024-03-23T21:00:00Z,2024-03-23T22:00:00Z,40.28
Sweden,SWE,2024-03-23T22:00:00Z,2024-03-23T23:00:00Z,31.22
Sweden,SWE,2024-03-23T23:00:00Z,2024-03-24T00:00:00Z,36.26
Sweden,SWE,2024-03-24T00:00:00Z,2024-03-24T01:00:00Z,33.87
Sweden,SWE,2024-03-24T01:00:00Z,2024-03-24T02:00:00Z,33.37
Sweden,SWE,2024-03-24T02:00:00Z,2024-03-24T03:00:00Z,33.54
Sweden,SWE,2024-03-24T03:00:00Z,2024-03-24T04:00:00Z,35.16
Sweden,SWE,2024-03-24T04:00:00Z,2024-03-24T05:00:00Z,36.34
Sweden,SWE,2024-03-24T05:00:00Z,2024-03-24T06:00:00Z,33.17
Sweden,SWE,2024-03-24T06:00:00Z,2024-03-24T07:00:00Z,37.23
Sweden,SWE,2024-03-24T07:00:00Z,2024-03-24T08:00:00Z,41.92
Sweden,SWE,2024-03-24T08:00:00Z,2024-03-24T09:00:00Z,45.09
Sweden,SWE,2024-03-24T09:00:00Z,2024-03-24T10:00:00Z,46.25
Sweden,SWE,2024-03-24T10:00:00Z,2024-03-24T11:00:00Z,48.23
Sweden,SWE,2024-03-24T11:00:00Z,2024-03-24T12:00:00Z,49.63
Sweden,SWE,2024-03-24T12:00:00Z,2024-03-24T13:00:00Z,49.24
Sweden,SWE,2024-03-24T13:00:00Z,2024-03-24T14:00:00Z,49.53
Sweden,SWE,2024-03-24T14:00:00Z,2024-03-24T15:00:00Z,51.23
Sweden,SWE,2024-03-24T15:00:00Z,2024-03-24T16:00:00Z,54.9
Sweden,SWE,2024-03-24T16:00:00Z,2024-03-24T17:00:00Z,59.4
Sweden,SWE,2024-03-24T17:00:00Z,2024-03-24T18:00:00Z,75
Sweden,SWE,2024-03-24T18:00:00Z,2024-03-24T19:00:00Z,74.9
Sweden,SWE,2024-03-24T19:00:00Z,2024-03-24T20:00:00Z,66.9
Sweden,SWE,2024-03-24T20:00:00Z,2024-03-24T21:00:00Z,64.77
Sweden,SWE,2024-03-24T21:00:00Z,2024-03-24T22:00:00Z,64.27
Sweden,SWE,2024-03-24T22:00:00Z,2024-03-24T23:00:00Z,62.2
Sweden,SWE,2024-03-24T23:00:00Z,2024-03-25T00:00:00Z,62.51
Sweden,SWE,2024-03-25T00:00:00Z,2024-03-25T01:00:00Z,62.29
Sweden,SWE,2024-03-25T01:00:00Z,2024-03-25T02:00:00Z,61.97
Sweden,SWE,2024-03-25T02:00:00Z,2024-03-25T03:00:00Z,63.95
Sweden,SWE,2024-03-25T03:00:00Z,2024-03-25T04:00:00Z,66.96
Sweden,SWE,2024-03-25T04:00:00Z,2024-03-25T05:00:00Z,77.14
Sweden,SWE,2024-03-25T05:00:00Z,2024-03-25T06:00:00Z,88.43
Sweden,SWE,2024-03-25T06:00:00Z,2024-03-25T07:00:00Z,113.87
Sweden,SWE,2024-03-25T07:00:00Z,2024-03-25T08:00:00Z,99.68
Sweden,SWE,2024-03-25T08:00:00Z,2024-03-25T09:00:00Z,77.43
Sweden,SWE,2024-03-25T09:00:00Z,2024-03-25T10:00:00Z,70.05
Sweden,SWE,2024-03-25T10:00:00Z,2024-03-25T11:00:00Z,63.66
Sweden,SWE,2024-03-25T11:00:00Z,2024-03-25T12:00:00Z,61.85
Sweden,SWE,2024-03-25T12:00:00Z,2024-03-25T13:00:00Z,63.22
Sweden,SWE,2024-03-25T13:00:00Z,2024-03-25T14:00:00Z,64.52
Sweden,SWE,2024-03-25T14:00:00Z,2024-03-25T15:00:00Z,73.97
Sweden,SWE,2024-03-25T15:00:00Z,2024-03-25T16:00:00Z,81.05
Sweden,SWE,2024-03-25T16:00:00Z,2024-03-25T17:00:00Z,111.88
Sweden,SWE,2024-03-25T17:00:00Z,2024-03-25T18:00:00Z,172.15
Sweden,SWE,2024-03-25T18:00:00Z,2024-03-25T19:00:00Z,149.75
Sweden,SWE,2024-03-25T19:00:00Z,2024-03-25T20:00:00Z,100.27
Sweden,SWE,2024-03-25T20:00:00Z,2024-03-25T21:00:00Z,82.39
Sweden,SWE,2024-03-25T21:00:00Z,2024-03-25T22:00:00Z,79.56
Sweden,SWE,2024-03-25T22:00:00Z,2024-03-25T23:00:00Z,74.74
Sweden,SWE,2024-03-25T23:00:00Z,2024-03-26T00:00:00Z,73.06
Sweden,SWE,2024-03-26T00:00:00Z,2024-03-26T01:00:00Z,70.15
Sweden,SWE,2024-03-26T01:00:00Z,2024-03-26T02:00:00Z,67.26
Sweden,SWE,2024-03-26T02:00:00Z,2024-03-26T03:00:00Z,66.35
Sweden,SWE,2024-03-26T03:00:00Z,2024-03-26T04:00:00Z,68.39
Sweden,SWE,2024-03-26T04:00:00Z,2024-03-26T05:00:00Z,70.84
Sweden,SWE,2024-03-26T05:00:00Z,2024-03-26T06:00:00Z,73.79
Sweden,SWE,2024-03-26T06:00:00Z,2024-03-26T07:00:00Z,79.2
Sweden,SWE,2024-03-26T07:00:00Z,2024-03-26T08:00:00Z,72.1
Sweden,SWE,2024-03-26T08:00:00Z,2024-03-26T09:00:00Z,59.91
Sweden,SWE,2024-03-26T09:00:00Z,2024-03-26T10:00:00Z,54.85
Sweden,SWE,2024-03-26T10:00:00Z,2024-03-26T11:00:00Z,52.22
Sweden,SWE,2024-03-26T11:00:00Z,2024-03-26T12:00:00Z,49.92
Sweden,SWE,2024-03-26T12:00:00Z,2024-03-26T13:00:00Z,47.99
Sweden,SWE,2024-03-26T13:00:00Z,2024-03-26T14:00:00Z,49.56
Sweden,SWE,2024-03-26T14:00:00Z,2024-03-26T15:00:00Z,55.14
Sweden,SWE,2024-03-26T15:00:00Z,2024-03-26T16:00:00Z,63.69
Sweden,SWE,2024-03-26T16:00:00Z,2024-03-26T17:00:00Z,66.59
Sweden,SWE,2024-03-26T17:00:00Z,2024-03-26T18:00:00Z,63.43
Sweden,SWE,2024-03-26T18:00:00Z,2024-03-26T19:00:00Z,59.86
Sweden,SWE,2024-03-26T19:00:00Z,2024-03-26T20:00:00Z,58.36
Sweden,SWE,2024-03-26T20:00:00Z,2024-03-26T21:00:00Z,58.01
Sweden,SWE,2024-03-26T21:00:00Z,2024-03-26T22:00:00Z,56.65
Sweden,SWE,2024-03-26T22:00:00Z,2024-03-26T23:00:00Z,55.17
Sweden,SWE,2024-03-26T23:00:00Z,2024-03-27T00:00:00Z,50.55
Sweden,SWE,2024-03-27T00:00:00Z,2024-03-27T01:00:00Z,48.42
Sweden,SWE,2024-03-27T01:00:00Z,2024-03-27T02:00:00Z,46.48
Sweden,SWE,2024-03-27T02:00:00Z,2024-03-27T03:00:00Z,46.46
Sweden,SWE,2024-03-27T03:00:00Z,2024-03-27T04:00:00Z,46.97
Sweden,SWE,2024-03-27T04:00:00Z,2024-03-27T05:00:00Z,47.69
Sweden,SWE,2024-03-27T05:00:00Z,2024-03-27T06:00:00Z,48.99
Sweden,SWE,2024-03-27T06:00:00Z,2024-03-27T07:00:00Z,55.06
Sweden,SWE,2024-03-27T07:00:00Z,2024-03-27T08:00:00Z,60.01
Sweden,SWE,2024-03-27T08:00:00Z,2024-03-27T09:00:00Z,54.71
Sweden,SWE,2024-03-27T09:00:00Z,2024-03-27T10:00:00Z,49.55
Sweden,SWE,2024-03-27T10:00:00Z,2024-03-27T11:00:00Z,45.2
Sweden,SWE,2024-03-27T11:00:00Z,2024-03-27T12:00:00Z,44.99
Sweden,SWE,2024-03-27T12:00:00Z,2024-03-27T13:00:00Z,46.15
Sweden,SWE,2024-03-27T13:00:00Z,2024-03-27T14:00:00Z,47.75
Sweden,SWE,2024-03-27T14:00:00Z,2024-03-27T15:00:00Z,47.89
Sweden,SWE,2024-03-27T15:00:00Z,2024-03-27T16:00:00Z,47.49
Sweden,SWE,2024-03-27T16:00:00Z,2024-03-27T17:00:00Z,48.51
Sweden,SWE,2024-03-27T17:00:00Z,2024-03-27T18:00:00Z,55.11
Sweden,SWE,2024-03-27T18:00:00Z,2024-03-27T19:00:00Z,46.9
Sweden,SWE,2024-03-27T19:00:00Z,2024-03-27T20:00:00Z,45.55
Sweden,SWE,2024-03-27T20:00:00Z,2024-03-27T21:00:00Z,43.62
Sweden,SWE,2024-03-27T21:00:00Z,2024-03-27T22:00:00Z,43
Sweden,SWE,2024-03-27T22:00:00Z,2024-03-27T23:00:00Z,42.06
Sweden,SWE,2024-03-27T23:00:00Z,2024-03-28T00:00:00Z,35.64
Sweden,SWE,2024-03-28T00:00:00Z,2024-03-28T01:00:00Z,37.63
Sweden,SWE,2024-03-28T01:00:00Z,2024-03-28T02:00:00Z,35.56
Sweden,SWE,2024-03-28T02:00:00Z,2024-03-28T03:00:00Z,35.14
Sweden,SWE,2024-03-28T03:00:00Z,2024-03-28T04:00:00Z,38.18
Sweden,SWE,2024-03-28T04:00:00Z,2024-03-28T05:00:00Z,40.69
Sweden,SWE,2024-03-28T05:00:00Z,2024-03-28T06:00:00Z,43.62
Sweden,SWE,2024-03-28T06:00:00Z,2024-03-28T07:00:00Z,48.17
Sweden,SWE,2024-03-28T07:00:00Z,2024-03-28T08:00:00Z,53.47
Sweden,SWE,2024-03-28T08:00:00Z,2024-03-28T09:00:00Z,55.53
Sweden,SWE,2024-03-28T09:00:00Z,2024-03-28T10:00:00Z,46.16
Sweden,SWE,2024-03-28T10:00:00Z,2024-03-28T11:00:00Z,37.91
Sweden,SWE,2024-03-28T11:00:00Z,2024-03-28T12:00:00Z,32.91
Sweden,SWE,2024-03-28T12:00:00Z,2024-03-28T13:00:00Z,30.29
Sweden,SWE,2024-03-28T13:00:00Z,2024-03-28T14:00:00Z,29.47
Sweden,SWE,2024-03-28T14:00:00Z,2024-03-28T15:00:00Z,24.67
Sweden,SWE,2024-03-28T15:00:00Z,2024-03-28T16:00:00Z,34.99
Sweden,SWE,2024-03-28T16:00:00Z,2024-03-28T17:00:00Z,44.33
Sweden,SWE,2024-03-28T17:00:00Z,2024-03-28T18:00:00Z,47.28
Sweden,SWE,2024-03-28T18:00:00Z,2024-03-28T19:00:00Z,46.08
Sweden,SWE,2024-03-28T19:00:00Z,2024-03-28T20:00:00Z,38.92
Sweden,SWE,2024-03-28T20:00:00Z,2024-03-28T21:00:00Z,36.1
Sweden,SWE,2024-03-28T21:00:00Z,2024-03-28T22:00:00Z,31.12
Sweden,SWE,2024-03-28T22:00:00Z,2024-03-28T23:00:00Z,24.08
Sweden,SWE,2024-03-28T23:00:00Z,2024-03-29T00:00:00Z,20.6
Sweden,SWE,2024-03-29T00:00:00Z,2024-03-29T01:00:00Z,18.38
Sweden,SWE,2024-03-29T01:00:00Z,2024-03-29T02:00:00Z,12.13
Sweden,SWE,2024-03-29T02:00:00Z,2024-03-29T03:00:00Z,9.99
Sweden,SWE,2024-03-29T03:00:00Z,2024-03-29T04:00:00Z,12.01
Sweden,SWE,2024-03-29T04:00:00Z,2024-03-29T05:00:00Z,12.77
Sweden,SWE,2024-03-29T05:00:00Z,2024-03-29T06:00:00Z,21.49
Sweden,SWE,2024-03-29T06:00:00Z,2024-03-29T07:00:00Z,22.39
Sweden,SWE,2024-03-29T07:00:00Z,2024-03-29T08:00:00Z,15.94
Sweden,SWE,2024-03-29T08:00:00Z,2024-03-29T09:00:00Z,13.28
Sweden,SWE,2024-03-29T09:00:00Z,2024-03-29T10:00:00Z,16.88
Sweden,SWE,2024-03-29T10:00:00Z,2024-03-29T11:00:00Z,18.83
Sweden,SWE,2024-03-29T11:00:00Z,2024-03-29T12:00:00Z,13
Sweden,SWE,2024-03-29T12:00:00Z,2024-03-29T13:00:00Z,9.86
Sweden,SWE,2024-03-29T13:00:00Z,2024-03-29T14:00:00Z,13.44
Sweden,SWE,2024-03-29T14:00:00Z,2024-03-29T15:00:00Z,26.19
Sweden,SWE,2024-03-29T15:00:00Z,2024-03-29T16:00:00Z,39.7
Sweden,SWE,2024-03-29T16:00:00Z,2024-03-29T17:00:00Z,42.32
Sweden,SWE,2024-03-29T17:00:00Z,2024-03-29T18:00:00Z,41.95
Sweden,SWE,2024-03-29T18:00:00Z,2024-03-29T19:00:00Z,41.88
Sweden,SWE,2024-03-29T19:00:00Z,2024-03-29T20:00:00Z,41.98
Sweden,SWE,2024-03-29T20:00:00Z,2024-03-29T21:00:00Z,39.91
Sweden,SWE,2024-03-29T21:00:00Z,2024-03-29T22:00:00Z,37.02
Sweden,SWE,2024-03-29T22:00:00Z,2024-03-29T23:00:00Z,35.48
Sweden,SWE,2024-03-29T23:00:00Z,2024-03-30T00:00:00Z,38.45
Sweden,SWE,2024-03-30T00:00:00Z,2024-03-30T01:00:00Z,38.82
Sweden,SWE,2024-03-30T01:00:00Z,2024-03-30T02:00:00Z,38.81
Sweden,SWE,2024-03-30T02:00:00Z,2024-03-30T03:00:00Z,39.6
Sweden,SWE,2024-03-30T03:00:00Z,2024-03-30T04:00:00Z,41.73
Sweden,SWE,2024-03-30T04:00:00Z,2024-03-30T05:00:00Z,43.52
Sweden,SWE,2024-03-30T05:00:00Z,2024-03-30T06:00:00Z,44.29
Sweden,SWE,2024-03-30T06:00:00Z,2024-03-30T07:00:00Z,45.67
Sweden,SWE,2024-03-30T07:00:00Z,2024-03-30T08:00:00Z,44.1
Sweden,SWE,2024-03-30T08:00:00Z,2024-03-30T09:00:00Z,41.83
Sweden,SWE,2024-03-30T09:00:00Z,2024-03-30T10:00:00Z,36.04
Sweden,SWE,2024-03-30T10:00:00Z,2024-03-30T11:00:00Z,25.08
Sweden,SWE,2024-03-30T11:00:00Z,2024-03-30T12:00:00Z,25.74
Sweden,SWE,2024-03-30T12:00:00Z,2024-03-30T13:00:00Z,12.75
Sweden,SWE,2024-03-30T13:00:00Z,2024-03-30T14:00:00Z,16.26
Sweden,SWE,2024-03-30T14:00:00Z,2024-03-30T15:00:00Z,35.04
Sweden,SWE,2024-03-30T15:00:00Z,2024-03-30T16:00:00Z,51.29
Sweden,SWE,2024-03-30T16:00:00Z,2024-03-30T17:00:00Z,56.66
Sweden,SWE,2024-03-30T17:00:00Z,2024-03-30T18:00:00Z,57.49
Sweden,SWE,2024-03-30T18:00:00Z,2024-03-30T19:00:00Z,54.73
Sweden,SWE,2024-03-30T19:00:00Z,2024-03-30T20:00:00Z,51.81
Sweden,SWE,2024-03-30T20:00:00Z,2024-03-30T21:00:00Z,49.4
Sweden,SWE,2024-03-30T21:00:00Z,2024-03-30T22:00:00Z,45.74
Sweden,SWE,2024-03-30T22:00:00Z,2024-03-30T23:00:00Z,42.09
Sweden,SWE,2024-03-30T23:00:00Z,2024-03-31T00:00:00Z,42.09
Sweden,SWE,2024-03-31T00:00:00Z,2024-03-31T01:00:00Z,42.02
Sweden,SWE,2024-03-31T01:00:00Z,2024-03-31T03:00:00Z,42.1
Sweden,SWE,2024-03-31T02:00:00Z,2024-03-31T04:00:00Z,43.82
Sweden,SWE,2024-03-31T03:00:00Z,2024-03-31T05:00:00Z,46.19
Sweden,SWE,2024-03-31T04:00:00Z,2024-03-31T06:00:00Z,44.57
Sweden,SWE,2024-03-31T05:00:00Z,2024-03-31T07:00:00Z,48.92
Sweden,SWE,2024-03-31T06:00:00Z,2024-03-31T08:00:00Z,50.04
Sweden,SWE,2024-03-31T07:00:00Z,2024-03-31T09:00:00Z,49.31
Sweden,SWE,2024-03-31T08:00:00Z,2024-03-31T10:00:00Z,42.04
Sweden,SWE,2024-03-31T09:00:00Z,2024-03-31T11:00:00Z,35.37
Sweden,SWE,2024-03-31T10:00:00Z,2024-03-31T12:00:00Z,35.46
Sweden,SWE,2024-03-31T11:00:00Z,2024-03-31T13:00:00Z,33.1
Sweden,SWE,2024-03-31T12:00:00Z,2024-03-31T14:00:00Z,30.68
Sweden,SWE,2024-03-31T13:00:00Z,2024-03-31T15:00:00Z,32.6
Sweden,SWE,2024-03-31T14:00:00Z,2024-03-31T16:00:00Z,41.07
Sweden,SWE,2024-03-31T15:00:00Z,2024-03-31T17:00:00Z,52.66
Sweden,SWE,2024-03-31T16:00:00Z,2024-03-31T18:00:00Z,57.62
Sweden,SWE,2024-03-31T17:00:00Z,2024-03-31T19:00:00Z,58.05
Sweden,SWE,2024-03-31T18:00:00Z,2024-03-31T20:00:00Z,50.83
Sweden,SWE,2024-03-31T19:00:00Z,2024-03-31T21:00:00Z,50.09
Sweden,SWE,2024-03-31T20:00:00Z,2024-03-31T22:00:00Z,46.28
Sweden,SWE,2024-03-31T21:00:00Z,2024-03-31T23:00:00Z,43.98
Sweden,SWE,2024-03-31T22:00:00Z,2024-04-01T00:00:00Z,40.41
Sweden,SWE,2024-03-31T23:00:00Z,2024-04-01T01:00:00Z,40.39
Sweden,SWE,2024-04-01T00:00:00Z,2024-04-01T02:00:00Z,40.01
Sweden,SWE,2024-04-01T01:00:00Z,2024-04-01T03:00:00Z,37.49
Sweden,SWE,2024-04-01T02:00:00Z,2024-04-01T04:00:00Z,36.49
Sweden,SWE,2024-04-01T03:00:00Z,2024-04-01T05:00:00Z,36.49
Sweden,SWE,2024-04-01T04:00:00Z,2024-04-01T06:00:00Z,37.39
Sweden,SWE,2024-04-01T05:00:00Z,2024-04-01T07:00:00Z,42.16
Sweden,SWE,2024-04-01T06:00:00Z,2024-04-01T08:00:00Z,43.45
Sweden,SWE,2024-04-01T07:00:00Z,2024-04-01T09:00:00Z,40.87
Sweden,SWE,2024-04-01T08:00:00Z,2024-04-01T10:00:00Z,37.49
Sweden,SWE,2024-04-01T09:00:00Z,2024-04-01T11:00:00Z,30.39
Sweden,SWE,2024-04-01T10:00:00Z,2024-04-01T12:00:00Z,18.04
Sweden,SWE,2024-04-01T11:00:00Z,2024-04-01T13:00:00Z,20.05
Sweden,SWE,2024-04-01T12:00:00Z,2024-04-01T14:00:00Z,10.03
Sweden,SWE,2024-04-01T13:00:00Z,2024-04-01T15:00:00Z,4.47
Sweden,SWE,2024-04-01T14:00:00Z,2024-04-01T16:00:00Z,4.12
Sweden,SWE,2024-04-01T15:00:00Z,2024-04-01T17:00:00Z,13.15
Sweden,SWE,2024-04-01T16:00:00Z,2024-04-01T18:00:00Z,33.91
Sweden,SWE,2024-04-01T17:00:00Z,2024-04-01T19:00:00Z,36.54
Sweden,SWE,2024-04-01T18:00:00Z,2024-04-01T20:00:00Z,32.14
Sweden,SWE,2024-04-01T19:00:00Z,2024-04-01T21:00:00Z,28.09
Sweden,SWE,2024-04-01T20:00:00Z,2024-04-01T22:00:00Z,4.16
Sweden,SWE,2024-04-01T21:00:00Z,2024-04-01T23:00:00Z,0.33
Sweden,SWE,2024-04-01T22:00:00Z,2024-04-02T00:00:00Z,5.54
Sweden,SWE,2024-04-01T23:00:00Z,2024-04-02T01:00:00Z,1.28
Sweden,SWE,2024-04-02T00:00:00Z,2024-04-02T02:00:00Z,0.6
Sweden,SWE,2024-04-02T01:00:00Z,2024-04-02T03:00:00Z,0.84
Sweden,SWE,2024-04-02T02:00:00Z,2024-04-02T04:00:00Z,1.51
Sweden,SWE,2024-04-02T03:00:00Z,2024-04-02T05:00:00Z,7.01
Sweden,SWE,2024-04-02T04:00:00Z,2024-04-02T06:00:00Z,39.89
Sweden,SWE,2024-04-02T05:00:00Z,2024-04-02T07:00:00Z,52.67
Sweden,SWE,2024-04-02T06:00:00Z,2024-04-02T08:00:00Z,57.94
Sweden,SWE,2024-04-02T07:00:00Z,2024-04-02T09:00:00Z,46.82
Sweden,SWE,2024-04-02T08:00:00Z,2024-04-02T10:00:00Z,38.29
Sweden,SWE,2024-04-02T09:00:00Z,2024-04-02T11:00:00Z,39.3
Sweden,SWE,2024-04-02T10:00:00Z,2024-04-02T12:00:00Z,39.28
Sweden,SWE,2024-04-02T11:00:00Z,2024-04-02T13:00:00Z,38.37
Sweden,SWE,2024-04-02T12:00:00Z,2024-04-02T14:00:00Z,33.38
Sweden,SWE,2024-04-02T13:00:00Z,2024-04-02T15:00:00Z,25.1
Sweden,SWE,2024-04-02T14:00:00Z,2024-04-02T16:00:00Z,8.83
Sweden,SWE,2024-04-02T15:00:00Z,2024-04-02T17:00:00Z,41.2
Sweden,SWE,2024-04-02T16:00:00Z,2024-04-02T18:00:00Z,52.13
Sweden,SWE,2024-04-02T17:00:00Z,2024-04-02T19:00:00Z,54.06
Sweden,SWE,2024-04-02T18:00:00Z,2024-04-02T20:00:00Z,51.75
Sweden,SWE,2024-04-02T19:00:00Z,2024-04-02T21:00:00Z,39.7
Sweden,SWE,2024-04-02T20:00:00Z,2024-04-02T22:00:00Z,25.7
Sweden,SWE,2024-04-02T21:00:00Z,2024-04-02T23:00:00Z,1.66
Sweden,SWE,2024-04-02T22:00:00Z,2024-04-03T00:00:00Z,25.28
Sweden,SWE,2024-04-02T23:00:00Z,2024-04-03T01:00:00Z,20.63
Sweden,SWE,2024-04-03T00:00:00Z,2024-04-03T02:00:00Z,16.95
Sweden,SWE,2024-04-03T01:00:00Z,2024-04-03T03:00:00Z,12.99
Sweden,SWE,2024-04-03T02:00:00Z,2024-04-03T04:00:00Z,26.84
Sweden,SWE,2024-04-03T03:00:00Z,2024-04-03T05:00:00Z,41.05
Sweden,SWE,2024-04-03T04:00:00Z,2024-04-03T06:00:00Z,48.57
Sweden,SWE,2024-04-03T05:00:00Z,2024-04-03T07:00:00Z,58.24
Sweden,SWE,2024-04-03T06:00:00Z,2024-04-03T08:00:00Z,60.86
Sweden,SWE,2024-04-03T07:00:00Z,2024-04-03T09:00:00Z,58.9
Sweden,SWE,2024-04-03T08:00:00Z,2024-04-03T10:00:00Z,56.55
Sweden,SWE,2024-04-03T09:00:00Z,2024-04-03T11:00:00Z,54.33
Sweden,SWE,2024-04-03T10:00:00Z,2024-04-03T12:00:00Z,54.49
Sweden,SWE,2024-04-03T11:00:00Z,2024-04-03T13:00:00Z,53.28
Sweden,SWE,2024-04-03T12:00:00Z,2024-04-03T14:00:00Z,52.47
Sweden,SWE,2024-04-03T13:00:00Z,2024-04-03T15:00:00Z,53.88
Sweden,SWE,2024-04-03T14:00:00Z,2024-04-03T16:00:00Z,57.89
Sweden,SWE,2024-04-03T15:00:00Z,2024-04-03T17:00:00Z,64.88
Sweden,SWE,2024-04-03T16:00:00Z,2024-04-03T18:00:00Z,70.93
Sweden,SWE,2024-04-03T17:00:00Z,2024-04-03T19:00:00Z,73.67
Sweden,SWE,2024-04-03T18:00:00Z,2024-04-03T20:00:00Z,67.68
Sweden,SWE,2024-04-03T19:00:00Z,2024-04-03T21:00:00Z,61.37
Sweden,SWE,2024-04-03T20:00:00Z,2024-04-03T22:00:00Z,58.35
Sweden,SWE,2024-04-03T21:00:00Z,2024-04-03T23:00:00Z,55.33
Sweden,SWE,2024-04-03T22:00:00Z,2024-04-04T00:00:00Z,54.52
Sweden,SWE,2024-04-03T23:00:00Z,2024-04-04T01:00:00Z,52.01
Sweden,SWE,2024-04-04T00:00:00Z,2024-04-04T02:00:00Z,50.17
Sweden,SWE,2024-04-04T01:00:00Z,2024-04-04T03:00:00Z,51.57
Sweden,SWE,2024-04-04T02:00:00Z,2024-04-04T04:00:00Z,51.94
Sweden,SWE,2024-04-04T03:00:00Z,2024-04-04T05:00:00Z,54.08
Sweden,SWE,2024-04-04T04:00:00Z,2024-04-04T06:00:00Z,60.9
Sweden,SWE,2024-04-04T05:00:00Z,2024-04-04T07:00:00Z,77.26
Sweden,SWE,2024-04-04T06:00:00Z,2024-04-04T08:00:00Z,75.33
Sweden,SWE,2024-04-04T07:00:00Z,2024-04-04T09:00:00Z,71.79
Sweden,SWE,2024-04-04T08:00:00Z,2024-04-04T10:00:00Z,69.17
Sweden,SWE,2024-04-04T09:00:00Z,2024-04-04T11:00:00Z,63.06
Sweden,SWE,2024-04-04T10:00:00Z,2024-04-04T12:00:00Z,58.08
Sweden,SWE,2024-04-04T11:00:00Z,2024-04-04T13:00:00Z,56.22
Sweden,SWE,2024-04-04T12:00:00Z,2024-04-04T14:00:00Z,55.49
Sweden,SWE,2024-04-04T13:00:00Z,2024-04-04T15:00:00Z,56.17
Sweden,SWE,2024-04-04T14:00:00Z,2024-04-04T16:00:00Z,57.08
Sweden,SWE,2024-04-04T15:00:00Z,2024-04-04T17:00:00Z,67.42
Sweden,SWE,2024-04-04T16:00:00Z,2024-04-04T18:00:00Z,73.44
Sweden,SWE,2024-04-04T17:00:00Z,2024-04-04T19:00:00Z,88.14
Sweden,SWE,2024-04-04T18:00:00Z,2024-04-04T20:00:00Z,70.03
Sweden,SWE,2024-04-04T19:00:00Z,2024-04-04T21:00:00Z,61.96
Sweden,SWE,2024-04-04T20:00:00Z,2024-04-04T22:00:00Z,59.36
Sweden,SWE,2024-04-04T21:00:00Z,2024-04-04T23:00:00Z,56.29
Sweden,SWE,2024-04-04T22:00:00Z,2024-04-05T00:00:00Z,46.78
Sweden,SWE,2024-04-04T23:00:00Z,2024-04-05T01:00:00Z,48.27
Sweden,SWE,2024-04-05T00:00:00Z,2024-04-05T02:00:00Z,47.52
Sweden,SWE,2024-04-05T01:00:00Z,2024-04-05T03:00:00Z,46.53
Sweden,SWE,2024-04-05T02:00:00Z,2024-04-05T04:00:00Z,47.34
Sweden,SWE,2024-04-05T03:00:00Z,2024-04-05T05:00:00Z,47.29
Sweden,SWE,2024-04-05T04:00:00Z,2024-04-05T06:00:00Z,54.72
Sweden,SWE,2024-04-05T05:00:00Z,2024-04-05T07:00:00Z,61.03
Sweden,SWE,2024-04-05T06:00:00Z,2024-04-05T08:00:00Z,64.35
Sweden,SWE,2024-04-05T07:00:00Z,2024-04-05T09:00:00Z,60.83
Sweden,SWE,2024-04-05T08:00:00Z,2024-04-05T10:00:00Z,50.5
Sweden,SWE,2024-04-05T09:00:00Z,2024-04-05T11:00:00Z,45.54
Sweden,SWE,2024-04-05T10:00:00Z,2024-04-05T12:00:00Z,44.43
Sweden,SWE,2024-04-05T11:00:00Z,2024-04-05T13:00:00Z,40.03
Sweden,SWE,2024-04-05T12:00:00Z,2024-04-05T14:00:00Z,37.07
Sweden,SWE,2024-04-05T13:00:00Z,2024-04-05T15:00:00Z,31.04
Sweden,SWE,2024-04-05T14:00:00Z,2024-04-05T16:00:00Z,27.61
Sweden,SWE,2024-04-05T15:00:00Z,2024-04-05T17:00:00Z,39.99
Sweden,SWE,2024-04-05T16:00:00Z,2024-04-05T18:00:00Z,49.65
Sweden,SWE,2024-04-05T17:00:00Z,2024-04-05T19:00:00Z,53.4
Sweden,SWE,2024-04-05T18:00:00Z,2024-04-05T20:00:00Z,53.92
Sweden,SWE,2024-04-05T19:00:00Z,2024-04-05T21:00:00Z,53.4
Sweden,SWE,2024-04-05T20:00:00Z,2024-04-05T22:00:00Z,52.73
Sweden,SWE,2024-04-05T21:00:00Z,2024-04-05T23:00:00Z,49.62
Sweden,SWE,2024-04-05T22:00:00Z,2024-04-06T00:00:00Z,42.05
Sweden,SWE,2024-04-05T23:00:00Z,2024-04-06T01:00:00Z,43.78
Sweden,SWE,2024-04-06T00:00:00Z,2024-04-06T02:00:00Z,44
Sweden,SWE,2024-04-06T01:00:00Z,2024-04-06T03:00:00Z,44.87
Sweden,SWE,2024-04-06T02:00:00Z,2024-04-06T04:00:00Z,47.51
Sweden,SWE,2024-04-06T03:00:00Z,2024-04-06T05:00:00Z,48.25
Sweden,SWE,2024-04-06T04:00:00Z,2024-04-06T06:00:00Z,49.94
Sweden,SWE,2024-04-06T05:00:00Z,2024-04-06T07:00:00Z,51.26
Sweden,SWE,2024-04-06T06:00:00Z,2024-04-06T08:00:00Z,50.23
Sweden,SWE,2024-04-06T07:00:00Z,2024-04-06T09:00:00Z,48.25
Sweden,SWE,2024-04-06T08:00:00Z,2024-04-06T10:00:00Z,39.12
Sweden,SWE,2024-04-06T09:00:00Z,2024-04-06T11:00:00Z,39.99
Sweden,SWE,2024-04-06T10:00:00Z,2024-04-06T12:00:00Z,39.55
Sweden,SWE,2024-04-06T11:00:00Z,2024-04-06T13:00:00Z,37.84
Sweden,SWE,2024-04-06T12:00:00Z,2024-04-06T14:00:00Z,34.92
Sweden,SWE,2024-04-06T13:00:00Z,2024-04-06T15:00:00Z,39.21
Sweden,SWE,2024-04-06T14:00:00Z,2024-04-06T16:00:00Z,39.87
Sweden,SWE,2024-04-06T15:00:00Z,2024-04-06T17:00:00Z,46.28
Sweden,SWE,2024-04-06T16:00:00Z,2024-04-06T18:00:00Z,52.7
Sweden,SWE,2024-04-06T17:00:00Z,2024-04-06T19:00:00Z,52.05
Sweden,SWE,2024-04-06T18:00:00Z,2024-04-06T20:00:00Z,48.28
Sweden,SWE,2024-04-06T19:00:00Z,2024-04-06T21:00:00Z,45.02
Sweden,SWE,2024-04-06T20:00:00Z,2024-04-06T22:00:00Z,39.86
Sweden,SWE,2024-04-06T21:00:00Z,2024-04-06T23:00:00Z,25.26
Sweden,SWE,2024-04-06T22:00:00Z,2024-04-07T00:00:00Z,11.3
Sweden,SWE,2024-04-06T23:00:00Z,2024-04-07T01:00:00Z,0.1
Sweden,SWE,2024-04-07T00:00:00Z,2024-04-07T02:00:00Z,0
Sweden,SWE,2024-04-07T01:00:00Z,2024-04-07T03:00:00Z,0
Sweden,SWE,2024-04-07T02:00:00Z,2024-04-07T04:00:00Z,0
Sweden,SWE,2024-04-07T03:00:00Z,2024-04-07T05:00:00Z,0
Sweden,SWE,2024-04-07T04:00:00Z,2024-04-07T06:00:00Z,0
Sweden,SWE,2024-04-07T05:00:00Z,2024-04-07T07:00:00Z,0
Sweden,SWE,2024-04-07T06:00:00Z,2024-04-07T08:00:00Z,0
Sweden,SWE,2024-04-07T07:00:00Z,2024-04-07T09:00:00Z,-0.01
Sweden,SWE,2024-04-07T08:00:00Z,2024-04-07T10:00:00Z,-0.16
Sweden,SWE,2024-04-07T09:00:00Z,2024-04-07T11:00:00Z,-3.01
Sweden,SWE,2024-04-07T10:00:00Z,2024-04-07T12:00:00Z,-3.99
Sweden,SWE,2024-04-07T11:00:00Z,2024-04-07T13:00:00Z,-6.55
Sweden,SWE,2024-04-07T12:00:00Z,2024-04-07T14:00:00Z,-10
Sweden,SWE,2024-04-07T13:00:00Z,2024-04-07T15:00:00Z,-5.04
Sweden,SWE,2024-04-07T14:00:00Z,2024-04-07T16:00:00Z,-0.16
Sweden,SWE,2024-04-07T15:00:00Z,2024-04-07T17:00:00Z,6.75
Sweden,SWE,2024-04-07T16:00:00Z,2024-04-07T18:00:00Z,27.72
Sweden,SWE,2024-04-07T17:00:00Z,2024-04-07T19:00:00Z,29.87
Sweden,SWE,2024-04-07T18:00:00Z,2024-04-07T20:00:00Z,25.71
Sweden,SWE,2024-04-07T19:00:00Z,2024-04-07T21:00:00Z,23.62
Sweden,SWE,2024-04-07T20:00:00Z,2024-04-07T22:00:00Z,4.96
Sweden,SWE,2024-04-07T21:00:00Z,2024-04-07T23:00:00Z,1.22
Sweden,SWE,2024-04-07T22:00:00Z,2024-04-08T00:00:00Z,2.87
Sweden,SWE,2024-04-07T23:00:00Z,2024-04-08T01:00:00Z,2.48
Sweden,SWE,2024-04-08T00:00:00Z,2024-04-08T02:00:00Z,4.11
Sweden,SWE,2024-04-08T01:00:00Z,2024-04-08T03:00:00Z,4.91
Sweden,SWE,2024-04-08T02:00:00Z,2024-04-08T04:00:00Z,24.42
Sweden,SWE,2024-04-08T03:00:00Z,2024-04-08T05:00:00Z,33.88
Sweden,SWE,2024-04-08T04:00:00Z,2024-04-08T06:00:00Z,48.77
Sweden,SWE,2024-04-08T05:00:00Z,2024-04-08T07:00:00Z,52.64
Sweden,SWE,2024-04-08T06:00:00Z,2024-04-08T08:00:00Z,57.5
Sweden,SWE,2024-04-08T07:00:00Z,2024-04-08T09:00:00Z,55.89
Sweden,SWE,2024-04-08T08:00:00Z,2024-04-08T10:00:00Z,47.64
Sweden,SWE,2024-04-08T09:00:00Z,2024-04-08T11:00:00Z,39.99
Sweden,SWE,2024-04-08T10:00:00Z,2024-04-08T12:00:00Z,38.97
Sweden,SWE,2024-04-08T11:00:00Z,2024-04-08T13:00:00Z,35.61
Sweden,SWE,2024-04-08T12:00:00Z,2024-04-08T14:00:00Z,37.39
Sweden,SWE,2024-04-08T13:00:00Z,2024-04-08T15:00:00Z,43.11
Sweden,SWE,2024-04-08T14:00:00Z,2024-04-08T16:00:00Z,47.17
Sweden,SWE,2024-04-08T15:00:00Z,2024-04-08T17:00:00Z,52.44
Sweden,SWE,2024-04-08T16:00:00Z,2024-04-08T18:00:00Z,59.93
Sweden,SWE,2024-04-08T17:00:00Z,2024-04-08T19:00:00Z,65.41
Sweden,SWE,2024-04-08T18:00:00Z,2024-04-08T20:00:00Z,63.84
Sweden,SWE,2024-04-08T19:00:00Z,2024-04-08T21:00:00Z,57.71
Sweden,SWE,2024-04-08T20:00:00Z,2024-04-08T22:00:00Z,53.04
Sweden,SWE,2024-04-08T21:00:00Z,2024-04-08T23:00:00Z,49.62
Sweden,SWE,2024-04-08T22:00:00Z,2024-04-09T00:00:00Z,41.81
Sweden,SWE,2024-04-08T23:00:00Z,2024-04-09T01:00:00Z,43
Sweden,SWE,2024-04-09T00:00:00Z,2024-04-09T02:00:00Z,43.84
Sweden,SWE,2024-04-09T01:00:00Z,2024-04-09T03:00:00Z,45.65
Sweden,SWE,2024-04-09T02:00:00Z,2024-04-09T04:00:00Z,49.36
Sweden,SWE,2024-04-09T03:00:00Z,2024-04-09T05:00:00Z,52.23
Sweden,SWE,2024-04-09T04:00:00Z,2024-04-09T06:00:00Z,59.94
Sweden,SWE,2024-04-09T05:00:00Z,2024-04-09T07:00:00Z,82.66
Sweden,SWE,2024-04-09T06:00:00Z,2024-04-09T08:00:00Z,77.4
Sweden,SWE,2024-04-09T07:00:00Z,2024-04-09T09:00:00Z,65.78
Sweden,SWE,2024-04-09T08:00:00Z,2024-04-09T10:00:00Z,50.48
Sweden,SWE,2024-04-09T09:00:00Z,2024-04-09T11:00:00Z,45.07
Sweden,SWE,2024-04-09T10:00:00Z,2024-04-09T12:00:00Z,37.53
Sweden,SWE,2024-04-09T11:00:00Z,2024-04-09T13:00:00Z,30.04
Sweden,SWE,2024-04-09T12:00:00Z,2024-04-09T14:00:00Z,26.93
Sweden,SWE,2024-04-09T13:00:00Z,2024-04-09T15:00:00Z,29.76
Sweden,SWE,2024-04-09T14:00:00Z,2024-04-09T16:00:00Z,39.8
Sweden,SWE,2024-04-09T15:00:00Z,2024-04-09T17:00:00Z,48.37
Sweden,SWE,2024-04-09T16:00:00Z,2024-04-09T18:00:00Z,52.72
Sweden,SWE,2024-04-09T17:00:00Z,2024-04-09T19:00:00Z,51.21
Sweden,SWE,2024-04-09T18:00:00Z,2024-04-09T20:00:00Z,43.27
Sweden,SWE,2024-04-09T19:00:00Z,2024-04-09T21:00:00Z,39.81
Sweden,SWE,2024-04-09T20:00:00Z,2024-04-09T22:00:00Z,32.89
Sweden,SWE,2024-04-09T21:00:00Z,2024-04-09T23:00:00Z,4.99
Sweden,SWE,2024-04-09T22:00:00Z,2024-04-10T00:00:00Z,7.01
Sweden,SWE,2024-04-09T23:00:00Z,2024-04-10T01:00:00Z,4.1
Sweden,SWE,2024-04-10T00:00:00Z,2024-04-10T02:00:00Z,0.86
Sweden,SWE,2024-04-10T01:00:00Z,2024-04-10T03:00:00Z,0
Sweden,SWE,2024-04-10T02:00:00Z,2024-04-10T04:00:00Z,-0.01
Sweden,SWE,2024-04-10T03:00:00Z,2024-04-10T05:00:00Z,0
Sweden,SWE,2024-04-10T04:00:00Z,2024-04-10T06:00:00Z,3.09
Sweden,SWE,2024-04-10T05:00:00Z,2024-04-10T07:00:00Z,13.58
Sweden,SWE,2024-04-10T06:00:00Z,2024-04-10T08:00:00Z,19.44
Sweden,SWE,2024-04-10T07:00:00Z,2024-04-10T09:00:00Z,4.96
Sweden,SWE,2024-04-10T08:00:00Z,2024-04-10T10:00:00Z,1.5
Sweden,SWE,2024-04-10T09:00:00Z,2024-04-10T11:00:00Z,0
Sweden,SWE,2024-04-10T10:00:00Z,2024-04-10T12:00:00Z,-0.09
Sweden,SWE,2024-04-10T11:00:00Z,2024-04-10T13:00:00Z,-1.49
Sweden,SWE,2024-04-10T12:00:00Z,2024-04-10T14:00:00Z,-2.02
Sweden,SWE,2024-04-10T13:00:00Z,2024-04-10T15:00:00Z,-2.08
Sweden,SWE,2024-04-10T14:00:00Z,2024-04-10T16:00:00Z,-2.09
Sweden,SWE,2024-04-10T15:00:00Z,2024-04-10T17:00:00Z,-1.91
Sweden,SWE,2024-04-10T16:00:00Z,2024-04-10T18:00:00Z,-1.93
Sweden,SWE,2024-04-10T17:00:00Z,2024-04-10T19:00:00Z,-1.9
Sweden,SWE,2024-04-10T18:00:00Z,2024-04-10T20:00:00Z,-2.01
Sweden,SWE,2024-04-10T19:00:00Z,2024-04-10T21:00:00Z,-2.27
Sweden,SWE,2024-04-10T20:00:00Z,2024-04-10T22:00:00Z,-2.47
Sweden,SWE,2024-04-10T21:00:00Z,2024-04-10T23:00:00Z,-3.09
Sweden,SWE,2024-04-10T22:00:00Z,2024-04-11T00:00:00Z,-3.07
Sweden,SWE,2024-04-10T23:00:00Z,2024-04-11T01:00:00Z,-3.07
Sweden,SWE,2024-04-11T00:00:00Z,2024-04-11T02:00:00Z,-3.06
Sweden,SWE,2024-04-11T01:00:00Z,2024-04-11T03:00:00Z,-3
Sweden,SWE,2024-04-11T02:00:00Z,2024-04-11T04:00:00Z,-2.09
Sweden,SWE,2024-04-11T03:00:00Z,2024-04-11T05:00:00Z,-1.07
Sweden,SWE,2024-04-11T04:00:00Z,2024-04-11T06:00:00Z,2.4
Sweden,SWE,2024-04-11T05:00:00Z,2024-04-11T07:00:00Z,11.71
Sweden,SWE,2024-04-11T06:00:00Z,2024-04-11T08:00:00Z,23
Sweden,SWE,2024-04-11T07:00:00Z,2024-04-11T09:00:00Z,22.41
Sweden,SWE,2024-04-11T08:00:00Z,2024-04-11T10:00:00Z,6.67
Sweden,SWE,2024-04-11T09:00:00Z,2024-04-11T11:00:00Z,0.8
Sweden,SWE,2024-04-11T10:00:00Z,2024-04-11T12:00:00Z,0.23
Sweden,SWE,2024-04-11T11:00:00Z,2024-04-11T13:00:00Z,0.26
Sweden,SWE,2024-04-11T12:00:00Z,2024-04-11T14:00:00Z,0.27
Sweden,SWE,2024-04-11T13:00:00Z,2024-04-11T15:00:00Z,4.2
Sweden,SWE,2024-04-11T14:00:00Z,2024-04-11T16:00:00Z,8.68
Sweden,SWE,2024-04-11T15:00:00Z,2024-04-11T17:00:00Z,22.29
Sweden,SWE,2024-04-11T16:00:00Z,2024-04-11T18:00:00Z,25.6
Sweden,SWE,2024-04-11T17:00:00Z,2024-04-11T19:00:00Z,25.39
Sweden,SWE,2024-04-11T18:00:00Z,2024-04-11T20:00:00Z,21
Sweden,SWE,2024-04-11T19:00:00Z,2024-04-11T21:00:00Z,18.82
Sweden,SWE,2024-04-11T20:00:00Z,2024-04-11T22:00:00Z,4.94
Sweden,SWE,2024-04-11T21:00:00Z,2024-04-11T23:00:00Z,3.46
Sweden,SWE,2024-04-11T22:00:00Z,2024-04-12T00:00:00Z,4.16
Sweden,SWE,2024-04-11T23:00:00Z,2024-04-12T01:00:00Z,4.15
Sweden,SWE,2024-04-12T00:00:00Z,2024-04-12T02:00:00Z,4.37
Sweden,SWE,2024-04-12T01:00:00Z,2024-04-12T03:00:00Z,4.93
Sweden,SWE,2024-04-12T02:00:00Z,2024-04-12T04:00:00Z,15.56
Sweden,SWE,2024-04-12T03:00:00Z,2024-04-12T05:00:00Z,27.51
Sweden,SWE,2024-04-12T04:00:00Z,2024-04-12T06:00:00Z,39.52
Sweden,SWE,2024-04-12T05:00:00Z,2024-04-12T07:00:00Z,47.45
Sweden,SWE,2024-04-12T06:00:00Z,2024-04-12T08:00:00Z,65
Sweden,SWE,2024-04-12T07:00:00Z,2024-04-12T09:00:00Z,65.59
Sweden,SWE,2024-04-12T08:00:00Z,2024-04-12T10:00:00Z,42.16
Sweden,SWE,2024-04-12T09:00:00Z,2024-04-12T11:00:00Z,24.94
Sweden,SWE,2024-04-12T10:00:00Z,2024-04-12T12:00:00Z,20.09
Sweden,SWE,2024-04-12T11:00:00Z,2024-04-12T13:00:00Z,4.98
Sweden,SWE,2024-04-12T12:00:00Z,2024-04-12T14:00:00Z,0.81
Sweden,SWE,2024-04-12T13:00:00Z,2024-04-12T15:00:00Z,0.43
Sweden,SWE,2024-04-12T14:00:00Z,2024-04-12T16:00:00Z,17.22
Sweden,SWE,2024-04-12T15:00:00Z,2024-04-12T17:00:00Z,39.4
Sweden,SWE,2024-04-12T16:00:00Z,2024-04-12T18:00:00Z,39.75
Sweden,SWE,2024-04-12T17:00:00Z,2024-04-12T19:00:00Z,30.86
Sweden,SWE,2024-04-12T18:00:00Z,2024-04-12T20:00:00Z,23.39
Sweden,SWE,2024-04-12T19:00:00Z,2024-04-12T21:00:00Z,19.17
Sweden,SWE,2024-04-12T20:00:00Z,2024-04-12T22:00:00Z,14.87
Sweden,SWE,2024-04-12T21:00:00Z,2024-04-12T23:00:00Z,4.92
Sweden,SWE,2024-04-12T22:00:00Z,2024-04-13T00:00:00Z,0.95
Sweden,SWE,2024-04-12T23:00:00Z,2024-04-13T01:00:00Z,0.81
Sweden,SWE,2024-04-13T00:00:00Z,2024-04-13T02:00:00Z,1
Sweden,SWE,2024-04-13T01:00:00Z,2024-04-13T03:00:00Z,2.98
Sweden,SWE,2024-04-13T02:00:00Z,2024-04-13T04:00:00Z,4.1
Sweden,SWE,2024-04-13T03:00:00Z,2024-04-13T05:00:00Z,10.01
Sweden,SWE,2024-04-13T04:00:00Z,2024-04-13T06:00:00Z,13.1
Sweden,SWE,2024-04-13T05:00:00Z,2024-04-13T07:00:00Z,19.65
Sweden,SWE,2024-04-13T06:00:00Z,2024-04-13T08:00:00Z,22.47
Sweden,SWE,2024-04-13T07:00:00Z,2024-04-13T09:00:00Z,8.8
Sweden,SWE,2024-04-13T08:00:00Z,2024-04-13T10:00:00Z,-0.02
Sweden,SWE,2024-04-13T09:00:00Z,2024-04-13T11:00:00Z,-4.04
Sweden,SWE,2024-04-13T10:00:00Z,2024-04-13T12:00:00Z,-8.02
Sweden,SWE,2024-04-13T11:00:00Z,2024-04-13T13:00:00Z,-20.2
Sweden,SWE,2024-04-13T12:00:00Z,2024-04-13T14:00:00Z,-29.32
Sweden,SWE,2024-04-13T13:00:00Z,2024-04-13T15:00:00Z,-31.6
Sweden,SWE,2024-04-13T14:00:00Z,2024-04-13T16:00:00Z,-10.07
Sweden,SWE,2024-04-13T15:00:00Z,2024-04-13T17:00:00Z,2
Sweden,SWE,2024-04-13T16:00:00Z,2024-04-13T18:00:00Z,23.73
Sweden,SWE,2024-04-13T17:00:00Z,2024-04-13T19:00:00Z,29.36
Sweden,SWE,2024-04-13T18:00:00Z,2024-04-13T20:00:00Z,27.43
Sweden,SWE,2024-04-13T19:00:00Z,2024-04-13T21:00:00Z,27.2
Sweden,SWE,2024-04-13T20:00:00Z,2024-04-13T22:00:00Z,20.6
Sweden,SWE,2024-04-13T21:00:00Z,2024-04-13T23:00:00Z,7.05
Sweden,SWE,2024-04-13T22:00:00Z,2024-04-14T00:00:00Z,0.43
Sweden,SWE,2024-04-13T23:00:00Z,2024-04-14T01:00:00Z,0.83
Sweden,SWE,2024-04-14T00:00:00Z,2024-04-14T02:00:00Z,0.91
Sweden,SWE,2024-04-14T01:00:00Z,2024-04-14T03:00:00Z,0.42
Sweden,SWE,2024-04-14T02:00:00Z,2024-04-14T04:00:00Z,0.49
Sweden,SWE,2024-04-14T03:00:00Z,2024-04-14T05:00:00Z,2.91
Sweden,SWE,2024-04-14T04:00:00Z,2024-04-14T06:00:00Z,12.55
Sweden,SWE,2024-04-14T05:00:00Z,2024-04-14T07:00:00Z,13
Sweden,SWE,2024-04-14T06:00:00Z,2024-04-14T08:00:00Z,7.41
Sweden,SWE,2024-04-14T07:00:00Z,2024-04-14T09:00:00Z,0
Sweden,SWE,2024-04-14T08:00:00Z,2024-04-14T10:00:00Z,0.48
Sweden,SWE,2024-04-14T09:00:00Z,2024-04-14T11:00:00Z,2.17
Sweden,SWE,2024-04-14T10:00:00Z,2024-04-14T12:00:00Z,-2.16
Sweden,SWE,2024-04-14T11:00:00Z,2024-04-14T13:00:00Z,-4.43
Sweden,SWE,2024-04-14T12:00:00Z,2024-04-14T14:00:00Z,-5.08
Sweden,SWE,2024-04-14T13:00:00Z,2024-04-14T15:00:00Z,-2.48
Sweden,SWE,2024-04-14T14:00:00Z,2024-04-14T16:00:00Z,-1.9
Sweden,SWE,2024-04-14T15:00:00Z,2024-04-14T17:00:00Z,1.57
Sweden,SWE,2024-04-14T16:00:00Z,2024-04-14T18:00:00Z,21.1
Sweden,SWE,2024-04-14T17:00:00Z,2024-04-14T19:00:00Z,13.94
Sweden,SWE,2024-04-14T18:00:00Z,2024-04-14T20:00:00Z,1.45
Sweden,SWE,2024-04-14T19:00:00Z,2024-04-14T21:00:00Z,0
Sweden,SWE,2024-04-14T20:00:00Z,2024-04-14T22:00:00Z,-0.05
Sweden,SWE,2024-04-14T21:00:00Z,2024-04-14T23:00:00Z,-0.15
Sweden,SWE,2024-04-14T22:00:00Z,2024-04-15T00:00:00Z,-1.73
Sweden,SWE,2024-04-14T23:00:00Z,2024-04-15T01:00:00Z,-1.69
Sweden,SWE,2024-04-15T00:00:00Z,2024-04-15T02:00:00Z,-0.58
Sweden,SWE,2024-04-15T01:00:00Z,2024-04-15T03:00:00Z,-0.06
Sweden,SWE,2024-04-15T02:00:00Z,2024-04-15T04:00:00Z,0.24
Sweden,SWE,2024-04-15T03:00:00Z,2024-04-15T05:00:00Z,22.44
Sweden,SWE,2024-04-15T04:00:00Z,2024-04-15T06:00:00Z,48.86
Sweden,SWE,2024-04-15T05:00:00Z,2024-04-15T07:00:00Z,123.31
Sweden,SWE,2024-04-15T06:00:00Z,2024-04-15T08:00:00Z,99.3
Sweden,SWE,2024-04-15T07:00:00Z,2024-04-15T09:00:00Z,54.83
Sweden,SWE,2024-04-15T08:00:00Z,2024-04-15T10:00:00Z,52.98
Sweden,SWE,2024-04-15T09:00:00Z,2024-04-15T11:00:00Z,47.53
Sweden,SWE,2024-04-15T10:00:00Z,2024-04-15T12:00:00Z,43
Sweden,SWE,2024-04-15T11:00:00Z,2024-04-15T13:00:00Z,32.89
Sweden,SWE,2024-04-15T12:00:00Z,2024-04-15T14:00:00Z,19.5
Sweden,SWE,2024-04-15T13:00:00Z,2024-04-15T15:00:00Z,29.94
Sweden,SWE,2024-04-15T14:00:00Z,2024-04-15T16:00:00Z,35.58
Sweden,SWE,2024-04-15T15:00:00Z,2024-04-15T17:00:00Z,45.29
Sweden,SWE,2024-04-15T16:00:00Z,2024-04-15T18:00:00Z,48.6
Sweden,SWE,2024-04-15T17:00:00Z,2024-04-15T19:00:00Z,52.34
Sweden,SWE,2024-04-15T18:00:00Z,2024-04-15T20:00:00Z,52.4
Sweden,SWE,2024-04-15T19:00:00Z,2024-04-15T21:00:00Z,50.23
Sweden,SWE,2024-04-15T20:00:00Z,2024-04-15T22:00:00Z,46.4
Sweden,SWE,2024-04-15T21:00:00Z,2024-04-15T23:00:00Z,35.01
Sweden,SWE,2024-04-15T22:00:00Z,2024-04-16T00:00:00Z,31.05
Sweden,SWE,2024-04-15T23:00:00Z,2024-04-16T01:00:00Z,17.79
Sweden,SWE,2024-04-16T00:00:00Z,2024-04-16T02:00:00Z,6.65
Sweden,SWE,2024-04-16T01:00:00Z,2024-04-16T03:00:00Z,5.49
Sweden,SWE,2024-04-16T02:00:00Z,2024-04-16T04:00:00Z,17.9
Sweden,SWE,2024-04-16T03:00:00Z,2024-04-16T05:00:00Z,36.22
Sweden,SWE,2024-04-16T04:00:00Z,2024-04-16T06:00:00Z,48.8
Sweden,SWE,2024-04-16T05:00:00Z,2024-04-16T07:00:00Z,70.37
Sweden,SWE,2024-04-16T06:00:00Z,2024-04-16T08:00:00Z,72.54
Sweden,SWE,2024-04-16T07:00:00Z,2024-04-16T09:00:00Z,64.81
Sweden,SWE,2024-04-16T08:00:00Z,2024-04-16T10:00:00Z,52.05
Sweden,SWE,2024-04-16T09:00:00Z,2024-04-16T11:00:00Z,46.15
Sweden,SWE,2024-04-16T10:00:00Z,2024-04-16T12:00:00Z,42.96
Sweden,SWE,2024-04-16T11:00:00Z,2024-04-16T13:00:00Z,42.37
Sweden,SWE,2024-04-16T12:00:00Z,2024-04-16T14:00:00Z,43.21
Sweden,SWE,2024-04-16T13:00:00Z,2024-04-16T15:00:00Z,48.53
Sweden,SWE,2024-04-16T14:00:00Z,2024-04-16T16:00:00Z,53.39
Sweden,SWE,2024-04-16T15:00:00Z,2024-04-16T17:00:00Z,58.02
Sweden,SWE,2024-04-16T16:00:00Z,2024-04-16T18:00:00Z,85.81
Sweden,SWE,2024-04-16T17:00:00Z,2024-04-16T19:00:00Z,103.68
Sweden,SWE,2024-04-16T18:00:00Z,2024-04-16T20:00:00Z,100.55
Sweden,SWE,2024-04-16T19:00:00Z,2024-04-16T21:00:00Z,65.26
Sweden,SWE,2024-04-16T20:00:00Z,2024-04-16T22:00:00Z,58.67
Sweden,SWE,2024-04-16T21:00:00Z,2024-04-16T23:00:00Z,56.38
Sweden,SWE,2024-04-16T22:00:00Z,2024-04-17T00:00:00Z,61.58
Sweden,SWE,2024-04-16T23:00:00Z,2024-04-17T01:00:00Z,60.34
Sweden,SWE,2024-04-17T00:00:00Z,2024-04-17T02:00:00Z,58.36
Sweden,SWE,2024-04-17T01:00:00Z,2024-04-17T03:00:00Z,59.11
Sweden,SWE,2024-04-17T02:00:00Z,2024-04-17T04:00:00Z,60.15
Sweden,SWE,2024-04-17T03:00:00Z,2024-04-17T05:00:00Z,62.88
Sweden,SWE,2024-04-17T04:00:00Z,2024-04-17T06:00:00Z,99.54
Sweden,SWE,2024-04-17T05:00:00Z,2024-04-17T07:00:00Z,146.43
Sweden,SWE,2024-04-17T06:00:00Z,2024-04-17T08:00:00Z,134.67
Sweden,SWE,2024-04-17T07:00:00Z,2024-04-17T09:00:00Z,93.48
Sweden,SWE,2024-04-17T08:00:00Z,2024-04-17T10:00:00Z,77.55
Sweden,SWE,2024-04-17T09:00:00Z,2024-04-17T11:00:00Z,74.6
Sweden,SWE,2024-04-17T10:00:00Z,2024-04-17T12:00:00Z,75.82
Sweden,SWE,2024-04-17T11:00:00Z,2024-04-17T13:00:00Z,73.16
Sweden,SWE,2024-04-17T12:00:00Z,2024-04-17T14:00:00Z,61.05
Sweden,SWE,2024-04-17T13:00:00Z,2024-04-17T15:00:00Z,60.84
Sweden,SWE,2024-04-17T14:00:00Z,2024-04-17T16:00:00Z,63.45
Sweden,SWE,2024-04-17T15:00:00Z,2024-04-17T17:00:00Z,66.83
Sweden,SWE,2024-04-17T16:00:00Z,2024-04-17T18:00:00Z,101.72
Sweden,SWE,2024-04-17T17:00:00Z,2024-04-17T19:00:00Z,95.61
Sweden,SWE,2024-04-17T18:00:00Z,2024-04-17T20:00:00Z,84.09
Sweden,SWE,2024-04-17T19:00:00Z,2024-04-17T21:00:00Z,78.36
Sweden,SWE,2024-04-17T20:00:00Z,2024-04-17T22:00:00Z,66.52
Sweden,SWE,2024-04-17T21:00:00Z,2024-04-17T23:00:00Z,64.31
Sweden,SWE,2024-04-17T22:00:00Z,2024-04-18T00:00:00Z,66.64
Sweden,SWE,2024-04-17T23:00:00Z,2024-04-18T01:00:00Z,66.26
Sweden,SWE,2024-04-18T00:00:00Z,2024-04-18T02:00:00Z,66.55
Sweden,SWE,2024-04-18T01:00:00Z,2024-04-18T03:00:00Z,66.85
Sweden,SWE,2024-04-18T02:00:00Z,2024-04-18T04:00:00Z,67.96
Sweden,SWE,2024-04-18T03:00:00Z,2024-04-18T05:00:00Z,87.88
Sweden,SWE,2024-04-18T04:00:00Z,2024-04-18T06:00:00Z,121.88
Sweden,SWE,2024-04-18T05:00:00Z,2024-04-18T07:00:00Z,155.8
Sweden,SWE,2024-04-18T06:00:00Z,2024-04-18T08:00:00Z,131.19
Sweden,SWE,2024-04-18T07:00:00Z,2024-04-18T09:00:00Z,101.12
Sweden,SWE,2024-04-18T08:00:00Z,2024-04-18T10:00:00Z,90.21
Sweden,SWE,2024-04-18T09:00:00Z,2024-04-18T11:00:00Z,83.87
Sweden,SWE,2024-04-18T10:00:00Z,2024-04-18T12:00:00Z,80.64
Sweden,SWE,2024-04-18T11:00:00Z,2024-04-18T13:00:00Z,77.2
Sweden,SWE,2024-04-18T12:00:00Z,2024-04-18T14:00:00Z,73.01
Sweden,SWE,2024-04-18T13:00:00Z,2024-04-18T15:00:00Z,70.7
Sweden,SWE,2024-04-18T14:00:00Z,2024-04-18T16:00:00Z,70.88
Sweden,SWE,2024-04-18T15:00:00Z,2024-04-18T17:00:00Z,80.37
Sweden,SWE,2024-04-18T16:00:00Z,2024-04-18T18:00:00Z,92.8
Sweden,SWE,2024-04-18T17:00:00Z,2024-04-18T19:00:00Z,114.83
Sweden,SWE,2024-04-18T18:00:00Z,2024-04-18T20:00:00Z,115.44
Sweden,SWE,2024-04-18T19:00:00Z,2024-04-18T21:00:00Z,96.75
Sweden,SWE,2024-04-18T20:00:00Z,2024-04-18T22:00:00Z,66.22
Sweden,SWE,2024-04-18T21:00:00Z,2024-04-18T23:00:00Z,62.63
Sweden,SWE,2024-04-18T22:00:00Z,2024-04-19T00:00:00Z,53.89
Sweden,SWE,2024-04-18T23:00:00Z,2024-04-19T01:00:00Z,53.57
Sweden,SWE,2024-04-19T00:00:00Z,2024-04-19T02:00:00Z,50.53
Sweden,SWE,2024-04-19T01:00:00Z,2024-04-19T03:00:00Z,48.45
Sweden,SWE,2024-04-19T02:00:00Z,2024-04-19T04:00:00Z,47.97
Sweden,SWE,2024-04-19T03:00:00Z,2024-04-19T05:00:00Z,49.08
Sweden,SWE,2024-04-19T04:00:00Z,2024-04-19T06:00:00Z,60.12
Sweden,SWE,2024-04-19T05:00:00Z,2024-04-19T07:00:00Z,70.74
Sweden,SWE,2024-04-19T06:00:00Z,2024-04-19T08:00:00Z,77.87
Sweden,SWE,2024-04-19T07:00:00Z,2024-04-19T09:00:00Z,69.25
Sweden,SWE,2024-04-19T08:00:00Z,2024-04-19T10:00:00Z,61.27
Sweden,SWE,2024-04-19T09:00:00Z,2024-04-19T11:00:00Z,57.28
Sweden,SWE,2024-04-19T10:00:00Z,2024-04-19T12:00:00Z,52.16
Sweden,SWE,2024-04-19T11:00:00Z,2024-04-19T13:00:00Z,48.67
Sweden,SWE,2024-04-19T12:00:00Z,2024-04-19T14:00:00Z,46.38
Sweden,SWE,2024-04-19T13:00:00Z,2024-04-19T15:00:00Z,47.31
Sweden,SWE,2024-04-19T14:00:00Z,2024-04-19T16:00:00Z,50.91
Sweden,SWE,2024-04-19T15:00:00Z,2024-04-19T17:00:00Z,57.02
Sweden,SWE,2024-04-19T16:00:00Z,2024-04-19T18:00:00Z,60.56
Sweden,SWE,2024-04-19T17:00:00Z,2024-04-19T19:00:00Z,60.11
Sweden,SWE,2024-04-19T18:00:00Z,2024-04-19T20:00:00Z,54.24
Sweden,SWE,2024-04-19T19:00:00Z,2024-04-19T21:00:00Z,52.22
Sweden,SWE,2024-04-19T20:00:00Z,2024-04-19T22:00:00Z,48.7
Sweden,SWE,2024-04-19T21:00:00Z,2024-04-19T23:00:00Z,45.43
Sweden,SWE,2024-04-19T22:00:00Z,2024-04-20T00:00:00Z,43.13
Sweden,SWE,2024-04-19T23:00:00Z,2024-04-20T01:00:00Z,41.81
Sweden,SWE,2024-04-20T00:00:00Z,2024-04-20T02:00:00Z,40.78
Sweden,SWE,2024-04-20T01:00:00Z,2024-04-20T03:00:00Z,39.44
Sweden,SWE,2024-04-20T02:00:00Z,2024-04-20T04:00:00Z,37.2
Sweden,SWE,2024-04-20T03:00:00Z,2024-04-20T05:00:00Z,31.82
Sweden,SWE,2024-04-20T04:00:00Z,2024-04-20T06:00:00Z,32.16
Sweden,SWE,2024-04-20T05:00:00Z,2024-04-20T07:00:00Z,41.34
Sweden,SWE,2024-04-20T06:00:00Z,2024-04-20T08:00:00Z,43.96
Sweden,SWE,2024-04-20T07:00:00Z,2024-04-20T09:00:00Z,44.09
Sweden,SWE,2024-04-20T08:00:00Z,2024-04-20T10:00:00Z,43.19
Sweden,SWE,2024-04-20T09:00:00Z,2024-04-20T11:00:00Z,38.43
Sweden,SWE,2024-04-20T10:00:00Z,2024-04-20T12:00:00Z,28.97
Sweden,SWE,2024-04-20T11:00:00Z,2024-04-20T13:00:00Z,12.33
Sweden,SWE,2024-04-20T12:00:00Z,2024-04-20T14:00:00Z,10.55
Sweden,SWE,2024-04-20T13:00:00Z,2024-04-20T15:00:00Z,18.33
Sweden,SWE,2024-04-20T14:00:00Z,2024-04-20T16:00:00Z,37.41
Sweden,SWE,2024-04-20T15:00:00Z,2024-04-20T17:00:00Z,46.36
Sweden,SWE,2024-04-20T16:00:00Z,2024-04-20T18:00:00Z,52.31
Sweden,SWE,2024-04-20T17:00:00Z,2024-04-20T19:00:00Z,63.74
Sweden,SWE,2024-04-20T18:00:00Z,2024-04-20T20:00:00Z,65.55
Sweden,SWE,2024-04-20T19:00:00Z,2024-04-20T21:00:00Z,64.53
Sweden,SWE,2024-04-20T20:00:00Z,2024-04-20T22:00:00Z,63.64
Sweden,SWE,2024-04-20T21:00:00Z,2024-04-20T23:00:00Z,53.77
Sweden,SWE,2024-04-20T22:00:00Z,2024-04-21T00:00:00Z,59.02
Sweden,SWE,2024-04-20T23:00:00Z,2024-04-21T01:00:00Z,58.95
Sweden,SWE,2024-04-21T00:00:00Z,2024-04-21T02:00:00Z,59.89
Sweden,SWE,2024-04-21T01:00:00Z,2024-04-21T03:00:00Z,60.45
Sweden,SWE,2024-04-21T02:00:00Z,2024-04-21T04:00:00Z,61.41
Sweden,SWE,2024-04-21T03:00:00Z,2024-04-21T05:00:00Z,61.83
Sweden,SWE,2024-04-21T04:00:00Z,2024-04-21T06:00:00Z,61.57
Sweden,SWE,2024-04-21T05:00:00Z,2024-04-21T07:00:00Z,60.12
Sweden,SWE,2024-04-21T06:00:00Z,2024-04-21T08:00:00Z,60.88
Sweden,SWE,2024-04-21T07:00:00Z,2024-04-21T09:00:00Z,54.73
Sweden,SWE,2024-04-21T08:00:00Z,2024-04-21T10:00:00Z,43.29
Sweden,SWE,2024-04-21T09:00:00Z,2024-04-21T11:00:00Z,42.47
Sweden,SWE,2024-04-21T10:00:00Z,2024-04-21T12:00:00Z,43.94
Sweden,SWE,2024-04-21T11:00:00Z,2024-04-21T13:00:00Z,42.14
Sweden,SWE,2024-04-21T12:00:00Z,2024-04-21T14:00:00Z,41.48
Sweden,SWE,2024-04-21T13:00:00Z,2024-04-21T15:00:00Z,41.93
Sweden,SWE,2024-04-21T14:00:00Z,2024-04-21T16:00:00Z,47.7
Sweden,SWE,2024-04-21T15:00:00Z,2024-04-21T17:00:00Z,58.68
Sweden,SWE,2024-04-21T16:00:00Z,2024-04-21T18:00:00Z,74.6
Sweden,SWE,2024-04-21T17:00:00Z,2024-04-21T19:00:00Z,89.36
Sweden,SWE,2024-04-21T18:00:00Z,2024-04-21T20:00:00Z,93.9
Sweden,SWE,2024-04-21T19:00:00Z,2024-04-21T21:00:00Z,89.55
Sweden,SWE,2024-04-21T20:00:00Z,2024-04-21T22:00:00Z,84.63
Sweden,SWE,2024-04-21T21:00:00Z,2024-04-21T23:00:00Z,74.75
Sweden,SWE,2024-04-21T22:00:00Z,2024-04-22T00:00:00Z,77.08
Sweden,SWE,2024-04-21T23:00:00Z,2024-04-22T01:00:00Z,69.99
Sweden,SWE,2024-04-22T00:00:00Z,2024-04-22T02:00:00Z,64.55
Sweden,SWE,2024-04-22T01:00:00Z,2024-04-22T03:00:00Z,64.38
Sweden,SWE,2024-04-22T02:00:00Z,2024-04-22T04:00:00Z,69.51
Sweden,SWE,2024-04-22T03:00:00Z,2024-04-22T05:00:00Z,85.4
Sweden,SWE,2024-04-22T04:00:00Z,2024-04-22T06:00:00Z,101.54
Sweden,SWE,2024-04-22T05:00:00Z,2024-04-22T07:00:00Z,130.79
Sweden,SWE,2024-04-22T06:00:00Z,2024-04-22T08:00:00Z,117.46
Sweden,SWE,2024-04-22T07:00:00Z,2024-04-22T09:00:00Z,97.05
Sweden,SWE,2024-04-22T08:00:00Z,2024-04-22T10:00:00Z,81.86
Sweden,SWE,2024-04-22T09:00:00Z,2024-04-22T11:00:00Z,81.24
Sweden,SWE,2024-04-22T10:00:00Z,2024-04-22T12:00:00Z,77.05
Sweden,SWE,2024-04-22T11:00:00Z,2024-04-22T13:00:00Z,73.33
Sweden,SWE,2024-04-22T12:00:00Z,2024-04-22T14:00:00Z,72.76
Sweden,SWE,2024-04-22T13:00:00Z,2024-04-22T15:00:00Z,73.78
Sweden,SWE,2024-04-22T14:00:00Z,2024-04-22T16:00:00Z,72.35
Sweden,SWE,2024-04-22T15:00:00Z,2024-04-22T17:00:00Z,90.94
Sweden,SWE,2024-04-22T16:00:00Z,2024-04-22T18:00:00Z,108.33
Sweden,SWE,2024-04-22T17:00:00Z,2024-04-22T19:00:00Z,144.82
Sweden,SWE,2024-04-22T18:00:00Z,2024-04-22T20:00:00Z,150.39
Sweden,SWE,2024-04-22T19:00:00Z,2024-04-22T21:00:00Z,116.55
Sweden,SWE,2024-04-22T20:00:00Z,2024-04-22T22:00:00Z,96.12
Sweden,SWE,2024-04-22T21:00:00Z,2024-04-22T23:00:00Z,88.5
Sweden,SWE,2024-04-22T22:00:00Z,2024-04-23T00:00:00Z,82.98
Sweden,SWE,2024-04-22T23:00:00Z,2024-04-23T01:00:00Z,81.5
Sweden,SWE,2024-04-23T00:00:00Z,2024-04-23T02:00:00Z,80.02
Sweden,SWE,2024-04-23T01:00:00Z,2024-04-23T03:00:00Z,78.56
Sweden,SWE,2024-04-23T02:00:00Z,2024-04-23T04:00:00Z,79.32
Sweden,SWE,2024-04-23T03:00:00Z,2024-04-23T05:00:00Z,89.7
Sweden,SWE,2024-04-23T04:00:00Z,2024-04-23T06:00:00Z,110.07
Sweden,SWE,2024-04-23T05:00:00Z,2024-04-23T07:00:00Z,160.43
Sweden,SWE,2024-04-23T06:00:00Z,2024-04-23T08:00:00Z,123.15
Sweden,SWE,2024-04-23T07:00:00Z,2024-04-23T09:00:00Z,92.37
Sweden,SWE,2024-04-23T08:00:00Z,2024-04-23T10:00:00Z,79.01
Sweden,SWE,2024-04-23T09:00:00Z,2024-04-23T11:00:00Z,74.08
Sweden,SWE,2024-04-23T10:00:00Z,2024-04-23T12:00:00Z,73.94
Sweden,SWE,2024-04-23T11:00:00Z,2024-04-23T13:00:00Z,74.9
Sweden,SWE,2024-04-23T12:00:00Z,2024-04-23T14:00:00Z,74.08
Sweden,SWE,2024-04-23T13:00:00Z,2024-04-23T15:00:00Z,75.33
Sweden,SWE,2024-04-23T14:00:00Z,2024-04-23T16:00:00Z,78.31
Sweden,SWE,2024-04-23T15:00:00Z,2024-04-23T17:00:00Z,84.29
Sweden,SWE,2024-04-23T16:00:00Z,2024-04-23T18:00:00Z,95.02
Sweden,SWE,2024-04-23T17:00:00Z,2024-04-23T19:00:00Z,112.06
Sweden,SWE,2024-04-23T18:00:00Z,2024-04-23T20:00:00Z,113.72
Sweden,SWE,2024-04-23T19:00:00Z,2024-04-23T21:00:00Z,97.88
Sweden,SWE,2024-04-23T20:00:00Z,2024-04-23T22:00:00Z,87.93
Sweden,SWE,2024-04-23T21:00:00Z,2024-04-23T23:00:00Z,78.27
Sweden,SWE,2024-04-23T22:00:00Z,2024-04-24T00:00:00Z,79.84
Sweden,SWE,2024-04-23T23:00:00Z,2024-04-24T01:00:00Z,76.1
Sweden,SWE,2024-04-24T00:00:00Z,2024-04-24T02:00:00Z,75.31
Sweden,SWE,2024-04-24T01:00:00Z,2024-04-24T03:00:00Z,73.07
Sweden,SWE,2024-04-24T02:00:00Z,2024-04-24T04:00:00Z,76.04
Sweden,SWE,2024-04-24T03:00:00Z,2024-04-24T05:00:00Z,81.83
Sweden,SWE,2024-04-24T04:00:00Z,2024-04-24T06:00:00Z,98.91
Sweden,SWE,2024-04-24T05:00:00Z,2024-04-24T07:00:00Z,131.32
Sweden,SWE,2024-04-24T06:00:00Z,2024-04-24T08:00:00Z,129.23
Sweden,SWE,2024-04-24T07:00:00Z,2024-04-24T09:00:00Z,97.08
Sweden,SWE,2024-04-24T08:00:00Z,2024-04-24T10:00:00Z,92.97
Sweden,SWE,2024-04-24T09:00:00Z,2024-04-24T11:00:00Z,91.04
Sweden,SWE,2024-04-24T10:00:00Z,2024-04-24T12:00:00Z,85.62
Sweden,SWE,2024-04-24T11:00:00Z,2024-04-24T13:00:00Z,83.48
Sweden,SWE,2024-04-24T12:00:00Z,2024-04-24T14:00:00Z,80.55
Sweden,SWE,2024-04-24T13:00:00Z,2024-04-24T15:00:00Z,82.69
Sweden,SWE,2024-04-24T14:00:00Z,2024-04-24T16:00:00Z,85.15
Sweden,SWE,2024-04-24T15:00:00Z,2024-04-24T17:00:00Z,96.09
Sweden,SWE,2024-04-24T16:00:00Z,2024-04-24T18:00:00Z,104.04
Sweden,SWE,2024-04-24T17:00:00Z,2024-04-24T19:00:00Z,135.2
Sweden,SWE,2024-04-24T18:00:00Z,2024-04-24T20:00:00Z,140.69
Sweden,SWE,2024-04-24T19:00:00Z,2024-04-24T21:00:00Z,119.99
Sweden,SWE,2024-04-24T20:00:00Z,2024-04-24T22:00:00Z,101.93
Sweden,SWE,2024-04-24T21:00:00Z,2024-04-24T23:00:00Z,89.41
Sweden,SWE,2024-04-24T22:00:00Z,2024-04-25T00:00:00Z,83.5
Sweden,SWE,2024-04-24T23:00:00Z,2024-04-25T01:00:00Z,80
Sweden,SWE,2024-04-25T00:00:00Z,2024-04-25T02:00:00Z,77.37
Sweden,SWE,2024-04-25T01:00:00Z,2024-04-25T03:00:00Z,76.05
Sweden,SWE,2024-04-25T02:00:00Z,2024-04-25T04:00:00Z,75.24
Sweden,SWE,2024-04-25T03:00:00Z,2024-04-25T05:00:00Z,84.02
Sweden,SWE,2024-04-25T04:00:00Z,2024-04-25T06:00:00Z,102.44
Sweden,SWE,2024-04-25T05:00:00Z,2024-04-25T07:00:00Z,130.98
Sweden,SWE,2024-04-25T06:00:00Z,2024-04-25T08:00:00Z,114.36
Sweden,SWE,2024-04-25T07:00:00Z,2024-04-25T09:00:00Z,92.56
Sweden,SWE,2024-04-25T08:00:00Z,2024-04-25T10:00:00Z,80.17
Sweden,SWE,2024-04-25T09:00:00Z,2024-04-25T11:00:00Z,78.2
Sweden,SWE,2024-04-25T10:00:00Z,2024-04-25T12:00:00Z,73.92
Sweden,SWE,2024-04-25T11:00:00Z,2024-04-25T13:00:00Z,69.02
Sweden,SWE,2024-04-25T12:00:00Z,2024-04-25T14:00:00Z,66.81
Sweden,SWE,2024-04-25T13:00:00Z,2024-04-25T15:00:00Z,69.38
Sweden,SWE,2024-04-25T14:00:00Z,2024-04-25T16:00:00Z,72.81
Sweden,SWE,2024-04-25T15:00:00Z,2024-04-25T17:00:00Z,79.88
Sweden,SWE,2024-04-25T16:00:00Z,2024-04-25T18:00:00Z,95.17
Sweden,SWE,2024-04-25T17:00:00Z,2024-04-25T19:00:00Z,130.82
Sweden,SWE,2024-04-25T18:00:00Z,2024-04-25T20:00:00Z,139.68
Sweden,SWE,2024-04-25T19:00:00Z,2024-04-25T21:00:00Z,107.38
Sweden,SWE,2024-04-25T20:00:00Z,2024-04-25T22:00:00Z,89.05
Sweden,SWE,2024-04-25T21:00:00Z,2024-04-25T23:00:00Z,78.43
Sweden,SWE,2024-04-25T22:00:00Z,2024-04-26T00:00:00Z,79.38
Sweden,SWE,2024-04-25T23:00:00Z,2024-04-26T01:00:00Z,73.97
Sweden,SWE,2024-04-26T00:00:00Z,2024-04-26T02:00:00Z,72.7
Sweden,SWE,2024-04-26T01:00:00Z,2024-04-26T03:00:00Z,72.17
Sweden,SWE,2024-04-26T02:00:00Z,2024-04-26T04:00:00Z,76.49
Sweden,SWE,2024-04-26T03:00:00Z,2024-04-26T05:00:00Z,81.67
Sweden,SWE,2024-04-26T04:00:00Z,2024-04-26T06:00:00Z,91.26
Sweden,SWE,2024-04-26T05:00:00Z,2024-04-26T07:00:00Z,101.52
Sweden,SWE,2024-04-26T06:00:00Z,2024-04-26T08:00:00Z,95.53
Sweden,SWE,2024-04-26T07:00:00Z,2024-04-26T09:00:00Z,80.47
Sweden,SWE,2024-04-26T08:00:00Z,2024-04-26T10:00:00Z,77.59
Sweden,SWE,2024-04-26T09:00:00Z,2024-04-26T11:00:00Z,72.95
Sweden,SWE,2024-04-26T10:00:00Z,2024-04-26T12:00:00Z,70.35
Sweden,SWE,2024-04-26T11:00:00Z,2024-04-26T13:00:00Z,68.74
Sweden,SWE,2024-04-26T12:00:00Z,2024-04-26T14:00:00Z,65.37
Sweden,SWE,2024-04-26T13:00:00Z,2024-04-26T15:00:00Z,69.92
Sweden,SWE,2024-04-26T14:00:00Z,2024-04-26T16:00:00Z,71.7
Sweden,SWE,2024-04-26T15:00:00Z,2024-04-26T17:00:00Z,80.46
Sweden,SWE,2024-04-26T16:00:00Z,2024-04-26T18:00:00Z,92.22
Sweden,SWE,2024-04-26T17:00:00Z,2024-04-26T19:00:00Z,119.98
Sweden,SWE,2024-04-26T18:00:00Z,2024-04-26T20:00:00Z,122.71
Sweden,SWE,2024-04-26T19:00:00Z,2024-04-26T21:00:00Z,100.11
Sweden,SWE,2024-04-26T20:00:00Z,2024-04-26T22:00:00Z,81.13
Sweden,SWE,2024-04-26T21:00:00Z,2024-04-26T23:00:00Z,78.56
Sweden,SWE,2024-04-26T22:00:00Z,2024-04-27T00:00:00Z,72.29
Sweden,SWE,2024-04-26T23:00:00Z,2024-04-27T01:00:00Z,68.82
Sweden,SWE,2024-04-27T00:00:00Z,2024-04-27T02:00:00Z,68.03
Sweden,SWE,2024-04-27T01:00:00Z,2024-04-27T03:00:00Z,68.47
Sweden,SWE,2024-04-27T02:00:00Z,2024-04-27T04:00:00Z,68.54
Sweden,SWE,2024-04-27T03:00:00Z,2024-04-27T05:00:00Z,71.91
Sweden,SWE,2024-04-27T04:00:00Z,2024-04-27T06:00:00Z,70.37
Sweden,SWE,2024-04-27T05:00:00Z,2024-04-27T07:00:00Z,70.63
Sweden,SWE,2024-04-27T06:00:00Z,2024-04-27T08:00:00Z,68.5
Sweden,SWE,2024-04-27T07:00:00Z,2024-04-27T09:00:00Z,59.07
Sweden,SWE,2024-04-27T08:00:00Z,2024-04-27T10:00:00Z,48.98
Sweden,SWE,2024-04-27T09:00:00Z,2024-04-27T11:00:00Z,41.4
Sweden,SWE,2024-04-27T10:00:00Z,2024-04-27T12:00:00Z,42.87
Sweden,SWE,2024-04-27T11:00:00Z,2024-04-27T13:00:00Z,42.47
Sweden,SWE,2024-04-27T12:00:00Z,2024-04-27T14:00:00Z,40.55
Sweden,SWE,2024-04-27T13:00:00Z,2024-04-27T15:00:00Z,40.14
Sweden,SWE,2024-04-27T14:00:00Z,2024-04-27T16:00:00Z,48.15
Sweden,SWE,2024-04-27T15:00:00Z,2024-04-27T17:00:00Z,62.36
Sweden,SWE,2024-04-27T16:00:00Z,2024-04-27T18:00:00Z,86
Sweden,SWE,2024-04-27T17:00:00Z,2024-04-27T19:00:00Z,113.72
Sweden,SWE,2024-04-27T18:00:00Z,2024-04-27T20:00:00Z,107.55
Sweden,SWE,2024-04-27T19:00:00Z,2024-04-27T21:00:00Z,85
Sweden,SWE,2024-04-27T20:00:00Z,2024-04-27T22:00:00Z,75.9
Sweden,SWE,2024-04-27T21:00:00Z,2024-04-27T23:00:00Z,65.23
Sweden,SWE,2024-04-27T22:00:00Z,2024-04-28T00:00:00Z,56.39
Sweden,SWE,2024-04-27T23:00:00Z,2024-04-28T01:00:00Z,46.14
Sweden,SWE,2024-04-28T00:00:00Z,2024-04-28T02:00:00Z,39.6
Sweden,SWE,2024-04-28T01:00:00Z,2024-04-28T03:00:00Z,32.53
Sweden,SWE,2024-04-28T02:00:00Z,2024-04-28T04:00:00Z,28.49
Sweden,SWE,2024-04-28T03:00:00Z,2024-04-28T05:00:00Z,26.8
Sweden,SWE,2024-04-28T04:00:00Z,2024-04-28T06:00:00Z,14.34
Sweden,SWE,2024-04-28T05:00:00Z,2024-04-28T07:00:00Z,21.9
Sweden,SWE,2024-04-28T06:00:00Z,2024-04-28T08:00:00Z,25.08
Sweden,SWE,2024-04-28T07:00:00Z,2024-04-28T09:00:00Z,27.54
Sweden,SWE,2024-04-28T08:00:00Z,2024-04-28T10:00:00Z,28.83
Sweden,SWE,2024-04-28T09:00:00Z,2024-04-28T11:00:00Z,27.5
Sweden,SWE,2024-04-28T10:00:00Z,2024-04-28T12:00:00Z,25.81
Sweden,SWE,2024-04-28T11:00:00Z,2024-04-28T13:00:00Z,24.02
Sweden,SWE,2024-04-28T12:00:00Z,2024-04-28T14:00:00Z,21.88
Sweden,SWE,2024-04-28T13:00:00Z,2024-04-28T15:00:00Z,11.25
Sweden,SWE,2024-04-28T14:00:00Z,2024-04-28T16:00:00Z,15.39
Sweden,SWE,2024-04-28T15:00:00Z,2024-04-28T17:00:00Z,21.43
Sweden,SWE,2024-04-28T16:00:00Z,2024-04-28T18:00:00Z,35.44
Sweden,SWE,2024-04-28T17:00:00Z,2024-04-28T19:00:00Z,52.65
Sweden,SWE,2024-04-28T18:00:00Z,2024-04-28T20:00:00Z,59.87
Sweden,SWE,2024-04-28T19:00:00Z,2024-04-28T21:00:00Z,61.82
Sweden,SWE,2024-04-28T20:00:00Z,2024-04-28T22:00:00Z,59.65
Sweden,SWE,2024-04-28T21:00:00Z,2024-04-28T23:00:00Z,46.7
Sweden,SWE,2024-04-28T22:00:00Z,2024-04-29T00:00:00Z,41.1
Sweden,SWE,2024-04-28T23:00:00Z,2024-04-29T01:00:00Z,39.44
Sweden,SWE,2024-04-29T00:00:00Z,2024-04-29T02:00:00Z,38.04
Sweden,SWE,2024-04-29T01:00:00Z,2024-04-29T03:00:00Z,37.44
Sweden,SWE,2024-04-29T02:00:00Z,2024-04-29T04:00:00Z,38.05
Sweden,SWE,2024-04-29T03:00:00Z,2024-04-29T05:00:00Z,45.83
Sweden,SWE,2024-04-29T04:00:00Z,2024-04-29T06:00:00Z,61.18
Sweden,SWE,2024-04-29T05:00:00Z,2024-04-29T07:00:00Z,77.62
Sweden,SWE,2024-04-29T06:00:00Z,2024-04-29T08:00:00Z,85.46
Sweden,SWE,2024-04-29T07:00:00Z,2024-04-29T09:00:00Z,60.7
Sweden,SWE,2024-04-29T08:00:00Z,2024-04-29T10:00:00Z,51.67
Sweden,SWE,2024-04-29T09:00:00Z,2024-04-29T11:00:00Z,34.32
Sweden,SWE,2024-04-29T10:00:00Z,2024-04-29T12:00:00Z,31.39
Sweden,SWE,2024-04-29T11:00:00Z,2024-04-29T13:00:00Z,25.32
Sweden,SWE,2024-04-29T12:00:00Z,2024-04-29T14:00:00Z,25.17
Sweden,SWE,2024-04-29T13:00:00Z,2024-04-29T15:00:00Z,32.65
Sweden,SWE,2024-04-29T14:00:00Z,2024-04-29T16:00:00Z,37.16
Sweden,SWE,2024-04-29T15:00:00Z,2024-04-29T17:00:00Z,45
Sweden,SWE,2024-04-29T16:00:00Z,2024-04-29T18:00:00Z,52.04
Sweden,SWE,2024-04-29T17:00:00Z,2024-04-29T19:00:00Z,77.7
Sweden,SWE,2024-04-29T18:00:00Z,2024-04-29T20:00:00Z,82.43
Sweden,SWE,2024-04-29T19:00:00Z,2024-04-29T21:00:00Z,68.03
Sweden,SWE,2024-04-29T20:00:00Z,2024-04-29T22:00:00Z,61.83
Sweden,SWE,2024-04-29T21:00:00Z,2024-04-29T23:00:00Z,45.83
Sweden,SWE,2024-04-29T22:00:00Z,2024-04-30T00:00:00Z,37.4
Sweden,SWE,2024-04-29T23:00:00Z,2024-04-30T01:00:00Z,36.36
Sweden,SWE,2024-04-30T00:00:00Z,2024-04-30T02:00:00Z,38.33
Sweden,SWE,2024-04-30T01:00:00Z,2024-04-30T03:00:00Z,39.77
Sweden,SWE,2024-04-30T02:00:00Z,2024-04-30T04:00:00Z,48.6
Sweden,SWE,2024-04-30T03:00:00Z,2024-04-30T05:00:00Z,50.83
Sweden,SWE,2024-04-30T04:00:00Z,2024-04-30T06:00:00Z,59.57
Sweden,SWE,2024-04-30T05:00:00Z,2024-04-30T07:00:00Z,65.47
Sweden,SWE,2024-04-30T06:00:00Z,2024-04-30T08:00:00Z,79.38
Sweden,SWE,2024-04-30T07:00:00Z,2024-04-30T09:00:00Z,63.71
Sweden,SWE,2024-04-30T08:00:00Z,2024-04-30T10:00:00Z,52.54
Sweden,SWE,2024-04-30T09:00:00Z,2024-04-30T11:00:00Z,43.91
Sweden,SWE,2024-04-30T10:00:00Z,2024-04-30T12:00:00Z,31.25
Sweden,SWE,2024-04-30T11:00:00Z,2024-04-30T13:00:00Z,22.01
Sweden,SWE,2024-04-30T12:00:00Z,2024-04-30T14:00:00Z,14.21
Sweden,SWE,2024-04-30T13:00:00Z,2024-04-30T15:00:00Z,24.39
Sweden,SWE,2024-04-30T14:00:00Z,2024-04-30T16:00:00Z,45.58
Sweden,SWE,2024-04-30T15:00:00Z,2024-04-30T17:00:00Z,53.39
Sweden,SWE,2024-04-30T16:00:00Z,2024-04-30T18:00:00Z,55.05
Sweden,SWE,2024-04-30T17:00:00Z,2024-04-30T19:00:00Z,56.23
Sweden,SWE,2024-04-30T18:00:00Z,2024-04-30T20:00:00Z,55.93
Sweden,SWE,2024-04-30T19:00:00Z,2024-04-30T21:00:00Z,55.53
Sweden,SWE,2024-04-30T20:00:00Z,2024-04-30T22:00:00Z,52.77
Sweden,SWE,2024-04-30T21:00:00Z,2024-04-30T23:00:00Z,50.05
Sweden,SWE,2024-04-30T22:00:00Z,2024-05-01T00:00:00Z,38
Sweden,SWE,2024-04-30T23:00:00Z,2024-05-01T01:00:00Z,36.61
Sweden,SWE,2024-05-01T00:00:00Z,2024-05-01T02:00:00Z,35.82
Sweden,SWE,2024-05-01T01:00:00Z,2024-05-01T03:00:00Z,35.1
Sweden,SWE,2024-05-01T02:00:00Z,2024-05-01T04:00:00Z,35.59
Sweden,SWE,2024-05-01T03:00:00Z,2024-05-01T05:00:00Z,35.55
Sweden,SWE,2024-05-01T04:00:00Z,2024-05-01T06:00:00Z,38.29
Sweden,SWE,2024-05-01T05:00:00Z,2024-05-01T07:00:00Z,28.08
Sweden,SWE,2024-05-01T06:00:00Z,2024-05-01T08:00:00Z,9.3
Sweden,SWE,2024-05-01T07:00:00Z,2024-05-01T09:00:00Z,3.21
Sweden,SWE,2024-05-01T08:00:00Z,2024-05-01T10:00:00Z,2.77
Sweden,SWE,2024-05-01T09:00:00Z,2024-05-01T11:00:00Z,3.14
Sweden,SWE,2024-05-01T10:00:00Z,2024-05-01T12:00:00Z,1.56
Sweden,SWE,2024-05-01T11:00:00Z,2024-05-01T13:00:00Z,0.97
Sweden,SWE,2024-05-01T12:00:00Z,2024-05-01T14:00:00Z,0.08
Sweden,SWE,2024-05-01T13:00:00Z,2024-05-01T15:00:00Z,0.22
Sweden,SWE,2024-05-01T14:00:00Z,2024-05-01T16:00:00Z,2.66
Sweden,SWE,2024-05-01T15:00:00Z,2024-05-01T17:00:00Z,3.71
Sweden,SWE,2024-05-01T16:00:00Z,2024-05-01T18:00:00Z,23.25
Sweden,SWE,2024-05-01T17:00:00Z,2024-05-01T19:00:00Z,41.82
Sweden,SWE,2024-05-01T18:00:00Z,2024-05-01T20:00:00Z,46.22
Sweden,SWE,2024-05-01T19:00:00Z,2024-05-01T21:00:00Z,34.01
Sweden,SWE,2024-05-01T20:00:00Z,2024-05-01T22:00:00Z,29.92
Sweden,SWE,2024-05-01T21:00:00Z,2024-05-01T23:00:00Z,22
Sweden,SWE,2024-05-01T22:00:00Z,2024-05-02T00:00:00Z,14.56
Sweden,SWE,2024-05-01T23:00:00Z,2024-05-02T01:00:00Z,10.94
Sweden,SWE,2024-05-02T00:00:00Z,2024-05-02T02:00:00Z,10
Sweden,SWE,2024-05-02T01:00:00Z,2024-05-02T03:00:00Z,7.8
Sweden,SWE,2024-05-02T02:00:00Z,2024-05-02T04:00:00Z,10.94
Sweden,SWE,2024-05-02T03:00:00Z,2024-05-02T05:00:00Z,30.42
Sweden,SWE,2024-05-02T04:00:00Z,2024-05-02T06:00:00Z,39.82
Sweden,SWE,2024-05-02T05:00:00Z,2024-05-02T07:00:00Z,50
Sweden,SWE,2024-05-02T06:00:00Z,2024-05-02T08:00:00Z,48.9
Sweden,SWE,2024-05-02T07:00:00Z,2024-05-02T09:00:00Z,31.45
Sweden,SWE,2024-05-02T08:00:00Z,2024-05-02T10:00:00Z,17.73
Sweden,SWE,2024-05-02T09:00:00Z,2024-05-02T11:00:00Z,7.24
Sweden,SWE,2024-05-02T10:00:00Z,2024-05-02T12:00:00Z,3.99
Sweden,SWE,2024-05-02T11:00:00Z,2024-05-02T13:00:00Z,3.71
Sweden,SWE,2024-05-02T12:00:00Z,2024-05-02T14:00:00Z,4.12
Sweden,SWE,2024-05-02T13:00:00Z,2024-05-02T15:00:00Z,5.52
Sweden,SWE,2024-05-02T14:00:00Z,2024-05-02T16:00:00Z,19.22
Sweden,SWE,2024-05-02T15:00:00Z,2024-05-02T17:00:00Z,34.92
Sweden,SWE,2024-05-02T16:00:00Z,2024-05-02T18:00:00Z,39.05
Sweden,SWE,2024-05-02T17:00:00Z,2024-05-02T19:00:00Z,41.92
Sweden,SWE,2024-05-02T18:00:00Z,2024-05-02T20:00:00Z,41.99
Sweden,SWE,2024-05-02T19:00:00Z,2024-05-02T21:00:00Z,41.92
Sweden,SWE,2024-05-02T20:00:00Z,2024-05-02T22:00:00Z,37.87
Sweden,SWE,2024-05-02T21:00:00Z,2024-05-02T23:00:00Z,33.93
Sweden,SWE,2024-05-02T22:00:00Z,2024-05-03T00:00:00Z,29.78
Sweden,SWE,2024-05-02T23:00:00Z,2024-05-03T01:00:00Z,29.35
Sweden,SWE,2024-05-03T00:00:00Z,2024-05-03T02:00:00Z,29.96
Sweden,SWE,2024-05-03T01:00:00Z,2024-05-03T03:00:00Z,30.01
Sweden,SWE,2024-05-03T02:00:00Z,2024-05-03T04:00:00Z,30.44
Sweden,SWE,2024-05-03T03:00:00Z,2024-05-03T05:00:00Z,31.94
Sweden,SWE,2024-05-03T04:00:00Z,2024-05-03T06:00:00Z,35.08
Sweden,SWE,2024-05-03T05:00:00Z,2024-05-03T07:00:00Z,42.96
Sweden,SWE,2024-05-03T06:00:00Z,2024-05-03T08:00:00Z,42.74
Sweden,SWE,2024-05-03T07:00:00Z,2024-05-03T09:00:00Z,38.69
Sweden,SWE,2024-05-03T08:00:00Z,2024-05-03T10:00:00Z,38.09
Sweden,SWE,2024-05-03T09:00:00Z,2024-05-03T11:00:00Z,34.98
Sweden,SWE,2024-05-03T10:00:00Z,2024-05-03T12:00:00Z,34.17
Sweden,SWE,2024-05-03T11:00:00Z,2024-05-03T13:00:00Z,32.61
Sweden,SWE,2024-05-03T12:00:00Z,2024-05-03T14:00:00Z,31.77
Sweden,SWE,2024-05-03T13:00:00Z,2024-05-03T15:00:00Z,32.13
Sweden,SWE,2024-05-03T14:00:00Z,2024-05-03T16:00:00Z,34.29
Sweden,SWE,2024-05-03T15:00:00Z,2024-05-03T17:00:00Z,38.23
Sweden,SWE,2024-05-03T16:00:00Z,2024-05-03T18:00:00Z,45.95
Sweden,SWE,2024-05-03T17:00:00Z,2024-05-03T19:00:00Z,49.85
Sweden,SWE,2024-05-03T18:00:00Z,2024-05-03T20:00:00Z,49.89
Sweden,SWE,2024-05-03T19:00:00Z,2024-05-03T21:00:00Z,46.96
Sweden,SWE,2024-05-03T20:00:00Z,2024-05-03T22:00:00Z,36.01
Sweden,SWE,2024-05-03T21:00:00Z,2024-05-03T23:00:00Z,25.74
Sweden,SWE,2024-05-03T22:00:00Z,2024-05-04T00:00:00Z,19.57
Sweden,SWE,2024-05-03T23:00:00Z,2024-05-04T01:00:00Z,17.15
Sweden,SWE,2024-05-04T00:00:00Z,2024-05-04T02:00:00Z,16.18
Sweden,SWE,2024-05-04T01:00:00Z,2024-05-04T03:00:00Z,19.52
Sweden,SWE,2024-05-04T02:00:00Z,2024-05-04T04:00:00Z,26.38
Sweden,SWE,2024-05-04T03:00:00Z,2024-05-04T05:00:00Z,31.05
Sweden,SWE,2024-05-04T04:00:00Z,2024-05-04T06:00:00Z,31.57
Sweden,SWE,2024-05-04T05:00:00Z,2024-05-04T07:00:00Z,35.97
Sweden,SWE,2024-05-04T06:00:00Z,2024-05-04T08:00:00Z,41.46
Sweden,SWE,2024-05-04T07:00:00Z,2024-05-04T09:00:00Z,41.13
Sweden,SWE,2024-05-04T08:00:00Z,2024-05-04T10:00:00Z,36.5
Sweden,SWE,2024-05-04T09:00:00Z,2024-05-04T11:00:00Z,30.2
Sweden,SWE,2024-05-04T10:00:00Z,2024-05-04T12:00:00Z,24.33
Sweden,SWE,2024-05-04T11:00:00Z,2024-05-04T13:00:00Z,14.53
Sweden,SWE,2024-05-04T12:00:00Z,2024-05-04T14:00:00Z,13.34
Sweden,SWE,2024-05-04T13:00:00Z,2024-05-04T15:00:00Z,25.4
Sweden,SWE,2024-05-04T14:00:00Z,2024-05-04T16:00:00Z,30.01
Sweden,SWE,2024-05-04T15:00:00Z,2024-05-04T17:00:00Z,39.61
Sweden,SWE,2024-05-04T16:00:00Z,2024-05-04T18:00:00Z,44.19
Sweden,SWE,2024-05-04T17:00:00Z,2024-05-04T19:00:00Z,46.57
Sweden,SWE,2024-05-04T18:00:00Z,2024-05-04T20:00:00Z,48.28
Sweden,SWE,2024-05-04T19:00:00Z,2024-05-04T21:00:00Z,41.62
Sweden,SWE,2024-05-04T20:00:00Z,2024-05-04T22:00:00Z,35.34
Sweden,SWE,2024-05-04T21:00:00Z,2024-05-04T23:00:00Z,32.35
Sweden,SWE,2024-05-04T22:00:00Z,2024-05-05T00:00:00Z,36.63
Sweden,SWE,2024-05-04T23:00:00Z,2024-05-05T01:00:00Z,37.27
Sweden,SWE,2024-05-05T00:00:00Z,2024-05-05T02:00:00Z,37.43
Sweden,SWE,2024-05-05T01:00:00Z,2024-05-05T03:00:00Z,37.39
Sweden,SWE,2024-05-05T02:00:00Z,2024-05-05T04:00:00Z,37.12
Sweden,SWE,2024-05-05T03:00:00Z,2024-05-05T05:00:00Z,36.13
Sweden,SWE,2024-05-05T04:00:00Z,2024-05-05T06:00:00Z,36.28
Sweden,SWE,2024-05-05T05:00:00Z,2024-05-05T07:00:00Z,37.29
Sweden,SWE,2024-05-05T06:00:00Z,2024-05-05T08:00:00Z,35.95
Sweden,SWE,2024-05-05T07:00:00Z,2024-05-05T09:00:00Z,25.63
Sweden,SWE,2024-05-05T08:00:00Z,2024-05-05T10:00:00Z,9.33
Sweden,SWE,2024-05-05T09:00:00Z,2024-05-05T11:00:00Z,3.68
Sweden,SWE,2024-05-05T10:00:00Z,2024-05-05T12:00:00Z,3.26
Sweden,SWE,2024-05-05T11:00:00Z,2024-05-05T13:00:00Z,1.99
Sweden,SWE,2024-05-05T12:00:00Z,2024-05-05T14:00:00Z,1.9
Sweden,SWE,2024-05-05T13:00:00Z,2024-05-05T15:00:00Z,4.27
Sweden,SWE,2024-05-05T14:00:00Z,2024-05-05T16:00:00Z,4.9
Sweden,SWE,2024-05-05T15:00:00Z,2024-05-05T17:00:00Z,32
Sweden,SWE,2024-05-05T16:00:00Z,2024-05-05T18:00:00Z,44.93
Sweden,SWE,2024-05-05T17:00:00Z,2024-05-05T19:00:00Z,50
Sweden,SWE,2024-05-05T18:00:00Z,2024-05-05T20:00:00Z,53.69
Sweden,SWE,2024-05-05T19:00:00Z,2024-05-05T21:00:00Z,51.08
Sweden,SWE,2024-05-05T20:00:00Z,2024-05-05T22:00:00Z,38.19
Sweden,SWE,2024-05-05T21:00:00Z,2024-05-05T23:00:00Z,24.11
Sweden,SWE,2024-05-05T22:00:00Z,2024-05-06T00:00:00Z,26.92
Sweden,SWE,2024-05-05T23:00:00Z,2024-05-06T01:00:00Z,25.74
Sweden,SWE,2024-05-06T00:00:00Z,2024-05-06T02:00:00Z,25.16
Sweden,SWE,2024-05-06T01:00:00Z,2024-05-06T03:00:00Z,24.95
Sweden,SWE,2024-05-06T02:00:00Z,2024-05-06T04:00:00Z,27.89
Sweden,SWE,2024-05-06T03:00:00Z,2024-05-06T05:00:00Z,40.99
Sweden,SWE,2024-05-06T04:00:00Z,2024-05-06T06:00:00Z,55.77
Sweden,SWE,2024-05-06T05:00:00Z,2024-05-06T07:00:00Z,64.46
Sweden,SWE,2024-05-06T06:00:00Z,2024-05-06T08:00:00Z,68.51
Sweden,SWE,2024-05-06T07:00:00Z,2024-05-06T09:00:00Z,66.79
Sweden,SWE,2024-05-06T08:00:00Z,2024-05-06T10:00:00Z,57.65
Sweden,SWE,2024-05-06T09:00:00Z,2024-05-06T11:00:00Z,49.7
Sweden,SWE,2024-05-06T10:00:00Z,2024-05-06T12:00:00Z,49.49
Sweden,SWE,2024-05-06T11:00:00Z,2024-05-06T13:00:00Z,49.06
Sweden,SWE,2024-05-06T12:00:00Z,2024-05-06T14:00:00Z,48.83
Sweden,SWE,2024-05-06T13:00:00Z,2024-05-06T15:00:00Z,50.24
Sweden,SWE,2024-05-06T14:00:00Z,2024-05-06T16:00:00Z,52.4
Sweden,SWE,2024-05-06T15:00:00Z,2024-05-06T17:00:00Z,55.37
Sweden,SWE,2024-05-06T16:00:00Z,2024-05-06T18:00:00Z,66.55
Sweden,SWE,2024-05-06T17:00:00Z,2024-05-06T19:00:00Z,74.08
Sweden,SWE,2024-05-06T18:00:00Z,2024-05-06T20:00:00Z,73.67
Sweden,SWE,2024-05-06T19:00:00Z,2024-05-06T21:00:00Z,62.25
Sweden,SWE,2024-05-06T20:00:00Z,2024-05-06T22:00:00Z,46.48
Sweden,SWE,2024-05-06T21:00:00Z,2024-05-06T23:00:00Z,35.15
Sweden,SWE,2024-05-06T22:00:00Z,2024-05-07T00:00:00Z,35.46
Sweden,SWE,2024-05-06T23:00:00Z,2024-05-07T01:00:00Z,35.05
Sweden,SWE,2024-05-07T00:00:00Z,2024-05-07T02:00:00Z,34.81
Sweden,SWE,2024-05-07T01:00:00Z,2024-05-07T03:00:00Z,34.74
Sweden,SWE,2024-05-07T02:00:00Z,2024-05-07T04:00:00Z,35.19
Sweden,SWE,2024-05-07T03:00:00Z,2024-05-07T05:00:00Z,47.54
Sweden,SWE,2024-05-07T04:00:00Z,2024-05-07T06:00:00Z,85.45
Sweden,SWE,2024-05-07T05:00:00Z,2024-05-07T07:00:00Z,104.53
Sweden,SWE,2024-05-07T06:00:00Z,2024-05-07T08:00:00Z,102.39
Sweden,SWE,2024-05-07T07:00:00Z,2024-05-07T09:00:00Z,84.51
Sweden,SWE,2024-05-07T08:00:00Z,2024-05-07T10:00:00Z,75.75
Sweden,SWE,2024-05-07T09:00:00Z,2024-05-07T11:00:00Z,65.55
Sweden,SWE,2024-05-07T10:00:00Z,2024-05-07T12:00:00Z,53.97
Sweden,SWE,2024-05-07T11:00:00Z,2024-05-07T13:00:00Z,47.01
Sweden,SWE,2024-05-07T12:00:00Z,2024-05-07T14:00:00Z,40.05
Sweden,SWE,2024-05-07T13:00:00Z,2024-05-07T15:00:00Z,36.41
Sweden,SWE,2024-05-07T14:00:00Z,2024-05-07T16:00:00Z,48.57
Sweden,SWE,2024-05-07T15:00:00Z,2024-05-07T17:00:00Z,54.45
Sweden,SWE,2024-05-07T16:00:00Z,2024-05-07T18:00:00Z,75.62
Sweden,SWE,2024-05-07T17:00:00Z,2024-05-07T19:00:00Z,113.56
Sweden,SWE,2024-05-07T18:00:00Z,2024-05-07T20:00:00Z,105.3
Sweden,SWE,2024-05-07T19:00:00Z,2024-05-07T21:00:00Z,89.53
Sweden,SWE,2024-05-07T20:00:00Z,2024-05-07T22:00:00Z,65.8
Sweden,SWE,2024-05-07T21:00:00Z,2024-05-07T23:00:00Z,46.2
Sweden,SWE,2024-05-07T22:00:00Z,2024-05-08T00:00:00Z,47.89
Sweden,SWE,2024-05-07T23:00:00Z,2024-05-08T01:00:00Z,48.42
Sweden,SWE,2024-05-08T00:00:00Z,2024-05-08T02:00:00Z,47.64
Sweden,SWE,2024-05-08T01:00:00Z,2024-05-08T03:00:00Z,45.45
Sweden,SWE,2024-05-08T02:00:00Z,2024-05-08T04:00:00Z,48.81
Sweden,SWE,2024-05-08T03:00:00Z,2024-05-08T05:00:00Z,49.46
Sweden,SWE,2024-05-08T04:00:00Z,2024-05-08T06:00:00Z,91.53
Sweden,SWE,2024-05-08T05:00:00Z,2024-05-08T07:00:00Z,101.95
Sweden,SWE,2024-05-08T06:00:00Z,2024-05-08T08:00:00Z,95.72
Sweden,SWE,2024-05-08T07:00:00Z,2024-05-08T09:00:00Z,81.39
Sweden,SWE,2024-05-08T08:00:00Z,2024-05-08T10:00:00Z,75.91
Sweden,SWE,2024-05-08T09:00:00Z,2024-05-08T11:00:00Z,71.04
Sweden,SWE,2024-05-08T10:00:00Z,2024-05-08T12:00:00Z,65.73
Sweden,SWE,2024-05-08T11:00:00Z,2024-05-08T13:00:00Z,58.24
Sweden,SWE,2024-05-08T12:00:00Z,2024-05-08T14:00:00Z,58.29
Sweden,SWE,2024-05-08T13:00:00Z,2024-05-08T15:00:00Z,56.31
Sweden,SWE,2024-05-08T14:00:00Z,2024-05-08T16:00:00Z,59.57
Sweden,SWE,2024-05-08T15:00:00Z,2024-05-08T17:00:00Z,79.03
Sweden,SWE,2024-05-08T16:00:00Z,2024-05-08T18:00:00Z,91.44
Sweden,SWE,2024-05-08T17:00:00Z,2024-05-08T19:00:00Z,107.38
Sweden,SWE,2024-05-08T18:00:00Z,2024-05-08T20:00:00Z,114.49
Sweden,SWE,2024-05-08T19:00:00Z,2024-05-08T21:00:00Z,96.41
Sweden,SWE,2024-05-08T20:00:00Z,2024-05-08T22:00:00Z,80.01
Sweden,SWE,2024-05-08T21:00:00Z,2024-05-08T23:00:00Z,73.56
Sweden,SWE,2024-05-08T22:00:00Z,2024-05-09T00:00:00Z,46.55
Sweden,SWE,2024-05-08T23:00:00Z,2024-05-09T01:00:00Z,45.26
Sweden,SWE,2024-05-09T00:00:00Z,2024-05-09T02:00:00Z,29.52
Sweden,SWE,2024-05-09T01:00:00Z,2024-05-09T03:00:00Z,25.9
Sweden,SWE,2024-05-09T02:00:00Z,2024-05-09T04:00:00Z,25.69
Sweden,SWE,2024-05-09T03:00:00Z,2024-05-09T05:00:00Z,25.49
Sweden,SWE,2024-05-09T04:00:00Z,2024-05-09T06:00:00Z,29.9
Sweden,SWE,2024-05-09T05:00:00Z,2024-05-09T07:00:00Z,38.44
Sweden,SWE,2024-05-09T06:00:00Z,2024-05-09T08:00:00Z,39.06
Sweden,SWE,2024-05-09T07:00:00Z,2024-05-09T09:00:00Z,23.34
Sweden,SWE,2024-05-09T08:00:00Z,2024-05-09T10:00:00Z,4.98
Sweden,SWE,2024-05-09T09:00:00Z,2024-05-09T11:00:00Z,1.09
Sweden,SWE,2024-05-09T10:00:00Z,2024-05-09T12:00:00Z,-0.16
Sweden,SWE,2024-05-09T11:00:00Z,2024-05-09T13:00:00Z,-0.59
Sweden,SWE,2024-05-09T12:00:00Z,2024-05-09T14:00:00Z,-0.78
Sweden,SWE,2024-05-09T13:00:00Z,2024-05-09T15:00:00Z,-0.18
Sweden,SWE,2024-05-09T14:00:00Z,2024-05-09T16:00:00Z,3.08
Sweden,SWE,2024-05-09T15:00:00Z,2024-05-09T17:00:00Z,19.99
Sweden,SWE,2024-05-09T16:00:00Z,2024-05-09T18:00:00Z,19.95
Sweden,SWE,2024-05-09T17:00:00Z,2024-05-09T19:00:00Z,9.42
Sweden,SWE,2024-05-09T18:00:00Z,2024-05-09T20:00:00Z,4.69
Sweden,SWE,2024-05-09T19:00:00Z,2024-05-09T21:00:00Z,2.63
Sweden,SWE,2024-05-09T20:00:00Z,2024-05-09T22:00:00Z,0.87
Sweden,SWE,2024-05-09T21:00:00Z,2024-05-09T23:00:00Z,-0.11
Sweden,SWE,2024-05-09T22:00:00Z,2024-05-10T00:00:00Z,0.01
Sweden,SWE,2024-05-09T23:00:00Z,2024-05-10T01:00:00Z,0.31
Sweden,SWE,2024-05-10T00:00:00Z,2024-05-10T02:00:00Z,-0.06
Sweden,SWE,2024-05-10T01:00:00Z,2024-05-10T03:00:00Z,-0.16
Sweden,SWE,2024-05-10T02:00:00Z,2024-05-10T04:00:00Z,-0.59
Sweden,SWE,2024-05-10T03:00:00Z,2024-05-10T05:00:00Z,-0.16
Sweden,SWE,2024-05-10T04:00:00Z,2024-05-10T06:00:00Z,11.76
Sweden,SWE,2024-05-10T05:00:00Z,2024-05-10T07:00:00Z,19.53
Sweden,SWE,2024-05-10T06:00:00Z,2024-05-10T08:00:00Z,18.89
Sweden,SWE,2024-05-10T07:00:00Z,2024-05-10T09:00:00Z,14.43
Sweden,SWE,2024-05-10T08:00:00Z,2024-05-10T10:00:00Z,6.64
Sweden,SWE,2024-05-10T09:00:00Z,2024-05-10T11:00:00Z,1.96
Sweden,SWE,2024-05-10T10:00:00Z,2024-05-10T12:00:00Z,0.34
Sweden,SWE,2024-05-10T11:00:00Z,2024-05-10T13:00:00Z,0.01
Sweden,SWE,2024-05-10T12:00:00Z,2024-05-10T14:00:00Z,0.02
Sweden,SWE,2024-05-10T13:00:00Z,2024-05-10T15:00:00Z,5.68
Sweden,SWE,2024-05-10T14:00:00Z,2024-05-10T16:00:00Z,14.56
Sweden,SWE,2024-05-10T15:00:00Z,2024-05-10T17:00:00Z,42.85
Sweden,SWE,2024-05-10T16:00:00Z,2024-05-10T18:00:00Z,52.16
Sweden,SWE,2024-05-10T17:00:00Z,2024-05-10T19:00:00Z,58.89
Sweden,SWE,2024-05-10T18:00:00Z,2024-05-10T20:00:00Z,63.67
Sweden,SWE,2024-05-10T19:00:00Z,2024-05-10T21:00:00Z,57.74
Sweden,SWE,2024-05-10T20:00:00Z,2024-05-10T22:00:00Z,49.05
Sweden,SWE,2024-05-10T21:00:00Z,2024-05-10T23:00:00Z,27.74
Sweden,SWE,2024-05-10T22:00:00Z,2024-05-11T00:00:00Z,17.59
Sweden,SWE,2024-05-10T23:00:00Z,2024-05-11T01:00:00Z,23.69
Sweden,SWE,2024-05-11T00:00:00Z,2024-05-11T02:00:00Z,28.56
Sweden,SWE,2024-05-11T01:00:00Z,2024-05-11T03:00:00Z,28.99
Sweden,SWE,2024-05-11T02:00:00Z,2024-05-11T04:00:00Z,30.93
Sweden,SWE,2024-05-11T03:00:00Z,2024-05-11T05:00:00Z,32.07
Sweden,SWE,2024-05-11T04:00:00Z,2024-05-11T06:00:00Z,34.11
Sweden,SWE,2024-05-11T05:00:00Z,2024-05-11T07:00:00Z,38.1
Sweden,SWE,2024-05-11T06:00:00Z,2024-05-11T08:00:00Z,37.45
Sweden,SWE,2024-05-11T07:00:00Z,2024-05-11T09:00:00Z,6.97
Sweden,SWE,2024-05-11T08:00:00Z,2024-05-11T10:00:00Z,0.79
Sweden,SWE,2024-05-11T09:00:00Z,2024-05-11T11:00:00Z,0
Sweden,SWE,2024-05-11T10:00:00Z,2024-05-11T12:00:00Z,-0.58
Sweden,SWE,2024-05-11T11:00:00Z,2024-05-11T13:00:00Z,-0.88
Sweden,SWE,2024-05-11T12:00:00Z,2024-05-11T14:00:00Z,-0.91
Sweden,SWE,2024-05-11T13:00:00Z,2024-05-11T15:00:00Z,-0.07
Sweden,SWE,2024-05-11T14:00:00Z,2024-05-11T16:00:00Z,2.98
Sweden,SWE,2024-05-11T15:00:00Z,2024-05-11T17:00:00Z,30.92
Sweden,SWE,2024-05-11T16:00:00Z,2024-05-11T18:00:00Z,42.21
Sweden,SWE,2024-05-11T17:00:00Z,2024-05-11T19:00:00Z,47.17
Sweden,SWE,2024-05-11T18:00:00Z,2024-05-11T20:00:00Z,47.38
Sweden,SWE,2024-05-11T19:00:00Z,2024-05-11T21:00:00Z,43.57
Sweden,SWE,2024-05-11T20:00:00Z,2024-05-11T22:00:00Z,37.23
Sweden,SWE,2024-05-11T21:00:00Z,2024-05-11T23:00:00Z,25.21
Sweden,SWE,2024-05-11T22:00:00Z,2024-05-12T00:00:00Z,24.36
Sweden,SWE,2024-05-11T23:00:00Z,2024-05-12T01:00:00Z,19.25
Sweden,SWE,2024-05-12T00:00:00Z,2024-05-12T02:00:00Z,19
Sweden,SWE,2024-05-12T01:00:00Z,2024-05-12T03:00:00Z,14.1
Sweden,SWE,2024-05-12T02:00:00Z,2024-05-12T04:00:00Z,11.36
Sweden,SWE,2024-05-12T03:00:00Z,2024-05-12T05:00:00Z,9.94
Sweden,SWE,2024-05-12T04:00:00Z,2024-05-12T06:00:00Z,6.16
Sweden,SWE,2024-05-12T05:00:00Z,2024-05-12T07:00:00Z,4.56
Sweden,SWE,2024-05-12T06:00:00Z,2024-05-12T08:00:00Z,1.48
Sweden,SWE,2024-05-12T07:00:00Z,2024-05-12T09:00:00Z,-1.23
Sweden,SWE,2024-05-12T08:00:00Z,2024-05-12T10:00:00Z,-2.57
Sweden,SWE,2024-05-12T09:00:00Z,2024-05-12T11:00:00Z,-4.07
Sweden,SWE,2024-05-12T10:00:00Z,2024-05-12T12:00:00Z,-5.09
Sweden,SWE,2024-05-12T11:00:00Z,2024-05-12T13:00:00Z,-6.58
Sweden,SWE,2024-05-12T12:00:00Z,2024-05-12T14:00:00Z,-5.16
Sweden,SWE,2024-05-12T13:00:00Z,2024-05-12T15:00:00Z,-2.09
Sweden,SWE,2024-05-12T14:00:00Z,2024-05-12T16:00:00Z,-0.09
Sweden,SWE,2024-05-12T15:00:00Z,2024-05-12T17:00:00Z,2.59
Sweden,SWE,2024-05-12T16:00:00Z,2024-05-12T18:00:00Z,24.72
Sweden,SWE,2024-05-12T17:00:00Z,2024-05-12T19:00:00Z,43.94
Sweden,SWE,2024-05-12T18:00:00Z,2024-05-12T20:00:00Z,48.07
Sweden,SWE,2024-05-12T19:00:00Z,2024-05-12T21:00:00Z,44.12
Sweden,SWE,2024-05-12T20:00:00Z,2024-05-12T22:00:00Z,37.14
Sweden,SWE,2024-05-12T21:00:00Z,2024-05-12T23:00:00Z,29.05
Sweden,SWE,2024-05-12T22:00:00Z,2024-05-13T00:00:00Z,26.2
Sweden,SWE,2024-05-12T23:00:00Z,2024-05-13T01:00:00Z,25.25
Sweden,SWE,2024-05-13T00:00:00Z,2024-05-13T02:00:00Z,25.01
Sweden,SWE,2024-05-13T01:00:00Z,2024-05-13T03:00:00Z,24.11
Sweden,SWE,2024-05-13T02:00:00Z,2024-05-13T04:00:00Z,26.36
Sweden,SWE,2024-05-13T03:00:00Z,2024-05-13T05:00:00Z,34.38
Sweden,SWE,2024-05-13T04:00:00Z,2024-05-13T06:00:00Z,39.28
Sweden,SWE,2024-05-13T05:00:00Z,2024-05-13T07:00:00Z,53.26
Sweden,SWE,2024-05-13T06:00:00Z,2024-05-13T08:00:00Z,50.11
Sweden,SWE,2024-05-13T07:00:00Z,2024-05-13T09:00:00Z,37.59
Sweden,SWE,2024-05-13T08:00:00Z,2024-05-13T10:00:00Z,18.19
Sweden,SWE,2024-05-13T09:00:00Z,2024-05-13T11:00:00Z,7.04
Sweden,SWE,2024-05-13T10:00:00Z,2024-05-13T12:00:00Z,1.59
Sweden,SWE,2024-05-13T11:00:00Z,2024-05-13T13:00:00Z,1.01
Sweden,SWE,2024-05-13T12:00:00Z,2024-05-13T14:00:00Z,0.3
Sweden,SWE,2024-05-13T13:00:00Z,2024-05-13T15:00:00Z,1.51
Sweden,SWE,2024-05-13T14:00:00Z,2024-05-13T16:00:00Z,17.19
Sweden,SWE,2024-05-13T15:00:00Z,2024-05-13T17:00:00Z,33.93
Sweden,SWE,2024-05-13T16:00:00Z,2024-05-13T18:00:00Z,37.6
Sweden,SWE,2024-05-13T17:00:00Z,2024-05-13T19:00:00Z,38.44
Sweden,SWE,2024-05-13T18:00:00Z,2024-05-13T20:00:00Z,37.27
Sweden,SWE,2024-05-13T19:00:00Z,2024-05-13T21:00:00Z,34.28
Sweden,SWE,2024-05-13T20:00:00Z,2024-05-13T22:00:00Z,29.88
Sweden,SWE,2024-05-13T21:00:00Z,2024-05-13T23:00:00Z,24.68
Sweden,SWE,2024-05-13T22:00:00Z,2024-05-14T00:00:00Z,14.15
Sweden,SWE,2024-05-13T23:00:00Z,2024-05-14T01:00:00Z,14.14
Sweden,SWE,2024-05-14T00:00:00Z,2024-05-14T02:00:00Z,13.73
Sweden,SWE,2024-05-14T01:00:00Z,2024-05-14T03:00:00Z,11.52
Sweden,SWE,2024-05-14T02:00:00Z,2024-05-14T04:00:00Z,11.49
Sweden,SWE,2024-05-14T03:00:00Z,2024-05-14T05:00:00Z,14.47
Sweden,SWE,2024-05-14T04:00:00Z,2024-05-14T06:00:00Z,33.19
Sweden,SWE,2024-05-14T05:00:00Z,2024-05-14T07:00:00Z,38.42
Sweden,SWE,2024-05-14T06:00:00Z,2024-05-14T08:00:00Z,36.71
Sweden,SWE,2024-05-14T07:00:00Z,2024-05-14T09:00:00Z,7.73
Sweden,SWE,2024-05-14T08:00:00Z,2024-05-14T10:00:00Z,0.33
Sweden,SWE,2024-05-14T09:00:00Z,2024-05-14T11:00:00Z,-1.46
Sweden,SWE,2024-05-14T10:00:00Z,2024-05-14T12:00:00Z,-3
Sweden,SWE,2024-05-14T11:00:00Z,2024-05-14T13:00:00Z,-3.72
Sweden,SWE,2024-05-14T12:00:00Z,2024-05-14T14:00:00Z,-4.99
Sweden,SWE,2024-05-14T13:00:00Z,2024-05-14T15:00:00Z,-3.99
Sweden,SWE,2024-05-14T14:00:00Z,2024-05-14T16:00:00Z,-0.92
Sweden,SWE,2024-05-14T15:00:00Z,2024-05-14T17:00:00Z,1.49
Sweden,SWE,2024-05-14T16:00:00Z,2024-05-14T18:00:00Z,11.88
Sweden,SWE,2024-05-14T17:00:00Z,2024-05-14T19:00:00Z,10.12
Sweden,SWE,2024-05-14T18:00:00Z,2024-05-14T20:00:00Z,7.57
Sweden,SWE,2024-05-14T19:00:00Z,2024-05-14T21:00:00Z,6.34
Sweden,SWE,2024-05-14T20:00:00Z,2024-05-14T22:00:00Z,5.42
Sweden,SWE,2024-05-14T21:00:00Z,2024-05-14T23:00:00Z,-1.01
Sweden,SWE,2024-05-14T22:00:00Z,2024-05-15T00:00:00Z,-0.21
Sweden,SWE,2024-05-14T23:00:00Z,2024-05-15T01:00:00Z,-0.16
Sweden,SWE,2024-05-15T00:00:00Z,2024-05-15T02:00:00Z,-0.15
Sweden,SWE,2024-05-15T01:00:00Z,2024-05-15T03:00:00Z,-0.11
Sweden,SWE,2024-05-15T02:00:00Z,2024-05-15T04:00:00Z,-0.05
Sweden,SWE,2024-05-15T03:00:00Z,2024-05-15T05:00:00Z,4.58
Sweden,SWE,2024-05-15T04:00:00Z,2024-05-15T06:00:00Z,10.45
Sweden,SWE,2024-05-15T05:00:00Z,2024-05-15T07:00:00Z,36.18
Sweden,SWE,2024-05-15T06:00:00Z,2024-05-15T08:00:00Z,39.45
Sweden,SWE,2024-05-15T07:00:00Z,2024-05-15T09:00:00Z,35.57
Sweden,SWE,2024-05-15T08:00:00Z,2024-05-15T10:00:00Z,7.06
Sweden,SWE,2024-05-15T09:00:00Z,2024-05-15T11:00:00Z,0.22
Sweden,SWE,2024-05-15T10:00:00Z,2024-05-15T12:00:00Z,-0.93
Sweden,SWE,2024-05-15T11:00:00Z,2024-05-15T13:00:00Z,-1.05
Sweden,SWE,2024-05-15T12:00:00Z,2024-05-15T14:00:00Z,-0.95
Sweden,SWE,2024-05-15T13:00:00Z,2024-05-15T15:00:00Z,-0.09
Sweden,SWE,2024-05-15T14:00:00Z,2024-05-15T16:00:00Z,1.73
Sweden,SWE,2024-05-15T15:00:00Z,2024-05-15T17:00:00Z,6.95
Sweden,SWE,2024-05-15T16:00:00Z,2024-05-15T18:00:00Z,26.2
Sweden,SWE,2024-05-15T17:00:00Z,2024-05-15T19:00:00Z,30.34
Sweden,SWE,2024-05-15T18:00:00Z,2024-05-15T20:00:00Z,30.83
Sweden,SWE,2024-05-15T19:00:00Z,2024-05-15T21:00:00Z,24.33
Sweden,SWE,2024-05-15T20:00:00Z,2024-05-15T22:00:00Z,12.96
Sweden,SWE,2024-05-15T21:00:00Z,2024-05-15T23:00:00Z,6.03
Sweden,SWE,2024-05-15T22:00:00Z,2024-05-16T00:00:00Z,2.66
Sweden,SWE,2024-05-15T23:00:00Z,2024-05-16T01:00:00Z,2.73
Sweden,SWE,2024-05-16T00:00:00Z,2024-05-16T02:00:00Z,3.36
Sweden,SWE,2024-05-16T01:00:00Z,2024-05-16T03:00:00Z,4.51
Sweden,SWE,2024-05-16T02:00:00Z,2024-05-16T04:00:00Z,6.87
Sweden,SWE,2024-05-16T03:00:00Z,2024-05-16T05:00:00Z,17.2
Sweden,SWE,2024-05-16T04:00:00Z,2024-05-16T06:00:00Z,25.35
Sweden,SWE,2024-05-16T05:00:00Z,2024-05-16T07:00:00Z,36.46
Sweden,SWE,2024-05-16T06:00:00Z,2024-05-16T08:00:00Z,35.93
Sweden,SWE,2024-05-16T07:00:00Z,2024-05-16T09:00:00Z,26.75
Sweden,SWE,2024-05-16T08:00:00Z,2024-05-16T10:00:00Z,10.32
Sweden,SWE,2024-05-16T09:00:00Z,2024-05-16T11:00:00Z,1.26
Sweden,SWE,2024-05-16T10:00:00Z,2024-05-16T12:00:00Z,-0.02
Sweden,SWE,2024-05-16T11:00:00Z,2024-05-16T13:00:00Z,-0.71
Sweden,SWE,2024-05-16T12:00:00Z,2024-05-16T14:00:00Z,-0.16
Sweden,SWE,2024-05-16T13:00:00Z,2024-05-16T15:00:00Z,0.92
Sweden,SWE,2024-05-16T14:00:00Z,2024-05-16T16:00:00Z,9.09
Sweden,SWE,2024-05-16T15:00:00Z,2024-05-16T17:00:00Z,17.28
Sweden,SWE,2024-05-16T16:00:00Z,2024-05-16T18:00:00Z,20.81
Sweden,SWE,2024-05-16T17:00:00Z,2024-05-16T19:00:00Z,24.36
Sweden,SWE,2024-05-16T18:00:00Z,2024-05-16T20:00:00Z,25.21
Sweden,SWE,2024-05-16T19:00:00Z,2024-05-16T21:00:00Z,21.05
Sweden,SWE,2024-05-16T20:00:00Z,2024-05-16T22:00:00Z,10
Sweden,SWE,2024-05-16T21:00:00Z,2024-05-16T23:00:00Z,4.3
Sweden,SWE,2024-05-16T22:00:00Z,2024-05-17T00:00:00Z,3.3
Sweden,SWE,2024-05-16T23:00:00Z,2024-05-17T01:00:00Z,2.86
Sweden,SWE,2024-05-17T00:00:00Z,2024-05-17T02:00:00Z,2.81
Sweden,SWE,2024-05-17T01:00:00Z,2024-05-17T03:00:00Z,2.82
Sweden,SWE,2024-05-17T02:00:00Z,2024-05-17T04:00:00Z,3.48
Sweden,SWE,2024-05-17T03:00:00Z,2024-05-17T05:00:00Z,4.99
Sweden,SWE,2024-05-17T04:00:00Z,2024-05-17T06:00:00Z,20.54
Sweden,SWE,2024-05-17T05:00:00Z,2024-05-17T07:00:00Z,27.9
Sweden,SWE,2024-05-17T06:00:00Z,2024-05-17T08:00:00Z,30.96
Sweden,SWE,2024-05-17T07:00:00Z,2024-05-17T09:00:00Z,25.67
Sweden,SWE,2024-05-17T08:00:00Z,2024-05-17T10:00:00Z,11.18
Sweden,SWE,2024-05-17T09:00:00Z,2024-05-17T11:00:00Z,4.21
Sweden,SWE,2024-05-17T10:00:00Z,2024-05-17T12:00:00Z,2.95
Sweden,SWE,2024-05-17T11:00:00Z,2024-05-17T13:00:00Z,1.93
Sweden,SWE,2024-05-17T12:00:00Z,2024-05-17T14:00:00Z,1.25
Sweden,SWE,2024-05-17T13:00:00Z,2024-05-17T15:00:00Z,2.48
Sweden,SWE,2024-05-17T14:00:00Z,2024-05-17T16:00:00Z,3.28
Sweden,SWE,2024-05-17T15:00:00Z,2024-05-17T17:00:00Z,4.98
Sweden,SWE,2024-05-17T16:00:00Z,2024-05-17T18:00:00Z,7.16
Sweden,SWE,2024-05-17T17:00:00Z,2024-05-17T19:00:00Z,5.89
Sweden,SWE,2024-05-17T18:00:00Z,2024-05-17T20:00:00Z,4.13
Sweden,SWE,2024-05-17T19:00:00Z,2024-05-17T21:00:00Z,1.24
Sweden,SWE,2024-05-17T20:00:00Z,2024-05-17T22:00:00Z,-0.09
Sweden,SWE,2024-05-17T21:00:00Z,2024-05-17T23:00:00Z,-1.6
Sweden,SWE,2024-05-17T22:00:00Z,2024-05-18T00:00:00Z,0
Sweden,SWE,2024-05-17T23:00:00Z,2024-05-18T01:00:00Z,0
Sweden,SWE,2024-05-18T00:00:00Z,2024-05-18T02:00:00Z,0.19
Sweden,SWE,2024-05-18T01:00:00Z,2024-05-18T03:00:00Z,0.51
Sweden,SWE,2024-05-18T02:00:00Z,2024-05-18T04:00:00Z,0.98
Sweden,SWE,2024-05-18T03:00:00Z,2024-05-18T05:00:00Z,1.42
Sweden,SWE,2024-05-18T04:00:00Z,2024-05-18T06:00:00Z,2.47
Sweden,SWE,2024-05-18T05:00:00Z,2024-05-18T07:00:00Z,4.95
Sweden,SWE,2024-05-18T06:00:00Z,2024-05-18T08:00:00Z,7.97
Sweden,SWE,2024-05-18T07:00:00Z,2024-05-18T09:00:00Z,7.43
Sweden,SWE,2024-05-18T08:00:00Z,2024-05-18T10:00:00Z,4.95
Sweden,SWE,2024-05-18T09:00:00Z,2024-05-18T11:00:00Z,0.71
Sweden,SWE,2024-05-18T10:00:00Z,2024-05-18T12:00:00Z,-0.02
Sweden,SWE,2024-05-18T11:00:00Z,2024-05-18T13:00:00Z,-1.3
Sweden,SWE,2024-05-18T12:00:00Z,2024-05-18T14:00:00Z,-2.79
Sweden,SWE,2024-05-18T13:00:00Z,2024-05-18T15:00:00Z,-1.92
Sweden,SWE,2024-05-18T14:00:00Z,2024-05-18T16:00:00Z,-0.04
Sweden,SWE,2024-05-18T15:00:00Z,2024-05-18T17:00:00Z,3.38
Sweden,SWE,2024-05-18T16:00:00Z,2024-05-18T18:00:00Z,18.3
Sweden,SWE,2024-05-18T17:00:00Z,2024-05-18T19:00:00Z,34.4
Sweden,SWE,2024-05-18T18:00:00Z,2024-05-18T20:00:00Z,35.09
Sweden,SWE,2024-05-18T19:00:00Z,2024-05-18T21:00:00Z,25.69
Sweden,SWE,2024-05-18T20:00:00Z,2024-05-18T22:00:00Z,4.74
Sweden,SWE,2024-05-18T21:00:00Z,2024-05-18T23:00:00Z,3
Sweden,SWE,2024-05-18T22:00:00Z,2024-05-19T00:00:00Z,2.69
Sweden,SWE,2024-05-18T23:00:00Z,2024-05-19T01:00:00Z,2.48
Sweden,SWE,2024-05-19T00:00:00Z,2024-05-19T02:00:00Z,2.6
Sweden,SWE,2024-05-19T01:00:00Z,2024-05-19T03:00:00Z,2.85
Sweden,SWE,2024-05-19T02:00:00Z,2024-05-19T04:00:00Z,2.85
Sweden,SWE,2024-05-19T03:00:00Z,2024-05-19T05:00:00Z,2.91
Sweden,SWE,2024-05-19T04:00:00Z,2024-05-19T06:00:00Z,3.57
Sweden,SWE,2024-05-19T05:00:00Z,2024-05-19T07:00:00Z,3.17
Sweden,SWE,2024-05-19T06:00:00Z,2024-05-19T08:00:00Z,5.05
Sweden,SWE,2024-05-19T07:00:00Z,2024-05-19T09:00:00Z,2.91
Sweden,SWE,2024-05-19T08:00:00Z,2024-05-19T10:00:00Z,-0.03
Sweden,SWE,2024-05-19T09:00:00Z,2024-05-19T11:00:00Z,-0.18
Sweden,SWE,2024-05-19T10:00:00Z,2024-05-19T12:00:00Z,-2.06
Sweden,SWE,2024-05-19T11:00:00Z,2024-05-19T13:00:00Z,-7.41
Sweden,SWE,2024-05-19T12:00:00Z,2024-05-19T14:00:00Z,-15.07
Sweden,SWE,2024-05-19T13:00:00Z,2024-05-19T15:00:00Z,-10
Sweden,SWE,2024-05-19T14:00:00Z,2024-05-19T16:00:00Z,-3.79
Sweden,SWE,2024-05-19T15:00:00Z,2024-05-19T17:00:00Z,-0.06
Sweden,SWE,2024-05-19T16:00:00Z,2024-05-19T18:00:00Z,28.23
Sweden,SWE,2024-05-19T17:00:00Z,2024-05-19T19:00:00Z,32.88
Sweden,SWE,2024-05-19T18:00:00Z,2024-05-19T20:00:00Z,37.82
Sweden,SWE,2024-05-19T19:00:00Z,2024-05-19T21:00:00Z,37.02
Sweden,SWE,2024-05-19T20:00:00Z,2024-05-19T22:00:00Z,32.68
Sweden,SWE,2024-05-19T21:00:00Z,2024-05-19T23:00:00Z,17.41
Sweden,SWE,2024-05-19T22:00:00Z,2024-05-20T00:00:00Z,15.91
Sweden,SWE,2024-05-19T23:00:00Z,2024-05-20T01:00:00Z,14.41
Sweden,SWE,2024-05-20T00:00:00Z,2024-05-20T02:00:00Z,14.83
Sweden,SWE,2024-05-20T01:00:00Z,2024-05-20T03:00:00Z,14.94
Sweden,SWE,2024-05-20T02:00:00Z,2024-05-20T04:00:00Z,16.24
Sweden,SWE,2024-05-20T03:00:00Z,2024-05-20T05:00:00Z,17.63
Sweden,SWE,2024-05-20T04:00:00Z,2024-05-20T06:00:00Z,24.08
Sweden,SWE,2024-05-20T05:00:00Z,2024-05-20T07:00:00Z,42.21
Sweden,SWE,2024-05-20T06:00:00Z,2024-05-20T08:00:00Z,40.17
Sweden,SWE,2024-05-20T07:00:00Z,2024-05-20T09:00:00Z,29.38
Sweden,SWE,2024-05-20T08:00:00Z,2024-05-20T10:00:00Z,12.41
Sweden,SWE,2024-05-20T09:00:00Z,2024-05-20T11:00:00Z,6.06
Sweden,SWE,2024-05-20T10:00:00Z,2024-05-20T12:00:00Z,2.41
Sweden,SWE,2024-05-20T11:00:00Z,2024-05-20T13:00:00Z,0.01
Sweden,SWE,2024-05-20T12:00:00Z,2024-05-20T14:00:00Z,0.02
Sweden,SWE,2024-05-20T13:00:00Z,2024-05-20T15:00:00Z,3.73
Sweden,SWE,2024-05-20T14:00:00Z,2024-05-20T16:00:00Z,9.42
Sweden,SWE,2024-05-20T15:00:00Z,2024-05-20T17:00:00Z,30.81
Sweden,SWE,2024-05-20T16:00:00Z,2024-05-20T18:00:00Z,39.74
Sweden,SWE,2024-05-20T17:00:00Z,2024-05-20T19:00:00Z,45.93
Sweden,SWE,2024-05-20T18:00:00Z,2024-05-20T20:00:00Z,49.08
Sweden,SWE,2024-05-20T19:00:00Z,2024-05-20T21:00:00Z,44.83
Sweden,SWE,2024-05-20T20:00:00Z,2024-05-20T22:00:00Z,22.28
Sweden,SWE,2024-05-20T21:00:00Z,2024-05-20T23:00:00Z,9.94
Sweden,SWE,2024-05-20T22:00:00Z,2024-05-21T00:00:00Z,8.87
Sweden,SWE,2024-05-20T23:00:00Z,2024-05-21T01:00:00Z,7.67
Sweden,SWE,2024-05-21T00:00:00Z,2024-05-21T02:00:00Z,6.34
Sweden,SWE,2024-05-21T01:00:00Z,2024-05-21T03:00:00Z,5.7
Sweden,SWE,2024-05-21T02:00:00Z,2024-05-21T04:00:00Z,7.56
Sweden,SWE,2024-05-21T03:00:00Z,2024-05-21T05:00:00Z,12.99
Sweden,SWE,2024-05-21T04:00:00Z,2024-05-21T06:00:00Z,38.43
Sweden,SWE,2024-05-21T05:00:00Z,2024-05-21T07:00:00Z,57.35
Sweden,SWE,2024-05-21T06:00:00Z,2024-05-21T08:00:00Z,57.46
Sweden,SWE,2024-05-21T07:00:00Z,2024-05-21T09:00:00Z,35.38
Sweden,SWE,2024-05-21T08:00:00Z,2024-05-21T10:00:00Z,30.29
Sweden,SWE,2024-05-21T09:00:00Z,2024-05-21T11:00:00Z,25.15
Sweden,SWE,2024-05-21T10:00:00Z,2024-05-21T12:00:00Z,20.66
Sweden,SWE,2024-05-21T11:00:00Z,2024-05-21T13:00:00Z,18.33
Sweden,SWE,2024-05-21T12:00:00Z,2024-05-21T14:00:00Z,15.04
Sweden,SWE,2024-05-21T13:00:00Z,2024-05-21T15:00:00Z,20.75
Sweden,SWE,2024-05-21T14:00:00Z,2024-05-21T16:00:00Z,24.99
Sweden,SWE,2024-05-21T15:00:00Z,2024-05-21T17:00:00Z,31.14
Sweden,SWE,2024-05-21T16:00:00Z,2024-05-21T18:00:00Z,33.83
Sweden,SWE,2024-05-21T17:00:00Z,2024-05-21T19:00:00Z,33.64
Sweden,SWE,2024-05-21T18:00:00Z,2024-05-21T20:00:00Z,34.8
Sweden,SWE,2024-05-21T19:00:00Z,2024-05-21T21:00:00Z,29.39
Sweden,SWE,2024-05-21T20:00:00Z,2024-05-21T22:00:00Z,13.94
Sweden,SWE,2024-05-21T21:00:00Z,2024-05-21T23:00:00Z,8.33
Sweden,SWE,2024-05-21T22:00:00Z,2024-05-22T00:00:00Z,3.42
Sweden,SWE,2024-05-21T23:00:00Z,2024-05-22T01:00:00Z,2.81
Sweden,SWE,2024-05-22T00:00:00Z,2024-05-22T02:00:00Z,2.63
Sweden,SWE,2024-05-22T01:00:00Z,2024-05-22T03:00:00Z,2.39
Sweden,SWE,2024-05-22T02:00:00Z,2024-05-22T04:00:00Z,2.92
Sweden,SWE,2024-05-22T03:00:00Z,2024-05-22T05:00:00Z,4.94
Sweden,SWE,2024-05-22T04:00:00Z,2024-05-22T06:00:00Z,23.97
Sweden,SWE,2024-05-22T05:00:00Z,2024-05-22T07:00:00Z,36.45
Sweden,SWE,2024-05-22T06:00:00Z,2024-05-22T08:00:00Z,38.09
Sweden,SWE,2024-05-22T07:00:00Z,2024-05-22T09:00:00Z,33.28
Sweden,SWE,2024-05-22T08:00:00Z,2024-05-22T10:00:00Z,23.13
Sweden,SWE,2024-05-22T09:00:00Z,2024-05-22T11:00:00Z,9.34
Sweden,SWE,2024-05-22T10:00:00Z,2024-05-22T12:00:00Z,4.92
Sweden,SWE,2024-05-22T11:00:00Z,2024-05-22T13:00:00Z,3.61
Sweden,SWE,2024-05-22T12:00:00Z,2024-05-22T14:00:00Z,3.08
Sweden,SWE,2024-05-22T13:00:00Z,2024-05-22T15:00:00Z,3.03
Sweden,SWE,2024-05-22T14:00:00Z,2024-05-22T16:00:00Z,4.29
Sweden,SWE,2024-05-22T15:00:00Z,2024-05-22T17:00:00Z,7.84
Sweden,SWE,2024-05-22T16:00:00Z,2024-05-22T18:00:00Z,10.13
Sweden,SWE,2024-05-22T17:00:00Z,2024-05-22T19:00:00Z,10
Sweden,SWE,2024-05-22T18:00:00Z,2024-05-22T20:00:00Z,4.98
Sweden,SWE,2024-05-22T19:00:00Z,2024-05-22T21:00:00Z,4.12
Sweden,SWE,2024-05-22T20:00:00Z,2024-05-22T22:00:00Z,2.5
Sweden,SWE,2024-05-22T21:00:00Z,2024-05-22T23:00:00Z,0.16
Sweden,SWE,2024-05-22T22:00:00Z,2024-05-23T00:00:00Z,1.5
Sweden,SWE,2024-05-22T23:00:00Z,2024-05-23T01:00:00Z,0.93
Sweden,SWE,2024-05-23T00:00:00Z,2024-05-23T02:00:00Z,0.25
Sweden,SWE,2024-05-23T01:00:00Z,2024-05-23T03:00:00Z,0
Sweden,SWE,2024-05-23T02:00:00Z,2024-05-23T04:00:00Z,0.14
Sweden,SWE,2024-05-23T03:00:00Z,2024-05-23T05:00:00Z,1.28
Sweden,SWE,2024-05-23T04:00:00Z,2024-05-23T06:00:00Z,3.09
Sweden,SWE,2024-05-23T05:00:00Z,2024-05-23T07:00:00Z,10.75
Sweden,SWE,2024-05-23T06:00:00Z,2024-05-23T08:00:00Z,22.42
Sweden,SWE,2024-05-23T07:00:00Z,2024-05-23T09:00:00Z,15.13
Sweden,SWE,2024-05-23T08:00:00Z,2024-05-23T10:00:00Z,6.98
Sweden,SWE,2024-05-23T09:00:00Z,2024-05-23T11:00:00Z,4.32
Sweden,SWE,2024-05-23T10:00:00Z,2024-05-23T12:00:00Z,2.99
Sweden,SWE,2024-05-23T11:00:00Z,2024-05-23T13:00:00Z,1.77
Sweden,SWE,2024-05-23T12:00:00Z,2024-05-23T14:00:00Z,1.2
Sweden,SWE,2024-05-23T13:00:00Z,2024-05-23T15:00:00Z,1.18
Sweden,SWE,2024-05-23T14:00:00Z,2024-05-23T16:00:00Z,1.29
Sweden,SWE,2024-05-23T15:00:00Z,2024-05-23T17:00:00Z,2.51
Sweden,SWE,2024-05-23T16:00:00Z,2024-05-23T18:00:00Z,21.96
Sweden,SWE,2024-05-23T17:00:00Z,2024-05-23T19:00:00Z,29.76
Sweden,SWE,2024-05-23T18:00:00Z,2024-05-23T20:00:00Z,31.87
Sweden,SWE,2024-05-23T19:00:00Z,2024-05-23T21:00:00Z,28.42
Sweden,SWE,2024-05-23T20:00:00Z,2024-05-23T22:00:00Z,22.6
Sweden,SWE,2024-05-23T21:00:00Z,2024-05-23T23:00:00Z,17.9
Sweden,SWE,2024-05-23T22:00:00Z,2024-05-24T00:00:00Z,12.52
Sweden,SWE,2024-05-23T23:00:00Z,2024-05-24T01:00:00Z,11.84
Sweden,SWE,2024-05-24T00:00:00Z,2024-05-24T02:00:00Z,12.62
Sweden,SWE,2024-05-24T01:00:00Z,2024-05-24T03:00:00Z,2.78
Sweden,SWE,2024-05-24T02:00:00Z,2024-05-24T04:00:00Z,13.13
Sweden,SWE,2024-05-24T03:00:00Z,2024-05-24T05:00:00Z,16.89
Sweden,SWE,2024-05-24T04:00:00Z,2024-05-24T06:00:00Z,22.77
Sweden,SWE,2024-05-24T05:00:00Z,2024-05-24T07:00:00Z,45.18
Sweden,SWE,2024-05-24T06:00:00Z,2024-05-24T08:00:00Z,65.24
Sweden,SWE,2024-05-24T07:00:00Z,2024-05-24T09:00:00Z,59.94
Sweden,SWE,2024-05-24T08:00:00Z,2024-05-24T10:00:00Z,57.95
Sweden,SWE,2024-05-24T09:00:00Z,2024-05-24T11:00:00Z,37.77
Sweden,SWE,2024-05-24T10:00:00Z,2024-05-24T12:00:00Z,32.64
Sweden,SWE,2024-05-24T11:00:00Z,2024-05-24T13:00:00Z,20.97
Sweden,SWE,2024-05-24T12:00:00Z,2024-05-24T14:00:00Z,18.03
Sweden,SWE,2024-05-24T13:00:00Z,2024-05-24T15:00:00Z,24.79
Sweden,SWE,2024-05-24T14:00:00Z,2024-05-24T16:00:00Z,27.67
Sweden,SWE,2024-05-24T15:00:00Z,2024-05-24T17:00:00Z,35.26
Sweden,SWE,2024-05-24T16:00:00Z,2024-05-24T18:00:00Z,39.55
Sweden,SWE,2024-05-24T17:00:00Z,2024-05-24T19:00:00Z,43.43
Sweden,SWE,2024-05-24T18:00:00Z,2024-05-24T20:00:00Z,40.39
Sweden,SWE,2024-05-24T19:00:00Z,2024-05-24T21:00:00Z,36.43
Sweden,SWE,2024-05-24T20:00:00Z,2024-05-24T22:00:00Z,29.48
Sweden,SWE,2024-05-24T21:00:00Z,2024-05-24T23:00:00Z,21.39
Sweden,SWE,2024-05-24T22:00:00Z,2024-05-25T00:00:00Z,19.63
Sweden,SWE,2024-05-24T23:00:00Z,2024-05-25T01:00:00Z,19.14
Sweden,SWE,2024-05-25T00:00:00Z,2024-05-25T02:00:00Z,19.18
Sweden,SWE,2024-05-25T01:00:00Z,2024-05-25T03:00:00Z,19.14
Sweden,SWE,2024-05-25T02:00:00Z,2024-05-25T04:00:00Z,19.18
Sweden,SWE,2024-05-25T03:00:00Z,2024-05-25T05:00:00Z,19.45
Sweden,SWE,2024-05-25T04:00:00Z,2024-05-25T06:00:00Z,22.74
Sweden,SWE,2024-05-25T05:00:00Z,2024-05-25T07:00:00Z,27.65
Sweden,SWE,2024-05-25T06:00:00Z,2024-05-25T08:00:00Z,30.05
Sweden,SWE,2024-05-25T07:00:00Z,2024-05-25T09:00:00Z,27.9
Sweden,SWE,2024-05-25T08:00:00Z,2024-05-25T10:00:00Z,15.16
Sweden,SWE,2024-05-25T09:00:00Z,2024-05-25T11:00:00Z,9.11
Sweden,SWE,2024-05-25T10:00:00Z,2024-05-25T12:00:00Z,3.24
Sweden,SWE,2024-05-25T11:00:00Z,2024-05-25T13:00:00Z,0.04
Sweden,SWE,2024-05-25T12:00:00Z,2024-05-25T14:00:00Z,0
Sweden,SWE,2024-05-25T13:00:00Z,2024-05-25T15:00:00Z,1.05
Sweden,SWE,2024-05-25T14:00:00Z,2024-05-25T16:00:00Z,11.73
Sweden,SWE,2024-05-25T15:00:00Z,2024-05-25T17:00:00Z,25.29
Sweden,SWE,2024-05-25T16:00:00Z,2024-05-25T18:00:00Z,30.32
Sweden,SWE,2024-05-25T17:00:00Z,2024-05-25T19:00:00Z,31.36
Sweden,SWE,2024-05-25T18:00:00Z,2024-05-25T20:00:00Z,29.83
Sweden,SWE,2024-05-25T19:00:00Z,2024-05-25T21:00:00Z,26.31
Sweden,SWE,2024-05-25T20:00:00Z,2024-05-25T22:00:00Z,22.66
Sweden,SWE,2024-05-25T21:00:00Z,2024-05-25T23:00:00Z,19.67
Sweden,SWE,2024-05-25T22:00:00Z,2024-05-26T00:00:00Z,19.42
Sweden,SWE,2024-05-25T23:00:00Z,2024-05-26T01:00:00Z,17.99
Sweden,SWE,2024-05-26T00:00:00Z,2024-05-26T02:00:00Z,17.77
Sweden,SWE,2024-05-26T01:00:00Z,2024-05-26T03:00:00Z,17.94
Sweden,SWE,2024-05-26T02:00:00Z,2024-05-26T04:00:00Z,15.1
Sweden,SWE,2024-05-26T03:00:00Z,2024-05-26T05:00:00Z,14.12
Sweden,SWE,2024-05-26T04:00:00Z,2024-05-26T06:00:00Z,14.53
Sweden,SWE,2024-05-26T05:00:00Z,2024-05-26T07:00:00Z,14.45
Sweden,SWE,2024-05-26T06:00:00Z,2024-05-26T08:00:00Z,7.8
Sweden,SWE,2024-05-26T07:00:00Z,2024-05-26T09:00:00Z,1.25
Sweden,SWE,2024-05-26T08:00:00Z,2024-05-26T10:00:00Z,0
Sweden,SWE,2024-05-26T09:00:00Z,2024-05-26T11:00:00Z,-0.09
Sweden,SWE,2024-05-26T10:00:00Z,2024-05-26T12:00:00Z,-2.12
Sweden,SWE,2024-05-26T11:00:00Z,2024-05-26T13:00:00Z,-6.05
Sweden,SWE,2024-05-26T12:00:00Z,2024-05-26T14:00:00Z,-5.1
Sweden,SWE,2024-05-26T13:00:00Z,2024-05-26T15:00:00Z,-2.79
Sweden,SWE,2024-05-26T14:00:00Z,2024-05-26T16:00:00Z,1.18
Sweden,SWE,2024-05-26T15:00:00Z,2024-05-26T17:00:00Z,15.49
Sweden,SWE,2024-05-26T16:00:00Z,2024-05-26T18:00:00Z,24.5
Sweden,SWE,2024-05-26T17:00:00Z,2024-05-26T19:00:00Z,28.25
Sweden,SWE,2024-05-26T18:00:00Z,2024-05-26T20:00:00Z,24.77
Sweden,SWE,2024-05-26T19:00:00Z,2024-05-26T21:00:00Z,22.28
Sweden,SWE,2024-05-26T20:00:00Z,2024-05-26T22:00:00Z,19.79
Sweden,SWE,2024-05-26T21:00:00Z,2024-05-26T23:00:00Z,15.78
Sweden,SWE,2024-05-26T22:00:00Z,2024-05-27T00:00:00Z,12.64
Sweden,SWE,2024-05-26T23:00:00Z,2024-05-27T01:00:00Z,11.42
Sweden,SWE,2024-05-27T00:00:00Z,2024-05-27T02:00:00Z,10.19
Sweden,SWE,2024-05-27T01:00:00Z,2024-05-27T03:00:00Z,10.6
Sweden,SWE,2024-05-27T02:00:00Z,2024-05-27T04:00:00Z,12.21
Sweden,SWE,2024-05-27T03:00:00Z,2024-05-27T05:00:00Z,13.67
Sweden,SWE,2024-05-27T04:00:00Z,2024-05-27T06:00:00Z,18.67
Sweden,SWE,2024-05-27T05:00:00Z,2024-05-27T07:00:00Z,7.71
Sweden,SWE,2024-05-27T06:00:00Z,2024-05-27T08:00:00Z,11.91
Sweden,SWE,2024-05-27T07:00:00Z,2024-05-27T09:00:00Z,7.81
Sweden,SWE,2024-05-27T08:00:00Z,2024-05-27T10:00:00Z,4.23
Sweden,SWE,2024-05-27T09:00:00Z,2024-05-27T11:00:00Z,2.72
Sweden,SWE,2024-05-27T10:00:00Z,2024-05-27T12:00:00Z,1.71
Sweden,SWE,2024-05-27T11:00:00Z,2024-05-27T13:00:00Z,1.46
Sweden,SWE,2024-05-27T12:00:00Z,2024-05-27T14:00:00Z,1.5
Sweden,SWE,2024-05-27T13:00:00Z,2024-05-27T15:00:00Z,1.81
Sweden,SWE,2024-05-27T14:00:00Z,2024-05-27T16:00:00Z,2.35
Sweden,SWE,2024-05-27T15:00:00Z,2024-05-27T17:00:00Z,20.3
Sweden,SWE,2024-05-27T16:00:00Z,2024-05-27T18:00:00Z,27.2
Sweden,SWE,2024-05-27T17:00:00Z,2024-05-27T19:00:00Z,48.43
Sweden,SWE,2024-05-27T18:00:00Z,2024-05-27T20:00:00Z,50.47
Sweden,SWE,2024-05-27T19:00:00Z,2024-05-27T21:00:00Z,30.13
Sweden,SWE,2024-05-27T20:00:00Z,2024-05-27T22:00:00Z,11.23
Sweden,SWE,2024-05-27T21:00:00Z,2024-05-27T23:00:00Z,-0.01
Sweden,SWE,2024-05-27T22:00:00Z,2024-05-28T00:00:00Z,15.68
Sweden,SWE,2024-05-27T23:00:00Z,2024-05-28T01:00:00Z,12.73
Sweden,SWE,2024-05-28T00:00:00Z,2024-05-28T02:00:00Z,10.98
Sweden,SWE,2024-05-28T01:00:00Z,2024-05-28T03:00:00Z,11.25
Sweden,SWE,2024-05-28T02:00:00Z,2024-05-28T04:00:00Z,1.32
Sweden,SWE,2024-05-28T03:00:00Z,2024-05-28T05:00:00Z,11.9
Sweden,SWE,2024-05-28T04:00:00Z,2024-05-28T06:00:00Z,20.2
Sweden,SWE,2024-05-28T05:00:00Z,2024-05-28T07:00:00Z,42.75
Sweden,SWE,2024-05-28T06:00:00Z,2024-05-28T08:00:00Z,42.28
Sweden,SWE,2024-05-28T07:00:00Z,2024-05-28T09:00:00Z,26.32
Sweden,SWE,2024-05-28T08:00:00Z,2024-05-28T10:00:00Z,8.18
Sweden,SWE,2024-05-28T09:00:00Z,2024-05-28T11:00:00Z,4.81
Sweden,SWE,2024-05-28T10:00:00Z,2024-05-28T12:00:00Z,3.8
Sweden,SWE,2024-05-28T11:00:00Z,2024-05-28T13:00:00Z,2.81
Sweden,SWE,2024-05-28T12:00:00Z,2024-05-28T14:00:00Z,2.22
Sweden,SWE,2024-05-28T13:00:00Z,2024-05-28T15:00:00Z,2.27
Sweden,SWE,2024-05-28T14:00:00Z,2024-05-28T16:00:00Z,2.91
Sweden,SWE,2024-05-28T15:00:00Z,2024-05-28T17:00:00Z,6.96
Sweden,SWE,2024-05-28T16:00:00Z,2024-05-28T18:00:00Z,23.54
Sweden,SWE,2024-05-28T17:00:00Z,2024-05-28T19:00:00Z,32.13
Sweden,SWE,2024-05-28T18:00:00Z,2024-05-28T20:00:00Z,31.4
Sweden,SWE,2024-05-28T19:00:00Z,2024-05-28T21:00:00Z,26.76
Sweden,SWE,2024-05-28T20:00:00Z,2024-05-28T22:00:00Z,21.01
Sweden,SWE,2024-05-28T21:00:00Z,2024-05-28T23:00:00Z,3.9
Sweden,SWE,2024-05-28T22:00:00Z,2024-05-29T00:00:00Z,0.92
Sweden,SWE,2024-05-28T23:00:00Z,2024-05-29T01:00:00Z,0.79
Sweden,SWE,2024-05-29T00:00:00Z,2024-05-29T02:00:00Z,0.85
Sweden,SWE,2024-05-29T01:00:00Z,2024-05-29T03:00:00Z,1.16
Sweden,SWE,2024-05-29T02:00:00Z,2024-05-29T04:00:00Z,1.97
Sweden,SWE,2024-05-29T03:00:00Z,2024-05-29T05:00:00Z,9.92
Sweden,SWE,2024-05-29T04:00:00Z,2024-05-29T06:00:00Z,24.15
Sweden,SWE,2024-05-29T05:00:00Z,2024-05-29T07:00:00Z,54.8
Sweden,SWE,2024-05-29T06:00:00Z,2024-05-29T08:00:00Z,56.38
Sweden,SWE,2024-05-29T07:00:00Z,2024-05-29T09:00:00Z,47.74
Sweden,SWE,2024-05-29T08:00:00Z,2024-05-29T10:00:00Z,35.75
Sweden,SWE,2024-05-29T09:00:00Z,2024-05-29T11:00:00Z,34.81
Sweden,SWE,2024-05-29T10:00:00Z,2024-05-29T12:00:00Z,19.75
Sweden,SWE,2024-05-29T11:00:00Z,2024-05-29T13:00:00Z,3.77
Sweden,SWE,2024-05-29T12:00:00Z,2024-05-29T14:00:00Z,3.75
Sweden,SWE,2024-05-29T13:00:00Z,2024-05-29T15:00:00Z,18.08
Sweden,SWE,2024-05-29T14:00:00Z,2024-05-29T16:00:00Z,36.38
Sweden,SWE,2024-05-29T15:00:00Z,2024-05-29T17:00:00Z,45.19
Sweden,SWE,2024-05-29T16:00:00Z,2024-05-29T18:00:00Z,59.05
Sweden,SWE,2024-05-29T17:00:00Z,2024-05-29T19:00:00Z,66.04
Sweden,SWE,2024-05-29T18:00:00Z,2024-05-29T20:00:00Z,61.85
Sweden,SWE,2024-05-29T19:00:00Z,2024-05-29T21:00:00Z,34.56
Sweden,SWE,2024-05-29T20:00:00Z,2024-05-29T22:00:00Z,5.09
Sweden,SWE,2024-05-29T21:00:00Z,2024-05-29T23:00:00Z,3.09
Sweden,SWE,2024-05-29T22:00:00Z,2024-05-30T00:00:00Z,1.82
Sweden,SWE,2024-05-29T23:00:00Z,2024-05-30T01:00:00Z,1.08
Sweden,SWE,2024-05-30T00:00:00Z,2024-05-30T02:00:00Z,1.25
Sweden,SWE,2024-05-30T01:00:00Z,2024-05-30T03:00:00Z,1.81
Sweden,SWE,2024-05-30T02:00:00Z,2024-05-30T04:00:00Z,2.69
Sweden,SWE,2024-05-30T03:00:00Z,2024-05-30T05:00:00Z,5.21
Sweden,SWE,2024-05-30T04:00:00Z,2024-05-30T06:00:00Z,27.24
Sweden,SWE,2024-05-30T05:00:00Z,2024-05-30T07:00:00Z,48.37
Sweden,SWE,2024-05-30T06:00:00Z,2024-05-30T08:00:00Z,60.33
Sweden,SWE,2024-05-30T07:00:00Z,2024-05-30T09:00:00Z,35.98
Sweden,SWE,2024-05-30T08:00:00Z,2024-05-30T10:00:00Z,29.25
Sweden,SWE,2024-05-30T09:00:00Z,2024-05-30T11:00:00Z,25.45
Sweden,SWE,2024-05-30T10:00:00Z,2024-05-30T12:00:00Z,22.6
Sweden,SWE,2024-05-30T11:00:00Z,2024-05-30T13:00:00Z,21.38
Sweden,SWE,2024-05-30T12:00:00Z,2024-05-30T14:00:00Z,20.72
Sweden,SWE,2024-05-30T13:00:00Z,2024-05-30T15:00:00Z,27.16
Sweden,SWE,2024-05-30T14:00:00Z,2024-05-30T16:00:00Z,32.83
Sweden,SWE,2024-05-30T15:00:00Z,2024-05-30T17:00:00Z,56
Sweden,SWE,2024-05-30T16:00:00Z,2024-05-30T18:00:00Z,71.27
Sweden,SWE,2024-05-30T17:00:00Z,2024-05-30T19:00:00Z,75.28
Sweden,SWE,2024-05-30T18:00:00Z,2024-05-30T20:00:00Z,68.2
Sweden,SWE,2024-05-30T19:00:00Z,2024-05-30T21:00:00Z,53.9
Sweden,SWE,2024-05-30T20:00:00Z,2024-05-30T22:00:00Z,30.51
Sweden,SWE,2024-05-30T21:00:00Z,2024-05-30T23:00:00Z,21.96
Sweden,SWE,2024-05-30T22:00:00Z,2024-05-31T00:00:00Z,21.73
Sweden,SWE,2024-05-30T23:00:00Z,2024-05-31T01:00:00Z,19.12
Sweden,SWE,2024-05-31T00:00:00Z,2024-05-31T02:00:00Z,17.49
Sweden,SWE,2024-05-31T01:00:00Z,2024-05-31T03:00:00Z,16.72
Sweden,SWE,2024-05-31T02:00:00Z,2024-05-31T04:00:00Z,17.91
Sweden,SWE,2024-05-31T03:00:00Z,2024-05-31T05:00:00Z,21.28
Sweden,SWE,2024-05-31T04:00:00Z,2024-05-31T06:00:00Z,29.79
Sweden,SWE,2024-05-31T05:00:00Z,2024-05-31T07:00:00Z,41.92
Sweden,SWE,2024-05-31T06:00:00Z,2024-05-31T08:00:00Z,56.24
Sweden,SWE,2024-05-31T07:00:00Z,2024-05-31T09:00:00Z,40.71
Sweden,SWE,2024-05-31T08:00:00Z,2024-05-31T10:00:00Z,33.73
Sweden,SWE,2024-05-31T09:00:00Z,2024-05-31T11:00:00Z,30.56
Sweden,SWE,2024-05-31T10:00:00Z,2024-05-31T12:00:00Z,28.55
Sweden,SWE,2024-05-31T11:00:00Z,2024-05-31T13:00:00Z,25.95
Sweden,SWE,2024-05-31T12:00:00Z,2024-05-31T14:00:00Z,25.4
Sweden,SWE,2024-05-31T13:00:00Z,2024-05-31T15:00:00Z,25.69
Sweden,SWE,2024-05-31T14:00:00Z,2024-05-31T16:00:00Z,28.18
Sweden,SWE,2024-05-31T15:00:00Z,2024-05-31T17:00:00Z,31.42
Sweden,SWE,2024-05-31T16:00:00Z,2024-05-31T18:00:00Z,33.8
Sweden,SWE,2024-05-31T17:00:00Z,2024-05-31T19:00:00Z,35.33
Sweden,SWE,2024-05-31T18:00:00Z,2024-05-31T20:00:00Z,34.4
Sweden,SWE,2024-05-31T19:00:00Z,2024-05-31T21:00:00Z,31.36
Sweden,SWE,2024-05-31T20:00:00Z,2024-05-31T22:00:00Z,26.77
Sweden,SWE,2024-05-31T21:00:00Z,2024-05-31T23:00:00Z,19.67
Sweden,SWE,2024-05-31T22:00:00Z,2024-06-01T00:00:00Z,26.85
Sweden,SWE,2024-05-31T23:00:00Z,2024-06-01T01:00:00Z,26.04
Sweden,SWE,2024-06-01T00:00:00Z,2024-06-01T02:00:00Z,23.59
Sweden,SWE,2024-06-01T01:00:00Z,2024-06-01T03:00:00Z,22
Sweden,SWE,2024-06-01T02:00:00Z,2024-06-01T04:00:00Z,21.39
Sweden,SWE,2024-06-01T03:00:00Z,2024-06-01T05:00:00Z,21.83
Sweden,SWE,2024-06-01T04:00:00Z,2024-06-01T06:00:00Z,23.17
Sweden,SWE,2024-06-01T05:00:00Z,2024-06-01T07:00:00Z,25.77
Sweden,SWE,2024-06-01T06:00:00Z,2024-06-01T08:00:00Z,29.39
Sweden,SWE,2024-06-01T07:00:00Z,2024-06-01T09:00:00Z,28.63
Sweden,SWE,2024-06-01T08:00:00Z,2024-06-01T10:00:00Z,25.39
Sweden,SWE,2024-06-01T09:00:00Z,2024-06-01T11:00:00Z,23.44
Sweden,SWE,2024-06-01T10:00:00Z,2024-06-01T12:00:00Z,20.36
Sweden,SWE,2024-06-01T11:00:00Z,2024-06-01T13:00:00Z,7.44
Sweden,SWE,2024-06-01T12:00:00Z,2024-06-01T14:00:00Z,2.92
Sweden,SWE,2024-06-01T13:00:00Z,2024-06-01T15:00:00Z,5.8
Sweden,SWE,2024-06-01T14:00:00Z,2024-06-01T16:00:00Z,13
Sweden,SWE,2024-06-01T15:00:00Z,2024-06-01T17:00:00Z,24.89
Sweden,SWE,2024-06-01T16:00:00Z,2024-06-01T18:00:00Z,28.66
Sweden,SWE,2024-06-01T17:00:00Z,2024-06-01T19:00:00Z,30.91
Sweden,SWE,2024-06-01T18:00:00Z,2024-06-01T20:00:00Z,31.22
Sweden,SWE,2024-06-01T19:00:00Z,2024-06-01T21:00:00Z,27.26
Sweden,SWE,2024-06-01T20:00:00Z,2024-06-01T22:00:00Z,26.98
Sweden,SWE,2024-06-01T21:00:00Z,2024-06-01T23:00:00Z,19.11
Sweden,SWE,2024-06-01T22:00:00Z,2024-06-02T00:00:00Z,9.37
Sweden,SWE,2024-06-01T23:00:00Z,2024-06-02T01:00:00Z,7.37
Sweden,SWE,2024-06-02T00:00:00Z,2024-06-02T02:00:00Z,4.06
Sweden,SWE,2024-06-02T01:00:00Z,2024-06-02T03:00:00Z,2.05
Sweden,SWE,2024-06-02T02:00:00Z,2024-06-02T04:00:00Z,2.33
Sweden,SWE,2024-06-02T03:00:00Z,2024-06-02T05:00:00Z,2.58
Sweden,SWE,2024-06-02T04:00:00Z,2024-06-02T06:00:00Z,4.9
Sweden,SWE,2024-06-02T05:00:00Z,2024-06-02T07:00:00Z,4.11
Sweden,SWE,2024-06-02T06:00:00Z,2024-06-02T08:00:00Z,0.97
Sweden,SWE,2024-06-02T07:00:00Z,2024-06-02T09:00:00Z,0
Sweden,SWE,2024-06-02T08:00:00Z,2024-06-02T10:00:00Z,1.56
Sweden,SWE,2024-06-02T09:00:00Z,2024-06-02T11:00:00Z,0.77
Sweden,SWE,2024-06-02T10:00:00Z,2024-06-02T12:00:00Z,-0.1
Sweden,SWE,2024-06-02T11:00:00Z,2024-06-02T13:00:00Z,-4.01
Sweden,SWE,2024-06-02T12:00:00Z,2024-06-02T14:00:00Z,-5
Sweden,SWE,2024-06-02T13:00:00Z,2024-06-02T15:00:00Z,-4.36
Sweden,SWE,2024-06-02T14:00:00Z,2024-06-02T16:00:00Z,-0.08
Sweden,SWE,2024-06-02T15:00:00Z,2024-06-02T17:00:00Z,4.93
Sweden,SWE,2024-06-02T16:00:00Z,2024-06-02T18:00:00Z,14.29
Sweden,SWE,2024-06-02T17:00:00Z,2024-06-02T19:00:00Z,37.2
Sweden,SWE,2024-06-02T18:00:00Z,2024-06-02T20:00:00Z,46.04
Sweden,SWE,2024-06-02T19:00:00Z,2024-06-02T21:00:00Z,48.53
Sweden,SWE,2024-06-02T20:00:00Z,2024-06-02T22:00:00Z,43.65
Sweden,SWE,2024-06-02T21:00:00Z,2024-06-02T23:00:00Z,26.81
Sweden,SWE,2024-06-02T22:00:00Z,2024-06-03T00:00:00Z,24.1
Sweden,SWE,2024-06-02T23:00:00Z,2024-06-03T01:00:00Z,21.78
Sweden,SWE,2024-06-03T00:00:00Z,2024-06-03T02:00:00Z,20.48
Sweden,SWE,2024-06-03T01:00:00Z,2024-06-03T03:00:00Z,16.89
Sweden,SWE,2024-06-03T02:00:00Z,2024-06-03T04:00:00Z,16.59
Sweden,SWE,2024-06-03T03:00:00Z,2024-06-03T05:00:00Z,23.17
Sweden,SWE,2024-06-03T04:00:00Z,2024-06-03T06:00:00Z,30.7
Sweden,SWE,2024-06-03T05:00:00Z,2024-06-03T07:00:00Z,52.81
Sweden,SWE,2024-06-03T06:00:00Z,2024-06-03T08:00:00Z,73.91
Sweden,SWE,2024-06-03T07:00:00Z,2024-06-03T09:00:00Z,65.77
Sweden,SWE,2024-06-03T08:00:00Z,2024-06-03T10:00:00Z,34.43
Sweden,SWE,2024-06-03T09:00:00Z,2024-06-03T11:00:00Z,26.48
Sweden,SWE,2024-06-03T10:00:00Z,2024-06-03T12:00:00Z,22.05
Sweden,SWE,2024-06-03T11:00:00Z,2024-06-03T13:00:00Z,21.15
Sweden,SWE,2024-06-03T12:00:00Z,2024-06-03T14:00:00Z,19.07
Sweden,SWE,2024-06-03T13:00:00Z,2024-06-03T15:00:00Z,16.13
Sweden,SWE,2024-06-03T14:00:00Z,2024-06-03T16:00:00Z,16.14
Sweden,SWE,2024-06-03T15:00:00Z,2024-06-03T17:00:00Z,29.39
Sweden,SWE,2024-06-03T16:00:00Z,2024-06-03T18:00:00Z,34.96
Sweden,SWE,2024-06-03T17:00:00Z,2024-06-03T19:00:00Z,37.4
Sweden,SWE,2024-06-03T18:00:00Z,2024-06-03T20:00:00Z,41.7
Sweden,SWE,2024-06-03T19:00:00Z,2024-06-03T21:00:00Z,40.03
Sweden,SWE,2024-06-03T20:00:00Z,2024-06-03T22:00:00Z,32.37
Sweden,SWE,2024-06-03T21:00:00Z,2024-06-03T23:00:00Z,21.96
Sweden,SWE,2024-06-03T22:00:00Z,2024-06-04T00:00:00Z,1.68
Sweden,SWE,2024-06-03T23:00:00Z,2024-06-04T01:00:00Z,1.39
Sweden,SWE,2024-06-04T00:00:00Z,2024-06-04T02:00:00Z,1.37
Sweden,SWE,2024-06-04T01:00:00Z,2024-06-04T03:00:00Z,1.91
Sweden,SWE,2024-06-04T02:00:00Z,2024-06-04T04:00:00Z,3.07
Sweden,SWE,2024-06-04T03:00:00Z,2024-06-04T05:00:00Z,21.91
Sweden,SWE,2024-06-04T04:00:00Z,2024-06-04T06:00:00Z,13.82
Sweden,SWE,2024-06-04T05:00:00Z,2024-06-04T07:00:00Z,47.03
Sweden,SWE,2024-06-04T06:00:00Z,2024-06-04T08:00:00Z,47.58
Sweden,SWE,2024-06-04T07:00:00Z,2024-06-04T09:00:00Z,42.99
Sweden,SWE,2024-06-04T08:00:00Z,2024-06-04T10:00:00Z,39.55
Sweden,SWE,2024-06-04T09:00:00Z,2024-06-04T11:00:00Z,37.12
Sweden,SWE,2024-06-04T10:00:00Z,2024-06-04T12:00:00Z,33.61
Sweden,SWE,2024-06-04T11:00:00Z,2024-06-04T13:00:00Z,28.86
Sweden,SWE,2024-06-04T12:00:00Z,2024-06-04T14:00:00Z,22.67
Sweden,SWE,2024-06-04T13:00:00Z,2024-06-04T15:00:00Z,21.53
Sweden,SWE,2024-06-04T14:00:00Z,2024-06-04T16:00:00Z,25.08
Sweden,SWE,2024-06-04T15:00:00Z,2024-06-04T17:00:00Z,29.1
Sweden,SWE,2024-06-04T16:00:00Z,2024-06-04T18:00:00Z,47.7
Sweden,SWE,2024-06-04T17:00:00Z,2024-06-04T19:00:00Z,60.13
Sweden,SWE,2024-06-04T18:00:00Z,2024-06-04T20:00:00Z,68.84
Sweden,SWE,2024-06-04T19:00:00Z,2024-06-04T21:00:00Z,34.08
Sweden,SWE,2024-06-04T20:00:00Z,2024-06-04T22:00:00Z,7.16
Sweden,SWE,2024-06-04T21:00:00Z,2024-06-04T23:00:00Z,1.92
Sweden,SWE,2024-06-04T22:00:00Z,2024-06-05T00:00:00Z,4.06
Sweden,SWE,2024-06-04T23:00:00Z,2024-06-05T01:00:00Z,2.79
Sweden,SWE,2024-06-05T00:00:00Z,2024-06-05T02:00:00Z,2.24
Sweden,SWE,2024-06-05T01:00:00Z,2024-06-05T03:00:00Z,1.58
Sweden,SWE,2024-06-05T02:00:00Z,2024-06-05T04:00:00Z,1.92
Sweden,SWE,2024-06-05T03:00:00Z,2024-06-05T05:00:00Z,3.28
Sweden,SWE,2024-06-05T04:00:00Z,2024-06-05T06:00:00Z,6.4
Sweden,SWE,2024-06-05T05:00:00Z,2024-06-05T07:00:00Z,15.48
Sweden,SWE,2024-06-05T06:00:00Z,2024-06-05T08:00:00Z,33.54
Sweden,SWE,2024-06-05T07:00:00Z,2024-06-05T09:00:00Z,5.66
Sweden,SWE,2024-06-05T08:00:00Z,2024-06-05T10:00:00Z,3.79
Sweden,SWE,2024-06-05T09:00:00Z,2024-06-05T11:00:00Z,1.69
Sweden,SWE,2024-06-05T10:00:00Z,2024-06-05T12:00:00Z,1.32
Sweden,SWE,2024-06-05T11:00:00Z,2024-06-05T13:00:00Z,0.94
Sweden,SWE,2024-06-05T12:00:00Z,2024-06-05T14:00:00Z,0.93
Sweden,SWE,2024-06-05T13:00:00Z,2024-06-05T15:00:00Z,1.32
Sweden,SWE,2024-06-05T14:00:00Z,2024-06-05T16:00:00Z,2.67
Sweden,SWE,2024-06-05T15:00:00Z,2024-06-05T17:00:00Z,16.39
Sweden,SWE,2024-06-05T16:00:00Z,2024-06-05T18:00:00Z,25.67
Sweden,SWE,2024-06-05T17:00:00Z,2024-06-05T19:00:00Z,31.6
Sweden,SWE,2024-06-05T18:00:00Z,2024-06-05T20:00:00Z,37.07
Sweden,SWE,2024-06-05T19:00:00Z,2024-06-05T21:00:00Z,36.8
Sweden,SWE,2024-06-05T20:00:00Z,2024-06-05T22:00:00Z,33.47
Sweden,SWE,2024-06-05T21:00:00Z,2024-06-05T23:00:00Z,23.97
Sweden,SWE,2024-06-05T22:00:00Z,2024-06-06T00:00:00Z,15.91
Sweden,SWE,2024-06-05T23:00:00Z,2024-06-06T01:00:00Z,15.93
Sweden,SWE,2024-06-06T00:00:00Z,2024-06-06T02:00:00Z,17.49
Sweden,SWE,2024-06-06T01:00:00Z,2024-06-06T03:00:00Z,19.12
Sweden,SWE,2024-06-06T02:00:00Z,2024-06-06T04:00:00Z,21.9
Sweden,SWE,2024-06-06T03:00:00Z,2024-06-06T05:00:00Z,25.03
Sweden,SWE,2024-06-06T04:00:00Z,2024-06-06T06:00:00Z,29.97
Sweden,SWE,2024-06-06T05:00:00Z,2024-06-06T07:00:00Z,32.13
Sweden,SWE,2024-06-06T06:00:00Z,2024-06-06T08:00:00Z,28.48
Sweden,SWE,2024-06-06T07:00:00Z,2024-06-06T09:00:00Z,20.07
Sweden,SWE,2024-06-06T08:00:00Z,2024-06-06T10:00:00Z,20.58
Sweden,SWE,2024-06-06T09:00:00Z,2024-06-06T11:00:00Z,14.83
Sweden,SWE,2024-06-06T10:00:00Z,2024-06-06T12:00:00Z,12.99
Sweden,SWE,2024-06-06T11:00:00Z,2024-06-06T13:00:00Z,12.65
Sweden,SWE,2024-06-06T12:00:00Z,2024-06-06T14:00:00Z,12.55
Sweden,SWE,2024-06-06T13:00:00Z,2024-06-06T15:00:00Z,13.09
Sweden,SWE,2024-06-06T14:00:00Z,2024-06-06T16:00:00Z,19.85
Sweden,SWE,2024-06-06T15:00:00Z,2024-06-06T17:00:00Z,26.73
Sweden,SWE,2024-06-06T16:00:00Z,2024-06-06T18:00:00Z,30.81
Sweden,SWE,2024-06-06T17:00:00Z,2024-06-06T19:00:00Z,35.77
Sweden,SWE,2024-06-06T18:00:00Z,2024-06-06T20:00:00Z,43.48
Sweden,SWE,2024-06-06T19:00:00Z,2024-06-06T21:00:00Z,44.8
Sweden,SWE,2024-06-06T20:00:00Z,2024-06-06T22:00:00Z,35.49
Sweden,SWE,2024-06-06T21:00:00Z,2024-06-06T23:00:00Z,27.17
Sweden,SWE,2024-06-06T22:00:00Z,2024-06-07T00:00:00Z,25.92
Sweden,SWE,2024-06-06T23:00:00Z,2024-06-07T01:00:00Z,24.28
Sweden,SWE,2024-06-07T00:00:00Z,2024-06-07T02:00:00Z,25.34
Sweden,SWE,2024-06-07T01:00:00Z,2024-06-07T03:00:00Z,27.19
Sweden,SWE,2024-06-07T02:00:00Z,2024-06-07T04:00:00Z,29.26
Sweden,SWE,2024-06-07T03:00:00Z,2024-06-07T05:00:00Z,33.29
Sweden,SWE,2024-06-07T04:00:00Z,2024-06-07T06:00:00Z,44.07
Sweden,SWE,2024-06-07T05:00:00Z,2024-06-07T07:00:00Z,53.3
Sweden,SWE,2024-06-07T06:00:00Z,2024-06-07T08:00:00Z,56.65
Sweden,SWE,2024-06-07T07:00:00Z,2024-06-07T09:00:00Z,40.56
Sweden,SWE,2024-06-07T08:00:00Z,2024-06-07T10:00:00Z,36.28
Sweden,SWE,2024-06-07T09:00:00Z,2024-06-07T11:00:00Z,32.29
Sweden,SWE,2024-06-07T10:00:00Z,2024-06-07T12:00:00Z,30.09
Sweden,SWE,2024-06-07T11:00:00Z,2024-06-07T13:00:00Z,25.36
Sweden,SWE,2024-06-07T12:00:00Z,2024-06-07T14:00:00Z,17.41
Sweden,SWE,2024-06-07T13:00:00Z,2024-06-07T15:00:00Z,14.59
Sweden,SWE,2024-06-07T14:00:00Z,2024-06-07T16:00:00Z,24.06
Sweden,SWE,2024-06-07T15:00:00Z,2024-06-07T17:00:00Z,37.02
Sweden,SWE,2024-06-07T16:00:00Z,2024-06-07T18:00:00Z,48.61
Sweden,SWE,2024-06-07T17:00:00Z,2024-06-07T19:00:00Z,55.85
Sweden,SWE,2024-06-07T18:00:00Z,2024-06-07T20:00:00Z,59.5
Sweden,SWE,2024-06-07T19:00:00Z,2024-06-07T21:00:00Z,58.62
Sweden,SWE,2024-06-07T20:00:00Z,2024-06-07T22:00:00Z,44.97
Sweden,SWE,2024-06-07T21:00:00Z,2024-06-07T23:00:00Z,34.58
Sweden,SWE,2024-06-07T22:00:00Z,2024-06-08T00:00:00Z,35.09
Sweden,SWE,2024-06-07T23:00:00Z,2024-06-08T01:00:00Z,28.85
Sweden,SWE,2024-06-08T00:00:00Z,2024-06-08T02:00:00Z,25.64
Sweden,SWE,2024-06-08T01:00:00Z,2024-06-08T03:00:00Z,23.6
Sweden,SWE,2024-06-08T02:00:00Z,2024-06-08T04:00:00Z,22.64
Sweden,SWE,2024-06-08T03:00:00Z,2024-06-08T05:00:00Z,22.7
Sweden,SWE,2024-06-08T04:00:00Z,2024-06-08T06:00:00Z,26.58
Sweden,SWE,2024-06-08T05:00:00Z,2024-06-08T07:00:00Z,29.97
Sweden,SWE,2024-06-08T06:00:00Z,2024-06-08T08:00:00Z,30.75
Sweden,SWE,2024-06-08T07:00:00Z,2024-06-08T09:00:00Z,15.1
Sweden,SWE,2024-06-08T08:00:00Z,2024-06-08T10:00:00Z,1.51
Sweden,SWE,2024-06-08T09:00:00Z,2024-06-08T11:00:00Z,-2.2
Sweden,SWE,2024-06-08T10:00:00Z,2024-06-08T12:00:00Z,-6
Sweden,SWE,2024-06-08T11:00:00Z,2024-06-08T13:00:00Z,-13.88
Sweden,SWE,2024-06-08T12:00:00Z,2024-06-08T14:00:00Z,-14.63
Sweden,SWE,2024-06-08T13:00:00Z,2024-06-08T15:00:00Z,-13.5
Sweden,SWE,2024-06-08T14:00:00Z,2024-06-08T16:00:00Z,-2.54
Sweden,SWE,2024-06-08T15:00:00Z,2024-06-08T17:00:00Z,14.35
Sweden,SWE,2024-06-08T16:00:00Z,2024-06-08T18:00:00Z,27.01
Sweden,SWE,2024-06-08T17:00:00Z,2024-06-08T19:00:00Z,30.54
Sweden,SWE,2024-06-08T18:00:00Z,2024-06-08T20:00:00Z,27.14
Sweden,SWE,2024-06-08T19:00:00Z,2024-06-08T21:00:00Z,23.97
Sweden,SWE,2024-06-08T20:00:00Z,2024-06-08T22:00:00Z,22.08
Sweden,SWE,2024-06-08T21:00:00Z,2024-06-08T23:00:00Z,18.13
Sweden,SWE,2024-06-08T22:00:00Z,2024-06-09T00:00:00Z,15.33
Sweden,SWE,2024-06-08T23:00:00Z,2024-06-09T01:00:00Z,12.95
Sweden,SWE,2024-06-09T00:00:00Z,2024-06-09T02:00:00Z,9.03
Sweden,SWE,2024-06-09T01:00:00Z,2024-06-09T03:00:00Z,4.99
Sweden,SWE,2024-06-09T02:00:00Z,2024-06-09T04:00:00Z,4.09
Sweden,SWE,2024-06-09T03:00:00Z,2024-06-09T05:00:00Z,1.87
Sweden,SWE,2024-06-09T04:00:00Z,2024-06-09T06:00:00Z,0.72
Sweden,SWE,2024-06-09T05:00:00Z,2024-06-09T07:00:00Z,0.78
Sweden,SWE,2024-06-09T06:00:00Z,2024-06-09T08:00:00Z,-0.13
Sweden,SWE,2024-06-09T07:00:00Z,2024-06-09T09:00:00Z,-2.01
Sweden,SWE,2024-06-09T08:00:00Z,2024-06-09T10:00:00Z,-7.6
Sweden,SWE,2024-06-09T09:00:00Z,2024-06-09T11:00:00Z,-15
Sweden,SWE,2024-06-09T10:00:00Z,2024-06-09T12:00:00Z,-24.77
Sweden,SWE,2024-06-09T11:00:00Z,2024-06-09T13:00:00Z,-32.69
Sweden,SWE,2024-06-09T12:00:00Z,2024-06-09T14:00:00Z,-37.13
Sweden,SWE,2024-06-09T13:00:00Z,2024-06-09T15:00:00Z,-28.68
Sweden,SWE,2024-06-09T14:00:00Z,2024-06-09T16:00:00Z,-4.99
Sweden,SWE,2024-06-09T15:00:00Z,2024-06-09T17:00:00Z,-0.59
Sweden,SWE,2024-06-09T16:00:00Z,2024-06-09T18:00:00Z,6.1
Sweden,SWE,2024-06-09T17:00:00Z,2024-06-09T19:00:00Z,13.02
Sweden,SWE,2024-06-09T18:00:00Z,2024-06-09T20:00:00Z,16.03
Sweden,SWE,2024-06-09T19:00:00Z,2024-06-09T21:00:00Z,17.45
Sweden,SWE,2024-06-09T20:00:00Z,2024-06-09T22:00:00Z,16.68
Sweden,SWE,2024-06-09T21:00:00Z,2024-06-09T23:00:00Z,15.82
Sweden,SWE,2024-06-09T22:00:00Z,2024-06-10T00:00:00Z,14.69
Sweden,SWE,2024-06-09T23:00:00Z,2024-06-10T01:00:00Z,12.81
Sweden,SWE,2024-06-10T00:00:00Z,2024-06-10T02:00:00Z,11.86
Sweden,SWE,2024-06-10T01:00:00Z,2024-06-10T03:00:00Z,12.03
Sweden,SWE,2024-06-10T02:00:00Z,2024-06-10T04:00:00Z,15.29
Sweden,SWE,2024-06-10T03:00:00Z,2024-06-10T05:00:00Z,27.68
Sweden,SWE,2024-06-10T04:00:00Z,2024-06-10T06:00:00Z,32.62
Sweden,SWE,2024-06-10T05:00:00Z,2024-06-10T07:00:00Z,34.33
Sweden,SWE,2024-06-10T06:00:00Z,2024-06-10T08:00:00Z,35.13
Sweden,SWE,2024-06-10T07:00:00Z,2024-06-10T09:00:00Z,37.93
Sweden,SWE,2024-06-10T08:00:00Z,2024-06-10T10:00:00Z,35.26
Sweden,SWE,2024-06-10T09:00:00Z,2024-06-10T11:00:00Z,33.05
Sweden,SWE,2024-06-10T10:00:00Z,2024-06-10T12:00:00Z,32.32
Sweden,SWE,2024-06-10T11:00:00Z,2024-06-10T13:00:00Z,32.03
Sweden,SWE,2024-06-10T12:00:00Z,2024-06-10T14:00:00Z,32
Sweden,SWE,2024-06-10T13:00:00Z,2024-06-10T15:00:00Z,31.83
Sweden,SWE,2024-06-10T14:00:00Z,2024-06-10T16:00:00Z,31.88
Sweden,SWE,2024-06-10T15:00:00Z,2024-06-10T17:00:00Z,32.85
Sweden,SWE,2024-06-10T16:00:00Z,2024-06-10T18:00:00Z,40.68
Sweden,SWE,2024-06-10T17:00:00Z,2024-06-10T19:00:00Z,47.9
Sweden,SWE,2024-06-10T18:00:00Z,2024-06-10T20:00:00Z,48.58
Sweden,SWE,2024-06-10T19:00:00Z,2024-06-10T21:00:00Z,46.44
Sweden,SWE,2024-06-10T20:00:00Z,2024-06-10T22:00:00Z,43.17
Sweden,SWE,2024-06-10T21:00:00Z,2024-06-10T23:00:00Z,35.71
Sweden,SWE,2024-06-10T22:00:00Z,2024-06-11T00:00:00Z,35.32
Sweden,SWE,2024-06-10T23:00:00Z,2024-06-11T01:00:00Z,34.34
Sweden,SWE,2024-06-11T00:00:00Z,2024-06-11T02:00:00Z,35.21
Sweden,SWE,2024-06-11T01:00:00Z,2024-06-11T03:00:00Z,34.36
Sweden,SWE,2024-06-11T02:00:00Z,2024-06-11T04:00:00Z,36.36
Sweden,SWE,2024-06-11T03:00:00Z,2024-06-11T05:00:00Z,41.23
Sweden,SWE,2024-06-11T04:00:00Z,2024-06-11T06:00:00Z,69.68
Sweden,SWE,2024-06-11T05:00:00Z,2024-06-11T07:00:00Z,89.35
Sweden,SWE,2024-06-11T06:00:00Z,2024-06-11T08:00:00Z,82.3
Sweden,SWE,2024-06-11T07:00:00Z,2024-06-11T09:00:00Z,63.33
Sweden,SWE,2024-06-11T08:00:00Z,2024-06-11T10:00:00Z,48.5
Sweden,SWE,2024-06-11T09:00:00Z,2024-06-11T11:00:00Z,32.96
Sweden,SWE,2024-06-11T10:00:00Z,2024-06-11T12:00:00Z,29.49
Sweden,SWE,2024-06-11T11:00:00Z,2024-06-11T13:00:00Z,21.67
Sweden,SWE,2024-06-11T12:00:00Z,2024-06-11T14:00:00Z,25.04
Sweden,SWE,2024-06-11T13:00:00Z,2024-06-11T15:00:00Z,27.14
Sweden,SWE,2024-06-11T14:00:00Z,2024-06-11T16:00:00Z,31.19
Sweden,SWE,2024-06-11T15:00:00Z,2024-06-11T17:00:00Z,37.97
Sweden,SWE,2024-06-11T16:00:00Z,2024-06-11T18:00:00Z,65.31
Sweden,SWE,2024-06-11T17:00:00Z,2024-06-11T19:00:00Z,86.02
Sweden,SWE,2024-06-11T18:00:00Z,2024-06-11T20:00:00Z,104.11
Sweden,SWE,2024-06-11T19:00:00Z,2024-06-11T21:00:00Z,101.34
Sweden,SWE,2024-06-11T20:00:00Z,2024-06-11T22:00:00Z,86.17
Sweden,SWE,2024-06-11T21:00:00Z,2024-06-11T23:00:00Z,45.34
Sweden,SWE,2024-06-11T22:00:00Z,2024-06-12T00:00:00Z,40.7
Sweden,SWE,2024-06-11T23:00:00Z,2024-06-12T01:00:00Z,39.37
Sweden,SWE,2024-06-12T00:00:00Z,2024-06-12T02:00:00Z,36.75
Sweden,SWE,2024-06-12T01:00:00Z,2024-06-12T03:00:00Z,37.07
Sweden,SWE,2024-06-12T02:00:00Z,2024-06-12T04:00:00Z,37.01
Sweden,SWE,2024-06-12T03:00:00Z,2024-06-12T05:00:00Z,40.3
Sweden,SWE,2024-06-12T04:00:00Z,2024-06-12T06:00:00Z,43.86
Sweden,SWE,2024-06-12T05:00:00Z,2024-06-12T07:00:00Z,100.72
Sweden,SWE,2024-06-12T06:00:00Z,2024-06-12T08:00:00Z,90.78
Sweden,SWE,2024-06-12T07:00:00Z,2024-06-12T09:00:00Z,64.31
Sweden,SWE,2024-06-12T08:00:00Z,2024-06-12T10:00:00Z,49.52
Sweden,SWE,2024-06-12T09:00:00Z,2024-06-12T11:00:00Z,45.14
Sweden,SWE,2024-06-12T10:00:00Z,2024-06-12T12:00:00Z,40.94
Sweden,SWE,2024-06-12T11:00:00Z,2024-06-12T13:00:00Z,39.46
Sweden,SWE,2024-06-12T12:00:00Z,2024-06-12T14:00:00Z,38.73
Sweden,SWE,2024-06-12T13:00:00Z,2024-06-12T15:00:00Z,41.4
Sweden,SWE,2024-06-12T14:00:00Z,2024-06-12T16:00:00Z,44.11
Sweden,SWE,2024-06-12T15:00:00Z,2024-06-12T17:00:00Z,44.9
Sweden,SWE,2024-06-12T16:00:00Z,2024-06-12T18:00:00Z,46.21
Sweden,SWE,2024-06-12T17:00:00Z,2024-06-12T19:00:00Z,46.7
Sweden,SWE,2024-06-12T18:00:00Z,2024-06-12T20:00:00Z,45.63
Sweden,SWE,2024-06-12T19:00:00Z,2024-06-12T21:00:00Z,45.47
Sweden,SWE,2024-06-12T20:00:00Z,2024-06-12T22:00:00Z,43.4
Sweden,SWE,2024-06-12T21:00:00Z,2024-06-12T23:00:00Z,41.19
Sweden,SWE,2024-06-12T22:00:00Z,2024-06-13T00:00:00Z,41
Sweden,SWE,2024-06-12T23:00:00Z,2024-06-13T01:00:00Z,40.52
Sweden,SWE,2024-06-13T00:00:00Z,2024-06-13T02:00:00Z,40.1
Sweden,SWE,2024-06-13T01:00:00Z,2024-06-13T03:00:00Z,40.19
Sweden,SWE,2024-06-13T02:00:00Z,2024-06-13T04:00:00Z,39.93
Sweden,SWE,2024-06-13T03:00:00Z,2024-06-13T05:00:00Z,41.08
Sweden,SWE,2024-06-13T04:00:00Z,2024-06-13T06:00:00Z,43.95
Sweden,SWE,2024-06-13T05:00:00Z,2024-06-13T07:00:00Z,81.56
Sweden,SWE,2024-06-13T06:00:00Z,2024-06-13T08:00:00Z,96.3
Sweden,SWE,2024-06-13T07:00:00Z,2024-06-13T09:00:00Z,68.82
Sweden,SWE,2024-06-13T08:00:00Z,2024-06-13T10:00:00Z,55.13
Sweden,SWE,2024-06-13T09:00:00Z,2024-06-13T11:00:00Z,48.26
Sweden,SWE,2024-06-13T10:00:00Z,2024-06-13T12:00:00Z,44.15
Sweden,SWE,2024-06-13T11:00:00Z,2024-06-13T13:00:00Z,42.62
Sweden,SWE,2024-06-13T12:00:00Z,2024-06-13T14:00:00Z,42
Sweden,SWE,2024-06-13T13:00:00Z,2024-06-13T15:00:00Z,44.06
Sweden,SWE,2024-06-13T14:00:00Z,2024-06-13T16:00:00Z,42.99
Sweden,SWE,2024-06-13T15:00:00Z,2024-06-13T17:00:00Z,43.3
Sweden,SWE,2024-06-13T16:00:00Z,2024-06-13T18:00:00Z,52.51
Sweden,SWE,2024-06-13T17:00:00Z,2024-06-13T19:00:00Z,61.5
Sweden,SWE,2024-06-13T18:00:00Z,2024-06-13T20:00:00Z,67.64
Sweden,SWE,2024-06-13T19:00:00Z,2024-06-13T21:00:00Z,62.5
Sweden,SWE,2024-06-13T20:00:00Z,2024-06-13T22:00:00Z,48.48
Sweden,SWE,2024-06-13T21:00:00Z,2024-06-13T23:00:00Z,40.43
Sweden,SWE,2024-06-13T22:00:00Z,2024-06-14T00:00:00Z,34.07
Sweden,SWE,2024-06-13T23:00:00Z,2024-06-14T01:00:00Z,33.56
Sweden,SWE,2024-06-14T00:00:00Z,2024-06-14T02:00:00Z,33.1
Sweden,SWE,2024-06-14T01:00:00Z,2024-06-14T03:00:00Z,32.92
Sweden,SWE,2024-06-14T02:00:00Z,2024-06-14T04:00:00Z,33.26
Sweden,SWE,2024-06-14T03:00:00Z,2024-06-14T05:00:00Z,35.74
Sweden,SWE,2024-06-14T04:00:00Z,2024-06-14T06:00:00Z,39.35
Sweden,SWE,2024-06-14T05:00:00Z,2024-06-14T07:00:00Z,42.68
Sweden,SWE,2024-06-14T06:00:00Z,2024-06-14T08:00:00Z,43.6
Sweden,SWE,2024-06-14T07:00:00Z,2024-06-14T09:00:00Z,42.82
Sweden,SWE,2024-06-14T08:00:00Z,2024-06-14T10:00:00Z,42.42
Sweden,SWE,2024-06-14T09:00:00Z,2024-06-14T11:00:00Z,41.7
Sweden,SWE,2024-06-14T10:00:00Z,2024-06-14T12:00:00Z,40.96
Sweden,SWE,2024-06-14T11:00:00Z,2024-06-14T13:00:00Z,39.37
Sweden,SWE,2024-06-14T12:00:00Z,2024-06-14T14:00:00Z,36.55
Sweden,SWE,2024-06-14T13:00:00Z,2024-06-14T15:00:00Z,36.95
Sweden,SWE,2024-06-14T14:00:00Z,2024-06-14T16:00:00Z,39.25
Sweden,SWE,2024-06-14T15:00:00Z,2024-06-14T17:00:00Z,39.5
Sweden,SWE,2024-06-14T16:00:00Z,2024-06-14T18:00:00Z,39.58
Sweden,SWE,2024-06-14T17:00:00Z,2024-06-14T19:00:00Z,39.54
Sweden,SWE,2024-06-14T18:00:00Z,2024-06-14T20:00:00Z,38.42
Sweden,SWE,2024-06-14T19:00:00Z,2024-06-14T21:00:00Z,37.3
Sweden,SWE,2024-06-14T20:00:00Z,2024-06-14T22:00:00Z,34.64
Sweden,SWE,2024-06-14T21:00:00Z,2024-06-14T23:00:00Z,31.03
Sweden,SWE,2024-06-14T22:00:00Z,2024-06-15T00:00:00Z,34.13
Sweden,SWE,2024-06-14T23:00:00Z,2024-06-15T01:00:00Z,32.79
Sweden,SWE,2024-06-15T00:00:00Z,2024-06-15T02:00:00Z,29.97
Sweden,SWE,2024-06-15T01:00:00Z,2024-06-15T03:00:00Z,28.86
Sweden,SWE,2024-06-15T02:00:00Z,2024-06-15T04:00:00Z,22.51
Sweden,SWE,2024-06-15T03:00:00Z,2024-06-15T05:00:00Z,10.04
Sweden,SWE,2024-06-15T04:00:00Z,2024-06-15T06:00:00Z,1.79
Sweden,SWE,2024-06-15T05:00:00Z,2024-06-15T07:00:00Z,0.24
Sweden,SWE,2024-06-15T06:00:00Z,2024-06-15T08:00:00Z,0
Sweden,SWE,2024-06-15T07:00:00Z,2024-06-15T09:00:00Z,-0.05
Sweden,SWE,2024-06-15T08:00:00Z,2024-06-15T10:00:00Z,-0.03
Sweden,SWE,2024-06-15T09:00:00Z,2024-06-15T11:00:00Z,-0.05
Sweden,SWE,2024-06-15T10:00:00Z,2024-06-15T12:00:00Z,-0.22
Sweden,SWE,2024-06-15T11:00:00Z,2024-06-15T13:00:00Z,-0.64
Sweden,SWE,2024-06-15T12:00:00Z,2024-06-15T14:00:00Z,-0.95
Sweden,SWE,2024-06-15T13:00:00Z,2024-06-15T15:00:00Z,-0.02
Sweden,SWE,2024-06-15T14:00:00Z,2024-06-15T16:00:00Z,1.19
Sweden,SWE,2024-06-15T15:00:00Z,2024-06-15T17:00:00Z,9.47
Sweden,SWE,2024-06-15T16:00:00Z,2024-06-15T18:00:00Z,15.53
Sweden,SWE,2024-06-15T17:00:00Z,2024-06-15T19:00:00Z,31.95
Sweden,SWE,2024-06-15T18:00:00Z,2024-06-15T20:00:00Z,34.01
Sweden,SWE,2024-06-15T19:00:00Z,2024-06-15T21:00:00Z,39.21
Sweden,SWE,2024-06-15T20:00:00Z,2024-06-15T22:00:00Z,33.2
Sweden,SWE,2024-06-15T21:00:00Z,2024-06-15T23:00:00Z,27.71
Sweden,SWE,2024-06-15T22:00:00Z,2024-06-16T00:00:00Z,24.31
Sweden,SWE,2024-06-15T23:00:00Z,2024-06-16T01:00:00Z,10.36
Sweden,SWE,2024-06-16T00:00:00Z,2024-06-16T02:00:00Z,4.92
Sweden,SWE,2024-06-16T01:00:00Z,2024-06-16T03:00:00Z,2.92
Sweden,SWE,2024-06-16T02:00:00Z,2024-06-16T04:00:00Z,2.19
Sweden,SWE,2024-06-16T03:00:00Z,2024-06-16T05:00:00Z,2.53
Sweden,SWE,2024-06-16T04:00:00Z,2024-06-16T06:00:00Z,2.95
Sweden,SWE,2024-06-16T05:00:00Z,2024-06-16T07:00:00Z,0.69
Sweden,SWE,2024-06-16T06:00:00Z,2024-06-16T08:00:00Z,-0.02
Sweden,SWE,2024-06-16T07:00:00Z,2024-06-16T09:00:00Z,-0.8
Sweden,SWE,2024-06-16T08:00:00Z,2024-06-16T10:00:00Z,-0.58
Sweden,SWE,2024-06-16T09:00:00Z,2024-06-16T11:00:00Z,-0.59
Sweden,SWE,2024-06-16T10:00:00Z,2024-06-16T12:00:00Z,-0.89
Sweden,SWE,2024-06-16T11:00:00Z,2024-06-16T13:00:00Z,-0.8
Sweden,SWE,2024-06-16T12:00:00Z,2024-06-16T14:00:00Z,-0.11
Sweden,SWE,2024-06-16T13:00:00Z,2024-06-16T15:00:00Z,0
Sweden,SWE,2024-06-16T14:00:00Z,2024-06-16T16:00:00Z,6.7
Sweden,SWE,2024-06-16T15:00:00Z,2024-06-16T17:00:00Z,24.19
Sweden,SWE,2024-06-16T16:00:00Z,2024-06-16T18:00:00Z,34.84
Sweden,SWE,2024-06-16T17:00:00Z,2024-06-16T19:00:00Z,47.31
Sweden,SWE,2024-06-16T18:00:00Z,2024-06-16T20:00:00Z,50.42
Sweden,SWE,2024-06-16T19:00:00Z,2024-06-16T21:00:00Z,50.32
Sweden,SWE,2024-06-16T20:00:00Z,2024-06-16T22:00:00Z,49.17
Sweden,SWE,2024-06-16T21:00:00Z,2024-06-16T23:00:00Z,43.21
Sweden,SWE,2024-06-16T22:00:00Z,2024-06-17T00:00:00Z,38.92
Sweden,SWE,2024-06-16T23:00:00Z,2024-06-17T01:00:00Z,37.24
Sweden,SWE,2024-06-17T00:00:00Z,2024-06-17T02:00:00Z,37.53
Sweden,SWE,2024-06-17T01:00:00Z,2024-06-17T03:00:00Z,38.22
Sweden,SWE,2024-06-17T02:00:00Z,2024-06-17T04:00:00Z,39.05
Sweden,SWE,2024-06-17T03:00:00Z,2024-06-17T05:00:00Z,43.91
Sweden,SWE,2024-06-17T04:00:00Z,2024-06-17T06:00:00Z,52.82
Sweden,SWE,2024-06-17T05:00:00Z,2024-06-17T07:00:00Z,76.3
Sweden,SWE,2024-06-17T06:00:00Z,2024-06-17T08:00:00Z,95.35
Sweden,SWE,2024-06-17T07:00:00Z,2024-06-17T09:00:00Z,75.53
Sweden,SWE,2024-06-17T08:00:00Z,2024-06-17T10:00:00Z,57.38
Sweden,SWE,2024-06-17T09:00:00Z,2024-06-17T11:00:00Z,47.52
Sweden,SWE,2024-06-17T10:00:00Z,2024-06-17T12:00:00Z,40.8
Sweden,SWE,2024-06-17T11:00:00Z,2024-06-17T13:00:00Z,39.45
Sweden,SWE,2024-06-17T12:00:00Z,2024-06-17T14:00:00Z,41.22
Sweden,SWE,2024-06-17T13:00:00Z,2024-06-17T15:00:00Z,45.51
Sweden,SWE,2024-06-17T14:00:00Z,2024-06-17T16:00:00Z,52.09
Sweden,SWE,2024-06-17T15:00:00Z,2024-06-17T17:00:00Z,73.65
Sweden,SWE,2024-06-17T16:00:00Z,2024-06-17T18:00:00Z,94.15
Sweden,SWE,2024-06-17T17:00:00Z,2024-06-17T19:00:00Z,120.67
Sweden,SWE,2024-06-17T18:00:00Z,2024-06-17T20:00:00Z,74.73
Sweden,SWE,2024-06-17T19:00:00Z,2024-06-17T21:00:00Z,68.48
Sweden,SWE,2024-06-17T20:00:00Z,2024-06-17T22:00:00Z,54.37
Sweden,SWE,2024-06-17T21:00:00Z,2024-06-17T23:00:00Z,47.33
Sweden,SWE,2024-06-17T22:00:00Z,2024-06-18T00:00:00Z,45.51
Sweden,SWE,2024-06-17T23:00:00Z,2024-06-18T01:00:00Z,43.96
Sweden,SWE,2024-06-18T00:00:00Z,2024-06-18T02:00:00Z,43.55
Sweden,SWE,2024-06-18T01:00:00Z,2024-06-18T03:00:00Z,43.68
Sweden,SWE,2024-06-18T02:00:00Z,2024-06-18T04:00:00Z,44.18
Sweden,SWE,2024-06-18T03:00:00Z,2024-06-18T05:00:00Z,47.73
Sweden,SWE,2024-06-18T04:00:00Z,2024-06-18T06:00:00Z,57.86
Sweden,SWE,2024-06-18T05:00:00Z,2024-06-18T07:00:00Z,110.93
Sweden,SWE,2024-06-18T06:00:00Z,2024-06-18T08:00:00Z,84.12
Sweden,SWE,2024-06-18T07:00:00Z,2024-06-18T09:00:00Z,69.64
Sweden,SWE,2024-06-18T08:00:00Z,2024-06-18T10:00:00Z,57.22
Sweden,SWE,2024-06-18T09:00:00Z,2024-06-18T11:00:00Z,44.62
Sweden,SWE,2024-06-18T10:00:00Z,2024-06-18T12:00:00Z,43.72
Sweden,SWE,2024-06-18T11:00:00Z,2024-06-18T13:00:00Z,39.83
Sweden,SWE,2024-06-18T12:00:00Z,2024-06-18T14:00:00Z,39.26
Sweden,SWE,2024-06-18T13:00:00Z,2024-06-18T15:00:00Z,38.5
Sweden,SWE,2024-06-18T14:00:00Z,2024-06-18T16:00:00Z,39.72
Sweden,SWE,2024-06-18T15:00:00Z,2024-06-18T17:00:00Z,47.06
Sweden,SWE,2024-06-18T16:00:00Z,2024-06-18T18:00:00Z,54.75
Sweden,SWE,2024-06-18T17:00:00Z,2024-06-18T19:00:00Z,59.49
Sweden,SWE,2024-06-18T18:00:00Z,2024-06-18T20:00:00Z,61.71
Sweden,SWE,2024-06-18T19:00:00Z,2024-06-18T21:00:00Z,53.42
Sweden,SWE,2024-06-18T20:00:00Z,2024-06-18T22:00:00Z,45.64
Sweden,SWE,2024-06-18T21:00:00Z,2024-06-18T23:00:00Z,40.21
Sweden,SWE,2024-06-18T22:00:00Z,2024-06-19T00:00:00Z,38.8
Sweden,SWE,2024-06-18T23:00:00Z,2024-06-19T01:00:00Z,35.68
Sweden,SWE,2024-06-19T00:00:00Z,2024-06-19T02:00:00Z,34
Sweden,SWE,2024-06-19T01:00:00Z,2024-06-19T03:00:00Z,32.42
Sweden,SWE,2024-06-19T02:00:00Z,2024-06-19T04:00:00Z,31.99
Sweden,SWE,2024-06-19T03:00:00Z,2024-06-19T05:00:00Z,35.22
Sweden,SWE,2024-06-19T04:00:00Z,2024-06-19T06:00:00Z,46.92
Sweden,SWE,2024-06-19T05:00:00Z,2024-06-19T07:00:00Z,93.86
Sweden,SWE,2024-06-19T06:00:00Z,2024-06-19T08:00:00Z,88.46
Sweden,SWE,2024-06-19T07:00:00Z,2024-06-19T09:00:00Z,69.88
Sweden,SWE,2024-06-19T08:00:00Z,2024-06-19T10:00:00Z,53.14
Sweden,SWE,2024-06-19T09:00:00Z,2024-06-19T11:00:00Z,39.66
Sweden,SWE,2024-06-19T10:00:00Z,2024-06-19T12:00:00Z,31.82
Sweden,SWE,2024-06-19T11:00:00Z,2024-06-19T13:00:00Z,26.94
Sweden,SWE,2024-06-19T12:00:00Z,2024-06-19T14:00:00Z,21.87
Sweden,SWE,2024-06-19T13:00:00Z,2024-06-19T15:00:00Z,18.95
Sweden,SWE,2024-06-19T14:00:00Z,2024-06-19T16:00:00Z,21.58
Sweden,SWE,2024-06-19T15:00:00Z,2024-06-19T17:00:00Z,28.24
Sweden,SWE,2024-06-19T16:00:00Z,2024-06-19T18:00:00Z,33.83
Sweden,SWE,2024-06-19T17:00:00Z,2024-06-19T19:00:00Z,34.85
Sweden,SWE,2024-06-19T18:00:00Z,2024-06-19T20:00:00Z,36.15
Sweden,SWE,2024-06-19T19:00:00Z,2024-06-19T21:00:00Z,21.57
Sweden,SWE,2024-06-19T20:00:00Z,2024-06-19T22:00:00Z,15.83
Sweden,SWE,2024-06-19T21:00:00Z,2024-06-19T23:00:00Z,4.47
Sweden,SWE,2024-06-19T22:00:00Z,2024-06-20T00:00:00Z,5.15
Sweden,SWE,2024-06-19T23:00:00Z,2024-06-20T01:00:00Z,5.82
Sweden,SWE,2024-06-20T00:00:00Z,2024-06-20T02:00:00Z,8.18
Sweden,SWE,2024-06-20T01:00:00Z,2024-06-20T03:00:00Z,10.64
Sweden,SWE,2024-06-20T02:00:00Z,2024-06-20T04:00:00Z,10.59
Sweden,SWE,2024-06-20T03:00:00Z,2024-06-20T05:00:00Z,11.73
Sweden,SWE,2024-06-20T04:00:00Z,2024-06-20T06:00:00Z,32.28
Sweden,SWE,2024-06-20T05:00:00Z,2024-06-20T07:00:00Z,35.19
Sweden,SWE,2024-06-20T06:00:00Z,2024-06-20T08:00:00Z,36.86
Sweden,SWE,2024-06-20T07:00:00Z,2024-06-20T09:00:00Z,28.52
Sweden,SWE,2024-06-20T08:00:00Z,2024-06-20T10:00:00Z,21.44
Sweden,SWE,2024-06-20T09:00:00Z,2024-06-20T11:00:00Z,13.18
Sweden,SWE,2024-06-20T10:00:00Z,2024-06-20T12:00:00Z,9.52
Sweden,SWE,2024-06-20T11:00:00Z,2024-06-20T13:00:00Z,6.67
Sweden,SWE,2024-06-20T12:00:00Z,2024-06-20T14:00:00Z,8.27
Sweden,SWE,2024-06-20T13:00:00Z,2024-06-20T15:00:00Z,12.85
Sweden,SWE,2024-06-20T14:00:00Z,2024-06-20T16:00:00Z,14.86
Sweden,SWE,2024-06-20T15:00:00Z,2024-06-20T17:00:00Z,17.44
Sweden,SWE,2024-06-20T16:00:00Z,2024-06-20T18:00:00Z,22.71
Sweden,SWE,2024-06-20T17:00:00Z,2024-06-20T19:00:00Z,29.53
Sweden,SWE,2024-06-20T18:00:00Z,2024-06-20T20:00:00Z,36.69
Sweden,SWE,2024-06-20T19:00:00Z,2024-06-20T21:00:00Z,23.08
Sweden,SWE,2024-06-20T20:00:00Z,2024-06-20T22:00:00Z,18.49
Sweden,SWE,2024-06-20T21:00:00Z,2024-06-20T23:00:00Z,14.61
Sweden,SWE,2024-06-20T22:00:00Z,2024-06-21T00:00:00Z,0
Sweden,SWE,2024-06-20T23:00:00Z,2024-06-21T01:00:00Z,0.25
Sweden,SWE,2024-06-21T00:00:00Z,2024-06-21T02:00:00Z,0.4
Sweden,SWE,2024-06-21T01:00:00Z,2024-06-21T03:00:00Z,1.3
Sweden,SWE,2024-06-21T02:00:00Z,2024-06-21T04:00:00Z,2.56
Sweden,SWE,2024-06-21T03:00:00Z,2024-06-21T05:00:00Z,4.09
Sweden,SWE,2024-06-21T04:00:00Z,2024-06-21T06:00:00Z,4.19
Sweden,SWE,2024-06-21T05:00:00Z,2024-06-21T07:00:00Z,7.4
Sweden,SWE,2024-06-21T06:00:00Z,2024-06-21T08:00:00Z,15.23
Sweden,SWE,2024-06-21T07:00:00Z,2024-06-21T09:00:00Z,20.34
Sweden,SWE,2024-06-21T08:00:00Z,2024-06-21T10:00:00Z,24.96
Sweden,SWE,2024-06-21T09:00:00Z,2024-06-21T11:00:00Z,20.52
Sweden,SWE,2024-06-21T10:00:00Z,2024-06-21T12:00:00Z,21.48
Sweden,SWE,2024-06-21T11:00:00Z,2024-06-21T13:00:00Z,16.8
Sweden,SWE,2024-06-21T12:00:00Z,2024-06-21T14:00:00Z,29.63
Sweden,SWE,2024-06-21T13:00:00Z,2024-06-21T15:00:00Z,31.39
Sweden,SWE,2024-06-21T14:00:00Z,2024-06-21T16:00:00Z,35.57
Sweden,SWE,2024-06-21T15:00:00Z,2024-06-21T17:00:00Z,40.6
Sweden,SWE,2024-06-21T16:00:00Z,2024-06-21T18:00:00Z,45.87
Sweden,SWE,2024-06-21T17:00:00Z,2024-06-21T19:00:00Z,47.54
Sweden,SWE,2024-06-21T18:00:00Z,2024-06-21T20:00:00Z,47.28
Sweden,SWE,2024-06-21T19:00:00Z,2024-06-21T21:00:00Z,44.05
Sweden,SWE,2024-06-21T20:00:00Z,2024-06-21T22:00:00Z,38.65
Sweden,SWE,2024-06-21T21:00:00Z,2024-06-21T23:00:00Z,30.11
Sweden,SWE,2024-06-21T22:00:00Z,2024-06-22T00:00:00Z,40.26
Sweden,SWE,2024-06-21T23:00:00Z,2024-06-22T01:00:00Z,33.09
Sweden,SWE,2024-06-22T00:00:00Z,2024-06-22T02:00:00Z,31.83
Sweden,SWE,2024-06-22T01:00:00Z,2024-06-22T03:00:00Z,31.58
Sweden,SWE,2024-06-22T02:00:00Z,2024-06-22T04:00:00Z,30.59
Sweden,SWE,2024-06-22T03:00:00Z,2024-06-22T05:00:00Z,29.49
Sweden,SWE,2024-06-22T04:00:00Z,2024-06-22T06:00:00Z,32.03
Sweden,SWE,2024-06-22T05:00:00Z,2024-06-22T07:00:00Z,34.75
Sweden,SWE,2024-06-22T06:00:00Z,2024-06-22T08:00:00Z,35.59
Sweden,SWE,2024-06-22T07:00:00Z,2024-06-22T09:00:00Z,34.34
Sweden,SWE,2024-06-22T08:00:00Z,2024-06-22T10:00:00Z,12.85
Sweden,SWE,2024-06-22T09:00:00Z,2024-06-22T11:00:00Z,3.69
Sweden,SWE,2024-06-22T10:00:00Z,2024-06-22T12:00:00Z,2.72
Sweden,SWE,2024-06-22T11:00:00Z,2024-06-22T13:00:00Z,0.1
Sweden,SWE,2024-06-22T12:00:00Z,2024-06-22T14:00:00Z,0.22
Sweden,SWE,2024-06-22T13:00:00Z,2024-06-22T15:00:00Z,3.7
Sweden,SWE,2024-06-22T14:00:00Z,2024-06-22T16:00:00Z,11.74
Sweden,SWE,2024-06-22T15:00:00Z,2024-06-22T17:00:00Z,35.08
Sweden,SWE,2024-06-22T16:00:00Z,2024-06-22T18:00:00Z,43.21
Sweden,SWE,2024-06-22T17:00:00Z,2024-06-22T19:00:00Z,47.5
Sweden,SWE,2024-06-22T18:00:00Z,2024-06-22T20:00:00Z,45.58
Sweden,SWE,2024-06-22T19:00:00Z,2024-06-22T21:00:00Z,34.42
Sweden,SWE,2024-06-22T20:00:00Z,2024-06-22T22:00:00Z,30.49
Sweden,SWE,2024-06-22T21:00:00Z,2024-06-22T23:00:00Z,27.54
Sweden,SWE,2024-06-22T22:00:00Z,2024-06-23T00:00:00Z,30.89
Sweden,SWE,2024-06-22T23:00:00Z,2024-06-23T01:00:00Z,30.19
Sweden,SWE,2024-06-23T00:00:00Z,2024-06-23T02:00:00Z,29.88
Sweden,SWE,2024-06-23T01:00:00Z,2024-06-23T03:00:00Z,29.72
Sweden,SWE,2024-06-23T02:00:00Z,2024-06-23T04:00:00Z,29.61
Sweden,SWE,2024-06-23T03:00:00Z,2024-06-23T05:00:00Z,29.22
Sweden,SWE,2024-06-23T04:00:00Z,2024-06-23T06:00:00Z,30.34
Sweden,SWE,2024-06-23T05:00:00Z,2024-06-23T07:00:00Z,34.99
Sweden,SWE,2024-06-23T06:00:00Z,2024-06-23T08:00:00Z,25.42
Sweden,SWE,2024-06-23T07:00:00Z,2024-06-23T09:00:00Z,9.94
Sweden,SWE,2024-06-23T08:00:00Z,2024-06-23T10:00:00Z,4.07
Sweden,SWE,2024-06-23T09:00:00Z,2024-06-23T11:00:00Z,1.6
Sweden,SWE,2024-06-23T10:00:00Z,2024-06-23T12:00:00Z,1.18
Sweden,SWE,2024-06-23T11:00:00Z,2024-06-23T13:00:00Z,0.44
Sweden,SWE,2024-06-23T12:00:00Z,2024-06-23T14:00:00Z,0.09
Sweden,SWE,2024-06-23T13:00:00Z,2024-06-23T15:00:00Z,1.74
Sweden,SWE,2024-06-23T14:00:00Z,2024-06-23T16:00:00Z,4.99
Sweden,SWE,2024-06-23T15:00:00Z,2024-06-23T17:00:00Z,25.73
Sweden,SWE,2024-06-23T16:00:00Z,2024-06-23T18:00:00Z,41.63
Sweden,SWE,2024-06-23T17:00:00Z,2024-06-23T19:00:00Z,46.1
Sweden,SWE,2024-06-23T18:00:00Z,2024-06-23T20:00:00Z,47.08
Sweden,SWE,2024-06-23T19:00:00Z,2024-06-23T21:00:00Z,44.93
Sweden,SWE,2024-06-23T20:00:00Z,2024-06-23T22:00:00Z,42.64
Sweden,SWE,2024-06-23T21:00:00Z,2024-06-23T23:00:00Z,38.97
Sweden,SWE,2024-06-23T22:00:00Z,2024-06-24T00:00:00Z,38.51
Sweden,SWE,2024-06-23T23:00:00Z,2024-06-24T01:00:00Z,34.61
Sweden,SWE,2024-06-24T00:00:00Z,2024-06-24T02:00:00Z,32.5
Sweden,SWE,2024-06-24T01:00:00Z,2024-06-24T03:00:00Z,31.29
Sweden,SWE,2024-06-24T02:00:00Z,2024-06-24T04:00:00Z,33
Sweden,SWE,2024-06-24T03:00:00Z,2024-06-24T05:00:00Z,38.02
Sweden,SWE,2024-06-24T04:00:00Z,2024-06-24T06:00:00Z,52.83
Sweden,SWE,2024-06-24T05:00:00Z,2024-06-24T07:00:00Z,54.03
Sweden,SWE,2024-06-24T06:00:00Z,2024-06-24T08:00:00Z,50.64
Sweden,SWE,2024-06-24T07:00:00Z,2024-06-24T09:00:00Z,45.89
Sweden,SWE,2024-06-24T08:00:00Z,2024-06-24T10:00:00Z,40.9
Sweden,SWE,2024-06-24T09:00:00Z,2024-06-24T11:00:00Z,36.74
Sweden,SWE,2024-06-24T10:00:00Z,2024-06-24T12:00:00Z,31.81
Sweden,SWE,2024-06-24T11:00:00Z,2024-06-24T13:00:00Z,29.96
Sweden,SWE,2024-06-24T12:00:00Z,2024-06-24T14:00:00Z,30.93
Sweden,SWE,2024-06-24T13:00:00Z,2024-06-24T15:00:00Z,38.46
Sweden,SWE,2024-06-24T14:00:00Z,2024-06-24T16:00:00Z,41.76
Sweden,SWE,2024-06-24T15:00:00Z,2024-06-24T17:00:00Z,44.76
Sweden,SWE,2024-06-24T16:00:00Z,2024-06-24T18:00:00Z,47.41
Sweden,SWE,2024-06-24T17:00:00Z,2024-06-24T19:00:00Z,56.69
Sweden,SWE,2024-06-24T18:00:00Z,2024-06-24T20:00:00Z,66.72
Sweden,SWE,2024-06-24T19:00:00Z,2024-06-24T21:00:00Z,57.58
Sweden,SWE,2024-06-24T20:00:00Z,2024-06-24T22:00:00Z,50.53
Sweden,SWE,2024-06-24T21:00:00Z,2024-06-24T23:00:00Z,45.21
Sweden,SWE,2024-06-24T22:00:00Z,2024-06-25T00:00:00Z,39.1
Sweden,SWE,2024-06-24T23:00:00Z,2024-06-25T01:00:00Z,37.78
Sweden,SWE,2024-06-25T00:00:00Z,2024-06-25T02:00:00Z,37.55
Sweden,SWE,2024-06-25T01:00:00Z,2024-06-25T03:00:00Z,37.42
Sweden,SWE,2024-06-25T02:00:00Z,2024-06-25T04:00:00Z,38.1
Sweden,SWE,2024-06-25T03:00:00Z,2024-06-25T05:00:00Z,41.94
Sweden,SWE,2024-06-25T04:00:00Z,2024-06-25T06:00:00Z,47.86
Sweden,SWE,2024-06-25T05:00:00Z,2024-06-25T07:00:00Z,51.14
Sweden,SWE,2024-06-25T06:00:00Z,2024-06-25T08:00:00Z,48.67
Sweden,SWE,2024-06-25T07:00:00Z,2024-06-25T09:00:00Z,42.93
Sweden,SWE,2024-06-25T08:00:00Z,2024-06-25T10:00:00Z,34.26
Sweden,SWE,2024-06-25T09:00:00Z,2024-06-25T11:00:00Z,28.38
Sweden,SWE,2024-06-25T10:00:00Z,2024-06-25T12:00:00Z,26.1
Sweden,SWE,2024-06-25T11:00:00Z,2024-06-25T13:00:00Z,22.08
Sweden,SWE,2024-06-25T12:00:00Z,2024-06-25T14:00:00Z,22.77
Sweden,SWE,2024-06-25T13:00:00Z,2024-06-25T15:00:00Z,25.95
Sweden,SWE,2024-06-25T14:00:00Z,2024-06-25T16:00:00Z,35.56
Sweden,SWE,2024-06-25T15:00:00Z,2024-06-25T17:00:00Z,41.16
Sweden,SWE,2024-06-25T16:00:00Z,2024-06-25T18:00:00Z,45.84
Sweden,SWE,2024-06-25T17:00:00Z,2024-06-25T19:00:00Z,51.31
Sweden,SWE,2024-06-25T18:00:00Z,2024-06-25T20:00:00Z,52.39
Sweden,SWE,2024-06-25T19:00:00Z,2024-06-25T21:00:00Z,49.33
Sweden,SWE,2024-06-25T20:00:00Z,2024-06-25T22:00:00Z,46.1
Sweden,SWE,2024-06-25T21:00:00Z,2024-06-25T23:00:00Z,42.51
Sweden,SWE,2024-06-25T22:00:00Z,2024-06-26T00:00:00Z,23.65
Sweden,SWE,2024-06-25T23:00:00Z,2024-06-26T01:00:00Z,20.51
Sweden,SWE,2024-06-26T00:00:00Z,2024-06-26T02:00:00Z,18.72
Sweden,SWE,2024-06-26T01:00:00Z,2024-06-26T03:00:00Z,17.32
Sweden,SWE,2024-06-26T02:00:00Z,2024-06-26T04:00:00Z,17.66
Sweden,SWE,2024-06-26T03:00:00Z,2024-06-26T05:00:00Z,24.29
Sweden,SWE,2024-06-26T04:00:00Z,2024-06-26T06:00:00Z,36.62
Sweden,SWE,2024-06-26T05:00:00Z,2024-06-26T07:00:00Z,42.17
Sweden,SWE,2024-06-26T06:00:00Z,2024-06-26T08:00:00Z,43.67
Sweden,SWE,2024-06-26T07:00:00Z,2024-06-26T09:00:00Z,39.35
Sweden,SWE,2024-06-26T08:00:00Z,2024-06-26T10:00:00Z,35.5
Sweden,SWE,2024-06-26T09:00:00Z,2024-06-26T11:00:00Z,34
Sweden,SWE,2024-06-26T10:00:00Z,2024-06-26T12:00:00Z,32.9
Sweden,SWE,2024-06-26T11:00:00Z,2024-06-26T13:00:00Z,32.64
Sweden,SWE,2024-06-26T12:00:00Z,2024-06-26T14:00:00Z,32.75
Sweden,SWE,2024-06-26T13:00:00Z,2024-06-26T15:00:00Z,32.65
Sweden,SWE,2024-06-26T14:00:00Z,2024-06-26T16:00:00Z,33.93
Sweden,SWE,2024-06-26T15:00:00Z,2024-06-26T17:00:00Z,37.76
Sweden,SWE,2024-06-26T16:00:00Z,2024-06-26T18:00:00Z,45.07
Sweden,SWE,2024-06-26T17:00:00Z,2024-06-26T19:00:00Z,44.2
Sweden,SWE,2024-06-26T18:00:00Z,2024-06-26T20:00:00Z,47.56
Sweden,SWE,2024-06-26T19:00:00Z,2024-06-26T21:00:00Z,45.03
Sweden,SWE,2024-06-26T20:00:00Z,2024-06-26T22:00:00Z,41.74
Sweden,SWE,2024-06-26T21:00:00Z,2024-06-26T23:00:00Z,35.55
Sweden,SWE,2024-06-26T22:00:00Z,2024-06-27T00:00:00Z,39.9
Sweden,SWE,2024-06-26T23:00:00Z,2024-06-27T01:00:00Z,37.37
Sweden,SWE,2024-06-27T00:00:00Z,2024-06-27T02:00:00Z,35.41
Sweden,SWE,2024-06-27T01:00:00Z,2024-06-27T03:00:00Z,35.24
Sweden,SWE,2024-06-27T02:00:00Z,2024-06-27T04:00:00Z,35.09
Sweden,SWE,2024-06-27T03:00:00Z,2024-06-27T05:00:00Z,36.41
Sweden,SWE,2024-06-27T04:00:00Z,2024-06-27T06:00:00Z,44.41
Sweden,SWE,2024-06-27T05:00:00Z,2024-06-27T07:00:00Z,49.37
Sweden,SWE,2024-06-27T06:00:00Z,2024-06-27T08:00:00Z,49.42
Sweden,SWE,2024-06-27T07:00:00Z,2024-06-27T09:00:00Z,44.13
Sweden,SWE,2024-06-27T08:00:00Z,2024-06-27T10:00:00Z,35.83
Sweden,SWE,2024-06-27T09:00:00Z,2024-06-27T11:00:00Z,29.46
Sweden,SWE,2024-06-27T10:00:00Z,2024-06-27T12:00:00Z,29.71
Sweden,SWE,2024-06-27T11:00:00Z,2024-06-27T13:00:00Z,28.94
Sweden,SWE,2024-06-27T12:00:00Z,2024-06-27T14:00:00Z,26.84
Sweden,SWE,2024-06-27T13:00:00Z,2024-06-27T15:00:00Z,24.99
Sweden,SWE,2024-06-27T14:00:00Z,2024-06-27T16:00:00Z,27.04
Sweden,SWE,2024-06-27T15:00:00Z,2024-06-27T17:00:00Z,37.41
Sweden,SWE,2024-06-27T16:00:00Z,2024-06-27T18:00:00Z,38.58
Sweden,SWE,2024-06-27T17:00:00Z,2024-06-27T19:00:00Z,42.95
Sweden,SWE,2024-06-27T18:00:00Z,2024-06-27T20:00:00Z,56.14
Sweden,SWE,2024-06-27T19:00:00Z,2024-06-27T21:00:00Z,51.5
Sweden,SWE,2024-06-27T20:00:00Z,2024-06-27T22:00:00Z,35.1
Sweden,SWE,2024-06-27T21:00:00Z,2024-06-27T23:00:00Z,19.97
Sweden,SWE,2024-06-27T22:00:00Z,2024-06-28T00:00:00Z,7.44
Sweden,SWE,2024-06-27T23:00:00Z,2024-06-28T01:00:00Z,3.74
Sweden,SWE,2024-06-28T00:00:00Z,2024-06-28T02:00:00Z,13.76
Sweden,SWE,2024-06-28T01:00:00Z,2024-06-28T03:00:00Z,15.48
Sweden,SWE,2024-06-28T02:00:00Z,2024-06-28T04:00:00Z,15.25
Sweden,SWE,2024-06-28T03:00:00Z,2024-06-28T05:00:00Z,19.37
Sweden,SWE,2024-06-28T04:00:00Z,2024-06-28T06:00:00Z,34.2
Sweden,SWE,2024-06-28T05:00:00Z,2024-06-28T07:00:00Z,41.81
Sweden,SWE,2024-06-28T06:00:00Z,2024-06-28T08:00:00Z,39.83
Sweden,SWE,2024-06-28T07:00:00Z,2024-06-28T09:00:00Z,34.63
Sweden,SWE,2024-06-28T08:00:00Z,2024-06-28T10:00:00Z,22.09
Sweden,SWE,2024-06-28T09:00:00Z,2024-06-28T11:00:00Z,4.39
Sweden,SWE,2024-06-28T10:00:00Z,2024-06-28T12:00:00Z,1.19
Sweden,SWE,2024-06-28T11:00:00Z,2024-06-28T13:00:00Z,-0.02
Sweden,SWE,2024-06-28T12:00:00Z,2024-06-28T14:00:00Z,-0.8
Sweden,SWE,2024-06-28T13:00:00Z,2024-06-28T15:00:00Z,-0.9
Sweden,SWE,2024-06-28T14:00:00Z,2024-06-28T16:00:00Z,-0.02
Sweden,SWE,2024-06-28T15:00:00Z,2024-06-28T17:00:00Z,3.23
Sweden,SWE,2024-06-28T16:00:00Z,2024-06-28T18:00:00Z,16
Sweden,SWE,2024-06-28T17:00:00Z,2024-06-28T19:00:00Z,22.87
Sweden,SWE,2024-06-28T18:00:00Z,2024-06-28T20:00:00Z,24.55
Sweden,SWE,2024-06-28T19:00:00Z,2024-06-28T21:00:00Z,21.81
Sweden,SWE,2024-06-28T20:00:00Z,2024-06-28T22:00:00Z,19.39
Sweden,SWE,2024-06-28T21:00:00Z,2024-06-28T23:00:00Z,15.74
Sweden,SWE,2024-06-28T22:00:00Z,2024-06-29T00:00:00Z,14.96
Sweden,SWE,2024-06-28T23:00:00Z,2024-06-29T01:00:00Z,0.1
Sweden,SWE,2024-06-29T00:00:00Z,2024-06-29T02:00:00Z,-0.12
Sweden,SWE,2024-06-29T01:00:00Z,2024-06-29T03:00:00Z,10.78
Sweden,SWE,2024-06-29T02:00:00Z,2024-06-29T04:00:00Z,16.35
Sweden,SWE,2024-06-29T03:00:00Z,2024-06-29T05:00:00Z,15.93
Sweden,SWE,2024-06-29T04:00:00Z,2024-06-29T06:00:00Z,15.02
Sweden,SWE,2024-06-29T05:00:00Z,2024-06-29T07:00:00Z,13.26
Sweden,SWE,2024-06-29T06:00:00Z,2024-06-29T08:00:00Z,10.52
Sweden,SWE,2024-06-29T07:00:00Z,2024-06-29T09:00:00Z,4.51
Sweden,SWE,2024-06-29T08:00:00Z,2024-06-29T10:00:00Z,-0.87
Sweden,SWE,2024-06-29T09:00:00Z,2024-06-29T11:00:00Z,-1.91
Sweden,SWE,2024-06-29T10:00:00Z,2024-06-29T12:00:00Z,-1.68
Sweden,SWE,2024-06-29T11:00:00Z,2024-06-29T13:00:00Z,-1.78
Sweden,SWE,2024-06-29T12:00:00Z,2024-06-29T14:00:00Z,-2.02
Sweden,SWE,2024-06-29T13:00:00Z,2024-06-29T15:00:00Z,-1.69
Sweden,SWE,2024-06-29T14:00:00Z,2024-06-29T16:00:00Z,0.67
Sweden,SWE,2024-06-29T15:00:00Z,2024-06-29T17:00:00Z,11.29
Sweden,SWE,2024-06-29T16:00:00Z,2024-06-29T18:00:00Z,17
Sweden,SWE,2024-06-29T17:00:00Z,2024-06-29T19:00:00Z,23.54
Sweden,SWE,2024-06-29T18:00:00Z,2024-06-29T20:00:00Z,31.12
Sweden,SWE,2024-06-29T19:00:00Z,2024-06-29T21:00:00Z,28.7
Sweden,SWE,2024-06-29T20:00:00Z,2024-06-29T22:00:00Z,26.34
Sweden,SWE,2024-06-29T21:00:00Z,2024-06-29T23:00:00Z,19.58
Sweden,SWE,2024-06-29T22:00:00Z,2024-06-30T00:00:00Z,27.46
Sweden,SWE,2024-06-29T23:00:00Z,2024-06-30T01:00:00Z,25.62
Sweden,SWE,2024-06-30T00:00:00Z,2024-06-30T02:00:00Z,26.17
Sweden,SWE,2024-06-30T01:00:00Z,2024-06-30T03:00:00Z,27.17
Sweden,SWE,2024-06-30T02:00:00Z,2024-06-30T04:00:00Z,27.89
Sweden,SWE,2024-06-30T03:00:00Z,2024-06-30T05:00:00Z,27.95
Sweden,SWE,2024-06-30T04:00:00Z,2024-06-30T06:00:00Z,28.77
Sweden,SWE,2024-06-30T05:00:00Z,2024-06-30T07:00:00Z,20.42
Sweden,SWE,2024-06-30T06:00:00Z,2024-06-30T08:00:00Z,6.83
Sweden,SWE,2024-06-30T07:00:00Z,2024-06-30T09:00:00Z,0.82
Sweden,SWE,2024-06-30T08:00:00Z,2024-06-30T10:00:00Z,0
Sweden,SWE,2024-06-30T09:00:00Z,2024-06-30T11:00:00Z,0
Sweden,SWE,2024-06-30T10:00:00Z,2024-06-30T12:00:00Z,0
Sweden,SWE,2024-06-30T11:00:00Z,2024-06-30T13:00:00Z,0
Sweden,SWE,2024-06-30T12:00:00Z,2024-06-30T14:00:00Z,0
Sweden,SWE,2024-06-30T13:00:00Z,2024-06-30T15:00:00Z,0
Sweden,SWE,2024-06-30T14:00:00Z,2024-06-30T16:00:00Z,7.71
Sweden,SWE,2024-06-30T15:00:00Z,2024-06-30T17:00:00Z,29.86
Sweden,SWE,2024-06-30T16:00:00Z,2024-06-30T18:00:00Z,38.49
Sweden,SWE,2024-06-30T17:00:00Z,2024-06-30T19:00:00Z,41.14
Sweden,SWE,2024-06-30T18:00:00Z,2024-06-30T20:00:00Z,43.56
Sweden,SWE,2024-06-30T19:00:00Z,2024-06-30T21:00:00Z,44.01
Sweden,SWE,2024-06-30T20:00:00Z,2024-06-30T22:00:00Z,32.25
Sweden,SWE,2024-06-30T21:00:00Z,2024-06-30T23:00:00Z,30.93
Sweden,SWE,2024-06-30T22:00:00Z,2024-07-01T00:00:00Z,39.5
Sweden,SWE,2024-06-30T23:00:00Z,2024-07-01T01:00:00Z,38.18
Sweden,SWE,2024-07-01T00:00:00Z,2024-07-01T02:00:00Z,36.61
Sweden,SWE,2024-07-01T01:00:00Z,2024-07-01T03:00:00Z,36.26
Sweden,SWE,2024-07-01T02:00:00Z,2024-07-01T04:00:00Z,36.17
Sweden,SWE,2024-07-01T03:00:00Z,2024-07-01T05:00:00Z,38.72
Sweden,SWE,2024-07-01T04:00:00Z,2024-07-01T06:00:00Z,47.92
Sweden,SWE,2024-07-01T05:00:00Z,2024-07-01T07:00:00Z,52.98
Sweden,SWE,2024-07-01T06:00:00Z,2024-07-01T08:00:00Z,53.69
Sweden,SWE,2024-07-01T07:00:00Z,2024-07-01T09:00:00Z,48.21
Sweden,SWE,2024-07-01T08:00:00Z,2024-07-01T10:00:00Z,46.78
Sweden,SWE,2024-07-01T09:00:00Z,2024-07-01T11:00:00Z,43.25
Sweden,SWE,2024-07-01T10:00:00Z,2024-07-01T12:00:00Z,39.01
Sweden,SWE,2024-07-01T11:00:00Z,2024-07-01T13:00:00Z,34.85
Sweden,SWE,2024-07-01T12:00:00Z,2024-07-01T14:00:00Z,32.41
Sweden,SWE,2024-07-01T13:00:00Z,2024-07-01T15:00:00Z,32.77
Sweden,SWE,2024-07-01T14:00:00Z,2024-07-01T16:00:00Z,33.4
Sweden,SWE,2024-07-01T15:00:00Z,2024-07-01T17:00:00Z,38.03
Sweden,SWE,2024-07-01T16:00:00Z,2024-07-01T18:00:00Z,41.3
Sweden,SWE,2024-07-01T17:00:00Z,2024-07-01T19:00:00Z,44.97
Sweden,SWE,2024-07-01T18:00:00Z,2024-07-01T20:00:00Z,55.24
Sweden,SWE,2024-07-01T19:00:00Z,2024-07-01T21:00:00Z,48.68
Sweden,SWE,2024-07-01T20:00:00Z,2024-07-01T22:00:00Z,44.38
Sweden,SWE,2024-07-01T21:00:00Z,2024-07-01T23:00:00Z,39.96
Sweden,SWE,2024-07-01T22:00:00Z,2024-07-02T00:00:00Z,36.29
Sweden,SWE,2024-07-01T23:00:00Z,2024-07-02T01:00:00Z,32.38
Sweden,SWE,2024-07-02T00:00:00Z,2024-07-02T02:00:00Z,29.56
Sweden,SWE,2024-07-02T01:00:00Z,2024-07-02T03:00:00Z,29.54
Sweden,SWE,2024-07-02T02:00:00Z,2024-07-02T04:00:00Z,28.84
Sweden,SWE,2024-07-02T03:00:00Z,2024-07-02T05:00:00Z,31
Sweden,SWE,2024-07-02T04:00:00Z,2024-07-02T06:00:00Z,35.99
Sweden,SWE,2024-07-02T05:00:00Z,2024-07-02T07:00:00Z,46.08
Sweden,SWE,2024-07-02T06:00:00Z,2024-07-02T08:00:00Z,47.35
Sweden,SWE,2024-07-02T07:00:00Z,2024-07-02T09:00:00Z,44.51
Sweden,SWE,2024-07-02T08:00:00Z,2024-07-02T10:00:00Z,42.58
Sweden,SWE,2024-07-02T09:00:00Z,2024-07-02T11:00:00Z,40.33
Sweden,SWE,2024-07-02T10:00:00Z,2024-07-02T12:00:00Z,40.39
Sweden,SWE,2024-07-02T11:00:00Z,2024-07-02T13:00:00Z,39.69
Sweden,SWE,2024-07-02T12:00:00Z,2024-07-02T14:00:00Z,37.68
Sweden,SWE,2024-07-02T13:00:00Z,2024-07-02T15:00:00Z,36.87
Sweden,SWE,2024-07-02T14:00:00Z,2024-07-02T16:00:00Z,39.08
Sweden,SWE,2024-07-02T15:00:00Z,2024-07-02T17:00:00Z,41.09
Sweden,SWE,2024-07-02T16:00:00Z,2024-07-02T18:00:00Z,42.38
Sweden,SWE,2024-07-02T17:00:00Z,2024-07-02T19:00:00Z,45.65
Sweden,SWE,2024-07-02T18:00:00Z,2024-07-02T20:00:00Z,48.88
Sweden,SWE,2024-07-02T19:00:00Z,2024-07-02T21:00:00Z,43.59
Sweden,SWE,2024-07-02T20:00:00Z,2024-07-02T22:00:00Z,37.71
Sweden,SWE,2024-07-02T21:00:00Z,2024-07-02T23:00:00Z,35.48
Sweden,SWE,2024-07-02T22:00:00Z,2024-07-03T00:00:00Z,27.58
Sweden,SWE,2024-07-02T23:00:00Z,2024-07-03T01:00:00Z,26.13
Sweden,SWE,2024-07-03T00:00:00Z,2024-07-03T02:00:00Z,25.76
Sweden,SWE,2024-07-03T01:00:00Z,2024-07-03T03:00:00Z,26.72
Sweden,SWE,2024-07-03T02:00:00Z,2024-07-03T04:00:00Z,28.33
Sweden,SWE,2024-07-03T03:00:00Z,2024-07-03T05:00:00Z,34.19
Sweden,SWE,2024-07-03T04:00:00Z,2024-07-03T06:00:00Z,43.04
Sweden,SWE,2024-07-03T05:00:00Z,2024-07-03T07:00:00Z,48.67
Sweden,SWE,2024-07-03T06:00:00Z,2024-07-03T08:00:00Z,50.01
Sweden,SWE,2024-07-03T07:00:00Z,2024-07-03T09:00:00Z,42.74
Sweden,SWE,2024-07-03T08:00:00Z,2024-07-03T10:00:00Z,39.64
Sweden,SWE,2024-07-03T09:00:00Z,2024-07-03T11:00:00Z,38.97
Sweden,SWE,2024-07-03T10:00:00Z,2024-07-03T12:00:00Z,38.19
Sweden,SWE,2024-07-03T11:00:00Z,2024-07-03T13:00:00Z,38.72
Sweden,SWE,2024-07-03T12:00:00Z,2024-07-03T14:00:00Z,38.49
Sweden,SWE,2024-07-03T13:00:00Z,2024-07-03T15:00:00Z,38.03
Sweden,SWE,2024-07-03T14:00:00Z,2024-07-03T16:00:00Z,39.14
Sweden,SWE,2024-07-03T15:00:00Z,2024-07-03T17:00:00Z,43.39
Sweden,SWE,2024-07-03T16:00:00Z,2024-07-03T18:00:00Z,47.04
Sweden,SWE,2024-07-03T17:00:00Z,2024-07-03T19:00:00Z,49.75
Sweden,SWE,2024-07-03T18:00:00Z,2024-07-03T20:00:00Z,57.38
Sweden,SWE,2024-07-03T19:00:00Z,2024-07-03T21:00:00Z,48.26
Sweden,SWE,2024-07-03T20:00:00Z,2024-07-03T22:00:00Z,43.26
Sweden,SWE,2024-07-03T21:00:00Z,2024-07-03T23:00:00Z,38.01
Sweden,SWE,2024-07-03T22:00:00Z,2024-07-04T00:00:00Z,35.57
Sweden,SWE,2024-07-03T23:00:00Z,2024-07-04T01:00:00Z,30.11
Sweden,SWE,2024-07-04T00:00:00Z,2024-07-04T02:00:00Z,25.64
Sweden,SWE,2024-07-04T01:00:00Z,2024-07-04T03:00:00Z,17.45
Sweden,SWE,2024-07-04T02:00:00Z,2024-07-04T04:00:00Z,9.77
Sweden,SWE,2024-07-04T03:00:00Z,2024-07-04T05:00:00Z,10.02
Sweden,SWE,2024-07-04T04:00:00Z,2024-07-04T06:00:00Z,26.47
Sweden,SWE,2024-07-04T05:00:00Z,2024-07-04T07:00:00Z,30
Sweden,SWE,2024-07-04T06:00:00Z,2024-07-04T08:00:00Z,30.57
Sweden,SWE,2024-07-04T07:00:00Z,2024-07-04T09:00:00Z,23.95
Sweden,SWE,2024-07-04T08:00:00Z,2024-07-04T10:00:00Z,4.2
Sweden,SWE,2024-07-04T09:00:00Z,2024-07-04T11:00:00Z,3.42
Sweden,SWE,2024-07-04T10:00:00Z,2024-07-04T12:00:00Z,2.76
Sweden,SWE,2024-07-04T11:00:00Z,2024-07-04T13:00:00Z,0.97
Sweden,SWE,2024-07-04T12:00:00Z,2024-07-04T14:00:00Z,0
Sweden,SWE,2024-07-04T13:00:00Z,2024-07-04T15:00:00Z,0
Sweden,SWE,2024-07-04T14:00:00Z,2024-07-04T16:00:00Z,-0.01
Sweden,SWE,2024-07-04T15:00:00Z,2024-07-04T17:00:00Z,1.51
Sweden,SWE,2024-07-04T16:00:00Z,2024-07-04T18:00:00Z,11.72
Sweden,SWE,2024-07-04T17:00:00Z,2024-07-04T19:00:00Z,26.85
Sweden,SWE,2024-07-04T18:00:00Z,2024-07-04T20:00:00Z,28.89
Sweden,SWE,2024-07-04T19:00:00Z,2024-07-04T21:00:00Z,26.57
Sweden,SWE,2024-07-04T20:00:00Z,2024-07-04T22:00:00Z,21.44
Sweden,SWE,2024-07-04T21:00:00Z,2024-07-04T23:00:00Z,17.33
Sweden,SWE,2024-07-04T22:00:00Z,2024-07-05T00:00:00Z,6.92
Sweden,SWE,2024-07-04T23:00:00Z,2024-07-05T01:00:00Z,4.71
Sweden,SWE,2024-07-05T00:00:00Z,2024-07-05T02:00:00Z,4.12
Sweden,SWE,2024-07-05T01:00:00Z,2024-07-05T03:00:00Z,2.67
Sweden,SWE,2024-07-05T02:00:00Z,2024-07-05T04:00:00Z,2.92
Sweden,SWE,2024-07-05T03:00:00Z,2024-07-05T05:00:00Z,5.72
Sweden,SWE,2024-07-05T04:00:00Z,2024-07-05T06:00:00Z,19.99
Sweden,SWE,2024-07-05T05:00:00Z,2024-07-05T07:00:00Z,28.69
Sweden,SWE,2024-07-05T06:00:00Z,2024-07-05T08:00:00Z,29.68
Sweden,SWE,2024-07-05T07:00:00Z,2024-07-05T09:00:00Z,18.56
Sweden,SWE,2024-07-05T08:00:00Z,2024-07-05T10:00:00Z,3.13
Sweden,SWE,2024-07-05T09:00:00Z,2024-07-05T11:00:00Z,0.86
Sweden,SWE,2024-07-05T10:00:00Z,2024-07-05T12:00:00Z,0.3
Sweden,SWE,2024-07-05T11:00:00Z,2024-07-05T13:00:00Z,-0.18
Sweden,SWE,2024-07-05T12:00:00Z,2024-07-05T14:00:00Z,-0.59
Sweden,SWE,2024-07-05T13:00:00Z,2024-07-05T15:00:00Z,-0.03
Sweden,SWE,2024-07-05T14:00:00Z,2024-07-05T16:00:00Z,1.93
Sweden,SWE,2024-07-05T15:00:00Z,2024-07-05T17:00:00Z,13.06
Sweden,SWE,2024-07-05T16:00:00Z,2024-07-05T18:00:00Z,23.27
Sweden,SWE,2024-07-05T17:00:00Z,2024-07-05T19:00:00Z,24.82
Sweden,SWE,2024-07-05T18:00:00Z,2024-07-05T20:00:00Z,23.49
Sweden,SWE,2024-07-05T19:00:00Z,2024-07-05T21:00:00Z,19.98
Sweden,SWE,2024-07-05T20:00:00Z,2024-07-05T22:00:00Z,17.45
Sweden,SWE,2024-07-05T21:00:00Z,2024-07-05T23:00:00Z,10.99
Sweden,SWE,2024-07-05T22:00:00Z,2024-07-06T00:00:00Z,15.36
Sweden,SWE,2024-07-05T23:00:00Z,2024-07-06T01:00:00Z,11.75
Sweden,SWE,2024-07-06T00:00:00Z,2024-07-06T02:00:00Z,13.14
Sweden,SWE,2024-07-06T01:00:00Z,2024-07-06T03:00:00Z,17.55
Sweden,SWE,2024-07-06T02:00:00Z,2024-07-06T04:00:00Z,19.58
Sweden,SWE,2024-07-06T03:00:00Z,2024-07-06T05:00:00Z,6.56
Sweden,SWE,2024-07-06T04:00:00Z,2024-07-06T06:00:00Z,5.59
Sweden,SWE,2024-07-06T05:00:00Z,2024-07-06T07:00:00Z,5.5
Sweden,SWE,2024-07-06T06:00:00Z,2024-07-06T08:00:00Z,3.48
Sweden,SWE,2024-07-06T07:00:00Z,2024-07-06T09:00:00Z,0.32
Sweden,SWE,2024-07-06T08:00:00Z,2024-07-06T10:00:00Z,-0.04
Sweden,SWE,2024-07-06T09:00:00Z,2024-07-06T11:00:00Z,-0.02
Sweden,SWE,2024-07-06T10:00:00Z,2024-07-06T12:00:00Z,-0.03
Sweden,SWE,2024-07-06T11:00:00Z,2024-07-06T13:00:00Z,-0.12
Sweden,SWE,2024-07-06T12:00:00Z,2024-07-06T14:00:00Z,-2.18
Sweden,SWE,2024-07-06T13:00:00Z,2024-07-06T15:00:00Z,-2.71
Sweden,SWE,2024-07-06T14:00:00Z,2024-07-06T16:00:00Z,-0.6
Sweden,SWE,2024-07-06T15:00:00Z,2024-07-06T17:00:00Z,0.01
Sweden,SWE,2024-07-06T16:00:00Z,2024-07-06T18:00:00Z,1.94
Sweden,SWE,2024-07-06T17:00:00Z,2024-07-06T19:00:00Z,0.44
Sweden,SWE,2024-07-06T18:00:00Z,2024-07-06T20:00:00Z,6.69
Sweden,SWE,2024-07-06T19:00:00Z,2024-07-06T21:00:00Z,9.4
Sweden,SWE,2024-07-06T20:00:00Z,2024-07-06T22:00:00Z,17.57
Sweden,SWE,2024-07-06T21:00:00Z,2024-07-06T23:00:00Z,6.77
Sweden,SWE,2024-07-06T22:00:00Z,2024-07-07T00:00:00Z,-0.02
Sweden,SWE,2024-07-06T23:00:00Z,2024-07-07T01:00:00Z,-0.1
Sweden,SWE,2024-07-07T00:00:00Z,2024-07-07T02:00:00Z,-0.8
Sweden,SWE,2024-07-07T01:00:00Z,2024-07-07T03:00:00Z,-0.48
Sweden,SWE,2024-07-07T02:00:00Z,2024-07-07T04:00:00Z,-0.88
Sweden,SWE,2024-07-07T03:00:00Z,2024-07-07T05:00:00Z,-1.76
Sweden,SWE,2024-07-07T04:00:00Z,2024-07-07T06:00:00Z,-0.81
Sweden,SWE,2024-07-07T05:00:00Z,2024-07-07T07:00:00Z,-0.59
Sweden,SWE,2024-07-07T06:00:00Z,2024-07-07T08:00:00Z,-0.61
Sweden,SWE,2024-07-07T07:00:00Z,2024-07-07T09:00:00Z,-6.47
Sweden,SWE,2024-07-07T08:00:00Z,2024-07-07T10:00:00Z,-9.98
Sweden,SWE,2024-07-07T09:00:00Z,2024-07-07T11:00:00Z,-12.04
Sweden,SWE,2024-07-07T10:00:00Z,2024-07-07T12:00:00Z,-13.49
Sweden,SWE,2024-07-07T11:00:00Z,2024-07-07T13:00:00Z,-15.02
Sweden,SWE,2024-07-07T12:00:00Z,2024-07-07T14:00:00Z,-19.9
Sweden,SWE,2024-07-07T13:00:00Z,2024-07-07T15:00:00Z,-12.2
Sweden,SWE,2024-07-07T14:00:00Z,2024-07-07T16:00:00Z,-6.16
Sweden,SWE,2024-07-07T15:00:00Z,2024-07-07T17:00:00Z,-2.49
Sweden,SWE,2024-07-07T16:00:00Z,2024-07-07T18:00:00Z,-1.16
Sweden,SWE,2024-07-07T17:00:00Z,2024-07-07T19:00:00Z,-0.53
Sweden,SWE,2024-07-07T18:00:00Z,2024-07-07T20:00:00Z,20.12
Sweden,SWE,2024-07-07T19:00:00Z,2024-07-07T21:00:00Z,20.35
Sweden,SWE,2024-07-07T20:00:00Z,2024-07-07T22:00:00Z,17.48
Sweden,SWE,2024-07-07T21:00:00Z,2024-07-07T23:00:00Z,13.89
Sweden,SWE,2024-07-07T22:00:00Z,2024-07-08T00:00:00Z,12.35
Sweden,SWE,2024-07-07T23:00:00Z,2024-07-08T01:00:00Z,13.07
Sweden,SWE,2024-07-08T00:00:00Z,2024-07-08T02:00:00Z,13.31
Sweden,SWE,2024-07-08T01:00:00Z,2024-07-08T03:00:00Z,15.63
Sweden,SWE,2024-07-08T02:00:00Z,2024-07-08T04:00:00Z,17.21
Sweden,SWE,2024-07-08T03:00:00Z,2024-07-08T05:00:00Z,28.1
Sweden,SWE,2024-07-08T04:00:00Z,2024-07-08T06:00:00Z,24.54
Sweden,SWE,2024-07-08T05:00:00Z,2024-07-08T07:00:00Z,28.14
Sweden,SWE,2024-07-08T06:00:00Z,2024-07-08T08:00:00Z,30.29
Sweden,SWE,2024-07-08T07:00:00Z,2024-07-08T09:00:00Z,30.61
Sweden,SWE,2024-07-08T08:00:00Z,2024-07-08T10:00:00Z,30.56
Sweden,SWE,2024-07-08T09:00:00Z,2024-07-08T11:00:00Z,30.19
Sweden,SWE,2024-07-08T10:00:00Z,2024-07-08T12:00:00Z,30.36
Sweden,SWE,2024-07-08T11:00:00Z,2024-07-08T13:00:00Z,28.74
Sweden,SWE,2024-07-08T12:00:00Z,2024-07-08T14:00:00Z,28.85
Sweden,SWE,2024-07-08T13:00:00Z,2024-07-08T15:00:00Z,29.98
Sweden,SWE,2024-07-08T14:00:00Z,2024-07-08T16:00:00Z,29.98
Sweden,SWE,2024-07-08T15:00:00Z,2024-07-08T17:00:00Z,30.15
Sweden,SWE,2024-07-08T16:00:00Z,2024-07-08T18:00:00Z,30.74
Sweden,SWE,2024-07-08T17:00:00Z,2024-07-08T19:00:00Z,31.46
Sweden,SWE,2024-07-08T18:00:00Z,2024-07-08T20:00:00Z,31.17
Sweden,SWE,2024-07-08T19:00:00Z,2024-07-08T21:00:00Z,30.17
Sweden,SWE,2024-07-08T20:00:00Z,2024-07-08T22:00:00Z,29.03
Sweden,SWE,2024-07-08T21:00:00Z,2024-07-08T23:00:00Z,27.99
Sweden,SWE,2024-07-08T22:00:00Z,2024-07-09T00:00:00Z,27.46
Sweden,SWE,2024-07-08T23:00:00Z,2024-07-09T01:00:00Z,26.69
Sweden,SWE,2024-07-09T00:00:00Z,2024-07-09T02:00:00Z,26.06
Sweden,SWE,2024-07-09T01:00:00Z,2024-07-09T03:00:00Z,25.65
Sweden,SWE,2024-07-09T02:00:00Z,2024-07-09T04:00:00Z,25.58
Sweden,SWE,2024-07-09T03:00:00Z,2024-07-09T05:00:00Z,27.27
Sweden,SWE,2024-07-09T04:00:00Z,2024-07-09T06:00:00Z,30.52
Sweden,SWE,2024-07-09T05:00:00Z,2024-07-09T07:00:00Z,32.25
Sweden,SWE,2024-07-09T06:00:00Z,2024-07-09T08:00:00Z,33.81
Sweden,SWE,2024-07-09T07:00:00Z,2024-07-09T09:00:00Z,33.65
Sweden,SWE,2024-07-09T08:00:00Z,2024-07-09T10:00:00Z,31.42
Sweden,SWE,2024-07-09T09:00:00Z,2024-07-09T11:00:00Z,30.44
Sweden,SWE,2024-07-09T10:00:00Z,2024-07-09T12:00:00Z,28.83
Sweden,SWE,2024-07-09T11:00:00Z,2024-07-09T13:00:00Z,25.27
Sweden,SWE,2024-07-09T12:00:00Z,2024-07-09T14:00:00Z,26.68
Sweden,SWE,2024-07-09T13:00:00Z,2024-07-09T15:00:00Z,29.72
Sweden,SWE,2024-07-09T14:00:00Z,2024-07-09T16:00:00Z,32.29
Sweden,SWE,2024-07-09T15:00:00Z,2024-07-09T17:00:00Z,42.28
Sweden,SWE,2024-07-09T16:00:00Z,2024-07-09T18:00:00Z,46.53
Sweden,SWE,2024-07-09T17:00:00Z,2024-07-09T19:00:00Z,49.81
Sweden,SWE,2024-07-09T18:00:00Z,2024-07-09T20:00:00Z,50.26
Sweden,SWE,2024-07-09T19:00:00Z,2024-07-09T21:00:00Z,45.14
Sweden,SWE,2024-07-09T20:00:00Z,2024-07-09T22:00:00Z,31.54
Sweden,SWE,2024-07-09T21:00:00Z,2024-07-09T23:00:00Z,30.1
Sweden,SWE,2024-07-09T22:00:00Z,2024-07-10T00:00:00Z,28.96
Sweden,SWE,2024-07-09T23:00:00Z,2024-07-10T01:00:00Z,28.18
Sweden,SWE,2024-07-10T00:00:00Z,2024-07-10T02:00:00Z,27.22
Sweden,SWE,2024-07-10T01:00:00Z,2024-07-10T03:00:00Z,26.29
Sweden,SWE,2024-07-10T02:00:00Z,2024-07-10T04:00:00Z,25.71
Sweden,SWE,2024-07-10T03:00:00Z,2024-07-10T05:00:00Z,27.04
Sweden,SWE,2024-07-10T04:00:00Z,2024-07-10T06:00:00Z,30.27
Sweden,SWE,2024-07-10T05:00:00Z,2024-07-10T07:00:00Z,29.12
Sweden,SWE,2024-07-10T06:00:00Z,2024-07-10T08:00:00Z,29.66
Sweden,SWE,2024-07-10T07:00:00Z,2024-07-10T09:00:00Z,28.89
Sweden,SWE,2024-07-10T08:00:00Z,2024-07-10T10:00:00Z,27.93
Sweden,SWE,2024-07-10T09:00:00Z,2024-07-10T11:00:00Z,26.62
Sweden,SWE,2024-07-10T10:00:00Z,2024-07-10T12:00:00Z,25.3
Sweden,SWE,2024-07-10T11:00:00Z,2024-07-10T13:00:00Z,24.96
Sweden,SWE,2024-07-10T12:00:00Z,2024-07-10T14:00:00Z,24.31
Sweden,SWE,2024-07-10T13:00:00Z,2024-07-10T15:00:00Z,22.13
Sweden,SWE,2024-07-10T14:00:00Z,2024-07-10T16:00:00Z,31.85
Sweden,SWE,2024-07-10T15:00:00Z,2024-07-10T17:00:00Z,35.3
Sweden,SWE,2024-07-10T16:00:00Z,2024-07-10T18:00:00Z,35.91
Sweden,SWE,2024-07-10T17:00:00Z,2024-07-10T19:00:00Z,39.75
Sweden,SWE,2024-07-10T18:00:00Z,2024-07-10T20:00:00Z,47.33
Sweden,SWE,2024-07-10T19:00:00Z,2024-07-10T21:00:00Z,46.08
Sweden,SWE,2024-07-10T20:00:00Z,2024-07-10T22:00:00Z,25.39
Sweden,SWE,2024-07-10T21:00:00Z,2024-07-10T23:00:00Z,18.73
Sweden,SWE,2024-07-10T22:00:00Z,2024-07-11T00:00:00Z,19.75
Sweden,SWE,2024-07-10T23:00:00Z,2024-07-11T01:00:00Z,16.88
Sweden,SWE,2024-07-11T00:00:00Z,2024-07-11T02:00:00Z,15.87
Sweden,SWE,2024-07-11T01:00:00Z,2024-07-11T03:00:00Z,17.23
Sweden,SWE,2024-07-11T02:00:00Z,2024-07-11T04:00:00Z,18.32
Sweden,SWE,2024-07-11T03:00:00Z,2024-07-11T05:00:00Z,22.68
Sweden,SWE,2024-07-11T04:00:00Z,2024-07-11T06:00:00Z,33.12
Sweden,SWE,2024-07-11T05:00:00Z,2024-07-11T07:00:00Z,39.59
Sweden,SWE,2024-07-11T06:00:00Z,2024-07-11T08:00:00Z,39.88
Sweden,SWE,2024-07-11T07:00:00Z,2024-07-11T09:00:00Z,37.91
Sweden,SWE,2024-07-11T08:00:00Z,2024-07-11T10:00:00Z,37.07
Sweden,SWE,2024-07-11T09:00:00Z,2024-07-11T11:00:00Z,34.8
Sweden,SWE,2024-07-11T10:00:00Z,2024-07-11T12:00:00Z,33.44
Sweden,SWE,2024-07-11T11:00:00Z,2024-07-11T13:00:00Z,31.8
Sweden,SWE,2024-07-11T12:00:00Z,2024-07-11T14:00:00Z,31.2
Sweden,SWE,2024-07-11T13:00:00Z,2024-07-11T15:00:00Z,32.54
Sweden,SWE,2024-07-11T14:00:00Z,2024-07-11T16:00:00Z,34.9
Sweden,SWE,2024-07-11T15:00:00Z,2024-07-11T17:00:00Z,38.48
Sweden,SWE,2024-07-11T16:00:00Z,2024-07-11T18:00:00Z,39.93
Sweden,SWE,2024-07-11T17:00:00Z,2024-07-11T19:00:00Z,44.91
Sweden,SWE,2024-07-11T18:00:00Z,2024-07-11T20:00:00Z,55.43
Sweden,SWE,2024-07-11T19:00:00Z,2024-07-11T21:00:00Z,52.36
Sweden,SWE,2024-07-11T20:00:00Z,2024-07-11T22:00:00Z,44.68
Sweden,SWE,2024-07-11T21:00:00Z,2024-07-11T23:00:00Z,39.22
Sweden,SWE,2024-07-11T22:00:00Z,2024-07-12T00:00:00Z,39.06
Sweden,SWE,2024-07-11T23:00:00Z,2024-07-12T01:00:00Z,35.77
Sweden,SWE,2024-07-12T00:00:00Z,2024-07-12T02:00:00Z,33.9
Sweden,SWE,2024-07-12T01:00:00Z,2024-07-12T03:00:00Z,31.83
Sweden,SWE,2024-07-12T02:00:00Z,2024-07-12T04:00:00Z,31.7
Sweden,SWE,2024-07-12T03:00:00Z,2024-07-12T05:00:00Z,35.13
Sweden,SWE,2024-07-12T04:00:00Z,2024-07-12T06:00:00Z,41.03
Sweden,SWE,2024-07-12T05:00:00Z,2024-07-12T07:00:00Z,42.23
Sweden,SWE,2024-07-12T06:00:00Z,2024-07-12T08:00:00Z,43.09
Sweden,SWE,2024-07-12T07:00:00Z,2024-07-12T09:00:00Z,41.58
Sweden,SWE,2024-07-12T08:00:00Z,2024-07-12T10:00:00Z,40.39
Sweden,SWE,2024-07-12T09:00:00Z,2024-07-12T11:00:00Z,38.68
Sweden,SWE,2024-07-12T10:00:00Z,2024-07-12T12:00:00Z,37.22
Sweden,SWE,2024-07-12T11:00:00Z,2024-07-12T13:00:00Z,36.19
Sweden,SWE,2024-07-12T12:00:00Z,2024-07-12T14:00:00Z,35.84
Sweden,SWE,2024-07-12T13:00:00Z,2024-07-12T15:00:00Z,35.77
Sweden,SWE,2024-07-12T14:00:00Z,2024-07-12T16:00:00Z,36.9
Sweden,SWE,2024-07-12T15:00:00Z,2024-07-12T17:00:00Z,37.51
Sweden,SWE,2024-07-12T16:00:00Z,2024-07-12T18:00:00Z,39.54
Sweden,SWE,2024-07-12T17:00:00Z,2024-07-12T19:00:00Z,40.52
Sweden,SWE,2024-07-12T18:00:00Z,2024-07-12T20:00:00Z,39.35
Sweden,SWE,2024-07-12T19:00:00Z,2024-07-12T21:00:00Z,38.72
Sweden,SWE,2024-07-12T20:00:00Z,2024-07-12T22:00:00Z,30.25
Sweden,SWE,2024-07-12T21:00:00Z,2024-07-12T23:00:00Z,26.48
Sweden,SWE,2024-07-12T22:00:00Z,2024-07-13T00:00:00Z,20.73
Sweden,SWE,2024-07-12T23:00:00Z,2024-07-13T01:00:00Z,13.33
Sweden,SWE,2024-07-13T00:00:00Z,2024-07-13T02:00:00Z,9.16
Sweden,SWE,2024-07-13T01:00:00Z,2024-07-13T03:00:00Z,8
Sweden,SWE,2024-07-13T02:00:00Z,2024-07-13T04:00:00Z,6.17
Sweden,SWE,2024-07-13T03:00:00Z,2024-07-13T05:00:00Z,11.85
Sweden,SWE,2024-07-13T04:00:00Z,2024-07-13T06:00:00Z,19.54
Sweden,SWE,2024-07-13T05:00:00Z,2024-07-13T07:00:00Z,24.89
Sweden,SWE,2024-07-13T06:00:00Z,2024-07-13T08:00:00Z,25.83
Sweden,SWE,2024-07-13T07:00:00Z,2024-07-13T09:00:00Z,20.97
Sweden,SWE,2024-07-13T08:00:00Z,2024-07-13T10:00:00Z,5.16
Sweden,SWE,2024-07-13T09:00:00Z,2024-07-13T11:00:00Z,0.04
Sweden,SWE,2024-07-13T10:00:00Z,2024-07-13T12:00:00Z,-0.01
Sweden,SWE,2024-07-13T11:00:00Z,2024-07-13T13:00:00Z,-0.87
Sweden,SWE,2024-07-13T12:00:00Z,2024-07-13T14:00:00Z,-0.81
Sweden,SWE,2024-07-13T13:00:00Z,2024-07-13T15:00:00Z,-0.06
Sweden,SWE,2024-07-13T14:00:00Z,2024-07-13T16:00:00Z,1.52
Sweden,SWE,2024-07-13T15:00:00Z,2024-07-13T17:00:00Z,6.32
Sweden,SWE,2024-07-13T16:00:00Z,2024-07-13T18:00:00Z,22.44
Sweden,SWE,2024-07-13T17:00:00Z,2024-07-13T19:00:00Z,26.27
Sweden,SWE,2024-07-13T18:00:00Z,2024-07-13T20:00:00Z,21.74
Sweden,SWE,2024-07-13T19:00:00Z,2024-07-13T21:00:00Z,17.66
Sweden,SWE,2024-07-13T20:00:00Z,2024-07-13T22:00:00Z,11.15
Sweden,SWE,2024-07-13T21:00:00Z,2024-07-13T23:00:00Z,8.31
Sweden,SWE,2024-07-13T22:00:00Z,2024-07-14T00:00:00Z,23.69
Sweden,SWE,2024-07-13T23:00:00Z,2024-07-14T01:00:00Z,20.93
Sweden,SWE,2024-07-14T00:00:00Z,2024-07-14T02:00:00Z,19.01
Sweden,SWE,2024-07-14T01:00:00Z,2024-07-14T03:00:00Z,13.97
Sweden,SWE,2024-07-14T02:00:00Z,2024-07-14T04:00:00Z,11.38
Sweden,SWE,2024-07-14T03:00:00Z,2024-07-14T05:00:00Z,10.01
Sweden,SWE,2024-07-14T04:00:00Z,2024-07-14T06:00:00Z,16.67
Sweden,SWE,2024-07-14T05:00:00Z,2024-07-14T07:00:00Z,14.28
Sweden,SWE,2024-07-14T06:00:00Z,2024-07-14T08:00:00Z,0.29
Sweden,SWE,2024-07-14T07:00:00Z,2024-07-14T09:00:00Z,-2.29
Sweden,SWE,2024-07-14T08:00:00Z,2024-07-14T10:00:00Z,-3.02
Sweden,SWE,2024-07-14T09:00:00Z,2024-07-14T11:00:00Z,-3.4
Sweden,SWE,2024-07-14T10:00:00Z,2024-07-14T12:00:00Z,-4.22
Sweden,SWE,2024-07-14T11:00:00Z,2024-07-14T13:00:00Z,-5.16
Sweden,SWE,2024-07-14T12:00:00Z,2024-07-14T14:00:00Z,-6.41
Sweden,SWE,2024-07-14T13:00:00Z,2024-07-14T15:00:00Z,-5.36
Sweden,SWE,2024-07-14T14:00:00Z,2024-07-14T16:00:00Z,-2.08
Sweden,SWE,2024-07-14T15:00:00Z,2024-07-14T17:00:00Z,1.87
Sweden,SWE,2024-07-14T16:00:00Z,2024-07-14T18:00:00Z,21.75
Sweden,SWE,2024-07-14T17:00:00Z,2024-07-14T19:00:00Z,21.58
Sweden,SWE,2024-07-14T18:00:00Z,2024-07-14T20:00:00Z,30.09
Sweden,SWE,2024-07-14T19:00:00Z,2024-07-14T21:00:00Z,16.57
Sweden,SWE,2024-07-14T20:00:00Z,2024-07-14T22:00:00Z,7.09
Sweden,SWE,2024-07-14T21:00:00Z,2024-07-14T23:00:00Z,4.92
Sweden,SWE,2024-07-14T22:00:00Z,2024-07-15T00:00:00Z,13.16
Sweden,SWE,2024-07-14T23:00:00Z,2024-07-15T01:00:00Z,13.63
Sweden,SWE,2024-07-15T00:00:00Z,2024-07-15T02:00:00Z,13.44
Sweden,SWE,2024-07-15T01:00:00Z,2024-07-15T03:00:00Z,13.78
Sweden,SWE,2024-07-15T02:00:00Z,2024-07-15T04:00:00Z,17.06
Sweden,SWE,2024-07-15T03:00:00Z,2024-07-15T05:00:00Z,19.01
Sweden,SWE,2024-07-15T04:00:00Z,2024-07-15T06:00:00Z,25.37
Sweden,SWE,2024-07-15T05:00:00Z,2024-07-15T07:00:00Z,27.1
Sweden,SWE,2024-07-15T06:00:00Z,2024-07-15T08:00:00Z,27.58
Sweden,SWE,2024-07-15T07:00:00Z,2024-07-15T09:00:00Z,27.11
Sweden,SWE,2024-07-15T08:00:00Z,2024-07-15T10:00:00Z,26.4
Sweden,SWE,2024-07-15T09:00:00Z,2024-07-15T11:00:00Z,20.03
Sweden,SWE,2024-07-15T10:00:00Z,2024-07-15T12:00:00Z,15.87
Sweden,SWE,2024-07-15T11:00:00Z,2024-07-15T13:00:00Z,10
Sweden,SWE,2024-07-15T12:00:00Z,2024-07-15T14:00:00Z,18.39
Sweden,SWE,2024-07-15T13:00:00Z,2024-07-15T15:00:00Z,20.82
Sweden,SWE,2024-07-15T14:00:00Z,2024-07-15T16:00:00Z,27.02
Sweden,SWE,2024-07-15T15:00:00Z,2024-07-15T17:00:00Z,28.89
Sweden,SWE,2024-07-15T16:00:00Z,2024-07-15T18:00:00Z,29.9
Sweden,SWE,2024-07-15T17:00:00Z,2024-07-15T19:00:00Z,58.75
Sweden,SWE,2024-07-15T18:00:00Z,2024-07-15T20:00:00Z,62.12
Sweden,SWE,2024-07-15T19:00:00Z,2024-07-15T21:00:00Z,47.3
Sweden,SWE,2024-07-15T20:00:00Z,2024-07-15T22:00:00Z,37.55
Sweden,SWE,2024-07-15T21:00:00Z,2024-07-15T23:00:00Z,33.87
Sweden,SWE,2024-07-15T22:00:00Z,2024-07-16T00:00:00Z,30.64
Sweden,SWE,2024-07-15T23:00:00Z,2024-07-16T01:00:00Z,24.48
Sweden,SWE,2024-07-16T00:00:00Z,2024-07-16T02:00:00Z,24.38
Sweden,SWE,2024-07-16T01:00:00Z,2024-07-16T03:00:00Z,24.52
Sweden,SWE,2024-07-16T02:00:00Z,2024-07-16T04:00:00Z,24.78
Sweden,SWE,2024-07-16T03:00:00Z,2024-07-16T05:00:00Z,25.58
Sweden,SWE,2024-07-16T04:00:00Z,2024-07-16T06:00:00Z,27.25
Sweden,SWE,2024-07-16T05:00:00Z,2024-07-16T07:00:00Z,36.37
Sweden,SWE,2024-07-16T06:00:00Z,2024-07-16T08:00:00Z,27.96
Sweden,SWE,2024-07-16T07:00:00Z,2024-07-16T09:00:00Z,27.97
Sweden,SWE,2024-07-16T08:00:00Z,2024-07-16T10:00:00Z,25.19
Sweden,SWE,2024-07-16T09:00:00Z,2024-07-16T11:00:00Z,21.26
Sweden,SWE,2024-07-16T10:00:00Z,2024-07-16T12:00:00Z,15.84
Sweden,SWE,2024-07-16T11:00:00Z,2024-07-16T13:00:00Z,13.59
Sweden,SWE,2024-07-16T12:00:00Z,2024-07-16T14:00:00Z,16.69
Sweden,SWE,2024-07-16T13:00:00Z,2024-07-16T15:00:00Z,19.11
Sweden,SWE,2024-07-16T14:00:00Z,2024-07-16T16:00:00Z,23.82
Sweden,SWE,2024-07-16T15:00:00Z,2024-07-16T17:00:00Z,25.54
Sweden,SWE,2024-07-16T16:00:00Z,2024-07-16T18:00:00Z,34.26
Sweden,SWE,2024-07-16T17:00:00Z,2024-07-16T19:00:00Z,37.47
Sweden,SWE,2024-07-16T18:00:00Z,2024-07-16T20:00:00Z,42.73
Sweden,SWE,2024-07-16T19:00:00Z,2024-07-16T21:00:00Z,40.4
Sweden,SWE,2024-07-16T20:00:00Z,2024-07-16T22:00:00Z,38.83
Sweden,SWE,2024-07-16T21:00:00Z,2024-07-16T23:00:00Z,33.9
Sweden,SWE,2024-07-16T22:00:00Z,2024-07-17T00:00:00Z,31.37
Sweden,SWE,2024-07-16T23:00:00Z,2024-07-17T01:00:00Z,28.96
Sweden,SWE,2024-07-17T00:00:00Z,2024-07-17T02:00:00Z,29.1
Sweden,SWE,2024-07-17T01:00:00Z,2024-07-17T03:00:00Z,19.99
Sweden,SWE,2024-07-17T02:00:00Z,2024-07-17T04:00:00Z,19.43
Sweden,SWE,2024-07-17T03:00:00Z,2024-07-17T05:00:00Z,19.06
Sweden,SWE,2024-07-17T04:00:00Z,2024-07-17T06:00:00Z,20.62
Sweden,SWE,2024-07-17T05:00:00Z,2024-07-17T07:00:00Z,22.98
Sweden,SWE,2024-07-17T06:00:00Z,2024-07-17T08:00:00Z,23.59
Sweden,SWE,2024-07-17T07:00:00Z,2024-07-17T09:00:00Z,22.91
Sweden,SWE,2024-07-17T08:00:00Z,2024-07-17T10:00:00Z,20.51
Sweden,SWE,2024-07-17T09:00:00Z,2024-07-17T11:00:00Z,18.61
Sweden,SWE,2024-07-17T10:00:00Z,2024-07-17T12:00:00Z,19.32
Sweden,SWE,2024-07-17T11:00:00Z,2024-07-17T13:00:00Z,17.8
Sweden,SWE,2024-07-17T12:00:00Z,2024-07-17T14:00:00Z,10.54
Sweden,SWE,2024-07-17T13:00:00Z,2024-07-17T15:00:00Z,6.87
Sweden,SWE,2024-07-17T14:00:00Z,2024-07-17T16:00:00Z,8.72
Sweden,SWE,2024-07-17T15:00:00Z,2024-07-17T17:00:00Z,11.63
Sweden,SWE,2024-07-17T16:00:00Z,2024-07-17T18:00:00Z,12.44
Sweden,SWE,2024-07-17T17:00:00Z,2024-07-17T19:00:00Z,28.86
Sweden,SWE,2024-07-17T18:00:00Z,2024-07-17T20:00:00Z,33.98
Sweden,SWE,2024-07-17T19:00:00Z,2024-07-17T21:00:00Z,33.5
Sweden,SWE,2024-07-17T20:00:00Z,2024-07-17T22:00:00Z,28.88
Sweden,SWE,2024-07-17T21:00:00Z,2024-07-17T23:00:00Z,11.68
Sweden,SWE,2024-07-17T22:00:00Z,2024-07-18T00:00:00Z,5.49
Sweden,SWE,2024-07-17T23:00:00Z,2024-07-18T01:00:00Z,5.03
Sweden,SWE,2024-07-18T00:00:00Z,2024-07-18T02:00:00Z,4.91
Sweden,SWE,2024-07-18T01:00:00Z,2024-07-18T03:00:00Z,4.61
Sweden,SWE,2024-07-18T02:00:00Z,2024-07-18T04:00:00Z,4.85
Sweden,SWE,2024-07-18T03:00:00Z,2024-07-18T05:00:00Z,8.68
Sweden,SWE,2024-07-18T04:00:00Z,2024-07-18T06:00:00Z,11.16
Sweden,SWE,2024-07-18T05:00:00Z,2024-07-18T07:00:00Z,18.61
Sweden,SWE,2024-07-18T06:00:00Z,2024-07-18T08:00:00Z,19.53
Sweden,SWE,2024-07-18T07:00:00Z,2024-07-18T09:00:00Z,20.56
Sweden,SWE,2024-07-18T08:00:00Z,2024-07-18T10:00:00Z,20.42
Sweden,SWE,2024-07-18T09:00:00Z,2024-07-18T11:00:00Z,19.01
Sweden,SWE,2024-07-18T10:00:00Z,2024-07-18T12:00:00Z,18.43
Sweden,SWE,2024-07-18T11:00:00Z,2024-07-18T13:00:00Z,17.96
Sweden,SWE,2024-07-18T12:00:00Z,2024-07-18T14:00:00Z,17.52
Sweden,SWE,2024-07-18T13:00:00Z,2024-07-18T15:00:00Z,17.1
Sweden,SWE,2024-07-18T14:00:00Z,2024-07-18T16:00:00Z,18.51
Sweden,SWE,2024-07-18T15:00:00Z,2024-07-18T17:00:00Z,19.4
Sweden,SWE,2024-07-18T16:00:00Z,2024-07-18T18:00:00Z,20.56
Sweden,SWE,2024-07-18T17:00:00Z,2024-07-18T19:00:00Z,21.47
Sweden,SWE,2024-07-18T18:00:00Z,2024-07-18T20:00:00Z,20
Sweden,SWE,2024-07-18T19:00:00Z,2024-07-18T21:00:00Z,19.08
Sweden,SWE,2024-07-18T20:00:00Z,2024-07-18T22:00:00Z,15.8
Sweden,SWE,2024-07-18T21:00:00Z,2024-07-18T23:00:00Z,10.6
Sweden,SWE,2024-07-18T22:00:00Z,2024-07-19T00:00:00Z,10.15
Sweden,SWE,2024-07-18T23:00:00Z,2024-07-19T01:00:00Z,9.85
Sweden,SWE,2024-07-19T00:00:00Z,2024-07-19T02:00:00Z,9.01
Sweden,SWE,2024-07-19T01:00:00Z,2024-07-19T03:00:00Z,5
Sweden,SWE,2024-07-19T02:00:00Z,2024-07-19T04:00:00Z,5.03
Sweden,SWE,2024-07-19T03:00:00Z,2024-07-19T05:00:00Z,12.85
Sweden,SWE,2024-07-19T04:00:00Z,2024-07-19T06:00:00Z,19.09
Sweden,SWE,2024-07-19T05:00:00Z,2024-07-19T07:00:00Z,30.4
Sweden,SWE,2024-07-19T06:00:00Z,2024-07-19T08:00:00Z,33.67
Sweden,SWE,2024-07-19T07:00:00Z,2024-07-19T09:00:00Z,21.55
Sweden,SWE,2024-07-19T08:00:00Z,2024-07-19T10:00:00Z,20.3
Sweden,SWE,2024-07-19T09:00:00Z,2024-07-19T11:00:00Z,19.73
Sweden,SWE,2024-07-19T10:00:00Z,2024-07-19T12:00:00Z,20.3
Sweden,SWE,2024-07-19T11:00:00Z,2024-07-19T13:00:00Z,20.73
Sweden,SWE,2024-07-19T12:00:00Z,2024-07-19T14:00:00Z,20.97
Sweden,SWE,2024-07-19T13:00:00Z,2024-07-19T15:00:00Z,20.57
Sweden,SWE,2024-07-19T14:00:00Z,2024-07-19T16:00:00Z,20.67
Sweden,SWE,2024-07-19T15:00:00Z,2024-07-19T17:00:00Z,21.7
Sweden,SWE,2024-07-19T16:00:00Z,2024-07-19T18:00:00Z,33.76
Sweden,SWE,2024-07-19T17:00:00Z,2024-07-19T19:00:00Z,38.85
Sweden,SWE,2024-07-19T18:00:00Z,2024-07-19T20:00:00Z,48.41
Sweden,SWE,2024-07-19T19:00:00Z,2024-07-19T21:00:00Z,37.01
Sweden,SWE,2024-07-19T20:00:00Z,2024-07-19T22:00:00Z,25.74
Sweden,SWE,2024-07-19T21:00:00Z,2024-07-19T23:00:00Z,16.78
Sweden,SWE,2024-07-19T22:00:00Z,2024-07-20T00:00:00Z,12.98
Sweden,SWE,2024-07-19T23:00:00Z,2024-07-20T01:00:00Z,12.81
Sweden,SWE,2024-07-20T00:00:00Z,2024-07-20T02:00:00Z,13.46
Sweden,SWE,2024-07-20T01:00:00Z,2024-07-20T03:00:00Z,13.76
Sweden,SWE,2024-07-20T02:00:00Z,2024-07-20T04:00:00Z,15.12
Sweden,SWE,2024-07-20T03:00:00Z,2024-07-20T05:00:00Z,16.96
Sweden,SWE,2024-07-20T04:00:00Z,2024-07-20T06:00:00Z,19.44
Sweden,SWE,2024-07-20T05:00:00Z,2024-07-20T07:00:00Z,20.79
Sweden,SWE,2024-07-20T06:00:00Z,2024-07-20T08:00:00Z,23.08
Sweden,SWE,2024-07-20T07:00:00Z,2024-07-20T09:00:00Z,23.42
Sweden,SWE,2024-07-20T08:00:00Z,2024-07-20T10:00:00Z,15.9
Sweden,SWE,2024-07-20T09:00:00Z,2024-07-20T11:00:00Z,3.77
Sweden,SWE,2024-07-20T10:00:00Z,2024-07-20T12:00:00Z,1.37
Sweden,SWE,2024-07-20T11:00:00Z,2024-07-20T13:00:00Z,0.02
Sweden,SWE,2024-07-20T12:00:00Z,2024-07-20T14:00:00Z,0.44
Sweden,SWE,2024-07-20T13:00:00Z,2024-07-20T15:00:00Z,4.6
Sweden,SWE,2024-07-20T14:00:00Z,2024-07-20T16:00:00Z,18.01
Sweden,SWE,2024-07-20T15:00:00Z,2024-07-20T17:00:00Z,25.7
Sweden,SWE,2024-07-20T16:00:00Z,2024-07-20T18:00:00Z,34.22
Sweden,SWE,2024-07-20T17:00:00Z,2024-07-20T19:00:00Z,38.16
Sweden,SWE,2024-07-20T18:00:00Z,2024-07-20T20:00:00Z,41.8
Sweden,SWE,2024-07-20T19:00:00Z,2024-07-20T21:00:00Z,37.22
Sweden,SWE,2024-07-20T20:00:00Z,2024-07-20T22:00:00Z,32.69
Sweden,SWE,2024-07-20T21:00:00Z,2024-07-20T23:00:00Z,29.95
Sweden,SWE,2024-07-20T22:00:00Z,2024-07-21T00:00:00Z,28.04
Sweden,SWE,2024-07-20T23:00:00Z,2024-07-21T01:00:00Z,26.27
Sweden,SWE,2024-07-21T00:00:00Z,2024-07-21T02:00:00Z,24.79
Sweden,SWE,2024-07-21T01:00:00Z,2024-07-21T03:00:00Z,20.08
Sweden,SWE,2024-07-21T02:00:00Z,2024-07-21T04:00:00Z,19.27
Sweden,SWE,2024-07-21T03:00:00Z,2024-07-21T05:00:00Z,20.3
Sweden,SWE,2024-07-21T04:00:00Z,2024-07-21T06:00:00Z,21.39
Sweden,SWE,2024-07-21T05:00:00Z,2024-07-21T07:00:00Z,22.65
Sweden,SWE,2024-07-21T06:00:00Z,2024-07-21T08:00:00Z,23.55
Sweden,SWE,2024-07-21T07:00:00Z,2024-07-21T09:00:00Z,18.57
Sweden,SWE,2024-07-21T08:00:00Z,2024-07-21T10:00:00Z,2.84
Sweden,SWE,2024-07-21T09:00:00Z,2024-07-21T11:00:00Z,0.62
Sweden,SWE,2024-07-21T10:00:00Z,2024-07-21T12:00:00Z,0.02
Sweden,SWE,2024-07-21T11:00:00Z,2024-07-21T13:00:00Z,-0.06
Sweden,SWE,2024-07-21T12:00:00Z,2024-07-21T14:00:00Z,2.03
Sweden,SWE,2024-07-21T13:00:00Z,2024-07-21T15:00:00Z,3.91
Sweden,SWE,2024-07-21T14:00:00Z,2024-07-21T16:00:00Z,18.68
Sweden,SWE,2024-07-21T15:00:00Z,2024-07-21T17:00:00Z,23.12
Sweden,SWE,2024-07-21T16:00:00Z,2024-07-21T18:00:00Z,32.08
Sweden,SWE,2024-07-21T17:00:00Z,2024-07-21T19:00:00Z,36.1
Sweden,SWE,2024-07-21T18:00:00Z,2024-07-21T20:00:00Z,36.86
Sweden,SWE,2024-07-21T19:00:00Z,2024-07-21T21:00:00Z,38.22
Sweden,SWE,2024-07-21T20:00:00Z,2024-07-21T22:00:00Z,34.96
Sweden,SWE,2024-07-21T21:00:00Z,2024-07-21T23:00:00Z,20.82
Sweden,SWE,2024-07-21T22:00:00Z,2024-07-22T00:00:00Z,20.05
Sweden,SWE,2024-07-21T23:00:00Z,2024-07-22T01:00:00Z,19.78
Sweden,SWE,2024-07-22T00:00:00Z,2024-07-22T02:00:00Z,19.55
Sweden,SWE,2024-07-22T01:00:00Z,2024-07-22T03:00:00Z,19.79
Sweden,SWE,2024-07-22T02:00:00Z,2024-07-22T04:00:00Z,20.17
Sweden,SWE,2024-07-22T03:00:00Z,2024-07-22T05:00:00Z,21.71
Sweden,SWE,2024-07-22T04:00:00Z,2024-07-22T06:00:00Z,23.67
Sweden,SWE,2024-07-22T05:00:00Z,2024-07-22T07:00:00Z,24.46
Sweden,SWE,2024-07-22T06:00:00Z,2024-07-22T08:00:00Z,26.38
Sweden,SWE,2024-07-22T07:00:00Z,2024-07-22T09:00:00Z,28.65
Sweden,SWE,2024-07-22T08:00:00Z,2024-07-22T10:00:00Z,31
Sweden,SWE,2024-07-22T09:00:00Z,2024-07-22T11:00:00Z,26.71
Sweden,SWE,2024-07-22T10:00:00Z,2024-07-22T12:00:00Z,24.28
Sweden,SWE,2024-07-22T11:00:00Z,2024-07-22T13:00:00Z,23.36
Sweden,SWE,2024-07-22T12:00:00Z,2024-07-22T14:00:00Z,19.41
Sweden,SWE,2024-07-22T13:00:00Z,2024-07-22T15:00:00Z,20.38
Sweden,SWE,2024-07-22T14:00:00Z,2024-07-22T16:00:00Z,22.82
Sweden,SWE,2024-07-22T15:00:00Z,2024-07-22T17:00:00Z,31
Sweden,SWE,2024-07-22T16:00:00Z,2024-07-22T18:00:00Z,34.35
Sweden,SWE,2024-07-22T17:00:00Z,2024-07-22T19:00:00Z,36.86
Sweden,SWE,2024-07-22T18:00:00Z,2024-07-22T20:00:00Z,43.59
Sweden,SWE,2024-07-22T19:00:00Z,2024-07-22T21:00:00Z,44
Sweden,SWE,2024-07-22T20:00:00Z,2024-07-22T22:00:00Z,37.29
Sweden,SWE,2024-07-22T21:00:00Z,2024-07-22T23:00:00Z,20.48
Sweden,SWE,2024-07-22T22:00:00Z,2024-07-23T00:00:00Z,19.08
Sweden,SWE,2024-07-22T23:00:00Z,2024-07-23T01:00:00Z,18.2
Sweden,SWE,2024-07-23T00:00:00Z,2024-07-23T02:00:00Z,18.15
Sweden,SWE,2024-07-23T01:00:00Z,2024-07-23T03:00:00Z,17.85
Sweden,SWE,2024-07-23T02:00:00Z,2024-07-23T04:00:00Z,17.55
Sweden,SWE,2024-07-23T03:00:00Z,2024-07-23T05:00:00Z,19.74
Sweden,SWE,2024-07-23T04:00:00Z,2024-07-23T06:00:00Z,21.9
Sweden,SWE,2024-07-23T05:00:00Z,2024-07-23T07:00:00Z,23.93
Sweden,SWE,2024-07-23T06:00:00Z,2024-07-23T08:00:00Z,24.51
Sweden,SWE,2024-07-23T07:00:00Z,2024-07-23T09:00:00Z,24.12
Sweden,SWE,2024-07-23T08:00:00Z,2024-07-23T10:00:00Z,23.35
Sweden,SWE,2024-07-23T09:00:00Z,2024-07-23T11:00:00Z,22.54
Sweden,SWE,2024-07-23T10:00:00Z,2024-07-23T12:00:00Z,21.59
Sweden,SWE,2024-07-23T11:00:00Z,2024-07-23T13:00:00Z,21.14
Sweden,SWE,2024-07-23T12:00:00Z,2024-07-23T14:00:00Z,21.29
Sweden,SWE,2024-07-23T13:00:00Z,2024-07-23T15:00:00Z,21.84
Sweden,SWE,2024-07-23T14:00:00Z,2024-07-23T16:00:00Z,22.9
Sweden,SWE,2024-07-23T15:00:00Z,2024-07-23T17:00:00Z,32.96
Sweden,SWE,2024-07-23T16:00:00Z,2024-07-23T18:00:00Z,33.48
Sweden,SWE,2024-07-23T17:00:00Z,2024-07-23T19:00:00Z,36.4
Sweden,SWE,2024-07-23T18:00:00Z,2024-07-23T20:00:00Z,39.32
Sweden,SWE,2024-07-23T19:00:00Z,2024-07-23T21:00:00Z,36.64
Sweden,SWE,2024-07-23T20:00:00Z,2024-07-23T22:00:00Z,35.61
Sweden,SWE,2024-07-23T21:00:00Z,2024-07-23T23:00:00Z,33.01
Sweden,SWE,2024-07-23T22:00:00Z,2024-07-24T00:00:00Z,30.2
Sweden,SWE,2024-07-23T23:00:00Z,2024-07-24T01:00:00Z,26.12
Sweden,SWE,2024-07-24T00:00:00Z,2024-07-24T02:00:00Z,25.76
Sweden,SWE,2024-07-24T01:00:00Z,2024-07-24T03:00:00Z,25.53
Sweden,SWE,2024-07-24T02:00:00Z,2024-07-24T04:00:00Z,25
Sweden,SWE,2024-07-24T03:00:00Z,2024-07-24T05:00:00Z,23.79
Sweden,SWE,2024-07-24T04:00:00Z,2024-07-24T06:00:00Z,25.55
Sweden,SWE,2024-07-24T05:00:00Z,2024-07-24T07:00:00Z,26.72
Sweden,SWE,2024-07-24T06:00:00Z,2024-07-24T08:00:00Z,29.7
Sweden,SWE,2024-07-24T07:00:00Z,2024-07-24T09:00:00Z,26.56
Sweden,SWE,2024-07-24T08:00:00Z,2024-07-24T10:00:00Z,24.81
Sweden,SWE,2024-07-24T09:00:00Z,2024-07-24T11:00:00Z,21.19
Sweden,SWE,2024-07-24T10:00:00Z,2024-07-24T12:00:00Z,15.51
Sweden,SWE,2024-07-24T11:00:00Z,2024-07-24T13:00:00Z,12.03
Sweden,SWE,2024-07-24T12:00:00Z,2024-07-24T14:00:00Z,11.2
Sweden,SWE,2024-07-24T13:00:00Z,2024-07-24T15:00:00Z,15.29
Sweden,SWE,2024-07-24T14:00:00Z,2024-07-24T16:00:00Z,19.45
Sweden,SWE,2024-07-24T15:00:00Z,2024-07-24T17:00:00Z,24.78
Sweden,SWE,2024-07-24T16:00:00Z,2024-07-24T18:00:00Z,25.68
Sweden,SWE,2024-07-24T17:00:00Z,2024-07-24T19:00:00Z,25.92
Sweden,SWE,2024-07-24T18:00:00Z,2024-07-24T20:00:00Z,24.99
Sweden,SWE,2024-07-24T19:00:00Z,2024-07-24T21:00:00Z,24.19
Sweden,SWE,2024-07-24T20:00:00Z,2024-07-24T22:00:00Z,23.62
Sweden,SWE,2024-07-24T21:00:00Z,2024-07-24T23:00:00Z,22.21
Sweden,SWE,2024-07-24T22:00:00Z,2024-07-25T00:00:00Z,21.91
Sweden,SWE,2024-07-24T23:00:00Z,2024-07-25T01:00:00Z,21.54
Sweden,SWE,2024-07-25T00:00:00Z,2024-07-25T02:00:00Z,21.24
Sweden,SWE,2024-07-25T01:00:00Z,2024-07-25T03:00:00Z,21.08
Sweden,SWE,2024-07-25T02:00:00Z,2024-07-25T04:00:00Z,21.15
Sweden,SWE,2024-07-25T03:00:00Z,2024-07-25T05:00:00Z,21.04
Sweden,SWE,2024-07-25T04:00:00Z,2024-07-25T06:00:00Z,22.3
Sweden,SWE,2024-07-25T05:00:00Z,2024-07-25T07:00:00Z,24.06
Sweden,SWE,2024-07-25T06:00:00Z,2024-07-25T08:00:00Z,24.79
Sweden,SWE,2024-07-25T07:00:00Z,2024-07-25T09:00:00Z,25.15
Sweden,SWE,2024-07-25T08:00:00Z,2024-07-25T10:00:00Z,25.13
Sweden,SWE,2024-07-25T09:00:00Z,2024-07-25T11:00:00Z,24.34
Sweden,SWE,2024-07-25T10:00:00Z,2024-07-25T12:00:00Z,23.73
Sweden,SWE,2024-07-25T11:00:00Z,2024-07-25T13:00:00Z,17.94
Sweden,SWE,2024-07-25T12:00:00Z,2024-07-25T14:00:00Z,17.22
Sweden,SWE,2024-07-25T13:00:00Z,2024-07-25T15:00:00Z,22.25
Sweden,SWE,2024-07-25T14:00:00Z,2024-07-25T16:00:00Z,23.51
Sweden,SWE,2024-07-25T15:00:00Z,2024-07-25T17:00:00Z,23.99
Sweden,SWE,2024-07-25T16:00:00Z,2024-07-25T18:00:00Z,24.48
Sweden,SWE,2024-07-25T17:00:00Z,2024-07-25T19:00:00Z,42.13
Sweden,SWE,2024-07-25T18:00:00Z,2024-07-25T20:00:00Z,24
Sweden,SWE,2024-07-25T19:00:00Z,2024-07-25T21:00:00Z,23.32
Sweden,SWE,2024-07-25T20:00:00Z,2024-07-25T22:00:00Z,23.62
Sweden,SWE,2024-07-25T21:00:00Z,2024-07-25T23:00:00Z,21.67
Sweden,SWE,2024-07-25T22:00:00Z,2024-07-26T00:00:00Z,20.55
Sweden,SWE,2024-07-25T23:00:00Z,2024-07-26T01:00:00Z,19.92
Sweden,SWE,2024-07-26T00:00:00Z,2024-07-26T02:00:00Z,19.08
Sweden,SWE,2024-07-26T01:00:00Z,2024-07-26T03:00:00Z,18.92
Sweden,SWE,2024-07-26T02:00:00Z,2024-07-26T04:00:00Z,18.8
Sweden,SWE,2024-07-26T03:00:00Z,2024-07-26T05:00:00Z,18.92
Sweden,SWE,2024-07-26T04:00:00Z,2024-07-26T06:00:00Z,19.17
Sweden,SWE,2024-07-26T05:00:00Z,2024-07-26T07:00:00Z,20.07
Sweden,SWE,2024-07-26T06:00:00Z,2024-07-26T08:00:00Z,20.85
Sweden,SWE,2024-07-26T07:00:00Z,2024-07-26T09:00:00Z,20.8
Sweden,SWE,2024-07-26T08:00:00Z,2024-07-26T10:00:00Z,20.22
Sweden,SWE,2024-07-26T09:00:00Z,2024-07-26T11:00:00Z,19.08
Sweden,SWE,2024-07-26T10:00:00Z,2024-07-26T12:00:00Z,18.56
Sweden,SWE,2024-07-26T11:00:00Z,2024-07-26T13:00:00Z,18.77
Sweden,SWE,2024-07-26T12:00:00Z,2024-07-26T14:00:00Z,18.84
Sweden,SWE,2024-07-26T13:00:00Z,2024-07-26T15:00:00Z,19.23
Sweden,SWE,2024-07-26T14:00:00Z,2024-07-26T16:00:00Z,19.29
Sweden,SWE,2024-07-26T15:00:00Z,2024-07-26T17:00:00Z,31.05
Sweden,SWE,2024-07-26T16:00:00Z,2024-07-26T18:00:00Z,32.46
Sweden,SWE,2024-07-26T17:00:00Z,2024-07-26T19:00:00Z,34.58
Sweden,SWE,2024-07-26T18:00:00Z,2024-07-26T20:00:00Z,21.06
Sweden,SWE,2024-07-26T19:00:00Z,2024-07-26T21:00:00Z,20.58
Sweden,SWE,2024-07-26T20:00:00Z,2024-07-26T22:00:00Z,20.3
Sweden,SWE,2024-07-26T21:00:00Z,2024-07-26T23:00:00Z,18.94
Sweden,SWE,2024-07-26T22:00:00Z,2024-07-27T00:00:00Z,19.2
Sweden,SWE,2024-07-26T23:00:00Z,2024-07-27T01:00:00Z,18.99
Sweden,SWE,2024-07-27T00:00:00Z,2024-07-27T02:00:00Z,19.08
Sweden,SWE,2024-07-27T01:00:00Z,2024-07-27T03:00:00Z,19.39
Sweden,SWE,2024-07-27T02:00:00Z,2024-07-27T04:00:00Z,19.63
Sweden,SWE,2024-07-27T03:00:00Z,2024-07-27T05:00:00Z,19.79
Sweden,SWE,2024-07-27T04:00:00Z,2024-07-27T06:00:00Z,20.46
Sweden,SWE,2024-07-27T05:00:00Z,2024-07-27T07:00:00Z,20.97
Sweden,SWE,2024-07-27T06:00:00Z,2024-07-27T08:00:00Z,21.88
Sweden,SWE,2024-07-27T07:00:00Z,2024-07-27T09:00:00Z,22.48
Sweden,SWE,2024-07-27T08:00:00Z,2024-07-27T10:00:00Z,21.99
Sweden,SWE,2024-07-27T09:00:00Z,2024-07-27T11:00:00Z,21.55
Sweden,SWE,2024-07-27T10:00:00Z,2024-07-27T12:00:00Z,20.99
Sweden,SWE,2024-07-27T11:00:00Z,2024-07-27T13:00:00Z,17.37
Sweden,SWE,2024-07-27T12:00:00Z,2024-07-27T14:00:00Z,17.49
Sweden,SWE,2024-07-27T13:00:00Z,2024-07-27T15:00:00Z,20.24
Sweden,SWE,2024-07-27T14:00:00Z,2024-07-27T16:00:00Z,20.63
Sweden,SWE,2024-07-27T15:00:00Z,2024-07-27T17:00:00Z,20.98
Sweden,SWE,2024-07-27T16:00:00Z,2024-07-27T18:00:00Z,21.79
Sweden,SWE,2024-07-27T17:00:00Z,2024-07-27T19:00:00Z,37.45
Sweden,SWE,2024-07-27T18:00:00Z,2024-07-27T20:00:00Z,22.23
Sweden,SWE,2024-07-27T19:00:00Z,2024-07-27T21:00:00Z,21.77
Sweden,SWE,2024-07-27T20:00:00Z,2024-07-27T22:00:00Z,21.63
Sweden,SWE,2024-07-27T21:00:00Z,2024-07-27T23:00:00Z,20.16
Sweden,SWE,2024-07-27T22:00:00Z,2024-07-28T00:00:00Z,21.75
Sweden,SWE,2024-07-27T23:00:00Z,2024-07-28T01:00:00Z,21.32
Sweden,SWE,2024-07-28T00:00:00Z,2024-07-28T02:00:00Z,20.76
Sweden,SWE,2024-07-28T01:00:00Z,2024-07-28T03:00:00Z,19.6
Sweden,SWE,2024-07-28T02:00:00Z,2024-07-28T04:00:00Z,18.98
Sweden,SWE,2024-07-28T03:00:00Z,2024-07-28T05:00:00Z,19.9
Sweden,SWE,2024-07-28T04:00:00Z,2024-07-28T06:00:00Z,20.97
Sweden,SWE,2024-07-28T05:00:00Z,2024-07-28T07:00:00Z,21.68
Sweden,SWE,2024-07-28T06:00:00Z,2024-07-28T08:00:00Z,22.14
Sweden,SWE,2024-07-28T07:00:00Z,2024-07-28T09:00:00Z,4.99
Sweden,SWE,2024-07-28T08:00:00Z,2024-07-28T10:00:00Z,0
Sweden,SWE,2024-07-28T09:00:00Z,2024-07-28T11:00:00Z,-2.43
Sweden,SWE,2024-07-28T10:00:00Z,2024-07-28T12:00:00Z,-15.04
Sweden,SWE,2024-07-28T11:00:00Z,2024-07-28T13:00:00Z,-29.8
Sweden,SWE,2024-07-28T12:00:00Z,2024-07-28T14:00:00Z,-48.69
Sweden,SWE,2024-07-28T13:00:00Z,2024-07-28T15:00:00Z,-33.53
Sweden,SWE,2024-07-28T14:00:00Z,2024-07-28T16:00:00Z,-13.28
Sweden,SWE,2024-07-28T15:00:00Z,2024-07-28T17:00:00Z,-0.26
Sweden,SWE,2024-07-28T16:00:00Z,2024-07-28T18:00:00Z,4.97
Sweden,SWE,2024-07-28T17:00:00Z,2024-07-28T19:00:00Z,5.83
Sweden,SWE,2024-07-28T18:00:00Z,2024-07-28T20:00:00Z,4.97
Sweden,SWE,2024-07-28T19:00:00Z,2024-07-28T21:00:00Z,4.91
Sweden,SWE,2024-07-28T20:00:00Z,2024-07-28T22:00:00Z,2.68
Sweden,SWE,2024-07-28T21:00:00Z,2024-07-28T23:00:00Z,-0.1
Sweden,SWE,2024-07-28T22:00:00Z,2024-07-29T00:00:00Z,-0.59
Sweden,SWE,2024-07-28T23:00:00Z,2024-07-29T01:00:00Z,-0.92
Sweden,SWE,2024-07-29T00:00:00Z,2024-07-29T02:00:00Z,-1.27
Sweden,SWE,2024-07-29T01:00:00Z,2024-07-29T03:00:00Z,-1.57
Sweden,SWE,2024-07-29T02:00:00Z,2024-07-29T04:00:00Z,-1.27
Sweden,SWE,2024-07-29T03:00:00Z,2024-07-29T05:00:00Z,-0.81
Sweden,SWE,2024-07-29T04:00:00Z,2024-07-29T06:00:00Z,-0.01
Sweden,SWE,2024-07-29T05:00:00Z,2024-07-29T07:00:00Z,1.28
Sweden,SWE,2024-07-29T06:00:00Z,2024-07-29T08:00:00Z,0.42
Sweden,SWE,2024-07-29T07:00:00Z,2024-07-29T09:00:00Z,0.54
Sweden,SWE,2024-07-29T08:00:00Z,2024-07-29T10:00:00Z,-0.05
Sweden,SWE,2024-07-29T09:00:00Z,2024-07-29T11:00:00Z,-0.16
Sweden,SWE,2024-07-29T10:00:00Z,2024-07-29T12:00:00Z,-0.19
Sweden,SWE,2024-07-29T11:00:00Z,2024-07-29T13:00:00Z,-1.7
Sweden,SWE,2024-07-29T12:00:00Z,2024-07-29T14:00:00Z,-0.98
Sweden,SWE,2024-07-29T13:00:00Z,2024-07-29T15:00:00Z,-0.07
Sweden,SWE,2024-07-29T14:00:00Z,2024-07-29T16:00:00Z,4.96
Sweden,SWE,2024-07-29T15:00:00Z,2024-07-29T17:00:00Z,15.04
Sweden,SWE,2024-07-29T16:00:00Z,2024-07-29T18:00:00Z,16.61
Sweden,SWE,2024-07-29T17:00:00Z,2024-07-29T19:00:00Z,36.52
Sweden,SWE,2024-07-29T18:00:00Z,2024-07-29T20:00:00Z,42.19
Sweden,SWE,2024-07-29T19:00:00Z,2024-07-29T21:00:00Z,31.52
Sweden,SWE,2024-07-29T20:00:00Z,2024-07-29T22:00:00Z,25.23
Sweden,SWE,2024-07-29T21:00:00Z,2024-07-29T23:00:00Z,16.69
Sweden,SWE,2024-07-29T22:00:00Z,2024-07-30T00:00:00Z,5.46
Sweden,SWE,2024-07-29T23:00:00Z,2024-07-30T01:00:00Z,4.92
Sweden,SWE,2024-07-30T00:00:00Z,2024-07-30T02:00:00Z,4.92
Sweden,SWE,2024-07-30T01:00:00Z,2024-07-30T03:00:00Z,4.94
Sweden,SWE,2024-07-30T02:00:00Z,2024-07-30T04:00:00Z,4.98
Sweden,SWE,2024-07-30T03:00:00Z,2024-07-30T05:00:00Z,14.03
Sweden,SWE,2024-07-30T04:00:00Z,2024-07-30T06:00:00Z,26.15
Sweden,SWE,2024-07-30T05:00:00Z,2024-07-30T07:00:00Z,36.81
Sweden,SWE,2024-07-30T06:00:00Z,2024-07-30T08:00:00Z,35.57
Sweden,SWE,2024-07-30T07:00:00Z,2024-07-30T09:00:00Z,30.68
Sweden,SWE,2024-07-30T08:00:00Z,2024-07-30T10:00:00Z,22.84
Sweden,SWE,2024-07-30T09:00:00Z,2024-07-30T11:00:00Z,7.84
Sweden,SWE,2024-07-30T10:00:00Z,2024-07-30T12:00:00Z,1.09
Sweden,SWE,2024-07-30T11:00:00Z,2024-07-30T13:00:00Z,0.01
Sweden,SWE,2024-07-30T12:00:00Z,2024-07-30T14:00:00Z,0.85
Sweden,SWE,2024-07-30T13:00:00Z,2024-07-30T15:00:00Z,12.93
Sweden,SWE,2024-07-30T14:00:00Z,2024-07-30T16:00:00Z,20.08
Sweden,SWE,2024-07-30T15:00:00Z,2024-07-30T17:00:00Z,23
Sweden,SWE,2024-07-30T16:00:00Z,2024-07-30T18:00:00Z,34.63
Sweden,SWE,2024-07-30T17:00:00Z,2024-07-30T19:00:00Z,39.86
Sweden,SWE,2024-07-30T18:00:00Z,2024-07-30T20:00:00Z,46.99
Sweden,SWE,2024-07-30T19:00:00Z,2024-07-30T21:00:00Z,39.13
Sweden,SWE,2024-07-30T20:00:00Z,2024-07-30T22:00:00Z,17.81
Sweden,SWE,2024-07-30T21:00:00Z,2024-07-30T23:00:00Z,9.99
Sweden,SWE,2024-07-30T22:00:00Z,2024-07-31T00:00:00Z,12.36
Sweden,SWE,2024-07-30T23:00:00Z,2024-07-31T01:00:00Z,8
Sweden,SWE,2024-07-31T00:00:00Z,2024-07-31T02:00:00Z,4.98
Sweden,SWE,2024-07-31T01:00:00Z,2024-07-31T03:00:00Z,4.98
Sweden,SWE,2024-07-31T02:00:00Z,2024-07-31T04:00:00Z,4.94
Sweden,SWE,2024-07-31T03:00:00Z,2024-07-31T05:00:00Z,4.95
Sweden,SWE,2024-07-31T04:00:00Z,2024-07-31T06:00:00Z,11.58
Sweden,SWE,2024-07-31T05:00:00Z,2024-07-31T07:00:00Z,15.49
Sweden,SWE,2024-07-31T06:00:00Z,2024-07-31T08:00:00Z,16.96
Sweden,SWE,2024-07-31T07:00:00Z,2024-07-31T09:00:00Z,13.75
Sweden,SWE,2024-07-31T08:00:00Z,2024-07-31T10:00:00Z,10.15
Sweden,SWE,2024-07-31T09:00:00Z,2024-07-31T11:00:00Z,5.51
Sweden,SWE,2024-07-31T10:00:00Z,2024-07-31T12:00:00Z,13.17
Sweden,SWE,2024-07-31T11:00:00Z,2024-07-31T13:00:00Z,9.65
Sweden,SWE,2024-07-31T12:00:00Z,2024-07-31T14:00:00Z,4.96
Sweden,SWE,2024-07-31T13:00:00Z,2024-07-31T15:00:00Z,4.94
Sweden,SWE,2024-07-31T14:00:00Z,2024-07-31T16:00:00Z,4.91
Sweden,SWE,2024-07-31T15:00:00Z,2024-07-31T17:00:00Z,4.91
Sweden,SWE,2024-07-31T16:00:00Z,2024-07-31T18:00:00Z,4.99
Sweden,SWE,2024-07-31T17:00:00Z,2024-07-31T19:00:00Z,10.94
Sweden,SWE,2024-07-31T18:00:00Z,2024-07-31T20:00:00Z,11.4
Sweden,SWE,2024-07-31T19:00:00Z,2024-07-31T21:00:00Z,10.98
Sweden,SWE,2024-07-31T20:00:00Z,2024-07-31T22:00:00Z,3.88
Sweden,SWE,2024-07-31T21:00:00Z,2024-07-31T23:00:00Z,-0.01
Sweden,SWE,2024-07-31T22:00:00Z,2024-08-01T00:00:00Z,1.09
Sweden,SWE,2024-07-31T23:00:00Z,2024-08-01T01:00:00Z,0
Sweden,SWE,2024-08-01T00:00:00Z,2024-08-01T02:00:00Z,-0.01
Sweden,SWE,2024-08-01T01:00:00Z,2024-08-01T03:00:00Z,-0.01
Sweden,SWE,2024-08-01T02:00:00Z,2024-08-01T04:00:00Z,0
Sweden,SWE,2024-08-01T03:00:00Z,2024-08-01T05:00:00Z,2.34
Sweden,SWE,2024-08-01T04:00:00Z,2024-08-01T06:00:00Z,17.06
Sweden,SWE,2024-08-01T05:00:00Z,2024-08-01T07:00:00Z,22.61
Sweden,SWE,2024-08-01T06:00:00Z,2024-08-01T08:00:00Z,26.98
Sweden,SWE,2024-08-01T07:00:00Z,2024-08-01T09:00:00Z,25.2
Sweden,SWE,2024-08-01T08:00:00Z,2024-08-01T10:00:00Z,21.45
Sweden,SWE,2024-08-01T09:00:00Z,2024-08-01T11:00:00Z,16.93
Sweden,SWE,2024-08-01T10:00:00Z,2024-08-01T12:00:00Z,5.07
Sweden,SWE,2024-08-01T11:00:00Z,2024-08-01T13:00:00Z,4.99
Sweden,SWE,2024-08-01T12:00:00Z,2024-08-01T14:00:00Z,5.19
Sweden,SWE,2024-08-01T13:00:00Z,2024-08-01T15:00:00Z,8.04
Sweden,SWE,2024-08-01T14:00:00Z,2024-08-01T16:00:00Z,15.1
Sweden,SWE,2024-08-01T15:00:00Z,2024-08-01T17:00:00Z,24.84
Sweden,SWE,2024-08-01T16:00:00Z,2024-08-01T18:00:00Z,27.13
Sweden,SWE,2024-08-01T17:00:00Z,2024-08-01T19:00:00Z,28.83
Sweden,SWE,2024-08-01T18:00:00Z,2024-08-01T20:00:00Z,31.97
Sweden,SWE,2024-08-01T19:00:00Z,2024-08-01T21:00:00Z,25.69
Sweden,SWE,2024-08-01T20:00:00Z,2024-08-01T22:00:00Z,24.84
Sweden,SWE,2024-08-01T21:00:00Z,2024-08-01T23:00:00Z,21.92
Sweden,SWE,2024-08-01T22:00:00Z,2024-08-02T00:00:00Z,18.77
Sweden,SWE,2024-08-01T23:00:00Z,2024-08-02T01:00:00Z,16.9
Sweden,SWE,2024-08-02T00:00:00Z,2024-08-02T02:00:00Z,16.04
Sweden,SWE,2024-08-02T01:00:00Z,2024-08-02T03:00:00Z,14.21
Sweden,SWE,2024-08-02T02:00:00Z,2024-08-02T04:00:00Z,16.04
Sweden,SWE,2024-08-02T03:00:00Z,2024-08-02T05:00:00Z,19.03
Sweden,SWE,2024-08-02T04:00:00Z,2024-08-02T06:00:00Z,23.88
Sweden,SWE,2024-08-02T05:00:00Z,2024-08-02T07:00:00Z,29.59
Sweden,SWE,2024-08-02T06:00:00Z,2024-08-02T08:00:00Z,32.4
Sweden,SWE,2024-08-02T07:00:00Z,2024-08-02T09:00:00Z,32.21
Sweden,SWE,2024-08-02T08:00:00Z,2024-08-02T10:00:00Z,30.4
Sweden,SWE,2024-08-02T09:00:00Z,2024-08-02T11:00:00Z,28.16
Sweden,SWE,2024-08-02T10:00:00Z,2024-08-02T12:00:00Z,23.04
Sweden,SWE,2024-08-02T11:00:00Z,2024-08-02T13:00:00Z,21.75
Sweden,SWE,2024-08-02T12:00:00Z,2024-08-02T14:00:00Z,20.46
Sweden,SWE,2024-08-02T13:00:00Z,2024-08-02T15:00:00Z,22.14
Sweden,SWE,2024-08-02T14:00:00Z,2024-08-02T16:00:00Z,26.56
Sweden,SWE,2024-08-02T15:00:00Z,2024-08-02T17:00:00Z,23.36
Sweden,SWE,2024-08-02T16:00:00Z,2024-08-02T18:00:00Z,23.53
Sweden,SWE,2024-08-02T17:00:00Z,2024-08-02T19:00:00Z,23.64
Sweden,SWE,2024-08-02T18:00:00Z,2024-08-02T20:00:00Z,23.02
Sweden,SWE,2024-08-02T19:00:00Z,2024-08-02T21:00:00Z,22.09
Sweden,SWE,2024-08-02T20:00:00Z,2024-08-02T22:00:00Z,19.96
Sweden,SWE,2024-08-02T21:00:00Z,2024-08-02T23:00:00Z,13.76
Sweden,SWE,2024-08-02T22:00:00Z,2024-08-03T00:00:00Z,14.98
Sweden,SWE,2024-08-02T23:00:00Z,2024-08-03T01:00:00Z,14.24
Sweden,SWE,2024-08-03T00:00:00Z,2024-08-03T02:00:00Z,13.51
Sweden,SWE,2024-08-03T01:00:00Z,2024-08-03T03:00:00Z,13.08
Sweden,SWE,2024-08-03T02:00:00Z,2024-08-03T04:00:00Z,12.46
Sweden,SWE,2024-08-03T03:00:00Z,2024-08-03T05:00:00Z,13.75
Sweden,SWE,2024-08-03T04:00:00Z,2024-08-03T06:00:00Z,15.97
Sweden,SWE,2024-08-03T05:00:00Z,2024-08-03T07:00:00Z,18.65
Sweden,SWE,2024-08-03T06:00:00Z,2024-08-03T08:00:00Z,19.58
Sweden,SWE,2024-08-03T07:00:00Z,2024-08-03T09:00:00Z,20.24
Sweden,SWE,2024-08-03T08:00:00Z,2024-08-03T10:00:00Z,19.98
Sweden,SWE,2024-08-03T09:00:00Z,2024-08-03T11:00:00Z,19.87
Sweden,SWE,2024-08-03T10:00:00Z,2024-08-03T12:00:00Z,14.66
Sweden,SWE,2024-08-03T11:00:00Z,2024-08-03T13:00:00Z,6.41
Sweden,SWE,2024-08-03T12:00:00Z,2024-08-03T14:00:00Z,4.1
Sweden,SWE,2024-08-03T13:00:00Z,2024-08-03T15:00:00Z,13.25
Sweden,SWE,2024-08-03T14:00:00Z,2024-08-03T16:00:00Z,22.23
Sweden,SWE,2024-08-03T15:00:00Z,2024-08-03T17:00:00Z,26.22
Sweden,SWE,2024-08-03T16:00:00Z,2024-08-03T18:00:00Z,32.06
Sweden,SWE,2024-08-03T17:00:00Z,2024-08-03T19:00:00Z,36.28
Sweden,SWE,2024-08-03T18:00:00Z,2024-08-03T20:00:00Z,22.9
Sweden,SWE,2024-08-03T19:00:00Z,2024-08-03T21:00:00Z,22.23
Sweden,SWE,2024-08-03T20:00:00Z,2024-08-03T22:00:00Z,21.01
Sweden,SWE,2024-08-03T21:00:00Z,2024-08-03T23:00:00Z,19.31
Sweden,SWE,2024-08-03T22:00:00Z,2024-08-04T00:00:00Z,19.41
Sweden,SWE,2024-08-03T23:00:00Z,2024-08-04T01:00:00Z,18.65
Sweden,SWE,2024-08-04T00:00:00Z,2024-08-04T02:00:00Z,18.43
Sweden,SWE,2024-08-04T01:00:00Z,2024-08-04T03:00:00Z,18.03
Sweden,SWE,2024-08-04T02:00:00Z,2024-08-04T04:00:00Z,17.29
Sweden,SWE,2024-08-04T03:00:00Z,2024-08-04T05:00:00Z,17.01
Sweden,SWE,2024-08-04T04:00:00Z,2024-08-04T06:00:00Z,19.57
Sweden,SWE,2024-08-04T05:00:00Z,2024-08-04T07:00:00Z,20.78
Sweden,SWE,2024-08-04T06:00:00Z,2024-08-04T08:00:00Z,22.25
Sweden,SWE,2024-08-04T07:00:00Z,2024-08-04T09:00:00Z,20.93
Sweden,SWE,2024-08-04T08:00:00Z,2024-08-04T10:00:00Z,15.23
Sweden,SWE,2024-08-04T09:00:00Z,2024-08-04T11:00:00Z,4.97
Sweden,SWE,2024-08-04T10:00:00Z,2024-08-04T12:00:00Z,4.26
Sweden,SWE,2024-08-04T11:00:00Z,2024-08-04T13:00:00Z,-0.02
Sweden,SWE,2024-08-04T12:00:00Z,2024-08-04T14:00:00Z,1.92
Sweden,SWE,2024-08-04T13:00:00Z,2024-08-04T15:00:00Z,4.98
Sweden,SWE,2024-08-04T14:00:00Z,2024-08-04T16:00:00Z,15.85
Sweden,SWE,2024-08-04T15:00:00Z,2024-08-04T17:00:00Z,21.92
Sweden,SWE,2024-08-04T16:00:00Z,2024-08-04T18:00:00Z,25.88
Sweden,SWE,2024-08-04T17:00:00Z,2024-08-04T19:00:00Z,25.76
Sweden,SWE,2024-08-04T18:00:00Z,2024-08-04T20:00:00Z,25.12
Sweden,SWE,2024-08-04T19:00:00Z,2024-08-04T21:00:00Z,24.91
Sweden,SWE,2024-08-04T20:00:00Z,2024-08-04T22:00:00Z,24.02
Sweden,SWE,2024-08-04T21:00:00Z,2024-08-04T23:00:00Z,22.58
Sweden,SWE,2024-08-04T22:00:00Z,2024-08-05T00:00:00Z,23.19
Sweden,SWE,2024-08-04T23:00:00Z,2024-08-05T01:00:00Z,21.94
Sweden,SWE,2024-08-05T00:00:00Z,2024-08-05T02:00:00Z,20.79
Sweden,SWE,2024-08-05T01:00:00Z,2024-08-05T03:00:00Z,20.97
Sweden,SWE,2024-08-05T02:00:00Z,2024-08-05T04:00:00Z,21.44
Sweden,SWE,2024-08-05T03:00:00Z,2024-08-05T05:00:00Z,23.58
Sweden,SWE,2024-08-05T04:00:00Z,2024-08-05T06:00:00Z,39.09
Sweden,SWE,2024-08-05T05:00:00Z,2024-08-05T07:00:00Z,44.29
Sweden,SWE,2024-08-05T06:00:00Z,2024-08-05T08:00:00Z,41.65
Sweden,SWE,2024-08-05T07:00:00Z,2024-08-05T09:00:00Z,40.13
Sweden,SWE,2024-08-05T08:00:00Z,2024-08-05T10:00:00Z,35.62
Sweden,SWE,2024-08-05T09:00:00Z,2024-08-05T11:00:00Z,33.67
Sweden,SWE,2024-08-05T10:00:00Z,2024-08-05T12:00:00Z,32.31
Sweden,SWE,2024-08-05T11:00:00Z,2024-08-05T13:00:00Z,29.49
Sweden,SWE,2024-08-05T12:00:00Z,2024-08-05T14:00:00Z,28.18
Sweden,SWE,2024-08-05T13:00:00Z,2024-08-05T15:00:00Z,30.2
Sweden,SWE,2024-08-05T14:00:00Z,2024-08-05T16:00:00Z,33.3
Sweden,SWE,2024-08-05T15:00:00Z,2024-08-05T17:00:00Z,35.93
Sweden,SWE,2024-08-05T16:00:00Z,2024-08-05T18:00:00Z,40.49
Sweden,SWE,2024-08-05T17:00:00Z,2024-08-05T19:00:00Z,47.38
Sweden,SWE,2024-08-05T18:00:00Z,2024-08-05T20:00:00Z,63
Sweden,SWE,2024-08-05T19:00:00Z,2024-08-05T21:00:00Z,49.03
Sweden,SWE,2024-08-05T20:00:00Z,2024-08-05T22:00:00Z,40.1
Sweden,SWE,2024-08-05T21:00:00Z,2024-08-05T23:00:00Z,34.11
Sweden,SWE,2024-08-05T22:00:00Z,2024-08-06T00:00:00Z,32.67
Sweden,SWE,2024-08-05T23:00:00Z,2024-08-06T01:00:00Z,30.56
Sweden,SWE,2024-08-06T00:00:00Z,2024-08-06T02:00:00Z,29.2
Sweden,SWE,2024-08-06T01:00:00Z,2024-08-06T03:00:00Z,28.4
Sweden,SWE,2024-08-06T02:00:00Z,2024-08-06T04:00:00Z,28.84
Sweden,SWE,2024-08-06T03:00:00Z,2024-08-06T05:00:00Z,32.18
Sweden,SWE,2024-08-06T04:00:00Z,2024-08-06T06:00:00Z,39.85
Sweden,SWE,2024-08-06T05:00:00Z,2024-08-06T07:00:00Z,42.71
Sweden,SWE,2024-08-06T06:00:00Z,2024-08-06T08:00:00Z,36.45
Sweden,SWE,2024-08-06T07:00:00Z,2024-08-06T09:00:00Z,35.53
Sweden,SWE,2024-08-06T08:00:00Z,2024-08-06T10:00:00Z,29.37
Sweden,SWE,2024-08-06T09:00:00Z,2024-08-06T11:00:00Z,22.75
Sweden,SWE,2024-08-06T10:00:00Z,2024-08-06T12:00:00Z,17.47
Sweden,SWE,2024-08-06T11:00:00Z,2024-08-06T13:00:00Z,16.33
Sweden,SWE,2024-08-06T12:00:00Z,2024-08-06T14:00:00Z,16.53
Sweden,SWE,2024-08-06T13:00:00Z,2024-08-06T15:00:00Z,19.92
Sweden,SWE,2024-08-06T14:00:00Z,2024-08-06T16:00:00Z,29.47
Sweden,SWE,2024-08-06T15:00:00Z,2024-08-06T17:00:00Z,37.18
Sweden,SWE,2024-08-06T16:00:00Z,2024-08-06T18:00:00Z,41.4
Sweden,SWE,2024-08-06T17:00:00Z,2024-08-06T19:00:00Z,51.18
Sweden,SWE,2024-08-06T18:00:00Z,2024-08-06T20:00:00Z,60.04
Sweden,SWE,2024-08-06T19:00:00Z,2024-08-06T21:00:00Z,49.36
Sweden,SWE,2024-08-06T20:00:00Z,2024-08-06T22:00:00Z,38.32
Sweden,SWE,2024-08-06T21:00:00Z,2024-08-06T23:00:00Z,31.27
Sweden,SWE,2024-08-06T22:00:00Z,2024-08-07T00:00:00Z,26.22
Sweden,SWE,2024-08-06T23:00:00Z,2024-08-07T01:00:00Z,23.52
Sweden,SWE,2024-08-07T00:00:00Z,2024-08-07T02:00:00Z,22.5
Sweden,SWE,2024-08-07T01:00:00Z,2024-08-07T03:00:00Z,22.88
Sweden,SWE,2024-08-07T02:00:00Z,2024-08-07T04:00:00Z,23.76
Sweden,SWE,2024-08-07T03:00:00Z,2024-08-07T05:00:00Z,28.79
Sweden,SWE,2024-08-07T04:00:00Z,2024-08-07T06:00:00Z,35.09
Sweden,SWE,2024-08-07T05:00:00Z,2024-08-07T07:00:00Z,38.94
Sweden,SWE,2024-08-07T06:00:00Z,2024-08-07T08:00:00Z,37.7
Sweden,SWE,2024-08-07T07:00:00Z,2024-08-07T09:00:00Z,34.66
Sweden,SWE,2024-08-07T08:00:00Z,2024-08-07T10:00:00Z,31.3
Sweden,SWE,2024-08-07T09:00:00Z,2024-08-07T11:00:00Z,29.5
Sweden,SWE,2024-08-07T10:00:00Z,2024-08-07T12:00:00Z,25.17
Sweden,SWE,2024-08-07T11:00:00Z,2024-08-07T13:00:00Z,22.84
Sweden,SWE,2024-08-07T12:00:00Z,2024-08-07T14:00:00Z,24.91
Sweden,SWE,2024-08-07T13:00:00Z,2024-08-07T15:00:00Z,26.67
Sweden,SWE,2024-08-07T14:00:00Z,2024-08-07T16:00:00Z,29.6
Sweden,SWE,2024-08-07T15:00:00Z,2024-08-07T17:00:00Z,32.39
Sweden,SWE,2024-08-07T16:00:00Z,2024-08-07T18:00:00Z,35.04
Sweden,SWE,2024-08-07T17:00:00Z,2024-08-07T19:00:00Z,36.06
Sweden,SWE,2024-08-07T18:00:00Z,2024-08-07T20:00:00Z,39.13
Sweden,SWE,2024-08-07T19:00:00Z,2024-08-07T21:00:00Z,34.05
Sweden,SWE,2024-08-07T20:00:00Z,2024-08-07T22:00:00Z,26.54
Sweden,SWE,2024-08-07T21:00:00Z,2024-08-07T23:00:00Z,21.44
Sweden,SWE,2024-08-07T22:00:00Z,2024-08-08T00:00:00Z,19.2
Sweden,SWE,2024-08-07T23:00:00Z,2024-08-08T01:00:00Z,17.12
Sweden,SWE,2024-08-08T00:00:00Z,2024-08-08T02:00:00Z,17.07
Sweden,SWE,2024-08-08T01:00:00Z,2024-08-08T03:00:00Z,17.04
Sweden,SWE,2024-08-08T02:00:00Z,2024-08-08T04:00:00Z,17.37
Sweden,SWE,2024-08-08T03:00:00Z,2024-08-08T05:00:00Z,20.09
Sweden,SWE,2024-08-08T04:00:00Z,2024-08-08T06:00:00Z,25.87
Sweden,SWE,2024-08-08T05:00:00Z,2024-08-08T07:00:00Z,33.42
Sweden,SWE,2024-08-08T06:00:00Z,2024-08-08T08:00:00Z,34.03
Sweden,SWE,2024-08-08T07:00:00Z,2024-08-08T09:00:00Z,32.49
Sweden,SWE,2024-08-08T08:00:00Z,2024-08-08T10:00:00Z,27.26
Sweden,SWE,2024-08-08T09:00:00Z,2024-08-08T11:00:00Z,22.43
Sweden,SWE,2024-08-08T10:00:00Z,2024-08-08T12:00:00Z,19.46
Sweden,SWE,2024-08-08T11:00:00Z,2024-08-08T13:00:00Z,14.91
Sweden,SWE,2024-08-08T12:00:00Z,2024-08-08T14:00:00Z,11.69
Sweden,SWE,2024-08-08T13:00:00Z,2024-08-08T15:00:00Z,13.62
Sweden,SWE,2024-08-08T14:00:00Z,2024-08-08T16:00:00Z,16.35
Sweden,SWE,2024-08-08T15:00:00Z,2024-08-08T17:00:00Z,21.76
Sweden,SWE,2024-08-08T16:00:00Z,2024-08-08T18:00:00Z,26.9
Sweden,SWE,2024-08-08T17:00:00Z,2024-08-08T19:00:00Z,32.81
Sweden,SWE,2024-08-08T18:00:00Z,2024-08-08T20:00:00Z,40.5
Sweden,SWE,2024-08-08T19:00:00Z,2024-08-08T21:00:00Z,28.28
Sweden,SWE,2024-08-08T20:00:00Z,2024-08-08T22:00:00Z,21.15
Sweden,SWE,2024-08-08T21:00:00Z,2024-08-08T23:00:00Z,16
Sweden,SWE,2024-08-08T22:00:00Z,2024-08-09T00:00:00Z,19.16
Sweden,SWE,2024-08-08T23:00:00Z,2024-08-09T01:00:00Z,15.39
Sweden,SWE,2024-08-09T00:00:00Z,2024-08-09T02:00:00Z,12.99
Sweden,SWE,2024-08-09T01:00:00Z,2024-08-09T03:00:00Z,12.82
Sweden,SWE,2024-08-09T02:00:00Z,2024-08-09T04:00:00Z,11.7
Sweden,SWE,2024-08-09T03:00:00Z,2024-08-09T05:00:00Z,10.43
Sweden,SWE,2024-08-09T04:00:00Z,2024-08-09T06:00:00Z,19.74
Sweden,SWE,2024-08-09T05:00:00Z,2024-08-09T07:00:00Z,28.5
Sweden,SWE,2024-08-09T06:00:00Z,2024-08-09T08:00:00Z,24.56
Sweden,SWE,2024-08-09T07:00:00Z,2024-08-09T09:00:00Z,19.36
Sweden,SWE,2024-08-09T08:00:00Z,2024-08-09T10:00:00Z,8.76
Sweden,SWE,2024-08-09T09:00:00Z,2024-08-09T11:00:00Z,2.98
Sweden,SWE,2024-08-09T10:00:00Z,2024-08-09T12:00:00Z,0.05
Sweden,SWE,2024-08-09T11:00:00Z,2024-08-09T13:00:00Z,-0.16
Sweden,SWE,2024-08-09T12:00:00Z,2024-08-09T14:00:00Z,-0.8
Sweden,SWE,2024-08-09T13:00:00Z,2024-08-09T15:00:00Z,-0.11
Sweden,SWE,2024-08-09T14:00:00Z,2024-08-09T16:00:00Z,-0.01
Sweden,SWE,2024-08-09T15:00:00Z,2024-08-09T17:00:00Z,2.62
Sweden,SWE,2024-08-09T16:00:00Z,2024-08-09T18:00:00Z,4.89
Sweden,SWE,2024-08-09T17:00:00Z,2024-08-09T19:00:00Z,4.06
Sweden,SWE,2024-08-09T18:00:00Z,2024-08-09T20:00:00Z,3.35
Sweden,SWE,2024-08-09T19:00:00Z,2024-08-09T21:00:00Z,1.64
Sweden,SWE,2024-08-09T20:00:00Z,2024-08-09T22:00:00Z,-0.06
Sweden,SWE,2024-08-09T21:00:00Z,2024-08-09T23:00:00Z,-1.28
Sweden,SWE,2024-08-09T22:00:00Z,2024-08-10T00:00:00Z,-0.81
Sweden,SWE,2024-08-09T23:00:00Z,2024-08-10T01:00:00Z,-0.89
Sweden,SWE,2024-08-10T00:00:00Z,2024-08-10T02:00:00Z,-0.87
Sweden,SWE,2024-08-10T01:00:00Z,2024-08-10T03:00:00Z,-0.9
Sweden,SWE,2024-08-10T02:00:00Z,2024-08-10T04:00:00Z,-1
Sweden,SWE,2024-08-10T03:00:00Z,2024-08-10T05:00:00Z,-1
Sweden,SWE,2024-08-10T04:00:00Z,2024-08-10T06:00:00Z,-0.82
Sweden,SWE,2024-08-10T05:00:00Z,2024-08-10T07:00:00Z,-0.51
Sweden,SWE,2024-08-10T06:00:00Z,2024-08-10T08:00:00Z,-0.15
Sweden,SWE,2024-08-10T07:00:00Z,2024-08-10T09:00:00Z,-0.7
Sweden,SWE,2024-08-10T08:00:00Z,2024-08-10T10:00:00Z,-3
Sweden,SWE,2024-08-10T09:00:00Z,2024-08-10T11:00:00Z,-12.2
Sweden,SWE,2024-08-10T10:00:00Z,2024-08-10T12:00:00Z,-21.86
Sweden,SWE,2024-08-10T11:00:00Z,2024-08-10T13:00:00Z,-38.46
Sweden,SWE,2024-08-10T12:00:00Z,2024-08-10T14:00:00Z,-37.24
Sweden,SWE,2024-08-10T13:00:00Z,2024-08-10T15:00:00Z,-27.73
Sweden,SWE,2024-08-10T14:00:00Z,2024-08-10T16:00:00Z,-7.92
Sweden,SWE,2024-08-10T15:00:00Z,2024-08-10T17:00:00Z,0
Sweden,SWE,2024-08-10T16:00:00Z,2024-08-10T18:00:00Z,2.51
Sweden,SWE,2024-08-10T17:00:00Z,2024-08-10T19:00:00Z,2.9
Sweden,SWE,2024-08-10T18:00:00Z,2024-08-10T20:00:00Z,2.9
Sweden,SWE,2024-08-10T19:00:00Z,2024-08-10T21:00:00Z,2.94
Sweden,SWE,2024-08-10T20:00:00Z,2024-08-10T22:00:00Z,2.19
Sweden,SWE,2024-08-10T21:00:00Z,2024-08-10T23:00:00Z,0.43
Sweden,SWE,2024-08-10T22:00:00Z,2024-08-11T00:00:00Z,0
Sweden,SWE,2024-08-10T23:00:00Z,2024-08-11T01:00:00Z,-0.01
Sweden,SWE,2024-08-11T00:00:00Z,2024-08-11T02:00:00Z,-0.01
Sweden,SWE,2024-08-11T01:00:00Z,2024-08-11T03:00:00Z,-0.01
Sweden,SWE,2024-08-11T02:00:00Z,2024-08-11T04:00:00Z,-0.01
Sweden,SWE,2024-08-11T03:00:00Z,2024-08-11T05:00:00Z,-0.01
Sweden,SWE,2024-08-11T04:00:00Z,2024-08-11T06:00:00Z,-0.01
Sweden,SWE,2024-08-11T05:00:00Z,2024-08-11T07:00:00Z,0.47
Sweden,SWE,2024-08-11T06:00:00Z,2024-08-11T08:00:00Z,0.89
Sweden,SWE,2024-08-11T07:00:00Z,2024-08-11T09:00:00Z,0
Sweden,SWE,2024-08-11T08:00:00Z,2024-08-11T10:00:00Z,-5
Sweden,SWE,2024-08-11T09:00:00Z,2024-08-11T11:00:00Z,-14.18
Sweden,SWE,2024-08-11T10:00:00Z,2024-08-11T12:00:00Z,-29.74
Sweden,SWE,2024-08-11T11:00:00Z,2024-08-11T13:00:00Z,-55.36
Sweden,SWE,2024-08-11T12:00:00Z,2024-08-11T14:00:00Z,-36.88
Sweden,SWE,2024-08-11T13:00:00Z,2024-08-11T15:00:00Z,-23.01
Sweden,SWE,2024-08-11T14:00:00Z,2024-08-11T16:00:00Z,-4.31
Sweden,SWE,2024-08-11T15:00:00Z,2024-08-11T17:00:00Z,0.01
Sweden,SWE,2024-08-11T16:00:00Z,2024-08-11T18:00:00Z,2.76
Sweden,SWE,2024-08-11T17:00:00Z,2024-08-11T19:00:00Z,3
Sweden,SWE,2024-08-11T18:00:00Z,2024-08-11T20:00:00Z,2.9
Sweden,SWE,2024-08-11T19:00:00Z,2024-08-11T21:00:00Z,2.91
Sweden,SWE,2024-08-11T20:00:00Z,2024-08-11T22:00:00Z,2.42
Sweden,SWE,2024-08-11T21:00:00Z,2024-08-11T23:00:00Z,0.69
Sweden,SWE,2024-08-11T22:00:00Z,2024-08-12T00:00:00Z,0.49
Sweden,SWE,2024-08-11T23:00:00Z,2024-08-12T01:00:00Z,0.41
Sweden,SWE,2024-08-12T00:00:00Z,2024-08-12T02:00:00Z,0.36
Sweden,SWE,2024-08-12T01:00:00Z,2024-08-12T03:00:00Z,0.64
Sweden,SWE,2024-08-12T02:00:00Z,2024-08-12T04:00:00Z,2.06
Sweden,SWE,2024-08-12T03:00:00Z,2024-08-12T05:00:00Z,3.04
Sweden,SWE,2024-08-12T04:00:00Z,2024-08-12T06:00:00Z,6.78
Sweden,SWE,2024-08-12T05:00:00Z,2024-08-12T07:00:00Z,12.72
Sweden,SWE,2024-08-12T06:00:00Z,2024-08-12T08:00:00Z,17.39
Sweden,SWE,2024-08-12T07:00:00Z,2024-08-12T09:00:00Z,24.05
Sweden,SWE,2024-08-12T08:00:00Z,2024-08-12T10:00:00Z,18.63
Sweden,SWE,2024-08-12T09:00:00Z,2024-08-12T11:00:00Z,14.69
Sweden,SWE,2024-08-12T10:00:00Z,2024-08-12T12:00:00Z,10.06
Sweden,SWE,2024-08-12T11:00:00Z,2024-08-12T13:00:00Z,6.98
Sweden,SWE,2024-08-12T12:00:00Z,2024-08-12T14:00:00Z,13.47
Sweden,SWE,2024-08-12T13:00:00Z,2024-08-12T15:00:00Z,14.76
Sweden,SWE,2024-08-12T14:00:00Z,2024-08-12T16:00:00Z,22.95
Sweden,SWE,2024-08-12T15:00:00Z,2024-08-12T17:00:00Z,31.7
Sweden,SWE,2024-08-12T16:00:00Z,2024-08-12T18:00:00Z,39.31
Sweden,SWE,2024-08-12T17:00:00Z,2024-08-12T19:00:00Z,53.87
Sweden,SWE,2024-08-12T18:00:00Z,2024-08-12T20:00:00Z,54.75
Sweden,SWE,2024-08-12T19:00:00Z,2024-08-12T21:00:00Z,36.26
Sweden,SWE,2024-08-12T20:00:00Z,2024-08-12T22:00:00Z,27.1
Sweden,SWE,2024-08-12T21:00:00Z,2024-08-12T23:00:00Z,13.96
Sweden,SWE,2024-08-12T22:00:00Z,2024-08-13T00:00:00Z,15.68
Sweden,SWE,2024-08-12T23:00:00Z,2024-08-13T01:00:00Z,15.78
Sweden,SWE,2024-08-13T00:00:00Z,2024-08-13T02:00:00Z,15.98
Sweden,SWE,2024-08-13T01:00:00Z,2024-08-13T03:00:00Z,16.59
Sweden,SWE,2024-08-13T02:00:00Z,2024-08-13T04:00:00Z,17.45
Sweden,SWE,2024-08-13T03:00:00Z,2024-08-13T05:00:00Z,18.98
Sweden,SWE,2024-08-13T04:00:00Z,2024-08-13T06:00:00Z,20.71
Sweden,SWE,2024-08-13T05:00:00Z,2024-08-13T07:00:00Z,38.08
Sweden,SWE,2024-08-13T06:00:00Z,2024-08-13T08:00:00Z,41.58
Sweden,SWE,2024-08-13T07:00:00Z,2024-08-13T09:00:00Z,25.91
Sweden,SWE,2024-08-13T08:00:00Z,2024-08-13T10:00:00Z,23.09
Sweden,SWE,2024-08-13T09:00:00Z,2024-08-13T11:00:00Z,20.47
Sweden,SWE,2024-08-13T10:00:00Z,2024-08-13T12:00:00Z,18.4
Sweden,SWE,2024-08-13T11:00:00Z,2024-08-13T13:00:00Z,17.93
Sweden,SWE,2024-08-13T12:00:00Z,2024-08-13T14:00:00Z,18.72
Sweden,SWE,2024-08-13T13:00:00Z,2024-08-13T15:00:00Z,21.19
Sweden,SWE,2024-08-13T14:00:00Z,2024-08-13T16:00:00Z,25.13
Sweden,SWE,2024-08-13T15:00:00Z,2024-08-13T17:00:00Z,34.73
Sweden,SWE,2024-08-13T16:00:00Z,2024-08-13T18:00:00Z,40.2
Sweden,SWE,2024-08-13T17:00:00Z,2024-08-13T19:00:00Z,50.54
Sweden,SWE,2024-08-13T18:00:00Z,2024-08-13T20:00:00Z,20.8
Sweden,SWE,2024-08-13T19:00:00Z,2024-08-13T21:00:00Z,18.08
Sweden,SWE,2024-08-13T20:00:00Z,2024-08-13T22:00:00Z,18.4
Sweden,SWE,2024-08-13T21:00:00Z,2024-08-13T23:00:00Z,14.96
Sweden,SWE,2024-08-13T22:00:00Z,2024-08-14T00:00:00Z,17.3
Sweden,SWE,2024-08-13T23:00:00Z,2024-08-14T01:00:00Z,16.6
Sweden,SWE,2024-08-14T00:00:00Z,2024-08-14T02:00:00Z,15.33
Sweden,SWE,2024-08-14T01:00:00Z,2024-08-14T03:00:00Z,15.01
Sweden,SWE,2024-08-14T02:00:00Z,2024-08-14T04:00:00Z,15.46
Sweden,SWE,2024-08-14T03:00:00Z,2024-08-14T05:00:00Z,16.22
Sweden,SWE,2024-08-14T04:00:00Z,2024-08-14T06:00:00Z,16.37
Sweden,SWE,2024-08-14T05:00:00Z,2024-08-14T07:00:00Z,17.3
Sweden,SWE,2024-08-14T06:00:00Z,2024-08-14T08:00:00Z,37.79
Sweden,SWE,2024-08-14T07:00:00Z,2024-08-14T09:00:00Z,20.86
Sweden,SWE,2024-08-14T08:00:00Z,2024-08-14T10:00:00Z,20.31
Sweden,SWE,2024-08-14T09:00:00Z,2024-08-14T11:00:00Z,17.97
Sweden,SWE,2024-08-14T10:00:00Z,2024-08-14T12:00:00Z,17.46
Sweden,SWE,2024-08-14T11:00:00Z,2024-08-14T13:00:00Z,16.96
Sweden,SWE,2024-08-14T12:00:00Z,2024-08-14T14:00:00Z,16.77
Sweden,SWE,2024-08-14T13:00:00Z,2024-08-14T15:00:00Z,16.83
Sweden,SWE,2024-08-14T14:00:00Z,2024-08-14T16:00:00Z,17
Sweden,SWE,2024-08-14T15:00:00Z,2024-08-14T17:00:00Z,18.96
Sweden,SWE,2024-08-14T16:00:00Z,2024-08-14T18:00:00Z,36.75
Sweden,SWE,2024-08-14T17:00:00Z,2024-08-14T19:00:00Z,44.48
Sweden,SWE,2024-08-14T18:00:00Z,2024-08-14T20:00:00Z,50.63
Sweden,SWE,2024-08-14T19:00:00Z,2024-08-14T21:00:00Z,16.98
Sweden,SWE,2024-08-14T20:00:00Z,2024-08-14T22:00:00Z,18.7
Sweden,SWE,2024-08-14T21:00:00Z,2024-08-14T23:00:00Z,15.15
Sweden,SWE,2024-08-14T22:00:00Z,2024-08-15T00:00:00Z,7.8
Sweden,SWE,2024-08-14T23:00:00Z,2024-08-15T01:00:00Z,5.86
Sweden,SWE,2024-08-15T00:00:00Z,2024-08-15T02:00:00Z,4.2
Sweden,SWE,2024-08-15T01:00:00Z,2024-08-15T03:00:00Z,3.9
Sweden,SWE,2024-08-15T02:00:00Z,2024-08-15T04:00:00Z,4.12
Sweden,SWE,2024-08-15T03:00:00Z,2024-08-15T05:00:00Z,7
Sweden,SWE,2024-08-15T04:00:00Z,2024-08-15T06:00:00Z,26.92
Sweden,SWE,2024-08-15T05:00:00Z,2024-08-15T07:00:00Z,33.66
Sweden,SWE,2024-08-15T06:00:00Z,2024-08-15T08:00:00Z,37.15
Sweden,SWE,2024-08-15T07:00:00Z,2024-08-15T09:00:00Z,32.47
Sweden,SWE,2024-08-15T08:00:00Z,2024-08-15T10:00:00Z,21.54
Sweden,SWE,2024-08-15T09:00:00Z,2024-08-15T11:00:00Z,15.18
Sweden,SWE,2024-08-15T10:00:00Z,2024-08-15T12:00:00Z,9.86
Sweden,SWE,2024-08-15T11:00:00Z,2024-08-15T13:00:00Z,4.19
Sweden,SWE,2024-08-15T12:00:00Z,2024-08-15T14:00:00Z,3.18
Sweden,SWE,2024-08-15T13:00:00Z,2024-08-15T15:00:00Z,4.36
Sweden,SWE,2024-08-15T14:00:00Z,2024-08-15T16:00:00Z,15.79
Sweden,SWE,2024-08-15T15:00:00Z,2024-08-15T17:00:00Z,12.14
Sweden,SWE,2024-08-15T16:00:00Z,2024-08-15T18:00:00Z,29.6
Sweden,SWE,2024-08-15T17:00:00Z,2024-08-15T19:00:00Z,32.41
Sweden,SWE,2024-08-15T18:00:00Z,2024-08-15T20:00:00Z,32.22
Sweden,SWE,2024-08-15T19:00:00Z,2024-08-15T21:00:00Z,27.99
Sweden,SWE,2024-08-15T20:00:00Z,2024-08-15T22:00:00Z,21.94
Sweden,SWE,2024-08-15T21:00:00Z,2024-08-15T23:00:00Z,15.11
Sweden,SWE,2024-08-15T22:00:00Z,2024-08-16T00:00:00Z,14.21
Sweden,SWE,2024-08-15T23:00:00Z,2024-08-16T01:00:00Z,11.81
Sweden,SWE,2024-08-16T00:00:00Z,2024-08-16T02:00:00Z,-0.02
Sweden,SWE,2024-08-16T01:00:00Z,2024-08-16T03:00:00Z,-0.52
Sweden,SWE,2024-08-16T02:00:00Z,2024-08-16T04:00:00Z,0.02
Sweden,SWE,2024-08-16T03:00:00Z,2024-08-16T05:00:00Z,13.23
Sweden,SWE,2024-08-16T04:00:00Z,2024-08-16T06:00:00Z,21.04
Sweden,SWE,2024-08-16T05:00:00Z,2024-08-16T07:00:00Z,24.72
Sweden,SWE,2024-08-16T06:00:00Z,2024-08-16T08:00:00Z,26.69
Sweden,SWE,2024-08-16T07:00:00Z,2024-08-16T09:00:00Z,24.03
Sweden,SWE,2024-08-16T08:00:00Z,2024-08-16T10:00:00Z,21.47
Sweden,SWE,2024-08-16T09:00:00Z,2024-08-16T11:00:00Z,19.25
Sweden,SWE,2024-08-16T10:00:00Z,2024-08-16T12:00:00Z,14.35
Sweden,SWE,2024-08-16T11:00:00Z,2024-08-16T13:00:00Z,11.84
Sweden,SWE,2024-08-16T12:00:00Z,2024-08-16T14:00:00Z,10.88
Sweden,SWE,2024-08-16T13:00:00Z,2024-08-16T15:00:00Z,19.72
Sweden,SWE,2024-08-16T14:00:00Z,2024-08-16T16:00:00Z,22.66
Sweden,SWE,2024-08-16T15:00:00Z,2024-08-16T17:00:00Z,28.59
Sweden,SWE,2024-08-16T16:00:00Z,2024-08-16T18:00:00Z,34.51
Sweden,SWE,2024-08-16T17:00:00Z,2024-08-16T19:00:00Z,49.69
Sweden,SWE,2024-08-16T18:00:00Z,2024-08-16T20:00:00Z,51.43
Sweden,SWE,2024-08-16T19:00:00Z,2024-08-16T21:00:00Z,40.95
Sweden,SWE,2024-08-16T20:00:00Z,2024-08-16T22:00:00Z,35.02
Sweden,SWE,2024-08-16T21:00:00Z,2024-08-16T23:00:00Z,29.63
Sweden,SWE,2024-08-16T22:00:00Z,2024-08-17T00:00:00Z,27.4
Sweden,SWE,2024-08-16T23:00:00Z,2024-08-17T01:00:00Z,26.57
Sweden,SWE,2024-08-17T00:00:00Z,2024-08-17T02:00:00Z,24.35
Sweden,SWE,2024-08-17T01:00:00Z,2024-08-17T03:00:00Z,24.28
Sweden,SWE,2024-08-17T02:00:00Z,2024-08-17T04:00:00Z,25.24
Sweden,SWE,2024-08-17T03:00:00Z,2024-08-17T05:00:00Z,25.47
Sweden,SWE,2024-08-17T04:00:00Z,2024-08-17T06:00:00Z,24.61
Sweden,SWE,2024-08-17T05:00:00Z,2024-08-17T07:00:00Z,25.85
Sweden,SWE,2024-08-17T06:00:00Z,2024-08-17T08:00:00Z,27.47
Sweden,SWE,2024-08-17T07:00:00Z,2024-08-17T09:00:00Z,24.17
Sweden,SWE,2024-08-17T08:00:00Z,2024-08-17T10:00:00Z,21.37
Sweden,SWE,2024-08-17T09:00:00Z,2024-08-17T11:00:00Z,18.13
Sweden,SWE,2024-08-17T10:00:00Z,2024-08-17T12:00:00Z,10.13
Sweden,SWE,2024-08-17T11:00:00Z,2024-08-17T13:00:00Z,9.57
Sweden,SWE,2024-08-17T12:00:00Z,2024-08-17T14:00:00Z,9.49
Sweden,SWE,2024-08-17T13:00:00Z,2024-08-17T15:00:00Z,10.45
Sweden,SWE,2024-08-17T14:00:00Z,2024-08-17T16:00:00Z,12.37
Sweden,SWE,2024-08-17T15:00:00Z,2024-08-17T17:00:00Z,26.27
Sweden,SWE,2024-08-17T16:00:00Z,2024-08-17T18:00:00Z,31.28
Sweden,SWE,2024-08-17T17:00:00Z,2024-08-17T19:00:00Z,35.02
Sweden,SWE,2024-08-17T18:00:00Z,2024-08-17T20:00:00Z,36.79
Sweden,SWE,2024-08-17T19:00:00Z,2024-08-17T21:00:00Z,33.57
Sweden,SWE,2024-08-17T20:00:00Z,2024-08-17T22:00:00Z,31.69
Sweden,SWE,2024-08-17T21:00:00Z,2024-08-17T23:00:00Z,27.69
Sweden,SWE,2024-08-17T22:00:00Z,2024-08-18T00:00:00Z,25.58
Sweden,SWE,2024-08-17T23:00:00Z,2024-08-18T01:00:00Z,24.28
Sweden,SWE,2024-08-18T00:00:00Z,2024-08-18T02:00:00Z,23.48
Sweden,SWE,2024-08-18T01:00:00Z,2024-08-18T03:00:00Z,24.45
Sweden,SWE,2024-08-18T02:00:00Z,2024-08-18T04:00:00Z,24.7
Sweden,SWE,2024-08-18T03:00:00Z,2024-08-18T05:00:00Z,25.19
Sweden,SWE,2024-08-18T04:00:00Z,2024-08-18T06:00:00Z,24.48
Sweden,SWE,2024-08-18T05:00:00Z,2024-08-18T07:00:00Z,24.03
Sweden,SWE,2024-08-18T06:00:00Z,2024-08-18T08:00:00Z,23.2
Sweden,SWE,2024-08-18T07:00:00Z,2024-08-18T09:00:00Z,22.1
Sweden,SWE,2024-08-18T08:00:00Z,2024-08-18T10:00:00Z,19.88
Sweden,SWE,2024-08-18T09:00:00Z,2024-08-18T11:00:00Z,19.12
Sweden,SWE,2024-08-18T10:00:00Z,2024-08-18T12:00:00Z,18.11
Sweden,SWE,2024-08-18T11:00:00Z,2024-08-18T13:00:00Z,13.49
Sweden,SWE,2024-08-18T12:00:00Z,2024-08-18T14:00:00Z,10.61
Sweden,SWE,2024-08-18T13:00:00Z,2024-08-18T15:00:00Z,15.87
Sweden,SWE,2024-08-18T14:00:00Z,2024-08-18T16:00:00Z,19.28
Sweden,SWE,2024-08-18T15:00:00Z,2024-08-18T17:00:00Z,21.66
Sweden,SWE,2024-08-18T16:00:00Z,2024-08-18T18:00:00Z,23.88
Sweden,SWE,2024-08-18T17:00:00Z,2024-08-18T19:00:00Z,26.74
Sweden,SWE,2024-08-18T18:00:00Z,2024-08-18T20:00:00Z,26.88
Sweden,SWE,2024-08-18T19:00:00Z,2024-08-18T21:00:00Z,24.51
Sweden,SWE,2024-08-18T20:00:00Z,2024-08-18T22:00:00Z,23.21
Sweden,SWE,2024-08-18T21:00:00Z,2024-08-18T23:00:00Z,18.99
Sweden,SWE,2024-08-18T22:00:00Z,2024-08-19T00:00:00Z,18.59
Sweden,SWE,2024-08-18T23:00:00Z,2024-08-19T01:00:00Z,16.8
Sweden,SWE,2024-08-19T00:00:00Z,2024-08-19T02:00:00Z,16.24
Sweden,SWE,2024-08-19T01:00:00Z,2024-08-19T03:00:00Z,10.86
Sweden,SWE,2024-08-19T02:00:00Z,2024-08-19T04:00:00Z,10.9
Sweden,SWE,2024-08-19T03:00:00Z,2024-08-19T05:00:00Z,5
Sweden,SWE,2024-08-19T04:00:00Z,2024-08-19T06:00:00Z,5.34
Sweden,SWE,2024-08-19T05:00:00Z,2024-08-19T07:00:00Z,10.31
Sweden,SWE,2024-08-19T06:00:00Z,2024-08-19T08:00:00Z,11.98
Sweden,SWE,2024-08-19T07:00:00Z,2024-08-19T09:00:00Z,9.47
Sweden,SWE,2024-08-19T08:00:00Z,2024-08-19T10:00:00Z,7.22
Sweden,SWE,2024-08-19T09:00:00Z,2024-08-19T11:00:00Z,5.91
Sweden,SWE,2024-08-19T10:00:00Z,2024-08-19T12:00:00Z,6.9
Sweden,SWE,2024-08-19T11:00:00Z,2024-08-19T13:00:00Z,6.21
Sweden,SWE,2024-08-19T12:00:00Z,2024-08-19T14:00:00Z,6.46
Sweden,SWE,2024-08-19T13:00:00Z,2024-08-19T15:00:00Z,7.63
Sweden,SWE,2024-08-19T14:00:00Z,2024-08-19T16:00:00Z,9.97
Sweden,SWE,2024-08-19T15:00:00Z,2024-08-19T17:00:00Z,12.06
Sweden,SWE,2024-08-19T16:00:00Z,2024-08-19T18:00:00Z,30.34
Sweden,SWE,2024-08-19T17:00:00Z,2024-08-19T19:00:00Z,45.75
Sweden,SWE,2024-08-19T18:00:00Z,2024-08-19T20:00:00Z,45.85
Sweden,SWE,2024-08-19T19:00:00Z,2024-08-19T21:00:00Z,34.71
Sweden,SWE,2024-08-19T20:00:00Z,2024-08-19T22:00:00Z,26.18
Sweden,SWE,2024-08-19T21:00:00Z,2024-08-19T23:00:00Z,20.44
Sweden,SWE,2024-08-19T22:00:00Z,2024-08-20T00:00:00Z,18.88
Sweden,SWE,2024-08-19T23:00:00Z,2024-08-20T01:00:00Z,17.99
Sweden,SWE,2024-08-20T00:00:00Z,2024-08-20T02:00:00Z,17.49
Sweden,SWE,2024-08-20T01:00:00Z,2024-08-20T03:00:00Z,15.99
Sweden,SWE,2024-08-20T02:00:00Z,2024-08-20T04:00:00Z,15.34
Sweden,SWE,2024-08-20T03:00:00Z,2024-08-20T05:00:00Z,18.09
Sweden,SWE,2024-08-20T04:00:00Z,2024-08-20T06:00:00Z,5.18
Sweden,SWE,2024-08-20T05:00:00Z,2024-08-20T07:00:00Z,7.48
Sweden,SWE,2024-08-20T06:00:00Z,2024-08-20T08:00:00Z,8.91
Sweden,SWE,2024-08-20T07:00:00Z,2024-08-20T09:00:00Z,8.97
Sweden,SWE,2024-08-20T08:00:00Z,2024-08-20T10:00:00Z,7.71
Sweden,SWE,2024-08-20T09:00:00Z,2024-08-20T11:00:00Z,6.97
Sweden,SWE,2024-08-20T10:00:00Z,2024-08-20T12:00:00Z,7.39
Sweden,SWE,2024-08-20T11:00:00Z,2024-08-20T13:00:00Z,5.78
Sweden,SWE,2024-08-20T12:00:00Z,2024-08-20T14:00:00Z,5.33
Sweden,SWE,2024-08-20T13:00:00Z,2024-08-20T15:00:00Z,4.96
Sweden,SWE,2024-08-20T14:00:00Z,2024-08-20T16:00:00Z,5.24
Sweden,SWE,2024-08-20T15:00:00Z,2024-08-20T17:00:00Z,6.57
Sweden,SWE,2024-08-20T16:00:00Z,2024-08-20T18:00:00Z,7
Sweden,SWE,2024-08-20T17:00:00Z,2024-08-20T19:00:00Z,6.54
Sweden,SWE,2024-08-20T18:00:00Z,2024-08-20T20:00:00Z,5.06
Sweden,SWE,2024-08-20T19:00:00Z,2024-08-20T21:00:00Z,3.56
Sweden,SWE,2024-08-20T20:00:00Z,2024-08-20T22:00:00Z,2.68
Sweden,SWE,2024-08-20T21:00:00Z,2024-08-20T23:00:00Z,0.01
Sweden,SWE,2024-08-20T22:00:00Z,2024-08-21T00:00:00Z,-0.11
Sweden,SWE,2024-08-20T23:00:00Z,2024-08-21T01:00:00Z,-0.57
Sweden,SWE,2024-08-21T00:00:00Z,2024-08-21T02:00:00Z,-0.8
Sweden,SWE,2024-08-21T01:00:00Z,2024-08-21T03:00:00Z,-0.81
Sweden,SWE,2024-08-21T02:00:00Z,2024-08-21T04:00:00Z,-0.59
Sweden,SWE,2024-08-21T03:00:00Z,2024-08-21T05:00:00Z,0
Sweden,SWE,2024-08-21T04:00:00Z,2024-08-21T06:00:00Z,2.23
Sweden,SWE,2024-08-21T05:00:00Z,2024-08-21T07:00:00Z,9.34
Sweden,SWE,2024-08-21T06:00:00Z,2024-08-21T08:00:00Z,21.2
Sweden,SWE,2024-08-21T07:00:00Z,2024-08-21T09:00:00Z,14.74
Sweden,SWE,2024-08-21T08:00:00Z,2024-08-21T10:00:00Z,2.95
Sweden,SWE,2024-08-21T09:00:00Z,2024-08-21T11:00:00Z,1.86
Sweden,SWE,2024-08-21T10:00:00Z,2024-08-21T12:00:00Z,0.43
Sweden,SWE,2024-08-21T11:00:00Z,2024-08-21T13:00:00Z,0
Sweden,SWE,2024-08-21T12:00:00Z,2024-08-21T14:00:00Z,-0.07
Sweden,SWE,2024-08-21T13:00:00Z,2024-08-21T15:00:00Z,-0.01
Sweden,SWE,2024-08-21T14:00:00Z,2024-08-21T16:00:00Z,1.4
Sweden,SWE,2024-08-21T15:00:00Z,2024-08-21T17:00:00Z,3.96
Sweden,SWE,2024-08-21T16:00:00Z,2024-08-21T18:00:00Z,8.58
Sweden,SWE,2024-08-21T17:00:00Z,2024-08-21T19:00:00Z,7.4
Sweden,SWE,2024-08-21T18:00:00Z,2024-08-21T20:00:00Z,5.31
Sweden,SWE,2024-08-21T19:00:00Z,2024-08-21T21:00:00Z,4.42
Sweden,SWE,2024-08-21T20:00:00Z,2024-08-21T22:00:00Z,3.94
Sweden,SWE,2024-08-21T21:00:00Z,2024-08-21T23:00:00Z,3.32
Sweden,SWE,2024-08-21T22:00:00Z,2024-08-22T00:00:00Z,2.44
Sweden,SWE,2024-08-21T23:00:00Z,2024-08-22T01:00:00Z,2.34
Sweden,SWE,2024-08-22T00:00:00Z,2024-08-22T02:00:00Z,2.11
Sweden,SWE,2024-08-22T01:00:00Z,2024-08-22T03:00:00Z,2.2
Sweden,SWE,2024-08-22T02:00:00Z,2024-08-22T04:00:00Z,2.69
Sweden,SWE,2024-08-22T03:00:00Z,2024-08-22T05:00:00Z,3.07
Sweden,SWE,2024-08-22T04:00:00Z,2024-08-22T06:00:00Z,4.92
Sweden,SWE,2024-08-22T05:00:00Z,2024-08-22T07:00:00Z,11.07
Sweden,SWE,2024-08-22T06:00:00Z,2024-08-22T08:00:00Z,15.37
Sweden,SWE,2024-08-22T07:00:00Z,2024-08-22T09:00:00Z,13.94
Sweden,SWE,2024-08-22T08:00:00Z,2024-08-22T10:00:00Z,7.84
Sweden,SWE,2024-08-22T09:00:00Z,2024-08-22T11:00:00Z,3.79
Sweden,SWE,2024-08-22T10:00:00Z,2024-08-22T12:00:00Z,2.8
Sweden,SWE,2024-08-22T11:00:00Z,2024-08-22T13:00:00Z,2.48
Sweden,SWE,2024-08-22T12:00:00Z,2024-08-22T14:00:00Z,1.59
Sweden,SWE,2024-08-22T13:00:00Z,2024-08-22T15:00:00Z,1.15
Sweden,SWE,2024-08-22T14:00:00Z,2024-08-22T16:00:00Z,3.73
Sweden,SWE,2024-08-22T15:00:00Z,2024-08-22T17:00:00Z,8.35
Sweden,SWE,2024-08-22T16:00:00Z,2024-08-22T18:00:00Z,7.56
Sweden,SWE,2024-08-22T17:00:00Z,2024-08-22T19:00:00Z,5.55
Sweden,SWE,2024-08-22T18:00:00Z,2024-08-22T20:00:00Z,4.84
Sweden,SWE,2024-08-22T19:00:00Z,2024-08-22T21:00:00Z,3.57
Sweden,SWE,2024-08-22T20:00:00Z,2024-08-22T22:00:00Z,2.35
Sweden,SWE,2024-08-22T21:00:00Z,2024-08-22T23:00:00Z,0
Sweden,SWE,2024-08-22T22:00:00Z,2024-08-23T00:00:00Z,-1.07
Sweden,SWE,2024-08-22T23:00:00Z,2024-08-23T01:00:00Z,-1.09
Sweden,SWE,2024-08-23T00:00:00Z,2024-08-23T02:00:00Z,-1
Sweden,SWE,2024-08-23T01:00:00Z,2024-08-23T03:00:00Z,-0.81
Sweden,SWE,2024-08-23T02:00:00Z,2024-08-23T04:00:00Z,-0.16
Sweden,SWE,2024-08-23T03:00:00Z,2024-08-23T05:00:00Z,0
Sweden,SWE,2024-08-23T04:00:00Z,2024-08-23T06:00:00Z,2.18
Sweden,SWE,2024-08-23T05:00:00Z,2024-08-23T07:00:00Z,3.97
Sweden,SWE,2024-08-23T06:00:00Z,2024-08-23T08:00:00Z,4.72
Sweden,SWE,2024-08-23T07:00:00Z,2024-08-23T09:00:00Z,3.71
Sweden,SWE,2024-08-23T08:00:00Z,2024-08-23T10:00:00Z,1.22
Sweden,SWE,2024-08-23T09:00:00Z,2024-08-23T11:00:00Z,0.01
Sweden,SWE,2024-08-23T10:00:00Z,2024-08-23T12:00:00Z,-0.07
Sweden,SWE,2024-08-23T11:00:00Z,2024-08-23T13:00:00Z,-0.8
Sweden,SWE,2024-08-23T12:00:00Z,2024-08-23T14:00:00Z,-1.76
Sweden,SWE,2024-08-23T13:00:00Z,2024-08-23T15:00:00Z,-0.81
Sweden,SWE,2024-08-23T14:00:00Z,2024-08-23T16:00:00Z,0.32
Sweden,SWE,2024-08-23T15:00:00Z,2024-08-23T17:00:00Z,2.64
Sweden,SWE,2024-08-23T16:00:00Z,2024-08-23T18:00:00Z,3.56
Sweden,SWE,2024-08-23T17:00:00Z,2024-08-23T19:00:00Z,2.65
Sweden,SWE,2024-08-23T18:00:00Z,2024-08-23T20:00:00Z,0.62
Sweden,SWE,2024-08-23T19:00:00Z,2024-08-23T21:00:00Z,-0.05
Sweden,SWE,2024-08-23T20:00:00Z,2024-08-23T22:00:00Z,-1.36
Sweden,SWE,2024-08-23T21:00:00Z,2024-08-23T23:00:00Z,-3.01
Sweden,SWE,2024-08-23T22:00:00Z,2024-08-24T00:00:00Z,-7.6
Sweden,SWE,2024-08-23T23:00:00Z,2024-08-24T01:00:00Z,-9.99
Sweden,SWE,2024-08-24T00:00:00Z,2024-08-24T02:00:00Z,-9.99
Sweden,SWE,2024-08-24T01:00:00Z,2024-08-24T03:00:00Z,-9.99
Sweden,SWE,2024-08-24T02:00:00Z,2024-08-24T04:00:00Z,-9.37
Sweden,SWE,2024-08-24T03:00:00Z,2024-08-24T05:00:00Z,-7.6
Sweden,SWE,2024-08-24T04:00:00Z,2024-08-24T06:00:00Z,-6.01
Sweden,SWE,2024-08-24T05:00:00Z,2024-08-24T07:00:00Z,-3.59
Sweden,SWE,2024-08-24T06:00:00Z,2024-08-24T08:00:00Z,-3
Sweden,SWE,2024-08-24T07:00:00Z,2024-08-24T09:00:00Z,-2.41
Sweden,SWE,2024-08-24T08:00:00Z,2024-08-24T10:00:00Z,-2.04
Sweden,SWE,2024-08-24T09:00:00Z,2024-08-24T11:00:00Z,-6.04
Sweden,SWE,2024-08-24T10:00:00Z,2024-08-24T12:00:00Z,-11.75
Sweden,SWE,2024-08-24T11:00:00Z,2024-08-24T13:00:00Z,-9.99
Sweden,SWE,2024-08-24T12:00:00Z,2024-08-24T14:00:00Z,-8.16
Sweden,SWE,2024-08-24T13:00:00Z,2024-08-24T15:00:00Z,-9.37
Sweden,SWE,2024-08-24T14:00:00Z,2024-08-24T16:00:00Z,-4.45
Sweden,SWE,2024-08-24T15:00:00Z,2024-08-24T17:00:00Z,-0.97
Sweden,SWE,2024-08-24T16:00:00Z,2024-08-24T18:00:00Z,0
Sweden,SWE,2024-08-24T17:00:00Z,2024-08-24T19:00:00Z,0
Sweden,SWE,2024-08-24T18:00:00Z,2024-08-24T20:00:00Z,-0.01
Sweden,SWE,2024-08-24T19:00:00Z,2024-08-24T21:00:00Z,-0.16
Sweden,SWE,2024-08-24T20:00:00Z,2024-08-24T22:00:00Z,-1.19
Sweden,SWE,2024-08-24T21:00:00Z,2024-08-24T23:00:00Z,-2.01
Sweden,SWE,2024-08-24T22:00:00Z,2024-08-25T00:00:00Z,-1.55
Sweden,SWE,2024-08-24T23:00:00Z,2024-08-25T01:00:00Z,-1.99
Sweden,SWE,2024-08-25T00:00:00Z,2024-08-25T02:00:00Z,-2.02
Sweden,SWE,2024-08-25T01:00:00Z,2024-08-25T03:00:00Z,-1.75
Sweden,SWE,2024-08-25T02:00:00Z,2024-08-25T04:00:00Z,-1.75
Sweden,SWE,2024-08-25T03:00:00Z,2024-08-25T05:00:00Z,-1.75
Sweden,SWE,2024-08-25T04:00:00Z,2024-08-25T06:00:00Z,-1.29
Sweden,SWE,2024-08-25T05:00:00Z,2024-08-25T07:00:00Z,-0.9
Sweden,SWE,2024-08-25T06:00:00Z,2024-08-25T08:00:00Z,-0.9
Sweden,SWE,2024-08-25T07:00:00Z,2024-08-25T09:00:00Z,-1.54
Sweden,SWE,2024-08-25T08:00:00Z,2024-08-25T10:00:00Z,-6.07
Sweden,SWE,2024-08-25T09:00:00Z,2024-08-25T11:00:00Z,-10.1
Sweden,SWE,2024-08-25T10:00:00Z,2024-08-25T12:00:00Z,-15.5
Sweden,SWE,2024-08-25T11:00:00Z,2024-08-25T13:00:00Z,-20.01
Sweden,SWE,2024-08-25T12:00:00Z,2024-08-25T14:00:00Z,-19.83
Sweden,SWE,2024-08-25T13:00:00Z,2024-08-25T15:00:00Z,-10.15
Sweden,SWE,2024-08-25T14:00:00Z,2024-08-25T16:00:00Z,-5.01
Sweden,SWE,2024-08-25T15:00:00Z,2024-08-25T17:00:00Z,-2.45
Sweden,SWE,2024-08-25T16:00:00Z,2024-08-25T18:00:00Z,-1.1
Sweden,SWE,2024-08-25T17:00:00Z,2024-08-25T19:00:00Z,-0.82
Sweden,SWE,2024-08-25T18:00:00Z,2024-08-25T20:00:00Z,-0.56
Sweden,SWE,2024-08-25T19:00:00Z,2024-08-25T21:00:00Z,-0.51
Sweden,SWE,2024-08-25T20:00:00Z,2024-08-25T22:00:00Z,-0.92
Sweden,SWE,2024-08-25T21:00:00Z,2024-08-25T23:00:00Z,-1.62
Sweden,SWE,2024-08-25T22:00:00Z,2024-08-26T00:00:00Z,-1.99
Sweden,SWE,2024-08-25T23:00:00Z,2024-08-26T01:00:00Z,-1.99
Sweden,SWE,2024-08-26T00:00:00Z,2024-08-26T02:00:00Z,-1.75
Sweden,SWE,2024-08-26T01:00:00Z,2024-08-26T03:00:00Z,-1.54
Sweden,SWE,2024-08-26T02:00:00Z,2024-08-26T04:00:00Z,-1.01
Sweden,SWE,2024-08-26T03:00:00Z,2024-08-26T05:00:00Z,-0.58
Sweden,SWE,2024-08-26T04:00:00Z,2024-08-26T06:00:00Z,0
Sweden,SWE,2024-08-26T05:00:00Z,2024-08-26T07:00:00Z,1.3
Sweden,SWE,2024-08-26T06:00:00Z,2024-08-26T08:00:00Z,1.97
Sweden,SWE,2024-08-26T07:00:00Z,2024-08-26T09:00:00Z,0.44
Sweden,SWE,2024-08-26T08:00:00Z,2024-08-26T10:00:00Z,-0.01
Sweden,SWE,2024-08-26T09:00:00Z,2024-08-26T11:00:00Z,-0.59
Sweden,SWE,2024-08-26T10:00:00Z,2024-08-26T12:00:00Z,-0.81
Sweden,SWE,2024-08-26T11:00:00Z,2024-08-26T13:00:00Z,-0.92
Sweden,SWE,2024-08-26T12:00:00Z,2024-08-26T14:00:00Z,-1.01
Sweden,SWE,2024-08-26T13:00:00Z,2024-08-26T15:00:00Z,-1
Sweden,SWE,2024-08-26T14:00:00Z,2024-08-26T16:00:00Z,-0.81
Sweden,SWE,2024-08-26T15:00:00Z,2024-08-26T17:00:00Z,-0.1
Sweden,SWE,2024-08-26T16:00:00Z,2024-08-26T18:00:00Z,-0.01
Sweden,SWE,2024-08-26T17:00:00Z,2024-08-26T19:00:00Z,0
Sweden,SWE,2024-08-26T18:00:00Z,2024-08-26T20:00:00Z,0
Sweden,SWE,2024-08-26T19:00:00Z,2024-08-26T21:00:00Z,0
Sweden,SWE,2024-08-26T20:00:00Z,2024-08-26T22:00:00Z,-0.1
Sweden,SWE,2024-08-26T21:00:00Z,2024-08-26T23:00:00Z,-0.9
Sweden,SWE,2024-08-26T22:00:00Z,2024-08-27T00:00:00Z,-1.22
Sweden,SWE,2024-08-26T23:00:00Z,2024-08-27T01:00:00Z,-1.34
Sweden,SWE,2024-08-27T00:00:00Z,2024-08-27T02:00:00Z,-1.02
Sweden,SWE,2024-08-27T01:00:00Z,2024-08-27T03:00:00Z,-0.8
Sweden,SWE,2024-08-27T02:00:00Z,2024-08-27T04:00:00Z,-0.05
Sweden,SWE,2024-08-27T03:00:00Z,2024-08-27T05:00:00Z,0.09
Sweden,SWE,2024-08-27T04:00:00Z,2024-08-27T06:00:00Z,1.95
Sweden,SWE,2024-08-27T05:00:00Z,2024-08-27T07:00:00Z,25.81
Sweden,SWE,2024-08-27T06:00:00Z,2024-08-27T08:00:00Z,23.82
Sweden,SWE,2024-08-27T07:00:00Z,2024-08-27T09:00:00Z,19
Sweden,SWE,2024-08-27T08:00:00Z,2024-08-27T10:00:00Z,15.54
Sweden,SWE,2024-08-27T09:00:00Z,2024-08-27T11:00:00Z,8.07
Sweden,SWE,2024-08-27T10:00:00Z,2024-08-27T12:00:00Z,4.07
Sweden,SWE,2024-08-27T11:00:00Z,2024-08-27T13:00:00Z,1.18
Sweden,SWE,2024-08-27T12:00:00Z,2024-08-27T14:00:00Z,2.28
Sweden,SWE,2024-08-27T13:00:00Z,2024-08-27T15:00:00Z,3.39
Sweden,SWE,2024-08-27T14:00:00Z,2024-08-27T16:00:00Z,11.37
Sweden,SWE,2024-08-27T15:00:00Z,2024-08-27T17:00:00Z,18.09
Sweden,SWE,2024-08-27T16:00:00Z,2024-08-27T18:00:00Z,22.53
Sweden,SWE,2024-08-27T17:00:00Z,2024-08-27T19:00:00Z,40.99
Sweden,SWE,2024-08-27T18:00:00Z,2024-08-27T20:00:00Z,39.45
Sweden,SWE,2024-08-27T19:00:00Z,2024-08-27T21:00:00Z,23.35
Sweden,SWE,2024-08-27T20:00:00Z,2024-08-27T22:00:00Z,18.69
Sweden,SWE,2024-08-27T21:00:00Z,2024-08-27T23:00:00Z,14.33
Sweden,SWE,2024-08-27T22:00:00Z,2024-08-28T00:00:00Z,-0.11
Sweden,SWE,2024-08-27T23:00:00Z,2024-08-28T01:00:00Z,-0.56
Sweden,SWE,2024-08-28T00:00:00Z,2024-08-28T02:00:00Z,-0.8
Sweden,SWE,2024-08-28T01:00:00Z,2024-08-28T03:00:00Z,-0.59
Sweden,SWE,2024-08-28T02:00:00Z,2024-08-28T04:00:00Z,-0.1
Sweden,SWE,2024-08-28T03:00:00Z,2024-08-28T05:00:00Z,0
Sweden,SWE,2024-08-28T04:00:00Z,2024-08-28T06:00:00Z,1.63
Sweden,SWE,2024-08-28T05:00:00Z,2024-08-28T07:00:00Z,23.8
Sweden,SWE,2024-08-28T06:00:00Z,2024-08-28T08:00:00Z,23.37
Sweden,SWE,2024-08-28T07:00:00Z,2024-08-28T09:00:00Z,20.37
Sweden,SWE,2024-08-28T08:00:00Z,2024-08-28T10:00:00Z,12.57
Sweden,SWE,2024-08-28T09:00:00Z,2024-08-28T11:00:00Z,7.6
Sweden,SWE,2024-08-28T10:00:00Z,2024-08-28T12:00:00Z,3.94
Sweden,SWE,2024-08-28T11:00:00Z,2024-08-28T13:00:00Z,4.1
Sweden,SWE,2024-08-28T12:00:00Z,2024-08-28T14:00:00Z,4.02
Sweden,SWE,2024-08-28T13:00:00Z,2024-08-28T15:00:00Z,4
Sweden,SWE,2024-08-28T14:00:00Z,2024-08-28T16:00:00Z,4.97
Sweden,SWE,2024-08-28T15:00:00Z,2024-08-28T17:00:00Z,9.96
Sweden,SWE,2024-08-28T16:00:00Z,2024-08-28T18:00:00Z,17.06
Sweden,SWE,2024-08-28T17:00:00Z,2024-08-28T19:00:00Z,20.8
Sweden,SWE,2024-08-28T18:00:00Z,2024-08-28T20:00:00Z,9.61
Sweden,SWE,2024-08-28T19:00:00Z,2024-08-28T21:00:00Z,5
Sweden,SWE,2024-08-28T20:00:00Z,2024-08-28T22:00:00Z,3.79
Sweden,SWE,2024-08-28T21:00:00Z,2024-08-28T23:00:00Z,2.51
Sweden,SWE,2024-08-28T22:00:00Z,2024-08-29T00:00:00Z,1.15
Sweden,SWE,2024-08-28T23:00:00Z,2024-08-29T01:00:00Z,0.97
Sweden,SWE,2024-08-29T00:00:00Z,2024-08-29T02:00:00Z,0.99
Sweden,SWE,2024-08-29T01:00:00Z,2024-08-29T03:00:00Z,1.01
Sweden,SWE,2024-08-29T02:00:00Z,2024-08-29T04:00:00Z,1.78
Sweden,SWE,2024-08-29T03:00:00Z,2024-08-29T05:00:00Z,2.97
Sweden,SWE,2024-08-29T04:00:00Z,2024-08-29T06:00:00Z,5.63
Sweden,SWE,2024-08-29T05:00:00Z,2024-08-29T07:00:00Z,10.62
Sweden,SWE,2024-08-29T06:00:00Z,2024-08-29T08:00:00Z,28.72
Sweden,SWE,2024-08-29T07:00:00Z,2024-08-29T09:00:00Z,26.83
Sweden,SWE,2024-08-29T08:00:00Z,2024-08-29T10:00:00Z,13.25
Sweden,SWE,2024-08-29T09:00:00Z,2024-08-29T11:00:00Z,5.35
Sweden,SWE,2024-08-29T10:00:00Z,2024-08-29T12:00:00Z,4.93
Sweden,SWE,2024-08-29T11:00:00Z,2024-08-29T13:00:00Z,4.9
Sweden,SWE,2024-08-29T12:00:00Z,2024-08-29T14:00:00Z,4.25
Sweden,SWE,2024-08-29T13:00:00Z,2024-08-29T15:00:00Z,4.27
Sweden,SWE,2024-08-29T14:00:00Z,2024-08-29T16:00:00Z,4.42
Sweden,SWE,2024-08-29T15:00:00Z,2024-08-29T17:00:00Z,6.44
Sweden,SWE,2024-08-29T16:00:00Z,2024-08-29T18:00:00Z,25.15
Sweden,SWE,2024-08-29T17:00:00Z,2024-08-29T19:00:00Z,43.15
Sweden,SWE,2024-08-29T18:00:00Z,2024-08-29T20:00:00Z,43.52
Sweden,SWE,2024-08-29T19:00:00Z,2024-08-29T21:00:00Z,20.02
Sweden,SWE,2024-08-29T20:00:00Z,2024-08-29T22:00:00Z,-0.01
Sweden,SWE,2024-08-29T21:00:00Z,2024-08-29T23:00:00Z,-0.81
Sweden,SWE,2024-08-29T22:00:00Z,2024-08-30T00:00:00Z,-0.8
Sweden,SWE,2024-08-29T23:00:00Z,2024-08-30T01:00:00Z,-0.94
Sweden,SWE,2024-08-30T00:00:00Z,2024-08-30T02:00:00Z,-1.07
Sweden,SWE,2024-08-30T01:00:00Z,2024-08-30T03:00:00Z,-1.26
Sweden,SWE,2024-08-30T02:00:00Z,2024-08-30T04:00:00Z,-1
Sweden,SWE,2024-08-30T03:00:00Z,2024-08-30T05:00:00Z,1.02
Sweden,SWE,2024-08-30T04:00:00Z,2024-08-30T06:00:00Z,22.03
Sweden,SWE,2024-08-30T05:00:00Z,2024-08-30T07:00:00Z,21.22
Sweden,SWE,2024-08-30T06:00:00Z,2024-08-30T08:00:00Z,3.55
Sweden,SWE,2024-08-30T07:00:00Z,2024-08-30T09:00:00Z,3.85
Sweden,SWE,2024-08-30T08:00:00Z,2024-08-30T10:00:00Z,3.59
Sweden,SWE,2024-08-30T09:00:00Z,2024-08-30T11:00:00Z,2.99
Sweden,SWE,2024-08-30T10:00:00Z,2024-08-30T12:00:00Z,2.94
Sweden,SWE,2024-08-30T11:00:00Z,2024-08-30T13:00:00Z,2.91
Sweden,SWE,2024-08-30T12:00:00Z,2024-08-30T14:00:00Z,2.63
Sweden,SWE,2024-08-30T13:00:00Z,2024-08-30T15:00:00Z,2.35
Sweden,SWE,2024-08-30T14:00:00Z,2024-08-30T16:00:00Z,3.24
Sweden,SWE,2024-08-30T15:00:00Z,2024-08-30T17:00:00Z,8.26
Sweden,SWE,2024-08-30T16:00:00Z,2024-08-30T18:00:00Z,22.74
Sweden,SWE,2024-08-30T17:00:00Z,2024-08-30T19:00:00Z,29.62
Sweden,SWE,2024-08-30T18:00:00Z,2024-08-30T20:00:00Z,21
Sweden,SWE,2024-08-30T19:00:00Z,2024-08-30T21:00:00Z,3.7
Sweden,SWE,2024-08-30T20:00:00Z,2024-08-30T22:00:00Z,2.96
Sweden,SWE,2024-08-30T21:00:00Z,2024-08-30T23:00:00Z,1.99
Sweden,SWE,2024-08-30T22:00:00Z,2024-08-31T00:00:00Z,0.11
Sweden,SWE,2024-08-30T23:00:00Z,2024-08-31T01:00:00Z,-0.01
Sweden,SWE,2024-08-31T00:00:00Z,2024-08-31T02:00:00Z,-0.59
Sweden,SWE,2024-08-31T01:00:00Z,2024-08-31T03:00:00Z,-0.81
Sweden,SWE,2024-08-31T02:00:00Z,2024-08-31T04:00:00Z,-1.07
Sweden,SWE,2024-08-31T03:00:00Z,2024-08-31T05:00:00Z,-1.42
Sweden,SWE,2024-08-31T04:00:00Z,2024-08-31T06:00:00Z,-0.01
Sweden,SWE,2024-08-31T05:00:00Z,2024-08-31T07:00:00Z,1.6
Sweden,SWE,2024-08-31T06:00:00Z,2024-08-31T08:00:00Z,2.88
Sweden,SWE,2024-08-31T07:00:00Z,2024-08-31T09:00:00Z,3.04
Sweden,SWE,2024-08-31T08:00:00Z,2024-08-31T10:00:00Z,3.03
Sweden,SWE,2024-08-31T09:00:00Z,2024-08-31T11:00:00Z,3.01
Sweden,SWE,2024-08-31T10:00:00Z,2024-08-31T12:00:00Z,0.47
Sweden,SWE,2024-08-31T11:00:00Z,2024-08-31T13:00:00Z,-0.59
Sweden,SWE,2024-08-31T12:00:00Z,2024-08-31T14:00:00Z,-0.8
Sweden,SWE,2024-08-31T13:00:00Z,2024-08-31T15:00:00Z,2.55
Sweden,SWE,2024-08-31T14:00:00Z,2024-08-31T16:00:00Z,3.22
Sweden,SWE,2024-08-31T15:00:00Z,2024-08-31T17:00:00Z,13.14
Sweden,SWE,2024-08-31T16:00:00Z,2024-08-31T18:00:00Z,20.77
Sweden,SWE,2024-08-31T17:00:00Z,2024-08-31T19:00:00Z,24.98
Sweden,SWE,2024-08-31T18:00:00Z,2024-08-31T20:00:00Z,22.01
Sweden,SWE,2024-08-31T19:00:00Z,2024-08-31T21:00:00Z,18.15
Sweden,SWE,2024-08-31T20:00:00Z,2024-08-31T22:00:00Z,9.65
Sweden,SWE,2024-08-31T21:00:00Z,2024-08-31T23:00:00Z,0
Sweden,SWE,2024-08-31T22:00:00Z,2024-09-01T00:00:00Z,0.6
Sweden,SWE,2024-08-31T23:00:00Z,2024-09-01T01:00:00Z,0.01
Sweden,SWE,2024-09-01T00:00:00Z,2024-09-01T02:00:00Z,0
Sweden,SWE,2024-09-01T01:00:00Z,2024-09-01T03:00:00Z,0
Sweden,SWE,2024-09-01T02:00:00Z,2024-09-01T04:00:00Z,0
Sweden,SWE,2024-09-01T03:00:00Z,2024-09-01T05:00:00Z,0
Sweden,SWE,2024-09-01T04:00:00Z,2024-09-01T06:00:00Z,0.66
Sweden,SWE,2024-09-01T05:00:00Z,2024-09-01T07:00:00Z,12.1
Sweden,SWE,2024-09-01T06:00:00Z,2024-09-01T08:00:00Z,11.33
Sweden,SWE,2024-09-01T07:00:00Z,2024-09-01T09:00:00Z,9.08
Sweden,SWE,2024-09-01T08:00:00Z,2024-09-01T10:00:00Z,4.7
Sweden,SWE,2024-09-01T09:00:00Z,2024-09-01T11:00:00Z,2.62
Sweden,SWE,2024-09-01T10:00:00Z,2024-09-01T12:00:00Z,0.23
Sweden,SWE,2024-09-01T11:00:00Z,2024-09-01T13:00:00Z,0.23
Sweden,SWE,2024-09-01T12:00:00Z,2024-09-01T14:00:00Z,1.6
Sweden,SWE,2024-09-01T13:00:00Z,2024-09-01T15:00:00Z,3.58
Sweden,SWE,2024-09-01T14:00:00Z,2024-09-01T16:00:00Z,12.04
Sweden,SWE,2024-09-01T15:00:00Z,2024-09-01T17:00:00Z,33.44
Sweden,SWE,2024-09-01T16:00:00Z,2024-09-01T18:00:00Z,39.37
Sweden,SWE,2024-09-01T17:00:00Z,2024-09-01T19:00:00Z,49.97
Sweden,SWE,2024-09-01T18:00:00Z,2024-09-01T20:00:00Z,56.49
Sweden,SWE,2024-09-01T19:00:00Z,2024-09-01T21:00:00Z,31.67
Sweden,SWE,2024-09-01T20:00:00Z,2024-09-01T22:00:00Z,22.21
Sweden,SWE,2024-09-01T21:00:00Z,2024-09-01T23:00:00Z,18.4
Sweden,SWE,2024-09-01T22:00:00Z,2024-09-02T00:00:00Z,17.87
Sweden,SWE,2024-09-01T23:00:00Z,2024-09-02T01:00:00Z,17.39
Sweden,SWE,2024-09-02T00:00:00Z,2024-09-02T02:00:00Z,16.95
Sweden,SWE,2024-09-02T01:00:00Z,2024-09-02T03:00:00Z,17.18
Sweden,SWE,2024-09-02T02:00:00Z,2024-09-02T04:00:00Z,17.29
Sweden,SWE,2024-09-02T03:00:00Z,2024-09-02T05:00:00Z,20.55
Sweden,SWE,2024-09-02T04:00:00Z,2024-09-02T06:00:00Z,29.11
Sweden,SWE,2024-09-02T05:00:00Z,2024-09-02T07:00:00Z,59.62
Sweden,SWE,2024-09-02T06:00:00Z,2024-09-02T08:00:00Z,81.25
Sweden,SWE,2024-09-02T07:00:00Z,2024-09-02T09:00:00Z,64.14
Sweden,SWE,2024-09-02T08:00:00Z,2024-09-02T10:00:00Z,83.73
Sweden,SWE,2024-09-02T09:00:00Z,2024-09-02T11:00:00Z,74.04
Sweden,SWE,2024-09-02T10:00:00Z,2024-09-02T12:00:00Z,50.86
Sweden,SWE,2024-09-02T11:00:00Z,2024-09-02T13:00:00Z,50.99
Sweden,SWE,2024-09-02T12:00:00Z,2024-09-02T14:00:00Z,50.91
Sweden,SWE,2024-09-02T13:00:00Z,2024-09-02T15:00:00Z,52.15
Sweden,SWE,2024-09-02T14:00:00Z,2024-09-02T16:00:00Z,51.84
Sweden,SWE,2024-09-02T15:00:00Z,2024-09-02T17:00:00Z,55.65
Sweden,SWE,2024-09-02T16:00:00Z,2024-09-02T18:00:00Z,68.8
Sweden,SWE,2024-09-02T17:00:00Z,2024-09-02T19:00:00Z,76.3
Sweden,SWE,2024-09-02T18:00:00Z,2024-09-02T20:00:00Z,65.69
Sweden,SWE,2024-09-02T19:00:00Z,2024-09-02T21:00:00Z,36.67
Sweden,SWE,2024-09-02T20:00:00Z,2024-09-02T22:00:00Z,27.77
Sweden,SWE,2024-09-02T21:00:00Z,2024-09-02T23:00:00Z,19.67
Sweden,SWE,2024-09-02T22:00:00Z,2024-09-03T00:00:00Z,17.95
Sweden,SWE,2024-09-02T23:00:00Z,2024-09-03T01:00:00Z,16.56
Sweden,SWE,2024-09-03T00:00:00Z,2024-09-03T02:00:00Z,16.48
Sweden,SWE,2024-09-03T01:00:00Z,2024-09-03T03:00:00Z,17.64
Sweden,SWE,2024-09-03T02:00:00Z,2024-09-03T04:00:00Z,19.16
Sweden,SWE,2024-09-03T03:00:00Z,2024-09-03T05:00:00Z,20.97
Sweden,SWE,2024-09-03T04:00:00Z,2024-09-03T06:00:00Z,35.08
Sweden,SWE,2024-09-03T05:00:00Z,2024-09-03T07:00:00Z,58.57
Sweden,SWE,2024-09-03T06:00:00Z,2024-09-03T08:00:00Z,59.74
Sweden,SWE,2024-09-03T07:00:00Z,2024-09-03T09:00:00Z,55.33
Sweden,SWE,2024-09-03T08:00:00Z,2024-09-03T10:00:00Z,78.84
Sweden,SWE,2024-09-03T09:00:00Z,2024-09-03T11:00:00Z,59.96
Sweden,SWE,2024-09-03T10:00:00Z,2024-09-03T12:00:00Z,26.44
Sweden,SWE,2024-09-03T11:00:00Z,2024-09-03T13:00:00Z,19.32
Sweden,SWE,2024-09-03T12:00:00Z,2024-09-03T14:00:00Z,19.09
Sweden,SWE,2024-09-03T13:00:00Z,2024-09-03T15:00:00Z,23.44
Sweden,SWE,2024-09-03T14:00:00Z,2024-09-03T16:00:00Z,28.95
Sweden,SWE,2024-09-03T15:00:00Z,2024-09-03T17:00:00Z,53.47
Sweden,SWE,2024-09-03T16:00:00Z,2024-09-03T18:00:00Z,73.35
Sweden,SWE,2024-09-03T17:00:00Z,2024-09-03T19:00:00Z,72.32
Sweden,SWE,2024-09-03T18:00:00Z,2024-09-03T20:00:00Z,66.21
Sweden,SWE,2024-09-03T19:00:00Z,2024-09-03T21:00:00Z,32.08
Sweden,SWE,2024-09-03T20:00:00Z,2024-09-03T22:00:00Z,16.65
Sweden,SWE,2024-09-03T21:00:00Z,2024-09-03T23:00:00Z,18.22
Sweden,SWE,2024-09-03T22:00:00Z,2024-09-04T00:00:00Z,4.36
Sweden,SWE,2024-09-03T23:00:00Z,2024-09-04T01:00:00Z,2.69
Sweden,SWE,2024-09-04T00:00:00Z,2024-09-04T02:00:00Z,4.66
Sweden,SWE,2024-09-04T01:00:00Z,2024-09-04T03:00:00Z,16.42
Sweden,SWE,2024-09-04T02:00:00Z,2024-09-04T04:00:00Z,19.25
Sweden,SWE,2024-09-04T03:00:00Z,2024-09-04T05:00:00Z,21.93
Sweden,SWE,2024-09-04T04:00:00Z,2024-09-04T06:00:00Z,27.72
Sweden,SWE,2024-09-04T05:00:00Z,2024-09-04T07:00:00Z,44.73
Sweden,SWE,2024-09-04T06:00:00Z,2024-09-04T08:00:00Z,62.95
Sweden,SWE,2024-09-04T07:00:00Z,2024-09-04T09:00:00Z,53.18
Sweden,SWE,2024-09-04T08:00:00Z,2024-09-04T10:00:00Z,46.12
Sweden,SWE,2024-09-04T09:00:00Z,2024-09-04T11:00:00Z,33.38
Sweden,SWE,2024-09-04T10:00:00Z,2024-09-04T12:00:00Z,26.62
Sweden,SWE,2024-09-04T11:00:00Z,2024-09-04T13:00:00Z,21.11
Sweden,SWE,2024-09-04T12:00:00Z,2024-09-04T14:00:00Z,19.68
Sweden,SWE,2024-09-04T13:00:00Z,2024-09-04T15:00:00Z,25.15
Sweden,SWE,2024-09-04T14:00:00Z,2024-09-04T16:00:00Z,37.52
Sweden,SWE,2024-09-04T15:00:00Z,2024-09-04T17:00:00Z,54.53
Sweden,SWE,2024-09-04T16:00:00Z,2024-09-04T18:00:00Z,58.86
Sweden,SWE,2024-09-04T17:00:00Z,2024-09-04T19:00:00Z,72.91
Sweden,SWE,2024-09-04T18:00:00Z,2024-09-04T20:00:00Z,42.69
Sweden,SWE,2024-09-04T19:00:00Z,2024-09-04T21:00:00Z,24.52
Sweden,SWE,2024-09-04T20:00:00Z,2024-09-04T22:00:00Z,16.09
Sweden,SWE,2024-09-04T21:00:00Z,2024-09-04T23:00:00Z,11.37
Sweden,SWE,2024-09-04T22:00:00Z,2024-09-05T00:00:00Z,6.62
Sweden,SWE,2024-09-04T23:00:00Z,2024-09-05T01:00:00Z,4.15
Sweden,SWE,2024-09-05T00:00:00Z,2024-09-05T02:00:00Z,4.42
Sweden,SWE,2024-09-05T01:00:00Z,2024-09-05T03:00:00Z,6.42
Sweden,SWE,2024-09-05T02:00:00Z,2024-09-05T04:00:00Z,16.91
Sweden,SWE,2024-09-05T03:00:00Z,2024-09-05T05:00:00Z,7.87
Sweden,SWE,2024-09-05T04:00:00Z,2024-09-05T06:00:00Z,21.47
Sweden,SWE,2024-09-05T05:00:00Z,2024-09-05T07:00:00Z,44.55
Sweden,SWE,2024-09-05T06:00:00Z,2024-09-05T08:00:00Z,44.48
Sweden,SWE,2024-09-05T07:00:00Z,2024-09-05T09:00:00Z,35.51
Sweden,SWE,2024-09-05T08:00:00Z,2024-09-05T10:00:00Z,42.07
Sweden,SWE,2024-09-05T09:00:00Z,2024-09-05T11:00:00Z,13.52
Sweden,SWE,2024-09-05T10:00:00Z,2024-09-05T12:00:00Z,4.32
Sweden,SWE,2024-09-05T11:00:00Z,2024-09-05T13:00:00Z,3.24
Sweden,SWE,2024-09-05T12:00:00Z,2024-09-05T14:00:00Z,3.03
Sweden,SWE,2024-09-05T13:00:00Z,2024-09-05T15:00:00Z,3.96
Sweden,SWE,2024-09-05T14:00:00Z,2024-09-05T16:00:00Z,5.56
Sweden,SWE,2024-09-05T15:00:00Z,2024-09-05T17:00:00Z,25.63
Sweden,SWE,2024-09-05T16:00:00Z,2024-09-05T18:00:00Z,40.23
Sweden,SWE,2024-09-05T17:00:00Z,2024-09-05T19:00:00Z,31.11
Sweden,SWE,2024-09-05T18:00:00Z,2024-09-05T20:00:00Z,29.57
Sweden,SWE,2024-09-05T19:00:00Z,2024-09-05T21:00:00Z,28.01
Sweden,SWE,2024-09-05T20:00:00Z,2024-09-05T22:00:00Z,18.24
Sweden,SWE,2024-09-05T21:00:00Z,2024-09-05T23:00:00Z,10.91
Sweden,SWE,2024-09-05T22:00:00Z,2024-09-06T00:00:00Z,6.98
Sweden,SWE,2024-09-05T23:00:00Z,2024-09-06T01:00:00Z,6.3
Sweden,SWE,2024-09-06T00:00:00Z,2024-09-06T02:00:00Z,6.08
Sweden,SWE,2024-09-06T01:00:00Z,2024-09-06T03:00:00Z,5.88
Sweden,SWE,2024-09-06T02:00:00Z,2024-09-06T04:00:00Z,8.38
Sweden,SWE,2024-09-06T03:00:00Z,2024-09-06T05:00:00Z,8.98
Sweden,SWE,2024-09-06T04:00:00Z,2024-09-06T06:00:00Z,11.37
Sweden,SWE,2024-09-06T05:00:00Z,2024-09-06T07:00:00Z,19.25
Sweden,SWE,2024-09-06T06:00:00Z,2024-09-06T08:00:00Z,22.25
Sweden,SWE,2024-09-06T07:00:00Z,2024-09-06T09:00:00Z,22.22
Sweden,SWE,2024-09-06T08:00:00Z,2024-09-06T10:00:00Z,18.73
Sweden,SWE,2024-09-06T09:00:00Z,2024-09-06T11:00:00Z,16.4
Sweden,SWE,2024-09-06T10:00:00Z,2024-09-06T12:00:00Z,13.43
Sweden,SWE,2024-09-06T11:00:00Z,2024-09-06T13:00:00Z,7.95
Sweden,SWE,2024-09-06T12:00:00Z,2024-09-06T14:00:00Z,7.81
Sweden,SWE,2024-09-06T13:00:00Z,2024-09-06T15:00:00Z,9.09
Sweden,SWE,2024-09-06T14:00:00Z,2024-09-06T16:00:00Z,9.16
Sweden,SWE,2024-09-06T15:00:00Z,2024-09-06T17:00:00Z,18.36
Sweden,SWE,2024-09-06T16:00:00Z,2024-09-06T18:00:00Z,23.45
Sweden,SWE,2024-09-06T17:00:00Z,2024-09-06T19:00:00Z,27.09
Sweden,SWE,2024-09-06T18:00:00Z,2024-09-06T20:00:00Z,22.64
Sweden,SWE,2024-09-06T19:00:00Z,2024-09-06T21:00:00Z,15.51
Sweden,SWE,2024-09-06T20:00:00Z,2024-09-06T22:00:00Z,10.5
Sweden,SWE,2024-09-06T21:00:00Z,2024-09-06T23:00:00Z,9.2
Sweden,SWE,2024-09-06T22:00:00Z,2024-09-07T00:00:00Z,3.65
Sweden,SWE,2024-09-06T23:00:00Z,2024-09-07T01:00:00Z,3.41
Sweden,SWE,2024-09-07T00:00:00Z,2024-09-07T02:00:00Z,3.42
Sweden,SWE,2024-09-07T01:00:00Z,2024-09-07T03:00:00Z,3.47
Sweden,SWE,2024-09-07T02:00:00Z,2024-09-07T04:00:00Z,3.9
Sweden,SWE,2024-09-07T03:00:00Z,2024-09-07T05:00:00Z,7.63
Sweden,SWE,2024-09-07T04:00:00Z,2024-09-07T06:00:00Z,4.98
Sweden,SWE,2024-09-07T05:00:00Z,2024-09-07T07:00:00Z,5.62
Sweden,SWE,2024-09-07T06:00:00Z,2024-09-07T08:00:00Z,8.46
Sweden,SWE,2024-09-07T07:00:00Z,2024-09-07T09:00:00Z,10.59
Sweden,SWE,2024-09-07T08:00:00Z,2024-09-07T10:00:00Z,9.96
Sweden,SWE,2024-09-07T09:00:00Z,2024-09-07T11:00:00Z,7.56
Sweden,SWE,2024-09-07T10:00:00Z,2024-09-07T12:00:00Z,5.27
Sweden,SWE,2024-09-07T11:00:00Z,2024-09-07T13:00:00Z,1.24
Sweden,SWE,2024-09-07T12:00:00Z,2024-09-07T14:00:00Z,3.1
Sweden,SWE,2024-09-07T13:00:00Z,2024-09-07T15:00:00Z,5.75
Sweden,SWE,2024-09-07T14:00:00Z,2024-09-07T16:00:00Z,8.99
Sweden,SWE,2024-09-07T15:00:00Z,2024-09-07T17:00:00Z,13.42
Sweden,SWE,2024-09-07T16:00:00Z,2024-09-07T18:00:00Z,13.65
Sweden,SWE,2024-09-07T17:00:00Z,2024-09-07T19:00:00Z,12.7
Sweden,SWE,2024-09-07T18:00:00Z,2024-09-07T20:00:00Z,7.96
Sweden,SWE,2024-09-07T19:00:00Z,2024-09-07T21:00:00Z,7.55
Sweden,SWE,2024-09-07T20:00:00Z,2024-09-07T22:00:00Z,6.41
Sweden,SWE,2024-09-07T21:00:00Z,2024-09-07T23:00:00Z,5.87
Sweden,SWE,2024-09-07T22:00:00Z,2024-09-08T00:00:00Z,5.19
Sweden,SWE,2024-09-07T23:00:00Z,2024-09-08T01:00:00Z,4.54
Sweden,SWE,2024-09-08T00:00:00Z,2024-09-08T02:00:00Z,3.97
Sweden,SWE,2024-09-08T01:00:00Z,2024-09-08T03:00:00Z,3.88
Sweden,SWE,2024-09-08T02:00:00Z,2024-09-08T04:00:00Z,3.75
Sweden,SWE,2024-09-08T03:00:00Z,2024-09-08T05:00:00Z,3.92
Sweden,SWE,2024-09-08T04:00:00Z,2024-09-08T06:00:00Z,4.24
Sweden,SWE,2024-09-08T05:00:00Z,2024-09-08T07:00:00Z,4.91
Sweden,SWE,2024-09-08T06:00:00Z,2024-09-08T08:00:00Z,10.3
Sweden,SWE,2024-09-08T07:00:00Z,2024-09-08T09:00:00Z,11.38
Sweden,SWE,2024-09-08T08:00:00Z,2024-09-08T10:00:00Z,5.95
Sweden,SWE,2024-09-08T09:00:00Z,2024-09-08T11:00:00Z,2.49
Sweden,SWE,2024-09-08T10:00:00Z,2024-09-08T12:00:00Z,0.04
Sweden,SWE,2024-09-08T11:00:00Z,2024-09-08T13:00:00Z,0.01
Sweden,SWE,2024-09-08T12:00:00Z,2024-09-08T14:00:00Z,1.19
Sweden,SWE,2024-09-08T13:00:00Z,2024-09-08T15:00:00Z,3.14
Sweden,SWE,2024-09-08T14:00:00Z,2024-09-08T16:00:00Z,9.64
Sweden,SWE,2024-09-08T15:00:00Z,2024-09-08T17:00:00Z,17.26
Sweden,SWE,2024-09-08T16:00:00Z,2024-09-08T18:00:00Z,24.43
Sweden,SWE,2024-09-08T17:00:00Z,2024-09-08T19:00:00Z,4.9
Sweden,SWE,2024-09-08T18:00:00Z,2024-09-08T20:00:00Z,3.8
Sweden,SWE,2024-09-08T19:00:00Z,2024-09-08T21:00:00Z,3.06
Sweden,SWE,2024-09-08T20:00:00Z,2024-09-08T22:00:00Z,1.62
Sweden,SWE,2024-09-08T21:00:00Z,2024-09-08T23:00:00Z,0.05
Sweden,SWE,2024-09-08T22:00:00Z,2024-09-09T00:00:00Z,-0.1
Sweden,SWE,2024-09-08T23:00:00Z,2024-09-09T01:00:00Z,-0.21
Sweden,SWE,2024-09-09T00:00:00Z,2024-09-09T02:00:00Z,-0.1
Sweden,SWE,2024-09-09T01:00:00Z,2024-09-09T03:00:00Z,-0.01
Sweden,SWE,2024-09-09T02:00:00Z,2024-09-09T04:00:00Z,0
Sweden,SWE,2024-09-09T03:00:00Z,2024-09-09T05:00:00Z,0.43
Sweden,SWE,2024-09-09T04:00:00Z,2024-09-09T06:00:00Z,1.83
Sweden,SWE,2024-09-09T05:00:00Z,2024-09-09T07:00:00Z,2.98
Sweden,SWE,2024-09-09T06:00:00Z,2024-09-09T08:00:00Z,3.72
Sweden,SWE,2024-09-09T07:00:00Z,2024-09-09T09:00:00Z,4.05
Sweden,SWE,2024-09-09T08:00:00Z,2024-09-09T10:00:00Z,3.59
Sweden,SWE,2024-09-09T09:00:00Z,2024-09-09T11:00:00Z,3.05
Sweden,SWE,2024-09-09T10:00:00Z,2024-09-09T12:00:00Z,2.37
Sweden,SWE,2024-09-09T11:00:00Z,2024-09-09T13:00:00Z,1.47
Sweden,SWE,2024-09-09T12:00:00Z,2024-09-09T14:00:00Z,1.1
Sweden,SWE,2024-09-09T13:00:00Z,2024-09-09T15:00:00Z,1.93
Sweden,SWE,2024-09-09T14:00:00Z,2024-09-09T16:00:00Z,2.23
Sweden,SWE,2024-09-09T15:00:00Z,2024-09-09T17:00:00Z,2.26
Sweden,SWE,2024-09-09T16:00:00Z,2024-09-09T18:00:00Z,2.16
Sweden,SWE,2024-09-09T17:00:00Z,2024-09-09T19:00:00Z,1.59
Sweden,SWE,2024-09-09T18:00:00Z,2024-09-09T20:00:00Z,0.65
Sweden,SWE,2024-09-09T19:00:00Z,2024-09-09T21:00:00Z,0
Sweden,SWE,2024-09-09T20:00:00Z,2024-09-09T22:00:00Z,-0.58
Sweden,SWE,2024-09-09T21:00:00Z,2024-09-09T23:00:00Z,-1
Sweden,SWE,2024-09-09T22:00:00Z,2024-09-10T00:00:00Z,-0.81
Sweden,SWE,2024-09-09T23:00:00Z,2024-09-10T01:00:00Z,-0.9
Sweden,SWE,2024-09-10T00:00:00Z,2024-09-10T02:00:00Z,-1.01
Sweden,SWE,2024-09-10T01:00:00Z,2024-09-10T03:00:00Z,-1.09
Sweden,SWE,2024-09-10T02:00:00Z,2024-09-10T04:00:00Z,-0.9
Sweden,SWE,2024-09-10T03:00:00Z,2024-09-10T05:00:00Z,-0.59
Sweden,SWE,2024-09-10T04:00:00Z,2024-09-10T06:00:00Z,0.01
Sweden,SWE,2024-09-10T05:00:00Z,2024-09-10T07:00:00Z,2.01
Sweden,SWE,2024-09-10T06:00:00Z,2024-09-10T08:00:00Z,2.43
Sweden,SWE,2024-09-10T07:00:00Z,2024-09-10T09:00:00Z,2.06
Sweden,SWE,2024-09-10T08:00:00Z,2024-09-10T10:00:00Z,2.08
Sweden,SWE,2024-09-10T09:00:00Z,2024-09-10T11:00:00Z,1.19
Sweden,SWE,2024-09-10T10:00:00Z,2024-09-10T12:00:00Z,0.01
Sweden,SWE,2024-09-10T11:00:00Z,2024-09-10T13:00:00Z,-0.07
Sweden,SWE,2024-09-10T12:00:00Z,2024-09-10T14:00:00Z,-0.16
Sweden,SWE,2024-09-10T13:00:00Z,2024-09-10T15:00:00Z,-0.04
Sweden,SWE,2024-09-10T14:00:00Z,2024-09-10T16:00:00Z,0.22
Sweden,SWE,2024-09-10T15:00:00Z,2024-09-10T17:00:00Z,2.83
Sweden,SWE,2024-09-10T16:00:00Z,2024-09-10T18:00:00Z,2.49
Sweden,SWE,2024-09-10T17:00:00Z,2024-09-10T19:00:00Z,2.59
Sweden,SWE,2024-09-10T18:00:00Z,2024-09-10T20:00:00Z,2.37
Sweden,SWE,2024-09-10T19:00:00Z,2024-09-10T21:00:00Z,1.43
Sweden,SWE,2024-09-10T20:00:00Z,2024-09-10T22:00:00Z,0.01
Sweden,SWE,2024-09-10T21:00:00Z,2024-09-10T23:00:00Z,-0.03
Sweden,SWE,2024-09-10T22:00:00Z,2024-09-11T00:00:00Z,-0.01
Sweden,SWE,2024-09-10T23:00:00Z,2024-09-11T01:00:00Z,-0.01
Sweden,SWE,2024-09-11T00:00:00Z,2024-09-11T02:00:00Z,0
Sweden,SWE,2024-09-11T01:00:00Z,2024-09-11T03:00:00Z,0.01
Sweden,SWE,2024-09-11T02:00:00Z,2024-09-11T04:00:00Z,0.93
Sweden,SWE,2024-09-11T03:00:00Z,2024-09-11T05:00:00Z,2.25
Sweden,SWE,2024-09-11T04:00:00Z,2024-09-11T06:00:00Z,3.33
Sweden,SWE,2024-09-11T05:00:00Z,2024-09-11T07:00:00Z,7.99
Sweden,SWE,2024-09-11T06:00:00Z,2024-09-11T08:00:00Z,29.69
Sweden,SWE,2024-09-11T07:00:00Z,2024-09-11T09:00:00Z,29.59
Sweden,SWE,2024-09-11T08:00:00Z,2024-09-11T10:00:00Z,29.2
Sweden,SWE,2024-09-11T09:00:00Z,2024-09-11T11:00:00Z,29.2
Sweden,SWE,2024-09-11T10:00:00Z,2024-09-11T12:00:00Z,18.81
Sweden,SWE,2024-09-11T11:00:00Z,2024-09-11T13:00:00Z,16.86
Sweden,SWE,2024-09-11T12:00:00Z,2024-09-11T14:00:00Z,14.29
Sweden,SWE,2024-09-11T13:00:00Z,2024-09-11T15:00:00Z,4.81
Sweden,SWE,2024-09-11T14:00:00Z,2024-09-11T16:00:00Z,8.71
Sweden,SWE,2024-09-11T15:00:00Z,2024-09-11T17:00:00Z,15.87
Sweden,SWE,2024-09-11T16:00:00Z,2024-09-11T18:00:00Z,13.24
Sweden,SWE,2024-09-11T17:00:00Z,2024-09-11T19:00:00Z,8.03
Sweden,SWE,2024-09-11T18:00:00Z,2024-09-11T20:00:00Z,4.13
Sweden,SWE,2024-09-11T19:00:00Z,2024-09-11T21:00:00Z,3.27
Sweden,SWE,2024-09-11T20:00:00Z,2024-09-11T22:00:00Z,3
Sweden,SWE,2024-09-11T21:00:00Z,2024-09-11T23:00:00Z,1.98
Sweden,SWE,2024-09-11T22:00:00Z,2024-09-12T00:00:00Z,0
Sweden,SWE,2024-09-11T23:00:00Z,2024-09-12T01:00:00Z,-0.01
Sweden,SWE,2024-09-12T00:00:00Z,2024-09-12T02:00:00Z,-0.01
Sweden,SWE,2024-09-12T01:00:00Z,2024-09-12T03:00:00Z,0
Sweden,SWE,2024-09-12T02:00:00Z,2024-09-12T04:00:00Z,0.45
Sweden,SWE,2024-09-12T03:00:00Z,2024-09-12T05:00:00Z,2.24
Sweden,SWE,2024-09-12T04:00:00Z,2024-09-12T06:00:00Z,3.52
Sweden,SWE,2024-09-12T05:00:00Z,2024-09-12T07:00:00Z,6.37
Sweden,SWE,2024-09-12T06:00:00Z,2024-09-12T08:00:00Z,7.49
Sweden,SWE,2024-09-12T07:00:00Z,2024-09-12T09:00:00Z,6.42
Sweden,SWE,2024-09-12T08:00:00Z,2024-09-12T10:00:00Z,8.95
Sweden,SWE,2024-09-12T09:00:00Z,2024-09-12T11:00:00Z,7.87
Sweden,SWE,2024-09-12T10:00:00Z,2024-09-12T12:00:00Z,4.96
Sweden,SWE,2024-09-12T11:00:00Z,2024-09-12T13:00:00Z,5.34
Sweden,SWE,2024-09-12T12:00:00Z,2024-09-12T14:00:00Z,5.53
Sweden,SWE,2024-09-12T13:00:00Z,2024-09-12T15:00:00Z,5.83
Sweden,SWE,2024-09-12T14:00:00Z,2024-09-12T16:00:00Z,6.78
Sweden,SWE,2024-09-12T15:00:00Z,2024-09-12T17:00:00Z,8.35
Sweden,SWE,2024-09-12T16:00:00Z,2024-09-12T18:00:00Z,17.47
Sweden,SWE,2024-09-12T17:00:00Z,2024-09-12T19:00:00Z,19.55
Sweden,SWE,2024-09-12T18:00:00Z,2024-09-12T20:00:00Z,9.29
Sweden,SWE,2024-09-12T19:00:00Z,2024-09-12T21:00:00Z,7.59
Sweden,SWE,2024-09-12T20:00:00Z,2024-09-12T22:00:00Z,5.88
Sweden,SWE,2024-09-12T21:00:00Z,2024-09-12T23:00:00Z,4.98
Sweden,SWE,2024-09-12T22:00:00Z,2024-09-13T00:00:00Z,3.78
Sweden,SWE,2024-09-12T23:00:00Z,2024-09-13T01:00:00Z,3.69
Sweden,SWE,2024-09-13T00:00:00Z,2024-09-13T02:00:00Z,3.85
Sweden,SWE,2024-09-13T01:00:00Z,2024-09-13T03:00:00Z,3.91
Sweden,SWE,2024-09-13T02:00:00Z,2024-09-13T04:00:00Z,4.17
Sweden,SWE,2024-09-13T03:00:00Z,2024-09-13T05:00:00Z,4.93
Sweden,SWE,2024-09-13T04:00:00Z,2024-09-13T06:00:00Z,5.85
Sweden,SWE,2024-09-13T05:00:00Z,2024-09-13T07:00:00Z,56.25
Sweden,SWE,2024-09-13T06:00:00Z,2024-09-13T08:00:00Z,111.39
Sweden,SWE,2024-09-13T07:00:00Z,2024-09-13T09:00:00Z,48.75
Sweden,SWE,2024-09-13T08:00:00Z,2024-09-13T10:00:00Z,46.79
Sweden,SWE,2024-09-13T09:00:00Z,2024-09-13T11:00:00Z,11.28
Sweden,SWE,2024-09-13T10:00:00Z,2024-09-13T12:00:00Z,9.97
Sweden,SWE,2024-09-13T11:00:00Z,2024-09-13T13:00:00Z,11.07
Sweden,SWE,2024-09-13T12:00:00Z,2024-09-13T14:00:00Z,9.33
Sweden,SWE,2024-09-13T13:00:00Z,2024-09-13T15:00:00Z,9.31
Sweden,SWE,2024-09-13T14:00:00Z,2024-09-13T16:00:00Z,9.99
Sweden,SWE,2024-09-13T15:00:00Z,2024-09-13T17:00:00Z,14
Sweden,SWE,2024-09-13T16:00:00Z,2024-09-13T18:00:00Z,13.96
Sweden,SWE,2024-09-13T17:00:00Z,2024-09-13T19:00:00Z,10.51
Sweden,SWE,2024-09-13T18:00:00Z,2024-09-13T20:00:00Z,8.81
Sweden,SWE,2024-09-13T19:00:00Z,2024-09-13T21:00:00Z,6.91
Sweden,SWE,2024-09-13T20:00:00Z,2024-09-13T22:00:00Z,5.54
Sweden,SWE,2024-09-13T21:00:00Z,2024-09-13T23:00:00Z,4.95
Sweden,SWE,2024-09-13T22:00:00Z,2024-09-14T00:00:00Z,5.31
Sweden,SWE,2024-09-13T23:00:00Z,2024-09-14T01:00:00Z,4.94
Sweden,SWE,2024-09-14T00:00:00Z,2024-09-14T02:00:00Z,4.58
Sweden,SWE,2024-09-14T01:00:00Z,2024-09-14T03:00:00Z,4.3
Sweden,SWE,2024-09-14T02:00:00Z,2024-09-14T04:00:00Z,4.29
Sweden,SWE,2024-09-14T03:00:00Z,2024-09-14T05:00:00Z,4.6
Sweden,SWE,2024-09-14T04:00:00Z,2024-09-14T06:00:00Z,4.86
Sweden,SWE,2024-09-14T05:00:00Z,2024-09-14T07:00:00Z,5.1
Sweden,SWE,2024-09-14T06:00:00Z,2024-09-14T08:00:00Z,6.34
Sweden,SWE,2024-09-14T07:00:00Z,2024-09-14T09:00:00Z,7.93
Sweden,SWE,2024-09-14T08:00:00Z,2024-09-14T10:00:00Z,8.14
Sweden,SWE,2024-09-14T09:00:00Z,2024-09-14T11:00:00Z,6
Sweden,SWE,2024-09-14T10:00:00Z,2024-09-14T12:00:00Z,2.94
Sweden,SWE,2024-09-14T11:00:00Z,2024-09-14T13:00:00Z,0.42
Sweden,SWE,2024-09-14T12:00:00Z,2024-09-14T14:00:00Z,0.83
Sweden,SWE,2024-09-14T13:00:00Z,2024-09-14T15:00:00Z,2.97
Sweden,SWE,2024-09-14T14:00:00Z,2024-09-14T16:00:00Z,6.51
Sweden,SWE,2024-09-14T15:00:00Z,2024-09-14T17:00:00Z,11.47
Sweden,SWE,2024-09-14T16:00:00Z,2024-09-14T18:00:00Z,11.48
Sweden,SWE,2024-09-14T17:00:00Z,2024-09-14T19:00:00Z,11.27
Sweden,SWE,2024-09-14T18:00:00Z,2024-09-14T20:00:00Z,10.44
Sweden,SWE,2024-09-14T19:00:00Z,2024-09-14T21:00:00Z,8.88
Sweden,SWE,2024-09-14T20:00:00Z,2024-09-14T22:00:00Z,7.94
Sweden,SWE,2024-09-14T21:00:00Z,2024-09-14T23:00:00Z,7.04
Sweden,SWE,2024-09-14T22:00:00Z,2024-09-15T00:00:00Z,9.27
Sweden,SWE,2024-09-14T23:00:00Z,2024-09-15T01:00:00Z,7.94
Sweden,SWE,2024-09-15T00:00:00Z,2024-09-15T02:00:00Z,7.4
Sweden,SWE,2024-09-15T01:00:00Z,2024-09-15T03:00:00Z,7.19
Sweden,SWE,2024-09-15T02:00:00Z,2024-09-15T04:00:00Z,7.22
Sweden,SWE,2024-09-15T03:00:00Z,2024-09-15T05:00:00Z,7.6
Sweden,SWE,2024-09-15T04:00:00Z,2024-09-15T06:00:00Z,7.93
Sweden,SWE,2024-09-15T05:00:00Z,2024-09-15T07:00:00Z,9.18
Sweden,SWE,2024-09-15T06:00:00Z,2024-09-15T08:00:00Z,9.94
Sweden,SWE,2024-09-15T07:00:00Z,2024-09-15T09:00:00Z,10.37
Sweden,SWE,2024-09-15T08:00:00Z,2024-09-15T10:00:00Z,7.35
Sweden,SWE,2024-09-15T09:00:00Z,2024-09-15T11:00:00Z,3.65
Sweden,SWE,2024-09-15T10:00:00Z,2024-09-15T12:00:00Z,2.86
Sweden,SWE,2024-09-15T11:00:00Z,2024-09-15T13:00:00Z,1.96
Sweden,SWE,2024-09-15T12:00:00Z,2024-09-15T14:00:00Z,3.09
Sweden,SWE,2024-09-15T13:00:00Z,2024-09-15T15:00:00Z,5.43
Sweden,SWE,2024-09-15T14:00:00Z,2024-09-15T16:00:00Z,11.28
Sweden,SWE,2024-09-15T15:00:00Z,2024-09-15T17:00:00Z,13.69
Sweden,SWE,2024-09-15T16:00:00Z,2024-09-15T18:00:00Z,15
Sweden,SWE,2024-09-15T17:00:00Z,2024-09-15T19:00:00Z,14.16
Sweden,SWE,2024-09-15T18:00:00Z,2024-09-15T20:00:00Z,12.47
Sweden,SWE,2024-09-15T19:00:00Z,2024-09-15T21:00:00Z,10.9
Sweden,SWE,2024-09-15T20:00:00Z,2024-09-15T22:00:00Z,9.01
Sweden,SWE,2024-09-15T21:00:00Z,2024-09-15T23:00:00Z,7.53
Sweden,SWE,2024-09-15T22:00:00Z,2024-09-16T00:00:00Z,9.29
Sweden,SWE,2024-09-15T23:00:00Z,2024-09-16T01:00:00Z,6.9
Sweden,SWE,2024-09-16T00:00:00Z,2024-09-16T02:00:00Z,7.42
Sweden,SWE,2024-09-16T01:00:00Z,2024-09-16T03:00:00Z,8.81
Sweden,SWE,2024-09-16T02:00:00Z,2024-09-16T04:00:00Z,9.98
Sweden,SWE,2024-09-16T03:00:00Z,2024-09-16T05:00:00Z,12.18
Sweden,SWE,2024-09-16T04:00:00Z,2024-09-16T06:00:00Z,17.88
Sweden,SWE,2024-09-16T05:00:00Z,2024-09-16T07:00:00Z,44.2
Sweden,SWE,2024-09-16T06:00:00Z,2024-09-16T08:00:00Z,102.74
Sweden,SWE,2024-09-16T07:00:00Z,2024-09-16T09:00:00Z,72.25
Sweden,SWE,2024-09-16T08:00:00Z,2024-09-16T10:00:00Z,46.47
Sweden,SWE,2024-09-16T09:00:00Z,2024-09-16T11:00:00Z,38.28
Sweden,SWE,2024-09-16T10:00:00Z,2024-09-16T12:00:00Z,40.58
Sweden,SWE,2024-09-16T11:00:00Z,2024-09-16T13:00:00Z,38.8
Sweden,SWE,2024-09-16T12:00:00Z,2024-09-16T14:00:00Z,40.2
Sweden,SWE,2024-09-16T13:00:00Z,2024-09-16T15:00:00Z,41.21
Sweden,SWE,2024-09-16T14:00:00Z,2024-09-16T16:00:00Z,38.94
Sweden,SWE,2024-09-16T15:00:00Z,2024-09-16T17:00:00Z,44.23
Sweden,SWE,2024-09-16T16:00:00Z,2024-09-16T18:00:00Z,60.44
Sweden,SWE,2024-09-16T17:00:00Z,2024-09-16T19:00:00Z,39.93
Sweden,SWE,2024-09-16T18:00:00Z,2024-09-16T20:00:00Z,38.55
Sweden,SWE,2024-09-16T19:00:00Z,2024-09-16T21:00:00Z,22.58
Sweden,SWE,2024-09-16T20:00:00Z,2024-09-16T22:00:00Z,17.98
Sweden,SWE,2024-09-16T21:00:00Z,2024-09-16T23:00:00Z,14.02
Sweden,SWE,2024-09-16T22:00:00Z,2024-09-17T00:00:00Z,15.97
Sweden,SWE,2024-09-16T23:00:00Z,2024-09-17T01:00:00Z,15.14
Sweden,SWE,2024-09-17T00:00:00Z,2024-09-17T02:00:00Z,14.7
Sweden,SWE,2024-09-17T01:00:00Z,2024-09-17T03:00:00Z,13.93
Sweden,SWE,2024-09-17T02:00:00Z,2024-09-17T04:00:00Z,14.28
Sweden,SWE,2024-09-17T03:00:00Z,2024-09-17T05:00:00Z,15.66
Sweden,SWE,2024-09-17T04:00:00Z,2024-09-17T06:00:00Z,19.97
Sweden,SWE,2024-09-17T05:00:00Z,2024-09-17T07:00:00Z,43.84
Sweden,SWE,2024-09-17T06:00:00Z,2024-09-17T08:00:00Z,46.17
Sweden,SWE,2024-09-17T07:00:00Z,2024-09-17T09:00:00Z,44.83
Sweden,SWE,2024-09-17T08:00:00Z,2024-09-17T10:00:00Z,19.72
Sweden,SWE,2024-09-17T09:00:00Z,2024-09-17T11:00:00Z,18.79
Sweden,SWE,2024-09-17T10:00:00Z,2024-09-17T12:00:00Z,18.53
Sweden,SWE,2024-09-17T11:00:00Z,2024-09-17T13:00:00Z,18.12
Sweden,SWE,2024-09-17T12:00:00Z,2024-09-17T14:00:00Z,18
Sweden,SWE,2024-09-17T13:00:00Z,2024-09-17T15:00:00Z,18.03
Sweden,SWE,2024-09-17T14:00:00Z,2024-09-17T16:00:00Z,38.95
Sweden,SWE,2024-09-17T15:00:00Z,2024-09-17T17:00:00Z,44.79
Sweden,SWE,2024-09-17T16:00:00Z,2024-09-17T18:00:00Z,93.67
Sweden,SWE,2024-09-17T17:00:00Z,2024-09-17T19:00:00Z,99.77
Sweden,SWE,2024-09-17T18:00:00Z,2024-09-17T20:00:00Z,54.2
Sweden,SWE,2024-09-17T19:00:00Z,2024-09-17T21:00:00Z,44.2
Sweden,SWE,2024-09-17T20:00:00Z,2024-09-17T22:00:00Z,17.27
Sweden,SWE,2024-09-17T21:00:00Z,2024-09-17T23:00:00Z,11.73
Sweden,SWE,2024-09-17T22:00:00Z,2024-09-18T00:00:00Z,11.34
Sweden,SWE,2024-09-17T23:00:00Z,2024-09-18T01:00:00Z,10.04
Sweden,SWE,2024-09-18T00:00:00Z,2024-09-18T02:00:00Z,8.02
Sweden,SWE,2024-09-18T01:00:00Z,2024-09-18T03:00:00Z,7.03
Sweden,SWE,2024-09-18T02:00:00Z,2024-09-18T04:00:00Z,7.04
Sweden,SWE,2024-09-18T03:00:00Z,2024-09-18T05:00:00Z,10.33
Sweden,SWE,2024-09-18T04:00:00Z,2024-09-18T06:00:00Z,16.77
Sweden,SWE,2024-09-18T05:00:00Z,2024-09-18T07:00:00Z,43.01
Sweden,SWE,2024-09-18T06:00:00Z,2024-09-18T08:00:00Z,47.26
Sweden,SWE,2024-09-18T07:00:00Z,2024-09-18T09:00:00Z,43.08
Sweden,SWE,2024-09-18T08:00:00Z,2024-09-18T10:00:00Z,37.99
Sweden,SWE,2024-09-18T09:00:00Z,2024-09-18T11:00:00Z,19.27
Sweden,SWE,2024-09-18T10:00:00Z,2024-09-18T12:00:00Z,12.99
Sweden,SWE,2024-09-18T11:00:00Z,2024-09-18T13:00:00Z,12.02
Sweden,SWE,2024-09-18T12:00:00Z,2024-09-18T14:00:00Z,12.68
Sweden,SWE,2024-09-18T13:00:00Z,2024-09-18T15:00:00Z,14.87
Sweden,SWE,2024-09-18T14:00:00Z,2024-09-18T16:00:00Z,19.49
Sweden,SWE,2024-09-18T15:00:00Z,2024-09-18T17:00:00Z,38.32
Sweden,SWE,2024-09-18T16:00:00Z,2024-09-18T18:00:00Z,42.8
Sweden,SWE,2024-09-18T17:00:00Z,2024-09-18T19:00:00Z,44.64
Sweden,SWE,2024-09-18T18:00:00Z,2024-09-18T20:00:00Z,43.46
Sweden,SWE,2024-09-18T19:00:00Z,2024-09-18T21:00:00Z,18.82
Sweden,SWE,2024-09-18T20:00:00Z,2024-09-18T22:00:00Z,18.06
Sweden,SWE,2024-09-18T21:00:00Z,2024-09-18T23:00:00Z,14.77
Sweden,SWE,2024-09-18T22:00:00Z,2024-09-19T00:00:00Z,15.84
Sweden,SWE,2024-09-18T23:00:00Z,2024-09-19T01:00:00Z,14.81
Sweden,SWE,2024-09-19T00:00:00Z,2024-09-19T02:00:00Z,13.52
Sweden,SWE,2024-09-19T01:00:00Z,2024-09-19T03:00:00Z,12.88
Sweden,SWE,2024-09-19T02:00:00Z,2024-09-19T04:00:00Z,12.83
Sweden,SWE,2024-09-19T03:00:00Z,2024-09-19T05:00:00Z,13.53
Sweden,SWE,2024-09-19T04:00:00Z,2024-09-19T06:00:00Z,17.03
Sweden,SWE,2024-09-19T05:00:00Z,2024-09-19T07:00:00Z,26.56
Sweden,SWE,2024-09-19T06:00:00Z,2024-09-19T08:00:00Z,26.89
Sweden,SWE,2024-09-19T07:00:00Z,2024-09-19T09:00:00Z,19.43
Sweden,SWE,2024-09-19T08:00:00Z,2024-09-19T10:00:00Z,18.04
Sweden,SWE,2024-09-19T09:00:00Z,2024-09-19T11:00:00Z,17.78
Sweden,SWE,2024-09-19T10:00:00Z,2024-09-19T12:00:00Z,13.8
Sweden,SWE,2024-09-19T11:00:00Z,2024-09-19T13:00:00Z,12.3
Sweden,SWE,2024-09-19T12:00:00Z,2024-09-19T14:00:00Z,12.53
Sweden,SWE,2024-09-19T13:00:00Z,2024-09-19T15:00:00Z,14.06
Sweden,SWE,2024-09-19T14:00:00Z,2024-09-19T16:00:00Z,17.3
Sweden,SWE,2024-09-19T15:00:00Z,2024-09-19T17:00:00Z,17.58
Sweden,SWE,2024-09-19T16:00:00Z,2024-09-19T18:00:00Z,18.18
Sweden,SWE,2024-09-19T17:00:00Z,2024-09-19T19:00:00Z,18.93
Sweden,SWE,2024-09-19T18:00:00Z,2024-09-19T20:00:00Z,17.12
Sweden,SWE,2024-09-19T19:00:00Z,2024-09-19T21:00:00Z,16.45
Sweden,SWE,2024-09-19T20:00:00Z,2024-09-19T22:00:00Z,11.03
Sweden,SWE,2024-09-19T21:00:00Z,2024-09-19T23:00:00Z,6.95
Sweden,SWE,2024-09-19T22:00:00Z,2024-09-20T00:00:00Z,10.06
Sweden,SWE,2024-09-19T23:00:00Z,2024-09-20T01:00:00Z,10.28
Sweden,SWE,2024-09-20T00:00:00Z,2024-09-20T02:00:00Z,11.23
Sweden,SWE,2024-09-20T01:00:00Z,2024-09-20T03:00:00Z,11.9
Sweden,SWE,2024-09-20T02:00:00Z,2024-09-20T04:00:00Z,13
Sweden,SWE,2024-09-20T03:00:00Z,2024-09-20T05:00:00Z,15.8
Sweden,SWE,2024-09-20T04:00:00Z,2024-09-20T06:00:00Z,17.27
Sweden,SWE,2024-09-20T05:00:00Z,2024-09-20T07:00:00Z,19.63
Sweden,SWE,2024-09-20T06:00:00Z,2024-09-20T08:00:00Z,24.84
Sweden,SWE,2024-09-20T07:00:00Z,2024-09-20T09:00:00Z,23.63
Sweden,SWE,2024-09-20T08:00:00Z,2024-09-20T10:00:00Z,19.11
Sweden,SWE,2024-09-20T09:00:00Z,2024-09-20T11:00:00Z,17.7
Sweden,SWE,2024-09-20T10:00:00Z,2024-09-20T12:00:00Z,15.24
Sweden,SWE,2024-09-20T11:00:00Z,2024-09-20T13:00:00Z,11.77
Sweden,SWE,2024-09-20T12:00:00Z,2024-09-20T14:00:00Z,11.92
Sweden,SWE,2024-09-20T13:00:00Z,2024-09-20T15:00:00Z,13.94
Sweden,SWE,2024-09-20T14:00:00Z,2024-09-20T16:00:00Z,17.42
Sweden,SWE,2024-09-20T15:00:00Z,2024-09-20T17:00:00Z,17.62
Sweden,SWE,2024-09-20T16:00:00Z,2024-09-20T18:00:00Z,17.72
Sweden,SWE,2024-09-20T17:00:00Z,2024-09-20T19:00:00Z,17.39
Sweden,SWE,2024-09-20T18:00:00Z,2024-09-20T20:00:00Z,16.83
Sweden,SWE,2024-09-20T19:00:00Z,2024-09-20T21:00:00Z,15.03
Sweden,SWE,2024-09-20T20:00:00Z,2024-09-20T22:00:00Z,13.52
Sweden,SWE,2024-09-20T21:00:00Z,2024-09-20T23:00:00Z,9.82
Sweden,SWE,2024-09-20T22:00:00Z,2024-09-21T00:00:00Z,7.53
Sweden,SWE,2024-09-20T23:00:00Z,2024-09-21T01:00:00Z,4.94
Sweden,SWE,2024-09-21T00:00:00Z,2024-09-21T02:00:00Z,3.06
Sweden,SWE,2024-09-21T01:00:00Z,2024-09-21T03:00:00Z,1.96
Sweden,SWE,2024-09-21T02:00:00Z,2024-09-21T04:00:00Z,1.5
Sweden,SWE,2024-09-21T03:00:00Z,2024-09-21T05:00:00Z,2.92
Sweden,SWE,2024-09-21T04:00:00Z,2024-09-21T06:00:00Z,3.33
Sweden,SWE,2024-09-21T05:00:00Z,2024-09-21T07:00:00Z,5
Sweden,SWE,2024-09-21T06:00:00Z,2024-09-21T08:00:00Z,7.91
Sweden,SWE,2024-09-21T07:00:00Z,2024-09-21T09:00:00Z,8.61
Sweden,SWE,2024-09-21T08:00:00Z,2024-09-21T10:00:00Z,5.33
Sweden,SWE,2024-09-21T09:00:00Z,2024-09-21T11:00:00Z,3.15
Sweden,SWE,2024-09-21T10:00:00Z,2024-09-21T12:00:00Z,0.01
Sweden,SWE,2024-09-21T11:00:00Z,2024-09-21T13:00:00Z,0.03
Sweden,SWE,2024-09-21T12:00:00Z,2024-09-21T14:00:00Z,1.93
Sweden,SWE,2024-09-21T13:00:00Z,2024-09-21T15:00:00Z,5.54
Sweden,SWE,2024-09-21T14:00:00Z,2024-09-21T16:00:00Z,15.72
Sweden,SWE,2024-09-21T15:00:00Z,2024-09-21T17:00:00Z,16.8
Sweden,SWE,2024-09-21T16:00:00Z,2024-09-21T18:00:00Z,18.53
Sweden,SWE,2024-09-21T17:00:00Z,2024-09-21T19:00:00Z,27.06
Sweden,SWE,2024-09-21T18:00:00Z,2024-09-21T20:00:00Z,16.81
Sweden,SWE,2024-09-21T19:00:00Z,2024-09-21T21:00:00Z,16.29
Sweden,SWE,2024-09-21T20:00:00Z,2024-09-21T22:00:00Z,15.71
Sweden,SWE,2024-09-21T21:00:00Z,2024-09-21T23:00:00Z,14.95
Sweden,SWE,2024-09-21T22:00:00Z,2024-09-22T00:00:00Z,24.45
Sweden,SWE,2024-09-21T23:00:00Z,2024-09-22T01:00:00Z,23.18
Sweden,SWE,2024-09-22T00:00:00Z,2024-09-22T02:00:00Z,22.59
Sweden,SWE,2024-09-22T01:00:00Z,2024-09-22T03:00:00Z,22.28
Sweden,SWE,2024-09-22T02:00:00Z,2024-09-22T04:00:00Z,19.47
Sweden,SWE,2024-09-22T03:00:00Z,2024-09-22T05:00:00Z,16.28
Sweden,SWE,2024-09-22T04:00:00Z,2024-09-22T06:00:00Z,15.41
Sweden,SWE,2024-09-22T05:00:00Z,2024-09-22T07:00:00Z,16.44
Sweden,SWE,2024-09-22T06:00:00Z,2024-09-22T08:00:00Z,22.28
Sweden,SWE,2024-09-22T07:00:00Z,2024-09-22T09:00:00Z,21.88
Sweden,SWE,2024-09-22T08:00:00Z,2024-09-22T10:00:00Z,17.42
Sweden,SWE,2024-09-22T09:00:00Z,2024-09-22T11:00:00Z,14.67
Sweden,SWE,2024-09-22T10:00:00Z,2024-09-22T12:00:00Z,10.93
Sweden,SWE,2024-09-22T11:00:00Z,2024-09-22T13:00:00Z,8
Sweden,SWE,2024-09-22T12:00:00Z,2024-09-22T14:00:00Z,10.86
Sweden,SWE,2024-09-22T13:00:00Z,2024-09-22T15:00:00Z,15.26
Sweden,SWE,2024-09-22T14:00:00Z,2024-09-22T16:00:00Z,23.04
Sweden,SWE,2024-09-22T15:00:00Z,2024-09-22T17:00:00Z,31.14
Sweden,SWE,2024-09-22T16:00:00Z,2024-09-22T18:00:00Z,35.42
Sweden,SWE,2024-09-22T17:00:00Z,2024-09-22T19:00:00Z,18.65
Sweden,SWE,2024-09-22T18:00:00Z,2024-09-22T20:00:00Z,18.21
Sweden,SWE,2024-09-22T19:00:00Z,2024-09-22T21:00:00Z,17.28
Sweden,SWE,2024-09-22T20:00:00Z,2024-09-22T22:00:00Z,16.71
Sweden,SWE,2024-09-22T21:00:00Z,2024-09-22T23:00:00Z,16.16
Sweden,SWE,2024-09-22T22:00:00Z,2024-09-23T00:00:00Z,15.86
Sweden,SWE,2024-09-22T23:00:00Z,2024-09-23T01:00:00Z,15.61
Sweden,SWE,2024-09-23T00:00:00Z,2024-09-23T02:00:00Z,15.56
Sweden,SWE,2024-09-23T01:00:00Z,2024-09-23T03:00:00Z,15.45
Sweden,SWE,2024-09-23T02:00:00Z,2024-09-23T04:00:00Z,15.58
Sweden,SWE,2024-09-23T03:00:00Z,2024-09-23T05:00:00Z,15.92
Sweden,SWE,2024-09-23T04:00:00Z,2024-09-23T06:00:00Z,17.16
Sweden,SWE,2024-09-23T05:00:00Z,2024-09-23T07:00:00Z,19.89
Sweden,SWE,2024-09-23T06:00:00Z,2024-09-23T08:00:00Z,39.66
Sweden,SWE,2024-09-23T07:00:00Z,2024-09-23T09:00:00Z,38.94
Sweden,SWE,2024-09-23T08:00:00Z,2024-09-23T10:00:00Z,21.55
Sweden,SWE,2024-09-23T09:00:00Z,2024-09-23T11:00:00Z,19.07
Sweden,SWE,2024-09-23T10:00:00Z,2024-09-23T12:00:00Z,18.39
Sweden,SWE,2024-09-23T11:00:00Z,2024-09-23T13:00:00Z,16.93
Sweden,SWE,2024-09-23T12:00:00Z,2024-09-23T14:00:00Z,16.9
Sweden,SWE,2024-09-23T13:00:00Z,2024-09-23T15:00:00Z,17.21
Sweden,SWE,2024-09-23T14:00:00Z,2024-09-23T16:00:00Z,18.22
Sweden,SWE,2024-09-23T15:00:00Z,2024-09-23T17:00:00Z,19.37
Sweden,SWE,2024-09-23T16:00:00Z,2024-09-23T18:00:00Z,20.03
Sweden,SWE,2024-09-23T17:00:00Z,2024-09-23T19:00:00Z,18.77
Sweden,SWE,2024-09-23T18:00:00Z,2024-09-23T20:00:00Z,16.56
Sweden,SWE,2024-09-23T19:00:00Z,2024-09-23T21:00:00Z,15.76
Sweden,SWE,2024-09-23T20:00:00Z,2024-09-23T22:00:00Z,13.03
Sweden,SWE,2024-09-23T21:00:00Z,2024-09-23T23:00:00Z,9.78
Sweden,SWE,2024-09-23T22:00:00Z,2024-09-24T00:00:00Z,8.67
Sweden,SWE,2024-09-23T23:00:00Z,2024-09-24T01:00:00Z,8.13
Sweden,SWE,2024-09-24T00:00:00Z,2024-09-24T02:00:00Z,8.73
Sweden,SWE,2024-09-24T01:00:00Z,2024-09-24T03:00:00Z,9.61
Sweden,SWE,2024-09-24T02:00:00Z,2024-09-24T04:00:00Z,11.2
Sweden,SWE,2024-09-24T03:00:00Z,2024-09-24T05:00:00Z,15.92
Sweden,SWE,2024-09-24T04:00:00Z,2024-09-24T06:00:00Z,16.93
Sweden,SWE,2024-09-24T05:00:00Z,2024-09-24T07:00:00Z,20.49
Sweden,SWE,2024-09-24T06:00:00Z,2024-09-24T08:00:00Z,25.17
Sweden,SWE,2024-09-24T07:00:00Z,2024-09-24T09:00:00Z,24.48
Sweden,SWE,2024-09-24T08:00:00Z,2024-09-24T10:00:00Z,19.94
Sweden,SWE,2024-09-24T09:00:00Z,2024-09-24T11:00:00Z,19.32
Sweden,SWE,2024-09-24T10:00:00Z,2024-09-24T12:00:00Z,19.25
Sweden,SWE,2024-09-24T11:00:00Z,2024-09-24T13:00:00Z,19
Sweden,SWE,2024-09-24T12:00:00Z,2024-09-24T14:00:00Z,19.35
Sweden,SWE,2024-09-24T13:00:00Z,2024-09-24T15:00:00Z,19.35
Sweden,SWE,2024-09-24T14:00:00Z,2024-09-24T16:00:00Z,20.79
Sweden,SWE,2024-09-24T15:00:00Z,2024-09-24T17:00:00Z,25.22
Sweden,SWE,2024-09-24T16:00:00Z,2024-09-24T18:00:00Z,25.18
Sweden,SWE,2024-09-24T17:00:00Z,2024-09-24T19:00:00Z,24.87
Sweden,SWE,2024-09-24T18:00:00Z,2024-09-24T20:00:00Z,19.24
Sweden,SWE,2024-09-24T19:00:00Z,2024-09-24T21:00:00Z,17.18
Sweden,SWE,2024-09-24T20:00:00Z,2024-09-24T22:00:00Z,16.38
Sweden,SWE,2024-09-24T21:00:00Z,2024-09-24T23:00:00Z,13.01
Sweden,SWE,2024-09-24T22:00:00Z,2024-09-25T00:00:00Z,10.06
Sweden,SWE,2024-09-24T23:00:00Z,2024-09-25T01:00:00Z,8.35
Sweden,SWE,2024-09-25T00:00:00Z,2024-09-25T02:00:00Z,6.8
Sweden,SWE,2024-09-25T01:00:00Z,2024-09-25T03:00:00Z,5.97
Sweden,SWE,2024-09-25T02:00:00Z,2024-09-25T04:00:00Z,5.77
Sweden,SWE,2024-09-25T03:00:00Z,2024-09-25T05:00:00Z,9.94
Sweden,SWE,2024-09-25T04:00:00Z,2024-09-25T06:00:00Z,15.64
Sweden,SWE,2024-09-25T05:00:00Z,2024-09-25T07:00:00Z,17.5
Sweden,SWE,2024-09-25T06:00:00Z,2024-09-25T08:00:00Z,17.67
Sweden,SWE,2024-09-25T07:00:00Z,2024-09-25T09:00:00Z,16.55
Sweden,SWE,2024-09-25T08:00:00Z,2024-09-25T10:00:00Z,13.44
Sweden,SWE,2024-09-25T09:00:00Z,2024-09-25T11:00:00Z,8.55
Sweden,SWE,2024-09-25T10:00:00Z,2024-09-25T12:00:00Z,6.95
Sweden,SWE,2024-09-25T11:00:00Z,2024-09-25T13:00:00Z,6.91
Sweden,SWE,2024-09-25T12:00:00Z,2024-09-25T14:00:00Z,5.57
Sweden,SWE,2024-09-25T13:00:00Z,2024-09-25T15:00:00Z,5.4
Sweden,SWE,2024-09-25T14:00:00Z,2024-09-25T16:00:00Z,5.75
Sweden,SWE,2024-09-25T15:00:00Z,2024-09-25T17:00:00Z,5.76
Sweden,SWE,2024-09-25T16:00:00Z,2024-09-25T18:00:00Z,6.2
Sweden,SWE,2024-09-25T17:00:00Z,2024-09-25T19:00:00Z,5.15
Sweden,SWE,2024-09-25T18:00:00Z,2024-09-25T20:00:00Z,3.02
Sweden,SWE,2024-09-25T19:00:00Z,2024-09-25T21:00:00Z,0.01
Sweden,SWE,2024-09-25T20:00:00Z,2024-09-25T22:00:00Z,-0.05
Sweden,SWE,2024-09-25T21:00:00Z,2024-09-25T23:00:00Z,-0.8
Sweden,SWE,2024-09-25T22:00:00Z,2024-09-26T00:00:00Z,-1.21
Sweden,SWE,2024-09-25T23:00:00Z,2024-09-26T01:00:00Z,-1.77
Sweden,SWE,2024-09-26T00:00:00Z,2024-09-26T02:00:00Z,-1.77
Sweden,SWE,2024-09-26T01:00:00Z,2024-09-26T03:00:00Z,-1.04
Sweden,SWE,2024-09-26T02:00:00Z,2024-09-26T04:00:00Z,-0.59
Sweden,SWE,2024-09-26T03:00:00Z,2024-09-26T05:00:00Z,2.58
Sweden,SWE,2024-09-26T04:00:00Z,2024-09-26T06:00:00Z,4.82
Sweden,SWE,2024-09-26T05:00:00Z,2024-09-26T07:00:00Z,16.2
Sweden,SWE,2024-09-26T06:00:00Z,2024-09-26T08:00:00Z,17.11
Sweden,SWE,2024-09-26T07:00:00Z,2024-09-26T09:00:00Z,17.18
Sweden,SWE,2024-09-26T08:00:00Z,2024-09-26T10:00:00Z,16.92
Sweden,SWE,2024-09-26T09:00:00Z,2024-09-26T11:00:00Z,16.56
Sweden,SWE,2024-09-26T10:00:00Z,2024-09-26T12:00:00Z,13.48
Sweden,SWE,2024-09-26T11:00:00Z,2024-09-26T13:00:00Z,12.08
Sweden,SWE,2024-09-26T12:00:00Z,2024-09-26T14:00:00Z,12.68
Sweden,SWE,2024-09-26T13:00:00Z,2024-09-26T15:00:00Z,16.98
Sweden,SWE,2024-09-26T14:00:00Z,2024-09-26T16:00:00Z,19.6
Sweden,SWE,2024-09-26T15:00:00Z,2024-09-26T17:00:00Z,21.15
Sweden,SWE,2024-09-26T16:00:00Z,2024-09-26T18:00:00Z,18.05
Sweden,SWE,2024-09-26T17:00:00Z,2024-09-26T19:00:00Z,17.89
Sweden,SWE,2024-09-26T18:00:00Z,2024-09-26T20:00:00Z,17.6
Sweden,SWE,2024-09-26T19:00:00Z,2024-09-26T21:00:00Z,17.04
Sweden,SWE,2024-09-26T20:00:00Z,2024-09-26T22:00:00Z,14.83
Sweden,SWE,2024-09-26T21:00:00Z,2024-09-26T23:00:00Z,13.02
Sweden,SWE,2024-09-26T22:00:00Z,2024-09-27T00:00:00Z,5.39
Sweden,SWE,2024-09-26T23:00:00Z,2024-09-27T01:00:00Z,3.23
Sweden,SWE,2024-09-27T00:00:00Z,2024-09-27T02:00:00Z,0.67
Sweden,SWE,2024-09-27T01:00:00Z,2024-09-27T03:00:00Z,0
Sweden,SWE,2024-09-27T02:00:00Z,2024-09-27T04:00:00Z,-0.2
Sweden,SWE,2024-09-27T03:00:00Z,2024-09-27T05:00:00Z,-0.03
Sweden,SWE,2024-09-27T04:00:00Z,2024-09-27T06:00:00Z,4.18
Sweden,SWE,2024-09-27T05:00:00Z,2024-09-27T07:00:00Z,11.43
Sweden,SWE,2024-09-27T06:00:00Z,2024-09-27T08:00:00Z,14.28
Sweden,SWE,2024-09-27T07:00:00Z,2024-09-27T09:00:00Z,9.5
Sweden,SWE,2024-09-27T08:00:00Z,2024-09-27T10:00:00Z,8.35
Sweden,SWE,2024-09-27T09:00:00Z,2024-09-27T11:00:00Z,6
Sweden,SWE,2024-09-27T10:00:00Z,2024-09-27T12:00:00Z,6.27
Sweden,SWE,2024-09-27T11:00:00Z,2024-09-27T13:00:00Z,4.92
Sweden,SWE,2024-09-27T12:00:00Z,2024-09-27T14:00:00Z,4.06
Sweden,SWE,2024-09-27T13:00:00Z,2024-09-27T15:00:00Z,4.75
Sweden,SWE,2024-09-27T14:00:00Z,2024-09-27T16:00:00Z,5.01
Sweden,SWE,2024-09-27T15:00:00Z,2024-09-27T17:00:00Z,14.07
Sweden,SWE,2024-09-27T16:00:00Z,2024-09-27T18:00:00Z,13.43
Sweden,SWE,2024-09-27T17:00:00Z,2024-09-27T19:00:00Z,12.13
Sweden,SWE,2024-09-27T18:00:00Z,2024-09-27T20:00:00Z,8.74
Sweden,SWE,2024-09-27T19:00:00Z,2024-09-27T21:00:00Z,5.01
Sweden,SWE,2024-09-27T20:00:00Z,2024-09-27T22:00:00Z,4.92
Sweden,SWE,2024-09-27T21:00:00Z,2024-09-27T23:00:00Z,3.71
Sweden,SWE,2024-09-27T22:00:00Z,2024-09-28T00:00:00Z,2.9
Sweden,SWE,2024-09-27T23:00:00Z,2024-09-28T01:00:00Z,3.03
Sweden,SWE,2024-09-28T00:00:00Z,2024-09-28T02:00:00Z,3.29
Sweden,SWE,2024-09-28T01:00:00Z,2024-09-28T03:00:00Z,3.16
Sweden,SWE,2024-09-28T02:00:00Z,2024-09-28T04:00:00Z,3.27
Sweden,SWE,2024-09-28T03:00:00Z,2024-09-28T05:00:00Z,4.15
Sweden,SWE,2024-09-28T04:00:00Z,2024-09-28T06:00:00Z,5.15
Sweden,SWE,2024-09-28T05:00:00Z,2024-09-28T07:00:00Z,9.1
Sweden,SWE,2024-09-28T06:00:00Z,2024-09-28T08:00:00Z,14.51
Sweden,SWE,2024-09-28T07:00:00Z,2024-09-28T09:00:00Z,15.99
Sweden,SWE,2024-09-28T08:00:00Z,2024-09-28T10:00:00Z,9.75
Sweden,SWE,2024-09-28T09:00:00Z,2024-09-28T11:00:00Z,4.19
Sweden,SWE,2024-09-28T10:00:00Z,2024-09-28T12:00:00Z,4.17
Sweden,SWE,2024-09-28T11:00:00Z,2024-09-28T13:00:00Z,3.62
Sweden,SWE,2024-09-28T12:00:00Z,2024-09-28T14:00:00Z,3.39
Sweden,SWE,2024-09-28T13:00:00Z,2024-09-28T15:00:00Z,3.29
Sweden,SWE,2024-09-28T14:00:00Z,2024-09-28T16:00:00Z,6.59
Sweden,SWE,2024-09-28T15:00:00Z,2024-09-28T17:00:00Z,10.09
Sweden,SWE,2024-09-28T16:00:00Z,2024-09-28T18:00:00Z,10.86
Sweden,SWE,2024-09-28T17:00:00Z,2024-09-28T19:00:00Z,8.07
Sweden,SWE,2024-09-28T18:00:00Z,2024-09-28T20:00:00Z,5.36
Sweden,SWE,2024-09-28T19:00:00Z,2024-09-28T21:00:00Z,4.23
Sweden,SWE,2024-09-28T20:00:00Z,2024-09-28T22:00:00Z,3.69
Sweden,SWE,2024-09-28T21:00:00Z,2024-09-28T23:00:00Z,3.76
Sweden,SWE,2024-09-28T22:00:00Z,2024-09-29T00:00:00Z,3.89
Sweden,SWE,2024-09-28T23:00:00Z,2024-09-29T01:00:00Z,3.13
Sweden,SWE,2024-09-29T00:00:00Z,2024-09-29T02:00:00Z,2.45
Sweden,SWE,2024-09-29T01:00:00Z,2024-09-29T03:00:00Z,1.55
Sweden,SWE,2024-09-29T02:00:00Z,2024-09-29T04:00:00Z,1.51
Sweden,SWE,2024-09-29T03:00:00Z,2024-09-29T05:00:00Z,2.27
Sweden,SWE,2024-09-29T04:00:00Z,2024-09-29T06:00:00Z,2.69
Sweden,SWE,2024-09-29T05:00:00Z,2024-09-29T07:00:00Z,3.63
Sweden,SWE,2024-09-29T06:00:00Z,2024-09-29T08:00:00Z,4.44
Sweden,SWE,2024-09-29T07:00:00Z,2024-09-29T09:00:00Z,4.91
Sweden,SWE,2024-09-29T08:00:00Z,2024-09-29T10:00:00Z,1.33
Sweden,SWE,2024-09-29T09:00:00Z,2024-09-29T11:00:00Z,0
Sweden,SWE,2024-09-29T10:00:00Z,2024-09-29T12:00:00Z,-0.01
Sweden,SWE,2024-09-29T11:00:00Z,2024-09-29T13:00:00Z,-0.49
Sweden,SWE,2024-09-29T12:00:00Z,2024-09-29T14:00:00Z,-0.44
Sweden,SWE,2024-09-29T13:00:00Z,2024-09-29T15:00:00Z,0
Sweden,SWE,2024-09-29T14:00:00Z,2024-09-29T16:00:00Z,5.19
Sweden,SWE,2024-09-29T15:00:00Z,2024-09-29T17:00:00Z,10.92
Sweden,SWE,2024-09-29T16:00:00Z,2024-09-29T18:00:00Z,17.05
Sweden,SWE,2024-09-29T17:00:00Z,2024-09-29T19:00:00Z,26.72
Sweden,SWE,2024-09-29T18:00:00Z,2024-09-29T20:00:00Z,21.35
Sweden,SWE,2024-09-29T19:00:00Z,2024-09-29T21:00:00Z,11.34
Sweden,SWE,2024-09-29T20:00:00Z,2024-09-29T22:00:00Z,10.1
Sweden,SWE,2024-09-29T21:00:00Z,2024-09-29T23:00:00Z,10.81
Sweden,SWE,2024-09-29T22:00:00Z,2024-09-30T00:00:00Z,14.94
Sweden,SWE,2024-09-29T23:00:00Z,2024-09-30T01:00:00Z,11.36
Sweden,SWE,2024-09-30T00:00:00Z,2024-09-30T02:00:00Z,8.4
Sweden,SWE,2024-09-30T01:00:00Z,2024-09-30T03:00:00Z,5.53
Sweden,SWE,2024-09-30T02:00:00Z,2024-09-30T04:00:00Z,9.02
Sweden,SWE,2024-09-30T03:00:00Z,2024-09-30T05:00:00Z,16.98
Sweden,SWE,2024-09-30T04:00:00Z,2024-09-30T06:00:00Z,33.67
Sweden,SWE,2024-09-30T05:00:00Z,2024-09-30T07:00:00Z,50.33
Sweden,SWE,2024-09-30T06:00:00Z,2024-09-30T08:00:00Z,51.62
Sweden,SWE,2024-09-30T07:00:00Z,2024-09-30T09:00:00Z,44.23
Sweden,SWE,2024-09-30T08:00:00Z,2024-09-30T10:00:00Z,34.63
Sweden,SWE,2024-09-30T09:00:00Z,2024-09-30T11:00:00Z,20.91
Sweden,SWE,2024-09-30T10:00:00Z,2024-09-30T12:00:00Z,16.33
Sweden,SWE,2024-09-30T11:00:00Z,2024-09-30T13:00:00Z,13.72
Sweden,SWE,2024-09-30T12:00:00Z,2024-09-30T14:00:00Z,12.73
Sweden,SWE,2024-09-30T13:00:00Z,2024-09-30T15:00:00Z,16.86
Sweden,SWE,2024-09-30T14:00:00Z,2024-09-30T16:00:00Z,22.65
Sweden,SWE,2024-09-30T15:00:00Z,2024-09-30T17:00:00Z,29.38
Sweden,SWE,2024-09-30T16:00:00Z,2024-09-30T18:00:00Z,31.75
Sweden,SWE,2024-09-30T17:00:00Z,2024-09-30T19:00:00Z,31.67
Sweden,SWE,2024-09-30T18:00:00Z,2024-09-30T20:00:00Z,9.41
Sweden,SWE,2024-09-30T19:00:00Z,2024-09-30T21:00:00Z,4.19
Sweden,SWE,2024-09-30T20:00:00Z,2024-09-30T22:00:00Z,2.03
Sweden,SWE,2024-09-30T21:00:00Z,2024-09-30T23:00:00Z,0
Sweden,SWE,2024-09-30T22:00:00Z,2024-10-01T00:00:00Z,0.59
Sweden,SWE,2024-09-30T23:00:00Z,2024-10-01T01:00:00Z,0.06
Sweden,SWE,2024-10-01T00:00:00Z,2024-10-01T02:00:00Z,0.05
Sweden,SWE,2024-10-01T01:00:00Z,2024-10-01T03:00:00Z,0.02
Sweden,SWE,2024-10-01T02:00:00Z,2024-10-01T04:00:00Z,0.08
Sweden,SWE,2024-10-01T03:00:00Z,2024-10-01T05:00:00Z,3.27
Sweden,SWE,2024-10-01T04:00:00Z,2024-10-01T06:00:00Z,7.62
Sweden,SWE,2024-10-01T05:00:00Z,2024-10-01T07:00:00Z,24
Sweden,SWE,2024-10-01T06:00:00Z,2024-10-01T08:00:00Z,39.49
Sweden,SWE,2024-10-01T07:00:00Z,2024-10-01T09:00:00Z,39.81
Sweden,SWE,2024-10-01T08:00:00Z,2024-10-01T10:00:00Z,37.02
Sweden,SWE,2024-10-01T09:00:00Z,2024-10-01T11:00:00Z,33.55
Sweden,SWE,2024-10-01T10:00:00Z,2024-10-01T12:00:00Z,30.22
Sweden,SWE,2024-10-01T11:00:00Z,2024-10-01T13:00:00Z,29.16
Sweden,SWE,2024-10-01T12:00:00Z,2024-10-01T14:00:00Z,33.79
Sweden,SWE,2024-10-01T13:00:00Z,2024-10-01T15:00:00Z,38.34
Sweden,SWE,2024-10-01T14:00:00Z,2024-10-01T16:00:00Z,41.7
Sweden,SWE,2024-10-01T15:00:00Z,2024-10-01T17:00:00Z,47.43
Sweden,SWE,2024-10-01T16:00:00Z,2024-10-01T18:00:00Z,50
Sweden,SWE,2024-10-01T17:00:00Z,2024-10-01T19:00:00Z,51.56
Sweden,SWE,2024-10-01T18:00:00Z,2024-10-01T20:00:00Z,45.14
Sweden,SWE,2024-10-01T19:00:00Z,2024-10-01T21:00:00Z,42.47
Sweden,SWE,2024-10-01T20:00:00Z,2024-10-01T22:00:00Z,39.7
Sweden,SWE,2024-10-01T21:00:00Z,2024-10-01T23:00:00Z,34.66
Sweden,SWE,2024-10-01T22:00:00Z,2024-10-02T00:00:00Z,40.03
Sweden,SWE,2024-10-01T23:00:00Z,2024-10-02T01:00:00Z,39.6
Sweden,SWE,2024-10-02T00:00:00Z,2024-10-02T02:00:00Z,38.99
Sweden,SWE,2024-10-02T01:00:00Z,2024-10-02T03:00:00Z,39.73
Sweden,SWE,2024-10-02T02:00:00Z,2024-10-02T04:00:00Z,40.26
Sweden,SWE,2024-10-02T03:00:00Z,2024-10-02T05:00:00Z,42.35
Sweden,SWE,2024-10-02T04:00:00Z,2024-10-02T06:00:00Z,49.78
Sweden,SWE,2024-10-02T05:00:00Z,2024-10-02T07:00:00Z,77.94
Sweden,SWE,2024-10-02T06:00:00Z,2024-10-02T08:00:00Z,122.54
Sweden,SWE,2024-10-02T07:00:00Z,2024-10-02T09:00:00Z,91.3
Sweden,SWE,2024-10-02T08:00:00Z,2024-10-02T10:00:00Z,61.93
Sweden,SWE,2024-10-02T09:00:00Z,2024-10-02T11:00:00Z,51.36
Sweden,SWE,2024-10-02T10:00:00Z,2024-10-02T12:00:00Z,54.9
Sweden,SWE,2024-10-02T11:00:00Z,2024-10-02T13:00:00Z,50.47
Sweden,SWE,2024-10-02T12:00:00Z,2024-10-02T14:00:00Z,50.34
Sweden,SWE,2024-10-02T13:00:00Z,2024-10-02T15:00:00Z,50.01
Sweden,SWE,2024-10-02T14:00:00Z,2024-10-02T16:00:00Z,51.75
Sweden,SWE,2024-10-02T15:00:00Z,2024-10-02T17:00:00Z,59.83
Sweden,SWE,2024-10-02T16:00:00Z,2024-10-02T18:00:00Z,57.04
Sweden,SWE,2024-10-02T17:00:00Z,2024-10-02T19:00:00Z,53.31
Sweden,SWE,2024-10-02T18:00:00Z,2024-10-02T20:00:00Z,51.11
Sweden,SWE,2024-10-02T19:00:00Z,2024-10-02T21:00:00Z,46.99
Sweden,SWE,2024-10-02T20:00:00Z,2024-10-02T22:00:00Z,43.09
Sweden,SWE,2024-10-02T21:00:00Z,2024-10-02T23:00:00Z,34.37
Sweden,SWE,2024-10-02T22:00:00Z,2024-10-03T00:00:00Z,23.79
Sweden,SWE,2024-10-02T23:00:00Z,2024-10-03T01:00:00Z,21.64
Sweden,SWE,2024-10-03T00:00:00Z,2024-10-03T02:00:00Z,20.25
Sweden,SWE,2024-10-03T01:00:00Z,2024-10-03T03:00:00Z,19.75
Sweden,SWE,2024-10-03T02:00:00Z,2024-10-03T04:00:00Z,19.48
Sweden,SWE,2024-10-03T03:00:00Z,2024-10-03T05:00:00Z,22.05
Sweden,SWE,2024-10-03T04:00:00Z,2024-10-03T06:00:00Z,43.99
Sweden,SWE,2024-10-03T05:00:00Z,2024-10-03T07:00:00Z,63.11
Sweden,SWE,2024-10-03T06:00:00Z,2024-10-03T08:00:00Z,66.15
Sweden,SWE,2024-10-03T07:00:00Z,2024-10-03T09:00:00Z,58.19
Sweden,SWE,2024-10-03T08:00:00Z,2024-10-03T10:00:00Z,46.59
Sweden,SWE,2024-10-03T09:00:00Z,2024-10-03T11:00:00Z,44.61
Sweden,SWE,2024-10-03T10:00:00Z,2024-10-03T12:00:00Z,40.71
Sweden,SWE,2024-10-03T11:00:00Z,2024-10-03T13:00:00Z,31.27
Sweden,SWE,2024-10-03T12:00:00Z,2024-10-03T14:00:00Z,35.4
Sweden,SWE,2024-10-03T13:00:00Z,2024-10-03T15:00:00Z,43.41
Sweden,SWE,2024-10-03T14:00:00Z,2024-10-03T16:00:00Z,44.09
Sweden,SWE,2024-10-03T15:00:00Z,2024-10-03T17:00:00Z,44.95
Sweden,SWE,2024-10-03T16:00:00Z,2024-10-03T18:00:00Z,51.02
Sweden,SWE,2024-10-03T17:00:00Z,2024-10-03T19:00:00Z,52.36
Sweden,SWE,2024-10-03T18:00:00Z,2024-10-03T20:00:00Z,56.03
Sweden,SWE,2024-10-03T19:00:00Z,2024-10-03T21:00:00Z,45.75
Sweden,SWE,2024-10-03T20:00:00Z,2024-10-03T22:00:00Z,43.05
Sweden,SWE,2024-10-03T21:00:00Z,2024-10-03T23:00:00Z,31.22
Sweden,SWE,2024-10-03T22:00:00Z,2024-10-04T00:00:00Z,36.32
Sweden,SWE,2024-10-03T23:00:00Z,2024-10-04T01:00:00Z,28.36
Sweden,SWE,2024-10-04T00:00:00Z,2024-10-04T02:00:00Z,23.58
Sweden,SWE,2024-10-04T01:00:00Z,2024-10-04T03:00:00Z,20.57
Sweden,SWE,2024-10-04T02:00:00Z,2024-10-04T04:00:00Z,22.82
Sweden,SWE,2024-10-04T03:00:00Z,2024-10-04T05:00:00Z,38.98
Sweden,SWE,2024-10-04T04:00:00Z,2024-10-04T06:00:00Z,43.04
Sweden,SWE,2024-10-04T05:00:00Z,2024-10-04T07:00:00Z,102.48
Sweden,SWE,2024-10-04T06:00:00Z,2024-10-04T08:00:00Z,117.01
Sweden,SWE,2024-10-04T07:00:00Z,2024-10-04T09:00:00Z,97.96
Sweden,SWE,2024-10-04T08:00:00Z,2024-10-04T10:00:00Z,51.33
Sweden,SWE,2024-10-04T09:00:00Z,2024-10-04T11:00:00Z,45.56
Sweden,SWE,2024-10-04T10:00:00Z,2024-10-04T12:00:00Z,43.56
Sweden,SWE,2024-10-04T11:00:00Z,2024-10-04T13:00:00Z,28.39
Sweden,SWE,2024-10-04T12:00:00Z,2024-10-04T14:00:00Z,26.99
Sweden,SWE,2024-10-04T13:00:00Z,2024-10-04T15:00:00Z,26.92
Sweden,SWE,2024-10-04T14:00:00Z,2024-10-04T16:00:00Z,40.34
Sweden,SWE,2024-10-04T15:00:00Z,2024-10-04T17:00:00Z,44.76
Sweden,SWE,2024-10-04T16:00:00Z,2024-10-04T18:00:00Z,70.42
Sweden,SWE,2024-10-04T17:00:00Z,2024-10-04T19:00:00Z,106.98
Sweden,SWE,2024-10-04T18:00:00Z,2024-10-04T20:00:00Z,43.97
Sweden,SWE,2024-10-04T19:00:00Z,2024-10-04T21:00:00Z,33.19
Sweden,SWE,2024-10-04T20:00:00Z,2024-10-04T22:00:00Z,26.39
Sweden,SWE,2024-10-04T21:00:00Z,2024-10-04T23:00:00Z,19.17
Sweden,SWE,2024-10-04T22:00:00Z,2024-10-05T00:00:00Z,21.77
Sweden,SWE,2024-10-04T23:00:00Z,2024-10-05T01:00:00Z,20.27
Sweden,SWE,2024-10-05T00:00:00Z,2024-10-05T02:00:00Z,20
Sweden,SWE,2024-10-05T01:00:00Z,2024-10-05T03:00:00Z,19.74
Sweden,SWE,2024-10-05T02:00:00Z,2024-10-05T04:00:00Z,20.27
Sweden,SWE,2024-10-05T03:00:00Z,2024-10-05T05:00:00Z,22.05
Sweden,SWE,2024-10-05T04:00:00Z,2024-10-05T06:00:00Z,21.49
Sweden,SWE,2024-10-05T05:00:00Z,2024-10-05T07:00:00Z,24.68
Sweden,SWE,2024-10-05T06:00:00Z,2024-10-05T08:00:00Z,28.33
Sweden,SWE,2024-10-05T07:00:00Z,2024-10-05T09:00:00Z,30.29
Sweden,SWE,2024-10-05T08:00:00Z,2024-10-05T10:00:00Z,29.83
Sweden,SWE,2024-10-05T09:00:00Z,2024-10-05T11:00:00Z,28.42
Sweden,SWE,2024-10-05T10:00:00Z,2024-10-05T12:00:00Z,27.32
Sweden,SWE,2024-10-05T11:00:00Z,2024-10-05T13:00:00Z,26.95
Sweden,SWE,2024-10-05T12:00:00Z,2024-10-05T14:00:00Z,26.2
Sweden,SWE,2024-10-05T13:00:00Z,2024-10-05T15:00:00Z,26.94
Sweden,SWE,2024-10-05T14:00:00Z,2024-10-05T16:00:00Z,28.94
Sweden,SWE,2024-10-05T15:00:00Z,2024-10-05T17:00:00Z,33.06
Sweden,SWE,2024-10-05T16:00:00Z,2024-10-05T18:00:00Z,41.42
Sweden,SWE,2024-10-05T17:00:00Z,2024-10-05T19:00:00Z,39.56
Sweden,SWE,2024-10-05T18:00:00Z,2024-10-05T20:00:00Z,26.97
Sweden,SWE,2024-10-05T19:00:00Z,2024-10-05T21:00:00Z,23.97
Sweden,SWE,2024-10-05T20:00:00Z,2024-10-05T22:00:00Z,21.99
Sweden,SWE,2024-10-05T21:00:00Z,2024-10-05T23:00:00Z,20.27
Sweden,SWE,2024-10-05T22:00:00Z,2024-10-06T00:00:00Z,19.05
Sweden,SWE,2024-10-05T23:00:00Z,2024-10-06T01:00:00Z,17.85
Sweden,SWE,2024-10-06T00:00:00Z,2024-10-06T02:00:00Z,17.1
Sweden,SWE,2024-10-06T01:00:00Z,2024-10-06T03:00:00Z,16.81
Sweden,SWE,2024-10-06T02:00:00Z,2024-10-06T04:00:00Z,16.86
Sweden,SWE,2024-10-06T03:00:00Z,2024-10-06T05:00:00Z,17.95
Sweden,SWE,2024-10-06T04:00:00Z,2024-10-06T06:00:00Z,21.06
Sweden,SWE,2024-10-06T05:00:00Z,2024-10-06T07:00:00Z,22.35
Sweden,SWE,2024-10-06T06:00:00Z,2024-10-06T08:00:00Z,23.36
Sweden,SWE,2024-10-06T07:00:00Z,2024-10-06T09:00:00Z,23.85
Sweden,SWE,2024-10-06T08:00:00Z,2024-10-06T10:00:00Z,23.73
Sweden,SWE,2024-10-06T09:00:00Z,2024-10-06T11:00:00Z,17
Sweden,SWE,2024-10-06T10:00:00Z,2024-10-06T12:00:00Z,14.2
Sweden,SWE,2024-10-06T11:00:00Z,2024-10-06T13:00:00Z,12.52
Sweden,SWE,2024-10-06T12:00:00Z,2024-10-06T14:00:00Z,15.28
Sweden,SWE,2024-10-06T13:00:00Z,2024-10-06T15:00:00Z,18.72
Sweden,SWE,2024-10-06T14:00:00Z,2024-10-06T16:00:00Z,27.2
Sweden,SWE,2024-10-06T15:00:00Z,2024-10-06T17:00:00Z,36.97
Sweden,SWE,2024-10-06T16:00:00Z,2024-10-06T18:00:00Z,41.93
Sweden,SWE,2024-10-06T17:00:00Z,2024-10-06T19:00:00Z,43.55
Sweden,SWE,2024-10-06T18:00:00Z,2024-10-06T20:00:00Z,40.99
Sweden,SWE,2024-10-06T19:00:00Z,2024-10-06T21:00:00Z,38.75
Sweden,SWE,2024-10-06T20:00:00Z,2024-10-06T22:00:00Z,28.81
Sweden,SWE,2024-10-06T21:00:00Z,2024-10-06T23:00:00Z,26.21
Sweden,SWE,2024-10-06T22:00:00Z,2024-10-07T00:00:00Z,27.3
Sweden,SWE,2024-10-06T23:00:00Z,2024-10-07T01:00:00Z,25.28
Sweden,SWE,2024-10-07T00:00:00Z,2024-10-07T02:00:00Z,24.65
Sweden,SWE,2024-10-07T01:00:00Z,2024-10-07T03:00:00Z,25.13
Sweden,SWE,2024-10-07T02:00:00Z,2024-10-07T04:00:00Z,27.43
Sweden,SWE,2024-10-07T03:00:00Z,2024-10-07T05:00:00Z,37.08
Sweden,SWE,2024-10-07T04:00:00Z,2024-10-07T06:00:00Z,40.37
Sweden,SWE,2024-10-07T05:00:00Z,2024-10-07T07:00:00Z,47.81
Sweden,SWE,2024-10-07T06:00:00Z,2024-10-07T08:00:00Z,52.59
Sweden,SWE,2024-10-07T07:00:00Z,2024-10-07T09:00:00Z,50.39
Sweden,SWE,2024-10-07T08:00:00Z,2024-10-07T10:00:00Z,47.81
Sweden,SWE,2024-10-07T09:00:00Z,2024-10-07T11:00:00Z,45.97
Sweden,SWE,2024-10-07T10:00:00Z,2024-10-07T12:00:00Z,44.11
Sweden,SWE,2024-10-07T11:00:00Z,2024-10-07T13:00:00Z,41.95
Sweden,SWE,2024-10-07T12:00:00Z,2024-10-07T14:00:00Z,39.2
Sweden,SWE,2024-10-07T13:00:00Z,2024-10-07T15:00:00Z,41.89
Sweden,SWE,2024-10-07T14:00:00Z,2024-10-07T16:00:00Z,42.77
Sweden,SWE,2024-10-07T15:00:00Z,2024-10-07T17:00:00Z,44.52
Sweden,SWE,2024-10-07T16:00:00Z,2024-10-07T18:00:00Z,44.9
Sweden,SWE,2024-10-07T17:00:00Z,2024-10-07T19:00:00Z,44.3
Sweden,SWE,2024-10-07T18:00:00Z,2024-10-07T20:00:00Z,40.72
Sweden,SWE,2024-10-07T19:00:00Z,2024-10-07T21:00:00Z,23.94
Sweden,SWE,2024-10-07T20:00:00Z,2024-10-07T22:00:00Z,23.34
Sweden,SWE,2024-10-07T21:00:00Z,2024-10-07T23:00:00Z,19.33
Sweden,SWE,2024-10-07T22:00:00Z,2024-10-08T00:00:00Z,21.12
Sweden,SWE,2024-10-07T23:00:00Z,2024-10-08T01:00:00Z,18.42
Sweden,SWE,2024-10-08T00:00:00Z,2024-10-08T02:00:00Z,17.49
Sweden,SWE,2024-10-08T01:00:00Z,2024-10-08T03:00:00Z,17.2
Sweden,SWE,2024-10-08T02:00:00Z,2024-10-08T04:00:00Z,18.01
Sweden,SWE,2024-10-08T03:00:00Z,2024-10-08T05:00:00Z,23.62
Sweden,SWE,2024-10-08T04:00:00Z,2024-10-08T06:00:00Z,38.7
Sweden,SWE,2024-10-08T05:00:00Z,2024-10-08T07:00:00Z,43.7
Sweden,SWE,2024-10-08T06:00:00Z,2024-10-08T08:00:00Z,60.51
Sweden,SWE,2024-10-08T07:00:00Z,2024-10-08T09:00:00Z,71.02
Sweden,SWE,2024-10-08T08:00:00Z,2024-10-08T10:00:00Z,46.26
Sweden,SWE,2024-10-08T09:00:00Z,2024-10-08T11:00:00Z,43.31
Sweden,SWE,2024-10-08T10:00:00Z,2024-10-08T12:00:00Z,36.59
Sweden,SWE,2024-10-08T11:00:00Z,2024-10-08T13:00:00Z,29.69
Sweden,SWE,2024-10-08T12:00:00Z,2024-10-08T14:00:00Z,24.91
Sweden,SWE,2024-10-08T13:00:00Z,2024-10-08T15:00:00Z,23.96
Sweden,SWE,2024-10-08T14:00:00Z,2024-10-08T16:00:00Z,23.68
Sweden,SWE,2024-10-08T15:00:00Z,2024-10-08T17:00:00Z,26.08
Sweden,SWE,2024-10-08T16:00:00Z,2024-10-08T18:00:00Z,30.03
Sweden,SWE,2024-10-08T17:00:00Z,2024-10-08T19:00:00Z,17.28
Sweden,SWE,2024-10-08T18:00:00Z,2024-10-08T20:00:00Z,10.35
Sweden,SWE,2024-10-08T19:00:00Z,2024-10-08T21:00:00Z,4.99
Sweden,SWE,2024-10-08T20:00:00Z,2024-10-08T22:00:00Z,4.9
Sweden,SWE,2024-10-08T21:00:00Z,2024-10-08T23:00:00Z,3.57
Sweden,SWE,2024-10-08T22:00:00Z,2024-10-09T00:00:00Z,2.18
Sweden,SWE,2024-10-08T23:00:00Z,2024-10-09T01:00:00Z,2.6
Sweden,SWE,2024-10-09T00:00:00Z,2024-10-09T02:00:00Z,2.55
Sweden,SWE,2024-10-09T01:00:00Z,2024-10-09T03:00:00Z,2.31
Sweden,SWE,2024-10-09T02:00:00Z,2024-10-09T04:00:00Z,2.04
Sweden,SWE,2024-10-09T03:00:00Z,2024-10-09T05:00:00Z,3.37
Sweden,SWE,2024-10-09T04:00:00Z,2024-10-09T06:00:00Z,4.87
Sweden,SWE,2024-10-09T05:00:00Z,2024-10-09T07:00:00Z,9.85
Sweden,SWE,2024-10-09T06:00:00Z,2024-10-09T08:00:00Z,11.18
Sweden,SWE,2024-10-09T07:00:00Z,2024-10-09T09:00:00Z,11.4
Sweden,SWE,2024-10-09T08:00:00Z,2024-10-09T10:00:00Z,11.22
Sweden,SWE,2024-10-09T09:00:00Z,2024-10-09T11:00:00Z,9.38
Sweden,SWE,2024-10-09T10:00:00Z,2024-10-09T12:00:00Z,7.96
Sweden,SWE,2024-10-09T11:00:00Z,2024-10-09T13:00:00Z,7.22
Sweden,SWE,2024-10-09T12:00:00Z,2024-10-09T14:00:00Z,7.56
Sweden,SWE,2024-10-09T13:00:00Z,2024-10-09T15:00:00Z,8.09
Sweden,SWE,2024-10-09T14:00:00Z,2024-10-09T16:00:00Z,9.02
Sweden,SWE,2024-10-09T15:00:00Z,2024-10-09T17:00:00Z,13.73
Sweden,SWE,2024-10-09T16:00:00Z,2024-10-09T18:00:00Z,13.8
Sweden,SWE,2024-10-09T17:00:00Z,2024-10-09T19:00:00Z,12.94
Sweden,SWE,2024-10-09T18:00:00Z,2024-10-09T20:00:00Z,10.89
Sweden,SWE,2024-10-09T19:00:00Z,2024-10-09T21:00:00Z,9.66
Sweden,SWE,2024-10-09T20:00:00Z,2024-10-09T22:00:00Z,8.66
Sweden,SWE,2024-10-09T21:00:00Z,2024-10-09T23:00:00Z,6.95
Sweden,SWE,2024-10-09T22:00:00Z,2024-10-10T00:00:00Z,7.14
Sweden,SWE,2024-10-09T23:00:00Z,2024-10-10T01:00:00Z,8.61
Sweden,SWE,2024-10-10T00:00:00Z,2024-10-10T02:00:00Z,10
Sweden,SWE,2024-10-10T01:00:00Z,2024-10-10T03:00:00Z,10.95
Sweden,SWE,2024-10-10T02:00:00Z,2024-10-10T04:00:00Z,14.24
Sweden,SWE,2024-10-10T03:00:00Z,2024-10-10T05:00:00Z,15.5
Sweden,SWE,2024-10-10T04:00:00Z,2024-10-10T06:00:00Z,17.95
Sweden,SWE,2024-10-10T05:00:00Z,2024-10-10T07:00:00Z,24.64
Sweden,SWE,2024-10-10T06:00:00Z,2024-10-10T08:00:00Z,31.3
Sweden,SWE,2024-10-10T07:00:00Z,2024-10-10T09:00:00Z,26.38
Sweden,SWE,2024-10-10T08:00:00Z,2024-10-10T10:00:00Z,24.98
Sweden,SWE,2024-10-10T09:00:00Z,2024-10-10T11:00:00Z,24.74
Sweden,SWE,2024-10-10T10:00:00Z,2024-10-10T12:00:00Z,21.83
Sweden,SWE,2024-10-10T11:00:00Z,2024-10-10T13:00:00Z,15.94
Sweden,SWE,2024-10-10T12:00:00Z,2024-10-10T14:00:00Z,19.78
Sweden,SWE,2024-10-10T13:00:00Z,2024-10-10T15:00:00Z,19.9
Sweden,SWE,2024-10-10T14:00:00Z,2024-10-10T16:00:00Z,17.91
Sweden,SWE,2024-10-10T15:00:00Z,2024-10-10T17:00:00Z,15.99
Sweden,SWE,2024-10-10T16:00:00Z,2024-10-10T18:00:00Z,15.96
Sweden,SWE,2024-10-10T17:00:00Z,2024-10-10T19:00:00Z,11.57
Sweden,SWE,2024-10-10T18:00:00Z,2024-10-10T20:00:00Z,6.16
Sweden,SWE,2024-10-10T19:00:00Z,2024-10-10T21:00:00Z,3.32
Sweden,SWE,2024-10-10T20:00:00Z,2024-10-10T22:00:00Z,0
Sweden,SWE,2024-10-10T21:00:00Z,2024-10-10T23:00:00Z,-1.01
Sweden,SWE,2024-10-10T22:00:00Z,2024-10-11T00:00:00Z,-1.99
Sweden,SWE,2024-10-10T23:00:00Z,2024-10-11T01:00:00Z,-2
Sweden,SWE,2024-10-11T00:00:00Z,2024-10-11T02:00:00Z,-2.01
Sweden,SWE,2024-10-11T01:00:00Z,2024-10-11T03:00:00Z,-2.07
Sweden,SWE,2024-10-11T02:00:00Z,2024-10-11T04:00:00Z,-2
Sweden,SWE,2024-10-11T03:00:00Z,2024-10-11T05:00:00Z,-0.8
Sweden,SWE,2024-10-11T04:00:00Z,2024-10-11T06:00:00Z,-0.01
Sweden,SWE,2024-10-11T05:00:00Z,2024-10-11T07:00:00Z,3.03
Sweden,SWE,2024-10-11T06:00:00Z,2024-10-11T08:00:00Z,4.14
Sweden,SWE,2024-10-11T07:00:00Z,2024-10-11T09:00:00Z,4.12
Sweden,SWE,2024-10-11T08:00:00Z,2024-10-11T10:00:00Z,3.64
Sweden,SWE,2024-10-11T09:00:00Z,2024-10-11T11:00:00Z,3.02
Sweden,SWE,2024-10-11T10:00:00Z,2024-10-11T12:00:00Z,2.94
Sweden,SWE,2024-10-11T11:00:00Z,2024-10-11T13:00:00Z,3.28
Sweden,SWE,2024-10-11T12:00:00Z,2024-10-11T14:00:00Z,4.17
Sweden,SWE,2024-10-11T13:00:00Z,2024-10-11T15:00:00Z,7.54
Sweden,SWE,2024-10-11T14:00:00Z,2024-10-11T16:00:00Z,14.85
Sweden,SWE,2024-10-11T15:00:00Z,2024-10-11T17:00:00Z,19.6
Sweden,SWE,2024-10-11T16:00:00Z,2024-10-11T18:00:00Z,20.36
Sweden,SWE,2024-10-11T17:00:00Z,2024-10-11T19:00:00Z,18.6
Sweden,SWE,2024-10-11T18:00:00Z,2024-10-11T20:00:00Z,16.55
Sweden,SWE,2024-10-11T19:00:00Z,2024-10-11T21:00:00Z,14.96
Sweden,SWE,2024-10-11T20:00:00Z,2024-10-11T22:00:00Z,14.1
Sweden,SWE,2024-10-11T21:00:00Z,2024-10-11T23:00:00Z,11.35
Sweden,SWE,2024-10-11T22:00:00Z,2024-10-12T00:00:00Z,10.67
Sweden,SWE,2024-10-11T23:00:00Z,2024-10-12T01:00:00Z,10.11
Sweden,SWE,2024-10-12T00:00:00Z,2024-10-12T02:00:00Z,10.17
Sweden,SWE,2024-10-12T01:00:00Z,2024-10-12T03:00:00Z,10.64
Sweden,SWE,2024-10-12T02:00:00Z,2024-10-12T04:00:00Z,10.51
Sweden,SWE,2024-10-12T03:00:00Z,2024-10-12T05:00:00Z,11.41
Sweden,SWE,2024-10-12T04:00:00Z,2024-10-12T06:00:00Z,11.73
Sweden,SWE,2024-10-12T05:00:00Z,2024-10-12T07:00:00Z,14.52
Sweden,SWE,2024-10-12T06:00:00Z,2024-10-12T08:00:00Z,15.29
Sweden,SWE,2024-10-12T07:00:00Z,2024-10-12T09:00:00Z,15.61
Sweden,SWE,2024-10-12T08:00:00Z,2024-10-12T10:00:00Z,15.94
Sweden,SWE,2024-10-12T09:00:00Z,2024-10-12T11:00:00Z,15.84
Sweden,SWE,2024-10-12T10:00:00Z,2024-10-12T12:00:00Z,15.29
Sweden,SWE,2024-10-12T11:00:00Z,2024-10-12T13:00:00Z,13.99
Sweden,SWE,2024-10-12T12:00:00Z,2024-10-12T14:00:00Z,11.94
Sweden,SWE,2024-10-12T13:00:00Z,2024-10-12T15:00:00Z,11.81
Sweden,SWE,2024-10-12T14:00:00Z,2024-10-12T16:00:00Z,10.46
Sweden,SWE,2024-10-12T15:00:00Z,2024-10-12T17:00:00Z,8.17
Sweden,SWE,2024-10-12T16:00:00Z,2024-10-12T18:00:00Z,5.86
Sweden,SWE,2024-10-12T17:00:00Z,2024-10-12T19:00:00Z,4.03
Sweden,SWE,2024-10-12T18:00:00Z,2024-10-12T20:00:00Z,1.87
Sweden,SWE,2024-10-12T19:00:00Z,2024-10-12T21:00:00Z,0.01
Sweden,SWE,2024-10-12T20:00:00Z,2024-10-12T22:00:00Z,-0.01
Sweden,SWE,2024-10-12T21:00:00Z,2024-10-12T23:00:00Z,-0.57
Sweden,SWE,2024-10-12T22:00:00Z,2024-10-13T00:00:00Z,0
Sweden,SWE,2024-10-12T23:00:00Z,2024-10-13T01:00:00Z,-0.01
Sweden,SWE,2024-10-13T00:00:00Z,2024-10-13T02:00:00Z,-0.07
Sweden,SWE,2024-10-13T01:00:00Z,2024-10-13T03:00:00Z,-0.37
Sweden,SWE,2024-10-13T02:00:00Z,2024-10-13T04:00:00Z,-0.51
Sweden,SWE,2024-10-13T03:00:00Z,2024-10-13T05:00:00Z,-0.09
Sweden,SWE,2024-10-13T04:00:00Z,2024-10-13T06:00:00Z,-0.01
Sweden,SWE,2024-10-13T05:00:00Z,2024-10-13T07:00:00Z,0.02
Sweden,SWE,2024-10-13T06:00:00Z,2024-10-13T08:00:00Z,2.75
Sweden,SWE,2024-10-13T07:00:00Z,2024-10-13T09:00:00Z,3.9
Sweden,SWE,2024-10-13T08:00:00Z,2024-10-13T10:00:00Z,4.91
Sweden,SWE,2024-10-13T09:00:00Z,2024-10-13T11:00:00Z,6.21
Sweden,SWE,2024-10-13T10:00:00Z,2024-10-13T12:00:00Z,6.38
Sweden,SWE,2024-10-13T11:00:00Z,2024-10-13T13:00:00Z,7.1
Sweden,SWE,2024-10-13T12:00:00Z,2024-10-13T14:00:00Z,7.92
Sweden,SWE,2024-10-13T13:00:00Z,2024-10-13T15:00:00Z,12.68
Sweden,SWE,2024-10-13T14:00:00Z,2024-10-13T16:00:00Z,15.85
Sweden,SWE,2024-10-13T15:00:00Z,2024-10-13T17:00:00Z,20.94
Sweden,SWE,2024-10-13T16:00:00Z,2024-10-13T18:00:00Z,32.88
Sweden,SWE,2024-10-13T17:00:00Z,2024-10-13T19:00:00Z,37.16
Sweden,SWE,2024-10-13T18:00:00Z,2024-10-13T20:00:00Z,35.6
Sweden,SWE,2024-10-13T19:00:00Z,2024-10-13T21:00:00Z,31.17
Sweden,SWE,2024-10-13T20:00:00Z,2024-10-13T22:00:00Z,31.09
Sweden,SWE,2024-10-13T21:00:00Z,2024-10-13T23:00:00Z,25.02
Sweden,SWE,2024-10-13T22:00:00Z,2024-10-14T00:00:00Z,19.66
Sweden,SWE,2024-10-13T23:00:00Z,2024-10-14T01:00:00Z,22.36
Sweden,SWE,2024-10-14T00:00:00Z,2024-10-14T02:00:00Z,22.73
Sweden,SWE,2024-10-14T01:00:00Z,2024-10-14T03:00:00Z,22.94
Sweden,SWE,2024-10-14T02:00:00Z,2024-10-14T04:00:00Z,23.5
Sweden,SWE,2024-10-14T03:00:00Z,2024-10-14T05:00:00Z,31.48
Sweden,SWE,2024-10-14T04:00:00Z,2024-10-14T06:00:00Z,49.72
Sweden,SWE,2024-10-14T05:00:00Z,2024-10-14T07:00:00Z,60.13
Sweden,SWE,2024-10-14T06:00:00Z,2024-10-14T08:00:00Z,66.54
Sweden,SWE,2024-10-14T07:00:00Z,2024-10-14T09:00:00Z,59.53
Sweden,SWE,2024-10-14T08:00:00Z,2024-10-14T10:00:00Z,54.52
Sweden,SWE,2024-10-14T09:00:00Z,2024-10-14T11:00:00Z,50.62
Sweden,SWE,2024-10-14T10:00:00Z,2024-10-14T12:00:00Z,48.13
Sweden,SWE,2024-10-14T11:00:00Z,2024-10-14T13:00:00Z,46.8
Sweden,SWE,2024-10-14T12:00:00Z,2024-10-14T14:00:00Z,45.3
Sweden,SWE,2024-10-14T13:00:00Z,2024-10-14T15:00:00Z,47.67
Sweden,SWE,2024-10-14T14:00:00Z,2024-10-14T16:00:00Z,51.34
Sweden,SWE,2024-10-14T15:00:00Z,2024-10-14T17:00:00Z,62.08
Sweden,SWE,2024-10-14T16:00:00Z,2024-10-14T18:00:00Z,80.21
Sweden,SWE,2024-10-14T17:00:00Z,2024-10-14T19:00:00Z,83.54
Sweden,SWE,2024-10-14T18:00:00Z,2024-10-14T20:00:00Z,60.3
Sweden,SWE,2024-10-14T19:00:00Z,2024-10-14T21:00:00Z,47.53
Sweden,SWE,2024-10-14T20:00:00Z,2024-10-14T22:00:00Z,29.36
Sweden,SWE,2024-10-14T21:00:00Z,2024-10-14T23:00:00Z,15.23
Sweden,SWE,2024-10-14T22:00:00Z,2024-10-15T00:00:00Z,8.42
Sweden,SWE,2024-10-14T23:00:00Z,2024-10-15T01:00:00Z,6.62
Sweden,SWE,2024-10-15T00:00:00Z,2024-10-15T02:00:00Z,7.43
Sweden,SWE,2024-10-15T01:00:00Z,2024-10-15T03:00:00Z,6.82
Sweden,SWE,2024-10-15T02:00:00Z,2024-10-15T04:00:00Z,10.5
Sweden,SWE,2024-10-15T03:00:00Z,2024-10-15T05:00:00Z,14.54
Sweden,SWE,2024-10-15T04:00:00Z,2024-10-15T06:00:00Z,42.54
Sweden,SWE,2024-10-15T05:00:00Z,2024-10-15T07:00:00Z,117.48
Sweden,SWE,2024-10-15T06:00:00Z,2024-10-15T08:00:00Z,140.22
Sweden,SWE,2024-10-15T07:00:00Z,2024-10-15T09:00:00Z,90.71
Sweden,SWE,2024-10-15T08:00:00Z,2024-10-15T10:00:00Z,55.65
Sweden,SWE,2024-10-15T09:00:00Z,2024-10-15T11:00:00Z,43.38
Sweden,SWE,2024-10-15T10:00:00Z,2024-10-15T12:00:00Z,32.79
Sweden,SWE,2024-10-15T11:00:00Z,2024-10-15T13:00:00Z,26.71
Sweden,SWE,2024-10-15T12:00:00Z,2024-10-15T14:00:00Z,27.38
Sweden,SWE,2024-10-15T13:00:00Z,2024-10-15T15:00:00Z,32.66
Sweden,SWE,2024-10-15T14:00:00Z,2024-10-15T16:00:00Z,45.91
Sweden,SWE,2024-10-15T15:00:00Z,2024-10-15T17:00:00Z,54.65
Sweden,SWE,2024-10-15T16:00:00Z,2024-10-15T18:00:00Z,65.79
Sweden,SWE,2024-10-15T17:00:00Z,2024-10-15T19:00:00Z,59.69
Sweden,SWE,2024-10-15T18:00:00Z,2024-10-15T20:00:00Z,46.87
Sweden,SWE,2024-10-15T19:00:00Z,2024-10-15T21:00:00Z,26.78
Sweden,SWE,2024-10-15T20:00:00Z,2024-10-15T22:00:00Z,14.07
Sweden,SWE,2024-10-15T21:00:00Z,2024-10-15T23:00:00Z,10.16
Sweden,SWE,2024-10-15T22:00:00Z,2024-10-16T00:00:00Z,11
Sweden,SWE,2024-10-15T23:00:00Z,2024-10-16T01:00:00Z,9.23
Sweden,SWE,2024-10-16T00:00:00Z,2024-10-16T02:00:00Z,5.3
Sweden,SWE,2024-10-16T01:00:00Z,2024-10-16T03:00:00Z,3.61
Sweden,SWE,2024-10-16T02:00:00Z,2024-10-16T04:00:00Z,3.25
Sweden,SWE,2024-10-16T03:00:00Z,2024-10-16T05:00:00Z,8.2
Sweden,SWE,2024-10-16T04:00:00Z,2024-10-16T06:00:00Z,16.92
Sweden,SWE,2024-10-16T05:00:00Z,2024-10-16T07:00:00Z,40.5
Sweden,SWE,2024-10-16T06:00:00Z,2024-10-16T08:00:00Z,42.54
Sweden,SWE,2024-10-16T07:00:00Z,2024-10-16T09:00:00Z,27.46
Sweden,SWE,2024-10-16T08:00:00Z,2024-10-16T10:00:00Z,19.46
Sweden,SWE,2024-10-16T09:00:00Z,2024-10-16T11:00:00Z,14.16
Sweden,SWE,2024-10-16T10:00:00Z,2024-10-16T12:00:00Z,4.23
Sweden,SWE,2024-10-16T11:00:00Z,2024-10-16T13:00:00Z,2.95
Sweden,SWE,2024-10-16T12:00:00Z,2024-10-16T14:00:00Z,4.13
Sweden,SWE,2024-10-16T13:00:00Z,2024-10-16T15:00:00Z,14.05
Sweden,SWE,2024-10-16T14:00:00Z,2024-10-16T16:00:00Z,16.56
Sweden,SWE,2024-10-16T15:00:00Z,2024-10-16T17:00:00Z,16.23
Sweden,SWE,2024-10-16T16:00:00Z,2024-10-16T18:00:00Z,16.06
Sweden,SWE,2024-10-16T17:00:00Z,2024-10-16T19:00:00Z,14.28
Sweden,SWE,2024-10-16T18:00:00Z,2024-10-16T20:00:00Z,6.14
Sweden,SWE,2024-10-16T19:00:00Z,2024-10-16T21:00:00Z,4.92
Sweden,SWE,2024-10-16T20:00:00Z,2024-10-16T22:00:00Z,3.01
Sweden,SWE,2024-10-16T21:00:00Z,2024-10-16T23:00:00Z,0.67
Sweden,SWE,2024-10-16T22:00:00Z,2024-10-17T00:00:00Z,0.01
Sweden,SWE,2024-10-16T23:00:00Z,2024-10-17T01:00:00Z,0
Sweden,SWE,2024-10-17T00:00:00Z,2024-10-17T02:00:00Z,0
Sweden,SWE,2024-10-17T01:00:00Z,2024-10-17T03:00:00Z,-0.01
Sweden,SWE,2024-10-17T02:00:00Z,2024-10-17T04:00:00Z,-0.01
Sweden,SWE,2024-10-17T03:00:00Z,2024-10-17T05:00:00Z,0
Sweden,SWE,2024-10-17T04:00:00Z,2024-10-17T06:00:00Z,2.72
Sweden,SWE,2024-10-17T05:00:00Z,2024-10-17T07:00:00Z,4.33
Sweden,SWE,2024-10-17T06:00:00Z,2024-10-17T08:00:00Z,4.77
Sweden,SWE,2024-10-17T07:00:00Z,2024-10-17T09:00:00Z,4.29
Sweden,SWE,2024-10-17T08:00:00Z,2024-10-17T10:00:00Z,4.03
Sweden,SWE,2024-10-17T09:00:00Z,2024-10-17T11:00:00Z,3.29
Sweden,SWE,2024-10-17T10:00:00Z,2024-10-17T12:00:00Z,2.87
Sweden,SWE,2024-10-17T11:00:00Z,2024-10-17T13:00:00Z,3.61
Sweden,SWE,2024-10-17T12:00:00Z,2024-10-17T14:00:00Z,4.19
Sweden,SWE,2024-10-17T13:00:00Z,2024-10-17T15:00:00Z,4.17
Sweden,SWE,2024-10-17T14:00:00Z,2024-10-17T16:00:00Z,3.95
Sweden,SWE,2024-10-17T15:00:00Z,2024-10-17T17:00:00Z,3.01
Sweden,SWE,2024-10-17T16:00:00Z,2024-10-17T18:00:00Z,2.59
Sweden,SWE,2024-10-17T17:00:00Z,2024-10-17T19:00:00Z,1.23
Sweden,SWE,2024-10-17T18:00:00Z,2024-10-17T20:00:00Z,0
Sweden,SWE,2024-10-17T19:00:00Z,2024-10-17T21:00:00Z,-0.05
Sweden,SWE,2024-10-17T20:00:00Z,2024-10-17T22:00:00Z,-0.59
Sweden,SWE,2024-10-17T21:00:00Z,2024-10-17T23:00:00Z,-1.08
Sweden,SWE,2024-10-17T22:00:00Z,2024-10-18T00:00:00Z,-2
Sweden,SWE,2024-10-17T23:00:00Z,2024-10-18T01:00:00Z,-2
Sweden,SWE,2024-10-18T00:00:00Z,2024-10-18T02:00:00Z,-1.75
Sweden,SWE,2024-10-18T01:00:00Z,2024-10-18T03:00:00Z,-1.28
Sweden,SWE,2024-10-18T02:00:00Z,2024-10-18T04:00:00Z,-0.61
Sweden,SWE,2024-10-18T03:00:00Z,2024-10-18T05:00:00Z,1.46
Sweden,SWE,2024-10-18T04:00:00Z,2024-10-18T06:00:00Z,4.5
Sweden,SWE,2024-10-18T05:00:00Z,2024-10-18T07:00:00Z,11.3
Sweden,SWE,2024-10-18T06:00:00Z,2024-10-18T08:00:00Z,16.15
Sweden,SWE,2024-10-18T07:00:00Z,2024-10-18T09:00:00Z,12.45
Sweden,SWE,2024-10-18T08:00:00Z,2024-10-18T10:00:00Z,12.59
Sweden,SWE,2024-10-18T09:00:00Z,2024-10-18T11:00:00Z,12.65
Sweden,SWE,2024-10-18T10:00:00Z,2024-10-18T12:00:00Z,12.56
Sweden,SWE,2024-10-18T11:00:00Z,2024-10-18T13:00:00Z,12.59
Sweden,SWE,2024-10-18T12:00:00Z,2024-10-18T14:00:00Z,12.62
Sweden,SWE,2024-10-18T13:00:00Z,2024-10-18T15:00:00Z,12.91
Sweden,SWE,2024-10-18T14:00:00Z,2024-10-18T16:00:00Z,17.03
Sweden,SWE,2024-10-18T15:00:00Z,2024-10-18T17:00:00Z,19.16
Sweden,SWE,2024-10-18T16:00:00Z,2024-10-18T18:00:00Z,21.77
Sweden,SWE,2024-10-18T17:00:00Z,2024-10-18T19:00:00Z,13.65
Sweden,SWE,2024-10-18T18:00:00Z,2024-10-18T20:00:00Z,13.09
Sweden,SWE,2024-10-18T19:00:00Z,2024-10-18T21:00:00Z,11.53
Sweden,SWE,2024-10-18T20:00:00Z,2024-10-18T22:00:00Z,9
Sweden,SWE,2024-10-18T21:00:00Z,2024-10-18T23:00:00Z,6.36
Sweden,SWE,2024-10-18T22:00:00Z,2024-10-19T00:00:00Z,3.78
Sweden,SWE,2024-10-18T23:00:00Z,2024-10-19T01:00:00Z,3.09
Sweden,SWE,2024-10-19T00:00:00Z,2024-10-19T02:00:00Z,2.91
Sweden,SWE,2024-10-19T01:00:00Z,2024-10-19T03:00:00Z,2.76
Sweden,SWE,2024-10-19T02:00:00Z,2024-10-19T04:00:00Z,2.76
Sweden,SWE,2024-10-19T03:00:00Z,2024-10-19T05:00:00Z,2.97
Sweden,SWE,2024-10-19T04:00:00Z,2024-10-19T06:00:00Z,3.6
Sweden,SWE,2024-10-19T05:00:00Z,2024-10-19T07:00:00Z,4.46
Sweden,SWE,2024-10-19T06:00:00Z,2024-10-19T08:00:00Z,4.99
Sweden,SWE,2024-10-19T07:00:00Z,2024-10-19T09:00:00Z,5
Sweden,SWE,2024-10-19T08:00:00Z,2024-10-19T10:00:00Z,4.96
Sweden,SWE,2024-10-19T09:00:00Z,2024-10-19T11:00:00Z,4.97
Sweden,SWE,2024-10-19T10:00:00Z,2024-10-19T12:00:00Z,4.9
Sweden,SWE,2024-10-19T11:00:00Z,2024-10-19T13:00:00Z,4.63
Sweden,SWE,2024-10-19T12:00:00Z,2024-10-19T14:00:00Z,4.91
Sweden,SWE,2024-10-19T13:00:00Z,2024-10-19T15:00:00Z,4.98
Sweden,SWE,2024-10-19T14:00:00Z,2024-10-19T16:00:00Z,7.93
Sweden,SWE,2024-10-19T15:00:00Z,2024-10-19T17:00:00Z,10.13
Sweden,SWE,2024-10-19T16:00:00Z,2024-10-19T18:00:00Z,10.01
Sweden,SWE,2024-10-19T17:00:00Z,2024-10-19T19:00:00Z,6.55
Sweden,SWE,2024-10-19T18:00:00Z,2024-10-19T20:00:00Z,4.96
Sweden,SWE,2024-10-19T19:00:00Z,2024-10-19T21:00:00Z,4.18
Sweden,SWE,2024-10-19T20:00:00Z,2024-10-19T22:00:00Z,3.29
Sweden,SWE,2024-10-19T21:00:00Z,2024-10-19T23:00:00Z,2.57
Sweden,SWE,2024-10-19T22:00:00Z,2024-10-20T00:00:00Z,2.47
Sweden,SWE,2024-10-19T23:00:00Z,2024-10-20T01:00:00Z,1.98
Sweden,SWE,2024-10-20T00:00:00Z,2024-10-20T02:00:00Z,0.96
Sweden,SWE,2024-10-20T01:00:00Z,2024-10-20T03:00:00Z,0.54
Sweden,SWE,2024-10-20T02:00:00Z,2024-10-20T04:00:00Z,1.37
Sweden,SWE,2024-10-20T03:00:00Z,2024-10-20T05:00:00Z,1.54
Sweden,SWE,2024-10-20T04:00:00Z,2024-10-20T06:00:00Z,0.55
Sweden,SWE,2024-10-20T05:00:00Z,2024-10-20T07:00:00Z,2
Sweden,SWE,2024-10-20T06:00:00Z,2024-10-20T08:00:00Z,2.13
Sweden,SWE,2024-10-20T07:00:00Z,2024-10-20T09:00:00Z,2.02
Sweden,SWE,2024-10-20T08:00:00Z,2024-10-20T10:00:00Z,1.86
Sweden,SWE,2024-10-20T09:00:00Z,2024-10-20T11:00:00Z,0.08
Sweden,SWE,2024-10-20T10:00:00Z,2024-10-20T12:00:00Z,0
Sweden,SWE,2024-10-20T11:00:00Z,2024-10-20T13:00:00Z,-0.98
Sweden,SWE,2024-10-20T12:00:00Z,2024-10-20T14:00:00Z,-2.01
Sweden,SWE,2024-10-20T13:00:00Z,2024-10-20T15:00:00Z,0
Sweden,SWE,2024-10-20T14:00:00Z,2024-10-20T16:00:00Z,2.1
Sweden,SWE,2024-10-20T15:00:00Z,2024-10-20T17:00:00Z,3.1
Sweden,SWE,2024-10-20T16:00:00Z,2024-10-20T18:00:00Z,3.15
Sweden,SWE,2024-10-20T17:00:00Z,2024-10-20T19:00:00Z,2.6
Sweden,SWE,2024-10-20T18:00:00Z,2024-10-20T20:00:00Z,0.01
Sweden,SWE,2024-10-20T19:00:00Z,2024-10-20T21:00:00Z,0
Sweden,SWE,2024-10-20T20:00:00Z,2024-10-20T22:00:00Z,-0.02
Sweden,SWE,2024-10-20T21:00:00Z,2024-10-20T23:00:00Z,-0.8
Sweden,SWE,2024-10-20T22:00:00Z,2024-10-21T00:00:00Z,-2.01
Sweden,SWE,2024-10-20T23:00:00Z,2024-10-21T01:00:00Z,-2.47
Sweden,SWE,2024-10-21T00:00:00Z,2024-10-21T02:00:00Z,-2.63
Sweden,SWE,2024-10-21T01:00:00Z,2024-10-21T03:00:00Z,-3
Sweden,SWE,2024-10-21T02:00:00Z,2024-10-21T04:00:00Z,-2.62
Sweden,SWE,2024-10-21T03:00:00Z,2024-10-21T05:00:00Z,-2
Sweden,SWE,2024-10-21T04:00:00Z,2024-10-21T06:00:00Z,-0.81
Sweden,SWE,2024-10-21T05:00:00Z,2024-10-21T07:00:00Z,-0.08
Sweden,SWE,2024-10-21T06:00:00Z,2024-10-21T08:00:00Z,-0.01
Sweden,SWE,2024-10-21T07:00:00Z,2024-10-21T09:00:00Z,-0.01
Sweden,SWE,2024-10-21T08:00:00Z,2024-10-21T10:00:00Z,-0.1
Sweden,SWE,2024-10-21T09:00:00Z,2024-10-21T11:00:00Z,-0.21
Sweden,SWE,2024-10-21T10:00:00Z,2024-10-21T12:00:00Z,-0.57
Sweden,SWE,2024-10-21T11:00:00Z,2024-10-21T13:00:00Z,-0.58
Sweden,SWE,2024-10-21T12:00:00Z,2024-10-21T14:00:00Z,-0.57
Sweden,SWE,2024-10-21T13:00:00Z,2024-10-21T15:00:00Z,-0.52
Sweden,SWE,2024-10-21T14:00:00Z,2024-10-21T16:00:00Z,-0.26
Sweden,SWE,2024-10-21T15:00:00Z,2024-10-21T17:00:00Z,-0.01
Sweden,SWE,2024-10-21T16:00:00Z,2024-10-21T18:00:00Z,-0.01
Sweden,SWE,2024-10-21T17:00:00Z,2024-10-21T19:00:00Z,-0.09
Sweden,SWE,2024-10-21T18:00:00Z,2024-10-21T20:00:00Z,-0.59
Sweden,SWE,2024-10-21T19:00:00Z,2024-10-21T21:00:00Z,-0.81
Sweden,SWE,2024-10-21T20:00:00Z,2024-10-21T22:00:00Z,-1.68
Sweden,SWE,2024-10-21T21:00:00Z,2024-10-21T23:00:00Z,-2.05
Sweden,SWE,2024-10-21T22:00:00Z,2024-10-22T00:00:00Z,-1.88
Sweden,SWE,2024-10-21T23:00:00Z,2024-10-22T01:00:00Z,-1.75
Sweden,SWE,2024-10-22T00:00:00Z,2024-10-22T02:00:00Z,-1.25
Sweden,SWE,2024-10-22T01:00:00Z,2024-10-22T03:00:00Z,-1
Sweden,SWE,2024-10-22T02:00:00Z,2024-10-22T04:00:00Z,-0.54
Sweden,SWE,2024-10-22T03:00:00Z,2024-10-22T05:00:00Z,0
Sweden,SWE,2024-10-22T04:00:00Z,2024-10-22T06:00:00Z,1.91
Sweden,SWE,2024-10-22T05:00:00Z,2024-10-22T07:00:00Z,8.51
Sweden,SWE,2024-10-22T06:00:00Z,2024-10-22T08:00:00Z,16.68
Sweden,SWE,2024-10-22T07:00:00Z,2024-10-22T09:00:00Z,12.67
Sweden,SWE,2024-10-22T08:00:00Z,2024-10-22T10:00:00Z,8.54
Sweden,SWE,2024-10-22T09:00:00Z,2024-10-22T11:00:00Z,3.11
Sweden,SWE,2024-10-22T10:00:00Z,2024-10-22T12:00:00Z,3.08
Sweden,SWE,2024-10-22T11:00:00Z,2024-10-22T13:00:00Z,2.93
Sweden,SWE,2024-10-22T12:00:00Z,2024-10-22T14:00:00Z,2.6
Sweden,SWE,2024-10-22T13:00:00Z,2024-10-22T15:00:00Z,2.4
Sweden,SWE,2024-10-22T14:00:00Z,2024-10-22T16:00:00Z,2.78
Sweden,SWE,2024-10-22T15:00:00Z,2024-10-22T17:00:00Z,3.01
Sweden,SWE,2024-10-22T16:00:00Z,2024-10-22T18:00:00Z,2.91
Sweden,SWE,2024-10-22T17:00:00Z,2024-10-22T19:00:00Z,2.28
Sweden,SWE,2024-10-22T18:00:00Z,2024-10-22T20:00:00Z,0.93
Sweden,SWE,2024-10-22T19:00:00Z,2024-10-22T21:00:00Z,0.49
Sweden,SWE,2024-10-22T20:00:00Z,2024-10-22T22:00:00Z,0
Sweden,SWE,2024-10-22T21:00:00Z,2024-10-22T23:00:00Z,-0.8
Sweden,SWE,2024-10-22T22:00:00Z,2024-10-23T00:00:00Z,0
Sweden,SWE,2024-10-22T23:00:00Z,2024-10-23T01:00:00Z,-0.04
Sweden,SWE,2024-10-23T00:00:00Z,2024-10-23T02:00:00Z,-0.54
Sweden,SWE,2024-10-23T01:00:00Z,2024-10-23T03:00:00Z,-0.8
Sweden,SWE,2024-10-23T02:00:00Z,2024-10-23T04:00:00Z,-0.58
Sweden,SWE,2024-10-23T03:00:00Z,2024-10-23T05:00:00Z,0
Sweden,SWE,2024-10-23T04:00:00Z,2024-10-23T06:00:00Z,0.48
Sweden,SWE,2024-10-23T05:00:00Z,2024-10-23T07:00:00Z,4.5
Sweden,SWE,2024-10-23T06:00:00Z,2024-10-23T08:00:00Z,4.48
Sweden,SWE,2024-10-23T07:00:00Z,2024-10-23T09:00:00Z,2.15
Sweden,SWE,2024-10-23T08:00:00Z,2024-10-23T10:00:00Z,0.92
Sweden,SWE,2024-10-23T09:00:00Z,2024-10-23T11:00:00Z,0.01
Sweden,SWE,2024-10-23T10:00:00Z,2024-10-23T12:00:00Z,-0.01
Sweden,SWE,2024-10-23T11:00:00Z,2024-10-23T13:00:00Z,-0.06
Sweden,SWE,2024-10-23T12:00:00Z,2024-10-23T14:00:00Z,-0.11
Sweden,SWE,2024-10-23T13:00:00Z,2024-10-23T15:00:00Z,-0.01
Sweden,SWE,2024-10-23T14:00:00Z,2024-10-23T16:00:00Z,0
Sweden,SWE,2024-10-23T15:00:00Z,2024-10-23T17:00:00Z,0.8
Sweden,SWE,2024-10-23T16:00:00Z,2024-10-23T18:00:00Z,0.96
Sweden,SWE,2024-10-23T17:00:00Z,2024-10-23T19:00:00Z,0.01
Sweden,SWE,2024-10-23T18:00:00Z,2024-10-23T20:00:00Z,0
Sweden,SWE,2024-10-23T19:00:00Z,2024-10-23T21:00:00Z,0
Sweden,SWE,2024-10-23T20:00:00Z,2024-10-23T22:00:00Z,-0.09
Sweden,SWE,2024-10-23T21:00:00Z,2024-10-23T23:00:00Z,-0.81
Sweden,SWE,2024-10-23T22:00:00Z,2024-10-24T00:00:00Z,-1
Sweden,SWE,2024-10-23T23:00:00Z,2024-10-24T01:00:00Z,-1
Sweden,SWE,2024-10-24T00:00:00Z,2024-10-24T02:00:00Z,-0.8
Sweden,SWE,2024-10-24T01:00:00Z,2024-10-24T03:00:00Z,-0.52
Sweden,SWE,2024-10-24T02:00:00Z,2024-10-24T04:00:00Z,0
Sweden,SWE,2024-10-24T03:00:00Z,2024-10-24T05:00:00Z,0.84
Sweden,SWE,2024-10-24T04:00:00Z,2024-10-24T06:00:00Z,13.25
Sweden,SWE,2024-10-24T05:00:00Z,2024-10-24T07:00:00Z,23.68
Sweden,SWE,2024-10-24T06:00:00Z,2024-10-24T08:00:00Z,27.98
Sweden,SWE,2024-10-24T07:00:00Z,2024-10-24T09:00:00Z,46.91
Sweden,SWE,2024-10-24T08:00:00Z,2024-10-24T10:00:00Z,36.22
Sweden,SWE,2024-10-24T09:00:00Z,2024-10-24T11:00:00Z,25.64
Sweden,SWE,2024-10-24T10:00:00Z,2024-10-24T12:00:00Z,25.16
Sweden,SWE,2024-10-24T11:00:00Z,2024-10-24T13:00:00Z,24.79
Sweden,SWE,2024-10-24T12:00:00Z,2024-10-24T14:00:00Z,25.12
Sweden,SWE,2024-10-24T13:00:00Z,2024-10-24T15:00:00Z,34.23
Sweden,SWE,2024-10-24T14:00:00Z,2024-10-24T16:00:00Z,42.19
Sweden,SWE,2024-10-24T15:00:00Z,2024-10-24T17:00:00Z,51.4
Sweden,SWE,2024-10-24T16:00:00Z,2024-10-24T18:00:00Z,67.2
Sweden,SWE,2024-10-24T17:00:00Z,2024-10-24T19:00:00Z,32.15
Sweden,SWE,2024-10-24T18:00:00Z,2024-10-24T20:00:00Z,24.12
Sweden,SWE,2024-10-24T19:00:00Z,2024-10-24T21:00:00Z,22.6
Sweden,SWE,2024-10-24T20:00:00Z,2024-10-24T22:00:00Z,20.76
Sweden,SWE,2024-10-24T21:00:00Z,2024-10-24T23:00:00Z,11.29
Sweden,SWE,2024-10-24T22:00:00Z,2024-10-25T00:00:00Z,3.76
Sweden,SWE,2024-10-24T23:00:00Z,2024-10-25T01:00:00Z,2.42
Sweden,SWE,2024-10-25T00:00:00Z,2024-10-25T02:00:00Z,2.12
Sweden,SWE,2024-10-25T01:00:00Z,2024-10-25T03:00:00Z,2
Sweden,SWE,2024-10-25T02:00:00Z,2024-10-25T04:00:00Z,2.1
Sweden,SWE,2024-10-25T03:00:00Z,2024-10-25T05:00:00Z,4.59
Sweden,SWE,2024-10-25T04:00:00Z,2024-10-25T06:00:00Z,18.09
Sweden,SWE,2024-10-25T05:00:00Z,2024-10-25T07:00:00Z,25.92
Sweden,SWE,2024-10-25T06:00:00Z,2024-10-25T08:00:00Z,33.03
Sweden,SWE,2024-10-25T07:00:00Z,2024-10-25T09:00:00Z,28.38
Sweden,SWE,2024-10-25T08:00:00Z,2024-10-25T10:00:00Z,26.54
Sweden,SWE,2024-10-25T09:00:00Z,2024-10-25T11:00:00Z,24.41
Sweden,SWE,2024-10-25T10:00:00Z,2024-10-25T12:00:00Z,23.12
Sweden,SWE,2024-10-25T11:00:00Z,2024-10-25T13:00:00Z,21.65
Sweden,SWE,2024-10-25T12:00:00Z,2024-10-25T14:00:00Z,20.32
Sweden,SWE,2024-10-25T13:00:00Z,2024-10-25T15:00:00Z,19.21
Sweden,SWE,2024-10-25T14:00:00Z,2024-10-25T16:00:00Z,21.95
Sweden,SWE,2024-10-25T15:00:00Z,2024-10-25T17:00:00Z,23.25
Sweden,SWE,2024-10-25T16:00:00Z,2024-10-25T18:00:00Z,25.36
Sweden,SWE,2024-10-25T17:00:00Z,2024-10-25T19:00:00Z,21.51
Sweden,SWE,2024-10-25T18:00:00Z,2024-10-25T20:00:00Z,18.98
Sweden,SWE,2024-10-25T19:00:00Z,2024-10-25T21:00:00Z,18
Sweden,SWE,2024-10-25T20:00:00Z,2024-10-25T22:00:00Z,8.47
Sweden,SWE,2024-10-25T21:00:00Z,2024-10-25T23:00:00Z,3.02
Sweden,SWE,2024-10-25T22:00:00Z,2024-10-26T00:00:00Z,2.97
Sweden,SWE,2024-10-25T23:00:00Z,2024-10-26T01:00:00Z,3.15
Sweden,SWE,2024-10-26T00:00:00Z,2024-10-26T02:00:00Z,3.54
Sweden,SWE,2024-10-26T01:00:00Z,2024-10-26T03:00:00Z,3.91
Sweden,SWE,2024-10-26T02:00:00Z,2024-10-26T04:00:00Z,4.44
Sweden,SWE,2024-10-26T03:00:00Z,2024-10-26T05:00:00Z,8.82
Sweden,SWE,2024-10-26T04:00:00Z,2024-10-26T06:00:00Z,12.31
Sweden,SWE,2024-10-26T05:00:00Z,2024-10-26T07:00:00Z,16.6
Sweden,SWE,2024-10-26T06:00:00Z,2024-10-26T08:00:00Z,43.72
Sweden,SWE,2024-10-26T07:00:00Z,2024-10-26T09:00:00Z,76.89
Sweden,SWE,2024-10-26T08:00:00Z,2024-10-26T10:00:00Z,82.89
Sweden,SWE,2024-10-26T09:00:00Z,2024-10-26T11:00:00Z,59.36
Sweden,SWE,2024-10-26T10:00:00Z,2024-10-26T12:00:00Z,44.63
Sweden,SWE,2024-10-26T11:00:00Z,2024-10-26T13:00:00Z,36.56
Sweden,SWE,2024-10-26T12:00:00Z,2024-10-26T14:00:00Z,38.44
Sweden,SWE,2024-10-26T13:00:00Z,2024-10-26T15:00:00Z,50.02
Sweden,SWE,2024-10-26T14:00:00Z,2024-10-26T16:00:00Z,65.36
Sweden,SWE,2024-10-26T15:00:00Z,2024-10-26T17:00:00Z,99.92
Sweden,SWE,2024-10-26T16:00:00Z,2024-10-26T18:00:00Z,120.82
Sweden,SWE,2024-10-26T17:00:00Z,2024-10-26T19:00:00Z,60.59
Sweden,SWE,2024-10-26T18:00:00Z,2024-10-26T20:00:00Z,19.91
Sweden,SWE,2024-10-26T19:00:00Z,2024-10-26T21:00:00Z,16.24
Sweden,SWE,2024-10-26T20:00:00Z,2024-10-26T22:00:00Z,10.19
Sweden,SWE,2024-10-26T21:00:00Z,2024-10-26T23:00:00Z,3.74
Sweden,SWE,2024-10-26T22:00:00Z,2024-10-27T00:00:00Z,0.7
Sweden,SWE,2024-10-26T23:00:00Z,2024-10-27T01:00:00Z,0.01
Sweden,SWE,2024-10-27T00:00:00Z,2024-10-27T02:00:00Z,-0.05
Sweden,SWE,2024-10-27T01:00:00Z,2024-10-27T02:00:00Z,-0.11
Sweden,SWE,2024-10-27T02:00:00Z,2024-10-27T03:00:00Z,-0.48
Sweden,SWE,2024-10-27T03:00:00Z,2024-10-27T04:00:00Z,-0.81
Sweden,SWE,2024-10-27T04:00:00Z,2024-10-27T05:00:00Z,-1.01
Sweden,SWE,2024-10-27T05:00:00Z,2024-10-27T06:00:00Z,-1.63
Sweden,SWE,2024-10-27T06:00:00Z,2024-10-27T07:00:00Z,-1
Sweden,SWE,2024-10-27T07:00:00Z,2024-10-27T08:00:00Z,-0.8
Sweden,SWE,2024-10-27T08:00:00Z,2024-10-27T09:00:00Z,-0.54
Sweden,SWE,2024-10-27T09:00:00Z,2024-10-27T10:00:00Z,-0.48
Sweden,SWE,2024-10-27T10:00:00Z,2024-10-27T11:00:00Z,-0.11
Sweden,SWE,2024-10-27T11:00:00Z,2024-10-27T12:00:00Z,-0.09
Sweden,SWE,2024-10-27T12:00:00Z,2024-10-27T13:00:00Z,-0.08
Sweden,SWE,2024-10-27T13:00:00Z,2024-10-27T14:00:00Z,-0.07
Sweden,SWE,2024-10-27T14:00:00Z,2024-10-27T15:00:00Z,-0.02
Sweden,SWE,2024-10-27T15:00:00Z,2024-10-27T16:00:00Z,0
Sweden,SWE,2024-10-27T16:00:00Z,2024-10-27T17:00:00Z,0.01
Sweden,SWE,2024-10-27T17:00:00Z,2024-10-27T18:00:00Z,0.43
Sweden,SWE,2024-10-27T18:00:00Z,2024-10-27T19:00:00Z,0
Sweden,SWE,2024-10-27T19:00:00Z,2024-10-27T20:00:00Z,-0.02
Sweden,SWE,2024-10-27T20:00:00Z,2024-10-27T21:00:00Z,-0.48
Sweden,SWE,2024-10-27T21:00:00Z,2024-10-27T22:00:00Z,-1
Sweden,SWE,2024-10-27T22:00:00Z,2024-10-27T23:00:00Z,-2
Sweden,SWE,2024-10-27T23:00:00Z,2024-10-28T00:00:00Z,-2.47
Sweden,SWE,2024-10-28T00:00:00Z,2024-10-28T01:00:00Z,-2.73
Sweden,SWE,2024-10-28T01:00:00Z,2024-10-28T02:00:00Z,-3
Sweden,SWE,2024-10-28T02:00:00Z,2024-10-28T03:00:00Z,-2.96
Sweden,SWE,2024-10-28T03:00:00Z,2024-10-28T04:00:00Z,-2.1
Sweden,SWE,2024-10-28T04:00:00Z,2024-10-28T05:00:00Z,-0.81
Sweden,SWE,2024-10-28T05:00:00Z,2024-10-28T06:00:00Z,0.01
Sweden,SWE,2024-10-28T06:00:00Z,2024-10-28T07:00:00Z,2.18
Sweden,SWE,2024-10-28T07:00:00Z,2024-10-28T08:00:00Z,7.73
Sweden,SWE,2024-10-28T08:00:00Z,2024-10-28T09:00:00Z,7.89
Sweden,SWE,2024-10-28T09:00:00Z,2024-10-28T10:00:00Z,6.22
Sweden,SWE,2024-10-28T10:00:00Z,2024-10-28T11:00:00Z,3
Sweden,SWE,2024-10-28T11:00:00Z,2024-10-28T12:00:00Z,2.9
Sweden,SWE,2024-10-28T12:00:00Z,2024-10-28T13:00:00Z,4.54
Sweden,SWE,2024-10-28T13:00:00Z,2024-10-28T14:00:00Z,8.61
Sweden,SWE,2024-10-28T14:00:00Z,2024-10-28T15:00:00Z,16.62
Sweden,SWE,2024-10-28T15:00:00Z,2024-10-28T16:00:00Z,18.92
Sweden,SWE,2024-10-28T16:00:00Z,2024-10-28T17:00:00Z,23.46
Sweden,SWE,2024-10-28T17:00:00Z,2024-10-28T18:00:00Z,25.47
Sweden,SWE,2024-10-28T18:00:00Z,2024-10-28T19:00:00Z,20.8
Sweden,SWE,2024-10-28T19:00:00Z,2024-10-28T20:00:00Z,19.62
Sweden,SWE,2024-10-28T20:00:00Z,2024-10-28T21:00:00Z,16.99
Sweden,SWE,2024-10-28T21:00:00Z,2024-10-28T22:00:00Z,31.61
Sweden,SWE,2024-10-28T22:00:00Z,2024-10-28T23:00:00Z,18.39
Sweden,SWE,2024-10-28T23:00:00Z,2024-10-29T00:00:00Z,22.79
Sweden,SWE,2024-10-29T00:00:00Z,2024-10-29T01:00:00Z,20.76
Sweden,SWE,2024-10-29T01:00:00Z,2024-10-29T02:00:00Z,19.82
Sweden,SWE,2024-10-29T02:00:00Z,2024-10-29T03:00:00Z,20.59
Sweden,SWE,2024-10-29T03:00:00Z,2024-10-29T04:00:00Z,22.23
Sweden,SWE,2024-10-29T04:00:00Z,2024-10-29T05:00:00Z,34.02
Sweden,SWE,2024-10-29T05:00:00Z,2024-10-29T06:00:00Z,49.05
Sweden,SWE,2024-10-29T06:00:00Z,2024-10-29T07:00:00Z,126.38
Sweden,SWE,2024-10-29T07:00:00Z,2024-10-29T08:00:00Z,123.15
Sweden,SWE,2024-10-29T08:00:00Z,2024-10-29T09:00:00Z,104.55
Sweden,SWE,2024-10-29T09:00:00Z,2024-10-29T10:00:00Z,96.62
Sweden,SWE,2024-10-29T10:00:00Z,2024-10-29T11:00:00Z,93.15
Sweden,SWE,2024-10-29T11:00:00Z,2024-10-29T12:00:00Z,88.49
Sweden,SWE,2024-10-29T12:00:00Z,2024-10-29T13:00:00Z,55.16
Sweden,SWE,2024-10-29T13:00:00Z,2024-10-29T14:00:00Z,45.56
Sweden,SWE,2024-10-29T14:00:00Z,2024-10-29T15:00:00Z,49.12
Sweden,SWE,2024-10-29T15:00:00Z,2024-10-29T16:00:00Z,56.17
Sweden,SWE,2024-10-29T16:00:00Z,2024-10-29T17:00:00Z,70.15
Sweden,SWE,2024-10-29T17:00:00Z,2024-10-29T18:00:00Z,55.43
Sweden,SWE,2024-10-29T18:00:00Z,2024-10-29T19:00:00Z,38.47
Sweden,SWE,2024-10-29T19:00:00Z,2024-10-29T20:00:00Z,26.27
Sweden,SWE,2024-10-29T20:00:00Z,2024-10-29T21:00:00Z,20.45
Sweden,SWE,2024-10-29T21:00:00Z,2024-10-29T22:00:00Z,0.51
Sweden,SWE,2024-10-29T22:00:00Z,2024-10-29T23:00:00Z,-2
Sweden,SWE,2024-10-29T23:00:00Z,2024-10-30T00:00:00Z,-2.5
Sweden,SWE,2024-10-30T00:00:00Z,2024-10-30T01:00:00Z,-2.21
Sweden,SWE,2024-10-30T01:00:00Z,2024-10-30T02:00:00Z,-2.41
Sweden,SWE,2024-10-30T02:00:00Z,2024-10-30T03:00:00Z,-2.5
Sweden,SWE,2024-10-30T03:00:00Z,2024-10-30T04:00:00Z,-2.2
Sweden,SWE,2024-10-30T04:00:00Z,2024-10-30T05:00:00Z,-1.09
Sweden,SWE,2024-10-30T05:00:00Z,2024-10-30T06:00:00Z,-0.56
Sweden,SWE,2024-10-30T06:00:00Z,2024-10-30T07:00:00Z,4.75
Sweden,SWE,2024-10-30T07:00:00Z,2024-10-30T08:00:00Z,20.06
Sweden,SWE,2024-10-30T08:00:00Z,2024-10-30T09:00:00Z,10.16
Sweden,SWE,2024-10-30T09:00:00Z,2024-10-30T10:00:00Z,4.83
Sweden,SWE,2024-10-30T10:00:00Z,2024-10-30T11:00:00Z,4.78
Sweden,SWE,2024-10-30T11:00:00Z,2024-10-30T12:00:00Z,6.99
Sweden,SWE,2024-10-30T12:00:00Z,2024-10-30T13:00:00Z,7.85
Sweden,SWE,2024-10-30T13:00:00Z,2024-10-30T14:00:00Z,7.76
Sweden,SWE,2024-10-30T14:00:00Z,2024-10-30T15:00:00Z,4.95
Sweden,SWE,2024-10-30T15:00:00Z,2024-10-30T16:00:00Z,25.56
Sweden,SWE,2024-10-30T16:00:00Z,2024-10-30T17:00:00Z,31.14
Sweden,SWE,2024-10-30T17:00:00Z,2024-10-30T18:00:00Z,13.02
Sweden,SWE,2024-10-30T18:00:00Z,2024-10-30T19:00:00Z,14.31
Sweden,SWE,2024-10-30T19:00:00Z,2024-10-30T20:00:00Z,13.96
Sweden,SWE,2024-10-30T20:00:00Z,2024-10-30T21:00:00Z,8.81
Sweden,SWE,2024-10-30T21:00:00Z,2024-10-30T22:00:00Z,4.52
Sweden,SWE,2024-10-30T22:00:00Z,2024-10-30T23:00:00Z,3.52
Sweden,SWE,2024-10-30T23:00:00Z,2024-10-31T00:00:00Z,0.84
Sweden,SWE,2024-10-31T00:00:00Z,2024-10-31T01:00:00Z,1.04
Sweden,SWE,2024-10-31T01:00:00Z,2024-10-31T02:00:00Z,1.9
Sweden,SWE,2024-10-31T02:00:00Z,2024-10-31T03:00:00Z,2.91
Sweden,SWE,2024-10-31T03:00:00Z,2024-10-31T04:00:00Z,3.52
Sweden,SWE,2024-10-31T04:00:00Z,2024-10-31T05:00:00Z,4.83
Sweden,SWE,2024-10-31T05:00:00Z,2024-10-31T06:00:00Z,19.07
Sweden,SWE,2024-10-31T06:00:00Z,2024-10-31T07:00:00Z,39.46
Sweden,SWE,2024-10-31T07:00:00Z,2024-10-31T08:00:00Z,38.34
Sweden,SWE,2024-10-31T08:00:00Z,2024-10-31T09:00:00Z,23.55
Sweden,SWE,2024-10-31T09:00:00Z,2024-10-31T10:00:00Z,19.01
Sweden,SWE,2024-10-31T10:00:00Z,2024-10-31T11:00:00Z,14.02
Sweden,SWE,2024-10-31T11:00:00Z,2024-10-31T12:00:00Z,12
Sweden,SWE,2024-10-31T12:00:00Z,2024-10-31T13:00:00Z,11.12
Sweden,SWE,2024-10-31T13:00:00Z,2024-10-31T14:00:00Z,11.08
Sweden,SWE,2024-10-31T14:00:00Z,2024-10-31T15:00:00Z,10.84
Sweden,SWE,2024-10-31T15:00:00Z,2024-10-31T16:00:00Z,10.9
Sweden,SWE,2024-10-31T16:00:00Z,2024-10-31T17:00:00Z,11.96
Sweden,SWE,2024-10-31T17:00:00Z,2024-10-31T18:00:00Z,11
Sweden,SWE,2024-10-31T18:00:00Z,2024-10-31T19:00:00Z,10.2
Sweden,SWE,2024-10-31T19:00:00Z,2024-10-31T20:00:00Z,8.87
Sweden,SWE,2024-10-31T20:00:00Z,2024-10-31T21:00:00Z,6.27
Sweden,SWE,2024-10-31T21:00:00Z,2024-10-31T22:00:00Z,5.03
Sweden,SWE,2024-10-31T22:00:00Z,2024-10-31T23:00:00Z,3.93
Sweden,SWE,2024-10-31T23:00:00Z,2024-11-01T00:00:00Z,1.71
Sweden,SWE,2024-11-01T00:00:00Z,2024-11-01T01:00:00Z,1.51
Sweden,SWE,2024-11-01T01:00:00Z,2024-11-01T02:00:00Z,1.16
Sweden,SWE,2024-11-01T02:00:00Z,2024-11-01T03:00:00Z,1.03
Sweden,SWE,2024-11-01T03:00:00Z,2024-11-01T04:00:00Z,1
Sweden,SWE,2024-11-01T04:00:00Z,2024-11-01T05:00:00Z,1.12
Sweden,SWE,2024-11-01T05:00:00Z,2024-11-01T06:00:00Z,2.16
Sweden,SWE,2024-11-01T06:00:00Z,2024-11-01T07:00:00Z,3.18
Sweden,SWE,2024-11-01T07:00:00Z,2024-11-01T08:00:00Z,3.31
Sweden,SWE,2024-11-01T08:00:00Z,2024-11-01T09:00:00Z,2.66
Sweden,SWE,2024-11-01T09:00:00Z,2024-11-01T10:00:00Z,2.49
Sweden,SWE,2024-11-01T10:00:00Z,2024-11-01T11:00:00Z,2.19
Sweden,SWE,2024-11-01T11:00:00Z,2024-11-01T12:00:00Z,2.19
Sweden,SWE,2024-11-01T12:00:00Z,2024-11-01T13:00:00Z,2.16
Sweden,SWE,2024-11-01T13:00:00Z,2024-11-01T14:00:00Z,2.2
Sweden,SWE,2024-11-01T14:00:00Z,2024-11-01T15:00:00Z,2.52
Sweden,SWE,2024-11-01T15:00:00Z,2024-11-01T16:00:00Z,3.97
Sweden,SWE,2024-11-01T16:00:00Z,2024-11-01T17:00:00Z,6.68
Sweden,SWE,2024-11-01T17:00:00Z,2024-11-01T18:00:00Z,8.65
Sweden,SWE,2024-11-01T18:00:00Z,2024-11-01T19:00:00Z,5.47
Sweden,SWE,2024-11-01T19:00:00Z,2024-11-01T20:00:00Z,4.28
Sweden,SWE,2024-11-01T20:00:00Z,2024-11-01T21:00:00Z,1.21
Sweden,SWE,2024-11-01T21:00:00Z,2024-11-01T22:00:00Z,0.66
Sweden,SWE,2024-11-01T22:00:00Z,2024-11-01T23:00:00Z,0
Sweden,SWE,2024-11-01T23:00:00Z,2024-11-02T00:00:00Z,-0.23
Sweden,SWE,2024-11-02T00:00:00Z,2024-11-02T01:00:00Z,-0.67
Sweden,SWE,2024-11-02T01:00:00Z,2024-11-02T02:00:00Z,-0.68
Sweden,SWE,2024-11-02T02:00:00Z,2024-11-02T03:00:00Z,-0.81
Sweden,SWE,2024-11-02T03:00:00Z,2024-11-02T04:00:00Z,-0.68
Sweden,SWE,2024-11-02T04:00:00Z,2024-11-02T05:00:00Z,-0.62
Sweden,SWE,2024-11-02T05:00:00Z,2024-11-02T06:00:00Z,-0.14
Sweden,SWE,2024-11-02T06:00:00Z,2024-11-02T07:00:00Z,2.61
Sweden,SWE,2024-11-02T07:00:00Z,2024-11-02T08:00:00Z,4.6
Sweden,SWE,2024-11-02T08:00:00Z,2024-11-02T09:00:00Z,5.2
Sweden,SWE,2024-11-02T09:00:00Z,2024-11-02T10:00:00Z,5.21
Sweden,SWE,2024-11-02T10:00:00Z,2024-11-02T11:00:00Z,10.18
Sweden,SWE,2024-11-02T11:00:00Z,2024-11-02T12:00:00Z,10.35
Sweden,SWE,2024-11-02T12:00:00Z,2024-11-02T13:00:00Z,11.05
Sweden,SWE,2024-11-02T13:00:00Z,2024-11-02T14:00:00Z,11.85
Sweden,SWE,2024-11-02T14:00:00Z,2024-11-02T15:00:00Z,13.4
Sweden,SWE,2024-11-02T15:00:00Z,2024-11-02T16:00:00Z,25.3
Sweden,SWE,2024-11-02T16:00:00Z,2024-11-02T17:00:00Z,34.7
Sweden,SWE,2024-11-02T17:00:00Z,2024-11-02T18:00:00Z,22.47
Sweden,SWE,2024-11-02T18:00:00Z,2024-11-02T19:00:00Z,12.2
Sweden,SWE,2024-11-02T19:00:00Z,2024-11-02T20:00:00Z,5.73
Sweden,SWE,2024-11-02T20:00:00Z,2024-11-02T21:00:00Z,3.19
Sweden,SWE,2024-11-02T21:00:00Z,2024-11-02T22:00:00Z,2.41
Sweden,SWE,2024-11-02T22:00:00Z,2024-11-02T23:00:00Z,2.34
Sweden,SWE,2024-11-02T23:00:00Z,2024-11-03T00:00:00Z,3.36
Sweden,SWE,2024-11-03T00:00:00Z,2024-11-03T01:00:00Z,3.33
Sweden,SWE,2024-11-03T01:00:00Z,2024-11-03T02:00:00Z,3.27
Sweden,SWE,2024-11-03T02:00:00Z,2024-11-03T03:00:00Z,3.13
Sweden,SWE,2024-11-03T03:00:00Z,2024-11-03T04:00:00Z,3.23
Sweden,SWE,2024-11-03T04:00:00Z,2024-11-03T05:00:00Z,3.35
Sweden,SWE,2024-11-03T05:00:00Z,2024-11-03T06:00:00Z,3.45
Sweden,SWE,2024-11-03T06:00:00Z,2024-11-03T07:00:00Z,4.86
Sweden,SWE,2024-11-03T07:00:00Z,2024-11-03T08:00:00Z,5.19
Sweden,SWE,2024-11-03T08:00:00Z,2024-11-03T09:00:00Z,4.96
Sweden,SWE,2024-11-03T09:00:00Z,2024-11-03T10:00:00Z,4.95
Sweden,SWE,2024-11-03T10:00:00Z,2024-11-03T11:00:00Z,4.9
Sweden,SWE,2024-11-03T11:00:00Z,2024-11-03T12:00:00Z,4.65
Sweden,SWE,2024-11-03T12:00:00Z,2024-11-03T13:00:00Z,4.14
Sweden,SWE,2024-11-03T13:00:00Z,2024-11-03T14:00:00Z,3.8
Sweden,SWE,2024-11-03T14:00:00Z,2024-11-03T15:00:00Z,3.78
Sweden,SWE,2024-11-03T15:00:00Z,2024-11-03T16:00:00Z,4.17
Sweden,SWE,2024-11-03T16:00:00Z,2024-11-03T17:00:00Z,5.39
Sweden,SWE,2024-11-03T17:00:00Z,2024-11-03T18:00:00Z,9.28
Sweden,SWE,2024-11-03T18:00:00Z,2024-11-03T19:00:00Z,9.2
Sweden,SWE,2024-11-03T19:00:00Z,2024-11-03T20:00:00Z,5.94
Sweden,SWE,2024-11-03T20:00:00Z,2024-11-03T21:00:00Z,5.84
Sweden,SWE,2024-11-03T21:00:00Z,2024-11-03T22:00:00Z,5.38
Sweden,SWE,2024-11-03T22:00:00Z,2024-11-03T23:00:00Z,4.81
Sweden,SWE,2024-11-03T23:00:00Z,2024-11-04T00:00:00Z,5.29
Sweden,SWE,2024-11-04T00:00:00Z,2024-11-04T01:00:00Z,5.75
Sweden,SWE,2024-11-04T01:00:00Z,2024-11-04T02:00:00Z,5.89
Sweden,SWE,2024-11-04T02:00:00Z,2024-11-04T03:00:00Z,13.4
Sweden,SWE,2024-11-04T03:00:00Z,2024-11-04T04:00:00Z,14.24
Sweden,SWE,2024-11-04T04:00:00Z,2024-11-04T05:00:00Z,27.54
Sweden,SWE,2024-11-04T05:00:00Z,2024-11-04T06:00:00Z,74.97
Sweden,SWE,2024-11-04T06:00:00Z,2024-11-04T07:00:00Z,107.86
Sweden,SWE,2024-11-04T07:00:00Z,2024-11-04T08:00:00Z,102.34
Sweden,SWE,2024-11-04T08:00:00Z,2024-11-04T09:00:00Z,91.03
Sweden,SWE,2024-11-04T09:00:00Z,2024-11-04T10:00:00Z,75.99
Sweden,SWE,2024-11-04T10:00:00Z,2024-11-04T11:00:00Z,73.97
Sweden,SWE,2024-11-04T11:00:00Z,2024-11-04T12:00:00Z,71.62
Sweden,SWE,2024-11-04T12:00:00Z,2024-11-04T13:00:00Z,78.6
Sweden,SWE,2024-11-04T13:00:00Z,2024-11-04T14:00:00Z,80.14
Sweden,SWE,2024-11-04T14:00:00Z,2024-11-04T15:00:00Z,104.97
Sweden,SWE,2024-11-04T15:00:00Z,2024-11-04T16:00:00Z,141.75
Sweden,SWE,2024-11-04T16:00:00Z,2024-11-04T17:00:00Z,214.54
Sweden,SWE,2024-11-04T17:00:00Z,2024-11-04T18:00:00Z,179.08
Sweden,SWE,2024-11-04T18:00:00Z,2024-11-04T19:00:00Z,119.08
Sweden,SWE,2024-11-04T19:00:00Z,2024-11-04T20:00:00Z,89.8
Sweden,SWE,2024-11-04T20:00:00Z,2024-11-04T21:00:00Z,76.27
Sweden,SWE,2024-11-04T21:00:00Z,2024-11-04T22:00:00Z,59.7
Sweden,SWE,2024-11-04T22:00:00Z,2024-11-04T23:00:00Z,34.91
Sweden,SWE,2024-11-04T23:00:00Z,2024-11-05T00:00:00Z,19.17
Sweden,SWE,2024-11-05T00:00:00Z,2024-11-05T01:00:00Z,6.17
Sweden,SWE,2024-11-05T01:00:00Z,2024-11-05T02:00:00Z,5.98
Sweden,SWE,2024-11-05T02:00:00Z,2024-11-05T03:00:00Z,5.05
Sweden,SWE,2024-11-05T03:00:00Z,2024-11-05T04:00:00Z,5.28
Sweden,SWE,2024-11-05T04:00:00Z,2024-11-05T05:00:00Z,34.14
Sweden,SWE,2024-11-05T05:00:00Z,2024-11-05T06:00:00Z,76.97
Sweden,SWE,2024-11-05T06:00:00Z,2024-11-05T07:00:00Z,107.28
Sweden,SWE,2024-11-05T07:00:00Z,2024-11-05T08:00:00Z,101.64
Sweden,SWE,2024-11-05T08:00:00Z,2024-11-05T09:00:00Z,85.56
Sweden,SWE,2024-11-05T09:00:00Z,2024-11-05T10:00:00Z,76.56
Sweden,SWE,2024-11-05T10:00:00Z,2024-11-05T11:00:00Z,69.5
Sweden,SWE,2024-11-05T11:00:00Z,2024-11-05T12:00:00Z,69.15
Sweden,SWE,2024-11-05T12:00:00Z,2024-11-05T13:00:00Z,71.43
Sweden,SWE,2024-11-05T13:00:00Z,2024-11-05T14:00:00Z,79.15
Sweden,SWE,2024-11-05T14:00:00Z,2024-11-05T15:00:00Z,101.28
Sweden,SWE,2024-11-05T15:00:00Z,2024-11-05T16:00:00Z,140.89
Sweden,SWE,2024-11-05T16:00:00Z,2024-11-05T17:00:00Z,198.02
Sweden,SWE,2024-11-05T17:00:00Z,2024-11-05T18:00:00Z,142.44
Sweden,SWE,2024-11-05T18:00:00Z,2024-11-05T19:00:00Z,85.55
Sweden,SWE,2024-11-05T19:00:00Z,2024-11-05T20:00:00Z,64.82
Sweden,SWE,2024-11-05T20:00:00Z,2024-11-05T21:00:00Z,62.15
Sweden,SWE,2024-11-05T21:00:00Z,2024-11-05T22:00:00Z,40.16
Sweden,SWE,2024-11-05T22:00:00Z,2024-11-05T23:00:00Z,22.06
Sweden,SWE,2024-11-05T23:00:00Z,2024-11-06T00:00:00Z,12.2
Sweden,SWE,2024-11-06T00:00:00Z,2024-11-06T01:00:00Z,7.32
Sweden,SWE,2024-11-06T01:00:00Z,2024-11-06T02:00:00Z,7.68
Sweden,SWE,2024-11-06T02:00:00Z,2024-11-06T03:00:00Z,9
Sweden,SWE,2024-11-06T03:00:00Z,2024-11-06T04:00:00Z,9.37
Sweden,SWE,2024-11-06T04:00:00Z,2024-11-06T05:00:00Z,40.14
Sweden,SWE,2024-11-06T05:00:00Z,2024-11-06T06:00:00Z,57.54
Sweden,SWE,2024-11-06T06:00:00Z,2024-11-06T07:00:00Z,141.9
Sweden,SWE,2024-11-06T07:00:00Z,2024-11-06T08:00:00Z,135.71
Sweden,SWE,2024-11-06T08:00:00Z,2024-11-06T09:00:00Z,99.82
Sweden,SWE,2024-11-06T09:00:00Z,2024-11-06T10:00:00Z,86.89
Sweden,SWE,2024-11-06T10:00:00Z,2024-11-06T11:00:00Z,72.54
Sweden,SWE,2024-11-06T11:00:00Z,2024-11-06T12:00:00Z,75.68
Sweden,SWE,2024-11-06T12:00:00Z,2024-11-06T13:00:00Z,88.55
Sweden,SWE,2024-11-06T13:00:00Z,2024-11-06T14:00:00Z,99.49
Sweden,SWE,2024-11-06T14:00:00Z,2024-11-06T15:00:00Z,114.19
Sweden,SWE,2024-11-06T15:00:00Z,2024-11-06T16:00:00Z,128.09
Sweden,SWE,2024-11-06T16:00:00Z,2024-11-06T17:00:00Z,230.48
Sweden,SWE,2024-11-06T17:00:00Z,2024-11-06T18:00:00Z,140.97
Sweden,SWE,2024-11-06T18:00:00Z,2024-11-06T19:00:00Z,103.8
Sweden,SWE,2024-11-06T19:00:00Z,2024-11-06T20:00:00Z,67.61
Sweden,SWE,2024-11-06T20:00:00Z,2024-11-06T21:00:00Z,55.23
Sweden,SWE,2024-11-06T21:00:00Z,2024-11-06T22:00:00Z,48.68
Sweden,SWE,2024-11-06T22:00:00Z,2024-11-06T23:00:00Z,23.35
Sweden,SWE,2024-11-06T23:00:00Z,2024-11-07T00:00:00Z,7.66
Sweden,SWE,2024-11-07T00:00:00Z,2024-11-07T01:00:00Z,4.51
Sweden,SWE,2024-11-07T01:00:00Z,2024-11-07T02:00:00Z,2.67
Sweden,SWE,2024-11-07T02:00:00Z,2024-11-07T03:00:00Z,1.22
Sweden,SWE,2024-11-07T03:00:00Z,2024-11-07T04:00:00Z,3.56
Sweden,SWE,2024-11-07T04:00:00Z,2024-11-07T05:00:00Z,37.36
Sweden,SWE,2024-11-07T05:00:00Z,2024-11-07T06:00:00Z,47.82
Sweden,SWE,2024-11-07T06:00:00Z,2024-11-07T07:00:00Z,79.77
Sweden,SWE,2024-11-07T07:00:00Z,2024-11-07T08:00:00Z,100.71
Sweden,SWE,2024-11-07T08:00:00Z,2024-11-07T09:00:00Z,80.68
Sweden,SWE,2024-11-07T09:00:00Z,2024-11-07T10:00:00Z,76.5
Sweden,SWE,2024-11-07T10:00:00Z,2024-11-07T11:00:00Z,72.79
Sweden,SWE,2024-11-07T11:00:00Z,2024-11-07T12:00:00Z,72.92
Sweden,SWE,2024-11-07T12:00:00Z,2024-11-07T13:00:00Z,69.97
Sweden,SWE,2024-11-07T13:00:00Z,2024-11-07T14:00:00Z,69.1
Sweden,SWE,2024-11-07T14:00:00Z,2024-11-07T15:00:00Z,92.57
Sweden,SWE,2024-11-07T15:00:00Z,2024-11-07T16:00:00Z,118.96
Sweden,SWE,2024-11-07T16:00:00Z,2024-11-07T17:00:00Z,172.41
Sweden,SWE,2024-11-07T17:00:00Z,2024-11-07T18:00:00Z,116.5
Sweden,SWE,2024-11-07T18:00:00Z,2024-11-07T19:00:00Z,98.98
Sweden,SWE,2024-11-07T19:00:00Z,2024-11-07T20:00:00Z,74.56
Sweden,SWE,2024-11-07T20:00:00Z,2024-11-07T21:00:00Z,67.2
Sweden,SWE,2024-11-07T21:00:00Z,2024-11-07T22:00:00Z,48.93
Sweden,SWE,2024-11-07T22:00:00Z,2024-11-07T23:00:00Z,42.03
Sweden,SWE,2024-11-07T23:00:00Z,2024-11-08T00:00:00Z,30.32
Sweden,SWE,2024-11-08T00:00:00Z,2024-11-08T01:00:00Z,27.45
Sweden,SWE,2024-11-08T01:00:00Z,2024-11-08T02:00:00Z,14.9
Sweden,SWE,2024-11-08T02:00:00Z,2024-11-08T03:00:00Z,15.07
Sweden,SWE,2024-11-08T03:00:00Z,2024-11-08T04:00:00Z,11.76
Sweden,SWE,2024-11-08T04:00:00Z,2024-11-08T05:00:00Z,29.56
Sweden,SWE,2024-11-08T05:00:00Z,2024-11-08T06:00:00Z,42.79
Sweden,SWE,2024-11-08T06:00:00Z,2024-11-08T07:00:00Z,53.84
Sweden,SWE,2024-11-08T07:00:00Z,2024-11-08T08:00:00Z,56.59
Sweden,SWE,2024-11-08T08:00:00Z,2024-11-08T09:00:00Z,53.93
Sweden,SWE,2024-11-08T09:00:00Z,2024-11-08T10:00:00Z,50.16
Sweden,SWE,2024-11-08T10:00:00Z,2024-11-08T11:00:00Z,46.93
Sweden,SWE,2024-11-08T11:00:00Z,2024-11-08T12:00:00Z,44.4
Sweden,SWE,2024-11-08T12:00:00Z,2024-11-08T13:00:00Z,44.08
Sweden,SWE,2024-11-08T13:00:00Z,2024-11-08T14:00:00Z,42.46
Sweden,SWE,2024-11-08T14:00:00Z,2024-11-08T15:00:00Z,41.47
Sweden,SWE,2024-11-08T15:00:00Z,2024-11-08T16:00:00Z,55.08
Sweden,SWE,2024-11-08T16:00:00Z,2024-11-08T17:00:00Z,56.81
Sweden,SWE,2024-11-08T17:00:00Z,2024-11-08T18:00:00Z,44.44
Sweden,SWE,2024-11-08T18:00:00Z,2024-11-08T19:00:00Z,35.57
Sweden,SWE,2024-11-08T19:00:00Z,2024-11-08T20:00:00Z,19.57
Sweden,SWE,2024-11-08T20:00:00Z,2024-11-08T21:00:00Z,18.62
Sweden,SWE,2024-11-08T21:00:00Z,2024-11-08T22:00:00Z,18.14
Sweden,SWE,2024-11-08T22:00:00Z,2024-11-08T23:00:00Z,17.81
Sweden,SWE,2024-11-08T23:00:00Z,2024-11-09T00:00:00Z,27.16
Sweden,SWE,2024-11-09T00:00:00Z,2024-11-09T01:00:00Z,13.28
Sweden,SWE,2024-11-09T01:00:00Z,2024-11-09T02:00:00Z,9.9
Sweden,SWE,2024-11-09T02:00:00Z,2024-11-09T03:00:00Z,10.14
Sweden,SWE,2024-11-09T03:00:00Z,2024-11-09T04:00:00Z,8.6
Sweden,SWE,2024-11-09T04:00:00Z,2024-11-09T05:00:00Z,30.85
Sweden,SWE,2024-11-09T05:00:00Z,2024-11-09T06:00:00Z,45.31
Sweden,SWE,2024-11-09T06:00:00Z,2024-11-09T07:00:00Z,47.6
Sweden,SWE,2024-11-09T07:00:00Z,2024-11-09T08:00:00Z,51.4
Sweden,SWE,2024-11-09T08:00:00Z,2024-11-09T09:00:00Z,54.77
Sweden,SWE,2024-11-09T09:00:00Z,2024-11-09T10:00:00Z,63.41
Sweden,SWE,2024-11-09T10:00:00Z,2024-11-09T11:00:00Z,59.11
Sweden,SWE,2024-11-09T11:00:00Z,2024-11-09T12:00:00Z,63.14
Sweden,SWE,2024-11-09T12:00:00Z,2024-11-09T13:00:00Z,66.22
Sweden,SWE,2024-11-09T13:00:00Z,2024-11-09T14:00:00Z,67.29
Sweden,SWE,2024-11-09T14:00:00Z,2024-11-09T15:00:00Z,86.04
Sweden,SWE,2024-11-09T15:00:00Z,2024-11-09T16:00:00Z,98.79
Sweden,SWE,2024-11-09T16:00:00Z,2024-11-09T17:00:00Z,105.72
Sweden,SWE,2024-11-09T17:00:00Z,2024-11-09T18:00:00Z,106.94
Sweden,SWE,2024-11-09T18:00:00Z,2024-11-09T19:00:00Z,107.53
Sweden,SWE,2024-11-09T19:00:00Z,2024-11-09T20:00:00Z,100.77
Sweden,SWE,2024-11-09T20:00:00Z,2024-11-09T21:00:00Z,94.76
Sweden,SWE,2024-11-09T21:00:00Z,2024-11-09T22:00:00Z,86.48
Sweden,SWE,2024-11-09T22:00:00Z,2024-11-09T23:00:00Z,84.28
Sweden,SWE,2024-11-09T23:00:00Z,2024-11-10T00:00:00Z,63.21
Sweden,SWE,2024-11-10T00:00:00Z,2024-11-10T01:00:00Z,53.48
Sweden,SWE,2024-11-10T01:00:00Z,2024-11-10T02:00:00Z,52.34
Sweden,SWE,2024-11-10T02:00:00Z,2024-11-10T03:00:00Z,49.31
Sweden,SWE,2024-11-10T03:00:00Z,2024-11-10T04:00:00Z,50.83
Sweden,SWE,2024-11-10T04:00:00Z,2024-11-10T05:00:00Z,67.53
Sweden,SWE,2024-11-10T05:00:00Z,2024-11-10T06:00:00Z,65.82
Sweden,SWE,2024-11-10T06:00:00Z,2024-11-10T07:00:00Z,68.39
Sweden,SWE,2024-11-10T07:00:00Z,2024-11-10T08:00:00Z,75.7
Sweden,SWE,2024-11-10T08:00:00Z,2024-11-10T09:00:00Z,79.85
Sweden,SWE,2024-11-10T09:00:00Z,2024-11-10T10:00:00Z,81.23
Sweden,SWE,2024-11-10T10:00:00Z,2024-11-10T11:00:00Z,83.38
Sweden,SWE,2024-11-10T11:00:00Z,2024-11-10T12:00:00Z,81.84
Sweden,SWE,2024-11-10T12:00:00Z,2024-11-10T13:00:00Z,78.86
Sweden,SWE,2024-11-10T13:00:00Z,2024-11-10T14:00:00Z,82.56
Sweden,SWE,2024-11-10T14:00:00Z,2024-11-10T15:00:00Z,89.69
Sweden,SWE,2024-11-10T15:00:00Z,2024-11-10T16:00:00Z,95.81
Sweden,SWE,2024-11-10T16:00:00Z,2024-11-10T17:00:00Z,105.71
Sweden,SWE,2024-11-10T17:00:00Z,2024-11-10T18:00:00Z,101.89
Sweden,SWE,2024-11-10T18:00:00Z,2024-11-10T19:00:00Z,93.29
Sweden,SWE,2024-11-10T19:00:00Z,2024-11-10T20:00:00Z,82.37
Sweden,SWE,2024-11-10T20:00:00Z,2024-11-10T21:00:00Z,79.74
Sweden,SWE,2024-11-10T21:00:00Z,2024-11-10T22:00:00Z,68.5
Sweden,SWE,2024-11-10T22:00:00Z,2024-11-10T23:00:00Z,62.19
Sweden,SWE,2024-11-10T23:00:00Z,2024-11-11T00:00:00Z,56.69
Sweden,SWE,2024-11-11T00:00:00Z,2024-11-11T01:00:00Z,54.73
Sweden,SWE,2024-11-11T01:00:00Z,2024-11-11T02:00:00Z,52.15
Sweden,SWE,2024-11-11T02:00:00Z,2024-11-11T03:00:00Z,52.21
Sweden,SWE,2024-11-11T03:00:00Z,2024-11-11T04:00:00Z,54.46
Sweden,SWE,2024-11-11T04:00:00Z,2024-11-11T05:00:00Z,66.08
Sweden,SWE,2024-11-11T05:00:00Z,2024-11-11T06:00:00Z,81.07
Sweden,SWE,2024-11-11T06:00:00Z,2024-11-11T07:00:00Z,103.37
Sweden,SWE,2024-11-11T07:00:00Z,2024-11-11T08:00:00Z,121.47
Sweden,SWE,2024-11-11T08:00:00Z,2024-11-11T09:00:00Z,110.38
Sweden,SWE,2024-11-11T09:00:00Z,2024-11-11T10:00:00Z,104.22
Sweden,SWE,2024-11-11T10:00:00Z,2024-11-11T11:00:00Z,99.52
Sweden,SWE,2024-11-11T11:00:00Z,2024-11-11T12:00:00Z,96.35
Sweden,SWE,2024-11-11T12:00:00Z,2024-11-11T13:00:00Z,99.95
Sweden,SWE,2024-11-11T13:00:00Z,2024-11-11T14:00:00Z,100.46
Sweden,SWE,2024-11-11T14:00:00Z,2024-11-11T15:00:00Z,106
Sweden,SWE,2024-11-11T15:00:00Z,2024-11-11T16:00:00Z,107.55
Sweden,SWE,2024-11-11T16:00:00Z,2024-11-11T17:00:00Z,118.23
Sweden,SWE,2024-11-11T17:00:00Z,2024-11-11T18:00:00Z,109.37
Sweden,SWE,2024-11-11T18:00:00Z,2024-11-11T19:00:00Z,97.99
Sweden,SWE,2024-11-11T19:00:00Z,2024-11-11T20:00:00Z,92.4
Sweden,SWE,2024-11-11T20:00:00Z,2024-11-11T21:00:00Z,84.83
Sweden,SWE,2024-11-11T21:00:00Z,2024-11-11T22:00:00Z,81.9
Sweden,SWE,2024-11-11T22:00:00Z,2024-11-11T23:00:00Z,69.94
Sweden,SWE,2024-11-11T23:00:00Z,2024-11-12T00:00:00Z,68.99
Sweden,SWE,2024-11-12T00:00:00Z,2024-11-12T01:00:00Z,65.12
Sweden,SWE,2024-11-12T01:00:00Z,2024-11-12T02:00:00Z,61.21
Sweden,SWE,2024-11-12T02:00:00Z,2024-11-12T03:00:00Z,64.63
Sweden,SWE,2024-11-12T03:00:00Z,2024-11-12T04:00:00Z,67.2
Sweden,SWE,2024-11-12T04:00:00Z,2024-11-12T05:00:00Z,75.16
Sweden,SWE,2024-11-12T05:00:00Z,2024-11-12T06:00:00Z,99.78
Sweden,SWE,2024-11-12T06:00:00Z,2024-11-12T07:00:00Z,140.61
Sweden,SWE,2024-11-12T07:00:00Z,2024-11-12T08:00:00Z,108.35
Sweden,SWE,2024-11-12T08:00:00Z,2024-11-12T09:00:00Z,128.24
Sweden,SWE,2024-11-12T09:00:00Z,2024-11-12T10:00:00Z,106.44
Sweden,SWE,2024-11-12T10:00:00Z,2024-11-12T11:00:00Z,96.33
Sweden,SWE,2024-11-12T11:00:00Z,2024-11-12T12:00:00Z,96.51
Sweden,SWE,2024-11-12T12:00:00Z,2024-11-12T13:00:00Z,89.9
Sweden,SWE,2024-11-12T13:00:00Z,2024-11-12T14:00:00Z,100.74
Sweden,SWE,2024-11-12T14:00:00Z,2024-11-12T15:00:00Z,117.79
Sweden,SWE,2024-11-12T15:00:00Z,2024-11-12T16:00:00Z,144.47
Sweden,SWE,2024-11-12T16:00:00Z,2024-11-12T17:00:00Z,209.62
Sweden,SWE,2024-11-12T17:00:00Z,2024-11-12T18:00:00Z,161.05
Sweden,SWE,2024-11-12T18:00:00Z,2024-11-12T19:00:00Z,123.61
Sweden,SWE,2024-11-12T19:00:00Z,2024-11-12T20:00:00Z,109.28
Sweden,SWE,2024-11-12T20:00:00Z,2024-11-12T21:00:00Z,91.53
Sweden,SWE,2024-11-12T21:00:00Z,2024-11-12T22:00:00Z,82.23
Sweden,SWE,2024-11-12T22:00:00Z,2024-11-12T23:00:00Z,69.09
Sweden,SWE,2024-11-12T23:00:00Z,2024-11-13T00:00:00Z,51.51
Sweden,SWE,2024-11-13T00:00:00Z,2024-11-13T01:00:00Z,48.3
Sweden,SWE,2024-11-13T01:00:00Z,2024-11-13T02:00:00Z,46.64
Sweden,SWE,2024-11-13T02:00:00Z,2024-11-13T03:00:00Z,46.43
Sweden,SWE,2024-11-13T03:00:00Z,2024-11-13T04:00:00Z,39.39
Sweden,SWE,2024-11-13T04:00:00Z,2024-11-13T05:00:00Z,45.79
Sweden,SWE,2024-11-13T05:00:00Z,2024-11-13T06:00:00Z,60.27
Sweden,SWE,2024-11-13T06:00:00Z,2024-11-13T07:00:00Z,71.74
Sweden,SWE,2024-11-13T07:00:00Z,2024-11-13T08:00:00Z,96.71
Sweden,SWE,2024-11-13T08:00:00Z,2024-11-13T09:00:00Z,88.33
Sweden,SWE,2024-11-13T09:00:00Z,2024-11-13T10:00:00Z,79.08
Sweden,SWE,2024-11-13T10:00:00Z,2024-11-13T11:00:00Z,70.26
Sweden,SWE,2024-11-13T11:00:00Z,2024-11-13T12:00:00Z,64.27
Sweden,SWE,2024-11-13T12:00:00Z,2024-11-13T13:00:00Z,63.88
Sweden,SWE,2024-11-13T13:00:00Z,2024-11-13T14:00:00Z,65.65
Sweden,SWE,2024-11-13T14:00:00Z,2024-11-13T15:00:00Z,70.04
Sweden,SWE,2024-11-13T15:00:00Z,2024-11-13T16:00:00Z,81.24
Sweden,SWE,2024-11-13T16:00:00Z,2024-11-13T17:00:00Z,36.29
Sweden,SWE,2024-11-13T17:00:00Z,2024-11-13T18:00:00Z,91.74
Sweden,SWE,2024-11-13T18:00:00Z,2024-11-13T19:00:00Z,54.51
Sweden,SWE,2024-11-13T19:00:00Z,2024-11-13T20:00:00Z,32.56
Sweden,SWE,2024-11-13T20:00:00Z,2024-11-13T21:00:00Z,23.22
Sweden,SWE,2024-11-13T21:00:00Z,2024-11-13T22:00:00Z,13.58
Sweden,SWE,2024-11-13T22:00:00Z,2024-11-13T23:00:00Z,12.5
Sweden,SWE,2024-11-13T23:00:00Z,2024-11-14T00:00:00Z,17.89
Sweden,SWE,2024-11-14T00:00:00Z,2024-11-14T01:00:00Z,16.08
Sweden,SWE,2024-11-14T01:00:00Z,2024-11-14T02:00:00Z,14.58
Sweden,SWE,2024-11-14T02:00:00Z,2024-11-14T03:00:00Z,14.72
Sweden,SWE,2024-11-14T03:00:00Z,2024-11-14T04:00:00Z,15.99
Sweden,SWE,2024-11-14T04:00:00Z,2024-11-14T05:00:00Z,17.81
Sweden,SWE,2024-11-14T05:00:00Z,2024-11-14T06:00:00Z,21.97
Sweden,SWE,2024-11-14T06:00:00Z,2024-11-14T07:00:00Z,42.54
Sweden,SWE,2024-11-14T07:00:00Z,2024-11-14T08:00:00Z,50.12
Sweden,SWE,2024-11-14T08:00:00Z,2024-11-14T09:00:00Z,46.66
Sweden,SWE,2024-11-14T09:00:00Z,2024-11-14T10:00:00Z,43.03
Sweden,SWE,2024-11-14T10:00:00Z,2024-11-14T11:00:00Z,42.06
Sweden,SWE,2024-11-14T11:00:00Z,2024-11-14T12:00:00Z,41.8
Sweden,SWE,2024-11-14T12:00:00Z,2024-11-14T13:00:00Z,41.36
Sweden,SWE,2024-11-14T13:00:00Z,2024-11-14T14:00:00Z,40.08
Sweden,SWE,2024-11-14T14:00:00Z,2024-11-14T15:00:00Z,28.27
Sweden,SWE,2024-11-14T15:00:00Z,2024-11-14T16:00:00Z,42.89
Sweden,SWE,2024-11-14T16:00:00Z,2024-11-14T17:00:00Z,45.45
Sweden,SWE,2024-11-14T17:00:00Z,2024-11-14T18:00:00Z,30.38
Sweden,SWE,2024-11-14T18:00:00Z,2024-11-14T19:00:00Z,29.71
Sweden,SWE,2024-11-14T19:00:00Z,2024-11-14T20:00:00Z,26.49
Sweden,SWE,2024-11-14T20:00:00Z,2024-11-14T21:00:00Z,24.44
Sweden,SWE,2024-11-14T21:00:00Z,2024-11-14T22:00:00Z,21.66
Sweden,SWE,2024-11-14T22:00:00Z,2024-11-14T23:00:00Z,16.45
Sweden,SWE,2024-11-14T23:00:00Z,2024-11-15T00:00:00Z,14.22
Sweden,SWE,2024-11-15T00:00:00Z,2024-11-15T01:00:00Z,12.37
Sweden,SWE,2024-11-15T01:00:00Z,2024-11-15T02:00:00Z,10.2
Sweden,SWE,2024-11-15T02:00:00Z,2024-11-15T03:00:00Z,9.91
Sweden,SWE,2024-11-15T03:00:00Z,2024-11-15T04:00:00Z,9.94
Sweden,SWE,2024-11-15T04:00:00Z,2024-11-15T05:00:00Z,13.59
Sweden,SWE,2024-11-15T05:00:00Z,2024-11-15T06:00:00Z,15.56
Sweden,SWE,2024-11-15T06:00:00Z,2024-11-15T07:00:00Z,23.24
Sweden,SWE,2024-11-15T07:00:00Z,2024-11-15T08:00:00Z,35.32
Sweden,SWE,2024-11-15T08:00:00Z,2024-11-15T09:00:00Z,34.99
Sweden,SWE,2024-11-15T09:00:00Z,2024-11-15T10:00:00Z,32.33
Sweden,SWE,2024-11-15T10:00:00Z,2024-11-15T11:00:00Z,21.57
Sweden,SWE,2024-11-15T11:00:00Z,2024-11-15T12:00:00Z,16.58
Sweden,SWE,2024-11-15T12:00:00Z,2024-11-15T13:00:00Z,15.91
Sweden,SWE,2024-11-15T13:00:00Z,2024-11-15T14:00:00Z,15.94
Sweden,SWE,2024-11-15T14:00:00Z,2024-11-15T15:00:00Z,15.45
Sweden,SWE,2024-11-15T15:00:00Z,2024-11-15T16:00:00Z,15.4
Sweden,SWE,2024-11-15T16:00:00Z,2024-11-15T17:00:00Z,15.04
Sweden,SWE,2024-11-15T17:00:00Z,2024-11-15T18:00:00Z,14.48
Sweden,SWE,2024-11-15T18:00:00Z,2024-11-15T19:00:00Z,13.79
Sweden,SWE,2024-11-15T19:00:00Z,2024-11-15T20:00:00Z,0.96
Sweden,SWE,2024-11-15T20:00:00Z,2024-11-15T21:00:00Z,-0.29
Sweden,SWE,2024-11-15T21:00:00Z,2024-11-15T22:00:00Z,-1.28
Sweden,SWE,2024-11-15T22:00:00Z,2024-11-15T23:00:00Z,-2.03
Sweden,SWE,2024-11-15T23:00:00Z,2024-11-16T00:00:00Z,-1.26
Sweden,SWE,2024-11-16T00:00:00Z,2024-11-16T01:00:00Z,-1.24
Sweden,SWE,2024-11-16T01:00:00Z,2024-11-16T02:00:00Z,-1.9
Sweden,SWE,2024-11-16T02:00:00Z,2024-11-16T03:00:00Z,-1.88
Sweden,SWE,2024-11-16T03:00:00Z,2024-11-16T04:00:00Z,-1.84
Sweden,SWE,2024-11-16T04:00:00Z,2024-11-16T05:00:00Z,-1.79
Sweden,SWE,2024-11-16T05:00:00Z,2024-11-16T06:00:00Z,-1.43
Sweden,SWE,2024-11-16T06:00:00Z,2024-11-16T07:00:00Z,-0.88
Sweden,SWE,2024-11-16T07:00:00Z,2024-11-16T08:00:00Z,-0.09
Sweden,SWE,2024-11-16T08:00:00Z,2024-11-16T09:00:00Z,0
Sweden,SWE,2024-11-16T09:00:00Z,2024-11-16T10:00:00Z,-0.03
Sweden,SWE,2024-11-16T10:00:00Z,2024-11-16T11:00:00Z,-0.03
Sweden,SWE,2024-11-16T11:00:00Z,2024-11-16T12:00:00Z,-0.03
Sweden,SWE,2024-11-16T12:00:00Z,2024-11-16T13:00:00Z,0.01
Sweden,SWE,2024-11-16T13:00:00Z,2024-11-16T14:00:00Z,0.11
Sweden,SWE,2024-11-16T14:00:00Z,2024-11-16T15:00:00Z,2.71
Sweden,SWE,2024-11-16T15:00:00Z,2024-11-16T16:00:00Z,11.43
Sweden,SWE,2024-11-16T16:00:00Z,2024-11-16T17:00:00Z,16.21
Sweden,SWE,2024-11-16T17:00:00Z,2024-11-16T18:00:00Z,9.77
Sweden,SWE,2024-11-16T18:00:00Z,2024-11-16T19:00:00Z,2.74
Sweden,SWE,2024-11-16T19:00:00Z,2024-11-16T20:00:00Z,0.4
Sweden,SWE,2024-11-16T20:00:00Z,2024-11-16T21:00:00Z,-0.02
Sweden,SWE,2024-11-16T21:00:00Z,2024-11-16T22:00:00Z,-0.01
Sweden,SWE,2024-11-16T22:00:00Z,2024-11-16T23:00:00Z,-0.04
Sweden,SWE,2024-11-16T23:00:00Z,2024-11-17T00:00:00Z,-0.09
Sweden,SWE,2024-11-17T00:00:00Z,2024-11-17T01:00:00Z,-0.09
Sweden,SWE,2024-11-17T01:00:00Z,2024-11-17T02:00:00Z,-0.07
Sweden,SWE,2024-11-17T02:00:00Z,2024-11-17T03:00:00Z,-0.03
Sweden,SWE,2024-11-17T03:00:00Z,2024-11-17T04:00:00Z,-0
Sweden,SWE,2024-11-17T04:00:00Z,2024-11-17T05:00:00Z,0.86
Sweden,SWE,2024-11-17T05:00:00Z,2024-11-17T06:00:00Z,2.24
Sweden,SWE,2024-11-17T06:00:00Z,2024-11-17T07:00:00Z,5.16
Sweden,SWE,2024-11-17T07:00:00Z,2024-11-17T08:00:00Z,7
Sweden,SWE,2024-11-17T08:00:00Z,2024-11-17T09:00:00Z,8.73
Sweden,SWE,2024-11-17T09:00:00Z,2024-11-17T10:00:00Z,9.56
Sweden,SWE,2024-11-17T10:00:00Z,2024-11-17T11:00:00Z,9.64
Sweden,SWE,2024-11-17T11:00:00Z,2024-11-17T12:00:00Z,10.33
Sweden,SWE,2024-11-17T12:00:00Z,2024-11-17T13:00:00Z,12.55
Sweden,SWE,2024-11-17T13:00:00Z,2024-11-17T14:00:00Z,18.44
Sweden,SWE,2024-11-17T14:00:00Z,2024-11-17T15:00:00Z,24.67
Sweden,SWE,2024-11-17T15:00:00Z,2024-11-17T16:00:00Z,31.7
Sweden,SWE,2024-11-17T16:00:00Z,2024-11-17T17:00:00Z,32.38
Sweden,SWE,2024-11-17T17:00:00Z,2024-11-17T18:00:00Z,32.9
Sweden,SWE,2024-11-17T18:00:00Z,2024-11-17T19:00:00Z,31.55
Sweden,SWE,2024-11-17T19:00:00Z,2024-11-17T20:00:00Z,30.44
Sweden,SWE,2024-11-17T20:00:00Z,2024-11-17T21:00:00Z,29.49
Sweden,SWE,2024-11-17T21:00:00Z,2024-11-17T22:00:00Z,26.16
Sweden,SWE,2024-11-17T22:00:00Z,2024-11-17T23:00:00Z,17.56
Sweden,SWE,2024-11-17T23:00:00Z,2024-11-18T00:00:00Z,12.19
Sweden,SWE,2024-11-18T00:00:00Z,2024-11-18T01:00:00Z,12.15
Sweden,SWE,2024-11-18T01:00:00Z,2024-11-18T02:00:00Z,12.83
Sweden,SWE,2024-11-18T02:00:00Z,2024-11-18T03:00:00Z,13.18
Sweden,SWE,2024-11-18T03:00:00Z,2024-11-18T04:00:00Z,20.3
Sweden,SWE,2024-11-18T04:00:00Z,2024-11-18T05:00:00Z,25.91
Sweden,SWE,2024-11-18T05:00:00Z,2024-11-18T06:00:00Z,52.93
Sweden,SWE,2024-11-18T06:00:00Z,2024-11-18T07:00:00Z,83.16
Sweden,SWE,2024-11-18T07:00:00Z,2024-11-18T08:00:00Z,101.01
Sweden,SWE,2024-11-18T08:00:00Z,2024-11-18T09:00:00Z,88.17
Sweden,SWE,2024-11-18T09:00:00Z,2024-11-18T10:00:00Z,75.2
Sweden,SWE,2024-11-18T10:00:00Z,2024-11-18T11:00:00Z,71.74
Sweden,SWE,2024-11-18T11:00:00Z,2024-11-18T12:00:00Z,67.95
Sweden,SWE,2024-11-18T12:00:00Z,2024-11-18T13:00:00Z,62.02
Sweden,SWE,2024-11-18T13:00:00Z,2024-11-18T14:00:00Z,72.19
Sweden,SWE,2024-11-18T14:00:00Z,2024-11-18T15:00:00Z,95.23
Sweden,SWE,2024-11-18T15:00:00Z,2024-11-18T16:00:00Z,110.01
Sweden,SWE,2024-11-18T16:00:00Z,2024-11-18T17:00:00Z,132.1
Sweden,SWE,2024-11-18T17:00:00Z,2024-11-18T18:00:00Z,138.85
Sweden,SWE,2024-11-18T18:00:00Z,2024-11-18T19:00:00Z,128.84
Sweden,SWE,2024-11-18T19:00:00Z,2024-11-18T20:00:00Z,92.2
Sweden,SWE,2024-11-18T20:00:00Z,2024-11-18T21:00:00Z,87.28
Sweden,SWE,2024-11-18T21:00:00Z,2024-11-18T22:00:00Z,89.72
Sweden,SWE,2024-11-18T22:00:00Z,2024-11-18T23:00:00Z,72.95
Sweden,SWE,2024-11-18T23:00:00Z,2024-11-19T00:00:00Z,91.33
Sweden,SWE,2024-11-19T00:00:00Z,2024-11-19T01:00:00Z,94.17
Sweden,SWE,2024-11-19T01:00:00Z,2024-11-19T02:00:00Z,91.46
Sweden,SWE,2024-11-19T02:00:00Z,2024-11-19T03:00:00Z,79.45
Sweden,SWE,2024-11-19T03:00:00Z,2024-11-19T04:00:00Z,85.34
Sweden,SWE,2024-11-19T04:00:00Z,2024-11-19T05:00:00Z,96.85
Sweden,SWE,2024-11-19T05:00:00Z,2024-11-19T06:00:00Z,110.94
Sweden,SWE,2024-11-19T06:00:00Z,2024-11-19T07:00:00Z,134.05
Sweden,SWE,2024-11-19T07:00:00Z,2024-11-19T08:00:00Z,158.62
Sweden,SWE,2024-11-19T08:00:00Z,2024-11-19T09:00:00Z,160.98
Sweden,SWE,2024-11-19T09:00:00Z,2024-11-19T10:00:00Z,157.83
Sweden,SWE,2024-11-19T10:00:00Z,2024-11-19T11:00:00Z,154.34
Sweden,SWE,2024-11-19T11:00:00Z,2024-11-19T12:00:00Z,150.02
Sweden,SWE,2024-11-19T12:00:00Z,2024-11-19T13:00:00Z,146.36
Sweden,SWE,2024-11-19T13:00:00Z,2024-11-19T14:00:00Z,142.93
Sweden,SWE,2024-11-19T14:00:00Z,2024-11-19T15:00:00Z,131.83
Sweden,SWE,2024-11-19T15:00:00Z,2024-11-19T16:00:00Z,132.84
Sweden,SWE,2024-11-19T16:00:00Z,2024-11-19T17:00:00Z,143.73
Sweden,SWE,2024-11-19T17:00:00Z,2024-11-19T18:00:00Z,131.69
Sweden,SWE,2024-11-19T18:00:00Z,2024-11-19T19:00:00Z,123.38
Sweden,SWE,2024-11-19T19:00:00Z,2024-11-19T20:00:00Z,108.3
Sweden,SWE,2024-11-19T20:00:00Z,2024-11-19T21:00:00Z,91.85
Sweden,SWE,2024-11-19T21:00:00Z,2024-11-19T22:00:00Z,72.65
Sweden,SWE,2024-11-19T22:00:00Z,2024-11-19T23:00:00Z,46.87
Sweden,SWE,2024-11-19T23:00:00Z,2024-11-20T00:00:00Z,53.19
Sweden,SWE,2024-11-20T00:00:00Z,2024-11-20T01:00:00Z,46.11
Sweden,SWE,2024-11-20T01:00:00Z,2024-11-20T02:00:00Z,41.87
Sweden,SWE,2024-11-20T02:00:00Z,2024-11-20T03:00:00Z,38.11
Sweden,SWE,2024-11-20T03:00:00Z,2024-11-20T04:00:00Z,38.06
Sweden,SWE,2024-11-20T04:00:00Z,2024-11-20T05:00:00Z,41.57
Sweden,SWE,2024-11-20T05:00:00Z,2024-11-20T06:00:00Z,65.35
Sweden,SWE,2024-11-20T06:00:00Z,2024-11-20T07:00:00Z,95.71
Sweden,SWE,2024-11-20T07:00:00Z,2024-11-20T08:00:00Z,108.29
Sweden,SWE,2024-11-20T08:00:00Z,2024-11-20T09:00:00Z,100.65
Sweden,SWE,2024-11-20T09:00:00Z,2024-11-20T10:00:00Z,82.22
Sweden,SWE,2024-11-20T10:00:00Z,2024-11-20T11:00:00Z,77.77
Sweden,SWE,2024-11-20T11:00:00Z,2024-11-20T12:00:00Z,69.92
Sweden,SWE,2024-11-20T12:00:00Z,2024-11-20T13:00:00Z,69.45
Sweden,SWE,2024-11-20T13:00:00Z,2024-11-20T14:00:00Z,77.21
Sweden,SWE,2024-11-20T14:00:00Z,2024-11-20T15:00:00Z,93.01
Sweden,SWE,2024-11-20T15:00:00Z,2024-11-20T16:00:00Z,96.22
Sweden,SWE,2024-11-20T16:00:00Z,2024-11-20T17:00:00Z,97.63
Sweden,SWE,2024-11-20T17:00:00Z,2024-11-20T18:00:00Z,98.96
Sweden,SWE,2024-11-20T18:00:00Z,2024-11-20T19:00:00Z,83.99
Sweden,SWE,2024-11-20T19:00:00Z,2024-11-20T20:00:00Z,61.63
Sweden,SWE,2024-11-20T20:00:00Z,2024-11-20T21:00:00Z,43.92
Sweden,SWE,2024-11-20T21:00:00Z,2024-11-20T22:00:00Z,38.15
Sweden,SWE,2024-11-20T22:00:00Z,2024-11-20T23:00:00Z,28.25
Sweden,SWE,2024-11-20T23:00:00Z,2024-11-21T00:00:00Z,27.6
Sweden,SWE,2024-11-21T00:00:00Z,2024-11-21T01:00:00Z,24.25
Sweden,SWE,2024-11-21T01:00:00Z,2024-11-21T02:00:00Z,24.19
Sweden,SWE,2024-11-21T02:00:00Z,2024-11-21T03:00:00Z,26.16
Sweden,SWE,2024-11-21T03:00:00Z,2024-11-21T04:00:00Z,27.86
Sweden,SWE,2024-11-21T04:00:00Z,2024-11-21T05:00:00Z,30.28
Sweden,SWE,2024-11-21T05:00:00Z,2024-11-21T06:00:00Z,81.67
Sweden,SWE,2024-11-21T06:00:00Z,2024-11-21T07:00:00Z,96.18
Sweden,SWE,2024-11-21T07:00:00Z,2024-11-21T08:00:00Z,107.28
Sweden,SWE,2024-11-21T08:00:00Z,2024-11-21T09:00:00Z,107.57
Sweden,SWE,2024-11-21T09:00:00Z,2024-11-21T10:00:00Z,99.79
Sweden,SWE,2024-11-21T10:00:00Z,2024-11-21T11:00:00Z,89.12
Sweden,SWE,2024-11-21T11:00:00Z,2024-11-21T12:00:00Z,85.64
Sweden,SWE,2024-11-21T12:00:00Z,2024-11-21T13:00:00Z,92.29
Sweden,SWE,2024-11-21T13:00:00Z,2024-11-21T14:00:00Z,102.97
Sweden,SWE,2024-11-21T14:00:00Z,2024-11-21T15:00:00Z,110.43
Sweden,SWE,2024-11-21T15:00:00Z,2024-11-21T16:00:00Z,127.66
Sweden,SWE,2024-11-21T16:00:00Z,2024-11-21T17:00:00Z,131.87
Sweden,SWE,2024-11-21T17:00:00Z,2024-11-21T18:00:00Z,118.51
Sweden,SWE,2024-11-21T18:00:00Z,2024-11-21T19:00:00Z,111.48
Sweden,SWE,2024-11-21T19:00:00Z,2024-11-21T20:00:00Z,94.1
Sweden,SWE,2024-11-21T20:00:00Z,2024-11-21T21:00:00Z,87.4
Sweden,SWE,2024-11-21T21:00:00Z,2024-11-21T22:00:00Z,86.05
Sweden,SWE,2024-11-21T22:00:00Z,2024-11-21T23:00:00Z,68.26
Sweden,SWE,2024-11-21T23:00:00Z,2024-11-22T00:00:00Z,77.47
Sweden,SWE,2024-11-22T00:00:00Z,2024-11-22T01:00:00Z,71.33
Sweden,SWE,2024-11-22T01:00:00Z,2024-11-22T02:00:00Z,65.41
Sweden,SWE,2024-11-22T02:00:00Z,2024-11-22T03:00:00Z,69.62
Sweden,SWE,2024-11-22T03:00:00Z,2024-11-22T04:00:00Z,71.72
Sweden,SWE,2024-11-22T04:00:00Z,2024-11-22T05:00:00Z,75.39
Sweden,SWE,2024-11-22T05:00:00Z,2024-11-22T06:00:00Z,98.53
Sweden,SWE,2024-11-22T06:00:00Z,2024-11-22T07:00:00Z,117.22
Sweden,SWE,2024-11-22T07:00:00Z,2024-11-22T08:00:00Z,144.38
Sweden,SWE,2024-11-22T08:00:00Z,2024-11-22T09:00:00Z,130.81
Sweden,SWE,2024-11-22T09:00:00Z,2024-11-22T10:00:00Z,119.77
Sweden,SWE,2024-11-22T10:00:00Z,2024-11-22T11:00:00Z,116.5
Sweden,SWE,2024-11-22T11:00:00Z,2024-11-22T12:00:00Z,99.27
Sweden,SWE,2024-11-22T12:00:00Z,2024-11-22T13:00:00Z,84.55
Sweden,SWE,2024-11-22T13:00:00Z,2024-11-22T14:00:00Z,91.89
Sweden,SWE,2024-11-22T14:00:00Z,2024-11-22T15:00:00Z,102.87
Sweden,SWE,2024-11-22T15:00:00Z,2024-11-22T16:00:00Z,111.02
Sweden,SWE,2024-11-22T16:00:00Z,2024-11-22T17:00:00Z,123.62
Sweden,SWE,2024-11-22T17:00:00Z,2024-11-22T18:00:00Z,116.85
Sweden,SWE,2024-11-22T18:00:00Z,2024-11-22T19:00:00Z,110.44
Sweden,SWE,2024-11-22T19:00:00Z,2024-11-22T20:00:00Z,88.92
Sweden,SWE,2024-11-22T20:00:00Z,2024-11-22T21:00:00Z,86.55
Sweden,SWE,2024-11-22T21:00:00Z,2024-11-22T22:00:00Z,74.29
Sweden,SWE,2024-11-22T22:00:00Z,2024-11-22T23:00:00Z,61.86
Sweden,SWE,2024-11-22T23:00:00Z,2024-11-23T00:00:00Z,52.83
Sweden,SWE,2024-11-23T00:00:00Z,2024-11-23T01:00:00Z,46.35
Sweden,SWE,2024-11-23T01:00:00Z,2024-11-23T02:00:00Z,43.03
Sweden,SWE,2024-11-23T02:00:00Z,2024-11-23T03:00:00Z,39.73
Sweden,SWE,2024-11-23T03:00:00Z,2024-11-23T04:00:00Z,38.86
Sweden,SWE,2024-11-23T04:00:00Z,2024-11-23T05:00:00Z,38.52
Sweden,SWE,2024-11-23T05:00:00Z,2024-11-23T06:00:00Z,38.48
Sweden,SWE,2024-11-23T06:00:00Z,2024-11-23T07:00:00Z,45.38
Sweden,SWE,2024-11-23T07:00:00Z,2024-11-23T08:00:00Z,49.7
Sweden,SWE,2024-11-23T08:00:00Z,2024-11-23T09:00:00Z,58.41
Sweden,SWE,2024-11-23T09:00:00Z,2024-11-23T10:00:00Z,56.09
Sweden,SWE,2024-11-23T10:00:00Z,2024-11-23T11:00:00Z,54.66
Sweden,SWE,2024-11-23T11:00:00Z,2024-11-23T12:00:00Z,51.82
Sweden,SWE,2024-11-23T12:00:00Z,2024-11-23T13:00:00Z,51.2
Sweden,SWE,2024-11-23T13:00:00Z,2024-11-23T14:00:00Z,53
Sweden,SWE,2024-11-23T14:00:00Z,2024-11-23T15:00:00Z,66.25
Sweden,SWE,2024-11-23T15:00:00Z,2024-11-23T16:00:00Z,63.6
Sweden,SWE,2024-11-23T16:00:00Z,2024-11-23T17:00:00Z,70.35
Sweden,SWE,2024-11-23T17:00:00Z,2024-11-23T18:00:00Z,62.61
Sweden,SWE,2024-11-23T18:00:00Z,2024-11-23T19:00:00Z,51.99
Sweden,SWE,2024-11-23T19:00:00Z,2024-11-23T20:00:00Z,41.23
Sweden,SWE,2024-11-23T20:00:00Z,2024-11-23T21:00:00Z,32.37
Sweden,SWE,2024-11-23T21:00:00Z,2024-11-23T22:00:00Z,21.39
Sweden,SWE,2024-11-23T22:00:00Z,2024-11-23T23:00:00Z,12.89
Sweden,SWE,2024-11-23T23:00:00Z,2024-11-24T00:00:00Z,3.35
Sweden,SWE,2024-11-24T00:00:00Z,2024-11-24T01:00:00Z,2.65
Sweden,SWE,2024-11-24T01:00:00Z,2024-11-24T02:00:00Z,2.3
Sweden,SWE,2024-11-24T02:00:00Z,2024-11-24T03:00:00Z,2.61
Sweden,SWE,2024-11-24T03:00:00Z,2024-11-24T04:00:00Z,2.33
Sweden,SWE,2024-11-24T04:00:00Z,2024-11-24T05:00:00Z,2.49
Sweden,SWE,2024-11-24T05:00:00Z,2024-11-24T06:00:00Z,3.12
Sweden,SWE,2024-11-24T06:00:00Z,2024-11-24T07:00:00Z,3.54
Sweden,SWE,2024-11-24T07:00:00Z,2024-11-24T08:00:00Z,3.69
Sweden,SWE,2024-11-24T08:00:00Z,2024-11-24T09:00:00Z,4.46
Sweden,SWE,2024-11-24T09:00:00Z,2024-11-24T10:00:00Z,3.94
Sweden,SWE,2024-11-24T10:00:00Z,2024-11-24T11:00:00Z,4.03
Sweden,SWE,2024-11-24T11:00:00Z,2024-11-24T12:00:00Z,3.83
Sweden,SWE,2024-11-24T12:00:00Z,2024-11-24T13:00:00Z,3.59
Sweden,SWE,2024-11-24T13:00:00Z,2024-11-24T14:00:00Z,3.81
Sweden,SWE,2024-11-24T14:00:00Z,2024-11-24T15:00:00Z,6.48
Sweden,SWE,2024-11-24T15:00:00Z,2024-11-24T16:00:00Z,10.75
Sweden,SWE,2024-11-24T16:00:00Z,2024-11-24T17:00:00Z,10.2
Sweden,SWE,2024-11-24T17:00:00Z,2024-11-24T18:00:00Z,10.59
Sweden,SWE,2024-11-24T18:00:00Z,2024-11-24T19:00:00Z,8.09
Sweden,SWE,2024-11-24T19:00:00Z,2024-11-24T20:00:00Z,5.01
Sweden,SWE,2024-11-24T20:00:00Z,2024-11-24T21:00:00Z,3.37
Sweden,SWE,2024-11-24T21:00:00Z,2024-11-24T22:00:00Z,2.46
Sweden,SWE,2024-11-24T22:00:00Z,2024-11-24T23:00:00Z,0.41
Sweden,SWE,2024-11-24T23:00:00Z,2024-11-25T00:00:00Z,-0.73
Sweden,SWE,2024-11-25T00:00:00Z,2024-11-25T01:00:00Z,-1.19
Sweden,SWE,2024-11-25T01:00:00Z,2024-11-25T02:00:00Z,-1.08
Sweden,SWE,2024-11-25T02:00:00Z,2024-11-25T03:00:00Z,-1.47
Sweden,SWE,2024-11-25T03:00:00Z,2024-11-25T04:00:00Z,-0.96
Sweden,SWE,2024-11-25T04:00:00Z,2024-11-25T05:00:00Z,0.2
Sweden,SWE,2024-11-25T05:00:00Z,2024-11-25T06:00:00Z,0.75
Sweden,SWE,2024-11-25T06:00:00Z,2024-11-25T07:00:00Z,15.39
Sweden,SWE,2024-11-25T07:00:00Z,2024-11-25T08:00:00Z,20.59
Sweden,SWE,2024-11-25T08:00:00Z,2024-11-25T09:00:00Z,20.07
Sweden,SWE,2024-11-25T09:00:00Z,2024-11-25T10:00:00Z,19.24
Sweden,SWE,2024-11-25T10:00:00Z,2024-11-25T11:00:00Z,18.71
Sweden,SWE,2024-11-25T11:00:00Z,2024-11-25T12:00:00Z,18.65
Sweden,SWE,2024-11-25T12:00:00Z,2024-11-25T13:00:00Z,19.43
Sweden,SWE,2024-11-25T13:00:00Z,2024-11-25T14:00:00Z,19.53
Sweden,SWE,2024-11-25T14:00:00Z,2024-11-25T15:00:00Z,19.3
Sweden,SWE,2024-11-25T15:00:00Z,2024-11-25T16:00:00Z,19.45
Sweden,SWE,2024-11-25T16:00:00Z,2024-11-25T17:00:00Z,19.64
Sweden,SWE,2024-11-25T17:00:00Z,2024-11-25T18:00:00Z,19.5
Sweden,SWE,2024-11-25T18:00:00Z,2024-11-25T19:00:00Z,19.26
Sweden,SWE,2024-11-25T19:00:00Z,2024-11-25T20:00:00Z,18.06
Sweden,SWE,2024-11-25T20:00:00Z,2024-11-25T21:00:00Z,5.38
Sweden,SWE,2024-11-25T21:00:00Z,2024-11-25T22:00:00Z,3.11
Sweden,SWE,2024-11-25T22:00:00Z,2024-11-25T23:00:00Z,1.71
Sweden,SWE,2024-11-25T23:00:00Z,2024-11-26T00:00:00Z,0.08
Sweden,SWE,2024-11-26T00:00:00Z,2024-11-26T01:00:00Z,-0.68
Sweden,SWE,2024-11-26T01:00:00Z,2024-11-26T02:00:00Z,-0
Sweden,SWE,2024-11-26T02:00:00Z,2024-11-26T03:00:00Z,-0.69
Sweden,SWE,2024-11-26T03:00:00Z,2024-11-26T04:00:00Z,-0.7
Sweden,SWE,2024-11-26T04:00:00Z,2024-11-26T05:00:00Z,1.07
Sweden,SWE,2024-11-26T05:00:00Z,2024-11-26T06:00:00Z,17.72
Sweden,SWE,2024-11-26T06:00:00Z,2024-11-26T07:00:00Z,19.38
Sweden,SWE,2024-11-26T07:00:00Z,2024-11-26T08:00:00Z,21.24
Sweden,SWE,2024-11-26T08:00:00Z,2024-11-26T09:00:00Z,21.08
Sweden,SWE,2024-11-26T09:00:00Z,2024-11-26T10:00:00Z,22.58
Sweden,SWE,2024-11-26T10:00:00Z,2024-11-26T11:00:00Z,24.7
Sweden,SWE,2024-11-26T11:00:00Z,2024-11-26T12:00:00Z,24.13
Sweden,SWE,2024-11-26T12:00:00Z,2024-11-26T13:00:00Z,25.26
Sweden,SWE,2024-11-26T13:00:00Z,2024-11-26T14:00:00Z,27.19
Sweden,SWE,2024-11-26T14:00:00Z,2024-11-26T15:00:00Z,31.92
Sweden,SWE,2024-11-26T15:00:00Z,2024-11-26T16:00:00Z,37.18
Sweden,SWE,2024-11-26T16:00:00Z,2024-11-26T17:00:00Z,42.9
Sweden,SWE,2024-11-26T17:00:00Z,2024-11-26T18:00:00Z,44.62
Sweden,SWE,2024-11-26T18:00:00Z,2024-11-26T19:00:00Z,40.93
Sweden,SWE,2024-11-26T19:00:00Z,2024-11-26T20:00:00Z,38.05
Sweden,SWE,2024-11-26T20:00:00Z,2024-11-26T21:00:00Z,40.84
Sweden,SWE,2024-11-26T21:00:00Z,2024-11-26T22:00:00Z,35.69
Sweden,SWE,2024-11-26T22:00:00Z,2024-11-26T23:00:00Z,32.65
Sweden,SWE,2024-11-26T23:00:00Z,2024-11-27T00:00:00Z,37.44
Sweden,SWE,2024-11-27T00:00:00Z,2024-11-27T01:00:00Z,35.84
Sweden,SWE,2024-11-27T01:00:00Z,2024-11-27T02:00:00Z,36.55
Sweden,SWE,2024-11-27T02:00:00Z,2024-11-27T03:00:00Z,38.3
Sweden,SWE,2024-11-27T03:00:00Z,2024-11-27T04:00:00Z,41.74
Sweden,SWE,2024-11-27T04:00:00Z,2024-11-27T05:00:00Z,47.23
Sweden,SWE,2024-11-27T05:00:00Z,2024-11-27T06:00:00Z,59.75
Sweden,SWE,2024-11-27T06:00:00Z,2024-11-27T07:00:00Z,120.26
Sweden,SWE,2024-11-27T07:00:00Z,2024-11-27T08:00:00Z,137.67
Sweden,SWE,2024-11-27T08:00:00Z,2024-11-27T09:00:00Z,129.36
Sweden,SWE,2024-11-27T09:00:00Z,2024-11-27T10:00:00Z,121.93
Sweden,SWE,2024-11-27T10:00:00Z,2024-11-27T11:00:00Z,122
Sweden,SWE,2024-11-27T11:00:00Z,2024-11-27T12:00:00Z,120.36
Sweden,SWE,2024-11-27T12:00:00Z,2024-11-27T13:00:00Z,115.39
Sweden,SWE,2024-11-27T13:00:00Z,2024-11-27T14:00:00Z,109.47
Sweden,SWE,2024-11-27T14:00:00Z,2024-11-27T15:00:00Z,112.25
Sweden,SWE,2024-11-27T15:00:00Z,2024-11-27T16:00:00Z,105.7
Sweden,SWE,2024-11-27T16:00:00Z,2024-11-27T17:00:00Z,115.02
Sweden,SWE,2024-11-27T17:00:00Z,2024-11-27T18:00:00Z,116.38
Sweden,SWE,2024-11-27T18:00:00Z,2024-11-27T19:00:00Z,104.89
Sweden,SWE,2024-11-27T19:00:00Z,2024-11-27T20:00:00Z,80.28
Sweden,SWE,2024-11-27T20:00:00Z,2024-11-27T21:00:00Z,73.78
Sweden,SWE,2024-11-27T21:00:00Z,2024-11-27T22:00:00Z,68.19
Sweden,SWE,2024-11-27T22:00:00Z,2024-11-27T23:00:00Z,50.1
Sweden,SWE,2024-11-27T23:00:00Z,2024-11-28T00:00:00Z,50.34
Sweden,SWE,2024-11-28T00:00:00Z,2024-11-28T01:00:00Z,43.05
Sweden,SWE,2024-11-28T01:00:00Z,2024-11-28T02:00:00Z,34.15
Sweden,SWE,2024-11-28T02:00:00Z,2024-11-28T03:00:00Z,33.18
Sweden,SWE,2024-11-28T03:00:00Z,2024-11-28T04:00:00Z,38.32
Sweden,SWE,2024-11-28T04:00:00Z,2024-11-28T05:00:00Z,48.91
Sweden,SWE,2024-11-28T05:00:00Z,2024-11-28T06:00:00Z,64.52
Sweden,SWE,2024-11-28T06:00:00Z,2024-11-28T07:00:00Z,89.23
Sweden,SWE,2024-11-28T07:00:00Z,2024-11-28T08:00:00Z,107.01
Sweden,SWE,2024-11-28T08:00:00Z,2024-11-28T09:00:00Z,102.92
Sweden,SWE,2024-11-28T09:00:00Z,2024-11-28T10:00:00Z,91.48
Sweden,SWE,2024-11-28T10:00:00Z,2024-11-28T11:00:00Z,97.87
Sweden,SWE,2024-11-28T11:00:00Z,2024-11-28T12:00:00Z,94.64
Sweden,SWE,2024-11-28T12:00:00Z,2024-11-28T13:00:00Z,95.04
Sweden,SWE,2024-11-28T13:00:00Z,2024-11-28T14:00:00Z,87.11
Sweden,SWE,2024-11-28T14:00:00Z,2024-11-28T15:00:00Z,102.42
Sweden,SWE,2024-11-28T15:00:00Z,2024-11-28T16:00:00Z,116.59
Sweden,SWE,2024-11-28T16:00:00Z,2024-11-28T17:00:00Z,132.23
Sweden,SWE,2024-11-28T17:00:00Z,2024-11-28T18:00:00Z,137.68
Sweden,SWE,2024-11-28T18:00:00Z,2024-11-28T19:00:00Z,131.98
Sweden,SWE,2024-11-28T19:00:00Z,2024-11-28T20:00:00Z,119.25
Sweden,SWE,2024-11-28T20:00:00Z,2024-11-28T21:00:00Z,107.18
Sweden,SWE,2024-11-28T21:00:00Z,2024-11-28T22:00:00Z,92.07
Sweden,SWE,2024-11-28T22:00:00Z,2024-11-28T23:00:00Z,54.09
Sweden,SWE,2024-11-28T23:00:00Z,2024-11-29T00:00:00Z,81.82
Sweden,SWE,2024-11-29T00:00:00Z,2024-11-29T01:00:00Z,65.9
Sweden,SWE,2024-11-29T01:00:00Z,2024-11-29T02:00:00Z,65.86
Sweden,SWE,2024-11-29T02:00:00Z,2024-11-29T03:00:00Z,65.82
Sweden,SWE,2024-11-29T03:00:00Z,2024-11-29T04:00:00Z,53.85
Sweden,SWE,2024-11-29T04:00:00Z,2024-11-29T05:00:00Z,75.15
Sweden,SWE,2024-11-29T05:00:00Z,2024-11-29T06:00:00Z,109.47
Sweden,SWE,2024-11-29T06:00:00Z,2024-11-29T07:00:00Z,136.64
Sweden,SWE,2024-11-29T07:00:00Z,2024-11-29T08:00:00Z,140.47
Sweden,SWE,2024-11-29T08:00:00Z,2024-11-29T09:00:00Z,124.13
Sweden,SWE,2024-11-29T09:00:00Z,2024-11-29T10:00:00Z,108.78
Sweden,SWE,2024-11-29T10:00:00Z,2024-11-29T11:00:00Z,102.37
Sweden,SWE,2024-11-29T11:00:00Z,2024-11-29T12:00:00Z,98.18
Sweden,SWE,2024-11-29T12:00:00Z,2024-11-29T13:00:00Z,88.75
Sweden,SWE,2024-11-29T13:00:00Z,2024-11-29T14:00:00Z,92.16
Sweden,SWE,2024-11-29T14:00:00Z,2024-11-29T15:00:00Z,99.08
Sweden,SWE,2024-11-29T15:00:00Z,2024-11-29T16:00:00Z,106.61
Sweden,SWE,2024-11-29T16:00:00Z,2024-11-29T17:00:00Z,97.56
Sweden,SWE,2024-11-29T17:00:00Z,2024-11-29T18:00:00Z,64.72
Sweden,SWE,2024-11-29T18:00:00Z,2024-11-29T19:00:00Z,43.96
Sweden,SWE,2024-11-29T19:00:00Z,2024-11-29T20:00:00Z,41.95
Sweden,SWE,2024-11-29T20:00:00Z,2024-11-29T21:00:00Z,42.66
Sweden,SWE,2024-11-29T21:00:00Z,2024-11-29T22:00:00Z,37.01
Sweden,SWE,2024-11-29T22:00:00Z,2024-11-29T23:00:00Z,34.8
Sweden,SWE,2024-11-29T23:00:00Z,2024-11-30T00:00:00Z,31.7
Sweden,SWE,2024-11-30T00:00:00Z,2024-11-30T01:00:00Z,31.52
Sweden,SWE,2024-11-30T01:00:00Z,2024-11-30T02:00:00Z,31.37
Sweden,SWE,2024-11-30T02:00:00Z,2024-11-30T03:00:00Z,29.65
Sweden,SWE,2024-11-30T03:00:00Z,2024-11-30T04:00:00Z,28.38
Sweden,SWE,2024-11-30T04:00:00Z,2024-11-30T05:00:00Z,25.22
Sweden,SWE,2024-11-30T05:00:00Z,2024-11-30T06:00:00Z,22.92
Sweden,SWE,2024-11-30T06:00:00Z,2024-11-30T07:00:00Z,23.98
Sweden,SWE,2024-11-30T07:00:00Z,2024-11-30T08:00:00Z,25.35
Sweden,SWE,2024-11-30T08:00:00Z,2024-11-30T09:00:00Z,25.65
Sweden,SWE,2024-11-30T09:00:00Z,2024-11-30T10:00:00Z,24.67
Sweden,SWE,2024-11-30T10:00:00Z,2024-11-30T11:00:00Z,24.17
Sweden,SWE,2024-11-30T11:00:00Z,2024-11-30T12:00:00Z,23.55
Sweden,SWE,2024-11-30T12:00:00Z,2024-11-30T13:00:00Z,23.45
Sweden,SWE,2024-11-30T13:00:00Z,2024-11-30T14:00:00Z,24.41
Sweden,SWE,2024-11-30T14:00:00Z,2024-11-30T15:00:00Z,24.79
Sweden,SWE,2024-11-30T15:00:00Z,2024-11-30T16:00:00Z,26.37
Sweden,SWE,2024-11-30T16:00:00Z,2024-11-30T17:00:00Z,32.63
Sweden,SWE,2024-11-30T17:00:00Z,2024-11-30T18:00:00Z,24.83
Sweden,SWE,2024-11-30T18:00:00Z,2024-11-30T19:00:00Z,22.86
Sweden,SWE,2024-11-30T19:00:00Z,2024-11-30T20:00:00Z,21.87
Sweden,SWE,2024-11-30T20:00:00Z,2024-11-30T21:00:00Z,20.53
Sweden,SWE,2024-11-30T21:00:00Z,2024-11-30T22:00:00Z,19.87
Sweden,SWE,2024-11-30T22:00:00Z,2024-11-30T23:00:00Z,19.24
Sweden,SWE,2024-11-30T23:00:00Z,2024-12-01T00:00:00Z,17.78
Sweden,SWE,2024-12-01T00:00:00Z,2024-12-01T01:00:00Z,17.57
Sweden,SWE,2024-12-01T01:00:00Z,2024-12-01T02:00:00Z,17.81
Sweden,SWE,2024-12-01T02:00:00Z,2024-12-01T03:00:00Z,17.78
Sweden,SWE,2024-12-01T03:00:00Z,2024-12-01T04:00:00Z,17.99
Sweden,SWE,2024-12-01T04:00:00Z,2024-12-01T05:00:00Z,18.29
Sweden,SWE,2024-12-01T05:00:00Z,2024-12-01T06:00:00Z,18.01
Sweden,SWE,2024-12-01T06:00:00Z,2024-12-01T07:00:00Z,18.59
Sweden,SWE,2024-12-01T07:00:00Z,2024-12-01T08:00:00Z,18.31
Sweden,SWE,2024-12-01T08:00:00Z,2024-12-01T09:00:00Z,18.49
Sweden,SWE,2024-12-01T09:00:00Z,2024-12-01T10:00:00Z,18.46
Sweden,SWE,2024-12-01T10:00:00Z,2024-12-01T11:00:00Z,18.08
Sweden,SWE,2024-12-01T11:00:00Z,2024-12-01T12:00:00Z,17.57
Sweden,SWE,2024-12-01T12:00:00Z,2024-12-01T13:00:00Z,17.22
Sweden,SWE,2024-12-01T13:00:00Z,2024-12-01T14:00:00Z,16.93
Sweden,SWE,2024-12-01T14:00:00Z,2024-12-01T15:00:00Z,16.77
Sweden,SWE,2024-12-01T15:00:00Z,2024-12-01T16:00:00Z,23.99
Sweden,SWE,2024-12-01T16:00:00Z,2024-12-01T17:00:00Z,23.69
Sweden,SWE,2024-12-01T17:00:00Z,2024-12-01T18:00:00Z,15.92
Sweden,SWE,2024-12-01T18:00:00Z,2024-12-01T19:00:00Z,15.41
Sweden,SWE,2024-12-01T19:00:00Z,2024-12-01T20:00:00Z,15.23
Sweden,SWE,2024-12-01T20:00:00Z,2024-12-01T21:00:00Z,14.69
Sweden,SWE,2024-12-01T21:00:00Z,2024-12-01T22:00:00Z,14.39
Sweden,SWE,2024-12-01T22:00:00Z,2024-12-01T23:00:00Z,13.07
Sweden,SWE,2024-12-01T23:00:00Z,2024-12-02T00:00:00Z,-0.13
Sweden,SWE,2024-12-02T00:00:00Z,2024-12-02T01:00:00Z,-0.2
Sweden,SWE,2024-12-02T01:00:00Z,2024-12-02T02:00:00Z,-0.48
Sweden,SWE,2024-12-02T02:00:00Z,2024-12-02T03:00:00Z,-0.68
Sweden,SWE,2024-12-02T03:00:00Z,2024-12-02T04:00:00Z,-0.16
Sweden,SWE,2024-12-02T04:00:00Z,2024-12-02T05:00:00Z,0.03
Sweden,SWE,2024-12-02T05:00:00Z,2024-12-02T06:00:00Z,21.28
Sweden,SWE,2024-12-02T06:00:00Z,2024-12-02T07:00:00Z,23.82
Sweden,SWE,2024-12-02T07:00:00Z,2024-12-02T08:00:00Z,25.06
Sweden,SWE,2024-12-02T08:00:00Z,2024-12-02T09:00:00Z,25.1
Sweden,SWE,2024-12-02T09:00:00Z,2024-12-02T10:00:00Z,27.01
Sweden,SWE,2024-12-02T10:00:00Z,2024-12-02T11:00:00Z,26.77
Sweden,SWE,2024-12-02T11:00:00Z,2024-12-02T12:00:00Z,27.32
Sweden,SWE,2024-12-02T12:00:00Z,2024-12-02T13:00:00Z,27.17
Sweden,SWE,2024-12-02T13:00:00Z,2024-12-02T14:00:00Z,26.34
Sweden,SWE,2024-12-02T14:00:00Z,2024-12-02T15:00:00Z,26.75
Sweden,SWE,2024-12-02T15:00:00Z,2024-12-02T16:00:00Z,26.74
Sweden,SWE,2024-12-02T16:00:00Z,2024-12-02T17:00:00Z,31.28
Sweden,SWE,2024-12-02T17:00:00Z,2024-12-02T18:00:00Z,32.66
Sweden,SWE,2024-12-02T18:00:00Z,2024-12-02T19:00:00Z,33.07
Sweden,SWE,2024-12-02T19:00:00Z,2024-12-02T20:00:00Z,32
Sweden,SWE,2024-12-02T20:00:00Z,2024-12-02T21:00:00Z,32.51
Sweden,SWE,2024-12-02T21:00:00Z,2024-12-02T22:00:00Z,29.09
Sweden,SWE,2024-12-02T22:00:00Z,2024-12-02T23:00:00Z,22.73
Sweden,SWE,2024-12-02T23:00:00Z,2024-12-03T00:00:00Z,21.16
Sweden,SWE,2024-12-03T00:00:00Z,2024-12-03T01:00:00Z,21.12
Sweden,SWE,2024-12-03T01:00:00Z,2024-12-03T02:00:00Z,8.87
Sweden,SWE,2024-12-03T02:00:00Z,2024-12-03T03:00:00Z,8.22
Sweden,SWE,2024-12-03T03:00:00Z,2024-12-03T04:00:00Z,16.81
Sweden,SWE,2024-12-03T04:00:00Z,2024-12-03T05:00:00Z,39.98
Sweden,SWE,2024-12-03T05:00:00Z,2024-12-03T06:00:00Z,48.84
Sweden,SWE,2024-12-03T06:00:00Z,2024-12-03T07:00:00Z,112.37
Sweden,SWE,2024-12-03T07:00:00Z,2024-12-03T08:00:00Z,125.59
Sweden,SWE,2024-12-03T08:00:00Z,2024-12-03T09:00:00Z,118.13
Sweden,SWE,2024-12-03T09:00:00Z,2024-12-03T10:00:00Z,101.81
Sweden,SWE,2024-12-03T10:00:00Z,2024-12-03T11:00:00Z,83.3
Sweden,SWE,2024-12-03T11:00:00Z,2024-12-03T12:00:00Z,74.56
Sweden,SWE,2024-12-03T12:00:00Z,2024-12-03T13:00:00Z,80.21
Sweden,SWE,2024-12-03T13:00:00Z,2024-12-03T14:00:00Z,73.85
Sweden,SWE,2024-12-03T14:00:00Z,2024-12-03T15:00:00Z,69.47
Sweden,SWE,2024-12-03T15:00:00Z,2024-12-03T16:00:00Z,78.39
Sweden,SWE,2024-12-03T16:00:00Z,2024-12-03T17:00:00Z,147.28
Sweden,SWE,2024-12-03T17:00:00Z,2024-12-03T18:00:00Z,140.26
Sweden,SWE,2024-12-03T18:00:00Z,2024-12-03T19:00:00Z,133
Sweden,SWE,2024-12-03T19:00:00Z,2024-12-03T20:00:00Z,116.74
Sweden,SWE,2024-12-03T20:00:00Z,2024-12-03T21:00:00Z,100.88
Sweden,SWE,2024-12-03T21:00:00Z,2024-12-03T22:00:00Z,73.48
Sweden,SWE,2024-12-03T22:00:00Z,2024-12-03T23:00:00Z,43.86
Sweden,SWE,2024-12-03T23:00:00Z,2024-12-04T00:00:00Z,37.22
Sweden,SWE,2024-12-04T00:00:00Z,2024-12-04T01:00:00Z,39.71
Sweden,SWE,2024-12-04T01:00:00Z,2024-12-04T02:00:00Z,42.54
Sweden,SWE,2024-12-04T02:00:00Z,2024-12-04T03:00:00Z,47.88
Sweden,SWE,2024-12-04T03:00:00Z,2024-12-04T04:00:00Z,57.41
Sweden,SWE,2024-12-04T04:00:00Z,2024-12-04T05:00:00Z,70.05
Sweden,SWE,2024-12-04T05:00:00Z,2024-12-04T06:00:00Z,138.21
Sweden,SWE,2024-12-04T06:00:00Z,2024-12-04T07:00:00Z,209.23
Sweden,SWE,2024-12-04T07:00:00Z,2024-12-04T08:00:00Z,270.08
Sweden,SWE,2024-12-04T08:00:00Z,2024-12-04T09:00:00Z,223.6
Sweden,SWE,2024-12-04T09:00:00Z,2024-12-04T10:00:00Z,184.45
Sweden,SWE,2024-12-04T10:00:00Z,2024-12-04T11:00:00Z,171.46
Sweden,SWE,2024-12-04T11:00:00Z,2024-12-04T12:00:00Z,158.55
Sweden,SWE,2024-12-04T12:00:00Z,2024-12-04T13:00:00Z,159.24
Sweden,SWE,2024-12-04T13:00:00Z,2024-12-04T14:00:00Z,168.3
Sweden,SWE,2024-12-04T14:00:00Z,2024-12-04T15:00:00Z,182.89
Sweden,SWE,2024-12-04T15:00:00Z,2024-12-04T16:00:00Z,184.22
Sweden,SWE,2024-12-04T16:00:00Z,2024-12-04T17:00:00Z,167.91
Sweden,SWE,2024-12-04T17:00:00Z,2024-12-04T18:00:00Z,145.59
Sweden,SWE,2024-12-04T18:00:00Z,2024-12-04T19:00:00Z,97.33
Sweden,SWE,2024-12-04T19:00:00Z,2024-12-04T20:00:00Z,99.41
Sweden,SWE,2024-12-04T20:00:00Z,2024-12-04T21:00:00Z,97.16
Sweden,SWE,2024-12-04T21:00:00Z,2024-12-04T22:00:00Z,70.25
Sweden,SWE,2024-12-04T22:00:00Z,2024-12-04T23:00:00Z,47.02
Sweden,SWE,2024-12-04T23:00:00Z,2024-12-05T00:00:00Z,42.96
Sweden,SWE,2024-12-05T00:00:00Z,2024-12-05T01:00:00Z,36.14
Sweden,SWE,2024-12-05T01:00:00Z,2024-12-05T02:00:00Z,29.84
Sweden,SWE,2024-12-05T02:00:00Z,2024-12-05T03:00:00Z,29.13
Sweden,SWE,2024-12-05T03:00:00Z,2024-12-05T04:00:00Z,30.16
Sweden,SWE,2024-12-05T04:00:00Z,2024-12-05T05:00:00Z,43.74
Sweden,SWE,2024-12-05T05:00:00Z,2024-12-05T06:00:00Z,70.02
Sweden,SWE,2024-12-05T06:00:00Z,2024-12-05T07:00:00Z,101.81
Sweden,SWE,2024-12-05T07:00:00Z,2024-12-05T08:00:00Z,114.5
Sweden,SWE,2024-12-05T08:00:00Z,2024-12-05T09:00:00Z,92.4
Sweden,SWE,2024-12-05T09:00:00Z,2024-12-05T10:00:00Z,84.96
Sweden,SWE,2024-12-05T10:00:00Z,2024-12-05T11:00:00Z,72.69
Sweden,SWE,2024-12-05T11:00:00Z,2024-12-05T12:00:00Z,65.05
Sweden,SWE,2024-12-05T12:00:00Z,2024-12-05T13:00:00Z,60.97
Sweden,SWE,2024-12-05T13:00:00Z,2024-12-05T14:00:00Z,54.17
Sweden,SWE,2024-12-05T14:00:00Z,2024-12-05T15:00:00Z,54.45
Sweden,SWE,2024-12-05T15:00:00Z,2024-12-05T16:00:00Z,53.65
Sweden,SWE,2024-12-05T16:00:00Z,2024-12-05T17:00:00Z,52.68
Sweden,SWE,2024-12-05T17:00:00Z,2024-12-05T18:00:00Z,44.2
Sweden,SWE,2024-12-05T18:00:00Z,2024-12-05T19:00:00Z,32.95
Sweden,SWE,2024-12-05T19:00:00Z,2024-12-05T20:00:00Z,23.08
Sweden,SWE,2024-12-05T20:00:00Z,2024-12-05T21:00:00Z,23.17
Sweden,SWE,2024-12-05T21:00:00Z,2024-12-05T22:00:00Z,28.78
Sweden,SWE,2024-12-05T22:00:00Z,2024-12-05T23:00:00Z,22.1
Sweden,SWE,2024-12-05T23:00:00Z,2024-12-06T00:00:00Z,10.37
Sweden,SWE,2024-12-06T00:00:00Z,2024-12-06T01:00:00Z,5.04
Sweden,SWE,2024-12-06T01:00:00Z,2024-12-06T02:00:00Z,4.24
Sweden,SWE,2024-12-06T02:00:00Z,2024-12-06T03:00:00Z,3.28
Sweden,SWE,2024-12-06T03:00:00Z,2024-12-06T04:00:00Z,3.88
Sweden,SWE,2024-12-06T04:00:00Z,2024-12-06T05:00:00Z,9.94
Sweden,SWE,2024-12-06T05:00:00Z,2024-12-06T06:00:00Z,21.05
Sweden,SWE,2024-12-06T06:00:00Z,2024-12-06T07:00:00Z,30.7
Sweden,SWE,2024-12-06T07:00:00Z,2024-12-06T08:00:00Z,45.48
Sweden,SWE,2024-12-06T08:00:00Z,2024-12-06T09:00:00Z,42.1
Sweden,SWE,2024-12-06T09:00:00Z,2024-12-06T10:00:00Z,43.19
Sweden,SWE,2024-12-06T10:00:00Z,2024-12-06T11:00:00Z,42.37
Sweden,SWE,2024-12-06T11:00:00Z,2024-12-06T12:00:00Z,45.72
Sweden,SWE,2024-12-06T12:00:00Z,2024-12-06T13:00:00Z,42.67
Sweden,SWE,2024-12-06T13:00:00Z,2024-12-06T14:00:00Z,47.38
Sweden,SWE,2024-12-06T14:00:00Z,2024-12-06T15:00:00Z,56.83
Sweden,SWE,2024-12-06T15:00:00Z,2024-12-06T16:00:00Z,66.88
Sweden,SWE,2024-12-06T16:00:00Z,2024-12-06T17:00:00Z,72.37
Sweden,SWE,2024-12-06T17:00:00Z,2024-12-06T18:00:00Z,68.33
Sweden,SWE,2024-12-06T18:00:00Z,2024-12-06T19:00:00Z,46.88
Sweden,SWE,2024-12-06T19:00:00Z,2024-12-06T20:00:00Z,43.81
Sweden,SWE,2024-12-06T20:00:00Z,2024-12-06T21:00:00Z,41.21
Sweden,SWE,2024-12-06T21:00:00Z,2024-12-06T22:00:00Z,42.37
Sweden,SWE,2024-12-06T22:00:00Z,2024-12-06T23:00:00Z,30.25
Sweden,SWE,2024-12-06T23:00:00Z,2024-12-07T00:00:00Z,30.52
Sweden,SWE,2024-12-07T00:00:00Z,2024-12-07T01:00:00Z,28.65
Sweden,SWE,2024-12-07T01:00:00Z,2024-12-07T02:00:00Z,27.09
Sweden,SWE,2024-12-07T02:00:00Z,2024-12-07T03:00:00Z,25.85
Sweden,SWE,2024-12-07T03:00:00Z,2024-12-07T04:00:00Z,25.04
Sweden,SWE,2024-12-07T04:00:00Z,2024-12-07T05:00:00Z,24.64
Sweden,SWE,2024-12-07T05:00:00Z,2024-12-07T06:00:00Z,24.34
Sweden,SWE,2024-12-07T06:00:00Z,2024-12-07T07:00:00Z,26.81
Sweden,SWE,2024-12-07T07:00:00Z,2024-12-07T08:00:00Z,32.29
Sweden,SWE,2024-12-07T08:00:00Z,2024-12-07T09:00:00Z,37.59
Sweden,SWE,2024-12-07T09:00:00Z,2024-12-07T10:00:00Z,43.49
Sweden,SWE,2024-12-07T10:00:00Z,2024-12-07T11:00:00Z,45.67
Sweden,SWE,2024-12-07T11:00:00Z,2024-12-07T12:00:00Z,48.03
Sweden,SWE,2024-12-07T12:00:00Z,2024-12-07T13:00:00Z,48.6
Sweden,SWE,2024-12-07T13:00:00Z,2024-12-07T14:00:00Z,50.57
Sweden,SWE,2024-12-07T14:00:00Z,2024-12-07T15:00:00Z,51.3
Sweden,SWE,2024-12-07T15:00:00Z,2024-12-07T16:00:00Z,52.8
Sweden,SWE,2024-12-07T16:00:00Z,2024-12-07T17:00:00Z,54.23
Sweden,SWE,2024-12-07T17:00:00Z,2024-12-07T18:00:00Z,53.65
Sweden,SWE,2024-12-07T18:00:00Z,2024-12-07T19:00:00Z,53.49
Sweden,SWE,2024-12-07T19:00:00Z,2024-12-07T20:00:00Z,48.99
Sweden,SWE,2024-12-07T20:00:00Z,2024-12-07T21:00:00Z,44
Sweden,SWE,2024-12-07T21:00:00Z,2024-12-07T22:00:00Z,44.38
Sweden,SWE,2024-12-07T22:00:00Z,2024-12-07T23:00:00Z,36.14
Sweden,SWE,2024-12-07T23:00:00Z,2024-12-08T00:00:00Z,34.94
Sweden,SWE,2024-12-08T00:00:00Z,2024-12-08T01:00:00Z,32.47
Sweden,SWE,2024-12-08T01:00:00Z,2024-12-08T02:00:00Z,31.53
Sweden,SWE,2024-12-08T02:00:00Z,2024-12-08T03:00:00Z,31.18
Sweden,SWE,2024-12-08T03:00:00Z,2024-12-08T04:00:00Z,30.48
Sweden,SWE,2024-12-08T04:00:00Z,2024-12-08T05:00:00Z,30.67
Sweden,SWE,2024-12-08T05:00:00Z,2024-12-08T06:00:00Z,32.01
Sweden,SWE,2024-12-08T06:00:00Z,2024-12-08T07:00:00Z,37.28
Sweden,SWE,2024-12-08T07:00:00Z,2024-12-08T08:00:00Z,38.52
Sweden,SWE,2024-12-08T08:00:00Z,2024-12-08T09:00:00Z,45.66
Sweden,SWE,2024-12-08T09:00:00Z,2024-12-08T10:00:00Z,49.95
Sweden,SWE,2024-12-08T10:00:00Z,2024-12-08T11:00:00Z,50.71
Sweden,SWE,2024-12-08T11:00:00Z,2024-12-08T12:00:00Z,53.83
Sweden,SWE,2024-12-08T12:00:00Z,2024-12-08T13:00:00Z,56.2
Sweden,SWE,2024-12-08T13:00:00Z,2024-12-08T14:00:00Z,64.69
Sweden,SWE,2024-12-08T14:00:00Z,2024-12-08T15:00:00Z,66.36
Sweden,SWE,2024-12-08T15:00:00Z,2024-12-08T16:00:00Z,70.57
Sweden,SWE,2024-12-08T16:00:00Z,2024-12-08T17:00:00Z,71.78
Sweden,SWE,2024-12-08T17:00:00Z,2024-12-08T18:00:00Z,67.99
Sweden,SWE,2024-12-08T18:00:00Z,2024-12-08T19:00:00Z,57.87
Sweden,SWE,2024-12-08T19:00:00Z,2024-12-08T20:00:00Z,48.91
Sweden,SWE,2024-12-08T20:00:00Z,2024-12-08T21:00:00Z,44.91
Sweden,SWE,2024-12-08T21:00:00Z,2024-12-08T22:00:00Z,36.24
Sweden,SWE,2024-12-08T22:00:00Z,2024-12-08T23:00:00Z,26.67
Sweden,SWE,2024-12-08T23:00:00Z,2024-12-09T00:00:00Z,16.93
Sweden,SWE,2024-12-09T00:00:00Z,2024-12-09T01:00:00Z,5.4
Sweden,SWE,2024-12-09T01:00:00Z,2024-12-09T02:00:00Z,5.76
Sweden,SWE,2024-12-09T02:00:00Z,2024-12-09T03:00:00Z,7.06
Sweden,SWE,2024-12-09T03:00:00Z,2024-12-09T04:00:00Z,9.82
Sweden,SWE,2024-12-09T04:00:00Z,2024-12-09T05:00:00Z,32.84
Sweden,SWE,2024-12-09T05:00:00Z,2024-12-09T06:00:00Z,44.36
Sweden,SWE,2024-12-09T06:00:00Z,2024-12-09T07:00:00Z,62.39
Sweden,SWE,2024-12-09T07:00:00Z,2024-12-09T08:00:00Z,70.1
Sweden,SWE,2024-12-09T08:00:00Z,2024-12-09T09:00:00Z,57.11
Sweden,SWE,2024-12-09T09:00:00Z,2024-12-09T10:00:00Z,57.47
Sweden,SWE,2024-12-09T10:00:00Z,2024-12-09T11:00:00Z,58.86
Sweden,SWE,2024-12-09T11:00:00Z,2024-12-09T12:00:00Z,61.24
Sweden,SWE,2024-12-09T12:00:00Z,2024-12-09T13:00:00Z,69.14
Sweden,SWE,2024-12-09T13:00:00Z,2024-12-09T14:00:00Z,80.72
Sweden,SWE,2024-12-09T14:00:00Z,2024-12-09T15:00:00Z,96.02
Sweden,SWE,2024-12-09T15:00:00Z,2024-12-09T16:00:00Z,98.46
Sweden,SWE,2024-12-09T16:00:00Z,2024-12-09T17:00:00Z,99.1
Sweden,SWE,2024-12-09T17:00:00Z,2024-12-09T18:00:00Z,96.46
Sweden,SWE,2024-12-09T18:00:00Z,2024-12-09T19:00:00Z,92.28
Sweden,SWE,2024-12-09T19:00:00Z,2024-12-09T20:00:00Z,84.59
Sweden,SWE,2024-12-09T20:00:00Z,2024-12-09T21:00:00Z,73.96
Sweden,SWE,2024-12-09T21:00:00Z,2024-12-09T22:00:00Z,43.23
Sweden,SWE,2024-12-09T22:00:00Z,2024-12-09T23:00:00Z,38.36
Sweden,SWE,2024-12-09T23:00:00Z,2024-12-10T00:00:00Z,36.02
Sweden,SWE,2024-12-10T00:00:00Z,2024-12-10T01:00:00Z,33.77
Sweden,SWE,2024-12-10T01:00:00Z,2024-12-10T02:00:00Z,32.92
Sweden,SWE,2024-12-10T02:00:00Z,2024-12-10T03:00:00Z,33.28
Sweden,SWE,2024-12-10T03:00:00Z,2024-12-10T04:00:00Z,34.27
Sweden,SWE,2024-12-10T04:00:00Z,2024-12-10T05:00:00Z,40.12
Sweden,SWE,2024-12-10T05:00:00Z,2024-12-10T06:00:00Z,55.44
Sweden,SWE,2024-12-10T06:00:00Z,2024-12-10T07:00:00Z,69.65
Sweden,SWE,2024-12-10T07:00:00Z,2024-12-10T08:00:00Z,87.34
Sweden,SWE,2024-12-10T08:00:00Z,2024-12-10T09:00:00Z,93.27
Sweden,SWE,2024-12-10T09:00:00Z,2024-12-10T10:00:00Z,93.43
Sweden,SWE,2024-12-10T10:00:00Z,2024-12-10T11:00:00Z,94.87
Sweden,SWE,2024-12-10T11:00:00Z,2024-12-10T12:00:00Z,90.76
Sweden,SWE,2024-12-10T12:00:00Z,2024-12-10T13:00:00Z,96.29
Sweden,SWE,2024-12-10T13:00:00Z,2024-12-10T14:00:00Z,96.16
Sweden,SWE,2024-12-10T14:00:00Z,2024-12-10T15:00:00Z,101.42
Sweden,SWE,2024-12-10T15:00:00Z,2024-12-10T16:00:00Z,102.66
Sweden,SWE,2024-12-10T16:00:00Z,2024-12-10T17:00:00Z,170.51
Sweden,SWE,2024-12-10T17:00:00Z,2024-12-10T18:00:00Z,155.27
Sweden,SWE,2024-12-10T18:00:00Z,2024-12-10T19:00:00Z,144.4
Sweden,SWE,2024-12-10T19:00:00Z,2024-12-10T20:00:00Z,120.07
Sweden,SWE,2024-12-10T20:00:00Z,2024-12-10T21:00:00Z,61.41
Sweden,SWE,2024-12-10T21:00:00Z,2024-12-10T22:00:00Z,42.09
Sweden,SWE,2024-12-10T22:00:00Z,2024-12-10T23:00:00Z,37.36
Sweden,SWE,2024-12-10T23:00:00Z,2024-12-11T00:00:00Z,36.52
Sweden,SWE,2024-12-11T00:00:00Z,2024-12-11T01:00:00Z,32.94
Sweden,SWE,2024-12-11T01:00:00Z,2024-12-11T02:00:00Z,31.38
Sweden,SWE,2024-12-11T02:00:00Z,2024-12-11T03:00:00Z,31.17
Sweden,SWE,2024-12-11T03:00:00Z,2024-12-11T04:00:00Z,30.9
Sweden,SWE,2024-12-11T04:00:00Z,2024-12-11T05:00:00Z,33.87
Sweden,SWE,2024-12-11T05:00:00Z,2024-12-11T06:00:00Z,82.27
Sweden,SWE,2024-12-11T06:00:00Z,2024-12-11T07:00:00Z,180.77
Sweden,SWE,2024-12-11T07:00:00Z,2024-12-11T08:00:00Z,295.26
Sweden,SWE,2024-12-11T08:00:00Z,2024-12-11T09:00:00Z,308.2
Sweden,SWE,2024-12-11T09:00:00Z,2024-12-11T10:00:00Z,289.23
Sweden,SWE,2024-12-11T10:00:00Z,2024-12-11T11:00:00Z,268.57
Sweden,SWE,2024-12-11T11:00:00Z,2024-12-11T12:00:00Z,260.51
Sweden,SWE,2024-12-11T12:00:00Z,2024-12-11T13:00:00Z,250.09
Sweden,SWE,2024-12-11T13:00:00Z,2024-12-11T14:00:00Z,305.93
Sweden,SWE,2024-12-11T14:00:00Z,2024-12-11T15:00:00Z,313.27
Sweden,SWE,2024-12-11T15:00:00Z,2024-12-11T16:00:00Z,358.11
Sweden,SWE,2024-12-11T16:00:00Z,2024-12-11T17:00:00Z,360.77
Sweden,SWE,2024-12-11T17:00:00Z,2024-12-11T18:00:00Z,146.34
Sweden,SWE,2024-12-11T18:00:00Z,2024-12-11T19:00:00Z,130.82
Sweden,SWE,2024-12-11T19:00:00Z,2024-12-11T20:00:00Z,86.7
Sweden,SWE,2024-12-11T20:00:00Z,2024-12-11T21:00:00Z,71.86
Sweden,SWE,2024-12-11T21:00:00Z,2024-12-11T22:00:00Z,66.26
Sweden,SWE,2024-12-11T22:00:00Z,2024-12-11T23:00:00Z,60.38
Sweden,SWE,2024-12-11T23:00:00Z,2024-12-12T00:00:00Z,55.75
Sweden,SWE,2024-12-12T00:00:00Z,2024-12-12T01:00:00Z,51.48
Sweden,SWE,2024-12-12T01:00:00Z,2024-12-12T02:00:00Z,49.97
Sweden,SWE,2024-12-12T02:00:00Z,2024-12-12T03:00:00Z,49.45
Sweden,SWE,2024-12-12T03:00:00Z,2024-12-12T04:00:00Z,52.66
Sweden,SWE,2024-12-12T04:00:00Z,2024-12-12T05:00:00Z,55.99
Sweden,SWE,2024-12-12T05:00:00Z,2024-12-12T06:00:00Z,80.02
Sweden,SWE,2024-12-12T06:00:00Z,2024-12-12T07:00:00Z,264.32
Sweden,SWE,2024-12-12T07:00:00Z,2024-12-12T08:00:00Z,235.93
Sweden,SWE,2024-12-12T08:00:00Z,2024-12-12T09:00:00Z,232.9
Sweden,SWE,2024-12-12T09:00:00Z,2024-12-12T10:00:00Z,207.1
Sweden,SWE,2024-12-12T10:00:00Z,2024-12-12T11:00:00Z,176.33
Sweden,SWE,2024-12-12T11:00:00Z,2024-12-12T12:00:00Z,155.85
Sweden,SWE,2024-12-12T12:00:00Z,2024-12-12T13:00:00Z,160.01
Sweden,SWE,2024-12-12T13:00:00Z,2024-12-12T14:00:00Z,178.93
Sweden,SWE,2024-12-12T14:00:00Z,2024-12-12T15:00:00Z,261.88
Sweden,SWE,2024-12-12T15:00:00Z,2024-12-12T16:00:00Z,534.12
Sweden,SWE,2024-12-12T16:00:00Z,2024-12-12T17:00:00Z,560.08
Sweden,SWE,2024-12-12T17:00:00Z,2024-12-12T18:00:00Z,410.21
Sweden,SWE,2024-12-12T18:00:00Z,2024-12-12T19:00:00Z,336.41
Sweden,SWE,2024-12-12T19:00:00Z,2024-12-12T20:00:00Z,183.12
Sweden,SWE,2024-12-12T20:00:00Z,2024-12-12T21:00:00Z,80.53
Sweden,SWE,2024-12-12T21:00:00Z,2024-12-12T22:00:00Z,75.32
Sweden,SWE,2024-12-12T22:00:00Z,2024-12-12T23:00:00Z,66.37
Sweden,SWE,2024-12-12T23:00:00Z,2024-12-13T00:00:00Z,56.03
Sweden,SWE,2024-12-13T00:00:00Z,2024-12-13T01:00:00Z,51.8
Sweden,SWE,2024-12-13T01:00:00Z,2024-12-13T02:00:00Z,48.49
Sweden,SWE,2024-12-13T02:00:00Z,2024-12-13T03:00:00Z,46.86
Sweden,SWE,2024-12-13T03:00:00Z,2024-12-13T04:00:00Z,50.27
Sweden,SWE,2024-12-13T04:00:00Z,2024-12-13T05:00:00Z,60.46
Sweden,SWE,2024-12-13T05:00:00Z,2024-12-13T06:00:00Z,98.64
Sweden,SWE,2024-12-13T06:00:00Z,2024-12-13T07:00:00Z,131.84
Sweden,SWE,2024-12-13T07:00:00Z,2024-12-13T08:00:00Z,218.95
Sweden,SWE,2024-12-13T08:00:00Z,2024-12-13T09:00:00Z,186.73
Sweden,SWE,2024-12-13T09:00:00Z,2024-12-13T10:00:00Z,154.4
Sweden,SWE,2024-12-13T10:00:00Z,2024-12-13T11:00:00Z,137.86
Sweden,SWE,2024-12-13T11:00:00Z,2024-12-13T12:00:00Z,125.77
Sweden,SWE,2024-12-13T12:00:00Z,2024-12-13T13:00:00Z,123.3
Sweden,SWE,2024-12-13T13:00:00Z,2024-12-13T14:00:00Z,127.15
Sweden,SWE,2024-12-13T14:00:00Z,2024-12-13T15:00:00Z,140.55
Sweden,SWE,2024-12-13T15:00:00Z,2024-12-13T16:00:00Z,127.45
Sweden,SWE,2024-12-13T16:00:00Z,2024-12-13T17:00:00Z,99.53
Sweden,SWE,2024-12-13T17:00:00Z,2024-12-13T18:00:00Z,95.12
Sweden,SWE,2024-12-13T18:00:00Z,2024-12-13T19:00:00Z,55.04
Sweden,SWE,2024-12-13T19:00:00Z,2024-12-13T20:00:00Z,51.51
Sweden,SWE,2024-12-13T20:00:00Z,2024-12-13T21:00:00Z,46.33
Sweden,SWE,2024-12-13T21:00:00Z,2024-12-13T22:00:00Z,36.68
Sweden,SWE,2024-12-13T22:00:00Z,2024-12-13T23:00:00Z,29.94
Sweden,SWE,2024-12-13T23:00:00Z,2024-12-14T00:00:00Z,26.7
Sweden,SWE,2024-12-14T00:00:00Z,2024-12-14T01:00:00Z,25.45
Sweden,SWE,2024-12-14T01:00:00Z,2024-12-14T02:00:00Z,25.91
Sweden,SWE,2024-12-14T02:00:00Z,2024-12-14T03:00:00Z,24.24
Sweden,SWE,2024-12-14T03:00:00Z,2024-12-14T04:00:00Z,20.49
Sweden,SWE,2024-12-14T04:00:00Z,2024-12-14T05:00:00Z,19.75
Sweden,SWE,2024-12-14T05:00:00Z,2024-12-14T06:00:00Z,20.36
Sweden,SWE,2024-12-14T06:00:00Z,2024-12-14T07:00:00Z,24.39
Sweden,SWE,2024-12-14T07:00:00Z,2024-12-14T08:00:00Z,24.59
Sweden,SWE,2024-12-14T08:00:00Z,2024-12-14T09:00:00Z,24.81
Sweden,SWE,2024-12-14T09:00:00Z,2024-12-14T10:00:00Z,24.18
Sweden,SWE,2024-12-14T10:00:00Z,2024-12-14T11:00:00Z,23.38
Sweden,SWE,2024-12-14T11:00:00Z,2024-12-14T12:00:00Z,23.18
Sweden,SWE,2024-12-14T12:00:00Z,2024-12-14T13:00:00Z,22.42
Sweden,SWE,2024-12-14T13:00:00Z,2024-12-14T14:00:00Z,21.82
Sweden,SWE,2024-12-14T14:00:00Z,2024-12-14T15:00:00Z,21.79
Sweden,SWE,2024-12-14T15:00:00Z,2024-12-14T16:00:00Z,26.39
Sweden,SWE,2024-12-14T16:00:00Z,2024-12-14T17:00:00Z,24.38
Sweden,SWE,2024-12-14T17:00:00Z,2024-12-14T18:00:00Z,16.25
Sweden,SWE,2024-12-14T18:00:00Z,2024-12-14T19:00:00Z,6.63
Sweden,SWE,2024-12-14T19:00:00Z,2024-12-14T20:00:00Z,5.65
Sweden,SWE,2024-12-14T20:00:00Z,2024-12-14T21:00:00Z,5.3
Sweden,SWE,2024-12-14T21:00:00Z,2024-12-14T22:00:00Z,4.86
Sweden,SWE,2024-12-14T22:00:00Z,2024-12-14T23:00:00Z,2.73
Sweden,SWE,2024-12-14T23:00:00Z,2024-12-15T00:00:00Z,4.24
Sweden,SWE,2024-12-15T00:00:00Z,2024-12-15T01:00:00Z,5.87
Sweden,SWE,2024-12-15T01:00:00Z,2024-12-15T02:00:00Z,6.21
Sweden,SWE,2024-12-15T02:00:00Z,2024-12-15T03:00:00Z,8.28
Sweden,SWE,2024-12-15T03:00:00Z,2024-12-15T04:00:00Z,8.86
Sweden,SWE,2024-12-15T04:00:00Z,2024-12-15T05:00:00Z,13.35
Sweden,SWE,2024-12-15T05:00:00Z,2024-12-15T06:00:00Z,23.16
Sweden,SWE,2024-12-15T06:00:00Z,2024-12-15T07:00:00Z,27.9
Sweden,SWE,2024-12-15T07:00:00Z,2024-12-15T08:00:00Z,32.85
Sweden,SWE,2024-12-15T08:00:00Z,2024-12-15T09:00:00Z,36.75
Sweden,SWE,2024-12-15T09:00:00Z,2024-12-15T10:00:00Z,39.22
Sweden,SWE,2024-12-15T10:00:00Z,2024-12-15T11:00:00Z,39.98
Sweden,SWE,2024-12-15T11:00:00Z,2024-12-15T12:00:00Z,41.56
Sweden,SWE,2024-12-15T12:00:00Z,2024-12-15T13:00:00Z,39.11
Sweden,SWE,2024-12-15T13:00:00Z,2024-12-15T14:00:00Z,37.76
Sweden,SWE,2024-12-15T14:00:00Z,2024-12-15T15:00:00Z,36.94
Sweden,SWE,2024-12-15T15:00:00Z,2024-12-15T16:00:00Z,29.01
Sweden,SWE,2024-12-15T16:00:00Z,2024-12-15T17:00:00Z,26.42
Sweden,SWE,2024-12-15T17:00:00Z,2024-12-15T18:00:00Z,22.21
Sweden,SWE,2024-12-15T18:00:00Z,2024-12-15T19:00:00Z,6.42
Sweden,SWE,2024-12-15T19:00:00Z,2024-12-15T20:00:00Z,5.75
Sweden,SWE,2024-12-15T20:00:00Z,2024-12-15T21:00:00Z,5.71
Sweden,SWE,2024-12-15T21:00:00Z,2024-12-15T22:00:00Z,5.18
Sweden,SWE,2024-12-15T22:00:00Z,2024-12-15T23:00:00Z,2.29
Sweden,SWE,2024-12-15T23:00:00Z,2024-12-16T00:00:00Z,0.08
Sweden,SWE,2024-12-16T00:00:00Z,2024-12-16T01:00:00Z,0.04
Sweden,SWE,2024-12-16T01:00:00Z,2024-12-16T02:00:00Z,-0.01
Sweden,SWE,2024-12-16T02:00:00Z,2024-12-16T03:00:00Z,0.01
Sweden,SWE,2024-12-16T03:00:00Z,2024-12-16T04:00:00Z,-0.01
Sweden,SWE,2024-12-16T04:00:00Z,2024-12-16T05:00:00Z,2.18
Sweden,SWE,2024-12-16T05:00:00Z,2024-12-16T06:00:00Z,7.17
Sweden,SWE,2024-12-16T06:00:00Z,2024-12-16T07:00:00Z,25.15
Sweden,SWE,2024-12-16T07:00:00Z,2024-12-16T08:00:00Z,32.87
Sweden,SWE,2024-12-16T08:00:00Z,2024-12-16T09:00:00Z,30.4
Sweden,SWE,2024-12-16T09:00:00Z,2024-12-16T10:00:00Z,28.61
Sweden,SWE,2024-12-16T10:00:00Z,2024-12-16T11:00:00Z,31.04
Sweden,SWE,2024-12-16T11:00:00Z,2024-12-16T12:00:00Z,30.47
Sweden,SWE,2024-12-16T12:00:00Z,2024-12-16T13:00:00Z,29.34
Sweden,SWE,2024-12-16T13:00:00Z,2024-12-16T14:00:00Z,30.33
Sweden,SWE,2024-12-16T14:00:00Z,2024-12-16T15:00:00Z,36.25
Sweden,SWE,2024-12-16T15:00:00Z,2024-12-16T16:00:00Z,35.45
Sweden,SWE,2024-12-16T16:00:00Z,2024-12-16T17:00:00Z,33.45
Sweden,SWE,2024-12-16T17:00:00Z,2024-12-16T18:00:00Z,33.63
Sweden,SWE,2024-12-16T18:00:00Z,2024-12-16T19:00:00Z,29.79
Sweden,SWE,2024-12-16T19:00:00Z,2024-12-16T20:00:00Z,25.07
Sweden,SWE,2024-12-16T20:00:00Z,2024-12-16T21:00:00Z,19.97
Sweden,SWE,2024-12-16T21:00:00Z,2024-12-16T22:00:00Z,8.46
Sweden,SWE,2024-12-16T22:00:00Z,2024-12-16T23:00:00Z,4.39
Sweden,SWE,2024-12-16T23:00:00Z,2024-12-17T00:00:00Z,3.39
Sweden,SWE,2024-12-17T00:00:00Z,2024-12-17T01:00:00Z,1.8
Sweden,SWE,2024-12-17T01:00:00Z,2024-12-17T02:00:00Z,1.9
Sweden,SWE,2024-12-17T02:00:00Z,2024-12-17T03:00:00Z,2.47
Sweden,SWE,2024-12-17T03:00:00Z,2024-12-17T04:00:00Z,3.4
Sweden,SWE,2024-12-17T04:00:00Z,2024-12-17T05:00:00Z,9.62
Sweden,SWE,2024-12-17T05:00:00Z,2024-12-17T06:00:00Z,34.23
Sweden,SWE,2024-12-17T06:00:00Z,2024-12-17T07:00:00Z,44.87
Sweden,SWE,2024-12-17T07:00:00Z,2024-12-17T08:00:00Z,53.23
Sweden,SWE,2024-12-17T08:00:00Z,2024-12-17T09:00:00Z,56.26
Sweden,SWE,2024-12-17T09:00:00Z,2024-12-17T10:00:00Z,52.68
Sweden,SWE,2024-12-17T10:00:00Z,2024-12-17T11:00:00Z,50.35
Sweden,SWE,2024-12-17T11:00:00Z,2024-12-17T12:00:00Z,60.8
Sweden,SWE,2024-12-17T12:00:00Z,2024-12-17T13:00:00Z,64
Sweden,SWE,2024-12-17T13:00:00Z,2024-12-17T14:00:00Z,86.67
Sweden,SWE,2024-12-17T14:00:00Z,2024-12-17T15:00:00Z,96.35
Sweden,SWE,2024-12-17T15:00:00Z,2024-12-17T16:00:00Z,92.77
Sweden,SWE,2024-12-17T16:00:00Z,2024-12-17T17:00:00Z,110
Sweden,SWE,2024-12-17T17:00:00Z,2024-12-17T18:00:00Z,97.03
Sweden,SWE,2024-12-17T18:00:00Z,2024-12-17T19:00:00Z,89.16
Sweden,SWE,2024-12-17T19:00:00Z,2024-12-17T20:00:00Z,77.07
Sweden,SWE,2024-12-17T20:00:00Z,2024-12-17T21:00:00Z,65.42
Sweden,SWE,2024-12-17T21:00:00Z,2024-12-17T22:00:00Z,51.03
Sweden,SWE,2024-12-17T22:00:00Z,2024-12-17T23:00:00Z,45.38
Sweden,SWE,2024-12-17T23:00:00Z,2024-12-18T00:00:00Z,42.69
Sweden,SWE,2024-12-18T00:00:00Z,2024-12-18T01:00:00Z,31.87
Sweden,SWE,2024-12-18T01:00:00Z,2024-12-18T02:00:00Z,27.91
Sweden,SWE,2024-12-18T02:00:00Z,2024-12-18T03:00:00Z,25.18
Sweden,SWE,2024-12-18T03:00:00Z,2024-12-18T04:00:00Z,23.88
Sweden,SWE,2024-12-18T04:00:00Z,2024-12-18T05:00:00Z,25.33
Sweden,SWE,2024-12-18T05:00:00Z,2024-12-18T06:00:00Z,30.34
Sweden,SWE,2024-12-18T06:00:00Z,2024-12-18T07:00:00Z,42.81
Sweden,SWE,2024-12-18T07:00:00Z,2024-12-18T08:00:00Z,57.82
Sweden,SWE,2024-12-18T08:00:00Z,2024-12-18T09:00:00Z,51.64
Sweden,SWE,2024-12-18T09:00:00Z,2024-12-18T10:00:00Z,47.04
Sweden,SWE,2024-12-18T10:00:00Z,2024-12-18T11:00:00Z,43.32
Sweden,SWE,2024-12-18T11:00:00Z,2024-12-18T12:00:00Z,35.92
Sweden,SWE,2024-12-18T12:00:00Z,2024-12-18T13:00:00Z,35.21
Sweden,SWE,2024-12-18T13:00:00Z,2024-12-18T14:00:00Z,33.81
Sweden,SWE,2024-12-18T14:00:00Z,2024-12-18T15:00:00Z,35.41
Sweden,SWE,2024-12-18T15:00:00Z,2024-12-18T16:00:00Z,28.74
Sweden,SWE,2024-12-18T16:00:00Z,2024-12-18T17:00:00Z,25.66
Sweden,SWE,2024-12-18T17:00:00Z,2024-12-18T18:00:00Z,24.68
Sweden,SWE,2024-12-18T18:00:00Z,2024-12-18T19:00:00Z,18.72
Sweden,SWE,2024-12-18T19:00:00Z,2024-12-18T20:00:00Z,9.93
Sweden,SWE,2024-12-18T20:00:00Z,2024-12-18T21:00:00Z,7.15
Sweden,SWE,2024-12-18T21:00:00Z,2024-12-18T22:00:00Z,4.97
Sweden,SWE,2024-12-18T22:00:00Z,2024-12-18T23:00:00Z,1.99
Sweden,SWE,2024-12-18T23:00:00Z,2024-12-19T00:00:00Z,1.44
Sweden,SWE,2024-12-19T00:00:00Z,2024-12-19T01:00:00Z,1.23
Sweden,SWE,2024-12-19T01:00:00Z,2024-12-19T02:00:00Z,2.74
Sweden,SWE,2024-12-19T02:00:00Z,2024-12-19T03:00:00Z,1.75
Sweden,SWE,2024-12-19T03:00:00Z,2024-12-19T04:00:00Z,0.62
Sweden,SWE,2024-12-19T04:00:00Z,2024-12-19T05:00:00Z,2.82
Sweden,SWE,2024-12-19T05:00:00Z,2024-12-19T06:00:00Z,8.26
Sweden,SWE,2024-12-19T06:00:00Z,2024-12-19T07:00:00Z,19.95
Sweden,SWE,2024-12-19T07:00:00Z,2024-12-19T08:00:00Z,26.23
Sweden,SWE,2024-12-19T08:00:00Z,2024-12-19T09:00:00Z,27.73
Sweden,SWE,2024-12-19T09:00:00Z,2024-12-19T10:00:00Z,27.34
Sweden,SWE,2024-12-19T10:00:00Z,2024-12-19T11:00:00Z,27.9
Sweden,SWE,2024-12-19T11:00:00Z,2024-12-19T12:00:00Z,27.64
Sweden,SWE,2024-12-19T12:00:00Z,2024-12-19T13:00:00Z,26.75
Sweden,SWE,2024-12-19T13:00:00Z,2024-12-19T14:00:00Z,26.14
Sweden,SWE,2024-12-19T14:00:00Z,2024-12-19T15:00:00Z,26.66
Sweden,SWE,2024-12-19T15:00:00Z,2024-12-19T16:00:00Z,27.87
Sweden,SWE,2024-12-19T16:00:00Z,2024-12-19T17:00:00Z,27.5
Sweden,SWE,2024-12-19T17:00:00Z,2024-12-19T18:00:00Z,26.11
Sweden,SWE,2024-12-19T18:00:00Z,2024-12-19T19:00:00Z,23.8
Sweden,SWE,2024-12-19T19:00:00Z,2024-12-19T20:00:00Z,21.57
Sweden,SWE,2024-12-19T20:00:00Z,2024-12-19T21:00:00Z,20.77
Sweden,SWE,2024-12-19T21:00:00Z,2024-12-19T22:00:00Z,19.16
Sweden,SWE,2024-12-19T22:00:00Z,2024-12-19T23:00:00Z,17.79
Sweden,SWE,2024-12-19T23:00:00Z,2024-12-20T00:00:00Z,16.29
Sweden,SWE,2024-12-20T00:00:00Z,2024-12-20T01:00:00Z,15.11
Sweden,SWE,2024-12-20T01:00:00Z,2024-12-20T02:00:00Z,12.91
Sweden,SWE,2024-12-20T02:00:00Z,2024-12-20T03:00:00Z,9.86
Sweden,SWE,2024-12-20T03:00:00Z,2024-12-20T04:00:00Z,10.13
Sweden,SWE,2024-12-20T04:00:00Z,2024-12-20T05:00:00Z,11.9
Sweden,SWE,2024-12-20T05:00:00Z,2024-12-20T06:00:00Z,22.28
Sweden,SWE,2024-12-20T06:00:00Z,2024-12-20T07:00:00Z,24.87
Sweden,SWE,2024-12-20T07:00:00Z,2024-12-20T08:00:00Z,27
Sweden,SWE,2024-12-20T08:00:00Z,2024-12-20T09:00:00Z,28.27
Sweden,SWE,2024-12-20T09:00:00Z,2024-12-20T10:00:00Z,27.11
Sweden,SWE,2024-12-20T10:00:00Z,2024-12-20T11:00:00Z,27.67
Sweden,SWE,2024-12-20T11:00:00Z,2024-12-20T12:00:00Z,28.48
Sweden,SWE,2024-12-20T12:00:00Z,2024-12-20T13:00:00Z,27.68
Sweden,SWE,2024-12-20T13:00:00Z,2024-12-20T14:00:00Z,29.08
Sweden,SWE,2024-12-20T14:00:00Z,2024-12-20T15:00:00Z,31.58
Sweden,SWE,2024-12-20T15:00:00Z,2024-12-20T16:00:00Z,32.3
Sweden,SWE,2024-12-20T16:00:00Z,2024-12-20T17:00:00Z,31.96
Sweden,SWE,2024-12-20T17:00:00Z,2024-12-20T18:00:00Z,30.94
Sweden,SWE,2024-12-20T18:00:00Z,2024-12-20T19:00:00Z,30.36
Sweden,SWE,2024-12-20T19:00:00Z,2024-12-20T20:00:00Z,28.75
Sweden,SWE,2024-12-20T20:00:00Z,2024-12-20T21:00:00Z,26.85
Sweden,SWE,2024-12-20T21:00:00Z,2024-12-20T22:00:00Z,24.31
Sweden,SWE,2024-12-20T22:00:00Z,2024-12-20T23:00:00Z,17.08
Sweden,SWE,2024-12-20T23:00:00Z,2024-12-21T00:00:00Z,11
Sweden,SWE,2024-12-21T00:00:00Z,2024-12-21T01:00:00Z,19.13
Sweden,SWE,2024-12-21T01:00:00Z,2024-12-21T02:00:00Z,18.38
Sweden,SWE,2024-12-21T02:00:00Z,2024-12-21T03:00:00Z,15.07
Sweden,SWE,2024-12-21T03:00:00Z,2024-12-21T04:00:00Z,14.27
Sweden,SWE,2024-12-21T04:00:00Z,2024-12-21T05:00:00Z,15.35
Sweden,SWE,2024-12-21T05:00:00Z,2024-12-21T06:00:00Z,14.99
Sweden,SWE,2024-12-21T06:00:00Z,2024-12-21T07:00:00Z,16.59
Sweden,SWE,2024-12-21T07:00:00Z,2024-12-21T08:00:00Z,18.04
Sweden,SWE,2024-12-21T08:00:00Z,2024-12-21T09:00:00Z,25.37
Sweden,SWE,2024-12-21T09:00:00Z,2024-12-21T10:00:00Z,28.73
Sweden,SWE,2024-12-21T10:00:00Z,2024-12-21T11:00:00Z,28.86
Sweden,SWE,2024-12-21T11:00:00Z,2024-12-21T12:00:00Z,28.62
Sweden,SWE,2024-12-21T12:00:00Z,2024-12-21T13:00:00Z,28.84
Sweden,SWE,2024-12-21T13:00:00Z,2024-12-21T14:00:00Z,25.78
Sweden,SWE,2024-12-21T14:00:00Z,2024-12-21T15:00:00Z,27.25
Sweden,SWE,2024-12-21T15:00:00Z,2024-12-21T16:00:00Z,27.08
Sweden,SWE,2024-12-21T16:00:00Z,2024-12-21T17:00:00Z,26.58
Sweden,SWE,2024-12-21T17:00:00Z,2024-12-21T18:00:00Z,24.37
Sweden,SWE,2024-12-21T18:00:00Z,2024-12-21T19:00:00Z,17.14
Sweden,SWE,2024-12-21T19:00:00Z,2024-12-21T20:00:00Z,13.96
Sweden,SWE,2024-12-21T20:00:00Z,2024-12-21T21:00:00Z,5.55
Sweden,SWE,2024-12-21T21:00:00Z,2024-12-21T22:00:00Z,4.63
Sweden,SWE,2024-12-21T22:00:00Z,2024-12-21T23:00:00Z,4.03
Sweden,SWE,2024-12-21T23:00:00Z,2024-12-22T00:00:00Z,2.35
Sweden,SWE,2024-12-22T00:00:00Z,2024-12-22T01:00:00Z,1.98
Sweden,SWE,2024-12-22T01:00:00Z,2024-12-22T02:00:00Z,1.04
Sweden,SWE,2024-12-22T02:00:00Z,2024-12-22T03:00:00Z,1.45
Sweden,SWE,2024-12-22T03:00:00Z,2024-12-22T04:00:00Z,1.82
Sweden,SWE,2024-12-22T04:00:00Z,2024-12-22T05:00:00Z,2.54
Sweden,SWE,2024-12-22T05:00:00Z,2024-12-22T06:00:00Z,3.47
Sweden,SWE,2024-12-22T06:00:00Z,2024-12-22T07:00:00Z,4.58
Sweden,SWE,2024-12-22T07:00:00Z,2024-12-22T08:00:00Z,6.87
Sweden,SWE,2024-12-22T08:00:00Z,2024-12-22T09:00:00Z,16.08
Sweden,SWE,2024-12-22T09:00:00Z,2024-12-22T10:00:00Z,16.37
Sweden,SWE,2024-12-22T10:00:00Z,2024-12-22T11:00:00Z,20.02
Sweden,SWE,2024-12-22T11:00:00Z,2024-12-22T12:00:00Z,19.95
Sweden,SWE,2024-12-22T12:00:00Z,2024-12-22T13:00:00Z,19.84
Sweden,SWE,2024-12-22T13:00:00Z,2024-12-22T14:00:00Z,26.18
Sweden,SWE,2024-12-22T14:00:00Z,2024-12-22T15:00:00Z,33.08
Sweden,SWE,2024-12-22T15:00:00Z,2024-12-22T16:00:00Z,38.43
Sweden,SWE,2024-12-22T16:00:00Z,2024-12-22T17:00:00Z,43.18
Sweden,SWE,2024-12-22T17:00:00Z,2024-12-22T18:00:00Z,42.82
Sweden,SWE,2024-12-22T18:00:00Z,2024-12-22T19:00:00Z,37.91
Sweden,SWE,2024-12-22T19:00:00Z,2024-12-22T20:00:00Z,34.32
Sweden,SWE,2024-12-22T20:00:00Z,2024-12-22T21:00:00Z,30.74
Sweden,SWE,2024-12-22T21:00:00Z,2024-12-22T22:00:00Z,29.77
Sweden,SWE,2024-12-22T22:00:00Z,2024-12-22T23:00:00Z,21.97
Sweden,SWE,2024-12-22T23:00:00Z,2024-12-23T00:00:00Z,25.54
Sweden,SWE,2024-12-23T00:00:00Z,2024-12-23T01:00:00Z,18.23
Sweden,SWE,2024-12-23T01:00:00Z,2024-12-23T02:00:00Z,13.57
Sweden,SWE,2024-12-23T02:00:00Z,2024-12-23T03:00:00Z,9.18
Sweden,SWE,2024-12-23T03:00:00Z,2024-12-23T04:00:00Z,9.6
Sweden,SWE,2024-12-23T04:00:00Z,2024-12-23T05:00:00Z,13.92
Sweden,SWE,2024-12-23T05:00:00Z,2024-12-23T06:00:00Z,19.72
Sweden,SWE,2024-12-23T06:00:00Z,2024-12-23T07:00:00Z,39.69
Sweden,SWE,2024-12-23T07:00:00Z,2024-12-23T08:00:00Z,50.99
Sweden,SWE,2024-12-23T08:00:00Z,2024-12-23T09:00:00Z,51.63
Sweden,SWE,2024-12-23T09:00:00Z,2024-12-23T10:00:00Z,48.2
Sweden,SWE,2024-12-23T10:00:00Z,2024-12-23T11:00:00Z,48.65
Sweden,SWE,2024-12-23T11:00:00Z,2024-12-23T12:00:00Z,52.12
Sweden,SWE,2024-12-23T12:00:00Z,2024-12-23T13:00:00Z,52.62
Sweden,SWE,2024-12-23T13:00:00Z,2024-12-23T14:00:00Z,58.23
Sweden,SWE,2024-12-23T14:00:00Z,2024-12-23T15:00:00Z,68.86
Sweden,SWE,2024-12-23T15:00:00Z,2024-12-23T16:00:00Z,76.61
Sweden,SWE,2024-12-23T16:00:00Z,2024-12-23T17:00:00Z,90.01
Sweden,SWE,2024-12-23T17:00:00Z,2024-12-23T18:00:00Z,92.18
Sweden,SWE,2024-12-23T18:00:00Z,2024-12-23T19:00:00Z,90.13
Sweden,SWE,2024-12-23T19:00:00Z,2024-12-23T20:00:00Z,85.93
Sweden,SWE,2024-12-23T20:00:00Z,2024-12-23T21:00:00Z,86.7
Sweden,SWE,2024-12-23T21:00:00Z,2024-12-23T22:00:00Z,64.7
Sweden,SWE,2024-12-23T22:00:00Z,2024-12-23T23:00:00Z,48.08
Sweden,SWE,2024-12-23T23:00:00Z,2024-12-24T00:00:00Z,41.44
Sweden,SWE,2024-12-24T00:00:00Z,2024-12-24T01:00:00Z,40.22
Sweden,SWE,2024-12-24T01:00:00Z,2024-12-24T02:00:00Z,39.22
Sweden,SWE,2024-12-24T02:00:00Z,2024-12-24T03:00:00Z,32.94
Sweden,SWE,2024-12-24T03:00:00Z,2024-12-24T04:00:00Z,30.98
Sweden,SWE,2024-12-24T04:00:00Z,2024-12-24T05:00:00Z,29.43
Sweden,SWE,2024-12-24T05:00:00Z,2024-12-24T06:00:00Z,28.71
Sweden,SWE,2024-12-24T06:00:00Z,2024-12-24T07:00:00Z,30.02
Sweden,SWE,2024-12-24T07:00:00Z,2024-12-24T08:00:00Z,32
Sweden,SWE,2024-12-24T08:00:00Z,2024-12-24T09:00:00Z,34.37
Sweden,SWE,2024-12-24T09:00:00Z,2024-12-24T10:00:00Z,36.55
Sweden,SWE,2024-12-24T10:00:00Z,2024-12-24T11:00:00Z,37.84
Sweden,SWE,2024-12-24T11:00:00Z,2024-12-24T12:00:00Z,33.44
Sweden,SWE,2024-12-24T12:00:00Z,2024-12-24T13:00:00Z,30.77
Sweden,SWE,2024-12-24T13:00:00Z,2024-12-24T14:00:00Z,30.46
Sweden,SWE,2024-12-24T14:00:00Z,2024-12-24T15:00:00Z,29.33
Sweden,SWE,2024-12-24T15:00:00Z,2024-12-24T16:00:00Z,27.44
Sweden,SWE,2024-12-24T16:00:00Z,2024-12-24T17:00:00Z,20.8
Sweden,SWE,2024-12-24T17:00:00Z,2024-12-24T18:00:00Z,15.56
Sweden,SWE,2024-12-24T18:00:00Z,2024-12-24T19:00:00Z,14.97
Sweden,SWE,2024-12-24T19:00:00Z,2024-12-24T20:00:00Z,17.3
Sweden,SWE,2024-12-24T20:00:00Z,2024-12-24T21:00:00Z,6.21
Sweden,SWE,2024-12-24T21:00:00Z,2024-12-24T22:00:00Z,5.73
Sweden,SWE,2024-12-24T22:00:00Z,2024-12-24T23:00:00Z,4.6
Sweden,SWE,2024-12-24T23:00:00Z,2024-12-25T00:00:00Z,5.21
Sweden,SWE,2024-12-25T00:00:00Z,2024-12-25T01:00:00Z,3.41
Sweden,SWE,2024-12-25T01:00:00Z,2024-12-25T02:00:00Z,3.02
Sweden,SWE,2024-12-25T02:00:00Z,2024-12-25T03:00:00Z,3.16
Sweden,SWE,2024-12-25T03:00:00Z,2024-12-25T04:00:00Z,2.76
Sweden,SWE,2024-12-25T04:00:00Z,2024-12-25T05:00:00Z,2.29
Sweden,SWE,2024-12-25T05:00:00Z,2024-12-25T06:00:00Z,4.52
Sweden,SWE,2024-12-25T06:00:00Z,2024-12-25T07:00:00Z,9.37
Sweden,SWE,2024-12-25T07:00:00Z,2024-12-25T08:00:00Z,7.98
Sweden,SWE,2024-12-25T08:00:00Z,2024-12-25T09:00:00Z,9.96
Sweden,SWE,2024-12-25T09:00:00Z,2024-12-25T10:00:00Z,10.93
Sweden,SWE,2024-12-25T10:00:00Z,2024-12-25T11:00:00Z,11.17
Sweden,SWE,2024-12-25T11:00:00Z,2024-12-25T12:00:00Z,11.29
Sweden,SWE,2024-12-25T12:00:00Z,2024-12-25T13:00:00Z,11.1
Sweden,SWE,2024-12-25T13:00:00Z,2024-12-25T14:00:00Z,10.64
Sweden,SWE,2024-12-25T14:00:00Z,2024-12-25T15:00:00Z,11.36
Sweden,SWE,2024-12-25T15:00:00Z,2024-12-25T16:00:00Z,12.91
Sweden,SWE,2024-12-25T16:00:00Z,2024-12-25T17:00:00Z,12.98
Sweden,SWE,2024-12-25T17:00:00Z,2024-12-25T18:00:00Z,13.15
Sweden,SWE,2024-12-25T18:00:00Z,2024-12-25T19:00:00Z,11.5
Sweden,SWE,2024-12-25T19:00:00Z,2024-12-25T20:00:00Z,11.91
Sweden,SWE,2024-12-25T20:00:00Z,2024-12-25T21:00:00Z,7.74
Sweden,SWE,2024-12-25T21:00:00Z,2024-12-25T22:00:00Z,4.64
Sweden,SWE,2024-12-25T22:00:00Z,2024-12-25T23:00:00Z,4.05
Sweden,SWE,2024-12-25T23:00:00Z,2024-12-26T00:00:00Z,2.52
Sweden,SWE,2024-12-26T00:00:00Z,2024-12-26T01:00:00Z,1.99
Sweden,SWE,2024-12-26T01:00:00Z,2024-12-26T02:00:00Z,1.4
Sweden,SWE,2024-12-26T02:00:00Z,2024-12-26T03:00:00Z,0.06
Sweden,SWE,2024-12-26T03:00:00Z,2024-12-26T04:00:00Z,-0.13
Sweden,SWE,2024-12-26T04:00:00Z,2024-12-26T05:00:00Z,-0.16
Sweden,SWE,2024-12-26T05:00:00Z,2024-12-26T06:00:00Z,-0.13
Sweden,SWE,2024-12-26T06:00:00Z,2024-12-26T07:00:00Z,-0.17
Sweden,SWE,2024-12-26T07:00:00Z,2024-12-26T08:00:00Z,-0.16
Sweden,SWE,2024-12-26T08:00:00Z,2024-12-26T09:00:00Z,0.73
Sweden,SWE,2024-12-26T09:00:00Z,2024-12-26T10:00:00Z,1.91
Sweden,SWE,2024-12-26T10:00:00Z,2024-12-26T11:00:00Z,2.22
Sweden,SWE,2024-12-26T11:00:00Z,2024-12-26T12:00:00Z,3.66
Sweden,SWE,2024-12-26T12:00:00Z,2024-12-26T13:00:00Z,12.43
Sweden,SWE,2024-12-26T13:00:00Z,2024-12-26T14:00:00Z,14.74
Sweden,SWE,2024-12-26T14:00:00Z,2024-12-26T15:00:00Z,15.52
Sweden,SWE,2024-12-26T15:00:00Z,2024-12-26T16:00:00Z,18.76
Sweden,SWE,2024-12-26T16:00:00Z,2024-12-26T17:00:00Z,17.24
Sweden,SWE,2024-12-26T17:00:00Z,2024-12-26T18:00:00Z,17.27
Sweden,SWE,2024-12-26T18:00:00Z,2024-12-26T19:00:00Z,16.9
Sweden,SWE,2024-12-26T19:00:00Z,2024-12-26T20:00:00Z,15.65
Sweden,SWE,2024-12-26T20:00:00Z,2024-12-26T21:00:00Z,14.42
Sweden,SWE,2024-12-26T21:00:00Z,2024-12-26T22:00:00Z,13.68
Sweden,SWE,2024-12-26T22:00:00Z,2024-12-26T23:00:00Z,12.99
Sweden,SWE,2024-12-26T23:00:00Z,2024-12-27T00:00:00Z,12.18
Sweden,SWE,2024-12-27T00:00:00Z,2024-12-27T01:00:00Z,12.11
Sweden,SWE,2024-12-27T01:00:00Z,2024-12-27T02:00:00Z,12.16
Sweden,SWE,2024-12-27T02:00:00Z,2024-12-27T03:00:00Z,10.43
Sweden,SWE,2024-12-27T03:00:00Z,2024-12-27T04:00:00Z,8.68
Sweden,SWE,2024-12-27T04:00:00Z,2024-12-27T05:00:00Z,13.74
Sweden,SWE,2024-12-27T05:00:00Z,2024-12-27T06:00:00Z,15.56
Sweden,SWE,2024-12-27T06:00:00Z,2024-12-27T07:00:00Z,17.22
Sweden,SWE,2024-12-27T07:00:00Z,2024-12-27T08:00:00Z,20.26
Sweden,SWE,2024-12-27T08:00:00Z,2024-12-27T09:00:00Z,20.87
Sweden,SWE,2024-12-27T09:00:00Z,2024-12-27T10:00:00Z,21.52
Sweden,SWE,2024-12-27T10:00:00Z,2024-12-27T11:00:00Z,21.68
Sweden,SWE,2024-12-27T11:00:00Z,2024-12-27T12:00:00Z,21.76
Sweden,SWE,2024-12-27T12:00:00Z,2024-12-27T13:00:00Z,21.59
Sweden,SWE,2024-12-27T13:00:00Z,2024-12-27T14:00:00Z,21.71
Sweden,SWE,2024-12-27T14:00:00Z,2024-12-27T15:00:00Z,21.69
Sweden,SWE,2024-12-27T15:00:00Z,2024-12-27T16:00:00Z,22.15
Sweden,SWE,2024-12-27T16:00:00Z,2024-12-27T17:00:00Z,22.32
Sweden,SWE,2024-12-27T17:00:00Z,2024-12-27T18:00:00Z,21.21
Sweden,SWE,2024-12-27T18:00:00Z,2024-12-27T19:00:00Z,19.59
Sweden,SWE,2024-12-27T19:00:00Z,2024-12-27T20:00:00Z,18.69
Sweden,SWE,2024-12-27T20:00:00Z,2024-12-27T21:00:00Z,17.51
Sweden,SWE,2024-12-27T21:00:00Z,2024-12-27T22:00:00Z,17.1
Sweden,SWE,2024-12-27T22:00:00Z,2024-12-27T23:00:00Z,16.05
Sweden,SWE,2024-12-27T23:00:00Z,2024-12-28T00:00:00Z,15.45
Sweden,SWE,2024-12-28T00:00:00Z,2024-12-28T01:00:00Z,13.86
Sweden,SWE,2024-12-28T01:00:00Z,2024-12-28T02:00:00Z,12.36
Sweden,SWE,2024-12-28T02:00:00Z,2024-12-28T03:00:00Z,11.82
Sweden,SWE,2024-12-28T03:00:00Z,2024-12-28T04:00:00Z,12.1
Sweden,SWE,2024-12-28T04:00:00Z,2024-12-28T05:00:00Z,12.06
Sweden,SWE,2024-12-28T05:00:00Z,2024-12-28T06:00:00Z,12.95
Sweden,SWE,2024-12-28T06:00:00Z,2024-12-28T07:00:00Z,14.18
Sweden,SWE,2024-12-28T07:00:00Z,2024-12-28T08:00:00Z,16.16
Sweden,SWE,2024-12-28T08:00:00Z,2024-12-28T09:00:00Z,17.8
Sweden,SWE,2024-12-28T09:00:00Z,2024-12-28T10:00:00Z,17.51
Sweden,SWE,2024-12-28T10:00:00Z,2024-12-28T11:00:00Z,17.48
Sweden,SWE,2024-12-28T11:00:00Z,2024-12-28T12:00:00Z,17.62
Sweden,SWE,2024-12-28T12:00:00Z,2024-12-28T13:00:00Z,17.73
Sweden,SWE,2024-12-28T13:00:00Z,2024-12-28T14:00:00Z,17.34
Sweden,SWE,2024-12-28T14:00:00Z,2024-12-28T15:00:00Z,17.55
Sweden,SWE,2024-12-28T15:00:00Z,2024-12-28T16:00:00Z,18.11
Sweden,SWE,2024-12-28T16:00:00Z,2024-12-28T17:00:00Z,17.68
Sweden,SWE,2024-12-28T17:00:00Z,2024-12-28T18:00:00Z,17.63
Sweden,SWE,2024-12-28T18:00:00Z,2024-12-28T19:00:00Z,15.22
Sweden,SWE,2024-12-28T19:00:00Z,2024-12-28T20:00:00Z,5
Sweden,SWE,2024-12-28T20:00:00Z,2024-12-28T21:00:00Z,4.45
Sweden,SWE,2024-12-28T21:00:00Z,2024-12-28T22:00:00Z,3.56
Sweden,SWE,2024-12-28T22:00:00Z,2024-12-28T23:00:00Z,2.72
Sweden,SWE,2024-12-28T23:00:00Z,2024-12-29T00:00:00Z,0.68
Sweden,SWE,2024-12-29T00:00:00Z,2024-12-29T01:00:00Z,0.2
Sweden,SWE,2024-12-29T01:00:00Z,2024-12-29T02:00:00Z,0.05
Sweden,SWE,2024-12-29T02:00:00Z,2024-12-29T03:00:00Z,-0.18
Sweden,SWE,2024-12-29T03:00:00Z,2024-12-29T04:00:00Z,-0.19
Sweden,SWE,2024-12-29T04:00:00Z,2024-12-29T05:00:00Z,-0.18
Sweden,SWE,2024-12-29T05:00:00Z,2024-12-29T06:00:00Z,-0.17
Sweden,SWE,2024-12-29T06:00:00Z,2024-12-29T07:00:00Z,0.06
Sweden,SWE,2024-12-29T07:00:00Z,2024-12-29T08:00:00Z,0.1
Sweden,SWE,2024-12-29T08:00:00Z,2024-12-29T09:00:00Z,0.41
Sweden,SWE,2024-12-29T09:00:00Z,2024-12-29T10:00:00Z,0.94
Sweden,SWE,2024-12-29T10:00:00Z,2024-12-29T11:00:00Z,1.12
Sweden,SWE,2024-12-29T11:00:00Z,2024-12-29T12:00:00Z,1.08
Sweden,SWE,2024-12-29T12:00:00Z,2024-12-29T13:00:00Z,1.08
Sweden,SWE,2024-12-29T13:00:00Z,2024-12-29T14:00:00Z,1.56
Sweden,SWE,2024-12-29T14:00:00Z,2024-12-29T15:00:00Z,2.09
Sweden,SWE,2024-12-29T15:00:00Z,2024-12-29T16:00:00Z,2.62
Sweden,SWE,2024-12-29T16:00:00Z,2024-12-29T17:00:00Z,2.93
Sweden,SWE,2024-12-29T17:00:00Z,2024-12-29T18:00:00Z,2.75
Sweden,SWE,2024-12-29T18:00:00Z,2024-12-29T19:00:00Z,2.64
Sweden,SWE,2024-12-29T19:00:00Z,2024-12-29T20:00:00Z,2.08
Sweden,SWE,2024-12-29T20:00:00Z,2024-12-29T21:00:00Z,2.02
Sweden,SWE,2024-12-29T21:00:00Z,2024-12-29T22:00:00Z,1.14
Sweden,SWE,2024-12-29T22:00:00Z,2024-12-29T23:00:00Z,0.29
Sweden,SWE,2024-12-29T23:00:00Z,2024-12-30T00:00:00Z,-1.25
Sweden,SWE,2024-12-30T00:00:00Z,2024-12-30T01:00:00Z,-1.36
Sweden,SWE,2024-12-30T01:00:00Z,2024-12-30T02:00:00Z,-1.52
Sweden,SWE,2024-12-30T02:00:00Z,2024-12-30T03:00:00Z,-1.43
Sweden,SWE,2024-12-30T03:00:00Z,2024-12-30T04:00:00Z,-1.35
Sweden,SWE,2024-12-30T04:00:00Z,2024-12-30T05:00:00Z,-0.92
Sweden,SWE,2024-12-30T05:00:00Z,2024-12-30T06:00:00Z,0.15
Sweden,SWE,2024-12-30T06:00:00Z,2024-12-30T07:00:00Z,2.18
Sweden,SWE,2024-12-30T07:00:00Z,2024-12-30T08:00:00Z,16.76
Sweden,SWE,2024-12-30T08:00:00Z,2024-12-30T09:00:00Z,19.12
Sweden,SWE,2024-12-30T09:00:00Z,2024-12-30T10:00:00Z,20.34
Sweden,SWE,2024-12-30T10:00:00Z,2024-12-30T11:00:00Z,19.77
Sweden,SWE,2024-12-30T11:00:00Z,2024-12-30T12:00:00Z,19.09
Sweden,SWE,2024-12-30T12:00:00Z,2024-12-30T13:00:00Z,18.47
Sweden,SWE,2024-12-30T13:00:00Z,2024-12-30T14:00:00Z,19.46
Sweden,SWE,2024-12-30T14:00:00Z,2024-12-30T15:00:00Z,19.9
Sweden,SWE,2024-12-30T15:00:00Z,2024-12-30T16:00:00Z,21.55
Sweden,SWE,2024-12-30T16:00:00Z,2024-12-30T17:00:00Z,24.45
Sweden,SWE,2024-12-30T17:00:00Z,2024-12-30T18:00:00Z,19.89
Sweden,SWE,2024-12-30T18:00:00Z,2024-12-30T19:00:00Z,20.98
Sweden,SWE,2024-12-30T19:00:00Z,2024-12-30T20:00:00Z,16.91
Sweden,SWE,2024-12-30T20:00:00Z,2024-12-30T21:00:00Z,16.54
Sweden,SWE,2024-12-30T21:00:00Z,2024-12-30T22:00:00Z,15.65
Sweden,SWE,2024-12-30T22:00:00Z,2024-12-30T23:00:00Z,2.15
Sweden,SWE,2024-12-30T23:00:00Z,2024-12-31T00:00:00Z,0.65
Sweden,SWE,2024-12-31T00:00:00Z,2024-12-31T01:00:00Z,0.7
Sweden,SWE,2024-12-31T01:00:00Z,2024-12-31T02:00:00Z,0.34
Sweden,SWE,2024-12-31T02:00:00Z,2024-12-31T03:00:00Z,1.16
Sweden,SWE,2024-12-31T03:00:00Z,2024-12-31T04:00:00Z,1.42
Sweden,SWE,2024-12-31T04:00:00Z,2024-12-31T05:00:00Z,3.77
Sweden,SWE,2024-12-31T05:00:00Z,2024-12-31T06:00:00Z,15.05
Sweden,SWE,2024-12-31T06:00:00Z,2024-12-31T07:00:00Z,19.3
Sweden,SWE,2024-12-31T07:00:00Z,2024-12-31T08:00:00Z,21
Sweden,SWE,2024-12-31T08:00:00Z,2024-12-31T09:00:00Z,22.8
Sweden,SWE,2024-12-31T09:00:00Z,2024-12-31T10:00:00Z,23.42
Sweden,SWE,2024-12-31T10:00:00Z,2024-12-31T11:00:00Z,21.81
Sweden,SWE,2024-12-31T11:00:00Z,2024-12-31T12:00:00Z,20
Sweden,SWE,2024-12-31T12:00:00Z,2024-12-31T13:00:00Z,19.78
Sweden,SWE,2024-12-31T13:00:00Z,2024-12-31T14:00:00Z,19.35
Sweden,SWE,2024-12-31T14:00:00Z,2024-12-31T15:00:00Z,25.35
Sweden,SWE,2024-12-31T15:00:00Z,2024-12-31T16:00:00Z,28.92
Sweden,SWE,2024-12-31T16:00:00Z,2024-12-31T17:00:00Z,28.42
Sweden,SWE,2024-12-31T17:00:00Z,2024-12-31T18:00:00Z,23.61
Sweden,SWE,2024-12-31T18:00:00Z,2024-12-31T19:00:00Z,22.41
Sweden,SWE,2024-12-31T19:00:00Z,2024-12-31T20:00:00Z,20.89
Sweden,SWE,2024-12-31T20:00:00Z,2024-12-31T21:00:00Z,14.58
Sweden,SWE,2024-12-31T21:00:00Z,2024-12-31T22:00:00Z,7.9
Sweden,SWE,2024-12-31T22:00:00Z,2024-12-31T23:00:00Z,2.54
